# This file uses centimeters as units for non-parametric coordinates.

v 17.394400 1.006950 -99.586723
v 17.693291 0.990130 -98.904488
v 18.097219 1.061350 -98.292618
v 18.629520 1.142990 -97.739807
v 17.272270 0.606520 -99.544289
v 17.556660 0.592200 -98.745842
v 18.039671 0.609020 -98.112923
v 18.591040 0.667930 -97.521469
v 19.186260 0.743100 -96.944008
v 19.897440 0.756460 -96.500763
v 20.685431 0.723480 -96.121681
v 27.453329 18.792641 -87.842720
v 26.965969 19.025200 -88.168839
v 26.838490 18.334499 -88.399712
v 26.460230 19.270821 -88.506561
v 26.305269 18.695290 -88.735657
v 26.103411 18.318150 -88.997810
v 25.819590 19.288740 -89.070732
v 25.538050 19.042290 -89.410156
v 25.266060 18.742121 -89.773331
v -12.262130 8.252840 -82.983200
v -12.426990 7.001850 -84.013420
v -12.784700 5.881640 -85.210403
v -12.519840 5.710750 -86.240601
v -13.293930 5.070360 -86.411713
v -13.175580 5.152920 -87.520111
v -26.719891 4.332080 -75.784279
v -27.301630 3.755810 -78.954651
v -29.224400 3.067900 -75.875412
v -29.491360 2.582280 -79.004807
v -29.460440 2.098800 -82.157501
v -29.038561 1.452150 -85.373558
v -30.596880 2.102560 -76.231560
v -30.673679 1.709720 -79.407791
v -30.360840 1.451000 -82.448410
v -29.635820 0.918940 -85.582230
v -28.869101 -0.170920 -88.877312
v -28.228889 -1.337170 -92.154587
v -31.653061 0.920620 -76.642258
v -31.498079 0.662800 -79.904800
v -30.882940 0.596970 -82.900574
v -29.938709 0.123650 -85.967987
v -29.099211 -0.912140 -89.220421
v -28.422461 -1.944750 -92.431381
v -27.805149 -2.775700 -95.601212
v -27.170240 -3.282940 -98.550369
v 17.120670 29.179520 -94.816833
v 16.302040 27.146481 -92.898621
v 15.853510 29.291559 -94.386269
v -21.435579 -0.006420 -100.612091
v -19.358521 1.146700 -99.558968
v -23.238279 -1.563620 -102.638496
v -22.220989 -0.816320 -102.164574
v -20.703239 0.020400 -101.413200
v -23.869040 -2.368150 -103.267990
v -22.918671 -1.569350 -103.246750
v -21.751770 -0.848780 -102.831123
v -23.830790 -2.716690 -103.570297
v -22.770500 -1.727540 -103.756950
v -23.811720 -3.086940 -103.861992
v -20.608950 0.757670 -98.519180
v -22.930149 -0.835450 -101.367668
v -3.816650 22.486170 -89.217850
v -3.263000 22.130791 -89.435341
v -3.283430 21.807590 -88.623871
v -2.899330 21.348419 -88.939697
v -2.485020 20.800150 -89.205162
v -2.078280 20.136959 -89.470772
v -2.884680 20.951759 -88.178223
v -2.495290 20.456820 -88.495537
v -2.108990 19.853340 -88.785698
v -1.727920 19.216370 -89.005920
v -1.523130 18.528870 -89.146988
v -2.497720 20.048309 -87.756798
v -2.138410 19.550261 -87.999451
v -1.824610 19.007900 -88.134361
v -1.587740 18.420010 -88.172791
v -1.713490 17.812700 -88.136673
v -2.259830 19.245399 -87.236671
v -2.011700 18.815029 -87.259811
v -17.835930 9.929470 -74.405388
v -18.050200 9.444900 -74.389740
v -18.398340 9.021900 -74.371468
v -18.947571 8.708900 -74.349854
v -19.963869 8.225770 -73.342773
v -19.697990 8.280190 -74.316589
v -21.483320 7.421980 -73.119453
v -21.043640 7.509340 -74.219658
v -26.026030 -6.291320 -102.971489
v -25.596399 -6.903080 -103.416054
v -25.185770 -7.392520 -103.770699
v -24.767460 -7.722810 -103.976021
v -25.081320 -8.489250 -103.651077
v -24.653999 -8.721910 -103.877518
v -24.072611 -8.847910 -103.874557
v -23.228010 -8.916500 -103.869408
v -21.732780 -8.898640 -103.905510
v -19.809719 -8.784090 -104.025879
v -17.693060 -8.614950 -104.163040
v -15.342430 -8.411180 -104.285088
v -23.576891 -9.779390 -103.497124
v -22.129040 -9.788490 -103.535408
v -20.148649 -9.682450 -103.602509
v -17.961081 -9.531140 -103.739952
v -15.569490 -9.351970 -103.862267
v -12.924100 -9.159800 -103.978889
v -10.001070 -8.969510 -104.069633
v -6.842950 -8.780430 -104.134506
v -3.487400 -8.579880 -104.184692
v 0.040740 -8.378560 -104.266670
v 3.793460 -8.159750 -104.407913
v 8.133750 -7.893430 -104.529259
v -18.218630 -10.696430 -103.197372
v -15.777430 -10.541670 -103.272377
v -13.117510 -10.388580 -103.375717
v -10.198510 -10.217950 -103.459427
v -7.041340 -10.037020 -103.532494
v -3.685630 -9.844020 -103.599289
v -0.151850 -9.663390 -103.684021
v 3.608270 -9.494050 -103.775948
v 7.818350 -9.439070 -103.832802
v 12.229700 -9.978320 -103.577110
v 15.708510 -11.231700 -102.959122
v -10.350450 -11.822220 -102.671989
v -7.211640 -11.686790 -102.738449
v -3.866840 -11.555910 -102.802719
v -0.339410 -11.446440 -102.856461
v 3.384140 -11.387760 -102.884460
v 7.360650 -11.496780 -102.831627
v 11.353160 -12.025200 -102.572342
v 14.768080 -12.958550 -102.114212
v 17.560921 -13.919860 -101.642342
v 20.052179 -14.678720 -101.269730
v -0.496360 -13.620540 -101.789261
v 3.145010 -13.663090 -101.768372
v 6.906780 -13.862700 -101.670380
v 10.600490 -14.328620 -101.441704
v 13.919920 -15.039500 -101.092743
v 16.828171 -15.813970 -100.712578
v 19.481501 -16.490810 -100.380341
v 21.948830 -17.025120 -100.118057
v 10.032920 -16.781710 -100.237549
v 13.238680 -17.332239 -99.967308
v 16.168470 -17.957720 -99.660278
v 18.900520 -18.548361 -99.370338
v 21.473209 -19.047461 -99.125359
v 23.918989 -19.468349 -98.918762
v 26.280251 -19.848270 -98.732277
v 18.416491 -20.807711 -98.261307
v 21.029350 -21.242990 -98.047661
v 23.542561 -21.621429 -97.861893
v 25.990339 -21.959129 -97.696121
v 28.338310 -22.263950 -97.546501
v 30.457840 -22.536341 -97.412788
v 25.731131 -24.213831 -96.589378
v 28.132690 -24.466770 -96.465210
v 30.322321 -24.705980 -96.347794
v 32.167751 -24.961929 -96.193520
v 32.129230 -27.214920 -95.110863
v 33.934551 -27.374571 -94.628860
v 36.234280 -27.440701 -93.885834
v 39.238609 -29.636299 -91.860107
v -25.051630 -3.314870 -102.893791
v 45.956779 12.749160 -84.487999
v 47.725750 9.920970 -84.829750
v 49.315319 6.082230 -85.417747
v 50.915051 1.772890 -86.058533
v 52.273590 -2.382060 -86.475708
v 53.107430 -6.170200 -86.689339
v 53.055168 -10.321800 -86.866364
v 52.322521 -14.789610 -87.108719
v 45.182629 11.353660 -86.338531
v 46.801659 8.989590 -86.448547
v 48.303299 5.539060 -86.807350
v 49.684368 1.498690 -87.423897
v 50.639290 -2.440220 -88.047417
v 51.119301 -5.949160 -88.600060
v 50.788151 -9.521040 -88.971519
v 44.477009 9.564350 -88.391357
v 45.785049 7.720480 -88.413132
v 47.037910 4.819700 -88.634239
v 48.178600 1.276150 -89.180252
v 48.864460 -2.262650 -89.879509
v 49.092411 -5.431230 -90.547737
v 44.716789 6.491270 -90.380371
v 45.703831 4.140830 -90.651527
v 46.657139 1.155390 -91.100891
v 47.208542 -1.899410 -91.702591
v 43.673840 5.625440 -92.045929
v 44.491581 3.629880 -92.354767
v 45.385571 1.116060 -92.767357
v 42.660019 5.330780 -93.219299
v 43.502739 3.405220 -93.411392
v 53.486130 -32.360371 -84.790398
v -9.405720 17.332541 -82.910301
v -9.815590 16.310450 -83.075058
v -9.614630 15.862040 -83.482651
v -10.217170 15.735170 -82.757111
v -9.900030 15.341320 -83.185593
v -10.026000 14.962180 -83.892578
v -10.201900 14.494640 -84.711769
v -10.223060 14.755390 -82.879547
v -10.105210 14.331700 -83.498627
v -10.124840 13.783880 -84.218239
v -10.370760 13.188230 -84.946213
v -10.079420 12.585390 -85.662750
v -10.417700 13.579010 -82.912933
v -10.391100 13.000200 -83.539688
v -10.377500 12.378560 -84.234772
v -10.247330 11.793150 -84.938461
v -9.829820 11.187340 -85.495003
v -11.075900 12.796830 -82.133842
v -11.015150 12.161770 -82.766747
v -10.956220 11.509380 -83.521393
v -10.721240 10.837520 -84.271912
v -11.782880 11.289310 -81.917603
v -11.696270 10.620220 -82.839920
v 17.612680 -9.442080 -103.770897
v 18.163870 -8.938480 -103.757553
v 18.530840 -8.503680 -103.668381
v 19.674500 -10.033610 -103.038834
v 19.975670 -9.496870 -103.048141
v 20.248871 -8.994020 -103.049202
v 20.476450 -8.461660 -102.905029
v 20.655581 -7.909420 -102.707024
v 21.414150 -10.871310 -102.935249
v 21.583281 -10.299300 -102.859444
v 21.723249 -9.757440 -102.608078
v 21.872499 -9.155880 -102.359589
v 22.015890 -8.491810 -102.138443
v 22.095200 -7.818330 -101.779556
v 22.069290 -7.183430 -101.069519
v 22.082920 -6.331110 -100.115479
v 23.347010 -10.759730 -102.644699
v 23.410210 -10.181490 -102.457314
v 23.478220 -9.546570 -102.184532
v 23.544220 -8.836620 -101.879631
v 23.623091 -8.075220 -101.523499
v 23.715960 -7.320680 -100.901451
v 23.958969 -6.461780 -100.006592
v 25.199751 -10.978320 -102.475632
v 25.212170 -10.393900 -102.432343
v 25.235161 -9.771370 -102.163017
v 25.289780 -9.066090 -101.855919
v 25.369690 -8.311460 -101.519203
v 25.532610 -7.520390 -101.082817
v 27.114731 -10.575350 -102.475990
v 27.121130 -9.994240 -102.280090
v 27.173571 -9.363010 -101.989059
v 27.284189 -8.665440 -101.659889
v 27.468451 -7.986180 -101.173492
v 29.032631 -10.257300 -102.377968
v 29.041340 -9.721690 -102.105453
v 29.110220 -9.135460 -101.716522
v 30.725260 -10.548520 -102.409767
v 30.724501 -10.032680 -102.214722
v 31.849430 -10.298650 -102.258324
v 18.263399 6.586350 -103.709663
v 17.956169 6.963420 -103.765343
v 17.577600 7.319310 -103.722649
v 17.135839 7.699880 -103.667999
v 15.941740 6.744880 -104.410027
v 16.555120 8.117390 -103.493240
v 15.278370 7.196590 -104.279808
v 15.487820 8.706450 -103.025757
v 14.143330 7.894370 -103.763634
v 0.884230 17.284941 -92.685509
v 1.750440 16.609560 -93.328651
v 2.850850 16.125870 -93.904121
v 1.059060 16.109100 -94.465523
v 2.151380 15.513650 -95.068481
v 3.567890 15.041200 -95.766220
v 5.173460 14.431990 -96.466141
v 6.769900 13.652550 -97.267799
v -4.822000 22.358669 -87.567108
v -5.277440 21.791679 -86.475533
v -4.655910 21.767429 -86.743492
v -5.794810 21.118179 -85.643044
v -5.121540 21.060410 -85.863647
v -4.536730 21.034960 -86.126244
v -6.439570 20.571190 -84.931198
v -5.676900 20.369860 -85.143066
v -4.931730 20.304340 -85.330132
v -7.242890 20.042431 -84.353752
v -6.472360 19.771000 -84.590584
v -5.635520 19.605221 -84.805183
v -4.793500 19.558510 -84.925873
v -8.017820 19.517340 -83.689400
v -7.255070 19.230379 -83.977432
v -6.459630 19.061701 -84.251671
v -5.599590 18.959770 -84.517883
v -4.743360 18.933969 -84.656448
v -7.985210 18.600401 -83.416489
v -7.210850 18.475800 -83.701523
v -6.442550 18.463079 -84.101936
v -5.578740 18.433300 -84.471687
v -4.699080 18.445200 -84.555946
v -7.257940 17.954910 -83.858650
v -6.458880 17.974951 -84.144142
v -5.537070 17.996510 -84.422768
v -4.633480 18.026199 -84.500183
v -5.473740 17.582041 -84.377892
v 28.521870 13.496960 -91.244232
v 28.014050 13.575390 -91.662491
v 27.514860 13.705110 -92.025192
v 26.975189 13.887660 -92.353981
v -50.310741 -2.130780 5.455220
v -49.578579 -1.141350 5.402130
v -48.646549 -0.026670 5.266670
v -47.675480 1.189740 5.232110
v -23.214939 1.272450 -92.462730
v -24.076010 0.847020 -92.713730
v -23.159590 2.675930 -89.675369
v -23.949860 2.466810 -90.002808
v -24.654921 2.075680 -90.154129
v -21.810900 4.065590 -87.231262
v -22.733240 4.007570 -87.204079
v -23.604309 3.866260 -87.194252
v -24.449181 3.698200 -87.228867
v -25.221640 3.484070 -87.178741
v -21.900061 5.216850 -84.525948
v -22.865549 5.029790 -84.222298
v -23.882450 4.729060 -83.917953
v -21.471889 5.922620 -81.199310
v -22.726170 5.681190 -80.394730
v 29.571480 13.611250 -90.304947
v 30.880619 12.483770 -91.291260
v 32.398521 11.207490 -92.636993
v 33.711651 10.052100 -93.912697
v 29.056980 13.490340 -90.788094
v 30.130640 12.310930 -91.943298
v 31.325710 11.004870 -93.449173
v 29.384991 12.337390 -92.554451
v -36.030941 -2.942570 -56.918018
v -35.095600 -2.320020 -60.075031
v -40.588360 -1.513180 -41.473370
v -39.639561 -2.631520 -46.221100
v -38.557449 -3.570160 -50.405239
v -37.548351 -4.095970 -53.981579
v -43.688622 -1.036040 -27.547180
v -42.847210 -1.359810 -31.867050
v -42.025360 -1.854380 -36.490421
v -41.129601 -2.641070 -41.436611
v -40.107811 -3.573670 -46.198399
v -38.953850 -4.499600 -50.365608
v -48.254009 -3.296790 -10.841550
v -47.319550 -2.637310 -15.263510
v -46.080292 -2.289270 -19.580980
v -45.073509 -2.353310 -23.639601
v -44.114712 -2.594760 -27.801680
v -43.290428 -2.836170 -32.044331
v -42.499771 -3.142220 -36.581669
v -41.465511 -3.735920 -41.504871
v -49.047600 -5.088290 -7.206750
v -48.346970 -4.435420 -11.017540
v -47.442829 -3.894470 -15.500560
v -46.316299 -3.673710 -19.852730
v -45.304482 -3.758310 -23.860020
v -44.343288 -3.966950 -28.001240
v -43.478199 -4.179280 -32.233650
v -42.620171 -4.455830 -36.750172
v -49.227539 -6.436740 -7.435620
v -48.368679 -5.972830 -11.216990
v -47.440941 -5.575100 -15.681580
v -46.423080 -5.391990 -20.017870
v -45.453331 -5.439500 -24.031281
v -44.490341 -5.627320 -28.195910
v -49.944328 -8.870010 -4.162640
v -49.182652 -8.587860 -7.681700
v -48.317799 -8.316500 -11.539640
v -47.382191 -8.093980 -15.888720
v -46.450352 -7.962970 -20.179720
v -49.858898 -12.069200 -4.168600
v -49.030998 -11.974160 -7.944500
v -48.145149 -11.850490 -11.908000
v -47.217789 -11.732220 -16.141960
v -50.676689 -16.012119 -0.089590
v -49.760071 -16.125250 -4.120730
v -48.843842 -16.132650 -8.131710
v -50.620529 -20.737539 0.135530
v -49.641941 -20.846350 -4.085710
v -51.531189 -26.299940 4.591500
v -49.465050 -26.510031 -4.120120
v -48.462608 -26.493000 -8.436380
v -47.452888 -26.453569 -12.688310
v -46.453621 -26.405130 -16.922581
v -46.734470 -20.759970 -16.718109
v -45.470692 -26.356409 -21.155130
v -45.785721 -20.708080 -20.958450
v -44.457111 -26.314590 -25.408131
v -44.809059 -20.671721 -25.208799
v -45.038368 -15.937760 -24.937790
v -43.467209 -26.281099 -29.683090
v -43.805809 -20.652929 -29.472820
v -44.064121 -15.945840 -29.213751
v -42.465721 -26.251530 -33.990959
v -42.835999 -20.653839 -33.800510
v -43.094952 -15.985840 -33.561260
v -41.437790 -26.235161 -38.333611
v -41.814541 -20.662430 -38.180988
v -42.086349 -16.048929 -37.994541
v -42.408550 -11.872450 -37.775612
v -40.408791 -26.210369 -42.703781
v -40.797791 -20.681219 -42.602470
v -41.094002 -16.126190 -42.489170
v -41.355869 -12.039290 -42.384472
v -39.379162 -26.185320 -47.088600
v -39.817600 -20.708960 -47.011539
v -40.063560 -16.196430 -46.907661
v -40.347549 -12.226970 -46.869659
v -40.532188 -9.042310 -46.826759
v -38.384140 -26.158791 -51.411381
v -38.818138 -20.718161 -51.307381
v -39.097931 -16.241859 -51.192959
v -39.402000 -12.377590 -51.140671
v -39.535110 -9.407310 -51.071499
v -37.406849 -26.117290 -55.644619
v -37.847740 -20.711210 -55.497299
v -38.192070 -16.246260 -55.358681
v -38.487400 -12.433720 -55.250858
v -38.558559 -9.612290 -55.109322
v -36.437691 -26.074520 -59.750900
v -36.931091 -20.687590 -59.586231
v -37.282051 -16.211040 -59.412521
v -37.580761 -12.405410 -59.255138
v -37.657360 -9.633770 -59.079090
v -37.669140 -8.108620 -58.886028
v -35.543949 -26.040569 -63.672428
v -36.038120 -20.670589 -63.506432
v -36.388378 -16.161680 -63.313240
v -36.752911 -12.327660 -63.128170
v -36.848671 -9.510400 -62.927830
v -36.869301 -7.949070 -62.739971
v -34.680790 -26.012350 -67.343658
v -35.178692 -20.656851 -67.195999
v -35.586102 -16.122379 -67.003410
v -35.958099 -12.227090 -66.781197
v -36.111359 -9.296790 -66.543770
v -36.143761 -7.648320 -66.336868
v -35.906101 -6.551090 -66.024879
v -33.887810 -26.006229 -70.764290
v -34.409569 -20.672310 -70.657921
v -34.807030 -16.101801 -70.468933
v -35.180382 -12.140000 -70.211128
v -35.435890 -9.077970 -69.925110
v -35.414558 -7.324820 -69.647652
v -35.250740 -6.114740 -69.329941
v -33.162788 -26.029119 -73.900452
v -33.682442 -20.729839 -73.848137
v -34.071171 -16.127050 -73.707329
v -34.487091 -12.114950 -73.453178
v -34.809631 -8.935720 -73.103897
v -34.772659 -6.987770 -72.745461
v -34.726021 -5.633830 -72.422798
v -32.486221 -26.066370 -76.770432
v -32.993149 -20.822220 -76.774063
v -33.395260 -16.214531 -76.720390
v -33.834560 -12.170800 -76.547974
v -34.147060 -8.842600 -76.234558
v -34.200539 -6.604800 -75.904953
v -34.291931 -5.056330 -75.604980
v -34.114601 -3.682750 -75.158409
v -31.866199 -26.129129 -79.420441
v -32.347569 -20.942801 -79.505173
v -32.753010 -16.367331 -79.554749
v -33.137138 -12.330350 -79.487762
v -33.468369 -8.920120 -79.297081
v -33.681622 -6.440320 -79.061951
v -33.755112 -4.674950 -78.795326
v -33.575169 -3.244630 -78.411903
v -31.289400 -26.224751 -81.858910
v -31.753740 -21.125139 -82.076576
v -32.115360 -16.606550 -82.254967
v -32.483509 -12.626880 -82.300598
v -32.802368 -9.253740 -82.197762
v -33.037460 -6.706660 -82.008911
v -33.029251 -4.854690 -81.776581
v -32.890121 -3.349780 -81.533478
v -32.758759 -2.211620 -81.280869
v -30.759809 -26.343901 -84.089272
v -31.186581 -21.377689 -84.483810
v -31.501490 -16.946739 -84.858711
v -31.845840 -13.059830 -85.061333
v -32.118931 -9.768890 -85.057640
v -32.260830 -7.292100 -84.914543
v -32.217522 -5.480310 -84.720451
v -32.028439 -3.935780 -84.521339
v -31.869080 -2.705410 -84.328018
v -30.273420 -26.474039 -86.124062
v -30.638149 -21.671089 -86.746300
v -30.901699 -17.391171 -87.376740
v -31.195990 -13.604330 -87.804642
v -31.421591 -10.394370 -87.943840
v -31.494459 -7.998290 -87.859840
v -31.434851 -6.272860 -87.701492
v -31.186850 -4.786100 -87.500999
v -30.963650 -3.486520 -87.290817
v -29.835640 -26.663630 -87.939407
v -30.118629 -22.061649 -88.833778
v -30.321341 -17.944559 -89.757263
v -30.541220 -14.258400 -90.467789
v -30.728741 -11.087870 -90.831093
v -30.758381 -8.715450 -90.834450
v -30.687990 -7.039220 -90.696159
v -30.411221 -5.601110 -90.497459
v -30.164289 -4.282560 -90.292511
v -29.815941 -3.063770 -90.006981
v -29.463949 -26.893970 -89.442589
v -29.663260 -22.510731 -90.624702
v -29.796350 -18.551701 -91.857170
v -29.938299 -14.984830 -92.855972
v -30.075911 -11.859880 -93.534691
v -30.085550 -9.460330 -93.742653
v -29.971201 -7.765580 -93.635658
v -29.724501 -6.304580 -93.449509
v -29.457491 -4.954150 -93.261482
v -29.058411 -3.762150 -93.025742
v -29.185989 -27.108940 -90.542259
v -29.311541 -22.903450 -91.950241
v -29.384439 -19.091999 -93.460831
v -29.428080 -15.667180 -94.738724
v -29.545931 -12.648700 -95.697510
v -29.541830 -10.228160 -96.203331
v -29.414129 -8.406680 -96.266129
v -29.155649 -6.864000 -96.169540
v -28.814390 -5.492370 -96.071671
v -28.405670 -4.348100 -95.957962
v -28.047960 -3.444030 -95.802551
v -28.953699 -27.294270 -91.349243
v -28.979170 -23.200340 -92.777946
v -28.986231 -19.500179 -94.380089
v -29.015381 -16.206450 -95.824203
v -29.035940 -13.266680 -97.061546
v -29.043240 -10.838070 -97.829651
v -28.947281 -8.866150 -98.161186
v -28.660610 -7.275530 -98.302948
v -28.337120 -5.919230 -98.444237
v -27.866760 -4.832750 -98.519768
v -27.486830 -3.968700 -98.541496
v -28.588690 -27.422489 -91.952797
v -28.645241 -23.442181 -93.384590
v -28.653049 -19.831631 -95.025749
v -28.665970 -16.610550 -96.501938
v -28.686710 -13.735720 -97.827171
v -28.638781 -11.261540 -98.835808
v -28.560900 -9.204970 -99.410378
v -28.282379 -7.634640 -99.746933
v -27.947479 -6.388070 -100.009018
v -27.573641 -5.321990 -100.268028
v -27.139139 -4.433220 -100.611259
v -28.283070 -27.533880 -92.456757
v -28.352510 -23.650631 -93.900742
v -28.361799 -20.117710 -95.556236
v -28.374519 -16.954639 -97.049210
v -28.398251 -14.132340 -98.370888
v -28.382959 -11.642520 -99.484673
v -28.269159 -9.551460 -100.215698
v -28.049141 -8.016810 -100.678772
v -27.709801 -6.857490 -101.036560
v -27.313360 -5.880650 -101.394699
v -26.900110 -5.011490 -101.877342
v -28.010509 -27.621679 -92.840309
v -28.075741 -23.827570 -94.342102
v -28.099171 -20.372540 -96.028099
v -28.053921 -17.241529 -97.496407
v -28.137529 -14.479530 -98.840424
v -28.094919 -12.008180 -99.950684
v -28.024300 -9.945330 -100.779770
v -27.740471 -8.440960 -101.288742
v -27.411341 -7.350610 -101.716591
v -27.000690 -6.436470 -102.101700
v -26.467449 -5.660930 -102.530273
v -27.773310 -27.707821 -93.209122
v -27.778990 -23.995590 -94.725792
v -27.777719 -20.621950 -96.470222
v -27.703831 -17.501490 -97.890350
v -27.719860 -14.774070 -99.202919
v -27.742670 -12.355110 -100.335258
v -27.650740 -10.357480 -101.192352
v -27.313101 -8.906300 -101.717438
v -26.967051 -7.872280 -102.188148
v -26.563169 -7.020520 -102.602959
v -27.535151 -27.798470 -93.577026
v -27.419020 -24.166309 -95.099747
v -27.298800 -20.790150 -96.722618
v -27.263660 -17.730480 -98.213989
v -27.251129 -15.048620 -99.512581
v -27.235910 -12.706730 -100.612633
v -27.140430 -10.823900 -101.498993
v -26.773670 -9.436250 -102.050560
v -26.464190 -8.458500 -102.628342
v -26.081450 -7.632740 -103.077438
v -27.139870 -27.849060 -93.826698
v -26.914539 -24.276640 -95.343132
v -26.794010 -20.960501 -96.991722
v -26.737431 -17.942881 -98.490547
v -26.713831 -15.314330 -99.789330
v -26.672991 -13.049120 -100.883163
v -26.559629 -11.286640 -101.797913
v -26.206490 -9.977220 -102.384750
v -25.916460 -9.008400 -102.987389
v -25.553169 -8.152460 -103.412811
v -26.683201 -27.920589 -94.056259
v -26.373341 -24.409870 -95.624077
v -26.242279 -21.135120 -97.286263
v -26.176029 -18.160870 -98.790154
v -26.158319 -15.571340 -100.084534
v -26.107809 -13.376570 -101.181068
v -25.954470 -11.661990 -102.081482
v -25.678101 -10.394850 -102.722000
v -25.395920 -9.382090 -103.261543
v -26.125759 -27.990620 -94.273720
v -25.799681 -24.544729 -95.903763
v -25.664770 -21.311590 -97.598106
v -25.596189 -18.336029 -99.095627
v -25.578260 -15.764960 -100.323982
v -25.522480 -13.607120 -101.402557
v -25.431690 -11.969780 -102.383171
v -25.173189 -10.667030 -102.984268
v -24.919420 -9.613990 -103.467194
v -25.496220 -28.066429 -94.465446
v -25.193020 -24.677410 -96.164139
v -25.046721 -21.480780 -97.862122
v -25.003941 -18.488489 -99.342842
v -24.942329 -15.908000 -100.487923
v -24.893040 -13.778300 -101.542961
v -24.830830 -12.147580 -102.508919
v -24.622709 -10.809290 -103.082336
v -24.366310 -9.727860 -103.512108
v -24.738400 -28.155910 -94.654343
v -24.485121 -24.764620 -96.319000
v -24.334641 -21.521139 -97.888680
v -24.270920 -18.545240 -99.371887
v -24.210421 -16.033810 -100.604668
v -24.150061 -13.932760 -101.635986
v -24.063520 -12.216900 -102.470718
v -23.867990 -10.864730 -103.061852
v -23.684139 -28.138670 -94.662788
v -23.503031 -24.765270 -96.318687
v -23.298460 -21.572760 -97.885773
v -23.162220 -18.641319 -99.324722
v -23.104389 -16.097530 -100.573380
v -22.971050 -13.996450 -101.604736
v -22.768890 -12.270840 -102.451782
v -22.485470 -10.883480 -103.060570
v -21.935450 -28.103420 -94.680107
v -21.749130 -24.757380 -96.322563
v -21.536551 -21.601959 -97.871452
v -21.397961 -18.696560 -99.297607
v -21.294060 -16.153900 -100.545700
v -21.099510 -14.017880 -101.594223
v -20.812330 -12.250400 -102.460518
v -20.487940 -10.820120 -103.111526
v -19.397690 -28.066120 -94.698410
v -19.284611 -24.733980 -96.334023
v -19.137899 -21.603540 -97.870682
v -19.009020 -18.716681 -99.287743
v -18.866949 -16.170561 -100.537552
v -18.675261 -13.993850 -101.606018
v -18.453039 -12.175700 -102.497704
v -16.504810 -28.043550 -94.709480
v -16.464371 -24.718380 -96.341713
v -16.386330 -21.602180 -97.871338
v -16.285089 -18.732229 -99.280090
v -16.168171 -16.170950 -100.537338
v -16.049931 -13.945760 -101.629623
v -15.934340 -12.071890 -102.549217
v -13.542510 -28.036190 -94.713089
v -13.534090 -24.707350 -96.347122
v -13.497630 -21.598410 -97.873192
v -13.436700 -18.737539 -99.277496
v -13.371740 -16.157021 -100.544197
v -13.320400 -13.880360 -101.661728
v -13.254930 -11.953120 -102.607742
v -10.501570 -28.037291 -94.712563
v -10.508350 -24.701321 -96.350082
v -10.490840 -21.599640 -97.872581
v -10.458420 -18.737860 -99.277328
v -10.432090 -16.131090 -100.556923
v -10.414310 -13.802910 -101.699753
v -7.334240 -28.038891 -94.711769
v -7.342630 -24.706530 -96.347519
v -7.330260 -21.610180 -97.867409
v -7.313060 -18.740520 -99.276031
v -7.309170 -16.101620 -100.571388
v -7.298450 -13.721920 -101.739502
v -4.022750 -28.051380 -94.705627
v -4.025530 -24.732220 -96.334908
v -4.011780 -21.640091 -97.852722
v -4.001550 -18.757990 -99.267448
v -4.006980 -16.084570 -100.579750
v -3.984400 -13.653010 -101.773308
v -0.608170 -28.082830 -94.690201
v -0.603770 -24.788099 -96.307480
v -0.582430 -21.703131 -97.821793
v -0.566810 -18.808710 -99.242561
v -0.558860 -16.102301 -100.571037
v 2.814470 -28.137920 -94.663162
v 2.830610 -24.882151 -96.261307
v 2.872840 -21.815109 -97.766823
v 2.920090 -18.917130 -99.189331
v 2.987560 -16.189240 -100.528374
v 6.140970 -28.216749 -94.624474
v 6.175140 -25.020451 -96.193420
v 6.255400 -21.990620 -97.680656
v 6.370810 -19.112431 -99.093468
v 6.564150 -16.397850 -100.425972
v 9.304950 -28.317690 -94.574921
v 9.358220 -25.204990 -96.102837
v 9.481190 -22.239861 -97.558327
v 9.682130 -19.421301 -98.941856
v 12.294060 -28.437710 -94.515991
v 12.362450 -25.429720 -95.992531
v 12.515020 -22.556801 -97.402740
v 12.779890 -19.840441 -98.736122
v 15.136840 -28.571060 -94.450546
v 15.211850 -25.681170 -95.869110
v 15.377430 -22.917030 -97.225929
v 15.675280 -20.324289 -98.498611
v 17.867130 -28.707600 -94.383522
v 17.939020 -25.937611 -95.743217
v 18.105000 -23.284300 -97.045647
v 20.506060 -28.836370 -94.320312
v 20.564020 -26.179070 -95.624702
v 20.720650 -23.627010 -96.877434
v 23.073290 -28.953180 -94.262978
v 23.109819 -26.398380 -95.517052
v 23.251631 -23.934980 -96.726250
v 25.587509 -29.061430 -94.209839
v 25.603060 -26.599541 -95.418297
v 28.024250 -29.165100 -94.158951
v 28.021940 -26.786381 -95.326591
v 30.251650 -29.278210 -94.103432
v 30.245340 -26.976360 -95.233337
v 32.144089 -29.457260 -94.015549
v 33.972961 -29.611200 -93.638718
v 36.395390 -29.679340 -92.815620
v 2.750030 21.747841 -86.362877
v 3.124530 21.972580 -85.853897
v 2.606620 21.987810 -86.205643
v 3.499960 22.213341 -85.416061
v 2.996840 22.203190 -85.704536
v 2.464550 22.204750 -86.088509
v 2.938230 22.477921 -85.672630
v 2.389830 22.454399 -86.046059
v 2.944860 22.739969 -85.742020
v 2.422970 22.709789 -86.120628
v 2.959930 23.003099 -85.810349
v 2.463500 22.967199 -86.191383
v 2.506990 23.228689 -86.261818
v 2.559750 23.509501 -86.333679
v 33.340858 -10.336910 -101.960808
v 32.795719 -10.068100 -101.951050
v 34.158218 -10.463450 -101.393791
v 33.800079 -10.057950 -101.395630
v 33.188919 -9.717850 -101.385963
v 32.278049 -9.322350 -101.397263
v 30.934250 -8.879310 -101.389381
v 35.287701 -10.729580 -100.464798
v 35.027561 -10.123370 -100.550903
v 34.610519 -9.583200 -100.581383
v 33.879539 -9.117590 -100.493073
v 32.737770 -8.637010 -100.522614
v 31.229179 -8.146990 -100.590149
v 29.592779 -7.646280 -100.621490
v 27.817810 -7.254620 -100.504700
v 37.016682 -11.174000 -99.806259
v 36.708561 -10.389100 -99.745064
v 36.349319 -9.664350 -99.695953
v 35.752720 -8.938040 -99.559311
v 34.743851 -8.264020 -99.373093
v 33.281429 -7.664580 -99.343536
v 31.644381 -7.148030 -99.483757
v 30.065840 -6.751180 -99.550774
v 28.412720 -6.393440 -99.422249
v 26.545589 -6.027840 -99.046341
v 24.468790 -5.597340 -98.748093
v 35.254929 -13.540270 -100.905228
v 2.802350 24.294470 -86.649040
v 3.023020 25.046770 -87.020088
v 3.211950 25.920219 -87.470169
v 2.697260 25.604879 -87.580627
v 4.004620 26.979120 -88.065033
v 3.366480 26.746059 -88.064796
v 2.787350 26.461460 -88.146423
v 4.066600 27.596930 -89.018280
v 3.408200 27.475430 -88.914169
v 2.760950 27.286221 -88.894524
v 2.158810 26.973721 -88.939796
v 4.105440 28.153330 -90.157539
v 3.400900 28.028290 -90.085419
v 2.717600 27.894140 -90.038338
v 2.062200 27.661039 -90.008438
v 3.691540 28.776911 -91.297882
v 2.846270 28.619789 -91.300926
v 2.061700 28.398930 -91.261436
v 1.318300 28.078890 -91.175522
v 2.351470 29.277149 -92.572960
v 1.456410 28.970961 -92.506149
v 0.800070 29.614090 -93.721313
v 5.026900 30.182350 -93.971939
v 4.919610 29.475800 -92.567818
v 4.826220 28.779160 -91.208260
v 3.061690 30.123650 -93.968147
v 3.374350 29.464491 -92.610573
v 1.840600 29.940411 -93.876900
v 2.422440 23.985170 -86.745079
v 2.134560 24.320419 -87.231728
v 2.215170 25.196220 -87.715240
v 1.794350 24.686220 -87.842690
v 1.786720 25.650730 -88.365448
v 1.349620 25.090561 -88.499260
v 1.687970 26.548809 -89.047523
v 1.231710 26.074320 -89.102737
v 0.823110 25.487619 -89.199188
v 0.965200 26.929750 -89.916061
v 0.588170 26.418631 -89.910858
v 0.213470 25.840290 -89.900017
v 0.674630 27.696159 -91.013924
v 0.157500 27.248970 -90.815483
v -0.160040 26.687920 -90.736542
v -0.451030 26.090080 -90.647881
v -0.152600 28.053699 -92.038918
v -0.662110 27.478491 -91.757507
v -0.942480 26.838520 -91.584900
v -1.152590 26.188601 -91.403374
v -1.219060 25.389030 -91.284859
v -0.164190 29.042521 -93.390808
v -0.930340 28.313009 -93.018280
v -1.467630 27.601999 -92.632591
v -1.770230 26.909370 -92.301163
v -1.909740 26.176559 -91.989082
v -1.862390 25.334499 -91.768021
v -1.011900 29.360060 -94.374336
v -1.797560 28.555861 -93.814560
v -2.352300 27.759541 -93.303719
v -2.625840 26.925360 -92.865189
v -2.654280 26.073130 -92.473343
v -2.499050 25.182831 -92.122780
v -2.938280 28.817961 -94.393707
v -3.321960 27.827890 -93.900627
v -3.505400 26.874630 -93.304314
v -3.402240 25.926331 -92.778320
v -3.111760 24.988649 -92.277382
v -4.444470 27.725380 -94.306381
v -4.351060 26.652060 -93.663338
v -4.089370 25.687969 -92.990372
v -3.641000 24.720921 -92.417870
v -4.748620 25.410089 -93.020271
v -4.165170 24.496531 -92.306961
v -4.670900 24.239550 -92.084763
v -34.215771 -1.310550 -63.756039
v -33.506149 -0.357910 -67.432480
v -36.702518 -4.099270 -57.250271
v -35.907421 -3.606150 -60.681671
v -34.945610 -2.842560 -64.359360
v -37.901051 -5.085830 -54.069481
v -37.016880 -5.154320 -57.633492
v -40.291069 -4.569080 -46.250210
v -39.183121 -5.472800 -50.451199
v -41.552738 -4.951340 -41.676571
v -43.589001 -5.827320 -32.497131
v -45.547871 -7.952310 -24.278299
v -44.585079 -8.057360 -28.503090
v -46.274761 -11.646870 -20.404079
v -47.920109 -16.088810 -12.225410
v -33.097839 0.001780 -70.586479
v -32.803589 -0.057980 -73.673073
v -32.556499 -0.268490 -77.080879
v -32.087910 -0.429830 -80.427559
v -31.279150 -0.461910 -83.449677
v -30.246161 -0.971520 -86.466393
v -29.395041 -1.862010 -89.620453
v -28.681810 -2.718620 -92.747368
v -34.260841 -2.142570 -67.830566
v -33.850231 -1.654790 -70.934700
v -33.495609 -1.329160 -74.090881
v -33.174728 -1.159620 -77.544701
v -32.529549 -1.347510 -80.932838
v -31.618719 -1.633320 -83.980919
v -36.220402 -4.745100 -61.282822
v -35.465969 -4.065420 -64.958549
v -34.773350 -3.467980 -68.339020
v -34.274529 -2.957300 -71.438637
v -33.878239 -2.437620 -74.608307
v -33.389980 -2.100310 -77.977013
v -38.198132 -6.066240 -54.313301
v -37.317760 -6.191200 -58.115570
v -36.463291 -5.891070 -61.899769
v -35.696781 -5.356090 -65.549759
v -35.098881 -4.816480 -68.884789
v -40.414181 -5.685360 -46.426491
v -39.383148 -6.483930 -50.667751
v -38.461929 -7.014680 -54.649670
v -37.583721 -7.145490 -58.580292
v -36.703110 -6.942240 -62.420681
v -42.679989 -6.066680 -37.063499
v -41.628342 -6.455000 -41.966808
v -40.569050 -7.017930 -46.672100
v -39.547070 -7.632350 -50.916512
v -43.616821 -8.208500 -32.870010
v -42.643398 -8.400690 -37.449200
v -41.569839 -8.677130 -42.230862
v -45.347012 -11.618360 -24.608360
v -44.397511 -11.654950 -28.887671
v -46.966301 -16.023081 -16.436291
v -46.006618 -15.965840 -20.691759
v -48.675251 -20.856670 -8.291260
v -50.501381 -26.469120 0.255150
v -20.798531 9.869890 -69.479279
v -22.216650 9.295950 -69.183510
v -21.084080 9.322730 -69.813591
v -23.906000 8.315710 -69.036858
v -22.501560 8.560980 -69.821220
v -21.262760 8.849520 -70.350700
v -25.782740 7.068330 -68.792877
v -24.230869 7.441480 -69.741501
v -27.733370 5.915320 -68.764801
v -21.126820 8.526310 -71.001419
v -22.522461 7.978050 -70.530479
v -22.356350 7.655940 -71.326210
v -24.324381 6.792850 -70.561310
v -24.222059 6.384320 -71.529327
v -26.307110 6.194290 -69.692398
v -26.605780 5.477850 -70.812019
v -28.337311 4.954520 -70.073372
v -29.540800 4.382650 -69.146294
v 17.662300 12.056040 -99.074318
v 16.693581 13.305620 -96.609612
v 15.713420 14.741180 -93.747063
v 14.706580 16.235790 -91.255447
v 13.694840 17.304440 -89.259560
v 17.900221 19.335260 -89.280487
v 17.890860 20.110010 -89.293488
v 17.813231 20.955521 -89.320923
v 19.194740 22.170071 -90.914703
v 17.657221 21.855961 -89.297089
v 18.825689 23.189711 -90.991997
v 17.366520 22.720280 -89.322922
v 19.299971 24.743160 -92.750420
v 18.220480 24.041559 -91.128593
v 16.911329 23.387421 -89.466087
v 18.465891 25.845030 -92.978241
v 17.429331 24.750191 -91.218948
v 16.361601 23.933310 -89.652939
v -1.192970 0.467340 -103.604233
v 3.635030 -0.501530 -104.213852
v 6.487400 -0.248920 -105.006943
v 6.254160 0.662610 -104.582428
v 9.672410 1.917990 -105.482559
v 8.955000 2.710620 -104.783371
v 10.489690 4.863000 -104.584801
v 26.880030 13.000620 -95.484428
v 26.824150 12.583220 -96.910454
v 28.034109 12.715280 -93.487457
v 27.407820 13.042430 -93.814369
v 27.720240 12.272460 -95.462540
v 26.799500 13.519100 -94.074913
v 31.678049 9.079790 -96.796631
v 30.415890 9.490110 -97.570923
v 29.016081 10.930490 -96.818741
v 29.161200 10.188260 -98.155327
v 27.904560 11.640900 -97.063591
v 27.839569 11.024550 -98.392380
v 26.571400 12.028810 -98.201469
v 24.924271 15.152640 -95.058060
v 24.459881 15.102820 -95.761162
v 24.920361 16.040791 -93.283699
v 24.402920 16.282471 -94.023201
v 24.613750 16.856680 -92.521088
v 24.109270 17.156340 -93.206749
v 24.444611 17.549040 -91.923470
v 24.459040 18.322910 -91.482971
v 23.636980 12.981240 -98.708023
v 23.945829 14.968920 -96.342773
v 23.555031 16.443939 -94.918129
v 23.707060 17.354111 -93.686188
v 30.786510 -9.500380 -101.888023
v 32.578930 -10.433050 -102.298653
v -3.841140 1.516690 -103.611160
v -8.507280 2.938120 -104.090439
v -6.939450 1.986780 -104.239052
v -10.960630 2.651710 -103.978561
v -10.259940 2.291560 -104.237770
v -9.324830 1.817440 -104.609329
v -7.672480 1.003170 -104.833893
v -12.996520 1.891340 -102.767448
v -12.502360 1.578630 -103.632584
v -12.068450 1.347540 -104.277802
v -11.495770 1.000750 -104.633179
v -10.769960 0.515790 -104.853241
v -14.539560 2.285250 -99.847458
v -14.516520 1.566920 -101.432869
v -14.288500 0.955360 -102.755814
v -9.224300 16.776270 -83.281731
v -9.128970 16.250450 -83.698471
v -9.680980 15.421930 -84.118660
v -9.824000 14.890240 -84.900909
v -9.840320 14.276410 -85.735474
v -10.245800 13.851910 -85.483681
v -9.919730 13.219620 -86.251678
v -9.560920 12.471490 -87.142418
v -9.355860 11.327480 -88.059303
v -9.637640 11.910990 -86.341537
v -9.443670 10.858510 -86.921219
v 26.448050 14.262780 -92.785919
v 25.895069 14.703180 -93.371292
v 34.274891 -15.867190 -100.434532
v 35.008362 -15.674160 -100.236618
v 34.620392 -17.255289 -99.548630
v 35.542889 -17.131380 -99.232613
v 36.577888 -16.702450 -98.814583
v 37.873749 -15.628800 -98.405121
v 36.114609 -18.950260 -98.170998
v 37.334171 -18.472500 -97.503387
v 38.970169 -17.325930 -96.774147
v 36.732639 -20.966990 -96.895218
v 38.171638 -20.382750 -96.074829
v 40.134480 -19.210180 -95.256058
v 39.166401 -22.345360 -94.767769
v 41.374630 -21.129641 -93.827522
v 40.165180 -24.304180 -93.367058
v 42.648811 -23.148899 -92.186119
v 44.191662 -25.748171 -90.631447
v 45.286541 -29.218571 -89.023911
v 18.276520 -12.418750 -102.376678
v 20.529091 -13.240180 -101.966187
v 22.680710 -13.774590 -101.661499
v 24.764870 -14.162160 -101.481178
v 26.842010 -14.557410 -101.316589
v 28.870720 -14.978340 -101.121918
v 30.695450 -15.375270 -100.927933
v 32.208012 -15.719170 -100.743141
v 33.374729 -15.905510 -100.530228
v 22.364460 -15.232210 -100.998154
v 24.555660 -15.662050 -100.787148
v 26.695749 -16.087370 -100.578377
v 28.760870 -16.516380 -100.367790
v 30.639879 -16.894461 -100.179543
v 32.215248 -17.134880 -99.931732
v 33.519691 -17.231661 -99.686928
v 24.274290 -17.465940 -99.901680
v 26.517349 -17.879959 -99.698448
v 28.663700 -18.277260 -99.503433
v 30.607470 -18.618931 -99.335709
v 32.223049 -18.829540 -99.079208
v 33.664051 -18.955429 -98.803307
v 34.975529 -19.003170 -98.517578
v 28.528860 -20.198681 -98.560272
v 30.548910 -20.499880 -98.412422
v 32.215092 -20.708549 -98.141922
v 33.780540 -20.892429 -97.771339
v 35.360378 -21.020929 -97.356018
v 32.201229 -22.775700 -97.183884
v 33.854511 -22.966570 -96.695541
v 35.707218 -23.132259 -96.152397
v 37.405209 -23.039339 -95.598312
v 33.904251 -25.154039 -95.681793
v 35.990829 -25.271549 -94.989540
v 38.105572 -25.120729 -94.356667
v 38.729622 -27.233490 -93.082123
v 41.260479 -26.487190 -91.898430
v 42.176010 -29.342569 -90.537292
v -22.177940 16.542061 -9.336510
v -23.608009 15.788430 -11.171690
v -24.688499 15.334980 -12.739550
v -25.629360 15.013240 -14.188030
v -26.474449 14.780090 -15.675290
v -27.185890 14.714340 -17.333281
v -27.972630 14.700490 -19.215820
v -29.084110 12.792580 -12.195990
v -29.580629 12.730750 -13.920140
v -29.923880 12.805870 -15.628790
v -30.194281 13.005120 -17.448179
v -30.440020 13.325910 -19.392490
v -33.040829 11.073570 -16.129459
v -32.932510 11.525400 -18.150850
v -32.705570 12.117050 -20.118950
v -32.429520 12.750980 -21.932440
v -34.235008 11.348340 -21.017550
v -33.731892 12.026520 -22.547230
v 23.488060 18.915291 -92.648338
v 23.097191 19.040720 -92.957939
v 23.204340 18.271790 -93.381920
v 22.749140 19.136971 -93.184158
v 22.801531 18.332460 -93.559303
v 22.903660 17.481060 -94.170921
v 22.340549 19.141371 -93.122063
v 22.381701 18.375719 -93.651520
v 22.470640 17.520201 -94.329590
v 22.579710 16.334789 -95.274597
v 21.902281 18.384489 -93.607246
v 21.902849 17.464600 -94.313332
v 21.904760 16.198231 -95.195793
v 21.696699 14.552790 -96.705421
v 21.318279 18.281370 -93.181923
v 21.182859 17.360390 -93.846542
v 20.953461 16.142750 -94.662003
v 20.554079 14.734960 -95.820572
v 20.501110 18.297960 -92.466202
v 20.223181 17.422609 -92.960770
v 19.789101 16.390909 -93.568901
v 19.277571 18.440760 -91.167198
v 18.956881 17.693880 -91.473213
v 17.725790 18.652229 -89.408051
v 2.018230 23.325899 -86.708672
v 1.927770 23.045401 -86.639488
v 1.433250 22.818649 -87.216042
v 1.850770 22.770460 -86.561218
v 0.917510 22.479170 -87.913818
v 1.402230 22.482370 -87.191742
v 1.785350 22.474239 -86.504028
v 0.973680 22.050400 -87.912453
v 1.420320 22.138260 -87.176598
v 1.906450 22.188320 -86.568962
v 0.769100 21.387640 -88.786087
v 1.213890 21.634371 -87.954048
v 1.641360 21.870199 -87.264580
v 2.076030 21.967070 -86.661743
v 0.635300 20.504551 -89.626556
v 1.124580 20.869459 -88.814880
v 1.536790 21.221460 -87.991127
v 1.892870 21.545549 -87.316559
v 2.261060 21.726950 -86.761353
v 1.160680 19.841169 -89.667267
v 1.589800 20.310150 -88.796417
v 1.936170 20.774940 -87.980621
v 2.225190 21.204220 -87.310921
v 1.362160 18.704060 -90.620262
v 1.871970 19.176519 -89.656639
v -23.713100 -0.550450 -98.065338
v -24.748920 -1.258300 -98.355118
v -23.772499 -1.003840 -100.244568
v -24.661869 -1.769540 -100.511551
v -23.877430 -1.685430 -101.793442
v -25.342720 -2.413470 -100.680481
v -24.498730 -2.338450 -102.121719
v -25.893230 -2.959410 -100.871964
v 5.232770 21.752750 -85.598099
v 4.631600 21.781071 -85.530380
v 5.337120 21.993530 -85.298370
v 4.615350 22.035440 -85.237541
v 4.075060 21.990170 -85.344933
v 6.354790 22.177090 -85.542313
v 5.418440 22.219810 -85.010811
v 4.613480 22.291420 -84.983658
v 3.988440 22.261780 -85.125717
v 6.340100 22.549660 -85.457939
v 5.416960 22.625561 -84.948288
v 4.621270 22.595119 -85.031281
v 7.606540 22.724871 -85.771088
v 6.333680 22.914499 -85.379173
v 5.385400 22.952591 -85.033302
v 7.499960 23.130461 -85.880371
v 6.340410 23.279570 -85.309181
v 8.557710 23.403811 -86.751968
v 7.401560 23.579020 -85.996521
v 8.433060 23.912800 -87.024582
v 9.327590 24.423229 -88.122322
v 9.623860 19.990761 -87.317383
v 8.736150 20.315451 -87.311890
v 7.891910 20.695259 -87.164490
v 6.984510 21.140039 -86.794838
v 6.056490 21.490480 -86.096291
v 15.812720 18.970961 -88.072723
v 14.128390 19.214670 -86.925484
v 12.624060 19.460079 -86.274803
v 11.655000 19.682699 -86.730721
v 10.627820 20.003080 -86.912560
v 9.700890 20.381960 -87.072838
v 8.885920 20.743731 -87.091682
v 8.097540 21.097349 -86.810516
v 7.225690 21.552441 -86.434532
v 15.935650 19.548920 -88.057518
v 14.276310 19.742889 -87.007721
v 12.862790 19.995760 -86.514061
v 11.747790 20.164780 -86.692558
v 10.741780 20.476179 -86.887878
v 9.840970 20.848009 -86.981201
v 9.048490 21.225559 -87.081902
v 8.263050 21.600880 -86.758591
v 7.430890 21.913610 -86.156517
v 14.421510 20.308661 -87.092644
v 13.035780 20.538441 -86.693382
v 11.913090 20.747761 -86.819649
v 10.902220 21.016640 -87.044617
v 10.014000 21.359730 -87.109909
v 9.203720 21.706930 -87.088127
v 8.428440 22.052460 -86.663399
v 14.553250 20.953659 -87.197319
v 13.206410 21.153580 -86.898911
v 12.082960 21.399570 -86.962067
v 11.057680 21.620729 -87.199203
v 10.159910 21.904461 -87.247040
v 9.345530 22.179750 -87.202232
v 8.593390 22.476561 -86.528633
v 13.377960 21.804581 -87.065010
v 12.230550 22.038019 -87.153740
v 11.201180 22.199600 -87.424141
v 10.287370 22.462130 -87.381668
v 9.433070 22.718760 -87.223801
v 13.491440 22.473370 -87.206451
v 12.342990 22.635559 -87.398491
v 11.276540 22.781990 -87.680161
v 10.376720 23.033400 -87.551804
v 9.509160 23.225830 -87.341202
v 12.431810 23.256960 -87.669006
v 11.353660 23.366390 -87.983307
v 10.386280 23.583590 -87.950790
v 12.524160 23.862801 -88.207336
v 11.431710 24.070980 -88.403374
v 10.397340 24.239470 -88.423088
v 11.526490 24.978420 -89.203392
v 11.559670 26.238850 -90.339699
v -3.647180 20.869450 -86.715851
v -3.662900 21.575399 -87.391052
v -3.703110 22.171190 -88.229446
v -2.937200 18.292570 -84.899750
v -2.998940 18.506670 -85.153580
v -3.028170 18.896851 -85.417168
v -3.093530 19.433281 -85.821999
v -3.143730 20.091009 -86.381287
v -3.187460 20.766661 -87.035301
v -3.246700 21.335140 -87.801491
v -2.682800 18.476540 -85.411583
v -2.746570 18.845631 -85.696114
v -2.843760 19.313990 -86.133369
v -2.839780 19.903320 -86.718452
v -2.851650 20.457880 -87.434448
v -2.504130 18.757429 -86.046379
v -2.584110 19.165100 -86.432617
v -2.545290 19.616310 -87.027359
v 8.551690 19.363810 -88.004189
v 7.493860 19.689659 -87.968071
v 6.332860 20.177959 -87.634003
v 10.530910 19.159050 -87.135551
v 9.588400 19.574850 -87.568237
v 8.621370 19.859619 -87.622887
v 7.691500 20.217030 -87.541298
v 6.710730 20.675501 -87.200020
v 5.785480 21.106831 -86.437759
v 12.566030 19.008360 -86.503052
v 11.572350 19.259050 -86.764771
v 10.549460 19.572420 -86.996674
v 19.558090 13.313730 -97.519058
v 18.272209 14.284240 -95.344299
v 16.927950 15.465460 -92.956558
v 15.607410 16.704121 -90.778954
v 14.317960 17.588810 -88.936836
v 19.202820 15.333370 -94.316063
v 17.762581 16.199280 -92.379227
v 16.320570 17.149389 -90.368248
v 14.815910 17.891951 -88.659012
v 18.428520 16.923450 -91.897438
v 16.903749 17.599680 -90.010590
v 15.228580 18.177790 -88.408409
v 17.387630 18.066780 -89.669487
v -1.833420 21.304411 -91.060661
v -1.341740 20.655621 -91.053238
v -1.037380 19.999611 -91.529198
v -0.848340 19.150400 -91.881088
v -0.531470 19.143169 -91.663696
v -0.243890 18.065269 -92.229767
v 0.253400 18.186710 -91.918297
v -3.756710 22.747940 -90.182266
v -3.192030 22.292660 -90.151001
v -3.022660 22.347910 -90.685020
v -2.780330 21.731331 -90.236198
v -2.630340 21.802931 -90.683380
v -2.345230 21.177860 -90.320473
v -2.199800 21.250650 -90.676598
v -2.072960 21.263620 -90.963181
v -2.139920 20.416580 -90.523132
v -1.972390 20.462770 -90.882812
v -1.788590 20.542379 -90.885628
v -1.582350 20.619619 -90.886093
v -1.899060 19.509489 -90.280670
v -1.959790 19.609190 -90.738876
v -1.791000 19.705509 -90.979469
v -1.620970 19.784439 -91.149948
v -1.452760 19.865801 -91.303299
v -1.667960 18.713230 -90.537239
v -1.730310 18.808531 -91.022400
v -1.647570 18.894529 -91.331352
v -1.475480 18.965530 -91.509888
v -1.301090 19.035601 -91.679588
v -1.119370 19.100531 -91.836884
v -1.741880 17.860460 -90.861572
v -1.751400 17.941200 -91.400993
v -1.653570 18.020870 -91.779861
v -1.415080 18.019650 -91.954338
v -1.171500 18.044821 -92.100517
v -0.885660 18.123301 -92.220596
v -0.665640 18.127239 -92.351349
v -2.288820 16.955509 -91.297546
v -2.144620 16.985140 -91.962341
v -1.971650 17.089121 -92.466988
v -1.738690 17.165960 -92.808723
v -1.472070 17.213831 -93.066399
v -1.180400 17.270790 -93.339340
v -0.690360 17.116341 -93.516296
v -2.860300 21.607441 -89.651588
v -2.438750 21.038799 -89.836189
v -1.819240 19.370331 -89.712311
v -1.596900 18.613041 -89.930557
v -1.704050 17.826130 -90.142616
v -2.223510 16.993990 -90.336433
v -1.632470 17.789301 -89.200844
v -1.975160 17.077000 -89.169838
v 36.458851 -14.395650 -99.733276
v 34.858551 -14.057220 -101.104378
v 35.710739 -15.232280 -99.965851
v 34.382561 -14.453820 -101.290077
v 33.742290 -14.709810 -101.231049
v 4.778270 20.524321 -86.944801
v 4.351270 21.302420 -86.108818
v 4.171150 21.735029 -85.637268
v 4.791640 21.384211 -85.962830
v 2.831750 21.415020 -86.655563
v 3.354280 21.308290 -86.397774
v 3.254690 21.713560 -86.043579
v 4.057680 20.531481 -87.048729
v 3.870230 21.261971 -86.219131
v 3.723510 21.689449 -85.780823
v 3.611170 21.977900 -85.574043
v 2.268140 19.763491 -88.783173
v 2.555080 20.366751 -87.982330
v 2.748690 20.911619 -87.229591
v 2.214380 18.071779 -90.730003
v 2.734170 18.663290 -89.682381
v 3.064590 19.274670 -88.791039
v 3.275890 19.939560 -87.955162
v 4.085910 18.937040 -88.890717
v 4.210920 19.676950 -88.018250
v -9.212040 27.954229 -15.730930
v -9.359760 27.138189 -16.643450
v -9.253400 26.387091 -17.260550
v -9.044680 25.627199 -17.742020
v -8.695610 24.808500 -18.126930
v -8.055250 24.164789 -18.424870
v -9.870900 26.944281 -14.707760
v -10.055720 26.173340 -15.720420
v -9.982120 25.490280 -16.532930
v -9.581310 24.830139 -17.095560
v -9.086220 24.188009 -17.617800
v -10.218530 26.077610 -13.760190
v -10.341630 25.317080 -14.919260
v -10.333190 24.720791 -15.896650
v -9.859780 24.205429 -16.650030
v -9.264340 23.713490 -17.332729
v -10.613440 25.442480 -13.119080
v -10.644680 24.759510 -14.373390
v -10.532900 24.170160 -15.469920
v -10.080140 23.707050 -16.358030
v -11.132760 24.907789 -12.678720
v -10.962340 24.240280 -13.945250
v -10.767060 23.656290 -15.131180
v -11.794760 24.306110 -12.377220
v -11.535260 23.742460 -13.651530
v -11.079920 23.125610 -14.858150
v -12.256630 23.122169 -13.470990
v -13.117640 22.338140 -13.438820
v -6.893410 25.572990 -20.533409
v -7.757470 26.327330 -20.265020
v -8.295740 27.090561 -19.779230
v -8.606890 27.814199 -19.281340
v -8.879740 28.512501 -18.823999
v -8.989380 29.285299 -18.319260
v -7.819870 26.973740 -21.742849
v -8.771250 27.680750 -21.336189
v -9.164790 28.400000 -20.926729
v -9.395000 29.064989 -20.565929
v -8.926920 28.190109 -23.248501
v -9.392480 28.980499 -23.087250
v -9.685570 29.701450 -22.949970
v -10.120840 28.901110 -25.349230
v -10.038490 32.488930 -64.823021
v -10.720090 32.235142 -68.760361
v -10.994720 31.961889 -71.530663
v -10.677340 31.581369 -73.947479
v -10.841610 31.251280 -76.787590
v -10.738640 30.918400 -79.707947
v -10.845020 30.890720 -68.602982
v -11.206860 30.688560 -71.352547
v -10.751850 30.291340 -73.705261
v -10.875730 29.833220 -76.509773
v -11.027980 29.627741 -68.435051
v -11.548730 29.464899 -71.113518
v -10.947630 29.039169 -73.416107
v -11.337760 28.425510 -68.203140
v -11.853630 28.217770 -70.952293
v -11.669400 27.234980 -67.924629
v 52.672699 -28.958941 -85.408630
v -8.694280 28.911940 -14.099010
v -9.319610 27.815041 -13.099250
v -9.935230 26.881769 -12.112050
v -10.508480 26.119341 -11.384010
v -11.122480 25.404461 -10.941980
v -11.842180 24.626110 -10.654400
v -12.673090 23.700359 -10.368050
v -12.589670 23.560760 -12.155160
v -13.645860 22.712400 -10.185520
v -13.563200 22.705650 -12.050010
v -14.775630 21.771469 -10.052550
v -14.584190 21.747299 -12.067930
v -15.971600 20.785200 -10.021050
v 23.394470 5.665730 -99.643158
v 22.655590 6.428910 -100.637268
v 22.348820 5.768130 -100.057663
v 21.647680 6.346520 -100.967911
v 21.415159 5.763060 -100.414268
v 20.952459 4.910270 -99.587914
v 20.771959 6.532700 -101.784218
v 20.725639 6.082690 -101.413460
v 20.579241 5.500840 -100.877670
v 20.193951 4.785650 -100.030060
v 19.761570 6.474360 -102.677910
v 19.836809 6.091550 -102.368202
v 19.830009 5.703950 -101.932343
v 19.737730 5.196360 -101.342979
v 19.494900 4.497670 -100.512703
v 19.136660 3.668460 -99.548950
v 18.995541 5.152450 -102.445236
v 18.912460 4.773460 -101.778740
v 18.758860 4.191590 -100.929741
v 18.535299 3.432210 -99.997093
v 18.086029 2.963380 -100.529633
v 17.957411 2.206970 -99.732788
v 4.024230 8.171630 -99.881592
v -2.541940 18.000710 -85.658302
v -2.400260 17.879200 -86.238258
v -0.607520 25.320311 -90.666130
v -0.098380 25.139120 -89.952240
v 0.444170 24.854820 -89.275047
v 0.988150 24.514620 -88.600487
v 1.402770 24.198509 -87.867828
v 1.792480 23.888269 -87.251160
v 2.160480 23.638981 -86.749702
v -4.024310 23.453381 -91.366226
v -3.598570 23.710180 -91.623680
v -3.190500 23.880711 -91.806488
v -2.734730 24.118340 -91.790771
v -2.252900 24.311649 -91.718697
v -1.725460 24.448280 -91.537529
v -1.226520 24.527121 -91.125938
v -0.739810 24.501360 -90.631592
v -0.317750 24.388941 -90.017563
v 0.145890 24.206060 -89.335480
v 0.716630 23.944901 -88.666977
v 1.145190 23.704460 -87.905029
v 1.552540 23.510660 -87.224632
v -3.479840 22.828930 -90.973923
v -3.120730 23.065241 -91.165199
v -2.772960 23.224440 -91.306297
v -2.401450 23.372841 -91.348648
v -2.005310 23.501230 -91.361168
v -1.570730 23.602880 -91.270340
v -1.185820 23.673630 -90.939842
v -0.856420 23.688971 -90.519318
v -0.491710 23.641951 -90.023872
v -0.041760 23.544439 -89.393440
v 0.496780 23.401251 -88.678841
v 0.994280 23.264271 -87.921631
v 1.470400 23.153460 -87.229012
v -2.709240 22.496281 -90.866020
v -2.406990 22.584190 -91.005882
v -2.100050 22.698080 -91.053413
v -1.778910 22.797119 -91.072433
v -1.445480 22.863110 -91.033813
v -1.204220 22.907881 -90.745842
v -0.914340 22.930080 -90.406273
v -0.569940 22.924589 -89.996902
v -0.147180 22.899891 -89.409218
v 0.436550 22.900360 -88.707039
v 0.945090 22.873699 -87.932381
v -2.104570 21.960810 -90.963127
v -1.837900 22.031269 -90.939423
v -1.565360 22.112820 -90.998672
v -1.301810 22.171070 -91.060013
v -1.085140 22.208799 -90.734879
v -0.885690 22.224560 -90.375938
v -0.613700 22.251690 -89.944878
v -0.132920 22.301600 -89.430298
v 0.494000 22.408979 -88.754189
v -1.591950 21.371580 -91.055946
v -1.341380 21.443460 -91.040619
v -1.109890 21.509220 -91.019112
v -0.903010 21.544109 -90.776840
v -0.688210 21.566681 -90.451172
v -0.426030 21.607281 -90.044296
v -0.009830 21.715059 -89.479980
v 0.572160 21.896410 -88.766891
v -1.187820 20.738899 -91.189346
v -0.949170 20.808451 -91.154831
v -0.721090 20.841240 -90.887840
v -0.462890 20.880859 -90.584778
v -0.179020 20.949329 -90.168327
v 0.249230 21.122810 -89.551262
v -0.807110 19.995440 -91.305702
v -0.513350 20.037750 -91.050529
v -0.200000 20.105339 -90.761772
v 0.184530 20.243450 -90.318871
v -0.174400 19.172310 -91.396896
v 0.220160 19.263861 -91.062630
v 0.667630 19.463270 -90.473671
v 0.800770 18.399620 -91.442230
v -1.875910 30.556101 -95.698792
v -2.382400 29.699671 -94.963562
v -4.061580 30.723570 -95.877617
v -4.239840 29.794081 -95.463417
v -4.393090 28.811279 -94.889023
v -6.410010 30.713350 -95.758652
v -6.305230 29.742149 -95.254433
v -6.067730 28.661470 -94.712730
v -5.707470 27.499201 -94.224091
v -5.264790 26.396219 -93.658333
v -8.033480 30.564880 -95.751793
v -7.784300 29.425381 -95.158340
v -7.301360 28.280710 -94.508072
v -6.685620 27.174900 -93.937462
v -6.033880 26.151791 -93.372810
v -5.362640 25.197701 -92.758041
v -8.864080 30.467100 -95.661331
v -8.525890 29.263460 -94.945969
v -7.994990 28.039890 -94.265549
v -7.373590 26.886740 -93.673592
v -6.704980 25.892370 -93.048988
v -6.001820 25.053789 -92.266548
v -5.249150 24.264549 -91.350937
v -9.379040 30.391529 -95.549843
v -9.014010 29.171579 -94.732224
v -8.505560 27.885220 -94.047340
v -7.967820 26.687840 -93.421761
v -7.331040 25.851530 -92.536873
v -9.811490 30.323059 -95.451141
v -9.443320 29.098379 -94.549339
v -8.958970 27.811211 -93.819450
v -10.197620 30.279150 -95.375427
v -14.253020 4.477250 -88.766724
v -14.695970 4.252080 -90.485359
v -14.973230 4.069670 -92.278992
v -22.447220 -0.169880 -99.614479
v -14.966160 3.638670 -97.107063
v -13.412590 4.421860 -97.182350
v -12.549750 4.793950 -97.296127
v -11.943630 5.089640 -97.396660
v -11.477540 5.528770 -97.497009
v -11.085960 6.125740 -97.562103
v -10.768700 7.076550 -97.550949
v -10.483440 8.455690 -97.345169
v -9.872750 9.902970 -96.945396
v -14.753790 3.098730 -98.460320
v -13.371990 3.666120 -98.628799
v -12.594550 4.225110 -98.863358
v -12.015930 4.816610 -99.032570
v -11.483340 5.429690 -99.079292
v -10.953670 6.100430 -98.991653
v -10.701640 7.153090 -98.763580
v -10.310570 8.497530 -98.297890
v -9.675380 9.985830 -97.738411
v -13.561520 3.073620 -100.184387
v -12.716540 3.791280 -100.414162
v -11.932390 4.557090 -100.493591
v -11.232630 5.351270 -100.390938
v -10.647240 6.193810 -100.086639
v -10.277360 7.265840 -99.598618
v -9.960380 8.565520 -99.006187
v -13.379730 2.369040 -101.585663
v -12.431420 3.269270 -101.691673
v -11.605060 4.264730 -101.646629
v -10.875160 5.276900 -101.415833
v -10.238890 6.269310 -100.942162
v -9.711530 7.314810 -100.184479
v -9.323890 8.522290 -99.380630
v -12.027560 2.996360 -102.751190
v -11.228930 4.110270 -102.533257
v -10.534800 5.225790 -102.157578
v -9.921140 6.340460 -101.571991
v -9.331770 7.448530 -100.769829
v -11.529680 2.860180 -103.514488
v -10.735700 3.946240 -103.105049
v -10.100870 5.149960 -102.709518
v -9.478110 6.244250 -101.975311
v -8.885160 7.416510 -101.201492
v -10.198150 3.760640 -103.531868
v -9.564380 4.889110 -102.957199
v -8.961170 6.019250 -102.238091
v -8.327110 7.133060 -101.416267
v -9.499950 3.441370 -103.788338
v -8.909100 4.569980 -103.196793
v -8.322200 5.692630 -102.440208
v -7.930930 4.024140 -103.406418
v -7.311300 5.141330 -102.640221
v -6.260600 2.987240 -103.591522
v 11.163200 12.048840 -99.465851
v 8.674650 12.772290 -98.310730
v 9.315750 13.684650 -96.854057
v 7.518070 14.444830 -96.062027
v 5.947030 15.140340 -95.272522
v 4.330190 15.656080 -94.556976
v 8.501660 15.470480 -94.052132
v 6.961870 16.029039 -93.523468
v 5.335490 16.452040 -92.991661
v 3.713750 16.813540 -92.540237
v 2.483840 17.093950 -92.157837
v 1.542030 17.620110 -91.818192
v 7.900380 17.009451 -91.629593
v 6.277510 17.332979 -91.379753
v 4.582350 17.530270 -91.098160
v 3.223540 17.751341 -90.894691
v 6.836670 18.040291 -90.136230
v 5.176660 18.156601 -89.939148
v 3.759340 18.363701 -89.793518
v 5.544130 18.773109 -89.069191
v -27.782499 14.906570 -27.804541
v -28.474110 14.633660 -27.839291
v -28.961740 13.740890 -29.787821
v -28.831120 12.751550 -32.073410
v -29.106750 14.337220 -27.961010
v -29.715130 13.330800 -30.134890
v -29.682831 12.329840 -32.641960
v -28.948130 11.912840 -34.950489
v -30.599770 12.860330 -30.504471
v -30.454611 11.971030 -33.147099
v -29.645479 11.448480 -35.650021
v -28.361040 11.473920 -38.046040
v -26.596371 12.086550 -40.386848
v -30.617020 14.259400 -25.928341
v -30.481600 14.284580 -26.469070
v -30.303310 14.173230 -27.089790
v -32.032841 13.261780 -27.093510
v -32.007381 13.137620 -27.880180
v -13.951680 0.453860 -103.649582
v -13.602420 -0.019980 -104.224022
v -13.325690 -0.403070 -104.740631
v -13.047760 -0.816320 -105.243210
v -16.927010 2.243680 -98.678772
v -16.399300 1.720620 -99.922417
v -16.082420 0.894610 -101.325378
v -15.865380 0.140950 -102.682129
v -15.724560 -0.376450 -103.671310
v -15.614480 -0.782710 -104.370163
v -15.500410 -1.244630 -104.798347
v -15.344310 -1.837620 -104.994492
v -18.612061 0.996300 -100.482063
v -18.095341 0.348190 -101.548843
v -17.791140 -0.312330 -102.685883
v -17.657240 -0.865640 -103.593071
v -17.615761 -1.274260 -104.233704
v -17.537790 -1.857230 -104.540359
v -20.140579 -0.247820 -102.179314
v -19.754230 -0.685360 -102.950127
v -19.561970 -1.156310 -103.590637
v -19.464760 -1.600150 -104.131378
v -19.364700 -2.198770 -104.313828
v -21.439390 -1.067190 -103.416908
v -21.247549 -1.393110 -103.905769
v -21.120300 -1.912650 -104.191132
v -22.618469 -2.089750 -104.089699
v -22.526091 -2.544410 -104.287842
v 28.348141 14.320200 -90.024117
v 27.930229 14.337910 -90.325089
v 27.256660 14.996480 -89.832008
v 27.517410 14.403840 -90.607674
v 26.834970 15.171980 -90.109306
v 27.096920 14.541810 -90.915131
v 26.374390 16.090481 -89.948036
v 26.432770 15.483300 -90.497269
v 26.660460 14.772800 -91.288368
v 25.830271 16.543409 -90.421837
v 25.925810 15.886580 -90.966507
v 26.171431 15.150390 -91.761879
v 25.096050 17.704380 -90.636833
v 25.093420 17.036329 -91.067131
v 25.264891 16.375010 -91.657761
v 25.547489 15.622280 -92.421059
v 24.807230 19.890930 -90.335701
v 25.196520 20.123341 -89.772133
v 25.631670 20.289700 -89.313210
v -20.235840 5.118020 -85.260361
v -21.050240 5.346890 -84.872620
v -18.523890 5.914020 -83.713432
v -19.173330 6.288170 -83.134956
v -19.790840 6.337580 -82.557663
v -20.482201 6.178160 -81.899200
v -17.202200 6.692300 -82.780693
v -17.712730 7.137310 -82.071060
v -18.123260 7.243630 -81.319832
v -18.599239 7.032690 -80.425667
v -19.436470 6.862490 -79.338257
v -20.775530 6.962730 -78.137428
v -16.078880 7.693380 -82.225082
v -16.465860 8.058400 -81.339653
v -16.888519 8.058940 -80.438454
v -17.482670 7.735790 -79.453758
v -18.391859 7.527890 -78.332603
v -14.955390 8.431310 -81.660988
v -15.375550 8.751080 -80.643471
v -15.973150 8.695860 -79.666779
v -16.760269 8.293980 -78.687057
v -14.069400 9.018270 -81.205566
v -14.543180 9.294850 -80.050926
v -15.309690 9.211310 -78.991852
v -13.516090 9.705610 -80.986603
v -13.943690 9.705340 -79.578331
v 28.415480 15.543030 -88.683159
v 28.281481 15.212690 -89.055229
v 28.178410 14.834200 -89.469772
v 28.268869 17.617910 -87.650719
v 28.121731 17.030510 -87.842949
v 28.001579 16.560600 -88.124969
v 27.877300 16.142330 -88.434593
v 27.774990 15.742700 -88.767883
v 27.705910 15.383960 -89.173843
v 27.987280 18.607719 -87.637123
v 27.789431 17.829901 -87.830368
v 27.655359 17.269939 -88.081306
v 27.528219 16.812269 -88.360611
v 27.407160 16.398430 -88.667412
v 27.307699 15.982720 -88.988060
v 27.244749 15.533890 -89.350090
v 27.322189 18.057449 -88.084343
v 27.180000 17.518869 -88.322868
v 27.053860 17.073400 -88.596771
v 26.952419 16.669109 -88.910652
v 26.862970 16.240299 -89.227821
v 26.675840 17.847401 -88.631577
v 26.528271 17.429319 -88.877800
v 26.431089 17.026251 -89.181381
v 26.348551 16.578150 -89.512497
v 25.905220 17.966511 -89.259087
v 25.786060 17.562201 -89.585617
v 25.129629 18.317850 -90.232132
v 40.563381 -10.905270 -97.477020
v 41.875340 -9.656420 -96.544693
v 41.204590 -8.890220 -96.940872
v 40.446781 -8.220930 -97.124779
v 43.253441 -7.949760 -95.881340
v 42.402939 -7.383290 -96.271049
v 41.515572 -6.856900 -96.492767
v 40.441021 -6.253450 -96.559196
v 44.171181 -5.926710 -95.195877
v 43.292900 -5.515630 -95.644363
v 42.356480 -5.120150 -95.891769
v 41.167931 -4.688860 -95.961517
v 39.582729 -4.176670 -95.985062
v 37.593868 -3.593840 -96.015182
v 44.491280 -3.671160 -94.794930
v 43.687592 -3.387690 -95.224770
v 42.713219 -3.125740 -95.405029
v 41.435150 -2.893110 -95.460762
v 39.798939 -2.609270 -95.651917
v 37.760929 -2.279630 -95.650490
v 35.590199 -1.995380 -95.655067
v 44.413689 -1.253950 -94.502586
v 43.630032 -1.120320 -94.847893
v 42.620892 -1.024210 -95.075546
v 41.303040 -0.987750 -95.302101
v 39.661400 -0.966590 -95.441971
v 37.693699 -0.926540 -95.411308
v 35.577469 -0.893950 -95.352112
v 33.639240 -0.811590 -95.623512
v 31.866190 -0.733440 -95.677422
v 43.822079 1.076130 -94.245583
v 43.036961 1.056840 -94.611519
v 42.043560 0.989580 -94.840263
v 40.786152 0.844090 -95.063271
v 39.256771 0.632760 -95.231621
v 37.427818 0.414130 -95.287048
v 35.485199 0.223550 -95.415199
v 33.612919 0.124850 -95.462219
v 31.858299 0.083770 -95.569733
v 30.077259 0.001850 -95.586952
v 42.649551 3.282810 -94.041382
v 41.882740 3.135160 -94.542023
v 40.988899 2.897830 -94.788300
v 39.889729 2.538120 -94.971832
v 38.561531 2.098860 -95.233543
v 36.991409 1.650360 -95.384193
v 35.280762 1.265800 -95.470108
v 33.535961 1.009470 -95.466263
v 31.818590 0.843900 -95.567451
v 30.034550 0.696560 -95.656799
v 28.225840 0.552820 -95.794189
v 26.640760 0.444970 -95.671944
v 23.831841 9.398330 -101.101913
v 23.778990 9.996480 -101.145767
v 23.745010 10.578910 -101.171448
v 23.702629 11.118960 -100.864128
v 23.674910 11.775230 -100.158058
v 32.605148 20.567200 -86.363373
v 31.343840 21.714510 -86.389679
v 30.426451 20.374029 -86.813927
v 30.086060 22.524059 -86.558701
v 29.465240 20.937250 -86.940758
v 28.923510 19.515490 -87.249672
v 29.578911 19.081030 -87.053299
v 30.251310 18.455971 -86.978432
v 31.417000 19.497480 -86.708839
v 40.993801 20.838020 -82.924011
v 39.608158 20.773411 -83.857460
v 40.107819 22.935659 -82.390709
v 38.754230 22.843519 -83.263260
v 37.469109 22.791210 -83.943916
v 39.429569 24.731211 -81.947792
v 38.109928 24.629021 -82.749237
v 36.775002 24.585279 -83.464119
v 35.368832 24.384710 -84.128998
v 38.934509 26.317780 -81.681381
v 37.645012 26.219101 -82.410591
v 36.290611 26.172850 -83.107422
v 34.735050 25.986441 -83.790993
v 32.941669 25.509470 -84.616249
v 38.511791 27.796141 -81.480324
v 37.260792 27.698009 -82.180580
v 35.929939 27.650610 -82.861839
v 34.345951 27.543690 -83.547180
v 38.158821 29.279301 -81.352791
v 36.932049 29.174351 -82.013367
v 35.660728 29.119419 -82.691910
v 37.870571 30.830610 -81.281548
v 36.671429 30.733400 -81.925720
v 37.639648 32.586861 -81.270958
v 26.080030 20.371481 -88.861687
v 26.553650 20.308861 -88.406403
v 27.055340 20.172020 -87.964180
v 27.662331 19.998350 -87.711502
v 28.927799 22.874060 -86.868881
v 28.624670 21.276791 -87.217201
v 28.278450 19.789749 -87.466370
v 28.049690 23.000481 -87.287689
v 27.894320 21.482389 -87.567627
v 27.213909 21.606791 -87.913841
v 26.550739 21.666580 -88.260521
v 1.214600 0.181070 -103.525627
v 3.473690 0.497860 -103.593529
v 5.729130 1.624720 -103.839470
v 7.817240 3.450320 -103.869743
v 9.045190 5.286560 -103.638100
v 17.160030 0.231510 -99.475304
v 17.390860 -0.125360 -98.496201
v 17.457821 0.236570 -98.614563
v 17.949921 -0.103820 -97.828629
v 17.992960 0.242570 -97.967453
v 18.487190 -0.390490 -97.077660
v 18.524309 -0.054950 -97.209450
v 18.556740 0.293790 -97.354881
v 19.309450 -0.740360 -96.662010
v 19.219280 -0.372010 -96.632019
v 19.134190 -0.021360 -96.603073
v 19.152180 0.358220 -96.760941
v 20.075729 -1.094300 -96.303596
v 19.989100 -0.725230 -96.229759
v 19.919781 -0.362080 -96.186127
v 19.841530 -0.000760 -96.148827
v 19.859320 0.377510 -96.294632
v 20.854940 -1.486230 -96.077057
v 20.762270 -1.073190 -95.978653
v 20.709150 -0.721330 -95.882851
v 20.660999 -0.377230 -95.787422
v 20.618999 -0.021700 -95.711418
v 20.646469 0.362520 -95.885597
v 21.573210 -1.508900 -95.802979
v 21.583811 -1.121130 -95.712219
v 21.591801 -0.769980 -95.631927
v 21.599730 -0.424090 -95.552834
v 21.594650 -0.070180 -95.475227
v 21.605459 0.290440 -95.600632
v 22.721460 -0.528530 -95.425667
v 22.747419 -0.160500 -95.287491
v 22.758120 0.241040 -95.374619
v -14.062150 21.466801 -13.575410
v -13.103700 21.191950 -15.092570
v -12.357010 21.944611 -14.861900
v -11.634110 22.594580 -14.763000
v -11.951490 21.192671 -16.527300
v -11.402650 21.797939 -16.229309
v -10.892700 22.277710 -16.022720
v -10.623320 22.795839 -16.087210
v -10.369450 23.259821 -16.202511
v -10.656230 21.358721 -17.612829
v -10.258660 21.791500 -17.271660
v -9.925730 22.173059 -17.040850
v -9.775530 22.588560 -17.044260
v -9.575920 22.978069 -17.062941
v -9.352250 23.336140 -17.063730
v -9.177230 21.466200 -18.423981
v -8.915900 21.832729 -18.141750
v -8.739990 22.170530 -17.993200
v -8.574130 22.471470 -17.868380
v -8.412840 22.749640 -17.759520
v -8.259090 23.025021 -17.658079
v -8.253510 23.385981 -17.857960
v -8.227420 23.701740 -18.049919
v -7.806260 21.654480 -19.448219
v -7.481230 21.883070 -19.170019
v -7.230700 22.080839 -18.969971
v -7.002430 22.423840 -18.732361
v -6.998410 22.695299 -18.784420
v -6.990400 22.960430 -18.838160
v -6.984440 23.226351 -18.890600
v -6.982970 23.510481 -18.943180
v -6.987720 23.922701 -19.076611
v -7.495810 21.546700 -20.937780
v -6.773680 21.834080 -20.645559
v -6.350410 22.029020 -20.442770
v -6.060390 22.213900 -20.310270
v -5.899290 22.496059 -20.247271
v -5.771490 22.750990 -20.252439
v -5.642590 23.017019 -20.254061
v -5.513810 23.396570 -20.226089
v -5.623800 23.682810 -20.332069
v -7.120170 21.466080 -21.905359
v -6.258790 21.804029 -21.763910
v -5.728850 22.014660 -21.684509
v -5.414530 22.183189 -21.640820
v -5.125340 22.341909 -21.604010
v -4.982200 22.634291 -21.676380
v -4.973140 22.916901 -21.758110
v -7.085920 21.283051 -22.738510
v -6.142860 21.607710 -22.767000
v -5.501250 21.834379 -22.804489
v -5.077790 21.991590 -22.822960
v -4.749810 22.125059 -22.829981
v -7.174120 20.863520 -23.480881
v -6.302560 21.295731 -23.692150
v -5.632260 21.533270 -23.799709
v -7.409820 20.299080 -24.246969
v -8.541440 18.676500 -25.580290
v -8.135210 18.625210 -25.993641
v -7.877890 18.839840 -26.315090
v -7.689210 19.113810 -26.587410
v -7.562090 19.539459 -26.805740
v -7.450630 20.057911 -26.959249
v -7.263100 20.695351 -27.093639
v -7.027030 21.420210 -27.193211
v -6.832430 22.156630 -27.184050
v -6.709810 22.896860 -27.031940
v -6.706250 23.617830 -26.792379
v -9.299990 18.409700 -26.650391
v -9.107810 18.521339 -27.027740
v -8.916410 18.708799 -27.398689
v -8.823980 19.149481 -27.645340
v -8.712790 19.664221 -27.897890
v -8.612950 20.332371 -28.098560
v -8.461420 21.107220 -28.303940
v -8.286550 21.892580 -28.492701
v -8.348020 22.770100 -28.337111
v -8.407520 23.673420 -28.065840
v -10.547450 18.100760 -27.425930
v -10.299320 18.253130 -27.909599
v -10.056260 18.532560 -28.338520
v -9.963850 19.013380 -28.591961
v -9.838190 19.532150 -28.842819
v -9.746120 20.163839 -29.070749
v -9.690840 20.926701 -29.268351
v -9.689480 21.755440 -29.416201
v -9.719470 22.666849 -29.512150
v -9.972150 23.738569 -29.288429
v -11.602950 18.106529 -29.169001
v -11.155850 18.355820 -29.655710
v -10.884880 18.807289 -29.948099
v -10.701000 19.309050 -30.146271
v -10.550420 19.902090 -30.350760
v -10.566510 20.673790 -30.503220
v -10.629080 21.541010 -30.638760
v -10.814380 22.542379 -30.686310
v -12.927900 17.911119 -30.671230
v -12.302110 18.240620 -31.247061
v -11.882880 18.627220 -31.583220
v -11.695750 19.150789 -31.736010
v -11.496810 19.698389 -31.890289
v -11.448710 20.461491 -31.981409
v -11.487090 21.380890 -32.050270
v -11.701520 22.445841 -31.998480
v -13.385610 18.003450 -32.814442
v -12.869860 18.437880 -33.286160
v -12.726360 19.013430 -33.438900
v -12.519090 19.606199 -33.563671
v -12.407200 20.412001 -33.588379
v -12.375380 21.387560 -33.525612
v -14.522080 17.639040 -34.213081
v -13.924930 18.205200 -34.866280
v -13.633850 18.896000 -35.100071
v -13.416010 19.631840 -35.143471
v -13.256170 20.592550 -35.012508
v -13.172270 21.622240 -34.733990
v -14.967340 18.104321 -36.309299
v -14.494880 18.919861 -36.581860
v -14.217670 19.853420 -36.468891
v -13.919740 20.954269 -36.152088
v -13.495590 22.043310 -35.783340
v -15.962820 18.019991 -37.677582
v -15.155150 19.045790 -37.971420
v -14.782040 20.212049 -37.664169
v -14.255820 21.392000 -37.190231
v -15.734380 19.319559 -39.228512
v -15.036030 20.655380 -38.783409
v -14.366700 21.891199 -38.094650
v -16.011200 19.637421 -40.516121
v -15.109870 21.132090 -39.787392
v -15.133860 21.707491 -40.732281
v 25.226570 31.119560 -87.162201
v 24.807470 31.122971 -87.612900
v 24.417850 31.143150 -88.066322
v 24.143660 31.182791 -88.578270
v 23.852930 31.254311 -89.121338
v 23.520710 31.342421 -89.738022
v 23.149469 31.344900 -90.489830
v 22.804411 31.030460 -91.501701
v 22.404341 30.514481 -92.669807
v -7.401090 34.587200 -5.024430
v -7.173480 34.341862 -8.708460
v -7.256410 32.406940 -12.162440
v -7.918010 35.144051 1.317720
v -8.127600 33.899212 1.474010
v -7.788520 33.488560 -1.502960
v -7.620220 33.132721 -4.891170
v -8.152600 32.409000 -1.276330
v -7.992470 31.969740 -4.642200
v -7.849130 31.540159 -8.222090
v -7.746800 31.006830 -11.827870
v -8.540810 31.445200 -1.051710
v -8.382270 30.941111 -4.335220
v -8.269890 30.429449 -7.798880
v -8.230580 29.770269 -11.241420
v -8.953860 30.513109 -0.856830
v -8.781650 29.982731 -3.999020
v -8.753880 29.395599 -7.288570
v -8.903960 28.698601 -10.481720
v -9.403030 28.973700 -3.575240
v -9.460080 28.306700 -6.634400
v -9.601330 27.589560 -9.620530
v -10.186560 27.818510 -3.096710
v -10.226990 27.139999 -5.965140
v -10.274040 26.539190 -8.915670
v -11.018060 26.600559 -2.759850
v -11.029630 26.089359 -5.499880
v -11.025610 25.679399 -8.468610
v -11.936500 25.083811 -5.216980
v -11.839900 24.800011 -8.147090
v -12.927390 23.976370 -5.024820
v -12.756490 23.791059 -7.856050
v -14.052000 22.846630 -4.925510
v -13.823670 22.737570 -7.602900
v -15.046100 21.728220 -7.431750
v -16.612020 20.428301 -7.286830
v -37.878609 9.056490 4.488450
v -34.090721 11.379350 4.206320
v -29.397329 14.064840 3.723050
v -24.337391 16.966240 3.055360
v -20.280830 19.561350 2.441080
v -17.724630 21.436140 2.192300
v -16.038610 22.834980 2.157450
v -14.706960 24.023029 2.197980
v -13.540200 25.255671 2.199890
v -12.406390 26.484480 2.198390
v -11.379520 27.735130 2.157030
v -10.530210 28.954260 2.069790
v -9.828790 30.040770 1.973910
v -9.270660 31.027700 1.892050
v -8.851410 31.978750 1.776980
v -8.468900 32.902309 1.634470
v -34.219101 10.771380 2.158490
v -29.679449 13.297450 1.514450
v -24.628620 16.146700 0.653480
v -20.274179 18.856020 -0.144620
v -17.538971 20.788370 -0.431120
v -15.799950 22.261129 -0.429920
v -14.443940 23.466961 -0.320880
v -13.273430 24.706209 -0.255690
v -12.161720 25.940660 -0.231960
v -11.136500 27.182970 -0.286290
v -10.249250 28.411930 -0.441380
v -9.521520 29.539890 -0.661480
v -30.104240 12.603470 -0.615150
v -25.026159 15.466780 -1.420100
v -20.327980 18.366470 -2.288510
v -17.372900 20.411131 -2.673090
v -15.604040 21.910980 -2.692710
v -14.262780 23.090900 -2.603960
v -13.102720 24.287809 -2.573610
v -12.035830 25.474010 -2.618010
v -25.477859 14.935370 -3.342040
v -20.342409 18.037849 -4.300180
v -17.064400 20.301399 -4.795030
v -15.337750 21.741760 -4.890830
v 39.300491 18.490641 -85.373589
v 37.218868 20.586781 -85.162567
v 36.134312 20.290720 -85.754158
v 34.995609 19.751961 -86.153488
v 35.016392 22.236271 -85.234970
v 33.764870 21.489040 -85.757172
v 32.455849 22.978451 -85.680634
v 30.775431 17.585030 -87.163933
v 32.310341 18.300739 -86.942551
v 33.756359 19.090790 -86.620918
v 31.011511 16.640539 -87.476967
v 32.869732 16.963261 -87.333359
v 34.576569 17.443270 -87.148170
v 31.009970 15.835870 -87.871872
v 33.031231 15.764770 -87.856407
v 30.865400 15.170850 -88.325333
v 32.891979 14.748040 -88.527588
v 30.627470 14.588540 -88.801987
v 30.292259 14.121340 -89.272041
v 34.988178 15.855120 -87.832458
v 36.562939 15.984540 -87.734741
v 35.034988 14.464840 -88.753738
v 36.819080 14.272710 -88.795738
v 32.544708 13.856770 -89.237106
v 34.737030 13.213020 -89.757019
v 36.679630 12.655950 -90.050987
v 38.249229 12.284280 -90.208878
v 32.064190 13.203130 -89.956100
v 34.144150 12.263890 -90.823883
v 36.023472 11.349950 -91.466728
v 37.585381 10.588400 -91.945450
v 29.953890 13.826500 -89.788017
v 31.511600 12.761460 -90.620842
v 33.333260 11.546650 -91.732277
v 34.980400 10.405740 -92.737007
v 36.324791 9.455330 -93.573341
v 42.178909 18.404539 -83.580688
v 41.901649 11.172570 -89.187561
v 41.694839 9.074440 -91.088448
v 40.402882 9.422690 -91.745148
v 40.196671 7.823230 -93.295921
v 43.008980 6.880700 -91.866753
v 35.435848 7.373900 -95.945236
v 33.579739 7.627750 -97.007072
v 33.652809 7.239480 -97.238274
v 33.739399 6.885690 -97.454376
v 32.035770 7.958080 -97.866859
v 32.123569 7.719970 -98.186279
v 32.174198 7.454580 -98.433662
v 32.049091 7.151020 -98.413788
v 31.916010 6.823980 -98.391670
v 30.650431 8.695710 -98.837341
v 30.701460 8.488960 -99.162987
v 30.624161 8.174550 -99.291412
v 30.489590 7.866430 -99.272652
v 30.356890 7.553980 -99.251808
v 30.228270 7.236150 -99.227623
v 30.094339 6.884210 -99.204468
v 29.123800 9.412180 -99.466469
v 29.105820 9.103940 -99.772423
v 29.083860 8.772110 -100.058128
v 29.000170 8.417190 -100.113091
v 28.925329 8.065930 -100.164787
v 28.854820 7.703220 -100.215874
v 28.733259 7.307440 -100.117088
v 28.573931 6.921220 -99.930519
v 28.397989 6.503930 -99.730827
v 27.618311 10.166030 -99.846001
v 27.536169 9.728860 -100.072868
v 27.492319 9.305470 -100.284554
v 27.474890 8.885670 -100.474510
v 27.457861 8.460930 -100.591988
v 27.446131 8.043040 -100.706558
v 26.188000 10.902780 -99.962486
v 26.139580 10.428490 -100.372566
v 26.090630 9.902660 -100.548660
v -8.674250 10.773570 -96.410072
v -8.396910 10.818210 -96.943176
v -9.253210 9.879600 -98.264633
v -8.124180 10.887310 -97.469017
v -8.770160 9.830260 -98.746246
v -7.651090 10.743500 -97.957840
v -8.814910 8.563520 -99.909302
v -8.204100 9.742640 -99.249207
v -7.121030 10.599800 -98.479584
v -5.836790 11.296410 -97.821259
v -8.281490 8.480650 -100.351562
v -7.531760 9.467040 -99.642517
v -6.490810 10.276520 -98.913200
v -5.267020 11.002990 -98.304268
v -7.651400 8.160140 -100.640297
v -6.854480 9.118370 -99.989578
v -5.838100 9.973740 -99.359062
v -4.645580 10.786520 -98.802383
v -7.677190 6.795560 -101.654510
v -6.957330 7.762260 -100.908340
v -6.111570 8.653940 -100.248428
v -5.088810 9.448100 -99.571732
v -3.857300 10.336340 -99.042236
v -6.601940 6.178410 -101.786369
v -5.839120 7.103610 -101.037338
v -5.011700 7.904640 -100.328949
v -3.984880 8.723840 -99.756493
v -2.666540 9.571400 -99.150368
v -5.486120 4.004050 -102.716072
v -4.705170 5.074290 -101.734238
v -3.998810 6.072320 -100.864273
v -27.072920 15.527930 -26.691790
v -27.522980 15.478850 -26.488190
v -27.966190 15.418330 -26.347160
v -26.669201 15.959110 -24.807501
v -28.437580 15.355100 -26.191641
v -27.081869 15.869080 -24.457300
v -28.778040 15.343940 -25.829220
v -27.555099 15.757270 -24.079540
v -26.559549 15.930900 -21.965679
v -29.649290 14.821670 -24.641439
v -28.706470 15.327730 -23.365471
v -27.517260 15.616310 -21.501249
v -29.337440 15.017460 -25.053761
v -28.099220 15.622900 -23.718370
v -29.063280 15.190120 -25.440439
v 14.607010 11.637700 -99.872131
v 14.275040 12.863300 -97.522263
v 11.533390 13.069250 -97.535011
v 13.974920 14.432160 -94.514153
v 11.970230 14.514710 -94.756592
v 10.120380 14.898090 -94.522270
v 13.566430 15.969700 -91.727432
v 12.225240 15.949640 -91.951012
v 10.791160 16.153999 -91.970329
v 9.369860 16.581350 -91.837151
v 12.937090 17.096861 -89.494987
v 12.076600 17.072121 -89.676949
v 11.046410 17.198940 -89.798431
v 9.817320 17.515800 -89.959633
v 8.407830 17.793800 -90.076622
v 12.385880 17.771830 -88.195839
v 11.725220 17.792780 -88.333344
v 10.908550 17.887119 -88.488930
v 9.802450 18.115431 -88.815048
v 8.508880 18.328369 -89.107452
v 7.121650 18.593370 -89.227791
v -25.591949 15.972710 -25.945829
v -21.551620 17.135910 -24.084280
v -23.881430 16.514910 -24.794649
v -25.933550 16.030411 -25.523109
v -17.126610 18.201950 -21.924259
v -19.390360 17.711950 -22.701420
v -21.845039 17.134150 -23.535770
v -24.185770 16.502020 -24.302010
v -26.292450 16.041090 -25.148609
v -15.014220 18.607121 -19.081230
v -16.208639 18.331270 -20.003010
v -17.827990 17.949011 -20.960489
v -19.885420 17.525080 -21.925810
v -22.201691 17.039671 -22.925140
v -24.541121 16.462620 -23.805540
v -15.154740 19.120520 -16.192101
v -15.924230 18.763969 -16.846170
v -16.740820 18.411930 -17.712330
v -17.698240 17.967180 -18.709049
v -18.993790 17.582491 -19.786800
v -20.717220 17.218710 -20.926760
v -22.796341 16.844370 -22.098370
v -25.025400 16.356400 -23.230640
v -14.936900 20.581640 -13.798860
v -15.742340 19.739840 -14.060990
v -16.607880 19.036619 -14.562690
v -17.552259 18.523970 -15.376640
v -18.475929 18.078930 -16.361990
v -19.440081 17.757759 -17.425550
v -20.494780 17.255619 -18.541821
v -21.886499 16.837460 -19.786409
v -23.693359 16.523701 -21.124140
v -25.720181 16.160770 -22.565510
v -17.732809 19.087191 -13.078540
v -18.863110 18.367201 -14.047260
v -19.885330 17.662090 -15.110930
v -20.918890 17.205610 -16.200899
v -22.054399 16.936199 -17.377371
v -23.289379 16.531481 -18.709629
v -24.810740 16.142521 -20.231020
v -23.803169 16.191771 -16.349710
v -24.857550 15.975810 -17.828230
v -26.090290 15.750560 -19.547939
v -8.347760 19.857691 -24.057211
v -9.300760 19.323450 -24.246771
v -8.358550 20.356960 -23.367140
v -9.536800 19.768070 -23.491011
v -10.532920 19.149521 -23.886271
v -11.594130 18.542459 -24.654890
v -8.344920 20.684641 -22.725149
v -9.683380 20.148870 -22.898029
v -10.860060 19.525970 -23.272280
v -11.981760 18.758890 -23.893101
v -13.551200 18.189320 -24.892090
v -15.695420 17.534430 -25.815821
v -8.383010 20.998911 -22.105370
v -9.794260 20.502460 -22.350090
v -11.090430 19.892040 -22.728790
v -12.311250 19.031031 -23.237379
v -13.890920 18.420601 -24.068100
v -15.987610 17.807190 -24.847521
v -18.325430 17.245350 -25.541651
v -20.652479 16.703369 -26.180571
v -8.559400 21.115141 -21.307970
v -9.856640 20.567051 -21.701639
v -11.176540 19.955950 -22.120159
v -12.527670 19.256121 -22.643330
v -14.183200 18.645500 -23.332479
v -16.260010 18.083450 -23.996429
v -18.598289 17.466850 -24.615129
v -20.996429 16.857031 -25.253839
v -23.264460 16.337540 -25.920349
v -25.251350 15.880480 -26.500401
v -8.340140 21.428671 -19.867121
v -9.073510 20.960381 -20.380850
v -10.115180 20.539450 -20.957649
v -11.333400 19.999500 -21.488140
v -12.723810 19.373871 -22.041170
v -14.405490 18.751780 -22.676460
v -16.498739 18.245440 -23.303480
v -18.836201 17.664890 -23.928949
v -21.276760 17.011740 -24.618219
v -23.583179 16.436300 -25.304199
v -9.562900 21.088320 -18.869810
v -10.069210 20.620230 -19.414890
v -10.840560 20.236380 -20.034519
v -11.806170 19.787411 -20.651331
v -13.054470 19.330790 -21.310419
v -14.702390 18.821190 -22.011480
v -16.762541 18.317699 -22.672850
v -19.087690 17.786501 -23.342340
v -11.088340 20.841379 -18.032560
v -11.535610 20.232071 -18.481300
v -12.047230 19.657410 -18.952959
v -12.766450 19.267691 -19.576870
v -13.750400 18.972040 -20.303801
v -15.197160 18.641130 -21.135780
v -12.532630 20.558550 -16.917191
v -13.080730 19.919889 -17.348431
v -13.605870 19.342800 -17.770081
v -14.221040 18.954370 -18.319981
v -13.809520 20.419920 -15.401920
v -14.470110 19.699120 -15.749000
v -28.822281 14.857250 -21.242680
v -29.568710 14.810590 -23.048140
v -30.675770 13.767950 -21.378639
v -30.816401 13.986730 -23.180241
v -32.171211 13.124940 -23.519979
v -33.344231 12.404530 -23.821280
v -30.863791 14.053620 -24.517900
v -30.752081 14.161810 -25.342920
v -32.102779 13.276810 -24.814039
v -32.086472 13.332220 -25.718630
v -32.074409 13.345930 -26.429890
v -33.342800 12.528340 -24.933901
v -33.439110 12.502910 -25.846661
v -33.515350 12.428040 -26.616341
v -33.560951 12.304570 -27.349560
v -33.587940 12.149990 -28.211941
v -40.661701 7.185790 4.563840
v -42.742790 5.249180 2.576940
v -40.656898 6.757760 2.616990
v -37.893551 8.568060 2.531990
v -42.685600 4.902490 0.183250
v -40.699081 6.382920 0.314540
v -38.036072 8.078180 0.266520
v -34.514801 10.190250 -0.061120
v -44.009998 3.455180 -2.793040
v -42.593399 4.663080 -2.484620
v -40.715370 6.060500 -2.216610
v -38.176781 7.665710 -2.150130
v -34.825588 9.688090 -2.322080
v -30.586889 12.043050 -2.694710
v -44.732300 2.588890 -6.182270
v -43.700951 3.467550 -5.823800
v -42.378448 4.597330 -5.312520
v -40.630280 5.896160 -4.893330
v -38.247810 7.380440 -4.682540
v -35.124901 9.295480 -4.691650
v -31.136209 11.498040 -4.932690
v -26.161180 14.306120 -5.525790
v -44.168049 2.867580 -9.550030
v -43.201229 3.732730 -8.903530
v -42.007969 4.782500 -8.198130
v -40.391209 5.937250 -7.641250
v -38.246780 7.289950 -7.316710
v -35.420738 9.032850 -7.214810
v -44.018940 2.836450 -13.505620
v -43.289200 3.544190 -12.799330
v -42.451889 4.347460 -11.902970
v -41.423561 5.238060 -11.065570
v -39.999229 6.175590 -10.427060
v -42.934269 3.876710 -16.636221
v -42.325668 4.566900 -15.667670
v -41.578979 5.226610 -14.718440
v -42.248730 4.663020 -20.774321
v -41.717590 5.240670 -19.702761
v -34.368820 11.833840 -24.708059
v -34.624329 11.741050 -25.571289
v -34.778622 11.556580 -26.373980
v -34.884361 11.339600 -27.163610
v -34.969460 11.106620 -28.062490
v -35.588310 10.942710 -24.891760
v -35.894482 10.683980 -25.755400
v -36.113819 10.384810 -26.621880
v -36.260059 10.038680 -27.573170
v -37.284851 9.495650 -25.803209
v -37.560322 9.104990 -26.850760
v -37.733330 8.657330 -28.158951
v -39.011829 7.615970 -26.988110
v -31.808670 11.040610 -7.402470
v -27.346130 13.547620 -8.001070
v -38.145489 7.388150 -10.013300
v -35.660679 8.931070 -9.816740
v -32.438042 10.750540 -9.880080
v -28.387939 13.032120 -10.269580
v -40.631378 5.879190 -13.910560
v -39.468811 6.691400 -13.233100
v -37.873070 7.693260 -12.677960
v -35.737320 9.014380 -12.289070
v -32.860729 10.657540 -12.110810
v -41.106602 5.758000 -18.655861
v -40.410599 6.256150 -17.722540
v -39.678810 6.838810 -16.874990
v -38.719028 7.421750 -16.078621
v -37.440559 8.234370 -15.298520
v -35.602810 9.308750 -14.623420
v -33.068619 10.771010 -14.141170
v -40.411072 6.200790 -24.446100
v -40.081341 6.683320 -22.977591
v -39.671532 7.199670 -21.832260
v -39.126019 7.643230 -20.793470
v -38.491169 8.022670 -19.782120
v -37.754360 8.471100 -18.804720
v -36.741779 9.019290 -17.832720
v -35.270741 9.863850 -16.907949
v -38.839642 8.178900 -25.523790
v -38.435032 8.557780 -24.356340
v -37.939209 8.905060 -23.270290
v -37.392979 9.208350 -22.169069
v -36.756672 9.550440 -21.127480
v -35.968498 9.990530 -20.120569
v -34.770351 10.529800 -19.127680
v -36.918690 9.836840 -24.812170
v -36.458740 10.139660 -23.822840
v -35.888550 10.442950 -22.835991
v -35.195221 10.831970 -21.895130
v -35.144741 11.164260 -23.991671
v -34.569969 11.487030 -23.175341
v -28.019739 14.207350 -29.512360
v -27.601009 13.261370 -31.517281
v -28.086000 12.306520 -34.194851
v -26.853050 12.350900 -36.055691
v -25.306000 12.859170 -37.989979
v -23.455950 13.520760 -39.931499
v -27.729481 11.967760 -37.082420
v -26.045481 12.347670 -39.206879
v -24.099739 13.411620 -41.247002
v -21.897430 14.750770 -42.747639
v -19.740549 16.587009 -43.475010
v -17.699301 18.592039 -43.562950
v -16.077971 20.536610 -43.088470
v -24.486521 13.309940 -42.554569
v -22.046169 14.824760 -44.229290
v -19.646610 16.807020 -44.973919
v -33.568508 11.898480 -29.381189
v -24.964630 12.593390 -44.200191
v -27.203291 11.475590 -41.591080
v -29.105650 10.753980 -38.928310
v -30.452780 10.691690 -36.173080
v -31.428480 11.457530 -33.490551
v -31.865080 12.222160 -30.914200
v -31.943460 12.756720 -29.022610
v -21.020241 14.772830 -51.640221
v -20.592091 14.867260 -56.512611
v -19.036810 16.400930 -56.621639
v -20.895109 14.397350 -61.307270
v -19.620600 15.685710 -61.524860
v -18.424801 16.921921 -61.683102
v -21.430019 13.778580 -64.469948
v -20.369749 14.917120 -64.800201
v -19.316240 16.045130 -65.157463
v -18.157040 17.279791 -65.616493
v -21.645760 13.234270 -65.949150
v -20.799540 14.262840 -66.457680
v -19.829510 15.234950 -66.991089
v -18.769581 16.356140 -67.695198
v -21.644661 12.735340 -66.765900
v -20.953630 13.708330 -67.297531
v -20.125219 14.637680 -67.882019
v -19.149401 15.576540 -68.609581
v -21.655510 12.308970 -67.469383
v -21.003969 13.191700 -67.939728
v -20.236641 14.050550 -68.487793
v -21.596279 11.934840 -68.185570
v -20.972300 12.715380 -68.520470
v -20.981140 11.423850 -68.710709
v -20.212360 11.012030 -69.322372
v -12.172430 26.086531 -67.663757
v -12.677630 25.838011 -70.513474
v -12.492090 25.433331 -72.781471
v -12.398040 24.760250 -75.159271
v -12.632220 24.018970 -77.488022
v -12.708270 23.451950 -78.962723
v -12.424580 22.908100 -79.855560
v -12.093200 22.366859 -80.587761
v -11.735900 21.796301 -81.258377
v -11.122770 21.063940 -81.735847
v -10.267860 20.110350 -82.269234
v -13.188820 24.616859 -70.280792
v -13.155630 24.271530 -72.537308
v -13.012590 23.597460 -74.809692
v -13.178080 22.914339 -77.044418
v -13.279150 22.433599 -78.568283
v -12.999880 21.927500 -79.526497
v -12.729180 21.453430 -80.328178
v -12.407030 20.915180 -81.016991
v -13.868150 23.343281 -70.086739
v -13.928450 23.069700 -72.271980
v -13.744950 22.450670 -74.445671
v -13.871720 21.898211 -76.609673
v -13.907410 21.434629 -78.284912
v -13.744790 21.016640 -79.383926
v -14.778420 21.870199 -69.789581
v -14.926590 21.679420 -71.920853
v -14.745920 21.226950 -74.007721
v -14.702040 20.789400 -76.159302
v -15.980400 20.120060 -69.431862
v -16.093451 20.018000 -71.476196
v -15.780980 20.620440 -45.127209
v -15.698430 20.441401 -48.269901
v -15.909400 20.000740 -52.429298
v -16.352880 19.270300 -57.111080
v -17.175341 18.279280 -61.841690
v -17.253611 18.730070 -47.842258
v -17.295959 18.414511 -51.957520
v -17.630489 17.806540 -56.840752
v -19.363190 16.763321 -47.468922
v -19.035561 16.696131 -51.608231
v 35.948151 17.813770 -86.814201
v 38.236061 14.138640 -88.617378
v 37.806381 16.074520 -87.426239
v 37.099091 18.139950 -86.513260
v 38.950272 9.851590 -92.014313
v 39.502468 11.865900 -90.030212
v 39.415920 14.003720 -88.282112
v 38.915710 16.181471 -87.024986
v 38.142120 18.366871 -86.017181
v 40.663651 11.531870 -89.691559
v 40.578239 13.881720 -87.875862
v 40.093201 16.197010 -86.464149
v 41.915958 13.544380 -87.301247
v 41.567131 15.974810 -85.712753
v 21.898781 19.147449 -93.021683
v 21.374319 19.140671 -92.704971
v 23.797279 19.807560 -91.926483
v 23.398230 19.929420 -92.461739
v 22.968531 19.987301 -92.701286
v 22.597919 20.052010 -92.926521
v 22.214750 20.095461 -93.048042
v 23.578300 21.301750 -91.983231
v 23.279860 21.274130 -92.493179
v 24.536091 21.411070 -90.584137
v 25.083710 21.500650 -89.930092
v 24.435829 23.057249 -90.501160
v 25.035379 22.991659 -89.775749
v 25.590410 21.605921 -89.346786
v 25.575500 23.025570 -89.167740
v 26.072800 21.670090 -88.794220
v 26.089411 23.066019 -88.619072
v 26.667400 23.085951 -88.156052
v 27.325090 23.060310 -87.728813
v 29.131830 24.652390 -86.331589
v 28.063271 24.591660 -86.837128
v 27.359619 24.583611 -87.342842
v 26.690809 24.560110 -87.778610
v 26.053089 24.519011 -88.204880
v 25.548250 24.505899 -88.757080
v 25.086790 24.570789 -89.375702
v 30.400221 26.852369 -85.062149
v 28.886480 26.567261 -85.723923
v 27.892389 26.373449 -86.249046
v 27.205111 26.232901 -86.680229
v 26.626450 26.170240 -87.192200
v 26.053379 26.150810 -87.688423
v 30.171640 28.678020 -84.635559
v 28.674379 28.398279 -85.226501
v 27.705460 28.198030 -85.762367
v 27.016939 28.019911 -86.154152
v 26.462879 27.906429 -86.613312
v 30.130310 30.188061 -84.435402
v 28.548071 29.943171 -85.004890
v 27.561480 29.754810 -85.499329
v 30.071859 31.725260 -84.398407
v 28.440029 31.484180 -84.966843
v 22.955040 30.038950 -91.067657
v 22.585150 29.184031 -92.146690
v 22.885210 28.149401 -91.459534
v 22.134190 30.060190 -93.749336
v 22.282290 28.455629 -93.166283
v 22.669680 27.107950 -92.469521
v 23.303490 26.023081 -91.649338
v 21.828020 29.742500 -94.467720
v 22.082850 27.978910 -93.880333
v 22.525221 26.443220 -93.182472
v 23.124430 24.998199 -92.363403
v 27.392500 31.302719 -85.499130
v 26.680599 31.211981 -85.875679
v 26.843300 29.609791 -85.870453
v 26.119690 31.153860 -86.250267
v 26.263510 29.522890 -86.265701
v 25.667669 31.125700 -86.710648
v 25.758980 29.502501 -86.723083
v 25.932671 27.878500 -87.099770
v 25.262480 29.527290 -87.175201
v 25.395370 27.929951 -87.593201
v 25.474461 26.166639 -88.163803
v 24.777250 29.591190 -87.620506
v 24.868441 28.030701 -88.087730
v 24.993919 26.289049 -88.741058
v 24.374830 29.706409 -88.133049
v 24.447109 28.222219 -88.645576
v 24.499889 26.511511 -89.350220
v 24.518749 24.737061 -90.028671
v 24.069241 29.852949 -88.692993
v 24.003630 28.463640 -89.214684
v 23.946680 26.849930 -89.999313
v 23.925650 25.172520 -90.809059
v 23.757730 30.060650 -89.268181
v 23.523701 28.800840 -89.797371
v 23.417721 27.385700 -90.730637
v 23.437950 30.332270 -89.864594
v 23.168980 29.319590 -90.451790
v 21.543640 29.537510 -94.987007
v 21.859301 27.704229 -94.339622
v 22.373159 26.083000 -93.697990
v 22.881670 24.489201 -92.913338
v 21.279909 29.404530 -95.419594
v 21.635130 27.528379 -94.703552
v 22.100100 25.880211 -93.987701
v 20.932079 29.297050 -95.738876
v 21.323120 27.378220 -94.929138
v 21.847731 25.722250 -94.206848
v 20.615919 29.165911 -96.013634
v 20.971460 27.260201 -94.991241
v 20.264450 28.969709 -96.221237
v 20.617790 27.108030 -95.039261
v 19.736460 28.901510 -96.036278
v 3.987650 22.558399 -85.160477
v 3.461000 22.509911 -85.411377
v 4.603860 22.909540 -85.084770
v 3.976660 22.852850 -85.225166
v 3.439520 22.794500 -85.444580
v 5.351840 23.283449 -85.119141
v 4.582130 23.229870 -85.141083
v 3.964360 23.154631 -85.291771
v 3.418230 23.082560 -85.477982
v 6.279680 23.722719 -85.396332
v 5.305250 23.668409 -85.221100
v 4.547730 23.591740 -85.226219
v 3.936870 23.495880 -85.370743
v 3.385090 23.395781 -85.519318
v 2.970690 23.275290 -85.885773
v 7.291790 24.099850 -86.190392
v 6.141000 24.168619 -85.689056
v 5.210080 24.109270 -85.493134
v 4.482650 24.014210 -85.479820
v 3.896770 23.891750 -85.601280
v 3.390720 23.750811 -85.758186
v 2.956120 23.587360 -85.998543
v 8.247350 24.543890 -87.386238
v 7.077420 24.660231 -86.552017
v 5.951360 24.704081 -86.044357
v 5.062190 24.588831 -85.900864
v 4.384140 24.482771 -85.863007
v 3.813790 24.349569 -85.913223
v 3.362120 24.126949 -86.093269
v 2.954110 23.919090 -86.272507
v 9.183750 25.303640 -88.645844
v 7.973080 25.345591 -87.818336
v 6.805910 25.350269 -86.993080
v 5.708610 25.310511 -86.541557
v 4.878120 25.180981 -86.385933
v 4.232300 25.030399 -86.318069
v 10.230700 26.357100 -89.915092
v 8.855710 26.388020 -89.165840
v 7.573590 26.269239 -88.214203
v -24.949720 0.378710 -92.858673
v -23.950970 -0.248830 -95.335152
v -25.923309 3.130990 -86.917183
v -26.162371 1.429200 -89.989090
v -25.923281 -0.040570 -92.751579
v -24.976830 -0.847870 -95.563629
v -24.642870 5.141980 -79.532593
v -26.163500 3.909650 -82.938309
v -26.745070 2.706620 -86.409401
v -26.990351 1.146850 -89.544189
v -26.791109 -0.402900 -92.488060
v -25.935789 -1.294960 -95.579483
v -27.978201 2.078610 -85.701172
v -27.807600 0.748700 -89.006012
v -27.431000 -0.692140 -92.214470
v -26.650280 -1.604400 -95.493172
v -25.566549 -1.816730 -98.431267
v -27.903709 -0.956850 -92.070198
v -27.214970 -1.870020 -95.411926
v -26.229530 -2.285590 -98.443169
v -26.784849 -2.697440 -98.474297
v -18.432510 16.615511 -69.742722
v -18.658510 15.691380 -70.097443
v -18.788870 14.909550 -70.498230
v -18.697500 14.105420 -70.847763
v -18.470831 13.233690 -71.114418
v -19.390720 14.903640 -69.179893
v -19.430330 14.224460 -69.649269
v -19.348650 13.536430 -70.064850
v -19.066650 12.812040 -70.375389
v -20.217091 13.459240 -68.992889
v -19.953899 12.837590 -69.369652
v -19.564131 12.214080 -69.835114
v -20.535240 12.129230 -68.971817
v -19.919991 11.600940 -69.481529
v -16.777380 12.594200 -75.479179
v -16.703831 12.462790 -76.127968
v -17.080030 11.759720 -75.353699
v -16.997290 11.715850 -76.029419
v -16.570040 11.606660 -76.505051
v -17.356819 11.083470 -75.281631
v -17.209761 11.073850 -76.015892
v -16.591539 11.025800 -76.401039
v -15.816170 11.070140 -76.858002
v -14.656170 11.355990 -77.235161
v -17.599911 10.510990 -75.243690
v -17.346769 10.544890 -75.965561
v -16.676380 10.510950 -76.456818
v -15.844720 10.615980 -76.972481
v -17.821970 10.010090 -75.251999
v -17.539061 10.059910 -76.032089
v -16.807739 10.041620 -76.587402
v -15.888860 10.182490 -77.132660
v -18.035110 9.529310 -75.267937
v -17.730499 9.578450 -76.089630
v -16.952650 9.566850 -76.710968
v -18.249680 9.045830 -75.293610
v -17.927330 9.076040 -76.151962
v -17.118170 9.058140 -76.888680
v -18.772341 8.733830 -75.357567
v -18.274031 8.630940 -76.346588
v -19.375320 8.342370 -75.444641
v -18.763149 8.230150 -76.640839
v -20.428249 7.758870 -75.624702
v -19.589720 10.201160 -70.082199
v -19.904079 9.826230 -70.279678
v -20.222111 9.428610 -70.497383
v -19.521040 9.284790 -71.090622
v -20.135830 8.974230 -71.185509
v -20.759319 8.314730 -71.707253
v -4.606260 15.220940 -89.056313
v -3.781500 15.386510 -89.794022
v -4.549770 14.377370 -90.843170
v -18.343330 12.352170 -71.261421
v -17.765890 12.508350 -72.051041
v -17.308201 12.580790 -72.878822
v -17.037201 12.629390 -73.775581
v -19.028629 11.722170 -70.423073
v -18.379971 11.623380 -71.183769
v -17.782610 11.667440 -71.989082
v -17.488470 11.683770 -72.847977
v -19.218060 11.191270 -70.226631
v -18.461830 11.040110 -71.001472
v -19.360331 10.687320 -70.073441
v -16.854080 12.627940 -74.669250
v -17.214920 11.688020 -73.696564
v -17.073339 11.719270 -74.562286
v -17.922070 11.019100 -71.858360
v -17.622820 10.989030 -72.734482
v -17.374920 10.935320 -73.598480
v -17.362869 11.010920 -74.473557
v -18.610809 10.524660 -70.901817
v -18.059931 10.459590 -71.749496
v -17.787701 10.427640 -72.645576
v -17.649151 10.394380 -73.545250
v -17.613649 10.432360 -74.425148
v -18.848410 10.083980 -70.909309
v -18.332380 10.008690 -71.743050
v -18.014589 9.938910 -72.595779
v -17.891890 9.913650 -73.507912
v -19.086361 9.642760 -70.935249
v -18.624060 9.567940 -71.743843
v -18.255150 9.449080 -72.538727
v -18.133720 9.435290 -73.468132
v -19.054239 9.191120 -71.796417
v -18.723881 9.093230 -72.563141
v -18.529909 9.047600 -73.438362
v -19.695459 8.829180 -71.832001
v -19.359011 8.753430 -72.573067
v -19.096220 8.698180 -73.407204
v -20.330351 8.214880 -72.477837
v -21.969980 7.456980 -72.180260
v 25.399549 15.038270 -94.231339
v -4.879030 13.203710 -95.021690
v -4.372270 13.172910 -95.804947
v -4.039990 13.260040 -96.587471
v -3.246050 14.321830 -96.166183
v -3.654280 13.331870 -97.240112
v -2.806200 14.338620 -96.687881
v -2.186280 15.310380 -95.821922
v -3.094590 13.247760 -97.687477
v -2.296870 14.317790 -97.148392
v -1.666980 15.151880 -96.194450
v -2.351220 13.074870 -97.974136
v -1.629930 14.246130 -97.554543
v -1.043610 14.968210 -96.536461
v -0.483570 15.844090 -95.289360
v -1.276800 12.792120 -98.129837
v -0.594420 13.954650 -97.722717
v 23.271641 -4.416870 -97.453560
v 23.881020 -3.805650 -96.708191
v 22.638500 -3.303750 -96.635849
v 24.299101 -3.153250 -96.322327
v 23.109819 -2.742110 -96.198242
v 22.209240 -2.258300 -96.052658
v 24.631729 -2.499720 -96.000977
v 23.466909 -2.105600 -95.919998
v 22.474770 -1.735140 -95.827240
v 24.913401 -1.857070 -95.742287
v 23.705799 -1.533400 -95.681023
v 25.115870 -1.271950 -95.565910
v 23.845980 -1.073390 -95.484840
v 25.215090 -0.732140 -95.504890
v 25.279770 -0.218460 -95.439461
v -10.835380 29.334261 -79.263046
v -10.678630 28.577259 -81.392868
v -10.566080 27.533529 -82.709450
v -11.102180 28.501440 -76.187134
v -11.162590 27.851431 -78.796989
v -11.079170 27.153061 -80.653587
v -10.962780 26.393980 -81.837631
v -10.575290 25.640110 -82.498970
v -11.390100 27.822029 -73.223267
v -11.427520 27.235451 -75.853630
v -11.553920 26.473169 -78.388222
v -11.487520 25.804951 -80.031090
v -11.446430 25.229860 -81.082291
v -11.060590 24.566120 -81.768883
v -10.611280 23.832621 -82.368179
v -12.198290 27.017059 -70.743431
v -11.771520 26.580370 -72.944771
v -11.814930 25.963680 -75.498444
v -12.044850 25.203119 -77.945641
v -12.066140 24.570181 -79.455521
v -11.947520 24.013229 -80.402023
v -11.626630 23.418921 -81.115990
v -11.201030 22.771740 -81.739212
v -10.609920 22.020700 -82.251747
v -10.069760 16.758560 -82.644852
v -10.623000 16.162319 -82.395767
v -11.145800 15.552120 -82.120773
v -10.540120 15.097620 -82.359612
v -11.709220 14.937690 -81.740417
v -11.169630 14.477930 -82.044540
v -10.780960 14.085680 -82.495979
v -12.147540 14.339350 -80.939903
v -11.737340 13.842440 -81.325172
v -11.363810 13.357920 -81.713989
v -12.694220 13.679120 -79.957550
v -12.377380 13.199800 -80.368279
v -12.204020 12.669330 -80.850060
v -12.003660 12.032080 -81.318840
v -13.029830 30.072390 -29.771891
v -13.182400 30.240471 -30.345051
v -13.661430 28.521521 -31.498529
v -13.607020 28.769711 -31.894421
v -13.524080 29.059731 -32.371738
v -14.006170 26.966780 -33.187550
v -13.955760 27.335381 -33.523041
v -13.790570 27.721310 -33.922340
v -13.605760 28.122061 -34.351360
v -13.331840 28.464960 -34.769920
v -14.058760 25.725401 -35.032970
v -13.885180 26.163139 -35.326439
v -13.695690 26.624479 -35.630890
v -13.477580 27.080589 -35.929539
v -13.106490 27.458080 -36.174332
v -12.684720 27.847561 -36.494301
v -13.805630 24.535860 -36.527111
v -13.769630 25.025530 -36.873669
v -13.679950 25.520741 -37.193001
v -13.312630 25.960939 -37.437180
v -12.899040 26.469379 -37.668091
v -14.027490 24.092510 -38.236229
v -13.769410 24.595310 -38.656681
v -13.271100 25.125170 -39.020222
v -14.013740 23.607611 -40.123959
v 33.705170 -11.154810 -101.901230
v 34.433041 -11.473480 -101.282730
v 34.508530 -12.054250 -101.259071
v 35.626980 -12.142870 -100.642578
v 18.985399 -3.892630 -99.270767
v 18.358730 -3.525490 -99.809868
v 17.950310 -2.944830 -100.421204
v 18.204809 -2.707850 -99.111992
v 17.812290 -2.314190 -99.666328
v 17.522150 -1.839140 -100.050591
v 17.274481 -1.414640 -100.258919
v 17.048599 -1.010880 -100.392921
v 17.012980 -0.597960 -100.476341
v -23.790960 -3.486210 -104.176743
v -23.684971 -3.933830 -104.454033
v -22.409510 -3.029080 -104.500999
v -20.999010 -2.464470 -104.396461
v -23.543350 -4.408130 -104.697800
v -22.260620 -3.569170 -104.681938
v -20.851589 -3.081950 -104.589752
v -19.231899 -2.847660 -104.543037
v -17.424219 -2.485690 -104.746422
v -23.358130 -4.942440 -104.827904
v -22.113840 -4.179590 -104.833504
v -20.713949 -3.776360 -104.785294
v -19.106010 -3.551470 -104.789200
v -17.282310 -3.166140 -104.972527
v -15.146470 -2.499250 -105.108177
v -12.671470 -1.506450 -105.402748
v -23.123949 -5.503440 -104.790680
v -21.986309 -4.841490 -104.994560
v -20.608660 -4.519660 -105.000938
v -18.991270 -4.292340 -105.045822
v -17.118959 -3.917210 -105.182083
v -22.907009 -6.077350 -104.660652
v -21.885731 -5.606440 -104.846283
v -20.546650 -5.312830 -104.964798
v -25.017300 -3.828810 -103.361809
v -24.908970 -4.358340 -103.763878
v -24.704969 -4.904130 -104.054092
v 18.799681 5.795620 -103.352730
v 17.095249 5.721440 -104.122383
v 17.408600 5.388930 -103.834801
v 17.771391 5.051580 -103.587387
v 18.129629 4.693090 -103.352493
v 16.009850 4.765730 -105.000504
v 16.481791 4.564460 -104.870529
v 16.841471 4.342160 -104.482613
v 17.102619 4.111770 -104.023689
v 17.315319 3.841620 -103.577881
v 17.684090 3.568790 -103.220016
v 14.850980 3.397190 -105.731400
v 15.526700 3.280560 -105.655373
v 16.066589 3.176230 -105.398872
v 16.492371 3.074700 -105.050743
v 16.859560 2.934870 -104.676430
v 17.072290 2.765350 -104.185417
v 17.284630 2.568370 -103.687317
v 17.338150 2.354780 -103.055580
v 17.376820 2.075290 -102.295990
v 13.090030 1.712310 -106.249420
v 14.330620 1.766840 -106.103348
v 15.107110 1.764200 -105.918999
v 15.732790 1.754060 -105.735992
v 16.169889 1.719030 -105.399208
v 16.468170 1.652630 -104.995148
v 16.768499 1.556490 -104.586792
v 17.000580 1.444570 -104.084511
v 17.040800 1.336040 -103.426437
v 17.080799 1.169750 -102.631721
v 17.181589 0.941680 -101.630493
v 22.540480 12.890640 -98.813362
v 23.421850 14.972100 -96.707603
v 18.546869 6.188350 -103.582771
v 16.813890 6.047370 -104.399323
v 16.431601 6.400050 -104.479797
v 15.500390 5.019390 -105.048317
v 14.892570 5.344790 -105.002167
v 14.006740 3.583820 -105.739967
v 14.092630 5.807170 -104.904457
v 12.900880 3.822750 -105.642632
v 11.792040 4.325720 -105.265038
v 18.751020 -2.945740 -98.547981
v 19.811260 -4.153160 -98.658661
v 19.426291 -3.109630 -98.003403
v 20.978069 -4.114690 -97.987381
v 20.304070 -3.096730 -97.525803
v 21.109150 -2.927680 -96.973053
v -17.912649 13.541950 -71.942802
v -18.176510 14.548540 -71.723610
v -18.332161 15.459140 -71.477173
v -18.257170 16.343451 -71.262138
v -17.503220 13.711900 -72.842827
v -17.917200 14.811940 -72.747581
v -18.001680 15.808360 -72.599182
v -17.195169 13.790820 -73.817039
v -17.600740 14.909390 -73.859200
v -17.085150 13.746740 -74.834061
v -17.984461 17.296749 -71.167038
v -17.704559 17.565821 -72.648376
v -17.307180 17.423870 -74.256920
v -16.965429 17.195431 -75.865433
v -17.979490 16.694370 -72.566620
v -17.684610 16.725121 -74.057587
v -17.428040 16.557871 -75.588661
v -17.138630 16.255329 -76.750381
v -16.840309 15.930870 -77.652397
v -16.334200 15.578690 -78.364380
v -15.460270 15.105840 -78.885147
v -14.251290 14.634110 -79.152863
v -17.761841 15.906440 -73.917801
v -17.498569 15.782370 -75.305801
v -17.266920 15.495270 -76.401894
v -17.006701 15.147870 -77.233910
v -16.616529 14.757700 -77.896431
v -15.827260 14.334740 -78.262909
v -17.308830 14.856860 -75.030220
v -17.144020 14.630150 -76.046967
v -16.920610 14.325490 -76.812218
v -16.635630 13.952290 -77.387527
v -16.956791 13.610480 -75.729889
v -14.774400 13.873600 -78.414200
v -16.051430 13.558660 -77.725662
v -15.190280 13.185670 -77.810158
v -16.849770 13.378180 -76.427231
v -16.624229 13.071290 -76.957909
v -16.060329 12.803980 -77.255768
v -15.200790 12.242780 -77.337540
v -14.907200 11.786350 -77.280052
v -15.946740 12.150020 -76.977928
v -15.884860 11.567990 -76.929260
v -16.527630 12.278020 -76.635109
v -13.430620 12.964540 -79.024498
v -13.183980 12.537990 -79.404068
v -13.091750 12.025280 -79.856918
v -12.996920 11.382240 -80.327950
v -13.778730 11.879850 -78.263062
v -13.621060 11.396740 -78.559158
v -13.839740 13.422570 -78.609772
v -14.469670 12.749400 -77.851120
v -14.029200 12.315680 -78.005669
v -10.384750 8.691230 -85.384003
v -10.260440 8.319940 -86.744987
v -10.239410 8.179760 -88.318481
v -12.309490 9.769750 -82.265770
v -11.675810 9.000730 -83.077332
v -11.148920 8.375320 -83.947060
v -10.894600 7.881840 -85.063583
v -10.770330 7.484520 -86.398300
v -10.757710 7.259610 -87.910339
v -11.761210 7.676460 -83.865982
v -11.461420 7.246100 -84.948181
v -11.307890 6.881500 -86.230339
v -11.241100 6.617480 -87.676964
v -12.078780 6.633860 -85.022346
v -11.870150 6.322970 -86.188721
v -11.820970 6.152540 -87.553520
v -12.441200 5.665280 -87.500526
v -5.372590 15.154100 -88.213257
v -6.138260 14.448450 -88.945427
v -5.323670 14.365630 -89.988068
v -6.928450 13.781090 -89.364853
v -6.197650 13.560990 -90.601189
v -7.262080 12.921080 -90.851768
v -8.113430 12.024540 -90.653267
v -8.825280 11.072020 -90.094193
v 17.469299 -1.582100 -99.171288
v 17.341539 -1.204180 -99.251518
v 17.226130 -0.856570 -99.317093
v 17.118870 -0.518260 -99.361092
v 17.104780 -0.152710 -99.406113
v 17.837700 -1.559160 -98.446609
v 17.677719 -1.158540 -98.401672
v 17.564251 -0.804710 -98.412743
v 17.449909 -0.476040 -98.441360
v 18.318850 -1.651530 -97.821823
v 18.129049 -1.214290 -97.703522
v 17.950541 -0.831010 -97.637001
v 17.904869 -0.449810 -97.692421
v 18.920210 -1.655040 -97.299057
v 18.734230 -1.191970 -97.159538
v 18.585569 -0.789450 -97.085876
v 19.566780 -1.617540 -96.818512
v 19.403419 -1.133690 -96.695351
v 20.215731 -1.551720 -96.412727
v 23.739389 6.442900 -100.289192
v 23.870991 7.043700 -100.668152
v 22.807190 6.913340 -101.076180
v 21.768089 6.784500 -101.393127
v 23.949690 7.568370 -100.983253
v 22.839430 7.454890 -101.275032
v 21.756241 7.273390 -101.578140
v 20.676260 6.979570 -101.950821
v 23.924620 8.148470 -101.018272
v 22.801519 8.026170 -101.313782
v 21.693640 7.781190 -101.690697
v 20.580410 7.415130 -102.128014
v 19.586630 6.897720 -102.854362
v 23.883780 8.766410 -101.059242
v 22.734970 8.626940 -101.360588
v 21.565020 8.321820 -101.719620
v 20.441469 7.880680 -102.230850
v 22.623329 9.267740 -101.399353
v 21.375360 8.905820 -101.686546
v 20.204941 8.377720 -102.213928
v 22.506180 9.900990 -101.410629
v 21.167070 9.498650 -101.635384
v 22.426121 10.490800 -101.316841
v 20.987801 10.065710 -101.456169
v 22.386761 11.064690 -101.128258
v 22.403641 11.714240 -100.424042
v 23.748739 4.359850 -98.307701
v 23.025110 3.540150 -97.662369
v 22.740471 4.693590 -98.845123
v 22.116600 3.710110 -98.009941
v 21.245840 3.818230 -98.367371
v 20.458241 3.870570 -98.711800
v 19.442770 2.864970 -98.264053
v 18.856020 2.739850 -98.717697
v 25.245560 0.867080 -95.601631
v 24.504021 3.729520 -97.589172
v 24.870911 2.918680 -96.900833
v 25.058319 2.127050 -96.338089
v 25.171360 1.466580 -95.878853
v -26.113770 -4.343680 -102.551773
v -25.796301 -5.004720 -103.134872
v -25.470449 -5.633910 -103.530090
v -25.146070 -6.207410 -103.896812
v -24.772671 -6.657320 -104.106628
v -24.249660 -5.847630 -104.516777
v -24.436600 -7.027630 -104.298302
v -23.939541 -6.298650 -104.561493
v -23.984421 -7.324710 -104.319366
v -23.565310 -6.714300 -104.477821
v -23.747311 -8.119140 -104.133926
v -23.405029 -7.525000 -104.295433
v -23.053949 -6.983000 -104.434959
v -22.843540 -8.206100 -104.158592
v -22.443581 -7.581750 -104.318817
v -22.098160 -6.981910 -104.493752
v -21.333099 -8.151630 -104.206482
v -20.971010 -7.475830 -104.427223
v -20.700100 -6.806590 -104.617569
v -19.488140 -8.006590 -104.343407
v -19.205481 -7.287920 -104.551987
v -17.419519 -7.802520 -104.439529
v -17.177990 -7.051830 -104.692612
v -15.092150 -7.591220 -104.609291
v -14.879460 -6.780910 -104.855637
v -12.455980 -7.354130 -104.706306
v -9.773650 -8.016490 -104.504128
v -9.529840 -7.136490 -104.771202
v -6.614410 -7.833080 -104.528610
v -3.255500 -7.656160 -104.540154
v 0.257670 -7.458450 -104.591682
v 15.585150 25.603559 -90.967308
v 15.204870 27.307720 -92.608841
v 14.678150 25.759809 -90.735481
v 14.796440 29.298599 -94.112396
v 14.173080 27.398520 -92.340050
v 13.087330 27.511789 -92.139908
v 27.415039 7.569820 -100.688698
v 27.369909 7.159260 -100.425240
v 27.342810 6.726360 -100.139740
v 27.450340 6.177000 -99.658447
v 26.097031 9.387720 -100.658089
v 26.128820 8.877660 -100.759712
v 26.152380 8.365080 -100.798843
v 26.191250 7.852980 -100.834122
v 26.215799 7.357560 -100.665291
v 26.244789 6.882970 -100.360123
v 26.343390 6.275400 -99.847481
v 19.909870 8.868440 -102.086273
v 20.884871 10.660900 -101.283417
v 20.845461 11.359890 -100.847801
v -11.984000 31.375771 -94.751862
v -11.401890 31.212521 -93.228943
v -11.310980 30.743719 -93.291893
v -10.886970 31.002720 -91.859848
v -10.802690 30.259951 -91.998878
v -10.717840 29.619160 -92.216537
v -10.616280 30.779131 -90.665131
v -10.477940 29.762930 -90.887199
v -10.397690 28.887079 -91.189667
v -10.282320 28.214951 -91.495300
v -10.345660 30.596460 -89.623260
v -10.306470 29.351601 -89.858521
v -10.275740 28.288441 -90.158234
v -10.204550 27.502520 -90.443336
v -10.121270 26.943520 -90.697197
v -10.098780 30.437269 -88.676590
v -10.062850 29.038570 -88.890518
v -10.006870 27.904980 -89.122513
v -9.895800 27.062651 -89.348930
v -9.937010 30.294319 -87.770920
v -9.911210 28.837210 -87.954048
v -9.730830 27.723289 -88.126259
v -9.983140 30.203171 -86.855339
v -9.837440 28.746071 -87.022972
v -10.003730 30.209249 -85.824417
v -10.043810 30.251640 -84.542587
v -9.781860 26.426170 -89.569298
v -9.553780 26.835369 -88.296768
v -9.645720 27.645960 -87.163101
v -9.903890 28.733120 -86.041489
v -15.628740 20.853661 -12.189620
v -16.655880 19.955910 -12.451530
v -17.477091 19.560961 -10.280620
v -19.004860 18.551371 -11.323720
v -20.351410 17.837280 -12.657410
v -21.518080 17.177731 -13.905930
v -22.686460 16.660070 -15.089140
v -10.862200 28.214270 -27.347040
v -10.102770 26.428820 -28.086740
v -11.438520 26.899799 -28.827971
v -12.283900 27.381350 -29.624050
v -8.435580 24.712730 -27.736300
v -10.141750 25.051229 -28.883190
v -11.475950 25.284580 -29.892160
v -12.428770 25.561340 -30.858780
v -13.210430 25.791460 -31.644880
v -11.207340 23.763880 -30.443600
v -12.213840 23.785280 -31.595989
v -12.999580 23.919270 -32.638981
v -13.583950 24.135860 -33.431042
v -14.023370 24.450510 -33.955132
v -12.511680 22.511150 -33.294590
v -13.219720 22.753799 -34.302448
v -13.619860 23.154619 -35.079700
v -13.904600 23.587980 -35.689411
v -13.814840 22.508249 -36.591068
v -13.904330 23.013149 -37.250229
v -14.429170 22.457121 -38.827148
v -42.800220 5.621450 4.615960
v -44.429550 4.213280 4.743210
v -44.317589 3.884400 2.619220
v -44.187248 3.609120 0.067370
v -45.749619 3.091140 4.940110
v -45.579929 2.815580 2.830160
v -45.381340 2.623490 0.176780
v -45.108009 2.528560 -2.881130
v -46.780109 2.219480 5.122320
v -46.509892 2.020990 3.057070
v -46.218781 1.911940 0.394920
v -45.893639 1.882720 -2.735660
v -45.505100 1.945400 -6.212620
v -44.945969 2.187490 -9.851180
v -47.306301 1.089020 3.206630
v -46.907150 1.117550 0.572830
v -46.493462 1.198710 -2.540600
v -46.141891 1.387180 -6.047470
v -45.607609 1.626420 -9.802610
v -44.675011 2.193840 -13.804000
v -43.516460 3.178270 -17.369150
v -48.208118 -0.052640 3.232440
v -47.686401 0.075890 0.632420
v -47.156731 0.321700 -2.424910
v -46.672131 0.630420 -5.870530
v -46.177650 1.005870 -9.641700
v -45.311840 1.594020 -13.823390
v -44.092880 2.475110 -17.775560
v -42.658230 3.938140 -21.703211
v -49.134800 -1.163710 3.407150
v -48.514778 -1.029760 0.719270
v -47.892311 -0.744760 -2.372790
v -47.285149 -0.317050 -5.806250
v -46.663940 0.230790 -9.590720
v -45.907558 1.018320 -13.848620
v -49.920609 -2.174500 3.580020
v -49.268120 -2.046940 0.837340
v -48.622398 -1.760230 -2.403100
v 28.501410 18.397060 -87.475082
v 28.527281 15.911350 -88.328293
v 28.619570 16.304449 -87.960060
v 28.722441 16.786909 -87.657478
v 28.816780 17.389151 -87.478149
v 29.021030 18.117500 -87.314934
v -44.589149 1.804040 -18.055840
v -43.106060 3.060680 -22.257370
v -47.912449 -1.299170 -5.942200
v -47.135342 -0.619640 -9.808960
v -46.207539 0.315340 -14.057520
v -45.056301 1.196940 -18.390249
v -49.809280 -3.205940 0.728990
v -49.078510 -2.726680 -2.628900
v -48.431049 -2.186960 -6.267820
v -47.615181 -1.480750 -10.200530
v -46.557480 -0.526580 -14.453260
v -49.399761 -3.736180 -3.077640
v -48.731419 -3.070520 -6.639700
v -48.056831 -2.337700 -10.581360
v -23.157021 12.788000 -52.185581
v -26.468491 8.715060 -56.845589
v -24.555000 11.052380 -56.638111
v -22.473040 13.048690 -56.528358
v -29.282740 5.300310 -61.687222
v -27.816139 7.149380 -61.147839
v -26.052139 9.139390 -60.767738
v -24.212910 11.121890 -60.758072
v -22.417061 12.872830 -61.018978
v -29.733210 4.882790 -65.813980
v -28.511181 6.341860 -64.963852
v -27.222000 7.801800 -64.278030
v -25.684759 9.423160 -63.865841
v -24.095970 11.028350 -63.805168
v -22.632900 12.487830 -64.080482
v -28.632830 5.525660 -67.656311
v -27.697140 6.684120 -66.672447
v -26.609200 8.002470 -65.977600
v -25.341820 9.491190 -65.539162
v -24.042879 10.954920 -65.408173
v -22.795780 12.215720 -65.594391
v -26.899330 6.863940 -67.777451
v -25.986879 8.083270 -67.070282
v -24.919781 9.462140 -66.565857
v -23.711210 10.661070 -66.278328
v -22.657970 11.810480 -66.421577
v -25.130461 8.162620 -68.079041
v -24.245119 9.347310 -67.477448
v -23.288099 10.401760 -67.121460
v -22.393221 11.382910 -67.125069
v -23.342369 9.279690 -68.403748
v -22.693750 10.191860 -68.001900
v -22.122299 11.079990 -67.943977
v -21.822020 10.028370 -68.783218
v -21.352171 10.672070 -68.560043
v -20.489731 10.414660 -69.297798
v -41.630692 3.975450 -27.161100
v -40.497570 3.312590 -32.143501
v -39.778240 2.053220 -36.973000
v -39.137821 0.792120 -41.871101
v -38.178921 -0.458110 -46.637989
v -36.896530 -1.403190 -50.716221
v -35.742760 -1.605110 -53.794621
v -34.754791 -1.305860 -56.434608
v -33.815071 -0.432690 -59.333981
v -32.664581 1.025930 -63.082401
v -43.669552 2.014210 -22.666691
v -42.404690 2.387310 -27.236460
v -41.466320 1.886530 -31.910749
v -40.700481 0.884610 -36.701672
v -39.931332 -0.355460 -41.626389
v -38.982658 -1.625190 -46.358479
v -37.900719 -2.632500 -50.534710
v -36.889339 -3.058000 -53.935341
v -45.445179 0.333050 -18.766239
v -44.265598 0.735110 -23.009590
v -43.177219 0.705320 -27.364759
v -42.305828 0.317060 -31.821131
v -41.464642 -0.425100 -36.538380
v -46.927582 -1.539900 -14.876260
v -45.727150 -0.882410 -19.164450
v -44.716881 -0.792040 -23.325239
v -38.905659 6.882570 -29.317381
v -37.113838 6.758970 -33.510578
v -37.687740 7.938340 -30.163980
v -34.666222 7.211390 -37.562309
v -35.788479 8.027580 -33.623959
v -36.296452 9.016430 -30.673031
v -36.391571 9.675690 -28.800770
v -31.559280 8.559470 -40.650639
v -33.182720 8.542560 -37.127090
v -34.228821 9.309320 -33.644711
v -34.792809 10.214100 -30.990669
v -35.020630 10.825870 -29.242941
v -28.232740 10.396630 -42.840488
v -30.215851 9.755740 -39.786999
v -31.675859 9.669190 -36.648411
v -32.720039 10.527440 -33.646130
v -33.286282 11.356120 -31.067940
v -4.105620 14.656530 -91.673752
v -4.982680 13.607270 -92.361343
v -26.700350 4.929670 -72.008293
v -28.682150 4.061510 -71.583229
v -30.148991 3.408600 -71.162071
v -31.613171 2.006420 -70.647522
v -31.569740 1.352570 -73.451637
v -23.942060 6.183470 -72.582428
v -23.499880 6.178140 -73.905640
v -26.665510 4.642560 -73.471519
v -28.960400 3.543040 -73.399452
v -30.435070 2.669130 -73.408974
v -19.479670 7.753160 -77.098122
v -17.755260 8.024630 -77.681091
v -16.344400 8.839190 -78.096741
v -17.384380 8.558190 -77.236633
v -14.935990 9.676170 -78.472061
v -16.083370 9.302370 -77.613541
v -13.637840 10.291030 -79.246010
v -14.635830 10.012890 -78.029198
v -15.936380 9.736270 -77.296288
v -13.591300 10.872510 -78.910698
v -14.578970 10.438370 -77.747307
v -14.569840 10.844780 -77.446808
v -4.507410 17.231131 -84.581200
v -4.454000 16.963150 -84.998299
v -4.435640 16.712690 -85.470398
v -3.716420 16.748960 -85.629021
v -4.402440 16.448490 -85.993538
v -3.644740 16.516081 -86.283440
v -3.104480 16.803249 -86.578300
v -4.472000 16.121920 -86.603218
v -3.757260 16.296579 -87.089600
v -3.127650 16.600260 -87.539810
v -2.528850 16.907499 -87.841377
v -3.915510 17.340460 -84.715111
v -3.483330 17.489790 -84.826157
v -3.108890 17.674419 -84.942719
v -2.776350 17.895041 -85.061073
v -3.792510 16.978790 -85.075920
v -3.325160 17.197590 -85.249451
v -2.945700 17.431089 -85.393227
v -2.615850 17.689140 -85.498573
v -3.193010 16.971540 -85.817520
v -2.745850 17.186649 -85.946770
v -2.418310 17.504290 -86.056702
v -2.621320 17.071140 -86.780983
v -2.286310 17.445070 -86.931267
v -2.055590 17.288389 -88.018303
v -8.002050 17.911280 -83.616638
v -7.270670 17.479330 -84.006271
v -6.441000 17.528700 -84.200340
v -7.299140 17.048740 -84.296928
v -6.431210 17.131350 -84.421608
v -5.409590 17.189800 -84.508698
v -6.450970 16.814989 -84.853828
v -5.373390 16.926880 -84.914513
v -6.455000 16.468479 -85.330521
v -5.367780 16.627890 -85.342003
v -5.345660 16.324270 -85.813164
v -5.322630 15.983790 -86.341080
v -6.297270 15.731060 -86.555290
v -5.960810 15.281570 -87.316917
v -7.378330 16.177650 -85.302841
v -7.374640 15.749720 -85.998878
v -7.241930 15.324910 -86.848221
v -6.839970 14.798650 -87.844711
v -8.051560 16.931910 -84.188507
v -8.080140 16.408529 -84.630257
v -8.124560 15.854590 -85.224060
v -8.139940 15.330020 -86.002083
v -8.017710 14.835760 -86.944420
v -7.660130 14.345100 -88.127098
v -8.719920 17.753330 -83.264740
v -8.637920 17.151070 -83.561852
v -8.632440 16.629061 -83.950737
v -8.709770 16.125120 -84.485161
v -8.798850 15.576980 -85.153801
v -8.840830 15.018410 -85.986160
v -8.720550 14.468760 -86.945961
v -8.377320 13.915480 -88.177002
v -7.764360 13.273410 -89.506630
v -9.199720 15.758840 -84.279716
v -9.352650 15.247360 -85.035988
v -9.457140 14.725100 -85.921654
v -9.364020 14.175750 -86.910561
v -9.045230 13.523780 -88.120850
v -8.452510 12.673360 -89.334938
v -9.711880 13.729440 -86.639091
v -9.408520 12.990690 -87.729156
v -8.992960 12.017570 -88.884018
v -4.780300 15.771680 -87.394859
v -4.076680 15.905400 -88.050102
v -3.333600 16.174240 -88.618019
v -2.630440 16.565670 -89.018158
v -39.494400 4.571300 -32.586658
v -38.744961 3.196220 -37.371960
v -37.512390 4.435060 -37.760250
v -38.035561 1.944790 -42.129822
v -36.586010 3.486180 -42.288769
v -34.776440 5.353890 -42.038879
v -36.909458 0.951060 -46.822250
v -35.024750 2.825990 -46.617008
v -32.898548 5.160790 -45.950039
v -31.037550 7.366530 -45.064529
v -35.363159 0.380470 -50.755150
v -33.120239 2.547570 -50.221272
v -30.967030 5.131790 -49.236992
v -29.199160 7.638450 -48.184990
v -27.638241 9.637290 -47.038990
v -34.100609 0.387680 -53.502960
v -31.837799 2.728450 -52.726528
v -29.649509 5.381400 -51.712101
v -27.867630 8.004400 -50.714298
v -26.195601 10.213160 -49.762112
v -24.420460 12.205050 -48.645748
v -33.061310 0.798350 -55.682289
v -30.938869 3.187240 -54.818630
v -28.925711 5.743230 -53.962341
v -27.005720 8.305760 -53.297272
v -25.211491 10.712600 -52.769970
v -32.017231 1.872040 -58.464119
v -30.063400 4.032470 -57.763359
v -28.340540 6.318500 -57.185211
v -30.770670 3.430470 -62.336342
v 32.401058 27.272310 -84.281067
v 34.120441 29.028900 -83.257347
v 32.189468 28.897160 -83.951469
v 35.455170 30.645081 -82.546799
v 34.002750 30.530371 -83.130493
v 32.148140 30.386921 -83.789177
v 36.453300 32.490898 -81.914062
v 35.269520 32.365360 -82.513733
v 33.878681 32.191250 -83.083763
v 32.068550 31.971109 -83.729073
v 47.643040 -20.005150 -89.876244
v 45.316422 -17.421270 -91.963013
v 43.657211 -15.478590 -93.890343
v 42.342979 -13.770930 -95.675621
v 41.246471 -12.186650 -96.868950
v 51.575352 -18.904791 -87.143021
v 48.675209 -16.632509 -89.705559
v 46.539631 -14.654410 -91.758820
v 44.908161 -13.050680 -93.645149
v 43.518452 -11.661840 -95.070259
v 42.587479 -10.563560 -96.016922
v 49.808010 -13.264470 -89.448372
v 47.762749 -11.693480 -91.421593
v 45.974899 -10.277000 -93.025391
v 44.908249 -9.276090 -94.449379
v 44.067009 -8.557130 -95.318878
v 48.762589 -8.506170 -90.993584
v 47.157719 -7.505420 -92.791908
v 46.015598 -6.812740 -93.960289
v 45.089260 -6.334070 -94.705742
v 47.374741 -4.751820 -92.302719
v 46.214062 -4.234200 -93.526299
v 45.293072 -3.924670 -94.262062
v 45.952808 -1.565360 -93.146133
v 45.109348 -1.384320 -93.968491
v 44.532291 1.105480 -93.736343
v 16.900860 -0.253470 -101.695442
v 17.022020 -0.190260 -100.526192
v 16.689600 -1.123310 -103.596313
v 16.764210 -0.941910 -102.709793
v 16.972969 -0.746630 -101.637238
v 16.738291 -2.094130 -104.161903
v 16.777550 -1.883840 -103.406471
v 16.890650 -1.563010 -102.518158
v 17.075701 -1.244950 -101.503807
v 16.474119 -3.349580 -104.944221
v 16.854820 -3.214880 -104.552597
v 16.967449 -3.034930 -103.864243
v 17.049500 -2.695130 -103.091904
v 17.142630 -2.224420 -102.205566
v 17.300810 -1.763970 -101.275879
v 16.110001 -4.686010 -105.365311
v 16.485210 -4.556520 -104.965881
v 16.838671 -4.424810 -104.564438
v 17.208549 -4.252320 -104.144798
v 17.329830 -3.976850 -103.441879
v 17.429131 -3.524580 -102.639702
v 17.498079 -2.921630 -101.768204
v 17.581900 -2.331890 -100.926880
v 15.561300 -6.062060 -105.024170
v 16.174820 -5.939130 -104.974533
v 16.717831 -5.847200 -104.981812
v 17.118500 -5.658280 -104.592003
v 17.368179 -5.477430 -104.116249
v 17.601500 -5.225590 -103.591690
v 17.730499 -4.865100 -102.907204
v 17.827459 -4.336670 -102.107094
v 17.922951 -3.644320 -101.228813
v 15.778890 -7.749400 -104.542686
v 16.641560 -7.494850 -104.509140
v 17.174440 -7.250660 -104.420532
v 17.646940 -7.015880 -104.352440
v 17.892960 -6.754170 -103.981644
v 18.060240 -6.466990 -103.527946
v 18.288570 -6.065970 -103.091164
v 18.485161 -5.567510 -102.523468
v 18.488859 -5.031600 -101.652779
v 18.411030 -4.347620 -100.656960
v 18.856911 -8.083410 -103.582771
v 19.145290 -7.653020 -103.485947
v 19.298630 -7.199420 -103.178574
v 19.421700 -6.745160 -102.757919
v 19.430611 -6.265320 -102.057693
v 19.356800 -5.610200 -101.205772
v 19.113581 -4.884830 -100.139771
v 20.666071 -7.425420 -102.231987
v 20.619459 -6.856210 -101.545593
v 20.469021 -6.098870 -100.648689
v 20.214211 -5.157680 -99.570686
v 20.617741 19.141010 -92.075150
v 19.478350 19.193670 -90.943169
v 21.794640 20.098551 -92.889961
v 21.251490 20.103239 -92.670418
v 20.534290 20.112949 -92.049896
v 19.471399 20.104620 -90.907890
v 22.870649 21.257710 -92.733948
v 22.484810 21.259460 -92.895950
v 22.086241 21.257669 -93.025558
v 21.661961 21.252520 -92.937981
v 21.131470 21.239820 -92.764816
v 20.485060 21.219490 -92.125267
v 19.361010 21.106501 -90.914810
v 23.337940 22.919760 -92.268997
v 23.040859 22.748810 -92.733124
v 22.689610 22.666519 -92.971909
v 22.317020 22.626150 -93.041367
v 21.932711 22.582970 -93.060631
v 21.521160 22.533930 -93.063240
v 21.063419 22.504190 -92.764557
v 20.375690 22.413330 -92.127609
v 22.654020 24.268909 -93.289673
v 22.356630 24.132811 -93.476479
v 22.029659 24.034599 -93.554642
v 21.670580 23.924040 -93.627647
v 21.261120 23.867121 -93.494308
v 20.712721 23.773930 -93.194710
v 19.911961 23.576361 -92.413361
v 21.615370 25.575871 -94.413193
v 21.204170 25.448910 -94.371819
v 20.767691 25.343399 -94.191223
v 20.170071 25.150810 -93.820663
v 20.126680 26.903770 -94.990677
v 19.469851 26.641020 -94.380013
v 32.549931 -10.890550 -102.356270
v 32.617149 -11.340880 -102.296242
v 32.735790 -11.824650 -102.235588
v 32.978050 -12.435400 -102.076988
v 33.476589 -13.298930 -101.708580
v 33.123348 -10.901170 -102.334450
v 33.204109 -11.313870 -102.283279
v 33.312168 -11.766040 -102.226669
v 33.816959 -11.611240 -101.886162
v 33.494148 -12.322960 -102.039108
v 33.955151 -12.143380 -101.800308
v 33.928349 -13.053000 -101.594200
v 34.303478 -12.785250 -101.492371
v 10.120900 11.028990 -101.131592
v 7.089470 11.273300 -100.040787
v 9.474920 10.458220 -101.415298
v 3.267000 11.585780 -98.565468
v 4.782200 11.260390 -99.302811
v 6.614760 10.751810 -100.343460
v 1.328310 10.700570 -98.661240
v 2.885040 10.575360 -98.920197
v 4.416460 10.447020 -99.526703
v 6.160810 10.099090 -100.516388
v 4.140810 9.404750 -99.727966
v 5.696850 9.228120 -100.436882
v -8.508930 24.337641 -85.873482
v -8.173200 23.627541 -86.142197
v -10.192110 28.428850 -83.743507
v -9.939570 27.219749 -84.254440
v -9.527420 26.041550 -84.564247
v -9.057240 24.891729 -84.871452
v -8.496180 23.966379 -85.124649
v -8.132300 23.196360 -85.430908
v -10.283950 26.539280 -83.370018
v -9.718290 25.533831 -83.759354
v -9.192580 24.444450 -84.131493
v -8.704790 23.442390 -84.470123
v -8.270750 22.624470 -84.788651
v -10.043970 24.778481 -82.996643
v -9.616450 23.791059 -83.525017
v -9.006280 22.817730 -83.838516
v -8.381960 21.973560 -84.134758
v -10.094500 22.969601 -82.884270
v -9.346040 22.049841 -83.182800
v -8.544840 21.164230 -83.521240
v -9.776070 21.110901 -82.644279
v -8.852810 20.142941 -83.188927
v 4.194910 6.953710 -100.169746
v 2.998500 6.497090 -99.883614
v 3.326150 5.328860 -100.593231
v 1.960700 6.143440 -99.750641
v 2.209960 4.923700 -100.526466
v 0.892440 5.930520 -99.807449
v 1.021850 4.689830 -100.514870
v 1.098380 3.205690 -101.444633
v -0.277140 5.832320 -99.912468
v -0.306830 4.737750 -100.570877
v -0.488310 3.335100 -101.538307
v -0.829080 1.766660 -102.669273
v 4.496300 5.905730 -100.759651
v 5.122470 4.897080 -101.594131
v 3.898440 4.041450 -101.486519
v 2.532330 3.498100 -101.496323
v 1.178630 1.541130 -102.593468
v -2.615200 7.659560 -99.701736
v -3.373930 6.914150 -100.227882
v -1.681630 6.063040 -100.030998
v -1.957410 5.151580 -100.657310
v -2.460300 3.953710 -101.633820
v -3.170840 2.646360 -102.692589
v 2.767020 7.867980 -99.482918
v 1.389180 9.170700 -98.954239
v 1.666060 7.547730 -99.222000
v -0.034910 8.877330 -98.917130
v 0.554810 7.284770 -99.248672
v -0.560970 6.969860 -99.432152
v 7.989330 9.225070 -101.563652
v 6.936000 8.390820 -101.321991
v -17.270750 18.486820 -71.167290
v -16.919180 18.542789 -72.910492
v -16.615271 18.280371 -74.690140
v -15.674150 19.518150 -75.446663
v -16.370939 18.056200 -76.450279
v -15.573150 19.283400 -77.325851
v -16.690821 16.984381 -77.163429
v -16.115879 17.902020 -77.854507
v -15.421430 19.052271 -78.635452
v -14.632020 20.087231 -79.171333
v -16.351320 16.726210 -78.134941
v -15.777940 17.703671 -78.831100
v -15.243250 18.789570 -79.585251
v -14.364310 19.648291 -79.939934
v -15.845000 16.429680 -78.954041
v -15.268220 17.370529 -79.628662
v -14.702060 18.260700 -80.279762
v -13.968980 19.115299 -80.587288
v -13.180110 20.007360 -80.820900
v -14.911450 15.983280 -79.590118
v -14.311000 16.850571 -80.262878
v -13.825430 17.626900 -80.805290
v -13.263210 18.405270 -81.131432
v -12.581940 19.256310 -81.374550
v -13.610060 15.493830 -79.951019
v -13.123060 16.255980 -80.713577
v -12.769310 16.919640 -81.310410
v -12.325090 17.580620 -81.680099
v -11.680770 18.347361 -81.899521
v -10.905580 19.188040 -81.994980
v -13.226790 14.160330 -79.496300
v -12.689180 14.892250 -80.482811
v -12.275720 15.554040 -81.268768
v -11.876600 16.137430 -81.884163
v -11.348760 16.757450 -82.110649
v -10.714600 17.449869 -82.305893
v -9.948590 18.148180 -82.528419
v 5.609440 7.580810 -100.722954
v 5.928430 6.560380 -101.263130
v 19.358290 7.303540 -102.930161
v 19.096359 7.714580 -102.952469
v 18.758841 8.127010 -102.889633
v 19.606310 9.391700 -101.928520
v 18.353371 8.557610 -102.766693
v 19.310930 9.951990 -101.735931
v 17.854750 9.021110 -102.559402
v 18.981529 10.522930 -101.412239
v 17.047119 9.635480 -102.244202
v 7.394150 5.578810 -102.581947
v 6.339510 4.095050 -102.740738
v 4.811060 2.652600 -102.651100
v 3.002510 1.847180 -102.630630
v 34.666859 9.088820 -94.945740
v 32.374271 9.922390 -94.851486
v 33.082378 8.985950 -95.970703
v 30.343370 11.116870 -94.172249
v 31.178539 10.045760 -95.697372
v 28.702299 12.503930 -93.081329
v 29.443541 11.375090 -94.737740
v 30.066111 10.338790 -96.332710
v 28.579710 11.757060 -95.178452
v 16.049021 20.163910 -88.019173
v 16.094681 20.885180 -88.066841
v 16.013910 21.661539 -88.142159
v 14.638080 21.651199 -87.325417
v 15.856890 22.418230 -88.214493
v 14.639870 22.361490 -87.507828
v 15.686240 23.120581 -88.297340
v 14.599560 23.072611 -87.753830
v 13.546770 23.122150 -87.561546
v 15.351370 23.689640 -88.725128
v 14.463100 23.667730 -88.311768
v 13.546490 23.743860 -88.173248
v 15.186120 24.381380 -89.455223
v 14.418930 24.470730 -89.181473
v 13.584640 24.592381 -89.044670
v 12.615790 24.744431 -89.059868
v 13.755820 25.879490 -90.546768
v 12.750700 26.026119 -90.421356
v -4.571590 17.631830 -84.447678
v -3.998550 17.713869 -84.509422
v -4.023770 18.086941 -84.577919
v -4.030270 18.483700 -84.638969
v -4.063470 18.957991 -84.776833
v -4.162890 19.557779 -85.113876
v -4.348440 20.275980 -85.590919
v -3.586970 17.846590 -84.556702
v -3.594370 18.198130 -84.622139
v -3.568330 18.580999 -84.718170
v -3.636520 18.956039 -84.974533
v -3.752590 19.525459 -85.342239
v -3.917670 20.232281 -85.835274
v -4.075020 20.957130 -86.415588
v -4.145020 21.682800 -87.050491
v -4.244840 22.302790 -87.881622
v -4.398920 22.775021 -88.911339
v -3.214840 17.987560 -84.603363
v -3.217460 18.325830 -84.680588
v -3.285180 18.538971 -84.927292
v -3.327120 18.923981 -85.188477
v -3.394420 19.502840 -85.546204
v 31.832560 -10.766810 -102.405090
v 29.053011 -10.809120 -102.471252
v 30.787500 -11.084960 -102.448158
v 31.911501 -11.261470 -102.335709
v 27.123760 -11.141750 -102.588028
v 29.105680 -11.364760 -102.532997
v 30.867210 -11.613990 -102.380020
v 32.030312 -11.780700 -102.261238
v 23.272430 -11.301200 -102.585197
v 25.184750 -11.536000 -102.447159
v 27.155149 -11.735570 -102.469757
v 29.149929 -11.976000 -102.416481
v 30.961599 -12.228900 -102.233566
v 32.234291 -12.438790 -102.101448
v 19.324760 -10.641030 -103.026199
v 21.212139 -11.450740 -102.751282
v 23.173981 -11.918720 -102.511703
v 25.120489 -12.171450 -102.297112
v 27.126860 -12.417960 -102.230820
v 29.148211 -12.702450 -102.127541
v 30.996660 -13.023680 -101.911507
v -4.409220 0.569220 -104.336014
v -1.503160 -0.528110 -104.258240
v 1.122560 -0.814730 -104.216080
v -4.902850 -0.275190 -104.837303
v -1.756040 -1.368300 -104.710533
v 1.015390 -1.736630 -104.509621
v 3.667990 -1.398780 -104.583366
v 12.560070 0.271040 -106.443321
v 14.031490 0.458210 -106.358566
v 14.847820 0.503940 -106.126282
v 15.438860 0.512750 -105.854500
v 15.959590 0.512820 -105.653084
v 16.314739 0.492530 -105.276550
v 16.554621 0.459370 -104.815407
v 16.688311 0.434260 -104.270988
v 16.805710 0.403880 -103.623062
v 16.873119 0.354490 -102.780769
v 16.992500 0.296450 -101.703140
v 17.086189 0.248850 -100.552162
v 12.579270 -0.796540 -106.568413
v 13.961260 -0.578020 -106.476952
v 14.788020 -0.526780 -106.310051
v 15.350280 -0.513280 -106.023392
v 15.835510 -0.508890 -105.750198
v 16.218830 -0.486140 -105.379547
v 16.365730 -0.461520 -104.866379
v 16.521509 -0.434910 -104.321899
v 16.678921 -0.392200 -103.669991
v 16.763210 -0.331590 -102.798203
v 12.815150 -1.777970 -106.451752
v 14.078120 -1.560350 -106.440582
v 14.820170 -1.514400 -106.282013
v 15.340980 -1.486580 -105.993843
v 15.810530 -1.458040 -105.700768
v 16.137310 -1.396470 -105.289413
v 16.427620 -1.324090 -104.855492
v 16.624941 -1.241660 -104.306709
v 13.132840 -2.825130 -106.306412
v 14.285280 -2.626210 -106.337791
v 14.919980 -2.545530 -106.093033
v 15.423000 -2.487270 -105.850761
v 15.821080 -2.416340 -105.519974
v 16.155590 -2.335860 -105.114258
v 16.502769 -2.227300 -104.711761
v 13.571110 -3.946330 -106.068428
v 14.611430 -3.775860 -106.075439
v 15.174050 -3.662680 -105.834000
v 15.683830 -3.563090 -105.630531
v 16.105230 -3.457660 -105.318848
v 14.063900 -5.097110 -105.696350
v 14.996390 -4.921710 -105.614616
v 15.582040 -4.796220 -105.490097
v 14.670260 -6.263430 -105.194427
v -5.694810 -2.138240 -105.453568
v -2.270420 -2.944160 -105.147148
v 0.872470 -3.319200 -104.986000
v 3.891180 -3.037920 -105.061180
v 6.931650 -1.965050 -105.458908
v -2.431400 -3.708460 -105.258568
v 0.828930 -4.008020 -105.070419
v 3.999960 -3.743070 -105.257652
v 7.232830 -2.773600 -105.578568
v 0.744280 -4.638450 -105.104210
v 4.091530 -4.392350 -105.310921
v 7.540040 -3.581590 -105.624069
v 4.145310 -5.028190 -105.284447
v 7.801840 -4.358590 -105.605392
v 4.143520 -5.676040 -105.116142
v 8.022590 -5.125630 -105.454132
v 8.164710 -5.922570 -105.214157
v -21.892559 -6.328220 -104.674858
v -20.561640 -6.085770 -104.796097
v -19.006109 -6.577800 -104.759102
v -18.918921 -5.834840 -104.941093
v -18.926340 -5.065290 -105.111778
v -17.031269 -6.296980 -104.922592
v -16.989170 -5.520500 -105.141418
v -17.016439 -4.714290 -105.293312
v -14.772610 -5.946400 -105.105392
v -14.763430 -5.068190 -105.346024
v -14.826420 -4.142630 -105.326637
v -14.958060 -3.270890 -105.209679
v -12.258700 -6.481340 -104.969887
v -12.178310 -5.548920 -105.237152
v -12.190260 -4.537240 -105.469063
v -12.281860 -3.431860 -105.478821
v -12.439670 -2.398950 -105.440681
v -9.355330 -6.223040 -105.047318
v -9.277010 -5.237100 -105.336960
v -9.255850 -4.140290 -105.509262
v -9.271640 -2.949190 -105.506180
v -9.271480 -1.738560 -105.518028
v -6.387120 -6.960650 -104.784554
v -6.229190 -6.062720 -105.048958
v -6.119060 -5.124220 -105.312592
v -6.000060 -4.140590 -105.450462
v -5.873920 -3.136270 -105.475189
v -3.034390 -6.827220 -104.771759
v -2.874080 -6.019900 -104.996330
v -2.735910 -5.237770 -105.203812
v -2.583900 -4.467550 -105.256622
v 0.443260 -6.666860 -104.792091
v 0.569940 -5.939000 -104.976387
v 3.975900 -7.186470 -104.706306
v 4.096780 -6.384070 -104.922668
v 8.197590 -6.797790 -104.929733
v -8.995660 18.947611 -25.041500
v -9.802070 18.434111 -25.565840
v -9.502600 18.301331 -26.213230
v -11.256690 18.261890 -25.528009
v -10.964910 18.002960 -26.287861
v -10.757820 18.003790 -26.908060
v -12.934240 17.667870 -26.497980
v -12.700830 17.562870 -27.195660
v -12.433990 17.587290 -27.839130
v -12.056270 17.784611 -28.531179
v -15.384420 17.280830 -26.717520
v -15.064100 17.011259 -27.451090
v -14.732540 16.917740 -28.160641
v -14.336860 17.111450 -28.927059
v -13.681940 17.487190 -29.831360
v -17.593390 16.640930 -27.607691
v -17.153090 16.397850 -28.412380
v -16.658291 16.405359 -29.190479
v -16.000629 16.703260 -30.065029
v -15.093080 17.212950 -31.072830
v -14.134790 17.632420 -32.035229
v -20.207840 16.416451 -27.329830
v -19.621290 16.026670 -28.468731
v -18.937010 15.803100 -29.445150
v -18.165520 15.946650 -30.340410
v -17.282970 16.378361 -31.234961
v -16.214609 16.668949 -32.230820
v -15.216660 17.023300 -33.262112
v -22.317490 15.890540 -28.019091
v -21.532221 15.413870 -29.348400
v -20.558519 15.087950 -30.517269
v -19.518181 15.189550 -31.570299
v -18.416090 15.344470 -32.484589
v -17.366579 15.714500 -33.397690
v -16.593830 16.424271 -34.390041
v -15.806760 17.253290 -35.470692
v -24.928419 15.726160 -27.376751
v -24.430981 15.302530 -28.710369
v -23.602989 14.650460 -30.182360
v -22.508101 14.328870 -31.573050
v -21.323891 14.376500 -32.837421
v -20.150221 14.545580 -33.942081
v -19.042580 14.938460 -34.928558
v -18.089861 15.759520 -35.859829
v -17.077579 16.896931 -36.855888
v -26.638411 15.284850 -27.769840
v -26.456221 14.680910 -29.209030
v -25.757561 13.873240 -30.892160
v -24.715309 13.541910 -32.520489
v -23.515240 13.547900 -33.975769
v -22.241230 13.883420 -35.403751
v -20.900721 14.479620 -36.723122
v -19.436569 15.176150 -37.785069
v -18.078329 16.554701 -38.569729
v -16.706129 17.980230 -39.158539
v -25.446819 12.867470 -35.021389
v -24.045059 13.378830 -36.723690
v -22.421881 14.023460 -38.392590
v -20.628519 14.847410 -39.655338
v -18.892790 16.385269 -40.373489
v -17.206221 18.034960 -40.750561
v -19.499790 16.377331 -42.033810
v -17.535219 18.154270 -42.257511
v -16.229080 20.094231 -41.713970
v 0.392890 15.410650 -95.703499
v 1.602220 14.945490 -96.135269
v 3.061050 14.416640 -96.600258
v 4.637070 13.850990 -97.226250
v 6.229870 12.995550 -97.903999
v 8.116020 12.259850 -99.149406
v 10.758100 11.491160 -100.527901
v -0.134600 14.742750 -96.848961
v 1.152790 14.334390 -97.044273
v 2.668700 13.774830 -97.283272
v 4.191650 13.154060 -97.715881
v 5.722260 12.462150 -98.471024
v 7.611730 11.712050 -99.628227
v 0.744820 13.465190 -97.578629
v 2.249180 12.953470 -97.762802
v 3.743220 12.383250 -98.119240
v 0.198390 12.360800 -98.049271
v 1.778030 11.963570 -98.198410
v 10.681550 6.580790 -103.866020
v -6.912320 34.078152 -12.383580
v -7.390630 32.039558 -15.266610
v -7.883160 31.910151 -17.756571
v -6.225740 24.756741 -20.594219
v -5.599690 25.061640 -21.937960
v -5.188010 25.126600 -23.209089
v -5.309080 24.737280 -24.185369
v -5.429580 24.321470 -24.945869
v -5.669340 23.916981 -25.758841
v -5.829960 24.105230 -20.445950
v -5.106760 24.202520 -21.884790
v -4.730420 24.132099 -23.084909
v -4.747980 23.906349 -24.052549
v -4.906710 23.607929 -24.885401
v -5.477210 23.203369 -25.814610
v -4.974240 23.618670 -21.881941
v -4.458110 23.515350 -23.018740
v -4.468990 23.365570 -24.009769
v -4.625950 23.109140 -24.934410
v -5.459490 22.604731 -25.958380
v -4.967250 23.246250 -21.827650
v -4.465560 23.097019 -22.979530
v -4.353840 22.922421 -23.981951
v -4.680030 22.638840 -24.889709
v -5.404740 21.990761 -26.069700
v -4.476340 22.741680 -22.920750
v -4.445800 22.565519 -23.931850
v -4.812140 22.252190 -24.875891
v -5.664410 21.462549 -26.057180
v -4.501050 22.392630 -22.847260
v -4.541270 22.229990 -23.903040
v -4.950450 21.872690 -24.886440
v -5.899610 20.949760 -26.011101
v -4.798690 21.969481 -23.873409
v -5.326200 21.618031 -24.849319
v -6.145170 20.457520 -25.859320
v -5.170980 21.768431 -23.846910
v -5.673430 21.276890 -24.794649
v -6.491860 20.130640 -25.694550
v -6.079530 20.921949 -24.690460
v -6.826400 19.836969 -25.505409
v -6.653460 20.640450 -24.516211
v -7.151370 19.535460 -25.247129
v -7.803900 19.453920 -24.930500
v 13.148670 18.030010 -87.778252
v 12.221050 18.164961 -87.457199
v 11.490010 18.211960 -87.563507
v 10.682660 18.301220 -87.805290
v 9.643680 18.551359 -88.195168
v 8.513990 18.842110 -88.483650
v 7.284770 19.171961 -88.540733
v 13.419700 18.244329 -87.474960
v 12.305740 18.483450 -87.096382
v 11.430440 18.489510 -87.079979
v 10.536530 18.689011 -87.358772
v 9.604460 19.098530 -87.859421
v 13.687890 18.445080 -87.195396
v 12.453220 18.742500 -86.803780
v 11.474410 18.868330 -86.806328
v 15.596880 18.456949 -88.146591
v 13.942250 18.674219 -86.930267
v -9.476600 29.777000 -20.226870
v -9.800850 30.449751 -22.873489
v -10.544250 29.714609 -25.616030
v -10.889790 30.546391 -26.037251
v -9.378080 28.076679 -25.205570
v -9.743120 27.558821 -26.953659
v -7.913680 27.319710 -23.375910
v -8.126110 27.086000 -24.968081
v -8.258130 26.567280 -26.263241
v -8.320940 25.766569 -27.189690
v -6.572420 26.060450 -21.944960
v -6.382160 26.267860 -23.319510
v -6.453410 25.881069 -24.538481
v -6.484030 25.381140 -25.429340
v -6.552570 24.799761 -26.102270
v -11.631860 28.861780 -27.876520
v -12.273670 29.428070 -28.470181
v -12.821330 29.851650 -29.077450
v -12.951350 27.752729 -30.235319
v -13.441520 28.027390 -30.663130
v -13.659560 28.289391 -31.085699
v -13.731310 26.019119 -32.126770
v -14.085220 26.294760 -32.504841
v -14.048070 26.628040 -32.874329
v -14.148160 24.879141 -34.405499
v -13.826660 24.055099 -36.141720
v -13.974650 23.545940 -37.783089
v -14.515470 23.037121 -39.435581
v -10.093480 31.170971 -64.687363
v -10.026990 30.258739 -60.032162
v -10.336290 29.986549 -64.501091
v -10.386850 29.154169 -59.885029
v -10.672500 28.857651 -64.267906
v -22.472040 0.225800 -97.229378
v -10.264440 10.211830 -84.936607
v -9.838820 9.654160 -85.776398
v -9.618470 9.447320 -87.054237
v -11.276650 9.879330 -83.629471
v -10.703010 9.232120 -84.361671
v 6.827930 29.084190 -92.285858
v 7.516410 29.745890 -93.726723
v 9.677310 28.959999 -93.086021
v -2.703880 18.174789 -85.220329
v -2.507890 18.346001 -85.824364
v -2.354240 18.267639 -86.426559
v -2.339830 18.680981 -86.568321
v -1.987230 17.845631 -87.074341
v -1.815240 18.345131 -87.152344
v -17.441570 2.668140 -93.617447
v -17.761150 2.337550 -95.206223
v -12.902400 9.032330 -82.148117
v -13.500090 8.271980 -82.208481
v -12.946380 7.559350 -83.137848
v -14.368280 7.447770 -82.464821
v -13.754130 6.737720 -83.439949
v -13.221200 6.241190 -84.342369
v -15.358510 6.637310 -82.892448
v -14.627020 5.855040 -83.790352
v -14.059740 5.380680 -84.691429
v -13.614470 5.122850 -85.518021
v -16.408991 5.775360 -83.372498
v -15.608080 5.044560 -84.373528
v -15.046820 4.556400 -85.289749
v -14.532480 4.229120 -86.088158
v -14.193210 4.476030 -86.901108
v -17.729879 5.206830 -84.502937
v -16.980551 4.495730 -85.585098
v -16.379919 3.988640 -86.542778
v -15.908380 3.648690 -87.285561
v -19.426130 4.585290 -85.933952
v -18.786449 3.821890 -87.062408
v -15.182070 3.865420 -88.146988
v -18.170971 3.247810 -88.189270
v -17.412809 2.949720 -89.090057
v -16.179880 3.378260 -89.978523
v -20.614309 3.230960 -88.373192
v -19.937321 2.571240 -89.729439
v -18.784090 2.348830 -90.875038
v -21.392340 2.053330 -90.946953
v -19.871410 1.851440 -92.457314
v -20.655960 1.460470 -93.800491
v 40.465530 6.829110 -93.985352
v 39.042881 -11.746570 -98.702042
v 38.601040 -10.723240 -98.799759
v 38.169411 -9.897620 -98.829399
v 37.642860 -9.107850 -98.759338
v 36.791981 -8.272680 -98.567657
v 35.491009 -7.405250 -98.378609
v 33.825481 -6.633730 -98.256523
v 32.116970 -6.031610 -98.291840
v 30.635550 -5.613280 -98.360519
v 29.115499 -5.434810 -98.159554
v 27.308439 -5.023280 -97.937988
v 25.196819 -4.752450 -97.594971
v 39.990730 -9.973730 -97.756050
v 39.382622 -9.202890 -97.880730
v 38.610241 -8.472720 -97.779022
v 37.590500 -7.606890 -97.691566
v 36.145340 -6.649610 -97.570023
v 34.294449 -5.797120 -97.351044
v 32.509529 -5.063110 -97.301193
v 31.025810 -4.544720 -97.404549
v 29.545130 -4.316520 -97.375557
v 27.792250 -4.150980 -97.135193
v 25.672251 -4.056270 -96.848663
v 39.542702 -7.520420 -97.147278
v 38.320591 -6.736740 -97.073151
v 36.679661 -5.834200 -96.981133
v 34.724751 -5.016250 -96.790398
v 32.852921 -4.290110 -96.670723
v 31.266390 -3.760000 -96.684128
v 29.746080 -3.467940 -96.773018
v 28.004259 -3.465570 -96.557632
v 25.975670 -3.400500 -96.432800
v 39.006088 -5.559550 -96.527122
v 37.191601 -4.789230 -96.532417
v 35.128609 -4.121890 -96.401527
v 33.172760 -3.557370 -96.246017
v 31.497080 -3.056740 -96.267891
v 29.906460 -2.787790 -96.310028
v 28.123240 -2.773570 -96.231300
v 26.199789 -2.742080 -96.130989
v 35.438419 -3.090970 -96.002243
v 33.443920 -2.692810 -96.040253
v 31.691549 -2.347640 -95.977089
v 30.013510 -2.133850 -95.995811
v 28.215260 -2.169530 -95.890221
v 26.419861 -2.079080 -95.972290
v 33.591099 -1.776190 -95.801491
v 31.811131 -1.563430 -95.835312
v 30.078180 -1.453350 -95.749512
v 28.268259 -1.458260 -95.802429
v 26.548090 -1.393680 -95.940598
v 30.098339 -0.719970 -95.660477
v 28.294359 -0.768150 -95.758087
v 26.626579 -0.758880 -95.859383
v 28.276791 -0.093330 -95.766251
v 26.659161 -0.152930 -95.771332
v -13.304020 5.132740 -88.974739
v -13.425830 5.058100 -90.643127
v -12.532720 5.571140 -90.708344
v -11.969770 6.015850 -90.798500
v -13.498150 4.916750 -92.368370
v -12.619450 5.468630 -92.421310
v -12.090480 5.847410 -92.489182
v -11.668090 6.257450 -92.577873
v -11.391560 6.876520 -92.711861
v -15.110090 3.868430 -94.005341
v -13.529130 4.778760 -94.049812
v -12.605450 5.296670 -94.067581
v -12.070830 5.614330 -94.095337
v -11.713060 6.065270 -94.159767
v -11.390240 6.635560 -94.264587
v -11.034530 7.511460 -94.461021
v -10.604020 8.676830 -94.672607
v -15.108100 3.732230 -95.614281
v -13.466020 4.621600 -95.659668
v -12.561790 5.093040 -95.694031
v -11.993990 5.384130 -95.731590
v -11.576040 5.800000 -95.794037
v -11.196020 6.340440 -95.875992
v -10.847820 7.226650 -95.988419
v -10.534000 8.512310 -96.052589
v -9.919680 9.854210 -95.999229
v -7.744780 11.482840 -95.708549
v -7.318800 11.706930 -96.202309
v -6.865760 11.734390 -96.745499
v -6.350410 11.546120 -97.285889
v 41.669319 7.612060 -92.426521
v -3.055670 15.959520 -91.842339
v -2.853680 16.037849 -92.651520
v -2.503360 16.064100 -93.274696
v -2.175590 16.119829 -93.784027
v -1.919560 16.228081 -94.210800
v -1.595210 16.299589 -94.641251
v -1.104000 16.075880 -94.922180
v -3.842840 14.893110 -92.494621
v -3.599320 15.048280 -93.307991
v -3.235020 15.109850 -94.071693
v -2.867480 15.175770 -94.760773
v -2.525690 15.242060 -95.318588
v -4.620000 13.843600 -93.096169
v -4.307860 14.033610 -93.846893
v -3.991130 14.165950 -94.642220
v -3.628930 14.249600 -95.466942
v -5.863180 12.910660 -93.643806
v -5.391970 13.171120 -94.340591
v 18.928150 5.475810 -102.929688
v 18.304440 4.417830 -102.864288
v 18.347509 4.078900 -102.226288
v 18.215231 3.628790 -101.416557
v 17.753790 3.303350 -102.609627
v 17.700439 2.951200 -101.846489
v 17.668930 2.401270 -100.998817
v 17.596821 1.791080 -100.169090
v 17.416780 1.675770 -101.398499
v 17.405939 1.245260 -100.442680
v 17.234940 0.722540 -100.544487
v 37.987850 7.279180 -94.957542
v 38.191391 6.723900 -95.322037
v 38.060890 6.156730 -95.403419
v 35.667858 6.514330 -96.364029
v 35.670479 6.086540 -96.544731
v 33.661121 6.139460 -97.593658
v 31.613510 6.147140 -98.348053
v -5.481230 13.431990 -91.552811
v -6.736940 12.624020 -91.945732
v -6.256540 12.673900 -92.862022
v -8.206150 11.820940 -91.913841
v -7.881580 11.508990 -92.994522
v -9.181720 10.669890 -91.384750
v -9.444830 10.459490 -92.641991
v -9.821690 9.283150 -90.576012
v -10.134000 9.041440 -91.991997
v -10.417840 7.985720 -89.868828
v -10.665770 7.788390 -91.424332
v -10.887310 7.148480 -89.471916
v -11.309740 6.519090 -89.251167
v -11.864560 6.112520 -89.097237
v 1.404530 30.696381 -95.189659
v 2.816150 30.856819 -95.269951
v 5.158130 30.880510 -95.333992
v 8.268660 30.610840 -95.095802
v 10.816930 30.099199 -94.575233
v 13.827430 29.386820 -93.947723
v 12.591290 29.627750 -94.068832
v 4.759510 27.746220 -89.251587
v 5.480400 27.972950 -89.809738
v 4.698230 27.161600 -88.190063
v 5.455150 27.325590 -88.543411
v 6.316830 27.589340 -89.218422
v 7.364360 27.954250 -90.351433
v 4.417260 26.399910 -87.463242
v 5.149790 26.632401 -87.554680
v 6.013400 26.761209 -87.987091
v 7.005740 27.012991 -88.697983
v 8.260310 27.313021 -89.730423
v 9.684470 27.509399 -90.844849
v 3.495780 25.343630 -86.892273
v 4.031670 25.615610 -86.848343
v 4.673520 25.813999 -86.923523
v 5.465980 25.959850 -87.092239
v 6.451230 26.073219 -87.495880
v 3.236410 24.552200 -86.502258
v 3.685780 24.817801 -86.353256
v -9.559670 10.201620 -93.756592
v -9.814160 9.983120 -94.884949
v -10.491370 8.878180 -93.334450
v -10.998590 7.699990 -92.964691
v -11.103440 6.999610 -91.097519
v -11.489720 6.431320 -90.918968
v -12.487180 5.684340 -89.012817
v -51.225121 -5.344440 3.788970
v -50.198399 -4.517590 0.293040
v -51.496601 -6.220570 3.572710
v -50.465790 -5.559080 -0.158880
v -49.619148 -4.739610 -3.531690
v -48.899811 -4.008650 -6.965930
v -51.503811 -6.878130 3.472700
v -50.702930 -6.400030 -0.459780
v -49.799400 -5.733160 -3.864290
v -51.522079 -7.691390 3.422630
v -50.681751 -7.364150 -0.562110
v -51.578751 -9.235870 3.478690
v -49.996830 -6.900700 -4.082170
v -50.706291 -9.104590 -0.523880
v -51.624050 -11.945570 3.678400
v -50.722900 -12.074190 -0.343020
v -51.611549 -15.736600 3.981210
v -51.589512 -20.462130 4.310780
v 24.005541 0.697270 -95.518379
v 22.755119 0.633550 -95.589256
v 21.625750 0.642040 -95.831558
v 23.958460 1.237320 -95.826950
v 22.763390 1.116460 -95.925110
v 21.663980 1.105340 -96.133759
v 20.739349 1.189530 -96.425728
v 19.938210 1.235690 -96.768829
v 19.232330 1.210590 -97.202553
v 23.873770 1.903240 -96.305618
v 22.745489 1.798840 -96.408379
v 21.707130 1.813320 -96.634239
v 20.787460 1.886370 -96.909172
v 19.981270 1.957550 -97.216080
v 19.297970 1.924020 -97.630447
v 18.707001 1.828800 -98.115303
v 18.225929 1.682990 -98.645287
v 17.827009 1.518520 -99.172470
v 23.781410 2.679390 -96.879532
v 22.763809 2.647160 -97.012558
v 21.793949 2.730270 -97.263657
v 20.904329 2.832950 -97.562973
v 20.128099 2.877370 -97.901169
v 22.607571 -1.275570 -95.668900
v 22.673491 -0.892380 -95.547180
v 23.940531 -0.665100 -95.312271
v 24.002430 -0.265410 -95.144958
v 25.281601 0.306700 -95.500183
v 24.020411 0.233930 -95.315018
v 40.369492 4.997120 -94.829453
v 39.572231 4.516760 -95.044159
v 38.685570 3.962370 -95.250961
v 37.624371 3.357680 -95.445450
v 36.375610 2.762570 -95.554802
v 34.941631 2.229770 -95.596519
v 33.370541 1.820360 -95.683594
v 31.723370 1.560860 -95.728058
v 29.946501 1.367710 -95.737411
v 28.130810 1.186590 -95.860611
v 26.561069 1.037180 -95.735542
v 37.717751 5.587520 -95.524948
v 37.175591 4.981510 -95.716721
v 36.437321 4.378110 -95.857521
v 35.526272 3.768850 -95.916420
v 34.385769 3.162160 -95.947006
v 33.044479 2.647950 -96.049591
v 31.528500 2.294710 -96.041367
v 29.809839 2.012820 -96.021141
v 27.999350 1.844890 -95.986389
v 35.425999 5.669870 -96.496902
v 35.010159 5.204340 -96.485062
v 34.399860 4.673060 -96.502274
v 33.558048 4.081330 -96.542450
v 32.480358 3.537810 -96.565552
v 31.155460 3.114590 -96.460480
v 29.585711 2.687520 -96.456192
v 27.858440 2.431770 -96.437363
v 33.114361 5.393990 -97.422607
v 32.519279 4.905230 -97.384621
v 31.696070 4.409080 -97.293770
v 30.596550 3.921250 -97.170319
v 29.193159 3.478950 -97.087402
v 31.241400 5.737410 -98.255371
v 30.658550 5.275080 -98.122711
v 29.817221 4.789370 -97.996979
v 28.611509 4.413150 -97.898132
v 29.465191 6.047850 -98.931068
v 28.897810 5.607480 -98.869408
v 26.454880 1.625320 -96.034943
v 26.345791 2.319620 -96.398842
v 27.621189 3.229970 -97.035851
v 26.145000 3.129730 -96.985451
v 27.187590 4.249530 -97.843269
v 25.720230 4.100070 -97.785202
v 27.926069 5.395190 -98.836090
v 26.640591 5.349850 -98.913383
v -12.179880 34.110062 -32.783119
v -12.518880 33.128731 -30.105511
v -12.551020 33.088840 -30.924860
v -12.457860 33.062420 -31.826799
v -12.276660 33.046741 -32.798569
v -12.082990 33.022202 -33.746159
v -12.314970 31.738779 -28.547750
v -12.621340 31.796909 -29.582130
v -12.791490 31.845970 -30.378531
v -12.806580 31.894381 -31.137590
v -12.624010 31.949450 -31.977230
v -12.419830 32.029812 -32.890160
v -12.245670 32.068272 -33.782490
v -13.199540 30.405399 -30.936600
v -13.146430 30.587080 -31.588659
v -13.011340 30.775129 -32.352650
v -12.768890 30.965481 -33.134239
v -12.560110 31.076651 -33.905521
v -12.235020 31.056789 -34.665878
v -13.240930 29.674730 -33.573879
v -12.992540 29.879641 -34.184219
v -12.625250 29.965200 -34.786041
v -12.974540 28.721649 -35.202080
v -12.522980 28.908340 -35.802551
v -10.483850 33.852360 -37.177189
v -9.944500 33.729752 -38.671871
v -10.595830 32.732529 -37.100090
v -10.059840 32.557331 -38.582481
v -9.714140 32.385429 -40.205002
v -10.819900 31.729700 -37.014839
v -10.277710 31.514980 -38.479359
v -9.949900 31.299971 -40.135632
v -11.135950 30.790630 -36.914520
v -10.613690 30.557940 -38.387901
v -11.529840 29.860630 -36.823689
v -11.000930 29.625891 -38.282429
v -11.934860 28.937300 -36.787418
v -10.525330 29.293320 -55.328892
v -10.640110 28.592110 -46.932850
v -10.835590 28.352650 -50.849201
v -10.840640 28.079420 -41.627239
v -10.879680 27.826389 -43.732670
v -11.038940 27.553921 -46.795971
v -11.252890 27.331470 -50.727840
v -11.919670 27.825439 -38.058559
v -11.605510 27.498421 -39.747540
v -11.374430 27.135880 -41.523418
v -11.378880 26.837700 -43.600342
v -11.505480 26.555500 -46.626080
v -12.153830 26.620190 -39.584591
v -11.968880 26.190981 -41.352501
v -11.925410 25.835779 -43.449558
v -12.004770 25.558809 -46.405472
v -12.592240 25.226971 -41.072811
v -12.598180 24.817280 -43.183701
v -13.451470 23.752951 -42.762630
v -9.509600 32.261951 -41.933659
v -9.693350 31.130680 -41.857269
v -9.770970 30.998060 -44.040749
v -10.009690 30.781071 -47.266338
v -10.284560 30.305811 -40.065590
v -10.050430 30.095449 -41.775051
v -10.083630 29.923870 -43.932091
v -10.326380 29.683710 -47.103981
v -10.529010 29.441050 -50.975632
v -10.653240 29.339310 -39.967251
v -10.410870 29.074539 -41.705780
v -10.442480 28.853331 -43.833900
v -11.428050 28.700150 -38.169441
v -11.079620 28.399130 -39.855839
v -9.398290 26.067980 -88.486420
v -9.213080 25.478390 -88.696960
v -9.392490 26.707340 -87.293953
v -9.164760 25.790880 -87.465958
v -8.868200 25.035101 -87.676376
v -9.714490 27.629789 -86.204010
v -9.434000 26.579350 -86.341377
v -8.871110 25.611441 -86.520309
v -8.569780 24.681080 -86.720589
v -8.380420 24.017700 -86.963768
v -10.009140 28.747200 -84.940132
v -9.771420 27.553370 -85.227226
v -9.465320 26.371731 -85.439041
v -8.940680 25.266880 -85.643173
v -10.487730 30.301220 -95.307053
v -10.279870 29.257931 -94.156883
v -10.056290 29.161980 -94.278809
v -9.811140 29.067190 -94.425911
v -10.203980 28.103460 -93.229698
v -9.941570 27.989889 -93.345627
v -9.671670 27.884609 -93.474739
v -9.367050 27.795290 -93.645660
v -10.122630 27.151581 -92.170837
v -9.885050 26.966049 -92.353279
v -9.582350 26.845560 -92.497177
v -9.268170 26.731501 -92.658447
v -8.906080 26.643890 -92.870201
v -8.462160 26.640900 -93.108490
v -9.925170 26.626680 -90.916512
v -9.749930 26.344910 -91.136490
v -9.578250 26.069130 -91.355904
v -9.255580 25.896910 -91.564697
v -8.862300 25.824659 -91.735786
v -8.411920 25.821369 -91.907631
v -7.897380 25.843349 -92.147537
v -9.228710 25.355310 -90.254799
v -8.816650 25.205410 -90.467194
v -8.378660 25.124020 -90.673302
v -7.885810 25.121531 -90.867233
v -7.312430 25.120449 -91.138130
v -6.640100 25.150551 -91.574371
v -7.329720 24.394300 -89.807823
v -6.710590 24.380680 -90.090019
v -5.987800 24.347481 -90.569519
v -11.925270 31.094009 -94.774689
v -11.877660 30.856180 -94.800919
v -11.675770 30.688709 -94.898514
v -11.482330 30.617479 -94.954712
v -11.298330 30.553450 -95.014839
v -11.101200 30.484690 -95.078949
v -10.905340 30.421030 -95.150993
v -10.706040 30.357719 -95.226913
v -11.247170 30.321150 -93.399643
v -11.207500 29.947060 -93.542313
v -11.092070 29.685539 -93.696198
v -10.889100 29.577391 -93.811440
v -10.691160 29.470039 -93.919022
v -10.481480 29.355480 -94.030769
v -10.662310 29.103901 -92.460007
v -10.619080 28.720310 -92.672531
v -10.571140 28.481110 -92.892952
v -10.416090 28.295719 -93.063873
v -10.215110 27.758810 -91.743843
v -10.155300 27.436871 -91.958481
v -7.030080 23.119350 -87.634789
v -6.426980 23.061630 -87.838570
v -5.761740 23.009621 -88.112411
v -5.045340 22.949739 -88.488853
v -7.800970 23.114059 -86.390381
v -7.284040 22.854610 -86.570236
v -6.724110 22.672770 -86.749336
v -6.126770 22.520000 -86.964897
v -5.463340 22.429819 -87.235718
v -7.741820 22.587811 -85.708801
v -7.150140 22.314091 -85.831047
v -6.553540 22.068649 -86.007156
v -5.951630 21.837870 -86.263069
v -7.762640 22.004980 -85.070389
v -7.114630 21.652731 -85.213013
v -6.451960 21.368731 -85.372421
v -7.813710 21.308460 -84.491852
v -7.175930 20.854670 -84.776253
v -7.904760 20.492769 -83.980667
v -9.560370 26.011881 -89.798203
v -9.385230 25.672550 -90.025917
v -9.002700 25.061239 -88.915131
v -8.748890 24.711800 -89.135948
v -8.347550 24.525261 -89.372452
v -7.868420 24.426701 -89.590218
v -8.570390 24.554541 -87.890007
v -8.284730 24.142740 -88.114990
v -7.898940 23.865259 -88.346581
v -7.390780 23.735229 -88.566338
v -6.822240 23.693489 -88.779716
v -6.178820 23.669050 -89.056618
v -5.440580 23.561930 -89.532669
v -7.938780 23.664190 -87.174477
v -7.518910 23.345490 -87.408386
v -10.883380 28.195850 -55.211269
v -10.767850 28.010309 -59.703270
v -11.049670 27.690880 -64.028107
v -11.294720 27.113649 -55.049179
v -11.263090 26.866510 -59.483509
v -11.572900 26.536301 -63.794628
v -11.714150 26.325541 -50.552029
v -11.787590 26.055651 -54.813869
v -11.798360 25.719339 -59.210751
v -12.189740 25.302090 -50.287781
v -12.295100 24.969490 -54.487461
v -12.616830 24.540581 -46.073689
v -12.807670 24.260860 -49.888611
v -13.425740 23.435110 -45.609509
v -12.141770 25.335300 -63.541679
v -12.707300 24.873911 -67.442886
v -12.422360 24.560459 -58.864471
v -12.824630 24.093531 -63.243851
v -13.410470 23.608311 -67.190033
v -13.007970 23.875059 -54.049068
v -13.207840 23.373329 -58.438450
v -13.687360 22.788811 -62.881050
v -14.307550 22.205090 -66.859650
v -13.581140 23.122210 -49.328178
v -13.826810 22.678200 -53.489231
v -14.125510 22.073860 -57.939320
v -14.718760 21.336670 -62.462021
v -15.432320 20.570980 -66.496239
v -6.993890 33.889229 -15.387250
v -7.401420 33.784679 -17.744600
v -8.008060 33.764271 -19.853991
v -9.099090 33.931149 -22.283001
v -10.590840 34.174500 -25.325920
v -11.684240 34.282902 -27.706079
v -12.072230 34.305111 -29.044769
v -12.343040 34.289841 -30.000280
v -12.405260 34.232052 -30.867950
v -12.351590 34.174080 -31.798941
v -8.467570 31.976780 -19.955490
v -9.493300 32.449821 -22.445160
v -10.924340 32.926289 -25.593229
v -11.912760 33.104431 -27.863800
v -12.271180 33.133099 -29.184811
v -9.748750 32.702808 -60.176922
v -9.817530 31.415831 -60.124199
v -9.689590 33.213799 -47.477749
v -9.921340 33.023090 -51.281620
v -9.904190 32.859531 -55.510101
v -9.554850 32.120571 -44.132469
v -9.800240 31.925890 -47.378979
v -10.017840 31.715719 -51.203911
v -9.975820 31.552950 -55.457989
v -10.227780 30.555269 -51.103149
v -10.207820 30.403049 -55.407242
v -12.014880 34.051628 -33.751068
v -11.663100 33.999771 -34.726582
v -11.134320 33.945621 -35.865318
v -11.764380 32.961769 -34.701019
v -11.252740 32.860790 -35.785110
v -11.956630 32.018848 -34.672272
v -11.413290 31.891331 -35.675560
v -11.744810 30.963739 -35.630840
v -12.145890 29.976271 -35.626381
v -9.610170 33.618568 -40.283340
v -9.367890 33.511200 -41.991051
v -9.443570 33.386162 -44.233921
v 37.464691 34.616131 -81.397522
v 36.300072 34.484211 -82.059036
v 35.177521 34.357040 -82.696671
v 33.768471 34.187450 -83.230438
v 31.941200 33.966091 -83.884613
v -24.509680 -5.384840 -104.343208
v -24.888050 -2.827390 -102.493622
v 55.326012 -24.201910 -84.328873
v -7.717470 36.646061 1.270100
v -7.384050 36.525021 -1.701110
v -7.207930 36.388378 -5.055060
v -12.057170 31.653940 -94.772079
v -11.508040 31.718731 -93.183456
v -11.020010 31.776310 -91.771561
v -10.677970 31.837320 -90.607780
v -10.417170 31.901939 -89.567734
v -10.183330 31.959881 -88.635002
v -10.030600 32.014320 -87.762627
v -10.015590 32.071339 -86.857384
v -9.998700 32.135471 -85.839256
v -10.014720 32.215450 -84.539383
v -10.357630 32.320709 -82.565643
v 55.326012 -19.760050 -84.523399
v 55.326012 -15.518210 -84.709183
v 55.294338 -10.476350 -84.920181
v 54.793510 -5.951570 -85.094177
v 53.522739 -2.151870 -85.250031
v 51.688332 1.978850 -85.188660
v 49.959351 6.341430 -84.595627
v 48.404339 10.350850 -83.794090
v 46.765251 13.385930 -83.204582
v 45.278259 15.960210 -82.719467
v 35.562012 -12.906380 -100.812088
v 37.072811 -13.273560 -99.729019
v 33.589512 -10.731610 -101.938766
v 34.321678 -10.944870 -101.317970
v 35.510181 -11.392140 -100.522118
v 37.236160 -12.096700 -99.907494
v 3.770140 26.205740 -87.400673
v -47.708988 -20.817680 -12.496650
v -43.413410 -11.742020 -33.263081
v -38.558762 -8.028300 -54.922112
v -34.585400 -4.286810 -71.980949
v -30.659960 -2.271000 -86.961197
v 33.461552 5.775400 -97.489883
v 26.100420 13.951770 -95.107933
v 25.783730 13.798260 -96.185593
v 25.370050 13.450380 -97.271172
v 23.950211 16.390631 -94.534943
v 24.011959 17.933340 -92.631943
v 29.882669 33.683430 -84.571564
v 28.189190 33.434059 -85.179420
v 27.143391 33.249882 -85.740196
v 26.472191 33.131680 -86.100113
v 25.964350 33.035339 -86.458092
v 25.535700 32.942200 -86.907158
v 25.114450 32.850670 -87.348480
v 24.703871 32.761429 -87.778664
v 24.348770 32.680759 -88.205338
v 24.086081 32.609840 -88.695419
v 23.809790 32.535252 -89.210930
v 23.486219 32.447899 -89.814697
v 23.112169 32.341640 -90.586037
v 22.739550 32.211849 -91.687012
v 22.312380 32.061199 -92.976242
v 22.049971 31.944771 -94.119202
v 21.874470 31.866911 -94.883591
v -38.285660 5.633630 -33.171581
v -36.090969 5.774020 -37.822639
v -33.042809 7.116760 -41.426941
v -29.527760 9.057260 -44.028999
v -26.229050 11.299500 -45.716518
v -2.131730 20.310270 -90.050880
v 5.360920 20.776690 -86.744583
v 3.358480 20.625351 -87.078201
v -8.690660 28.746691 -16.815121
v -8.774770 27.939489 -17.607861
v -8.686130 27.169760 -18.148220
v -8.454920 26.402411 -18.630051
v -8.074010 25.612160 -19.015039
v -7.520070 24.902130 -19.269939
v 22.694630 14.771470 -96.779480
v 23.124800 16.468630 -95.203743
v 23.327129 17.463131 -93.990089
v 23.570040 18.126040 -93.057121
v 23.948790 18.725691 -92.195839
v 25.031830 6.322820 -100.022057
v 25.057220 7.017890 -100.456444
v 25.064711 7.534470 -100.765198
v 25.044210 8.091790 -100.884033
v 25.006109 8.678220 -100.914307
v 24.959311 9.255360 -100.894020
v 24.900930 9.804680 -100.800774
v 24.905630 10.358320 -100.823967
v 24.901119 10.914790 -100.593109
v 24.903320 11.580700 -100.019447
v 18.439659 11.260610 -100.682663
v 27.691811 14.933200 -89.647263
v 26.814400 15.756550 -89.597008
v 25.766390 17.090370 -89.972198
v -24.922920 4.454590 -83.531807
v -25.378700 1.707540 -90.171379
v -7.585800 34.843250 -1.664930
v -7.425790 32.789680 -8.529600
v 28.860821 14.580910 -89.441429
v 29.073601 14.870850 -89.046951
v 29.287790 15.185240 -88.646339
v 29.435431 15.618320 -88.290588
v 29.561350 16.088591 -87.935661
v 29.642639 16.635700 -87.611320
v 29.602301 17.283239 -87.372627
v -10.151460 18.782280 -24.727369
v -13.217970 17.935940 -25.722851
v -17.995581 16.959810 -26.617081
v -22.871960 16.185539 -26.787500
v 42.074150 6.613940 -93.030998
v -17.472879 18.818810 -45.148499
v 24.006069 21.367300 -91.312950
v 35.229221 8.061860 -95.547150
v 33.449570 8.179490 -96.636200
v 31.926121 8.378640 -97.471497
v 30.587839 8.963290 -98.406631
v 29.172581 9.757860 -99.032829
v 27.726231 10.589110 -99.351486
v 26.350420 11.548310 -99.344727
v 43.530960 12.795490 -86.668419
v 43.186829 10.579060 -88.653862
v 42.819092 8.697440 -90.546768
v -8.024020 17.403980 -83.864449
v -7.361160 16.686859 -84.793991
v -6.424070 16.117840 -85.891319
v -12.440420 27.084030 -37.882580
v -12.729830 25.822920 -39.344379
v -13.316830 24.350380 -40.663189
v -14.442860 22.140430 -45.193989
v -14.490590 21.836460 -48.730751
v -14.742580 21.363850 -52.908482
v -15.173720 20.686960 -57.458172
v -15.927260 19.798420 -62.082520
v -16.829590 18.848230 -66.094414
v 2.697550 9.316610 -99.240730
v -1.491200 8.313240 -99.230530
v 16.639271 -10.034470 -103.503983
v 18.881201 -11.381030 -102.847412
v 20.916719 -12.208450 -102.465408
v 22.962481 -12.686040 -102.160561
v 24.958590 -13.019260 -101.955551
v 26.996241 -13.340180 -101.849617
v 29.017000 -13.706390 -101.701767
v 30.843269 -14.078130 -101.495590
v 32.310310 -14.538190 -101.336792
v 0.668310 -5.269630 -105.137894
v -5.400100 -1.164440 -105.237267
v -2.017870 -2.166320 -105.007828
v 0.940580 -2.567870 -104.765068
v 3.764780 -2.255390 -104.844032
v 6.724260 -1.087340 -105.286911
v 10.152190 -0.492790 -106.147659
v 10.342380 -1.490220 -106.206673
v 10.689540 -2.444080 -106.170151
v 11.099030 -3.397740 -106.049133
v 11.535550 -4.392100 -105.854301
v 11.988240 -5.399630 -105.546761
v 12.371250 -6.476100 -105.131058
v -6.975110 36.236752 -8.777580
v -6.671600 36.081070 -12.598860
v -6.756040 35.957630 -15.629340
v -7.149420 35.866268 -17.871750
v -7.683860 35.786179 -19.837919
v -8.782530 35.688610 -22.232830
v -10.386190 35.560162 -25.386110
v -11.468100 35.469971 -27.599859
v -11.910490 35.409660 -29.080040
v -12.197340 35.370579 -30.039740
v -12.405080 35.336430 -30.878201
v -12.245420 35.298382 -31.811750
v -12.075270 35.257858 -32.806499
v -11.910240 35.218559 -33.771461
v -11.628380 35.179359 -34.733631
v -11.066250 35.133968 -35.847820
v 13.265380 9.772410 -102.265343
v 12.116400 9.107510 -102.652527
v 10.973160 8.556980 -102.863312
v 9.647740 7.941460 -102.574272
v -8.570510 30.390310 -17.903460
v -9.077720 30.659439 -20.062000
v -9.837760 31.317539 -22.702240
v -14.143220 25.283661 -34.742851
v -13.413730 29.383511 -32.953480
v -3.540700 20.163891 -86.094177
v -22.072729 2.948930 -89.206963
v -22.394590 1.679560 -91.829422
v -24.317419 -7.964560 -104.129082
v -12.705150 -8.219700 -104.434151
v -8.509670 10.989720 -95.230766
v 48.727551 -34.170700 -86.828880
v 17.470261 26.752211 -93.062790
v 16.526230 25.298120 -91.193367
v 25.879379 -6.869180 -100.196869
v 29.271931 -8.462410 -101.240730
v 31.997400 -9.861530 -101.886292
v 43.692089 18.794430 -82.159927
v 42.421280 21.239990 -81.693642
v 41.456692 23.303379 -81.336151
v 40.729801 25.041370 -81.072197
v 40.178360 26.582970 -80.885818
v 39.753231 28.016041 -80.752831
v 39.362728 29.479549 -80.637108
v 39.111050 30.969601 -80.592300
v 38.900372 32.641232 -80.578583
v 40.638229 18.454069 -84.609161
v 38.363918 20.741949 -84.558693
v 36.240742 22.624020 -84.569511
v 33.895470 23.886600 -84.897522
v 21.724510 31.801029 -95.530579
v 21.526609 31.750980 -96.040611
v 21.340111 31.703810 -96.521301
v 21.106190 31.644630 -97.124168
v 20.747070 31.553810 -98.049690
v 19.547070 31.544519 -97.590530
v 18.418171 31.544519 -97.055199
v 17.059000 31.544500 -96.419212
v 15.890290 31.544550 -96.007629
v -50.566551 -1.928350 6.981650
v -51.186859 -3.315800 7.088540
v -51.659279 -4.372480 7.169940
v -52.132622 -5.431200 7.251510
v -52.357399 -6.259490 7.315320
v -52.386951 -6.888860 7.363810
v -52.429901 -7.803860 7.434280
v -52.498680 -9.269060 7.547150
v -52.539051 -11.642010 7.729930
v -52.539051 -15.327100 8.013760
v -52.539051 -20.025471 8.375650
v -52.539051 -25.902519 8.828360
v 21.806780 4.830860 -99.253120
v 19.719919 3.885310 -99.067841
v 18.373180 2.521020 -99.221336
v 47.702930 -25.474871 -88.745949
v 45.457500 -22.079960 -90.750839
v 43.621021 -19.621750 -92.627518
v 42.093712 -17.572050 -94.368080
v 40.763882 -15.653630 -96.138489
v 55.326012 -28.755529 -84.129440
v 55.326012 -32.151348 -83.980721
v 5.231250 11.910520 -98.951500
v -2.385810 21.888571 -90.903709
v -1.282450 19.938589 -91.463120
v 18.028830 -2.049410 -98.628769
v 18.511909 -2.214450 -98.049667
v 19.145269 -2.271380 -97.552452
v 19.868679 -2.236380 -97.119637
v 20.543779 -2.144950 -96.662949
v 21.137529 -2.023420 -96.262512
v -27.901011 2.951080 -82.334770
v -28.448139 0.303300 -88.731377
v -27.613850 -2.237050 -95.432907
v 2.549290 24.731251 -87.139091
v 2.235670 26.137609 -88.212418
v 1.440520 27.374880 -89.938271
v 0.592770 28.546160 -92.334953
v 35.561481 6.919480 -96.165192
v 33.779339 6.494310 -97.653198
v 31.786381 6.494590 -98.364197
v 29.839710 6.499910 -99.056953
v 43.751289 7.918500 -90.308128
v -16.930460 3.004170 -91.858551
v 21.963409 -3.771690 -97.227089
v 21.749599 -2.653560 -96.476120
v -10.312590 31.565590 -96.346413
v -9.920950 31.560360 -96.371452
v -9.491380 31.554609 -96.398933
v -8.967290 31.547590 -96.432449
v -8.045810 31.544519 -96.371368
v -6.464050 31.544519 -96.198311
v -4.017500 31.544519 -96.295441
v -1.664330 31.544519 -96.522049
v 0.058830 31.544540 -96.549377
v 1.299600 31.544519 -96.479088
v 2.786130 31.544519 -96.502563
v 5.223100 31.544559 -96.593163
v 8.807080 31.544550 -96.458321
v 11.576950 31.544559 -96.131607
v 13.257210 31.544540 -95.840622
v 14.129710 31.544540 -95.721680
v 14.982140 31.544559 -95.806702
v 6.255250 21.842140 -85.772171
v 7.556560 22.278469 -85.926239
v 8.670730 22.967060 -86.513527
v 9.423070 23.763309 -87.686577
v 10.391940 25.148920 -89.108528
v 8.811720 9.889330 -101.533691
v -51.408401 -33.233120 4.660080
v -50.350319 -33.156422 0.224960
v -49.292728 -33.079762 -4.208170
v -48.259029 -33.004841 -8.541080
v -47.243591 -32.931240 -12.797460
v -46.229881 -32.857761 -17.046610
v -45.220791 -32.784618 -21.276381
v -44.204620 -32.710972 -25.535780
v -43.186352 -32.637161 -29.804079
v -42.161732 -32.562901 -34.098942
v -41.129921 -32.488098 -38.423920
v -40.093761 -32.412998 -42.767159
v -39.047981 -32.337200 -47.150799
v -38.015228 -32.262348 -51.479759
v -37.000141 -32.188770 -55.734661
v -36.016121 -32.117439 -59.859371
v -35.081268 -32.049679 -63.777931
v -34.209599 -31.986500 -67.431732
v -33.397991 -31.927670 -70.833649
v -32.655659 -31.873871 -73.945328
v -31.976950 -31.824671 -76.790253
v -31.351870 -31.779360 -79.410378
v -30.782009 -31.738050 -81.799072
v -30.265400 -31.700609 -83.964500
v -29.800261 -31.666889 -85.914253
v -29.389521 -31.637131 -87.635941
v -29.060909 -31.613300 -89.013321
v -28.817301 -31.595650 -90.034477
v -28.619490 -31.582180 -90.813522
v -28.395060 -31.570950 -91.463089
v -28.217430 -31.562040 -91.977203
v -28.070061 -31.554680 -92.403748
v -27.938950 -31.548120 -92.783203
v -27.664909 -31.544531 -92.990967
v -27.268940 -31.544531 -92.990967
v -26.823629 -31.544531 -92.990967
v -26.254450 -31.544531 -92.990967
v -25.646420 -31.544531 -92.990959
v -24.887150 -31.544519 -92.990967
v -23.826900 -31.544519 -92.990967
v -22.094040 -31.544519 -92.990967
v -19.463400 -31.544519 -92.990967
v -16.509991 -31.544531 -92.990959
v -13.549950 -31.544531 -92.990959
v -10.517540 -31.544519 -92.990967
v -7.349310 -31.544531 -92.990967
v -4.031650 -31.544531 -92.990959
v -0.604080 -31.544531 -92.990967
v 2.829950 -31.544531 -92.990967
v 6.161290 -31.544531 -92.990967
v 9.322870 -31.544519 -92.990967
v 12.303460 -31.544531 -92.990967
v 15.139000 -31.544531 -92.990967
v 17.868750 -31.544519 -92.990967
v 20.510960 -31.544519 -92.990967
v 23.081940 -31.544531 -92.990967
v 25.604589 -31.544519 -92.990967
v 28.073469 -31.544519 -92.990967
v 30.337339 -31.544519 -92.990967
v 32.167938 -31.544531 -92.990967
v 33.746922 -31.666580 -92.704590
v 36.126060 -31.938980 -92.065422
v 39.028439 -32.296082 -91.227524
v 42.013641 -32.873051 -89.873711
v 45.120338 -33.473511 -88.464790
v -12.334340 31.592670 -96.217087
v -12.145670 31.590139 -96.229156
v -11.976710 31.587879 -96.239983
v -11.790040 31.585381 -96.251900
v -11.600870 31.582850 -96.264008
v -11.408250 31.580271 -96.276329
v -11.199190 31.577471 -96.289688
v -11.009590 31.574930 -96.301819
v -10.819010 31.572380 -96.314003
v -10.611820 31.569611 -96.327271
v -26.683241 12.848540 -33.380550
v -21.478451 14.712320 -41.333839
v 51.450432 -34.696972 -85.594032
v 53.317242 -35.057789 -84.747414
v 6.182160 28.480040 -90.887962
v 8.474210 28.362530 -91.707047
v -40.814850 7.412750 6.262080
v -38.072632 9.324460 6.114830
v -34.198292 11.745080 5.928380
v -29.472919 14.618450 5.707050
v -24.325560 17.821791 5.460290
v -20.337130 20.496670 5.254210
v -17.982109 22.360550 5.110620
v -16.393061 23.618650 5.013700
v -15.170540 24.760700 4.925720
v -13.980600 25.936640 4.835150
v -12.793510 27.109739 4.744790
v -11.848590 28.360359 4.648460
v -10.981260 29.539921 4.557590
v -10.279010 30.517260 4.482300
v -9.810510 31.544519 4.403200
v -9.379910 32.488651 4.330480
v -8.979680 33.366180 4.262890
v -8.755340 34.228828 4.196450
v -8.573160 35.387218 4.107230
v -6.701620 12.255870 -94.954483
v -6.141370 12.494330 -95.559753
v -5.578360 12.390250 -96.171181
v -5.067220 12.263250 -96.829819
v -4.617260 12.161370 -97.464600
v -4.082100 12.002680 -97.945030
v -3.409450 11.832380 -98.367493
v -2.401070 11.481240 -98.561020
v -15.889570 19.844311 -73.418091
v -14.709160 20.418909 -77.944481
v -13.522370 20.571819 -80.186768
v -11.818110 20.178209 -81.530319
v -49.852242 -1.003560 6.910420
v -48.928280 0.107610 6.824810
v -47.857830 1.394930 6.725630
v -46.925652 2.429170 6.645970
v -45.925301 3.299310 6.578950
v -44.582390 4.467440 6.488970
v -42.944710 5.891940 6.379230
v -9.667950 34.140598 -60.232571
v -9.991820 33.943249 -64.964249
v -10.709990 33.729210 -69.056702
v -11.014620 33.345402 -71.831329
v -10.636310 32.813770 -74.130737
v -10.810940 32.612579 -76.954132
v -10.689580 32.460018 -79.911552
v -10.393470 35.079651 -37.181309
v -9.836770 35.017021 -38.718739
v -9.510940 34.951092 -40.336960
v -9.263590 34.883518 -41.995850
v -9.343750 34.792969 -44.218079
v -9.596290 34.658981 -47.507702
v -9.842950 34.504021 -51.311459
v -9.831560 34.333382 -55.500519
v 11.431750 27.891661 -92.123947
v -31.514830 2.576990 -67.218018
v -13.842600 4.692480 -87.617950
v 38.792850 34.766609 -80.643112
v -8.131260 30.224831 -15.275570
v -7.696720 11.619750 -94.168228
v 18.590590 28.613029 -95.195839
v -4.540130 23.395321 -90.284790
v -23.857019 -2.123710 -102.846802
v -23.087120 6.220690 -76.366028
v -20.812740 4.001520 -87.202522
v -3.122800 15.913540 -90.588280
v 33.056870 -10.512760 -102.313988
v -40.639561 5.472040 -27.090839
v -5.305370 15.665160 -86.897667
v -2.368200 19.029869 -86.693741
v -10.413240 30.199820 -82.458237
v 24.919319 5.253920 -98.973312
v 2.632320 23.775030 -86.418221
v -17.556290 18.085779 -68.937286
v -6.955370 24.327841 -26.743759
v 21.591780 -1.905170 -95.964447
v -52.539051 -33.315071 9.399400
v 33.226311 -15.005800 -101.106087
v -9.485280 9.714830 -88.892128
v -15.490020 12.675530 -77.428169
v 26.271151 13.998110 -94.204437
v 17.539921 1.395800 -99.600380
v -22.710871 -6.505050 -104.569427
v 6.075960 5.694890 -101.734734
v 17.667250 -1.953390 -99.098991
v -12.234530 28.182541 -36.921360
v -9.104820 18.904650 -82.890770
v 28.241180 6.114690 -99.517838
v -9.191670 -0.357440 -105.278603
v -18.828421 12.237160 -70.651871
v 5.169870 8.391520 -100.322388
v -1.516320 6.779480 -99.641724
v 39.363152 -13.732070 -98.029251
v 10.574820 1.149820 -105.972939
v 23.779961 23.439671 -91.492607
v 28.785280 14.267880 -89.821381
v -22.199760 14.286840 -47.123611
v -0.743710 10.674940 -98.591454
v -34.133961 11.913020 -23.958269
v 7.961170 7.060440 -102.219330
v -26.524891 15.564730 -26.923441
v -14.563220 22.356880 -42.283730
v 37.805279 8.372620 -94.096352
v -8.357670 36.757339 4.001690
v -8.977310 10.635420 -95.904572
v 43.737301 15.289630 -84.574211
v 13.202290 -8.218840 -104.425652
v -2.904840 18.054060 -84.732742
v -26.451080 -3.594440 -101.251183
v -20.264200 17.868179 -7.115760
v 23.185381 30.598030 -90.392197
v 12.576660 6.713850 -104.357399
v 51.061890 -23.735540 -86.935562
v -12.551850 31.595570 -96.203178
v 9.441810 6.418870 -103.291702
v -8.372020 19.394171 -24.663019
v 4.763970 28.299570 -90.283798
v -12.845940 10.501320 -80.971359
v 23.733219 3.343080 -97.366203
v 42.537071 7.633020 -91.741608
v 30.921249 24.549500 -85.625710
v 41.057480 5.499540 -94.238647
v -9.533570 10.582210 -86.018463
v 29.523890 17.862740 -87.189240
v 14.937550 10.622180 -101.410133
v 26.079020 19.534361 -88.803070
v -30.155170 13.849180 -28.166479
v 12.975220 17.788019 -88.189301
v -18.225080 1.944390 -97.042831
v 55.326012 -35.446041 -83.836418
v -21.535000 0.898520 -95.320427
v -0.061370 30.388100 -95.111031
v 34.666161 -12.558720 -101.271172
v -50.781960 -3.248770 5.576240
v 20.789181 12.543200 -99.101547
v 51.782452 -32.715721 -85.576881
v -6.915760 24.444429 -19.491911
v 5.637190 19.572460 -88.102341
v 24.409040 19.491280 -91.088257
v 0.115970 16.856609 -93.654266
v -11.362440 31.511841 -26.488340
v 32.621498 -13.525420 -101.731598
v -29.979481 14.597760 -24.197840
v 2.426770 21.486250 -86.869720
v 5.187040 21.472281 -85.899292
v 22.154650 -5.131730 -98.783890
v 49.381691 -30.087790 -86.949440
v 24.846411 12.961040 -98.561836
v 15.924950 24.412930 -89.892014
v -20.492100 9.080620 -70.680832
v -50.703220 -3.870440 4.076120
v -23.261150 0.313990 -94.646057
vt 0.697559 0.365489
vt 0.694455 0.366470
vt 0.693695 0.364214
vt 0.697408 0.364509
vt 0.697837 0.366684
vt 0.696080 0.368578
vt 0.700074 0.364480
vt 0.699723 0.366834
vt 0.700076 0.362735
vt 0.702667 0.363006
vt 0.702521 0.364623
vt 0.702036 0.367251
vt 0.705202 0.365159
vt 0.704585 0.367688
vt 0.705494 0.363760
vt 0.708125 0.365015
vt 0.707310 0.367911
vt 0.708514 0.363200
vt 0.693485 0.362142
vt 0.697284 0.363639
vt 0.699992 0.361332
vt 0.702805 0.361794
vt 0.705758 0.362717
vt 0.708712 0.361788
vt 0.711569 0.362828
vt 0.711358 0.363933
vt 0.711004 0.365416
vt 0.714455 0.363112
vt 0.714134 0.365054
vt 0.714694 0.361651
vt 0.718007 0.364043
vt 0.717616 0.365285
vt 0.718211 0.363085
vt 0.757759 0.463313
vt 0.755207 0.464493
vt 0.753879 0.461830
vt 0.756385 0.460521
vt 0.759613 0.467968
vt 0.756681 0.469029
vt 0.760221 0.462246
vt 0.762516 0.466699
vt 0.758662 0.459370
vt 0.753648 0.469861
vt 0.752545 0.465695
vt 0.751156 0.463454
vt 0.749586 0.462029
vt 0.752564 0.460011
vt 0.755134 0.458519
vt 0.750589 0.470331
vt 0.750447 0.466883
vt 0.748640 0.465962
vt 0.746485 0.465016
vt 0.748058 0.460694
vt 0.751327 0.458443
vt 0.744264 0.463803
vt 0.747517 0.470141
vt 0.744367 0.469525
vt 0.740885 0.468526
vt 0.742155 0.461881
vt 0.746645 0.459023
vt 0.736511 0.466586
vt 0.909044 0.833991
vt 0.903894 0.836099
vt 0.903152 0.832054
vt 0.908368 0.830190
vt 0.910397 0.837504
vt 0.905495 0.839921
vt 0.913649 0.832258
vt 0.914959 0.835442
vt 0.913079 0.828747
vt 0.908220 0.825467
vt 0.912979 0.824360
vt 0.917628 0.827269
vt 0.918342 0.830354
vt 0.917213 0.823367
vt 0.913057 0.819516
vt 0.917006 0.818925
vt 0.921579 0.822173
vt 0.922456 0.825366
vt 0.920894 0.818352
vt 0.926606 0.820418
vt 0.927831 0.823141
vt 0.925421 0.817155
vt 0.917601 0.813540
vt 0.921207 0.813680
vt 0.924586 0.814025
vt 0.928340 0.810458
vt 0.930952 0.814449
vt 0.932551 0.818072
vt 0.851999 0.790512
vt 0.842650 0.794568
vt 0.838733 0.784349
vt 0.848426 0.779178
vt 0.860506 0.805978
vt 0.849723 0.808016
vt 0.863823 0.782784
vt 0.870534 0.793630
vt 0.860606 0.773013
vt 0.876267 0.774114
vt 0.881451 0.780773
vt 0.873152 0.767652
vt 0.836594 0.777245
vt 0.847832 0.771981
vt 0.860494 0.766797
vt 0.873006 0.763159
vt 0.886363 0.759598
vt 0.886407 0.762797
vt 0.889328 0.766879
vt 0.900457 0.756629
vt 0.902497 0.759161
vt 0.900416 0.754062
vt 0.835053 0.769869
vt 0.847923 0.765088
vt 0.861244 0.761019
vt 0.874033 0.758911
vt 0.887476 0.756014
vt 0.901439 0.750741
vt 0.914993 0.745280
vt 0.914218 0.748045
vt 0.914380 0.750065
vt 0.927912 0.742686
vt 0.928473 0.744755
vt 0.928252 0.740298
vt 0.848404 0.758578
vt 0.862422 0.755609
vt 0.834258 0.761763
vt 0.875571 0.754037
vt 0.888942 0.751133
vt 0.902517 0.746447
vt 0.915784 0.741733
vt 0.928624 0.737297
vt 0.940111 0.733652
vt 0.940680 0.736555
vt 0.941023 0.739287
vt 0.952225 0.733795
vt 0.951783 0.737384
vt 0.948644 0.730464
vt 0.701691 0.519812
vt 0.705359 0.531243
vt 0.699225 0.533007
vt 0.695151 0.522009
vt 0.708681 0.515345
vt 0.711908 0.529789
vt 0.694735 0.510079
vt 0.700143 0.506574
vt 0.689311 0.512215
vt 0.683979 0.503479
vt 0.688276 0.501806
vt 0.692671 0.499449
vt 0.689537 0.523609
vt 0.684128 0.513811
vt 0.693971 0.534695
vt 0.959246 0.758051
vt 0.959221 0.750233
vt 0.963583 0.751145
vt 0.963692 0.759067
vt 0.953503 0.756164
vt 0.953357 0.749138
vt 0.959377 0.768974
vt 0.952925 0.765928
vt 0.964432 0.769502
vt 0.967158 0.779196
vt 0.961064 0.780692
vt 0.952133 0.778674
vt 0.963487 0.745508
vt 0.966372 0.745485
vt 0.966957 0.751409
vt 0.963156 0.741942
vt 0.964778 0.740597
vt 0.959072 0.744660
vt 0.959166 0.740697
vt 0.967831 0.759027
vt 0.969992 0.768071
vt 0.959864 0.737771
vt 0.961118 0.735360
vt 0.966157 0.739186
vt 0.968565 0.744754
vt 0.969843 0.750926
vt 0.971812 0.758100
vt 0.963023 0.733104
vt 0.967456 0.737649
vt 0.970448 0.743703
vt 0.972308 0.750051
vt 0.508807 0.340336
vt 0.503365 0.336117
vt 0.505096 0.333863
vt 0.509733 0.338417
vt 0.514774 0.343174
vt 0.513976 0.345125
vt 0.944320 0.760990
vt 0.945126 0.753962
vt 0.938796 0.768695
vt 0.952678 0.744258
vt 0.952159 0.901896
vt 0.949132 0.903422
vt 0.946030 0.900134
vt 0.948967 0.899305
vt 0.955705 0.903973
vt 0.953442 0.907794
vt 0.954700 0.899968
vt 0.957458 0.901224
vt 0.951801 0.898060
vt 0.956917 0.897718
vt 0.959223 0.898554
vt 0.954254 0.896279
vt 0.946263 0.896421
vt 0.949019 0.895623
vt 0.951551 0.894277
vt 0.953833 0.892306
vt 0.956489 0.893941
vt 0.958937 0.895106
vt 0.958565 0.891063
vt 0.960812 0.891960
vt 0.955893 0.889828
vt 0.960190 0.887850
vt 0.962452 0.888468
vt 0.957408 0.887109
vt 0.946563 0.892937
vt 0.948997 0.891950
vt 0.951106 0.890407
vt 0.952808 0.888429
vt 0.953880 0.886300
vt 0.954323 0.884105
vt 0.958169 0.884385
vt 0.961269 0.884550
vt 0.958168 0.881538
vt 0.961855 0.881132
vt 0.954029 0.881992
vt 0.948339 0.888500
vt 0.949703 0.887114
vt 0.946520 0.889497
vt 0.950262 0.885492
vt 0.950257 0.883803
vt 0.949741 0.882141
vt 0.948801 0.880674
vt 0.953087 0.879934
vt 0.957396 0.878598
vt 0.947526 0.886096
vt 0.947215 0.884802
vt 0.946149 0.886582
vt 0.946804 0.883328
vt 0.861291 0.835859
vt 0.857299 0.836050
vt 0.856830 0.833836
vt 0.860923 0.833529
vt 0.861572 0.838262
vt 0.857632 0.838270
vt 0.865101 0.835896
vt 0.865279 0.838428
vt 0.864879 0.833422
vt 0.856171 0.831577
vt 0.860366 0.831150
vt 0.864615 0.830913
vt 0.859450 0.828464
vt 0.864050 0.828074
vt 0.855170 0.828913
vt 0.858055 0.824894
vt 0.863342 0.824771
vt 0.853457 0.825030
vt 0.849153 0.824860
vt 0.844991 0.818246
vt 0.849874 0.818514
vt 0.851210 0.829091
vt 0.855292 0.818736
vt 0.862206 0.819466
vt 0.838434 0.809335
vt 0.843418 0.808364
vt 0.500565 0.324479
vt 0.497484 0.326567
vt 0.495270 0.322536
vt 0.498521 0.320753
vt 0.503372 0.327933
vt 0.500864 0.330202
vt 0.503598 0.322466
vt 0.505749 0.325906
vt 0.501832 0.318885
vt 0.506216 0.320928
vt 0.507797 0.324383
vt 0.504827 0.317341
vt 0.508364 0.319965
vt 0.509627 0.323191
vt 0.507229 0.316432
vt 0.510453 0.319326
vt 0.511604 0.322200
vt 0.509335 0.315922
vt 0.503456 0.313263
vt 0.506158 0.312288
vt 0.508429 0.311796
vt 0.510734 0.311565
vt 0.511730 0.315605
vt 0.512850 0.318922
vt 0.514004 0.311552
vt 0.515229 0.315584
vt 0.516622 0.318913
vt 0.520047 0.311976
vt 0.521460 0.316171
vt 0.522906 0.319717
vt 0.528311 0.313050
vt 0.529469 0.317397
vt 0.530569 0.321102
vt 0.538280 0.318901
vt 0.539158 0.322709
vt 0.537438 0.314466
vt 0.548073 0.320551
vt 0.548842 0.324492
vt 0.547426 0.315991
vt 0.559087 0.322238
vt 0.559825 0.326327
vt 0.558490 0.317584
vt 0.509935 0.306646
vt 0.513059 0.306574
vt 0.518832 0.306835
vt 0.527192 0.307674
vt 0.536687 0.308872
vt 0.546908 0.310190
vt 0.558060 0.311572
vt 0.570317 0.312994
vt 0.570742 0.319140
vt 0.571353 0.323855
vt 0.583593 0.314405
vt 0.584005 0.320614
vt 0.584603 0.325287
vt 0.597728 0.315766
vt 0.598120 0.322012
vt 0.598716 0.326572
vt 0.612641 0.316963
vt 0.612986 0.323283
vt 0.613487 0.327786
vt 0.628833 0.324466
vt 0.629144 0.329067
vt 0.628551 0.317937
vt 0.647205 0.325578
vt 0.646951 0.330662
vt 0.646430 0.318268
vt 0.668729 0.324243
vt 0.664472 0.332168
vt 0.665288 0.315882
vt 0.526179 0.300906
vt 0.536088 0.301809
vt 0.546666 0.302868
vt 0.557925 0.304001
vt 0.570144 0.305189
vt 0.583365 0.306369
vt 0.597476 0.307456
vt 0.612387 0.308324
vt 0.628173 0.308814
vt 0.645100 0.308422
vt 0.662201 0.306105
vt 0.676956 0.302000
vt 0.680410 0.310364
vt 0.683922 0.316162
vt 0.691620 0.305006
vt 0.693843 0.310046
vt 0.689055 0.297701
vt 0.558151 0.294750
vt 0.570400 0.295648
vt 0.583547 0.296531
vt 0.597551 0.297295
vt 0.612322 0.297798
vt 0.627787 0.297847
vt 0.643827 0.297090
vt 0.659657 0.295086
vt 0.673962 0.291976
vt 0.686527 0.288548
vt 0.697983 0.285538
vt 0.699801 0.294255
vt 0.701347 0.301172
vt 0.709745 0.291739
vt 0.710584 0.298577
vt 0.708631 0.283192
vt 0.598067 0.285613
vt 0.612691 0.285876
vt 0.627772 0.285735
vt 0.643039 0.284965
vt 0.657911 0.283358
vt 0.671718 0.280977
vt 0.684378 0.278242
vt 0.696204 0.275668
vt 0.707357 0.273547
vt 0.717984 0.271851
vt 0.718679 0.281326
vt 0.719161 0.289830
vt 0.642891 0.272020
vt 0.657101 0.270771
vt 0.670452 0.268997
vt 0.682983 0.266924
vt 0.694886 0.264870
vt 0.706269 0.263084
vt 0.717256 0.261641
vt 0.727994 0.260503
vt 0.728276 0.270448
vt 0.728397 0.279670
vt 0.738117 0.269313
vt 0.737735 0.278218
vt 0.738336 0.259662
vt 0.682434 0.254579
vt 0.694324 0.253084
vt 0.705781 0.251757
vt 0.716919 0.250677
vt 0.727878 0.249856
vt 0.738539 0.249307
vt 0.748324 0.248955
vt 0.747729 0.259097
vt 0.747004 0.268531
vt 0.755570 0.258528
vt 0.754434 0.267932
vt 0.756683 0.248536
vt 0.717198 0.239026
vt 0.728312 0.238599
vt 0.739154 0.238391
vt 0.749202 0.238306
vt 0.757857 0.238057
vt 0.764821 0.247895
vt 0.763234 0.257852
vt 0.766388 0.237658
vt 0.750399 0.227495
vt 0.759236 0.227558
vt 0.767946 0.227402
vt 0.779562 0.227502
vt 0.777239 0.237763
vt 0.774608 0.247692
vt 0.788912 0.239237
vt 0.784392 0.248885
vt 0.793002 0.228382
vt 0.793582 0.216738
vt 0.808275 0.214840
vt 0.807314 0.230078
vt 0.779866 0.217331
vt 0.801349 0.242605
vt 0.957737 0.730313
vt 0.835716 0.420737
vt 0.841353 0.407184
vt 0.846287 0.409711
vt 0.841701 0.424292
vt 0.828457 0.413446
vt 0.834147 0.402202
vt 0.827508 0.433047
vt 0.821641 0.420548
vt 0.837508 0.436721
vt 0.846162 0.389514
vt 0.850458 0.391068
vt 0.839169 0.386498
vt 0.850839 0.369767
vt 0.855719 0.370983
vt 0.843124 0.368126
vt 0.854874 0.350885
vt 0.862255 0.352109
vt 0.845318 0.350319
vt 0.845799 0.334535
vt 0.857426 0.333864
vt 0.867233 0.334979
vt 0.844064 0.318728
vt 0.857133 0.315473
vt 0.869709 0.314925
vt 0.839716 0.302143
vt 0.854175 0.295679
vt 0.870467 0.292570
vt 0.835112 0.287102
vt 0.851315 0.277375
vt 0.870682 0.273621
vt 0.820949 0.404312
vt 0.825746 0.395585
vt 0.815589 0.409450
vt 0.830181 0.382522
vt 0.833446 0.366524
vt 0.834571 0.350602
vt 0.833974 0.336434
vt 0.832044 0.322881
vt 0.827856 0.308768
vt 0.809693 0.399740
vt 0.813720 0.395964
vt 0.817147 0.389210
vt 0.820403 0.378579
vt 0.823232 0.365208
vt 0.824200 0.351607
vt 0.823676 0.339018
vt 0.822033 0.327016
vt 0.809385 0.384639
vt 0.811908 0.375593
vt 0.807265 0.390488
vt 0.814557 0.364308
vt 0.816214 0.352570
vt 0.816696 0.340994
vt 0.802963 0.382914
vt 0.805938 0.374327
vt 0.801096 0.388751
vt 0.809324 0.363962
vt 0.811446 0.353192
vt 0.793122 0.389917
vt 0.794880 0.383716
vt 0.801572 0.373860
vt 0.805877 0.363925
vt 0.862566 0.218897
vt 0.854578 0.217227
vt 0.853432 0.208752
vt 0.862178 0.207392
vt 0.858206 0.233400
vt 0.842563 0.228184
vt 0.871117 0.219896
vt 0.870789 0.234370
vt 0.871579 0.205883
vt 0.913748 0.875101
vt 0.910164 0.878570
vt 0.907070 0.874866
vt 0.910884 0.872028
vt 0.916971 0.877498
vt 0.913861 0.882671
vt 0.915900 0.872429
vt 0.918572 0.874536
vt 0.913424 0.869854
vt 0.911149 0.867138
vt 0.913794 0.865290
vt 0.915770 0.867662
vt 0.908376 0.869010
vt 0.917921 0.869808
vt 0.918393 0.864997
vt 0.920182 0.866946
vt 0.916703 0.862865
vt 0.905821 0.866021
vt 0.908922 0.864160
vt 0.911754 0.862609
vt 0.914467 0.860448
vt 0.917431 0.857597
vt 0.920021 0.860043
vt 0.921476 0.861812
vt 0.923102 0.856830
vt 0.924881 0.858496
vt 0.920494 0.854544
vt 0.905952 0.861100
vt 0.908825 0.859482
vt 0.911427 0.857317
vt 0.914108 0.854548
vt 0.917093 0.851596
vt 0.920282 0.848913
vt 0.923846 0.851751
vt 0.926735 0.853906
vt 0.927309 0.848682
vt 0.930973 0.850467
vt 0.923326 0.846236
vt 0.907145 0.853715
vt 0.909846 0.850892
vt 0.904690 0.855960
vt 0.913056 0.847964
vt 0.916562 0.845157
vt 0.920169 0.842545
vt 0.924238 0.840092
vt 0.925828 0.843640
vt 0.929820 0.844224
vt 0.899736 0.852323
vt 0.902127 0.849783
vt 0.905023 0.846820
vt 0.908868 0.843911
vt 0.912992 0.841200
vt 0.917192 0.838762
vt 0.899173 0.842472
vt 0.896342 0.846196
vt 0.687725 0.319152
vt 0.695499 0.313418
vt 0.679332 0.326796
vt 0.689885 0.321291
vt 0.682768 0.327927
vt 0.696876 0.316046
vt 0.691375 0.323057
vt 0.684843 0.328903
vt 0.698058 0.318333
vt 0.692673 0.324741
vt 0.686606 0.329855
vt 0.699101 0.320407
vt 0.704346 0.312221
vt 0.705044 0.314607
vt 0.703657 0.309641
vt 0.705836 0.316965
vt 0.706769 0.319514
vt 0.700159 0.322569
vt 0.693824 0.326387
vt 0.701150 0.324774
vt 0.694915 0.328245
vt 0.707718 0.322243
vt 0.702124 0.327186
vt 0.696117 0.330271
vt 0.708712 0.325130
vt 0.712071 0.307255
vt 0.712368 0.309851
vt 0.712628 0.312097
vt 0.713062 0.314542
vt 0.713670 0.317289
vt 0.714425 0.320318
vt 0.715444 0.323549
vt 0.716939 0.327207
vt 0.709935 0.328671
vt 0.703341 0.330394
vt 0.719485 0.331700
vt 0.711756 0.333301
vt 0.704622 0.334748
vt 0.714448 0.339550
vt 0.705955 0.340136
vt 0.723520 0.336988
vt 0.720563 0.310641
vt 0.720727 0.312950
vt 0.720525 0.308407
vt 0.721118 0.315606
vt 0.721813 0.318576
vt 0.722794 0.321709
vt 0.724354 0.325036
vt 0.727089 0.328987
vt 0.731536 0.334062
vt 0.728875 0.307337
vt 0.728727 0.309625
vt 0.728792 0.311767
vt 0.729067 0.314039
vt 0.729691 0.316633
vt 0.730722 0.319499
vt 0.732253 0.322572
vt 0.734726 0.326169
vt 0.737047 0.308568
vt 0.736932 0.310571
vt 0.737060 0.312563
vt 0.737442 0.314716
vt 0.738239 0.317279
vt 0.739603 0.320306
vt 0.741834 0.324062
vt 0.744046 0.311165
vt 0.744344 0.313095
vt 0.744114 0.309269
vt 0.745033 0.315285
vt 0.746279 0.318129
vt 0.748638 0.308341
vt 0.748457 0.310094
vt 0.748796 0.311805
vt 0.749864 0.313773
vt 0.751521 0.311053
vt 0.752829 0.312663
vt 0.751193 0.309456
vt 0.689104 0.391106
vt 0.684140 0.386708
vt 0.685697 0.385514
vt 0.690268 0.389726
vt 0.687962 0.392453
vt 0.682712 0.387854
vt 0.694642 0.394860
vt 0.693614 0.396493
vt 0.695586 0.393293
vt 0.686647 0.393889
vt 0.681264 0.389158
vt 0.692382 0.398263
vt 0.685031 0.395447
vt 0.679507 0.390604
vt 0.690901 0.400224
vt 0.682867 0.397382
vt 0.677017 0.392546
vt 0.689053 0.402481
vt 0.671593 0.386318
vt 0.674584 0.384376
vt 0.676776 0.383037
vt 0.678664 0.400692
vt 0.672561 0.396237
vt 0.685881 0.405529
vt 0.665634 0.390785
vt 0.669427 0.406353
vt 0.664168 0.403171
vt 0.677147 0.411226
vt 0.659025 0.400702
vt 0.614216 0.460697
vt 0.611375 0.466908
vt 0.609000 0.465700
vt 0.610539 0.456253
vt 0.617528 0.464125
vt 0.614045 0.468721
vt 0.618150 0.455615
vt 0.621835 0.460482
vt 0.614905 0.450440
vt 0.619871 0.445956
vt 0.623111 0.451397
vt 0.627330 0.457373
vt 0.629657 0.447053
vt 0.634495 0.453986
vt 0.626106 0.441497
vt 0.612051 0.444058
vt 0.617384 0.440690
vt 0.608153 0.447029
vt 0.623793 0.437001
vt 0.633243 0.436957
vt 0.636824 0.442636
vt 0.630786 0.432916
vt 0.640509 0.431947
vt 0.643930 0.437853
vt 0.638035 0.428148
vt 0.649297 0.426210
vt 0.652216 0.433157
vt 0.646760 0.422238
vt 0.942987 0.900833
vt 0.940783 0.897473
vt 0.943535 0.896961
vt 0.939624 0.901606
vt 0.937689 0.898045
vt 0.945492 0.904474
vt 0.941737 0.905468
vt 0.936217 0.894488
vt 0.939138 0.894147
vt 0.934503 0.898874
vt 0.933049 0.895113
vt 0.936338 0.902599
vt 0.941655 0.893816
vt 0.929849 0.896249
vt 0.928573 0.892480
vt 0.932003 0.891459
vt 0.931494 0.900031
vt 0.935320 0.890869
vt 0.938137 0.890695
vt 0.940346 0.890557
vt 0.925294 0.893877
vt 0.924009 0.889869
vt 0.927542 0.888786
vt 0.926849 0.897736
vt 0.931215 0.888033
vt 0.934765 0.887550
vt 0.937502 0.887457
vt 0.920407 0.891396
vt 0.919590 0.886688
vt 0.923305 0.885835
vt 0.922015 0.895659
vt 0.926969 0.885347
vt 0.930782 0.885093
vt 0.934359 0.884944
vt 0.937107 0.884970
vt 0.914815 0.888710
vt 0.919604 0.882181
vt 0.916366 0.893694
vt 0.923264 0.882154
vt 0.926917 0.882583
vt 0.930808 0.882907
vt 0.934372 0.883076
vt 0.936964 0.883281
vt 0.920409 0.878767
vt 0.923725 0.879628
vt 0.927230 0.880394
vt 0.931118 0.881143
vt 0.934705 0.881542
vt 0.936938 0.881919
vt 0.921404 0.876108
vt 0.924472 0.877371
vt 0.927871 0.878464
vt 0.931737 0.879549
vt 0.935232 0.880164
vt 0.937194 0.880635
vt 0.928832 0.876633
vt 0.932691 0.878110
vt 0.936097 0.878857
vt 0.753742 0.437956
vt 0.754414 0.429851
vt 0.758571 0.429943
vt 0.756770 0.438039
vt 0.750825 0.438162
vt 0.750547 0.430284
vt 0.753375 0.443616
vt 0.751159 0.443983
vt 0.755626 0.443467
vt 0.748018 0.438692
vt 0.746963 0.431202
vt 0.748787 0.444543
vt 0.745122 0.439559
vt 0.743582 0.432588
vt 0.746078 0.445270
vt 0.741729 0.440659
vt 0.740233 0.434522
vt 0.742692 0.446312
vt 0.485401 0.740796
vt 0.484793 0.735706
vt 0.491261 0.733302
vt 0.493557 0.741127
vt 0.478777 0.741283
vt 0.478172 0.734942
vt 0.485950 0.745927
vt 0.479404 0.746111
vt 0.494638 0.746453
vt 0.495788 0.752479
vt 0.486943 0.751971
vt 0.480183 0.752108
vt 0.496274 0.758588
vt 0.487496 0.758485
vt 0.481061 0.759079
vt 0.497235 0.763690
vt 0.488331 0.764162
vt 0.481793 0.764855
vt 0.924372 0.768743
vt 0.912823 0.772745
vt 0.912254 0.769632
vt 0.923713 0.764753
vt 0.923567 0.773216
vt 0.913161 0.776134
vt 0.934789 0.775270
vt 0.932851 0.763023
vt 0.922654 0.760790
vt 0.934170 0.758484
vt 0.911102 0.766692
vt 0.903986 0.784259
vt 0.902317 0.781357
vt 0.913585 0.780931
vt 0.905941 0.787210
vt 0.922306 0.778741
vt 0.900886 0.778434
vt 0.899358 0.775844
vt 0.901081 0.797886
vt 0.897700 0.796360
vt 0.908118 0.790491
vt 0.905986 0.798502
vt 0.913683 0.787855
vt 0.894843 0.794125
vt 0.891956 0.791278
vt 0.889020 0.788039
vt 0.897276 0.773520
vt 0.909010 0.764076
vt 0.885780 0.784856
vt 0.891004 0.806862
vt 0.887131 0.805563
vt 0.894499 0.807660
vt 0.882559 0.803085
vt 0.877172 0.799789
vt 0.884836 0.816190
vt 0.878979 0.815046
vt 0.871632 0.812634
vt 0.759711 0.438598
vt 0.762751 0.430685
vt 0.766487 0.431990
vt 0.762189 0.439720
vt 0.757715 0.442982
vt 0.758808 0.444568
vt 0.765767 0.420905
vt 0.771173 0.422537
vt 0.760003 0.420227
vt 0.760957 0.411546
vt 0.768013 0.411887
vt 0.775275 0.413740
vt 0.761235 0.404645
vt 0.769415 0.404626
vt 0.778595 0.406324
vt 0.754668 0.420473
vt 0.754530 0.411918
vt 0.749859 0.421448
vt 0.760597 0.754591
vt 0.774822 0.757382
vt 0.773278 0.767748
vt 0.759975 0.763933
vt 0.761153 0.748422
vt 0.776329 0.750289
vt 0.747226 0.753481
vt 0.746642 0.747925
vt 0.747843 0.761653
vt 0.792703 0.753103
vt 0.791322 0.760956
vt 0.790512 0.773534
vt 0.690752 0.753787
vt 0.668997 0.756471
vt 0.668386 0.750128
vt 0.690078 0.748525
vt 0.692004 0.759389
vt 0.670321 0.762739
vt 0.711787 0.750938
vt 0.713063 0.756086
vt 0.711144 0.746393
vt 0.730577 0.748825
vt 0.731881 0.753862
vt 0.729915 0.744291
vt 0.746529 0.743092
vt 0.762246 0.743258
vt 0.629201 0.750794
vt 0.648157 0.750684
vt 0.648272 0.757851
vt 0.628680 0.758068
vt 0.630046 0.744297
vt 0.648620 0.744436
vt 0.610513 0.750789
vt 0.611696 0.744325
vt 0.609400 0.757195
vt 0.668386 0.744495
vt 0.690017 0.743730
vt 0.711128 0.742024
vt 0.729952 0.739792
vt 0.747100 0.738337
vt 0.555571 0.737945
vt 0.538908 0.734529
vt 0.539965 0.729990
vt 0.556380 0.733267
vt 0.554511 0.741933
vt 0.537535 0.738496
vt 0.574725 0.741369
vt 0.573290 0.746118
vt 0.575775 0.736266
vt 0.594894 0.738084
vt 0.593800 0.743773
vt 0.592195 0.749677
vt 0.612563 0.738601
vt 0.630786 0.738727
vt 0.649307 0.738977
vt 0.669011 0.739132
vt 0.690651 0.738669
vt 0.711699 0.737202
vt 0.525486 0.726684
vt 0.526440 0.721715
vt 0.540992 0.724300
vt 0.524073 0.730925
vt 0.557425 0.726917
vt 0.576780 0.729389
vt 0.595726 0.731048
vt 0.613349 0.731739
vt 0.631636 0.731966
vt 0.650441 0.732264
vt 0.670362 0.732552
vt 0.691842 0.732410
vt 0.542439 0.715281
vt 0.559210 0.717150
vt 0.527184 0.713412
vt 0.578107 0.718928
vt 0.596783 0.720384
vt 0.614663 0.721353
vt 0.633155 0.721945
vt 0.652252 0.722458
vt 0.511432 0.711696
vt 0.511227 0.699079
vt 0.527886 0.699863
vt 0.511287 0.719060
vt 0.544294 0.701010
vt 0.561536 0.702316
vt 0.579948 0.703679
vt 0.598504 0.704964
vt 0.616819 0.706057
vt 0.528551 0.682656
vt 0.546031 0.683430
vt 0.510968 0.682327
vt 0.563854 0.684451
vt 0.582190 0.685617
vt 0.600714 0.686804
vt 0.493171 0.682683
vt 0.492732 0.662563
vt 0.510998 0.662228
vt 0.493696 0.698814
vt 0.529428 0.662617
vt 0.547764 0.663430
vt 0.566088 0.664470
vt 0.511737 0.637865
vt 0.530855 0.638575
vt 0.492761 0.637716
vt 0.549686 0.639531
vt 0.474176 0.638560
vt 0.473262 0.606952
vt 0.493953 0.608249
vt 0.474911 0.663612
vt 0.513322 0.609462
vt 0.532692 0.610684
vt 0.551630 0.611892
vt 0.568251 0.640589
vt 0.570238 0.613099
vt 0.586720 0.641713
vt 0.584477 0.665623
vt 0.588810 0.614338
vt 0.605145 0.642881
vt 0.602909 0.666802
vt 0.607274 0.615610
vt 0.623652 0.644064
vt 0.621393 0.667962
vt 0.625823 0.616934
vt 0.619207 0.687918
vt 0.642174 0.645259
vt 0.639933 0.669090
vt 0.644336 0.618296
vt 0.637823 0.688938
vt 0.635476 0.706959
vt 0.660777 0.646462
vt 0.658666 0.670184
vt 0.662859 0.619678
vt 0.656716 0.689884
vt 0.654569 0.707727
vt 0.679467 0.647595
vt 0.677619 0.671243
vt 0.681375 0.621045
vt 0.675979 0.690759
vt 0.674248 0.708378
vt 0.698172 0.648700
vt 0.696676 0.672211
vt 0.699812 0.622339
vt 0.695445 0.691557
vt 0.694361 0.708892
vt 0.693179 0.723105
vt 0.672243 0.722914
vt 0.716837 0.649672
vt 0.715581 0.673017
vt 0.718260 0.623506
vt 0.714585 0.692243
vt 0.713895 0.709198
vt 0.713322 0.722808
vt 0.735122 0.650438
vt 0.733971 0.673666
vt 0.736317 0.624449
vt 0.733063 0.692809
vt 0.732445 0.709421
vt 0.731950 0.722239
vt 0.712550 0.731450
vt 0.731310 0.729987
vt 0.752946 0.650991
vt 0.751841 0.674098
vt 0.753931 0.625113
vt 0.750944 0.693257
vt 0.750255 0.709714
vt 0.749651 0.721986
vt 0.748972 0.729041
vt 0.770192 0.651234
vt 0.769206 0.674292
vt 0.770907 0.625462
vt 0.768334 0.693523
vt 0.767590 0.709978
vt 0.766960 0.722073
vt 0.766302 0.728914
vt 0.786587 0.651148
vt 0.785832 0.674138
vt 0.786969 0.625503
vt 0.785058 0.693501
vt 0.784291 0.710083
vt 0.783665 0.722353
vt 0.783074 0.729323
vt 0.782070 0.734073
vt 0.765270 0.733431
vt 0.748080 0.733731
vt 0.801928 0.650777
vt 0.801471 0.673698
vt 0.801910 0.625278
vt 0.800816 0.693165
vt 0.800036 0.709975
vt 0.799333 0.722691
vt 0.798712 0.729980
vt 0.797829 0.735126
vt 0.816197 0.650122
vt 0.816091 0.672943
vt 0.815828 0.624848
vt 0.815616 0.692530
vt 0.814826 0.709583
vt 0.813952 0.722838
vt 0.813149 0.730546
vt 0.812223 0.736056
vt 0.796312 0.740738
vt 0.780337 0.739169
vt 0.810839 0.742013
vt 0.829269 0.649226
vt 0.829559 0.671877
vt 0.828580 0.624282
vt 0.829433 0.691557
vt 0.828737 0.708789
vt 0.827646 0.722508
vt 0.826615 0.730997
vt 0.825634 0.736993
vt 0.824286 0.743086
vt 0.841249 0.648201
vt 0.841919 0.670590
vt 0.840279 0.623637
vt 0.842257 0.690251
vt 0.841979 0.707561
vt 0.841147 0.721825
vt 0.840282 0.731429
vt 0.839378 0.738128
vt 0.838052 0.744239
vt 0.852321 0.647046
vt 0.853457 0.669152
vt 0.851111 0.622951
vt 0.854312 0.688634
vt 0.854596 0.705830
vt 0.854326 0.720356
vt 0.853812 0.730894
vt 0.853121 0.738373
vt 0.852095 0.744547
vt 0.850791 0.749570
vt 0.836360 0.749951
vt 0.822697 0.749325
vt 0.862530 0.645761
vt 0.864304 0.667458
vt 0.861043 0.622266
vt 0.865799 0.686638
vt 0.866615 0.703536
vt 0.866748 0.717843
vt 0.866418 0.728611
vt 0.865951 0.736374
vt 0.865477 0.742676
vt 0.864830 0.747412
vt 0.871890 0.644414
vt 0.874461 0.665487
vt 0.870103 0.621606
vt 0.876854 0.684226
vt 0.878370 0.700678
vt 0.878959 0.714585
vt 0.878886 0.725010
vt 0.878600 0.732591
vt 0.878373 0.739066
vt 0.878011 0.744183
vt 0.863803 0.751163
vt 0.849478 0.753783
vt 0.877090 0.748801
vt 0.880458 0.643072
vt 0.884027 0.663379
vt 0.878313 0.620989
vt 0.887529 0.681396
vt 0.890033 0.697348
vt 0.891258 0.710863
vt 0.891479 0.720922
vt 0.891332 0.728146
vt 0.891165 0.734451
vt 0.890856 0.739957
vt 0.890146 0.745256
vt 0.888111 0.641556
vt 0.892849 0.660915
vt 0.885611 0.620435
vt 0.897606 0.678149
vt 0.901343 0.693577
vt 0.903531 0.706856
vt 0.904155 0.716788
vt 0.904090 0.723814
vt 0.903956 0.729964
vt 0.903724 0.735599
vt 0.903274 0.740974
vt 0.894454 0.639978
vt 0.900409 0.658315
vt 0.891474 0.619982
vt 0.906480 0.674782
vt 0.911460 0.689600
vt 0.914987 0.702582
vt 0.916480 0.712553
vt 0.916592 0.719649
vt 0.916475 0.725871
vt 0.916357 0.731661
vt 0.916186 0.736987
vt 0.899090 0.638619
vt 0.906001 0.656126
vt 0.895837 0.619639
vt 0.913247 0.671884
vt 0.919441 0.685993
vt 0.924109 0.698443
vt 0.926832 0.708377
vt 0.927675 0.715895
vt 0.927944 0.722377
vt 0.928282 0.728228
vt 0.928596 0.733253
vt 0.902519 0.637492
vt 0.909599 0.654471
vt 0.899191 0.619371
vt 0.917272 0.669706
vt 0.924123 0.683234
vt 0.930024 0.695257
vt 0.933801 0.705186
vt 0.935727 0.713238
vt 0.936995 0.719772
vt 0.938256 0.725331
vt 0.939378 0.729970
vt 0.905392 0.636578
vt 0.912379 0.653102
vt 0.902063 0.619122
vt 0.920171 0.667958
vt 0.927150 0.681170
vt 0.933390 0.692922
vt 0.938239 0.702994
vt 0.941129 0.711374
vt 0.943155 0.717723
vt 0.944862 0.722736
vt 0.946568 0.726984
vt 0.907813 0.635818
vt 0.914780 0.651942
vt 0.904349 0.618932
vt 0.922594 0.666468
vt 0.929617 0.679437
vt 0.935825 0.690983
vt 0.941072 0.701144
vt 0.944652 0.709655
vt 0.947095 0.715796
vt 0.949154 0.720373
vt 0.951245 0.724183
vt 0.953824 0.727449
vt 0.494537 0.222808
vt 0.496540 0.223124
vt 0.495189 0.240400
vt 0.492859 0.240226
vt 0.497903 0.205965
vt 0.499684 0.206606
vt 0.494466 0.256729
vt 0.491933 0.256750
vt 0.493794 0.271453
vt 0.491163 0.271635
vt 0.493025 0.284567
vt 0.490334 0.284966
vt 0.492514 0.296184
vt 0.489773 0.296759
vt 0.492301 0.305774
vt 0.489305 0.306487
vt 0.492768 0.312773
vt 0.489492 0.313709
vt 0.493806 0.318016
vt 0.490280 0.319350
vt 0.491634 0.324248
vt 0.493739 0.328682
vt 0.497731 0.332608
vt 0.498420 0.223434
vt 0.497366 0.240471
vt 0.501231 0.207224
vt 0.497004 0.256636
vt 0.496285 0.271230
vt 0.495656 0.284132
vt 0.495097 0.295523
vt 0.495034 0.304823
vt 0.495749 0.311567
vt 0.496973 0.316555
vt 0.500303 0.223719
vt 0.499666 0.240521
vt 0.502506 0.207705
vt 0.499374 0.256496
vt 0.498789 0.270988
vt 0.498281 0.283671
vt 0.497844 0.294683
vt 0.497928 0.303557
vt 0.498867 0.310044
vt 0.500275 0.314858
vt 0.502256 0.224044
vt 0.502075 0.240611
vt 0.503965 0.208001
vt 0.501884 0.256394
vt 0.501455 0.270737
vt 0.501050 0.283203
vt 0.500756 0.293889
vt 0.501032 0.302327
vt 0.502084 0.308493
vt 0.504418 0.224275
vt 0.504709 0.240702
vt 0.505644 0.208240
vt 0.504615 0.256348
vt 0.504292 0.270526
vt 0.503910 0.282821
vt 0.503722 0.293227
vt 0.504088 0.301440
vt 0.505041 0.307462
vt 0.506939 0.224523
vt 0.507458 0.240804
vt 0.507856 0.208468
vt 0.507469 0.256346
vt 0.507149 0.270507
vt 0.506684 0.282595
vt 0.506504 0.292817
vt 0.506806 0.300861
vt 0.507585 0.306917
vt 0.509713 0.224720
vt 0.510291 0.240895
vt 0.510246 0.208649
vt 0.510374 0.256301
vt 0.509914 0.270476
vt 0.509519 0.282448
vt 0.509307 0.292516
vt 0.509389 0.300505
vt 0.513006 0.224883
vt 0.513356 0.240983
vt 0.513285 0.208821
vt 0.513355 0.256317
vt 0.512995 0.270444
vt 0.512687 0.282316
vt 0.512505 0.292236
vt 0.512550 0.300314
vt 0.517433 0.225171
vt 0.517487 0.241167
vt 0.517640 0.209028
vt 0.517715 0.256309
vt 0.517678 0.270199
vt 0.517365 0.282231
vt 0.517481 0.292176
vt 0.517967 0.300358
vt 0.524789 0.225671
vt 0.524887 0.241535
vt 0.524863 0.209356
vt 0.525152 0.256506
vt 0.525132 0.270281
vt 0.525021 0.282330
vt 0.525373 0.292476
vt 0.535482 0.226311
vt 0.535293 0.242102
vt 0.535908 0.209836
vt 0.535284 0.256949
vt 0.535229 0.270648
vt 0.535276 0.282745
vt 0.535591 0.293115
vt 0.547676 0.226926
vt 0.547201 0.242677
vt 0.548323 0.210349
vt 0.546911 0.257458
vt 0.546741 0.271090
vt 0.546673 0.283279
vt 0.546651 0.293896
vt 0.560164 0.227451
vt 0.559576 0.243222
vt 0.560763 0.210835
vt 0.559118 0.257973
vt 0.558779 0.271573
vt 0.558479 0.283870
vt 0.572990 0.227908
vt 0.572360 0.243718
vt 0.573507 0.211294
vt 0.571832 0.258443
vt 0.571370 0.272060
vt 0.570892 0.284499
vt 0.586365 0.228333
vt 0.585753 0.244132
vt 0.586838 0.211724
vt 0.585210 0.258840
vt 0.584679 0.272505
vt 0.584092 0.285112
vt 0.600379 0.228670
vt 0.599814 0.244409
vt 0.600826 0.212119
vt 0.599282 0.259102
vt 0.598712 0.272832
vt 0.614872 0.228869
vt 0.614358 0.244494
vt 0.615325 0.212467
vt 0.613857 0.259153
vt 0.613298 0.272941
vt 0.629453 0.228904
vt 0.629002 0.244344
vt 0.629914 0.212764
vt 0.628586 0.258914
vt 0.628146 0.272711
vt 0.643691 0.228781
vt 0.643321 0.243938
vt 0.644146 0.213015
vt 0.643057 0.258326
vt 0.657311 0.228523
vt 0.657015 0.243282
vt 0.657745 0.213237
vt 0.656918 0.257362
vt 0.670261 0.228165
vt 0.670010 0.242427
vt 0.670669 0.213447
vt 0.670016 0.256069
vt 0.682667 0.227755
vt 0.682410 0.241456
vt 0.683076 0.213671
vt 0.694674 0.227370
vt 0.694350 0.240495
vt 0.695133 0.213935
vt 0.706369 0.227084
vt 0.705914 0.239664
vt 0.706921 0.214266
vt 0.717836 0.226951
vt 0.718504 0.214695
vt 0.729147 0.226987
vt 0.729976 0.215258
vt 0.740193 0.227197
vt 0.741299 0.215984
vt 0.751821 0.216850
vt 0.760555 0.217755
vt 0.768411 0.217768
vt 0.628405 0.488958
vt 0.630674 0.489297
vt 0.630395 0.490359
vt 0.628157 0.489686
vt 0.628292 0.487629
vt 0.630665 0.487407
vt 0.625984 0.489302
vt 0.626451 0.488073
vt 0.625562 0.490530
vt 0.630139 0.491324
vt 0.627918 0.490359
vt 0.632407 0.490315
vt 0.632212 0.491122
vt 0.632645 0.489321
vt 0.625341 0.491614
vt 0.634091 0.491842
vt 0.634042 0.492670
vt 0.632038 0.491957
vt 0.634220 0.490794
vt 0.629946 0.492180
vt 0.627766 0.491023
vt 0.625324 0.492688
vt 0.629850 0.492958
vt 0.627730 0.491808
vt 0.631948 0.492790
vt 0.625489 0.493588
vt 0.631918 0.493640
vt 0.629839 0.493701
vt 0.627739 0.492731
vt 0.625653 0.494419
vt 0.631925 0.494588
vt 0.629869 0.494487
vt 0.627778 0.493796
vt 0.625808 0.495237
vt 0.628036 0.495017
vt 0.626280 0.496248
vt 0.629899 0.495412
vt 0.629733 0.496758
vt 0.628355 0.496202
vt 0.627358 0.497460
vt 0.754769 0.311562
vt 0.757403 0.313162
vt 0.755175 0.314590
vt 0.755656 0.310238
vt 0.758650 0.311672
vt 0.753218 0.310597
vt 0.753366 0.309316
vt 0.751652 0.316229
vt 0.763433 0.313627
vt 0.761838 0.315677
vt 0.759385 0.309995
vt 0.764540 0.311358
vt 0.756075 0.308850
vt 0.759224 0.317863
vt 0.754688 0.319987
vt 0.748510 0.322020
vt 0.771056 0.313034
vt 0.769844 0.315962
vt 0.765145 0.308727
vt 0.771992 0.309852
vt 0.759789 0.308065
vt 0.767833 0.319139
vt 0.764222 0.322524
vt 0.758436 0.325457
vt 0.751639 0.327530
vt 0.745201 0.329204
vt 0.738688 0.331207
vt 0.779691 0.312087
vt 0.778117 0.315487
vt 0.772473 0.306119
vt 0.781350 0.307877
vt 0.765233 0.305707
vt 0.776287 0.318853
vt 0.773345 0.322800
vt 0.768521 0.327119
vt 0.762004 0.330997
vt 0.755087 0.333704
vt 0.749127 0.335444
vt 0.743243 0.337075
vt 0.736313 0.339496
vt 0.728124 0.341791
vt 0.720763 0.343715
vt 0.763317 0.300268
vt 0.761584 0.298349
vt 0.766734 0.293058
vt 0.769968 0.296517
vt 0.758623 0.302991
vt 0.757082 0.301921
vt 0.764581 0.302712
vt 0.760399 0.303905
vt 0.772187 0.301293
vt 0.629037 0.498514
vt 0.631031 0.499258
vt 0.630134 0.501662
vt 0.627871 0.500726
vt 0.631576 0.497393
vt 0.625838 0.499313
vt 0.628867 0.504419
vt 0.626307 0.503193
vt 0.632449 0.502394
vt 0.631432 0.505218
vt 0.633160 0.499917
vt 0.629721 0.508243
vt 0.626982 0.507288
vt 0.634093 0.505862
vt 0.632573 0.508855
vt 0.634910 0.503101
vt 0.624276 0.505794
vt 0.635520 0.509365
vt 0.638606 0.509921
vt 0.636118 0.513414
vt 0.633086 0.512916
vt 0.636958 0.506387
vt 0.640161 0.506900
vt 0.630051 0.512378
vt 0.627033 0.511534
vt 0.624274 0.510297
vt 0.633366 0.517798
vt 0.630049 0.517330
vt 0.639329 0.514249
vt 0.636755 0.518159
vt 0.642012 0.510991
vt 0.626783 0.516515
vt 0.623681 0.515219
vt 0.620948 0.513465
vt 0.635494 0.523382
vt 0.631325 0.523172
vt 0.639874 0.518657
vt 0.640718 0.522725
vt 0.642821 0.516227
vt 0.627348 0.522469
vt 0.623491 0.521144
vt 0.620101 0.519164
vt 0.642012 0.528722
vt 0.634836 0.529365
vt 0.629725 0.528981
vt 0.625037 0.527971
vt 0.620440 0.526044
vt 0.616458 0.523214
vt 0.634287 0.535531
vt 0.628210 0.535040
vt 0.622753 0.533715
vt 0.617443 0.530866
vt 0.620134 0.540843
vt 0.613972 0.535258
vt 0.627245 0.541469
vt 0.643419 0.534942
vt 0.644875 0.541110
vt 0.634068 0.541744
vt 0.654599 0.531888
vt 0.658852 0.538031
vt 0.650518 0.526030
vt 0.646651 0.520466
vt 0.624265 0.497642
vt 0.623917 0.501445
vt 0.622011 0.499445
vt 0.621627 0.503795
vt 0.619395 0.501501
vt 0.621642 0.508551
vt 0.619013 0.506288
vt 0.616608 0.503608
vt 0.618518 0.511320
vt 0.616125 0.508740
vt 0.613788 0.505610
vt 0.617287 0.516704
vt 0.614974 0.514052
vt 0.612871 0.511065
vt 0.610854 0.507403
vt 0.613442 0.519979
vt 0.611150 0.516644
vt 0.609298 0.513063
vt 0.607757 0.508841
vt 0.612954 0.527054
vt 0.609612 0.522959
vt 0.607319 0.518883
vt 0.605739 0.514559
vt 0.604674 0.509799
vt 0.606679 0.504187
vt 0.609222 0.503307
vt 0.604125 0.504717
vt 0.609235 0.530443
vt 0.605748 0.525620
vt 0.603464 0.520731
vt 0.602192 0.515691
vt 0.601635 0.510370
vt 0.601751 0.504894
vt 0.986138 0.923933
vt 0.982647 0.929437
vt 0.978202 0.927019
vt 0.981089 0.922278
vt 0.992448 0.926188
vt 0.987060 0.932302
vt 0.974142 0.924171
vt 0.976949 0.920226
vt 0.970800 0.920740
vt 0.973683 0.917715
vt 0.968377 0.916921
vt 0.971142 0.914797
vt 0.966597 0.912767
vt 0.969086 0.911478
vt 0.965392 0.908617
vt 0.967502 0.907919
vt 0.973461 0.931544
vt 0.970241 0.927445
vt 0.976762 0.935134
vt 0.967469 0.922972
vt 0.965482 0.918367
vt 0.964129 0.913550
vt 0.963226 0.908972
vt 0.967001 0.934787
vt 0.965192 0.929609
vt 0.963658 0.924360
vt 0.962504 0.919196
vt 0.961657 0.913909
vt 0.961140 0.909015
vt 0.959429 0.919497
vt 0.958981 0.913931
vt 0.959987 0.924911
vt 0.958659 0.908786
vt 0.955818 0.919631
vt 0.954836 0.913883
vt 0.807979 0.754991
vt 0.807644 0.763724
vt 0.809508 0.779223
vt 0.821419 0.755606
vt 0.821261 0.763716
vt 0.823609 0.774358
vt 0.778257 0.744702
vt 0.794402 0.746841
vt 0.809233 0.748413
vt 0.763770 0.738152
vt 0.730542 0.735162
vt 0.834915 0.755297
vt 0.835329 0.831879
vt 0.836325 0.829018
vt 0.840775 0.830826
vt 0.840408 0.833123
vt 0.830005 0.830491
vt 0.831223 0.826566
vt 0.834970 0.834661
vt 0.829853 0.834157
vt 0.840203 0.835284
vt 0.833604 0.822731
vt 0.838271 0.826435
vt 0.825651 0.824164
vt 0.827665 0.818811
vt 0.824784 0.829457
vt 0.841124 0.828858
vt 0.830477 0.814419
vt 0.836796 0.820078
vt 0.821502 0.815597
vt 0.823888 0.809568
vt 0.820032 0.822530
vt 0.841322 0.825075
vt 0.843923 0.828948
vt 0.827100 0.804439
vt 0.834048 0.811316
vt 0.817818 0.806340
vt 0.820909 0.799918
vt 0.815822 0.813542
vt 0.840567 0.818661
vt 0.825669 0.793927
vt 0.831494 0.800237
vt 0.814956 0.796798
vt 0.820117 0.789219
vt 0.811908 0.804111
vt 0.845076 0.824725
vt 0.847506 0.829102
vt 0.836481 0.797064
vt 0.831636 0.788792
vt 0.827746 0.782583
vt 0.805763 0.792788
vt 0.690091 0.422280
vt 0.686358 0.433516
vt 0.675048 0.429085
vt 0.676138 0.418507
vt 0.699451 0.430907
vt 0.694173 0.440541
vt 0.692917 0.414873
vt 0.704120 0.423544
vt 0.682225 0.446409
vt 0.674027 0.442771
vt 0.688161 0.451087
vt 0.681980 0.460825
vt 0.677738 0.457993
vt 0.672422 0.455605
vt 0.675844 0.468544
vt 0.673073 0.466859
vt 0.669682 0.465574
vt 0.670304 0.472791
vt 0.669612 0.471186
vt 0.667109 0.471130
vt 0.692511 0.472622
vt 0.701794 0.469386
vt 0.702586 0.473234
vt 0.693086 0.475410
vt 0.691503 0.470209
vt 0.700588 0.466057
vt 0.683198 0.475626
vt 0.682400 0.473911
vt 0.683807 0.477545
vt 0.702835 0.477594
vt 0.693292 0.478624
vt 0.684318 0.479938
vt 0.692891 0.482199
vt 0.684357 0.482715
vt 0.702520 0.482311
vt 0.709986 0.482579
vt 0.709024 0.488578
vt 0.701396 0.487073
vt 0.710113 0.476944
vt 0.691946 0.485795
vt 0.683996 0.485545
vt 0.699384 0.491592
vt 0.690550 0.488988
vt 0.707293 0.494871
vt 0.683481 0.488207
vt 0.712987 0.496760
vt 0.711084 0.504768
vt 0.704282 0.501064
vt 0.713996 0.489207
vt 0.696424 0.495832
vt 0.688819 0.492061
vt 0.683051 0.491209
vt 0.687604 0.494843
vt 0.683827 0.495118
vt 0.604870 0.366898
vt 0.603661 0.361519
vt 0.614884 0.360644
vt 0.615135 0.366158
vt 0.593352 0.370706
vt 0.590996 0.365419
vt 0.606320 0.373978
vt 0.596185 0.377094
vt 0.614814 0.373449
vt 0.625566 0.362093
vt 0.637109 0.366323
vt 0.634656 0.371586
vt 0.624716 0.367436
vt 0.625781 0.357534
vt 0.638075 0.361734
vt 0.614556 0.356118
vt 0.639008 0.357595
vt 0.655569 0.366620
vt 0.652110 0.370336
vt 0.626261 0.353259
vt 0.649064 0.374521
vt 0.644003 0.378943
vt 0.661745 0.380085
vt 0.656328 0.383285
vt 0.666013 0.377586
vt 0.649804 0.386589
vt 0.657472 0.391210
vt 0.651741 0.391645
vt 0.737280 0.429169
vt 0.737543 0.436620
vt 0.734502 0.434429
vt 0.741053 0.425490
vt 0.733846 0.424265
vt 0.738145 0.419133
vt 0.730797 0.431656
vt 0.727058 0.428331
vt 0.730459 0.419632
vt 0.735298 0.414044
vt 0.745332 0.423071
vt 0.743317 0.415652
vt 0.737698 0.441575
vt 0.754125 0.405460
vt 0.748780 0.413247
vt 0.747502 0.407093
vt 0.753755 0.401301
vt 0.761265 0.399916
vt 0.746418 0.403290
vt 0.741137 0.409915
vt 0.739497 0.406570
vt 0.733148 0.410549
vt 0.727599 0.415475
vt 0.722642 0.423924
vt 0.729027 0.440309
vt 0.725472 0.439011
vt 0.728728 0.447687
vt 0.725374 0.447464
vt 0.733117 0.441300
vt 0.733041 0.447827
vt 0.722537 0.447189
vt 0.722031 0.437691
vt 0.733548 0.453034
vt 0.729234 0.453430
vt 0.738198 0.447415
vt 0.738918 0.452103
vt 0.725881 0.453660
vt 0.734393 0.457185
vt 0.729983 0.458054
vt 0.739768 0.455850
vt 0.726595 0.458591
vt 0.740787 0.459057
vt 0.735401 0.461121
vt 0.730751 0.462423
vt 0.731117 0.467785
vt 0.717191 0.424821
vt 0.712159 0.424929
vt 0.710130 0.416354
vt 0.715723 0.416691
vt 0.718863 0.437216
vt 0.715108 0.436938
vt 0.720941 0.415461
vt 0.719783 0.446959
vt 0.723138 0.453848
vt 0.720533 0.453946
vt 0.723717 0.458980
vt 0.582553 0.376103
vt 0.579824 0.370777
vt 0.585874 0.381992
vt 0.572871 0.374453
vt 0.568520 0.376775
vt 0.565458 0.371116
vt 0.569652 0.368845
vt 0.575187 0.380190
vt 0.570928 0.382537
vt 0.576901 0.365619
vt 0.589052 0.360972
vt 0.562331 0.372804
vt 0.559475 0.374344
vt 0.555027 0.368605
vt 0.557829 0.366583
vt 0.565435 0.378354
vt 0.562804 0.379840
vt 0.560543 0.364768
vt 0.563819 0.362667
vt 0.570899 0.358954
vt 0.587181 0.356511
vt 0.985120 0.785510
vt 0.979760 0.787495
vt 0.977045 0.782307
vt 0.982661 0.779384
vt 0.986786 0.791354
vt 0.981928 0.792533
vt 0.989515 0.784716
vt 0.990712 0.791184
vt 0.986941 0.777679
vt 0.548984 0.363185
vt 0.551221 0.360490
vt 0.553062 0.358089
vt 0.554799 0.355618
vt 0.556674 0.352614
vt 0.970884 0.786476
vt 0.964850 0.789888
vt 0.973944 0.790988
vt 0.968251 0.795306
vt 0.973551 0.776087
vt 0.979385 0.772810
vt 0.983534 0.770418
vt 0.920211 0.871782
vt 0.922197 0.868833
vt 0.923012 0.863662
vt 0.926388 0.860278
vt 0.928750 0.855563
vt 0.930519 0.857138
vt 0.933746 0.852074
vt 0.935018 0.845363
vt 0.939246 0.847659
vt 0.937736 0.838035
vt 0.944342 0.842817
vt 0.929685 0.838515
vt 0.760363 0.290553
vt 0.762825 0.284272
vt 0.767023 0.284793
vt 0.763553 0.291336
vt 0.756544 0.290115
vt 0.758059 0.283973
vt 0.757244 0.295669
vt 0.755317 0.294217
vt 0.759621 0.296919
vt 0.771831 0.286550
vt 0.759741 0.276254
vt 0.765575 0.276359
vt 0.770739 0.276760
vt 0.776852 0.278565
vt 0.784656 0.283433
vt 0.777571 0.291206
vt 0.783841 0.299491
vt 0.792668 0.290888
vt 0.775077 0.267636
vt 0.782459 0.269894
vt 0.768708 0.267185
vt 0.791729 0.275065
vt 0.801054 0.282301
vt 0.771790 0.257510
vt 0.779706 0.258252
vt 0.788389 0.261211
vt 0.798913 0.266651
vt 0.810086 0.273300
vt 0.794612 0.252400
vt 0.806749 0.257580
vt 0.820532 0.262602
vt 0.815375 0.246298
vt 0.832771 0.248022
vt 0.822549 0.231133
vt 0.823395 0.212902
vt 0.840607 0.210627
vt 0.702644 0.306144
vt 0.711421 0.303680
vt 0.719500 0.296790
vt 0.719943 0.301968
vt 0.728374 0.288016
vt 0.728379 0.295063
vt 0.728605 0.300514
vt 0.737297 0.286312
vt 0.737066 0.293319
vt 0.737179 0.298972
vt 0.745452 0.284989
vt 0.744908 0.291819
vt 0.744921 0.297467
vt 0.752336 0.284182
vt 0.751459 0.290676
vt 0.751214 0.295846
vt 0.746229 0.277162
vt 0.753351 0.276515
vt 0.761522 0.267393
vt 0.561212 0.877372
vt 0.568268 0.869387
vt 0.576344 0.884623
vt 0.571361 0.892029
vt 0.553141 0.852830
vt 0.562276 0.846625
vt 0.552901 0.888595
vt 0.543287 0.860170
vt 0.567767 0.900586
vt 0.574471 0.863470
vt 0.581112 0.878086
vt 0.570201 0.842445
vt 0.580317 0.858416
vt 0.585679 0.871894
vt 0.577427 0.839482
vt 0.586432 0.853907
vt 0.590634 0.866011
vt 0.584715 0.837396
vt 0.593423 0.850182
vt 0.596687 0.860751
vt 0.592583 0.835814
vt 0.601396 0.846226
vt 0.603717 0.854762
vt 0.601098 0.834559
vt 0.610158 0.842391
vt 0.611799 0.848193
vt 0.609938 0.833647
vt 0.568167 0.824351
vt 0.576869 0.822711
vt 0.558788 0.827316
vt 0.585546 0.822367
vt 0.594475 0.822637
vt 0.603301 0.823701
vt 0.611538 0.825164
vt 0.577761 0.810381
vt 0.587900 0.811562
vt 0.597850 0.813623
vt 0.606539 0.816338
vt 0.613594 0.818852
vt 0.619356 0.820461
vt 0.618641 0.826169
vt 0.617831 0.832794
vt 0.601660 0.807878
vt 0.609878 0.811542
vt 0.615856 0.814540
vt 0.619540 0.816624
vt 0.727147 0.463098
vt 0.724172 0.463582
vt 0.727389 0.468258
vt 0.724460 0.468623
vt 0.721823 0.469058
vt 0.721559 0.464016
vt 0.721112 0.459299
vt 0.719406 0.469569
vt 0.719055 0.464513
vt 0.718583 0.459610
vt 0.717950 0.454050
vt 0.716804 0.446807
vt 0.716846 0.470085
vt 0.716381 0.465060
vt 0.715900 0.460052
vt 0.714959 0.454286
vt 0.713322 0.447003
vt 0.710314 0.437002
vt 0.712364 0.460999
vt 0.711035 0.455485
vt 0.713169 0.465909
vt 0.708662 0.448740
vt 0.705259 0.440608
vt 0.707695 0.462829
vt 0.705881 0.458139
vt 0.708611 0.467222
vt 0.703012 0.452756
vt 0.699312 0.447027
vt 0.698750 0.462637
vt 0.695981 0.458856
vt 0.692488 0.455104
vt 0.690038 0.467889
vt 0.687990 0.465631
vt 0.681269 0.472455
vt 0.623295 0.496092
vt 0.622819 0.494734
vt 0.622588 0.493472
vt 0.622501 0.492189
vt 0.619360 0.493787
vt 0.619266 0.492045
vt 0.619760 0.495494
vt 0.615732 0.491578
vt 0.615995 0.489033
vt 0.619474 0.490147
vt 0.615878 0.494034
vt 0.622606 0.490889
vt 0.620156 0.488142
vt 0.623006 0.489556
vt 0.616767 0.486488
vt 0.618176 0.483852
vt 0.621278 0.486113
vt 0.613352 0.484872
vt 0.614876 0.481557
vt 0.612481 0.488070
vt 0.623772 0.488044
vt 0.611932 0.479722
vt 0.614094 0.475537
vt 0.617235 0.478195
vt 0.610547 0.483694
vt 0.620280 0.481207
vt 0.622934 0.484058
vt 0.625055 0.486503
vt 0.620573 0.475027
vt 0.623245 0.478562
vt 0.617297 0.471527
vt 0.625417 0.481950
vt 0.627194 0.485077
vt 0.621287 0.468207
vt 0.611485 0.473781
vt 0.624451 0.472386
vt 0.626718 0.476149
vt 0.933110 0.753580
vt 0.931387 0.749599
vt 0.944243 0.748708
vt 0.929767 0.746892
vt 0.943010 0.744872
vt 0.952053 0.740497
vt 0.941864 0.741856
vt 0.638337 0.489452
vt 0.641237 0.486827
vt 0.642104 0.488278
vt 0.638920 0.490687
vt 0.637932 0.487951
vt 0.639978 0.485117
vt 0.636088 0.489779
vt 0.636364 0.487695
vt 0.636224 0.490877
vt 0.634354 0.489545
vt 0.634634 0.487292
vt 0.639240 0.491798
vt 0.636345 0.491846
vt 0.642497 0.489337
vt 0.647333 0.488088
vt 0.647770 0.489637
vt 0.642658 0.490424
vt 0.646449 0.486328
vt 0.639407 0.492997
vt 0.636430 0.492610
vt 0.642782 0.491560
vt 0.639433 0.493799
vt 0.647936 0.491225
vt 0.636405 0.493429
vt 0.633992 0.493442
vt 0.652663 0.490084
vt 0.653084 0.491948
vt 0.647900 0.492507
vt 0.652031 0.488257
vt 0.642920 0.492690
vt 0.639390 0.494561
vt 0.636392 0.494268
vt 0.647784 0.493993
vt 0.642916 0.494200
vt 0.653294 0.493794
vt 0.639265 0.495493
vt 0.657764 0.493321
vt 0.658083 0.495979
vt 0.653294 0.495989
vt 0.657123 0.491163
vt 0.647610 0.495862
vt 0.642742 0.496054
vt 0.653035 0.498828
vt 0.647230 0.498281
vt 0.658342 0.499191
vt 0.662852 0.498357
vt 0.663731 0.502954
vt 0.658308 0.503344
vt 0.662046 0.495130
vt 0.652322 0.502433
vt 0.655563 0.479516
vt 0.659634 0.478657
vt 0.660025 0.480164
vt 0.656252 0.481343
vt 0.655187 0.477605
vt 0.659572 0.477223
vt 0.652099 0.480646
vt 0.651306 0.478348
vt 0.653089 0.482705
vt 0.648804 0.482072
vt 0.647614 0.479583
vt 0.649978 0.484307
vt 0.645214 0.484168
vt 0.643753 0.481766
vt 0.674469 0.476760
vt 0.673448 0.475417
vt 0.675346 0.478072
vt 0.668256 0.478636
vt 0.667977 0.477442
vt 0.669347 0.479956
vt 0.664774 0.480654
vt 0.664177 0.479263
vt 0.663859 0.478018
vt 0.660718 0.481870
vt 0.657200 0.483271
vt 0.654229 0.484778
vt 0.651087 0.486357
vt 0.676150 0.479551
vt 0.670298 0.481348
vt 0.665741 0.482574
vt 0.661725 0.483966
vt 0.658341 0.485411
vt 0.655330 0.486850
vt 0.676970 0.481410
vt 0.671348 0.483135
vt 0.666879 0.484787
vt 0.662840 0.486312
vt 0.659446 0.487683
vt 0.656451 0.488859
vt 0.677669 0.483591
vt 0.672443 0.485123
vt 0.667972 0.487030
vt 0.663937 0.488657
vt 0.660436 0.490003
vt 0.673339 0.487260
vt 0.668936 0.489237
vt 0.678120 0.486010
vt 0.664804 0.491106
vt 0.661269 0.492409
vt 0.678477 0.488629
vt 0.674182 0.489727
vt 0.669916 0.491605
vt 0.665761 0.493630
vt 0.671050 0.494547
vt 0.666889 0.496807
vt 0.675094 0.492865
vt 0.676637 0.497422
vt 0.672692 0.499235
vt 0.668417 0.501577
vt 0.669940 0.508468
vt 0.663832 0.509000
vt 0.675146 0.506586
vt 0.678771 0.515442
vt 0.671204 0.518680
vt 0.662239 0.515467
vt 0.944064 0.893455
vt 0.942383 0.890351
vt 0.944522 0.890052
vt 0.940814 0.882936
vt 0.941270 0.883861
vt 0.939872 0.883871
vt 0.939595 0.882933
vt 0.942250 0.882706
vt 0.942771 0.883680
vt 0.940506 0.882152
vt 0.941750 0.881789
vt 0.939403 0.881816
vt 0.941855 0.885181
vt 0.940381 0.885196
vt 0.943396 0.885048
vt 0.944524 0.887070
vt 0.942852 0.887322
vt 0.941154 0.887422
vt 0.944436 0.883363
vt 0.945051 0.884829
vt 0.943934 0.882244
vt 0.650772 0.475823
vt 0.655168 0.475449
vt 0.650405 0.473042
vt 0.655417 0.473040
vt 0.646436 0.476873
vt 0.645147 0.473903
vt 0.641807 0.479251
vt 0.638379 0.476593
vt 0.638098 0.483617
vt 0.635591 0.482738
vt 0.663598 0.476946
vt 0.659680 0.475477
vt 0.663398 0.475586
vt 0.667470 0.476456
vt 0.672486 0.474541
vt 0.685323 0.463329
vt 0.678072 0.469995
vt 0.671416 0.473771
vt 0.679852 0.471228
vt 0.964942 0.896104
vt 0.963818 0.896112
vt 0.965039 0.892840
vt 0.965869 0.893086
vt 0.963856 0.898962
vt 0.962591 0.899003
vt 0.965988 0.896207
vt 0.965014 0.898963
vt 0.967083 0.893228
vt 0.967904 0.893558
vt 0.967035 0.896455
vt 0.968475 0.890004
vt 0.969485 0.890427
vt 0.967478 0.889716
vt 0.605262 0.477194
vt 0.606545 0.477516
vt 0.605670 0.482283
vt 0.604682 0.482021
vt 0.606074 0.471853
vt 0.607670 0.472224
vt 0.970130 0.886408
vt 0.971218 0.886870
vt 0.972339 0.882422
vt 0.973374 0.882671
vt 0.607060 0.465579
vt 0.609483 0.472843
vt 0.608097 0.478026
vt 0.606934 0.457565
vt 0.959851 0.901769
vt 0.959176 0.904918
vt 0.961163 0.898964
vt 0.961605 0.901882
vt 0.961207 0.905136
vt 0.960926 0.895768
vt 0.962551 0.896054
vt 0.962703 0.892489
vt 0.964380 0.892647
vt 0.964307 0.888913
vt 0.965524 0.889194
vt 0.966523 0.889440
vt 0.963709 0.884811
vt 0.965724 0.885102
vt 0.967079 0.885361
vt 0.968122 0.885686
vt 0.969139 0.886042
vt 0.964710 0.880871
vt 0.966949 0.880909
vt 0.968661 0.881122
vt 0.969933 0.881385
vt 0.971128 0.881769
vt 0.965367 0.875885
vt 0.968128 0.875763
vt 0.961683 0.876883
vt 0.970381 0.876002
vt 0.972141 0.876352
vt 0.973710 0.876739
vt 0.975405 0.877166
vt 0.977611 0.877885
vt 0.965664 0.869953
vt 0.969113 0.869843
vt 0.960620 0.870891
vt 0.972085 0.870068
vt 0.974638 0.870382
vt 0.976778 0.870735
vt 0.979082 0.871099
vt 0.981638 0.871540
vt 0.605429 0.448969
vt 0.955686 0.875643
vt 0.951660 0.878027
vt 0.755257 0.300975
vt 0.751910 0.299956
vt 0.632764 0.487245
vt 0.632631 0.483030
vt 0.632351 0.478079
vt 0.629852 0.483905
vt 0.628490 0.479903
vt 0.625798 0.465722
vt 0.628912 0.470213
vt 0.631023 0.473952
vt 0.637231 0.471993
vt 0.635068 0.468211
vt 0.598126 0.953152
vt 0.592687 0.947938
vt 0.596461 0.944685
vt 0.601579 0.949671
vt 0.591503 0.957906
vt 0.586302 0.952390
vt 0.603938 0.957222
vt 0.597634 0.964057
vt 0.607005 0.953754
vt 0.599449 0.942118
vt 0.603906 0.946757
vt 0.608956 0.950639
vt 0.602017 0.939846
vt 0.605716 0.943819
vt 0.610680 0.947566
vt 0.604634 0.937574
vt 0.607353 0.940551
vt 0.612120 0.944290
vt 0.608180 0.935659
vt 0.609493 0.937627
vt 0.613403 0.941006
vt 0.614082 0.933750
vt 0.613899 0.935660
vt 0.614803 0.938763
vt 0.587961 0.943686
vt 0.592517 0.940488
vt 0.581326 0.947446
vt 0.596313 0.938201
vt 0.599826 0.936590
vt 0.603385 0.935186
vt 0.607901 0.934467
vt 0.584691 0.940144
vt 0.589806 0.937392
vt 0.577571 0.943169
vt 0.594336 0.935256
vt 0.598446 0.933907
vt 0.602608 0.933162
vt 0.607649 0.933184
vt 0.575062 0.938910
vt 0.582238 0.936671
vt 0.587699 0.934398
vt 0.592758 0.932450
vt 0.597472 0.931412
vt 0.602217 0.931302
vt 0.573173 0.934144
vt 0.580285 0.932580
vt 0.585861 0.930934
vt 0.591492 0.929484
vt 0.596896 0.928892
vt 0.571249 0.928631
vt 0.578639 0.927655
vt 0.584393 0.926627
vt 0.590597 0.925988
vt 0.596671 0.926174
vt 0.583528 0.921359
vt 0.590294 0.921552
vt 0.577409 0.921842
vt 0.583379 0.915529
vt 0.590677 0.916705
vt 0.576766 0.915543
vt 0.619029 0.944923
vt 0.618976 0.942594
vt 0.625625 0.941610
vt 0.625790 0.945677
vt 0.617924 0.948064
vt 0.625188 0.950547
vt 0.624011 0.954208
vt 0.616325 0.950963
vt 0.622905 0.956721
vt 0.614668 0.953662
vt 0.621908 0.958991
vt 0.613188 0.956434
vt 0.620960 0.961516
vt 0.611540 0.959564
vt 0.620394 0.965115
vt 0.609971 0.964380
vt 0.631795 0.945024
vt 0.633011 0.950881
vt 0.633425 0.955039
vt 0.633415 0.957824
vt 0.633382 0.960312
vt 0.633506 0.962946
vt 0.640100 0.948615
vt 0.642752 0.953150
vt 0.644406 0.956091
vt 0.646139 0.958503
vt 0.648521 0.960966
vt 0.650422 0.949063
vt 0.653958 0.951765
vt 0.657280 0.953626
vt 0.822413 0.942862
vt 0.802774 0.946052
vt 0.801884 0.940645
vt 0.821210 0.937375
vt 0.823689 0.948939
vt 0.803734 0.952102
vt 0.839273 0.939812
vt 0.841122 0.946020
vt 0.838087 0.934151
vt 0.851105 0.937607
vt 0.852714 0.943436
vt 0.849992 0.932119
vt 0.861565 0.935689
vt 0.862449 0.940894
vt 0.860439 0.930273
vt 0.872676 0.928116
vt 0.873773 0.934134
vt 0.874376 0.939922
vt 0.884881 0.926262
vt 0.886387 0.933103
vt 0.886742 0.939691
vt 0.894760 0.923771
vt 0.898703 0.931364
vt 0.897684 0.940414
vt 0.836836 0.928811
vt 0.848582 0.926742
vt 0.819883 0.932364
vt 0.859049 0.924987
vt 0.871231 0.922392
vt 0.882958 0.919727
vt 0.835338 0.923617
vt 0.847460 0.921281
vt 0.818349 0.927495
vt 0.857823 0.919600
vt 0.869553 0.916879
vt 0.816713 0.922426
vt 0.833570 0.918469
vt 0.846066 0.915956
vt 0.856190 0.914185
vt 0.815055 0.917168
vt 0.831850 0.913218
vt 0.844477 0.910538
vt 0.849439 0.256029
vt 0.870714 0.254030
vt 0.579353 0.962170
vt 0.575386 0.956764
vt 0.582482 0.967813
vt 0.571002 0.951136
vt 0.567326 0.945752
vt 0.564752 0.940792
vt 0.562697 0.935567
vt 0.560731 0.929650
vt 0.569715 0.922505
vt 0.558876 0.923163
vt 0.568385 0.916031
vt 0.557333 0.916307
vt 0.567512 0.909196
vt 0.576623 0.909325
vt 0.555744 0.907558
vt 0.583844 0.909882
vt 0.577206 0.903101
vt 0.717234 0.388200
vt 0.712317 0.388479
vt 0.711968 0.383148
vt 0.716229 0.382710
vt 0.717321 0.392403
vt 0.712277 0.392117
vt 0.724456 0.386347
vt 0.723120 0.392282
vt 0.721044 0.381178
vt 0.711962 0.394704
vt 0.707121 0.393754
vt 0.707587 0.391356
vt 0.717042 0.395242
vt 0.707973 0.388104
vt 0.708174 0.383064
vt 0.703020 0.390095
vt 0.703770 0.387061
vt 0.702345 0.392277
vt 0.704572 0.382525
vt 0.705289 0.377097
vt 0.708391 0.377368
vt 0.711731 0.377401
vt 0.701651 0.394083
vt 0.696515 0.391663
vt 0.697433 0.390071
vt 0.706650 0.395795
vt 0.698437 0.388173
vt 0.699619 0.385482
vt 0.701016 0.381424
vt 0.702379 0.376455
vt 0.691483 0.388343
vt 0.700898 0.395905
vt 0.692763 0.386984
vt 0.694110 0.385443
vt 0.695697 0.383147
vt 0.697617 0.379732
vt 0.699520 0.375446
vt 0.700982 0.371035
vt 0.703565 0.371673
vt 0.706246 0.372081
vt 0.690440 0.382009
vt 0.692263 0.380214
vt 0.688839 0.383229
vt 0.694364 0.377480
vt 0.696563 0.373859
vt 0.698427 0.370048
vt 0.693820 0.371695
vt 0.691416 0.374549
vt 0.627092 0.404879
vt 0.628156 0.410203
vt 0.621648 0.410793
vt 0.621458 0.404378
vt 0.632342 0.404899
vt 0.635186 0.408060
vt 0.627340 0.399413
vt 0.634043 0.400926
vt 0.622083 0.398141
vt 0.946156 0.882013
vt 0.943362 0.881294
vt 0.945497 0.880897
vt 0.611820 0.502102
vt 0.614653 0.500657
vt 0.617674 0.499028
vt 0.620611 0.497392
vt 0.962965 0.905157
vt 0.964657 0.904975
vt 0.966374 0.904619
vt 0.602181 0.499693
vt 0.604076 0.499686
vt 0.606124 0.499440
vt 0.608158 0.499019
vt 0.610408 0.498375
vt 0.613224 0.497503
vt 0.616475 0.496464
vt 0.963115 0.901822
vt 0.964515 0.901816
vt 0.965927 0.901755
vt 0.602837 0.495059
vt 0.604296 0.495086
vt 0.605880 0.495014
vt 0.607655 0.494870
vt 0.609688 0.494636
vt 0.612413 0.494277
vt 0.966217 0.899106
vt 0.603359 0.490737
vt 0.604476 0.490810
vt 0.606032 0.490893
vt 0.607608 0.490939
vt 0.609529 0.491033
vt 0.612200 0.491178
vt 0.604064 0.486465
vt 0.605076 0.486645
vt 0.606405 0.486845
vt 0.607956 0.487070
vt 0.609810 0.487418
vt 0.607087 0.482650
vt 0.608646 0.483052
vt 0.609749 0.478655
vt 0.979817 0.938258
vt 0.990800 0.936369
vt 0.982128 0.941411
vt 0.997014 0.932547
vt 0.971329 0.943617
vt 0.969085 0.939539
vt 0.973362 0.947059
vt 0.965229 0.946948
vt 0.963046 0.941862
vt 0.967897 0.951088
vt 0.961565 0.936157
vt 0.960660 0.930427
vt 0.961946 0.948399
vt 0.959767 0.942712
vt 0.964675 0.953351
vt 0.958252 0.936600
vt 0.957234 0.930667
vt 0.956546 0.925115
vt 0.959787 0.949116
vt 0.957456 0.943157
vt 0.962748 0.954488
vt 0.955763 0.936888
vt 0.954366 0.930977
vt 0.953034 0.925430
vt 0.951617 0.919911
vt 0.949948 0.914233
vt 0.947964 0.908895
vt 0.957947 0.949664
vt 0.955415 0.943549
vt 0.961165 0.955389
vt 0.953565 0.937255
vt 0.951892 0.931372
vt 0.950063 0.925937
vt 0.948096 0.920569
vt 0.956344 0.950206
vt 0.953747 0.944004
vt 0.959724 0.956181
vt 0.951711 0.937752
vt 0.949830 0.931900
vt 0.955200 0.950715
vt 0.952521 0.944520
vt 0.958631 0.956740
vt 0.924134 0.807346
vt 0.929313 0.800148
vt 0.934222 0.805806
vt 0.937278 0.811300
vt 0.935045 0.793783
vt 0.940616 0.801582
vt 0.943821 0.808006
vt 0.946946 0.797842
vt 0.950241 0.804839
vt 0.940700 0.788450
vt 0.959152 0.792620
vt 0.962495 0.799229
vt 0.956538 0.802013
vt 0.953118 0.794863
vt 0.946059 0.784076
vt 0.964596 0.802645
vt 0.958393 0.805892
vt 0.970608 0.798783
vt 0.966097 0.805070
vt 0.959576 0.808274
vt 0.972451 0.801861
vt 0.967410 0.807421
vt 0.960653 0.810467
vt 0.973783 0.805046
vt 0.974593 0.808562
vt 0.968587 0.810116
vt 0.961840 0.812926
vt 0.974783 0.813134
vt 0.969667 0.814085
vt 0.963421 0.816549
vt 0.974305 0.819189
vt 0.970345 0.819909
vt 0.965213 0.821756
vt 0.973854 0.826150
vt 0.970626 0.826591
vt 0.966901 0.827689
vt 0.973439 0.833162
vt 0.970893 0.833096
vt 0.968379 0.832610
vt 0.976457 0.795089
vt 0.978317 0.799358
vt 0.979381 0.803724
vt 0.979546 0.808236
vt 0.978833 0.813350
vt 0.977551 0.819269
vt 0.976494 0.826090
vt 0.975926 0.833176
vt 0.983356 0.797753
vt 0.984005 0.803017
vt 0.983659 0.808318
vt 0.982280 0.813982
vt 0.980513 0.820016
vt 0.979219 0.826422
vt 0.987473 0.797044
vt 0.987499 0.802700
vt 0.986706 0.808462
vt 0.985281 0.814540
vt 0.983553 0.820660
vt 0.982327 0.826846
vt 0.990761 0.796910
vt 0.990509 0.802718
vt 0.989282 0.808618
vt 0.987915 0.814849
vt 0.986487 0.821048
vt 0.568072 0.384145
vt 0.565736 0.385576
vt 0.570680 0.390205
vt 0.568439 0.391603
vt 0.573490 0.396423
vt 0.571119 0.397920
vt 0.576530 0.402216
vt 0.573849 0.404023
vt 0.573420 0.388618
vt 0.576246 0.394695
vt 0.579458 0.400213
vt 0.577774 0.386241
vt 0.580895 0.392223
vt 0.589338 0.388328
vt 0.660684 0.420684
vt 0.662451 0.429377
vt 0.658751 0.416040
vt 0.664673 0.442002
vt 0.656095 0.443753
vt 0.648643 0.446923
vt 0.641693 0.450464
vt 0.659565 0.455155
vt 0.653026 0.456780
vt 0.646409 0.458849
vt 0.639251 0.461068
vt 0.631815 0.463417
vt 0.649221 0.465645
vt 0.642279 0.466504
vt 0.655523 0.465088
vt 0.644016 0.470497
vt 0.650103 0.469926
vt 0.640536 0.841764
vt 0.648292 0.839326
vt 0.647671 0.845870
vt 0.640728 0.846398
vt 0.640497 0.839150
vt 0.649192 0.835291
vt 0.635532 0.845537
vt 0.634330 0.844126
vt 0.636872 0.847470
vt 0.633372 0.842852
vt 0.640786 0.836791
vt 0.650304 0.832018
vt 0.661806 0.829733
vt 0.659941 0.833633
vt 0.658191 0.839084
vt 0.669960 0.835167
vt 0.667255 0.841559
vt 0.672573 0.831060
vt 0.632327 0.841545
vt 0.641154 0.832575
vt 0.651267 0.828070
vt 0.663249 0.826168
vt 0.675006 0.827399
vt 0.682774 0.835063
vt 0.678962 0.839440
vt 0.686449 0.831369
vt 0.651982 0.822307
vt 0.663816 0.821590
vt 0.643538 0.823881
vt 0.676728 0.822687
vt 0.689706 0.826669
vt 0.702709 0.833882
vt 0.697934 0.838210
vt 0.693191 0.841425
vt 0.708993 0.847670
vt 0.703355 0.850154
vt 0.715895 0.843044
vt 0.630307 0.832936
vt 0.631681 0.825767
vt 0.634737 0.825448
vt 0.632944 0.833187
vt 0.627498 0.832514
vt 0.628441 0.825993
vt 0.626739 0.839077
vt 0.624773 0.837895
vt 0.628588 0.839993
vt 0.636017 0.833257
vt 0.630454 0.840822
vt 0.638301 0.824931
vt 0.631600 0.818771
vt 0.634833 0.818067
vt 0.638628 0.817326
vt 0.643775 0.816418
vt 0.541810 0.358573
vt 0.543318 0.355442
vt 0.544405 0.352897
vt 0.545397 0.350279
vt 0.546528 0.347385
vt 0.975240 0.765741
vt 0.979186 0.763470
vt 0.533932 0.355122
vt 0.535019 0.352064
vt 0.535862 0.349345
vt 0.536751 0.346566
vt 0.537774 0.343551
vt 0.975007 0.756738
vt 0.526182 0.352273
vt 0.527263 0.349492
vt 0.528140 0.346937
vt 0.529177 0.344120
vt 0.519390 0.349216
vt 0.520408 0.346894
vt 0.521379 0.344568
vt 0.522483 0.342001
vt 0.515758 0.341153
vt 0.510883 0.336510
vt 0.756237 0.446482
vt 0.754022 0.447277
vt 0.751991 0.447884
vt 0.752993 0.450431
vt 0.750747 0.451422
vt 0.749738 0.448615
vt 0.755116 0.449507
vt 0.747032 0.449547
vt 0.748044 0.452629
vt 0.749038 0.454958
vt 0.745455 0.456880
vt 0.744494 0.454185
vt 0.751718 0.453500
vt 0.743622 0.450794
vt 0.743980 0.475319
vt 0.739698 0.475070
vt 0.735067 0.474967
vt 0.747818 0.475592
vt 0.751405 0.475648
vt 0.898497 0.808035
vt 0.904114 0.807974
vt 0.897359 0.815711
vt 0.893139 0.816213
vt 0.902979 0.815444
vt 0.889346 0.816482
vt 0.896787 0.822604
vt 0.892584 0.823613
vt 0.902656 0.821360
vt 0.888305 0.823844
vt 0.883182 0.823036
vt 0.877001 0.821660
vt 0.869852 0.820506
vt 0.902710 0.826963
vt 0.897113 0.828861
vt 0.892285 0.829920
vt 0.887241 0.829578
vt 0.881674 0.827965
vt 0.875682 0.826032
vt 0.869343 0.824947
vt 0.897497 0.833901
vt 0.891925 0.834830
vt 0.886123 0.834001
vt 0.880293 0.831639
vt 0.874600 0.829386
vt 0.897820 0.837946
vt 0.891441 0.838377
vt 0.885026 0.837100
vt 0.879007 0.834518
vt 0.890858 0.841315
vt 0.884139 0.839468
vt 0.758779 0.449638
vt 0.757510 0.448219
vt 0.760427 0.445841
vt 0.762054 0.447183
vt 0.756233 0.451163
vt 0.759935 0.451170
vt 0.757323 0.452751
vt 0.763397 0.448903
vt 0.760793 0.458204
vt 0.759612 0.456086
vt 0.762135 0.454657
vt 0.763123 0.456844
vt 0.757413 0.457293
vt 0.762484 0.461034
vt 0.764660 0.459480
vt 0.756221 0.455580
vt 0.758470 0.454338
vt 0.761044 0.452827
vt 0.755054 0.453988
vt 0.753987 0.452330
vt 0.765381 0.465077
vt 0.753934 0.456838
vt 0.752775 0.455234
vt 0.750150 0.456824
vt 0.789303 0.311694
vt 0.786751 0.315640
vt 0.795849 0.317217
vt 0.792687 0.320496
vt 0.792913 0.306251
vt 0.799415 0.313336
vt 0.801991 0.324739
vt 0.798251 0.327140
vt 0.805940 0.322179
vt 0.794630 0.329454
vt 0.789571 0.323428
vt 0.784304 0.318947
vt 0.786084 0.326670
vt 0.781543 0.322413
vt 0.790419 0.332271
vt 0.806466 0.333571
vt 0.802533 0.335330
vt 0.810603 0.331839
vt 0.798709 0.337112
vt 0.794029 0.339246
vt 0.784811 0.335707
vt 0.781391 0.330477
vt 0.787741 0.341898
vt 0.808128 0.343327
vt 0.804534 0.344577
vt 0.811945 0.342246
vt 0.800661 0.345901
vt 0.795614 0.347256
vt 0.789014 0.348818
vt 0.780818 0.350824
vt 0.779784 0.344963
vt 0.777628 0.339539
vt 0.771137 0.347778
vt 0.769462 0.343212
vt 0.772059 0.352650
vt 0.807996 0.353759
vt 0.804665 0.354476
vt 0.800611 0.355146
vt 0.795297 0.355616
vt 0.788687 0.356119
vt 0.780742 0.356855
vt 0.772191 0.357572
vt 0.763981 0.353967
vt 0.763141 0.349979
vt 0.764320 0.358175
vt 0.802480 0.364054
vt 0.798453 0.364093
vt 0.793348 0.363824
vt 0.787144 0.363328
vt 0.779725 0.362845
vt 0.771824 0.362443
vt 0.764262 0.362288
vt 0.757211 0.362318
vt 0.757227 0.358799
vt 0.756886 0.355224
vt 0.750173 0.359079
vt 0.749999 0.356021
vt 0.750085 0.362087
vt 0.797893 0.373332
vt 0.794171 0.372636
vt 0.789686 0.371468
vt 0.784222 0.369963
vt 0.777835 0.368418
vt 0.770900 0.367075
vt 0.763872 0.366158
vt 0.756965 0.365580
vt 0.749799 0.364985
vt 0.742889 0.361607
vt 0.742993 0.358835
vt 0.742561 0.364273
vt 0.791376 0.381638
vt 0.788070 0.379956
vt 0.784419 0.377969
vt 0.780082 0.375752
vt 0.775055 0.373509
vt 0.769308 0.371430
vt 0.762981 0.369851
vt 0.756370 0.368739
vt 0.749242 0.367791
vt 0.741964 0.366895
vt 0.735825 0.365893
vt 0.736361 0.363489
vt 0.736585 0.361033
vt 0.731180 0.362543
vt 0.731178 0.360563
vt 0.730876 0.364699
vt 0.715546 0.405114
vt 0.710149 0.404354
vt 0.710756 0.401691
vt 0.715942 0.402520
vt 0.715199 0.407574
vt 0.709609 0.407029
vt 0.720546 0.404751
vt 0.720272 0.407007
vt 0.720896 0.402428
vt 0.715002 0.409976
vt 0.709381 0.409597
vt 0.720166 0.409281
vt 0.715114 0.412576
vt 0.709456 0.412220
vt 0.720313 0.411795
vt 0.782661 0.465435
vt 0.776428 0.462432
vt 0.778824 0.456452
vt 0.785827 0.457931
vt 0.778386 0.471494
vt 0.772955 0.467019
vt 0.788923 0.468123
vt 0.784919 0.475677
vt 0.792001 0.459340
vt 0.773573 0.476059
vt 0.769191 0.470248
vt 0.780019 0.483749
vt 0.768045 0.462739
vt 0.770386 0.459578
vt 0.768501 0.478547
vt 0.765453 0.472363
vt 0.771659 0.485663
vt 0.766672 0.458002
vt 0.771611 0.455472
vt 0.766350 0.455598
vt 0.822108 0.460010
vt 0.820668 0.469846
vt 0.813772 0.470000
vt 0.814936 0.460163
vt 0.830151 0.461635
vt 0.828019 0.471073
vt 0.824460 0.448334
vt 0.833264 0.450211
vt 0.816480 0.448923
vt 0.808772 0.460677
vt 0.809798 0.449703
vt 0.807528 0.470537
vt 0.819845 0.478135
vt 0.813242 0.478369
vt 0.826605 0.478873
vt 0.806764 0.478989
vt 0.801522 0.470681
vt 0.803103 0.460788
vt 0.800002 0.479173
vt 0.819344 0.485213
vt 0.813019 0.485560
vt 0.825713 0.485659
vt 0.806524 0.486246
vt 0.799179 0.486632
vt 0.790429 0.486051
vt 0.792571 0.478212
vt 0.795309 0.469967
vt 0.819019 0.491735
vt 0.812902 0.492125
vt 0.825212 0.491870
vt 0.806540 0.492832
vt 0.799157 0.493559
vt 0.790151 0.493995
vt 0.780687 0.493913
vt 0.818876 0.498183
vt 0.812930 0.498590
vt 0.824899 0.498199
vt 0.806800 0.499247
vt 0.799810 0.500055
vt 0.791055 0.501036
vt 0.818957 0.504857
vt 0.813154 0.505313
vt 0.825017 0.504534
vt 0.807328 0.505830
vt 0.800644 0.506454
vt 0.819303 0.512356
vt 0.813559 0.512831
vt 0.825386 0.511637
vt 0.807882 0.513192
vt 0.819772 0.521013
vt 0.814071 0.521339
vt 0.826287 0.520632
vt 0.754839 0.475365
vt 0.758338 0.474731
vt 0.761846 0.473765
vt 0.764100 0.479764
vt 0.766283 0.486274
vt 0.762248 0.486691
vt 0.760141 0.480522
vt 0.756411 0.481062
vt 0.752817 0.481329
vt 0.622475 0.374676
vt 0.630151 0.377941
vt 0.637210 0.383498
vt 0.642167 0.389665
vt 0.644989 0.396189
vt 0.697133 0.362711
vt 0.699926 0.360114
vt 0.693454 0.360367
vt 0.699953 0.359091
vt 0.703167 0.359688
vt 0.702963 0.360734
vt 0.697015 0.361664
vt 0.705939 0.361739
vt 0.706066 0.360730
vt 0.709054 0.359483
vt 0.708953 0.360469
vt 0.706209 0.359412
vt 0.709173 0.358522
vt 0.703381 0.358667
vt 0.711961 0.359511
vt 0.711867 0.360665
vt 0.709329 0.357466
vt 0.712030 0.358243
vt 0.706381 0.357959
vt 0.711763 0.361728
vt 0.712160 0.356605
vt 0.714810 0.356595
vt 0.714833 0.357634
vt 0.709505 0.356120
vt 0.714813 0.358488
vt 0.714828 0.359378
vt 0.714808 0.360351
vt 0.715301 0.354727
vt 0.717195 0.355526
vt 0.717524 0.357334
vt 0.712698 0.354152
vt 0.717852 0.358917
vt 0.718066 0.360154
vt 0.718220 0.361211
vt 0.718256 0.362195
vt 0.720044 0.354970
vt 0.720585 0.356041
vt 0.718855 0.353428
vt 0.721007 0.356877
vt 0.721315 0.357821
vt 0.721647 0.358920
vt 0.721912 0.360280
vt 0.721947 0.362039
vt 0.726043 0.358964
vt 0.726277 0.360311
vt 0.725614 0.357506
vt 0.726383 0.361936
vt 0.726296 0.363547
vt 0.591579 0.911957
vt 0.598931 0.915191
vt 0.597727 0.919123
vt 0.596949 0.922885
vt 0.604899 0.919564
vt 0.603615 0.922599
vt 0.602718 0.925279
vt 0.602197 0.927548
vt 0.602041 0.929408
vt 0.609040 0.926762
vt 0.608338 0.928621
vt 0.610076 0.924270
vt 0.607818 0.929968
vt 0.607621 0.931201
vt 0.607630 0.932246
vt 0.616044 0.928225
vt 0.615697 0.929112
vt 0.616133 0.926761
vt 0.615341 0.929758
vt 0.614781 0.930585
vt 0.614690 0.931171
vt 0.614520 0.931849
vt 0.614325 0.932684
vt 0.619151 0.933985
vt 0.618383 0.935708
vt 0.619754 0.930254
vt 0.618131 0.936854
vt 0.618036 0.937759
vt 0.618150 0.938463
vt 0.618420 0.939113
vt 0.618538 0.939968
vt 0.618877 0.940383
vt 0.619067 0.941092
vt 0.619656 0.924862
vt 0.621691 0.924108
vt 0.622481 0.929508
vt 0.616337 0.923668
vt 0.623184 0.932303
vt 0.623530 0.933507
vt 0.623668 0.934188
vt 0.623811 0.934713
vt 0.624095 0.935184
vt 0.624317 0.935654
vt 0.624545 0.936292
vt 0.624920 0.937151
vt 0.625222 0.938779
vt 0.623274 0.922794
vt 0.624565 0.928318
vt 0.626686 0.931463
vt 0.628151 0.933022
vt 0.628795 0.933813
vt 0.629191 0.934283
vt 0.629421 0.934833
vt 0.629605 0.935366
vt 0.629710 0.935898
vt 0.625020 0.921322
vt 0.626194 0.926571
vt 0.628901 0.929886
vt 0.631443 0.931300
vt 0.632801 0.932212
vt 0.633435 0.932981
vt 0.633693 0.933608
vt 0.627781 0.923191
vt 0.628577 0.925521
vt 0.627512 0.919490
vt 0.629360 0.927093
vt 0.629712 0.928480
vt 0.630930 0.919044
vt 0.631639 0.920254
vt 0.630354 0.917958
vt 0.635799 0.916657
vt 0.633153 0.915724
vt 0.635964 0.912634
vt 0.638766 0.913182
vt 0.637573 0.917492
vt 0.640564 0.913625
vt 0.642024 0.914166
vt 0.638336 0.918764
vt 0.631982 0.921209
vt 0.643430 0.914861
vt 0.639320 0.919402
vt 0.632280 0.922034
vt 0.644849 0.915900
vt 0.640236 0.920281
vt 0.632668 0.922845
vt 0.646333 0.917306
vt 0.641123 0.921367
vt 0.633224 0.923985
vt 0.641880 0.922918
vt 0.633754 0.925120
vt 0.647809 0.919353
vt 0.642342 0.924975
vt 0.634330 0.926596
vt 0.649099 0.922015
vt 0.642503 0.927040
vt 0.635087 0.927916
vt 0.650012 0.924850
vt 0.642309 0.929183
vt 0.635648 0.929612
vt 0.650528 0.928083
vt 0.642035 0.931598
vt 0.636917 0.932309
vt 0.650400 0.931677
vt 0.642797 0.934358
vt 0.640285 0.936386
vt 0.649826 0.935976
vt 0.644654 0.909490
vt 0.646720 0.910442
vt 0.642340 0.908855
vt 0.648564 0.911649
vt 0.650176 0.913014
vt 0.651705 0.914713
vt 0.653295 0.916885
vt 0.654893 0.919653
vt 0.656332 0.922776
vt 0.657495 0.926352
vt 0.658229 0.930984
vt 0.657917 0.936882
vt 0.647060 0.902701
vt 0.650123 0.904255
vt 0.652883 0.906374
vt 0.654875 0.908373
vt 0.656363 0.910191
vt 0.657602 0.912059
vt 0.658960 0.914290
vt 0.660559 0.917144
vt 0.662176 0.920491
vt 0.663733 0.924550
vt 0.664868 0.930063
vt 0.664418 0.937249
vt 0.659751 0.901767
vt 0.662201 0.904754
vt 0.656060 0.898169
vt 0.663737 0.907044
vt 0.664861 0.909148
vt 0.665925 0.911422
vt 0.667188 0.914421
vt 0.668599 0.918106
vt 0.669974 0.922589
vt 0.670932 0.928998
vt 0.661439 0.892676
vt 0.665752 0.897132
vt 0.669161 0.900785
vt 0.671300 0.903683
vt 0.672614 0.906009
vt 0.673660 0.908592
vt 0.674668 0.911987
vt 0.675580 0.916155
vt 0.676237 0.921172
vt 0.676236 0.928332
vt 0.675346 0.896226
vt 0.678346 0.899809
vt 0.671018 0.892230
vt 0.679999 0.902895
vt 0.680973 0.906195
vt 0.681621 0.910541
vt 0.681809 0.915346
vt 0.681564 0.920812
vt 0.675916 0.886182
vt 0.681028 0.890974
vt 0.684985 0.896152
vt 0.686834 0.900221
vt 0.687512 0.904645
vt 0.687502 0.909993
vt 0.686915 0.915476
vt 0.685667 0.921281
vt 0.691341 0.892469
vt 0.693266 0.898211
vt 0.687214 0.885663
vt 0.693470 0.903938
vt 0.692676 0.910138
vt 0.691241 0.916111
vt 0.689025 0.922133
vt 0.694553 0.880959
vt 0.698049 0.889483
vt 0.699442 0.896863
vt 0.698986 0.903999
vt 0.697275 0.910907
vt 0.694846 0.917185
vt 0.705652 0.896236
vt 0.704096 0.904644
vt 0.705232 0.887208
vt 0.701314 0.912211
vt 0.697976 0.918603
vt 0.712165 0.885493
vt 0.711792 0.896231
vt 0.709204 0.905822
vt 0.704927 0.913755
vt 0.717207 0.907926
vt 0.708907 0.916220
vt 0.718672 0.896727
vt 0.760063 0.515282
vt 0.759148 0.508562
vt 0.761907 0.508227
vt 0.762677 0.515094
vt 0.757538 0.515486
vt 0.756495 0.509053
vt 0.759982 0.522703
vt 0.757455 0.522503
vt 0.762624 0.522883
vt 0.755117 0.515737
vt 0.753917 0.509719
vt 0.755149 0.522313
vt 0.752802 0.516067
vt 0.751424 0.510501
vt 0.752892 0.522170
vt 0.750381 0.516570
vt 0.748925 0.511601
vt 0.750557 0.522041
vt 0.747632 0.517217
vt 0.746379 0.513029
vt 0.747833 0.521932
vt 0.744270 0.517615
vt 0.744195 0.514426
vt 0.744417 0.521866
vt 0.739778 0.516854
vt 0.740891 0.512453
vt 0.739801 0.521919
vt 0.734479 0.515475
vt 0.735555 0.509560
vt 0.734554 0.522151
vt 0.729727 0.514488
vt 0.730538 0.507305
vt 0.730379 0.522605
vt 0.553518 0.983147
vt 0.552781 0.976888
vt 0.568524 0.975557
vt 0.569496 0.982251
vt 0.539041 0.984169
vt 0.538213 0.978356
vt 0.553698 0.990852
vt 0.539254 0.991370
vt 0.569836 0.990357
vt 0.585579 0.981343
vt 0.586593 0.989913
vt 0.584361 0.974104
vt 0.598054 0.972434
vt 0.566836 0.969949
vt 0.598900 0.980451
vt 0.526186 0.985320
vt 0.525397 0.979962
vt 0.513956 0.986089
vt 0.513472 0.981093
vt 0.526457 0.991763
vt 0.514495 0.991983
vt 0.513000 0.977278
vt 0.524436 0.975508
vt 0.536965 0.973543
vt 0.551409 0.971702
vt 0.535660 0.969157
vt 0.549716 0.967037
vt 0.523491 0.971275
vt 0.564567 0.964892
vt 0.534437 0.964843
vt 0.547854 0.962631
vt 0.522622 0.966850
vt 0.561856 0.960027
vt 0.521773 0.962007
vt 0.533104 0.960079
vt 0.545501 0.957631
vt 0.558434 0.954524
vt 0.542828 0.951748
vt 0.554919 0.948598
vt 0.531573 0.954392
vt 0.530220 0.947932
vt 0.540735 0.945487
vt 0.552266 0.942957
vt 0.529205 0.941018
vt 0.539348 0.939000
vt 0.550343 0.937152
vt 0.548777 0.930764
vt 0.538373 0.932135
vt 0.537690 0.924931
vt 0.547556 0.923894
vt 0.537167 0.917197
vt 0.546548 0.916582
vt 0.545067 0.906971
vt 0.541087 0.890253
vt 0.495104 0.811257
vt 0.493476 0.797113
vt 0.501770 0.795272
vt 0.503456 0.809203
vt 0.488069 0.811876
vt 0.486190 0.797814
vt 0.498122 0.829964
vt 0.490707 0.831151
vt 0.506826 0.827182
vt 0.511807 0.848912
vt 0.502486 0.852709
vt 0.493911 0.854571
vt 0.517997 0.873133
vt 0.507902 0.877225
vt 0.497502 0.880362
vt 0.523653 0.894587
vt 0.512651 0.897529
vt 0.500515 0.900948
vt 0.526447 0.908760
vt 0.515171 0.911069
vt 0.502444 0.914021
vt 0.527506 0.918562
vt 0.516366 0.920572
vt 0.503904 0.922967
vt 0.527957 0.926446
vt 0.517106 0.928379
vt 0.505100 0.930418
vt 0.528489 0.933841
vt 0.517901 0.935792
vt 0.506348 0.937834
vt 0.518759 0.943067
vt 0.507682 0.945178
vt 0.519733 0.950066
vt 0.508811 0.952078
vt 0.520775 0.956464
vt 0.509920 0.958488
vt 0.510879 0.963743
vt 0.511624 0.968661
vt 0.512333 0.973146
vt 0.513010 0.806533
vt 0.516113 0.823746
vt 0.520650 0.844764
vt 0.526577 0.869099
vt 0.532664 0.892143
vt 0.535995 0.907263
vt 0.525551 0.820390
vt 0.529208 0.840697
vt 0.534440 0.865243
vt 0.538399 0.836328
vt 0.803975 0.449882
vt 0.804019 0.439050
vt 0.809754 0.438316
vt 0.816943 0.436659
vt 0.797607 0.460343
vt 0.798823 0.449784
vt 0.793445 0.449774
vt 0.787132 0.449860
vt 0.771435 0.451344
vt 0.779469 0.450195
vt 0.765763 0.452972
vt 0.770340 0.447989
vt 0.778466 0.444880
vt 0.764666 0.450787
vt 0.786555 0.442370
vt 0.793241 0.440647
vt 0.768724 0.445257
vt 0.776272 0.440427
vt 0.784415 0.435724
vt 0.766754 0.442913
vt 0.773282 0.436673
vt 0.780850 0.429949
vt 0.764482 0.441116
vt 0.769929 0.433880
vt 0.791421 0.432208
vt 0.797314 0.429869
vt 0.798807 0.439643
vt 0.787758 0.424345
vt 0.793551 0.420168
vt 0.776257 0.425472
vt 0.782055 0.417946
vt 0.786986 0.411731
vt 0.798658 0.417099
vt 0.802566 0.428194
vt 0.791934 0.406885
vt 0.783045 0.399048
vt 0.770265 0.398907
vt 0.809572 0.412543
vt 0.804280 0.401752
vt 0.803791 0.414765
vt 0.797976 0.403653
vt 0.814225 0.424520
vt 0.807912 0.426711
vt 0.801037 0.394017
vt 0.805800 0.394112
vt 0.793650 0.395213
vt 0.781926 0.393050
vt 0.770303 0.395249
vt 0.770478 0.392864
vt 0.782073 0.389968
vt 0.761133 0.397049
vt 0.761138 0.395125
vt 0.753536 0.398922
vt 0.753334 0.397348
vt 0.753200 0.395951
vt 0.761197 0.393340
vt 0.770636 0.390751
vt 0.761133 0.391567
vt 0.770413 0.388726
vt 0.753056 0.394766
vt 0.745934 0.401508
vt 0.745670 0.400199
vt 0.745513 0.399058
vt 0.745353 0.397925
vt 0.745157 0.396787
vt 0.752809 0.393462
vt 0.760979 0.390065
vt 0.752549 0.392178
vt 0.760527 0.388475
vt 0.744936 0.395641
vt 0.738786 0.404755
vt 0.738478 0.403336
vt 0.738205 0.401896
vt 0.738095 0.400711
vt 0.737997 0.399539
vt 0.737874 0.398329
vt 0.737753 0.396878
vt 0.744625 0.394370
vt 0.752061 0.390861
vt 0.743983 0.392752
vt 0.750857 0.389148
vt 0.737556 0.395282
vt 0.732156 0.408309
vt 0.731767 0.406545
vt 0.731541 0.404826
vt 0.731467 0.403163
vt 0.731491 0.401588
vt 0.731557 0.400075
vt 0.731691 0.398402
vt 0.731995 0.396655
vt 0.732414 0.394754
vt 0.737259 0.393530
vt 0.742781 0.390880
vt 0.737011 0.391815
vt 0.740676 0.389086
vt 0.733589 0.392001
vt 0.726252 0.412099
vt 0.725656 0.409656
vt 0.725417 0.407449
vt 0.725493 0.405375
vt 0.725701 0.403346
vt 0.725961 0.401377
vt 0.726373 0.399434
vt 0.972808 0.839671
vt 0.969993 0.838668
vt 0.966598 0.835895
vt 0.975826 0.840160
vt 0.978841 0.833327
vt 0.979147 0.840342
vt 0.982029 0.833557
vt 0.982506 0.840341
vt 0.985761 0.827281
vt 0.985531 0.833923
vt 0.985923 0.840526
vt 0.983501 0.846765
vt 0.980097 0.846744
vt 0.986643 0.847094
vt 0.580084 0.407478
vt 0.577180 0.409492
vt 0.584562 0.412392
vt 0.581669 0.414502
vt 0.589751 0.417127
vt 0.586821 0.419083
vt 0.595141 0.422512
vt 0.591995 0.423989
vt 0.583219 0.405286
vt 0.587786 0.410088
vt 0.593174 0.414996
vt 0.599521 0.420815
vt 0.584273 0.397589
vt 0.588016 0.402406
vt 0.592508 0.407040
vt 0.598325 0.411799
vt 0.606778 0.417471
vt 0.592501 0.394143
vt 0.595261 0.398861
vt 0.598583 0.402959
vt 0.603463 0.406552
vt 0.609720 0.409458
vt 0.599225 0.384430
vt 0.601474 0.391147
vt 0.602713 0.395990
vt 0.632595 0.852025
vt 0.630306 0.851157
vt 0.635469 0.852901
vt 0.628275 0.850247
vt 0.626464 0.849232
vt 0.622926 0.858553
vt 0.620082 0.857151
vt 0.624672 0.848077
vt 0.625453 0.859406
vt 0.616875 0.854824
vt 0.622843 0.846637
vt 0.621145 0.844855
vt 0.614021 0.851826
vt 0.607052 0.859728
vt 0.611362 0.863867
vt 0.619479 0.842549
vt 0.622679 0.836511
vt 0.623712 0.832220
vt 0.617831 0.838806
vt 0.666187 0.454703
vt 0.665811 0.464853
vt 0.661154 0.464767
vt 0.664325 0.470724
vt 0.660814 0.470521
vt 0.655844 0.470143
vt 0.666473 0.474126
vt 0.663487 0.473876
vt 0.660082 0.473445
vt 0.630651 0.860671
vt 0.627982 0.860065
vt 0.633801 0.861365
vt 0.625777 0.870171
vt 0.623024 0.869618
vt 0.623441 0.880813
vt 0.620333 0.880239
vt 0.628577 0.870589
vt 0.626423 0.881068
vt 0.617978 0.889993
vt 0.613382 0.887894
vt 0.616599 0.878868
vt 0.615524 0.898362
vt 0.610108 0.895167
vt 0.621524 0.890744
vt 0.619557 0.899561
vt 0.620018 0.868776
vt 0.606829 0.900684
vt 0.604041 0.904675
vt 0.596595 0.899429
vt 0.599866 0.895108
vt 0.612687 0.904743
vt 0.610179 0.909281
vt 0.603703 0.890150
vt 0.607681 0.883961
vt 0.611799 0.876146
vt 0.616038 0.866970
vt 0.594314 0.903496
vt 0.592777 0.907567
vt 0.584681 0.904622
vt 0.586397 0.899469
vt 0.602070 0.907991
vt 0.600472 0.911417
vt 0.589303 0.894248
vt 0.593054 0.889193
vt 0.597182 0.884210
vt 0.601556 0.878730
vt 0.606302 0.872046
vt 0.579351 0.896628
vt 0.582910 0.890170
vt 0.587031 0.884211
vt 0.591246 0.878709
vt 0.595843 0.873113
vt 0.601079 0.866968
vt 0.626087 0.916170
vt 0.629451 0.915596
vt 0.632077 0.912212
vt 0.628226 0.911846
vt 0.623681 0.917006
vt 0.625296 0.911801
vt 0.628658 0.906916
vt 0.632033 0.907538
vt 0.635999 0.907994
vt 0.637138 0.901098
vt 0.640874 0.901510
vt 0.633208 0.900571
vt 0.621642 0.918003
vt 0.622760 0.912251
vt 0.625597 0.906666
vt 0.629306 0.900095
vt 0.632244 0.891267
vt 0.636937 0.891546
vt 0.641317 0.892031
vt 0.639737 0.881859
vt 0.644731 0.882675
vt 0.634470 0.881440
vt 0.619722 0.918868
vt 0.620629 0.912899
vt 0.622895 0.906894
vt 0.625748 0.899869
vt 0.628016 0.891116
vt 0.629924 0.881214
vt 0.631848 0.871020
vt 0.636378 0.871642
vt 0.642043 0.872530
vt 0.638099 0.862265
vt 0.644161 0.863588
vt 0.617180 0.918960
vt 0.618385 0.913368
vt 0.620302 0.907139
vt 0.622668 0.899859
vt 0.624596 0.891008
vt 0.639730 0.853572
vt 0.611518 0.921102
vt 0.613201 0.917146
vt 0.615046 0.912425
vt 0.617218 0.906759
vt 0.606485 0.916293
vt 0.608105 0.912978
vt 0.624380 0.826192
vt 0.624251 0.820269
vt 0.622696 0.815341
vt 0.628227 0.819502
vt 0.626344 0.813935
vt 0.629757 0.812698
vt 0.633165 0.811570
vt 0.637065 0.810458
vt 0.642204 0.809277
vt 0.492257 0.785958
vt 0.500952 0.784390
vt 0.484691 0.786845
vt 0.500074 0.775619
vt 0.510947 0.774339
vt 0.511137 0.782727
vt 0.491006 0.776936
vt 0.511517 0.793226
vt 0.522494 0.781328
vt 0.522246 0.791278
vt 0.523147 0.773403
vt 0.523192 0.803956
vt 0.536146 0.773241
vt 0.534598 0.780692
vt 0.523029 0.767362
vt 0.537200 0.767489
vt 0.509946 0.767876
vt 0.533650 0.789977
vt 0.533901 0.801845
vt 0.535453 0.817247
vt 0.537003 0.763352
vt 0.552709 0.764411
vt 0.551770 0.768714
vt 0.522079 0.763187
vt 0.549476 0.774293
vt 0.547057 0.781151
vt 0.545455 0.789644
vt 0.545099 0.800367
vt 0.546030 0.814315
vt 0.548533 0.831573
vt 0.566062 0.771952
vt 0.562656 0.777041
vt 0.568729 0.767583
vt 0.559593 0.782963
vt 0.557531 0.790260
vt 0.556661 0.799619
vt 0.557020 0.811884
vt 0.569714 0.763836
vt 0.585590 0.768528
vt 0.582739 0.772417
vt 0.552239 0.760959
vt 0.578911 0.776493
vt 0.575207 0.780900
vt 0.572177 0.785888
vt 0.569842 0.791956
vt 0.568232 0.799937
vt 0.596685 0.778489
vt 0.592463 0.782081
vt 0.601040 0.774989
vt 0.588755 0.785864
vt 0.585480 0.789964
vt 0.604820 0.771487
vt 0.629237 0.779011
vt 0.618048 0.782686
vt 0.587067 0.764830
vt 0.611857 0.785529
vt 0.607119 0.788608
vt 0.619101 0.811542
vt 0.622799 0.809210
vt 0.626379 0.807283
vt 0.630034 0.805558
vt 0.634125 0.803935
vt 0.639416 0.802254
vt 0.613611 0.807930
vt 0.617628 0.804942
vt 0.621691 0.802352
vt 0.625791 0.800008
vt 0.630178 0.797832
vt 0.635733 0.795753
vt 0.614405 0.797519
vt 0.618872 0.794700
vt 0.623697 0.792118
vt 0.629881 0.789594
vt 0.639972 0.787161
vt 0.644505 0.793390
vt 0.647758 0.800321
vt 0.567601 0.810494
vt 0.582493 0.794820
vt 0.579782 0.801333
vt 0.602888 0.791853
vt 0.598781 0.795227
vt 0.594900 0.799122
vt 0.591169 0.804210
vt 0.609869 0.800451
vt 0.605639 0.803787
vt 0.656381 0.847132
vt 0.664446 0.850356
vt 0.675275 0.845990
vt 0.688361 0.845660
vt 0.683505 0.851810
vt 0.697826 0.853458
vt 0.691607 0.858873
vt 0.705099 0.862993
vt 0.697932 0.867154
vt 0.711416 0.860691
vt 0.718240 0.859221
vt 0.723633 0.872349
vt 0.716439 0.872675
vt 0.709693 0.873962
vt 0.726471 0.885148
vt 0.718749 0.885202
vt 0.728259 0.895941
vt 0.730202 0.904721
vt 0.731086 0.855142
vt 0.735168 0.871249
vt 0.738760 0.883471
vt 0.651551 0.815618
vt 0.650187 0.808009
vt 0.707327 0.826821
vt 0.721536 0.834309
vt 0.735979 0.840970
vt 0.692543 0.819929
vt 0.677892 0.815820
vt 0.663559 0.815003
vt 0.752057 0.857420
vt 0.752649 0.844565
vt 0.772275 0.845096
vt 0.773758 0.856329
vt 0.753671 0.869352
vt 0.775600 0.865707
vt 0.792070 0.842636
vt 0.794627 0.851853
vt 0.796755 0.859674
vt 0.798635 0.867126
vt 0.777860 0.874222
vt 0.756787 0.879717
vt 0.805592 0.839468
vt 0.808432 0.847077
vt 0.810937 0.853848
vt 0.813630 0.860538
vt 0.800585 0.875080
vt 0.780328 0.882509
vt 0.816866 0.867794
vt 0.812492 0.837411
vt 0.815172 0.844059
vt 0.818258 0.849870
vt 0.821674 0.855757
vt 0.825989 0.862261
vt 0.820255 0.876556
vt 0.802904 0.883481
vt 0.832868 0.871094
vt 0.816787 0.836079
vt 0.819281 0.842013
vt 0.822221 0.847271
vt 0.825730 0.852582
vt 0.830165 0.858163
vt 0.836141 0.863361
vt 0.820779 0.835002
vt 0.822765 0.840256
vt 0.825389 0.845091
vt 0.828688 0.849968
vt 0.832838 0.854876
vt 0.837861 0.859165
vt 0.825014 0.834294
vt 0.826261 0.838869
vt 0.828312 0.843234
vt 0.831372 0.847599
vt 0.835292 0.851994
vt 0.830462 0.837904
vt 0.831827 0.841597
vt 0.834153 0.845458
vt 0.835159 0.837506
vt 0.835893 0.840360
vt 0.840299 0.837503
vt 0.840685 0.839734
vt 0.813220 0.911652
vt 0.830171 0.907646
vt 0.842767 0.904897
vt 0.854734 0.908549
vt 0.852942 0.902940
vt 0.865564 0.905725
vt 0.867615 0.911300
vt 0.863372 0.900258
vt 0.876149 0.902224
vt 0.878719 0.907792
vt 0.873527 0.897075
vt 0.883152 0.899623
vt 0.885963 0.905085
vt 0.880672 0.894713
vt 0.888166 0.897663
vt 0.890978 0.902908
vt 0.885856 0.892895
vt 0.892648 0.895658
vt 0.895387 0.900706
vt 0.890346 0.891061
vt 0.896943 0.893472
vt 0.899706 0.898319
vt 0.894473 0.888934
vt 0.901474 0.890776
vt 0.904207 0.895590
vt 0.898919 0.886238
vt 0.906995 0.887242
vt 0.909235 0.892191
vt 0.904484 0.882606
vt 0.841106 0.898722
vt 0.850967 0.896917
vt 0.828265 0.901534
vt 0.860995 0.894616
vt 0.870775 0.891984
vt 0.878477 0.889797
vt 0.883850 0.888081
vt 0.888062 0.886317
vt 0.891910 0.884220
vt 0.896323 0.881525
vt 0.838861 0.891325
vt 0.848496 0.889692
vt 0.825899 0.894481
vt 0.858097 0.888071
vt 0.867828 0.886266
vt 0.875859 0.884511
vt 0.881440 0.882982
vt 0.885416 0.881487
vt 0.823229 0.886031
vt 0.836209 0.882223
vt 0.845559 0.881085
vt 0.854529 0.880626
vt 0.863784 0.879707
vt 0.872187 0.878773
vt 0.843395 0.872812
vt 0.851561 0.873659
vt 0.742227 0.893198
vt 0.745588 0.900903
vt 0.760236 0.888566
vt 0.763561 0.896067
vt 0.783065 0.890310
vt 0.713815 0.470783
vt 0.709392 0.471784
vt 0.730777 0.474749
vt 0.727392 0.474720
vt 0.724564 0.474840
vt 0.722058 0.475109
vt 0.719623 0.475473
vt 0.717206 0.475914
vt 0.730124 0.482236
vt 0.726873 0.481744
vt 0.735137 0.484165
vt 0.724273 0.481672
vt 0.745169 0.481539
vt 0.740663 0.482116
vt 0.749135 0.481426
vt 0.747696 0.488022
vt 0.743784 0.489069
vt 0.739682 0.491369
vt 0.751316 0.487534
vt 0.754875 0.487325
vt 0.758502 0.487054
vt 0.773352 0.493941
vt 0.768276 0.493885
vt 0.764541 0.493774
vt 0.761008 0.493799
vt 0.757570 0.494030
vt 0.754216 0.494452
vt 0.750914 0.495194
vt 0.747590 0.496409
vt 0.781905 0.501770
vt 0.774888 0.501797
vt 0.770035 0.501648
vt 0.766511 0.501374
vt 0.763333 0.501185
vt 0.760208 0.501318
vt 0.757111 0.501802
vt 0.792253 0.507304
vt 0.783202 0.508080
vt 0.775965 0.508291
vt 0.771206 0.508220
vt 0.767729 0.508094
vt 0.764751 0.508066
vt 0.793186 0.513998
vt 0.784159 0.514537
vt 0.776726 0.514774
vt 0.771666 0.514792
vt 0.768229 0.514880
vt 0.793914 0.522499
vt 0.784576 0.522923
vt 0.776757 0.523169
vt 0.771529 0.523193
vt 0.737768 0.504775
vt 0.742994 0.509114
vt 0.732561 0.501017
vt 0.735853 0.495612
vt 0.740814 0.500990
vt 0.745634 0.506600
vt 0.726470 0.513956
vt 0.727012 0.505972
vt 0.728075 0.523013
vt 0.728797 0.498697
vt 0.731607 0.491621
vt 0.744184 0.498252
vt 0.724108 0.513840
vt 0.724592 0.505396
vt 0.726428 0.523501
vt 0.726007 0.497623
vt 0.728145 0.489797
vt 0.768133 0.523134
vt 0.765376 0.514962
vt 0.765359 0.523025
vt 0.754107 0.502513
vt 0.751264 0.503515
vt 0.748439 0.504813
vt 0.722172 0.514095
vt 0.722596 0.505284
vt 0.725345 0.524004
vt 0.723909 0.497231
vt 0.725563 0.489194
vt 0.720406 0.514539
vt 0.720766 0.505330
vt 0.724525 0.524675
vt 0.722102 0.497081
vt 0.723432 0.488967
vt 0.718795 0.515062
vt 0.719099 0.505467
vt 0.723341 0.525956
vt 0.720446 0.497113
vt 0.721437 0.488937
vt 0.717042 0.515502
vt 0.717315 0.505612
vt 0.721159 0.528615
vt 0.718396 0.497128
vt 0.714733 0.515865
vt 0.714906 0.505674
vt 0.716658 0.528924
vt 0.716148 0.497147
vt 0.633990 0.494243
vt 0.636364 0.495265
vt 0.633976 0.495156
vt 0.639072 0.496803
vt 0.636191 0.496630
vt 0.633830 0.496451
vt 0.631809 0.495897
vt 0.642305 0.498256
vt 0.638697 0.498490
vt 0.635935 0.498302
vt 0.633617 0.497962
vt 0.646573 0.501337
vt 0.641735 0.501016
vt 0.638235 0.500893
vt 0.635513 0.500500
vt 0.657212 0.508268
vt 0.650815 0.506372
vt 0.645543 0.504673
vt 0.641153 0.504021
vt 0.637716 0.503668
vt 0.654999 0.512824
vt 0.648741 0.509956
vt 0.644045 0.507902
vt 0.920434 0.757024
vt 0.894044 0.770960
vt 0.905887 0.761702
vt 0.917858 0.753981
vt 0.915709 0.751838
vt 0.843518 0.862438
vt 0.843053 0.866766
vt 0.839851 0.855735
vt 0.844736 0.858664
vt 0.841987 0.852484
vt 0.846518 0.854939
vt 0.837703 0.849297
vt 0.844153 0.849036
vt 0.848505 0.850857
vt 0.840209 0.846598
vt 0.845635 0.845501
vt 0.849890 0.846663
vt 0.842295 0.844490
vt 0.837469 0.843446
vt 0.841392 0.842136
vt 0.866135 0.848388
vt 0.862369 0.848208
vt 0.862196 0.844252
vt 0.865831 0.844494
vt 0.866340 0.852955
vt 0.862149 0.853062
vt 0.869348 0.848177
vt 0.869727 0.852459
vt 0.869032 0.844544
vt 0.872132 0.847838
vt 0.872598 0.851644
vt 0.872041 0.844706
vt 0.865537 0.841240
vt 0.868926 0.841444
vt 0.861866 0.840988
vt 0.872178 0.841967
vt 0.875692 0.845076
vt 0.875389 0.847606
vt 0.876110 0.842845
vt 0.868753 0.838846
vt 0.872459 0.839519
vt 0.876629 0.840779
vt 0.882204 0.842916
vt 0.881171 0.844796
vt 0.880224 0.846422
vt 0.886777 0.847525
vt 0.885114 0.848984
vt 0.888301 0.845786
vt 0.868809 0.836312
vt 0.872820 0.837178
vt 0.877303 0.838796
vt 0.883229 0.841265
vt 0.868825 0.833791
vt 0.873185 0.834812
vt 0.878070 0.836791
vt 0.868854 0.831146
vt 0.873717 0.832273
vt 0.869062 0.828263
vt 0.844987 0.835929
vt 0.845161 0.837886
vt 0.844908 0.833990
vt 0.844748 0.831672
vt 0.848482 0.831965
vt 0.848933 0.834221
vt 0.951006 0.866886
vt 0.955866 0.868508
vt 0.952685 0.873188
vt 0.948766 0.871390
vt 0.952522 0.861449
vt 0.957719 0.862340
vt 0.945868 0.866165
vt 0.946500 0.861272
vt 0.944526 0.870500
vt 0.962108 0.863263
vt 0.958053 0.856356
vt 0.962426 0.857060
vt 0.952592 0.856168
vt 0.845814 0.842479
vt 0.850188 0.843227
vt 0.854219 0.843625
vt 0.854072 0.847353
vt 0.852924 0.851980
vt 0.858230 0.843921
vt 0.858247 0.847893
vt 0.857520 0.852710
vt 0.845448 0.840027
vt 0.849850 0.840562
vt 0.853944 0.840744
vt 0.857944 0.840751
vt 0.849519 0.838296
vt 0.853603 0.838409
vt 0.849252 0.836274
vt 0.853247 0.836293
vt 0.852762 0.834180
vt 0.852199 0.831892
vt 0.973305 0.852557
vt 0.973757 0.858289
vt 0.969966 0.858123
vt 0.969524 0.851965
vt 0.977393 0.852725
vt 0.977680 0.858380
vt 0.972745 0.846124
vt 0.976416 0.846618
vt 0.969152 0.844838
vt 0.981082 0.852771
vt 0.981127 0.858628
vt 0.984325 0.853146
vt 0.984013 0.859105
vt 0.982087 0.864834
vt 0.979497 0.864490
vt 0.976692 0.864193
vt 0.987341 0.853738
vt 0.986870 0.859736
vt 0.984839 0.865302
vt 0.596553 0.429717
vt 0.599829 0.428516
vt 0.603130 0.434147
vt 0.600120 0.435471
vt 0.605730 0.439896
vt 0.602995 0.441536
vt 0.604492 0.427099
vt 0.607513 0.432703
vt 0.609683 0.438012
vt 0.610999 0.425430
vt 0.613470 0.430973
vt 0.615294 0.435738
vt 0.730941 0.345336
vt 0.724045 0.346680
vt 0.716345 0.346928
vt 0.711618 0.345380
vt 0.719619 0.348933
vt 0.732721 0.348046
vt 0.726210 0.349186
vt 0.721955 0.351176
vt 0.716776 0.351848
vt 0.713863 0.350669
vt 0.734039 0.350683
vt 0.727959 0.351760
vt 0.723762 0.353564
vt 0.735260 0.353255
vt 0.729394 0.354315
vt 0.724927 0.355793
vt 0.736024 0.355956
vt 0.730373 0.356594
vt 0.736464 0.358537
vt 0.730891 0.358620
vt 0.891710 0.917162
vt 0.897786 0.914392
vt 0.901501 0.920086
vt 0.905865 0.925007
vt 0.905814 0.916467
vt 0.909693 0.920470
vt 0.902196 0.911669
vt 0.881026 0.913587
vt 0.888894 0.910967
vt 0.894278 0.908712
vt 0.898741 0.906310
vt 0.906431 0.908460
vt 0.909761 0.912595
vt 0.903059 0.903629
vt 0.907381 0.900478
vt 0.910604 0.904845
vt 0.911817 0.896990
vt 0.904466 0.871375
vt 0.902130 0.868326
vt 0.902970 0.862959
vt 0.899307 0.865186
vt 0.899348 0.859654
vt 0.902105 0.857820
vt 0.895890 0.861590
vt 0.894846 0.856020
vt 0.897357 0.854359
vt 0.891543 0.857595
vt 0.889987 0.852318
vt 0.892161 0.850838
vt 0.887242 0.853817
vt 0.894243 0.848830
vt 0.667446 0.955450
vt 0.664183 0.955639
vt 0.671396 0.947247
vt 0.673428 0.947324
vt 0.661982 0.963201
vt 0.651624 0.964160
vt 0.670277 0.955219
vt 0.667111 0.962398
vt 0.675246 0.947393
vt 0.673122 0.955154
vt 0.671089 0.961747
vt 0.677041 0.947638
vt 0.679025 0.938032
vt 0.680658 0.938517
vt 0.682098 0.939127
vt 0.683673 0.939910
vt 0.679245 0.948114
vt 0.676251 0.955220
vt 0.681955 0.948753
vt 0.679886 0.955325
vt 0.685588 0.940890
vt 0.687285 0.930454
vt 0.688915 0.931675
vt 0.685525 0.929524
vt 0.690595 0.933010
vt 0.692304 0.934552
vt 0.687663 0.942014
vt 0.684882 0.949354
vt 0.693951 0.936196
vt 0.689772 0.943102
vt 0.687827 0.949767
vt 0.692066 0.944024
vt 0.690928 0.949911
vt 0.695592 0.937850
vt 0.693911 0.924670
vt 0.695995 0.926255
vt 0.691624 0.923265
vt 0.697902 0.928018
vt 0.699700 0.930048
vt 0.701488 0.932459
vt 0.703261 0.935368
vt 0.697593 0.939584
vt 0.695205 0.944716
vt 0.700064 0.941081
vt 0.700106 0.944637
vt 0.704967 0.938904
vt 0.700774 0.920275
vt 0.703310 0.922244
vt 0.705861 0.924861
vt 0.708293 0.928229
vt 0.710401 0.932111
vt 0.712477 0.919959
vt 0.715495 0.924371
vt 0.721161 0.915252
vt 0.753639 0.308043
vt 0.753998 0.306634
vt 0.756366 0.307306
vt 0.759987 0.305874
vt 0.756866 0.305420
vt 0.702481 0.346346
vt 0.703306 0.350853
vt 0.700310 0.351665
vt 0.699248 0.347649
vt 0.706417 0.345442
vt 0.706528 0.350257
vt 0.701084 0.341493
vt 0.697492 0.343459
vt 0.696051 0.349474
vt 0.694062 0.345893
vt 0.697634 0.353000
vt 0.693307 0.351611
vt 0.690914 0.348604
vt 0.695693 0.354593
vt 0.703794 0.354063
vt 0.700891 0.354601
vt 0.698746 0.355361
vt 0.697853 0.357161
vt 0.697241 0.358925
vt 0.694641 0.356103
vt 0.691379 0.353791
vt 0.696984 0.360435
vt 0.694000 0.357532
vt 0.690120 0.355966
vt 0.693713 0.358900
vt 0.689446 0.358094
vt 0.689191 0.360250
vt 0.506780 0.331730
vt 0.508383 0.329888
vt 0.512069 0.334596
vt 0.516862 0.338975
vt 0.509918 0.328212
vt 0.513245 0.332547
vt 0.517933 0.336509
vt 0.523558 0.339083
vt 0.530193 0.341028
vt 0.511426 0.326571
vt 0.514471 0.330384
vt 0.518896 0.333798
vt 0.524480 0.335885
vt 0.531155 0.337740
vt 0.538878 0.340261
vt 0.547671 0.344025
vt 0.557987 0.348718
vt 0.571082 0.352672
vt 0.513118 0.324981
vt 0.515600 0.328028
vt 0.519664 0.330593
vt 0.525131 0.332547
vt 0.531818 0.334429
vt 0.539695 0.336816
vt 0.548624 0.340203
vt 0.515333 0.324061
vt 0.516580 0.326283
vt 0.519929 0.327466
vt 0.525390 0.329166
vt 0.532162 0.331026
vt 0.687310 0.384374
vt 0.678590 0.382071
vt 0.680277 0.381350
vt 0.682190 0.380659
vt 0.684031 0.379903
vt 0.685633 0.378896
vt 0.687305 0.377929
vt 0.673262 0.375776
vt 0.675618 0.375376
vt 0.677626 0.375152
vt 0.679421 0.374954
vt 0.681067 0.374567
vt 0.682740 0.374028
vt 0.684392 0.373347
vt 0.686309 0.372332
vt 0.689187 0.376575
vt 0.670627 0.368748
vt 0.673467 0.368840
vt 0.670193 0.376522
vt 0.665859 0.368498
vt 0.675658 0.368916
vt 0.677396 0.368933
vt 0.678910 0.368823
vt 0.680405 0.368589
vt 0.682040 0.368262
vt 0.684039 0.367728
vt 0.686562 0.366854
vt 0.688656 0.370890
vt 0.691477 0.368816
vt 0.689965 0.365623
vt 0.663379 0.362401
vt 0.669096 0.363107
vt 0.653524 0.359406
vt 0.672125 0.363353
vt 0.674290 0.363483
vt 0.676020 0.363562
vt 0.677557 0.363587
vt 0.679061 0.363568
vt 0.680698 0.363514
vt 0.682718 0.363388
vt 0.685501 0.363088
vt 0.689322 0.362702
vt 0.703217 0.414356
vt 0.706723 0.353829
vt 0.710240 0.349978
vt 0.709766 0.353692
vt 0.851289 0.856643
vt 0.850065 0.860717
vt 0.849609 0.864441
vt 0.849958 0.868345
vt 0.856551 0.857582
vt 0.856118 0.861795
vt 0.856446 0.865307
vt 0.862019 0.857892
vt 0.862462 0.861992
vt 0.866755 0.857553
vt 0.857444 0.868691
vt 0.859785 0.873295
vt 0.864826 0.868591
vt 0.867743 0.872859
vt 0.863370 0.865356
vt 0.870783 0.868262
vt 0.874137 0.872577
vt 0.868756 0.864797
vt 0.867548 0.861451
vt 0.871540 0.860594
vt 0.873056 0.864047
vt 0.875490 0.867714
vt 0.875066 0.859548
vt 0.877039 0.863195
vt 0.879939 0.867063
vt 0.881611 0.861664
vt 0.885112 0.865761
vt 0.878855 0.858009
vt 0.886885 0.859551
vt 0.891007 0.863707
vt 0.883254 0.855832
vt 0.870506 0.856804
vt 0.873636 0.855764
vt 0.876718 0.854373
vt 0.880267 0.852547
vt 0.875549 0.850707
vt 0.883132 0.850564
vt 0.878213 0.850192
vt 0.879149 0.848277
vt 0.889708 0.843727
vt 0.921738 0.836342
vt 0.927303 0.833892
vt 0.919672 0.833178
vt 0.925012 0.830670
vt 0.930996 0.828249
vt 0.933725 0.831809
vt 0.937115 0.825656
vt 0.939780 0.828905
vt 0.944256 0.833751
vt 0.923509 0.828044
vt 0.929210 0.825604
vt 0.935364 0.823074
vt 0.933907 0.820738
vt 0.941004 0.866732
vt 0.940457 0.862420
vt 0.941337 0.870040
vt 0.939352 0.858891
vt 0.946063 0.856944
vt 0.937809 0.856159
vt 0.944505 0.853333
vt 0.950954 0.851284
vt 0.956594 0.850224
vt 0.948250 0.846844
vt 0.953440 0.844085
vt 0.942241 0.850307
vt 0.949385 0.838846
vt 0.700745 0.356212
vt 0.700425 0.357340
vt 0.700144 0.358229
vt 0.703802 0.356052
vt 0.703625 0.357480
vt 0.706635 0.356252
vt 0.722346 0.395493
vt 0.716736 0.397686
vt 0.711630 0.396951
vt 0.721782 0.397842
vt 0.716350 0.400009
vt 0.711239 0.399234
vt 0.721316 0.400085
vt 0.706101 0.397876
vt 0.705427 0.400117
vt 0.700109 0.397835
vt 0.704603 0.402617
vt 0.699129 0.399969
vt 0.703749 0.405212
vt 0.698047 0.402237
vt 0.703140 0.407876
vt 0.696931 0.404696
vt 0.702933 0.410685
vt 0.695876 0.407369
vt 0.715476 0.377126
vt 0.719420 0.376533
vt 0.725156 0.378000
vt 0.729594 0.380325
vt 0.722574 0.375731
vt 0.715818 0.372187
vt 0.719700 0.372040
vt 0.723618 0.372537
vt 0.712208 0.372322
vt 0.709054 0.372297
vt 0.710149 0.368137
vt 0.735069 0.368521
vt 0.730253 0.367225
vt 0.725843 0.365735
vt 0.727664 0.374035
vt 0.732505 0.375541
vt 0.724896 0.368823
vt 0.729238 0.370312
vt 0.734113 0.371626
vt 0.514068 0.321596
vt 0.518087 0.321758
vt 0.519319 0.324521
vt 0.524196 0.322870
vt 0.525090 0.325941
vt 0.531507 0.324424
vt 0.532085 0.327688
vt 0.539909 0.326240
vt 0.540247 0.329731
vt 0.549442 0.328285
vt 0.549578 0.332153
vt 0.560332 0.330432
vt 0.560314 0.334757
vt 0.572053 0.328045
vt 0.572435 0.332374
vt 0.585216 0.329479
vt 0.585521 0.333782
vt 0.599285 0.330602
vt 0.613883 0.331632
vt 0.629230 0.332891
vt 0.680243 0.496083
vt 0.679683 0.504970
vt 0.684349 0.525353
vt 0.688810 0.536392
vt 0.678311 0.528318
vt 0.726883 0.397481
vt 0.727560 0.395370
vt 0.728800 0.392345
vt 0.731494 0.387347
vt 0.736821 0.387870
vt 0.694767 0.410365
vt 0.948606 0.955931
vt 0.949144 0.954919
vt 0.953925 0.959477
vt 0.953702 0.959914
vt 0.942594 0.952301
vt 0.943629 0.950528
vt 0.948226 0.956998
vt 0.941628 0.954283
vt 0.953514 0.960549
vt 0.937167 0.948948
vt 0.938924 0.946251
vt 0.935635 0.951925
vt 0.944829 0.949050
vt 0.949607 0.954086
vt 0.940842 0.944083
vt 0.932577 0.946002
vt 0.935025 0.942332
vt 0.930644 0.950063
vt 0.937596 0.939414
vt 0.942698 0.942485
vt 0.946109 0.947877
vt 0.939854 0.937279
vt 0.928489 0.943386
vt 0.931368 0.938916
vt 0.926169 0.948422
vt 0.934202 0.935320
vt 0.936517 0.932799
vt 0.941556 0.935945
vt 0.944233 0.941376
vt 0.938364 0.931133
vt 0.924736 0.940991
vt 0.927735 0.935855
vt 0.922163 0.946923
vt 0.930422 0.931862
vt 0.932645 0.929009
vt 0.934563 0.926980
vt 0.939797 0.930198
vt 0.942913 0.935100
vt 0.936224 0.925639
vt 0.921167 0.938771
vt 0.924068 0.933299
vt 0.918512 0.945581
vt 0.926450 0.929146
vt 0.928571 0.925929
vt 0.930686 0.923288
vt 0.917493 0.936846
vt 0.920213 0.931235
vt 0.914844 0.944327
vt 0.922436 0.927025
vt 0.924534 0.923428
vt 0.913177 0.935246
vt 0.915936 0.929529
vt 0.910794 0.943083
vt 0.918207 0.925282
vt 0.907724 0.933691
vt 0.911012 0.927895
vt 0.905669 0.941798
vt 0.932649 0.921339
vt 0.926921 0.920113
vt 0.920537 0.921210
vt 0.913888 0.923314
vt 0.655415 0.943447
vt 0.660939 0.945235
vt 0.665333 0.946326
vt 0.648083 0.940572
vt 0.645145 0.944923
vt 0.669751 0.937461
vt 0.674143 0.937528
vt 0.668827 0.946969
vt 0.660729 0.954964
vt 0.680330 0.928165
vt 0.676934 0.937703
vt 0.683245 0.928694
vt 0.483518 0.777765
vt 0.489579 0.769735
vt 0.498614 0.768738
vt 0.482537 0.770347
vt 0.508658 0.763355
vt 0.507619 0.759005
vt 0.521008 0.759471
vt 0.536053 0.759961
vt 0.507046 0.753555
vt 0.520243 0.754911
vt 0.535084 0.756227
vt 0.551334 0.757651
vt 0.569533 0.760415
vt 0.506331 0.747765
vt 0.519718 0.749499
vt 0.534554 0.751579
vt 0.550914 0.753991
vt 0.569395 0.757205
vt 0.588040 0.761522
vt 0.606939 0.767567
vt 0.628815 0.772220
vt 0.505515 0.742472
vt 0.519550 0.744251
vt 0.534875 0.746719
vt 0.551638 0.750001
vt 0.570164 0.754206
vt 0.589227 0.758492
vt 0.505803 0.737070
vt 0.520351 0.739741
vt 0.536053 0.742398
vt 0.608324 0.762845
vt 0.628627 0.765397
vt 0.553090 0.745911
vt 0.571680 0.750512
vt 0.590614 0.754696
vt 0.507578 0.731280
vt 0.522171 0.735253
vt 0.492337 0.726726
vt 0.509445 0.726742
vt 0.753522 0.831709
vt 0.771078 0.832700
vt 0.739386 0.828844
vt 0.770293 0.819662
vt 0.769983 0.806435
vt 0.787789 0.808565
vt 0.787847 0.820269
vt 0.754271 0.818592
vt 0.755410 0.804571
vt 0.789443 0.831935
vt 0.788497 0.797994
vt 0.789561 0.787213
vt 0.803560 0.801692
vt 0.770639 0.793803
vt 0.771641 0.780867
vt 0.802035 0.810661
vt 0.801816 0.820660
vt 0.803066 0.830552
vt 0.810165 0.812120
vt 0.809658 0.820996
vt 0.810473 0.829679
vt 0.814849 0.821539
vt 0.815150 0.829224
vt 0.819793 0.829093
vt 0.649237 0.765058
vt 0.650961 0.771977
vt 0.653658 0.778356
vt 0.672311 0.768867
vt 0.674954 0.775198
vt 0.693769 0.765248
vt 0.695922 0.771901
vt 0.714969 0.762110
vt 0.716915 0.770122
vt 0.733661 0.760700
vt 0.735239 0.770787
vt 0.748237 0.772935
vt 0.758613 0.776016
vt 0.657275 0.784643
vt 0.659737 0.791175
vt 0.661252 0.798676
vt 0.679223 0.790583
vt 0.679290 0.799165
vt 0.677702 0.782411
vt 0.678664 0.807704
vt 0.662535 0.806994
vt 0.697162 0.802689
vt 0.695116 0.811847
vt 0.698295 0.791930
vt 0.711368 0.818188
vt 0.714541 0.807975
vt 0.726128 0.824200
vt 0.966252 0.857736
vt 0.966039 0.863714
vt 0.961435 0.850327
vt 0.965616 0.850923
vt 0.933992 0.876567
vt 0.937443 0.877572
vt 0.938162 0.879405
vt 0.939723 0.878292
vt 0.935441 0.874986
vt 0.938929 0.876301
vt 0.941596 0.877292
vt 0.940742 0.875090
vt 0.943853 0.876250
vt 0.937202 0.873439
vt 0.946139 0.877665
vt 0.943397 0.878476
vt 0.941296 0.879224
vt 0.942603 0.873360
vt 0.946233 0.874466
vt 0.939243 0.871751
vt 0.949386 0.876077
vt 0.947747 0.879171
vt 0.944646 0.879651
vt 0.939491 0.880111
vt 0.938319 0.881236
vt 0.942471 0.880225
vt 0.940670 0.880843
vt 0.925527 0.875122
vt 0.922678 0.873554
vt 0.924430 0.870755
vt 0.927024 0.872640
vt 0.930156 0.874596
vt 0.931864 0.872530
vt 0.929061 0.869954
vt 0.931785 0.867250
vt 0.934084 0.870456
vt 0.937031 0.868425
vt 0.935446 0.864679
vt 0.926772 0.867694
vt 0.929856 0.864548
vt 0.933888 0.861596
vt 0.924752 0.865606
vt 0.928056 0.862265
vt 0.932196 0.859173
vt 0.935991 0.853905
vt 0.697837 0.780806
vt 0.717796 0.781506
vt 0.716806 0.795264
vt 0.735224 0.784373
vt 0.732950 0.799207
vt 0.729800 0.812761
vt 0.747223 0.787297
vt 0.744940 0.802495
vt 0.742129 0.816489
vt 0.757100 0.790201
vt 0.801428 0.513515
vt 0.808601 0.521684
vt 0.802197 0.522012
vt 0.830761 0.272096
vt 0.822861 0.295569
vt 0.817951 0.283159
vt 0.812756 0.302598
vt 0.807834 0.291725
vt 0.804719 0.308591
vt 0.799252 0.299412
vt 0.817901 0.314662
vt 0.810763 0.319080
vt 0.815365 0.329864
vt 0.685230 0.359885
vt 0.685600 0.357080
vt 0.682637 0.356165
vt 0.680400 0.355560
vt 0.681310 0.351590
vt 0.683699 0.352687
vt 0.682288 0.359612
vt 0.680209 0.359389
vt 0.686610 0.354300
vt 0.683251 0.347372
vt 0.685631 0.349070
vt 0.679474 0.351000
vt 0.681093 0.346415
vt 0.678660 0.355202
vt 0.688377 0.351440
vt 0.679431 0.345939
vt 0.682015 0.341152
vt 0.683783 0.341834
vt 0.677790 0.345583
vt 0.680264 0.340687
vt 0.677852 0.350587
vt 0.676213 0.350303
vt 0.686006 0.343247
vt 0.688424 0.345541
vt 0.678403 0.340253
vt 0.676525 0.339902
vt 0.679789 0.334682
vt 0.681693 0.335124
vt 0.676101 0.345263
vt 0.674263 0.344983
vt 0.683661 0.335784
vt 0.685435 0.336578
vt 0.687283 0.337719
vt 0.689404 0.339580
vt 0.691693 0.342337
vt 0.677503 0.334188
vt 0.673921 0.333474
vt 0.674362 0.339510
vt 0.670767 0.338799
vt 0.688157 0.330902
vt 0.689670 0.332268
vt 0.691235 0.333972
vt 0.693025 0.336219
vt 0.695218 0.339415
vt 0.697667 0.333055
vt 0.699326 0.336802
vt 0.714355 0.476399
vt 0.721944 0.481787
vt 0.719640 0.481997
vt 0.717267 0.482299
vt 0.714394 0.482544
vt 0.719318 0.489036
vt 0.717036 0.489184
vt 0.751366 0.307924
vt 0.749059 0.306506
vt 0.751794 0.306310
vt 0.749952 0.304102
vt 0.752846 0.304177
vt 0.754802 0.304708
vt 0.655793 0.413091
vt 0.644392 0.419281
vt 0.642056 0.416727
vt 0.652761 0.410612
vt 0.639939 0.414171
vt 0.649660 0.408390
vt 0.633565 0.421609
vt 0.631540 0.418361
vt 0.635730 0.424820
vt 0.624561 0.421242
vt 0.617944 0.423521
vt 0.615876 0.417515
vt 0.622737 0.416486
vt 0.626692 0.425358
vt 0.620082 0.428441
vt 0.629716 0.414738
vt 0.637812 0.411385
vt 0.645847 0.405889
vt 0.615865 0.410657
vt 0.640729 0.403113
vt 0.922906 0.910827
vt 0.925706 0.908313
vt 0.928412 0.911683
vt 0.925980 0.913841
vt 0.920136 0.907929
vt 0.923212 0.905204
vt 0.919872 0.914342
vt 0.916729 0.911532
vt 0.923291 0.917220
vt 0.928246 0.906424
vt 0.930673 0.910100
vt 0.926045 0.903025
vt 0.913125 0.915917
vt 0.916742 0.918756
vt 0.913698 0.908481
vt 0.917419 0.904765
vt 0.920766 0.901818
vt 0.923907 0.899514
vt 0.914633 0.901201
vt 0.918458 0.898050
vt 0.628602 0.394230
vt 0.635318 0.395924
vt 0.623499 0.392253
vt 0.616672 0.403479
vt 0.617735 0.396991
vt 0.618823 0.390766
vt 0.626014 0.385560
vt 0.631467 0.388759
vt 0.620295 0.383332
vt 0.612073 0.402383
vt 0.613400 0.396028
vt 0.613936 0.389837
vt 0.614322 0.382247
vt 0.608607 0.395403
vt 0.608451 0.389834
vt 0.607444 0.400763
vt 0.607690 0.382422
vt 0.603445 0.399560
vt 0.635925 0.391659
vt 0.652807 0.398926
vt 0.878098 0.877925
vt 0.878867 0.872184
vt 0.882394 0.877012
vt 0.883309 0.871358
vt 0.886557 0.875481
vt 0.889260 0.879662
vt 0.888664 0.869815
vt 0.891432 0.873528
vt 0.893818 0.877284
vt 0.894427 0.867639
vt 0.896971 0.871110
vt 0.899197 0.874395
vt 0.901726 0.878243
vt 0.678895 0.491651
vt 0.938303 0.882471
vt 0.938620 0.883754
vt 0.938912 0.885133
vt 0.939453 0.887467
vt 0.744366 0.307393
vt 0.737258 0.306277
vt 0.744793 0.305101
vt 0.720384 0.305753
vt 0.728890 0.304526
vt 0.737412 0.303294
vt 0.745157 0.301884
vt 0.602708 0.357118
vt 0.601776 0.353108
vt 0.614379 0.351971
vt 0.663403 0.357786
vt 0.668701 0.358626
vt 0.654302 0.354907
vt 0.671668 0.358812
vt 0.673711 0.358903
vt 0.675418 0.358972
vt 0.676998 0.359128
vt 0.678541 0.359241
vt 0.664445 0.353486
vt 0.669268 0.354364
vt 0.655869 0.350589
vt 0.671914 0.354501
vt 0.673842 0.354565
vt 0.675563 0.354681
vt 0.677141 0.354918
vt 0.665983 0.348882
vt 0.670355 0.349747
vt 0.657820 0.346263
vt 0.672730 0.349948
vt 0.674573 0.350087
vt 0.668189 0.343942
vt 0.672122 0.344719
vt 0.660004 0.341758
vt 0.662344 0.337145
vt 0.586263 0.351937
vt 0.571538 0.347266
vt 0.585886 0.347372
vt 0.600953 0.349339
vt 0.600527 0.345661
vt 0.614290 0.344777
vt 0.614261 0.348180
vt 0.627602 0.345784
vt 0.626927 0.349337
vt 0.641223 0.349524
vt 0.639850 0.353386
vt 0.585729 0.342785
vt 0.600176 0.342037
vt 0.614181 0.341652
vt 0.628226 0.342595
vt 0.642718 0.345722
vt 0.614150 0.338546
vt 0.628736 0.339511
vt 0.599848 0.338365
vt 0.644100 0.342098
vt 0.629051 0.336325
vt 0.645360 0.338500
vt 0.614058 0.335214
vt 0.646351 0.334744
vt 0.540131 0.333265
vt 0.549279 0.336163
vt 0.559874 0.339345
vt 0.559057 0.344195
vt 0.572381 0.336998
vt 0.572051 0.341962
vt 0.585607 0.338244
vt 0.599607 0.334541
vt 0.639556 0.908436
vt 0.644121 0.901926
vt 0.645034 0.892672
vt 0.648424 0.893581
vt 0.651965 0.895165
vt 0.648866 0.883857
vt 0.652623 0.885586
vt 0.656754 0.888431
vt 0.647901 0.874011
vt 0.652919 0.876180
vt 0.657286 0.879208
vt 0.661535 0.883210
vt 0.666276 0.887749
vt 0.651034 0.865727
vt 0.657157 0.868907
vt 0.662336 0.872895
vt 0.666900 0.877244
vt 0.671257 0.881825
vt 0.646289 0.854537
vt 0.654037 0.856610
vt 0.661140 0.860187
vt 0.667368 0.864626
vt 0.672791 0.869297
vt 0.677550 0.874146
vt 0.682166 0.879335
vt 0.671592 0.854739
vt 0.678482 0.859950
vt 0.684887 0.865966
vt 0.690120 0.872813
vt 0.702334 0.876984
vt 0.621985 0.432797
vt 0.628756 0.429210
vt 0.600145 0.989276
vt 0.609468 0.971377
vt 0.609740 0.979560
vt 0.619950 0.970974
vt 0.619865 0.978674
vt 0.631202 0.940518
vt 0.630265 0.938062
vt 0.634974 0.937625
vt 0.636474 0.942491
vt 0.633837 0.935879
vt 0.633254 0.932354
vt 0.635993 0.934390
vt 0.639024 0.939421
vt 0.629797 0.936590
vt 0.633509 0.935116
vt 0.631479 0.931853
vt 0.633670 0.934590
vt 0.630738 0.931661
vt 0.633718 0.934133
vt 0.630410 0.931157
vt 0.630216 0.930473
vt 0.629975 0.929610
vt 0.666865 0.475493
vt 0.633318 0.966302
vt 0.800879 0.935734
vt 0.781202 0.938586
vt 0.780180 0.933704
vt 0.799636 0.930906
vt 0.782102 0.943544
vt 0.778966 0.928827
vt 0.798190 0.925901
vt 0.657598 0.521378
vt 0.664023 0.526312
vt 0.651564 0.516894
vt 0.670259 0.533131
vt 0.931319 0.780927
vt 0.927568 0.788211
vt 0.908351 0.820346
vt 0.908981 0.814797
vt 0.913659 0.813972
vt 0.910433 0.807166
vt 0.915616 0.806499
vt 0.919548 0.806156
vt 0.912398 0.797363
vt 0.918410 0.796452
vt 0.923542 0.796933
vt 0.920726 0.786672
vt 0.777713 0.326457
vt 0.772163 0.331080
vt 0.764986 0.335606
vt 0.757882 0.339057
vt 0.751923 0.341109
vt 0.746168 0.342438
vt 0.739337 0.344031
vt 0.775006 0.334941
vt 0.767359 0.339307
vt 0.759981 0.342965
vt 0.753714 0.345402
vt 0.747706 0.346677
vt 0.740802 0.347521
vt 0.761729 0.346337
vt 0.755111 0.348739
vt 0.748821 0.350052
vt 0.741714 0.350485
vt 0.756203 0.351896
vt 0.749551 0.353045
vt 0.742383 0.353174
vt 0.742802 0.356022
vt 0.939120 0.815129
vt 0.945690 0.811951
vt 0.946936 0.814386
vt 0.940494 0.817731
vt 0.941796 0.820006
vt 0.948093 0.816588
vt 0.952064 0.808923
vt 0.953156 0.811301
vt 0.954195 0.813495
vt 0.955457 0.815970
vt 0.949502 0.819103
vt 0.943338 0.822449
vt 0.951671 0.822416
vt 0.945716 0.825602
vt 0.957428 0.819503
vt 0.959840 0.824190
vt 0.954797 0.827051
vt 0.962726 0.829957
vt 0.958602 0.832954
vt 0.963872 0.841496
vt 0.969741 0.863843
vt 0.973350 0.863978
vt 0.958530 0.842493
vt 0.781499 0.387583
vt 0.780042 0.385299
vt 0.769685 0.386851
vt 0.777728 0.382950
vt 0.768181 0.384886
vt 0.757226 0.384856
vt 0.759409 0.386870
vt 0.954312 0.835707
vt 0.949693 0.830291
vt 0.634558 0.547667
vt 0.627585 0.547993
vt 0.622132 0.548792
vt 0.645860 0.547021
vt 0.662112 0.544592
vt 0.675045 0.541378
vt 0.683571 0.538442
vt 0.646122 0.513182
vt 0.493179 0.722897
vt 0.477161 0.725372
vt 0.476871 0.721861
vt 0.477679 0.730154
vt 0.493710 0.720215
vt 0.510664 0.723076
vt 0.476760 0.719298
vt 0.494047 0.716836
vt 0.476598 0.715503
vt 0.494055 0.710317
vt 0.476340 0.709344
vt 0.475991 0.699295
vt 0.475511 0.683626
vt 0.721622 0.364544
vt 0.720789 0.367957
vt 0.716846 0.368109
vt 0.713283 0.368066
vt 0.774730 0.380640
vt 0.771131 0.378255
vt 0.766626 0.375820
vt 0.761246 0.373798
vt 0.755224 0.372149
vt 0.748351 0.370698
vt 0.741122 0.369601
vt 0.765841 0.382742
vt 0.762536 0.380388
vt 0.758308 0.378138
vt 0.753166 0.376001
vt 0.746939 0.373999
vt 0.740054 0.372564
vt 0.754179 0.382651
vt 0.750016 0.380300
vt 0.744552 0.378069
vt 0.738330 0.376543
vt 0.748824 0.387097
vt 0.745716 0.384863
vt 0.741054 0.382860
vt 0.735382 0.381588
vt 0.683784 0.969483
vt 0.683328 0.964948
vt 0.687784 0.964187
vt 0.688282 0.968582
vt 0.679158 0.970464
vt 0.678727 0.965721
vt 0.684578 0.974323
vt 0.679926 0.975203
vt 0.689046 0.973515
vt 0.670445 0.967429
vt 0.665855 0.968372
vt 0.670560 0.972443
vt 0.665769 0.973438
vt 0.674423 0.966537
vt 0.674753 0.971454
vt 0.674800 0.961227
vt 0.678884 0.960850
vt 0.683253 0.960519
vt 0.687454 0.960012
vt 0.691712 0.959279
vt 0.692363 0.963374
vt 0.692989 0.967802
vt 0.659432 0.969426
vt 0.648163 0.970692
vt 0.683681 0.955560
vt 0.687364 0.955453
vt 0.691115 0.954988
vt 0.695157 0.949717
vt 0.695917 0.954225
vt 0.696795 0.958329
vt 0.700984 0.948840
vt 0.705052 0.965968
vt 0.698600 0.966999
vt 0.697714 0.962429
vt 0.704152 0.961274
vt 0.705752 0.971148
vt 0.699145 0.972034
vt 0.711971 0.964650
vt 0.712943 0.970053
vt 0.710943 0.959761
vt 0.719066 0.963179
vt 0.720156 0.968755
vt 0.717998 0.958033
vt 0.703172 0.957031
vt 0.709867 0.955387
vt 0.716990 0.953430
vt 0.724313 0.951569
vt 0.725365 0.956315
vt 0.726428 0.961544
vt 0.702090 0.952975
vt 0.708773 0.951246
vt 0.715963 0.949095
vt 0.723216 0.947047
vt 0.707596 0.947133
vt 0.714808 0.944836
vt 0.706340 0.942973
vt 0.713532 0.940590
vt 0.761713 0.936959
vt 0.760421 0.932167
vt 0.762989 0.941827
vt 0.743940 0.936102
vt 0.731015 0.939824
vt 0.729741 0.935145
vt 0.742538 0.931407
vt 0.745456 0.940852
vt 0.732228 0.944547
vt 0.759129 0.927465
vt 0.777525 0.923945
vt 0.720993 0.938039
vt 0.719614 0.933551
vt 0.728271 0.930516
vt 0.712120 0.936307
vt 0.722157 0.942547
vt 0.740950 0.926761
vt 0.757555 0.922766
vt 0.775722 0.919046
vt 0.717830 0.928982
vt 0.726625 0.925752
vt 0.739079 0.922081
vt 0.755545 0.918014
vt 0.724339 0.920742
vt 0.736623 0.917161
vt 0.752866 0.912991
vt 0.733413 0.911561
vt 0.734573 0.953968
vt 0.735859 0.959236
vt 0.733436 0.949208
vt 0.746894 0.945620
vt 0.748128 0.950490
vt 0.764155 0.946791
vt 0.929297 0.917368
vt 0.931314 0.915616
vt 0.934436 0.920014
vt 0.937805 0.924686
vt 0.933378 0.914227
vt 0.954285 0.951132
vt 0.951409 0.945019
vt 0.957885 0.957070
vt 0.949061 0.938920
vt 0.950277 0.938328
vt 0.950327 0.945461
vt 0.947891 0.939528
vt 0.953438 0.951527
vt 0.946674 0.940245
vt 0.944188 0.934441
vt 0.945460 0.933789
vt 0.949270 0.945998
vt 0.946766 0.933144
vt 0.948153 0.932503
vt 0.941190 0.929430
vt 0.945549 0.940821
vt 0.942589 0.928705
vt 0.944147 0.927992
vt 0.945802 0.927302
vt 0.947707 0.926611
vt 0.939383 0.923894
vt 0.941234 0.922982
vt 0.943208 0.922188
vt 0.945402 0.921400
vt 0.936242 0.918892
vt 0.938282 0.917937
vt 0.940528 0.916991
vt 0.943037 0.916051
vt 0.946035 0.915082
vt 0.937983 0.912001
vt 0.940692 0.910976
vt 0.943880 0.909940
vt 0.954216 0.959163
vt 0.950397 0.953318
vt 0.954706 0.958760
vt 0.947248 0.947029
vt 0.951075 0.952808
vt 0.955269 0.958366
vt 0.948256 0.946500
vt 0.951812 0.952371
vt 0.955872 0.958010
vt 0.952611 0.951925
vt 0.956564 0.957648
vt 0.957215 0.957357
vt 0.935590 0.907632
vt 0.933060 0.908796
vt 0.930768 0.905014
vt 0.933437 0.903752
vt 0.935542 0.913079
vt 0.938444 0.906528
vt 0.928695 0.901411
vt 0.796524 0.920732
vt 0.794577 0.915492
vt 0.773477 0.914049
vt 0.792247 0.910050
vt 0.811106 0.905756
vt 0.770650 0.908646
vt 0.789485 0.904165
vt 0.749368 0.907362
vt 0.767199 0.902682
vt 0.808613 0.899224
vt 0.786291 0.897570
vt 0.805739 0.891751
vt 0.610670 0.988433
vt 0.620305 0.987326
vt 0.632455 0.971212
vt 0.632072 0.977698
vt 0.632412 0.985267
vt 0.647336 0.976213
vt 0.648155 0.982105
vt 0.659191 0.974539
vt 0.659294 0.979684
vt 0.666501 0.978115
vt 0.671328 0.977010
vt 0.675482 0.976096
vt 0.783071 0.949053
vt 0.783863 0.955286
vt 0.749413 0.955880
vt 0.750574 0.961938
vt 0.736829 0.965159
vt 0.765311 0.952292
vt 0.766398 0.958517
vt 0.693582 0.972797
vt 0.727416 0.967308
s 1
f 1/1 4249/2 4250/3 5/4
f 1/1 5086/5 4247/6 4249/2
f 1/1 2/7 4340/8 5086/5
f 1/1 5/4 6/9 2/7
f 2/7 6/9 7/10 3/11
f 2/7 3/11 4339/12 4340/8
f 3/11 4/13 4338/14 4339/12
f 3/11 7/10 8/15 4/13
f 4/13 4331/16 4337/17 4338/14
f 4/13 8/15 9/18 4331/16
f 5/4 4250/3 3821/19 1840/20
f 5/4 1840/20 1842/21 6/9
f 6/9 1842/21 1844/22 7/10
f 7/10 1844/22 1847/23 8/15
f 8/15 1847/23 1851/24 9/18
f 9/18 1851/24 1856/25 10/26
f 9/18 10/26 4330/27 4331/16
f 10/26 11/28 4329/29 4330/27
f 10/26 1856/25 1862/30 11/28
f 11/28 4325/31 4328/32 4329/29
f 11/28 1862/30 1868/33 4325/31
f 12/34 13/35 14/36 1722/37
f 12/34 1827/38 1826/39 13/35
f 12/34 1715/40 1830/41 1827/38
f 12/34 1722/37 1716/42 1715/40
f 13/35 1826/39 1825/43 15/44
f 13/35 15/44 16/45 14/36
f 14/36 16/45 17/46 1727/47
f 14/36 1727/47 1723/48 1722/37
f 15/44 1825/43 1824/49 5130/50
f 15/44 5130/50 18/51 16/45
f 16/45 18/51 19/52 17/46
f 17/46 1731/53 1728/54 1727/47
f 17/46 19/52 20/55 1731/53
f 18/51 1679/56 1678/57 19/52
f 18/51 5130/50 1824/49 1679/56
f 19/52 1678/57 1677/58 20/55
f 20/55 1733/59 1732/60 1731/53
f 20/55 1677/58 5143/61 1733/59
f 21/62 4103/63 4104/64 4105/65
f 21/62 3030/66 3029/67 4103/63
f 21/62 3035/68 3031/69 3030/66
f 21/62 4105/65 22/70 3035/68
f 22/70 4105/65 4107/71 4108/72
f 22/70 3039/73 3036/74 3035/68
f 22/70 4108/72 23/75 3039/73
f 23/75 4108/72 4111/76 4112/77
f 23/75 24/78 3040/79 3039/73
f 23/75 4112/77 25/80 24/78
f 24/78 3042/81 3041/82 3040/79
f 24/78 25/80 26/83 3042/81
f 25/80 4112/77 4116/84 4117/85
f 25/80 4117/85 5061/86 26/83
f 26/83 5061/86 1539/87 4191/88
f 26/83 4191/88 4304/89 3042/81
f 27/90 3364/91 3365/92 29/93
f 27/90 5068/94 3363/95 3364/91
f 27/90 28/96 2684/97 5068/94
f 27/90 29/93 30/98 28/96
f 28/96 4887/99 2685/100 2684/97
f 28/96 30/98 31/101 4887/99
f 29/93 3365/92 3366/102 33/103
f 29/93 33/103 34/104 30/98
f 30/98 34/104 35/105 31/101
f 31/101 35/105 36/106 32/107
f 31/101 32/107 2690/108 4887/99
f 32/107 4888/109 2691/110 2690/108
f 32/107 36/106 37/111 4888/109
f 33/103 3366/102 3361/112 39/113
f 33/103 39/113 40/114 34/104
f 34/104 40/114 41/115 35/105
f 35/105 41/115 42/116 36/106
f 36/106 42/116 43/117 37/111
f 37/111 43/117 44/118 38/119
f 37/111 38/119 2695/120 4888/109
f 38/119 4889/121 2696/122 2695/120
f 38/119 44/118 45/123 4889/121
f 39/113 869/124 870/125 40/114
f 39/113 3361/112 868/126 869/124
f 40/114 870/125 871/127 41/115
f 41/115 871/127 872/128 42/116
f 42/116 872/128 873/129 43/117
f 43/117 873/129 874/130 44/118
f 44/118 874/130 528/131 45/123
f 45/123 528/131 539/132 46/133
f 45/123 46/133 2698/134 4889/121
f 46/133 5113/135 1138/136 2698/134
f 46/133 539/132 550/137 5113/135
f 47/138 4854/139 4855/140 49/141
f 47/138 5065/142 4853/143 4854/139
f 47/138 48/144 4829/145 5065/142
f 47/138 49/141 3141/146 48/144
f 48/144 3141/146 3142/147 3140/148
f 48/144 3140/148 4830/149 4829/145
f 49/141 3143/150 3144/151 3141/146
f 49/141 4855/140 4918/152 3143/150
f 50/153 62/154 53/155 54/156
f 50/153 1542/157 1133/158 62/154
f 50/153 51/159 61/160 1542/157
f 50/153 54/156 1645/161 51/159
f 51/159 1645/161 1638/162 1637/163
f 51/159 1637/163 5133/164 61/160
f 52/165 56/166 57/167 53/155
f 52/165 5067/168 55/169 56/166
f 52/165 1135/170 1137/171 5067/168
f 52/165 53/155 62/154 1135/170
f 53/155 57/167 1651/172 54/156
f 54/156 1651/172 1646/173 1645/161
f 55/169 4639/174 163/175 58/176
f 55/169 5067/168 1137/171 4639/174
f 55/169 58/176 59/177 56/166
f 56/166 59/177 1656/178 57/167
f 57/167 1656/178 1652/179 1651/172
f 58/176 163/175 2922/180 60/181
f 58/176 60/181 1659/182 59/177
f 59/177 1659/182 1657/183 1656/178
f 60/184 2922/185 2923/186 2898/187
f 60/184 2898/187 1660/188 1659/189
f 61/160 4086/190 1131/191 1542/157
f 61/160 5133/164 5135/192 4086/190
f 62/154 1133/158 1134/193 1135/170
f 63/194 3776/195 3775/196 1217/197
f 63/194 1265/198 5066/199 3776/195
f 63/194 64/200 1266/201 1265/198
f 63/194 1217/197 65/202 64/200
f 64/200 1302/203 1268/204 1266/201
f 64/200 65/202 66/205 1302/203
f 65/202 1217/197 1216/206 1224/207
f 65/202 1224/207 69/208 66/205
f 66/205 69/208 70/209 67/210
f 66/205 67/210 1303/211 1302/203
f 67/210 68/212 4705/213 1303/211
f 67/210 70/209 71/214 68/212
f 68/212 1304/215 1277/216 4705/213
f 68/212 71/214 72/217 1304/215
f 69/208 1224/207 1223/218 1229/219
f 69/208 1229/219 74/220 70/209
f 70/209 74/220 75/221 71/214
f 71/214 75/221 76/222 72/217
f 72/217 76/222 77/223 73/224
f 72/217 73/224 1305/225 1304/215
f 73/224 1308/226 1306/227 1305/225
f 73/224 77/223 78/228 1308/226
f 74/220 1232/229 79/230 75/221
f 74/220 1229/219 1228/231 1232/229
f 75/221 79/230 80/232 76/222
f 76/222 80/232 4100/233 77/223
f 77/223 4100/233 4099/234 78/228
f 78/228 4099/234 3402/235 3403/236
f 78/228 3403/236 1309/237 1308/226
f 79/230 5074/238 4098/239 80/232
f 79/230 1232/229 1231/240 5074/238
f 80/232 4098/239 4097/241 4100/233
f 81/242 2777/243 2781/244 82/245
f 81/242 2773/246 2772/247 2777/243
f 81/242 2727/248 2723/249 2773/246
f 81/242 82/245 2731/250 2727/248
f 82/245 2781/244 2784/251 83/252
f 82/245 83/252 2734/253 2731/250
f 83/252 84/254 2737/255 2734/253
f 83/252 2784/251 2787/256 84/254
f 84/254 86/257 2739/258 2737/255
f 84/254 2787/256 85/259 86/257
f 85/259 2788/260 2789/261 87/262
f 85/259 2787/256 2786/263 2788/260
f 85/259 87/262 88/264 86/257
f 86/257 88/264 2741/265 2739/258
f 87/262 2789/261 923/266 3362/267
f 87/262 3362/267 3363/95 88/264
f 88/264 3363/95 5068/94 2741/265
f 89/268 572/269 571/270 582/271
f 89/268 3111/272 3110/273 572/269
f 89/268 90/274 3112/275 3111/272
f 89/268 582/271 592/276 90/274
f 90/274 91/277 3113/278 3112/275
f 90/274 592/276 602/279 91/277
f 91/277 92/280 3115/281 3113/278
f 91/277 602/279 93/282 92/280
f 92/280 4825/283 3117/284 3115/281
f 92/280 93/282 94/285 4825/283
f 93/282 602/279 601/286 611/287
f 93/282 611/287 620/288 94/285
f 94/285 620/288 629/289 95/290
f 94/285 95/290 3119/291 4825/283
f 95/290 629/289 101/292 96/293
f 95/290 96/293 3122/294 3119/291
f 96/293 101/292 102/295 97/296
f 96/293 97/296 3125/297 3122/294
f 97/296 102/295 103/298 98/299
f 97/296 98/299 3128/300 3125/297
f 98/299 99/301 3130/302 3128/300
f 98/299 103/298 104/303 99/301
f 99/301 100/304 3132/305 3130/302
f 99/301 104/303 105/306 100/304
f 100/304 4826/307 3134/308 3132/305
f 100/304 105/306 106/309 4826/307
f 101/292 629/289 628/310 637/311
f 101/292 637/311 645/312 102/295
f 102/295 645/312 653/313 103/298
f 103/298 653/313 113/314 104/303
f 104/303 113/314 114/315 105/306
f 105/306 114/315 115/316 106/309
f 106/309 115/316 116/317 107/318
f 106/309 107/318 3135/319 4826/307
f 107/318 116/317 117/320 108/321
f 107/318 108/321 3137/322 3135/319
f 108/321 117/320 118/323 109/324
f 108/321 109/324 3138/325 3137/322
f 109/324 118/323 119/326 110/327
f 109/324 110/327 3139/328 3138/325
f 110/327 111/329 3906/330 3139/328
f 110/327 119/326 120/331 111/329
f 111/329 112/332 3908/333 3906/330
f 111/329 120/331 121/334 112/332
f 112/332 5111/335 4796/336 3908/333
f 112/332 121/334 122/337 5111/335
f 113/314 653/313 652/338 660/339
f 113/314 660/339 667/340 114/315
f 114/315 667/340 674/341 115/316
f 115/316 674/341 124/342 116/317
f 116/317 124/342 125/343 117/320
f 117/320 125/343 126/344 118/323
f 118/323 126/344 127/345 119/326
f 119/326 127/345 128/346 120/331
f 120/331 128/346 129/347 121/334
f 121/334 129/347 130/348 122/337
f 122/337 130/348 131/349 123/350
f 122/337 123/350 4775/351 5111/335
f 123/350 1026/352 4776/353 4775/351
f 123/350 131/349 132/354 1026/352
f 124/342 674/341 673/355 680/356
f 124/342 680/356 686/357 125/343
f 125/343 686/357 692/358 126/344
f 126/344 692/358 134/359 127/345
f 127/345 134/359 135/360 128/346
f 128/346 135/360 136/361 129/347
f 129/347 136/361 137/362 130/348
f 130/348 137/362 138/363 131/349
f 131/349 138/363 139/364 132/354
f 132/354 139/364 140/365 133/366
f 132/354 133/366 1027/367 1026/352
f 133/366 1035/368 1028/369 1027/367
f 133/366 140/365 141/370 1035/368
f 134/359 692/358 691/371 697/372
f 134/359 697/372 702/373 135/360
f 135/360 702/373 707/374 136/361
f 136/361 707/374 142/375 137/362
f 137/362 142/375 143/376 138/363
f 138/363 143/376 144/377 139/364
f 139/364 144/377 145/378 140/365
f 140/365 145/378 146/379 141/370
f 141/370 146/379 147/380 1042/381
f 141/370 1042/381 1036/382 1035/368
f 142/375 707/374 706/383 711/384
f 142/375 711/384 715/385 143/376
f 143/376 715/385 719/386 144/377
f 144/377 719/386 149/387 145/378
f 145/378 149/387 150/388 146/379
f 146/379 150/388 151/389 147/380
f 147/380 151/389 152/390 148/391
f 147/380 148/391 1043/392 1042/381
f 148/391 1049/393 1044/394 1043/392
f 148/391 152/390 153/395 1049/393
f 149/387 719/386 718/396 722/397
f 149/387 722/397 725/398 150/388
f 150/388 725/398 728/399 151/389
f 151/389 728/399 155/400 152/390
f 152/390 155/400 156/401 153/395
f 153/395 156/401 157/402 154/403
f 153/395 154/403 1050/404 1049/393
f 154/403 1054/405 1051/406 1050/404
f 154/403 157/402 158/407 1054/405
f 155/400 728/399 727/408 730/409
f 155/400 730/409 732/410 156/401
f 156/401 732/410 734/411 157/402
f 157/402 734/411 159/412 158/407
f 158/407 1058/413 1055/414 1054/405
f 158/407 159/412 160/415 1058/413
f 159/412 734/411 733/416 735/417
f 159/412 735/417 736/418 160/415
f 160/415 736/418 737/419 161/420
f 160/415 161/420 1059/421 1058/413
f 161/420 1061/422 1060/423 1059/421
f 161/420 737/419 162/424 1061/422
f 162/424 4987/425 4988/426 1063/427
f 162/424 737/419 4986/428 4987/425
f 162/424 1063/427 1062/429 1061/422
f 163/175 5113/135 3109/430 2922/180
f 163/175 4639/174 1138/136 5113/135
f 164/431 165/432 4662/433 4663/434
f 164/431 172/435 173/436 165/432
f 164/431 5110/437 4758/438 172/435
f 164/431 4663/434 4664/439 5110/437
f 165/432 166/440 4661/441 4662/433
f 165/432 173/436 174/442 166/440
f 166/440 167/443 4660/444 4661/441
f 166/440 174/442 175/445 167/443
f 167/443 168/446 4659/447 4660/444
f 167/443 175/445 176/448 168/446
f 168/446 176/448 177/449 169/450
f 168/446 169/450 4658/451 4659/447
f 169/450 177/449 178/452 170/453
f 169/450 170/453 4657/454 4658/451
f 170/453 178/452 3501/455 171/456
f 170/453 171/456 4656/457 4657/454
f 171/456 3501/455 3496/458 3495/459
f 171/456 3495/459 4655/460 4656/457
f 172/435 179/461 180/462 173/436
f 172/435 4758/438 4759/463 179/461
f 173/436 180/462 181/464 174/442
f 174/442 181/464 182/465 175/445
f 175/445 182/465 183/466 176/448
f 176/448 183/466 184/467 177/449
f 177/449 184/467 3506/468 178/452
f 178/452 3506/468 3502/469 3501/455
f 179/461 4759/463 4760/470 4898/471
f 179/461 4898/471 185/472 180/462
f 180/462 185/472 186/473 181/464
f 181/464 186/473 187/474 182/465
f 182/465 187/474 188/475 183/466
f 183/466 188/475 3510/476 184/467
f 184/467 3510/476 3507/477 3506/468
f 185/472 189/478 190/479 186/473
f 185/472 4898/471 2129/480 189/478
f 186/473 190/479 191/481 187/474
f 187/474 191/481 3513/482 188/475
f 188/475 3513/482 3511/483 3510/476
f 189/478 192/484 193/485 190/479
f 189/478 2129/480 4748/486 192/484
f 190/479 193/485 3515/487 191/481
f 191/481 3515/487 3514/488 3513/482
f 192/484 4748/486 4134/489 5126/490
f 192/484 5126/490 1774/491 193/485
f 193/485 1774/491 1764/492 3515/487
f 194/493 5140/494 5002/495 5003/496
f 194/493 1393/497 5151/498 5140/494
f 194/493 4877/499 4876/500 1393/497
f 194/493 5003/496 5134/501 4877/499
f 195/502 3717/503 3716/504 2846/505
f 195/502 3428/506 5091/507 3717/503
f 195/502 995/508 3429/509 3428/506
f 195/502 2846/505 196/510 995/508
f 196/510 198/511 199/512 197/513
f 196/510 2846/505 2847/514 198/511
f 196/510 197/513 996/515 995/508
f 197/513 997/516 3437/517 996/515
f 197/513 199/512 200/518 997/516
f 198/511 2847/514 2848/519 2849/520
f 198/511 2849/520 202/521 199/512
f 199/512 202/521 203/522 200/518
f 200/518 203/522 204/523 201/524
f 200/518 201/524 998/525 997/516
f 201/524 1000/526 999/527 998/525
f 201/524 204/523 205/528 1000/526
f 202/521 2849/520 2851/529 2852/530
f 202/521 2852/530 207/531 203/522
f 203/522 207/531 208/532 204/523
f 204/523 208/532 209/533 205/528
f 205/528 209/533 210/534 206/535
f 205/528 206/535 1001/536 1000/526
f 206/535 1004/537 1002/538 1001/536
f 206/535 210/534 211/539 1004/537
f 207/531 212/540 213/541 208/532
f 207/531 2852/530 2855/542 212/540
f 208/532 213/541 214/543 209/533
f 209/533 214/543 215/544 210/534
f 210/534 215/544 4087/545 211/539
f 211/539 4087/545 4088/546 5127/547
f 211/539 5127/547 1005/548 1004/537
f 212/540 2855/542 2858/549 2859/550
f 212/540 2859/550 216/551 213/541
f 213/541 216/551 217/552 214/543
f 214/543 217/552 4090/553 215/544
f 215/544 4090/553 4091/554 4087/545
f 216/551 5122/555 3029/67 217/552
f 216/551 2859/550 3020/556 5122/555
f 217/552 3029/67 3030/66 4090/553
f 218/557 4775/351 4776/353 3796/558
f 218/557 3548/559 5111/335 4775/351
f 218/557 219/560 3549/561 3548/559
f 218/557 3796/558 221/562 219/560
f 219/560 220/563 3550/564 3549/561
f 219/560 221/562 222/565 220/563
f 220/563 3558/566 3551/567 3550/564
f 220/563 222/565 223/568 3558/566
f 221/562 226/569 227/570 222/565
f 221/562 3796/558 3797/571 226/569
f 222/565 227/570 228/572 223/568
f 223/568 228/572 229/573 224/574
f 223/568 224/574 3559/575 3558/566
f 224/574 225/576 3560/577 3559/575
f 224/574 229/573 230/578 225/576
f 225/576 3565/579 3561/580 3560/577
f 225/576 230/578 231/581 3565/579
f 226/569 3797/571 3798/582 3790/583
f 226/569 3790/583 234/584 227/570
f 227/570 234/584 235/585 228/572
f 228/572 235/585 236/586 229/573
f 229/573 236/586 237/587 230/578
f 230/578 237/587 238/588 231/581
f 231/581 238/588 239/589 232/590
f 231/581 232/590 3566/591 3565/579
f 232/590 239/589 240/592 233/593
f 232/590 233/593 3567/594 3566/591
f 233/593 5150/595 3568/596 3567/594
f 233/593 240/592 777/597 5150/595
f 234/584 241/598 242/599 235/585
f 234/584 3790/583 3791/600 241/598
f 235/585 242/599 243/601 236/586
f 236/586 243/601 244/602 237/587
f 237/587 244/602 245/603 238/588
f 238/588 245/603 246/604 239/589
f 239/589 246/604 4831/605 240/592
f 240/592 4831/605 776/606 777/597
f 241/598 3791/600 3792/607 3786/608
f 241/598 3786/608 247/609 242/599
f 242/599 247/609 248/610 243/601
f 243/601 248/610 249/611 244/602
f 244/602 249/611 250/612 245/603
f 245/603 250/612 251/613 246/604
f 246/604 251/613 766/614 4831/605
f 247/609 3786/608 3787/615 3783/616
f 247/609 3783/616 252/617 248/610
f 248/610 252/617 253/618 249/611
f 249/611 253/618 254/619 250/612
f 250/612 254/619 4832/620 251/613
f 251/613 4832/620 765/621 766/614
f 252/617 255/622 256/623 253/618
f 252/617 3783/616 3784/624 255/622
f 253/618 256/623 978/625 254/619
f 254/619 978/625 758/626 4832/620
f 255/622 3784/624 3785/627 3782/628
f 255/622 3782/628 257/629 256/623
f 256/623 257/629 4833/630 978/625
f 257/629 979/631 753/632 4833/630
f 257/629 3782/628 3603/633 979/631
f 258/634 2926/635 2927/636 2958/637
f 258/634 259/638 2959/639 2926/635
f 258/634 3720/640 3721/641 259/638
f 258/634 2958/637 3082/642 3720/640
f 259/638 260/643 2960/644 2959/639
f 259/638 3721/641 3722/645 260/643
f 260/643 261/646 262/647 2960/644
f 260/643 3722/645 3724/648 261/646
f 261/646 263/649 264/650 262/647
f 261/646 3724/648 3726/651 263/649
f 262/647 264/650 2964/652 2962/653
f 262/647 2962/653 2961/654 2960/644
f 263/649 265/655 266/656 264/650
f 263/649 3726/651 3728/657 265/655
f 264/650 266/656 5116/658 2964/652
f 265/655 4813/659 4814/660 266/656
f 265/655 3728/657 5129/661 4813/659
f 266/656 4814/660 4815/662 5116/658
f 267/663 1264/664 1263/665 5144/666
f 267/663 1606/667 1506/668 1264/664
f 267/663 268/669 1605/670 1606/667
f 267/663 5144/666 270/671 268/669
f 268/669 270/671 271/672 269/673
f 268/669 269/673 1604/674 1605/670
f 269/673 1600/675 1603/676 1604/674
f 269/673 271/672 272/677 1600/675
f 270/671 3973/678 3974/679 271/672
f 270/671 5144/666 2804/680 3973/678
f 271/672 3974/679 3975/681 272/677
f 272/677 273/682 1599/683 1600/675
f 272/677 3975/681 3976/684 273/682
f 273/682 274/685 1598/686 1599/683
f 273/682 3976/684 3977/687 274/685
f 274/685 1596/688 1597/689 1598/686
f 274/685 3977/687 3978/690 1596/688
f 275/691 277/692 3774/693 3775/196
f 275/691 4541/694 276/695 277/692
f 275/691 4536/696 4535/697 4541/694
f 275/691 3775/196 3776/195 4536/696
f 276/695 279/698 280/699 277/692
f 276/695 4545/700 278/701 279/698
f 276/695 4541/694 4540/702 4545/700
f 277/692 280/699 3773/703 3774/693
f 278/701 4548/704 281/705 282/706
f 278/701 4545/700 4544/707 4548/704
f 278/701 282/706 283/708 279/698
f 279/698 283/708 3766/709 280/699
f 280/699 3766/709 3772/710 3773/703
f 281/705 4550/711 284/712 285/713
f 281/705 4548/704 4547/714 4550/711
f 281/705 285/713 286/715 282/706
f 282/706 286/715 287/716 283/708
f 283/708 287/716 3765/717 3766/709
f 284/712 4551/718 288/719 289/720
f 284/712 4550/711 4549/721 4551/718
f 284/712 289/720 290/722 285/713
f 285/713 290/722 291/723 286/715
f 286/715 291/723 292/724 287/716
f 287/716 292/724 3764/725 3765/717
f 288/719 3649/726 5091/507 293/727
f 288/719 4551/718 3647/728 3649/726
f 288/719 293/727 294/729 289/720
f 289/720 294/729 295/730 290/722
f 290/722 295/730 296/731 291/723
f 291/723 296/731 297/732 292/724
f 292/724 297/732 3763/733 3764/725
f 293/727 3404/734 298/735 294/729
f 293/727 5091/507 3428/506 3404/734
f 294/729 298/735 299/736 295/730
f 295/730 299/736 300/737 296/731
f 296/731 300/737 301/738 297/732
f 297/732 301/738 3762/739 3763/733
f 298/735 3404/734 4761/740 3405/741
f 298/735 3405/741 3406/742 299/736
f 299/736 3406/742 302/743 300/737
f 300/737 302/743 3760/744 301/738
f 301/738 3760/744 3761/745 3762/739
f 302/743 3406/742 3408/746 3409/747
f 302/743 3409/747 3379/748 3760/744
f 303/749 333/750 331/751 330/752
f 303/749 304/753 3738/754 333/750
f 303/749 1662/755 1664/756 304/753
f 303/749 330/752 1661/757 1662/755
f 304/753 305/758 955/759 3738/754
f 304/753 1664/756 1666/760 305/758
f 305/758 306/761 956/762 955/759
f 305/758 1666/760 1669/763 306/761
f 306/761 1006/764 958/765 956/762
f 306/761 1669/763 1672/766 1006/764
f 307/767 5138/768 5155/769 3253/770
f 307/767 4856/771 4857/772 5138/768
f 307/767 308/773 5037/774 4856/771
f 307/767 3253/770 3247/775 308/773
f 308/773 3247/775 3239/776 309/777
f 308/773 309/777 5038/778 5037/774
f 309/777 3239/776 3232/779 310/780
f 309/777 310/780 5039/781 5038/778
f 310/780 3232/779 3227/782 3226/783
f 310/780 3226/783 5040/784 5039/781
f 311/785 314/786 315/787 312/788
f 311/785 4824/789 313/790 314/786
f 311/785 5135/192 4133/791 4824/789
f 311/785 312/788 5156/792 5135/192
f 312/788 2678/793 2679/794 5156/792
f 312/788 315/787 4734/795 2678/793
f 313/790 317/796 318/797 314/786
f 313/790 4823/798 316/799 317/796
f 313/790 4824/789 4131/800 4823/798
f 314/786 318/797 319/801 315/787
f 315/787 319/801 320/802 4734/795
f 316/799 1680/803 1681/804 317/796
f 316/799 5069/805 4122/806 1680/803
f 316/799 4823/798 4128/807 5069/805
f 317/796 1681/804 321/808 318/797
f 318/797 321/808 322/809 319/801
f 319/801 322/809 323/810 320/802
f 320/802 2680/811 2681/812 4734/795
f 320/802 323/810 4733/813 2680/811
f 321/808 1684/814 1685/815 322/809
f 321/808 1681/804 1683/816 1684/814
f 322/809 1685/815 324/817 323/810
f 323/810 324/817 325/818 4733/813
f 324/817 1685/815 1689/819 1690/820
f 324/817 1690/820 1691/821 325/818
f 325/818 1691/821 5068/94 2684/97
f 325/818 2684/97 2685/100 4733/813
f 326/822 327/823 2120/824 2119/825
f 326/822 330/752 331/751 327/823
f 326/822 5100/826 1661/757 330/752
f 326/822 2119/825 4737/827 5100/826
f 327/823 328/828 2121/829 2120/824
f 327/823 331/751 332/830 328/828
f 328/828 332/830 3734/831 329/832
f 328/828 329/832 2122/833 2121/829
f 329/832 3734/831 3735/834 3733/835
f 329/832 3733/835 2123/836 2122/833
f 331/751 333/750 3736/837 332/830
f 332/830 3736/837 3737/838 3734/831
f 333/750 3738/754 3739/839 3736/837
f 334/840 335/841 3320/842 3319/843
f 334/840 854/844 855/845 335/841
f 334/840 3329/846 339/847 854/844
f 334/840 3319/843 3318/848 3329/846
f 335/841 855/845 856/849 852/850
f 335/841 852/850 3321/851 3320/842
f 336/852 3334/853 342/854 343/855
f 336/852 3326/856 3325/857 3334/853
f 336/852 337/858 3327/859 3326/856
f 336/852 343/855 344/860 337/858
f 337/858 338/861 3328/862 3327/859
f 337/858 344/860 345/863 338/861
f 338/861 345/863 857/864 339/847
f 338/861 339/847 3329/846 3328/862
f 339/847 857/864 858/865 854/844
f 340/866 341/867 3333/868 3332/869
f 340/866 350/870 351/871 341/867
f 340/866 3337/872 349/873 350/870
f 340/866 3332/869 3331/874 3337/872
f 341/867 351/871 352/875 342/854
f 341/867 342/854 3334/853 3333/868
f 342/854 352/875 353/876 343/855
f 343/855 353/876 859/877 344/860
f 344/860 859/877 860/878 345/863
f 345/863 860/878 887/879 857/864
f 346/880 4310/881 354/882 355/883
f 346/880 3275/884 3274/885 4310/881
f 346/880 347/886 3335/887 3275/884
f 346/880 355/883 356/888 347/886
f 347/886 356/888 357/889 348/890
f 347/886 348/890 3336/891 3335/887
f 348/890 357/889 358/892 349/873
f 348/890 349/873 3337/872 3336/891
f 349/873 358/892 359/893 350/870
f 350/870 359/893 360/894 351/871
f 351/871 360/894 361/895 352/875
f 352/875 361/895 861/896 353/876
f 353/876 861/896 892/897 859/877
f 354/882 4313/898 4317/899 362/900
f 354/882 4310/881 4309/901 4313/898
f 354/882 362/900 363/902 355/883
f 355/883 363/902 364/903 356/888
f 356/888 364/903 365/904 357/889
f 357/889 365/904 366/905 358/892
f 358/892 366/905 367/906 359/893
f 359/893 367/906 862/907 360/894
f 360/894 862/907 897/908 361/895
f 361/895 897/908 898/909 861/896
f 362/900 369/910 370/911 363/902
f 362/900 4317/899 368/912 369/910
f 363/902 370/911 371/913 364/903
f 364/903 371/913 372/914 365/904
f 365/904 372/914 863/915 366/905
f 366/905 863/915 864/916 367/906
f 367/906 864/916 901/917 862/907
f 368/912 4318/918 4320/919 373/920
f 368/912 4317/899 4315/921 4318/918
f 368/912 373/920 374/922 369/910
f 369/910 374/922 375/923 370/911
f 370/911 375/923 376/924 371/913
f 371/913 376/924 865/925 372/914
f 372/914 865/925 904/926 863/915
f 373/920 378/927 379/928 374/922
f 373/920 4320/919 377/929 378/927
f 374/922 379/928 866/930 375/923
f 375/923 866/930 906/931 376/924
f 376/924 906/931 907/932 865/925
f 377/929 4321/933 4322/934 380/935
f 377/929 4320/919 4319/936 4321/933
f 377/929 380/935 381/937 378/927
f 378/927 381/937 908/938 379/928
f 379/928 908/938 4672/939 866/930
f 380/935 909/940 383/941 381/937
f 380/935 4322/934 382/942 909/940
f 381/937 383/941 384/943 908/938
f 382/942 4867/944 5081/945 4925/946
f 382/942 4322/934 4866/947 4867/944
f 382/942 4925/946 4926/948 909/940
f 383/941 4927/949 4928/950 384/943
f 383/941 909/940 4926/948 4927/949
f 384/943 385/951 4672/939 908/938
f 384/943 4928/950 4929/952 385/951
f 385/951 386/953 387/954 4672/939
f 385/951 4929/952 4930/955 386/953
f 386/953 388/956 389/957 387/954
f 386/953 4930/955 4931/958 388/956
f 387/954 389/957 907/932 906/931
f 387/954 906/931 866/930 4672/939
f 388/956 390/959 391/960 389/957
f 388/956 4931/958 4932/961 390/959
f 389/957 391/960 392/962 907/932
f 390/959 393/963 394/964 391/960
f 390/959 4932/961 4933/965 393/963
f 391/960 394/964 395/966 392/962
f 392/962 904/926 865/925 907/932
f 392/962 395/966 905/967 904/926
f 393/963 396/968 397/969 394/964
f 393/963 4933/965 4934/970 396/968
f 394/964 397/969 398/971 395/966
f 395/966 398/971 4673/972 905/967
f 396/968 399/973 400/974 397/969
f 396/968 4934/970 4935/975 399/973
f 397/969 400/974 401/976 398/971
f 398/971 401/976 402/977 4673/972
f 399/973 403/978 404/979 400/974
f 399/973 4935/975 4936/980 403/978
f 400/974 404/979 405/981 401/976
f 401/976 405/981 406/982 402/977
f 402/977 406/982 903/983 902/984
f 402/977 902/984 901/917 4673/972
f 403/978 407/985 408/986 404/979
f 403/978 4936/980 4937/987 407/985
f 404/979 408/986 409/988 405/981
f 405/981 409/988 410/989 406/982
f 406/982 410/989 411/990 903/983
f 407/985 412/991 413/992 408/986
f 407/985 4937/987 4938/993 412/991
f 408/986 413/992 414/994 409/988
f 409/988 414/994 415/995 410/989
f 410/989 415/995 416/996 411/990
f 411/990 899/997 898/909 903/983
f 411/990 416/996 900/998 899/997
f 412/991 417/999 418/1000 413/992
f 412/991 4938/993 4939/1001 417/999
f 413/992 418/1000 419/1002 414/994
f 414/994 419/1002 420/1003 415/995
f 415/995 420/1003 421/1004 416/996
f 416/996 421/1004 4674/1005 900/998
f 417/999 422/1006 423/1007 418/1000
f 417/999 4939/1001 4940/1008 422/1006
f 418/1000 423/1007 424/1009 419/1002
f 419/1002 424/1009 425/1010 420/1003
f 420/1003 425/1010 426/1011 421/1004
f 421/1004 426/1011 427/1012 4674/1005
f 422/1006 428/1013 429/1014 423/1007
f 422/1006 4940/1008 4941/1015 428/1013
f 423/1007 429/1014 430/1016 424/1009
f 424/1009 430/1016 431/1017 425/1010
f 425/1010 431/1017 432/1018 426/1011
f 426/1011 432/1018 433/1019 427/1012
f 427/1012 433/1019 896/1020 895/1021
f 427/1012 895/1021 894/1022 4674/1005
f 428/1013 434/1023 435/1024 429/1014
f 428/1013 4941/1015 4942/1025 434/1023
f 429/1014 435/1024 436/1026 430/1016
f 430/1016 436/1026 437/1027 431/1017
f 431/1017 437/1027 438/1028 432/1018
f 432/1018 438/1028 439/1029 433/1019
f 433/1019 439/1029 440/1030 896/1020
f 434/1023 441/1031 442/1032 435/1024
f 434/1023 4942/1025 4943/1033 441/1031
f 435/1024 442/1032 443/1034 436/1026
f 436/1026 443/1034 444/1035 437/1027
f 437/1027 444/1035 445/1036 438/1028
f 438/1028 445/1036 446/1037 439/1029
f 439/1029 446/1037 447/1038 440/1030
f 440/1030 890/1039 889/1040 896/1020
f 440/1030 447/1038 891/1041 890/1039
f 441/1031 448/1042 449/1043 442/1032
f 441/1031 4943/1033 4944/1044 448/1042
f 442/1032 449/1043 450/1045 443/1034
f 443/1034 450/1045 451/1046 444/1035
f 444/1035 451/1046 452/1047 445/1036
f 445/1036 452/1047 453/1048 446/1037
f 446/1037 453/1048 454/1049 447/1038
f 447/1038 454/1049 4675/1050 891/1041
f 448/1042 455/1051 456/1052 449/1043
f 448/1042 4944/1044 4945/1053 455/1051
f 449/1043 456/1052 457/1054 450/1045
f 450/1045 457/1054 458/1055 451/1046
f 451/1046 458/1055 459/1056 452/1047
f 452/1047 459/1056 460/1057 453/1048
f 453/1048 460/1057 461/1058 454/1049
f 454/1049 461/1058 462/1059 4675/1050
f 455/1051 463/1060 464/1061 456/1052
f 455/1051 4945/1053 4946/1062 463/1060
f 456/1052 464/1061 465/1063 457/1054
f 457/1054 465/1063 466/1064 458/1055
f 458/1055 466/1064 467/1065 459/1056
f 459/1056 467/1065 468/1066 460/1057
f 460/1057 468/1066 469/1067 461/1058
f 461/1058 469/1067 470/1068 462/1059
f 462/1059 470/1068 886/1069 885/1070
f 462/1059 885/1070 884/1071 4675/1050
f 463/1060 471/1072 472/1073 464/1061
f 463/1060 4946/1062 4947/1074 471/1072
f 464/1061 472/1073 473/1075 465/1063
f 465/1063 473/1075 474/1076 466/1064
f 466/1064 474/1076 475/1077 467/1065
f 467/1065 475/1077 476/1078 468/1066
f 468/1066 476/1078 477/1079 469/1067
f 469/1067 477/1079 478/1080 470/1068
f 470/1068 478/1080 479/1081 886/1069
f 471/1072 480/1082 481/1083 472/1073
f 471/1072 4947/1074 4948/1084 480/1082
f 472/1073 481/1083 482/1085 473/1075
f 473/1075 482/1085 483/1086 474/1076
f 474/1076 483/1086 484/1087 475/1077
f 475/1077 484/1087 485/1088 476/1078
f 476/1078 485/1088 486/1089 477/1079
f 477/1079 486/1089 487/1090 478/1080
f 478/1080 487/1090 488/1091 479/1081
f 479/1081 879/1092 878/1093 886/1069
f 479/1081 488/1091 880/1094 879/1092
f 480/1082 489/1095 490/1096 481/1083
f 480/1082 4948/1084 4949/1097 489/1095
f 481/1083 490/1096 491/1098 482/1085
f 482/1085 491/1098 492/1099 483/1086
f 483/1086 492/1099 493/1100 484/1087
f 484/1087 493/1100 494/1101 485/1088
f 485/1088 494/1101 495/1102 486/1089
f 486/1089 495/1102 496/1103 487/1090
f 487/1090 496/1103 497/1104 488/1091
f 488/1091 497/1104 4676/1105 880/1094
f 489/1095 498/1106 499/1107 490/1096
f 489/1095 4949/1097 4950/1108 498/1106
f 490/1096 499/1107 500/1109 491/1098
f 491/1098 500/1109 501/1110 492/1099
f 492/1099 501/1110 502/1111 493/1100
f 493/1100 502/1111 503/1112 494/1101
f 494/1101 503/1112 504/1113 495/1102
f 495/1102 504/1113 505/1114 496/1103
f 496/1103 505/1114 506/1115 497/1104
f 497/1104 506/1115 507/1116 4676/1105
f 498/1106 508/1117 509/1118 499/1107
f 498/1106 4950/1108 4951/1119 508/1117
f 499/1107 509/1118 510/1120 500/1109
f 500/1109 510/1120 511/1121 501/1110
f 501/1110 511/1121 512/1122 502/1111
f 502/1111 512/1122 513/1123 503/1112
f 503/1112 513/1123 514/1124 504/1113
f 504/1113 514/1124 515/1125 505/1114
f 505/1114 515/1125 516/1126 506/1115
f 506/1115 516/1126 517/1127 507/1116
f 507/1116 517/1127 874/130 873/129
f 507/1116 873/129 872/128 4676/1105
f 508/1117 518/1128 519/1129 509/1118
f 508/1117 4951/1119 4952/1130 518/1128
f 509/1118 519/1129 520/1131 510/1120
f 510/1120 520/1131 521/1132 511/1121
f 511/1121 521/1132 522/1133 512/1122
f 512/1122 522/1133 523/1134 513/1123
f 513/1123 523/1134 524/1135 514/1124
f 514/1124 524/1135 525/1136 515/1125
f 515/1125 525/1136 526/1137 516/1126
f 516/1126 526/1137 527/1138 517/1127
f 517/1127 527/1138 528/131 874/130
f 518/1128 529/1139 530/1140 519/1129
f 518/1128 4952/1130 4953/1141 529/1139
f 519/1129 530/1140 531/1142 520/1131
f 520/1131 531/1142 532/1143 521/1132
f 521/1132 532/1143 533/1144 522/1133
f 522/1133 533/1144 534/1145 523/1134
f 523/1134 534/1145 535/1146 524/1135
f 524/1135 535/1146 536/1147 525/1136
f 525/1136 536/1147 537/1148 526/1137
f 526/1137 537/1148 538/1149 527/1138
f 527/1138 538/1149 539/132 528/131
f 529/1139 540/1150 541/1151 530/1140
f 529/1139 4953/1141 4954/1152 540/1150
f 530/1140 541/1151 542/1153 531/1142
f 531/1142 542/1153 543/1154 532/1143
f 532/1143 543/1154 544/1155 533/1144
f 533/1144 544/1155 545/1156 534/1145
f 534/1145 545/1156 546/1157 535/1146
f 535/1146 546/1157 547/1158 536/1147
f 536/1147 547/1158 548/1159 537/1148
f 537/1148 548/1159 549/1160 538/1149
f 538/1149 549/1160 550/137 539/132
f 540/1150 551/1161 552/1162 541/1151
f 540/1150 4954/1152 4955/1163 551/1161
f 541/1151 552/1162 553/1164 542/1153
f 542/1153 553/1164 554/1165 543/1154
f 543/1154 554/1165 555/1166 544/1155
f 544/1155 555/1166 556/1167 545/1156
f 545/1156 556/1167 557/1168 546/1157
f 546/1157 557/1168 558/1169 547/1158
f 547/1158 558/1169 559/1170 548/1159
f 548/1159 559/1170 560/1171 549/1160
f 549/1160 560/1171 561/1172 550/137
f 550/137 561/1172 3109/430 5113/135
f 551/1173 562/1174 563/1175 552/1176
f 551/1173 4955/1177 4956/1178 562/1174
f 552/1176 563/1175 564/1179 553/1180
f 553/1180 564/1179 565/1181 554/1182
f 554/1182 565/1181 566/1183 555/1184
f 555/1184 566/1183 567/1185 556/1186
f 556/1186 567/1185 568/1187 557/1188
f 557/1188 568/1187 569/1189 558/1190
f 558/1190 569/1189 570/1191 559/1192
f 559/1192 570/1191 571/270 560/1193
f 560/1193 571/270 572/269 561/1194
f 561/1194 572/269 3110/273 3109/1195
f 562/1174 573/1196 574/1197 563/1175
f 562/1174 4956/1178 4957/1198 573/1196
f 563/1175 574/1197 575/1199 564/1179
f 564/1179 575/1199 576/1200 565/1181
f 565/1181 576/1200 577/1201 566/1183
f 566/1183 577/1201 578/1202 567/1185
f 567/1185 578/1202 579/1203 568/1187
f 568/1187 579/1203 580/1204 569/1189
f 569/1189 580/1204 581/1205 570/1191
f 570/1191 581/1205 582/271 571/270
f 573/1196 583/1206 584/1207 574/1197
f 573/1196 4957/1198 4958/1208 583/1206
f 574/1197 584/1207 585/1209 575/1199
f 575/1199 585/1209 586/1210 576/1200
f 576/1200 586/1210 587/1211 577/1201
f 577/1201 587/1211 588/1212 578/1202
f 578/1202 588/1212 589/1213 579/1203
f 579/1203 589/1213 590/1214 580/1204
f 580/1204 590/1214 591/1215 581/1205
f 581/1205 591/1215 592/276 582/271
f 583/1206 593/1216 594/1217 584/1207
f 583/1206 4958/1208 4959/1218 593/1216
f 584/1207 594/1217 595/1219 585/1209
f 585/1209 595/1219 596/1220 586/1210
f 586/1210 596/1220 597/1221 587/1211
f 587/1211 597/1221 598/1222 588/1212
f 588/1212 598/1222 599/1223 589/1213
f 589/1213 599/1223 600/1224 590/1214
f 590/1214 600/1224 601/286 591/1215
f 591/1215 601/286 602/279 592/276
f 593/1216 603/1225 604/1226 594/1217
f 593/1216 4959/1218 4960/1227 603/1225
f 594/1217 604/1226 605/1228 595/1219
f 595/1219 605/1228 606/1229 596/1220
f 596/1220 606/1229 607/1230 597/1221
f 597/1221 607/1230 608/1231 598/1222
f 598/1222 608/1231 609/1232 599/1223
f 599/1223 609/1232 610/1233 600/1224
f 600/1224 610/1233 611/287 601/286
f 603/1225 612/1234 613/1235 604/1226
f 603/1225 4960/1227 4961/1236 612/1234
f 604/1226 613/1235 614/1237 605/1228
f 605/1228 614/1237 615/1238 606/1229
f 606/1229 615/1238 616/1239 607/1230
f 607/1230 616/1239 617/1240 608/1231
f 608/1231 617/1240 618/1241 609/1232
f 609/1232 618/1241 619/1242 610/1233
f 610/1233 619/1242 620/288 611/287
f 612/1234 621/1243 622/1244 613/1235
f 612/1234 4961/1236 4962/1245 621/1243
f 613/1235 622/1244 623/1246 614/1237
f 614/1237 623/1246 624/1247 615/1238
f 615/1238 624/1247 625/1248 616/1239
f 616/1239 625/1248 626/1249 617/1240
f 617/1240 626/1249 627/1250 618/1241
f 618/1241 627/1250 628/310 619/1242
f 619/1242 628/310 629/289 620/288
f 621/1243 630/1251 631/1252 622/1244
f 621/1243 4962/1245 4963/1253 630/1251
f 622/1244 631/1252 632/1254 623/1246
f 623/1246 632/1254 633/1255 624/1247
f 624/1247 633/1255 634/1256 625/1248
f 625/1248 634/1256 635/1257 626/1249
f 626/1249 635/1257 636/1258 627/1250
f 627/1250 636/1258 637/311 628/310
f 630/1251 638/1259 639/1260 631/1252
f 630/1251 4963/1253 4964/1261 638/1259
f 631/1252 639/1260 640/1262 632/1254
f 632/1254 640/1262 641/1263 633/1255
f 633/1255 641/1263 642/1264 634/1256
f 634/1256 642/1264 643/1265 635/1257
f 635/1257 643/1265 644/1266 636/1258
f 636/1258 644/1266 645/312 637/311
f 638/1259 646/1267 647/1268 639/1260
f 638/1259 4964/1261 4965/1269 646/1267
f 639/1260 647/1268 648/1270 640/1262
f 640/1262 648/1270 649/1271 641/1263
f 641/1263 649/1271 650/1272 642/1264
f 642/1264 650/1272 651/1273 643/1265
f 643/1265 651/1273 652/338 644/1266
f 644/1266 652/338 653/313 645/312
f 646/1267 654/1274 655/1275 647/1268
f 646/1267 4965/1269 4966/1276 654/1274
f 647/1268 655/1275 656/1277 648/1270
f 648/1270 656/1277 657/1278 649/1271
f 649/1271 657/1278 658/1279 650/1272
f 650/1272 658/1279 659/1280 651/1273
f 651/1273 659/1280 660/339 652/338
f 654/1274 661/1281 662/1282 655/1275
f 654/1274 4966/1276 4967/1283 661/1281
f 655/1275 662/1282 663/1284 656/1277
f 656/1277 663/1284 664/1285 657/1278
f 657/1278 664/1285 665/1286 658/1279
f 658/1279 665/1286 666/1287 659/1280
f 659/1280 666/1287 667/340 660/339
f 661/1281 668/1288 669/1289 662/1282
f 661/1281 4967/1283 4968/1290 668/1288
f 662/1282 669/1289 670/1291 663/1284
f 663/1284 670/1291 671/1292 664/1285
f 664/1285 671/1292 672/1293 665/1286
f 665/1286 672/1293 673/355 666/1287
f 666/1287 673/355 674/341 667/340
f 668/1288 675/1294 676/1295 669/1289
f 668/1288 4968/1290 4969/1296 675/1294
f 669/1289 676/1295 677/1297 670/1291
f 670/1291 677/1297 678/1298 671/1292
f 671/1292 678/1298 679/1299 672/1293
f 672/1293 679/1299 680/356 673/355
f 675/1294 681/1300 682/1301 676/1295
f 675/1294 4969/1296 4970/1302 681/1300
f 676/1295 682/1301 683/1303 677/1297
f 677/1297 683/1303 684/1304 678/1298
f 678/1298 684/1304 685/1305 679/1299
f 679/1299 685/1305 686/357 680/356
f 681/1300 687/1306 688/1307 682/1301
f 681/1300 4970/1302 4971/1308 687/1306
f 682/1301 688/1307 689/1309 683/1303
f 683/1303 689/1309 690/1310 684/1304
f 684/1304 690/1310 691/371 685/1305
f 685/1305 691/371 692/358 686/357
f 687/1306 693/1311 694/1312 688/1307
f 687/1306 4971/1308 4972/1313 693/1311
f 688/1307 694/1312 695/1314 689/1309
f 689/1309 695/1314 696/1315 690/1310
f 690/1310 696/1315 697/372 691/371
f 693/1311 698/1316 699/1317 694/1312
f 693/1311 4972/1313 4973/1318 698/1316
f 694/1312 699/1317 700/1319 695/1314
f 695/1314 700/1319 701/1320 696/1315
f 696/1315 701/1320 702/373 697/372
f 698/1316 703/1321 704/1322 699/1317
f 698/1316 4973/1318 4974/1323 703/1321
f 699/1317 704/1322 705/1324 700/1319
f 700/1319 705/1324 706/383 701/1320
f 701/1320 706/383 707/374 702/373
f 703/1321 708/1325 709/1326 704/1322
f 703/1321 4974/1323 4975/1327 708/1325
f 704/1322 709/1326 710/1328 705/1324
f 705/1324 710/1328 711/384 706/383
f 708/1325 712/1329 713/1330 709/1326
f 708/1325 4975/1327 4976/1331 712/1329
f 709/1326 713/1330 714/1332 710/1328
f 710/1328 714/1332 715/385 711/384
f 712/1329 716/1333 717/1334 713/1330
f 712/1329 4976/1331 4977/1335 716/1333
f 713/1330 717/1334 718/396 714/1332
f 714/1332 718/396 719/386 715/385
f 716/1333 720/1336 721/1337 717/1334
f 716/1333 4977/1335 4978/1338 720/1336
f 717/1334 721/1337 722/397 718/396
f 720/1336 723/1339 724/1340 721/1337
f 720/1336 4978/1338 4979/1341 723/1339
f 721/1337 724/1340 725/398 722/397
f 723/1339 726/1342 727/408 724/1340
f 723/1339 4979/1341 4980/1343 726/1342
f 724/1340 727/408 728/399 725/398
f 726/1342 729/1344 730/409 727/408
f 726/1342 4980/1343 4981/1345 729/1344
f 729/1344 731/1346 732/410 730/409
f 729/1344 4981/1345 4982/1347 731/1346
f 731/1346 733/416 734/411 732/410
f 731/1346 4982/1347 4983/1348 733/416
f 733/416 4983/1348 4984/1349 735/417
f 735/417 4984/1349 4985/1350 736/418
f 736/418 4985/1350 4986/428 737/419
f 738/1351 1321/1352 739/1353 740/1354
f 738/1351 1319/1355 1320/1356 1321/1352
f 738/1351 1124/1357 5148/1358 1319/1355
f 738/1351 740/1354 1119/1359 1124/1357
f 739/1353 742/1360 743/1361 740/1354
f 739/1353 1325/1362 741/1363 742/1360
f 739/1353 1321/1352 1324/1364 1325/1362
f 740/1354 743/1361 1115/1365 1119/1359
f 741/1363 1147/1366 2639/1367 2640/1368
f 741/1363 1325/1362 1143/1369 1147/1366
f 741/1363 2640/1368 744/1370 742/1360
f 742/1360 744/1370 745/1371 743/1361
f 743/1361 745/1371 1112/1372 1115/1365
f 744/1370 746/1373 747/1374 745/1371
f 744/1370 2640/1368 2643/1375 746/1373
f 745/1371 747/1374 1109/1376 1112/1372
f 746/1373 2643/1375 2647/1377 748/1378
f 746/1373 748/1378 749/1379 747/1374
f 747/1374 749/1379 1107/1380 1109/1376
f 748/1378 2647/1377 2652/1381 2653/1382
f 748/1378 2653/1382 750/1383 749/1379
f 749/1379 750/1383 1106/1384 1107/1380
f 750/1383 751/1385 1438/1386 1106/1384
f 750/1383 2653/1382 2660/1387 751/1385
f 751/1385 2660/1387 2668/1388 5077/1389
f 751/1385 5077/1389 807/1390 1438/1386
f 752/1391 755/1392 756/1393 753/632
f 752/1391 4667/1394 754/1395 755/1392
f 752/1391 5071/1396 3608/1397 4667/1394
f 752/1391 753/632 979/631 5071/1396
f 753/632 756/1393 757/1398 4833/630
f 754/1395 760/1399 761/1400 755/1392
f 754/1395 4668/1401 759/1402 760/1399
f 754/1395 4667/1394 2885/1403 4668/1401
f 755/1392 761/1400 762/1404 756/1393
f 756/1393 762/1404 763/1405 757/1398
f 757/1398 763/1405 764/1406 758/626
f 757/1398 758/626 978/625 4833/630
f 758/626 764/1406 765/621 4832/620
f 759/1402 768/1407 769/1408 760/1399
f 759/1402 4669/1409 767/1410 768/1407
f 759/1402 4668/1401 2886/1411 4669/1409
f 760/1399 769/1408 770/1412 761/1400
f 761/1400 770/1412 771/1413 762/1404
f 762/1404 771/1413 772/1414 763/1405
f 763/1405 772/1414 773/1415 764/1406
f 764/1406 773/1415 774/1416 765/621
f 765/621 774/1416 775/1417 766/614
f 766/614 775/1417 776/606 4831/605
f 767/1410 4136/1418 4137/1419 768/1407
f 767/1410 4670/1420 4135/1421 4136/1418
f 767/1410 4669/1409 2888/1422 4670/1420
f 768/1407 4137/1419 4138/1423 769/1408
f 769/1408 4138/1423 4139/1424 770/1412
f 770/1412 4139/1424 4140/1425 771/1413
f 771/1413 4140/1425 4141/1426 772/1414
f 772/1414 4141/1426 4142/1427 773/1415
f 773/1415 4142/1427 4143/1428 774/1416
f 774/1416 4143/1428 4144/1429 775/1417
f 775/1417 4144/1429 4145/1430 776/606
f 776/606 4145/1430 4146/1431 777/597
f 777/597 4146/1431 2807/1432 5150/595
f 778/1433 1311/1434 1312/1435 1310/1436
f 778/1433 3615/1437 3614/1438 1311/1434
f 778/1433 4665/1439 5137/1440 3615/1437
f 778/1433 1310/1436 4666/1441 4665/1439
f 779/1442 4296/1443 780/1444 4890/1445
f 779/1442 2668/1388 2667/1446 4296/1443
f 779/1442 807/1390 5077/1389 2668/1388
f 779/1442 4890/1445 808/1447 807/1390
f 780/1444 782/1448 809/1449 4890/1445
f 780/1444 4291/1450 781/1451 782/1448
f 780/1444 4296/1443 4297/1452 4291/1450
f 781/1451 785/1453 4891/1454 782/1448
f 781/1451 4671/1455 784/1456 785/1453
f 781/1451 4291/1450 4292/1457 4671/1455
f 782/1448 4891/1454 811/1458 809/1449
f 783/1459 4281/1460 786/1461 787/1462
f 783/1459 4285/1463 4286/1464 4281/1460
f 783/1459 784/1456 4671/1455 4285/1463
f 783/1459 787/1462 788/1465 784/1456
f 784/1456 788/1465 789/1466 785/1453
f 785/1453 789/1466 813/1467 4891/1454
f 786/1461 791/1468 792/1469 787/1462
f 786/1461 4279/1470 790/1471 791/1468
f 786/1461 4281/1460 4282/1472 4279/1470
f 787/1462 792/1469 793/1473 788/1465
f 788/1465 793/1473 4892/1474 789/1466
f 789/1466 4892/1474 816/1475 813/1467
f 790/1471 794/1476 795/1477 791/1468
f 790/1471 5121/1478 803/1479 794/1476
f 790/1471 4279/1470 4280/1480 5121/1478
f 791/1468 795/1477 796/1481 792/1469
f 792/1469 796/1481 797/1482 793/1473
f 793/1473 797/1482 819/1483 4892/1474
f 794/1476 803/1479 802/1484 805/1485
f 794/1476 805/1485 798/1486 795/1477
f 795/1477 798/1486 799/1487 796/1481
f 796/1481 799/1487 4893/1488 797/1482
f 797/1482 4893/1488 823/1489 819/1483
f 798/1486 805/1485 804/1490 806/1491
f 798/1486 806/1491 800/1492 799/1487
f 799/1487 800/1492 828/1493 4893/1488
f 800/1492 5136/1494 834/1495 828/1493
f 800/1492 806/1491 4272/1496 5136/1494
f 801/1497 4274/1498 4273/1499 804/1490
f 801/1497 4093/1500 4275/1501 4274/1498
f 801/1497 802/1484 4092/1502 4093/1500
f 801/1497 804/1490 805/1485 802/1484
f 802/1484 803/1479 5004/1503 4092/1502
f 803/1479 5121/1478 4280/1480 5004/1503
f 804/1490 4273/1499 4272/1496 806/1491
f 807/1390 808/1447 1437/1504 1438/1386
f 808/1447 810/1505 1436/1506 1437/1504
f 808/1447 4890/1445 809/1449 810/1505
f 809/1449 811/1458 812/1507 810/1505
f 810/1505 812/1507 1435/1508 1436/1506
f 811/1458 814/1509 815/1510 812/1507
f 811/1458 4891/1454 813/1467 814/1509
f 812/1507 815/1510 1434/1511 1435/1508
f 813/1467 816/1475 817/1512 814/1509
f 814/1509 817/1512 818/1513 815/1510
f 815/1510 818/1513 1433/1514 1434/1511
f 816/1475 820/1515 821/1516 817/1512
f 816/1475 4892/1474 819/1483 820/1515
f 817/1512 821/1516 822/1517 818/1513
f 818/1513 822/1517 1432/1518 1433/1514
f 819/1483 823/1489 824/1519 820/1515
f 820/1515 824/1519 825/1520 821/1516
f 821/1516 825/1520 826/1521 822/1517
f 822/1517 826/1521 827/1522 1432/1518
f 823/1489 829/1523 830/1524 824/1519
f 823/1489 4893/1488 828/1493 829/1523
f 824/1519 830/1524 831/1525 825/1520
f 825/1520 831/1525 832/1526 826/1521
f 826/1521 832/1526 833/1527 827/1522
f 827/1522 1445/1528 1446/1529 1432/1518
f 827/1522 833/1527 1444/1530 1445/1528
f 828/1493 834/1495 835/1531 829/1523
f 829/1523 835/1531 836/1532 830/1524
f 830/1524 836/1532 837/1533 831/1525
f 831/1525 837/1533 838/1534 832/1526
f 832/1526 838/1534 839/1535 833/1527
f 833/1527 839/1535 1443/1536 1444/1530
f 834/1537 1508/1538 840/1539 835/1540
f 834/1537 5136/1541 1507/1542 1508/1538
f 835/1540 840/1539 841/1543 836/1544
f 836/1544 841/1543 842/1545 837/1546
f 837/1546 842/1545 843/1547 838/1548
f 838/1548 843/1547 844/1549 839/1550
f 839/1550 844/1549 1442/1551 1443/1552
f 840/1539 1511/1553 845/1554 841/1543
f 840/1539 1508/1538 1510/1555 1511/1553
f 841/1543 845/1554 846/1556 842/1545
f 842/1545 846/1556 847/1557 843/1547
f 843/1547 847/1557 848/1558 844/1549
f 844/1549 848/1558 1441/1559 1442/1551
f 845/1554 1511/1553 1514/1560 1515/1561
f 845/1554 1515/1561 1516/1562 846/1556
f 846/1556 1516/1562 849/1563 847/1557
f 847/1557 849/1563 850/1564 848/1558
f 848/1558 850/1564 1440/1565 1441/1559
f 849/1563 1522/1566 851/1567 850/1564
f 849/1563 1516/1562 1521/1568 1522/1566
f 850/1564 851/1567 1439/1569 1440/1565
f 851/1567 1522/1566 1528/1570 1529/1571
f 851/1567 1529/1571 5066/199 1439/1569
f 852/850 856/849 875/1572 853/1573
f 852/850 853/1573 5060/1574 3321/851
f 853/1573 875/1572 876/1575 867/1576
f 853/1573 867/1576 3360/1577 5060/1574
f 854/844 858/865 881/1578 855/845
f 855/845 881/1578 882/1579 856/849
f 856/849 882/1579 883/1580 875/1572
f 857/864 887/879 888/1581 858/865
f 858/865 888/1581 889/1040 881/1578
f 859/877 892/897 893/1582 860/878
f 860/878 893/1582 894/1022 887/879
f 861/896 898/909 899/997 892/897
f 862/907 901/917 902/984 897/908
f 863/915 904/926 905/967 864/916
f 864/916 905/967 4673/972 901/917
f 867/1576 876/1575 877/1583 868/126
f 867/1576 868/126 3361/112 3360/1577
f 868/126 877/1583 878/1093 869/124
f 869/124 878/1093 879/1092 870/125
f 870/125 879/1092 880/1094 871/127
f 871/127 880/1094 4676/1105 872/128
f 875/1572 883/1580 884/1071 876/1575
f 876/1575 884/1071 885/1070 877/1583
f 877/1583 885/1070 886/1069 878/1093
f 881/1578 889/1040 890/1039 882/1579
f 882/1579 890/1039 891/1041 883/1580
f 883/1580 891/1041 4675/1050 884/1071
f 887/879 894/1022 895/1021 888/1581
f 888/1581 895/1021 896/1020 889/1040
f 892/897 899/997 900/998 893/1582
f 893/1582 900/998 4674/1005 894/1022
f 897/908 902/984 903/983 898/909
f 910/1584 912/1585 2744/1586 2743/1587
f 910/1584 3309/1588 911/1589 912/1585
f 910/1584 3311/1590 3310/1591 3309/1588
f 910/1584 2743/1587 2742/1592 3311/1590
f 911/1589 914/1593 915/1594 912/1585
f 911/1589 3306/1595 913/1596 914/1593
f 911/1589 3309/1588 3307/1597 3306/1595
f 912/1585 915/1594 5154/1598 2744/1586
f 913/1596 917/1599 920/1600 914/1593
f 913/1596 3302/1601 916/1602 917/1599
f 913/1596 3306/1595 3303/1603 3302/1601
f 914/1593 920/1600 919/1604 915/1594
f 915/1594 919/1604 2746/1605 5154/1598
f 916/1602 924/1606 922/1607 917/1599
f 916/1602 3297/1608 918/1609 924/1606
f 916/1602 3302/1601 3298/1610 3297/1608
f 917/1599 922/1607 921/1611 920/1600
f 918/1609 926/1612 925/1613 924/1606
f 918/1609 3291/1614 927/1615 926/1612
f 918/1609 3297/1608 3292/1616 3291/1614
f 919/1604 2747/1617 2785/1618 2746/1605
f 919/1604 920/1600 921/1611 2747/1617
f 921/1611 2789/261 2788/260 2747/1617
f 921/1611 922/1607 923/266 2789/261
f 922/1607 924/1606 925/1613 923/266
f 923/266 925/1613 3357/1619 3362/267
f 925/1613 926/1612 3358/1620 3357/1619
f 926/1612 927/1615 3359/1621 3358/1620
f 927/1615 5060/1574 3360/1577 3359/1621
f 927/1615 3291/1614 3285/1622 5060/1574
f 928/1623 929/1624 2211/1625 2210/1626
f 928/1623 1245/1627 1246/1628 929/1624
f 928/1623 4729/1629 5139/1630 1245/1627
f 928/1623 2210/1626 5129/661 4729/1629
f 929/1624 930/1631 2213/1632 2211/1625
f 929/1624 1246/1628 1247/1633 930/1631
f 930/1631 1247/1633 1248/1634 931/1635
f 930/1631 931/1635 2216/1636 2213/1632
f 931/1635 1248/1634 1249/1637 932/1638
f 931/1635 932/1638 2220/1639 2216/1636
f 932/1638 1249/1637 4036/1640 5132/1641
f 932/1638 5132/1641 2225/1642 2220/1639
f 933/1643 3570/1644 3574/1645 934/1646
f 933/1643 1105/1647 1103/1648 3570/1644
f 933/1643 1174/1649 1165/1650 1105/1647
f 933/1643 934/1646 3742/1651 1174/1649
f 934/1646 3574/1645 3581/1652 935/1653
f 934/1646 935/1653 3743/1654 3742/1651
f 935/1653 937/1655 3744/1656 3743/1654
f 935/1653 3581/1652 936/1657 937/1655
f 936/1657 3589/1658 3596/1659 938/1660
f 936/1657 3581/1652 3580/1661 3589/1658
f 936/1657 938/1660 939/1662 937/1655
f 937/1655 939/1662 3746/1663 3744/1656
f 938/1660 941/1664 942/1665 939/1662
f 938/1660 3596/1659 940/1666 941/1664
f 939/1662 942/1665 3748/1667 3746/1663
f 940/1666 3600/1668 3602/1669 943/1670
f 940/1666 3596/1659 3595/1671 3600/1668
f 940/1666 943/1670 944/1672 941/1664
f 941/1664 944/1672 945/1673 942/1665
f 942/1665 945/1673 3751/1674 3748/1667
f 943/1670 4829/145 4830/149 944/1672
f 943/1670 3602/1669 5065/142 4829/145
f 944/1672 4830/149 5153/1675 945/1673
f 945/1673 5153/1675 3754/1676 3751/1674
f 946/1677 3804/1678 3805/1679 1835/1680
f 946/1677 980/1681 3803/1682 3804/1678
f 946/1677 3661/1683 3672/1684 980/1681
f 946/1677 1835/1680 3666/1685 3661/1683
f 947/1686 949/1687 1837/1688 1836/1689
f 947/1686 3809/1690 948/1691 949/1687
f 947/1686 3805/1679 3808/1692 3809/1690
f 947/1686 1836/1689 1835/1680 3805/1679
f 948/1691 4789/1693 5098/1694 950/1695
f 948/1691 3809/1690 4788/1696 4789/1693
f 948/1691 950/1695 951/1697 949/1687
f 949/1687 951/1697 1838/1698 1837/1688
f 950/1695 2966/1699 952/1700 951/1697
f 950/1695 5098/1694 2965/1701 2966/1699
f 951/1697 952/1700 1839/1702 1838/1698
f 952/1700 3991/1703 5119/1704 1839/1702
f 952/1700 2966/1699 5116/658 3991/1703
f 953/1705 958/765 5085/1706 4678/1707
f 953/1705 957/1708 956/762 958/765
f 953/1705 954/1709 963/1710 957/1708
f 953/1705 4678/1707 4679/1711 954/1709
f 954/1709 4679/1711 4680/1712 965/1713
f 954/1709 965/1713 964/1714 963/1710
f 955/759 3741/1715 3739/839 3738/754
f 955/759 956/762 957/1708 3741/1715
f 957/1708 963/1710 961/1716 3741/1715
f 958/765 1006/764 1007/1717 5085/1706
f 959/1718 3737/838 3740/1719 960/1720
f 959/1718 3735/834 3734/831 3737/838
f 959/1718 4753/1721 4752/1722 3735/834
f 959/1718 960/1720 4754/1723 4753/1721
f 960/1720 962/1724 4755/1725 4754/1723
f 960/1720 3740/1719 961/1716 962/1724
f 961/1716 3740/1719 3739/839 3741/1715
f 961/1716 963/1710 964/1714 962/1724
f 962/1724 964/1714 4756/1726 4755/1725
f 964/1714 965/1713 4757/1727 4756/1726
f 965/1713 4680/1712 5152/1728 4757/1727
f 966/1729 967/1730 4680/1712 4679/1711
f 966/1729 969/1731 4681/1732 967/1730
f 966/1729 2790/1733 968/1734 969/1731
f 966/1729 4679/1711 4678/1707 2790/1733
f 967/1730 4681/1732 976/1735 975/1736
f 967/1730 975/1736 5152/1728 4680/1712
f 968/1734 970/1737 971/1738 969/1731
f 968/1734 1676/1739 1675/1740 970/1737
f 968/1734 2790/1733 1007/1717 1676/1739
f 969/1731 971/1738 977/1741 4681/1732
f 970/1737 972/1742 4682/1743 971/1738
f 970/1737 1675/1740 1674/1744 972/1742
f 971/1738 4682/1743 4717/1745 977/1741
f 972/1742 1674/1744 1673/1746 973/1747
f 972/1742 973/1747 4718/1748 4682/1743
f 973/1747 1673/1746 1733/59 5143/61
f 973/1747 5143/61 2546/1749 4718/1748
f 974/1750 2956/1751 3095/1752 1790/1753
f 974/1750 2957/1754 4714/1755 2956/1751
f 974/1750 5152/1728 975/1736 2957/1754
f 974/1750 1790/1753 4728/1756 5152/1728
f 975/1736 976/1735 4715/1757 2957/1754
f 976/1735 4716/1758 1087/1759 4715/1757
f 976/1735 4681/1732 977/1741 4716/1758
f 977/1741 4717/1745 1084/1760 4716/1758
f 979/631 3603/633 3608/1397 5071/1396
f 980/1681 1594/1761 982/1762 3803/1682
f 980/1681 3672/1684 2192/1763 1594/1761
f 981/1764 1589/1765 984/1766 985/1767
f 981/1764 1592/1768 1590/1769 1589/1765
f 981/1764 982/1762 1594/1761 1592/1768
f 981/1764 985/1767 986/1770 982/1762
f 982/1762 986/1770 3806/1771 3803/1682
f 983/1772 1580/1773 988/1774 989/1775
f 983/1772 1585/1776 1581/1777 1580/1773
f 983/1772 984/1766 1589/1765 1585/1776
f 983/1772 989/1775 990/1778 984/1766
f 984/1766 990/1778 991/1779 985/1767
f 985/1767 991/1779 5093/1780 986/1770
f 986/1770 5093/1780 4785/1781 3806/1771
f 987/1782 1568/1783 993/1784 994/1785
f 987/1782 1575/1786 1569/1787 1568/1783
f 987/1782 988/1788 1580/1789 1575/1786
f 987/1782 994/1785 1633/1790 988/1788
f 988/1774 1633/1791 1634/1792 989/1775
f 989/1775 1634/1792 1635/1793 990/1778
f 990/1778 1635/1793 1636/1794 991/1779
f 991/1779 1636/1794 2913/1795 5093/1780
f 992/1796 1552/1797 1637/163 1638/162
f 992/1796 1561/1798 1553/1799 1552/1797
f 992/1796 993/1784 1568/1783 1561/1798
f 992/1796 1638/162 1639/1800 993/1784
f 993/1784 1639/1800 1640/1801 994/1785
f 994/1785 1640/1801 1641/1802 1633/1790
f 995/508 996/515 3430/1803 3429/509
f 996/515 3437/517 3431/1804 3430/1803
f 997/516 998/525 3438/1805 3437/517
f 998/525 999/527 3439/1806 3438/1805
f 999/527 3443/1807 3440/1808 3439/1806
f 999/527 1000/526 1001/536 3443/1807
f 1001/536 1002/538 3444/1809 3443/1807
f 1002/538 1004/537 1005/548 1003/1810
f 1002/538 1003/1810 3445/1811 3444/1809
f 1003/1810 5083/1812 3050/1813 3445/1811
f 1003/1810 1005/548 4089/1814 5083/1812
f 1005/548 5127/547 4088/546 4089/1814
f 1006/764 1672/766 1676/1739 1007/1717
f 1007/1717 2790/1733 4678/1707 5085/1706
f 1008/1815 1010/1816 1011/1817 1009/1818
f 1008/1815 1034/1819 1041/1820 1010/1816
f 1008/1815 1314/1821 5082/1822 1034/1819
f 1008/1815 1009/1818 1313/1823 1314/1821
f 1009/1818 1312/1435 1311/1434 1313/1823
f 1009/1818 1011/1817 1012/1824 1312/1435
f 1010/1816 1041/1820 1047/1825 1048/1826
f 1010/1816 1048/1826 1014/1827 1011/1817
f 1011/1817 1014/1827 1015/1828 1012/1824
f 1012/1824 1015/1828 1016/1829 1013/1830
f 1012/1824 1013/1830 1310/1436 1312/1435
f 1013/1830 5097/1831 4666/1441 1310/1436
f 1013/1830 1016/1829 4875/1832 5097/1831
f 1014/1827 1017/1833 1018/1834 1015/1828
f 1014/1827 1048/1826 1053/1835 1017/1833
f 1015/1828 1018/1834 1019/1836 1016/1829
f 1016/1829 1019/1836 4874/1837 4875/1832
f 1017/1833 1053/1835 1056/1838 1057/1839
f 1017/1833 1057/1839 1020/1840 1018/1834
f 1018/1834 1020/1840 1021/1841 1019/1836
f 1019/1836 1021/1841 4873/1842 4874/1837
f 1020/1840 1022/1843 1023/1844 1021/1841
f 1020/1840 1057/1839 1060/423 1022/1843
f 1021/1841 1023/1844 4872/1845 4873/1842
f 1022/1843 1060/423 1061/422 1062/429
f 1022/1843 1062/429 1024/1846 1023/1844
f 1023/1844 1024/1846 4871/1847 4872/1845
f 1024/1846 1025/1848 5151/498 4871/1847
f 1024/1846 1062/429 1063/427 1025/1848
f 1025/1848 4989/1849 4828/1850 5151/498
f 1025/1848 1063/427 4988/426 4989/1849
f 1026/352 1027/367 4777/1851 4776/353
f 1027/367 1028/369 4778/1852 4777/1851
f 1028/369 1035/368 1036/382 1029/1853
f 1028/369 1029/1853 4779/1854 4778/1852
f 1029/1853 1036/382 1037/1855 1030/1856
f 1029/1853 1030/1856 4780/1857 4779/1854
f 1030/1856 1037/1855 1038/1858 1031/1859
f 1030/1856 1031/1859 4781/1860 4780/1857
f 1031/1859 1038/1858 1039/1861 1032/1862
f 1031/1859 1032/1862 4782/1863 4781/1860
f 1032/1862 1039/1861 1040/1864 1033/1865
f 1032/1862 1033/1865 4783/1866 4782/1863
f 1033/1865 1040/1864 1041/1820 1034/1819
f 1033/1865 1034/1819 5082/1822 4783/1866
f 1036/382 1042/381 1043/392 1037/1855
f 1037/1855 1043/392 1044/394 1038/1858
f 1038/1858 1044/394 1045/1867 1039/1861
f 1039/1861 1045/1867 1046/1868 1040/1864
f 1040/1864 1046/1868 1047/1825 1041/1820
f 1044/394 1049/393 1050/404 1045/1867
f 1045/1867 1050/404 1051/406 1046/1868
f 1046/1868 1051/406 1052/1869 1047/1825
f 1047/1825 1052/1869 1053/1835 1048/1826
f 1051/406 1054/405 1055/414 1052/1869
f 1052/1869 1055/414 1056/1838 1053/1835
f 1055/414 1058/413 1059/421 1056/1838
f 1056/1838 1059/421 1060/423 1057/1839
f 1064/1870 1065/1871 3194/1872 3193/1873
f 1064/1870 2402/1874 2406/1875 1065/1871
f 1064/1870 5114/1876 2371/1877 2402/1874
f 1064/1870 3193/1873 3192/1878 5114/1876
f 1065/1871 1066/1879 3195/1880 3194/1872
f 1065/1871 2406/1875 1071/1881 1066/1879
f 1066/1879 1067/1882 3196/1883 3195/1880
f 1066/1879 1071/1881 1072/1884 1067/1882
f 1067/1882 1068/1885 2271/1886 3196/1883
f 1067/1882 1072/1884 1073/1887 1068/1885
f 1068/1885 1069/1888 2272/1889 2271/1886
f 1068/1885 1073/1887 1074/1890 1069/1888
f 1069/1888 1070/1891 2273/1892 2272/1889
f 1069/1888 1074/1890 1075/1893 1070/1891
f 1070/1891 2334/1894 2206/1895 2273/1892
f 1070/1891 1075/1893 2336/1896 2334/1894
f 1071/1881 2411/1897 2418/1898 1072/1884
f 1071/1881 2406/1875 2405/1899 2411/1897
f 1072/1884 2418/1898 1076/1900 1073/1887
f 1073/1887 1076/1900 1077/1901 1074/1890
f 1074/1890 1077/1901 1078/1902 1075/1893
f 1075/1893 1078/1902 1079/1903 2336/1896
f 1076/1900 2418/1898 2417/1904 2426/1905
f 1076/1900 2426/1905 2433/1906 1077/1901
f 1077/1901 2433/1906 1080/1907 1078/1902
f 1078/1902 1080/1907 1081/1908 1079/1903
f 1079/1903 1081/1908 2339/1909 2338/1910
f 1079/1903 2338/1910 2337/1911 2336/1896
f 1080/1907 2433/1906 2432/1912 2437/1913
f 1080/1907 2437/1913 2439/1914 1081/1908
f 1081/1908 2439/1914 5103/1915 2339/1909
f 1082/1916 1083/1917 1084/1760 4717/1745
f 1082/1916 2547/1918 2548/1919 1083/1917
f 1082/1916 4718/1748 2546/1749 2547/1918
f 1082/1916 4717/1745 4682/1743 4718/1748
f 1083/1917 2548/1919 2549/1920 1085/1921
f 1083/1917 1085/1921 1086/1922 1084/1760
f 1084/1760 1086/1922 1087/1759 4716/1758
f 1085/1921 2549/1920 2550/1923 1088/1924
f 1085/1921 1088/1924 1089/1925 1086/1922
f 1086/1922 1089/1925 1090/1926 1087/1759
f 1087/1759 1090/1926 1091/1927 4715/1757
f 1088/1924 2550/1923 3571/1928 2544/1929
f 1088/1924 2544/1929 1092/1930 1089/1925
f 1089/1925 1092/1930 1093/1931 1090/1926
f 1090/1926 1093/1931 1094/1932 1091/1927
f 1091/1927 1094/1932 1095/1933 4714/1755
f 1091/1927 4714/1755 2957/1754 4715/1757
f 1092/1930 1096/1934 1097/1935 1093/1931
f 1092/1930 2544/1929 2545/1936 1096/1934
f 1093/1931 1097/1935 1098/1937 1094/1932
f 1094/1932 1098/1937 1099/1938 1095/1933
f 1095/1933 1099/1938 1245/1627 5139/1630
f 1095/1933 5139/1630 2956/1751 4714/1755
f 1096/1934 1100/1939 1101/1940 1097/1935
f 1096/1934 2545/1936 3569/1941 1100/1939
f 1097/1935 1101/1940 1102/1942 1098/1937
f 1098/1937 1102/1942 1250/1943 1099/1938
f 1099/1938 1250/1943 1246/1628 1245/1627
f 1100/1939 3569/1941 3570/1644 1103/1648
f 1100/1939 1103/1648 1104/1944 1101/1940
f 1101/1940 1104/1944 1254/1945 1102/1942
f 1102/1942 1254/1945 1251/1946 1250/1943
f 1103/1648 1105/1647 1257/1947 1104/1944
f 1104/1944 1257/1947 1255/1948 1254/1945
f 1105/1647 1165/1650 4051/1949 1257/1947
f 1106/1384 1451/1950 1464/1951 1107/1380
f 1106/1384 1438/1386 1437/1504 1451/1950
f 1107/1380 1464/1951 1108/1952 1109/1376
f 1108/1952 1111/1953 1112/1372 1109/1376
f 1108/1952 1475/1954 1110/1955 1111/1953
f 1108/1952 1464/1951 1463/1956 1475/1954
f 1110/1955 1484/1957 1492/1958 1113/1959
f 1110/1955 1475/1954 1474/1960 1484/1957
f 1110/1955 1113/1959 1114/1961 1111/1953
f 1111/1953 1114/1961 1115/1365 1112/1372
f 1113/1959 1117/1962 1118/1963 1114/1961
f 1113/1959 1492/1958 1116/1964 1117/1962
f 1114/1961 1118/1963 1119/1359 1115/1365
f 1116/1964 1121/1965 1122/1966 1117/1962
f 1116/1964 1498/1967 1120/1968 1121/1965
f 1116/1964 1492/1958 1491/1969 1498/1967
f 1117/1962 1122/1966 1123/1970 1118/1963
f 1118/1963 1123/1970 1124/1357 1119/1359
f 1120/1968 1502/1971 1505/1972 1125/1973
f 1120/1968 1498/1967 1497/1974 1502/1971
f 1120/1968 1125/1973 1126/1975 1121/1965
f 1121/1965 1126/1975 1127/1976 1122/1966
f 1122/1966 1127/1976 1128/1977 1123/1970
f 1123/1970 1128/1977 5148/1358 1124/1357
f 1125/1973 1130/1978 1326/1979 1126/1975
f 1125/1973 1505/1972 1129/1980 1130/1978
f 1126/1975 1326/1979 1327/1981 1127/1976
f 1127/1976 1327/1981 1328/1982 1128/1977
f 1128/1977 1328/1982 1319/1355 5148/1358
f 1129/1980 1506/668 1606/667 1329/1983
f 1129/1980 1505/1972 1504/1984 1506/668
f 1129/1980 1329/1983 1330/1985 1130/1978
f 1130/1978 1330/1985 1331/1986 1326/1979
f 1131/191 2683/1987 2689/1988 1132/1989
f 1131/191 4086/190 2679/794 2683/1987
f 1131/191 1132/1989 1133/158 1542/157
f 1132/1989 2689/1988 2693/1990 2694/1991
f 1132/1989 2694/1991 1134/193 1133/158
f 1134/193 1136/1992 1137/171 1135/170
f 1134/193 2694/1991 2697/1993 1136/1992
f 1136/1992 1138/136 4639/174 1137/171
f 1136/1992 2697/1993 2698/134 1138/136
f 1139/1994 1164/1995 4919/1996 1141/1997
f 1139/1994 5149/1998 1241/1999 1164/1995
f 1139/1994 1140/2000 1318/2001 5149/1998
f 1139/1994 1141/1997 1142/2002 1140/2000
f 1140/2000 1317/2003 1316/2004 1318/2001
f 1140/2000 1142/2002 1143/1369 1317/2003
f 1141/1997 1145/2005 1146/2006 1142/2002
f 1141/1997 4919/1996 1144/2007 1145/2005
f 1142/2002 1146/2006 1147/1366 1143/1369
f 1143/1369 1325/1362 1324/1364 1317/2003
f 1144/2007 1182/2008 4920/2009 1148/2010
f 1144/2007 4919/1996 1173/2011 1182/2008
f 1144/2007 1148/2010 1149/2012 1145/2005
f 1145/2005 1149/2012 1150/2013 1146/2006
f 1146/2006 1150/2013 2639/1367 1147/1366
f 1148/2010 1152/2014 1153/2015 1149/2012
f 1148/2010 4920/2009 1151/2016 1152/2014
f 1149/2012 1153/2015 2641/2017 1150/2013
f 1150/2013 2641/2017 2642/2018 2639/1367
f 1151/2016 1196/2019 4921/2020 1154/2021
f 1151/2016 4920/2009 1189/2022 1196/2019
f 1151/2016 1154/2021 1155/2023 1152/2014
f 1152/2014 1155/2023 2644/2024 1153/2015
f 1153/2015 2644/2024 2645/2025 2641/2017
f 1154/2021 1157/2026 2648/2027 1155/2023
f 1154/2021 4921/2020 1156/2028 1157/2026
f 1155/2023 2648/2027 2649/2029 2644/2024
f 1156/2028 1206/2030 4922/2031 1158/2032
f 1156/2028 4921/2020 1201/2033 1206/2030
f 1156/2028 1158/2032 2654/2034 1157/2026
f 1157/2026 2654/2034 2655/2035 2648/2027
f 1158/2032 2661/2036 2662/2037 2654/2034
f 1158/2032 4922/2031 1159/2038 2661/2036
f 1159/2038 1212/2039 4923/2040 2669/2041
f 1159/2038 4922/2031 1209/2042 1212/2039
f 1159/2038 2669/2041 2670/2043 2661/2036
f 1160/2044 1244/2045 1169/2046 1170/2047
f 1160/2044 1237/2048 1236/2049 1244/2045
f 1160/2044 1161/2050 1238/2051 1237/2048
f 1160/2044 1170/2047 1171/2052 1161/2050
f 1161/2050 1162/2053 1239/2054 1238/2051
f 1161/2050 1171/2052 1172/2055 1162/2053
f 1162/2053 1172/2055 1173/2011 1163/2056
f 1162/2053 1163/2056 1240/2057 1239/2054
f 1163/2056 1173/2011 4919/1996 1164/1995
f 1163/2056 1164/1995 1241/1999 1240/2057
f 1165/1650 1166/2058 4052/2059 4051/1949
f 1165/1650 1174/1649 1175/2060 1166/2058
f 1166/2058 1167/2061 1242/2062 4052/2059
f 1166/2058 1175/2060 1176/2063 1167/2061
f 1167/2061 1176/2063 1177/2064 1168/2065
f 1167/2061 1168/2065 1243/2066 1242/2062
f 1168/2065 1177/2064 1178/2067 1169/2046
f 1168/2065 1169/2046 1244/2045 1243/2066
f 1169/2046 1178/2067 1179/2068 1170/2047
f 1170/2047 1179/2068 1180/2069 1171/2052
f 1171/2052 1180/2069 1181/2070 1172/2055
f 1172/2055 1181/2070 1182/2008 1173/2011
f 1174/1649 3742/1651 1183/2071 1175/2060
f 1175/2060 1183/2071 1184/2072 1176/2063
f 1176/2063 1184/2072 1185/2073 1177/2064
f 1177/2064 1185/2073 1186/2074 1178/2067
f 1178/2067 1186/2074 1187/2075 1179/2068
f 1179/2068 1187/2075 1188/2076 1180/2069
f 1180/2069 1188/2076 1189/2022 1181/2070
f 1181/2070 1189/2022 4920/2009 1182/2008
f 1183/2071 1190/2077 1191/2078 1184/2072
f 1183/2071 3742/1651 3743/1654 1190/2077
f 1184/2072 1191/2078 1192/2079 1185/2073
f 1185/2073 1192/2079 1193/2080 1186/2074
f 1186/2074 1193/2080 1194/2081 1187/2075
f 1187/2075 1194/2081 1195/2082 1188/2076
f 1188/2076 1195/2082 1196/2019 1189/2022
f 1190/2077 3743/1654 3744/1656 3745/2083
f 1190/2077 3745/2083 1197/2084 1191/2078
f 1191/2078 1197/2084 1198/2085 1192/2079
f 1192/2079 1198/2085 1199/2086 1193/2080
f 1193/2080 1199/2086 1200/2087 1194/2081
f 1194/2081 1200/2087 1201/2033 1195/2082
f 1195/2082 1201/2033 4921/2020 1196/2019
f 1197/2084 1202/2088 1203/2089 1198/2085
f 1197/2084 3745/2083 3747/2090 1202/2088
f 1198/2085 1203/2089 1204/2091 1199/2086
f 1199/2086 1204/2091 1205/2092 1200/2087
f 1200/2087 1205/2092 1206/2030 1201/2033
f 1202/2088 3747/2090 3749/2093 3750/2094
f 1202/2088 3750/2094 1207/2095 1203/2089
f 1203/2089 1207/2095 1208/2096 1204/2091
f 1204/2091 1208/2096 1209/2042 1205/2092
f 1205/2092 1209/2042 4922/2031 1206/2030
f 1207/2095 1210/2097 1211/2098 1208/2096
f 1207/2095 3750/2094 3753/2099 1210/2097
f 1208/2096 1211/2098 1212/2039 1209/2042
f 1210/2097 3753/2099 3756/2100 3757/2101
f 1210/2097 3757/2101 1213/2102 1211/2098
f 1211/2098 1213/2102 4923/2040 1212/2039
f 1213/2102 1214/2103 2675/2104 4923/2040
f 1213/2102 3757/2101 3759/2105 1214/2103
f 1214/2103 3759/2105 3145/2106 5059/2107
f 1214/2103 5059/2107 4290/2108 2675/2104
f 1215/2109 1216/206 3774/693 3773/703
f 1215/2109 1223/218 1224/207 1216/206
f 1215/2109 4822/2110 1222/2111 1223/218
f 1215/2109 3773/703 3772/710 4822/2110
f 1216/206 1217/197 3775/196 3774/693
f 1218/2112 1219/2113 3779/2114 3778/2115
f 1218/2112 4095/2116 1225/2117 1219/2113
f 1218/2112 5112/2118 3393/2119 4095/2116
f 1218/2112 3778/2115 3777/2120 5112/2118
f 1219/2113 1220/2121 3780/2122 3779/2114
f 1219/2113 1225/2117 1226/2123 1220/2121
f 1220/2121 1226/2123 1227/2124 1221/2125
f 1220/2121 1221/2125 3781/2126 3780/2122
f 1221/2125 1227/2124 1228/231 1222/2111
f 1221/2125 1222/2111 4822/2110 3781/2126
f 1222/2111 1228/231 1229/219 1223/218
f 1225/2117 4096/2127 1230/2128 1226/2123
f 1225/2117 4095/2116 1430/2129 4096/2127
f 1226/2123 1230/2128 1231/240 1227/2124
f 1227/2124 1231/240 1232/229 1228/231
f 1230/2128 4096/2127 4097/241 4098/239
f 1230/2128 4098/239 5074/238 1231/240
f 1233/2130 4047/2131 1237/2048 1238/2051
f 1233/2130 4041/2132 4040/2133 4047/2131
f 1233/2130 1234/2134 4042/2135 4041/2132
f 1233/2130 1238/2051 1239/2054 1234/2134
f 1234/2134 1239/2054 1240/2057 1235/2136
f 1234/2134 1235/2136 5142/2137 4042/2135
f 1235/2136 1240/2057 1241/1999 4706/2138
f 1235/2136 4706/2138 1315/2139 5142/2137
f 1236/2049 4050/2140 1243/2066 1244/2045
f 1236/2049 4046/2141 4045/2142 4050/2140
f 1236/2049 1237/2048 4047/2131 4046/2141
f 1241/1999 5149/1998 1318/2001 4706/2138
f 1242/2062 4049/2143 4048/2144 4052/2059
f 1242/2062 1243/2066 4050/2140 4049/2143
f 1246/1628 1250/1943 1251/1946 1247/1633
f 1247/1633 1251/1946 1252/2145 1248/1634
f 1248/1634 1252/2145 1253/2146 1249/1637
f 1249/1637 1253/2146 4043/2147 4036/1640
f 1251/1946 1254/1945 1255/1948 1252/2145
f 1252/2145 1255/1948 1256/2148 1253/2146
f 1253/2146 1256/2148 4048/2144 4043/2147
f 1255/1948 1257/1947 4051/1949 1256/2148
f 1256/2148 4051/1949 4052/2059 4048/2144
f 1258/2149 1272/2150 1275/2151 1276/2152
f 1258/2149 1476/2153 4879/2154 1272/2150
f 1258/2149 1485/2155 1477/2156 1476/2153
f 1258/2149 1276/2152 1259/2157 1485/2155
f 1259/2157 1493/2158 1486/2159 1485/2155
f 1259/2157 4880/2160 1260/2161 1493/2158
f 1259/2157 1276/2152 1281/2162 4880/2160
f 1260/2163 1499/2164 1494/2165 1493/2166
f 1260/2163 1261/2167 1262/2168 1499/2164
f 1260/2161 4880/2160 1287/2169 1261/2170
f 1261/2170 1287/2169 1293/2171 1294/2172
f 1261/2167 1294/2173 1263/665 1262/2168
f 1262/2168 1503/2174 1500/2175 1499/2164
f 1262/2168 1263/665 1264/664 1503/2174
f 1263/665 1294/2173 1301/2176 5144/666
f 1264/664 1506/668 1504/1984 1503/2174
f 1265/198 1266/201 1267/2177 1452/2178
f 1265/198 1452/2178 1439/1569 5066/199
f 1266/201 1268/204 1269/2179 1267/2177
f 1267/2177 1465/2180 1453/2181 1452/2178
f 1267/2177 1269/2179 4879/2154 1465/2180
f 1268/204 1270/2182 1271/2183 1269/2179
f 1268/204 1302/203 1303/211 1270/2182
f 1269/2179 1271/2183 1272/2150 4879/2154
f 1270/2182 1273/2184 1274/2185 1271/2183
f 1270/2182 1303/211 4705/213 1273/2184
f 1271/2183 1274/2185 1275/2151 1272/2150
f 1273/2184 1278/2186 1279/2187 1274/2185
f 1273/2184 4705/213 1277/216 1278/2186
f 1274/2185 1279/2187 1280/2188 1275/2151
f 1275/2151 1280/2188 1281/2162 1276/2152
f 1277/216 1304/215 1305/225 1282/2189
f 1277/216 1282/2189 1283/2190 1278/2186
f 1278/2186 1283/2190 1284/2191 1279/2187
f 1279/2187 1284/2191 1285/2192 1280/2188
f 1280/2188 1285/2192 1286/2193 1281/2162
f 1281/2162 1286/2193 1287/2169 4880/2160
f 1282/2189 1305/225 1306/227 1288/2194
f 1282/2189 1288/2194 1289/2195 1283/2190
f 1283/2190 1289/2195 1290/2196 1284/2191
f 1284/2191 1290/2196 1291/2197 1285/2192
f 1285/2192 1291/2197 1292/2198 1286/2193
f 1286/2193 1292/2198 1293/2171 1287/2169
f 1288/2194 1295/2199 1296/2200 1289/2195
f 1288/2194 1306/227 1307/2201 1295/2199
f 1289/2195 1296/2200 1297/2202 1290/2196
f 1290/2196 1297/2202 1298/2203 1291/2197
f 1291/2197 1298/2203 1299/2204 1292/2198
f 1292/2198 1299/2204 1300/2205 1293/2171
f 1293/2171 1300/2205 1301/2206 1294/2172
f 1295/2199 4222/2207 4223/2208 1296/2200
f 1295/2199 1307/2201 5070/2209 4222/2207
f 1296/2200 4223/2208 4224/2210 1297/2202
f 1297/2202 4224/2210 4225/2211 1298/2203
f 1298/2203 4225/2211 4226/2212 1299/2204
f 1299/2204 4226/2212 4227/2213 1300/2205
f 1300/2205 4227/2213 4228/2214 1301/2206
f 1301/2176 4228/2215 2804/680 5144/666
f 1306/227 1308/226 1309/237 1307/2201
f 1307/2201 1309/237 3449/2216 5070/2209
f 1309/237 3403/236 3389/2217 3449/2216
f 1311/1434 3614/1438 3607/2218 1313/1823
f 1313/1823 3607/2218 5146/2219 1314/1821
f 1314/1821 5146/2219 4783/1866 5082/1822
f 1315/2139 1316/2004 1323/2220 1322/2221
f 1315/2139 4706/2138 1318/2001 1316/2004
f 1315/2139 1322/2221 1334/2222 5142/2137
f 1316/2004 1317/2003 1324/1364 1323/2220
f 1319/1355 1328/1982 4707/2223 1320/1356
f 1320/1356 1323/2220 1324/1364 1321/1352
f 1320/1356 4707/2223 1322/2221 1323/2220
f 1322/2221 4707/2223 1332/2224 1334/2222
f 1326/1979 1331/1986 1332/2224 1327/1981
f 1327/1981 1332/2224 4707/2223 1328/1982
f 1329/1983 1610/2225 1613/2226 1330/1985
f 1329/1983 1606/667 1605/670 1610/2225
f 1330/1985 1613/2226 1333/2227 1331/1986
f 1331/1986 1333/2227 1334/2222 1332/2224
f 1333/2227 1614/2228 5142/2137 1334/2222
f 1333/2227 1613/2226 1612/2229 1614/2228
f 1335/2230 1341/2231 1342/2232 1336/2233
f 1335/2230 1394/2234 1395/2235 1341/2231
f 1335/2230 4708/2236 5063/2237 1394/2234
f 1335/2230 1336/2233 4709/2238 4708/2236
f 1336/2233 1342/2232 1343/2239 1337/2240
f 1336/2233 1337/2240 4710/2241 4709/2238
f 1337/2240 1343/2239 1344/2242 1338/2243
f 1337/2240 1338/2243 4711/2244 4710/2241
f 1338/2243 1344/2242 1345/2245 1339/2246
f 1338/2243 1339/2246 4712/2247 4711/2244
f 1339/2246 1345/2245 1894/2248 1340/2249
f 1339/2246 1340/2249 4713/2250 4712/2247
f 1340/2249 1894/2248 1902/2251 1903/2252
f 1340/2249 1903/2252 5141/2253 4713/2250
f 1341/2231 1346/2254 1347/2255 1342/2232
f 1341/2231 1395/2235 1396/2256 1346/2254
f 1342/2232 1347/2255 1348/2257 1343/2239
f 1343/2239 1348/2257 1349/2258 1344/2242
f 1344/2242 1349/2258 1350/2259 1345/2245
f 1345/2245 1350/2259 1893/2260 1894/2248
f 1346/2254 1351/2261 1352/2262 1347/2255
f 1346/2254 1396/2256 1397/2263 1351/2261
f 1347/2255 1352/2262 1353/2264 1348/2257
f 1348/2257 1353/2264 1354/2265 1349/2258
f 1349/2258 1354/2265 1886/2266 1350/2259
f 1350/2259 1886/2266 1892/2267 1893/2260
f 1351/2261 1397/2263 1398/2268 1355/2269
f 1351/2261 1355/2269 1356/2270 1352/2262
f 1352/2262 1356/2270 1357/2271 1353/2264
f 1353/2264 1357/2271 1880/2272 1354/2265
f 1354/2265 1880/2272 1885/2273 1886/2266
f 1355/2269 1398/2268 1399/2274 1358/2275
f 1355/2269 1358/2275 1359/2276 1356/2270
f 1356/2270 1359/2276 1360/2277 1357/2271
f 1357/2271 1360/2277 1879/2278 1880/2272
f 1358/2275 1399/2274 1400/2279 1401/2280
f 1358/2275 1401/2280 1361/2281 1359/2276
f 1359/2276 1361/2281 1875/2282 1360/2277
f 1360/2277 1875/2282 1878/2283 1879/2278
f 1361/2281 1362/2284 1874/2285 1875/2282
f 1361/2281 1401/2280 1403/2286 1362/2284
f 1362/2284 1872/2287 1873/2288 1874/2285
f 1362/2284 1403/2286 1405/2289 1872/2287
f 1363/2290 3995/2291 3996/2292 4063/2293
f 1363/2290 4713/2250 5141/2253 3995/2291
f 1363/2290 1364/2294 4712/2247 4713/2250
f 1363/2290 4063/2293 1369/2295 1364/2294
f 1364/2294 1369/2295 1370/2296 1365/2297
f 1364/2294 1365/2297 4711/2244 4712/2247
f 1365/2297 1370/2296 1371/2298 1366/2299
f 1365/2297 1366/2299 4710/2241 4711/2244
f 1366/2299 1371/2298 1372/2300 1367/2301
f 1366/2299 1367/2301 4709/2238 4710/2241
f 1367/2301 1372/2300 4053/2302 1368/2303
f 1367/2301 1368/2303 4708/2236 4709/2238
f 1368/2303 4053/2302 4818/2304 4817/2305
f 1368/2303 4817/2305 5063/2237 4708/2236
f 1369/2295 4063/2293 4064/2306 4059/2307
f 1369/2295 4059/2307 1373/2308 1370/2296
f 1370/2296 1373/2308 1374/2309 1371/2298
f 1371/2298 1374/2309 1375/2310 1372/2300
f 1372/2300 1375/2310 4054/2311 4053/2302
f 1373/2308 4059/2307 4060/2312 4057/2313
f 1373/2308 4057/2313 1376/2314 1374/2309
f 1374/2309 1376/2314 4055/2315 1375/2310
f 1375/2310 4055/2315 4056/2316 4054/2311
f 1376/2314 4057/2313 4058/2317 3197/2318
f 1376/2314 3197/2318 4068/2319 4055/2315
f 1377/2320 4610/2321 4611/2322 4081/2323
f 1377/2320 5045/2324 5044/2325 4610/2321
f 1377/2320 1378/2326 5046/2327 5045/2324
f 1377/2320 4081/2323 1383/2328 1378/2326
f 1378/2326 1379/2329 5047/2330 5046/2327
f 1378/2326 1383/2328 1384/2331 1379/2329
f 1379/2329 1380/2332 5048/2333 5047/2330
f 1379/2329 1384/2331 1385/2334 1380/2332
f 1380/2332 1385/2334 1386/2335 1381/2336
f 1380/2332 1381/2336 5049/2337 5048/2333
f 1381/2336 1386/2335 2822/2338 1382/2339
f 1381/2336 1382/2339 5050/2340 5049/2337
f 1382/2339 2822/2338 2823/2341 5075/2342
f 1382/2339 5075/2342 4654/2343 5050/2340
f 1383/2328 1387/2344 1388/2345 1384/2331
f 1383/2328 4081/2323 4083/2346 1387/2344
f 1384/2331 1388/2345 1389/2347 1385/2334
f 1385/2334 1389/2347 2825/2348 1386/2335
f 1386/2335 2825/2348 2826/2349 2822/2338
f 1387/2344 1390/2350 1391/2351 1388/2345
f 1387/2344 4083/2346 4085/2352 1390/2350
f 1388/2345 1391/2351 2830/2353 1389/2347
f 1389/2347 2830/2353 2831/2354 2825/2348
f 1390/2350 4085/2352 4569/2355 1392/2356
f 1390/2350 1392/2356 2837/2357 1391/2351
f 1391/2351 2837/2357 2838/2358 2830/2353
f 1392/2356 4569/2355 4572/2359 2489/2360
f 1392/2356 2489/2360 2490/2361 2837/2357
f 1393/497 5117/2362 4871/1847 5151/498
f 1393/497 4876/500 4640/2363 5117/2362
f 1394/2234 2026/2364 2030/2365 1395/2235
f 1394/2234 5063/2237 2022/2366 2026/2364
f 1395/2235 2030/2365 2033/2367 1396/2256
f 1396/2256 2033/2367 2036/2368 1397/2263
f 1397/2263 2036/2368 2039/2369 1398/2268
f 1398/2268 2039/2369 2041/2370 1399/2274
f 1399/2274 2041/2370 2043/2371 1400/2279
f 1400/2279 1402/2372 1403/2286 1401/2280
f 1400/2279 2043/2371 2045/2373 1402/2372
f 1402/2372 1404/2374 1405/2289 1403/2286
f 1402/2372 2045/2373 2046/2375 1404/2374
f 1404/2374 1406/2376 3190/2377 1405/2289
f 1404/2374 2046/2375 2047/2378 1406/2376
f 1405/2289 3190/2377 2254/2379 1872/2287
f 1406/2376 3192/1878 3191/2380 3190/2377
f 1406/2376 2047/2378 5114/1876 3192/1878
f 1407/2381 1409/2382 4868/2383 3098/2384
f 1407/2381 3070/2385 1408/2386 1409/2382
f 1407/2381 5076/2387 4719/2388 3070/2385
f 1407/2381 3098/2384 3096/2389 5076/2387
f 1408/2386 3072/2390 3073/2391 1410/2392
f 1408/2386 3070/2385 3071/2393 3072/2390
f 1408/2386 1410/2392 1411/2394 1409/2382
f 1409/2382 1411/2394 1412/2395 4868/2383
f 1410/2392 1414/2396 1415/2397 1411/2394
f 1410/2392 3073/2391 1413/2398 1414/2396
f 1411/2394 1415/2397 1416/2399 1412/2395
f 1412/2395 1416/2399 4869/2400 3101/2401
f 1412/2395 3101/2401 3100/2402 4868/2383
f 1413/2398 3077/2403 1417/2404 1418/2405
f 1413/2398 3073/2391 3076/2406 3077/2403
f 1413/2398 1418/2405 1419/2407 1414/2396
f 1414/2396 1419/2407 1420/2408 1415/2397
f 1415/2397 1420/2408 1421/2409 1416/2399
f 1416/2399 1421/2409 1422/2410 4869/2400
f 1417/2404 3082/642 2958/637 2925/2411
f 1417/2404 3077/2403 3081/2412 3082/642
f 1417/2404 2925/2411 4240/2413 1418/2405
f 1418/2405 4240/2413 1423/2414 1419/2407
f 1419/2407 1423/2414 1424/2415 1420/2408
f 1420/2408 1424/2415 1425/2416 1421/2409
f 1421/2409 1425/2416 1426/2417 1422/2410
f 1422/2410 1426/2417 4870/2418 3103/2419
f 1422/2410 3103/2419 3102/2420 4869/2400
f 1423/2414 4241/2421 4242/2422 1424/2415
f 1423/2414 4240/2413 2929/2423 4241/2421
f 1424/2415 4242/2422 4243/2424 1425/2416
f 1425/2416 4243/2424 1427/2425 1426/2417
f 1426/2417 1427/2425 1428/2426 4870/2418
f 1427/2425 4246/2427 4247/6 1428/2426
f 1427/2425 4243/2424 4245/2428 4246/2427
f 1428/2426 4247/6 5086/5 4340/8
f 1428/2426 4340/8 4339/12 4870/2418
f 1429/2429 3626/2430 4773/2431 3673/2432
f 1429/2429 5095/2433 3627/2434 3626/2430
f 1429/2429 3650/2435 3718/2436 5095/2433
f 1429/2429 3673/2432 3651/2437 3650/2435
f 1430/2129 1431/2438 4097/241 4096/2127
f 1430/2129 3397/2439 3400/2440 1431/2438
f 1430/2129 4095/2116 3393/2119 3397/2439
f 1431/2438 4099/234 4100/233 4097/241
f 1431/2438 3400/2440 3402/235 4099/234
f 1432/1518 1446/1529 1447/2441 1433/1514
f 1433/1514 1447/2441 1448/2442 1434/1511
f 1434/1511 1448/2442 1449/2443 1435/1508
f 1435/1508 1449/2443 1450/2444 1436/1506
f 1436/1506 1450/2444 1451/1950 1437/1504
f 1439/1569 1452/2178 1453/2181 1440/1565
f 1440/1565 1453/2181 1454/2445 1441/1559
f 1441/1559 1454/2445 1455/2446 1442/1551
f 1442/1551 1455/2446 1456/2447 1443/1552
f 1443/1536 1456/2448 1457/2449 1444/1530
f 1444/1530 1457/2449 1458/2450 1445/1528
f 1445/1528 1458/2450 1459/2451 1446/1529
f 1446/1529 1459/2451 1460/2452 1447/2441
f 1447/2441 1460/2452 1461/2453 1448/2442
f 1448/2442 1461/2453 1462/2454 1449/2443
f 1449/2443 1462/2454 1463/1956 1450/2444
f 1450/2444 1463/1956 1464/1951 1451/1950
f 1453/2181 1465/2180 1466/2455 1454/2445
f 1454/2445 1466/2455 1467/2456 1455/2446
f 1455/2446 1467/2456 1468/2457 1456/2447
f 1456/2448 1468/2458 1469/2459 1457/2449
f 1457/2449 1469/2459 1470/2460 1458/2450
f 1458/2450 1470/2460 1471/2461 1459/2451
f 1459/2451 1471/2461 1472/2462 1460/2452
f 1460/2452 1472/2462 1473/2463 1461/2453
f 1461/2453 1473/2463 1474/1960 1462/2454
f 1462/2454 1474/1960 1475/1954 1463/1956
f 1465/2180 4879/2154 1476/2153 1466/2455
f 1466/2455 1476/2153 1477/2156 1467/2456
f 1467/2456 1477/2156 1478/2464 1468/2457
f 1468/2458 1478/2465 1479/2466 1469/2459
f 1469/2459 1479/2466 1480/2467 1470/2460
f 1470/2460 1480/2467 1481/2468 1471/2461
f 1471/2461 1481/2468 1482/2469 1472/2462
f 1472/2462 1482/2469 1483/2470 1473/2463
f 1473/2463 1483/2470 1484/1957 1474/1960
f 1477/2156 1485/2155 1486/2159 1478/2464
f 1478/2465 1486/2471 1487/2472 1479/2466
f 1479/2466 1487/2472 1488/2473 1480/2467
f 1480/2467 1488/2473 1489/2474 1481/2468
f 1481/2468 1489/2474 1490/2475 1482/2469
f 1482/2469 1490/2475 1491/1969 1483/2470
f 1483/2470 1491/1969 1492/1958 1484/1957
f 1486/2471 1493/2166 1494/2165 1487/2472
f 1487/2472 1494/2165 1495/2476 1488/2473
f 1488/2473 1495/2476 1496/2477 1489/2474
f 1489/2474 1496/2477 1497/1974 1490/2475
f 1490/2475 1497/1974 1498/1967 1491/1969
f 1494/2165 1499/2164 1500/2175 1495/2476
f 1495/2476 1500/2175 1501/2478 1496/2477
f 1496/2477 1501/2478 1502/1971 1497/1974
f 1500/2175 1503/2174 1504/1984 1501/2478
f 1501/2478 1504/1984 1505/1972 1502/1971
f 1507/1542 1509/2479 1510/1555 1508/1538
f 1507/1542 4909/2480 4908/2481 1509/2479
f 1507/1542 5136/1541 4910/2482 4909/2480
f 1509/2479 1512/2483 1513/2484 1510/1555
f 1509/2479 4908/2481 4907/2485 1512/2483
f 1510/1555 1513/2484 1514/1560 1511/1553
f 1512/2483 1517/2486 1518/2487 1513/2484
f 1512/2483 4907/2485 4906/2488 1517/2486
f 1513/2484 1518/2487 1519/2489 1514/1560
f 1514/1560 1519/2489 1520/2490 1515/1561
f 1515/1561 1520/2490 1521/1568 1516/1562
f 1517/2486 1523/2491 1524/2492 1518/2487
f 1517/2486 4906/2488 4905/2493 1523/2491
f 1518/2487 1524/2492 1525/2494 1519/2489
f 1519/2489 1525/2494 1526/2495 1520/2490
f 1520/2490 1526/2495 1527/2496 1521/1568
f 1521/1568 1527/2496 1528/1570 1522/1566
f 1523/2491 1530/2497 1531/2498 1524/2492
f 1523/2491 4905/2493 4904/2499 1530/2497
f 1524/2492 1531/2498 1532/2500 1525/2494
f 1525/2494 1532/2500 1533/2501 1526/2495
f 1526/2495 1533/2501 1534/2502 1527/2496
f 1527/2496 1534/2502 4509/2503 1528/1570
f 1528/1570 4509/2503 4512/2504 1529/1571
f 1529/1571 4512/2504 4564/2505 5066/199
f 1530/2497 1535/2506 1536/2507 1531/2498
f 1530/2497 4904/2499 4903/2508 1535/2506
f 1531/2498 1536/2507 1537/2509 1532/2500
f 1532/2500 1537/2509 4496/2510 1533/2501
f 1533/2501 4496/2510 4503/2511 1534/2502
f 1534/2502 4503/2511 4508/2512 4509/2503
f 1535/2506 1538/2513 4486/2514 1536/2507
f 1535/2506 4903/2508 4902/2515 1538/2513
f 1536/2507 4486/2514 4490/2516 1537/2509
f 1537/2509 4490/2516 4495/2517 4496/2510
f 1538/2513 4483/2518 4485/2519 4486/2514
f 1538/2513 4902/2515 4999/2520 4483/2518
f 1539/87 4124/2521 4127/2522 1540/2523
f 1539/87 5061/86 4117/85 4124/2521
f 1539/87 1540/2523 4192/2524 4191/88
f 1540/2523 4127/2522 4899/2525 1541/2526
f 1540/2523 1541/2526 4195/2527 4192/2524
f 1541/2526 4200/2528 4201/2529 4195/2527
f 1541/2526 4899/2525 4101/2530 4200/2528
f 1543/2531 1544/2532 4209/2533 4208/2534
f 1543/2531 1552/1797 1553/1799 1544/2532
f 1543/2531 5133/164 1637/163 1552/1797
f 1543/2531 4208/2534 4102/2535 5133/164
f 1544/2532 1545/2536 4210/2537 4209/2533
f 1544/2532 1553/1799 1554/2538 1545/2536
f 1545/2536 1546/2539 4211/2540 4210/2537
f 1545/2536 1554/2538 1555/2541 1546/2539
f 1546/2539 1547/2542 4212/2543 4211/2540
f 1546/2539 1555/2541 1556/2544 1547/2542
f 1547/2542 1556/2544 1557/2545 1548/2546
f 1547/2542 1548/2546 4213/2547 4212/2543
f 1548/2546 1557/2545 1558/2548 1549/2549
f 1548/2546 1549/2549 4214/2550 4213/2547
f 1549/2549 1558/2548 1559/2551 1550/2552
f 1549/2549 1550/2552 4215/2553 4214/2550
f 1550/2552 1559/2551 1560/2554 1551/2555
f 1550/2552 1551/2555 4216/2556 4215/2553
f 1551/2555 1560/2554 2165/2557 2164/2558
f 1551/2555 2164/2558 5109/2559 4216/2556
f 1553/1799 1561/1798 1562/2560 1554/2538
f 1554/2538 1562/2560 1563/2561 1555/2541
f 1555/2541 1563/2561 1564/2562 1556/2544
f 1556/2544 1564/2562 1565/2563 1557/2545
f 1557/2545 1565/2563 1566/2564 1558/2548
f 1558/2548 1566/2564 1567/2565 1559/2551
f 1559/2551 1567/2565 2166/2566 1560/2554
f 1560/2554 2166/2566 2167/2567 2165/2557
f 1561/1798 1568/1783 1569/1787 1562/2560
f 1562/2560 1569/1787 1570/2568 1563/2561
f 1563/2561 1570/2568 1571/2569 1564/2562
f 1564/2562 1571/2569 1572/2570 1565/2563
f 1565/2563 1572/2570 1573/2571 1566/2564
f 1566/2564 1573/2571 1574/2572 1567/2565
f 1567/2565 1574/2572 2168/2573 2166/2566
f 1569/1787 1575/1786 1576/2574 1570/2568
f 1570/2568 1576/2574 1577/2575 1571/2569
f 1571/2569 1577/2575 1578/2576 1572/2570
f 1572/2570 1578/2576 1579/2577 1573/2571
f 1573/2571 1579/2577 2170/2578 1574/2572
f 1574/2572 2170/2578 2171/2579 2168/2573
f 1575/1786 1580/1789 1581/2580 1576/2574
f 1576/2574 1581/2580 1582/2581 1577/2575
f 1577/2575 1582/2581 1583/2582 1578/2576
f 1578/2576 1583/2582 1584/2583 1579/2577
f 1579/2577 1584/2583 2174/2584 2170/2578
f 1581/1777 1585/1776 1586/2585 1582/2586
f 1582/2586 1586/2585 1587/2587 1583/2588
f 1583/2588 1587/2587 1588/2589 1584/2590
f 1584/2590 1588/2589 2178/2591 2174/2592
f 1585/1776 1589/1765 1590/1769 1586/2585
f 1586/2585 1590/1769 1591/2593 1587/2587
f 1587/2587 1591/2593 2182/2594 1588/2589
f 1588/2589 2182/2594 2183/2595 2178/2591
f 1590/1769 1592/1768 1593/2596 1591/2593
f 1591/2593 1593/2596 2187/2597 2182/2594
f 1592/1768 1594/1761 2192/1763 1593/2596
f 1593/2596 2192/1763 2193/2598 2187/2597
f 1595/2599 2210/1626 2211/1625 2212/2600
f 1595/2599 3979/2601 5129/661 2210/1626
f 1595/2599 1596/688 3978/690 3979/2601
f 1595/2599 2212/2600 1597/689 1596/688
f 1597/689 2212/2600 2214/2602 2215/2603
f 1597/689 2215/2603 1601/2604 1598/686
f 1598/686 1601/2604 1602/2605 1599/683
f 1599/683 1602/2605 1603/676 1600/675
f 1601/2604 2215/2603 2218/2606 2219/2607
f 1601/2604 2219/2607 1607/2608 1602/2605
f 1602/2605 1607/2608 1608/2609 1603/676
f 1603/676 1608/2609 1609/2610 1604/674
f 1604/674 1609/2610 1610/2225 1605/670
f 1607/2608 2224/2611 1611/2612 1608/2609
f 1607/2608 2219/2607 2223/2613 2224/2611
f 1608/2609 1611/2612 1612/2229 1609/2610
f 1609/2610 1612/2229 1613/2226 1610/2225
f 1611/2612 2230/2614 1614/2228 1612/2229
f 1611/2612 2224/2611 2229/2615 2230/2614
f 1614/2228 2230/2614 4042/2135 5142/2137
f 1615/2616 2440/2617 3955/2618 3954/2619
f 1615/2616 1616/2620 1617/2621 2440/2617
f 1615/2616 2195/2622 2196/2623 1616/2620
f 1615/2616 3954/2619 5105/2624 2195/2622
f 1616/2620 2196/2623 2197/2625 1619/2626
f 1616/2620 1619/2626 1620/2627 1617/2621
f 1617/2621 1620/2627 1621/2628 1618/2629
f 1617/2621 1618/2629 2441/2630 2440/2617
f 1618/2629 2442/2631 5000/2632 2441/2630
f 1618/2629 1621/2628 1622/2633 2442/2631
f 1619/2626 2197/2625 2199/2634 5131/2635
f 1619/2626 5131/2635 1623/2636 1620/2627
f 1620/2627 1623/2636 1624/2637 1621/2628
f 1621/2628 1624/2637 1625/2638 1622/2633
f 1622/2633 2446/2639 2443/2640 2442/2631
f 1622/2633 1625/2638 1626/2641 2446/2639
f 1623/2636 2462/2642 2461/2643 1624/2637
f 1623/2636 5131/2635 2463/2644 2462/2642
f 1624/2637 2461/2643 2460/2645 1625/2638
f 1625/2638 2460/2645 2459/2646 1626/2641
f 1626/2641 2459/2646 2458/2647 1627/2648
f 1626/2641 1627/2648 2447/2649 2446/2639
f 1627/2648 2453/2650 2448/2651 2447/2649
f 1627/2648 2458/2647 2457/2652 2453/2650
f 1628/2653 2344/2654 1631/2655 1629/2656
f 1628/2653 2341/2657 2343/2658 2344/2654
f 1628/2653 2207/2659 2204/2660 2341/2657
f 1628/2653 1629/2656 2209/2661 2207/2659
f 1629/2656 1630/2662 2201/2663 2209/2661
f 1629/2656 1631/2655 1632/2664 1630/2662
f 1630/2662 5131/2635 2199/2634 2201/2663
f 1630/2662 1632/2664 2463/2644 5131/2635
f 1631/2655 2344/2654 2347/2665 2348/2666
f 1631/2655 2348/2666 2349/2667 1632/2664
f 1632/2664 2349/2667 2456/2668 2463/2644
f 1633/1791 1641/2669 1642/2670 1634/1792
f 1634/1792 1642/2670 1643/2671 1635/1793
f 1635/1793 1643/2671 1644/2672 1636/1794
f 1636/1794 1644/2672 2912/2673 2913/1795
f 1638/162 1645/161 1646/173 1639/1800
f 1639/1800 1646/173 1647/2674 1640/1801
f 1640/1801 1647/2674 1648/2675 1641/1802
f 1641/2669 1648/2676 1649/2677 1642/2670
f 1642/2670 1649/2677 1650/2678 1643/2671
f 1643/2671 1650/2678 2906/2679 1644/2672
f 1644/2672 2906/2679 2911/2680 2912/2673
f 1646/173 1651/172 1652/179 1647/2674
f 1647/2674 1652/179 1653/2681 1648/2675
f 1648/2676 1653/2682 1654/2683 1649/2677
f 1649/2677 1654/2683 1655/2684 1650/2678
f 1650/2678 1655/2684 2905/2685 2906/2679
f 1652/179 1656/178 1657/183 1653/2681
f 1653/2682 1657/2686 1658/2687 1654/2683
f 1654/2683 1658/2687 2901/2688 1655/2684
f 1655/2684 2901/2688 2904/2689 2905/2685
f 1657/2686 1659/189 1660/188 1658/2687
f 1658/2687 1660/188 2900/2690 2901/2688
f 1660/188 2898/187 2899/2691 2900/2690
f 1661/757 1708/2692 4730/2693 1662/755
f 1661/757 5100/826 4737/827 1708/2692
f 1662/755 4730/2693 1663/2694 1664/756
f 1663/2694 1721/2695 4731/2696 1665/2697
f 1663/2694 4730/2693 1714/2698 1721/2695
f 1663/2694 1665/2697 1666/760 1664/756
f 1665/2697 1668/2699 1669/763 1666/760
f 1665/2697 4731/2696 1667/2700 1668/2699
f 1667/2700 1730/2701 4732/2702 1670/2703
f 1667/2700 4731/2696 1726/2704 1730/2701
f 1667/2700 1670/2703 1671/2705 1668/2699
f 1668/2699 1671/2705 1672/766 1669/763
f 1670/2703 1674/1744 1675/1740 1671/2705
f 1670/2703 4732/2702 1673/1746 1674/1744
f 1671/2705 1675/1740 1676/1739 1672/766
f 1673/1746 4732/2702 1732/60 1733/59
f 1677/58 1678/57 2554/2706 2553/2707
f 1677/58 2553/2707 4750/2708 5143/61
f 1678/57 1679/56 2557/2709 2554/2706
f 1679/56 1824/49 2559/2710 2557/2709
f 1680/803 1682/2711 1683/816 1681/804
f 1680/803 4122/806 4118/2712 1682/2711
f 1682/2711 1686/2713 1687/2714 1683/816
f 1682/2711 4118/2712 4113/2715 1686/2713
f 1683/816 1687/2714 1688/2716 1684/814
f 1684/814 1688/2716 1689/819 1685/815
f 1686/2713 1692/2717 1693/2718 1687/2714
f 1686/2713 4113/2715 4109/2719 1692/2717
f 1687/2714 1693/2718 1694/2720 1688/2716
f 1688/2716 1694/2720 1695/2721 1689/819
f 1689/819 1695/2721 1696/2722 1690/820
f 1690/820 1696/2722 3367/2723 1691/821
f 1691/821 3367/2723 2741/265 5068/94
f 1692/2717 4109/2719 4106/2724 1697/2725
f 1692/2717 1697/2725 1698/2726 1693/2718
f 1693/2718 1698/2726 1699/2727 1694/2720
f 1694/2720 1699/2727 1700/2728 1695/2721
f 1695/2721 1700/2728 3368/2729 1696/2722
f 1696/2722 3368/2729 2740/2730 3367/2723
f 1697/2725 4106/2724 4104/64 1701/2731
f 1697/2725 1701/2731 1702/2732 1698/2726
f 1698/2726 1702/2732 1703/2733 1699/2727
f 1699/2727 1703/2733 3369/2734 1700/2728
f 1700/2728 3369/2734 3370/2735 3368/2729
f 1701/2731 4104/64 4103/63 1704/2736
f 1701/2731 1704/2736 1705/2737 1702/2732
f 1702/2732 1705/2737 3371/2738 1703/2733
f 1703/2733 3371/2738 3372/2739 3369/2734
f 1704/2736 4103/63 3029/67 5122/555
f 1704/2736 5122/555 3373/2740 1705/2737
f 1705/2737 3373/2740 3374/2741 3371/2738
f 1706/2742 1707/2743 4738/2744 4739/2745
f 1706/2742 1713/2746 1714/2698 1707/2743
f 1706/2742 3257/2747 1712/2748 1713/2746
f 1706/2742 4739/2745 4740/2749 3257/2747
f 1707/2743 1714/2698 4730/2693 1708/2692
f 1707/2743 1708/2692 4737/827 4738/2744
f 1709/2750 1710/2751 3259/2752 3260/2753
f 1709/2750 1716/42 1717/2754 1710/2751
f 1709/2750 3256/2755 1715/40 1716/42
f 1709/2750 3260/2753 3261/2756 3256/2755
f 1710/2751 1717/2754 1718/2757 1711/2758
f 1710/2751 1711/2758 3258/2759 3259/2752
f 1711/2758 1718/2757 1719/2760 1712/2748
f 1711/2758 1712/2748 3257/2747 3258/2759
f 1712/2748 1719/2760 1720/2761 1713/2746
f 1713/2746 1720/2761 1721/2695 1714/2698
f 1715/40 3256/2755 1796/2762 1830/41
f 1716/42 1722/37 1723/48 1717/2754
f 1717/2754 1723/48 1724/2763 1718/2757
f 1718/2757 1724/2763 1725/2764 1719/2760
f 1719/2760 1725/2764 1726/2704 1720/2761
f 1720/2761 1726/2704 4731/2696 1721/2695
f 1723/48 1727/47 1728/54 1724/2763
f 1724/2763 1728/54 1729/2765 1725/2764
f 1725/2764 1729/2765 1730/2701 1726/2704
f 1728/54 1731/53 1732/60 1729/2765
f 1729/2765 1732/60 4732/2702 1730/2701
f 1734/2766 4147/2767 4136/1418 4135/1421
f 1734/2766 1735/2768 1736/2769 4147/2767
f 1734/2766 3494/2770 3500/2771 1735/2768
f 1734/2766 4135/1421 5097/1831 3494/2770
f 1735/2768 1738/2772 1739/2773 1736/2769
f 1735/2768 3500/2771 3505/2774 1738/2772
f 1736/2769 1739/2773 1740/2775 1737/2776
f 1736/2769 1737/2776 4148/2777 4147/2767
f 1737/2776 4158/2778 4149/2779 4148/2777
f 1737/2776 1740/2775 1741/2780 4158/2778
f 1738/2772 1742/2781 1743/2782 1739/2773
f 1738/2772 3505/2774 3509/2783 1742/2781
f 1739/2773 1743/2782 1744/2784 1740/2775
f 1740/2775 1744/2784 1745/2785 1741/2780
f 1741/2780 4167/2786 4159/2787 4158/2778
f 1741/2780 1745/2785 1746/2788 4167/2786
f 1742/2781 1748/2789 1749/2790 1743/2782
f 1742/2781 3509/2783 3512/2791 1748/2789
f 1743/2782 1749/2790 1750/2792 1744/2784
f 1744/2784 1750/2792 1751/2793 1745/2785
f 1745/2785 1751/2793 1752/2794 1746/2788
f 1746/2788 1752/2794 1753/2795 1747/2796
f 1746/2788 1747/2796 4168/2797 4167/2786
f 1747/2796 4175/2798 4169/2799 4168/2797
f 1747/2796 1753/2795 1754/2800 4175/2798
f 1748/2789 3512/2791 3514/488 1755/2801
f 1748/2789 1755/2801 1756/2802 1749/2790
f 1749/2790 1756/2802 1757/2803 1750/2792
f 1750/2792 1757/2803 1758/2804 1751/2793
f 1751/2793 1758/2804 1759/2805 1752/2794
f 1752/2794 1759/2805 1760/2806 1753/2795
f 1753/2795 1760/2806 1761/2807 1754/2800
f 1754/2800 4181/2808 4176/2809 4175/2798
f 1754/2800 1761/2807 1762/2810 4181/2808
f 1755/2801 3514/488 3515/487 1764/492
f 1755/2801 1764/492 1765/2811 1756/2802
f 1756/2802 1765/2811 1766/2812 1757/2803
f 1757/2803 1766/2812 1767/2813 1758/2804
f 1758/2804 1767/2813 1768/2814 1759/2805
f 1759/2805 1768/2814 1769/2815 1760/2806
f 1760/2806 1769/2815 1770/2816 1761/2807
f 1761/2807 1770/2816 1771/2817 1762/2810
f 1762/2810 1771/2817 1772/2818 1763/2819
f 1762/2810 1763/2819 4182/2820 4181/2808
f 1763/2819 4186/2821 4183/2822 4182/2820
f 1763/2819 1772/2818 1773/2823 4186/2821
f 1764/492 1774/491 1775/2824 1765/2811
f 1765/2811 1775/2824 1776/2825 1766/2812
f 1766/2812 1776/2825 1777/2826 1767/2813
f 1767/2813 1777/2826 1778/2827 1768/2814
f 1768/2814 1778/2827 1779/2828 1769/2815
f 1769/2815 1779/2828 1780/2829 1770/2816
f 1770/2816 1780/2829 1781/2830 1771/2817
f 1771/2817 1781/2830 1782/2831 1772/2818
f 1772/2818 1782/2831 1783/2832 1773/2823
f 1773/2823 4189/2833 4187/2834 4186/2821
f 1773/2823 1783/2832 1784/2835 4189/2833
f 1774/491 5126/490 4352/2836 1775/2824
f 1775/2824 4352/2836 4353/2837 1776/2825
f 1776/2825 4353/2837 4354/2838 1777/2826
f 1777/2826 4354/2838 4355/2839 1778/2827
f 1778/2827 4355/2839 4356/2840 1779/2828
f 1779/2828 4356/2840 4357/2841 1780/2829
f 1780/2829 4357/2841 4358/2842 1781/2830
f 1781/2830 4358/2842 4359/2843 1782/2831
f 1782/2831 4359/2843 4360/2844 1783/2832
f 1783/2832 4360/2844 4361/2845 1784/2835
f 1784/2835 4361/2845 4362/2846 1785/2847
f 1784/2835 1785/2847 4190/2848 4189/2833
f 1785/2847 4350/2849 2821/2850 4190/2848
f 1785/2847 4362/2846 3104/2851 4350/2849
f 1786/2852 3087/2853 3084/2854 3083/2855
f 1786/2852 1787/2856 3090/2857 3087/2853
f 1786/2852 4724/2858 4725/2859 1787/2856
f 1786/2852 3083/2855 4723/2860 4724/2858
f 1787/2856 1788/2861 3092/2862 3090/2857
f 1787/2856 4725/2859 4726/2863 1788/2861
f 1788/2861 1789/2864 3094/2865 3092/2862
f 1788/2861 4726/2863 4727/2866 1789/2864
f 1789/2864 1790/1753 3095/1752 3094/2865
f 1789/2864 4727/2866 4728/1756 1790/1753
f 1791/2867 1799/2868 2096/2869 2097/2870
f 1791/2867 1792/2871 1793/2872 1799/2868
f 1791/2867 2093/2873 2094/2874 1792/2871
f 1791/2867 2097/2870 2091/2875 2093/2873
f 1792/2871 1794/2876 1795/2877 1793/2872
f 1792/2871 2094/2874 5125/2878 1794/2876
f 1793/2872 1797/2879 1798/2880 1799/2868
f 1793/2872 1795/2877 1796/2762 1797/2879
f 1794/2876 1828/2881 1829/2882 1795/2877
f 1794/2876 5125/2878 2563/2883 1828/2881
f 1795/2877 1829/2882 1830/41 1796/2762
f 1796/2762 3256/2755 3261/2756 1797/2879
f 1797/2879 3261/2756 5128/2884 1798/2880
f 1798/2880 2095/2885 2096/2869 1799/2868
f 1798/2880 5128/2884 4743/2886 2095/2885
f 1800/2887 1802/2888 1803/2889 1801/2890
f 1800/2887 4835/2891 4836/2892 1802/2888
f 1800/2887 2124/2893 4834/2894 4835/2891
f 1800/2887 1801/2890 4843/2895 2124/2893
f 1801/2890 4844/2896 2088/2897 4843/2895
f 1801/2890 1803/2889 1804/2898 4844/2896
f 1802/2888 1805/2899 1806/2900 1803/2889
f 1802/2888 4836/2892 4837/2901 1805/2899
f 1803/2889 1806/2900 1807/2902 1804/2898
f 1804/2898 4845/2903 2089/2904 4844/2896
f 1804/2898 1807/2902 1808/2905 4845/2903
f 1805/2899 1809/2906 1810/2907 1806/2900
f 1805/2899 4837/2901 4838/2908 1809/2906
f 1806/2900 1810/2907 1811/2909 1807/2902
f 1807/2902 1811/2909 1812/2910 1808/2905
f 1808/2905 1812/2910 1813/2911 4846/2912
f 1808/2905 4846/2912 2092/2913 4845/2903
f 1809/2906 1814/2914 1815/2915 1810/2907
f 1809/2906 4838/2908 4839/2916 1814/2914
f 1810/2907 1815/2915 1816/2917 1811/2909
f 1811/2909 1816/2917 1817/2918 1812/2910
f 1812/2910 1817/2918 3480/2919 1813/2911
f 1813/2911 3480/2919 2570/2920 5125/2878
f 1813/2911 5125/2878 2094/2874 4846/2912
f 1814/2914 1818/2921 1819/2922 1815/2915
f 1814/2914 4839/2916 4840/2923 1818/2921
f 1815/2915 1819/2922 1820/2924 1816/2917
f 1816/2917 1820/2924 3481/2925 1817/2918
f 1817/2918 3481/2925 3482/2926 3480/2919
f 1818/2921 1821/2927 1822/2928 1819/2922
f 1818/2921 4840/2923 4841/2929 1821/2927
f 1819/2922 1822/2928 3483/2930 1820/2924
f 1820/2924 3483/2930 3484/2931 3481/2925
f 1821/2927 1823/2932 3486/2933 1822/2928
f 1821/2927 4841/2929 4842/2934 1823/2932
f 1822/2928 3486/2933 3487/2935 3483/2930
f 1823/2932 4633/2936 4634/2937 3486/2933
f 1823/2932 4842/2934 5062/2938 4633/2936
f 1824/49 1825/43 1834/2939 2559/2710
f 1825/43 1826/39 1833/2940 1834/2939
f 1826/39 1827/38 1832/2941 1833/2940
f 1827/38 1830/41 1829/2882 1832/2941
f 1828/2881 1831/2942 1832/2941 1829/2882
f 1828/2881 2563/2883 2564/2943 1831/2942
f 1831/2942 2564/2943 2565/2944 2562/2945
f 1831/2942 2562/2945 1833/2940 1832/2941
f 1833/2940 2562/2945 2561/2946 1834/2939
f 1834/2939 2561/2946 2560/2947 2559/2710
f 1835/1680 1836/1689 3732/2948 3666/1685
f 1836/1689 1837/1688 3731/2949 3732/2948
f 1837/1688 1838/1698 3730/2950 3731/2949
f 1838/1698 1839/1702 3729/2951 3730/2950
f 1839/1702 5119/1704 5104/2952 3729/2951
f 1840/20 3055/2953 1841/2954 1842/21
f 1840/20 3821/19 3517/2955 3055/2953
f 1841/2954 3059/2956 3063/2957 1843/2958
f 1841/2954 3055/2953 3054/2959 3059/2956
f 1841/2954 1843/2958 1844/22 1842/21
f 1843/2958 1846/2960 1847/23 1844/22
f 1843/2958 3063/2957 1845/2961 1846/2960
f 1845/2961 1849/2962 1850/2963 1846/2960
f 1845/2961 3066/2964 1848/2965 1849/2962
f 1845/2961 3063/2957 3062/2966 3066/2964
f 1846/2960 1850/2963 1851/24 1847/23
f 1848/2965 1853/2967 1854/2968 1849/2962
f 1848/2965 3068/2969 1852/2970 1853/2967
f 1848/2965 3066/2964 3065/2971 3068/2969
f 1849/2962 1854/2968 1855/2972 1850/2963
f 1850/2963 1855/2972 1856/25 1851/24
f 1852/2970 3069/2973 1857/2974 1858/2975
f 1852/2970 3068/2969 3067/2976 3069/2973
f 1852/2970 1858/2975 1859/2977 1853/2967
f 1853/2967 1859/2977 1860/2978 1854/2968
f 1854/2968 1860/2978 1861/2979 1855/2972
f 1855/2972 1861/2979 1862/30 1856/25
f 1857/2974 4886/2980 5080/2981 1863/2982
f 1857/2974 3069/2973 4885/2983 4886/2980
f 1857/2974 1863/2982 1864/2984 1858/2975
f 1858/2975 1864/2984 1865/2985 1859/2977
f 1859/2977 1865/2985 1866/2986 1860/2978
f 1860/2978 1866/2986 1867/2987 1861/2979
f 1861/2979 1867/2987 1868/33 1862/30
f 1863/2982 2815/2988 4346/2989 1864/2984
f 1863/2982 5080/2981 2812/2990 2815/2988
f 1864/2984 4346/2989 4347/2991 1865/2985
f 1865/2985 4347/2991 1869/2992 1866/2986
f 1866/2986 1869/2992 1870/2993 1867/2987
f 1867/2987 1870/2993 1871/2994 1868/33
f 1868/33 1871/2994 4324/2995 4325/31
f 1869/2992 4348/2996 4349/2997 1870/2993
f 1869/2992 4347/2991 2819/2998 4348/2996
f 1870/2993 4349/2997 4351/2999 1871/2994
f 1871/2994 4351/2999 4323/3000 4324/2995
f 1872/2287 2254/2379 2332/3001 1873/2288
f 1873/2288 2332/3001 2328/3002 1876/3003
f 1873/2288 1876/3003 1877/3004 1874/2285
f 1874/2285 1877/3004 1878/2283 1875/2282
f 1876/3003 2328/3002 2322/3005 1881/3006
f 1876/3003 1881/3006 1882/3007 1877/3004
f 1877/3004 1882/3007 1883/3008 1878/2283
f 1878/2283 1883/3008 1884/3009 1879/2278
f 1879/2278 1884/3009 1885/2273 1880/2272
f 1881/3006 1887/3010 1888/3011 1882/3007
f 1881/3006 2322/3005 2314/3012 1887/3010
f 1882/3007 1888/3011 1889/3013 1883/3008
f 1883/3008 1889/3013 1890/3014 1884/3009
f 1884/3009 1890/3014 1891/3015 1885/2273
f 1885/2273 1891/3015 1892/2267 1886/2266
f 1887/3010 1895/3016 1896/3017 1888/3011
f 1887/3010 2314/3012 2304/3018 1895/3016
f 1888/3011 1896/3017 1897/3019 1889/3013
f 1889/3013 1897/3019 1898/3020 1890/3014
f 1890/3014 1898/3020 1899/3021 1891/3015
f 1891/3015 1899/3021 1900/3022 1892/2267
f 1892/2267 1900/3022 1901/3023 1893/2260
f 1893/2260 1901/3023 1902/2251 1894/2248
f 1895/3016 1905/3024 1906/3025 1896/3017
f 1895/3016 2304/3018 1904/3026 1905/3024
f 1896/3017 1906/3025 1907/3027 1897/3019
f 1897/3019 1907/3027 1908/3028 1898/3020
f 1898/3020 1908/3028 1909/3029 1899/3021
f 1899/3021 1909/3029 1910/3030 1900/3022
f 1900/3022 1910/3030 1911/3031 1901/3023
f 1901/3023 1911/3031 1912/3032 1902/2251
f 1902/2251 1912/3032 4001/3033 1903/2252
f 1903/2252 4001/3033 3995/2291 5141/2253
f 1904/3026 2294/3034 2286/3035 1913/3036
f 1904/3026 2304/3018 2305/3037 2294/3034
f 1904/3026 1913/3036 1914/3038 1905/3024
f 1905/3024 1914/3038 1915/3039 1906/3025
f 1906/3025 1915/3039 1916/3040 1907/3027
f 1907/3027 1916/3040 1917/3041 1908/3028
f 1908/3028 1917/3041 1918/3042 1909/3029
f 1909/3029 1918/3042 1919/3043 1910/3030
f 1910/3030 1919/3043 4012/3044 1911/3031
f 1911/3031 4012/3044 4007/3045 1912/3032
f 1912/3032 4007/3045 4002/3046 4001/3033
f 1913/3036 2286/3035 2280/3047 1920/3048
f 1913/3036 1920/3048 1921/3049 1914/3038
f 1914/3038 1921/3049 1922/3050 1915/3039
f 1915/3039 1922/3050 1923/3051 1916/3040
f 1916/3040 1923/3051 1924/3052 1917/3041
f 1917/3041 1924/3052 4021/3053 1918/3042
f 1918/3042 4021/3053 4017/3054 1919/3043
f 1919/3043 4017/3054 4013/3055 4012/3044
f 1920/3048 2280/3047 2276/3056 1925/3057
f 1920/3048 1925/3057 1926/3058 1921/3049
f 1921/3049 1926/3058 1927/3059 1922/3050
f 1922/3050 1927/3059 4028/3060 1923/3051
f 1923/3051 4028/3060 4025/3061 1924/3052
f 1924/3052 4025/3061 4022/3062 4021/3053
f 1925/3057 1928/3063 4033/3064 1926/3058
f 1925/3057 2276/3056 2274/3065 1928/3063
f 1926/3058 4033/3064 4031/3066 1927/3059
f 1927/3059 4031/3066 4029/3067 4028/3060
f 1928/3063 4035/3068 4034/3069 4033/3064
f 1928/3063 2274/3065 5120/3070 4035/3068
f 1929/3071 3909/3072 3910/3073 3911/3074
f 1929/3071 4035/3068 5120/3070 3909/3072
f 1929/3071 1930/3075 4034/3069 4035/3068
f 1929/3071 3911/3074 1940/3076 1930/3075
f 1930/3075 1940/3076 1941/3077 1931/3078
f 1930/3075 1931/3078 4032/3079 4034/3069
f 1931/3078 1941/3077 1942/3080 1932/3081
f 1931/3078 1932/3081 4030/3082 4032/3079
f 1932/3081 1942/3080 1943/3083 1933/3084
f 1932/3081 1933/3084 4027/3085 4030/3082
f 1933/3084 1943/3083 1944/3086 1934/3087
f 1933/3084 1934/3087 4024/3088 4027/3085
f 1934/3087 1935/3089 4020/3090 4024/3088
f 1934/3087 1944/3086 1945/3091 1935/3089
f 1935/3089 1936/3092 4016/3093 4020/3090
f 1935/3089 1945/3091 1946/3094 1936/3092
f 1936/3092 1937/3095 4011/3096 4016/3093
f 1936/3092 1946/3094 1947/3097 1937/3095
f 1937/3095 1938/3098 4006/3099 4011/3096
f 1937/3095 1947/3097 1948/3100 1938/3098
f 1938/3098 1939/3101 4000/3102 4006/3099
f 1938/3098 1948/3100 1949/3103 1939/3101
f 1939/3101 5079/3104 4067/3105 4000/3102
f 1939/3101 1949/3103 3201/3106 5079/3104
f 1940/3076 1950/3107 1951/3108 1941/3077
f 1940/3076 3911/3074 3914/3109 1950/3107
f 1941/3077 1951/3108 1952/3110 1942/3080
f 1942/3080 1952/3110 1953/3111 1943/3083
f 1943/3083 1953/3111 1954/3112 1944/3086
f 1944/3086 1954/3112 1955/3113 1945/3091
f 1945/3091 1955/3113 1956/3114 1946/3094
f 1946/3094 1956/3114 1957/3115 1947/3097
f 1947/3097 1957/3115 1958/3116 1948/3100
f 1948/3100 1958/3116 1959/3117 1949/3103
f 1949/3103 1959/3117 3202/3118 3201/3106
f 1950/3107 3914/3109 3917/3119 3918/3120
f 1950/3107 3918/3120 1960/3121 1951/3108
f 1951/3108 1960/3121 1961/3122 1952/3110
f 1952/3110 1961/3122 1962/3123 1953/3111
f 1953/3111 1962/3123 1963/3124 1954/3112
f 1954/3112 1963/3124 1964/3125 1955/3113
f 1955/3113 1964/3125 1965/3126 1956/3114
f 1956/3114 1965/3126 1966/3127 1957/3115
f 1957/3115 1966/3127 1967/3128 1958/3116
f 1958/3116 1967/3128 3206/3129 1959/3117
f 1959/3117 3206/3129 3203/3130 3202/3118
f 1960/3121 1968/3131 1969/3132 1961/3122
f 1960/3121 3918/3120 3923/3133 1968/3131
f 1961/3122 1969/3132 1970/3134 1962/3123
f 1962/3123 1970/3134 1971/3135 1963/3124
f 1963/3124 1971/3135 1972/3136 1964/3125
f 1964/3125 1972/3136 1973/3137 1965/3126
f 1965/3126 1973/3137 1974/3138 1966/3127
f 1966/3127 1974/3138 1975/3139 1967/3128
f 1967/3128 1975/3139 3207/3140 3206/3129
f 1968/3131 3923/3133 3928/3141 3929/3142
f 1968/3131 3929/3142 1976/3143 1969/3132
f 1969/3132 1976/3143 1977/3144 1970/3134
f 1970/3134 1977/3144 1978/3145 1971/3135
f 1971/3135 1978/3145 1979/3146 1972/3136
f 1972/3136 1979/3146 1980/3147 1973/3137
f 1973/3137 1980/3147 1981/3148 1974/3138
f 1974/3138 1981/3148 3211/3149 1975/3139
f 1975/3139 3211/3149 3208/3150 3207/3140
f 1976/3143 1982/3151 1983/3152 1977/3144
f 1976/3143 3929/3142 3936/3153 1982/3151
f 1977/3144 1983/3152 1984/3154 1978/3145
f 1978/3145 1984/3154 1985/3155 1979/3146
f 1979/3146 1985/3155 1986/3156 1980/3147
f 1980/3147 1986/3156 1987/3157 1981/3148
f 1981/3148 1987/3157 3212/3158 3211/3149
f 1982/3151 3936/3153 3943/3159 3944/3160
f 1982/3151 3944/3160 1988/3161 1983/3152
f 1983/3152 1988/3161 1989/3162 1984/3154
f 1984/3154 1989/3162 1990/3163 1985/3155
f 1985/3155 1990/3163 1991/3164 1986/3156
f 1986/3156 1991/3164 1992/3165 1987/3157
f 1987/3157 1992/3165 3213/3166 3212/3158
f 1988/3161 1993/3167 1994/3168 1989/3162
f 1988/3161 3944/3160 3953/3169 1993/3167
f 1989/3162 1994/3168 1995/3170 1990/3163
f 1990/3163 1995/3170 1996/3171 1991/3164
f 1991/3164 1996/3171 3215/3172 1992/3165
f 1992/3165 3215/3172 3214/3173 3213/3166
f 1993/3167 3953/3169 3962/3174 3963/3175
f 1993/3167 3963/3175 1997/3176 1994/3168
f 1994/3168 1997/3176 1998/3177 1995/3170
f 1995/3170 1998/3177 1999/3178 1996/3171
f 1996/3171 1999/3178 3216/3179 3215/3172
f 1997/3176 2000/3180 2001/3181 1998/3177
f 1997/3176 3963/3175 3969/3182 2000/3180
f 1998/3177 2001/3181 3217/3183 1999/3178
f 1999/3178 3217/3183 4079/3184 3216/3179
f 2000/3180 3969/3182 3971/3185 3972/3186
f 2000/3180 3972/3186 2002/3187 2001/3181
f 2001/3181 2002/3187 4080/3188 3217/3183
f 2002/3187 5106/3189 2884/3190 4080/3188
f 2002/3187 3972/3186 2452/3191 5106/3189
f 2003/3192 2605/3193 2603/3194 2602/3195
f 2003/3192 2004/3196 2608/3197 2605/3193
f 2003/3192 4689/3198 4690/3199 2004/3196
f 2003/3192 2602/3195 4688/3200 4689/3198
f 2004/3196 2005/3201 2611/3202 2608/3197
f 2004/3196 4690/3199 4691/3203 2005/3201
f 2005/3201 2006/3204 2615/3205 2611/3202
f 2005/3201 4691/3203 4692/3206 2006/3204
f 2006/3204 2007/3207 2619/3208 2615/3205
f 2006/3204 4692/3206 4693/3209 2007/3207
f 2007/3207 2008/3210 2622/3211 2619/3208
f 2007/3207 4693/3209 4694/3212 2008/3210
f 2008/3210 2009/3213 5115/3214 2622/3211
f 2008/3210 4694/3212 4695/3215 2009/3213
f 2009/3213 2010/3216 2586/3217 5115/3214
f 2009/3213 4695/3215 4696/3218 2010/3216
f 2010/3216 2011/3219 2587/3220 2586/3217
f 2010/3216 4696/3218 4697/3221 2011/3219
f 2011/3219 2589/3222 2590/3223 2587/3220
f 2011/3219 4697/3221 4698/3224 2589/3222
f 2012/3225 2018/3226 4736/3227 2013/3228
f 2012/3225 4735/3229 2017/3230 2018/3226
f 2012/3225 4643/3231 4642/3232 4735/3229
f 2012/3225 2013/3228 4797/3233 4643/3231
f 2013/3228 3992/3234 4798/3235 4797/3233
f 2013/3228 4736/3227 2014/3236 3992/3234
f 2014/3236 2022/2366 5063/2237 3993/3237
f 2014/3236 4736/3227 2021/3238 2022/2366
f 2014/3236 3993/3237 4595/3239 3992/3234
f 2015/3240 2016/3241 2017/3230 4735/3229
f 2015/3240 5024/3242 5023/3243 2016/3241
f 2015/3240 4641/3244 5108/3245 5024/3242
f 2015/3240 4735/3229 4642/3232 4641/3244
f 2016/3241 5023/3243 5022/3246 2063/3247
f 2016/3241 2063/3247 2019/3248 2017/3230
f 2017/3230 2019/3248 2020/3249 2018/3226
f 2018/3226 2020/3249 2021/3238 4736/3227
f 2019/3248 2023/3250 2024/3251 2020/3249
f 2019/3248 2063/3247 2062/3252 2023/3250
f 2020/3249 2024/3251 2025/3253 2021/3238
f 2021/3238 2025/3253 2026/2364 2022/2366
f 2023/3250 2027/3254 2028/3255 2024/3251
f 2023/3250 2062/3252 2061/3256 2027/3254
f 2024/3251 2028/3255 2029/3257 2025/3253
f 2025/3253 2029/3257 2030/2365 2026/2364
f 2027/3254 2061/3256 2060/3258 2075/3259
f 2027/3254 2075/3259 2031/3260 2028/3255
f 2028/3255 2031/3260 2032/3261 2029/3257
f 2029/3257 2032/3261 2033/2367 2030/2365
f 2031/3260 2034/3262 2035/3263 2032/3261
f 2031/3260 2075/3259 2074/3264 2034/3262
f 2032/3261 2035/3263 2036/2368 2033/2367
f 2034/3262 2074/3264 2073/3265 2037/3266
f 2034/3262 2037/3266 2038/3267 2035/3263
f 2035/3263 2038/3267 2039/2369 2036/2368
f 2037/3266 2073/3265 2072/3268 2083/3269
f 2037/3266 2083/3269 2040/3270 2038/3267
f 2038/3267 2040/3270 2041/2370 2039/2369
f 2040/3270 2042/3271 2043/2371 2041/2370
f 2040/3270 2083/3269 2082/3272 2042/3271
f 2042/3271 2082/3272 2081/3273 2044/3274
f 2042/3271 2044/3274 2045/2373 2043/2371
f 2044/3274 2081/3273 2080/3275 2087/3276
f 2044/3274 2087/3276 2046/2375 2045/2373
f 2046/2375 2087/3276 2086/3277 2047/2378
f 2047/2378 2086/3277 2085/3278 5114/1876
f 2048/3279 2350/3280 2352/3281 2353/3282
f 2048/3279 5007/3283 5006/3284 2350/3280
f 2048/3279 2049/3285 5008/3286 5007/3283
f 2048/3279 2353/3282 2064/3287 2049/3285
f 2049/3285 2064/3287 2065/3288 2050/3289
f 2049/3285 2050/3289 5009/3290 5008/3286
f 2050/3289 2065/3288 2066/3291 2051/3292
f 2050/3289 2051/3292 5010/3293 5009/3290
f 2051/3292 2066/3291 2067/3294 2052/3295
f 2051/3292 2052/3295 5011/3296 5010/3293
f 2052/3295 2067/3294 2068/3297 2053/3298
f 2052/3295 2053/3298 5012/3299 5011/3296
f 2053/3298 2068/3297 2069/3300 2054/3301
f 2053/3298 2054/3301 5013/3302 5012/3299
f 2054/3301 2069/3300 2070/3303 2055/3304
f 2054/3301 2055/3304 5014/3305 5013/3302
f 2055/3304 2070/3303 2071/3306 2056/3307
f 2055/3304 2056/3307 5015/3308 5014/3305
f 2056/3307 2071/3306 2072/3268 2057/3309
f 2056/3307 2057/3309 5016/3310 5015/3308
f 2057/3309 2072/3268 2073/3265 2058/3311
f 2057/3309 2058/3311 5017/3312 5016/3310
f 2058/3311 2073/3265 2074/3264 2059/3313
f 2058/3311 2059/3313 5018/3314 5017/3312
f 2059/3313 2074/3264 2075/3259 2060/3258
f 2059/3313 2060/3258 5019/3315 5018/3314
f 2060/3258 2061/3256 5020/3316 5019/3315
f 2061/3256 2062/3252 5021/3317 5020/3316
f 2062/3252 2063/3247 5022/3246 5021/3317
f 2064/3287 2353/3282 2356/3318 2357/3319
f 2064/3287 2357/3319 2076/3320 2065/3288
f 2065/3288 2076/3320 2077/3321 2066/3291
f 2066/3291 2077/3321 2078/3322 2067/3294
f 2067/3294 2078/3322 2079/3323 2068/3297
f 2068/3297 2079/3323 2080/3275 2069/3300
f 2069/3300 2080/3275 2081/3273 2070/3303
f 2070/3303 2081/3273 2082/3272 2071/3306
f 2071/3306 2082/3272 2083/3269 2072/3268
f 2076/3320 2357/3319 2362/3324 2363/3325
f 2076/3320 2363/3325 2084/3326 2077/3321
f 2077/3321 2084/3326 2085/3278 2078/3322
f 2078/3322 2085/3278 2086/3277 2079/3323
f 2079/3323 2086/3277 2087/3276 2080/3275
f 2084/3326 2363/3325 2370/3327 2371/1877
f 2084/3326 2371/1877 5114/1876 2085/3278
f 2088/2897 2538/3328 2537/3329 2541/3330
f 2088/2897 4844/2896 2089/2904 2538/3328
f 2088/2897 2541/3330 2543/3331 4843/2895
f 2089/2904 4845/2903 2092/2913 2090/3332
f 2089/2904 2090/3332 2533/3333 2538/3328
f 2090/3332 2092/2913 2093/2873 2091/2875
f 2090/3332 2091/2875 2530/3334 2533/3333
f 2091/2875 2097/2870 2100/3335 2530/3334
f 2092/2913 4846/2912 2094/2874 2093/2873
f 2095/2885 2098/3336 2099/3337 2096/2869
f 2095/2885 4743/2886 4742/3338 2098/3336
f 2096/2869 2099/3337 2100/3335 2097/2870
f 2098/3336 2101/3339 2102/3340 2099/3337
f 2098/3336 4742/3338 4741/3341 2101/3339
f 2099/3337 2102/3340 2107/3342 2100/3335
f 2100/3335 2107/3342 2108/3343 2530/3334
f 2101/3339 2103/3344 2104/3345 2102/3340
f 2101/3339 4741/3341 4740/2749 2103/3344
f 2102/3340 2104/3345 2109/3346 2107/3342
f 2103/3344 2105/3347 2111/3348 2104/3345
f 2103/3344 4740/2749 4739/2745 2105/3347
f 2104/3345 2111/3348 2112/3349 2109/3346
f 2105/3347 2106/3350 2115/3351 2111/3348
f 2105/3347 4739/2745 4738/2744 2106/3350
f 2106/3350 2119/825 2120/824 2115/3351
f 2106/3350 4738/2744 4737/827 2119/825
f 2107/3342 2109/3346 2110/3352 2108/3343
f 2108/3343 2110/3352 2531/3353 2532/3354
f 2108/3343 2532/3354 2533/3333 2530/3334
f 2109/3346 2112/3349 2113/3355 2110/3352
f 2110/3352 2113/3355 2114/3356 2531/3353
f 2111/3348 2115/3351 2116/3357 2112/3349
f 2112/3349 2116/3357 2117/3358 2113/3355
f 2113/3355 2117/3358 2118/3359 2114/3356
f 2114/3356 2535/3360 2536/3361 2531/3353
f 2114/3356 2118/3359 2534/3362 2535/3360
f 2115/3351 2120/824 2121/829 2116/3357
f 2116/3357 2121/829 2122/833 2117/3358
f 2117/3358 2122/833 2123/836 2118/3359
f 2118/3359 2123/836 5107/3363 2534/3362
f 2123/836 3733/835 4751/3364 5107/3363
f 2124/2893 4843/2895 2543/3331 5110/437
f 2124/2893 5110/437 4664/439 4834/2894
f 2125/3365 2126/3366 4760/470 4759/463
f 2125/3365 2539/3367 2127/3368 2126/3366
f 2125/3365 2542/3369 2540/3370 2539/3367
f 2125/3365 4759/463 4758/438 2542/3369
f 2126/3366 4221/3371 5124/3372 4760/470
f 2126/3366 2127/3368 2128/3373 4221/3371
f 2127/3368 2539/3367 2535/3360 2534/3362
f 2127/3368 2534/3362 5107/3363 2128/3373
f 2128/3373 5107/3363 4251/3374 4134/489
f 2128/3373 4134/489 4748/486 4221/3371
f 2129/480 5124/3372 4221/3371 4748/486
f 2129/480 4898/471 4760/470 5124/3372
f 2130/3375 4894/3376 4252/3377 4251/3374
f 2130/3375 2131/3378 2132/3379 4894/3376
f 2130/3375 4751/3364 4752/1722 2131/3378
f 2130/3375 4251/3374 5107/3363 4751/3364
f 2131/3378 2134/3380 2135/3381 2132/3379
f 2131/3378 4752/1722 4753/1721 2134/3380
f 2132/3379 2135/3381 2136/3382 2133/3383
f 2132/3379 2133/3383 4254/3384 4894/3376
f 2133/3383 4895/3385 4255/3386 4254/3384
f 2133/3383 2136/3382 2137/3387 4895/3385
f 2134/3380 2139/3388 2140/3389 2135/3381
f 2134/3380 4753/1721 4754/1723 2139/3388
f 2135/3381 2140/3389 2141/3390 2136/3382
f 2136/3382 2141/3390 2142/3391 2137/3387
f 2137/3387 2142/3391 2143/3392 2138/3393
f 2137/3387 2138/3393 4256/3394 4895/3385
f 2138/3393 4896/3395 4677/3396 4256/3394
f 2138/3393 2143/3392 2144/3397 4896/3395
f 2139/3388 2146/3398 2147/3399 2140/3389
f 2139/3388 4754/1723 4755/1725 2146/3398
f 2140/3389 2147/3399 2148/3400 2141/3390
f 2141/3390 2148/3400 2149/3401 2142/3391
f 2142/3391 2149/3401 2150/3402 2143/3392
f 2143/3392 2150/3402 2151/3403 2144/3397
f 2144/3397 2151/3403 2152/3404 2145/3405
f 2144/3397 2145/3405 4257/3406 4896/3395
f 2145/3405 4897/3407 4385/3408 4257/3406
f 2145/3405 2152/3404 2153/3409 4897/3407
f 2146/3398 2155/3410 2156/3411 2147/3399
f 2146/3398 4755/1725 4756/1726 2155/3410
f 2147/3399 2156/3411 2157/3412 2148/3400
f 2148/3400 2157/3412 2158/3413 2149/3401
f 2149/3401 2158/3413 2159/3414 2150/3402
f 2150/3402 2159/3414 2160/3415 2151/3403
f 2151/3403 2160/3415 3146/3416 2152/3404
f 2152/3404 3146/3416 3147/3417 2153/3409
f 2153/3409 3147/3417 3148/3418 2154/3419
f 2153/3409 2154/3419 4389/3420 4897/3407
f 2154/3419 5092/3421 4390/3422 4389/3420
f 2154/3419 3148/3418 3149/3423 5092/3421
f 2155/3410 2161/3424 2162/3425 2156/3411
f 2155/3410 4756/1726 4757/1727 2161/3424
f 2156/3411 2162/3425 2163/3426 2157/3412
f 2157/3412 2163/3426 3150/3427 2158/3413
f 2158/3413 3150/3427 3151/3428 2159/3414
f 2159/3414 3151/3428 3152/3429 2160/3415
f 2160/3415 3152/3429 3153/3430 3146/3416
f 2161/3424 4728/1756 4727/2866 2162/3425
f 2161/3424 4757/1727 5152/1728 4728/1756
f 2162/3425 4727/2866 4726/2863 2163/3426
f 2163/3426 4726/2863 4725/2859 3150/3427
f 2164/2558 2165/2557 4218/3431 4217/3432
f 2164/2558 4217/3432 4827/3433 5109/2559
f 2165/2557 2167/2567 4219/3434 4218/3431
f 2166/2566 2168/2573 2169/3435 2167/2567
f 2167/2567 2169/3435 4220/3436 4219/3434
f 2168/2573 2171/2579 2172/3437 2169/3435
f 2169/3435 2172/3437 2173/3438 4220/3436
f 2170/2578 2174/2584 2175/3439 2171/2579
f 2171/2579 2175/3439 2176/3440 2172/3437
f 2172/3437 2176/3440 2177/3441 2173/3438
f 2173/3438 5029/3442 5028/3443 4220/3436
f 2173/3438 2177/3441 5030/3444 5029/3442
f 2174/2592 2178/2591 2179/3445 2175/3446
f 2175/3446 2179/3445 2180/3447 2176/3448
f 2176/3448 2180/3447 2181/3449 2177/3450
f 2177/3450 2181/3449 5031/3451 5030/3452
f 2178/2591 2183/2595 2184/3453 2179/3445
f 2179/3445 2184/3453 2185/3454 2180/3447
f 2180/3447 2185/3454 2186/3455 2181/3449
f 2181/3449 2186/3455 5032/3456 5031/3451
f 2182/2594 2187/2597 2188/3457 2183/2595
f 2183/2595 2188/3457 2189/3458 2184/3453
f 2184/3453 2189/3458 2190/3459 2185/3454
f 2185/3454 2190/3459 2191/3460 2186/3455
f 2186/3455 2191/3460 5102/3461 5032/3456
f 2187/2597 2193/2598 2194/3462 2188/3457
f 2188/3457 2194/3462 3668/3463 2189/3458
f 2189/3458 3668/3463 3667/3464 2190/3459
f 2190/3459 3667/3464 4774/3465 2191/3460
f 2191/3460 4774/3465 3676/3466 5102/3461
f 2192/1763 3672/1684 3671/3467 2193/2598
f 2193/2598 3671/3467 3670/3468 2194/3462
f 2194/3462 3670/3468 3669/3469 3668/3463
f 2195/2622 2231/3470 2234/3471 2196/2623
f 2195/2622 5105/2624 2303/3472 2231/3470
f 2196/2623 2234/3471 2239/3473 2197/2625
f 2197/2625 2239/3473 2198/3474 2199/2634
f 2198/3474 2245/3475 2253/3476 2200/3477
f 2198/3474 2239/3473 2238/3478 2245/3475
f 2198/3474 2200/3477 2201/2663 2199/2634
f 2200/3477 2253/3476 2263/3479 2202/3480
f 2200/3477 2202/3480 2209/2661 2201/2663
f 2202/3480 2208/3481 2207/2659 2209/2661
f 2202/3480 2263/3479 2203/3482 2208/3481
f 2203/3482 2270/3483 2273/1892 2206/1895
f 2203/3482 2263/3479 2262/3484 2270/3483
f 2203/3482 2206/1895 2205/3485 2208/3481
f 2204/2660 2207/2659 2208/3481 2205/3485
f 2204/2660 5147/3486 2340/3487 2341/2657
f 2204/2660 2205/3485 2335/3488 5147/3486
f 2205/3485 2206/1895 2334/1894 2335/3488
f 2211/1625 2213/1632 2214/2602 2212/2600
f 2213/1632 2216/1636 2217/3489 2214/2602
f 2214/2602 2217/3489 2218/2606 2215/2603
f 2216/1636 2220/1639 2221/3490 2217/3489
f 2217/3489 2221/3490 2222/3491 2218/2606
f 2218/2606 2222/3491 2223/2613 2219/2607
f 2220/1639 2225/1642 2226/3492 2221/3490
f 2221/3490 2226/3492 2227/3493 2222/3491
f 2222/3491 2227/3493 2228/3494 2223/2613
f 2223/2613 2228/3494 2229/2615 2224/2611
f 2225/1642 4037/3495 4038/3496 2226/3492
f 2225/1642 5132/1641 4036/1640 4037/3495
f 2226/3492 4038/3496 4039/3497 2227/3493
f 2227/3493 4039/3497 4040/2133 2228/3494
f 2228/3494 4040/2133 4041/2132 2229/2615
f 2229/2615 4041/2132 4042/2135 2230/2614
f 2231/3470 2313/3498 2233/3499 2234/3471
f 2231/3470 2303/3472 2302/3500 2313/3498
f 2232/3501 2237/3502 2238/3478 2233/3499
f 2232/3501 2321/3503 2236/3504 2237/3502
f 2232/3501 2312/3505 2311/3506 2321/3503
f 2232/3501 2233/3499 2313/3498 2312/3505
f 2233/3499 2238/3478 2239/3473 2234/3471
f 2235/3507 2242/3508 2243/3509 2236/3504
f 2235/3507 2327/3510 2241/3511 2242/3508
f 2235/3507 2320/3512 2319/3513 2327/3510
f 2235/3507 2236/3504 2321/3503 2320/3512
f 2236/3504 2243/3509 2244/3514 2237/3502
f 2237/3502 2244/3514 2245/3475 2238/3478
f 2240/3515 2331/3516 2247/3517 2248/3518
f 2240/3515 2326/3519 2325/3520 2331/3516
f 2240/3515 2241/3511 2327/3510 2326/3519
f 2240/3515 2248/3518 2249/3521 2241/3511
f 2241/3511 2249/3521 2250/3522 2242/3508
f 2242/3508 2250/3522 2251/3523 2243/3509
f 2243/3509 2251/3523 2252/3524 2244/3514
f 2244/3514 2252/3524 2253/3476 2245/3475
f 2246/3525 2333/3526 2255/3527 2256/3528
f 2246/3525 2330/3529 2329/3530 2333/3526
f 2246/3525 2247/3517 2331/3516 2330/3529
f 2246/3525 2256/3528 2257/3531 2247/3517
f 2247/3517 2257/3531 2258/3532 2248/3518
f 2248/3518 2258/3532 2259/3533 2249/3521
f 2249/3521 2259/3533 2260/3534 2250/3522
f 2250/3522 2260/3534 2261/3535 2251/3523
f 2251/3523 2261/3535 2262/3484 2252/3524
f 2252/3524 2262/3484 2263/3479 2253/3476
f 2254/2379 2255/3527 2333/3526 2332/3001
f 2254/2379 3190/2377 3191/2380 2255/3527
f 2255/3527 3191/2380 2264/3536 2256/3528
f 2256/3528 2264/3536 2265/3537 2257/3531
f 2257/3531 2265/3537 2266/3538 2258/3532
f 2258/3532 2266/3538 2267/3539 2259/3533
f 2259/3533 2267/3539 2268/3540 2260/3534
f 2260/3534 2268/3540 2269/3541 2261/3535
f 2261/3535 2269/3541 2270/3483 2262/3484
f 2264/3536 3193/1873 3194/1872 2265/3537
f 2264/3536 3191/2380 3192/1878 3193/1873
f 2265/3537 3194/1872 3195/1880 2266/3538
f 2266/3538 3195/1880 3196/1883 2267/3539
f 2267/3539 3196/1883 2271/1886 2268/3540
f 2268/3540 2271/1886 2272/1889 2269/3541
f 2269/3541 2272/1889 2273/1892 2270/3483
f 2274/3065 2276/3056 2277/3542 2275/3543
f 2274/3065 2275/3543 3909/3072 5120/3070
f 2275/3543 4744/3544 3910/3073 3909/3072
f 2275/3543 2277/3542 2278/3545 4744/3544
f 2276/3056 2280/3047 2281/3546 2277/3542
f 2277/3542 2281/3546 2282/3547 2278/3545
f 2278/3545 2282/3547 2283/3548 2279/3549
f 2278/3545 2279/3549 3912/3550 4744/3544
f 2279/3549 4745/3551 3915/3552 3912/3550
f 2279/3549 2283/3548 2284/3553 4745/3551
f 2280/3047 2286/3035 2287/3554 2281/3546
f 2281/3546 2287/3554 2288/3555 2282/3547
f 2282/3547 2288/3555 2289/3556 2283/3548
f 2283/3548 2289/3556 2290/3557 2284/3553
f 2284/3553 2290/3557 2291/3558 2285/3559
f 2284/3553 2285/3559 3919/3560 4745/3551
f 2285/3559 4746/3561 3924/3562 3919/3560
f 2285/3559 2291/3558 2292/3563 4746/3561
f 2286/3035 2294/3034 2295/3564 2287/3554
f 2287/3554 2295/3564 2296/3565 2288/3555
f 2288/3555 2296/3565 2297/3566 2289/3556
f 2289/3556 2297/3566 2298/3567 2290/3557
f 2290/3557 2298/3567 2299/3568 2291/3558
f 2291/3558 2299/3568 2300/3569 2292/3563
f 2292/3563 2300/3569 2301/3570 2293/3571
f 2292/3563 2293/3571 3930/3572 4746/3561
f 2293/3571 4747/3573 3937/3574 3930/3572
f 2293/3571 2301/3570 2302/3500 4747/3573
f 2294/3034 2305/3037 2306/3575 2295/3564
f 2295/3564 2306/3575 2307/3576 2296/3565
f 2296/3565 2307/3576 2308/3577 2297/3566
f 2297/3566 2308/3577 2309/3578 2298/3567
f 2298/3567 2309/3578 2310/3579 2299/3568
f 2299/3568 2310/3579 2311/3506 2300/3569
f 2300/3569 2311/3506 2312/3505 2301/3570
f 2301/3570 2312/3505 2313/3498 2302/3500
f 2302/3500 2303/3472 3945/3580 4747/3573
f 2303/3472 5105/2624 3954/2619 3945/3580
f 2304/3018 2314/3012 2315/3581 2305/3037
f 2305/3037 2315/3581 2316/3582 2306/3575
f 2306/3575 2316/3582 2317/3583 2307/3576
f 2307/3576 2317/3583 2318/3584 2308/3577
f 2308/3577 2318/3584 2319/3513 2309/3578
f 2309/3578 2319/3513 2320/3512 2310/3579
f 2310/3579 2320/3512 2321/3503 2311/3506
f 2314/3012 2322/3005 2323/3585 2315/3581
f 2315/3581 2323/3585 2324/3586 2316/3582
f 2316/3582 2324/3586 2325/3520 2317/3583
f 2317/3583 2325/3520 2326/3519 2318/3584
f 2318/3584 2326/3519 2327/3510 2319/3513
f 2322/3005 2328/3002 2329/3530 2323/3585
f 2323/3585 2329/3530 2330/3529 2324/3586
f 2324/3586 2330/3529 2331/3516 2325/3520
f 2328/3002 2332/3001 2333/3526 2329/3530
f 2334/1894 2336/1896 2337/1911 2335/3488
f 2335/3488 2337/1911 2340/3487 5147/3486
f 2337/1911 2338/1910 2342/3587 2340/3487
f 2338/1910 2339/1909 2345/3588 2342/3587
f 2339/1909 5103/1915 2388/3589 2345/3588
f 2340/3487 2342/3587 2343/2658 2341/2657
f 2342/3587 2345/3588 2346/3590 2343/2658
f 2343/2658 2346/3590 2347/2665 2344/2654
f 2345/3588 2388/3589 2389/3591 2346/3590
f 2346/3590 2389/3591 2390/3592 2347/2665
f 2347/2665 2390/3592 2391/3593 2348/2666
f 2348/2666 2391/3593 2392/3594 2349/2667
f 2349/2667 2392/3594 3349/3595 2456/2668
f 2350/3280 3218/3596 2351/3597 2352/3281
f 2350/3280 5006/3284 5043/3598 3218/3596
f 2351/3597 3220/3599 3221/3600 2354/3601
f 2351/3597 3218/3596 3219/3602 3220/3599
f 2351/3597 2354/3601 2355/3603 2352/3281
f 2352/3281 2355/3603 2356/3318 2353/3282
f 2354/3601 2359/3604 2360/3605 2355/3603
f 2354/3601 3221/3600 2358/3606 2359/3604
f 2355/3603 2360/3605 2361/3607 2356/3318
f 2356/3318 2361/3607 2362/3324 2357/3319
f 2358/3606 2365/3608 2366/3609 2359/3604
f 2358/3606 3225/3610 2364/3611 2365/3608
f 2358/3606 3221/3600 3224/3612 3225/3610
f 2359/3604 2366/3609 2367/3613 2360/3605
f 2360/3605 2367/3613 2368/3614 2361/3607
f 2361/3607 2368/3614 2369/3615 2362/3324
f 2362/3324 2369/3615 2370/3327 2363/3325
f 2364/3611 3230/3616 3231/3617 2372/3618
f 2364/3611 3225/3610 3229/3619 3230/3616
f 2364/3611 2372/3618 2373/3620 2365/3608
f 2365/3608 2373/3620 2374/3621 2366/3609
f 2366/3609 2374/3621 2375/3622 2367/3613
f 2367/3613 2375/3622 2376/3623 2368/3614
f 2368/3614 2376/3623 2377/3624 2369/3615
f 2369/3615 2377/3624 2401/3625 2370/3327
f 2370/3327 2401/3625 2402/1874 2371/1877
f 2372/3618 2379/3626 2380/3627 2373/3620
f 2372/3618 3231/3617 2378/3628 2379/3626
f 2373/3620 2380/3627 2381/3629 2374/3621
f 2374/3621 2381/3629 2382/3630 2375/3622
f 2375/3622 2382/3630 2403/3631 2376/3623
f 2376/3623 2403/3631 2404/3632 2377/3624
f 2377/3624 2404/3632 2405/1899 2401/3625
f 2378/3628 3237/3633 3238/3634 2383/3635
f 2378/3628 3231/3617 3236/3636 3237/3633
f 2378/3628 2383/3635 2384/3637 2379/3626
f 2379/3626 2384/3637 2385/3638 2380/3627
f 2380/3627 2385/3638 2407/3639 2381/3629
f 2381/3629 2407/3639 2408/3640 2382/3630
f 2382/3630 2408/3640 2409/3641 2403/3631
f 2383/3635 2387/3642 2412/3643 2384/3637
f 2383/3635 3238/3634 2386/3644 2387/3642
f 2384/3637 2412/3643 2413/3645 2385/3638
f 2385/3638 2413/3645 2414/3646 2407/3639
f 2386/3644 3246/3647 5072/3648 2419/3649
f 2386/3644 3238/3634 3245/3650 3246/3647
f 2386/3644 2419/3649 2420/3651 2387/3642
f 2387/3642 2420/3651 2421/3652 2412/3643
f 2388/3589 2438/3653 2393/3654 2389/3591
f 2388/3589 5103/1915 2439/1914 2438/3653
f 2389/3591 2393/3654 2394/3655 2390/3592
f 2390/3592 2394/3655 2395/3656 2391/3593
f 2391/3593 2395/3656 2396/3657 2392/3594
f 2392/3594 2396/3657 3344/3658 3349/3595
f 2393/3654 2438/3653 2436/3659 2435/3660
f 2393/3654 2435/3660 2434/3661 2394/3655
f 2394/3655 2434/3661 2397/3662 2395/3656
f 2395/3656 2397/3662 2398/3663 2396/3657
f 2396/3657 2398/3663 2399/3664 3344/3658
f 2397/3662 2434/3661 2429/3665 2428/3666
f 2397/3662 2428/3666 2427/3667 2398/3663
f 2398/3663 2427/3667 2400/3668 2399/3664
f 2399/3664 2400/3668 3338/3669 3340/3670
f 2399/3664 3340/3670 3343/3671 3344/3658
f 2400/3668 2419/3649 5072/3648 3338/3669
f 2400/3668 2427/3667 2420/3651 2419/3649
f 2401/3625 2405/1899 2406/1875 2402/1874
f 2403/3631 2409/3641 2410/3672 2404/3632
f 2404/3632 2410/3672 2411/1897 2405/1899
f 2407/3639 2414/3646 2415/3673 2408/3640
f 2408/3640 2415/3673 2416/3674 2409/3641
f 2409/3641 2416/3674 2417/1904 2410/3672
f 2410/3672 2417/1904 2418/1898 2411/1897
f 2412/3643 2421/3652 2422/3675 2413/3645
f 2413/3645 2422/3675 2423/3676 2414/3646
f 2414/3646 2423/3676 2424/3677 2415/3673
f 2415/3673 2424/3677 2425/3678 2416/3674
f 2416/3674 2425/3678 2426/1905 2417/1904
f 2420/3651 2427/3667 2428/3666 2421/3652
f 2421/3652 2428/3666 2429/3665 2422/3675
f 2422/3675 2429/3665 2430/3679 2423/3676
f 2423/3676 2430/3679 2431/3680 2424/3677
f 2424/3677 2431/3680 2432/1912 2425/3678
f 2425/3678 2432/1912 2433/1906 2426/1905
f 2429/3665 2434/3661 2435/3660 2430/3679
f 2430/3679 2435/3660 2436/3659 2431/3680
f 2431/3680 2436/3659 2437/1913 2432/1912
f 2436/3659 2438/3653 2439/1914 2437/1913
f 2440/2617 2441/2630 3956/3681 3955/2618
f 2441/2630 5000/2632 3957/3682 3956/3681
f 2442/2631 2443/2640 3964/3683 5000/2632
f 2443/2640 2446/2639 2447/2649 2444/3684
f 2443/2640 2444/3684 3965/3685 3964/3683
f 2444/3684 2445/3686 3966/3687 3965/3685
f 2444/3684 2447/2649 2448/2651 2445/3686
f 2445/3686 5001/3688 3967/3689 3966/3687
f 2445/3686 2448/2651 2449/3690 5001/3688
f 2448/2651 2453/2650 2454/3691 2449/3690
f 2449/3690 2454/3691 2455/3692 2450/3693
f 2449/3690 2450/3693 3970/3694 5001/3688
f 2450/3693 2455/3692 4749/3695 2451/3696
f 2450/3693 2451/3696 3971/3185 3970/3694
f 2451/3696 2452/3191 3972/3186 3971/3185
f 2451/3696 4749/3695 2520/3697 2452/3191
f 2452/3191 2520/3697 4767/3698 5106/3189
f 2453/2650 2457/2652 5101/3699 2454/3691
f 2454/3691 5101/3699 2528/3700 2455/3692
f 2455/3692 2528/3700 2525/3701 4749/3695
f 2456/2668 3354/3702 2462/2642 2463/2644
f 2456/2668 3349/3595 3348/3703 3354/3702
f 2457/2652 2458/2647 3350/3704 4704/3705
f 2457/2652 4704/3705 3470/3706 5101/3699
f 2458/2647 2459/2646 3351/3707 3350/3704
f 2459/2646 2460/2645 3352/3708 3351/3707
f 2460/2645 2461/2643 3353/3709 3352/3708
f 2461/2643 2462/2642 3354/3702 3353/3709
f 2464/3710 3276/3711 3279/3712 2465/3713
f 2464/3710 5101/3699 3470/3706 3276/3711
f 2464/3710 2529/3714 2528/3700 5101/3699
f 2464/3710 2465/3713 2466/3715 2529/3714
f 2465/3713 3279/3712 3284/3716 2467/3717
f 2465/3713 2467/3717 2468/3718 2466/3715
f 2466/3715 2468/3718 2469/3719 2527/3720
f 2466/3715 2527/3720 2526/3721 2529/3714
f 2467/3717 3284/3716 3290/3722 2470/3723
f 2467/3717 2470/3723 2471/3724 2468/3718
f 2468/3718 2471/3724 2472/3725 2469/3719
f 2469/3719 2524/3726 2523/3727 2527/3720
f 2469/3719 2472/3725 2473/3728 2524/3726
f 2470/3723 3290/3722 3296/3729 2474/3730
f 2470/3723 2474/3730 2475/3731 2471/3724
f 2471/3724 2475/3731 2476/3732 2472/3725
f 2472/3725 2476/3732 2477/3733 2473/3728
f 2473/3728 4772/3734 4771/3735 2524/3726
f 2473/3728 2477/3733 5078/3736 4772/3734
f 2474/3730 3296/3729 3301/3737 2478/3738
f 2474/3730 2478/3738 2479/3739 2475/3731
f 2475/3731 2479/3739 2480/3740 2476/3732
f 2476/3732 2480/3740 2481/3741 2477/3733
f 2477/3733 2481/3741 2699/3742 5078/3736
f 2478/3738 3301/3737 3305/3743 2482/3744
f 2478/3738 2482/3744 2483/3745 2479/3739
f 2479/3739 2483/3745 2484/3746 2480/3740
f 2480/3740 2484/3746 2704/3747 2481/3741
f 2481/3741 2704/3747 2700/3748 2699/3742
f 2482/3744 3305/3743 3308/3749 2485/3750
f 2482/3744 2485/3750 2486/3751 2483/3745
f 2483/3745 2486/3751 2708/3752 2484/3746
f 2484/3746 2708/3752 2705/3753 2704/3747
f 2485/3750 3308/3749 3310/1591 2487/3754
f 2485/3750 2487/3754 2711/3755 2486/3751
f 2486/3751 2711/3755 2709/3756 2708/3752
f 2487/3754 3310/1591 3311/1590 2488/3757
f 2487/3754 2488/3757 2712/3758 2711/3755
f 2488/3757 3311/1590 2742/1592 2761/3759
f 2488/3757 2761/3759 2759/3760 2712/3758
f 2489/2360 4572/2359 4581/3761 4582/3762
f 2489/2360 4582/3762 2500/3763 2490/2361
f 2490/2361 2491/3764 2838/2358 2837/2357
f 2490/2361 2500/3763 2501/3765 2491/3764
f 2491/3764 2492/3766 2839/3767 2838/2358
f 2491/3764 2501/3765 2502/3768 2492/3766
f 2492/3766 2493/3769 2840/3770 2839/3767
f 2492/3766 2502/3768 2503/3771 2493/3769
f 2493/3769 2494/3772 2841/3773 2840/3770
f 2493/3769 2503/3771 2504/3774 2494/3772
f 2494/3772 2495/3775 2842/3776 2841/3773
f 2494/3772 2504/3774 2505/3777 2495/3775
f 2495/3775 2496/3778 2843/3779 2842/3776
f 2495/3775 2505/3777 2506/3780 2496/3778
f 2496/3778 2497/3781 2844/3782 2843/3779
f 2496/3778 2506/3780 2507/3783 2497/3781
f 2497/3781 2498/3784 2845/3785 2844/3782
f 2497/3781 2507/3783 5036/3786 2498/3784
f 2498/3784 2499/3787 3648/3788 2845/3785
f 2498/3784 5036/3786 3710/3789 2499/3787
f 2499/3787 5091/507 3649/726 3648/3788
f 2499/3787 3710/3789 3717/503 5091/507
f 2500/3763 2508/3790 2509/3791 2501/3765
f 2500/3763 4582/3762 4585/3792 2508/3790
f 2501/3765 2509/3791 2510/3793 2502/3768
f 2502/3768 2510/3793 2511/3794 2503/3771
f 2503/3771 2511/3794 2512/3795 2504/3774
f 2504/3774 2512/3795 2513/3796 2505/3777
f 2505/3777 2513/3796 5035/3797 2506/3780
f 2506/3780 5035/3797 3699/3798 2507/3783
f 2507/3783 3699/3798 3704/3799 5036/3786
f 2508/3790 2514/3800 2515/3801 2509/3791
f 2508/3790 4585/3792 4589/3802 2514/3800
f 2509/3791 2515/3801 2516/3803 2510/3793
f 2510/3793 2516/3803 2517/3804 2511/3794
f 2511/3794 2517/3804 5034/3805 2512/3795
f 2512/3795 5034/3805 3690/3806 2513/3796
f 2513/3796 3690/3806 3694/3807 5035/3797
f 2514/3800 4589/3802 4594/3808 2518/3809
f 2514/3800 2518/3809 2519/3810 2515/3801
f 2515/3801 2519/3810 5033/3811 2516/3803
f 2516/3803 5033/3811 3684/3812 2517/3804
f 2517/3804 3684/3812 3686/3813 5034/3805
f 2518/3809 4594/3808 4772/3734 5078/3736
f 2518/3809 5078/3736 3681/3814 2519/3810
f 2519/3810 3681/3814 3682/3815 5033/3811
f 2520/3697 4749/3695 2525/3701 2521/3816
f 2520/3697 2521/3816 4768/3817 4767/3698
f 2521/3816 2525/3701 2526/3721 2522/3818
f 2521/3816 2522/3818 4769/3819 4768/3817
f 2522/3818 2526/3721 2527/3720 2523/3727
f 2522/3818 2523/3727 4770/3820 4769/3819
f 2523/3727 2524/3726 4771/3735 4770/3820
f 2525/3701 2528/3700 2529/3714 2526/3721
f 2531/3353 2536/3361 2537/3329 2532/3354
f 2532/3354 2537/3329 2538/3328 2533/3333
f 2535/3360 2539/3367 2540/3370 2536/3361
f 2536/3361 2540/3370 2541/3330 2537/3329
f 2540/3370 2542/3369 2543/3331 2541/3330
f 2542/3369 4758/438 5110/437 2543/3331
f 2544/1929 3571/1928 3572/3821 2545/1936
f 2545/1936 3572/3821 3573/3822 3569/1941
f 2546/1749 2551/3823 2552/3824 2547/1918
f 2546/1749 5143/61 4750/2708 2551/3823
f 2547/1918 2552/3824 3575/3825 2548/1919
f 2548/1919 3575/3825 3576/3826 2549/1920
f 2549/1920 3576/3826 3577/3827 2550/1923
f 2550/1923 3577/3827 3578/3828 3571/1928
f 2551/3823 3582/3829 3583/3830 2552/3824
f 2551/3823 4750/2708 5099/3831 3582/3829
f 2552/3824 3583/3830 3584/3832 3575/3825
f 2553/2707 2554/2706 2556/3833 2555/3834
f 2553/2707 2555/3834 5099/3831 4750/2708
f 2554/2706 2557/2709 2558/3835 2556/3833
f 2555/3834 2556/3833 2569/3836 2614/3837
f 2555/3834 2614/3837 2618/3838 5099/3831
f 2556/3833 2558/3835 2568/3839 2569/3836
f 2557/2709 2559/2710 2560/2947 2558/3835
f 2558/3835 2560/2947 2567/3840 2568/3839
f 2560/2947 2561/2946 2566/3841 2567/3840
f 2561/2946 2562/2945 2565/2944 2566/3841
f 2563/2883 2571/3842 2572/3843 2564/2943
f 2563/2883 5125/2878 2570/2920 2571/3842
f 2564/2943 2572/3843 2573/3844 2565/2944
f 2565/2944 2573/3844 2574/3845 2566/3841
f 2566/3841 2574/3845 2575/3846 2567/3840
f 2567/3840 2575/3846 2607/3847 2568/3839
f 2568/3839 2607/3847 2610/3848 2569/3836
f 2569/3836 2610/3848 2613/3849 2614/3837
f 2570/2920 3480/2919 3482/2926 2576/3850
f 2570/2920 2576/3850 2577/3851 2571/3842
f 2571/3842 2577/3851 2578/3852 2572/3843
f 2572/3843 2578/3852 2579/3853 2573/3844
f 2573/3844 2579/3853 2580/3854 2574/3845
f 2574/3845 2580/3854 2604/3855 2575/3846
f 2575/3846 2604/3855 2606/3856 2607/3847
f 2576/3850 3482/2926 3485/3857 2581/3858
f 2576/3850 2581/3858 2582/3859 2577/3851
f 2577/3851 2582/3859 2583/3860 2578/3852
f 2578/3852 2583/3860 2599/3861 2579/3853
f 2579/3853 2599/3861 2601/3862 2580/3854
f 2580/3854 2601/3862 2603/3194 2604/3855
f 2581/3858 3485/3857 3489/3863 2584/3864
f 2581/3858 2584/3864 2585/3865 2582/3859
f 2582/3859 2585/3865 2597/3866 2583/3860
f 2583/3860 2597/3866 2598/3867 2599/3861
f 2584/3864 3489/3863 4637/3868 4683/3869
f 2584/3864 4683/3869 4684/3870 2585/3865
f 2585/3865 4684/3870 4685/3871 2597/3866
f 2586/3217 2587/3220 2588/3872 2623/3873
f 2586/3217 2623/3873 2622/3211 5115/3214
f 2587/3220 2590/3223 2591/3874 2588/3872
f 2588/3872 2591/3874 2592/3875 2621/3876
f 2588/3872 2621/3876 2620/3877 2623/3873
f 2589/3222 2593/3878 2594/3879 2590/3223
f 2589/3222 4698/3224 4699/3880 2593/3878
f 2590/3223 2594/3879 2595/3881 2591/3874
f 2591/3874 2595/3881 2596/3882 2592/3875
f 2592/3875 2618/3838 2617/3883 2621/3876
f 2592/3875 2596/3882 5099/3831 2618/3838
f 2593/3878 2624/3884 2625/3885 2594/3879
f 2593/3878 4699/3880 4847/3886 2624/3884
f 2594/3879 2625/3885 2626/3887 2595/3881
f 2595/3881 2626/3887 2627/3888 2596/3882
f 2596/3882 2627/3888 3582/3829 5099/3831
f 2597/3866 4685/3871 4686/3889 2598/3867
f 2598/3867 2600/3890 2601/3862 2599/3861
f 2598/3867 4686/3889 4687/3891 2600/3890
f 2600/3890 2602/3195 2603/3194 2601/3862
f 2600/3890 4687/3891 4688/3200 2602/3195
f 2603/3194 2605/3193 2606/3856 2604/3855
f 2605/3193 2608/3197 2609/3892 2606/3856
f 2606/3856 2609/3892 2610/3848 2607/3847
f 2608/3197 2611/3202 2612/3893 2609/3892
f 2609/3892 2612/3893 2613/3849 2610/3848
f 2611/3202 2615/3205 2616/3894 2612/3893
f 2612/3893 2616/3894 2617/3883 2613/3849
f 2613/3849 2617/3883 2618/3838 2614/3837
f 2615/3205 2619/3208 2620/3877 2616/3894
f 2616/3894 2620/3877 2621/3876 2617/3883
f 2619/3208 2622/3211 2623/3873 2620/3877
f 2624/3884 2628/3895 2629/3896 2625/3885
f 2624/3884 4847/3886 4848/3897 2628/3895
f 2625/3885 2629/3896 2630/3898 2626/3887
f 2626/3887 2630/3898 3590/3899 2627/3888
f 2627/3888 3590/3899 3583/3830 3582/3829
f 2628/3895 2631/3900 2632/3901 2629/3896
f 2628/3895 4848/3897 4849/3902 2631/3900
f 2629/3896 2632/3901 2633/3903 2630/3898
f 2630/3898 2633/3903 3591/3904 3590/3899
f 2631/3900 2634/3905 2635/3906 2632/3901
f 2631/3900 4849/3902 4850/3907 2634/3905
f 2632/3901 2635/3906 3597/3908 2633/3903
f 2633/3903 3597/3908 3592/3909 3591/3904
f 2634/3905 2636/3910 2637/3911 2635/3906
f 2634/3905 4850/3907 4851/3912 2636/3910
f 2635/3906 2637/3911 3598/3913 3597/3908
f 2636/3910 2638/3914 3601/3915 2637/3911
f 2636/3910 4851/3912 4852/3916 2638/3914
f 2637/3911 3601/3915 3599/3917 3598/3913
f 2638/3914 5065/142 3602/1669 3601/3915
f 2638/3914 4852/3916 4853/143 5065/142
f 2639/1367 2642/2018 2643/1375 2640/1368
f 2641/2017 2645/2025 2646/3918 2642/2018
f 2642/2018 2646/3918 2647/1377 2643/1375
f 2644/2024 2649/2029 2650/3919 2645/2025
f 2645/2025 2650/3919 2651/3920 2646/3918
f 2646/3918 2651/3920 2652/1381 2647/1377
f 2648/2027 2655/2035 2656/3921 2649/2029
f 2649/2029 2656/3921 2657/3922 2650/3919
f 2650/3919 2657/3922 2658/3923 2651/3920
f 2651/3920 2658/3923 2659/3924 2652/1381
f 2652/1381 2659/3924 2660/1387 2653/1382
f 2654/2034 2662/2037 2663/3925 2655/2035
f 2655/2035 2663/3925 2664/3926 2656/3921
f 2656/3921 2664/3926 2665/3927 2657/3922
f 2657/3922 2665/3927 2666/3928 2658/3923
f 2658/3923 2666/3928 2667/1446 2659/3924
f 2659/3924 2667/1446 2668/1388 2660/1387
f 2661/2036 2670/2043 2671/3929 2662/2037
f 2662/2037 2671/3929 2672/3930 2663/3925
f 2663/3925 2672/3930 2673/3931 2664/3926
f 2664/3926 2673/3931 2674/3932 2665/3927
f 2665/3927 2674/3932 4297/1452 2666/3928
f 2666/3928 4297/1452 4296/1443 2667/1446
f 2669/2041 2676/3933 2677/3934 2670/2043
f 2669/2041 4923/2040 2675/2104 2676/3933
f 2670/2043 2677/3934 4295/3935 2671/3929
f 2671/3929 4295/3935 4294/3936 2672/3930
f 2672/3930 4294/3936 4293/3937 2673/3931
f 2673/3931 4293/3937 4292/1457 2674/3932
f 2674/3932 4292/1457 4291/1450 4297/1452
f 2675/2104 4290/2108 4289/3938 2676/3933
f 2676/3933 4289/3938 4288/3939 2677/3934
f 2677/3934 4288/3939 4287/3940 4295/3935
f 2678/793 2682/3941 2683/1987 2679/794
f 2678/793 4734/795 2681/812 2682/3941
f 2679/794 4086/190 5135/192 5156/792
f 2680/811 2686/3942 2687/3943 2681/812
f 2680/811 4733/813 2685/100 2686/3942
f 2681/812 2687/3943 2688/3944 2682/3941
f 2682/3941 2688/3944 2689/1988 2683/1987
f 2685/100 4887/99 2690/108 2686/3942
f 2686/3942 2690/108 2691/110 2687/3943
f 2687/3943 2691/110 2692/3945 2688/3944
f 2688/3944 2692/3945 2693/1990 2689/1988
f 2691/110 4888/109 2695/120 2692/3945
f 2692/3945 2695/120 2696/122 2693/1990
f 2693/1990 2696/122 2697/1993 2694/1991
f 2696/122 4889/121 2698/134 2697/1993
f 2699/3742 2700/3748 2976/3946 2983/3947
f 2699/3742 2983/3947 3681/3814 5078/3736
f 2700/3748 2701/3948 2975/3949 2976/3946
f 2700/3748 2704/3747 2705/3753 2701/3948
f 2701/3948 2702/3950 2974/3951 2975/3949
f 2701/3948 2705/3753 2706/3952 2702/3950
f 2702/3950 2703/3953 2973/3954 2974/3951
f 2702/3950 2706/3952 2707/3955 2703/3953
f 2703/3953 2751/3956 2752/3957 2973/3954
f 2703/3953 2707/3955 5094/3958 2751/3956
f 2705/3753 2708/3752 2709/3756 2706/3952
f 2706/3952 2709/3756 2710/3959 2707/3955
f 2707/3955 2710/3959 2755/3960 5094/3958
f 2709/3756 2711/3755 2712/3758 2710/3959
f 2710/3959 2712/3758 2759/3760 2755/3960
f 2713/3961 2762/3962 2764/3963 2715/3964
f 2713/3961 3005/3965 2982/3966 2762/3962
f 2713/3961 2714/3967 3009/3968 3005/3965
f 2713/3961 2715/3964 2716/3969 2714/3967
f 2714/3967 3016/3970 3010/3971 3009/3968
f 2714/3967 2716/3969 2717/3972 3016/3970
f 2715/3964 2718/3973 2719/3974 2716/3969
f 2715/3964 2764/3963 2768/3975 2718/3973
f 2716/3969 2719/3974 2720/3976 2717/3972
f 2717/3972 3015/3977 3014/3978 3016/3970
f 2717/3972 2720/3976 2721/3979 3015/3977
f 2718/3973 2723/249 2724/3980 2719/3974
f 2718/3973 2768/3975 2773/246 2723/249
f 2719/3974 2724/3980 2725/3981 2720/3976
f 2720/3976 2725/3981 2726/3982 2721/3979
f 2721/3979 2726/3982 3378/3983 2722/3984
f 2721/3979 2722/3984 3013/3985 3015/3977
f 2722/3984 3021/3986 3025/3987 3013/3985
f 2722/3984 3378/3983 3022/3988 3021/3986
f 2723/249 2727/248 2728/3989 2724/3980
f 2724/3980 2728/3989 2729/3990 2725/3981
f 2725/3981 2729/3990 2730/3991 2726/3982
f 2726/3982 2730/3991 3377/3992 3378/3983
f 2727/248 2731/250 2732/3993 2728/3989
f 2728/3989 2732/3993 2733/3994 2729/3990
f 2729/3990 2733/3994 3375/3995 2730/3991
f 2730/3991 3375/3995 3374/2741 3377/3992
f 2731/250 2734/253 2735/3996 2732/3993
f 2732/3993 2735/3996 2736/3997 2733/3994
f 2733/3994 2736/3997 3372/2739 3375/3995
f 2734/253 2737/255 2738/3998 2735/3996
f 2735/3996 2738/3998 3370/2735 2736/3997
f 2736/3997 3370/2735 3369/2734 3372/2739
f 2737/255 2739/258 2740/2730 2738/3998
f 2738/3998 2740/2730 3368/2729 3370/2735
f 2739/258 2741/265 3367/2723 2740/2730
f 2742/1592 2774/3999 2769/4000 2761/3759
f 2742/1592 2743/1587 2778/4001 2774/3999
f 2743/1587 2744/1586 2745/4002 2778/4001
f 2744/1586 5154/1598 2746/1605 2745/4002
f 2745/4002 2782/4003 2779/4004 2778/4001
f 2745/4002 2746/1605 2785/1618 2782/4003
f 2747/1617 2788/260 2786/263 2785/1618
f 2748/4005 2749/4006 3448/4007 3447/4008
f 2748/4005 3045/4009 2750/4010 2749/4006
f 2748/4005 3043/4011 3044/4012 3045/4009
f 2748/4005 3447/4008 3446/4013 3043/4011
f 2749/4006 5070/2209 3449/2216 3448/4007
f 2749/4006 2750/4010 3355/4014 5070/2209
f 2750/4010 4258/4015 3356/4016 3355/4014
f 2750/4010 3045/4009 3047/4017 4258/4015
f 2751/3956 2756/4018 2757/4019 2752/3957
f 2751/3956 5094/3958 2755/3960 2756/4018
f 2752/3957 2757/4019 2758/4020 2753/4021
f 2752/3957 2753/4021 2977/4022 2973/3954
f 2753/4021 2758/4020 2763/4023 2754/4024
f 2753/4021 2754/4024 2980/4025 2977/4022
f 2754/4024 2763/4023 2764/3963 2762/3962
f 2754/4024 2762/3962 2982/3966 2980/4025
f 2755/3960 2759/3760 2760/4026 2756/4018
f 2756/4018 2760/4026 2765/4027 2757/4019
f 2757/4019 2765/4027 2766/4028 2758/4020
f 2758/4020 2766/4028 2767/4029 2763/4023
f 2759/3760 2761/3759 2769/4000 2760/4026
f 2760/4026 2769/4000 2770/4030 2765/4027
f 2763/4023 2767/4029 2768/3975 2764/3963
f 2765/4027 2770/4030 2771/4031 2766/4028
f 2766/4028 2771/4031 2772/247 2767/4029
f 2767/4029 2772/247 2773/246 2768/3975
f 2769/4000 2774/3999 2775/4032 2770/4030
f 2770/4030 2775/4032 2776/4033 2771/4031
f 2771/4031 2776/4033 2777/243 2772/247
f 2774/3999 2778/4001 2779/4004 2775/4032
f 2775/4032 2779/4004 2780/4034 2776/4033
f 2776/4033 2780/4034 2781/244 2777/243
f 2779/4004 2782/4003 2783/4035 2780/4034
f 2780/4034 2783/4035 2784/251 2781/244
f 2782/4003 2785/1618 2786/263 2783/4035
f 2783/4035 2786/263 2787/256 2784/251
f 2791/4036 4236/4037 4235/4038 4239/4039
f 2791/4036 2792/4040 4237/4041 4236/4037
f 2791/4036 5026/4042 5027/4043 2792/4040
f 2791/4036 4239/4039 5025/4044 5026/4042
f 2792/4040 2793/4045 2794/4046 4237/4041
f 2792/4040 5027/4043 5028/3443 2793/4045
f 2793/4045 2795/4047 2796/4048 2794/4046
f 2793/4045 5028/3443 5029/3442 2795/4047
f 2794/4046 2796/4048 2797/4049 4233/4050
f 2794/4046 4233/4050 4232/4051 4237/4041
f 2795/4047 2798/4052 2799/4053 2796/4048
f 2795/4047 5029/3442 5030/3444 2798/4052
f 2796/4048 2799/4053 2800/4054 2797/4049
f 2797/4049 4227/2213 4226/2212 4233/4050
f 2797/4049 2800/4054 4228/2214 4227/2213
f 2798/4055 2801/4056 2802/4057 2799/4058
f 2798/4055 5030/3452 5031/3451 2801/4056
f 2799/4058 2802/4057 2803/4059 2800/4060
f 2800/4060 2803/4059 2804/680 4228/2215
f 2801/4056 2805/4061 2806/4062 2802/4057
f 2801/4056 5031/3451 5032/3456 2805/4061
f 2802/4057 2806/4062 3980/4063 2803/4059
f 2803/4059 3980/4063 3973/678 2804/680
f 2805/4061 3989/4064 3986/4065 2806/4062
f 2805/4061 5032/3456 5102/3461 3989/4064
f 2806/4062 3986/4065 3981/4066 3980/4063
f 2807/1432 4146/1431 4157/4067 2808/4068
f 2807/1432 4900/4069 2970/4070 5150/595
f 2807/1432 2808/4068 2809/4071 4900/4069
f 2808/4068 4157/4067 4166/4072 2810/4073
f 2808/4068 2810/4073 2811/4074 2809/4071
f 2809/4071 2811/4074 2812/2990 4901/4075
f 2809/4071 4901/4075 2972/4076 4900/4069
f 2810/4073 4166/4072 4174/4077 2813/4078
f 2810/4073 2813/4078 2814/4079 2811/4074
f 2811/4074 2814/4079 2815/2988 2812/2990
f 2812/2990 5080/2981 4886/2980 4901/4075
f 2813/4078 4174/4077 4180/4080 2816/4081
f 2813/4078 2816/4081 2817/4082 2814/4079
f 2814/4079 2817/4082 4346/2989 2815/2988
f 2816/4081 4180/4080 4185/4083 2818/4084
f 2816/4081 2818/4084 2819/2998 2817/4082
f 2817/4082 2819/2998 4347/2991 4346/2989
f 2818/4084 4185/4083 4188/4085 2820/4086
f 2818/4084 2820/4086 4348/2996 2819/2998
f 2820/4086 4188/4085 4190/2848 2821/2850
f 2820/4086 2821/2850 4349/2997 4348/2996
f 2821/2850 4350/2849 4351/2999 4349/2997
f 2822/2338 2826/2349 2827/4087 2823/2341
f 2823/2341 2827/4087 2828/4088 2824/4089
f 2823/2341 2824/4089 3630/4090 5075/2342
f 2824/4089 3636/4091 3631/4092 3630/4090
f 2824/4089 2828/4088 2829/4093 3636/4091
f 2825/2348 2831/2354 2832/4094 2826/2349
f 2826/2349 2832/4094 2833/4095 2827/4087
f 2827/4087 2833/4095 2834/4096 2828/4088
f 2828/4088 2834/4096 2835/4097 2829/4093
f 2829/4093 3641/4098 3637/4099 3636/4091
f 2829/4093 2835/4097 2836/4100 3641/4098
f 2830/2353 2838/2358 2839/3767 2831/2354
f 2831/2354 2839/3767 2840/3770 2832/4094
f 2832/4094 2840/3770 2841/3773 2833/4095
f 2833/4095 2841/3773 2842/3776 2834/4096
f 2834/4096 2842/3776 2843/3779 2835/4097
f 2835/4097 2843/3779 2844/3782 2836/4100
f 2836/4100 3645/4101 3642/4102 3641/4098
f 2836/4100 2844/3782 2845/3785 3645/4101
f 2845/3785 3648/3788 3646/4103 3645/4101
f 2846/505 3716/504 3715/4104 2847/514
f 2847/514 3715/4104 3714/4105 2848/519
f 2848/519 2850/4106 2851/529 2849/520
f 2848/519 3714/4105 3713/4107 2850/4106
f 2850/4106 2853/4108 2854/4109 2851/529
f 2850/4106 3713/4107 3712/4110 2853/4108
f 2851/529 2854/4109 2855/542 2852/530
f 2853/4108 2856/4111 2857/4112 2854/4109
f 2853/4108 3712/4110 3711/4113 2856/4111
f 2854/4109 2857/4112 2858/549 2855/542
f 2856/4111 3017/4114 3018/4115 2857/4112
f 2856/4111 3711/4113 3023/4116 3017/4114
f 2857/4112 3018/4115 3019/4117 2858/549
f 2858/549 3019/4117 3020/556 2859/550
f 2860/4118 4070/4119 4072/4120 4073/4121
f 2860/4118 4405/4122 5145/4123 4070/4119
f 2860/4118 2861/4124 4406/4125 4405/4122
f 2860/4118 4073/4121 2862/4126 2861/4124
f 2861/4124 4412/4127 4407/4128 4406/4125
f 2861/4124 2862/4126 2863/4129 4412/4127
f 2862/4126 4073/4121 4075/4130 4076/4131
f 2862/4126 4076/4131 2865/4132 2863/4129
f 2863/4129 2865/4132 2866/4133 2864/4134
f 2863/4129 2864/4134 4413/4135 4412/4127
f 2864/4134 4821/4136 4414/4137 4413/4135
f 2864/4134 2866/4133 2867/4138 4821/4136
f 2865/4132 4820/4139 2870/4140 2866/4133
f 2865/4132 4076/4131 4077/4141 4820/4139
f 2866/4133 2870/4140 2871/4142 2867/4138
f 2867/4138 2871/4142 2872/4143 2868/4144
f 2867/4138 2868/4144 4418/4145 4821/4136
f 2868/4144 2872/4143 2873/4146 2869/4147
f 2868/4144 2869/4147 4419/4148 4418/4145
f 2869/4147 4421/4149 4420/4150 4419/4148
f 2869/4147 2873/4146 2874/4151 4421/4149
f 2870/4140 2876/4152 2877/4153 2871/4142
f 2870/4140 4820/4139 4078/4154 2876/4152
f 2871/4142 2877/4153 2878/4155 2872/4143
f 2872/4143 2878/4155 2879/4156 2873/4146
f 2873/4146 2879/4156 2880/4157 2874/4151
f 2874/4151 2880/4157 4764/4158 2875/4159
f 2874/4151 2875/4159 4422/4160 4421/4149
f 2875/4159 5090/4161 4435/4162 4422/4160
f 2875/4159 4764/4158 4443/4163 5090/4161
f 2876/4152 4078/4154 3216/3179 4079/3184
f 2876/4152 4079/3184 2881/4164 2877/4153
f 2877/4153 2881/4164 2882/4165 2878/4155
f 2878/4155 2882/4165 2883/4166 2879/4156
f 2879/4156 2883/4166 4765/4167 2880/4157
f 2880/4157 4765/4167 4448/4168 4764/4158
f 2881/4164 4079/3184 3217/3183 4080/3188
f 2881/4164 4080/3188 2884/3190 2882/4165
f 2882/4165 2884/3190 4766/4169 2883/4166
f 2883/4166 4766/4169 4452/4170 4765/4167
f 2884/3190 5106/3189 4454/4171 4766/4169
f 2885/1403 3609/4172 3610/4173 3611/4174
f 2885/1403 4667/1394 3608/1397 3609/4172
f 2885/1403 3611/4174 2886/1411 4668/1401
f 2886/1411 2887/4175 2888/1422 4669/1409
f 2886/1411 3611/4174 3613/4176 2887/4175
f 2887/4175 3613/4176 3615/1437 5137/1440
f 2887/4175 5137/1440 4665/1439 2888/1422
f 2888/1422 4665/1439 4666/1441 4670/1420
f 2889/4177 2967/4178 2892/4179 2890/4180
f 2889/4177 2968/4181 2969/4182 2967/4178
f 2889/4177 3564/4183 3568/596 2968/4181
f 2889/4177 2890/4180 3557/4184 3564/4183
f 2890/4180 2891/4185 3547/4186 3557/4184
f 2890/4180 2892/4179 2893/4187 2891/4185
f 2891/4185 3538/4188 3537/4189 3547/4186
f 2891/4185 2893/4187 2894/4190 3538/4188
f 2892/4179 2967/4178 4882/4191 4881/4192
f 2892/4179 4881/4192 5089/4193 2893/4187
f 2893/4187 5089/4193 3051/4194 2894/4190
f 2894/4190 3051/4194 3052/4195 2895/4196
f 2894/4190 2895/4196 3530/4197 3538/4188
f 2895/4196 3052/4195 3053/4198 2896/4199
f 2895/4196 2896/4199 3524/4200 3530/4197
f 2896/4199 2897/4201 3520/4202 3524/4200
f 2896/4199 3053/4198 3054/2959 2897/4201
f 2897/4201 3517/2955 3516/4203 3520/4202
f 2897/4201 3054/2959 3055/2953 3517/2955
f 2898/187 2923/186 2924/4204 2899/2691
f 2899/2691 2924/4204 4638/4205 2902/4206
f 2899/2691 2902/4206 2903/4207 2900/2690
f 2900/2690 2903/4207 2904/2689 2901/2688
f 2902/4206 4638/4205 3114/4208 2907/4209
f 2902/4206 2907/4209 2908/4210 2903/4207
f 2903/4207 2908/4210 2909/4211 2904/2689
f 2904/2689 2909/4211 2910/4212 2905/2685
f 2905/2685 2910/4212 2911/2680 2906/2679
f 2907/4209 3114/4208 3116/4213 2914/4214
f 2907/4209 2914/4214 2915/4215 2908/4210
f 2908/4210 2915/4215 2916/4216 2909/4211
f 2909/4211 2916/4216 2917/4217 2910/4212
f 2910/4212 2917/4217 2918/4218 2911/2680
f 2911/2680 2918/4218 3884/4219 2912/2673
f 2912/2673 3884/4219 3889/4220 2913/1795
f 2913/1795 3889/4220 3894/4221 5093/1780
f 2914/4214 3116/4213 3118/4222 2919/4223
f 2914/4214 2919/4223 2920/4224 2915/4215
f 2915/4215 2920/4224 2921/4225 2916/4216
f 2916/4216 2921/4225 3877/4226 2917/4217
f 2917/4217 3877/4226 3880/4227 2918/4218
f 2918/4218 3880/4227 3883/4228 3884/4219
f 2919/4223 3118/4222 3121/4229 5087/4230
f 2919/4223 5087/4230 3873/4231 2920/4224
f 2920/4224 3873/4231 3874/4232 2921/4225
f 2921/4225 3874/4232 3876/4233 3877/4226
f 2922/185 3109/1195 3110/273 2923/186
f 2923/186 3110/273 3111/272 2924/4204
f 2924/4204 3111/272 3112/275 4638/4205
f 2925/2411 2928/4234 2929/2423 4240/2413
f 2925/2411 2958/637 2927/636 2928/4234
f 2926/635 2959/639 2930/4235 2931/4236
f 2926/635 2931/4236 2932/4237 2927/636
f 2927/636 2932/4237 2933/4238 2928/4234
f 2928/4234 2933/4238 2934/4239 2929/2423
f 2929/2423 2934/4239 2935/4240 4241/2421
f 2930/4235 2961/654 2936/4241 2937/4242
f 2930/4235 2959/639 2960/644 2961/654
f 2930/4235 2937/4242 2938/4243 2931/4236
f 2931/4236 2938/4243 2939/4244 2932/4237
f 2932/4237 2939/4244 2940/4245 2933/4238
f 2933/4238 2940/4245 2941/4246 2934/4239
f 2934/4239 2941/4246 2942/4247 2935/4240
f 2935/4240 2942/4247 2943/4248 4244/4249
f 2935/4240 4244/4249 4242/2422 4241/2421
f 2936/4241 2946/4250 2947/4251 2937/4242
f 2936/4241 2963/4252 2945/4253 2946/4250
f 2936/4241 2961/654 2962/653 2963/4252
f 2937/4242 2947/4251 2948/4254 2938/4243
f 2938/4243 2948/4254 2949/4255 2939/4244
f 2939/4244 2949/4255 2950/4256 2940/4245
f 2940/4245 2950/4256 2951/4257 2941/4246
f 2941/4246 2951/4257 2952/4258 2942/4247
f 2942/4247 2952/4258 2953/4259 2943/4248
f 2943/4248 2953/4259 2954/4260 2944/4261
f 2943/4248 2944/4261 4245/2428 4244/4249
f 2944/4261 4248/4262 4246/2427 4245/2428
f 2944/4261 2954/4260 2955/4263 4248/4262
f 2945/4253 3810/4264 3811/4265 2946/4250
f 2945/4253 5098/1694 4790/4266 3810/4264
f 2945/4253 2963/4252 2965/1701 5098/1694
f 2946/4250 3811/4265 3812/4267 2947/4251
f 2947/4251 3812/4267 3813/4268 2948/4254
f 2948/4254 3813/4268 3814/4269 2949/4255
f 2949/4255 3814/4269 3815/4270 2950/4256
f 2950/4256 3815/4270 3816/4271 2951/4257
f 2951/4257 3816/4271 3817/4272 2952/4258
f 2952/4258 3817/4272 3818/4273 2953/4259
f 2953/4259 3818/4273 3819/4274 2954/4260
f 2954/4260 3819/4274 3820/4275 2955/4263
f 2955/4263 4250/3 4249/2 4248/4262
f 2955/4263 3820/4275 3821/19 4250/3
f 2956/1751 5139/1630 3159/4276 3095/1752
f 2962/653 2964/652 2965/1701 2963/4252
f 2964/652 5116/658 2966/1699 2965/1701
f 2967/4178 2969/4182 4883/4277 4882/4191
f 2968/4181 2970/4070 2971/4278 2969/4182
f 2968/4181 3568/596 5150/595 2970/4070
f 2969/4182 2971/4278 4884/4279 4883/4277
f 2970/4070 4900/4069 2972/4076 2971/4278
f 2971/4278 2972/4076 4885/2983 4884/4279
f 2972/4076 4901/4075 4886/2980 4885/2983
f 2973/3954 2977/4022 2978/4280 2974/3951
f 2974/3951 2978/4280 2979/4281 2975/3949
f 2975/3949 2979/4281 2987/4282 2976/3946
f 2976/3946 2987/4282 2984/4283 2983/3947
f 2977/4022 2980/4025 2981/4284 2978/4280
f 2978/4280 2981/4284 2995/4285 2979/4281
f 2979/4281 2995/4285 2988/4286 2987/4282
f 2980/4025 2982/3966 3001/4287 2981/4284
f 2981/4284 3001/4287 2996/4288 2995/4285
f 2982/3966 3005/3965 3002/4289 3001/4287
f 2983/3947 2984/4283 3682/3815 3681/3814
f 2984/4283 2987/4282 2988/4286 2985/4290
f 2984/4283 2985/4290 3683/4291 3682/3815
f 2985/4290 2986/4292 3685/4293 3683/4291
f 2985/4290 2988/4286 2989/4294 2986/4292
f 2986/4292 3687/4295 3688/4296 3685/4293
f 2986/4292 2989/4294 2990/4297 3687/4295
f 2988/4286 2995/4285 2996/4288 2989/4294
f 2989/4294 2996/4288 2997/4298 2990/4297
f 2990/4297 2997/4298 2998/4299 2991/4300
f 2990/4297 2991/4300 3691/4301 3687/4295
f 2991/4300 2998/4299 2999/4302 2992/4303
f 2991/4300 2992/4303 3695/4304 3691/4301
f 2992/4303 2993/4305 3700/4306 3695/4304
f 2992/4303 2999/4302 3000/4307 2993/4305
f 2993/4305 2994/4308 3705/4309 3700/4306
f 2993/4305 3000/4307 3006/4310 2994/4308
f 2994/4308 3711/4113 3712/4110 3705/4309
f 2994/4308 3006/4310 3023/4116 3711/4113
f 2996/4288 3001/4287 3002/4289 2997/4298
f 2997/4298 3002/4289 3003/4311 2998/4299
f 2998/4299 3003/4311 3004/4312 2999/4302
f 2999/4302 3004/4312 3007/4313 3000/4307
f 3000/4307 3007/4313 3008/4314 3006/4310
f 3002/4289 3005/3965 3009/3968 3003/4311
f 3003/4311 3009/3968 3010/3971 3004/4312
f 3004/4312 3010/3971 3011/4315 3007/4313
f 3006/4310 3008/4314 3024/4316 3023/4116
f 3007/4313 3011/4315 5084/4317 3008/4314
f 3008/4314 5084/4317 3012/4318 3024/4316
f 3010/3971 3016/3970 3014/3978 3011/4315
f 3011/4315 3014/3978 3012/4318 5084/4317
f 3012/4318 3013/3985 3025/3987 3024/4316
f 3012/4318 3014/3978 3015/3977 3013/3985
f 3017/4114 3023/4116 3024/4316 3025/3987
f 3017/4114 3025/3987 3021/3986 3018/4115
f 3018/4115 3021/3986 3022/3988 3019/4117
f 3019/4117 3022/3988 3376/4319 3020/556
f 3020/556 3376/4319 3373/2740 5122/555
f 3022/3988 3378/3983 3377/3992 3376/4319
f 3026/4320 3027/4321 4089/1814 4088/546
f 3026/4320 3032/4322 3033/4323 3027/4321
f 3026/4320 4091/554 3031/69 3032/4322
f 3026/4320 4088/546 4087/545 4091/554
f 3027/4321 3033/4323 3034/4324 3028/4325
f 3027/4321 3028/4325 5083/1812 4089/1814
f 3028/4325 3034/4324 4269/4326 4267/4327
f 3028/4325 4267/4327 4265/4328 5083/1812
f 3030/66 3031/69 4091/554 4090/553
f 3031/69 3035/68 3036/74 3032/4322
f 3032/4322 3036/74 3037/4329 3033/4323
f 3033/4323 3037/4329 3038/4330 3034/4324
f 3034/4324 3038/4330 4270/4331 4269/4326
f 3036/74 3039/73 3040/79 3037/4329
f 3037/4329 3040/79 3041/82 3038/4330
f 3038/4330 3041/82 4271/4332 4270/4331
f 3041/82 3042/81 4304/89 4271/4332
f 3043/4011 3417/4333 3421/4334 3044/4012
f 3043/4011 3446/4013 5073/4335 3417/4333
f 3044/4012 3421/4334 3427/4336 3046/4337
f 3044/4012 3046/4337 3047/4017 3045/4009
f 3046/4337 3427/4336 3435/4338 3436/4339
f 3046/4337 3436/4339 3048/4340 3047/4017
f 3047/4017 3048/4340 4259/4341 4258/4015
f 3048/4340 3049/4342 4261/4343 4259/4341
f 3048/4340 3436/4339 3442/4344 3049/4342
f 3049/4342 3050/1813 4263/4345 4261/4343
f 3049/4342 3442/4344 3445/1811 3050/1813
f 3050/1813 5083/1812 4265/4328 4263/4345
f 3051/4194 3056/4346 3057/4347 3052/4195
f 3051/4194 5089/4193 4881/4192 3056/4346
f 3052/4195 3057/4347 3058/4348 3053/4198
f 3053/4198 3058/4348 3059/2956 3054/2959
f 3056/4346 3060/4349 3061/4350 3057/4347
f 3056/4346 4881/4192 4882/4191 3060/4349
f 3057/4347 3061/4350 3062/2966 3058/4348
f 3058/4348 3062/2966 3063/2957 3059/2956
f 3060/4349 3064/4351 3065/2971 3061/4350
f 3060/4349 4882/4191 4883/4277 3064/4351
f 3061/4350 3065/2971 3066/2964 3062/2966
f 3064/4351 3067/2976 3068/2969 3065/2971
f 3064/4351 4883/4277 4884/4279 3067/2976
f 3067/2976 4884/4279 4885/2983 3069/2973
f 3070/2385 4719/2388 4720/4352 3071/2393
f 3071/2393 3074/4353 3075/4354 3072/2390
f 3071/2393 4720/4352 4721/4355 3074/4353
f 3072/2390 3075/4354 3076/2406 3073/2391
f 3074/4353 3078/4356 3079/4357 3075/4354
f 3074/4353 4721/4355 4722/4358 3078/4356
f 3075/4354 3079/4357 3080/4359 3076/2406
f 3076/2406 3080/4359 3081/2412 3077/2403
f 3078/4356 3083/2855 3084/2854 3079/4357
f 3078/4356 4722/4358 4723/2860 3083/2855
f 3079/4357 3084/2854 3085/4360 3080/4359
f 3080/4359 3085/4360 3086/4361 3081/2412
f 3081/2412 3086/4361 3720/640 3082/642
f 3084/2854 3087/2853 3088/4362 3085/4360
f 3085/4360 3088/4362 3089/4363 3086/4361
f 3086/4361 3089/4363 3721/641 3720/640
f 3087/2853 3090/2857 3091/4364 3088/4362
f 3088/4362 3091/4364 3157/4365 3089/4363
f 3089/4363 3157/4365 3722/645 3721/641
f 3090/2857 3092/2862 3093/4366 3091/4364
f 3091/4364 3093/4366 3723/4367 3157/4365
f 3092/2862 3094/2865 3158/4368 3093/4366
f 3093/4366 3158/4368 3725/4369 3723/4367
f 3094/2865 3095/1752 3159/4276 3158/4368
f 3096/2389 3098/2384 3099/4370 3097/4371
f 3096/2389 3105/4372 4396/4373 5076/2387
f 3096/2389 3097/4371 5123/4374 3105/4372
f 3097/4371 3099/4370 4343/4375 4342/4376
f 3097/4371 4342/4376 4341/4377 5123/4374
f 3098/2384 4868/2383 3100/2402 3099/4370
f 3099/4370 3100/2402 4344/4378 4343/4375
f 3100/2402 3101/2401 4345/4379 4344/4378
f 3101/2401 4869/2400 3102/2420 4345/4379
f 3102/2420 4337/17 4336/4380 4345/4379
f 3102/2420 3103/2419 4338/14 4337/17
f 3103/2419 4870/2418 4339/12 4338/14
f 3104/2851 4362/2846 4391/4381 3108/4382
f 3104/2851 4323/3000 4351/2999 4350/2849
f 3104/2851 3108/4382 4326/4383 4323/3000
f 3105/4372 5123/4374 4341/4377 3106/4384
f 3105/4372 3106/4384 4394/4385 4396/4373
f 3106/4384 4341/4377 4332/4386 3107/4387
f 3106/4384 3107/4387 4392/4388 4394/4385
f 3107/4387 3108/4382 4391/4381 4392/4388
f 3107/4387 4332/4386 4326/4383 3108/4382
f 3112/275 3113/278 3114/4208 4638/4205
f 3113/278 3115/281 3116/4213 3114/4208
f 3115/281 3117/284 3118/4222 3116/4213
f 3117/284 3120/4389 3121/4229 3118/4222
f 3117/284 4825/283 3119/291 3120/4389
f 3119/291 3122/294 3123/4390 3120/4389
f 3120/4389 3123/4390 3124/4391 3121/4229
f 3121/4229 3124/4391 3873/4231 5087/4230
f 3122/294 3125/297 3126/4392 3123/4390
f 3123/4390 3126/4392 3127/4393 3124/4391
f 3124/4391 3127/4393 3874/4232 3873/4231
f 3125/297 3128/300 3129/4394 3126/4392
f 3126/4392 3129/4394 3875/4395 3127/4393
f 3127/4393 3875/4395 3876/4233 3874/4232
f 3128/300 3130/302 3131/4396 3129/4394
f 3129/4394 3131/4396 3878/4397 3875/4395
f 3130/302 3132/305 3133/4398 3131/4396
f 3131/4396 3133/4398 3881/4399 3878/4397
f 3132/305 3134/308 3885/4400 3133/4398
f 3133/4398 3885/4400 3886/4401 3881/4399
f 3134/308 3136/4402 3890/4403 3885/4400
f 3134/308 4826/307 3135/319 3136/4402
f 3135/319 3137/322 3895/4404 3136/4402
f 3136/4402 3895/4404 3896/4405 3890/4403
f 3137/322 3138/325 3900/4406 3895/4404
f 3138/325 3139/328 3904/4407 3900/4406
f 3139/328 3906/330 3907/4408 3904/4407
f 3140/148 3142/147 3755/4409 3754/1676
f 3140/148 3754/1676 5153/1675 4830/149
f 3141/146 3144/151 3758/4410 3142/147
f 3142/147 3758/4410 3756/2100 3755/4409
f 3143/150 4277/4411 3145/2106 3144/151
f 3143/150 4918/152 4917/4412 4277/4411
f 3144/151 3145/2106 3759/2105 3758/4410
f 3145/2106 4277/4411 4278/4413 5059/2107
f 3146/3416 3153/3430 3154/4414 3147/3417
f 3147/3417 3154/4414 3155/4415 3148/3418
f 3148/3418 3155/4415 3156/4416 3149/3423
f 3149/3423 3156/4416 4398/4417 4397/4418
f 3149/3423 4397/4418 4390/3422 5092/3421
f 3150/3427 4725/2859 4724/2858 3151/3428
f 3151/3428 4724/2858 4723/2860 3152/3429
f 3152/3429 4723/2860 4722/4358 3153/3430
f 3153/3430 4722/4358 4721/4355 3154/4414
f 3154/4414 4721/4355 4720/4352 3155/4415
f 3155/4415 4720/4352 4719/2388 3156/4416
f 3156/4416 4719/2388 5076/2387 4398/4417
f 3157/4365 3723/4367 3724/648 3722/645
f 3158/4368 3159/4276 3727/4419 3725/4369
f 3159/4276 5139/1630 4729/1629 3727/4419
f 3160/4420 4513/4421 4991/4422 4990/4423
f 3160/4420 3161/4424 3162/4425 4513/4421
f 3160/4420 4644/4426 4645/4427 3161/4424
f 3160/4420 4990/4423 5118/4428 4644/4426
f 3161/4424 3163/4429 3164/4430 3162/4425
f 3161/4424 4645/4427 4646/4431 3163/4429
f 3162/4425 4521/4432 4514/4433 4513/4421
f 3162/4425 3164/4430 3165/4434 4521/4432
f 3163/4429 3166/4435 3167/4436 3164/4430
f 3163/4429 4646/4431 4647/4437 3166/4435
f 3164/4430 3167/4436 3168/4438 3165/4434
f 3165/4434 4527/4439 4522/4440 4521/4432
f 3165/4434 3168/4438 3169/4441 4527/4439
f 3166/4435 3170/4442 3171/4443 3167/4436
f 3166/4435 4647/4437 4648/4444 3170/4442
f 3167/4436 3171/4443 3172/4445 3168/4438
f 3168/4438 3172/4445 3173/4446 3169/4441
f 3169/4441 4531/4447 4528/4448 4527/4439
f 3169/4441 3173/4446 3174/4449 4531/4447
f 3170/4442 3175/4450 3176/4451 3171/4443
f 3170/4442 4648/4444 4649/4452 3175/4450
f 3171/4443 3176/4451 3177/4453 3172/4445
f 3172/4445 3177/4453 3178/4454 3173/4446
f 3173/4446 3178/4454 3186/4455 3174/4449
f 3174/4449 4497/4456 4532/4457 4531/4447
f 3174/4449 3186/4455 4552/4458 4497/4456
f 3175/4450 3179/4459 3180/4460 3176/4451
f 3175/4450 4649/4452 4650/4461 3179/4459
f 3176/4451 3180/4460 3181/4462 3177/4453
f 3177/4453 3181/4462 3187/4463 3178/4454
f 3178/4454 3187/4463 4469/4464 3186/4455
f 3179/4459 3182/4465 3183/4466 3180/4460
f 3179/4459 4650/4461 4651/4467 3182/4465
f 3180/4460 3183/4466 3188/4468 3181/4462
f 3181/4462 3188/4468 4471/4469 3187/4463
f 3182/4465 3184/4470 3189/4471 3183/4466
f 3182/4465 4651/4467 4652/4472 3184/4470
f 3183/4466 3189/4471 4474/4473 3188/4468
f 3184/4470 3185/4474 4479/4475 3189/4471
f 3184/4470 4652/4472 4653/4476 3185/4474
f 3185/4474 5075/2342 3630/4090 4479/4475
f 3185/4474 4653/4476 4654/2343 5075/2342
f 3186/4455 4469/4464 4470/4477 4552/4458
f 3187/4463 4471/4469 4472/4478 4469/4464
f 3188/4468 4474/4473 4475/4479 4471/4469
f 3189/4471 4479/4475 4480/4480 4474/4473
f 3197/2318 4058/2317 3198/4481 3199/4482
f 3197/2318 3199/4482 3200/4483 4068/2319
f 3198/4481 3202/3118 3203/3130 3199/4482
f 3198/4481 4062/4484 3201/3106 3202/3118
f 3198/4481 4058/2317 4061/4485 4062/4484
f 3199/4482 3203/3130 3204/4486 3200/4483
f 3200/4483 3204/4486 3205/4487 4071/4488
f 3200/4483 4071/4488 4069/4489 4068/2319
f 3201/3106 4062/4484 4067/3105 5079/3104
f 3203/3130 3206/3129 3207/3140 3204/4486
f 3204/4486 3207/3140 3208/3150 3205/4487
f 3205/4487 3208/3150 3209/4490 4074/4491
f 3205/4487 4074/4491 4072/4120 4071/4488
f 3208/3150 3211/3149 3212/3158 3209/4490
f 3209/4490 3212/3158 3213/3166 3210/4492
f 3209/4490 3210/4492 4075/4130 4074/4491
f 3210/4492 4077/4141 4076/4131 4075/4130
f 3210/4492 3213/3166 3214/3173 4077/4141
f 3214/3173 4078/4154 4820/4139 4077/4141
f 3214/3173 3215/3172 3216/3179 4078/4154
f 3218/3596 5043/3598 5042/4493 3219/3602
f 3219/3602 3222/4494 3223/4495 3220/3599
f 3219/3602 5042/4493 5041/4496 3222/4494
f 3220/3599 3223/4495 3224/3612 3221/3600
f 3222/4494 3226/783 3227/782 3223/4495
f 3222/4494 5041/4496 5040/784 3226/783
f 3223/4495 3227/782 3228/4497 3224/3612
f 3224/3612 3228/4497 3229/3619 3225/3610
f 3227/782 3232/779 3233/4498 3228/4497
f 3228/4497 3233/4498 3234/4499 3229/3619
f 3229/3619 3234/4499 3235/4500 3230/3616
f 3230/3616 3235/4500 3236/3636 3231/3617
f 3232/779 3239/776 3240/4501 3233/4498
f 3233/4498 3240/4501 3241/4502 3234/4499
f 3234/4499 3241/4502 3242/4503 3235/4500
f 3235/4500 3242/4503 3243/4504 3236/3636
f 3236/3636 3243/4504 3244/4505 3237/3633
f 3237/3633 3244/4505 3245/3650 3238/3634
f 3239/776 3247/775 3248/4506 3240/4501
f 3240/4501 3248/4506 3249/4507 3241/4502
f 3241/4502 3249/4507 3250/4508 3242/4503
f 3242/4503 3250/4508 3251/4509 3243/4504
f 3243/4504 3251/4509 3252/4510 3244/4505
f 3244/4505 3252/4510 3262/4511 3245/3650
f 3245/3650 3262/4511 3263/4512 3246/3647
f 3246/3647 3263/4512 3312/4513 5072/3648
f 3247/775 3253/770 3254/4514 3248/4506
f 3248/4506 3254/4514 3255/4515 3249/4507
f 3249/4507 3255/4515 3264/4516 3250/4508
f 3250/4508 3264/4516 3265/4517 3251/4509
f 3251/4509 3265/4517 3266/4518 3252/4510
f 3252/4510 3266/4518 3267/4519 3262/4511
f 3253/770 5155/769 3268/4520 3254/4514
f 3254/4514 3268/4520 3269/4521 3255/4515
f 3255/4515 3269/4521 3270/4522 3264/4516
f 3257/2747 4740/2749 4741/3341 3258/2759
f 3258/2759 4741/3341 4742/3338 3259/2752
f 3259/2752 4742/3338 4743/2886 3260/2753
f 3260/2753 4743/2886 5128/2884 3261/2756
f 3262/4511 3267/4519 3322/4523 3263/4512
f 3263/4512 3322/4523 3323/4524 3312/4513
f 3264/4516 3270/4522 3271/4525 3265/4517
f 3265/4517 3271/4525 3272/4526 3266/4518
f 3266/4518 3272/4526 3330/4527 3267/4519
f 3267/4519 3330/4527 3331/874 3322/4523
f 3268/4520 4306/4528 3273/4529 3269/4521
f 3268/4520 5155/769 4305/4530 4306/4528
f 3269/4521 3273/4529 3274/885 3270/4522
f 3270/4522 3274/885 3275/884 3271/4525
f 3271/4525 3275/884 3335/887 3272/4526
f 3272/4526 3335/887 3336/891 3330/4527
f 3273/4529 4306/4528 4308/4531 4309/901
f 3273/4529 4309/901 4310/881 3274/885
f 3276/3711 3475/4532 3278/4533 3279/3712
f 3276/3711 3470/3706 3469/4534 3475/4532
f 3277/4535 3478/4536 3281/4537 3282/4538
f 3277/4535 3474/4539 3473/4540 3478/4536
f 3277/4535 3278/4533 3475/4532 3474/4539
f 3277/4535 3282/4538 3283/4541 3278/4533
f 3278/4533 3283/4541 3284/3716 3279/3712
f 3280/4542 3479/4543 3285/1622 3286/4544
f 3280/4542 3477/4545 3476/4546 3479/4543
f 3280/4542 3281/4537 3478/4536 3477/4545
f 3280/4542 3286/4544 3287/4547 3281/4537
f 3281/4537 3287/4547 3288/4548 3282/4538
f 3282/4538 3288/4548 3289/4549 3283/4541
f 3283/4541 3289/4549 3290/3722 3284/3716
f 3285/1622 3291/1614 3292/1616 3286/4544
f 3285/1622 3479/4543 3321/851 5060/1574
f 3286/4544 3292/1616 3293/4550 3287/4547
f 3287/4547 3293/4550 3294/4551 3288/4548
f 3288/4548 3294/4551 3295/4552 3289/4549
f 3289/4549 3295/4552 3296/3729 3290/3722
f 3292/1616 3297/1608 3298/1610 3293/4550
f 3293/4550 3298/1610 3299/4553 3294/4551
f 3294/4551 3299/4553 3300/4554 3295/4552
f 3295/4552 3300/4554 3301/3737 3296/3729
f 3298/1610 3302/1601 3303/1603 3299/4553
f 3299/4553 3303/1603 3304/4555 3300/4554
f 3300/4554 3304/4555 3305/3743 3301/3737
f 3303/1603 3306/1595 3307/1597 3304/4555
f 3304/4555 3307/1597 3308/3749 3305/3743
f 3307/1597 3309/1588 3310/1591 3308/3749
f 3312/4513 3323/4524 3324/4556 3313/4557
f 3312/4513 3313/4557 3450/4558 5072/3648
f 3313/4557 3324/4556 3325/857 3314/4559
f 3313/4557 3314/4559 3451/4560 3450/4558
f 3314/4559 3325/857 3326/856 3315/4561
f 3314/4559 3315/4561 3453/4562 3451/4560
f 3315/4561 3326/856 3327/859 3316/4563
f 3315/4561 3316/4563 3456/4564 3453/4562
f 3316/4563 3327/859 3328/862 3317/4565
f 3316/4563 3317/4565 3460/4566 3456/4564
f 3317/4565 3318/848 3465/4567 3460/4566
f 3317/4565 3328/862 3329/846 3318/848
f 3318/848 3319/843 3471/4568 3465/4567
f 3319/843 3320/842 3476/4546 3471/4568
f 3320/842 3321/851 3479/4543 3476/4546
f 3322/4523 3331/874 3332/869 3323/4524
f 3323/4524 3332/869 3333/868 3324/4556
f 3324/4556 3333/868 3334/853 3325/857
f 3330/4527 3336/891 3337/872 3331/874
f 3338/3669 4700/4569 3339/4570 3340/3670
f 3338/3669 5072/3648 3450/4558 4700/4569
f 3339/4570 3342/4571 3343/3671 3340/3670
f 3339/4570 4701/4572 3341/4573 3342/4571
f 3339/4570 4700/4569 3452/4574 4701/4572
f 3341/4573 3346/4575 3347/4576 3342/4571
f 3341/4573 4702/4577 3345/4578 3346/4575
f 3341/4573 4701/4572 3455/4579 4702/4577
f 3342/4571 3347/4576 3348/3703 3343/3671
f 3343/3671 3348/3703 3349/3595 3344/3658
f 3345/4578 3351/3707 3352/3708 3346/4575
f 3345/4578 4703/4580 3350/3704 3351/3707
f 3345/4578 4702/4577 3459/4581 4703/4580
f 3346/4575 3352/3708 3353/3709 3347/4576
f 3347/4576 3353/3709 3354/3702 3348/3703
f 3350/3704 4703/4580 3464/4582 4704/3705
f 3355/4014 3356/4016 4234/4583 4229/4584
f 3355/4014 4229/4584 4222/2207 5070/2209
f 3356/4016 4260/4585 4238/4586 4234/4583
f 3356/4016 4258/4015 4259/4341 4260/4585
f 3357/1619 3364/91 3363/95 3362/267
f 3357/1619 3358/1620 3365/92 3364/91
f 3358/1620 3359/1621 3366/102 3365/92
f 3359/1621 3360/1577 3361/112 3366/102
f 3371/2738 3374/2741 3375/3995 3372/2739
f 3373/2740 3376/4319 3377/3992 3374/2741
f 3379/748 3409/747 3411/4587 3380/4588
f 3379/748 3390/4589 3761/745 3760/744
f 3379/748 3380/4588 3394/4590 3390/4589
f 3380/4588 3411/4587 3413/4591 3381/4592
f 3380/4588 3381/4592 3382/4593 3394/4590
f 3381/4592 3383/4594 3384/4595 3382/4593
f 3381/4592 3413/4591 3414/4596 3383/4594
f 3382/4593 3384/4595 3385/4597 3398/4598
f 3382/4593 3398/4598 3395/4599 3394/4590
f 3383/4594 3386/4600 3387/4601 3384/4595
f 3383/4594 3414/4596 3415/4602 3386/4600
f 3384/4595 3387/4601 3388/4603 3385/4597
f 3385/4597 3388/4603 3389/2217 3401/4604
f 3385/4597 3401/4604 3399/4605 3398/4598
f 3386/4600 3446/4013 3447/4008 3387/4601
f 3386/4600 3415/4602 5073/4335 3446/4013
f 3387/4601 3447/4008 3448/4007 3388/4603
f 3388/4603 3448/4007 3449/2216 3389/2217
f 3389/2217 3403/236 3402/235 3401/4604
f 3390/4589 3394/4590 3395/4599 3391/4606
f 3390/4589 3391/4606 3767/4607 3761/745
f 3391/4606 3395/4599 3396/4608 3392/4609
f 3391/4606 3392/4609 3777/2120 3767/4607
f 3392/4609 3396/4608 3397/2439 3393/2119
f 3392/4609 3393/2119 5112/2118 3777/2120
f 3395/4599 3398/4598 3399/4605 3396/4608
f 3396/4608 3399/4605 3400/2440 3397/2439
f 3399/4605 3401/4604 3402/235 3400/2440
f 3404/734 3428/506 3429/509 4761/740
f 3405/741 3407/4610 3408/746 3406/742
f 3405/741 4761/740 3422/4611 3407/4610
f 3407/4610 3422/4611 3423/4612 4762/4613
f 3407/4610 4762/4613 3410/4614 3408/746
f 3408/746 3410/4614 3411/4587 3409/747
f 3410/4614 3412/4615 3413/4591 3411/4587
f 3410/4614 4762/4613 3418/4616 3412/4615
f 3412/4615 3418/4616 3419/4617 4763/4618
f 3412/4615 4763/4618 3414/4596 3413/4591
f 3414/4596 4763/4618 3416/4619 3415/4602
f 3415/4602 3416/4619 3417/4333 5073/4335
f 3416/4619 3420/4620 3421/4334 3417/4333
f 3416/4619 4763/4618 3419/4617 3420/4620
f 3418/4616 3424/4621 3425/4622 3419/4617
f 3418/4616 4762/4613 3423/4612 3424/4621
f 3419/4617 3425/4622 3426/4623 3420/4620
f 3420/4620 3426/4623 3427/4336 3421/4334
f 3422/4611 3430/1803 3431/1804 3423/4612
f 3422/4611 4761/740 3429/509 3430/1803
f 3423/4612 3431/1804 3432/4624 3424/4621
f 3424/4621 3432/4624 3433/4625 3425/4622
f 3425/4622 3433/4625 3434/4626 3426/4623
f 3426/4623 3434/4626 3435/4338 3427/4336
f 3431/1804 3437/517 3438/1805 3432/4624
f 3432/4624 3438/1805 3439/1806 3433/4625
f 3433/4625 3439/1806 3440/1808 3434/4626
f 3434/4626 3440/1808 3441/4627 3435/4338
f 3435/4338 3441/4627 3442/4344 3436/4339
f 3440/1808 3443/1807 3444/1809 3441/4627
f 3441/4627 3444/1809 3445/1811 3442/4344
f 3450/4558 3451/4560 3452/4574 4700/4569
f 3451/4560 3453/4562 3454/4628 3452/4574
f 3452/4574 3454/4628 3455/4579 4701/4572
f 3453/4562 3456/4564 3457/4629 3454/4628
f 3454/4628 3457/4629 3458/4630 3455/4579
f 3455/4579 3458/4630 3459/4581 4702/4577
f 3456/4564 3460/4566 3461/4631 3457/4629
f 3457/4629 3461/4631 3462/4632 3458/4630
f 3458/4630 3462/4632 3463/4633 3459/4581
f 3459/4581 3463/4633 3464/4582 4703/4580
f 3460/4566 3465/4567 3466/4634 3461/4631
f 3461/4631 3466/4634 3467/4635 3462/4632
f 3462/4632 3467/4635 3468/4636 3463/4633
f 3463/4633 3468/4636 3469/4534 3464/4582
f 3464/4582 3469/4534 3470/3706 4704/3705
f 3465/4567 3471/4568 3472/4637 3466/4634
f 3466/4634 3472/4637 3473/4540 3467/4635
f 3467/4635 3473/4540 3474/4539 3468/4636
f 3468/4636 3474/4539 3475/4532 3469/4534
f 3471/4568 3476/4546 3477/4545 3472/4637
f 3472/4637 3477/4545 3478/4536 3473/4540
f 3481/2925 3484/2931 3485/3857 3482/2926
f 3483/2930 3487/2935 3488/4638 3484/2931
f 3484/2931 3488/4638 3489/3863 3485/3857
f 3486/2933 4634/2937 4635/4639 3487/2935
f 3487/2935 4635/4639 4636/4640 3488/4638
f 3488/4638 4636/4640 4637/3868 3489/3863
f 3490/4641 3496/458 3497/4642 3491/4643
f 3490/4641 5117/2362 3495/459 3496/458
f 3490/4641 4872/1845 4871/1847 5117/2362
f 3490/4641 3491/4643 4873/1842 4872/1845
f 3491/4643 3497/4642 3498/4644 3492/4645
f 3491/4643 3492/4645 4874/1837 4873/1842
f 3492/4645 3498/4644 3499/4646 3493/4647
f 3492/4645 3493/4647 4875/1832 4874/1837
f 3493/4647 3499/4646 3500/2771 3494/2770
f 3493/4647 3494/2770 5097/1831 4875/1832
f 3495/459 5117/2362 4640/2363 4655/460
f 3496/458 3501/455 3502/469 3497/4642
f 3497/4642 3502/469 3503/4648 3498/4644
f 3498/4644 3503/4648 3504/4649 3499/4646
f 3499/4646 3504/4649 3505/2774 3500/2771
f 3502/469 3506/468 3507/477 3503/4648
f 3503/4648 3507/477 3508/4650 3504/4649
f 3504/4649 3508/4650 3509/2783 3505/2774
f 3507/477 3510/476 3511/483 3508/4650
f 3508/4650 3511/483 3512/2791 3509/2783
f 3511/483 3513/482 3514/488 3512/2791
f 3516/4203 3831/4651 3519/4652 3520/4202
f 3516/4203 3820/4275 3819/4274 3831/4651
f 3516/4203 3517/2955 3821/19 3820/4275
f 3518/4653 3839/4654 3521/4655 3522/4656
f 3518/4653 3830/4657 3829/4658 3839/4654
f 3518/4653 3519/4652 3831/4651 3830/4657
f 3518/4653 3522/4656 3523/4659 3519/4652
f 3519/4652 3523/4659 3524/4200 3520/4202
f 3521/4655 3527/4660 3528/4661 3522/4656
f 3521/4655 3846/4662 3526/4663 3527/4660
f 3521/4655 3839/4654 3838/4664 3846/4662
f 3522/4656 3528/4661 3529/4665 3523/4659
f 3523/4659 3529/4665 3530/4197 3524/4200
f 3525/4666 3533/4667 3534/4668 3526/4663
f 3525/4666 3851/4669 3532/4670 3533/4667
f 3525/4666 3845/4671 3844/4672 3851/4669
f 3525/4666 3526/4663 3846/4662 3845/4671
f 3526/4663 3534/4668 3535/4673 3527/4660
f 3527/4660 3535/4673 3536/4674 3528/4661
f 3528/4661 3536/4674 3537/4189 3529/4665
f 3529/4665 3537/4189 3538/4188 3530/4197
f 3531/4675 3854/4676 3540/4677 3541/4678
f 3531/4675 3850/4679 3849/4680 3854/4676
f 3531/4675 3532/4670 3851/4669 3850/4679
f 3531/4675 3541/4678 3542/4681 3532/4670
f 3532/4670 3542/4681 3543/4682 3533/4667
f 3533/4667 3543/4682 3544/4683 3534/4668
f 3534/4668 3544/4683 3545/4684 3535/4673
f 3535/4673 3545/4684 3546/4685 3536/4674
f 3536/4674 3546/4685 3547/4186 3537/4189
f 3539/4686 3855/4687 3548/559 3549/561
f 3539/4686 3853/4688 3852/4689 3855/4687
f 3539/4686 3540/4677 3854/4676 3853/4688
f 3539/4686 3549/561 3550/564 3540/4677
f 3540/4677 3550/564 3551/567 3541/4678
f 3541/4678 3551/567 3552/4690 3542/4681
f 3542/4681 3552/4690 3553/4691 3543/4682
f 3543/4682 3553/4691 3554/4692 3544/4683
f 3544/4683 3554/4692 3555/4693 3545/4684
f 3545/4684 3555/4693 3556/4694 3546/4685
f 3546/4685 3556/4694 3557/4184 3547/4186
f 3548/559 3855/4687 4796/336 5111/335
f 3551/567 3558/566 3559/575 3552/4690
f 3552/4690 3559/575 3560/577 3553/4691
f 3553/4691 3560/577 3561/580 3554/4692
f 3554/4692 3561/580 3562/4695 3555/4693
f 3555/4693 3562/4695 3563/4696 3556/4694
f 3556/4694 3563/4696 3564/4183 3557/4184
f 3561/580 3565/579 3566/591 3562/4695
f 3562/4695 3566/591 3567/594 3563/4696
f 3563/4696 3567/594 3568/596 3564/4183
f 3569/1941 3573/3822 3574/1645 3570/1644
f 3571/1928 3578/3828 3579/4697 3572/3821
f 3572/3821 3579/4697 3580/1661 3573/3822
f 3573/3822 3580/1661 3581/1652 3574/1645
f 3575/3825 3584/3832 3585/4698 3576/3826
f 3576/3826 3585/4698 3586/4699 3577/3827
f 3577/3827 3586/4699 3587/4700 3578/3828
f 3578/3828 3587/4700 3588/4701 3579/4697
f 3579/4697 3588/4701 3589/1658 3580/1661
f 3583/3830 3590/3899 3591/3904 3584/3832
f 3584/3832 3591/3904 3592/3909 3585/4698
f 3585/4698 3592/3909 3593/4702 3586/4699
f 3586/4699 3593/4702 3594/4703 3587/4700
f 3587/4700 3594/4703 3595/1671 3588/4701
f 3588/4701 3595/1671 3596/1659 3589/1658
f 3592/3909 3597/3908 3598/3913 3593/4702
f 3593/4702 3598/3913 3599/3917 3594/4703
f 3594/4703 3599/3917 3600/1668 3595/1671
f 3599/3917 3601/3915 3602/1669 3600/1668
f 3603/633 3782/628 3785/627 3604/4704
f 3603/633 3604/4704 3609/4172 3608/1397
f 3604/4704 3785/627 3789/4705 3605/4706
f 3604/4704 3605/4706 3610/4173 3609/4172
f 3605/4706 3789/4705 3795/4707 3606/4708
f 3605/4706 3606/4708 3612/4709 3610/4173
f 3606/4708 3795/4707 5146/2219 3607/2218
f 3606/4708 3607/2218 3614/1438 3612/4709
f 3610/4173 3612/4709 3613/4176 3611/4174
f 3612/4709 3614/1438 3615/1437 3613/4176
f 3616/4710 3985/4711 3617/4712 3618/4713
f 3616/4710 3979/2601 3978/690 3985/4711
f 3616/4710 4813/659 5129/661 3979/2601
f 3616/4710 3618/4713 4814/660 4813/659
f 3617/4712 3621/4714 4924/4715 3618/4713
f 3617/4712 4878/4716 3620/4717 3621/4714
f 3617/4712 3985/4711 3984/4718 4878/4716
f 3618/4713 4924/4715 4815/662 4814/660
f 3619/4719 3990/4720 3622/4721 3623/4722
f 3619/4719 3988/4723 3987/4724 3990/4720
f 3619/4719 3620/4717 4878/4716 3988/4723
f 3619/4719 3623/4722 3624/4725 3620/4717
f 3620/4717 3624/4725 3625/4726 3621/4714
f 3621/4714 3625/4726 3679/4727 4924/4715
f 3622/4721 3674/4728 4773/2431 3623/4722
f 3622/4721 5102/3461 3676/3466 3674/4728
f 3622/4721 3990/4720 3989/4064 5102/3461
f 3623/4722 4773/2431 3626/2430 3624/4725
f 3624/4725 3626/2430 3627/2434 3625/4726
f 3625/4726 3627/2434 3680/4729 3679/4727
f 3627/2434 5095/2433 3718/2436 3680/4729
f 3628/4730 3629/4731 4478/4732 4477/4733
f 3628/4730 3634/4734 3635/4735 3629/4731
f 3628/4730 4482/4736 3633/4737 3634/4734
f 3628/4730 4477/4733 4476/4738 4482/4736
f 3629/4731 4537/4739 4565/4740 4478/4732
f 3629/4731 3635/4735 4542/4741 4537/4739
f 3630/4090 3631/4092 4480/4480 4479/4475
f 3631/4092 3636/4091 3637/4099 3632/4742
f 3631/4092 3632/4742 4481/4743 4480/4480
f 3632/4742 3637/4099 3638/4744 3633/4737
f 3632/4742 3633/4737 4482/4736 4481/4743
f 3633/4737 3638/4744 3639/4745 3634/4734
f 3634/4734 3639/4745 3640/4746 3635/4735
f 3635/4735 3640/4746 4546/4747 4542/4741
f 3637/4099 3641/4098 3642/4102 3638/4744
f 3638/4744 3642/4102 3643/4748 3639/4745
f 3639/4745 3643/4748 3644/4749 3640/4746
f 3640/4746 3644/4749 4549/721 4546/4747
f 3642/4102 3645/4101 3646/4103 3643/4748
f 3643/4748 3646/4103 3647/728 3644/4749
f 3644/4749 3647/728 4551/718 4549/721
f 3646/4103 3648/3788 3649/726 3647/728
f 3650/2435 3662/4750 3719/4751 3718/2436
f 3650/2435 3651/2437 3652/4752 3662/4750
f 3651/2437 3673/2432 3675/4753 3653/4754
f 3651/2437 3653/4754 3654/4755 3652/4752
f 3652/4752 3664/4756 3663/4757 3662/4750
f 3652/4752 3654/4755 3665/4758 3664/4756
f 3653/4754 3675/4753 3677/4759 3655/4760
f 3653/4754 3655/4760 3656/4761 3654/4755
f 3654/4755 3656/4761 3657/4762 3665/4758
f 3655/4760 3658/4763 3659/4764 3656/4761
f 3655/4760 3677/4759 3678/4765 3658/4763
f 3656/4761 3659/4764 3660/4766 3657/4762
f 3657/4762 3660/4766 3661/1683 3666/1685
f 3657/4762 3666/1685 3732/2948 3665/4758
f 3658/4763 3669/3469 3670/3468 3659/4764
f 3658/4763 3678/4765 5096/4767 3669/3469
f 3659/4764 3670/3468 3671/3467 3660/4766
f 3660/4766 3671/3467 3672/1684 3661/1683
f 3662/4750 3663/4757 5088/4768 3719/4751
f 3663/4757 3664/4756 3731/2949 3730/2950
f 3663/4757 3730/2950 3729/2951 5088/4768
f 3664/4756 3665/4758 3732/2948 3731/2949
f 3667/3464 3668/3463 3669/3469 5096/4767
f 3667/3464 5096/4767 3678/4765 4774/3465
f 3673/2432 4773/2431 3674/4728 3675/4753
f 3674/4728 3676/3466 3677/4759 3675/4753
f 3676/3466 4774/3465 3678/4765 3677/4759
f 3679/4727 3680/4729 5104/2952 4816/4769
f 3679/4727 4816/4769 4815/662 4924/4715
f 3680/4729 3718/2436 3719/4751 5104/2952
f 3682/3815 3683/4291 3684/3812 5033/3811
f 3683/4291 3685/4293 3686/3813 3684/3812
f 3685/4293 3688/4296 3689/4770 3686/3813
f 3686/3813 3689/4770 3690/3806 5034/3805
f 3687/4295 3691/4301 3692/4771 3688/4296
f 3688/4296 3692/4771 3693/4772 3689/4770
f 3689/4770 3693/4772 3694/3807 3690/3806
f 3691/4301 3695/4304 3696/4773 3692/4771
f 3692/4771 3696/4773 3697/4774 3693/4772
f 3693/4772 3697/4774 3698/4775 3694/3807
f 3694/3807 3698/4775 3699/3798 5035/3797
f 3695/4304 3700/4306 3701/4776 3696/4773
f 3696/4773 3701/4776 3702/4777 3697/4774
f 3697/4774 3702/4777 3703/4778 3698/4775
f 3698/4775 3703/4778 3704/3799 3699/3798
f 3700/4306 3705/4309 3706/4779 3701/4776
f 3701/4776 3706/4779 3707/4780 3702/4777
f 3702/4777 3707/4780 3708/4781 3703/4778
f 3703/4778 3708/4781 3709/4782 3704/3799
f 3704/3799 3709/4782 3710/3789 5036/3786
f 3705/4309 3712/4110 3713/4107 3706/4779
f 3706/4779 3713/4107 3714/4105 3707/4780
f 3707/4780 3714/4105 3715/4104 3708/4781
f 3708/4781 3715/4104 3716/504 3709/4782
f 3709/4782 3716/504 3717/503 3710/3789
f 3719/4751 5088/4768 3729/2951 5104/2952
f 3723/4367 3725/4369 3726/651 3724/648
f 3725/4369 3727/4419 3728/657 3726/651
f 3727/4419 4729/1629 5129/661 3728/657
f 3733/835 3735/834 4752/1722 4751/3364
f 3736/837 3739/839 3740/1719 3737/838
f 3744/1656 3746/1663 3747/2090 3745/2083
f 3746/1663 3748/1667 3749/2093 3747/2090
f 3748/1667 3751/1674 3752/4783 3749/2093
f 3749/2093 3752/4783 3753/2099 3750/2094
f 3751/1674 3754/1676 3755/4409 3752/4783
f 3752/4783 3755/4409 3756/2100 3753/2099
f 3756/2100 3758/4410 3759/2105 3757/2101
f 3761/745 3767/4607 3768/4784 3762/739
f 3762/739 3768/4784 3769/4785 3763/733
f 3763/733 3769/4785 3770/4786 3764/725
f 3764/725 3770/4786 3771/4787 3765/717
f 3765/717 3771/4787 3772/710 3766/709
f 3767/4607 3777/2120 3778/2115 3768/4784
f 3768/4784 3778/2115 3779/2114 3769/4785
f 3769/4785 3779/2114 3780/2122 3770/4786
f 3770/4786 3780/2122 3781/2126 3771/4787
f 3771/4787 3781/2126 4822/2110 3772/710
f 3776/195 5066/199 4564/2505 4536/696
f 3783/616 3787/615 3788/4788 3784/624
f 3784/624 3788/4788 3789/4705 3785/627
f 3786/608 3792/607 3793/4789 3787/615
f 3787/615 3793/4789 3794/4790 3788/4788
f 3788/4788 3794/4790 3795/4707 3789/4705
f 3790/583 3798/582 3799/4791 3791/600
f 3791/600 3799/4791 3800/4792 3792/607
f 3792/607 3800/4792 3801/4793 3793/4789
f 3793/4789 3801/4793 3802/4794 3794/4790
f 3794/4790 3802/4794 5146/2219 3795/4707
f 3796/558 4776/353 4777/1851 3797/571
f 3797/571 4777/1851 4778/1852 3798/582
f 3798/582 4778/1852 4779/1854 3799/4791
f 3799/4791 4779/1854 4780/1857 3800/4792
f 3800/4792 4780/1857 4781/1860 3801/4793
f 3801/4793 4781/1860 4782/1863 3802/4794
f 3802/4794 4782/1863 4783/1866 5146/2219
f 3803/1682 3806/1771 3807/4795 3804/1678
f 3804/1678 3807/4795 3808/1692 3805/1679
f 3806/1771 4785/1781 4786/4796 3807/4795
f 3807/4795 4786/4796 4787/4797 3808/1692
f 3808/1692 4787/4797 4788/1696 3809/1690
f 3810/4264 3822/4798 3823/4799 3811/4265
f 3810/4264 4790/4266 4791/4800 3822/4798
f 3811/4265 3823/4799 3824/4801 3812/4267
f 3812/4267 3824/4801 3825/4802 3813/4268
f 3813/4268 3825/4802 3826/4803 3814/4269
f 3814/4269 3826/4803 3827/4804 3815/4270
f 3815/4270 3827/4804 3828/4805 3816/4271
f 3816/4271 3828/4805 3829/4658 3817/4272
f 3817/4272 3829/4658 3830/4657 3818/4273
f 3818/4273 3830/4657 3831/4651 3819/4274
f 3822/4798 3832/4806 3833/4807 3823/4799
f 3822/4798 4791/4800 4792/4808 3832/4806
f 3823/4799 3833/4807 3834/4809 3824/4801
f 3824/4801 3834/4809 3835/4810 3825/4802
f 3825/4802 3835/4810 3836/4811 3826/4803
f 3826/4803 3836/4811 3837/4812 3827/4804
f 3827/4804 3837/4812 3838/4664 3828/4805
f 3828/4805 3838/4664 3839/4654 3829/4658
f 3832/4806 3840/4813 3841/4814 3833/4807
f 3832/4806 4792/4808 4793/4815 3840/4813
f 3833/4807 3841/4814 3842/4816 3834/4809
f 3834/4809 3842/4816 3843/4817 3835/4810
f 3835/4810 3843/4817 3844/4672 3836/4811
f 3836/4811 3844/4672 3845/4671 3837/4812
f 3837/4812 3845/4671 3846/4662 3838/4664
f 3840/4813 3847/4818 3848/4819 3841/4814
f 3840/4813 4793/4815 4794/4820 3847/4818
f 3841/4814 3848/4819 3849/4680 3842/4816
f 3842/4816 3849/4680 3850/4679 3843/4817
f 3843/4817 3850/4679 3851/4669 3844/4672
f 3847/4818 3852/4689 3853/4688 3848/4819
f 3847/4818 4794/4820 4795/4821 3852/4689
f 3848/4819 3853/4688 3854/4676 3849/4680
f 3852/4689 4795/4821 4796/336 3855/4687
f 3856/4822 3894/4221 3893/4823 3899/4824
f 3856/4822 4785/1781 5093/1780 3894/4221
f 3856/4822 3857/4825 4786/4796 4785/1781
f 3856/4822 3899/4824 3861/4826 3857/4825
f 3857/4825 3861/4826 3862/4827 3858/4828
f 3857/4825 3858/4828 4787/4797 4786/4796
f 3858/4828 3862/4827 3863/4829 3859/4830
f 3858/4828 3859/4830 4788/1696 4787/4797
f 3859/4830 3863/4829 3864/4831 3860/4832
f 3859/4830 3860/4832 4789/1693 4788/1696
f 3860/4832 3864/4831 4791/4800 4790/4266
f 3860/4832 4790/4266 5098/1694 4789/1693
f 3861/4826 3899/4824 3898/4833 3903/4834
f 3861/4826 3903/4834 3865/4835 3862/4827
f 3862/4827 3865/4835 3866/4836 3863/4829
f 3863/4829 3866/4836 3867/4837 3864/4831
f 3864/4831 3867/4837 4792/4808 4791/4800
f 3865/4835 4784/4838 3868/4839 3866/4836
f 3865/4835 3903/4834 3902/4840 4784/4838
f 3866/4836 3868/4839 3869/4841 3867/4837
f 3867/4837 3869/4841 4793/4815 4792/4808
f 3868/4839 3870/4842 3871/4843 3869/4841
f 3868/4839 4784/4838 3905/4844 3870/4842
f 3869/4841 3871/4843 4794/4820 4793/4815
f 3870/4842 3905/4844 3904/4407 3907/4408
f 3870/4842 3907/4408 3872/4845 3871/4843
f 3871/4843 3872/4845 4795/4821 4794/4820
f 3872/4845 3907/4408 3906/330 3908/333
f 3872/4845 3908/333 4796/336 4795/4821
f 3875/4395 3878/4397 3879/4846 3876/4233
f 3876/4233 3879/4846 3880/4227 3877/4226
f 3878/4397 3881/4399 3882/4847 3879/4846
f 3879/4846 3882/4847 3883/4228 3880/4227
f 3881/4399 3886/4401 3887/4848 3882/4847
f 3882/4847 3887/4848 3888/4849 3883/4228
f 3883/4228 3888/4849 3889/4220 3884/4219
f 3885/4400 3890/4403 3891/4850 3886/4401
f 3886/4401 3891/4850 3892/4851 3887/4848
f 3887/4848 3892/4851 3893/4823 3888/4849
f 3888/4849 3893/4823 3894/4221 3889/4220
f 3890/4403 3896/4405 3897/4852 3891/4850
f 3891/4850 3897/4852 3898/4833 3892/4851
f 3892/4851 3898/4833 3899/4824 3893/4823
f 3895/4404 3900/4406 3901/4853 3896/4405
f 3896/4405 3901/4853 3902/4840 3897/4852
f 3897/4852 3902/4840 3903/4834 3898/4833
f 3900/4406 3904/4407 3905/4844 3901/4853
f 3901/4853 3905/4844 4784/4838 3902/4840
f 3910/3073 3913/4854 3914/3109 3911/3074
f 3910/3073 4744/3544 3912/3550 3913/4854
f 3912/3550 3915/3552 3916/4855 3913/4854
f 3913/4854 3916/4855 3917/3119 3914/3109
f 3915/3552 3920/4856 3921/4857 3916/4855
f 3915/3552 4745/3551 3919/3560 3920/4856
f 3916/4855 3921/4857 3922/4858 3917/3119
f 3917/3119 3922/4858 3923/3133 3918/3120
f 3919/3560 3924/3562 3925/4859 3920/4856
f 3920/4856 3925/4859 3926/4860 3921/4857
f 3921/4857 3926/4860 3927/4861 3922/4858
f 3922/4858 3927/4861 3928/3141 3923/3133
f 3924/3562 3931/4862 3932/4863 3925/4859
f 3924/3562 4746/3561 3930/3572 3931/4862
f 3925/4859 3932/4863 3933/4864 3926/4860
f 3926/4860 3933/4864 3934/4865 3927/4861
f 3927/4861 3934/4865 3935/4866 3928/3141
f 3928/3141 3935/4866 3936/3153 3929/3142
f 3930/3572 3937/3574 3938/4867 3931/4862
f 3931/4862 3938/4867 3939/4868 3932/4863
f 3932/4863 3939/4868 3940/4869 3933/4864
f 3933/4864 3940/4869 3941/4870 3934/4865
f 3934/4865 3941/4870 3942/4871 3935/4866
f 3935/4866 3942/4871 3943/3159 3936/3153
f 3937/3574 3946/4872 3947/4873 3938/4867
f 3937/3574 4747/3573 3945/3580 3946/4872
f 3938/4867 3947/4873 3948/4874 3939/4868
f 3939/4868 3948/4874 3949/4875 3940/4869
f 3940/4869 3949/4875 3950/4876 3941/4870
f 3941/4870 3950/4876 3951/4877 3942/4871
f 3942/4871 3951/4877 3952/4878 3943/3159
f 3943/3159 3952/4878 3953/3169 3944/3160
f 3945/3580 3954/2619 3955/2618 3946/4872
f 3946/4872 3955/2618 3956/3681 3947/4873
f 3947/4873 3956/3681 3957/3682 3948/4874
f 3948/4874 3957/3682 3958/4879 3949/4875
f 3949/4875 3958/4879 3959/4880 3950/4876
f 3950/4876 3959/4880 3960/4881 3951/4877
f 3951/4877 3960/4881 3961/4882 3952/4878
f 3952/4878 3961/4882 3962/3174 3953/3169
f 3957/3682 5000/2632 3964/3683 3958/4879
f 3958/4879 3964/3683 3965/3685 3959/4880
f 3959/4880 3965/3685 3966/3687 3960/4881
f 3960/4881 3966/3687 3967/3689 3961/4882
f 3961/4882 3967/3689 3968/4883 3962/3174
f 3962/3174 3968/4883 3969/3182 3963/3175
f 3967/3689 5001/3688 3970/3694 3968/4883
f 3968/4883 3970/3694 3971/3185 3969/3182
f 3973/678 3980/4063 3981/4066 3974/679
f 3974/679 3981/4066 3982/4884 3975/681
f 3975/681 3982/4884 3983/4885 3976/684
f 3976/684 3983/4885 3984/4718 3977/687
f 3977/687 3984/4718 3985/4711 3978/690
f 3981/4066 3986/4065 3987/4724 3982/4884
f 3982/4884 3987/4724 3988/4723 3983/4885
f 3983/4885 3988/4723 4878/4716 3984/4718
f 3986/4065 3989/4064 3990/4720 3987/4724
f 3991/1703 4816/4769 5104/2952 5119/1704
f 3991/1703 5116/658 4815/662 4816/4769
f 3992/3234 4595/3239 4799/4886 4798/3235
f 3993/3237 3994/4887 4596/4888 4595/3239
f 3993/3237 5063/2237 4817/2305 3994/4887
f 3994/4887 4605/4889 4597/4890 4596/4888
f 3994/4887 4817/2305 4818/2304 4605/4889
f 3995/2291 4001/3033 4002/3046 3996/2292
f 3996/2292 3997/4891 4064/2306 4063/2293
f 3996/2292 4002/3046 4003/4892 3997/4891
f 3997/4891 3998/4893 4065/4894 4064/2306
f 3997/4891 4003/4892 4004/4895 3998/4893
f 3998/4893 4004/4895 4005/4896 3999/4897
f 3998/4893 3999/4897 4066/4898 4065/4894
f 3999/4897 4005/4896 4006/3099 4000/3102
f 3999/4897 4000/3102 4067/3105 4066/4898
f 4002/3046 4007/3045 4008/4899 4003/4892
f 4003/4892 4008/4899 4009/4900 4004/4895
f 4004/4895 4009/4900 4010/4901 4005/4896
f 4005/4896 4010/4901 4011/3096 4006/3099
f 4007/3045 4012/3044 4013/3055 4008/4899
f 4008/4899 4013/3055 4014/4902 4009/4900
f 4009/4900 4014/4902 4015/4903 4010/4901
f 4010/4901 4015/4903 4016/3093 4011/3096
f 4013/3055 4017/3054 4018/4904 4014/4902
f 4014/4902 4018/4904 4019/4905 4015/4903
f 4015/4903 4019/4905 4020/3090 4016/3093
f 4017/3054 4021/3053 4022/3062 4018/4904
f 4018/4904 4022/3062 4023/4906 4019/4905
f 4019/4905 4023/4906 4024/3088 4020/3090
f 4022/3062 4025/3061 4026/4907 4023/4906
f 4023/4906 4026/4907 4027/3085 4024/3088
f 4025/3061 4028/3060 4029/3067 4026/4907
f 4026/4907 4029/3067 4030/3082 4027/3085
f 4029/3067 4031/3066 4032/3079 4030/3082
f 4031/3066 4033/3064 4034/3069 4032/3079
f 4036/1640 4043/2147 4044/4908 4037/3495
f 4037/3495 4044/4908 4045/2142 4038/3496
f 4038/3496 4045/2142 4046/2141 4039/3497
f 4039/3497 4046/2141 4047/2131 4040/2133
f 4043/2147 4048/2144 4049/2143 4044/4908
f 4044/4908 4049/2143 4050/2140 4045/2142
f 4053/2302 4054/2311 4819/4909 4818/2304
f 4054/2311 4056/2316 5145/4123 4819/4909
f 4055/2315 4068/2319 4069/4489 4056/2316
f 4056/2316 4069/4489 4070/4119 5145/4123
f 4057/2313 4060/2312 4061/4485 4058/2317
f 4059/2307 4064/2306 4065/4894 4060/2312
f 4060/2312 4065/4894 4066/4898 4061/4485
f 4061/4485 4066/4898 4067/3105 4062/4484
f 4069/4489 4071/4488 4072/4120 4070/4119
f 4072/4120 4074/4491 4075/4130 4073/4121
f 4081/2323 4611/2322 4082/4910 4083/2346
f 4082/4910 4620/4911 4436/4912 4084/4913
f 4082/4910 4611/2322 4618/4914 4620/4911
f 4082/4910 4084/4913 4085/2352 4083/2346
f 4084/4913 4436/4912 4567/4915 4568/4916
f 4084/4913 4568/4916 4569/2355 4085/2352
f 4092/1502 5005/4917 4094/4918 4093/1500
f 4092/1502 5004/1503 4284/4919 5005/4917
f 4093/1500 4094/4918 4276/4920 4275/1501
f 4094/4918 5059/2107 4278/4413 4276/4920
f 4094/4918 5005/4917 4290/2108 5059/2107
f 4101/2530 4132/4921 4133/791 4102/2535
f 4101/2530 4899/2525 4130/4922 4132/4921
f 4101/2530 4102/2535 4208/2534 4200/2528
f 4102/2535 4133/791 5135/192 5133/164
f 4104/64 4106/2724 4107/71 4105/65
f 4106/2724 4109/2719 4110/4923 4107/71
f 4107/71 4110/4923 4111/76 4108/72
f 4109/2719 4113/2715 4114/4924 4110/4923
f 4110/4923 4114/4924 4115/4925 4111/76
f 4111/76 4115/4925 4116/84 4112/77
f 4113/2715 4118/2712 4119/4926 4114/4924
f 4114/4924 4119/4926 4120/4927 4115/4925
f 4115/4925 4120/4927 4121/4928 4116/84
f 4116/84 4121/4928 4124/2521 4117/85
f 4118/2712 4122/806 4123/4929 4119/4926
f 4119/4926 4123/4929 4125/4930 4120/4927
f 4120/4927 4125/4930 4126/4931 4121/4928
f 4121/4928 4126/4931 4127/2522 4124/2521
f 4122/806 5069/805 4128/807 4123/4929
f 4123/4929 4128/807 4129/4932 4125/4930
f 4125/4930 4129/4932 4130/4922 4126/4931
f 4126/4931 4130/4922 4899/2525 4127/2522
f 4128/807 4823/798 4131/800 4129/4932
f 4129/4932 4131/800 4132/4921 4130/4922
f 4131/800 4824/789 4133/791 4132/4921
f 4134/489 4251/3374 4252/3377 5126/490
f 4135/1421 4670/1420 4666/1441 5097/1831
f 4136/1418 4147/2767 4148/2777 4137/1419
f 4137/1419 4148/2777 4149/2779 4138/1423
f 4138/1423 4149/2779 4150/4933 4139/1424
f 4139/1424 4150/4933 4151/4934 4140/1425
f 4140/1425 4151/4934 4152/4935 4141/1426
f 4141/1426 4152/4935 4153/4936 4142/1427
f 4142/1427 4153/4936 4154/4937 4143/1428
f 4143/1428 4154/4937 4155/4938 4144/1429
f 4144/1429 4155/4938 4156/4939 4145/1430
f 4145/1430 4156/4939 4157/4067 4146/1431
f 4149/2779 4158/2778 4159/2787 4150/4933
f 4150/4933 4159/2787 4160/4940 4151/4934
f 4151/4934 4160/4940 4161/4941 4152/4935
f 4152/4935 4161/4941 4162/4942 4153/4936
f 4153/4936 4162/4942 4163/4943 4154/4937
f 4154/4937 4163/4943 4164/4944 4155/4938
f 4155/4938 4164/4944 4165/4945 4156/4939
f 4156/4939 4165/4945 4166/4072 4157/4067
f 4159/2787 4167/2786 4168/2797 4160/4940
f 4160/4940 4168/2797 4169/2799 4161/4941
f 4161/4941 4169/2799 4170/4946 4162/4942
f 4162/4942 4170/4946 4171/4947 4163/4943
f 4163/4943 4171/4947 4172/4948 4164/4944
f 4164/4944 4172/4948 4173/4949 4165/4945
f 4165/4945 4173/4949 4174/4077 4166/4072
f 4169/2799 4175/2798 4176/2809 4170/4946
f 4170/4946 4176/2809 4177/4950 4171/4947
f 4171/4947 4177/4950 4178/4951 4172/4948
f 4172/4948 4178/4951 4179/4952 4173/4949
f 4173/4949 4179/4952 4180/4080 4174/4077
f 4176/2809 4181/2808 4182/2820 4177/4950
f 4177/4950 4182/2820 4183/2822 4178/4951
f 4178/4951 4183/2822 4184/4953 4179/4952
f 4179/4952 4184/4953 4185/4083 4180/4080
f 4183/2822 4186/2821 4187/2834 4184/4953
f 4184/4953 4187/2834 4188/4085 4185/4083
f 4187/2834 4189/2833 4190/2848 4188/4085
f 4191/88 4192/2524 4193/4954 4304/89
f 4192/2524 4195/2527 4196/4955 4193/4954
f 4193/4954 4196/4955 4197/4956 4194/4957
f 4193/4954 4194/4957 4271/4332 4304/89
f 4194/4957 4303/4958 4270/4331 4271/4332
f 4194/4957 4197/4956 4198/4959 4303/4958
f 4195/2527 4201/2529 4202/4960 4196/4955
f 4196/4955 4202/4960 4203/4961 4197/4956
f 4197/4956 4203/4961 4204/4962 4198/4959
f 4198/4959 4204/4962 4205/4963 4199/4964
f 4198/4959 4199/4964 4302/4965 4303/4958
f 4199/4964 4301/4966 4268/4967 4302/4965
f 4199/4964 4205/4963 4206/4968 4301/4966
f 4200/2528 4208/2534 4209/2533 4201/2529
f 4201/2529 4209/2533 4210/2537 4202/4960
f 4202/4960 4210/2537 4211/2540 4203/4961
f 4203/4961 4211/2540 4212/2543 4204/4962
f 4204/4962 4212/2543 4213/2547 4205/4963
f 4205/4963 4213/2547 4214/2550 4206/4968
f 4206/4968 4214/2550 4215/2553 4207/4969
f 4206/4968 4207/4969 4300/4970 4301/4966
f 4207/4969 4299/4971 4298/4972 4300/4970
f 4207/4969 4215/2553 4216/2556 4299/4971
f 4216/2556 5109/2559 4827/3433 4299/4971
f 4217/3432 4218/3431 5026/4042 5025/4044
f 4217/3432 5025/4044 5064/4973 4827/3433
f 4218/3431 4219/3434 5027/4043 5026/4042
f 4219/3434 4220/3436 5028/3443 5027/4043
f 4222/2207 4229/4584 4230/4974 4223/2208
f 4223/2208 4230/4974 4231/4975 4224/2210
f 4224/2210 4231/4975 4232/4051 4225/2211
f 4225/2211 4232/4051 4233/4050 4226/2212
f 4229/4584 4234/4583 4235/4038 4230/4974
f 4230/4974 4235/4038 4236/4037 4231/4975
f 4231/4975 4236/4037 4237/4041 4232/4051
f 4234/4583 4238/4586 4239/4039 4235/4038
f 4238/4586 5064/4973 5025/4044 4239/4039
f 4238/4586 4260/4585 4262/4976 5064/4973
f 4242/2422 4244/4249 4245/2428 4243/2424
f 4246/2427 4248/4262 4249/2 4247/6
f 4252/3377 4894/3376 4254/3384 4253/4977
f 4252/3377 4253/4977 4352/2836 5126/490
f 4253/4977 4363/4978 4353/2837 4352/2836
f 4253/4977 4254/3384 4255/3386 4363/4978
f 4255/3386 4372/4979 4364/4980 4363/4978
f 4255/3386 4895/3385 4256/3394 4372/4979
f 4256/3394 4677/3396 4373/4981 4372/4979
f 4257/3406 4385/3408 4381/4982 4380/4983
f 4257/3406 4380/4983 4677/3396 4896/3395
f 4259/4341 4261/4343 4262/4976 4260/4585
f 4261/4343 4263/4345 4264/4984 4262/4976
f 4262/4976 4264/4984 4298/4972 5064/4973
f 4263/4345 4265/4328 4266/4985 4264/4984
f 4264/4984 4266/4985 4300/4970 4298/4972
f 4265/4328 4267/4327 4268/4967 4266/4985
f 4266/4985 4268/4967 4301/4966 4300/4970
f 4267/4327 4269/4326 4302/4965 4268/4967
f 4269/4326 4270/4331 4303/4958 4302/4965
f 4272/1496 4273/1499 4912/4986 4911/4987
f 4272/1496 4911/4987 4910/4988 5136/1494
f 4273/1499 4274/1498 4913/4989 4912/4986
f 4274/1498 4275/1501 4914/4990 4913/4989
f 4275/1501 4276/4920 4915/4991 4914/4990
f 4276/4920 4278/4413 4916/4992 4915/4991
f 4277/4411 4917/4412 4916/4992 4278/4413
f 4279/1470 4282/1472 4283/4993 4280/1480
f 4280/1480 4283/4993 4284/4919 5004/1503
f 4281/1460 4286/1464 4287/3940 4282/1472
f 4282/1472 4287/3940 4288/3939 4283/4993
f 4283/4993 4288/3939 4289/3938 4284/4919
f 4284/4919 4289/3938 4290/2108 5005/4917
f 4285/1463 4293/3937 4294/3936 4286/1464
f 4285/1463 4671/1455 4292/1457 4293/3937
f 4286/1464 4294/3936 4295/3935 4287/3940
f 4298/4972 4299/4971 4827/3433 5064/4973
f 4305/4530 4307/4994 4308/4531 4306/4528
f 4305/4530 4859/4995 4860/4996 4307/4994
f 4305/4530 5155/769 4858/4997 4859/4995
f 4307/4994 4311/4998 4312/4999 4308/4531
f 4307/4994 4860/4996 4861/5000 4311/4998
f 4308/4531 4312/4999 4313/898 4309/901
f 4311/4998 4314/5001 4315/921 4312/4999
f 4311/4998 4861/5000 4862/5002 4314/5001
f 4312/4999 4315/921 4317/899 4313/898
f 4314/5001 4316/5003 4318/918 4315/921
f 4314/5001 4862/5002 4863/5004 4316/5003
f 4316/5003 4319/936 4320/919 4318/918
f 4316/5003 4863/5004 4864/5005 4319/936
f 4319/936 4864/5005 4865/5006 4321/933
f 4321/933 4865/5006 4866/947 4322/934
f 4323/3000 4326/4383 4327/5007 4324/2995
f 4324/2995 4327/5007 4328/32 4325/31
f 4326/4383 4332/4386 4333/5008 4327/5007
f 4327/5007 4333/5008 4334/5009 4328/32
f 4328/32 4334/5009 4335/5010 4329/29
f 4329/29 4335/5010 4336/4380 4330/27
f 4330/27 4336/4380 4337/17 4331/16
f 4332/4386 4341/4377 4342/4376 4333/5008
f 4333/5008 4342/4376 4343/4375 4334/5009
f 4334/5009 4343/4375 4344/4378 4335/5010
f 4335/5010 4344/4378 4345/4379 4336/4380
f 4353/2837 4363/4978 4364/4980 4354/2838
f 4354/2838 4364/4980 4365/5011 4355/2839
f 4355/2839 4365/5011 4366/5012 4356/2840
f 4356/2840 4366/5012 4367/5013 4357/2841
f 4357/2841 4367/5013 4368/5014 4358/2842
f 4358/2842 4368/5014 4369/5015 4359/2843
f 4359/2843 4369/5015 4370/5016 4360/2844
f 4360/2844 4370/5016 4371/5017 4361/2845
f 4361/2845 4371/5017 4391/4381 4362/2846
f 4364/4980 4372/4979 4373/4981 4365/5011
f 4365/5011 4373/4981 4374/5018 4366/5012
f 4366/5012 4374/5018 4375/5019 4367/5013
f 4367/5013 4375/5019 4376/5020 4368/5014
f 4368/5014 4376/5020 4377/5021 4369/5015
f 4369/5015 4377/5021 4378/5022 4370/5016
f 4370/5016 4378/5022 4379/5023 4371/5017
f 4371/5017 4379/5023 4392/4388 4391/4381
f 4373/4981 4677/3396 4380/4983 4374/5018
f 4374/5018 4380/4983 4381/4982 4375/5019
f 4375/5019 4381/4982 4382/5024 4376/5020
f 4376/5020 4382/5024 4383/5025 4377/5021
f 4377/5021 4383/5025 4384/5026 4378/5022
f 4378/5022 4384/5026 4393/5027 4379/5023
f 4379/5023 4393/5027 4394/4385 4392/4388
f 4381/4982 4385/3408 4386/5028 4382/5024
f 4382/5024 4386/5028 4387/5029 4383/5025
f 4383/5025 4387/5029 4388/5030 4384/5026
f 4384/5026 4388/5030 4395/5031 4393/5027
f 4385/3408 4897/3407 4389/3420 4386/5028
f 4386/5028 4389/3420 4390/3422 4387/5029
f 4387/5029 4390/3422 4397/4418 4388/5030
f 4388/5030 4397/4418 4398/4417 4395/5031
f 4393/5027 4395/5031 4396/4373 4394/4385
f 4395/5031 4398/4417 5076/2387 4396/4373
f 4399/5032 4403/5033 4404/5034 4621/5035
f 4399/5032 4604/5036 4402/5037 4403/5033
f 4399/5032 4809/5038 4808/5039 4604/5036
f 4399/5032 4621/5035 4810/5040 4809/5038
f 4400/5041 4609/5042 4406/4125 4407/4128
f 4400/5041 4602/5043 4601/5044 4609/5042
f 4400/5041 4401/5045 4603/5046 4602/5043
f 4400/5041 4407/4128 4408/5047 4401/5045
f 4401/5045 4408/5047 4409/5048 4402/5037
f 4401/5045 4402/5037 4604/5036 4603/5046
f 4402/5037 4409/5048 4410/5049 4403/5033
f 4403/5033 4410/5049 4411/5050 4404/5034
f 4404/5034 4411/5050 4626/5051 4624/5052
f 4404/5034 4624/5052 4622/5053 4621/5035
f 4405/4122 4608/5054 4607/5055 5145/4123
f 4405/4122 4406/4125 4609/5042 4608/5054
f 4407/4128 4412/4127 4413/4135 4408/5047
f 4408/5047 4413/4135 4414/4137 4409/5048
f 4409/5048 4414/4137 4415/5056 4410/5049
f 4410/5049 4415/5056 4416/5057 4411/5050
f 4411/5050 4416/5057 4417/5058 4626/5051
f 4414/4137 4821/4136 4418/4145 4415/5056
f 4415/5056 4418/4145 4419/4148 4416/5057
f 4416/5057 4419/4148 4420/4150 4417/5058
f 4417/5058 4420/4150 4629/5059 4628/5060
f 4417/5058 4628/5060 4627/5061 4626/5051
f 4420/4150 4421/4149 4422/4160 4629/5059
f 4422/4160 4435/4162 4433/5062 4629/5059
f 4423/5063 4623/5064 4625/5065 4425/5066
f 4423/5063 5051/5067 4812/5068 4623/5064
f 4423/5063 4424/5069 5052/5070 5051/5067
f 4423/5063 4425/5066 4426/5071 4424/5069
f 4424/5069 4630/5072 5053/5073 5052/5070
f 4424/5069 4426/5071 4427/5074 4630/5072
f 4425/5066 4625/5065 4627/5061 4428/5075
f 4425/5066 4428/5075 4429/5076 4426/5071
f 4426/5071 4429/5076 4430/5077 4427/5074
f 4427/5074 4430/5077 4456/5078 4455/5079
f 4427/5074 4455/5079 4631/5080 4630/5072
f 4428/5075 4627/5061 4628/5060 4431/5081
f 4428/5075 4431/5081 4432/5082 4429/5076
f 4429/5076 4432/5082 4459/5083 4430/5077
f 4430/5077 4459/5083 4460/5084 4456/5078
f 4431/5081 4628/5060 4629/5059 4433/5062
f 4431/5081 4433/5062 4434/5085 4432/5082
f 4432/5082 4434/5085 4464/5086 4459/5083
f 4433/5062 4435/4162 4467/5087 4434/5085
f 4434/5085 4467/5087 4468/5088 4464/5086
f 4435/4162 5090/4161 4443/4163 4467/5087
f 4436/4912 4463/5089 4438/5090 4567/4915
f 4436/4912 4620/4911 4619/5091 4463/5089
f 4437/5092 4466/5093 4440/5094 4441/5095
f 4437/5092 4462/5096 4461/5097 4466/5093
f 4437/5092 4438/5090 4463/5089 4462/5096
f 4437/5092 4441/5095 4442/5098 4438/5090
f 4438/5090 4442/5098 4570/5099 4567/4915
f 4439/5100 4445/5101 4446/5102 4440/5094
f 4439/5100 4468/5088 4444/5103 4445/5101
f 4439/5100 4465/5104 4464/5086 4468/5088
f 4439/5100 4440/5094 4466/5093 4465/5104
f 4440/5094 4446/5102 4447/5105 4441/5095
f 4441/5095 4447/5105 4573/5106 4442/5098
f 4442/5098 4573/5106 4574/5107 4570/5099
f 4443/4163 4764/4158 4448/4168 4444/5103
f 4443/4163 4444/5103 4468/5088 4467/5087
f 4444/5103 4448/4168 4449/5108 4445/5101
f 4445/5101 4449/5108 4450/5109 4446/5102
f 4446/5102 4450/5109 4451/5110 4447/5105
f 4447/5105 4451/5110 4576/5111 4573/5106
f 4448/4168 4765/4167 4452/4170 4449/5108
f 4449/5108 4452/4170 4453/5112 4450/5109
f 4450/5109 4453/5112 4578/5113 4451/5110
f 4451/5110 4578/5113 4579/5114 4576/5111
f 4452/4170 4766/4169 4454/4171 4453/5112
f 4453/5112 4454/4171 4580/5115 4578/5113
f 4454/4171 5106/3189 4767/3698 4580/5115
f 4455/5079 4615/5116 4632/5117 4631/5080
f 4455/5079 4456/5078 4457/5118 4615/5116
f 4456/5078 4460/5084 4461/5097 4457/5118
f 4457/5118 4461/5097 4462/5096 4458/5119
f 4457/5118 4458/5119 4616/5120 4615/5116
f 4458/5119 4619/5091 4617/5121 4616/5120
f 4458/5119 4462/5096 4463/5089 4619/5091
f 4459/5083 4464/5086 4465/5104 4460/5084
f 4460/5084 4465/5104 4466/5093 4461/5097
f 4469/4464 4472/4478 4473/5122 4470/4477
f 4470/4477 4473/5122 4558/5123 4554/5124
f 4470/4477 4554/5124 4553/5125 4552/4458
f 4471/4469 4475/4479 4476/4738 4472/4478
f 4472/4478 4476/4738 4477/4733 4473/5122
f 4473/5122 4477/4733 4478/4732 4558/5123
f 4474/4473 4480/4480 4481/4743 4475/4479
f 4475/4479 4481/4743 4482/4736 4476/4738
f 4478/4732 4565/4740 4559/5126 4558/5123
f 4483/2518 4520/5127 4484/5128 4485/2519
f 4483/2518 4999/2520 4998/5129 4520/5127
f 4484/5128 4488/5130 4489/5131 4485/2519
f 4484/5128 4526/5132 4487/5133 4488/5130
f 4484/5128 4520/5127 4519/5134 4526/5132
f 4485/2519 4489/5131 4490/2516 4486/2514
f 4487/5133 4530/5135 4491/5136 4492/5137
f 4487/5133 4526/5132 4525/5138 4530/5135
f 4487/5133 4492/5137 4493/5139 4488/5130
f 4488/5130 4493/5139 4494/5140 4489/5131
f 4489/5131 4494/5140 4495/2517 4490/2516
f 4491/5136 4532/4457 4497/4456 4498/5141
f 4491/5136 4530/5135 4529/5142 4532/4457
f 4491/5136 4498/5141 4499/5143 4492/5137
f 4492/5137 4499/5143 4500/5144 4493/5139
f 4493/5139 4500/5144 4501/5145 4494/5140
f 4494/5140 4501/5145 4502/5146 4495/2517
f 4495/2517 4502/5146 4503/2511 4496/2510
f 4497/4456 4552/4458 4553/5125 4498/5141
f 4498/5141 4553/5125 4504/5147 4499/5143
f 4499/5143 4504/5147 4505/5148 4500/5144
f 4500/5144 4505/5148 4506/5149 4501/5145
f 4501/5145 4506/5149 4507/5150 4502/5146
f 4502/5146 4507/5150 4508/2512 4503/2511
f 4504/5147 4555/5151 4556/5152 4505/5148
f 4504/5147 4553/5125 4554/5124 4555/5151
f 4505/5148 4556/5152 4557/5153 4506/5149
f 4506/5149 4557/5153 4510/5154 4507/5150
f 4507/5150 4510/5154 4511/5155 4508/2512
f 4508/2512 4511/5155 4512/2504 4509/2503
f 4510/5154 4557/5153 4561/5156 4562/5157
f 4510/5154 4562/5157 4563/5158 4511/5155
f 4511/5155 4563/5158 4564/2505 4512/2504
f 4513/4421 4514/4433 4992/5159 4991/4422
f 4514/4433 4521/4432 4522/4440 4515/5160
f 4514/4433 4515/5160 4993/5161 4992/5159
f 4515/5160 4522/4440 4523/5162 4516/5163
f 4515/5160 4516/5163 4994/5164 4993/5161
f 4516/5163 4523/5162 4524/5165 4517/5166
f 4516/5163 4517/5166 4995/5167 4994/5164
f 4517/5166 4524/5165 4525/5138 4518/5168
f 4517/5166 4518/5168 4996/5169 4995/5167
f 4518/5168 4525/5138 4526/5132 4519/5134
f 4518/5168 4519/5134 4997/5170 4996/5169
f 4519/5134 4520/5127 4998/5129 4997/5170
f 4522/4440 4527/4439 4528/4448 4523/5162
f 4523/5162 4528/4448 4529/5142 4524/5165
f 4524/5165 4529/5142 4530/5135 4525/5138
f 4528/4448 4531/4447 4532/4457 4529/5142
f 4533/5171 4566/5172 4538/5173 4539/5174
f 4533/5171 4561/5156 4560/5175 4566/5172
f 4533/5171 4534/5176 4562/5157 4561/5156
f 4533/5171 4539/5174 4540/702 4534/5176
f 4534/5176 4535/697 4563/5158 4562/5157
f 4534/5176 4540/702 4541/694 4535/697
f 4535/697 4536/696 4564/2505 4563/5158
f 4537/4739 4542/4741 4543/5177 4538/5173
f 4537/4739 4538/5173 4566/5172 4565/4740
f 4538/5173 4543/5177 4544/707 4539/5174
f 4539/5174 4544/707 4545/700 4540/702
f 4542/4741 4546/4747 4547/714 4543/5177
f 4543/5177 4547/714 4548/704 4544/707
f 4546/4747 4549/721 4550/711 4547/714
f 4554/5124 4558/5123 4559/5126 4555/5151
f 4555/5151 4559/5126 4560/5175 4556/5152
f 4556/5152 4560/5175 4561/5156 4557/5153
f 4559/5126 4565/4740 4566/5172 4560/5175
f 4567/4915 4570/5099 4571/5178 4568/4916
f 4568/4916 4571/5178 4572/2359 4569/2355
f 4570/5099 4574/5107 4575/5179 4571/5178
f 4571/5178 4575/5179 4581/3761 4572/2359
f 4573/5106 4576/5111 4577/5180 4574/5107
f 4574/5107 4577/5180 4583/5181 4575/5179
f 4575/5179 4583/5181 4584/5182 4581/3761
f 4576/5111 4579/5114 4586/5183 4577/5180
f 4577/5180 4586/5183 4587/5184 4583/5181
f 4578/5113 4580/5115 4590/5185 4579/5114
f 4579/5114 4590/5185 4591/5186 4586/5183
f 4580/5115 4767/3698 4768/3817 4590/5185
f 4581/3761 4584/5182 4585/3792 4582/3762
f 4583/5181 4587/5184 4588/5187 4584/5182
f 4584/5182 4588/5187 4589/3802 4585/3792
f 4586/5183 4591/5186 4592/5188 4587/5184
f 4587/5184 4592/5188 4593/5189 4588/5187
f 4588/5187 4593/5189 4594/3808 4589/3802
f 4590/5185 4768/3817 4769/3819 4591/5186
f 4591/5186 4769/3819 4770/3820 4592/5188
f 4592/5188 4770/3820 4771/3735 4593/5189
f 4593/5189 4771/3735 4772/3734 4594/3808
f 4595/3239 4596/4888 4800/5190 4799/4886
f 4596/4888 4597/4890 4801/5191 4800/5190
f 4597/4890 4605/4889 4606/5192 4598/5193
f 4597/4890 4598/5193 4802/5194 4801/5191
f 4598/5193 4606/5192 4607/5055 4599/5195
f 4598/5193 4599/5195 4803/5196 4802/5194
f 4599/5195 4607/5055 4608/5054 4600/5197
f 4599/5195 4600/5197 4804/5198 4803/5196
f 4600/5197 4608/5054 4609/5042 4601/5044
f 4600/5197 4601/5044 4805/5199 4804/5198
f 4601/5044 4602/5043 4806/5200 4805/5199
f 4602/5043 4603/5046 4807/5201 4806/5200
f 4603/5046 4604/5036 4808/5039 4807/5201
f 4605/4889 4818/2304 4819/4909 4606/5192
f 4606/5192 4819/4909 5145/4123 4607/5055
f 4610/2321 4614/5202 4618/4914 4611/2322
f 4610/2321 5044/2325 5058/5203 4614/5202
f 4612/5204 4632/5117 4615/5116 4616/5120
f 4612/5204 5056/5205 5055/5206 4632/5117
f 4612/5204 4613/5207 5057/5208 5056/5205
f 4612/5204 4616/5120 4617/5121 4613/5207
f 4613/5207 4617/5121 4618/4914 4614/5202
f 4613/5207 4614/5202 5058/5203 5057/5208
f 4617/5121 4619/5091 4620/4911 4618/4914
f 4621/5035 4622/5053 4811/5209 4810/5040
f 4622/5053 4624/5052 4625/5065 4623/5064
f 4622/5053 4623/5064 4812/5068 4811/5209
f 4624/5052 4626/5051 4627/5061 4625/5065
f 4630/5072 4631/5080 5054/5210 5053/5073
f 4631/5080 4632/5117 5055/5206 5054/5210
f 4828/1850 5002/495 5140/494 5151/498
f 4857/772 4858/4997 5155/769 5138/768
