# This file uses centimeters as units for non-parametric coordinates.

v -113.607299 -108.523801 74.407987
v -97.398240 -106.293901 74.122628
v -83.330095 -109.176621 74.097718
v -13.776444 -111.127081 74.097718
v 55.898364 -107.315051 74.097718
v 69.909184 -103.240331 74.097718
v 86.273110 -105.194161 74.097718
v -113.607299 -108.523801 54.382705
v -97.398240 -106.293901 54.097337
v -83.330095 -109.176621 54.072417
v -13.776444 -111.127081 54.072417
v 55.898364 -107.315051 54.072417
v 69.909184 -103.240331 54.072417
v 86.273110 -105.194161 54.072417
v -113.607299 -108.523801 34.382729
v -97.398240 -106.293901 34.097327
v -83.330095 -109.176621 34.072408
v -13.776444 -111.127081 34.072408
v 55.898364 -107.315051 34.072408
v 69.909184 -103.240331 34.072408
v 86.273110 -105.194161 34.072408
v -113.607299 -108.558191 14.382700
v -97.398240 -106.328291 14.097327
v -83.330133 -109.211011 14.072408
v -13.776444 -111.161491 14.072408
v 55.898388 -107.349451 14.072408
v 69.909203 -103.274711 14.072408
v 86.273110 -105.228561 14.072408
v -113.607299 -109.025831 -5.617302
v -97.398240 -106.795921 -5.902642
v -83.330266 -109.678641 -5.927573
v -13.776504 -111.629131 -5.927573
v 55.898526 -107.817081 -5.927573
v 69.909184 -103.742351 -5.927573
v 86.273110 -105.696191 -5.927573
v -113.607299 -111.168421 -25.617282
v -97.398240 -108.938501 -25.902662
v -83.330133 -111.821261 -25.927602
v -13.776624 -113.771731 -25.927602
v 55.898307 -109.959701 -25.927602
v 69.909184 -105.884961 -25.927602
v 86.273110 -107.838801 -25.927602
v -113.607299 -115.454201 -45.617282
v -97.398240 -113.224301 -45.902652
v -83.329456 -116.107201 -45.927592
v -13.776624 -118.057511 -45.927592
v 55.897706 -114.245661 -45.927592
v 69.909184 -110.170741 -45.927592
v 86.273129 -112.124581 -45.927592
v -113.607299 -121.860271 -65.617302
v -97.398212 -119.630371 -65.902651
v -83.328125 -122.513491 -65.927592
v -13.776624 -124.463561 -65.927592
v 55.896428 -120.651991 -65.927592
v 69.909184 -116.576801 -65.927592
v 86.273110 -118.530621 -65.927592
v -113.607299 -130.595941 -85.617314
v -97.398221 -128.366040 -85.902673
v -83.327353 -131.249311 -85.927602
v -13.776624 -133.199261 -85.927602
v 55.895684 -129.387801 -85.927602
v 69.909203 -125.312471 -85.927602
v 86.273082 -127.266320 -85.927602
v -113.607299 -136.477912 -105.617314
v -97.398221 -134.248021 -105.902692
v -83.328726 -137.131031 -105.927554
v -13.776624 -139.081231 -105.927554
v 55.896924 -135.269521 -105.927554
v 69.909184 -131.194461 -105.927554
v 86.273110 -133.148301 -105.927554
v -113.607299 -133.360911 -125.617314
v -97.398240 -131.131001 -125.902634
v -83.328445 -134.014030 -125.927554
v -13.776624 -135.964210 -125.927554
v 55.896766 -132.152481 -125.927554
v 69.909184 -128.077420 -125.927554
v 86.273129 -130.031281 -125.927554
v -113.607299 -108.523801 94.887351
v -97.398240 -106.293901 94.602002
v -83.330095 -109.176621 94.577064
v -13.776444 -111.127081 94.577064
v 55.898364 -107.315051 94.577064
v 69.909184 -103.240331 94.577064
v 86.273110 -105.194161 94.577064
v -113.607299 -108.523801 117.088718
v -97.398221 -106.293901 116.803340
v -83.330095 -109.176621 116.778421
v -13.776444 -111.127081 116.778421
v 55.898364 -107.315051 116.778421
v 69.909184 -103.240331 116.778421
v 86.273082 -105.194161 116.778421
v -113.607299 -108.523801 139.477109
v -97.398221 -106.293901 139.191732
v -83.330095 -109.176621 139.166803
v -13.776454 -111.127081 139.166803
v 55.898364 -107.315051 139.166822
v 69.909184 -103.240331 139.166803
v 86.273063 -105.194161 139.166822
v -113.607242 -108.523801 164.465627
v -97.398212 -106.293901 164.180249
v -83.330095 -109.176621 164.155301
v -13.776684 -111.127081 164.155301
v 55.898364 -107.315051 164.155301
v 69.909184 -103.240331 164.155301
v 86.273043 -105.194161 164.155320
v -113.607242 -108.523801 185.808706
v -97.398212 -106.293901 185.523347
v -83.330095 -109.176621 185.498437
v -13.776784 -111.127081 185.498437
v 55.898364 -107.315051 185.498437
v 69.909184 -103.240331 185.498437
v 86.273024 -105.194161 185.498437
v -113.607242 -108.523801 211.160382
v -97.398212 -106.293901 210.874986
v -83.330095 -109.176621 210.850038
v -13.776784 -111.127081 210.850038
v 55.898364 -107.315051 210.850038
v 69.909165 -103.240331 210.850038
v 86.273024 -105.194161 210.850038
v -113.607242 -108.523801 239.991349
v -97.398212 -106.293901 239.706010
v -83.330095 -109.176621 239.681081
v -13.776784 -111.127081 239.681100
v 55.898364 -107.315051 239.681100
v 69.909165 -103.240331 239.681081
v 86.273024 -105.194161 239.681081
v -113.607242 -108.523801 269.477605
v -97.398212 -106.293901 269.192285
v -83.330095 -109.176621 269.167356
v -13.776704 -111.127081 269.167356
v 55.898364 -107.315051 269.167356
v 69.909165 -103.240331 269.167356
v 86.273024 -105.194161 269.167356
v -113.607270 -108.523801 300.220937
v -97.398212 -106.293901 299.935598
v -83.330095 -109.176621 299.910688
v -13.776654 -111.127081 299.910688
v 55.898307 -107.315051 299.910688
v 69.909184 -103.240331 299.910650
v 86.273063 -105.194161 299.910650
v -133.663957 -111.744320 75.329427
v -133.663957 -111.744320 55.304136
v 105.900815 -105.754699 74.097718
v 105.900815 -105.754699 54.072417
v -133.663957 -111.744320 35.304126
v 105.900815 -105.754699 34.072408
v -133.663957 -111.778720 15.304150
v 105.900815 -105.789099 14.072408
v -133.663957 -112.246350 -4.695862
v 105.900815 -106.256739 -5.927583
v -133.663957 -114.388960 -24.695872
v 105.900815 -108.399329 -25.927582
v -133.690030 -118.665953 -44.695862
v 105.892432 -112.689314 -45.927592
v -133.758399 -125.049056 -64.695862
v 105.873721 -119.104701 -65.927611
v -133.734500 -133.792768 -84.695884
v 105.892384 -127.831073 -85.927602
v -133.663957 -139.698460 -104.695812
v 105.900815 -133.708840 -105.927554
v -133.663957 -136.581431 -124.695855
v 105.900815 -130.591818 -125.927554
v -133.663957 -111.744320 95.808810
v 105.900815 -105.754699 94.577064
v -133.663957 -111.744320 118.010167
v 105.900815 -105.754699 116.778449
v -133.663919 -111.744320 140.398568
v 105.900796 -105.754699 139.166841
v -133.663909 -111.744320 165.387067
v 105.900796 -105.754699 164.155339
v -133.663909 -111.744320 186.730165
v 105.900719 -105.754699 185.498437
v -133.663890 -111.744320 212.081842
v 105.900719 -105.754699 210.850038
v -133.663890 -111.744320 240.912770
v 105.900719 -105.754699 239.681081
v -133.663890 -111.744320 270.399064
v 105.900719 -105.754699 269.167356
v -133.663909 -111.744320 301.142377
v 105.900777 -105.754699 299.910650
v -159.030750 -104.096408 75.878267
v -159.030750 -104.096408 55.852994
v 127.223666 -99.992839 74.097718
v 127.223666 -99.992839 54.072417
v -159.030750 -104.096408 35.852989
v 127.223666 -99.992839 34.072408
v -159.030750 -104.130818 15.852989
v 127.223666 -100.027209 14.072408
v -159.030750 -104.598418 -4.147032
v 127.223666 -100.494869 -5.927583
v -159.030750 -106.741038 -24.147002
v 127.223666 -102.637449 -25.927562
v -159.030750 -111.092898 -44.147002
v 127.238944 -106.945075 -45.927583
v -159.030750 -117.612795 -64.147032
v 127.251542 -113.408339 -65.927630
v -159.030750 -126.298721 -84.147034
v 127.248423 -122.123680 -85.927602
v -159.030750 -132.050548 -104.146992
v 127.223666 -127.946940 -105.927530
v -159.030750 -128.973326 -124.147034
v 127.229522 -124.828679 -125.927535
v -159.030750 -104.096408 96.357650
v 127.223666 -99.992839 94.577064
v -159.030750 -104.096408 118.559007
v 127.223666 -99.992839 116.778459
v -159.030702 -104.096408 140.947446
v 127.223647 -99.992839 139.166860
v -159.030692 -104.096408 165.935945
v 127.223647 -99.992839 164.155359
v -159.030683 -104.096408 187.279023
v 127.223571 -99.992839 185.498437
v -159.030683 -104.096408 212.630681
v 127.223571 -99.992839 210.850038
v -159.030683 -104.096408 241.461610
v 127.223571 -99.992839 239.681081
v -159.030683 -104.096408 270.947904
v 127.223571 -99.992839 269.167356
v -159.030692 -104.096408 301.691236
v 127.223647 -99.992839 299.910650
v -189.183681 -89.757572 75.373601
v -189.183681 -89.757572 55.348329
v 153.904431 -100.633992 74.097718
v 153.904431 -100.633992 54.072417
v -189.183681 -89.757572 35.348329
v 153.904431 -100.633992 34.072437
v -189.183681 -89.791961 15.348319
v 153.904431 -100.668393 14.072408
v -189.183681 -90.259612 -4.651693
v 153.904431 -101.136033 -5.927592
v -189.183662 -92.402192 -24.651672
v 153.904431 -103.278622 -25.927552
v -189.180190 -96.714336 -44.651662
v 154.235585 -107.456592 -45.927583
v -189.155624 -103.236701 -64.651683
v 154.965165 -113.983206 -65.927630
v -189.253490 -111.922164 -84.651681
v 154.707902 -122.582550 -85.927602
v -189.183681 -117.711691 -104.651671
v 153.904488 -128.588123 -105.927511
v -189.177806 -114.643702 -124.651652
v 153.927434 -125.443256 -125.927535
v -189.183681 -89.757572 95.852985
v 153.904431 -100.633992 94.577064
v -189.183662 -89.757572 118.054351
v 153.904412 -100.633992 116.778459
v -189.183643 -89.757572 140.442800
v 153.904412 -100.633992 139.166898
v -189.183643 -89.757572 165.431279
v 153.904412 -100.633992 164.155359
v -189.183624 -89.757572 186.774339
v 153.904412 -100.633992 185.498437
v -189.183624 -89.757572 212.125997
v 153.904412 -100.633992 210.850038
v -189.183624 -89.757572 240.956964
v 153.904412 -100.633992 239.681081
v -189.183624 -89.757572 270.443238
v 153.904412 -100.633992 269.167356
v -189.183624 -89.757572 301.186551
v 153.904412 -100.633992 299.910650
v -208.923804 -78.251646 74.403981
v -208.923804 -78.251646 54.378690
v 186.081460 -83.313709 74.097718
v 186.081460 -83.313709 54.072417
v -208.923804 -78.251646 34.378666
v 186.081460 -83.313709 34.072437
v -208.923804 -78.286057 14.378676
v 186.081460 -83.348117 14.072408
v -208.923804 -78.753686 -5.621341
v 186.081460 -83.815747 -5.927592
v -208.923804 -80.896287 -25.621332
v 186.081460 -85.958329 -25.927542
v -208.919437 -85.187159 -45.621302
v 185.987523 -90.281861 -45.927583
v -208.902671 -91.630071 -65.621322
v 185.839207 -96.701863 -65.927654
v -208.890102 -100.430859 -85.621362
v 185.698102 -105.594107 -85.927602
v -208.923804 -106.205807 -105.621334
v 186.081460 -111.267836 -105.927492
v -208.923824 -103.075259 -125.621348
v 186.072285 -108.152775 -125.927535
v -208.923804 -78.251646 94.883346
v 186.081460 -83.313709 94.577064
v -208.923804 -78.251646 117.084741
v 186.081460 -83.313709 116.778468
v -208.923785 -78.251646 139.473142
v 186.081403 -83.313709 139.166898
v -208.923766 -78.251646 164.461660
v 186.081364 -83.313709 164.155378
v -208.923728 -78.251646 185.804681
v 186.081345 -83.313709 185.498456
v -208.923728 -78.251646 211.156358
v 186.081345 -83.313709 210.850095
v -208.923728 -78.251646 239.987306
v 186.081345 -83.313709 239.681081
v -208.923728 -78.251646 269.473561
v 186.081345 -83.313709 269.167356
v -208.923785 -78.251646 300.216893
v 186.081384 -83.313709 299.910650
v -63.366954 -115.651411 74.097718
v -56.440484 -115.710261 74.097718
v -63.366954 -115.651411 94.577064
v -56.440484 -115.710261 94.577064
v -63.366954 -115.651411 54.072417
v -56.440522 -115.710261 54.072417
v -63.366983 -115.651411 34.072408
v -56.440522 -115.710261 34.072408
v -51.244795 -112.598581 74.097709
v -41.229355 -111.268541 74.097718
v -51.244795 -112.598581 94.577064
v -41.229355 -111.268541 94.577064
v -51.244795 -112.598581 54.072417
v -41.229355 -111.268541 54.072417
v -51.244795 -112.598581 34.072408
v -41.229346 -111.268541 34.072408
v 19.662345 -111.268541 74.097718
v 24.625197 -112.595791 74.097718
v 19.662345 -111.268541 94.577064
v 24.625197 -112.595791 94.577064
v 19.662345 -111.268541 54.072417
v 24.625197 -112.595791 54.072417
v 19.662345 -111.268541 34.072408
v 24.625197 -112.595791 34.072408
v 29.124286 -115.678551 74.097709
v 36.051576 -115.319751 74.097718
v 29.124286 -115.678551 94.577064
v 36.051576 -115.319751 94.577064
v 29.124286 -115.678551 54.072417
v 36.051576 -115.319751 54.072417
v 29.124286 -115.678551 34.072408
v 36.051576 -115.319751 34.072408
v -63.367145 -115.685781 14.072408
v -56.440594 -115.744641 14.072408
v -51.244695 -112.633041 14.072408
v -41.228964 -111.302941 14.072408
v 19.661985 -111.302941 14.072408
v 24.625135 -112.630231 14.072408
v 29.124406 -115.712951 14.072408
v 36.051743 -115.354121 14.072408
v -63.368103 -116.153261 -5.927573
v -56.440956 -116.212161 -5.927573
v -51.524465 -113.101281 -5.927573
v -42.463374 -111.770691 -5.927573
v 18.467956 -111.770691 -5.927573
v 24.347136 -113.098481 -5.927573
v 29.124863 -116.180541 -5.927573
v 36.052625 -115.821661 -5.927573
v -63.366625 -118.295801 -25.927602
v -56.438625 -118.353671 -25.927602
v -51.580674 -115.246511 -25.927602
v -44.108085 -113.913771 -25.927602
v 16.847856 -113.913771 -25.927602
v 24.291756 -115.243761 -25.927602
v 29.122904 -118.322311 -25.927602
v 36.051104 -117.964291 -25.927602
v -63.360836 -122.581891 -45.927592
v -56.432426 -122.637041 -45.927592
v -51.588015 -119.537261 -45.927592
v -44.109595 -118.200481 -45.927592
v 16.849516 -118.200481 -45.927592
v 24.299326 -119.534611 -45.927592
v 29.117587 -122.606171 -45.927592
v 36.045645 -122.250591 -45.927592
v -63.350312 -128.988581 -65.927592
v -56.422603 -129.039901 -65.927592
v -51.599714 -125.949241 -65.927592
v -44.118044 -124.607661 -65.927592
v 16.857806 -124.607661 -65.927592
v 24.310985 -125.946651 -65.927592
v 29.108527 -129.009551 -65.927592
v 36.038587 -128.657490 -65.927592
v -63.344333 -137.724882 -85.927602
v -56.421773 -137.774611 -85.927602
v -51.602795 -134.685521 -85.927602
v -44.123425 -133.343442 -85.927602
v 16.863096 -133.343442 -85.927602
v 24.314056 -134.682942 -85.927602
v 29.104464 -137.744351 -85.927602
v 36.032946 -137.393880 -85.927602
v -63.355477 -143.606060 -105.927554
v -56.428444 -143.659871 -105.927554
v -51.591994 -140.561841 -105.927554
v -44.116103 -139.224370 -105.927554
v 16.855777 -139.224370 -105.927554
v 24.303236 -140.559230 -105.927554
v 29.113987 -143.629392 -105.927554
v 36.043027 -143.275011 -105.927554
v -63.353555 -140.489271 -125.927554
v -56.428005 -140.543402 -125.927554
v -51.592126 -137.442990 -125.927554
v -44.121754 -136.107002 -125.927554
v 16.861437 -136.107002 -125.927554
v 24.303186 -137.440291 -125.927554
v 29.112814 -140.512300 -125.927554
v 36.041777 -140.157900 -125.927554
v -63.366954 -115.651411 116.778421
v -56.440484 -115.710261 116.778421
v -51.244795 -112.598581 116.778421
v -41.229355 -111.268541 116.778421
v 19.662345 -111.268541 116.778421
v 24.625197 -112.595791 116.778421
v 29.124286 -115.678551 116.778421
v 36.051576 -115.319751 116.778421
v -63.366954 -115.651411 139.166822
v -56.223952 -115.710261 139.166822
v -50.141554 -112.598581 139.166803
v -39.780833 -111.268541 139.166803
v 19.242456 -111.268541 139.166822
v 24.484556 -112.595791 139.166822
v 29.124286 -115.678551 139.166803
v 36.051576 -115.319751 139.166803
v -63.366954 -115.651411 164.155301
v -56.201837 -115.710261 164.155301
v -50.530164 -112.598581 164.155301
v -43.766834 -111.268541 164.155301
v 13.973446 -111.268541 164.155301
v 23.954137 -112.595791 164.155301
v 29.124286 -115.678551 164.155301
v 36.051576 -115.319751 164.155301
v -56.440484 -115.710261 185.498437
v -63.366954 -115.651411 185.498437
v -46.985974 -111.268541 185.498437
v -51.917715 -112.598581 185.498437
v 23.954137 -112.595791 185.498437
v 13.912456 -111.268541 185.498437
v 36.051576 -115.319751 185.498437
v 29.124286 -115.678551 185.498437
v -56.440484 -115.710261 210.850038
v -63.366954 -115.651411 210.850038
v 23.954137 -112.595791 210.850038
v 13.912456 -111.268541 210.850038
v -46.985974 -111.268541 210.850038
v -51.917715 -112.598581 210.850038
v 36.051576 -115.319751 210.850038
v 29.124286 -115.678551 210.850038
v -56.440484 -115.710261 239.681081
v -63.366954 -115.651411 239.681100
v 23.954137 -112.595791 239.681081
v 13.912456 -111.268541 239.681100
v -46.985974 -111.268541 239.681081
v -51.917715 -112.598581 239.681100
v 36.051576 -115.319751 239.681081
v 29.124286 -115.678551 239.681100
v -56.440484 -115.710261 269.167356
v -63.366954 -115.651411 269.167356
v 22.297936 -112.595791 269.167356
v 11.542845 -111.268541 269.167356
v -44.500844 -111.268541 269.167356
v -51.577024 -112.598581 269.167356
v 36.051576 -115.319751 269.167356
v 28.774226 -115.678551 269.167356
v -56.440522 -115.710261 299.910688
v -63.366945 -115.651411 299.910688
v 19.819715 -112.595791 299.910688
v 10.958925 -111.268541 299.910688
v -41.760864 -111.268541 299.910688
v -51.300645 -112.598581 299.910688
v 35.955155 -115.319751 299.910688
v 27.108667 -115.678551 299.910688
v -208.890102 -96.014058 -75.621353
v 185.740865 -101.098035 -75.927630
v 169.988835 -112.735184 -85.927602
v -198.190505 -113.476041 -105.110913
v -208.902671 -104.215765 -95.621353
v 185.839207 -109.350233 -95.927511
v 169.755776 -118.466998 -105.927511
v -198.184993 -110.350545 -125.110894
v -208.911636 -105.412412 -115.621348
v 186.081479 -110.434187 -115.927516
v 169.755776 -115.349977 -125.927535
v -208.923804 -78.251646 84.479818
v -198.184974 -85.522371 95.393762
v 169.755776 -90.512867 94.577064
v 186.081460 -83.313709 84.173545
v -208.923804 -78.251646 105.891675
v -198.184974 -85.522371 117.595138
v 169.755776 -90.512867 116.778478
v 186.081460 -83.313709 105.585431
v -208.923804 -78.251646 128.042344
v -198.184974 -85.522371 139.983548
v 169.755776 -90.512867 139.166898
v 186.081460 -83.313709 127.736091
v -208.923785 -78.251646 152.085790
v -198.184936 -85.522371 164.972066
v 169.755738 -90.512867 164.155359
v 186.081384 -83.313709 151.779527
v -208.923728 -78.251646 175.182218
v -198.184917 -85.522371 186.315126
v 169.755700 -90.512867 185.498437
v 186.081345 -83.313709 174.875936
v -208.923728 -78.251646 197.886399
v -198.184917 -85.522371 211.666764
v 169.755700 -90.512867 210.850095
v 186.081345 -83.313709 197.580137
v -208.923728 -78.251646 225.343599
v -198.184917 -85.522371 240.497750
v 169.755700 -90.512867 239.681062
v 186.081345 -83.313709 225.037355
v -208.923728 -78.251646 254.626645
v -198.184917 -85.522371 269.983987
v 169.755700 -90.512867 269.167356
v 186.081345 -83.313709 254.320363
v -208.923766 -78.251646 284.740285
v -198.184936 -85.522371 300.727300
v 169.755738 -90.512867 299.910650
v 186.081364 -83.313709 284.434041
v -58.429162 -116.437631 74.097718
v -56.440522 -115.710261 64.072417
v -58.429177 -116.437631 54.072417
v -63.366954 -115.651411 64.072417
v -63.366954 -115.651411 84.173545
v -58.429162 -116.437631 94.577064
v -56.440522 -115.710261 84.173545
v -63.366954 -115.651411 105.585412
v -58.429162 -116.437631 116.778421
v -56.440522 -115.710261 105.585412
v -56.440522 -115.710261 44.072417
v -58.429177 -116.437631 34.072408
v -63.366983 -115.651411 44.072417
v -56.440484 -115.710261 24.072427
v -58.429334 -116.471991 14.072408
v -63.366954 -115.651411 24.072427
v -48.650264 -111.692881 74.097718
v -41.229355 -111.268541 64.072417
v -48.650264 -111.692881 54.072417
v -51.244824 -112.598581 64.072417
v -51.244824 -112.598581 84.173545
v -48.650264 -111.692881 94.577064
v -41.229355 -111.268541 84.173545
v -51.244824 -112.598581 105.585412
v -48.650264 -111.692881 116.778421
v -41.229355 -111.268541 105.585412
v -41.229355 -111.268541 44.072417
v -48.650264 -111.692881 34.072408
v -51.244824 -112.598581 44.072417
v -41.229324 -111.268541 24.072427
v -48.650024 -111.727301 14.072408
v -51.244795 -112.598581 24.072427
v 23.012536 -111.692881 74.097718
v 24.625197 -112.595791 64.072417
v 23.012536 -111.692881 54.072417
v 19.662345 -111.268541 64.072417
v 19.662345 -111.268541 84.173545
v 23.012536 -111.692881 94.577064
v 24.625197 -112.595791 84.173545
v 19.662345 -111.268541 105.585412
v 23.012536 -111.692881 116.778421
v 24.625197 -112.595791 105.585412
v 24.625197 -112.595791 44.072417
v 23.012526 -111.692881 34.072408
v 19.662345 -111.268541 44.072417
v 24.625206 -112.595791 24.072427
v 23.012266 -111.727301 14.072408
v 19.662345 -111.268541 24.072427
v 31.113045 -116.366751 74.097718
v 36.051576 -115.319751 64.072417
v 31.113045 -116.366751 54.072417
v 29.124286 -115.678551 64.072417
v 29.124286 -115.678551 84.173545
v 31.113045 -116.366751 94.577064
v 36.051576 -115.319751 84.173545
v 29.124286 -115.678551 105.585412
v 31.113045 -116.366751 116.778421
v 36.051576 -115.319751 105.585412
v 36.051576 -115.319751 44.072417
v 31.113036 -116.366751 34.072408
v 29.124286 -115.678551 44.072417
v 36.051576 -115.319741 24.072427
v 31.113227 -116.401141 14.072408
v 29.124286 -115.678551 24.072427
v -56.440923 -115.847821 4.072427
v -58.430063 -116.939431 -5.927573
v -63.367693 -115.788911 4.072427
v -41.227915 -111.406151 4.072427
v -49.178765 -112.195361 -5.927573
v -51.244435 -112.736361 4.072427
v 24.624856 -112.733541 4.072427
v 22.489856 -112.195361 -5.927573
v 19.660936 -111.406151 4.072427
v 36.052277 -115.457251 4.072427
v 31.113966 -116.868631 -5.927573
v 29.124754 -115.816161 4.072427
v -56.440212 -117.029981 -15.927583
v -58.427474 -119.081071 -25.927602
v -63.367812 -116.971411 -15.927583
v -44.080333 -112.589081 -15.927583
v -49.474153 -114.339901 -25.927602
v -51.578304 -113.920491 -15.927583
v 24.295745 -113.917731 -15.927583
v 22.200926 -114.339901 -25.927602
v 16.876815 -112.589081 -15.927583
v 36.052277 -116.639821 -15.927583
v 31.111577 -119.010491 -25.927602
v 29.124234 -116.998471 -15.927583
v -56.436064 -120.235641 -35.927592
v -58.419816 -123.365121 -45.927592
v -63.364374 -120.178911 -35.927592
v -44.108283 -115.797191 -35.927592
v -49.479315 -118.629381 -45.927592
v -51.583745 -117.131751 -35.927592
v 24.294946 -117.129041 -35.927592
v 22.206805 -118.629381 -45.927592
v 16.848145 -115.797191 -35.927592
v 36.048978 -119.847501 -35.927592
v 31.104586 -123.294951 -45.927592
v 29.120796 -120.204501 -35.927592
v -56.427533 -125.519041 -55.927592
v -58.406975 -129.769071 -65.927592
v -63.355787 -125.465840 -55.927592
v -44.113385 -121.084761 -55.927592
v -49.491815 -125.039891 -65.927592
v -51.594035 -122.424171 -55.927592
v 24.305356 -122.421531 -55.927592
v 22.219155 -125.039891 -65.927592
v 16.853216 -121.084761 -55.927592
v 36.043837 -125.134660 -55.927592
v 31.092356 -129.699331 -65.927592
v 29.113114 -125.488481 -55.927592
v -56.422274 -133.357811 -75.927592
v -58.405425 -138.504482 -85.927602
v -63.345525 -133.307910 -75.927592
v -44.122135 -128.926781 -75.927592
v -49.496975 -133.776122 -85.927602
v -51.603083 -130.269301 -75.927592
v 24.314366 -130.266750 -75.927592
v 22.224226 -133.776122 -85.927602
v 16.861825 -128.926781 -75.927592
v 36.034086 -132.976880 -75.927592
v 31.086514 -138.434821 -85.927602
v 29.104955 -133.327542 -75.927592
v -56.423185 -141.592222 -95.927592
v -58.414066 -144.388502 -105.927554
v -63.349645 -141.540552 -95.927592
v -44.119694 -137.159021 -95.927592
v -49.485614 -139.653812 -105.927554
v -51.597545 -138.498850 -95.927592
v 24.308756 -138.496251 -95.927592
v 22.212916 -139.653812 -105.927554
v 16.859396 -137.159021 -95.927592
v 36.037696 -141.209581 -95.927592
v 31.098864 -144.318700 -105.927554
v 29.109056 -141.561902 -95.927592
v -56.429293 -142.826791 -115.927554
v -58.412773 -141.272121 -125.927554
v -63.355872 -142.772451 -115.927554
v -44.117624 -138.390510 -115.927554
v -49.488876 -136.535480 -125.927554
v -51.590955 -139.726892 -115.927554
v 24.302097 -139.724241 -115.927554
v 22.216137 -136.535461 -125.927554
v 16.857326 -138.390510 -115.927554
v 36.043604 -142.441252 -115.927554
v 31.097567 -141.201771 -125.927554
v 29.114516 -142.796052 -115.927554
v -63.366954 -115.651411 127.736005
v -58.405764 -116.437631 139.166822
v -56.440522 -115.710261 127.736005
v -51.244824 -112.598581 127.736005
v -47.305264 -111.692881 139.166822
v -41.229355 -111.268541 127.736005
v 19.662345 -111.268541 127.736005
v 22.782975 -111.692881 139.166822
v 24.625197 -112.595791 127.736005
v 29.124286 -115.678551 127.736005
v 31.113045 -116.366751 139.166822
v 36.051576 -115.319751 127.736005
v -63.366954 -115.651411 151.779432
v -58.396504 -116.437631 164.155301
v -55.384805 -115.710261 151.779432
v -48.173294 -112.598581 151.779432
v -48.367386 -111.692881 164.155301
v -38.025994 -111.268541 151.779432
v 16.822496 -111.268541 151.779432
v 21.362386 -111.692881 164.155301
v 24.294415 -112.595791 151.779432
v 29.124286 -115.678551 151.779432
v 31.113045 -116.366751 164.155301
v 36.051576 -115.319751 151.779432
v -63.366954 -115.651411 174.875879
v -58.429162 -116.437631 185.498437
v -56.440522 -115.710261 174.875879
v -51.917724 -112.598581 174.875879
v -50.302584 -111.692881 185.498437
v -46.877684 -111.268541 174.875879
v 13.912456 -111.268541 174.875879
v 21.362386 -111.692881 185.498437
v 23.954137 -112.595791 174.875879
v 29.124286 -115.678551 174.875879
v 31.113045 -116.366751 185.498437
v 36.051576 -115.319751 174.875879
v -63.366954 -115.651411 197.580137
v -58.429162 -116.437631 210.850095
v -56.440522 -115.710261 197.580137
v -51.917724 -112.598581 197.580137
v -50.302584 -111.692881 210.850095
v -46.985974 -111.268541 197.580137
v 13.912456 -111.268541 197.580137
v 21.362386 -111.692881 210.850095
v 23.954137 -112.595791 197.580137
v 29.124286 -115.678551 197.580137
v 31.113045 -116.366751 210.850095
v 36.051576 -115.319751 197.580137
v -63.366954 -115.651411 225.037355
v -58.429162 -116.437631 239.681062
v -56.440522 -115.710261 225.037355
v 13.912456 -111.268541 225.037355
v 21.362386 -111.692881 239.681062
v 23.954137 -112.595791 225.037355
v -51.917724 -112.598581 225.037355
v -50.302584 -111.692881 239.681062
v -46.985974 -111.268541 225.037355
v 29.124286 -115.678551 225.037355
v 31.113045 -116.366751 239.681062
v 36.051576 -115.319751 225.037355
v -63.366954 -115.651411 254.320363
v -58.429162 -116.437631 269.167394
v -56.440522 -115.710261 254.320363
v 13.912456 -111.268541 254.320363
v 19.186235 -111.692881 269.167394
v 23.954137 -112.595791 254.320363
v -51.917724 -112.598581 254.320363
v -49.491615 -111.692881 269.167394
v -46.985974 -111.268541 254.320363
v 29.124286 -115.678551 254.320363
v 31.035416 -116.366751 269.167394
v 36.051576 -115.319751 254.320363
v -63.366954 -115.651411 284.434098
v -58.429162 -116.437631 299.910688
v -56.440522 -115.710261 284.434098
v 10.958925 -111.268541 284.434098
v 17.037485 -111.692881 299.910688
v 19.819715 -112.595791 284.434098
v -51.300645 -112.598581 284.434098
v -48.775284 -111.692881 299.910688
v -41.792955 -111.268541 284.434098
v 27.108667 -115.678551 284.434098
v 29.949963 -116.366751 299.910688
v 35.955155 -115.319751 284.434098
v -54.014904 -114.184151 74.097718
v -54.014904 -114.184151 94.577064
v -54.014904 -114.184151 54.072417
v -54.014904 -114.184151 34.072408
v 26.763404 -114.172961 74.097718
v 26.763404 -114.172961 94.577064
v 26.763404 -114.172961 54.072417
v 26.763404 -114.172961 34.072408
v -54.014904 -114.218571 14.072408
v 26.763437 -114.207391 14.072408
v -54.040105 -114.686491 -5.927573
v 26.735266 -114.675341 -5.927573
v -54.041064 -116.829951 -25.927602
v 26.736486 -116.818991 -25.927602
v -54.042084 -121.117131 -45.927592
v 26.738165 -121.106451 -45.927592
v -54.043343 -127.524591 -65.927592
v 26.739805 -127.514271 -65.927592
v -54.042723 -136.259990 -85.927602
v 26.739247 -136.249681 -85.927602
v -54.041974 -142.140751 -105.927554
v 26.738265 -142.130342 -105.927554
v -54.041445 -139.022990 -125.927554
v 26.737116 -139.012201 -125.927554
v -54.014904 -114.184151 116.778421
v 26.763404 -114.172961 116.778421
v -53.331434 -114.184151 139.166822
v 26.734908 -114.172961 139.166822
v -53.329825 -114.184151 164.155301
v 26.702245 -114.172961 164.155301
v -54.072535 -114.184151 185.498437
v 26.702245 -114.172961 185.498437
v -73.406684 -112.636771 74.097718
v -73.406684 -112.636771 54.072417
v -31.152204 -111.127081 74.097718
v -13.776444 -111.127081 64.072417
v -31.152204 -111.127081 54.072417
v 3.809005 -111.127081 74.097718
v 3.809005 -111.127081 54.072417
v 46.056745 -111.619701 74.097718
v 46.056745 -111.619701 54.072417
v -73.406694 -112.636771 34.072408
v -13.776444 -111.127081 44.072417
v -31.152204 -111.127081 34.072408
v 3.809005 -111.127081 34.072408
v 46.056745 -111.619701 34.072408
v -73.406775 -112.671151 14.072408
v -13.776444 -111.127081 24.072427
v -31.152204 -111.161491 14.072408
v 3.809005 -111.161491 14.072408
v 46.056855 -111.654091 14.072408
v -73.407366 -113.138711 -5.927573
v -13.776444 -111.264661 4.072427
v -31.152235 -111.629131 -5.927573
v 3.808976 -111.629131 -5.927573
v 46.057403 -112.121681 -5.927573
v -73.406713 -115.281441 -25.927602
v -13.776574 -112.447331 -15.927583
v -31.152304 -113.771731 -25.927602
v 3.808886 -113.771731 -25.927602
v 46.056655 -114.264431 -25.927602
v -73.403785 -119.567821 -45.927592
v -13.776624 -115.654721 -35.927592
v -31.152304 -118.057511 -45.927592
v 3.808886 -118.057511 -45.927592
v 46.053818 -118.550911 -45.927592
v -73.398163 -125.974810 -65.927592
v -13.776624 -120.941181 -55.927592
v -31.152304 -124.463561 -65.927592
v 3.808886 -124.463561 -65.927592
v 46.048386 -124.957991 -65.927592
v -73.394816 -134.711042 -85.927602
v -13.776624 -128.782461 -75.927592
v -31.152304 -133.199261 -85.927602
v 3.808886 -133.199261 -85.927602
v 46.045234 -133.694270 -85.927602
v -73.400786 -140.591970 -105.927554
v -13.776624 -137.015310 -95.927592
v -31.152304 -139.081231 -105.927554
v 3.808886 -139.081231 -105.927554
v 46.050546 -139.575200 -105.927554
v -73.399555 -137.475012 -125.927554
v -13.776624 -138.247600 -115.927554
v -31.152304 -135.964210 -125.927554
v 3.808886 -135.964210 -125.927554
v 46.049855 -136.458080 -125.927554
v -73.406684 -112.636771 94.577064
v -31.152204 -111.127081 94.577064
v -13.776444 -111.127081 84.173545
v 3.809005 -111.127081 94.577064
v 46.056745 -111.619701 94.577064
v -73.406684 -112.636771 116.778421
v -31.152204 -111.127081 116.778421
v -13.776444 -111.127081 105.585412
v 3.809005 -111.127081 116.778421
v 46.056745 -111.619701 116.778421
v -73.406684 -112.636771 139.166822
v -31.152204 -111.127081 139.166822
v -13.776444 -111.127081 127.736005
v 3.808996 -111.127081 139.166822
v 46.056745 -111.619701 139.166822
v -73.406684 -112.636771 164.155301
v -31.152345 -111.127081 164.155301
v -13.776564 -111.127081 151.779432
v 3.808855 -111.127081 164.155301
v 46.056745 -111.619701 164.155301
v -73.406684 -112.636771 185.498437
v -31.152434 -111.127081 185.498437
v -13.776764 -111.127081 174.875879
v 3.808775 -111.127081 185.498437
v 46.056745 -111.619701 185.498437
v -73.406684 -112.636771 210.850095
v -13.776784 -111.127081 197.580137
v 3.808775 -111.127081 210.850095
v -31.152434 -111.127081 210.850095
v 46.056745 -111.619701 210.850095
v -54.072535 -114.184151 210.850095
v 26.702245 -114.172961 210.850095
v -73.406684 -112.636771 239.681062
v -13.776784 -111.127081 225.037355
v 3.808775 -111.127081 239.681062
v -31.152434 -111.127081 239.681062
v 46.056745 -111.619701 239.681062
v -54.072535 -114.184151 239.681062
v 26.702245 -114.172961 239.681062
v -73.406684 -112.636771 269.167394
v -13.776784 -111.127081 254.320363
v 3.808825 -111.127081 269.167394
v -31.152384 -111.127081 269.167394
v 46.056745 -111.619701 269.167394
v -54.039814 -114.184151 269.167394
v 25.730725 -114.172961 269.167394
v -73.406684 -112.636771 299.910688
v -13.776654 -111.127081 284.434098
v 3.808855 -111.127081 299.910688
v -31.152295 -111.127081 299.910688
v 46.056745 -111.619701 299.910688
v -54.016244 -114.184151 299.910688
v 23.411825 -114.172961 299.910688
v -104.749162 -106.921971 74.197406
v -97.398240 -106.293901 64.097337
v -104.749162 -106.921971 54.172115
v -113.607299 -108.523801 64.382705
v -90.733316 -107.053891 74.097718
v -83.330095 -109.176621 64.072417
v -90.733316 -107.053891 54.072417
v 63.239787 -104.454191 74.097718
v 69.909184 -103.240331 64.072417
v 63.239787 -104.454191 54.072417
v 55.898307 -107.315051 64.072417
v 77.330849 -103.876701 74.097718
v 86.273110 -105.194161 64.072417
v 77.330849 -103.876701 54.072417
v -97.398240 -106.293901 44.097327
v -104.749162 -106.921971 34.172110
v -113.607299 -108.523801 44.382729
v -83.330095 -109.176621 44.072417
v -90.733316 -107.053891 34.072408
v 69.909184 -103.240331 44.072417
v 63.239787 -104.454191 34.072408
v 55.898307 -107.315051 44.072417
v 86.273110 -105.194161 44.072417
v 77.330849 -103.876701 34.072408
v -97.398240 -106.293901 24.097327
v -104.749162 -106.956371 14.172100
v -113.607299 -108.523801 24.382710
v -83.330095 -109.176621 24.072427
v -90.733316 -107.088281 14.072408
v 69.909203 -103.240331 24.072427
v 63.239806 -104.488581 14.072408
v 55.898364 -107.315051 24.072427
v 86.273110 -105.194161 24.072427
v 77.330849 -103.911101 14.072408
v -97.398240 -106.431461 4.097327
v -104.749162 -107.424011 -5.827902
v -113.607299 -108.661381 4.382698
v -83.330195 -109.314201 4.072427
v -90.733316 -107.555931 -5.927573
v 69.909203 -103.377901 4.072427
v 63.239806 -104.956211 -5.927573
v 55.898445 -107.452631 4.072427
v 86.273110 -105.331741 4.072427
v 77.330849 -104.378751 -5.927573
v -97.398240 -107.614151 -15.902652
v -104.749162 -109.566581 -25.827882
v -113.607299 -109.844041 -15.617312
v -83.330233 -110.496861 -15.927583
v -90.733316 -109.698511 -25.927602
v 69.909184 -104.560561 -15.927583
v 63.239787 -107.098811 -25.927602
v 55.898464 -108.635291 -15.927583
v 86.273110 -106.514411 -15.927583
v 77.330849 -106.521341 -25.927602
v -97.398240 -110.821531 -35.902672
v -104.749162 -113.852381 -45.827902
v -113.607299 -113.051431 -35.617282
v -83.329866 -113.704341 -35.927592
v -90.733335 -113.984301 -45.927592
v 69.909184 -107.767961 -35.927592
v 63.239806 -111.384601 -45.927592
v 55.898125 -111.842791 -35.927592
v 86.273110 -109.721781 -35.927592
v 77.330869 -110.807111 -45.927592
v -97.398221 -116.107951 -55.902651
v -104.749162 -120.258441 -65.827902
v -113.607299 -118.337891 -55.617302
v -83.328826 -118.991001 -55.927592
v -90.733282 -120.390361 -65.927592
v 69.909184 -113.054401 -55.927592
v 63.239787 -117.790661 -65.927592
v 55.897067 -117.129461 -55.927592
v 86.273129 -115.008251 -55.927592
v 77.330849 -117.213181 -65.927592
v -97.398212 -123.949261 -75.902653
v -104.749162 -128.994111 -85.827900
v -113.607299 -126.179181 -75.617290
v -83.327524 -126.832511 -75.927592
v -90.733297 -129.126051 -85.927602
v 69.909184 -120.895701 -75.927592
v 63.239787 -126.526341 -85.927602
v 55.895803 -124.971000 -75.927592
v 86.273110 -122.849541 -75.927592
v 77.330849 -125.948861 -85.927602
v -97.398221 -132.182081 -95.902673
v -104.749162 -134.876092 -105.827890
v -113.607299 -134.412022 -95.617352
v -83.328006 -135.065260 -95.927592
v -90.733316 -135.008021 -105.927554
v 69.909203 -129.128521 -95.927592
v 63.239787 -132.408321 -105.927554
v 55.896247 -133.203750 -95.927592
v 86.273110 -131.082381 -95.927592
v 77.330849 -131.830831 -105.927554
v -97.398221 -133.414390 -115.902692
v -104.749162 -131.759060 -125.827895
v -113.607299 -135.644310 -115.617314
v -83.328755 -136.297391 -115.927554
v -90.733306 -131.891001 -125.927554
v 69.909184 -130.360831 -115.927554
v 63.239787 -129.291301 -125.927554
v 55.896948 -134.435871 -115.927554
v 86.273110 -132.314670 -115.927554
v 77.330849 -128.713811 -125.927554
v -113.607299 -108.523801 84.483813
v -104.749162 -106.921971 94.676761
v -97.398240 -106.293901 84.198465
v -90.733316 -107.053891 94.577064
v -83.330095 -109.176621 84.173545
v 55.898307 -107.315051 84.173545
v 63.239787 -104.454191 94.577064
v 69.909184 -103.240331 84.173545
v 77.330849 -103.876701 94.577064
v 86.273110 -105.194161 84.173545
v -113.607299 -108.523801 105.895700
v -104.749162 -106.921971 116.878118
v -97.398240 -106.293901 105.610322
v -90.733316 -107.053891 116.778421
v -83.330095 -109.176621 105.585412
v 55.898307 -107.315051 105.585412
v 63.239787 -104.454191 116.778421
v 69.909184 -103.240331 105.585412
v 77.330849 -103.876701 116.778421
v 86.273110 -105.194161 105.585431
v -113.607299 -108.523801 128.046302
v -104.749133 -106.921971 139.266519
v -97.398221 -106.293901 127.760925
v -90.733306 -107.053891 139.166822
v -83.330095 -109.176621 127.736005
v 55.898307 -107.315051 127.736005
v 63.239787 -104.454191 139.166822
v 69.909184 -103.240331 127.736005
v 77.330849 -103.876701 139.166822
v 86.273082 -105.194161 127.736015
v -113.607280 -108.523801 152.089757
v -104.749114 -106.921971 164.254998
v -97.398212 -106.293901 151.804342
v -90.733297 -107.053891 164.155301
v -83.330095 -109.176621 151.779432
v 55.898307 -107.315051 151.779432
v 63.239787 -104.454191 164.155301
v 69.909184 -103.240331 151.779432
v 77.330821 -103.876701 164.155301
v 86.273063 -105.194161 151.779432
v -113.607242 -108.523801 175.186204
v -104.749105 -106.921971 185.598134
v -97.398212 -106.293901 174.900808
v -90.733282 -107.053891 185.498437
v -83.330095 -109.176621 174.875879
v 55.898307 -107.315051 174.875879
v 63.239787 -104.454191 185.498437
v 69.909184 -103.240331 174.875879
v 77.330802 -103.876701 185.498437
v 86.273043 -105.194161 174.875917
v -113.607242 -108.523801 197.890424
v -104.749105 -106.921971 210.949773
v -97.398202 -106.293901 197.605046
v -90.733282 -107.053891 210.850095
v -83.330095 -109.176621 197.580137
v 55.898307 -107.315051 197.580137
v 63.239787 -104.454191 210.850095
v 69.909165 -103.240331 197.580137
v 77.330802 -103.876701 210.850095
v 86.273024 -105.194161 197.580137
v -113.607242 -108.523801 225.347661
v -104.749105 -106.921971 239.780759
v -97.398202 -106.293901 225.062284
v -90.733282 -107.053891 239.681062
v -83.330095 -109.176621 225.037355
v 55.898307 -107.315051 225.037355
v 63.239787 -104.454191 239.681062
v 69.909165 -103.240331 225.037355
v 77.330802 -103.876701 239.681062
v 86.273024 -105.194161 225.037355
v -113.607242 -108.523801 254.630689
v -104.749105 -106.921971 269.267053
v -97.398202 -106.293901 254.345292
v -90.733282 -107.053891 269.167394
v -83.330095 -109.176621 254.320363
v 55.898307 -107.315051 254.320363
v 63.239787 -104.454191 269.167394
v 69.909165 -103.240331 254.320363
v 77.330821 -103.876701 269.167356
v 86.273024 -105.194161 254.320363
v -113.607242 -108.523801 284.744348
v -104.749114 -106.921971 300.010328
v -97.398212 -106.293901 284.459008
v -90.733297 -107.053891 299.910688
v -83.330095 -109.176621 284.434098
v 55.898307 -107.315051 284.434098
v 63.239787 -104.454191 299.910688
v 69.909184 -103.240331 284.434098
v 77.330821 -103.876701 299.910650
v 86.273043 -105.194161 284.434022
v -123.427894 -110.685071 54.815101
v -133.663957 -111.744320 65.304145
v -123.427894 -110.685071 74.840364
v 96.093705 -106.023531 74.097718
v 105.900815 -105.754699 64.072417
v 96.093705 -106.023531 54.072417
v -123.427894 -110.685071 34.815120
v -133.663957 -111.744320 45.304150
v 105.900815 -105.754699 44.072417
v 96.093705 -106.023531 34.072408
v -123.427894 -110.719461 14.815106
v -133.663957 -111.744320 25.304140
v 105.900815 -105.754699 24.072427
v 96.093705 -106.057931 14.072408
v -123.427894 -111.187101 -5.184882
v -133.663957 -111.881890 5.304138
v 105.900815 -105.892279 4.072427
v 96.093705 -106.525571 -5.927573
v -123.427875 -113.329691 -25.184902
v -133.663957 -113.064561 -14.695862
v 105.900815 -107.074949 -15.927583
v 96.093705 -108.668141 -25.927582
v -123.427894 -117.615481 -45.184882
v -133.667075 -116.270920 -34.695862
v 105.892384 -110.286544 -35.927582
v 96.093762 -112.953941 -45.927592
v -123.427903 -124.021551 -65.184902
v -133.720510 -121.539404 -54.695862
v 105.885165 -115.576606 -55.927602
v 96.093705 -119.360011 -65.927602
v -123.427894 -132.757230 -85.184904
v -133.763015 -129.366390 -74.695860
v 105.873721 -123.423591 -75.927602
v 96.093705 -128.095690 -85.927602
v -123.427894 -138.639181 -105.184933
v -133.663957 -137.632552 -94.695831
v 105.900815 -131.642919 -95.927592
v 96.093705 -133.977671 -105.927554
v -123.427894 -135.522180 -125.184890
v -133.663957 -138.864820 -114.695855
v 105.900815 -132.875219 -115.927554
v 96.093762 -130.860651 -125.927554
v -133.663957 -111.744320 85.405254
v -123.427894 -110.685071 95.319757
v 96.093705 -106.023531 94.577064
v 105.900815 -105.754699 84.173545
v -133.663957 -111.744320 106.817140
v -123.427875 -110.685071 117.521095
v 96.093705 -106.023531 116.778440
v 105.900815 -105.754699 105.585431
v -133.663957 -111.744320 128.967761
v -123.427856 -110.685071 139.909524
v 96.093686 -106.023531 139.166841
v 105.900815 -105.754699 127.736015
v -133.663909 -111.744320 153.011197
v -123.427846 -110.685071 164.898023
v 96.093667 -106.023531 164.155320
v 105.900796 -105.754699 151.779451
v -133.663890 -111.744320 176.107625
v -123.427827 -110.685071 186.241121
v 96.093648 -106.023531 185.498437
v 105.900719 -105.754699 174.875917
v -133.663890 -111.744320 198.811864
v -123.427808 -110.685071 211.592778
v 96.093648 -106.023531 210.850095
v 105.900719 -105.754699 197.580137
v -133.663890 -111.744320 226.269082
v -123.427808 -110.685071 240.423784
v 96.093648 -106.023531 239.681062
v 105.900719 -105.754699 225.037355
v -133.663890 -111.744320 255.552129
v -123.427808 -110.685071 269.910077
v 96.093648 -106.023531 269.167356
v 105.900719 -105.754699 254.320363
v -133.663890 -111.744320 285.665826
v -123.427846 -110.685071 300.653333
v 96.093667 -106.023531 299.910650
v 105.900719 -105.754699 284.434022
v -144.843061 -110.042642 55.684709
v -159.030750 -104.096408 65.852985
v -144.843061 -110.042642 75.709972
v 116.856149 -103.215447 74.097718
v 127.223685 -99.992839 64.072417
v 116.856149 -103.215447 54.072417
v -144.843061 -110.042642 35.684709
v -159.030750 -104.096408 45.853018
v 127.223685 -99.992839 44.072417
v 116.856149 -103.215447 34.072437
v -144.843061 -110.077032 15.684709
v -159.030750 -104.096408 25.852989
v 127.223685 -99.992839 24.072427
v 116.856149 -103.249857 14.072408
v -144.843061 -110.544672 -4.315313
v -159.030750 -104.233998 5.852968
v 127.223685 -100.130399 4.072398
v 116.856149 -103.717477 -5.927583
v -144.843061 -112.687262 -24.315292
v -159.030750 -105.416648 -14.147023
v 127.223666 -101.313069 -15.927583
v 116.856149 -105.860077 -25.927572
v -144.858005 -116.968015 -44.315302
v -159.030750 -108.646687 -34.147012
v 127.231419 -104.524570 -35.927572
v 116.822379 -110.169960 -45.927583
v -144.994895 -123.328067 -64.315291
v -159.030750 -114.040641 -54.147013
v 127.245210 -109.853957 -55.927611
v 116.729853 -116.634887 -65.927621
v -144.947650 -132.079633 -84.315320
v -159.034536 -121.938445 -74.147011
v 127.252925 -117.731006 -75.927611
v 116.816228 -125.322738 -85.927602
v -144.843061 -137.996781 -104.315291
v -159.030750 -129.975303 -94.146992
v 127.223666 -125.881039 -95.927530
v 116.856149 -131.169577 -105.927530
v -144.843061 -134.879752 -124.315310
v -159.030750 -131.216920 -114.147015
v 127.223704 -127.113319 -115.927535
v 116.856168 -128.052568 -125.927535
v -159.030750 -104.096408 85.954122
v -144.843061 -110.042642 96.189365
v 116.856149 -103.215447 94.577064
v 127.223685 -99.992839 84.173545
v -159.030750 -104.096408 107.365989
v -144.843061 -110.042642 118.390722
v 116.856149 -103.215447 116.778440
v 127.223666 -99.992839 105.585431
v -159.030740 -104.096408 129.516629
v -144.843042 -110.042642 140.779142
v 116.856129 -103.215447 139.166841
v 127.223666 -99.992839 127.736072
v -159.030702 -104.096408 153.560056
v -144.843003 -110.042642 165.767621
v 116.856091 -103.215447 164.155320
v 127.223647 -99.992839 151.779489
v -159.030692 -104.096408 176.656503
v -144.842975 -110.042642 187.110700
v 116.856072 -103.215447 185.498437
v 127.223628 -99.992839 174.875936
v -159.030683 -104.096408 199.360704
v -144.842965 -110.042642 212.462377
v 116.856072 -103.215447 210.850095
v 127.223571 -99.992839 197.580137
v -159.030683 -104.096408 226.817922
v -144.842965 -110.042642 241.293363
v 116.856072 -103.215447 239.681062
v 127.223571 -99.992839 225.037355
v -159.030683 -104.096408 256.100911
v -144.842984 -110.042642 270.779618
v 116.856072 -103.215447 269.167356
v 127.223571 -99.992839 254.320363
v -159.030692 -104.096408 286.214647
v -144.843003 -110.042642 301.522893
v 116.856091 -103.215447 299.910650
v 127.223628 -99.992839 284.434022
v -176.396091 -95.298078 55.705260
v -189.183681 -89.757572 65.348329
v -176.396091 -95.298078 75.730514
v 138.866685 -97.790997 74.097718
v 153.904431 -100.633992 64.072417
v 138.866685 -97.790997 54.072417
v -176.396091 -95.298078 35.705237
v -189.183681 -89.757572 45.348329
v 153.904431 -100.633992 44.072417
v 138.866685 -97.790997 34.072437
v -176.396091 -95.332479 15.705227
v -189.183681 -89.757572 25.348319
v 153.904431 -100.633992 24.072427
v 138.866685 -97.825396 14.072408
v -176.396091 -95.800139 -4.294751
v -189.183681 -89.895151 5.348317
v 153.904431 -100.771603 4.072398
v 138.866666 -98.293026 -5.927583
v -176.396091 -97.942689 -24.294752
v -189.183681 -91.077812 -14.651682
v 153.904431 -101.954233 -15.927583
v 138.866685 -100.435627 -25.927562
v -176.453063 -102.228240 -44.294722
v -189.183681 -94.285182 -34.651652
v 153.996480 -105.118868 -35.927562
v 139.008792 -104.835576 -45.927583
v -176.537578 -108.656376 -64.294742
v -189.179446 -99.620514 -54.651671
v 154.558251 -110.432997 -55.927623
v 139.306815 -111.477532 -65.927630
v -176.507232 -117.350943 -84.294763
v -189.240424 -107.585820 -74.651690
v 155.014603 -118.184280 -75.927621
v 139.200061 -120.078211 -85.927602
v -176.396091 -123.252219 -104.294792
v -189.204490 -115.623360 -94.651671
v 153.915398 -126.459898 -95.927511
v 138.866685 -125.745118 -105.927511
v -176.472041 -120.140323 -124.294749
v -189.185569 -116.857902 -114.651671
v 153.904488 -127.754493 -115.927516
v 138.889487 -122.669678 -125.927535
v -189.183681 -89.757572 85.449456
v -176.396091 -95.298078 96.209926
v 138.866666 -97.790997 94.577064
v 153.904431 -100.633992 84.173545
v -189.183681 -89.757572 106.861343
v -176.396091 -95.298078 118.411245
v 138.866666 -97.790997 116.778468
v 153.904431 -100.633992 105.585431
v -189.183643 -89.757572 129.012002
v -176.396053 -95.298078 140.799703
v 138.866647 -97.790997 139.166860
v 153.904412 -100.633992 127.736091
v -189.183643 -89.757572 153.055391
v -176.396014 -95.298078 165.788202
v 138.866647 -97.790997 164.155339
v 153.904412 -100.633992 151.779508
v -189.183624 -89.757572 176.151857
v -176.395976 -95.298078 187.131261
v 138.866580 -97.790997 185.498437
v 153.904374 -100.633992 174.875936
v -189.183604 -89.757572 198.856057
v -176.395976 -95.298078 212.482900
v 138.866580 -97.790997 210.850095
v 153.904374 -100.633992 197.580137
v -189.183604 -89.757572 226.313256
v -176.395976 -95.298078 241.313943
v 138.866580 -97.790997 239.681062
v 153.904374 -100.633992 225.037355
v -189.183604 -89.757572 255.596284
v -176.395976 -95.298078 270.800161
v 138.866580 -97.790997 269.167356
v 153.904374 -100.633992 254.320363
v -189.183624 -89.757572 285.709962
v -176.396014 -95.298078 301.543454
v 138.866647 -97.790997 299.910650
v 153.904393 -100.633992 284.434022
v -198.184974 -85.522371 54.889068
v -208.923804 -78.251646 64.378690
v -198.184974 -85.522371 74.914340
v 169.755776 -90.512867 74.097718
v 186.081460 -83.313709 64.072417
v 169.755776 -90.512867 54.072417
v -198.184974 -85.522371 34.889087
v -208.923804 -78.251646 44.378666
v 186.081460 -83.313709 44.072427
v 169.755795 -90.512867 34.072437
v -198.184974 -85.556741 14.889087
v -208.923804 -78.251646 24.378690
v 186.081460 -83.313709 24.072437
v 169.755776 -90.547266 14.072408
v -198.184974 -86.024390 -5.110932
v -208.923804 -78.389237 4.378669
v 186.081460 -83.451288 4.072398
v 169.755776 -91.014915 -5.927592
v -198.184974 -88.166962 -25.110922
v -208.923804 -79.571906 -15.621342
v 186.081460 -84.633947 -15.927572
v 169.755776 -93.157497 -25.927552
v -198.209636 -92.443374 -45.110902
v -208.923804 -82.779286 -35.621302
v 186.051801 -87.865360 -35.927542
v 169.725983 -97.475882 -45.927583
v -198.274486 -98.836468 -65.110932
v -208.911636 -88.086336 -55.621312
v 185.923531 -93.199035 -55.927633
v 169.607079 -104.199783 -65.927654
v -198.327796 -107.591075 -85.110961
v -104.749162 -106.921971 64.172105
v -90.733316 -107.053891 64.072417
v 63.239787 -104.454191 64.072417
v 77.330849 -103.876701 64.072417
v -104.749162 -106.921971 44.172119
v -90.733316 -107.053891 44.072417
v 63.239787 -104.454191 44.072417
v 77.330849 -103.876701 44.072417
v -104.749162 -106.921971 24.172119
v -90.733316 -107.053891 24.072427
v 63.239787 -104.454191 24.072427
v 77.330849 -103.876701 24.072427
v -104.749162 -107.059561 4.172107
v -90.733316 -107.191481 4.072427
v 63.239806 -104.591771 4.072427
v 77.330849 -104.014291 4.072427
v -104.749162 -108.242211 -15.827912
v -90.733316 -108.374141 -15.927583
v 63.239806 -105.774421 -15.927583
v 77.330849 -105.196941 -15.927583
v -104.749162 -111.449601 -35.827902
v -90.733325 -111.581521 -35.927592
v 63.239787 -108.981821 -35.927592
v 77.330849 -108.404351 -35.927592
v -104.749162 -116.736061 -55.827902
v -90.733316 -116.867981 -55.927592
v 63.239787 -114.268281 -55.927592
v 77.330849 -113.690781 -55.927592
v -104.749162 -124.577331 -75.827881
v -90.733282 -124.709261 -75.927592
v 63.239787 -122.109561 -75.927592
v 77.330849 -121.532081 -75.927592
v -104.749162 -132.810181 -95.827890
v -90.733316 -132.942112 -95.927592
v 63.239787 -130.342391 -95.927592
v 77.330849 -129.764901 -95.927592
v -104.749162 -134.042471 -115.827895
v -90.733316 -134.174400 -115.927554
v 63.239787 -131.574691 -115.927554
v 77.330849 -130.997211 -115.927554
v -104.749162 -106.921971 84.273252
v -90.733316 -107.053901 84.173516
v 63.239787 -104.454191 84.173516
v 77.330849 -103.876701 84.173536
v -104.749162 -106.921971 105.685109
v -90.733316 -107.053901 105.585403
v 63.239787 -104.454191 105.585403
v 77.330849 -103.876701 105.585412
v -104.749162 -106.921971 127.835712
v -90.733306 -107.053901 127.735995
v 63.239787 -104.454191 127.735995
v 77.330849 -103.876701 127.736005
v -104.749124 -106.921971 151.879129
v -90.733297 -107.053901 151.779432
v 63.239787 -104.454191 151.779432
v 77.330821 -103.876701 151.779451
v -104.749105 -106.921971 174.975595
v -90.733282 -107.053901 174.875879
v 63.239787 -104.454191 174.875879
v 77.330821 -103.876701 174.875879
v -104.749105 -106.921971 197.679834
v -90.733282 -107.053901 197.580137
v 63.239787 -104.454191 197.580137
v 77.330802 -103.876701 197.580137
v -104.749105 -106.921971 225.137033
v -90.733282 -107.053901 225.037355
v 63.239787 -104.454191 225.037355
v 77.330802 -103.876701 225.037355
v -104.749105 -106.921971 254.420060
v -90.733282 -107.053901 254.320363
v 63.239787 -104.454191 254.320363
v 77.330802 -103.876701 254.320363
v -104.749105 -106.921971 284.533796
v -90.733297 -107.053901 284.434098
v 63.239787 -104.454191 284.434098
v 77.330821 -103.876701 284.434041
v -123.427894 -110.685071 64.815120
v 96.093705 -106.023531 64.072417
v -123.427894 -110.685071 44.815106
v 96.093705 -106.023531 44.072417
v -123.427894 -110.685071 24.815087
v 96.093705 -106.023531 24.072427
v -123.427894 -110.822641 4.815098
v 96.093705 -106.161111 4.072427
v -123.427875 -112.005311 -15.184902
v 96.093705 -107.343781 -15.927583
v -123.427894 -115.212711 -35.184902
v 96.093705 -110.551171 -35.927582
v -123.427903 -120.499171 -55.184892
v 96.093762 -115.837621 -55.927592
v -123.427894 -128.340441 -75.184913
v 96.093705 -123.678911 -75.927592
v -123.427894 -136.573291 -95.184913
v 96.093705 -131.911741 -95.927592
v -123.427894 -137.805572 -115.184928
v 96.093762 -133.144050 -115.927554
v -123.427894 -110.685071 84.916238
v 96.093705 -106.023531 84.173545
v -123.427894 -110.685071 106.328077
v 96.093705 -106.023531 105.585422
v -123.427875 -110.685071 128.478727
v 96.093705 -106.023531 127.736015
v -123.427856 -110.685071 152.522153
v 96.093667 -106.023531 151.779451
v -123.427827 -110.685071 175.618600
v 96.093648 -106.023531 174.875879
v -123.427808 -110.685071 198.322801
v 96.093648 -106.023531 197.580137
v -123.427808 -110.685071 225.780038
v 96.093648 -106.023531 225.037355
v -123.427808 -110.685071 255.063009
v 96.093648 -106.023531 254.320363
v -123.427827 -110.685071 285.176725
v 96.093648 -106.023531 284.434098
v -144.843061 -110.042642 65.684699
v 116.856149 -103.215447 64.072417
v -144.843061 -110.042642 45.684709
v 116.856149 -103.215447 44.072417
v -144.843061 -110.042642 25.684699
v 116.856149 -103.215447 24.072427
v -144.843061 -110.180222 5.684697
v 116.856149 -103.353047 4.072398
v -144.843061 -111.362872 -14.315313
v 116.856149 -104.535697 -15.927583
v -144.843051 -114.570282 -34.315302
v 116.849768 -107.748353 -35.927572
v -144.919688 -119.830963 -54.315291
v 116.782038 -113.079789 -55.927611
v -145.003984 -127.643906 -74.315291
v 116.720774 -120.958305 -75.927611
v -144.843061 -135.930851 -94.315291
v 116.856149 -129.103657 -95.927530
v -144.843061 -137.163141 -114.315291
v 116.856168 -130.335957 -115.927535
v -144.843061 -110.042642 85.785817
v 116.856149 -103.215447 84.173545
v -144.843051 -110.042642 107.197694
v 116.856149 -103.215447 105.585422
v -144.843042 -110.042642 129.348315
v 116.856129 -103.215447 127.736015
v -144.843013 -110.042642 153.391732
v 116.856110 -103.215447 151.779451
v -144.843003 -110.042642 176.488198
v 116.856072 -103.215447 174.875936
v -144.842984 -110.042642 199.192399
v 116.856072 -103.215447 197.580137
v -144.842984 -110.042642 226.649617
v 116.856072 -103.215447 225.037355
v -144.842984 -110.042642 255.932645
v 116.856072 -103.215447 254.320363
v -144.842984 -110.042642 286.046323
v 116.856091 -103.215447 284.434098
v -176.396091 -95.298078 65.705251
v 138.866666 -97.790997 64.072417
v -176.396091 -95.298078 45.705227
v 138.866666 -97.790997 44.072417
v -176.396091 -95.298078 25.705227
v 138.866666 -97.790997 24.072427
v -176.396091 -95.435679 5.705227
v 138.866666 -97.928567 4.072398
v -176.396091 -96.618319 -14.294742
v 138.866666 -99.111226 -15.927583
v -176.421077 -99.814408 -34.294752
v 138.893407 -102.364339 -35.927562
v -176.492736 -105.116703 -54.294732
v 139.140017 -107.873754 -55.927623
v -176.546275 -112.942586 -74.294744
v 139.309237 -115.722804 -75.927621
v -176.385982 -121.174692 -94.294792
v 138.866666 -123.679197 -95.927511
v -176.396091 -122.408033 -114.294749
v 138.866685 -124.911487 -115.927516
v -176.396091 -95.298078 85.806379
v 138.866666 -97.790997 84.173545
v -176.396091 -95.298078 107.218246
v 138.866666 -97.790997 105.585431
v -176.396053 -95.298078 129.368896
v 138.866666 -97.790997 127.736072
v -176.396033 -95.298078 153.412313
v 138.866647 -97.790997 151.779489
v -176.396014 -95.298078 176.508779
v 138.866647 -97.790997 174.875936
v -176.395976 -95.298078 199.212941
v 138.866580 -97.790997 197.580137
v -176.395976 -95.298078 226.670198
v 138.866580 -97.790997 225.037355
v -176.395976 -95.298078 255.953206
v 138.866580 -97.790997 254.320363
v -176.396014 -95.298078 286.066846
v 138.866647 -97.790997 284.434098
v -198.184974 -85.522371 64.889096
v 169.755776 -90.512867 64.072417
v -198.184974 -85.522371 44.889087
v 169.755776 -90.512867 44.072427
v -198.184974 -85.522371 24.889077
v 169.755776 -90.512867 24.072437
v -198.184974 -85.659950 4.889077
v 169.755795 -90.650456 4.072398
v -198.184974 -86.842602 -15.110952
v 169.755776 -91.833105 -15.927583
v -198.184974 -90.049980 -35.110912
v 169.742997 -95.052848 -35.927552
v -198.235538 -95.316326 -55.110913
v 169.734090 -100.387361 -55.927633
v -198.320834 -103.176622 -75.110932
v 169.745667 -108.561075 -75.927630
v -198.288905 -111.409581 -95.110951
v 170.032838 -116.486079 -95.927511
v -198.235538 -112.643092 -115.110875
v 169.755776 -117.633378 -115.927516
v -198.184974 -85.522371 84.990205
v 169.755776 -90.512867 84.173545
v -198.184974 -85.522371 106.402101
v 169.755776 -90.512867 105.585431
v -198.184974 -85.522371 128.552732
v 169.755776 -90.512867 127.736081
v -198.184936 -85.522371 152.596177
v 169.755776 -90.512867 151.779508
v -198.184936 -85.522371 175.692624
v 169.755738 -90.512867 174.875936
v -198.184917 -85.522371 198.396806
v 169.755719 -90.512867 197.580137
v -198.184917 -85.522371 225.854024
v 169.755719 -90.512867 225.037355
v -198.184917 -85.522371 255.137014
v 169.755719 -90.512867 254.320363
v -198.184936 -85.522371 285.250749
v 169.755738 -90.512867 284.434098
v -58.429162 -116.437631 64.072417
v -58.429153 -116.437631 84.173516
v -58.429153 -116.437631 105.585403
v -58.429177 -116.437631 44.072417
v -58.429162 -116.437611 24.072427
v -48.650264 -111.692881 64.072417
v -48.650264 -111.692881 84.173516
v -48.650264 -111.692881 105.585403
v -48.650264 -111.692881 44.072417
v -48.650264 -111.692881 24.072427
v 23.012536 -111.692881 64.072417
v 23.012536 -111.692881 84.173516
v 23.012536 -111.692881 105.585403
v 23.012536 -111.692881 44.072417
v 23.012536 -111.692881 24.072427
v 31.113045 -116.366751 64.072417
v 31.113045 -116.366751 84.173516
v 31.113045 -116.366751 105.585403
v 31.113045 -116.366751 44.072417
v 31.113045 -116.366751 24.072427
v -58.429854 -116.575141 4.072427
v -48.649234 -111.830591 4.072427
v 23.011506 -111.830591 4.072427
v 31.113746 -116.504281 4.072427
v -58.429334 -117.757251 -15.927583
v -49.472384 -113.014321 -15.927583
v 22.199135 -113.014321 -15.927583
v 31.113284 -117.686541 -15.927583
v -58.424413 -120.963301 -35.927592
v -49.475734 -116.224561 -35.927592
v 22.203176 -116.224561 -35.927592
v 31.108787 -120.892921 -35.927592
v -58.413493 -126.247671 -55.927592
v -49.485404 -121.515481 -55.927592
v 22.212816 -121.515481 -55.927592
v 31.098597 -126.177731 -55.927592
v -58.406355 -134.087510 -75.927592
v -49.496383 -129.359751 -75.927592
v 22.223685 -129.359751 -75.927592
v 31.087416 -134.017852 -75.927592
v -58.407132 -142.321520 -95.927592
v -49.491365 -137.590111 -95.927592
v 22.218645 -137.590101 -95.927592
v 31.092418 -142.251821 -95.927592
v -58.414933 -143.555320 -115.927554
v -49.485783 -138.819201 -115.927554
v 22.213044 -138.819201 -115.927554
v 31.099637 -143.485301 -115.927554
v -58.429153 -116.437631 127.735995
v -48.650264 -111.692881 127.735995
v 23.012536 -111.692881 127.735995
v 31.113045 -116.366751 127.735995
v -57.959482 -116.437631 151.779432
v -45.054674 -111.692881 151.779432
v 22.123447 -111.692881 151.779432
v 31.113045 -116.366751 151.779432
v -58.429153 -116.437631 174.875879
v -50.302584 -111.692881 174.875879
v 21.362386 -111.692881 174.875879
v 31.113045 -116.366751 174.875879
v -58.429153 -116.437631 197.580137
v -50.302584 -111.692881 197.580137
v 21.362386 -111.692881 197.580137
v 31.113045 -116.366751 197.580137
v -58.429153 -116.437631 225.037355
v 21.362386 -111.692881 225.037355
v -50.302584 -111.692881 225.037355
v 31.113045 -116.366751 225.037355
v -58.429162 -116.437631 254.320363
v 21.362386 -111.692881 254.320363
v -50.302584 -111.692881 254.320363
v 31.113045 -116.366751 254.320363
v -58.429153 -116.437631 284.434098
v 17.037485 -111.692881 284.434098
v -48.775284 -111.692881 284.434098
v 29.949963 -116.366751 284.434098
v -54.014904 -114.184151 84.173516
v -54.014904 -114.184151 64.072417
v -54.014904 -114.184151 44.072417
v 26.763404 -114.172961 84.173516
v 26.763404 -114.172961 64.072417
v 26.763404 -114.172961 44.072417
v -54.014904 -114.184151 24.072427
v 26.763404 -114.172961 24.072427
v -54.014976 -114.321841 4.072427
v 26.763528 -114.310671 4.072427
v -54.040525 -115.505061 -15.927583
v 26.735804 -115.493981 -15.927583
v -54.041555 -118.713591 -35.927592
v 26.737278 -118.702791 -35.927592
v -54.042823 -124.001621 -55.927592
v 26.739137 -123.991161 -55.927592
v -54.043195 -131.843541 -75.927592
v 26.739705 -131.833260 -75.927592
v -54.042303 -140.075441 -95.927592
v 26.738756 -140.065132 -95.927592
v -54.041674 -141.306701 -115.927554
v 26.737716 -141.296120 -115.927554
v -54.014904 -114.184151 105.585403
v 26.763404 -114.172961 105.585403
v -54.014904 -114.184151 127.735995
v 26.763404 -114.172961 127.735995
v -51.945455 -114.184151 151.779432
v 26.734908 -114.172961 151.779432
v -54.072535 -114.184151 174.875879
v 26.702254 -114.172961 174.875879
v -73.406684 -112.636771 64.072417
v -31.152204 -111.127081 64.072417
v 3.809005 -111.127081 64.072417
v 46.056745 -111.619701 64.072417
v -73.406694 -112.636771 44.072417
v -31.152204 -111.127081 44.072417
v 3.809005 -111.127081 44.072417
v 46.056745 -111.619701 44.072417
v -73.406694 -112.636771 24.072427
v -31.152204 -111.127081 24.072427
v 3.809005 -111.127081 24.072427
v 46.056745 -111.619701 24.072427
v -73.407104 -112.774301 4.072427
v -31.152204 -111.264661 4.072427
v 3.809005 -111.264661 4.072427
v 46.057174 -111.757241 4.072427
v -73.407294 -113.956931 -15.927583
v -31.152284 -112.447331 -15.927583
v 3.808896 -112.447331 -15.927583
v 46.057236 -112.939911 -15.927583
v -73.405606 -117.164691 -35.927592
v -31.152304 -115.654721 -35.927592
v 3.808886 -115.654721 -35.927592
v 46.055577 -116.147731 -35.927592
v -73.401115 -122.451951 -55.927592
v -31.152304 -120.941181 -55.927592
v 3.808886 -120.941181 -55.927592
v 46.051238 -121.435081 -55.927592
v -73.395517 -130.294141 -75.927592
v -31.152304 -128.782461 -75.927592
v 3.808886 -128.782461 -75.927592
v 46.045926 -129.277361 -75.927592
v -73.397662 -138.526590 -95.927592
v -31.152304 -137.015310 -95.927592
v 3.808886 -137.015310 -95.927592
v 46.047714 -137.509840 -95.927592
v -73.400914 -139.758251 -115.927554
v -31.152304 -138.247600 -115.927554
v 3.808886 -138.247600 -115.927554
v 46.050828 -138.741420 -115.927554
v -73.406684 -112.636771 84.173516
v -31.152204 -111.127081 84.173516
v 3.809005 -111.127081 84.173516
v 46.056745 -111.619701 84.173516
v -73.406684 -112.636771 105.585403
v -31.152204 -111.127081 105.585403
v 3.809005 -111.127081 105.585403
v 46.056745 -111.619701 105.585403
v -73.406684 -112.636771 127.735995
v -31.152204 -111.127081 127.735995
v 3.809005 -111.127081 127.735995
v 46.056745 -111.619701 127.735995
v -73.406684 -112.636771 151.779432
v -31.152245 -111.127081 151.779432
v 3.808896 -111.127081 151.779432
v 46.056745 -111.619701 151.779432
v -73.406684 -112.636771 174.875879
v -31.152425 -111.127081 174.875879
v 3.808795 -111.127081 174.875879
v 46.056745 -111.619701 174.875879
v -73.406684 -112.636771 197.580137
v 3.808775 -111.127081 197.580137
v -31.152434 -111.127081 197.580137
v 46.056745 -111.619701 197.580137
v -54.072535 -114.184151 197.580137
v 26.702254 -114.172961 197.580137
v -73.406684 -112.636771 225.037355
v 3.808775 -111.127081 225.037355
v -31.152434 -111.127081 225.037355
v 46.056745 -111.619701 225.037355
v -54.072535 -114.184151 225.037355
v 26.702254 -114.172961 225.037355
v -73.406684 -112.636771 254.320363
v 3.808775 -111.127081 254.320363
v -31.152434 -111.127081 254.320363
v 46.056745 -111.619701 254.320363
v -54.072535 -114.184151 254.320363
v 26.676457 -114.172961 254.320363
v -73.406684 -112.636771 284.434098
v 3.808855 -111.127081 284.434098
v -31.152295 -111.127081 284.434098
v 46.056745 -111.619701 284.434098
v -54.016244 -114.184151 284.434098
v 23.411825 -114.172961 284.434098
v -113.141820 -108.430411 315.082807
v -104.582555 -106.893761 314.878911
v -97.347591 -106.291831 314.805745
v -90.713026 -107.055291 314.780988
v -83.330095 -109.176621 314.781026
v -73.406684 -112.636771 314.781026
v -63.366945 -115.651411 314.781026
v -13.776564 -111.127081 314.781026
v 3.808916 -111.127081 314.781026
v 15.820306 -111.268541 314.781026
v 55.898307 -107.315051 314.781026
v 63.239806 -104.454191 314.781026
v 69.909184 -103.240331 314.780988
v 77.330821 -103.876701 314.780988
v 86.273063 -105.194161 314.780988
v -122.750165 -110.571061 315.507650
v -132.956969 -111.754324 315.998067
v 96.093667 -106.023531 314.780988
v 105.900777 -105.754699 314.780988
v -144.379203 -110.126626 316.386747
v -158.705919 -104.456702 316.559667
v 116.856091 -103.215447 314.780988
v 127.223647 -99.992839 314.780988
v -176.571147 -95.564397 316.407575
v -189.720542 -89.807966 316.042279
v 138.866647 -97.790997 314.780988
v 153.904412 -100.633992 314.780988
v -198.911845 -85.651052 315.577230
v -209.732558 -78.332048 315.064801
v 169.755738 -90.512867 314.780988
v 186.081384 -83.313709 314.780988
v -56.440522 -115.710261 314.781026
v -54.016244 -114.184151 314.781026
v -51.300645 -112.598581 314.781026
v 23.010195 -112.595791 314.781026
v 25.870536 -114.172961 314.781026
v 28.765376 -115.678551 314.781026
v -41.669254 -111.268541 314.781026
v -31.152245 -111.127081 314.781026
v 36.051576 -115.319751 314.781026
v 46.056745 -111.619701 314.781026
v -58.429162 -116.437631 314.781026
v 20.763815 -111.692881 314.781026
v -48.775284 -111.692881 314.781026
v 31.015814 -116.366751 314.781026
v -112.612741 -108.332891 331.899671
v -104.396589 -106.854881 331.703405
v -97.290609 -106.283761 331.631993
v -90.689842 -107.054081 331.607541
v -83.329985 -109.176011 331.607579
v -73.406684 -112.636771 331.607579
v -63.366945 -115.651411 331.607579
v -13.776494 -111.127081 331.607579
v 3.808985 -111.127081 331.607579
v 19.240415 -111.268541 331.607579
v 55.898307 -107.315051 331.607579
v 63.239825 -104.454191 331.607579
v 69.909222 -103.240331 331.607579
v 77.330821 -103.876701 331.607579
v 86.273063 -105.194161 331.607579
v -121.978442 -110.464941 332.316007
v -132.160957 -111.752520 332.808065
v 96.093667 -106.023531 331.607579
v 105.900777 -105.754699 331.607579
v -143.861577 -110.189081 333.205899
v -158.367574 -104.851493 333.384084
v 116.856091 -103.215447 331.607579
v 127.223647 -99.992839 331.607579
v -176.740749 -95.948682 333.227033
v -190.315082 -89.878042 332.852277
v 138.866647 -97.790997 331.607579
v 153.904412 -100.633992 331.607579
v -199.728572 -85.802768 332.380590
v -210.658996 -78.370841 331.865911
v 169.755738 -90.512867 331.607579
v 186.081384 -83.313709 331.607541
v -56.440522 -115.710261 331.607579
v -54.016244 -114.184151 331.607579
v -51.300645 -112.598581 331.607579
v 24.575537 -112.595791 331.607579
v 26.762064 -114.172961 331.607579
v 29.124286 -115.678551 331.607579
v -41.669254 -111.268541 331.607579
v -31.152235 -111.127081 331.607579
v 36.051576 -115.319751 331.607579
v 46.056745 -111.619701 331.607579
v -58.429162 -116.437631 331.607579
v 22.891155 -111.692881 331.607579
v -48.775284 -111.692881 331.607579
v 31.113045 -116.366751 331.607579
v -112.106483 -108.247341 347.924947
v -104.221551 -106.815221 347.735967
v -97.208526 -106.271071 347.666311
v -90.693423 -107.050131 347.642049
v -83.329684 -109.174481 347.642163
v -73.406622 -112.636631 347.642163
v -63.366945 -115.651411 347.642163
v -13.776494 -111.127081 347.642163
v 3.808985 -111.127081 347.642163
v 19.240415 -111.268541 347.642163
v 55.898307 -107.315051 347.642163
v 63.239863 -104.454191 347.642163
v 69.909241 -103.240301 347.642125
v 77.330821 -103.876691 347.642125
v 86.273063 -105.194161 347.642125
v -121.239850 -110.373541 348.333196
v -131.407468 -111.741861 348.826856
v 96.093667 -106.023531 347.642125
v 105.900777 -105.754699 347.642125
v -143.373124 -110.230644 349.233426
v -158.070914 -105.215370 349.416646
v 116.856091 -103.215447 347.642125
v 127.223647 -99.992839 347.642125
v -176.884696 -96.357069 349.254941
v -190.872905 -89.938012 348.871106
v 138.866647 -97.790997 347.642125
v 153.904412 -100.633992 347.642125
v -200.522964 -85.906346 348.393087
v -211.541564 -78.398116 347.876233
v 169.755776 -90.512867 347.642125
v 186.081460 -83.313718 347.642087
v -56.440522 -115.710261 347.642163
v -54.016244 -114.184151 347.642163
v -51.300645 -112.598581 347.642163
v 24.575537 -112.595791 347.642163
v 26.762064 -114.172961 347.642163
v 29.124286 -115.678551 347.642163
v -41.669254 -111.268541 347.642163
v -31.152235 -111.127081 347.642163
v 36.051576 -115.319751 347.642163
v 46.056745 -111.619701 347.642163
v -58.429162 -116.437631 347.642163
v 22.891155 -111.692881 347.642163
v -48.775284 -111.692881 347.642163
v 31.113045 -116.366751 347.642163
v -111.660154 -108.168231 363.697690
v -104.051215 -106.775601 363.516111
v -97.183883 -106.254711 363.448056
v -90.671165 -107.043401 363.423986
v -83.329127 -109.171781 363.424100
v -73.406446 -112.636201 363.424100
v -63.366945 -115.651361 363.424100
v -13.776494 -111.127081 363.424100
v 3.808985 -111.127081 363.424100
v 19.240415 -111.268541 363.424100
v 55.898307 -107.315081 363.424100
v 63.239925 -104.454191 363.424100
v 69.909289 -103.240301 363.424062
v 77.330821 -103.876691 363.424062
v 86.273063 -105.194151 363.424062
v -120.510652 -110.287891 364.097966
v -130.670612 -111.724496 364.593419
v 96.093667 -106.023531 363.424062
v 105.900777 -105.754699 363.424062
v -142.895629 -110.260845 365.008535
v -157.805011 -105.559034 365.196637
v 116.856091 -103.215447 363.424062
v 127.223647 -99.992839 363.424062
v -177.035873 -96.778900 365.030355
v -191.411979 -90.011983 364.637670
v 138.866647 -97.790997 363.424062
v 153.904412 -100.633992 363.424062
v -201.295726 -86.028624 364.153356
v -212.419879 -78.385141 363.634366
v 169.755795 -90.512886 363.424062
v 186.081517 -83.313737 363.424062
v -56.440522 -115.710261 363.424100
v -54.016244 -114.184151 363.424100
v -51.300645 -112.598581 363.424100
v 24.575537 -112.595791 363.424100
v 26.762064 -114.172961 363.424100
v 29.124286 -115.678551 363.424100
v -41.669254 -111.268541 363.424100
v -31.152235 -111.127081 363.424100
v 36.051576 -115.319751 363.424100
v 46.056745 -111.619701 363.424100
v -58.429162 -116.437631 363.424100
v 22.891155 -111.692881 363.424100
v -48.775284 -111.692881 363.424100
v 31.113045 -116.366751 363.424100
v -111.152017 -108.086671 380.640287
v -103.870370 -106.733221 380.466642
v -97.127492 -106.234121 380.400266
v -90.646913 -107.033331 380.376462
v -83.328125 -109.167441 380.376615
v -73.406136 -112.635251 380.376615
v -63.366873 -115.651231 380.376615
v -13.776494 -111.127081 380.376615
v 3.808985 -111.127081 380.376615
v 19.240415 -111.268541 380.376615
v 55.898307 -107.315081 380.376615
v 63.239963 -104.454191 380.376615
v 69.909289 -103.240291 380.376577
v 77.330821 -103.876691 380.376577
v 86.273063 -105.194151 380.376577
v -119.725415 -110.197491 381.031903
v -129.886625 -111.698929 381.529302
v 96.093667 -106.023531 380.376577
v 105.900777 -105.754699 380.376577
v -142.384755 -110.286124 381.953725
v -157.549550 -105.902385 382.147054
v 116.856091 -103.215447 380.376577
v 127.223647 -99.992839 380.376577
v -177.212913 -97.234335 381.975850
v -191.984508 -90.087877 381.573705
v 138.866647 -97.790997 380.376577
v 153.904412 -100.633992 380.376577
v -202.138641 -86.133895 381.082563
v -213.362243 -78.369170 380.561094
v 169.755795 -90.512886 380.376577
v 186.081517 -83.313737 380.376538
v -56.440522 -115.710261 380.376615
v -54.016244 -114.184151 380.376615
v -51.300645 -112.598581 380.376615
v 24.575537 -112.595791 380.376615
v 26.762064 -114.172961 380.376615
v 29.124286 -115.678551 380.376615
v -41.669254 -111.268541 380.376615
v -31.152235 -111.127081 380.376615
v 36.051576 -115.319751 380.376615
v 46.056745 -111.619701 380.376615
v -58.429153 -116.437611 380.376615
v 22.891155 -111.692881 380.376615
v -48.775284 -111.692881 380.376615
v 31.113045 -116.366751 380.376615
v -110.629804 -108.009441 397.045278
v -103.697583 -106.692541 396.879338
v -97.044980 -106.212091 396.814641
v -90.650165 -107.021091 396.790990
v -83.326785 -109.161771 396.791181
v -73.405564 -112.633741 396.791181
v -63.366773 -115.650941 396.791181
v -13.776494 -111.127081 396.791181
v 3.808985 -111.127081 396.791181
v 19.240415 -111.268541 396.791181
v 55.898307 -107.315081 396.791181
v 63.239987 -104.454191 396.791181
v 69.909308 -103.240291 396.791143
v 77.330821 -103.876691 396.791143
v 86.273063 -105.194151 396.791143
v -118.963372 -110.109801 397.428502
v -129.127805 -111.670704 397.927999
v 96.093667 -106.023531 396.791143
v 105.900777 -105.754699 396.791143
v -141.891391 -110.306108 398.361272
v -157.333066 -106.205887 398.559674
v 116.856091 -103.215447 396.791143
v 127.223647 -99.992839 396.791143
v -177.402827 -97.676320 398.383664
v -192.533900 -90.177765 397.972402
v 138.866647 -97.790997 396.791143
v 153.904412 -100.633992 396.791143
v -202.960784 -86.229897 397.474622
v -214.276111 -78.343356 396.950864
v 169.755833 -90.512886 396.791143
v 186.081612 -83.313768 396.791105
v -56.440522 -115.710261 396.791181
v -54.016244 -114.184151 396.791181
v -51.300645 -112.598581 396.791181
v 24.575537 -112.595791 396.791181
v 26.762064 -114.172961 396.791181
v 29.124286 -115.678551 396.791181
v -41.669254 -111.268541 396.791181
v -31.152235 -111.127081 396.791181
v 36.051576 -115.319751 396.791181
v 46.056745 -111.619701 396.791181
v -58.429143 -116.437581 396.791181
v 22.891155 -111.692881 396.791181
v -48.775284 -111.692881 396.791181
v 31.113045 -116.366751 396.791181
v -110.156476 -107.928421 414.390554
v -103.517348 -106.649841 414.233083
v -97.016217 -106.187061 414.170026
v -90.624754 -107.005921 414.146642
v -83.324973 -109.154141 414.146871
v -73.404724 -112.631381 414.146871
v -63.366563 -115.650371 414.146871
v -13.776494 -111.127081 414.146871
v 3.808985 -111.127081 414.146871
v 19.240415 -111.268541 414.146871
v 55.898307 -107.315081 414.146871
v 63.240025 -104.454161 414.146871
v 69.909327 -103.240291 414.146833
v 77.330821 -103.876691 414.146833
v 86.273063 -105.194151 414.146833
v -118.155944 -110.015841 414.765081
v -128.329227 -111.636600 415.266790
v 96.093667 -106.023531 414.146833
v 105.900777 -105.754699 414.146833
v -141.370694 -110.323954 415.709562
v -157.138860 -106.488607 415.913305
v 116.856091 -103.215447 414.146833
v 127.223647 -99.992839 414.146833
v -177.600448 -98.145376 415.732259
v -193.106105 -90.250078 415.311155
v 138.866647 -97.790997 414.146833
v 153.904412 -100.633992 414.146833
v -203.834922 -86.322461 414.806432
v -215.242507 -78.316603 414.280118
v 169.755891 -90.512905 414.146833
v 186.081651 -83.313787 414.146756
v -56.440522 -115.710241 414.146871
v -54.016244 -114.184151 414.146871
v -51.300645 -112.598581 414.146871
v 24.575537 -112.595791 414.146871
v 26.762064 -114.172961 414.146871
v 29.124286 -115.678551 414.146871
v -41.669254 -111.268541 414.146871
v -31.152235 -111.127081 414.146871
v 36.051576 -115.319751 414.146871
v 46.056745 -111.619701 414.146871
v -58.429134 -116.437481 414.146871
v 22.891155 -111.692881 414.146871
v -48.775284 -111.692881 414.146871
v 31.113045 -116.366751 414.146871
v -109.694373 -107.853621 430.325994
v -103.354318 -106.610751 430.176152
v -96.964204 -106.162821 430.114660
v -90.601222 -106.990191 430.091390
v -83.322956 -109.145731 430.091657
v -73.403632 -112.628481 430.091657
v -63.366244 -115.649561 430.091657
v -13.776494 -111.127081 430.091657
v 3.808985 -111.127081 430.091657
v 19.240415 -111.268541 430.091657
v 55.898307 -107.315081 430.091657
v 63.240063 -104.454161 430.091657
v 69.909404 -103.240281 430.091581
v 77.330821 -103.876691 430.091581
v 86.273063 -105.194151 430.091581
v -117.412479 -109.927571 430.692243
v -127.609393 -111.598214 431.196241
v 96.093667 -106.023531 430.091581
v 105.900777 -105.754699 430.091581
v -140.892675 -110.338246 431.647596
v -156.992299 -106.710888 431.856260
v 116.856091 -103.215447 430.091581
v 127.223647 -99.992839 430.091581
v -177.780311 -98.575166 431.670713
v -193.629424 -90.316306 431.240644
v 138.866647 -97.790997 430.091581
v 153.904412 -100.633992 430.091581
v -204.653079 -86.384595 430.729322
v -216.125705 -78.304205 430.200719
v 169.755948 -90.512915 430.091581
v 186.081765 -83.313818 430.091581
v -56.440522 -115.710211 430.091657
v -54.016244 -114.184151 430.091657
v -51.300645 -112.598581 430.091657
v 24.575537 -112.595791 430.091657
v 26.762064 -114.172961 430.091657
v 29.124286 -115.678551 430.091657
v -41.669254 -111.268541 430.091657
v -31.152235 -111.127081 430.091657
v 36.051576 -115.319751 430.091657
v 46.056745 -111.619701 430.091657
v -58.429095 -116.437301 430.091657
v 22.891155 -111.692881 430.091657
v -48.775284 -111.692881 430.091657
v 31.113045 -116.366751 430.091657
vt 0.152156 0.633767
vt 0.168063 0.634155
vt 0.168040 0.651834
vt 0.152129 0.651446
vt 0.181104 0.634309
vt 0.181085 0.651988
vt 0.181059 0.669613
vt 0.168008 0.669462
vt 0.152097 0.669077
vt 0.192965 0.634375
vt 0.192949 0.652060
vt 0.206578 0.634407
vt 0.206564 0.652100
vt 0.206550 0.669741
vt 0.192930 0.669693
vt 0.461767 0.634246
vt 0.475690 0.634181
vt 0.475713 0.651864
vt 0.461786 0.651942
vt 0.487675 0.634125
vt 0.487700 0.651804
vt 0.487732 0.669432
vt 0.475738 0.669500
vt 0.461806 0.669589
vt 0.500843 0.634073
vt 0.500874 0.651749
vt 0.516815 0.634019
vt 0.516851 0.651693
vt 0.516889 0.669315
vt 0.500907 0.669372
vt 0.167975 0.687079
vt 0.152059 0.686704
vt 0.181029 0.687231
vt 0.180993 0.704829
vt 0.167934 0.704683
vt 0.152016 0.704325
vt 0.192905 0.687314
vt 0.206530 0.687381
vt 0.206503 0.705008
vt 0.192873 0.704920
vt 0.475768 0.687124
vt 0.461831 0.687233
vt 0.487769 0.687046
vt 0.487814 0.704642
vt 0.475807 0.704732
vt 0.461865 0.704868
vt 0.500949 0.686982
vt 0.516933 0.686932
vt 0.516983 0.704545
vt 0.501000 0.704583
vt 0.167889 0.722267
vt 0.151973 0.721942
vt 0.180948 0.722401
vt 0.180898 0.739937
vt 0.167844 0.739824
vt 0.151934 0.739549
vt 0.192829 0.722501
vt 0.206461 0.722622
vt 0.206398 0.740220
vt 0.192772 0.740050
vt 0.475865 0.722319
vt 0.461922 0.722492
vt 0.487873 0.722214
vt 0.487939 0.739749
vt 0.475939 0.739869
vt 0.462001 0.740100
vt 0.501056 0.722165
vt 0.517033 0.722153
vt 0.517086 0.739759
vt 0.501117 0.739722
vt 0.167818 0.757350
vt 0.151922 0.757152
vt 0.180847 0.757428
vt 0.180807 0.774882
vt 0.167806 0.774854
vt 0.151926 0.774755
vt 0.192693 0.757562
vt 0.206297 0.757796
vt 0.206207 0.775364
vt 0.192624 0.775038
vt 0.476042 0.757378
vt 0.462121 0.757690
vt 0.488016 0.757237
vt 0.488063 0.774681
vt 0.476116 0.774851
vt 0.462218 0.775274
vt 0.501166 0.757257
vt 0.517118 0.757370
vt 0.517122 0.775000
vt 0.501187 0.774777
vt 0.167807 0.792379
vt 0.151938 0.792401
vt 0.180793 0.792346
vt 0.180813 0.809882
vt 0.167834 0.809983
vt 0.151975 0.810140
vt 0.192598 0.792527
vt 0.206165 0.792964
vt 0.206161 0.810648
vt 0.192609 0.810093
vt 0.476120 0.792334
vt 0.462233 0.792885
vt 0.488052 0.792130
vt 0.487975 0.809654
vt 0.476052 0.809890
vt 0.462175 0.810581
vt 0.501163 0.792324
vt 0.517085 0.792686
vt 0.516989 0.810475
vt 0.501078 0.809956
vt 0.167893 0.827744
vt 0.152035 0.828038
vt 0.180868 0.827572
vt 0.180959 0.845472
vt 0.167991 0.845711
vt 0.152139 0.846134
vt 0.192659 0.827813
vt 0.206206 0.828488
vt 0.206270 0.846530
vt 0.192740 0.845740
vt 0.475900 0.827599
vt 0.462034 0.828434
vt 0.487823 0.827330
vt 0.487600 0.845215
vt 0.475682 0.845513
vt 0.461837 0.846484
vt 0.500922 0.827741
vt 0.516823 0.828422
vt 0.516588 0.846567
vt 0.500691 0.845732
vt 0.168140 0.863923
vt 0.152300 0.864452
vt 0.181081 0.863632
vt 0.181248 0.882207
vt 0.168314 0.882537
vt 0.152476 0.883128
vt 0.192834 0.863925
vt 0.206335 0.864809
vt 0.206479 0.883468
vt 0.192991 0.882520
vt 0.475413 0.863683
vt 0.461603 0.864772
vt 0.487300 0.863355
vt 0.486898 0.881907
vt 0.475024 0.882263
vt 0.461237 0.883438
vt 0.500370 0.863967
vt 0.516262 0.864932
vt 0.515861 0.883638
vt 0.499959 0.882589
vt 0.168452 0.901751
vt 0.152575 0.902332
vt 0.181458 0.901420
vt 0.181663 0.920861
vt 0.168558 0.921146
vt 0.152620 0.921630
vt 0.193274 0.901736
vt 0.206814 0.902693
vt 0.207211 0.922048
vt 0.193586 0.921164
vt 0.474424 0.901471
vt 0.460595 0.902662
vt 0.486366 0.901100
vt 0.485824 0.920539
vt 0.473783 0.920905
vt 0.459873 0.922018
vt 0.499494 0.901792
vt 0.515437 0.902837
vt 0.515042 0.922065
vt 0.499044 0.921144
vt 0.168565 0.940231
vt 0.152555 0.940548
vt 0.181808 0.940047
vt 0.181823 0.958432
vt 0.168527 0.958480
vt 0.152501 0.958616
vt 0.193882 0.940317
vt 0.207624 0.941055
vt 0.207746 0.959218
vt 0.193959 0.958659
vt 0.473222 0.940091
vt 0.459189 0.941025
vt 0.485414 0.939759
vt 0.485336 0.958210
vt 0.473068 0.958487
vt 0.458975 0.959189
vt 0.498762 0.940166
vt 0.514805 0.940844
vt 0.514763 0.958723
vt 0.498736 0.958342
vt 0.168694 0.976352
vt 0.152850 0.976360
vt 0.181663 0.976412
vt 0.181452 0.994604
vt 0.169136 0.994503
vt 0.153635 0.994460
vt 0.193444 0.976601
vt 0.206967 0.977014
vt 0.205509 0.995092
vt 0.192512 0.994759
vt 0.473823 0.976463
vt 0.459991 0.976966
vt 0.485725 0.976254
vt 0.486301 0.994464
vt 0.475150 0.994613
vt 0.461866 0.995001
vt 0.498810 0.976164
vt 0.514698 0.976321
vt 0.514419 0.994384
vt 0.498762 0.994305
vt 0.168082 0.616385
vt 0.181120 0.616534
vt 0.152176 0.615995
vt 0.152194 0.597642
vt 0.168097 0.598030
vt 0.181136 0.598178
vt 0.192978 0.616597
vt 0.206589 0.616624
vt 0.192990 0.598239
vt 0.206598 0.598261
vt 0.475668 0.616400
vt 0.487649 0.616352
vt 0.461749 0.616460
vt 0.461731 0.598093
vt 0.475649 0.598041
vt 0.487626 0.597996
vt 0.500814 0.616304
vt 0.516786 0.616251
vt 0.500786 0.597951
vt 0.516755 0.597902
vt 0.168109 0.578607
vt 0.181147 0.578754
vt 0.152210 0.578221
vt 0.152218 0.558470
vt 0.168121 0.558857
vt 0.181157 0.558999
vt 0.193000 0.578810
vt 0.206608 0.578827
vt 0.193011 0.559055
vt 0.206618 0.559068
vt 0.475628 0.578609
vt 0.487604 0.578570
vt 0.461712 0.578658
vt 0.461693 0.558896
vt 0.475607 0.558851
vt 0.487579 0.558814
vt 0.500763 0.578528
vt 0.516728 0.578479
vt 0.500735 0.558775
vt 0.516699 0.558730
vt 0.168127 0.539521
vt 0.181163 0.539661
vt 0.152226 0.539138
vt 0.152229 0.518970
vt 0.168130 0.519349
vt 0.181166 0.519488
vt 0.193019 0.539715
vt 0.206627 0.539724
vt 0.193020 0.519539
vt 0.206631 0.519546
vt 0.475583 0.539508
vt 0.487555 0.539474
vt 0.461668 0.539549
vt 0.461642 0.519364
vt 0.475555 0.519327
vt 0.487529 0.519296
vt 0.500709 0.539437
vt 0.516672 0.539395
vt 0.500683 0.519261
vt 0.516643 0.519222
vt 0.168129 0.497091
vt 0.181161 0.497229
vt 0.152229 0.496713
vt 0.152223 0.474873
vt 0.168120 0.475249
vt 0.181151 0.475388
vt 0.193015 0.497280
vt 0.206624 0.497286
vt 0.193001 0.475438
vt 0.206604 0.475442
vt 0.475526 0.497062
vt 0.487497 0.497031
vt 0.461611 0.497097
vt 0.461584 0.475248
vt 0.475499 0.475215
vt 0.487472 0.475186
vt 0.500653 0.497000
vt 0.516614 0.496963
vt 0.500626 0.475154
vt 0.516587 0.475122
vt 0.168110 0.456331
vt 0.181140 0.456467
vt 0.152217 0.455954
vt 0.152210 0.437209
vt 0.168104 0.437583
vt 0.181129 0.437716
vt 0.192984 0.456515
vt 0.206585 0.456517
vt 0.192969 0.437765
vt 0.206562 0.437766
vt 0.475477 0.456289
vt 0.487450 0.456262
vt 0.461559 0.456319
vt 0.461542 0.437564
vt 0.475456 0.437535
vt 0.487429 0.437510
vt 0.500606 0.456233
vt 0.516566 0.456199
vt 0.500583 0.437483
vt 0.516544 0.437452
vt 0.168091 0.416259
vt 0.181114 0.416393
vt 0.152202 0.415883
vt 0.152190 0.392462
vt 0.168078 0.392834
vt 0.181099 0.392965
vt 0.192953 0.416436
vt 0.206542 0.416434
vt 0.192937 0.393009
vt 0.206526 0.393006
vt 0.475438 0.416205
vt 0.487407 0.416181
vt 0.461523 0.416233
vt 0.461502 0.392802
vt 0.475413 0.392776
vt 0.487384 0.392752
vt 0.500560 0.416154
vt 0.516520 0.416124
vt 0.500535 0.392730
vt 0.516496 0.392701
vt 0.168069 0.367790
vt 0.181089 0.367922
vt 0.152180 0.367419
vt 0.152173 0.341571
vt 0.168060 0.341940
vt 0.181082 0.342071
vt 0.192926 0.367962
vt 0.206517 0.367960
vt 0.192922 0.342111
vt 0.206513 0.342109
vt 0.475388 0.367725
vt 0.487357 0.367706
vt 0.461475 0.367752
vt 0.461445 0.341894
vt 0.475358 0.341872
vt 0.487330 0.341852
vt 0.500511 0.367685
vt 0.516470 0.367658
vt 0.500484 0.341832
vt 0.516445 0.341806
vt 0.168055 0.316099
vt 0.181078 0.316228
vt 0.152163 0.315730
vt 0.152155 0.289524
vt 0.168048 0.289890
vt 0.181075 0.290017
vt 0.192918 0.316267
vt 0.206511 0.316264
vt 0.192918 0.290060
vt 0.206515 0.290056
vt 0.475325 0.316025
vt 0.487299 0.316008
vt 0.461408 0.316044
vt 0.461368 0.289831
vt 0.475291 0.289813
vt 0.487269 0.289796
vt 0.500455 0.315987
vt 0.516418 0.315965
vt 0.500429 0.289778
vt 0.516391 0.289755
vt 0.168036 0.262942
vt 0.181064 0.263069
vt 0.152140 0.262575
vt 0.152122 0.235258
vt 0.168019 0.235623
vt 0.181048 0.235752
vt 0.192910 0.263110
vt 0.206513 0.263108
vt 0.192896 0.235791
vt 0.206500 0.235788
vt 0.475263 0.262863
vt 0.487243 0.262847
vt 0.461339 0.262878
vt 0.461322 0.235557
vt 0.475248 0.235542
vt 0.487225 0.235526
vt 0.500403 0.262828
vt 0.516370 0.262808
vt 0.500385 0.235508
vt 0.516349 0.235487
vt 0.134366 0.650670
vt 0.134391 0.632988
vt 0.134333 0.668308
vt 0.116930 0.667437
vt 0.116961 0.649796
vt 0.116985 0.632111
vt 0.534267 0.651642
vt 0.534306 0.669266
vt 0.534231 0.633967
vt 0.551516 0.633921
vt 0.551554 0.651596
vt 0.551593 0.669224
vt 0.134296 0.685948
vt 0.134254 0.703594
vt 0.116858 0.702744
vt 0.116896 0.685085
vt 0.534349 0.686888
vt 0.534395 0.704515
vt 0.551634 0.686850
vt 0.551674 0.704481
vt 0.134213 0.721249
vt 0.134176 0.738920
vt 0.116784 0.738132
vt 0.116821 0.720422
vt 0.534441 0.722146
vt 0.534482 0.739794
vt 0.551711 0.722121
vt 0.551746 0.739780
vt 0.134163 0.756617
vt 0.134165 0.774353
vt 0.116745 0.773702
vt 0.116758 0.755887
vt 0.534510 0.757468
vt 0.534508 0.775181
vt 0.551774 0.757468
vt 0.551774 0.775205
vt 0.134178 0.792160
vt 0.134215 0.810077
vt 0.116787 0.809637
vt 0.116753 0.791610
vt 0.534461 0.792968
vt 0.534356 0.810867
vt 0.551720 0.793018
vt 0.551608 0.810946
vt 0.134280 0.828157
vt 0.134383 0.846423
vt 0.116945 0.846206
vt 0.116853 0.827830
vt 0.534186 0.828931
vt 0.533955 0.847185
vt 0.551438 0.829040
vt 0.551214 0.847320
vt 0.134535 0.864889
vt 0.134698 0.883659
vt 0.117203 0.883615
vt 0.117065 0.864770
vt 0.533651 0.865641
vt 0.533282 0.884399
vt 0.550948 0.865801
vt 0.550620 0.884584
vt 0.134799 0.902868
vt 0.134858 0.922049
vt 0.117473 0.921968
vt 0.117342 0.902849
vt 0.532869 0.903591
vt 0.532468 0.922733
vt 0.550201 0.903784
vt 0.549764 0.922916
vt 0.134831 0.940731
vt 0.134823 0.958511
vt 0.117689 0.958054
vt 0.117584 0.940496
vt 0.532172 0.941359
vt 0.532045 0.959075
vt 0.549359 0.941510
vt 0.549112 0.959170
vt 0.135133 0.976040
vt 0.135784 0.994070
vt 0.117877 0.993369
vt 0.117777 0.975395
vt 0.532025 0.976556
vt 0.531949 0.994584
vt 0.549230 0.976603
vt 0.549574 0.994608
vt 0.134415 0.615216
vt 0.134433 0.596864
vt 0.117008 0.614337
vt 0.117027 0.595987
vt 0.534198 0.616201
vt 0.534165 0.597852
vt 0.551447 0.597808
vt 0.551482 0.616157
vt 0.134446 0.577443
vt 0.134459 0.557696
vt 0.117043 0.576568
vt 0.117052 0.556821
vt 0.534135 0.578435
vt 0.534104 0.558687
vt 0.551384 0.558645
vt 0.551416 0.578391
vt 0.134465 0.538365
vt 0.134470 0.518197
vt 0.117061 0.537492
vt 0.117065 0.517324
vt 0.534076 0.539352
vt 0.534047 0.519182
vt 0.551322 0.519144
vt 0.551354 0.539312
vt 0.134470 0.495940
vt 0.134466 0.474104
vt 0.117067 0.495072
vt 0.117066 0.473233
vt 0.534019 0.496925
vt 0.533990 0.475083
vt 0.551266 0.475049
vt 0.551294 0.496888
vt 0.134464 0.455186
vt 0.134457 0.436442
vt 0.117063 0.454319
vt 0.117058 0.435576
vt 0.533968 0.456163
vt 0.533945 0.437417
vt 0.551220 0.437386
vt 0.551243 0.456131
vt 0.134449 0.415119
vt 0.134440 0.391697
vt 0.117052 0.414256
vt 0.117043 0.390836
vt 0.533923 0.416096
vt 0.533898 0.392672
vt 0.551171 0.392645
vt 0.551198 0.416065
vt 0.134431 0.366657
vt 0.134419 0.340810
vt 0.117032 0.365795
vt 0.117023 0.339950
vt 0.533871 0.367630
vt 0.533849 0.341782
vt 0.551122 0.341758
vt 0.551148 0.367604
vt 0.134411 0.314972
vt 0.134400 0.288765
vt 0.117012 0.314112
vt 0.117001 0.287908
vt 0.533823 0.315941
vt 0.533798 0.289734
vt 0.551075 0.289711
vt 0.551099 0.315917
vt 0.134385 0.261819
vt 0.134367 0.234502
vt 0.116985 0.260962
vt 0.116966 0.233646
vt 0.533775 0.262785
vt 0.533756 0.235466
vt 0.551031 0.235445
vt 0.551052 0.262762
vt 0.099484 0.649110
vt 0.099511 0.631425
vt 0.099455 0.666751
vt 0.081802 0.666436
vt 0.081827 0.648796
vt 0.081851 0.631112
vt 0.569236 0.651556
vt 0.569274 0.669184
vt 0.569197 0.633882
vt 0.586877 0.633844
vt 0.586918 0.651519
vt 0.586960 0.669146
vt 0.099427 0.684401
vt 0.099393 0.702057
vt 0.081742 0.701721
vt 0.081773 0.684077
vt 0.569313 0.686809
vt 0.569347 0.704435
vt 0.586997 0.686772
vt 0.587034 0.704390
vt 0.099360 0.719729
vt 0.099326 0.737421
vt 0.081677 0.737013
vt 0.081710 0.719367
vt 0.569380 0.722064
vt 0.569407 0.739697
vt 0.587062 0.721999
vt 0.587081 0.739596
vt 0.099287 0.755143
vt 0.099262 0.772906
vt 0.081608 0.772321
vt 0.081635 0.754662
vt 0.569432 0.757337
vt 0.569430 0.775002
vt 0.587097 0.757177
vt 0.587080 0.774750
vt 0.099272 0.790747
vt 0.099307 0.808696
vt 0.081660 0.807827
vt 0.081617 0.790026
vt 0.569367 0.792726
vt 0.569251 0.810551
vt 0.587007 0.792356
vt 0.586883 0.810048
vt 0.099378 0.826807
vt 0.099470 0.845105
vt 0.081835 0.843934
vt 0.081737 0.825785
vt 0.569075 0.828536
vt 0.568855 0.846714
vt 0.586703 0.827894
vt 0.586476 0.845938
vt 0.099565 0.863598
vt 0.099681 0.882390
vt 0.082056 0.881007
vt 0.081929 0.862299
vt 0.568610 0.865105
vt 0.568314 0.883827
vt 0.586231 0.864216
vt 0.585938 0.882865
vt 0.099872 0.901616
vt 0.100078 0.920804
vt 0.082518 0.919545
vt 0.082276 0.900233
vt 0.567894 0.903031
vt 0.567443 0.922257
vt 0.585545 0.902077
vt 0.585134 0.921426
vt 0.100320 0.939488
vt 0.100507 0.957268
vt 0.082979 0.956559
vt 0.082794 0.938475
vt 0.566972 0.941032
vt 0.566646 0.958928
vt 0.584700 0.940432
vt 0.584372 0.958604
vt 0.100336 0.974797
vt 0.099854 0.992833
vt 0.081990 0.992433
vt 0.082689 0.974321
vt 0.566847 0.976546
vt 0.567465 0.994612
vt 0.584489 0.976432
vt 0.584979 0.994571
vt 0.099530 0.613652
vt 0.099550 0.595303
vt 0.081873 0.613340
vt 0.081891 0.594992
vt 0.569159 0.616114
vt 0.569123 0.597766
vt 0.586801 0.597727
vt 0.586840 0.616076
vt 0.099563 0.575883
vt 0.099577 0.556140
vt 0.081905 0.575575
vt 0.081917 0.555834
vt 0.569089 0.578351
vt 0.569056 0.558606
vt 0.586731 0.558567
vt 0.586765 0.578311
vt 0.099583 0.536809
vt 0.099589 0.516646
vt 0.081926 0.536504
vt 0.081931 0.516340
vt 0.569026 0.539274
vt 0.568996 0.519107
vt 0.586670 0.519071
vt 0.586700 0.539238
vt 0.099590 0.494392
vt 0.099590 0.472556
vt 0.081933 0.494089
vt 0.081933 0.472256
vt 0.568964 0.496853
vt 0.568935 0.475015
vt 0.586609 0.474983
vt 0.586639 0.496820
vt 0.099588 0.453644
vt 0.099585 0.434902
vt 0.081931 0.453344
vt 0.081928 0.434602
vt 0.568913 0.456098
vt 0.568890 0.437355
vt 0.586564 0.437327
vt 0.586587 0.456068
vt 0.099579 0.413583
vt 0.099571 0.390165
vt 0.081924 0.413285
vt 0.081916 0.389870
vt 0.568867 0.416035
vt 0.568843 0.392616
vt 0.586516 0.392590
vt 0.586541 0.416007
vt 0.099561 0.365125
vt 0.099548 0.339281
vt 0.081908 0.364831
vt 0.081895 0.338988
vt 0.568818 0.367577
vt 0.568793 0.341732
vt 0.586467 0.341709
vt 0.586491 0.367553
vt 0.099538 0.313445
vt 0.099526 0.287240
vt 0.081884 0.313151
vt 0.081869 0.286948
vt 0.568770 0.315892
vt 0.568746 0.289689
vt 0.586421 0.289666
vt 0.586444 0.315871
vt 0.099512 0.260296
vt 0.099492 0.232980
vt 0.081855 0.260003
vt 0.081838 0.232687
vt 0.568724 0.262741
vt 0.568704 0.235421
vt 0.586377 0.235401
vt 0.586398 0.262720
vt 0.064661 0.649038
vt 0.064684 0.631356
vt 0.064634 0.666671
vt 0.048102 0.667277
vt 0.048132 0.649646
vt 0.048155 0.631969
vt 0.603948 0.651487
vt 0.603993 0.669119
vt 0.603905 0.633809
vt 0.620393 0.633776
vt 0.620438 0.651456
vt 0.620484 0.669093
vt 0.064604 0.684307
vt 0.064571 0.701938
vt 0.048034 0.702534
vt 0.048070 0.684909
vt 0.604034 0.686745
vt 0.604072 0.704366
vt 0.620531 0.686729
vt 0.620573 0.704360
vt 0.064538 0.719561
vt 0.064505 0.737170
vt 0.047961 0.737753
vt 0.047997 0.720153
vt 0.604101 0.721969
vt 0.604115 0.739550
vt 0.620604 0.721983
vt 0.620613 0.739592
vt 0.064467 0.754758
vt 0.064443 0.772333
vt 0.047926 0.772879
vt 0.047937 0.755325
vt 0.604109 0.757105
vt 0.604072 0.774634
vt 0.620585 0.757172
vt 0.620525 0.774733
vt 0.064453 0.789934
vt 0.064494 0.807618
vt 0.047972 0.808104
vt 0.047935 0.790451
vt 0.603990 0.792182
vt 0.603863 0.809805
vt 0.620440 0.792316
vt 0.620307 0.809978
vt 0.064569 0.825455
vt 0.064672 0.843488
vt 0.048144 0.843913
vt 0.048041 0.825910
vt 0.603682 0.827581
vt 0.603451 0.845553
vt 0.620128 0.827789
vt 0.619890 0.845799
vt 0.064786 0.861753
vt 0.064932 0.880397
vt 0.048462 0.880762
vt 0.048286 0.862148
vt 0.603182 0.863771
vt 0.602879 0.882382
vt 0.619589 0.864036
vt 0.619264 0.882658
vt 0.065154 0.899625
vt 0.065380 0.919028
vt 0.048843 0.919391
vt 0.048660 0.899976
vt 0.602542 0.901605
vt 0.602212 0.921028
vt 0.618985 0.901873
vt 0.618754 0.921288
vt 0.065599 0.938136
vt 0.065716 0.956430
vt 0.048965 0.956915
vt 0.048953 0.938547
vt 0.601900 0.940176
vt 0.601633 0.958506
vt 0.618599 0.940434
vt 0.618430 0.958783
vt 0.065507 0.974347
vt 0.065036 0.992518
vt 0.048959 0.993103
vt 0.048953 0.974903
vt 0.601500 0.976448
vt 0.601480 0.994632
vt 0.617979 0.976743
vt 0.617307 0.994921
vt 0.064704 0.613587
vt 0.064723 0.595241
vt 0.048175 0.614203
vt 0.048193 0.595858
vt 0.603867 0.616041
vt 0.603827 0.597692
vt 0.620313 0.597658
vt 0.620352 0.616006
vt 0.064737 0.575826
vt 0.064748 0.556084
vt 0.048208 0.576444
vt 0.048219 0.556705
vt 0.603791 0.578277
vt 0.603755 0.558532
vt 0.620240 0.558500
vt 0.620275 0.578242
vt 0.064758 0.536757
vt 0.064762 0.516594
vt 0.048227 0.537381
vt 0.048233 0.517221
vt 0.603725 0.539205
vt 0.603695 0.519039
vt 0.620177 0.519010
vt 0.620208 0.539174
vt 0.064766 0.494343
vt 0.064767 0.472513
vt 0.048237 0.494973
vt 0.048238 0.473141
vt 0.603663 0.496788
vt 0.603633 0.474954
vt 0.620116 0.474926
vt 0.620146 0.496759
vt 0.064766 0.453601
vt 0.064762 0.434862
vt 0.048237 0.454231
vt 0.048233 0.435493
vt 0.603608 0.456040
vt 0.603588 0.437299
vt 0.620070 0.437274
vt 0.620091 0.456015
vt 0.064758 0.413546
vt 0.064751 0.390130
vt 0.048229 0.414177
vt 0.048222 0.390764
vt 0.603563 0.415982
vt 0.603539 0.392565
vt 0.620023 0.392545
vt 0.620047 0.415959
vt 0.064743 0.365096
vt 0.064731 0.339254
vt 0.048215 0.365730
vt 0.048206 0.339888
vt 0.603515 0.367530
vt 0.603490 0.341687
vt 0.619974 0.341666
vt 0.619999 0.367508
vt 0.064719 0.313416
vt 0.064705 0.287215
vt 0.048191 0.314053
vt 0.048178 0.287850
vt 0.603468 0.315851
vt 0.603446 0.289646
vt 0.619929 0.289628
vt 0.619952 0.315831
vt 0.064690 0.260269
vt 0.064672 0.232955
vt 0.048161 0.260905
vt 0.048145 0.233589
vt 0.603422 0.262699
vt 0.603400 0.235380
vt 0.619882 0.235362
vt 0.619905 0.262680
vt 0.031883 0.650435
vt 0.031908 0.632761
vt 0.031854 0.668065
vt 0.015478 0.668938
vt 0.015508 0.651312
vt 0.015532 0.633642
vt 0.636950 0.651425
vt 0.636998 0.669066
vt 0.636904 0.633742
vt 0.653706 0.633702
vt 0.653751 0.651385
vt 0.653801 0.669029
vt 0.031819 0.685694
vt 0.031780 0.703322
vt 0.015403 0.704200
vt 0.015443 0.686567
vt 0.637048 0.686712
vt 0.637094 0.704367
vt 0.653850 0.686681
vt 0.653899 0.704354
vt 0.031742 0.720955
vt 0.031705 0.738584
vt 0.015331 0.739522
vt 0.015362 0.721848
vt 0.637127 0.722030
vt 0.637134 0.739705
vt 0.653931 0.722057
vt 0.653939 0.739811
vt 0.031696 0.756216
vt 0.031701 0.773852
vt 0.015348 0.775024
vt 0.015330 0.757243
vt 0.637090 0.757388
vt 0.637010 0.775094
vt 0.653888 0.757634
vt 0.653799 0.775547
vt 0.031716 0.791535
vt 0.031762 0.809313
vt 0.015441 0.810880
vt 0.015380 0.792893
vt 0.636914 0.792852
vt 0.636773 0.810716
vt 0.653690 0.793571
vt 0.653534 0.811733
vt 0.031835 0.827246
vt 0.031953 0.845375
vt 0.015679 0.847373
vt 0.015535 0.829030
vt 0.636587 0.828733
vt 0.636333 0.846937
vt 0.653328 0.830061
vt 0.653046 0.848567
vt 0.032129 0.863721
vt 0.032341 0.882413
vt 0.016137 0.884770
vt 0.015890 0.865919
vt 0.635992 0.865345
vt 0.635634 0.884076
vt 0.652666 0.867251
vt 0.652272 0.886187
vt 0.032520 0.901629
vt 0.032652 0.920932
vt 0.016410 0.923141
vt 0.016313 0.904020
vt 0.635393 0.903301
vt 0.635237 0.922578
vt 0.652038 0.905450
vt 0.651930 0.924505
vt 0.032642 0.939855
vt 0.032532 0.957923
vt 0.016111 0.959137
vt 0.016309 0.941636
vt 0.635230 0.941449
vt 0.635167 0.959457
vt 0.652016 0.942881
vt 0.652027 0.960259
vt 0.032691 0.975666
vt 0.033087 0.993777
vt 0.016831 0.994395
vt 0.016309 0.976436
vt 0.634480 0.977142
vt 0.633335 0.995202
vt 0.651272 0.977463
vt 0.649979 0.995358
vt 0.031929 0.614997
vt 0.031946 0.596655
vt 0.015555 0.615880
vt 0.015571 0.597544
vt 0.636862 0.615972
vt 0.636823 0.597625
vt 0.653623 0.597590
vt 0.653662 0.615935
vt 0.031962 0.577244
vt 0.031972 0.557507
vt 0.015587 0.578133
vt 0.015597 0.558400
vt 0.636784 0.578211
vt 0.636749 0.558469
vt 0.653550 0.558441
vt 0.653585 0.578178
vt 0.031980 0.538185
vt 0.031989 0.518026
vt 0.015607 0.539079
vt 0.015611 0.518923
vt 0.636718 0.539143
vt 0.636687 0.518983
vt 0.653486 0.518955
vt 0.653518 0.539117
vt 0.031991 0.495780
vt 0.031992 0.473949
vt 0.015618 0.496679
vt 0.015618 0.474850
vt 0.636655 0.496732
vt 0.636625 0.474902
vt 0.653425 0.474878
vt 0.653454 0.496709
vt 0.031990 0.455041
vt 0.031988 0.436304
vt 0.015618 0.455943
vt 0.015615 0.437208
vt 0.636601 0.455990
vt 0.636578 0.437253
vt 0.653379 0.437231
vt 0.653402 0.455969
vt 0.031983 0.414989
vt 0.031976 0.391578
vt 0.015612 0.415896
vt 0.015604 0.392483
vt 0.636555 0.415939
vt 0.636532 0.392525
vt 0.653332 0.392506
vt 0.653355 0.415918
vt 0.031971 0.366545
vt 0.031961 0.340704
vt 0.015597 0.367450
vt 0.015589 0.341611
vt 0.636508 0.367490
vt 0.636484 0.341650
vt 0.653286 0.341631
vt 0.653309 0.367473
vt 0.031946 0.314869
vt 0.031934 0.288667
vt 0.015575 0.315779
vt 0.015559 0.289578
vt 0.636461 0.315812
vt 0.636438 0.289609
vt 0.653239 0.289594
vt 0.653262 0.315797
vt 0.031915 0.261721
vt 0.031901 0.234403
vt 0.015543 0.262632
vt 0.015528 0.235311
vt 0.636414 0.262664
vt 0.636391 0.235347
vt 0.653191 0.235331
vt 0.653214 0.262648
vt 0.243660 0.634497
vt 0.252493 0.634518
vt 0.252484 0.652239
vt 0.243650 0.652213
vt 0.256236 0.634528
vt 0.256229 0.652251
vt 0.256213 0.669932
vt 0.252470 0.669921
vt 0.243638 0.669890
vt 0.252500 0.616713
vt 0.256243 0.616721
vt 0.243667 0.616695
vt 0.243674 0.598317
vt 0.252507 0.598332
vt 0.256248 0.598339
vt 0.252513 0.578884
vt 0.256253 0.578891
vt 0.243681 0.578872
vt 0.243694 0.559102
vt 0.252524 0.559110
vt 0.256262 0.559118
vt 0.252454 0.687615
vt 0.243619 0.687578
vt 0.256196 0.687625
vt 0.256171 0.705332
vt 0.252427 0.705323
vt 0.243596 0.705277
vt 0.252388 0.723056
vt 0.243557 0.722999
vt 0.256137 0.723058
vt 0.256093 0.740810
vt 0.252335 0.740827
vt 0.243495 0.740753
vt 0.266941 0.634540
vt 0.271798 0.634541
vt 0.271794 0.652258
vt 0.266933 0.652260
vt 0.284927 0.634541
vt 0.284924 0.652255
vt 0.284917 0.669923
vt 0.271782 0.669931
vt 0.266921 0.669937
vt 0.271802 0.616735
vt 0.284929 0.616737
vt 0.266945 0.616733
vt 0.266949 0.598351
vt 0.271806 0.598355
vt 0.284930 0.598355
vt 0.271807 0.578908
vt 0.284933 0.578909
vt 0.266952 0.578906
vt 0.266957 0.559135
vt 0.271810 0.559140
vt 0.284930 0.559134
vt 0.271769 0.687605
vt 0.266906 0.687618
vt 0.284910 0.687591
vt 0.284902 0.705249
vt 0.271757 0.705278
vt 0.266887 0.705301
vt 0.271744 0.722943
vt 0.266867 0.722984
vt 0.284898 0.722900
vt 0.284895 0.740539
vt 0.271732 0.740599
vt 0.266843 0.740666
vt 0.392460 0.634518
vt 0.398426 0.634516
vt 0.398436 0.652239
vt 0.392469 0.652240
vt 0.401691 0.634510
vt 0.401703 0.652237
vt 0.401720 0.669924
vt 0.398452 0.669923
vt 0.392482 0.669918
vt 0.398414 0.616706
vt 0.401680 0.616698
vt 0.392450 0.616711
vt 0.392441 0.598328
vt 0.398405 0.598320
vt 0.401669 0.598312
vt 0.398397 0.578871
vt 0.401661 0.578861
vt 0.392437 0.578879
vt 0.392430 0.559104
vt 0.398391 0.559098
vt 0.401651 0.559088
vt 0.398471 0.687608
vt 0.392496 0.687596
vt 0.401742 0.687619
vt 0.401765 0.705315
vt 0.398490 0.705293
vt 0.392514 0.705273
vt 0.398516 0.722974
vt 0.392531 0.722941
vt 0.401800 0.723017
vt 0.401839 0.740717
vt 0.398544 0.740644
vt 0.392549 0.740595
vt 0.411330 0.634480
vt 0.415044 0.634457
vt 0.415059 0.652186
vt 0.411342 0.652211
vt 0.423958 0.634417
vt 0.423972 0.652143
vt 0.423990 0.669829
vt 0.415076 0.669880
vt 0.411358 0.669905
vt 0.415032 0.616643
vt 0.423943 0.616607
vt 0.411314 0.616667
vt 0.411303 0.598278
vt 0.415018 0.598259
vt 0.423929 0.598225
vt 0.415004 0.578808
vt 0.423914 0.578777
vt 0.411291 0.578826
vt 0.411278 0.559053
vt 0.414990 0.559033
vt 0.423897 0.559006
vt 0.415095 0.687587
vt 0.411381 0.687613
vt 0.424011 0.687530
vt 0.424044 0.705249
vt 0.415132 0.705317
vt 0.411413 0.705335
vt 0.415179 0.723074
vt 0.411458 0.723084
vt 0.424096 0.722994
vt 0.424171 0.740777
vt 0.415246 0.740874
vt 0.411517 0.740861
vt 0.252265 0.758645
vt 0.243401 0.758548
vt 0.256047 0.758595
vt 0.255986 0.776431
vt 0.252188 0.776525
vt 0.243305 0.776398
vt 0.271737 0.758235
vt 0.266834 0.758336
vt 0.284906 0.758155
vt 0.282742 0.775765
vt 0.270829 0.775857
vt 0.266353 0.776002
vt 0.398558 0.758297
vt 0.392560 0.758229
vt 0.401854 0.758409
vt 0.401388 0.776102
vt 0.397679 0.775943
vt 0.390475 0.775852
vt 0.415322 0.758727
vt 0.411564 0.758684
vt 0.424276 0.758607
vt 0.424357 0.776496
vt 0.415368 0.776650
vt 0.411569 0.776558
vt 0.252134 0.794498
vt 0.243245 0.794335
vt 0.255934 0.794344
vt 0.255916 0.812371
vt 0.252115 0.812589
vt 0.243223 0.812388
vt 0.270301 0.793501
vt 0.266215 0.793699
vt 0.279885 0.793400
vt 0.279819 0.811114
vt 0.270273 0.811226
vt 0.266181 0.811484
vt 0.397169 0.793623
vt 0.387669 0.793505
vt 0.401277 0.793835
vt 0.401240 0.811655
vt 0.397144 0.811385
vt 0.387593 0.811245
vt 0.415366 0.794666
vt 0.411555 0.794510
vt 0.424374 0.794473
vt 0.424334 0.812569
vt 0.415320 0.812803
vt 0.411507 0.812577
vt 0.252127 0.830838
vt 0.243239 0.830601
vt 0.255921 0.830553
vt 0.255952 0.848907
vt 0.252165 0.849258
vt 0.243277 0.848988
vt 0.270238 0.829108
vt 0.266147 0.829425
vt 0.279789 0.828980
vt 0.279760 0.847046
vt 0.270209 0.847188
vt 0.266125 0.847554
vt 0.397105 0.829300
vt 0.387552 0.829137
vt 0.401194 0.829627
vt 0.401113 0.847786
vt 0.397036 0.847407
vt 0.387486 0.847227
vt 0.415218 0.831096
vt 0.411415 0.830798
vt 0.424224 0.830821
vt 0.424065 0.849248
vt 0.415063 0.849556
vt 0.411270 0.849192
vt 0.252238 0.867857
vt 0.243334 0.867558
vt 0.256031 0.867450
vt 0.256161 0.886283
vt 0.252381 0.886728
vt 0.243468 0.886401
vt 0.270199 0.865489
vt 0.266138 0.865898
vt 0.279731 0.865345
vt 0.279693 0.884019
vt 0.270185 0.884157
vt 0.266166 0.884588
vt 0.396923 0.865733
vt 0.387395 0.865545
vt 0.400972 0.866155
vt 0.400786 0.884863
vt 0.396786 0.884422
vt 0.387293 0.884238
vt 0.414841 0.868188
vt 0.411052 0.867763
vt 0.423863 0.867849
vt 0.423526 0.886716
vt 0.414511 0.887082
vt 0.410739 0.886615
vt 0.252603 0.905977
vt 0.243767 0.905633
vt 0.256304 0.905532
vt 0.256462 0.924720
vt 0.252859 0.925110
vt 0.244128 0.924772
vt 0.270136 0.903396
vt 0.266158 0.903820
vt 0.279622 0.903268
vt 0.279547 0.922669
vt 0.270098 0.922795
vt 0.266175 0.923184
vt 0.396662 0.903673
vt 0.387205 0.903498
vt 0.400603 0.904109
vt 0.400386 0.923480
vt 0.396522 0.923081
vt 0.387124 0.922910
vt 0.414026 0.906341
vt 0.410358 0.905875
vt 0.422948 0.905955
vt 0.422296 0.925086
vt 0.413500 0.925472
vt 0.409956 0.925066
vt 0.253034 0.943654
vt 0.244459 0.943352
vt 0.256493 0.943375
vt 0.256304 0.961079
vt 0.252947 0.961208
vt 0.244501 0.961003
vt 0.270015 0.941900
vt 0.266109 0.942228
vt 0.279455 0.941759
vt 0.279408 0.960020
vt 0.269919 0.960223
vt 0.265956 0.960470
vt 0.396450 0.942194
vt 0.387076 0.942007
vt 0.400278 0.942531
vt 0.400343 0.960781
vt 0.396454 0.960521
vt 0.387025 0.960280
vt 0.413102 0.943999
vt 0.409719 0.943712
vt 0.421714 0.943650
vt 0.421578 0.961288
vt 0.413098 0.961534
vt 0.409818 0.961406
vt 0.252544 0.978523
vt 0.243833 0.978418
vt 0.256159 0.978531
vt 0.256368 0.996542
vt 0.252126 0.996480
vt 0.242732 0.996390
vt 0.270124 0.978200
vt 0.266130 0.978371
vt 0.279578 0.977916
vt 0.280028 0.996082
vt 0.270792 0.996397
vt 0.266882 0.996531
vt 0.396223 0.978502
vt 0.386798 0.978183
vt 0.400184 0.978688
vt 0.399466 0.996849
vt 0.395539 0.996699
vt 0.386290 0.996350
vt 0.413642 0.978829
vt 0.410066 0.978845
vt 0.422427 0.978685
vt 0.423853 0.996628
vt 0.414304 0.996771
vt 0.410022 0.996852
vt 0.252544 0.539755
vt 0.256285 0.539755
vt 0.243708 0.539747
vt 0.243732 0.519560
vt 0.252629 0.519563
vt 0.256719 0.519563
vt 0.271810 0.539791
vt 0.284924 0.539772
vt 0.266971 0.539788
vt 0.268835 0.519596
vt 0.274114 0.519596
vt 0.287443 0.519570
vt 0.398384 0.539747
vt 0.401641 0.539734
vt 0.392430 0.539754
vt 0.391708 0.519568
vt 0.397999 0.519563
vt 0.401394 0.519545
vt 0.414969 0.539679
vt 0.423877 0.539650
vt 0.411261 0.539697
vt 0.411223 0.519506
vt 0.414937 0.519489
vt 0.423847 0.519461
vt 0.253405 0.497291
vt 0.258164 0.497291
vt 0.243726 0.497290
vt 0.243691 0.475441
vt 0.252597 0.475438
vt 0.256705 0.475443
vt 0.277971 0.497281
vt 0.290495 0.497290
vt 0.272145 0.497283
vt 0.268163 0.475384
vt 0.272314 0.475364
vt 0.280486 0.475389
vt 0.396876 0.497288
vt 0.401034 0.497271
vt 0.387479 0.497290
vt 0.382495 0.475427
vt 0.395586 0.475426
vt 0.400453 0.475410
vt 0.414887 0.497214
vt 0.423805 0.497188
vt 0.411166 0.497228
vt 0.411116 0.475373
vt 0.414845 0.475357
vt 0.423770 0.475333
vt 0.252454 0.456505
vt 0.256176 0.456507
vt 0.243636 0.456510
vt 0.243601 0.437752
vt 0.252411 0.437747
vt 0.256130 0.437743
vt 0.269034 0.456432
vt 0.275091 0.456445
vt 0.265810 0.456452
vt 0.265789 0.437713
vt 0.269041 0.437703
vt 0.274928 0.437703
vt 0.395594 0.456486
vt 0.400451 0.456470
vt 0.382408 0.456491
vt 0.382421 0.437726
vt 0.395601 0.437717
vt 0.400453 0.437705
vt 0.414828 0.456424
vt 0.423750 0.456401
vt 0.411102 0.456439
vt 0.411094 0.437675
vt 0.414817 0.437662
vt 0.423734 0.437642
vt 0.252393 0.416417
vt 0.256117 0.416414
vt 0.243580 0.416422
vt 0.243566 0.392996
vt 0.252383 0.392992
vt 0.256110 0.392988
vt 0.269049 0.416387
vt 0.274941 0.416386
vt 0.265789 0.416395
vt 0.265789 0.392977
vt 0.269051 0.392972
vt 0.274946 0.392969
vt 0.395605 0.416375
vt 0.400453 0.416364
vt 0.382431 0.416385
vt 0.382434 0.392947
vt 0.395607 0.392937
vt 0.400452 0.392928
vt 0.414805 0.416324
vt 0.423720 0.416303
vt 0.411086 0.416338
vt 0.411079 0.392902
vt 0.414795 0.392888
vt 0.423706 0.392868
vt 0.252378 0.367950
vt 0.256108 0.367946
vt 0.243559 0.367951
vt 0.243557 0.342103
vt 0.252375 0.342100
vt 0.256104 0.342099
vt 0.395602 0.367884
vt 0.400444 0.367874
vt 0.382432 0.367892
vt 0.382421 0.342031
vt 0.395587 0.342026
vt 0.400426 0.342017
vt 0.269052 0.367938
vt 0.274948 0.367934
vt 0.265789 0.367941
vt 0.265783 0.342098
vt 0.269045 0.342097
vt 0.274940 0.342089
vt 0.414777 0.367834
vt 0.423684 0.367815
vt 0.411066 0.367845
vt 0.411041 0.341983
vt 0.414747 0.341971
vt 0.423652 0.341955
vt 0.252381 0.316260
vt 0.256110 0.316258
vt 0.243561 0.316259
vt 0.243584 0.290052
vt 0.252419 0.290051
vt 0.256164 0.290051
vt 0.395571 0.316184
vt 0.400394 0.316175
vt 0.382416 0.316176
vt 0.378268 0.289945
vt 0.391804 0.289960
vt 0.397545 0.289956
vt 0.269036 0.316264
vt 0.274926 0.316257
vt 0.265782 0.316262
vt 0.266377 0.290058
vt 0.270401 0.290060
vt 0.279257 0.290045
vt 0.414696 0.316117
vt 0.423606 0.316100
vt 0.410988 0.316122
vt 0.410259 0.289897
vt 0.414461 0.289893
vt 0.423535 0.289882
vt 0.252436 0.263100
vt 0.256192 0.263103
vt 0.243593 0.263103
vt 0.243580 0.235780
vt 0.252420 0.235779
vt 0.256172 0.235782
vt 0.388083 0.262975
vt 0.393303 0.262965
vt 0.377266 0.262977
vt 0.377219 0.235643
vt 0.388046 0.235615
vt 0.393276 0.235615
vt 0.271604 0.263107
vt 0.283979 0.263090
vt 0.266843 0.263107
vt 0.266812 0.235785
vt 0.271566 0.235784
vt 0.283990 0.235773
vt 0.412553 0.262932
vt 0.423342 0.262923
vt 0.407361 0.262935
vt 0.407341 0.235618
vt 0.412536 0.235606
vt 0.423325 0.235592
vt 0.261305 0.616729
vt 0.261311 0.598347
vt 0.261300 0.634535
vt 0.261290 0.652257
vt 0.261278 0.669937
vt 0.261260 0.687627
vt 0.261239 0.705321
vt 0.406371 0.616685
vt 0.406359 0.598297
vt 0.406384 0.634497
vt 0.406397 0.652228
vt 0.406414 0.669919
vt 0.406438 0.687622
vt 0.406466 0.705332
vt 0.261211 0.723029
vt 0.261177 0.740746
vt 0.406507 0.723059
vt 0.406554 0.740800
vt 0.261152 0.758474
vt 0.261061 0.776223
vt 0.406581 0.758560
vt 0.406509 0.776343
vt 0.261003 0.794030
vt 0.260977 0.811935
vt 0.406485 0.794183
vt 0.406445 0.812124
vt 0.260961 0.829993
vt 0.260967 0.848232
vt 0.406378 0.830217
vt 0.406266 0.848489
vt 0.261017 0.866673
vt 0.261103 0.885429
vt 0.406080 0.866956
vt 0.405825 0.885734
vt 0.261165 0.904672
vt 0.261243 0.923951
vt 0.405553 0.904986
vt 0.405251 0.924271
vt 0.261200 0.942811
vt 0.260995 0.960797
vt 0.405104 0.943131
vt 0.405221 0.961120
vt 0.261054 0.978487
vt 0.261676 0.996576
vt 0.405219 0.978809
vt 0.404689 0.996899
vt 0.261314 0.578899
vt 0.261323 0.559127
vt 0.406350 0.578847
vt 0.406337 0.559072
vt 0.261343 0.539769
vt 0.262521 0.519576
vt 0.406324 0.539715
vt 0.406243 0.519525
vt 0.264854 0.497287
vt 0.262469 0.475423
vt 0.406171 0.497249
vt 0.406064 0.475391
vt 0.261126 0.456489
vt 0.261086 0.437731
vt 0.406056 0.456455
vt 0.406054 0.437691
vt 0.225145 0.634454
vt 0.225133 0.652158
vt 0.225121 0.669819
vt 0.302728 0.634538
vt 0.302728 0.652249
vt 0.333412 0.634531
vt 0.333415 0.652243
vt 0.333420 0.669908
vt 0.302726 0.669916
vt 0.364466 0.634528
vt 0.364473 0.652243
vt 0.364482 0.669911
vt 0.442794 0.634335
vt 0.442809 0.652047
vt 0.442827 0.669716
vt 0.225105 0.687483
vt 0.225081 0.705149
vt 0.302725 0.687575
vt 0.333424 0.687563
vt 0.333429 0.705214
vt 0.302724 0.705228
vt 0.364491 0.687575
vt 0.364503 0.705234
vt 0.442849 0.687390
vt 0.442881 0.705071
vt 0.225037 0.722821
vt 0.224974 0.740504
vt 0.302724 0.722870
vt 0.333436 0.722856
vt 0.333444 0.740486
vt 0.302728 0.740498
vt 0.364514 0.722881
vt 0.364526 0.740520
vt 0.442937 0.722761
vt 0.443019 0.740464
vt 0.224867 0.758198
vt 0.224764 0.775916
vt 0.302738 0.758109
vt 0.333452 0.758104
vt 0.333456 0.775722
vt 0.302746 0.775719
vt 0.364534 0.758145
vt 0.364543 0.775768
vt 0.443140 0.758186
vt 0.443242 0.775935
vt 0.224710 0.793695
vt 0.224693 0.811579
vt 0.302743 0.793362
vt 0.333451 0.793380
vt 0.333432 0.811128
vt 0.302726 0.811093
vt 0.364539 0.793423
vt 0.364517 0.811167
vt 0.443264 0.793745
vt 0.443219 0.811656
vt 0.224721 0.829618
vt 0.224769 0.847847
vt 0.302697 0.828981
vt 0.333397 0.829032
vt 0.333355 0.847139
vt 0.302662 0.847068
vt 0.364478 0.829064
vt 0.364422 0.847165
vt 0.443095 0.829725
vt 0.442919 0.847983
vt 0.224818 0.866282
vt 0.224951 0.885036
vt 0.302621 0.865392
vt 0.333296 0.865483
vt 0.333231 0.884195
vt 0.302570 0.884095
vt 0.364347 0.865500
vt 0.364265 0.884209
vt 0.442710 0.866440
vt 0.442365 0.885215
vt 0.225296 0.904258
vt 0.225717 0.923492
vt 0.302496 0.903350
vt 0.333159 0.903451
vt 0.333090 0.922792
vt 0.302416 0.922716
vt 0.364191 0.903472
vt 0.364126 0.922845
vt 0.441724 0.904442
vt 0.440992 0.923668
vt 0.226150 0.942272
vt 0.226267 0.960176
vt 0.302336 0.941703
vt 0.333026 0.941729
vt 0.332976 0.959772
vt 0.302304 0.959810
vt 0.364078 0.941843
vt 0.364010 0.959960
vt 0.440293 0.942432
vt 0.440080 0.960324
vt 0.225432 0.977782
vt 0.223891 0.995789
vt 0.302384 0.977566
vt 0.332932 0.977483
vt 0.332891 0.995584
vt 0.302569 0.995681
vt 0.363852 0.977722
vt 0.363585 0.995840
vt 0.441132 0.977903
vt 0.443062 0.995870
vt 0.225152 0.616662
vt 0.225163 0.598292
vt 0.302727 0.616736
vt 0.333408 0.616728
vt 0.302727 0.598352
vt 0.333405 0.598345
vt 0.364459 0.616721
vt 0.364451 0.598338
vt 0.442780 0.616537
vt 0.442764 0.598159
vt 0.225171 0.578851
vt 0.225182 0.559087
vt 0.302725 0.578902
vt 0.333401 0.578894
vt 0.302722 0.559124
vt 0.333397 0.559116
vt 0.364447 0.578887
vt 0.364442 0.559111
vt 0.442745 0.578718
vt 0.442730 0.558950
vt 0.225192 0.539735
vt 0.225203 0.519553
vt 0.302716 0.539761
vt 0.333394 0.539754
vt 0.302702 0.519564
vt 0.333401 0.519561
vt 0.364444 0.539752
vt 0.364458 0.519560
vt 0.442705 0.539600
vt 0.442678 0.519413
vt 0.225195 0.497291
vt 0.225170 0.475445
vt 0.302701 0.497290
vt 0.333419 0.497290
vt 0.302772 0.475434
vt 0.333463 0.475436
vt 0.364486 0.497285
vt 0.364527 0.475430
vt 0.442641 0.497141
vt 0.442613 0.475290
vt 0.225138 0.456517
vt 0.225106 0.437762
vt 0.302833 0.456491
vt 0.333504 0.456502
vt 0.302866 0.437729
vt 0.333533 0.437736
vt 0.364559 0.456497
vt 0.364578 0.437732
vt 0.442592 0.456360
vt 0.442571 0.437603
vt 0.225087 0.416430
vt 0.225071 0.393002
vt 0.364592 0.416391
vt 0.333552 0.416399
vt 0.333560 0.392964
vt 0.364599 0.392953
vt 0.302886 0.416397
vt 0.302894 0.392968
vt 0.442555 0.416271
vt 0.442538 0.392837
vt 0.261078 0.416405
vt 0.261073 0.392982
vt 0.406050 0.416352
vt 0.406046 0.392915
vt 0.225062 0.367955
vt 0.225059 0.342104
vt 0.364599 0.367898
vt 0.333560 0.367910
vt 0.333554 0.342049
vt 0.364591 0.342035
vt 0.302894 0.367922
vt 0.302887 0.342069
vt 0.442513 0.367783
vt 0.442481 0.341922
vt 0.261072 0.367944
vt 0.261068 0.342097
vt 0.406035 0.367861
vt 0.406013 0.342000
vt 0.225062 0.316262
vt 0.225073 0.290052
vt 0.364587 0.316177
vt 0.333543 0.316196
vt 0.333529 0.289979
vt 0.364593 0.289952
vt 0.302872 0.316224
vt 0.302837 0.290013
vt 0.442439 0.316072
vt 0.442392 0.289854
vt 0.261073 0.316259
vt 0.261196 0.290052
vt 0.405928 0.316146
vt 0.404238 0.289928
vt 0.225075 0.263103
vt 0.225063 0.235786
vt 0.364587 0.262990
vt 0.333499 0.263027
vt 0.333446 0.235708
vt 0.364534 0.235664
vt 0.302794 0.263066
vt 0.302743 0.235749
vt 0.442356 0.262901
vt 0.442339 0.235576
vt 0.261271 0.263103
vt 0.261245 0.235783
vt 0.400278 0.262948
vt 0.400255 0.235621
vt 0.152940 0.209024
vt 0.168296 0.209377
vt 0.181116 0.209502
vt 0.192913 0.209544
vt 0.206481 0.209541
vt 0.225043 0.209536
vt 0.243557 0.209530
vt 0.333369 0.209456
vt 0.364426 0.209401
vt 0.385636 0.209334
vt 0.461321 0.209307
vt 0.475240 0.209290
vt 0.487216 0.209275
vt 0.500371 0.209259
vt 0.516333 0.209238
vt 0.135558 0.208281
vt 0.118083 0.207424
vt 0.533739 0.209218
vt 0.551012 0.209195
vt 0.100196 0.206744
vt 0.081844 0.206445
vt 0.568683 0.209174
vt 0.586355 0.209151
vt 0.063962 0.206719
vt 0.046990 0.207368
vt 0.603378 0.209131
vt 0.619860 0.209113
vt 0.030516 0.208192
vt 0.014072 0.209101
vt 0.636368 0.209097
vt 0.653169 0.209083
vt 0.256143 0.209531
vt 0.261210 0.209531
vt 0.266773 0.209532
vt 0.398667 0.209301
vt 0.404438 0.209336
vt 0.410214 0.209354
vt 0.284100 0.209522
vt 0.302683 0.209500
vt 0.423495 0.209334
vt 0.442345 0.209324
vt 0.252396 0.209529
vt 0.394396 0.209295
vt 0.271520 0.209533
vt 0.414393 0.209345
vt 0.153862 0.179338
vt 0.168603 0.179677
vt 0.181194 0.179800
vt 0.192930 0.179842
vt 0.206457 0.179838
vt 0.225015 0.179831
vt 0.243527 0.179824
vt 0.333283 0.179743
vt 0.364316 0.179680
vt 0.391534 0.179605
vt 0.461330 0.179598
vt 0.475239 0.179582
vt 0.487207 0.179567
vt 0.500359 0.179553
vt 0.516317 0.179535
vt 0.136903 0.178607
vt 0.119347 0.177752
vt 0.533717 0.179512
vt 0.550989 0.179491
vt 0.100989 0.177059
vt 0.081848 0.176748
vt 0.568659 0.179469
vt 0.586332 0.179448
vt 0.063163 0.177031
vt 0.045689 0.177696
vt 0.603354 0.179427
vt 0.619837 0.179409
vt 0.028957 0.178527
vt 0.012429 0.179437
vt 0.636346 0.179391
vt 0.653149 0.179377
vt 0.256103 0.179825
vt 0.261165 0.179825
vt 0.266723 0.179826
vt 0.401322 0.179597
vt 0.406044 0.179622
vt 0.410962 0.179633
vt 0.284037 0.179813
vt 0.302610 0.179789
vt 0.423548 0.179623
vt 0.442371 0.179615
vt 0.252359 0.179822
vt 0.397987 0.179588
vt 0.271466 0.179826
vt 0.414655 0.179629
vt 0.154740 0.151048
vt 0.168890 0.151375
vt 0.181310 0.151496
vt 0.192896 0.151534
vt 0.206429 0.151531
vt 0.224985 0.151525
vt 0.243492 0.151516
vt 0.333212 0.151425
vt 0.364241 0.151367
vt 0.391469 0.151309
vt 0.461329 0.151285
vt 0.475234 0.151271
vt 0.487200 0.151260
vt 0.500345 0.151244
vt 0.516302 0.151227
vt 0.138183 0.150335
vt 0.120550 0.149474
vt 0.533700 0.151205
vt 0.550970 0.151184
vt 0.101738 0.148769
vt 0.081853 0.148449
vt 0.568637 0.151164
vt 0.586308 0.151142
vt 0.062409 0.148740
vt 0.044451 0.149418
vt 0.603333 0.151120
vt 0.619815 0.151102
vt 0.027476 0.150259
vt 0.010872 0.151171
vt 0.636322 0.151083
vt 0.653122 0.151068
vt 0.256061 0.151515
vt 0.261121 0.151517
vt 0.266675 0.151517
vt 0.401293 0.151302
vt 0.406036 0.151309
vt 0.410962 0.151313
vt 0.283978 0.151503
vt 0.302545 0.151477
vt 0.423553 0.151310
vt 0.442374 0.151299
vt 0.252322 0.151515
vt 0.397936 0.151299
vt 0.271412 0.151517
vt 0.414658 0.151315
vt 0.155511 0.123204
vt 0.169169 0.123518
vt 0.181327 0.123634
vt 0.192907 0.123674
vt 0.206402 0.123671
vt 0.224958 0.123665
vt 0.243463 0.123657
vt 0.333156 0.123559
vt 0.364189 0.123502
vt 0.391419 0.123455
vt 0.461316 0.123420
vt 0.475219 0.123408
vt 0.487183 0.123394
vt 0.500329 0.123381
vt 0.516282 0.123362
vt 0.139444 0.122504
vt 0.121730 0.121642
vt 0.533677 0.123343
vt 0.550948 0.123323
vt 0.102469 0.120919
vt 0.081861 0.120594
vt 0.568614 0.123302
vt 0.586285 0.123281
vt 0.061673 0.120893
vt 0.043244 0.121584
vt 0.603304 0.123261
vt 0.619786 0.123242
vt 0.026023 0.122433
vt 0.009341 0.123349
vt 0.636297 0.123222
vt 0.653097 0.123204
vt 0.256024 0.123654
vt 0.261079 0.123654
vt 0.266630 0.123653
vt 0.401254 0.123447
vt 0.406002 0.123448
vt 0.410934 0.123450
vt 0.283927 0.123636
vt 0.302489 0.123610
vt 0.423539 0.123446
vt 0.442361 0.123433
vt 0.252287 0.123652
vt 0.397894 0.123446
vt 0.271361 0.123653
vt 0.414639 0.123450
vt 0.156388 0.093295
vt 0.169461 0.093594
vt 0.181395 0.093706
vt 0.192919 0.093747
vt 0.206376 0.093744
vt 0.224928 0.093735
vt 0.243429 0.093726
vt 0.333104 0.093626
vt 0.364140 0.093575
vt 0.391376 0.093534
vt 0.461294 0.093488
vt 0.475197 0.093476
vt 0.487160 0.093464
vt 0.500305 0.093450
vt 0.516258 0.093432
vt 0.140804 0.092609
vt 0.123001 0.091745
vt 0.533655 0.093413
vt 0.550921 0.093393
vt 0.103254 0.091006
vt 0.081871 0.090670
vt 0.568587 0.093373
vt 0.586255 0.093352
vt 0.060890 0.090980
vt 0.041951 0.091684
vt 0.603274 0.093331
vt 0.619755 0.093312
vt 0.024468 0.092543
vt 0.007703 0.093462
vt 0.636262 0.093293
vt 0.653062 0.093273
vt 0.255984 0.093724
vt 0.261035 0.093723
vt 0.266580 0.093722
vt 0.401217 0.093523
vt 0.405966 0.093523
vt 0.410903 0.093520
vt 0.283874 0.093705
vt 0.302436 0.093677
vt 0.423512 0.093515
vt 0.442338 0.093501
vt 0.252249 0.093723
vt 0.397853 0.093525
vt 0.271312 0.093719
vt 0.414611 0.093520
vt 0.157290 0.064332
vt 0.169743 0.064617
vt 0.181515 0.064728
vt 0.192888 0.064768
vt 0.206353 0.064762
vt 0.224904 0.064757
vt 0.243402 0.064747
vt 0.333061 0.064648
vt 0.364099 0.064598
vt 0.391334 0.064557
vt 0.461268 0.064507
vt 0.475172 0.064496
vt 0.487135 0.064483
vt 0.500279 0.064470
vt 0.516231 0.064454
vt 0.142122 0.063661
vt 0.124230 0.062794
vt 0.533626 0.064434
vt 0.550895 0.064415
vt 0.104012 0.062041
vt 0.081882 0.061696
vt 0.568560 0.064393
vt 0.586227 0.064373
vt 0.060138 0.062012
vt 0.040703 0.062733
vt 0.603245 0.064351
vt 0.619724 0.064331
vt 0.022964 0.063602
vt 0.006115 0.064523
vt 0.636232 0.064311
vt 0.653034 0.064295
vt 0.255951 0.064743
vt 0.260998 0.064744
vt 0.266543 0.064741
vt 0.401181 0.064545
vt 0.405932 0.064543
vt 0.410871 0.064540
vt 0.283830 0.064722
vt 0.302394 0.064695
vt 0.423484 0.064535
vt 0.442310 0.064520
vt 0.252219 0.064745
vt 0.397815 0.064548
vt 0.271272 0.064737
vt 0.414577 0.064540
vt 0.158113 0.033709
vt 0.170041 0.033980
vt 0.181539 0.034088
vt 0.192908 0.034127
vt 0.206333 0.034123
vt 0.224881 0.034117
vt 0.243374 0.034108
vt 0.333019 0.034007
vt 0.364058 0.033958
vt 0.391296 0.033918
vt 0.461240 0.033865
vt 0.475144 0.033852
vt 0.487107 0.033843
vt 0.500250 0.033829
vt 0.516201 0.033813
vt 0.143521 0.033055
vt 0.125529 0.032183
vt 0.533595 0.033794
vt 0.550862 0.033774
vt 0.104814 0.031413
vt 0.081898 0.031061
vt 0.568525 0.033753
vt 0.586192 0.033732
vt 0.059350 0.031384
vt 0.039388 0.032121
vt 0.603210 0.033710
vt 0.619691 0.033692
vt 0.021382 0.033002
vt 0.004448 0.033924
vt 0.636198 0.033670
vt 0.652998 0.033652
vt 0.255917 0.034103
vt 0.260965 0.034102
vt 0.266506 0.034098
vt 0.401146 0.033906
vt 0.405901 0.033902
vt 0.410841 0.033899
vt 0.283793 0.034077
vt 0.302351 0.034052
vt 0.423455 0.033895
vt 0.442284 0.033880
vt 0.252191 0.034104
vt 0.397777 0.033910
vt 0.271233 0.034094
vt 0.414550 0.033898
vt 0.158921 0.005574
vt 0.170319 0.005835
vt 0.181616 0.005938
vt 0.192932 0.005977
vt 0.206322 0.005974
vt 0.224869 0.005967
vt 0.243360 0.005959
vt 0.332977 0.005855
vt 0.364016 0.005808
vt 0.391257 0.005769
vt 0.461217 0.005716
vt 0.475118 0.005703
vt 0.487078 0.005693
vt 0.500221 0.005678
vt 0.516171 0.005661
vt 0.144818 0.004935
vt 0.126725 0.004060
vt 0.533565 0.005643
vt 0.550831 0.005625
vt 0.105549 0.003277
vt 0.081916 0.002915
vt 0.568492 0.005604
vt 0.586158 0.005583
vt 0.058635 0.003245
vt 0.038190 0.003998
vt 0.603177 0.005562
vt 0.619657 0.005541
vt 0.019933 0.004889
vt 0.002915 0.005815
vt 0.636163 0.005522
vt 0.652962 0.005501
vt 0.255895 0.005955
vt 0.260939 0.005952
vt 0.266477 0.005948
vt 0.401113 0.005756
vt 0.405870 0.005754
vt 0.410814 0.005751
vt 0.283755 0.005929
vt 0.302311 0.005904
vt 0.423436 0.005743
vt 0.442261 0.005731
vt 0.252172 0.005956
vt 0.397742 0.005761
vt 0.271201 0.005945
vt 0.414527 0.005749
f 1/1 879/2 1338/3 882/4
f 879/2 2/5 880/6 1338/3
f 1338/3 880/6 9/7 881/8
f 882/4 1338/3 881/8 8/9
f 2/5 883/10 1339/11 880/6
f 883/10 3/12 884/13 1339/11
f 1339/11 884/13 10/14 885/15
f 880/6 1339/11 885/15 9/7
f 5/16 886/17 1340/18 889/19
f 886/17 6/20 887/21 1340/18
f 1340/18 887/21 13/22 888/23
f 889/19 1340/18 888/23 12/24
f 6/20 890/25 1341/26 887/21
f 890/25 7/27 891/28 1341/26
f 1341/26 891/28 14/29 892/30
f 887/21 1341/26 892/30 13/22
f 8/9 881/8 1342/31 895/32
f 881/8 9/7 893/33 1342/31
f 1342/31 893/33 16/34 894/35
f 895/32 1342/31 894/35 15/36
f 9/7 885/15 1343/37 893/33
f 885/15 10/14 896/38 1343/37
f 1343/37 896/38 17/39 897/40
f 893/33 1343/37 897/40 16/34
f 12/24 888/23 1344/41 900/42
f 888/23 13/22 898/43 1344/41
f 1344/41 898/43 20/44 899/45
f 900/42 1344/41 899/45 19/46
f 13/22 892/30 1345/47 898/43
f 892/30 14/29 901/48 1345/47
f 1345/47 901/48 21/49 902/50
f 898/43 1345/47 902/50 20/44
f 15/36 894/35 1346/51 905/52
f 894/35 16/34 903/53 1346/51
f 1346/51 903/53 23/54 904/55
f 905/52 1346/51 904/55 22/56
f 16/34 897/40 1347/57 903/53
f 897/40 17/39 906/58 1347/57
f 1347/57 906/58 24/59 907/60
f 903/53 1347/57 907/60 23/54
f 19/46 899/45 1348/61 910/62
f 899/45 20/44 908/63 1348/61
f 1348/61 908/63 27/64 909/65
f 910/62 1348/61 909/65 26/66
f 20/44 902/50 1349/67 908/63
f 902/50 21/49 911/68 1349/67
f 1349/67 911/68 28/69 912/70
f 908/63 1349/67 912/70 27/64
f 22/56 904/55 1350/71 915/72
f 904/55 23/54 913/73 1350/71
f 1350/71 913/73 30/74 914/75
f 915/72 1350/71 914/75 29/76
f 23/54 907/60 1351/77 913/73
f 907/60 24/59 916/78 1351/77
f 1351/77 916/78 31/79 917/80
f 913/73 1351/77 917/80 30/74
f 26/66 909/65 1352/81 920/82
f 909/65 27/64 918/83 1352/81
f 1352/81 918/83 34/84 919/85
f 920/82 1352/81 919/85 33/86
f 27/64 912/70 1353/87 918/83
f 912/70 28/69 921/88 1353/87
f 1353/87 921/88 35/89 922/90
f 918/83 1353/87 922/90 34/84
f 29/76 914/75 1354/91 925/92
f 914/75 30/74 923/93 1354/91
f 1354/91 923/93 37/94 924/95
f 925/92 1354/91 924/95 36/96
f 30/74 917/80 1355/97 923/93
f 917/80 31/79 926/98 1355/97
f 1355/97 926/98 38/99 927/100
f 923/93 1355/97 927/100 37/94
f 33/86 919/85 1356/101 930/102
f 919/85 34/84 928/103 1356/101
f 1356/101 928/103 41/104 929/105
f 930/102 1356/101 929/105 40/106
f 34/84 922/90 1357/107 928/103
f 922/90 35/89 931/108 1357/107
f 1357/107 931/108 42/109 932/110
f 928/103 1357/107 932/110 41/104
f 36/96 924/95 1358/111 935/112
f 924/95 37/94 933/113 1358/111
f 1358/111 933/113 44/114 934/115
f 935/112 1358/111 934/115 43/116
f 37/94 927/100 1359/117 933/113
f 927/100 38/99 936/118 1359/117
f 1359/117 936/118 45/119 937/120
f 933/113 1359/117 937/120 44/114
f 40/106 929/105 1360/121 940/122
f 929/105 41/104 938/123 1360/121
f 1360/121 938/123 48/124 939/125
f 940/122 1360/121 939/125 47/126
f 41/104 932/110 1361/127 938/123
f 932/110 42/109 941/128 1361/127
f 1361/127 941/128 49/129 942/130
f 938/123 1361/127 942/130 48/124
f 43/116 934/115 1362/131 945/132
f 934/115 44/114 943/133 1362/131
f 1362/131 943/133 51/134 944/135
f 945/132 1362/131 944/135 50/136
f 44/114 937/120 1363/137 943/133
f 937/120 45/119 946/138 1363/137
f 1363/137 946/138 52/139 947/140
f 943/133 1363/137 947/140 51/134
f 47/126 939/125 1364/141 950/142
f 939/125 48/124 948/143 1364/141
f 1364/141 948/143 55/144 949/145
f 950/142 1364/141 949/145 54/146
f 48/124 942/130 1365/147 948/143
f 942/130 49/129 951/148 1365/147
f 1365/147 951/148 56/149 952/150
f 948/143 1365/147 952/150 55/144
f 50/136 944/135 1366/151 955/152
f 944/135 51/134 953/153 1366/151
f 1366/151 953/153 58/154 954/155
f 955/152 1366/151 954/155 57/156
f 51/134 947/140 1367/157 953/153
f 947/140 52/139 956/158 1367/157
f 1367/157 956/158 59/159 957/160
f 953/153 1367/157 957/160 58/154
f 54/146 949/145 1368/161 960/162
f 949/145 55/144 958/163 1368/161
f 1368/161 958/163 62/164 959/165
f 960/162 1368/161 959/165 61/166
f 55/144 952/150 1369/167 958/163
f 952/150 56/149 961/168 1369/167
f 1369/167 961/168 63/169 962/170
f 958/163 1369/167 962/170 62/164
f 57/156 954/155 1370/171 965/172
f 954/155 58/154 963/173 1370/171
f 1370/171 963/173 65/174 964/175
f 965/172 1370/171 964/175 64/176
f 58/154 957/160 1371/177 963/173
f 957/160 59/159 966/178 1371/177
f 1371/177 966/178 66/179 967/180
f 963/173 1371/177 967/180 65/174
f 61/166 959/165 1372/181 970/182
f 959/165 62/164 968/183 1372/181
f 1372/181 968/183 69/184 969/185
f 970/182 1372/181 969/185 68/186
f 62/164 962/170 1373/187 968/183
f 962/170 63/169 971/188 1373/187
f 1373/187 971/188 70/189 972/190
f 968/183 1373/187 972/190 69/184
f 64/176 964/175 1374/191 975/192
f 964/175 65/174 973/193 1374/191
f 1374/191 973/193 72/194 974/195
f 975/192 1374/191 974/195 71/196
f 65/174 967/180 1375/197 973/193
f 967/180 66/179 976/198 1375/197
f 1375/197 976/198 73/199 977/200
f 973/193 1375/197 977/200 72/194
f 68/186 969/185 1376/201 980/202
f 969/185 69/184 978/203 1376/201
f 1376/201 978/203 76/204 979/205
f 980/202 1376/201 979/205 75/206
f 69/184 972/190 1377/207 978/203
f 972/190 70/189 981/208 1377/207
f 1377/207 981/208 77/209 982/210
f 978/203 1377/207 982/210 76/204
f 2/5 879/2 1378/211 985/212
f 879/2 1/1 983/213 1378/211
f 1378/211 983/213 78/214 984/215
f 985/212 1378/211 984/215 79/216
f 3/12 883/10 1379/217 987/218
f 883/10 2/5 985/212 1379/217
f 1379/217 985/212 79/216 986/219
f 987/218 1379/217 986/219 80/220
f 6/20 886/17 1380/221 990/222
f 886/17 5/16 988/223 1380/221
f 1380/221 988/223 82/224 989/225
f 990/222 1380/221 989/225 83/226
f 7/27 890/25 1381/227 992/228
f 890/25 6/20 990/222 1381/227
f 1381/227 990/222 83/226 991/229
f 992/228 1381/227 991/229 84/230
f 79/216 984/215 1382/231 995/232
f 984/215 78/214 993/233 1382/231
f 1382/231 993/233 85/234 994/235
f 995/232 1382/231 994/235 86/236
f 80/220 986/219 1383/237 997/238
f 986/219 79/216 995/232 1383/237
f 1383/237 995/232 86/236 996/239
f 997/238 1383/237 996/239 87/240
f 83/226 989/225 1384/241 1000/242
f 989/225 82/224 998/243 1384/241
f 1384/241 998/243 89/244 999/245
f 1000/242 1384/241 999/245 90/246
f 84/230 991/229 1385/247 1002/248
f 991/229 83/226 1000/242 1385/247
f 1385/247 1000/242 90/246 1001/249
f 1002/248 1385/247 1001/249 91/250
f 86/236 994/235 1386/251 1005/252
f 994/235 85/234 1003/253 1386/251
f 1386/251 1003/253 92/254 1004/255
f 1005/252 1386/251 1004/255 93/256
f 87/240 996/239 1387/257 1007/258
f 996/239 86/236 1005/252 1387/257
f 1387/257 1005/252 93/256 1006/259
f 1007/258 1387/257 1006/259 94/260
f 90/246 999/245 1388/261 1010/262
f 999/245 89/244 1008/263 1388/261
f 1388/261 1008/263 96/264 1009/265
f 1010/262 1388/261 1009/265 97/266
f 91/250 1001/249 1389/267 1012/268
f 1001/249 90/246 1010/262 1389/267
f 1389/267 1010/262 97/266 1011/269
f 1012/268 1389/267 1011/269 98/270
f 93/256 1004/255 1390/271 1015/272
f 1004/255 92/254 1013/273 1390/271
f 1390/271 1013/273 99/274 1014/275
f 1015/272 1390/271 1014/275 100/276
f 94/260 1006/259 1391/277 1017/278
f 1006/259 93/256 1015/272 1391/277
f 1391/277 1015/272 100/276 1016/279
f 1017/278 1391/277 1016/279 101/280
f 97/266 1009/265 1392/281 1020/282
f 1009/265 96/264 1018/283 1392/281
f 1392/281 1018/283 103/284 1019/285
f 1020/282 1392/281 1019/285 104/286
f 98/270 1011/269 1393/287 1022/288
f 1011/269 97/266 1020/282 1393/287
f 1393/287 1020/282 104/286 1021/289
f 1022/288 1393/287 1021/289 105/290
f 100/276 1014/275 1394/291 1025/292
f 1014/275 99/274 1023/293 1394/291
f 1394/291 1023/293 106/294 1024/295
f 1025/292 1394/291 1024/295 107/296
f 101/280 1016/279 1395/297 1027/298
f 1016/279 100/276 1025/292 1395/297
f 1395/297 1025/292 107/296 1026/299
f 1027/298 1395/297 1026/299 108/300
f 104/286 1019/285 1396/301 1030/302
f 1019/285 103/284 1028/303 1396/301
f 1396/301 1028/303 110/304 1029/305
f 1030/302 1396/301 1029/305 111/306
f 105/290 1021/289 1397/307 1032/308
f 1021/289 104/286 1030/302 1397/307
f 1397/307 1030/302 111/306 1031/309
f 1032/308 1397/307 1031/309 112/310
f 107/296 1024/295 1398/311 1035/312
f 1024/295 106/294 1033/313 1398/311
f 1398/311 1033/313 113/314 1034/315
f 1035/312 1398/311 1034/315 114/316
f 108/300 1026/299 1399/317 1037/318
f 1026/299 107/296 1035/312 1399/317
f 1399/317 1035/312 114/316 1036/319
f 1037/318 1399/317 1036/319 115/320
f 111/306 1029/305 1400/321 1040/322
f 1029/305 110/304 1038/323 1400/321
f 1400/321 1038/323 117/324 1039/325
f 1040/322 1400/321 1039/325 118/326
f 112/310 1031/309 1401/327 1042/328
f 1031/309 111/306 1040/322 1401/327
f 1401/327 1040/322 118/326 1041/329
f 1042/328 1401/327 1041/329 119/330
f 114/316 1034/315 1402/331 1045/332
f 1034/315 113/314 1043/333 1402/331
f 1402/331 1043/333 120/334 1044/335
f 1045/332 1402/331 1044/335 121/336
f 115/320 1036/319 1403/337 1047/338
f 1036/319 114/316 1045/332 1403/337
f 1403/337 1045/332 121/336 1046/339
f 1047/338 1403/337 1046/339 122/340
f 118/326 1039/325 1404/341 1050/342
f 1039/325 117/324 1048/343 1404/341
f 1404/341 1048/343 124/344 1049/345
f 1050/342 1404/341 1049/345 125/346
f 119/330 1041/329 1405/347 1052/348
f 1041/329 118/326 1050/342 1405/347
f 1405/347 1050/342 125/346 1051/349
f 1052/348 1405/347 1051/349 126/350
f 121/336 1044/335 1406/351 1055/352
f 1044/335 120/334 1053/353 1406/351
f 1406/351 1053/353 127/354 1054/355
f 1055/352 1406/351 1054/355 128/356
f 122/340 1046/339 1407/357 1057/358
f 1046/339 121/336 1055/352 1407/357
f 1407/357 1055/352 128/356 1056/359
f 1057/358 1407/357 1056/359 129/360
f 125/346 1049/345 1408/361 1060/362
f 1049/345 124/344 1058/363 1408/361
f 1408/361 1058/363 131/364 1059/365
f 1060/362 1408/361 1059/365 132/366
f 126/350 1051/349 1409/367 1062/368
f 1051/349 125/346 1060/362 1409/367
f 1409/367 1060/362 132/366 1061/369
f 1062/368 1409/367 1061/369 133/370
f 128/356 1054/355 1410/371 1065/372
f 1054/355 127/354 1063/373 1410/371
f 1410/371 1063/373 134/374 1064/375
f 1065/372 1410/371 1064/375 135/376
f 129/360 1056/359 1411/377 1067/378
f 1056/359 128/356 1065/372 1411/377
f 1411/377 1065/372 135/376 1066/379
f 1067/378 1411/377 1066/379 136/380
f 132/366 1059/365 1412/381 1070/382
f 1059/365 131/364 1068/383 1412/381
f 1412/381 1068/383 138/384 1069/385
f 1070/382 1412/381 1069/385 139/386
f 133/370 1061/369 1413/387 1072/388
f 1061/369 132/366 1070/382 1413/387
f 1413/387 1070/382 139/386 1071/389
f 1072/388 1413/387 1071/389 140/390
f 1/1 882/4 1414/391 1075/392
f 882/4 8/9 1073/393 1414/391
f 1414/391 1073/393 142/394 1074/395
f 1075/392 1414/391 1074/395 141/396
f 14/29 891/28 1415/397 1078/398
f 891/28 7/27 1076/399 1415/397
f 1415/397 1076/399 143/400 1077/401
f 1078/398 1415/397 1077/401 144/402
f 8/9 895/32 1416/403 1073/393
f 895/32 15/36 1079/404 1416/403
f 1416/403 1079/404 145/405 1080/406
f 1073/393 1416/403 1080/406 142/394
f 21/49 901/48 1417/407 1082/408
f 901/48 14/29 1078/398 1417/407
f 1417/407 1078/398 144/402 1081/409
f 1082/408 1417/407 1081/409 146/410
f 15/36 905/52 1418/411 1079/404
f 905/52 22/56 1083/412 1418/411
f 1418/411 1083/412 147/413 1084/414
f 1079/404 1418/411 1084/414 145/405
f 28/69 911/68 1419/415 1086/416
f 911/68 21/49 1082/408 1419/415
f 1419/415 1082/408 146/410 1085/417
f 1086/416 1419/415 1085/417 148/418
f 22/56 915/72 1420/419 1083/412
f 915/72 29/76 1087/420 1420/419
f 1420/419 1087/420 149/421 1088/422
f 1083/412 1420/419 1088/422 147/413
f 35/89 921/88 1421/423 1090/424
f 921/88 28/69 1086/416 1421/423
f 1421/423 1086/416 148/418 1089/425
f 1090/424 1421/423 1089/425 150/426
f 29/76 925/92 1422/427 1087/420
f 925/92 36/96 1091/428 1422/427
f 1422/427 1091/428 151/429 1092/430
f 1087/420 1422/427 1092/430 149/421
f 42/109 931/108 1423/431 1094/432
f 931/108 35/89 1090/424 1423/431
f 1423/431 1090/424 150/426 1093/433
f 1094/432 1423/431 1093/433 152/434
f 36/96 935/112 1424/435 1091/428
f 935/112 43/116 1095/436 1424/435
f 1424/435 1095/436 153/437 1096/438
f 1091/428 1424/435 1096/438 151/429
f 49/129 941/128 1425/439 1098/440
f 941/128 42/109 1094/432 1425/439
f 1425/439 1094/432 152/434 1097/441
f 1098/440 1425/439 1097/441 154/442
f 43/116 945/132 1426/443 1095/436
f 945/132 50/136 1099/444 1426/443
f 1426/443 1099/444 155/445 1100/446
f 1095/436 1426/443 1100/446 153/437
f 56/149 951/148 1427/447 1102/448
f 951/148 49/129 1098/440 1427/447
f 1427/447 1098/440 154/442 1101/449
f 1102/448 1427/447 1101/449 156/450
f 50/136 955/152 1428/451 1099/444
f 955/152 57/156 1103/452 1428/451
f 1428/451 1103/452 157/453 1104/454
f 1099/444 1428/451 1104/454 155/445
f 63/169 961/168 1429/455 1106/456
f 961/168 56/149 1102/448 1429/455
f 1429/455 1102/448 156/450 1105/457
f 1106/456 1429/455 1105/457 158/458
f 57/156 965/172 1430/459 1103/452
f 965/172 64/176 1107/460 1430/459
f 1430/459 1107/460 159/461 1108/462
f 1103/452 1430/459 1108/462 157/453
f 70/189 971/188 1431/463 1110/464
f 971/188 63/169 1106/456 1431/463
f 1431/463 1106/456 158/458 1109/465
f 1110/464 1431/463 1109/465 160/466
f 64/176 975/192 1432/467 1107/460
f 975/192 71/196 1111/468 1432/467
f 1432/467 1111/468 161/469 1112/470
f 1107/460 1432/467 1112/470 159/461
f 77/209 981/208 1433/471 1114/472
f 981/208 70/189 1110/464 1433/471
f 1433/471 1110/464 160/466 1113/473
f 1114/472 1433/471 1113/473 162/474
f 78/214 983/213 1434/475 1116/476
f 983/213 1/1 1075/392 1434/475
f 1434/475 1075/392 141/396 1115/477
f 1116/476 1434/475 1115/477 163/478
f 7/27 992/228 1435/479 1076/399
f 992/228 84/230 1117/480 1435/479
f 1435/479 1117/480 164/481 1118/482
f 1076/399 1435/479 1118/482 143/400
f 85/234 993/233 1436/483 1120/484
f 993/233 78/214 1116/476 1436/483
f 1436/483 1116/476 163/478 1119/485
f 1120/484 1436/483 1119/485 165/486
f 84/230 1002/248 1437/487 1117/480
f 1002/248 91/250 1121/488 1437/487
f 1437/487 1121/488 166/489 1122/490
f 1117/480 1437/487 1122/490 164/481
f 92/254 1003/253 1438/491 1124/492
f 1003/253 85/234 1120/484 1438/491
f 1438/491 1120/484 165/486 1123/493
f 1124/492 1438/491 1123/493 167/494
f 91/250 1012/268 1439/495 1121/488
f 1012/268 98/270 1125/496 1439/495
f 1439/495 1125/496 168/497 1126/498
f 1121/488 1439/495 1126/498 166/489
f 99/274 1013/273 1440/499 1128/500
f 1013/273 92/254 1124/492 1440/499
f 1440/499 1124/492 167/494 1127/501
f 1128/500 1440/499 1127/501 169/502
f 98/270 1022/288 1441/503 1125/496
f 1022/288 105/290 1129/504 1441/503
f 1441/503 1129/504 170/505 1130/506
f 1125/496 1441/503 1130/506 168/497
f 106/294 1023/293 1442/507 1132/508
f 1023/293 99/274 1128/500 1442/507
f 1442/507 1128/500 169/502 1131/509
f 1132/508 1442/507 1131/509 171/510
f 105/290 1032/308 1443/511 1129/504
f 1032/308 112/310 1133/512 1443/511
f 1443/511 1133/512 172/513 1134/514
f 1129/504 1443/511 1134/514 170/505
f 113/314 1033/313 1444/515 1136/516
f 1033/313 106/294 1132/508 1444/515
f 1444/515 1132/508 171/510 1135/517
f 1136/516 1444/515 1135/517 173/518
f 112/310 1042/328 1445/519 1133/512
f 1042/328 119/330 1137/520 1445/519
f 1445/519 1137/520 174/521 1138/522
f 1133/512 1445/519 1138/522 172/513
f 120/334 1043/333 1446/523 1140/524
f 1043/333 113/314 1136/516 1446/523
f 1446/523 1136/516 173/518 1139/525
f 1140/524 1446/523 1139/525 175/526
f 119/330 1052/348 1447/527 1137/520
f 1052/348 126/350 1141/528 1447/527
f 1447/527 1141/528 176/529 1142/530
f 1137/520 1447/527 1142/530 174/521
f 127/354 1053/353 1448/531 1144/532
f 1053/353 120/334 1140/524 1448/531
f 1448/531 1140/524 175/526 1143/533
f 1144/532 1448/531 1143/533 177/534
f 126/350 1062/368 1449/535 1141/528
f 1062/368 133/370 1145/536 1449/535
f 1449/535 1145/536 178/537 1146/538
f 1141/528 1449/535 1146/538 176/529
f 134/374 1063/373 1450/539 1148/540
f 1063/373 127/354 1144/532 1450/539
f 1450/539 1144/532 177/534 1147/541
f 1148/540 1450/539 1147/541 179/542
f 133/370 1072/388 1451/543 1145/536
f 1072/388 140/390 1149/544 1451/543
f 1451/543 1149/544 180/545 1150/546
f 1145/536 1451/543 1150/546 178/537
f 141/396 1074/395 1452/547 1153/548
f 1074/395 142/394 1151/549 1452/547
f 1452/547 1151/549 182/550 1152/551
f 1153/548 1452/547 1152/551 181/552
f 144/402 1077/401 1453/553 1156/554
f 1077/401 143/400 1154/555 1453/553
f 1453/553 1154/555 183/556 1155/557
f 1156/554 1453/553 1155/557 184/558
f 142/394 1080/406 1454/559 1151/549
f 1080/406 145/405 1157/560 1454/559
f 1454/559 1157/560 185/561 1158/562
f 1151/549 1454/559 1158/562 182/550
f 146/410 1081/409 1455/563 1160/564
f 1081/409 144/402 1156/554 1455/563
f 1455/563 1156/554 184/558 1159/565
f 1160/564 1455/563 1159/565 186/566
f 145/405 1084/414 1456/567 1157/560
f 1084/414 147/413 1161/568 1456/567
f 1456/567 1161/568 187/569 1162/570
f 1157/560 1456/567 1162/570 185/561
f 148/418 1085/417 1457/571 1164/572
f 1085/417 146/410 1160/564 1457/571
f 1457/571 1160/564 186/566 1163/573
f 1164/572 1457/571 1163/573 188/574
f 147/413 1088/422 1458/575 1161/568
f 1088/422 149/421 1165/576 1458/575
f 1458/575 1165/576 189/577 1166/578
f 1161/568 1458/575 1166/578 187/569
f 150/426 1089/425 1459/579 1168/580
f 1089/425 148/418 1164/572 1459/579
f 1459/579 1164/572 188/574 1167/581
f 1168/580 1459/579 1167/581 190/582
f 149/421 1092/430 1460/583 1165/576
f 1092/430 151/429 1169/584 1460/583
f 1460/583 1169/584 191/585 1170/586
f 1165/576 1460/583 1170/586 189/577
f 152/434 1093/433 1461/587 1172/588
f 1093/433 150/426 1168/580 1461/587
f 1461/587 1168/580 190/582 1171/589
f 1172/588 1461/587 1171/589 192/590
f 151/429 1096/438 1462/591 1169/584
f 1096/438 153/437 1173/592 1462/591
f 1462/591 1173/592 193/593 1174/594
f 1169/584 1462/591 1174/594 191/585
f 154/442 1097/441 1463/595 1176/596
f 1097/441 152/434 1172/588 1463/595
f 1463/595 1172/588 192/590 1175/597
f 1176/596 1463/595 1175/597 194/598
f 153/437 1100/446 1464/599 1173/592
f 1100/446 155/445 1177/600 1464/599
f 1464/599 1177/600 195/601 1178/602
f 1173/592 1464/599 1178/602 193/593
f 156/450 1101/449 1465/603 1180/604
f 1101/449 154/442 1176/596 1465/603
f 1465/603 1176/596 194/598 1179/605
f 1180/604 1465/603 1179/605 196/606
f 155/445 1104/454 1466/607 1177/600
f 1104/454 157/453 1181/608 1466/607
f 1466/607 1181/608 197/609 1182/610
f 1177/600 1466/607 1182/610 195/601
f 158/458 1105/457 1467/611 1184/612
f 1105/457 156/450 1180/604 1467/611
f 1467/611 1180/604 196/606 1183/613
f 1184/612 1467/611 1183/613 198/614
f 157/453 1108/462 1468/615 1181/608
f 1108/462 159/461 1185/616 1468/615
f 1468/615 1185/616 199/617 1186/618
f 1181/608 1468/615 1186/618 197/609
f 160/466 1109/465 1469/619 1188/620
f 1109/465 158/458 1184/612 1469/619
f 1469/619 1184/612 198/614 1187/621
f 1188/620 1469/619 1187/621 200/622
f 159/461 1112/470 1470/623 1185/616
f 1112/470 161/469 1189/624 1470/623
f 1470/623 1189/624 201/625 1190/626
f 1185/616 1470/623 1190/626 199/617
f 162/474 1113/473 1471/627 1192/628
f 1113/473 160/466 1188/620 1471/627
f 1471/627 1188/620 200/622 1191/629
f 1192/628 1471/627 1191/629 202/630
f 163/478 1115/477 1472/631 1194/632
f 1115/477 141/396 1153/548 1472/631
f 1472/631 1153/548 181/552 1193/633
f 1194/632 1472/631 1193/633 203/634
f 143/400 1118/482 1473/635 1154/555
f 1118/482 164/481 1195/636 1473/635
f 1473/635 1195/636 204/637 1196/638
f 1154/555 1473/635 1196/638 183/556
f 165/486 1119/485 1474/639 1198/640
f 1119/485 163/478 1194/632 1474/639
f 1474/639 1194/632 203/634 1197/641
f 1198/640 1474/639 1197/641 205/642
f 164/481 1122/490 1475/643 1195/636
f 1122/490 166/489 1199/644 1475/643
f 1475/643 1199/644 206/645 1200/646
f 1195/636 1475/643 1200/646 204/637
f 167/494 1123/493 1476/647 1202/648
f 1123/493 165/486 1198/640 1476/647
f 1476/647 1198/640 205/642 1201/649
f 1202/648 1476/647 1201/649 207/650
f 166/489 1126/498 1477/651 1199/644
f 1126/498 168/497 1203/652 1477/651
f 1477/651 1203/652 208/653 1204/654
f 1199/644 1477/651 1204/654 206/645
f 169/502 1127/501 1478/655 1206/656
f 1127/501 167/494 1202/648 1478/655
f 1478/655 1202/648 207/650 1205/657
f 1206/656 1478/655 1205/657 209/658
f 168/497 1130/506 1479/659 1203/652
f 1130/506 170/505 1207/660 1479/659
f 1479/659 1207/660 210/661 1208/662
f 1203/652 1479/659 1208/662 208/653
f 171/510 1131/509 1480/663 1210/664
f 1131/509 169/502 1206/656 1480/663
f 1480/663 1206/656 209/658 1209/665
f 1210/664 1480/663 1209/665 211/666
f 170/505 1134/514 1481/667 1207/660
f 1134/514 172/513 1211/668 1481/667
f 1481/667 1211/668 212/669 1212/670
f 1207/660 1481/667 1212/670 210/661
f 173/518 1135/517 1482/671 1214/672
f 1135/517 171/510 1210/664 1482/671
f 1482/671 1210/664 211/666 1213/673
f 1214/672 1482/671 1213/673 213/674
f 172/513 1138/522 1483/675 1211/668
f 1138/522 174/521 1215/676 1483/675
f 1483/675 1215/676 214/677 1216/678
f 1211/668 1483/675 1216/678 212/669
f 175/526 1139/525 1484/679 1218/680
f 1139/525 173/518 1214/672 1484/679
f 1484/679 1214/672 213/674 1217/681
f 1218/680 1484/679 1217/681 215/682
f 174/521 1142/530 1485/683 1215/676
f 1142/530 176/529 1219/684 1485/683
f 1485/683 1219/684 216/685 1220/686
f 1215/676 1485/683 1220/686 214/677
f 177/534 1143/533 1486/687 1222/688
f 1143/533 175/526 1218/680 1486/687
f 1486/687 1218/680 215/682 1221/689
f 1222/688 1486/687 1221/689 217/690
f 176/529 1146/538 1487/691 1219/684
f 1146/538 178/537 1223/692 1487/691
f 1487/691 1223/692 218/693 1224/694
f 1219/684 1487/691 1224/694 216/685
f 179/542 1147/541 1488/695 1226/696
f 1147/541 177/534 1222/688 1488/695
f 1488/695 1222/688 217/690 1225/697
f 1226/696 1488/695 1225/697 219/698
f 178/537 1150/546 1489/699 1223/692
f 1150/546 180/545 1227/700 1489/699
f 1489/699 1227/700 220/701 1228/702
f 1223/692 1489/699 1228/702 218/693
f 181/552 1152/551 1490/703 1231/704
f 1152/551 182/550 1229/705 1490/703
f 1490/703 1229/705 222/706 1230/707
f 1231/704 1490/703 1230/707 221/708
f 184/558 1155/557 1491/709 1234/710
f 1155/557 183/556 1232/711 1491/709
f 1491/709 1232/711 223/712 1233/713
f 1234/710 1491/709 1233/713 224/714
f 182/550 1158/562 1492/715 1229/705
f 1158/562 185/561 1235/716 1492/715
f 1492/715 1235/716 225/717 1236/718
f 1229/705 1492/715 1236/718 222/706
f 186/566 1159/565 1493/719 1238/720
f 1159/565 184/558 1234/710 1493/719
f 1493/719 1234/710 224/714 1237/721
f 1238/720 1493/719 1237/721 226/722
f 185/561 1162/570 1494/723 1235/716
f 1162/570 187/569 1239/724 1494/723
f 1494/723 1239/724 227/725 1240/726
f 1235/716 1494/723 1240/726 225/717
f 188/574 1163/573 1495/727 1242/728
f 1163/573 186/566 1238/720 1495/727
f 1495/727 1238/720 226/722 1241/729
f 1242/728 1495/727 1241/729 228/730
f 187/569 1166/578 1496/731 1239/724
f 1166/578 189/577 1243/732 1496/731
f 1496/731 1243/732 229/733 1244/734
f 1239/724 1496/731 1244/734 227/725
f 190/582 1167/581 1497/735 1246/736
f 1167/581 188/574 1242/728 1497/735
f 1497/735 1242/728 228/730 1245/737
f 1246/736 1497/735 1245/737 230/738
f 189/577 1170/586 1498/739 1243/732
f 1170/586 191/585 1247/740 1498/739
f 1498/739 1247/740 231/741 1248/742
f 1243/732 1498/739 1248/742 229/733
f 192/590 1171/589 1499/743 1250/744
f 1171/589 190/582 1246/736 1499/743
f 1499/743 1246/736 230/738 1249/745
f 1250/744 1499/743 1249/745 232/746
f 191/585 1174/594 1500/747 1247/740
f 1174/594 193/593 1251/748 1500/747
f 1500/747 1251/748 233/749 1252/750
f 1247/740 1500/747 1252/750 231/741
f 194/598 1175/597 1501/751 1254/752
f 1175/597 192/590 1250/744 1501/751
f 1501/751 1250/744 232/746 1253/753
f 1254/752 1501/751 1253/753 234/754
f 193/593 1178/602 1502/755 1251/748
f 1178/602 195/601 1255/756 1502/755
f 1502/755 1255/756 235/757 1256/758
f 1251/748 1502/755 1256/758 233/749
f 196/606 1179/605 1503/759 1258/760
f 1179/605 194/598 1254/752 1503/759
f 1503/759 1254/752 234/754 1257/761
f 1258/760 1503/759 1257/761 236/762
f 195/601 1182/610 1504/763 1255/756
f 1182/610 197/609 1259/764 1504/763
f 1504/763 1259/764 237/765 1260/766
f 1255/756 1504/763 1260/766 235/757
f 198/614 1183/613 1505/767 1262/768
f 1183/613 196/606 1258/760 1505/767
f 1505/767 1258/760 236/762 1261/769
f 1262/768 1505/767 1261/769 238/770
f 197/609 1186/618 1506/771 1259/764
f 1186/618 199/617 1263/772 1506/771
f 1506/771 1263/772 239/773 1264/774
f 1259/764 1506/771 1264/774 237/765
f 200/622 1187/621 1507/775 1266/776
f 1187/621 198/614 1262/768 1507/775
f 1507/775 1262/768 238/770 1265/777
f 1266/776 1507/775 1265/777 240/778
f 199/617 1190/626 1508/779 1263/772
f 1190/626 201/625 1267/780 1508/779
f 1508/779 1267/780 241/781 1268/782
f 1263/772 1508/779 1268/782 239/773
f 202/630 1191/629 1509/783 1270/784
f 1191/629 200/622 1266/776 1509/783
f 1509/783 1266/776 240/778 1269/785
f 1270/784 1509/783 1269/785 242/786
f 203/634 1193/633 1510/787 1272/788
f 1193/633 181/552 1231/704 1510/787
f 1510/787 1231/704 221/708 1271/789
f 1272/788 1510/787 1271/789 243/790
f 183/556 1196/638 1511/791 1232/711
f 1196/638 204/637 1273/792 1511/791
f 1511/791 1273/792 244/793 1274/794
f 1232/711 1511/791 1274/794 223/712
f 205/642 1197/641 1512/795 1276/796
f 1197/641 203/634 1272/788 1512/795
f 1512/795 1272/788 243/790 1275/797
f 1276/796 1512/795 1275/797 245/798
f 204/637 1200/646 1513/799 1273/792
f 1200/646 206/645 1277/800 1513/799
f 1513/799 1277/800 246/801 1278/802
f 1273/792 1513/799 1278/802 244/793
f 207/650 1201/649 1514/803 1280/804
f 1201/649 205/642 1276/796 1514/803
f 1514/803 1276/796 245/798 1279/805
f 1280/804 1514/803 1279/805 247/806
f 206/645 1204/654 1515/807 1277/800
f 1204/654 208/653 1281/808 1515/807
f 1515/807 1281/808 248/809 1282/810
f 1277/800 1515/807 1282/810 246/801
f 209/658 1205/657 1516/811 1284/812
f 1205/657 207/650 1280/804 1516/811
f 1516/811 1280/804 247/806 1283/813
f 1284/812 1516/811 1283/813 249/814
f 208/653 1208/662 1517/815 1281/808
f 1208/662 210/661 1285/816 1517/815
f 1517/815 1285/816 250/817 1286/818
f 1281/808 1517/815 1286/818 248/809
f 211/666 1209/665 1518/819 1288/820
f 1209/665 209/658 1284/812 1518/819
f 1518/819 1284/812 249/814 1287/821
f 1288/820 1518/819 1287/821 251/822
f 210/661 1212/670 1519/823 1285/816
f 1212/670 212/669 1289/824 1519/823
f 1519/823 1289/824 252/825 1290/826
f 1285/816 1519/823 1290/826 250/817
f 213/674 1213/673 1520/827 1292/828
f 1213/673 211/666 1288/820 1520/827
f 1520/827 1288/820 251/822 1291/829
f 1292/828 1520/827 1291/829 253/830
f 212/669 1216/678 1521/831 1289/824
f 1216/678 214/677 1293/832 1521/831
f 1521/831 1293/832 254/833 1294/834
f 1289/824 1521/831 1294/834 252/825
f 215/682 1217/681 1522/835 1296/836
f 1217/681 213/674 1292/828 1522/835
f 1522/835 1292/828 253/830 1295/837
f 1296/836 1522/835 1295/837 255/838
f 214/677 1220/686 1523/839 1293/832
f 1220/686 216/685 1297/840 1523/839
f 1523/839 1297/840 256/841 1298/842
f 1293/832 1523/839 1298/842 254/833
f 217/690 1221/689 1524/843 1300/844
f 1221/689 215/682 1296/836 1524/843
f 1524/843 1296/836 255/838 1299/845
f 1300/844 1524/843 1299/845 257/846
f 216/685 1224/694 1525/847 1297/840
f 1224/694 218/693 1301/848 1525/847
f 1525/847 1301/848 258/849 1302/850
f 1297/840 1525/847 1302/850 256/841
f 219/698 1225/697 1526/851 1304/852
f 1225/697 217/690 1300/844 1526/851
f 1526/851 1300/844 257/846 1303/853
f 1304/852 1526/851 1303/853 259/854
f 218/693 1228/702 1527/855 1301/848
f 1228/702 220/701 1305/856 1527/855
f 1527/855 1305/856 260/857 1306/858
f 1301/848 1527/855 1306/858 258/849
f 221/708 1230/707 1528/859 1309/860
f 1230/707 222/706 1307/861 1528/859
f 1528/859 1307/861 262/862 1308/863
f 1309/860 1528/859 1308/863 261/864
f 224/714 1233/713 1529/865 1312/866
f 1233/713 223/712 1310/867 1529/865
f 1529/865 1310/867 263/868 1311/869
f 1312/866 1529/865 1311/869 264/870
f 222/706 1236/718 1530/871 1307/861
f 1236/718 225/717 1313/872 1530/871
f 1530/871 1313/872 265/873 1314/874
f 1307/861 1530/871 1314/874 262/862
f 226/722 1237/721 1531/875 1316/876
f 1237/721 224/714 1312/866 1531/875
f 1531/875 1312/866 264/870 1315/877
f 1316/876 1531/875 1315/877 266/878
f 225/717 1240/726 1532/879 1313/872
f 1240/726 227/725 1317/880 1532/879
f 1532/879 1317/880 267/881 1318/882
f 1313/872 1532/879 1318/882 265/873
f 228/730 1241/729 1533/883 1320/884
f 1241/729 226/722 1316/876 1533/883
f 1533/883 1316/876 266/878 1319/885
f 1320/884 1533/883 1319/885 268/886
f 227/725 1244/734 1534/887 1317/880
f 1244/734 229/733 1321/888 1534/887
f 1534/887 1321/888 269/889 1322/890
f 1317/880 1534/887 1322/890 267/881
f 230/738 1245/737 1535/891 1324/892
f 1245/737 228/730 1320/884 1535/891
f 1535/891 1320/884 268/886 1323/893
f 1324/892 1535/891 1323/893 270/894
f 229/733 1248/742 1536/895 1321/888
f 1248/742 231/741 1325/896 1536/895
f 1536/895 1325/896 271/897 1326/898
f 1321/888 1536/895 1326/898 269/889
f 232/746 1249/745 1537/899 1328/900
f 1249/745 230/738 1324/892 1537/899
f 1537/899 1324/892 270/894 1327/901
f 1328/900 1537/899 1327/901 272/902
f 231/741 1252/750 1538/903 1325/896
f 1252/750 233/749 1329/904 1538/903
f 1538/903 1329/904 273/905 1330/906
f 1325/896 1538/903 1330/906 271/897
f 234/754 1253/753 1539/907 1332/908
f 1253/753 232/746 1328/900 1539/907
f 1539/907 1328/900 272/902 1331/909
f 1332/908 1539/907 1331/909 274/910
f 233/749 1256/758 1540/911 1329/904
f 1256/758 235/757 1333/912 1540/911
f 1540/911 1333/912 275/913 1334/914
f 1329/904 1540/911 1334/914 273/905
f 236/762 1257/761 1541/915 1336/916
f 1257/761 234/754 1332/908 1541/915
f 1541/915 1332/908 274/910 1335/917
f 1336/916 1541/915 1335/917 276/918
f 235/757 1260/766 1542/919 1333/912
f 1260/766 237/765 1337/920 1542/919
f 1542/919 1337/920 277/921 461/922
f 1333/912 1542/919 461/922 275/913
f 238/770 1261/769 1543/923 463/924
f 1261/769 236/762 1336/916 1543/923
f 1543/923 1336/916 276/918 462/925
f 463/924 1543/923 462/925 278/926
f 237/765 1264/774 1544/927 1337/920
f 1264/774 239/773 464/928 1544/927
f 1544/927 464/928 279/929 465/930
f 1337/920 1544/927 465/930 277/921
f 240/778 1265/777 1545/931 467/932
f 1265/777 238/770 463/924 1545/931
f 1545/931 463/924 278/926 466/933
f 467/932 1545/931 466/933 280/934
f 239/773 1268/782 1546/935 464/928
f 1268/782 241/781 468/936 1546/935
f 1546/935 468/936 281/937 469/938
f 464/928 1546/935 469/938 279/929
f 242/786 1269/785 1547/939 471/940
f 1269/785 240/778 467/932 1547/939
f 1547/939 467/932 280/934 470/941
f 471/940 1547/939 470/941 282/942
f 243/790 1271/789 1548/943 473/944
f 1271/789 221/708 1309/860 1548/943
f 1548/943 1309/860 261/864 472/945
f 473/944 1548/943 472/945 283/946
f 223/712 1274/794 1549/947 1310/867
f 1274/794 244/793 474/948 1549/947
f 1549/947 474/948 284/949 475/950
f 1310/867 1549/947 475/950 263/868
f 245/798 1275/797 1550/951 477/952
f 1275/797 243/790 473/944 1550/951
f 1550/951 473/944 283/946 476/953
f 477/952 1550/951 476/953 285/954
f 244/793 1278/802 1551/955 474/948
f 1278/802 246/801 478/956 1551/955
f 1551/955 478/956 286/957 479/958
f 474/948 1551/955 479/958 284/949
f 247/806 1279/805 1552/959 481/960
f 1279/805 245/798 477/952 1552/959
f 1552/959 477/952 285/954 480/961
f 481/960 1552/959 480/961 287/962
f 246/801 1282/810 1553/963 478/956
f 1282/810 248/809 482/964 1553/963
f 1553/963 482/964 288/965 483/966
f 478/956 1553/963 483/966 286/957
f 249/814 1283/813 1554/967 485/968
f 1283/813 247/806 481/960 1554/967
f 1554/967 481/960 287/962 484/969
f 485/968 1554/967 484/969 289/970
f 248/809 1286/818 1555/971 482/964
f 1286/818 250/817 486/972 1555/971
f 1555/971 486/972 290/973 487/974
f 482/964 1555/971 487/974 288/965
f 251/822 1287/821 1556/975 489/976
f 1287/821 249/814 485/968 1556/975
f 1556/975 485/968 289/970 488/977
f 489/976 1556/975 488/977 291/978
f 250/817 1290/826 1557/979 486/972
f 1290/826 252/825 490/980 1557/979
f 1557/979 490/980 292/981 491/982
f 486/972 1557/979 491/982 290/973
f 253/830 1291/829 1558/983 493/984
f 1291/829 251/822 489/976 1558/983
f 1558/983 489/976 291/978 492/985
f 493/984 1558/983 492/985 293/986
f 252/825 1294/834 1559/987 490/980
f 1294/834 254/833 494/988 1559/987
f 1559/987 494/988 294/989 495/990
f 490/980 1559/987 495/990 292/981
f 255/838 1295/837 1560/991 497/992
f 1295/837 253/830 493/984 1560/991
f 1560/991 493/984 293/986 496/993
f 497/992 1560/991 496/993 295/994
f 254/833 1298/842 1561/995 494/988
f 1298/842 256/841 498/996 1561/995
f 1561/995 498/996 296/997 499/998
f 494/988 1561/995 499/998 294/989
f 257/846 1299/845 1562/999 501/1000
f 1299/845 255/838 497/992 1562/999
f 1562/999 497/992 295/994 500/1001
f 501/1000 1562/999 500/1001 297/1002
f 256/841 1302/850 1563/1003 498/996
f 1302/850 258/849 502/1004 1563/1003
f 1563/1003 502/1004 298/1005 503/1006
f 498/996 1563/1003 503/1006 296/997
f 259/854 1303/853 1564/1007 505/1008
f 1303/853 257/846 501/1000 1564/1007
f 1564/1007 501/1000 297/1002 504/1009
f 505/1008 1564/1007 504/1009 299/1010
f 258/849 1306/858 1565/1011 502/1004
f 1306/858 260/857 506/1012 1565/1011
f 1565/1011 506/1012 300/1013 507/1014
f 502/1004 1565/1011 507/1014 298/1005
f 301/1015 508/1016 1566/1017 511/1018
f 508/1016 302/1019 509/1020 1566/1017
f 1566/1017 509/1020 306/1021 510/1022
f 511/1018 1566/1017 510/1022 305/1023
f 302/1019 508/1016 1567/1024 514/1025
f 508/1016 301/1015 512/1026 1567/1024
f 1567/1024 512/1026 303/1027 513/1028
f 514/1025 1567/1024 513/1028 304/1029
f 304/1029 513/1028 1568/1030 517/1031
f 513/1028 303/1027 515/1032 1568/1030
f 1568/1030 515/1032 397/1033 516/1034
f 517/1031 1568/1030 516/1034 398/1035
f 305/1023 510/1022 1569/1036 520/1037
f 510/1022 306/1021 518/1038 1569/1036
f 1569/1036 518/1038 308/1039 519/1040
f 520/1037 1569/1036 519/1040 307/1041
f 307/1041 519/1040 1570/1042 523/1043
f 519/1040 308/1039 521/1044 1570/1042
f 1570/1042 521/1044 334/1045 522/1046
f 523/1043 1570/1042 522/1046 333/1047
f 309/1048 524/1049 1571/1050 527/1051
f 524/1049 310/1052 525/1053 1571/1050
f 1571/1050 525/1053 314/1054 526/1055
f 527/1051 1571/1050 526/1055 313/1056
f 310/1052 524/1049 1572/1057 530/1058
f 524/1049 309/1048 528/1059 1572/1057
f 1572/1057 528/1059 311/1060 529/1061
f 530/1058 1572/1057 529/1061 312/1062
f 312/1062 529/1061 1573/1063 533/1064
f 529/1061 311/1060 531/1065 1573/1063
f 1573/1063 531/1065 399/1066 532/1067
f 533/1064 1573/1063 532/1067 400/1068
f 313/1056 526/1055 1574/1069 536/1070
f 526/1055 314/1054 534/1071 1574/1069
f 1574/1069 534/1071 316/1072 535/1073
f 536/1070 1574/1069 535/1073 315/1074
f 315/1074 535/1073 1575/1075 539/1076
f 535/1073 316/1072 537/1077 1575/1075
f 1575/1075 537/1077 336/1078 538/1079
f 539/1076 1575/1075 538/1079 335/1080
f 317/1081 540/1082 1576/1083 543/1084
f 540/1082 318/1085 541/1086 1576/1083
f 1576/1083 541/1086 322/1087 542/1088
f 543/1084 1576/1083 542/1088 321/1089
f 318/1085 540/1082 1577/1090 546/1091
f 540/1082 317/1081 544/1092 1577/1090
f 1577/1090 544/1092 319/1093 545/1094
f 546/1091 1577/1090 545/1094 320/1095
f 320/1095 545/1094 1578/1096 549/1097
f 545/1094 319/1093 547/1098 1578/1096
f 1578/1096 547/1098 401/1099 548/1100
f 549/1097 1578/1096 548/1100 402/1101
f 321/1089 542/1088 1579/1102 552/1103
f 542/1088 322/1087 550/1104 1579/1102
f 1579/1102 550/1104 324/1105 551/1106
f 552/1103 1579/1102 551/1106 323/1107
f 323/1107 551/1106 1580/1108 555/1109
f 551/1106 324/1105 553/1110 1580/1108
f 1580/1108 553/1110 338/1111 554/1112
f 555/1109 1580/1108 554/1112 337/1113
f 325/1114 556/1115 1581/1116 559/1117
f 556/1115 326/1118 557/1119 1581/1116
f 1581/1116 557/1119 330/1120 558/1121
f 559/1117 1581/1116 558/1121 329/1122
f 326/1118 556/1115 1582/1123 562/1124
f 556/1115 325/1114 560/1125 1582/1123
f 1582/1123 560/1125 327/1126 561/1127
f 562/1124 1582/1123 561/1127 328/1128
f 328/1128 561/1127 1583/1129 565/1130
f 561/1127 327/1126 563/1131 1583/1129
f 1583/1129 563/1131 403/1132 564/1133
f 565/1130 1583/1129 564/1133 404/1134
f 329/1122 558/1121 1584/1135 568/1136
f 558/1121 330/1120 566/1137 1584/1135
f 1584/1135 566/1137 332/1138 567/1139
f 568/1136 1584/1135 567/1139 331/1140
f 331/1140 567/1139 1585/1141 571/1142
f 567/1139 332/1138 569/1143 1585/1141
f 1585/1141 569/1143 340/1144 570/1145
f 571/1142 1585/1141 570/1145 339/1146
f 333/1047 522/1046 1586/1147 574/1148
f 522/1046 334/1045 572/1149 1586/1147
f 1586/1147 572/1149 342/1150 573/1151
f 574/1148 1586/1147 573/1151 341/1152
f 335/1080 538/1079 1587/1153 577/1154
f 538/1079 336/1078 575/1155 1587/1153
f 1587/1153 575/1155 344/1156 576/1157
f 577/1154 1587/1153 576/1157 343/1158
f 337/1113 554/1112 1588/1159 580/1160
f 554/1112 338/1111 578/1161 1588/1159
f 1588/1159 578/1161 346/1162 579/1163
f 580/1160 1588/1159 579/1163 345/1164
f 339/1146 570/1145 1589/1165 583/1166
f 570/1145 340/1144 581/1167 1589/1165
f 1589/1165 581/1167 348/1168 582/1169
f 583/1166 1589/1165 582/1169 347/1170
f 341/1152 573/1151 1590/1171 586/1172
f 573/1151 342/1150 584/1173 1590/1171
f 1590/1171 584/1173 350/1174 585/1175
f 586/1172 1590/1171 585/1175 349/1176
f 343/1158 576/1157 1591/1177 589/1178
f 576/1157 344/1156 587/1179 1591/1177
f 1591/1177 587/1179 352/1180 588/1181
f 589/1178 1591/1177 588/1181 351/1182
f 345/1164 579/1163 1592/1183 592/1184
f 579/1163 346/1162 590/1185 1592/1183
f 1592/1183 590/1185 354/1186 591/1187
f 592/1184 1592/1183 591/1187 353/1188
f 347/1170 582/1169 1593/1189 595/1190
f 582/1169 348/1168 593/1191 1593/1189
f 1593/1189 593/1191 356/1192 594/1193
f 595/1190 1593/1189 594/1193 355/1194
f 349/1176 585/1175 1594/1195 598/1196
f 585/1175 350/1174 596/1197 1594/1195
f 1594/1195 596/1197 358/1198 597/1199
f 598/1196 1594/1195 597/1199 357/1200
f 351/1182 588/1181 1595/1201 601/1202
f 588/1181 352/1180 599/1203 1595/1201
f 1595/1201 599/1203 360/1204 600/1205
f 601/1202 1595/1201 600/1205 359/1206
f 353/1188 591/1187 1596/1207 604/1208
f 591/1187 354/1186 602/1209 1596/1207
f 1596/1207 602/1209 362/1210 603/1211
f 604/1208 1596/1207 603/1211 361/1212
f 355/1194 594/1193 1597/1213 607/1214
f 594/1193 356/1192 605/1215 1597/1213
f 1597/1213 605/1215 364/1216 606/1217
f 607/1214 1597/1213 606/1217 363/1218
f 357/1200 597/1199 1598/1219 610/1220
f 597/1199 358/1198 608/1221 1598/1219
f 1598/1219 608/1221 366/1222 609/1223
f 610/1220 1598/1219 609/1223 365/1224
f 359/1206 600/1205 1599/1225 613/1226
f 600/1205 360/1204 611/1227 1599/1225
f 1599/1225 611/1227 368/1228 612/1229
f 613/1226 1599/1225 612/1229 367/1230
f 361/1212 603/1211 1600/1231 616/1232
f 603/1211 362/1210 614/1233 1600/1231
f 1600/1231 614/1233 370/1234 615/1235
f 616/1232 1600/1231 615/1235 369/1236
f 363/1218 606/1217 1601/1237 619/1238
f 606/1217 364/1216 617/1239 1601/1237
f 1601/1237 617/1239 372/1240 618/1241
f 619/1238 1601/1237 618/1241 371/1242
f 365/1224 609/1223 1602/1243 622/1244
f 609/1223 366/1222 620/1245 1602/1243
f 1602/1243 620/1245 374/1246 621/1247
f 622/1244 1602/1243 621/1247 373/1248
f 367/1230 612/1229 1603/1249 625/1250
f 612/1229 368/1228 623/1251 1603/1249
f 1603/1249 623/1251 376/1252 624/1253
f 625/1250 1603/1249 624/1253 375/1254
f 369/1236 615/1235 1604/1255 628/1256
f 615/1235 370/1234 626/1257 1604/1255
f 1604/1255 626/1257 378/1258 627/1259
f 628/1256 1604/1255 627/1259 377/1260
f 371/1242 618/1241 1605/1261 631/1262
f 618/1241 372/1240 629/1263 1605/1261
f 1605/1261 629/1263 380/1264 630/1265
f 631/1262 1605/1261 630/1265 379/1266
f 373/1248 621/1247 1606/1267 634/1268
f 621/1247 374/1246 632/1269 1606/1267
f 1606/1267 632/1269 382/1270 633/1271
f 634/1268 1606/1267 633/1271 381/1272
f 375/1254 624/1253 1607/1273 637/1274
f 624/1253 376/1252 635/1275 1607/1273
f 1607/1273 635/1275 384/1276 636/1277
f 637/1274 1607/1273 636/1277 383/1278
f 377/1260 627/1259 1608/1279 640/1280
f 627/1259 378/1258 638/1281 1608/1279
f 1608/1279 638/1281 386/1282 639/1283
f 640/1280 1608/1279 639/1283 385/1284
f 379/1266 630/1265 1609/1285 643/1286
f 630/1265 380/1264 641/1287 1609/1285
f 1609/1285 641/1287 388/1288 642/1289
f 643/1286 1609/1285 642/1289 387/1290
f 381/1272 633/1271 1610/1291 646/1292
f 633/1271 382/1270 644/1293 1610/1291
f 1610/1291 644/1293 390/1294 645/1295
f 646/1292 1610/1291 645/1295 389/1296
f 383/1278 636/1277 1611/1297 649/1298
f 636/1277 384/1276 647/1299 1611/1297
f 1611/1297 647/1299 392/1300 648/1301
f 649/1298 1611/1297 648/1301 391/1302
f 385/1284 639/1283 1612/1303 652/1304
f 639/1283 386/1282 650/1305 1612/1303
f 1612/1303 650/1305 394/1306 651/1307
f 652/1304 1612/1303 651/1307 393/1308
f 387/1290 642/1289 1613/1309 655/1310
f 642/1289 388/1288 653/1311 1613/1309
f 1613/1309 653/1311 396/1312 654/1313
f 655/1310 1613/1309 654/1313 395/1314
f 398/1035 516/1034 1614/1315 658/1316
f 516/1034 397/1033 656/1317 1614/1315
f 1614/1315 656/1317 405/1318 657/1319
f 658/1316 1614/1315 657/1319 406/1320
f 400/1068 532/1067 1615/1321 661/1322
f 532/1067 399/1066 659/1323 1615/1321
f 1615/1321 659/1323 407/1324 660/1325
f 661/1322 1615/1321 660/1325 408/1326
f 402/1101 548/1100 1616/1327 664/1328
f 548/1100 401/1099 662/1329 1616/1327
f 1616/1327 662/1329 409/1330 663/1331
f 664/1328 1616/1327 663/1331 410/1332
f 404/1134 564/1133 1617/1333 667/1334
f 564/1133 403/1132 665/1335 1617/1333
f 1617/1333 665/1335 411/1336 666/1337
f 667/1334 1617/1333 666/1337 412/1338
f 406/1320 657/1319 1618/1339 670/1340
f 657/1319 405/1318 668/1341 1618/1339
f 1618/1339 668/1341 413/1342 669/1343
f 670/1340 1618/1339 669/1343 414/1344
f 408/1326 660/1325 1619/1345 673/1346
f 660/1325 407/1324 671/1347 1619/1345
f 1619/1345 671/1347 415/1348 672/1349
f 673/1346 1619/1345 672/1349 416/1350
f 410/1332 663/1331 1620/1351 676/1352
f 663/1331 409/1330 674/1353 1620/1351
f 1620/1351 674/1353 417/1354 675/1355
f 676/1352 1620/1351 675/1355 418/1356
f 412/1338 666/1337 1621/1357 679/1358
f 666/1337 411/1336 677/1359 1621/1357
f 1621/1357 677/1359 419/1360 678/1361
f 679/1358 1621/1357 678/1361 420/1362
f 414/1344 669/1343 1622/1363 682/1364
f 669/1343 413/1342 680/1365 1622/1363
f 1622/1363 680/1365 422/1366 681/1367
f 682/1364 1622/1363 681/1367 421/1368
f 416/1350 672/1349 1623/1369 685/1370
f 672/1349 415/1348 683/1371 1623/1369
f 1623/1369 683/1371 424/1372 684/1373
f 685/1370 1623/1369 684/1373 423/1374
f 418/1356 675/1355 1624/1375 688/1376
f 675/1355 417/1354 686/1377 1624/1375
f 1624/1375 686/1377 426/1378 687/1379
f 688/1376 1624/1375 687/1379 425/1380
f 420/1362 678/1361 1625/1381 691/1382
f 678/1361 419/1360 689/1383 1625/1381
f 1625/1381 689/1383 428/1384 690/1385
f 691/1382 1625/1381 690/1385 427/1386
f 421/1368 681/1367 1626/1387 694/1388
f 681/1367 422/1366 692/1389 1626/1387
f 1626/1387 692/1389 430/1390 693/1391
f 694/1388 1626/1387 693/1391 429/1392
f 423/1374 684/1373 1627/1393 697/1394
f 684/1373 424/1372 695/1395 1627/1393
f 1627/1393 695/1395 434/1396 696/1397
f 697/1394 1627/1393 696/1397 433/1398
f 425/1380 687/1379 1628/1399 700/1400
f 687/1379 426/1378 698/1401 1628/1399
f 1628/1399 698/1401 432/1402 699/1403
f 700/1400 1628/1399 699/1403 431/1404
f 427/1386 690/1385 1629/1405 703/1406
f 690/1385 428/1384 701/1407 1629/1405
f 1629/1405 701/1407 436/1408 702/1409
f 703/1406 1629/1405 702/1409 435/1410
f 429/1392 693/1391 1630/1411 706/1412
f 693/1391 430/1390 704/1413 1630/1411
f 1630/1411 704/1413 438/1414 705/1415
f 706/1412 1630/1411 705/1415 437/1416
f 431/1404 699/1403 1631/1417 709/1418
f 699/1403 432/1402 707/1419 1631/1417
f 1631/1417 707/1419 440/1420 708/1421
f 709/1418 1631/1417 708/1421 439/1422
f 433/1398 696/1397 1632/1423 712/1424
f 696/1397 434/1396 710/1425 1632/1423
f 1632/1423 710/1425 442/1426 711/1427
f 712/1424 1632/1423 711/1427 441/1428
f 435/1410 702/1409 1633/1429 715/1430
f 702/1409 436/1408 713/1431 1633/1429
f 1633/1429 713/1431 444/1432 714/1433
f 715/1430 1633/1429 714/1433 443/1434
f 437/1416 705/1415 1634/1435 718/1436
f 705/1415 438/1414 716/1437 1634/1435
f 1634/1435 716/1437 446/1438 717/1439
f 718/1436 1634/1435 717/1439 445/1440
f 439/1422 708/1421 1635/1441 721/1442
f 708/1421 440/1420 719/1443 1635/1441
f 1635/1441 719/1443 448/1444 720/1445
f 721/1442 1635/1441 720/1445 447/1446
f 441/1428 711/1427 1636/1447 724/1448
f 711/1427 442/1426 722/1449 1636/1447
f 1636/1447 722/1449 450/1450 723/1451
f 724/1448 1636/1447 723/1451 449/1452
f 443/1434 714/1433 1637/1453 727/1454
f 714/1433 444/1432 725/1455 1637/1453
f 1637/1453 725/1455 452/1456 726/1457
f 727/1454 1637/1453 726/1457 451/1458
f 445/1440 717/1439 1638/1459 730/1460
f 717/1439 446/1438 728/1461 1638/1459
f 1638/1459 728/1461 454/1462 729/1463
f 730/1460 1638/1459 729/1463 453/1464
f 447/1446 720/1445 1639/1465 733/1466
f 720/1445 448/1444 731/1467 1639/1465
f 1639/1465 731/1467 456/1468 732/1469
f 733/1466 1639/1465 732/1469 455/1470
f 449/1452 723/1451 1640/1471 736/1472
f 723/1451 450/1450 734/1473 1640/1471
f 1640/1471 734/1473 458/1474 735/1475
f 736/1472 1640/1471 735/1475 457/1476
f 451/1458 726/1457 1641/1477 739/1478
f 726/1457 452/1456 737/1479 1641/1477
f 1641/1477 737/1479 460/1480 738/1481
f 739/1478 1641/1477 738/1481 459/1482
f 311/1060 528/1059 1642/1483 741/1484
f 528/1059 309/1048 740/1485 1642/1483
f 1642/1483 740/1485 302/1019 514/1025
f 741/1484 1642/1483 514/1025 304/1029
f 309/1048 527/1051 1643/1486 740/1485
f 527/1051 313/1056 742/1487 1643/1486
f 1643/1486 742/1487 306/1021 509/1020
f 740/1485 1643/1486 509/1020 302/1019
f 313/1056 536/1070 1644/1488 742/1487
f 536/1070 315/1074 743/1489 1644/1488
f 1644/1488 743/1489 308/1039 518/1038
f 742/1487 1644/1488 518/1038 306/1021
f 327/1126 560/1125 1645/1490 745/1491
f 560/1125 325/1114 744/1492 1645/1490
f 1645/1490 744/1492 318/1085 546/1091
f 745/1491 1645/1490 546/1091 320/1095
f 325/1114 559/1117 1646/1493 744/1492
f 559/1117 329/1122 746/1494 1646/1493
f 1646/1493 746/1494 322/1087 541/1086
f 744/1492 1646/1493 541/1086 318/1085
f 329/1122 568/1136 1647/1495 746/1494
f 568/1136 331/1140 747/1496 1647/1495
f 1647/1495 747/1496 324/1105 550/1104
f 746/1494 1647/1495 550/1104 322/1087
f 315/1074 539/1076 1648/1497 743/1489
f 539/1076 335/1080 748/1498 1648/1497
f 1648/1497 748/1498 334/1045 521/1044
f 743/1489 1648/1497 521/1044 308/1039
f 331/1140 571/1142 1649/1499 747/1496
f 571/1142 339/1146 749/1500 1649/1499
f 1649/1499 749/1500 338/1111 553/1110
f 747/1496 1649/1499 553/1110 324/1105
f 335/1080 577/1154 1650/1501 748/1498
f 577/1154 343/1158 750/1502 1650/1501
f 1650/1501 750/1502 342/1150 572/1149
f 748/1498 1650/1501 572/1149 334/1045
f 339/1146 583/1166 1651/1503 749/1500
f 583/1166 347/1170 751/1504 1651/1503
f 1651/1503 751/1504 346/1162 578/1161
f 749/1500 1651/1503 578/1161 338/1111
f 343/1158 589/1178 1652/1505 750/1502
f 589/1178 351/1182 752/1506 1652/1505
f 1652/1505 752/1506 350/1174 584/1173
f 750/1502 1652/1505 584/1173 342/1150
f 347/1170 595/1190 1653/1507 751/1504
f 595/1190 355/1194 753/1508 1653/1507
f 1653/1507 753/1508 354/1186 590/1185
f 751/1504 1653/1507 590/1185 346/1162
f 351/1182 601/1202 1654/1509 752/1506
f 601/1202 359/1206 754/1510 1654/1509
f 1654/1509 754/1510 358/1198 596/1197
f 752/1506 1654/1509 596/1197 350/1174
f 355/1194 607/1214 1655/1511 753/1508
f 607/1214 363/1218 755/1512 1655/1511
f 1655/1511 755/1512 362/1210 602/1209
f 753/1508 1655/1511 602/1209 354/1186
f 359/1206 613/1226 1656/1513 754/1510
f 613/1226 367/1230 756/1514 1656/1513
f 1656/1513 756/1514 366/1222 608/1221
f 754/1510 1656/1513 608/1221 358/1198
f 363/1218 619/1238 1657/1515 755/1512
f 619/1238 371/1242 757/1516 1657/1515
f 1657/1515 757/1516 370/1234 614/1233
f 755/1512 1657/1515 614/1233 362/1210
f 367/1230 625/1250 1658/1517 756/1514
f 625/1250 375/1254 758/1518 1658/1517
f 1658/1517 758/1518 374/1246 620/1245
f 756/1514 1658/1517 620/1245 366/1222
f 371/1242 631/1262 1659/1519 757/1516
f 631/1262 379/1266 759/1520 1659/1519
f 1659/1519 759/1520 378/1258 626/1257
f 757/1516 1659/1519 626/1257 370/1234
f 375/1254 637/1274 1660/1521 758/1518
f 637/1274 383/1278 760/1522 1660/1521
f 1660/1521 760/1522 382/1270 632/1269
f 758/1518 1660/1521 632/1269 374/1246
f 379/1266 643/1286 1661/1523 759/1520
f 643/1286 387/1290 761/1524 1661/1523
f 1661/1523 761/1524 386/1282 638/1281
f 759/1520 1661/1523 638/1281 378/1258
f 383/1278 649/1298 1662/1525 760/1522
f 649/1298 391/1302 762/1526 1662/1525
f 1662/1525 762/1526 390/1294 644/1293
f 760/1522 1662/1525 644/1293 382/1270
f 387/1290 655/1310 1663/1527 761/1524
f 655/1310 395/1314 763/1528 1663/1527
f 1663/1527 763/1528 394/1306 650/1305
f 761/1524 1663/1527 650/1305 386/1282
f 399/1066 531/1065 1664/1529 764/1530
f 531/1065 311/1060 741/1484 1664/1529
f 1664/1529 741/1484 304/1029 517/1031
f 764/1530 1664/1529 517/1031 398/1035
f 403/1132 563/1131 1665/1531 765/1532
f 563/1131 327/1126 745/1491 1665/1531
f 1665/1531 745/1491 320/1095 549/1097
f 765/1532 1665/1531 549/1097 402/1101
f 407/1324 659/1323 1666/1533 766/1534
f 659/1323 399/1066 764/1530 1666/1533
f 1666/1533 764/1530 398/1035 658/1316
f 766/1534 1666/1533 658/1316 406/1320
f 411/1336 665/1335 1667/1535 767/1536
f 665/1335 403/1132 765/1532 1667/1535
f 1667/1535 765/1532 402/1101 664/1328
f 767/1536 1667/1535 664/1328 410/1332
f 415/1348 671/1347 1668/1537 768/1538
f 671/1347 407/1324 766/1534 1668/1537
f 1668/1537 766/1534 406/1320 670/1340
f 768/1538 1668/1537 670/1340 414/1344
f 419/1360 677/1359 1669/1539 769/1540
f 677/1359 411/1336 767/1536 1669/1539
f 1669/1539 767/1536 410/1332 676/1352
f 769/1540 1669/1539 676/1352 418/1356
f 424/1372 683/1371 1670/1541 770/1542
f 683/1371 415/1348 768/1538 1670/1541
f 1670/1541 768/1538 414/1344 682/1364
f 770/1542 1670/1541 682/1364 421/1368
f 428/1384 689/1383 1671/1543 771/1544
f 689/1383 419/1360 769/1540 1671/1543
f 1671/1543 769/1540 418/1356 688/1376
f 771/1544 1671/1543 688/1376 425/1380
f 3/12 772/1545 1672/1546 884/13
f 772/1545 301/1015 511/1018 1672/1546
f 1672/1546 511/1018 305/1023 773/1547
f 884/13 1672/1546 773/1547 10/14
f 310/1052 774/1548 1673/1549 525/1053
f 774/1548 4/1550 775/1551 1673/1549
f 1673/1549 775/1551 11/1552 776/1553
f 525/1053 1673/1549 776/1553 314/1054
f 4/1550 777/1554 1674/1555 775/1551
f 777/1554 317/1081 543/1084 1674/1555
f 1674/1555 543/1084 321/1089 778/1556
f 775/1551 1674/1555 778/1556 11/1552
f 326/1118 779/1557 1675/1558 557/1119
f 779/1557 5/16 889/19 1675/1558
f 1675/1558 889/19 12/24 780/1559
f 557/1119 1675/1558 780/1559 330/1120
f 10/14 773/1547 1676/1560 896/38
f 773/1547 305/1023 520/1037 1676/1560
f 1676/1560 520/1037 307/1041 781/1561
f 896/38 1676/1560 781/1561 17/39
f 314/1054 776/1553 1677/1562 534/1071
f 776/1553 11/1552 782/1563 1677/1562
f 1677/1562 782/1563 18/1564 783/1565
f 534/1071 1677/1562 783/1565 316/1072
f 11/1552 778/1556 1678/1566 782/1563
f 778/1556 321/1089 552/1103 1678/1566
f 1678/1566 552/1103 323/1107 784/1567
f 782/1563 1678/1566 784/1567 18/1564
f 330/1120 780/1559 1679/1568 566/1137
f 780/1559 12/24 900/42 1679/1568
f 1679/1568 900/42 19/46 785/1569
f 566/1137 1679/1568 785/1569 332/1138
f 17/39 781/1561 1680/1570 906/58
f 781/1561 307/1041 523/1043 1680/1570
f 1680/1570 523/1043 333/1047 786/1571
f 906/58 1680/1570 786/1571 24/59
f 316/1072 783/1565 1681/1572 537/1077
f 783/1565 18/1564 787/1573 1681/1572
f 1681/1572 787/1573 25/1574 788/1575
f 537/1077 1681/1572 788/1575 336/1078
f 18/1564 784/1567 1682/1576 787/1573
f 784/1567 323/1107 555/1109 1682/1576
f 1682/1576 555/1109 337/1113 789/1577
f 787/1573 1682/1576 789/1577 25/1574
f 332/1138 785/1569 1683/1578 569/1143
f 785/1569 19/46 910/62 1683/1578
f 1683/1578 910/62 26/66 790/1579
f 569/1143 1683/1578 790/1579 340/1144
f 24/59 786/1571 1684/1580 916/78
f 786/1571 333/1047 574/1148 1684/1580
f 1684/1580 574/1148 341/1152 791/1581
f 916/78 1684/1580 791/1581 31/79
f 336/1078 788/1575 1685/1582 575/1155
f 788/1575 25/1574 792/1583 1685/1582
f 1685/1582 792/1583 32/1584 793/1585
f 575/1155 1685/1582 793/1585 344/1156
f 25/1574 789/1577 1686/1586 792/1583
f 789/1577 337/1113 580/1160 1686/1586
f 1686/1586 580/1160 345/1164 794/1587
f 792/1583 1686/1586 794/1587 32/1584
f 340/1144 790/1579 1687/1588 581/1167
f 790/1579 26/66 920/82 1687/1588
f 1687/1588 920/82 33/86 795/1589
f 581/1167 1687/1588 795/1589 348/1168
f 31/79 791/1581 1688/1590 926/98
f 791/1581 341/1152 586/1172 1688/1590
f 1688/1590 586/1172 349/1176 796/1591
f 926/98 1688/1590 796/1591 38/99
f 344/1156 793/1585 1689/1592 587/1179
f 793/1585 32/1584 797/1593 1689/1592
f 1689/1592 797/1593 39/1594 798/1595
f 587/1179 1689/1592 798/1595 352/1180
f 32/1584 794/1587 1690/1596 797/1593
f 794/1587 345/1164 592/1184 1690/1596
f 1690/1596 592/1184 353/1188 799/1597
f 797/1593 1690/1596 799/1597 39/1594
f 348/1168 795/1589 1691/1598 593/1191
f 795/1589 33/86 930/102 1691/1598
f 1691/1598 930/102 40/106 800/1599
f 593/1191 1691/1598 800/1599 356/1192
f 38/99 796/1591 1692/1600 936/118
f 796/1591 349/1176 598/1196 1692/1600
f 1692/1600 598/1196 357/1200 801/1601
f 936/118 1692/1600 801/1601 45/119
f 352/1180 798/1595 1693/1602 599/1203
f 798/1595 39/1594 802/1603 1693/1602
f 1693/1602 802/1603 46/1604 803/1605
f 599/1203 1693/1602 803/1605 360/1204
f 39/1594 799/1597 1694/1606 802/1603
f 799/1597 353/1188 604/1208 1694/1606
f 1694/1606 604/1208 361/1212 804/1607
f 802/1603 1694/1606 804/1607 46/1604
f 356/1192 800/1599 1695/1608 605/1215
f 800/1599 40/106 940/122 1695/1608
f 1695/1608 940/122 47/126 805/1609
f 605/1215 1695/1608 805/1609 364/1216
f 45/119 801/1601 1696/1610 946/138
f 801/1601 357/1200 610/1220 1696/1610
f 1696/1610 610/1220 365/1224 806/1611
f 946/138 1696/1610 806/1611 52/139
f 360/1204 803/1605 1697/1612 611/1227
f 803/1605 46/1604 807/1613 1697/1612
f 1697/1612 807/1613 53/1614 808/1615
f 611/1227 1697/1612 808/1615 368/1228
f 46/1604 804/1607 1698/1616 807/1613
f 804/1607 361/1212 616/1232 1698/1616
f 1698/1616 616/1232 369/1236 809/1617
f 807/1613 1698/1616 809/1617 53/1614
f 364/1216 805/1609 1699/1618 617/1239
f 805/1609 47/126 950/142 1699/1618
f 1699/1618 950/142 54/146 810/1619
f 617/1239 1699/1618 810/1619 372/1240
f 52/139 806/1611 1700/1620 956/158
f 806/1611 365/1224 622/1244 1700/1620
f 1700/1620 622/1244 373/1248 811/1621
f 956/158 1700/1620 811/1621 59/159
f 368/1228 808/1615 1701/1622 623/1251
f 808/1615 53/1614 812/1623 1701/1622
f 1701/1622 812/1623 60/1624 813/1625
f 623/1251 1701/1622 813/1625 376/1252
f 53/1614 809/1617 1702/1626 812/1623
f 809/1617 369/1236 628/1256 1702/1626
f 1702/1626 628/1256 377/1260 814/1627
f 812/1623 1702/1626 814/1627 60/1624
f 372/1240 810/1619 1703/1628 629/1263
f 810/1619 54/146 960/162 1703/1628
f 1703/1628 960/162 61/166 815/1629
f 629/1263 1703/1628 815/1629 380/1264
f 59/159 811/1621 1704/1630 966/178
f 811/1621 373/1248 634/1268 1704/1630
f 1704/1630 634/1268 381/1272 816/1631
f 966/178 1704/1630 816/1631 66/179
f 376/1252 813/1625 1705/1632 635/1275
f 813/1625 60/1624 817/1633 1705/1632
f 1705/1632 817/1633 67/1634 818/1635
f 635/1275 1705/1632 818/1635 384/1276
f 60/1624 814/1627 1706/1636 817/1633
f 814/1627 377/1260 640/1280 1706/1636
f 1706/1636 640/1280 385/1284 819/1637
f 817/1633 1706/1636 819/1637 67/1634
f 380/1264 815/1629 1707/1638 641/1287
f 815/1629 61/166 970/182 1707/1638
f 1707/1638 970/182 68/186 820/1639
f 641/1287 1707/1638 820/1639 388/1288
f 66/179 816/1631 1708/1640 976/198
f 816/1631 381/1272 646/1292 1708/1640
f 1708/1640 646/1292 389/1296 821/1641
f 976/198 1708/1640 821/1641 73/199
f 384/1276 818/1635 1709/1642 647/1299
f 818/1635 67/1634 822/1643 1709/1642
f 1709/1642 822/1643 74/1644 823/1645
f 647/1299 1709/1642 823/1645 392/1300
f 67/1634 819/1637 1710/1646 822/1643
f 819/1637 385/1284 652/1304 1710/1646
f 1710/1646 652/1304 393/1308 824/1647
f 822/1643 1710/1646 824/1647 74/1644
f 388/1288 820/1639 1711/1648 653/1311
f 820/1639 68/186 980/202 1711/1648
f 1711/1648 980/202 75/206 825/1649
f 653/1311 1711/1648 825/1649 396/1312
f 301/1015 772/1545 1712/1650 512/1026
f 772/1545 3/12 987/218 1712/1650
f 1712/1650 987/218 80/220 826/1651
f 512/1026 1712/1650 826/1651 303/1027
f 4/1550 774/1548 1713/1652 828/1653
f 774/1548 310/1052 530/1058 1713/1652
f 1713/1652 530/1058 312/1062 827/1654
f 828/1653 1713/1652 827/1654 81/1655
f 317/1081 777/1554 1714/1656 544/1092
f 777/1554 4/1550 828/1653 1714/1656
f 1714/1656 828/1653 81/1655 829/1657
f 544/1092 1714/1656 829/1657 319/1093
f 5/16 779/1557 1715/1658 988/223
f 779/1557 326/1118 562/1124 1715/1658
f 1715/1658 562/1124 328/1128 830/1659
f 988/223 1715/1658 830/1659 82/224
f 303/1027 826/1651 1716/1660 515/1032
f 826/1651 80/220 997/238 1716/1660
f 1716/1660 997/238 87/240 831/1661
f 515/1032 1716/1660 831/1661 397/1033
f 81/1655 827/1654 1717/1662 833/1663
f 827/1654 312/1062 533/1064 1717/1662
f 1717/1662 533/1064 400/1068 832/1664
f 833/1663 1717/1662 832/1664 88/1665
f 319/1093 829/1657 1718/1666 547/1098
f 829/1657 81/1655 833/1663 1718/1666
f 1718/1666 833/1663 88/1665 834/1667
f 547/1098 1718/1666 834/1667 401/1099
f 82/224 830/1659 1719/1668 998/243
f 830/1659 328/1128 565/1130 1719/1668
f 1719/1668 565/1130 404/1134 835/1669
f 998/243 1719/1668 835/1669 89/244
f 397/1033 831/1661 1720/1670 656/1317
f 831/1661 87/240 1007/258 1720/1670
f 1720/1670 1007/258 94/260 836/1671
f 656/1317 1720/1670 836/1671 405/1318
f 88/1665 832/1664 1721/1672 838/1673
f 832/1664 400/1068 661/1322 1721/1672
f 1721/1672 661/1322 408/1326 837/1674
f 838/1673 1721/1672 837/1674 95/1675
f 401/1099 834/1667 1722/1676 662/1329
f 834/1667 88/1665 838/1673 1722/1676
f 1722/1676 838/1673 95/1675 839/1677
f 662/1329 1722/1676 839/1677 409/1330
f 89/244 835/1669 1723/1678 1008/263
f 835/1669 404/1134 667/1334 1723/1678
f 1723/1678 667/1334 412/1338 840/1679
f 1008/263 1723/1678 840/1679 96/264
f 405/1318 836/1671 1724/1680 668/1341
f 836/1671 94/260 1017/278 1724/1680
f 1724/1680 1017/278 101/280 841/1681
f 668/1341 1724/1680 841/1681 413/1342
f 95/1675 837/1674 1725/1682 843/1683
f 837/1674 408/1326 673/1346 1725/1682
f 1725/1682 673/1346 416/1350 842/1684
f 843/1683 1725/1682 842/1684 102/1685
f 409/1330 839/1677 1726/1686 674/1353
f 839/1677 95/1675 843/1683 1726/1686
f 1726/1686 843/1683 102/1685 844/1687
f 674/1353 1726/1686 844/1687 417/1354
f 96/264 840/1679 1727/1688 1018/283
f 840/1679 412/1338 679/1358 1727/1688
f 1727/1688 679/1358 420/1362 845/1689
f 1018/283 1727/1688 845/1689 103/284
f 413/1342 841/1681 1728/1690 680/1365
f 841/1681 101/280 1027/298 1728/1690
f 1728/1690 1027/298 108/300 846/1691
f 680/1365 1728/1690 846/1691 422/1366
f 102/1685 842/1684 1729/1692 848/1693
f 842/1684 416/1350 685/1370 1729/1692
f 1729/1692 685/1370 423/1374 847/1694
f 848/1693 1729/1692 847/1694 109/1695
f 417/1354 844/1687 1730/1696 686/1377
f 844/1687 102/1685 848/1693 1730/1696
f 1730/1696 848/1693 109/1695 849/1697
f 686/1377 1730/1696 849/1697 426/1378
f 103/284 845/1689 1731/1698 1028/303
f 845/1689 420/1362 691/1382 1731/1698
f 1731/1698 691/1382 427/1386 850/1699
f 1028/303 1731/1698 850/1699 110/304
f 422/1366 846/1691 1732/1700 692/1389
f 846/1691 108/300 1037/318 1732/1700
f 1732/1700 1037/318 115/320 851/1701
f 692/1389 1732/1700 851/1701 430/1390
f 426/1378 849/1697 1733/1702 698/1401
f 849/1697 109/1695 852/1703 1733/1702
f 1733/1702 852/1703 116/1704 853/1705
f 698/1401 1733/1702 853/1705 432/1402
f 109/1695 847/1694 1734/1706 852/1703
f 847/1694 423/1374 697/1394 1734/1706
f 1734/1706 697/1394 433/1398 854/1707
f 852/1703 1734/1706 854/1707 116/1704
f 110/304 850/1699 1735/1708 1038/323
f 850/1699 427/1386 703/1406 1735/1708
f 1735/1708 703/1406 435/1410 855/1709
f 1038/323 1735/1708 855/1709 117/324
f 434/1396 695/1395 1736/1710 856/1711
f 695/1395 424/1372 770/1542 1736/1710
f 1736/1710 770/1542 421/1368 694/1388
f 856/1711 1736/1710 694/1388 429/1392
f 436/1408 701/1407 1737/1712 857/1713
f 701/1407 428/1384 771/1544 1737/1712
f 1737/1712 771/1544 425/1380 700/1400
f 857/1713 1737/1712 700/1400 431/1404
f 430/1390 851/1701 1738/1714 704/1413
f 851/1701 115/320 1047/338 1738/1714
f 1738/1714 1047/338 122/340 858/1715
f 704/1413 1738/1714 858/1715 438/1414
f 432/1402 853/1705 1739/1716 707/1419
f 853/1705 116/1704 859/1717 1739/1716
f 1739/1716 859/1717 123/1718 860/1719
f 707/1419 1739/1716 860/1719 440/1420
f 116/1704 854/1707 1740/1720 859/1717
f 854/1707 433/1398 712/1424 1740/1720
f 1740/1720 712/1424 441/1428 861/1721
f 859/1717 1740/1720 861/1721 123/1718
f 117/324 855/1709 1741/1722 1048/343
f 855/1709 435/1410 715/1430 1741/1722
f 1741/1722 715/1430 443/1434 862/1723
f 1048/343 1741/1722 862/1723 124/344
f 442/1426 710/1425 1742/1724 863/1725
f 710/1425 434/1396 856/1711 1742/1724
f 1742/1724 856/1711 429/1392 706/1412
f 863/1725 1742/1724 706/1412 437/1416
f 444/1432 713/1431 1743/1726 864/1727
f 713/1431 436/1408 857/1713 1743/1726
f 1743/1726 857/1713 431/1404 709/1418
f 864/1727 1743/1726 709/1418 439/1422
f 438/1414 858/1715 1744/1728 716/1437
f 858/1715 122/340 1057/358 1744/1728
f 1744/1728 1057/358 129/360 865/1729
f 716/1437 1744/1728 865/1729 446/1438
f 440/1420 860/1719 1745/1730 719/1443
f 860/1719 123/1718 866/1731 1745/1730
f 1745/1730 866/1731 130/1732 867/1733
f 719/1443 1745/1730 867/1733 448/1444
f 123/1718 861/1721 1746/1734 866/1731
f 861/1721 441/1428 724/1448 1746/1734
f 1746/1734 724/1448 449/1452 868/1735
f 866/1731 1746/1734 868/1735 130/1732
f 124/344 862/1723 1747/1736 1058/363
f 862/1723 443/1434 727/1454 1747/1736
f 1747/1736 727/1454 451/1458 869/1737
f 1058/363 1747/1736 869/1737 131/364
f 450/1450 722/1449 1748/1738 870/1739
f 722/1449 442/1426 863/1725 1748/1738
f 1748/1738 863/1725 437/1416 718/1436
f 870/1739 1748/1738 718/1436 445/1440
f 452/1456 725/1455 1749/1740 871/1741
f 725/1455 444/1432 864/1727 1749/1740
f 1749/1740 864/1727 439/1422 721/1442
f 871/1741 1749/1740 721/1442 447/1446
f 446/1438 865/1729 1750/1742 728/1461
f 865/1729 129/360 1067/378 1750/1742
f 1750/1742 1067/378 136/380 872/1743
f 728/1461 1750/1742 872/1743 454/1462
f 448/1444 867/1733 1751/1744 731/1467
f 867/1733 130/1732 873/1745 1751/1744
f 1751/1744 873/1745 137/1746 874/1747
f 731/1467 1751/1744 874/1747 456/1468
f 130/1732 868/1735 1752/1748 873/1745
f 868/1735 449/1452 736/1472 1752/1748
f 1752/1748 736/1472 457/1476 875/1749
f 873/1745 1752/1748 875/1749 137/1746
f 131/364 869/1737 1753/1750 1068/383
f 869/1737 451/1458 739/1478 1753/1750
f 1753/1750 739/1478 459/1482 876/1751
f 1068/383 1753/1750 876/1751 138/384
f 445/1440 730/1460 1754/1752 870/1739
f 730/1460 453/1464 877/1753 1754/1752
f 1754/1752 877/1753 458/1474 734/1473
f 870/1739 1754/1752 734/1473 450/1450
f 447/1446 733/1466 1755/1754 871/1741
f 733/1466 455/1470 878/1755 1755/1754
f 1755/1754 878/1755 460/1480 737/1479
f 871/1741 1755/1754 737/1479 452/1456
f 1064/375 134/374 1756/1756 1757/1757
f 135/376 1064/375 1757/1757 1758/1758
f 1066/379 135/376 1758/1758 1759/1759
f 136/380 1066/379 1759/1759 1760/1760
f 872/1743 136/380 1760/1760 1761/1761
f 454/1462 872/1743 1761/1761 1762/1762
f 874/1747 137/1746 1763/1763 1764/1764
f 456/1468 874/1747 1764/1764 1765/1765
f 1069/385 138/384 1766/1766 1767/1767
f 139/386 1069/385 1767/1767 1768/1768
f 1071/389 139/386 1768/1768 1769/1769
f 140/390 1071/389 1769/1769 1770/1770
f 134/374 1148/540 1771/1771 1756/1756
f 1148/540 179/542 1772/1772 1771/1771
f 1149/544 140/390 1770/1770 1773/1773
f 180/545 1149/544 1773/1773 1774/1774
f 179/542 1226/696 1775/1775 1772/1772
f 1226/696 219/698 1776/1776 1775/1775
f 1227/700 180/545 1774/1774 1777/1777
f 220/701 1227/700 1777/1777 1778/1778
f 219/698 1304/852 1779/1779 1776/1776
f 1304/852 259/854 1780/1780 1779/1779
f 1305/856 220/701 1778/1778 1781/1781
f 260/857 1305/856 1781/1781 1782/1782
f 259/854 505/1008 1783/1783 1780/1780
f 505/1008 299/1010 1784/1784 1783/1783
f 506/1012 260/857 1782/1782 1785/1785
f 300/1013 506/1012 1785/1785 1786/1786
f 877/1753 453/1464 1787/1787 1788/1788
f 458/1474 877/1753 1788/1788 1789/1789
f 878/1755 455/1470 1790/1790 1791/1791
f 460/1480 878/1755 1791/1791 1792/1792
f 875/1749 457/1476 1793/1793 1794/1794
f 137/1746 875/1749 1794/1794 1763/1763
f 876/1751 459/1482 1795/1795 1796/1796
f 138/384 876/1751 1796/1796 1766/1766
f 729/1463 454/1462 1762/1762 1797/1797
f 453/1464 729/1463 1797/1797 1787/1787
f 732/1469 456/1468 1765/1765 1798/1798
f 455/1470 732/1469 1798/1798 1790/1790
f 735/1475 458/1474 1789/1789 1799/1799
f 457/1476 735/1475 1799/1799 1793/1793
f 738/1481 460/1480 1792/1792 1800/1800
f 459/1482 738/1481 1800/1800 1795/1795
f 1757/1757 1756/1756 1801/1801 1802/1802
f 1758/1758 1757/1757 1802/1802 1803/1803
f 1759/1759 1758/1758 1803/1803 1804/1804
f 1760/1760 1759/1759 1804/1804 1805/1805
f 1761/1761 1760/1760 1805/1805 1806/1806
f 1762/1762 1761/1761 1806/1806 1807/1807
f 1764/1764 1763/1763 1808/1808 1809/1809
f 1765/1765 1764/1764 1809/1809 1810/1810
f 1767/1767 1766/1766 1811/1811 1812/1812
f 1768/1768 1767/1767 1812/1812 1813/1813
f 1769/1769 1768/1768 1813/1813 1814/1814
f 1770/1770 1769/1769 1814/1814 1815/1815
f 1756/1756 1771/1771 1816/1816 1801/1801
f 1771/1771 1772/1772 1817/1817 1816/1816
f 1773/1773 1770/1770 1815/1815 1818/1818
f 1774/1774 1773/1773 1818/1818 1819/1819
f 1772/1772 1775/1775 1820/1820 1817/1817
f 1775/1775 1776/1776 1821/1821 1820/1820
f 1777/1777 1774/1774 1819/1819 1822/1822
f 1778/1778 1777/1777 1822/1822 1823/1823
f 1776/1776 1779/1779 1824/1824 1821/1821
f 1779/1779 1780/1780 1825/1825 1824/1824
f 1781/1781 1778/1778 1823/1823 1826/1826
f 1782/1782 1781/1781 1826/1826 1827/1827
f 1780/1780 1783/1783 1828/1828 1825/1825
f 1783/1783 1784/1784 1829/1829 1828/1828
f 1785/1785 1782/1782 1827/1827 1830/1830
f 1786/1786 1785/1785 1830/1830 1831/1831
f 1788/1788 1787/1787 1832/1832 1833/1833
f 1789/1789 1788/1788 1833/1833 1834/1834
f 1791/1791 1790/1790 1835/1835 1836/1836
f 1792/1792 1791/1791 1836/1836 1837/1837
f 1794/1794 1793/1793 1838/1838 1839/1839
f 1763/1763 1794/1794 1839/1839 1808/1808
f 1796/1796 1795/1795 1840/1840 1841/1841
f 1766/1766 1796/1796 1841/1841 1811/1811
f 1797/1797 1762/1762 1807/1807 1842/1842
f 1787/1787 1797/1797 1842/1842 1832/1832
f 1798/1798 1765/1765 1810/1810 1843/1843
f 1790/1790 1798/1798 1843/1843 1835/1835
f 1799/1799 1789/1789 1834/1834 1844/1844
f 1793/1793 1799/1799 1844/1844 1838/1838
f 1800/1800 1792/1792 1837/1837 1845/1845
f 1795/1795 1800/1800 1845/1845 1840/1840
f 1802/1802 1801/1801 1846/1846 1847/1847
f 1803/1803 1802/1802 1847/1847 1848/1848
f 1804/1804 1803/1803 1848/1848 1849/1849
f 1805/1805 1804/1804 1849/1849 1850/1850
f 1806/1806 1805/1805 1850/1850 1851/1851
f 1807/1807 1806/1806 1851/1851 1852/1852
f 1809/1809 1808/1808 1853/1853 1854/1854
f 1810/1810 1809/1809 1854/1854 1855/1855
f 1812/1812 1811/1811 1856/1856 1857/1857
f 1813/1813 1812/1812 1857/1857 1858/1858
f 1814/1814 1813/1813 1858/1858 1859/1859
f 1815/1815 1814/1814 1859/1859 1860/1860
f 1801/1801 1816/1816 1861/1861 1846/1846
f 1816/1816 1817/1817 1862/1862 1861/1861
f 1818/1818 1815/1815 1860/1860 1863/1863
f 1819/1819 1818/1818 1863/1863 1864/1864
f 1817/1817 1820/1820 1865/1865 1862/1862
f 1820/1820 1821/1821 1866/1866 1865/1865
f 1822/1822 1819/1819 1864/1864 1867/1867
f 1823/1823 1822/1822 1867/1867 1868/1868
f 1821/1821 1824/1824 1869/1869 1866/1866
f 1824/1824 1825/1825 1870/1870 1869/1869
f 1826/1826 1823/1823 1868/1868 1871/1871
f 1827/1827 1826/1826 1871/1871 1872/1872
f 1825/1825 1828/1828 1873/1873 1870/1870
f 1828/1828 1829/1829 1874/1874 1873/1873
f 1830/1830 1827/1827 1872/1872 1875/1875
f 1831/1831 1830/1830 1875/1875 1876/1876
f 1833/1833 1832/1832 1877/1877 1878/1878
f 1834/1834 1833/1833 1878/1878 1879/1879
f 1836/1836 1835/1835 1880/1880 1881/1881
f 1837/1837 1836/1836 1881/1881 1882/1882
f 1839/1839 1838/1838 1883/1883 1884/1884
f 1808/1808 1839/1839 1884/1884 1853/1853
f 1841/1841 1840/1840 1885/1885 1886/1886
f 1811/1811 1841/1841 1886/1886 1856/1856
f 1842/1842 1807/1807 1852/1852 1887/1887
f 1832/1832 1842/1842 1887/1887 1877/1877
f 1843/1843 1810/1810 1855/1855 1888/1888
f 1835/1835 1843/1843 1888/1888 1880/1880
f 1844/1844 1834/1834 1879/1879 1889/1889
f 1838/1838 1844/1844 1889/1889 1883/1883
f 1845/1845 1837/1837 1882/1882 1890/1890
f 1840/1840 1845/1845 1890/1890 1885/1885
f 1847/1847 1846/1846 1891/1891 1892/1892
f 1848/1848 1847/1847 1892/1892 1893/1893
f 1849/1849 1848/1848 1893/1893 1894/1894
f 1850/1850 1849/1849 1894/1894 1895/1895
f 1851/1851 1850/1850 1895/1895 1896/1896
f 1852/1852 1851/1851 1896/1896 1897/1897
f 1854/1854 1853/1853 1898/1898 1899/1899
f 1855/1855 1854/1854 1899/1899 1900/1900
f 1857/1857 1856/1856 1901/1901 1902/1902
f 1858/1858 1857/1857 1902/1902 1903/1903
f 1859/1859 1858/1858 1903/1903 1904/1904
f 1860/1860 1859/1859 1904/1904 1905/1905
f 1846/1846 1861/1861 1906/1906 1891/1891
f 1861/1861 1862/1862 1907/1907 1906/1906
f 1863/1863 1860/1860 1905/1905 1908/1908
f 1864/1864 1863/1863 1908/1908 1909/1909
f 1862/1862 1865/1865 1910/1910 1907/1907
f 1865/1865 1866/1866 1911/1911 1910/1910
f 1867/1867 1864/1864 1909/1909 1912/1912
f 1868/1868 1867/1867 1912/1912 1913/1913
f 1866/1866 1869/1869 1914/1914 1911/1911
f 1869/1869 1870/1870 1915/1915 1914/1914
f 1871/1871 1868/1868 1913/1913 1916/1916
f 1872/1872 1871/1871 1916/1916 1917/1917
f 1870/1870 1873/1873 1918/1918 1915/1915
f 1873/1873 1874/1874 1919/1919 1918/1918
f 1875/1875 1872/1872 1917/1917 1920/1920
f 1876/1876 1875/1875 1920/1920 1921/1921
f 1878/1878 1877/1877 1922/1922 1923/1923
f 1879/1879 1878/1878 1923/1923 1924/1924
f 1881/1881 1880/1880 1925/1925 1926/1926
f 1882/1882 1881/1881 1926/1926 1927/1927
f 1884/1884 1883/1883 1928/1928 1929/1929
f 1853/1853 1884/1884 1929/1929 1898/1898
f 1886/1886 1885/1885 1930/1930 1931/1931
f 1856/1856 1886/1886 1931/1931 1901/1901
f 1887/1887 1852/1852 1897/1897 1932/1932
f 1877/1877 1887/1887 1932/1932 1922/1922
f 1888/1888 1855/1855 1900/1900 1933/1933
f 1880/1880 1888/1888 1933/1933 1925/1925
f 1889/1889 1879/1879 1924/1924 1934/1934
f 1883/1883 1889/1889 1934/1934 1928/1928
f 1890/1890 1882/1882 1927/1927 1935/1935
f 1885/1885 1890/1890 1935/1935 1930/1930
f 1892/1892 1891/1891 1936/1936 1937/1937
f 1893/1893 1892/1892 1937/1937 1938/1938
f 1894/1894 1893/1893 1938/1938 1939/1939
f 1895/1895 1894/1894 1939/1939 1940/1940
f 1896/1896 1895/1895 1940/1940 1941/1941
f 1897/1897 1896/1896 1941/1941 1942/1942
f 1899/1899 1898/1898 1943/1943 1944/1944
f 1900/1900 1899/1899 1944/1944 1945/1945
f 1902/1902 1901/1901 1946/1946 1947/1947
f 1903/1903 1902/1902 1947/1947 1948/1948
f 1904/1904 1903/1903 1948/1948 1949/1949
f 1905/1905 1904/1904 1949/1949 1950/1950
f 1891/1891 1906/1906 1951/1951 1936/1936
f 1906/1906 1907/1907 1952/1952 1951/1951
f 1908/1908 1905/1905 1950/1950 1953/1953
f 1909/1909 1908/1908 1953/1953 1954/1954
f 1907/1907 1910/1910 1955/1955 1952/1952
f 1910/1910 1911/1911 1956/1956 1955/1955
f 1912/1912 1909/1909 1954/1954 1957/1957
f 1913/1913 1912/1912 1957/1957 1958/1958
f 1911/1911 1914/1914 1959/1959 1956/1956
f 1914/1914 1915/1915 1960/1960 1959/1959
f 1916/1916 1913/1913 1958/1958 1961/1961
f 1917/1917 1916/1916 1961/1961 1962/1962
f 1915/1915 1918/1918 1963/1963 1960/1960
f 1918/1918 1919/1919 1964/1964 1963/1963
f 1920/1920 1917/1917 1962/1962 1965/1965
f 1921/1921 1920/1920 1965/1965 1966/1966
f 1923/1923 1922/1922 1967/1967 1968/1968
f 1924/1924 1923/1923 1968/1968 1969/1969
f 1926/1926 1925/1925 1970/1970 1971/1971
f 1927/1927 1926/1926 1971/1971 1972/1972
f 1929/1929 1928/1928 1973/1973 1974/1974
f 1898/1898 1929/1929 1974/1974 1943/1943
f 1931/1931 1930/1930 1975/1975 1976/1976
f 1901/1901 1931/1931 1976/1976 1946/1946
f 1932/1932 1897/1897 1942/1942 1977/1977
f 1922/1922 1932/1932 1977/1977 1967/1967
f 1933/1933 1900/1900 1945/1945 1978/1978
f 1925/1925 1933/1933 1978/1978 1970/1970
f 1934/1934 1924/1924 1969/1969 1979/1979
f 1928/1928 1934/1934 1979/1979 1973/1973
f 1935/1935 1927/1927 1972/1972 1980/1980
f 1930/1930 1935/1935 1980/1980 1975/1975
f 1937/1937 1936/1936 1981/1981 1982/1982
f 1938/1938 1937/1937 1982/1982 1983/1983
f 1939/1939 1938/1938 1983/1983 1984/1984
f 1940/1940 1939/1939 1984/1984 1985/1985
f 1941/1941 1940/1940 1985/1985 1986/1986
f 1942/1942 1941/1941 1986/1986 1987/1987
f 1944/1944 1943/1943 1988/1988 1989/1989
f 1945/1945 1944/1944 1989/1989 1990/1990
f 1947/1947 1946/1946 1991/1991 1992/1992
f 1948/1948 1947/1947 1992/1992 1993/1993
f 1949/1949 1948/1948 1993/1993 1994/1994
f 1950/1950 1949/1949 1994/1994 1995/1995
f 1936/1936 1951/1951 1996/1996 1981/1981
f 1951/1951 1952/1952 1997/1997 1996/1996
f 1953/1953 1950/1950 1995/1995 1998/1998
f 1954/1954 1953/1953 1998/1998 1999/1999
f 1952/1952 1955/1955 2000/2000 1997/1997
f 1955/1955 1956/1956 2001/2001 2000/2000
f 1957/1957 1954/1954 1999/1999 2002/2002
f 1958/1958 1957/1957 2002/2002 2003/2003
f 1956/1956 1959/1959 2004/2004 2001/2001
f 1959/1959 1960/1960 2005/2005 2004/2004
f 1961/1961 1958/1958 2003/2003 2006/2006
f 1962/1962 1961/1961 2006/2006 2007/2007
f 1960/1960 1963/1963 2008/2008 2005/2005
f 1963/1963 1964/1964 2009/2009 2008/2008
f 1965/1965 1962/1962 2007/2007 2010/2010
f 1966/1966 1965/1965 2010/2010 2011/2011
f 1968/1968 1967/1967 2012/2012 2013/2013
f 1969/1969 1968/1968 2013/2013 2014/2014
f 1971/1971 1970/1970 2015/2015 2016/2016
f 1972/1972 1971/1971 2016/2016 2017/2017
f 1974/1974 1973/1973 2018/2018 2019/2019
f 1943/1943 1974/1974 2019/2019 1988/1988
f 1976/1976 1975/1975 2020/2020 2021/2021
f 1946/1946 1976/1976 2021/2021 1991/1991
f 1977/1977 1942/1942 1987/1987 2022/2022
f 1967/1967 1977/1977 2022/2022 2012/2012
f 1978/1978 1945/1945 1990/1990 2023/2023
f 1970/1970 1978/1978 2023/2023 2015/2015
f 1979/1979 1969/1969 2014/2014 2024/2024
f 1973/1973 1979/1979 2024/2024 2018/2018
f 1980/1980 1972/1972 2017/2017 2025/2025
f 1975/1975 1980/1980 2025/2025 2020/2020
f 1982/1982 1981/1981 2026/2026 2027/2027
f 1983/1983 1982/1982 2027/2027 2028/2028
f 1984/1984 1983/1983 2028/2028 2029/2029
f 1985/1985 1984/1984 2029/2029 2030/2030
f 1986/1986 1985/1985 2030/2030 2031/2031
f 1987/1987 1986/1986 2031/2031 2032/2032
f 1989/1989 1988/1988 2033/2033 2034/2034
f 1990/1990 1989/1989 2034/2034 2035/2035
f 1992/1992 1991/1991 2036/2036 2037/2037
f 1993/1993 1992/1992 2037/2037 2038/2038
f 1994/1994 1993/1993 2038/2038 2039/2039
f 1995/1995 1994/1994 2039/2039 2040/2040
f 1981/1981 1996/1996 2041/2041 2026/2026
f 1996/1996 1997/1997 2042/2042 2041/2041
f 1998/1998 1995/1995 2040/2040 2043/2043
f 1999/1999 1998/1998 2043/2043 2044/2044
f 1997/1997 2000/2000 2045/2045 2042/2042
f 2000/2000 2001/2001 2046/2046 2045/2045
f 2002/2002 1999/1999 2044/2044 2047/2047
f 2003/2003 2002/2002 2047/2047 2048/2048
f 2001/2001 2004/2004 2049/2049 2046/2046
f 2004/2004 2005/2005 2050/2050 2049/2049
f 2006/2006 2003/2003 2048/2048 2051/2051
f 2007/2007 2006/2006 2051/2051 2052/2052
f 2005/2005 2008/2008 2053/2053 2050/2050
f 2008/2008 2009/2009 2054/2054 2053/2053
f 2010/2010 2007/2007 2052/2052 2055/2055
f 2011/2011 2010/2010 2055/2055 2056/2056
f 2013/2013 2012/2012 2057/2057 2058/2058
f 2014/2014 2013/2013 2058/2058 2059/2059
f 2016/2016 2015/2015 2060/2060 2061/2061
f 2017/2017 2016/2016 2061/2061 2062/2062
f 2019/2019 2018/2018 2063/2063 2064/2064
f 1988/1988 2019/2019 2064/2064 2033/2033
f 2021/2021 2020/2020 2065/2065 2066/2066
f 1991/1991 2021/2021 2066/2066 2036/2036
f 2022/2022 1987/1987 2032/2032 2067/2067
f 2012/2012 2022/2022 2067/2067 2057/2057
f 2023/2023 1990/1990 2035/2035 2068/2068
f 2015/2015 2023/2023 2068/2068 2060/2060
f 2024/2024 2014/2014 2059/2059 2069/2069
f 2018/2018 2024/2024 2069/2069 2063/2063
f 2025/2025 2017/2017 2062/2062 2070/2070
f 2020/2020 2025/2025 2070/2070 2065/2065
f 2027/2027 2026/2026 2071/2071 2072/2072
f 2028/2028 2027/2027 2072/2072 2073/2073
f 2029/2029 2028/2028 2073/2073 2074/2074
f 2030/2030 2029/2029 2074/2074 2075/2075
f 2031/2031 2030/2030 2075/2075 2076/2076
f 2032/2032 2031/2031 2076/2076 2077/2077
f 2034/2034 2033/2033 2078/2078 2079/2079
f 2035/2035 2034/2034 2079/2079 2080/2080
f 2037/2037 2036/2036 2081/2081 2082/2082
f 2038/2038 2037/2037 2082/2082 2083/2083
f 2039/2039 2038/2038 2083/2083 2084/2084
f 2040/2040 2039/2039 2084/2084 2085/2085
f 2026/2026 2041/2041 2086/2086 2071/2071
f 2041/2041 2042/2042 2087/2087 2086/2086
f 2043/2043 2040/2040 2085/2085 2088/2088
f 2044/2044 2043/2043 2088/2088 2089/2089
f 2042/2042 2045/2045 2090/2090 2087/2087
f 2045/2045 2046/2046 2091/2091 2090/2090
f 2047/2047 2044/2044 2089/2089 2092/2092
f 2048/2048 2047/2047 2092/2092 2093/2093
f 2046/2046 2049/2049 2094/2094 2091/2091
f 2049/2049 2050/2050 2095/2095 2094/2094
f 2051/2051 2048/2048 2093/2093 2096/2096
f 2052/2052 2051/2051 2096/2096 2097/2097
f 2050/2050 2053/2053 2098/2098 2095/2095
f 2053/2053 2054/2054 2099/2099 2098/2098
f 2055/2055 2052/2052 2097/2097 2100/2100
f 2056/2056 2055/2055 2100/2100 2101/2101
f 2058/2058 2057/2057 2102/2102 2103/2103
f 2059/2059 2058/2058 2103/2103 2104/2104
f 2061/2061 2060/2060 2105/2105 2106/2106
f 2062/2062 2061/2061 2106/2106 2107/2107
f 2064/2064 2063/2063 2108/2108 2109/2109
f 2033/2033 2064/2064 2109/2109 2078/2078
f 2066/2066 2065/2065 2110/2110 2111/2111
f 2036/2036 2066/2066 2111/2111 2081/2081
f 2067/2067 2032/2032 2077/2077 2112/2112
f 2057/2057 2067/2067 2112/2112 2102/2102
f 2068/2068 2035/2035 2080/2080 2113/2113
f 2060/2060 2068/2068 2113/2113 2105/2105
f 2069/2069 2059/2059 2104/2104 2114/2114
f 2063/2063 2069/2069 2114/2114 2108/2108
f 2070/2070 2062/2062 2107/2107 2115/2115
f 2065/2065 2070/2070 2115/2115 2110/2110
