# This file uses centimeters as units for non-parametric coordinates.

v -50.000000 0.000000 50.000000
v -40.000000 0.000000 50.000000
v -30.000000 0.000000 50.000000
v -20.000000 0.000000 50.000000
v -10.000000 0.000000 50.000000
v 0.000000 0.000000 50.000000
v 10.000000 -1.291420 50.000000
v 20.000000 -8.851680 50.000000
v 30.000000 -13.524170 50.000000
v 40.000000 -8.851680 50.000000
v 50.000000 -9.300090 50.000000
v -50.000000 0.000000 40.000000
v -40.000000 0.000000 40.000000
v -30.000000 0.000000 40.000000
v -20.000000 0.000000 40.000000
v -10.000000 0.007871 40.000000
v 0.000000 0.000000 40.000000
v 10.000000 -1.291420 40.000000
v 19.268539 -7.916950 39.977200
v 29.803160 -11.146000 39.973969
v 40.000000 -8.851680 40.000000
v 50.000000 -9.300090 40.000000
v -50.000000 0.000000 30.000000
v -40.000000 0.000000 30.000000
v -30.000000 0.000000 30.000000
v -20.000000 0.152279 30.000000
v -10.000000 0.318295 30.000000
v 0.000000 0.152279 30.000000
v 10.000000 -1.291420 30.000000
v 18.985790 -7.891020 29.968321
v 29.635990 -10.879060 29.955320
v 40.000000 -8.851680 30.000000
v 50.000000 -9.300090 30.000000
v -50.000000 0.000000 20.000000
v -40.000000 0.000000 20.000000
v -30.000000 0.007871 20.000000
v -20.000000 0.311179 20.000000
v -10.000000 0.569630 20.000000
v 0.000000 0.318295 20.000000
v 10.000000 -1.283946 20.000000
v 19.054171 -8.052960 19.934299
v 29.698650 -11.596120 19.870060
v 39.948212 -8.871690 20.006790
v 50.000000 -9.300090 20.000000
v -50.000000 0.000000 10.000000
v -40.000000 0.000000 10.000000
v -30.000000 -0.137674 10.000000
v -20.000000 -0.135487 10.000000
v -10.000000 0.180621 10.000000
v 0.000000 0.152279 10.000000
v 10.000000 -1.291420 10.000000
v 18.859100 -7.778010 9.975970
v 29.216619 -10.716900 9.968140
v 39.694881 -8.945990 10.033760
v 50.000000 -9.300090 10.000000
v -50.000000 0.000000 0.000000
v -40.000000 -0.007116 0.000000
v -30.000000 -0.267658 0.000000
v -20.000000 -0.514995 0.000000
v -10.000000 -0.279895 0.000000
v 0.000000 -0.007116 0.000000
v 10.000000 -1.291420 0.000000
v 18.656670 -7.761360 -0.023440
v 29.094391 -10.902840 -0.028070
v 39.602230 -9.020160 0.004940
v 50.000000 -9.300090 0.000000
v -50.000000 0.000000 -10.000000
v -40.000000 0.389026 -10.000000
v -30.000000 0.676243 -10.000000
v -20.000000 0.101540 -10.000000
v -10.000000 -0.137674 -10.000000
v 0.000000 -0.009880 -10.000000
v 10.000000 -1.291420 -10.000000
v 18.714170 -7.787430 -10.032760
v 29.238400 -11.370940 -10.075610
v 39.636269 -9.003680 -9.973610
v 50.000000 -9.300090 -10.000000
v -50.000000 0.020109 -20.000000
v -40.000000 0.813144 -20.000000
v -30.000000 1.455225 -20.000000
v -20.000000 0.806027 -20.000000
v -10.000000 -0.171034 -20.000000
v 0.000000 -0.399528 -20.000000
v 10.000000 -1.479864 -20.000000
v 18.810671 -7.861840 -20.012630
v 29.367970 -10.987220 -20.014021
v 39.641701 -8.977740 -19.966619
v 50.000000 -9.300090 -20.000000
v -50.000000 0.000000 -30.000000
v -40.000000 0.389026 -30.000000
v -30.000000 0.813144 -30.000000
v -20.000000 0.379146 -30.000000
v -10.000000 -0.399528 -30.000000
v 0.000000 -0.715007 -30.000000
v 10.000000 -1.686662 -30.000000
v 18.792761 -7.919322 -29.981520
v 29.230740 -11.218570 -29.976080
v 39.616940 -9.006730 -29.918980
v 50.000000 -9.300090 -30.000000
v -50.000000 0.000000 -40.000000
v -40.000000 0.000000 -40.000000
v -30.000000 0.020109 -40.000000
v -20.000000 0.000000 -40.000000
v -10.000000 -0.191142 -40.000000
v 0.000000 -0.399528 -40.000000
v 10.000000 -1.479864 -40.000000
v 18.808281 -7.920100 -39.912048
v 29.218719 -11.290520 -39.873032
v 39.634830 -9.080380 -39.805882
v 50.000000 -9.300090 -40.000000
v -50.000000 0.000000 -49.977539
v -40.000000 0.000000 -49.977539
v -30.000000 -0.015243 -49.977539
v -20.000000 0.000000 -49.977539
v -10.000000 0.000000 -49.977539
v 0.000000 -0.029537 -49.977539
v 10.000000 -1.297400 -49.977539
v 18.770350 -7.920290 -49.730461
v 29.159201 -11.386540 -49.626862
v 39.641720 -9.170410 -49.474602
v 50.000000 -9.309940 -49.928471
v 150.000000 0.000000 -49.758808
v 140.000015 0.000000 -49.758808
v 130.000000 0.000000 -49.758808
v 120.000000 0.000000 -49.758808
v 110.000031 0.000000 -49.758808
v 100.000000 0.000000 -49.758808
v 90.000000 -1.303360 -49.758808
v 80.000008 -8.933340 -49.758808
v 70.000000 -13.648940 -49.758808
v 60.000000 -8.933340 -49.758808
v 150.000000 0.000000 -59.758801
v 140.000015 0.000000 -59.758801
v 130.000000 0.000000 -59.758801
v 120.000000 0.000000 -59.758801
v 110.000031 0.000000 -59.758801
v 100.000000 0.000000 -59.758801
v 89.762337 -1.695590 -59.041599
v 80.579453 -7.340990 -58.816051
v 70.160919 -10.206510 -58.629589
v 60.023720 -9.152040 -58.487129
v 49.944401 -9.300240 -58.612831
v 150.000000 0.000000 -69.758797
v 140.000015 0.000000 -69.758797
v 130.000000 0.000000 -69.758797
v 120.000000 0.000000 -69.758797
v 110.000031 0.000000 -69.758797
v 100.000000 0.000000 -69.758797
v 89.718941 -0.794850 -67.784958
v 80.431038 -5.276130 -67.190872
v 70.250641 -7.575130 -67.113274
v 60.070068 -6.964740 -66.655167
v 49.972881 -7.672700 -66.906059
v 150.000000 0.000000 -79.758797
v 140.000015 0.000000 -79.758797
v 130.000000 0.000000 -79.758797
v 120.000000 0.000000 -79.758797
v 110.000031 0.000000 -79.758797
v 100.000000 0.000000 -79.758797
v 90.000000 0.000000 -79.758797
v 80.033463 -0.316810 -81.295029
v 70.062607 -1.059510 -81.688187
v 60.032749 -0.432950 -81.553108
v 50.007950 -0.214150 -81.342979
v 150.000000 0.000000 -89.758812
v 140.000015 0.000000 -89.758812
v 130.000000 0.000000 -89.758812
v 120.000000 0.000000 -89.758812
v 110.000031 0.000000 -89.758812
v 100.000000 0.000000 -89.758812
v 90.000000 0.000000 -89.758812
v 80.000008 0.000000 -89.758812
v 70.000000 0.000000 -89.758812
v 60.000000 0.000000 -89.758812
v 50.000000 0.000000 -89.856941
v 150.000000 0.000000 -99.758812
v 140.000015 0.000000 -99.758812
v 130.000000 0.000000 -99.758812
v 120.000000 0.000000 -99.758812
v 110.000031 0.000000 -99.758812
v 100.000000 0.000000 -99.758812
v 90.000000 0.000000 -99.758812
v 80.000008 0.000000 -99.758812
v 70.000000 0.000000 -99.758812
v 60.000000 0.000000 -99.758812
v 50.000000 0.000000 -99.856949
v 150.000000 0.000000 -109.758812
v 140.000015 0.000000 -109.758812
v 130.000000 0.000000 -109.758812
v 120.000000 0.000000 -109.758812
v 110.000031 0.000000 -109.758812
v 100.000000 0.000000 -109.758812
v 90.000000 0.000000 -109.758812
v 80.000008 0.000000 -109.758812
v 70.000000 0.000000 -109.758812
v 60.000000 0.000000 -109.758812
v 50.000000 0.000000 -109.856941
v 150.000000 0.000000 -119.758820
v 140.000015 0.000000 -119.758820
v 130.000000 0.000000 -119.758820
v 120.000000 0.000000 -119.758820
v 110.000031 0.000000 -119.758820
v 100.000000 0.000000 -119.758820
v 90.000000 0.000000 -119.758820
v 80.000008 0.000000 -119.758820
v 70.000000 0.000000 -119.758820
v 60.000000 0.000000 -119.758820
v 50.000000 0.000000 -119.856956
v 150.000000 0.000000 -129.758804
v 140.000015 0.000000 -129.758804
v 130.000000 0.000000 -129.758804
v 120.000000 0.000000 -129.758804
v 110.000031 0.000000 -129.758804
v 100.000000 0.000000 -129.758804
v 90.000000 0.000000 -129.758804
v 80.000008 0.000000 -129.758804
v 70.000000 0.000000 -129.758804
v 60.000000 0.000000 -129.758804
v 50.000000 0.000000 -129.856934
v 150.000000 0.000000 -139.758804
v 140.000015 0.000000 -139.758804
v 130.000000 0.000000 -139.758804
v 120.000000 0.000000 -139.758804
v 110.000031 0.000000 -139.758804
v 100.000000 0.000000 -139.758804
v 90.000000 0.000000 -139.758804
v 80.000008 0.000000 -139.758804
v 70.000000 0.000000 -139.758804
v 60.000000 0.000000 -139.758804
v 50.000000 0.000000 -139.856934
v 150.000000 0.000000 -149.758820
v 140.000015 0.000000 -149.758820
v 130.000000 0.000000 -149.758820
v 120.000000 0.000000 -149.758820
v 110.000031 0.000000 -149.758820
v 100.000000 0.000000 -149.758820
v 90.000000 0.000000 -149.758820
v 80.000008 0.000000 -149.758820
v 70.000000 0.000000 -149.758820
v 60.000000 0.000000 -149.758820
v 50.000000 0.000000 -149.856918
v -50.000000 0.000000 -59.955078
v -40.000000 -0.286929 -59.955078
v -30.000000 -0.599740 -59.955078
v -20.000000 -0.286929 -59.955078
v -10.000000 -0.370030 -59.955078
v 0.000000 -0.773439 -59.955078
v 10.391700 -1.896055 -59.541199
v 19.000351 -7.675070 -59.282349
v 29.314970 -10.282590 -58.961182
v 39.772179 -8.967990 -58.551998
v -50.000000 -0.015243 -69.955093
v -40.000000 -0.599740 -69.955093
v -30.000000 -1.073315 -69.955093
v -20.000000 -0.619398 -69.955093
v -10.000000 -0.788682 -69.955093
v 0.000000 -1.384171 -69.955093
v 10.264820 -1.658130 -68.054031
v 19.571630 -5.411651 -67.724586
v 29.716459 -7.724810 -67.649773
v 39.844570 -6.821140 -66.878464
v -50.000000 0.000000 -79.955093
v -40.000000 -0.286929 -79.955093
v -30.000000 -0.599740 -79.955093
v -20.000000 -0.286929 -79.955093
v -10.000000 -0.374029 -79.955093
v 0.000000 -0.773439 -79.955093
v 10.028860 -0.274351 -81.488358
v 20.029770 -0.308090 -82.069893
v 29.959110 -1.037970 -82.074303
v 39.944679 -0.321320 -81.767418
v -50.000000 0.000000 -89.955078
v -40.000000 0.000000 -89.955078
v -30.000000 -0.015243 -89.955078
v -20.000000 -0.077690 -89.955078
v -10.000000 -0.162388 -89.955078
v 0.000000 -0.097347 -89.955078
v 10.000000 0.000000 -89.955078
v 20.000000 0.000000 -89.955078
v 30.000000 0.000000 -89.955078
v 40.000000 0.000000 -89.955078
v -50.000000 0.000000 -99.955063
v -40.000000 0.000000 -99.955063
v -30.000000 -0.003999 -99.955063
v -20.000000 -0.162388 -99.955063
v -10.000000 -0.290613 -99.955063
v 0.000000 -0.162388 -99.955063
v 10.000000 -0.003999 -99.955063
v 20.000000 0.000000 -99.955063
v 30.000000 0.000000 -99.955063
v 40.000000 0.000000 -99.955063
v -50.000000 0.000000 -109.955078
v -40.000000 0.000000 -109.955078
v -30.000000 0.000000 -109.955078
v -20.000000 -0.077690 -109.955078
v -10.000000 -0.162388 -109.955078
v 0.000000 -0.077690 -109.955078
v 10.000000 0.000000 -109.955078
v 20.000000 0.000000 -109.955078
v 30.000000 0.000000 -109.955078
v 40.000000 0.000000 -109.955078
v -50.000000 0.000000 -119.955078
v -40.000000 0.000000 -119.955078
v -30.000000 0.000000 -119.955078
v -20.000000 0.000000 -119.955078
v -10.000000 -0.003999 -119.955078
v 0.000000 0.000000 -119.955078
v 10.000000 0.000000 -119.955078
v 20.000000 0.000000 -119.955078
v 30.000000 0.000000 -119.955078
v 40.000000 0.000000 -119.955078
v -50.000000 0.000000 -129.955078
v -40.000000 0.000000 -129.955078
v -30.000000 0.000000 -129.955078
v -20.000000 0.000000 -129.955078
v -10.000000 0.000000 -129.955078
v 0.000000 0.000000 -129.955078
v 10.000000 0.000000 -129.955078
v 20.000000 0.000000 -129.955078
v 30.000000 0.000000 -129.955078
v 40.000000 0.000000 -129.955078
v -50.000000 0.000000 -139.955078
v -40.000000 0.000000 -139.955078
v -30.000000 0.000000 -139.955078
v -20.000000 0.000000 -139.955078
v -10.000000 0.000000 -139.955078
v 0.000000 0.000000 -139.955078
v 10.000000 0.000000 -139.955078
v 20.000000 0.000000 -139.955078
v 30.000000 0.000000 -139.955078
v 40.000000 0.000000 -139.955078
v -50.000000 0.000000 -149.955093
v -40.000000 0.000000 -149.955093
v -30.000000 0.000000 -149.955093
v -20.000000 0.000000 -149.955093
v -10.000000 0.000000 -149.955093
v 0.000000 0.000000 -149.955093
v 10.000000 0.000000 -149.955093
v 20.000000 0.000000 -149.955093
v 30.000000 0.000000 -149.955093
v 40.000000 0.000000 -149.955093
v 150.000000 0.000000 -74.758797
v 140.000015 0.000000 -74.758797
v 130.000000 0.000000 -74.758797
v 120.000000 0.000000 -74.758797
v 110.000031 0.000000 -74.758797
v 100.000000 0.000000 -74.758797
v 90.000000 -0.185960 -74.758797
v 80.215767 -2.836030 -74.504517
v 70.139664 -4.430270 -74.671494
v 60.063938 -3.526810 -74.128731
v 49.979912 -4.098950 -74.431381
v 39.913330 -3.423940 -74.379227
v 29.893970 -4.491750 -75.185272
v 20.001020 -2.795740 -75.022987
v 10.133990 -0.921253 -74.892128
v 0.000000 -1.209428 -74.955093
v -10.000000 -0.660680 -74.955093
v -20.000000 -0.515158 -74.955093
v -30.000000 -0.937815 -74.955093
v -40.000000 -0.507865 -74.955093
v -50.000000 -0.005726 -74.955093
v -60.946320 45.898209 -134.075394
v -59.551090 41.542850 -134.958099
v -57.701950 35.780540 -136.892548
v -51.006611 32.409981 -97.478279
v -53.996841 37.453011 -106.050690
v -53.454819 37.762951 -101.523972
v -57.181561 42.812168 -113.456482
v -56.740211 42.813068 -109.420387
v -56.175282 43.035290 -105.250076
v -59.587429 48.017422 -116.597717
v -59.233040 47.986320 -112.768478
v -58.853680 48.115959 -108.854141
v -58.433990 48.357391 -104.807549
v -62.078041 52.898998 -124.301041
v -61.563869 52.840832 -120.252960
v -61.193958 52.893391 -116.415024
v -60.924011 53.036758 -112.613029
v -60.686630 53.248501 -108.730812
v -65.030090 56.812790 -133.440247
v -64.331848 56.953209 -128.778900
v -63.689339 57.133671 -124.448502
v -63.127110 57.379089 -120.440903
v -62.763088 57.636951 -116.601997
v -62.508709 57.913200 -112.786308
v -62.276821 58.200371 -108.889969
v -66.678131 60.593369 -133.550140
v -66.146240 60.966129 -129.076721
v -65.549667 61.368172 -124.821938
v -65.022072 61.794491 -120.813522
v -64.730461 62.141251 -116.928749
v -64.406487 62.513039 -113.067558
v -67.888840 64.824493 -134.085983
v -67.643562 65.314651 -129.648880
v -67.178719 65.783409 -125.368759
v -66.950111 66.208771 -121.299042
v -66.715530 66.583427 -117.315247
v -67.761810 69.521347 -135.062286
v -67.559517 70.087578 -130.466507
v -67.267052 70.606056 -126.086937
v -66.749077 70.967484 -121.931099
v -66.710381 71.334778 -117.862663
v -65.825272 74.237640 -136.000061
v -65.467140 74.649643 -131.249542
v -65.160210 75.057701 -126.788544
v -64.829552 75.353302 -122.544762
v -62.597031 78.415367 -136.486664
v -62.339802 78.677544 -131.777054
v -62.054630 78.962402 -127.301300
v -61.813511 79.237999 -123.007401
v -59.384178 82.481430 -136.679077
v -59.284592 82.663109 -132.058075
v -59.057232 82.909973 -127.604179
v -57.730011 86.994850 -136.770218
v -57.570820 87.144341 -132.196854
v -57.156120 91.591118 -136.850555
v -57.058601 91.837593 -132.314026
v -56.665890 96.059372 -137.013458
v -54.161282 29.034290 -131.966522
v -53.215912 27.183880 -127.880859
v -52.551788 26.066311 -123.156258
v -52.102100 25.546320 -118.110962
v -51.460178 25.493990 -112.961357
v -50.916569 25.709181 -107.840691
v -48.574120 27.102360 -93.200172
v -45.062691 22.091890 -84.037498
v -42.825439 17.032310 -78.869766
v -42.208248 17.998550 -73.622833
v -41.094509 12.679749 -72.219482
v -40.934399 14.681012 -66.266769
v -41.229630 17.784040 -61.122021
v -56.574760 36.061039 -132.810318
v -55.104382 34.805920 -129.106033
v -53.999249 33.323051 -125.173019
v -53.563290 32.217960 -120.932961
v -53.261791 31.617661 -116.450577
v -52.842381 31.443800 -111.781616
v -52.362949 31.585381 -107.014748
v -51.789028 31.940439 -102.229027
v -58.341171 40.878719 -130.818726
v -56.985458 39.782890 -126.800323
v -55.956532 38.693748 -122.849716
v -55.296059 37.917358 -118.867264
v -54.862629 37.468731 -114.757301
v -54.454708 37.332218 -110.479271
v -59.940571 45.181091 -129.541840
v -58.959999 44.280350 -125.270020
v -58.269791 43.492699 -121.249039
v -57.645309 43.033939 -117.366951
v -62.241329 49.610481 -133.685257
v -61.366638 49.165428 -128.916046
v -60.608021 48.623169 -124.508537
v -60.006130 48.229630 -120.454437
v -63.514351 53.198921 -133.523453
v -62.739571 53.057522 -128.715958
v -43.226051 -1.724492 -76.205559
v -42.659019 -1.259109 -70.631622
v -42.178650 -0.841051 -64.912560
v -42.365082 -1.234652 -59.456718
v -42.676239 -1.999894 -54.489990
v -42.975681 -2.963210 -49.815720
v -43.368820 -3.654180 -45.094181
v -43.757351 -3.800620 -40.234482
v -44.194382 -3.668920 -35.381470
v -44.761040 -3.519640 -30.578699
v -45.274269 -3.530174 -25.815050
v -45.752670 -3.833116 -21.087770
v -46.230141 -4.361341 -16.346300
v -46.682880 -4.947565 -11.566930
v -45.750439 -2.302430 -97.119827
v -46.803280 3.195240 -107.730690
v -46.294121 3.282870 -102.477058
v -45.664982 3.400910 -97.457123
v -47.815880 8.408900 -119.756081
v -47.538639 8.632860 -113.648109
v -47.158562 8.821860 -108.000954
v -46.721432 9.020340 -102.756889
v -46.283878 9.266590 -97.809219
v -50.974388 14.188490 -132.315964
v -50.074009 13.776520 -126.092079
v -49.224281 13.905290 -119.849876
v -48.467670 14.175280 -113.875748
v -47.852982 14.469520 -108.278908
v -47.380291 14.796840 -103.064110
v -46.889500 15.171760 -98.144691
v -53.882912 22.637840 -135.392761
v -52.940128 20.588360 -130.442993
v -51.782200 19.762289 -124.985077
v -50.716030 19.601549 -119.321861
v -49.903801 19.747089 -113.697388
v -49.242889 20.055019 -108.292473
v -48.653889 20.476500 -103.161667
v -47.975170 20.950300 -98.254356
v -50.326431 26.119120 -102.840729
v -49.557499 26.618710 -97.969017
v -45.085892 -2.327510 -92.063972
v -44.369202 -2.260530 -86.940887
v -43.849522 -2.027916 -81.647858
v -44.754089 3.664010 -92.574890
v -43.523540 4.132540 -87.682610
v -42.478390 4.746700 -82.521729
v -41.622952 5.388034 -76.959618
v -40.897800 6.344872 -70.827103
v -45.585621 9.632140 -93.017998
v -44.333031 10.180090 -88.287079
v -42.912720 10.838080 -83.365303
v -41.762409 11.577196 -78.021729
v -46.185051 15.579440 -93.386223
v -45.196709 16.008720 -88.658249
v -43.943668 16.456989 -83.867752
v -47.179729 21.386280 -93.465858
v -46.168129 21.760241 -88.741280
v -50.036301 32.900181 -92.793114
v -52.756210 38.180222 -96.957329
v -52.049122 38.604649 -92.389778
v -51.440521 39.024799 -87.877892
v -50.928761 39.527550 -83.463997
v -55.575859 43.369499 -100.952408
v -55.029861 43.722710 -96.559113
v -54.356960 44.165131 -92.173477
v -53.708271 44.657902 -87.837082
v -53.141949 45.252579 -83.568481
v -52.692188 45.977470 -79.312408
v -52.169250 46.990810 -74.997040
v -58.074059 48.619492 -100.619980
v -57.766880 48.875610 -96.326302
v -57.092918 49.343060 -92.067734
v -56.251671 49.951500 -87.893547
v -55.443260 50.659950 -83.782982
v -54.815552 51.427689 -79.639023
v -54.382061 52.330589 -75.333588
v -54.255020 53.314861 -70.696709
v -54.354610 54.225208 -65.634148
v -60.406658 53.508900 -104.722031
v -60.085548 53.796650 -100.596779
v -59.748051 54.106560 -96.395332
v -59.303249 54.494949 -92.190880
v -58.650501 55.015949 -88.050194
v -57.838810 55.682789 -83.988480
v -57.150028 56.401520 -79.869621
v -56.736290 57.149639 -75.522148
v -56.677502 57.874611 -70.765038
v -56.682110 58.553780 -65.500740
v -56.656250 58.973839 -59.782040
v -56.609150 58.967201 -53.861801
v -61.959042 58.515129 -104.882553
v -61.539951 58.860291 -100.786110
v -61.115799 59.212711 -96.636581
v -60.722790 59.587219 -92.479332
v -60.201019 60.044750 -88.354362
v -59.716530 60.529491 -84.219940
v -59.090969 61.111431 -80.026367
v -58.838100 61.604431 -75.546700
v -58.693489 62.101250 -70.650360
v -58.554878 62.550468 -65.232979
v -58.410629 62.817139 -59.345631
v -58.377590 62.772869 -53.226089
v -58.349079 62.459942 -47.224941
v -58.211281 61.920429 -41.647171
v -64.134651 62.833389 -109.120003
v -63.825668 63.155170 -105.072609
v -63.330872 63.524731 -100.977890
v -62.841190 63.902489 -96.849968
v -62.364120 64.277786 -92.714417
v -61.880600 64.651047 -88.569618
v -61.399830 65.040718 -84.376358
v -61.144440 65.312202 -80.020630
v -60.880482 65.609818 -75.407349
v -60.540970 65.951263 -70.398064
v -60.212078 66.244011 -64.907921
v -60.035339 66.376152 -58.976089
v -59.909340 66.362389 -52.801182
v -59.877811 66.210060 -46.687618
v -59.770641 65.922401 -40.913029
v -59.792080 65.358994 -35.631790
v -59.914921 64.536293 -30.833820
v -66.420502 66.948753 -113.377274
v -66.019623 67.290092 -109.360580
v -65.618813 67.621399 -105.276047
v -65.098663 67.970848 -101.159698
v -64.634804 68.303421 -97.010948
v -64.135658 68.634758 -92.867561
v -63.728230 68.858940 -88.671829
v -63.307701 69.065399 -84.381111
v -62.825489 69.259460 -79.930389
v -62.448219 69.450310 -75.200180
v -61.945160 69.671806 -70.118843
v -61.406551 69.878036 -64.620407
v -61.083900 69.981087 -58.731739
v -60.913460 69.970078 -52.594139
v -60.908970 69.919571 -46.458099
v -60.957211 69.772186 -40.560242
v -61.179859 69.393112 -35.057281
v -61.474270 68.764610 -29.991631
v -61.644218 68.015068 -25.281790
v -62.115780 67.115593 -20.843330
v -66.532944 71.725647 -113.822441
v -66.148827 71.998238 -109.749123
v -65.774521 72.299973 -105.632004
v -65.347511 72.556328 -101.482613
v -64.930298 72.855827 -97.296730
v -64.498840 73.129997 -93.099297
v -64.136772 73.256943 -88.813766
v -63.543240 73.219170 -84.456879
v -63.208549 73.282303 -79.899300
v -62.433571 73.354073 -75.121773
v -62.056480 73.528862 -69.976341
v -61.472431 73.678886 -64.468224
v -61.049412 73.673042 -58.628632
v -61.085781 73.685364 -52.545521
v -61.128441 73.656219 -46.426651
v -61.334690 73.581917 -40.456230
v -61.751770 73.370972 -34.818741
v -62.066360 72.946953 -29.535311
v -62.436298 72.370972 -24.600149
v -62.746552 71.702118 -19.925940
v -63.152939 70.974716 -15.405120
v -63.314091 70.237556 -10.935280
v -64.656441 75.680679 -118.413162
v -64.400383 75.984108 -114.322029
v -64.143967 76.265427 -110.217499
v -63.830841 76.518349 -106.082611
v -63.538311 76.762398 -101.892998
v -63.214939 77.019524 -97.655083
v -62.861431 77.186462 -93.367607
v -62.490921 77.196648 -89.011330
v -62.034111 77.107582 -84.570000
v -61.603748 77.045319 -79.975388
v -61.095772 77.014427 -75.148277
v -60.688568 77.152046 -69.980843
v -60.241451 77.261650 -64.456284
v -59.955719 77.244598 -58.598480
v -59.863560 77.211884 -52.534451
v -60.015900 77.231918 -46.427891
v -60.304550 77.235649 -40.449310
v -60.774071 77.124107 -34.734360
v -61.219521 76.859772 -29.330811
v -61.732620 76.540993 -24.254210
v -62.099281 76.079514 -19.417459
v -62.608021 75.582108 -14.767540
v -62.827679 75.053993 -10.193940
v -63.028641 74.519653 -5.681240
v -63.217171 73.980263 -1.229110
v -61.613750 79.485168 -118.822121
v -61.415211 79.710762 -114.685997
v -61.208591 79.931023 -110.554199
v -61.005169 80.177437 -106.388947
v -60.794441 80.419617 -102.160301
v -60.548290 80.602791 -97.858559
v -60.277111 80.684250 -93.489120
v -59.996521 80.673943 -89.058197
v -59.657009 80.576714 -84.559059
v -59.414719 80.519859 -79.937439
v -59.045330 80.468010 -75.114449
v -58.650799 80.536812 -69.961594
v -58.217220 80.578850 -64.429199
v -57.962360 80.560966 -58.559170
v -57.920380 80.543007 -52.492458
v -58.116589 80.581757 -46.396660
v -58.421421 80.590591 -40.414429
v -58.896141 80.541611 -34.669819
v -59.393429 80.411537 -29.221880
v -59.879372 80.217270 -24.070290
v -60.353321 79.983772 -19.167891
v -60.658779 79.626518 -14.443140
v -60.972290 79.313820 -9.828380
v -61.199020 78.969849 -5.264850
v -61.563511 78.690643 -0.742850
v -61.877708 78.355873 3.727940
v -62.184860 77.948677 8.130920
v -58.848450 83.114922 -123.277298
v -58.758652 83.340889 -119.049202
v -58.638302 83.533707 -114.870613
v -58.542912 83.735397 -110.701477
v -58.433121 83.937622 -106.495087
v -58.309631 84.127228 -102.214478
v -58.142700 84.255951 -97.848610
v -57.939770 84.299469 -93.411621
v -57.781059 84.300468 -88.925308
v -57.489471 84.212486 -84.393089
v -57.349689 84.151123 -79.767899
v -56.982342 84.055313 -74.979950
v -56.633751 84.055229 -69.850616
v -56.317810 84.139732 -64.334450
v -56.159241 84.138100 -58.470520
v -56.188049 84.154518 -52.428699
v -56.241241 84.104668 -46.346901
v -56.600391 84.161453 -40.368649
v -56.921211 84.045502 -34.605141
v -57.388451 83.976822 -29.137980
v -57.810070 83.794037 -23.966570
v -58.238338 83.669220 -19.045111
v -58.427631 83.417038 -14.294220
v -58.596588 83.192719 -9.649970
v -58.778900 83.014931 -5.055200
v -59.024200 82.794083 -0.489250
v -59.235229 82.542877 4.050920
v -59.460041 82.253860 8.554690
v -59.746132 81.908073 12.993050
v -60.077961 81.512482 17.349630
v -57.537491 87.411293 -127.752541
v -57.461941 87.588188 -123.404602
v -57.432060 87.746719 -119.138458
v -57.371342 87.888359 -114.923950
v -57.332760 88.033699 -110.718002
v -57.296341 88.177162 -106.471687
v -57.236149 88.301231 -102.147697
v -57.107441 88.375816 -97.739410
v -56.978340 88.398804 -93.264297
v -56.849232 88.383476 -88.749390
v -56.610550 88.324432 -84.200752
v -56.392139 88.252838 -79.573120
v -56.222012 88.206512 -74.775978
v -55.913620 88.205688 -69.669991
v -55.521999 88.203499 -64.188988
v -55.415199 88.185539 -58.367962
v -55.449810 88.199448 -52.359341
v -55.486000 88.183884 -46.301102
v -55.739128 88.178589 -40.347488
v -56.060101 88.119812 -34.595451
v -56.413090 88.031219 -29.123779
v -56.894051 87.930908 -23.956190
v -57.047749 87.773392 -19.011030
v -57.145130 87.592842 -14.240860
v -57.204262 87.429207 -9.574180
v -57.323502 87.328743 -4.960370
v -57.502762 87.172379 -0.377090
v -57.637871 86.986923 4.187490
v -57.733101 86.768509 8.728650
v -57.837379 86.490822 13.216910
v -57.826302 86.157547 17.632811
v -57.989330 85.898262 21.945320
v -58.107342 85.620354 26.146790
v -56.987259 92.032623 -127.848083
v -56.952259 92.156471 -123.466957
v -56.949951 92.256287 -119.166763
v -56.925289 92.344849 -114.922188
v -56.904259 92.431290 -110.688362
v -56.878700 92.512039 -106.415024
v -56.835480 92.577507 -102.067123
v -56.746540 92.614120 -97.639687
v -56.662560 92.623619 -93.150772
v -56.562210 92.610847 -88.623383
v -56.323929 92.572159 -84.065109
v -56.116150 92.529808 -79.428642
v -55.849590 92.494270 -74.621162
v -55.565990 92.476402 -69.519119
v -55.296970 92.462570 -64.058449
v -55.198502 92.452606 -58.278179
v -55.250389 92.453461 -52.302639
v -55.304379 92.444611 -46.274158
v -55.528130 92.429893 -40.333290
v -55.834789 92.391312 -34.599209
v -56.162769 92.331749 -29.141781
v -56.475689 92.264977 -23.963699
v -56.698158 92.190720 -19.013670
v -56.788361 92.099411 -14.227590
v -56.820358 92.001228 -9.547870
v -56.874939 91.908623 -4.926890
v -56.978722 91.802788 -0.335610
v -57.048019 91.681824 4.237050
v -57.083599 91.544594 8.784030
v -57.148190 91.388390 13.284370
v -57.224209 91.221710 17.712160
v -57.312321 91.064499 22.044500
v -57.411079 90.904381 26.280149
v -57.449711 90.743423 30.460819
v -57.516880 90.599617 34.662579
v -56.575272 96.449722 -132.472305
v -56.519951 96.606163 -127.939018
v -56.511150 96.677429 -123.506241
v -56.503052 96.725906 -119.174919
v -56.491421 96.767929 -114.910698
v -56.479229 96.807182 -110.661362
v -56.466671 96.842461 -106.374779
v -56.443321 96.869652 -102.016663
v -56.393021 96.883949 -97.581718
v -56.333260 96.887238 -93.087860
v -56.240940 96.881302 -88.556557
v -56.060951 96.864410 -83.991730
v -55.834129 96.843658 -79.351479
v -55.581810 96.825241 -74.540100
v -55.323250 96.812187 -69.441269
v -55.075161 96.801521 -63.991859
v -54.978310 96.796028 -58.225159
v -55.020519 96.794502 -52.260521
v -55.091900 96.788078 -46.237999
v -55.312580 96.778519 -40.300179
v -55.609779 96.759079 -34.570881
v -55.904861 96.729118 -29.119740
v -56.165871 96.697601 -23.947720
v -56.338890 96.666382 -19.001169
v -56.414539 96.627571 -14.213650
v -56.440811 96.581596 -9.528420
v -56.461800 96.531631 -4.901800
v -56.509861 96.478249 -0.306430
v -56.560600 96.420952 4.267830
v -56.570469 96.355118 8.814980
v -56.598320 96.285110 13.316140
v -56.642509 96.213570 17.746540
v -56.690071 96.142792 22.086580
v -56.735001 96.070457 26.339500
v -56.753578 95.996201 30.546789
v -56.786880 95.925591 34.783211
v -56.791939 95.838997 39.127041
v -56.807701 95.706291 43.614990
v -44.357700 26.755079 -42.523319
v -45.779961 30.445370 -38.483410
v -46.569149 29.991079 -33.802078
v -47.796871 33.740181 -33.946091
v -48.703838 33.112110 -29.172489
v -50.249451 36.712608 -29.073750
v -51.286621 35.987942 -24.402691
v -52.168221 35.343151 -19.770439
v -52.855480 39.683590 -23.993500
v -53.751068 38.994202 -19.385929
v -54.499420 38.340000 -14.751310
v -55.144001 37.646950 -10.064900
v -56.077480 42.091862 -14.111940
v -56.756222 41.313450 -9.449810
v -57.274521 40.522800 -4.698380
v -58.131451 45.247990 -8.590680
v -58.530460 44.428871 -3.881190
v -58.594158 43.721951 0.909720
v -58.676781 43.060879 5.720790
v -59.506050 48.622620 -2.895360
v -59.588760 47.874310 1.792120
v -59.882408 47.143108 6.506890
v -60.426929 46.400181 11.231050
v -61.091301 45.651218 16.001450
v -61.066341 52.141548 2.699110
v -61.472481 51.356480 7.269460
v -62.056728 50.603222 11.880090
v -62.773739 49.854462 16.561069
v -63.495201 49.162739 21.370131
v -63.194859 55.880329 8.067090
v -63.903229 55.084789 12.497980
v -64.594398 54.337070 17.059031
v -65.132019 53.713600 21.799391
v -65.566521 53.273911 26.706190
v -65.817520 53.028259 31.714531
v -64.678352 60.196098 13.389360
v -65.277313 59.456348 17.773029
v -65.897430 58.825260 22.316071
v -66.519524 58.397621 27.037970
v -66.887909 58.204800 31.915640
v -67.039467 58.199661 36.850052
v -67.166023 58.264969 41.784569
v -64.983910 65.027222 18.786989
v -65.745712 64.396362 23.092730
v -66.596153 63.969650 27.540701
v -67.089188 63.769081 32.193481
v -67.346703 63.764290 36.971180
v -67.503029 63.846020 41.832520
v -67.626572 63.936329 46.790150
v -65.941589 69.795799 28.309170
v -66.409111 69.564720 32.730621
v -66.604759 69.491341 37.309399
v -66.789841 69.514168 42.044418
v -66.984680 69.556160 46.966770
v -67.214699 69.553619 52.111259
v -64.491837 75.215134 33.443539
v -64.676018 75.080292 37.858150
v -64.813721 75.006821 42.466930
v -65.007019 74.991028 47.296791
v -65.220329 74.951759 52.348679
v -61.293041 79.925842 38.389580
v -61.409431 79.789398 42.909939
v -61.507240 79.660431 47.644329
v -61.632481 79.539940 52.559448
v -58.385792 84.727127 43.165409
v -58.307629 84.561378 47.877232
v -58.451439 84.393929 52.729591
v -57.539242 90.108620 48.045109
v -57.559780 89.963982 52.782860
v -56.840141 95.335762 52.890049
v -41.704361 20.481800 -56.837742
v -42.310719 22.324230 -53.221062
v -42.796181 22.904060 -49.654549
v -41.909538 19.667530 -68.344322
v -41.906639 21.950880 -63.373589
v -42.170361 24.159920 -58.850891
v -42.730801 25.764481 -54.715340
v -43.279850 26.585320 -50.723160
v -43.789169 26.839149 -46.697121
v -44.020599 22.559450 -79.315063
v -43.440609 23.396339 -74.481682
v -43.197319 24.796490 -69.613182
v -43.124161 26.630951 -64.857452
v -43.246792 28.428040 -60.325520
v -43.647820 29.754511 -56.008228
v -44.109329 30.501650 -51.785358
v -44.626968 30.757900 -47.511440
v -45.158810 30.703960 -43.081829
v -47.524132 27.503469 -88.506844
v -46.492569 27.889170 -83.903503
v -45.715752 28.390989 -79.340233
v -45.242828 29.221279 -74.761383
v -44.921730 30.478790 -70.157951
v -44.816158 31.981831 -65.570122
v -44.869652 33.385288 -61.091690
v -45.091202 34.365700 -56.736149
v -45.376961 34.844139 -52.418949
v -45.804390 34.879341 -48.025589
v -46.382999 34.624550 -43.478210
v -46.994888 34.249859 -38.750420
v -49.168781 33.327400 -88.163612
v -48.554722 33.730228 -83.614998
v -48.360088 34.185989 -79.121780
v -47.848942 35.121540 -74.673500
v -47.138351 36.490540 -70.250710
v -46.894161 37.860039 -65.718269
v -46.821510 38.999859 -61.215858
v -46.906750 39.631409 -56.788849
v -47.130589 39.698250 -52.401611
v -47.343922 39.379601 -47.953758
v -47.822250 38.774731 -43.379749
v -48.500229 38.089802 -38.658661
v -49.280651 37.423141 -33.843109
v -50.511318 40.203770 -79.107430
v -50.037289 41.199402 -74.732300
v -49.354439 42.570122 -70.301880
v -49.042332 43.903851 -65.679497
v -49.001640 44.854889 -60.971901
v -49.120892 45.168621 -56.299381
v -49.195648 44.893509 -51.716961
v -49.211880 44.194172 -47.180119
v -49.490540 43.211990 -42.623260
v -50.110748 42.181862 -38.000340
v -50.898170 41.274429 -33.300789
v -51.856812 40.445911 -28.620110
v -51.658718 48.278839 -70.490623
v -51.524078 49.483978 -65.665337
v -51.655682 50.226921 -60.604301
v -51.746052 50.351669 -55.510841
v -51.623482 49.913158 -50.558311
v -51.414780 49.009979 -45.821468
v -51.483101 47.775009 -41.259521
v -51.964050 46.496361 -36.786209
v -52.640930 45.402401 -32.277279
v -53.431049 44.486450 -27.735491
v -54.374439 43.641338 -23.221180
v -55.308102 42.845299 -18.700399
v -54.497478 54.779739 -60.208820
v -54.537628 54.801571 -54.652241
v -54.329208 54.339050 -49.261429
v -53.972462 53.469971 -44.243511
v -53.872601 52.241089 -39.617279
v -54.132118 50.924412 -35.240200
v -54.622120 49.753399 -30.915430
v -55.289730 48.740860 -26.561420
v -56.061138 47.822338 -22.167351
v -56.774441 46.973148 -17.707150
v -57.480579 46.118061 -13.188640
v -56.476719 58.547470 -48.098560
v -56.227509 57.787430 -42.779541
v -56.101639 56.714352 -37.984879
v -56.373428 55.437111 -33.616180
v -56.785919 54.244419 -29.404711
v -57.326729 53.171001 -25.191010
v -57.907829 52.185249 -20.899611
v -58.399712 51.273510 -16.505720
v -58.878460 50.368160 -12.041730
v -59.318722 49.455769 -7.515060
v -58.212528 61.070782 -36.630970
v -58.373749 60.007061 -32.100689
v -58.661461 58.899220 -27.839010
v -59.136559 57.801151 -23.667931
v -59.690140 56.734428 -19.456591
v -60.191219 55.717300 -15.152220
v -60.549519 54.756729 -10.765940
v -60.763222 53.833931 -6.325290
v -60.896099 52.954819 -1.838840
v -60.218929 63.547810 -26.394140
v -60.741638 62.486698 -22.148331
v -61.298531 61.421741 -17.931709
v -61.753269 60.405731 -13.659170
v -62.064941 59.440609 -9.338450
v -62.288769 58.490051 -5.007750
v -62.457451 57.569859 -0.670410
v -62.728588 56.694939 3.682930
v -62.552509 66.190804 -16.498680
v -62.905312 65.281601 -12.166070
v -63.092999 64.407669 -7.831070
v -63.201481 63.533489 -3.532170
v -63.418812 62.645012 0.708740
v -63.676399 61.784901 4.916810
v -64.089211 60.972931 9.126820
v -63.430168 69.516312 -6.514690
v -63.591690 68.780357 -2.161240
v -63.713001 68.027130 2.103540
v -63.786610 67.265961 6.284350
v -63.968491 66.504669 10.426050
v -64.451561 65.759789 14.570900
v -63.407028 73.415749 3.132840
v -63.556061 72.820251 7.398640
v -63.834728 72.166679 11.584010
v -64.133057 71.470360 15.748210
v -64.534340 70.782921 19.902340
v -65.231361 70.207878 24.058661
v -62.578529 77.498718 12.449200
v -62.909760 76.916939 16.711760
v -63.183849 76.320671 20.900961
v -63.610470 75.813011 25.032330
v -64.230217 75.507057 29.180969
v -60.375931 81.114647 21.609091
v -60.660561 80.710587 25.773180
v -60.915859 80.353317 29.897280
v -61.121262 80.094742 34.071381
v -58.164101 85.353302 30.287479
v -58.276260 85.133423 34.452888
v -58.342220 84.916328 38.730900
v -57.517410 90.447121 38.967491
v -57.538319 90.284729 43.426159
v -56.819271 95.515198 48.217972
v -50.663799 -7.263990 26.834009
v -50.694351 -7.376570 31.206829
v -50.731209 -7.424850 35.352570
v -50.765839 -7.421110 39.293041
v -48.922932 -2.062000 3.661410
v -49.748100 -2.455030 8.424180
v -50.450180 -2.831890 13.185360
v -50.777328 -3.157440 17.925400
v -50.847618 -3.430450 22.569210
v -50.858501 -3.666080 27.058590
v -50.879509 -3.864890 31.352640
v -50.904919 -4.033110 35.424938
v -50.931969 -4.195150 39.269581
v -47.430779 4.369048 -14.176700
v -47.874779 3.716223 -9.577810
v -48.232750 3.159960 -4.950940
v -48.845188 2.604250 -0.322980
v -49.538071 2.073610 4.332180
v -50.259720 1.561620 9.005160
v -50.846588 1.088620 13.685950
v -51.119518 0.686430 18.344950
v -51.185310 0.338840 22.918760
v -51.188049 0.023460 27.353809
v -51.200249 -0.276400 31.610741
v -51.189861 -0.582260 35.667789
v -51.214611 -0.956240 39.520760
v -44.846210 12.504800 -35.182159
v -45.649349 11.716190 -30.972200
v -46.311199 10.964875 -26.630510
v -46.979759 10.247875 -22.214029
v -47.636688 9.534962 -17.755720
v -48.272221 8.829200 -13.280230
v -48.745979 8.176810 -8.773400
v -49.175892 7.552850 -4.238720
v -49.714489 6.927740 0.323370
v -50.331310 6.305990 4.918710
v -50.978481 5.698510 9.538520
v -51.483509 5.137770 14.174000
v -51.685509 4.652540 18.793461
v -51.728031 4.218270 23.335220
v -51.714500 3.805610 27.755020
v -51.676830 3.389150 32.022419
v -51.639271 2.917140 36.123310
v -51.575451 2.305170 40.048191
v -42.563950 19.352409 -49.298069
v -43.061798 18.907570 -45.959091
v -43.677750 18.408010 -42.308979
v -44.643009 17.801809 -38.452450
v -45.656712 17.104750 -34.398369
v -46.356419 16.366840 -30.150900
v -46.992512 15.605650 -25.806749
v -47.640549 14.852360 -21.408239
v -48.292759 14.120860 -16.984131
v -48.939140 13.404460 -12.551820
v -49.561440 12.695240 -8.105790
v -50.131481 11.992090 -3.624220
v -50.697319 11.288900 0.901980
v -51.278801 10.587130 5.472850
v -51.853550 9.896850 10.075120
v -52.253319 9.257580 14.700450
v -52.434422 8.679760 19.307381
v -52.468330 8.146390 23.848110
v -52.423302 7.625940 28.289009
v -52.309711 7.085290 32.613861
v -52.212940 6.444210 36.820511
v -52.117401 5.598080 40.892879
v -43.341869 22.901791 -46.015110
v -43.960930 22.647631 -42.169991
v -44.740742 22.212681 -38.103161
v -45.846191 21.615549 -33.931271
v -46.837261 20.898470 -29.636259
v -47.579788 20.133530 -25.238831
v -48.247131 19.379169 -20.803829
v -48.906570 18.650141 -16.365971
v -49.567322 17.927521 -11.935160
v -50.222881 17.191330 -7.496960
v -50.892250 16.430820 -3.031410
v -51.549431 15.651440 1.481370
v -52.196220 14.863010 6.041090
v -52.736191 14.095880 10.646690
v -53.120861 13.369200 15.272290
v -53.300690 12.696960 19.887180
v -53.321270 12.062950 24.451099
v -53.223808 11.436890 28.938730
v -53.099510 10.763250 33.345058
v -52.954128 9.983130 37.687141
v -52.780140 9.017170 42.003399
v -45.031139 26.455219 -38.171131
v -45.936352 25.942671 -33.730579
v -46.964241 25.250521 -29.275400
v -47.857342 24.491770 -24.794470
v -48.757980 23.744780 -20.339609
v -49.449928 23.040020 -15.868650
v -50.167068 22.327009 -11.418650
v -50.865101 21.575331 -6.959580
v -51.547981 20.779150 -2.466180
v -52.244732 19.944111 2.068310
v -52.912640 19.091579 6.646560
v -53.613430 18.228781 11.241520
v -53.997429 17.424459 15.887290
v -54.187672 16.665951 20.525080
v -54.185310 15.943520 25.127041
v -54.068741 15.218690 29.667721
v -53.922150 14.442900 34.141151
v -53.726440 13.587590 38.561710
v -53.518841 12.625700 42.965778
v -47.539051 29.338551 -29.155340
v -48.522228 28.599871 -24.574329
v -49.463940 27.880980 -20.052340
v -50.235859 27.208380 -15.542260
v -50.901749 26.529169 -11.030160
v -51.562859 25.780510 -6.503840
v -52.203941 24.965111 -1.942520
v -52.872452 24.098869 2.651420
v -53.554680 23.202299 7.270220
v -54.266499 22.292879 11.897030
v -54.807232 21.407499 16.549200
v -55.059792 20.574680 21.216459
v -55.044220 19.786949 25.861780
v -54.897560 18.996441 30.451731
v -54.704369 18.164410 34.967220
v -54.520020 17.269791 39.407070
v -54.317230 16.345921 43.797329
v -49.726681 32.394852 -24.516510
v -50.620251 31.730289 -19.919260
v -51.368340 31.106359 -15.343260
v -52.019192 30.452400 -10.754290
v -52.640301 29.711981 -6.138120
v -53.182701 28.907881 -1.479950
v -53.677711 28.063101 3.211140
v -54.252071 27.169950 7.903350
v -54.905182 26.251431 12.586150
v -55.574261 25.319929 17.259550
v -55.990940 24.423019 21.952560
v -55.996109 23.599010 26.646721
v -55.825340 22.781830 31.286341
v -55.623451 21.924290 35.833248
v -55.422539 21.016720 40.265961
v -55.209671 20.092260 44.591640
v -52.889290 34.740250 -15.138330
v -53.509312 34.096931 -10.476720
v -54.078861 33.365162 -5.775440
v -54.470440 32.610779 -1.019530
v -54.779060 31.831850 3.759780
v -55.256008 30.978220 8.521840
v -55.818241 30.095510 13.270950
v -56.522369 29.160009 17.992180
v -57.067909 28.231880 22.725109
v -57.110149 27.407009 27.479530
v -56.943741 26.596540 32.180569
v -56.728691 25.748501 36.773682
v -56.499310 24.836670 41.217701
v -56.258572 23.852449 45.486591
v -55.654190 36.910610 -5.311580
v -55.945011 36.189480 -0.497760
v -56.166901 35.464550 4.331490
v -56.504551 34.691891 9.148300
v -57.011318 33.865139 13.950560
v -57.787601 32.937698 18.717520
v -58.444969 32.004101 23.510201
v -58.544182 31.202850 28.347330
v -58.376629 30.439310 33.135792
v -58.124210 29.641159 37.817768
v -57.856800 28.744181 42.342178
v -57.533112 27.693211 46.647621
v -57.448700 39.822289 0.134230
v -57.547070 39.155750 4.979600
v -57.790070 38.453979 9.816660
v -58.395050 37.643452 14.630270
v -59.225079 36.750130 19.441250
v -59.972038 35.847382 24.300911
v -60.145988 35.088902 29.229980
v -59.999130 34.395370 34.125912
v -59.764400 33.666142 38.939480
v -59.480591 32.824200 43.638409
v -59.079170 31.742649 48.176029
v -59.086418 42.341839 10.521610
v -59.740559 41.560928 15.327840
v -60.588692 40.722000 20.164379
v -61.349709 39.899899 25.079700
v -61.613800 39.212421 30.080370
v -61.556068 38.607819 35.073059
v -61.395061 37.986019 40.012970
v -61.196331 37.259949 44.897572
v -60.889938 36.304981 49.755150
v -61.939880 44.868599 20.831230
v -62.618649 44.167488 25.784389
v -62.946541 43.599140 30.823641
v -62.977379 43.133350 35.868778
v -62.942150 42.666649 40.872589
v -62.876228 42.147160 45.833160
v -62.751770 41.529228 50.794369
v -64.089493 48.589779 26.323280
v -64.365211 48.197491 31.375980
v -64.422981 47.922001 36.428558
v -64.443680 47.670311 41.431492
v -64.461670 47.403172 46.369438
v -64.475258 47.114410 51.248531
v -65.903419 52.929150 36.731709
v -65.957001 52.879139 41.704220
v -66.029243 52.823448 46.614922
v -66.099571 52.736671 51.449810
v -67.270027 58.334030 46.714931
v -67.359016 58.335651 51.639889
v -67.756729 63.946178 51.865200
v -47.175018 -5.468710 -6.751720
v -47.713909 -5.886720 -1.867650
v -48.457180 -6.121480 3.026710
v -49.401192 -6.340550 7.861710
v -50.178211 -6.604800 12.696180
v -50.566681 -6.871400 17.523130
v -50.640079 -7.090110 22.259621
v -41.010799 6.313552 -57.087879
v -41.382198 5.005680 -51.886250
v -42.082031 3.889470 -47.287048
v -42.844971 2.976720 -42.926071
v -43.538109 2.305070 -38.505260
v -44.279549 1.825699 -33.974709
v -45.031200 1.487235 -29.358009
v -45.613338 1.131137 -24.674320
v -46.196011 0.629947 -19.986320
v -46.713730 0.005899 -15.294060
v -47.073448 -0.623456 -10.575730
v -47.434280 -1.160940 -5.832020
v -48.000980 -1.632200 -1.071430
v -41.312279 11.883790 -53.633690
v -41.775570 10.504770 -49.126389
v -42.496868 9.437750 -44.894730
v -43.294769 8.505440 -40.773548
v -44.112801 7.667310 -36.592892
v -44.904732 6.922076 -32.285591
v -45.590931 6.301209 -27.844290
v -46.266418 5.700343 -23.323971
v -46.907959 5.051135 -18.763090
v -41.968830 15.886830 -50.771301
v -42.532261 14.883150 -47.011860
v -43.186909 14.078780 -43.182362
v -43.991821 13.296440 -39.251789
v -50.495911 -5.209960 -144.730545
v -49.786831 -4.833740 -137.707657
v -49.112690 -4.149830 -131.073593
v -48.449680 -3.457710 -124.688042
v -47.873920 -2.836870 -118.621902
v -47.414909 -2.481100 -112.904381
v -46.969688 -2.315390 -107.464592
v -46.395790 -2.271360 -102.227020
v -50.464298 0.937740 -145.296646
v -49.215069 1.357520 -138.905182
v -48.133659 1.872770 -132.322235
v -47.557991 2.374560 -125.686821
v -47.292530 2.812230 -119.293922
v -47.140751 3.061790 -113.310661
v -51.134369 8.444810 -145.145081
v -49.663120 8.200450 -139.346680
v -48.616470 8.104940 -132.966400
v -48.055080 8.179880 -126.282120
v -53.627460 17.063860 -142.932404
v -52.218269 15.290320 -138.016281
v -67.009148 60.427349 -138.083664
v -68.032890 63.999512 -138.425415
v -68.237579 68.305092 -139.623337
v -66.202904 73.775902 -141.082184
v -62.681381 78.319420 -141.420547
v -59.279202 82.390587 -141.427017
v -57.565338 86.960449 -141.427017
v -57.134380 91.506119 -141.427017
v -56.726421 95.809128 -141.427017
v -41.134491 14.081830 -58.052059
v -41.687870 17.537451 -54.280201
v -56.166809 100.578056 -137.543945
v -56.069191 101.176338 -132.559616
v -56.066429 101.176353 -127.952538
v -56.063740 101.176353 -123.494301
v -56.061138 101.176353 -119.160339
v -56.058571 101.176353 -114.902168
v -56.056030 101.176353 -110.659950
v -56.053452 101.176353 -106.377274
v -56.050819 101.176353 -102.017273
v -56.048161 101.176353 -97.575920
v -56.025360 101.176353 -93.078857
v -55.929871 101.176353 -88.548050
v -55.775539 101.176353 -83.990891
v -55.565121 101.176353 -79.370117
v -55.328300 101.176353 -74.585190
v -55.076759 101.176353 -69.503082
v -54.844360 101.176353 -64.044502
v -54.748112 101.176353 -58.249180
v -54.789291 101.176338 -52.256500
v -54.884178 101.176331 -46.202961
v -55.098801 101.176353 -40.235790
v -55.376961 101.176353 -34.490952
v -55.640808 101.176353 -29.041611
v -55.866089 101.176353 -23.888741
v -55.980110 101.176353 -18.958710
v -56.057941 101.176353 -14.186880
v -56.069290 101.176331 -9.509640
v -56.069511 101.176331 -4.886830
v -56.069740 101.176331 -0.292190
v -56.069962 101.176331 4.284010
v -56.070171 101.176331 8.835070
v -56.070381 101.176331 13.341550
v -56.070610 101.176331 17.777161
v -56.070808 101.176331 22.119020
v -56.071018 101.176331 26.368059
v -56.071220 101.176331 30.567360
v -56.071419 101.176331 34.799789
v -56.072670 101.166710 39.189350
v -56.082901 101.074387 43.826061
v -56.109291 100.835739 48.470711
v -56.139702 100.560707 53.121990
v -67.457108 69.467056 57.483540
v -65.374123 74.917358 57.578308
v -61.673271 79.494522 57.579048
v -58.183552 84.388474 57.579571
v -57.478130 89.958542 57.579571
v -56.802479 95.293793 57.579571
v -50.802872 -7.137920 43.053638
v -50.934910 -4.333270 42.914330
v -51.145679 -1.471740 43.189011
v -51.450169 1.427990 43.764881
v -51.864552 4.309180 44.675350
v -52.537571 7.861640 46.445789
v -53.263359 11.535330 47.414249
v -54.103191 15.506270 48.199589
v -54.997581 19.307570 48.860809
v -55.968231 22.916651 49.600739
v -57.077202 26.423571 50.677631
v -58.382320 29.899019 52.346840
v -60.390179 34.869362 54.664089
v -62.623249 41.018200 55.912868
v -64.540176 47.003948 56.126171
v -66.154022 52.584721 56.189571
v -67.409866 58.116661 56.526699
v -67.855072 63.642948 57.019218
v -46.905090 -8.029990 -92.140503
v -46.962471 -8.617340 -87.066048
v -47.016830 -9.130220 -81.647034
v -46.849098 -9.188778 -75.696518
v -46.604832 -9.029731 -70.366753
v -46.300732 -8.982495 -65.217201
v -45.940922 -9.239244 -60.521240
v -45.623341 -9.887070 -56.213661
v -45.410660 -10.764610 -51.726330
v -45.262829 -11.207620 -46.053871
v -44.961010 -10.248660 -39.979462
v -44.867630 -9.172090 -35.336399
v -45.059551 -8.482285 -30.750010
v -45.406342 -8.154527 -26.244070
v -45.880379 -8.328738 -21.790279
v -46.482750 -8.824922 -16.972090
v -47.093868 -9.230171 -12.224450
v -47.771198 -9.695380 -7.496330
v -48.439091 -10.128770 -2.332100
v -48.837769 -10.174680 2.768060
v -49.340271 -10.146600 7.605820
v -49.996979 -10.284990 12.408450
v -50.374432 -10.520450 17.284069
v -50.482609 -10.700610 22.100950
v -50.530312 -10.829280 26.734221
v -50.577782 -10.860760 31.209040
v -50.624142 -10.784770 35.430660
v -50.668369 -10.694480 39.429218
v -50.706791 -10.970080 -144.366043
v -50.651211 -10.916180 -136.821457
v -50.427608 -10.342450 -130.035507
v -49.920750 -9.405080 -123.476799
v -49.252869 -8.430610 -117.707893
v -48.603569 -7.873320 -112.341278
v -48.004520 -7.594590 -107.122581
v -47.459141 -7.504190 -101.995644
v -47.059071 -7.629150 -97.056953
v -50.940182 -4.894120 -152.123322
v -51.410011 0.570420 -151.660355
v -52.595440 8.444010 -150.965759
v -54.665482 18.377380 -147.580185
v -57.093121 28.667179 -144.172882
v -59.131680 36.837608 -140.255173
v -60.648090 42.038280 -138.804321
v -61.904350 46.108810 -138.699265
v -63.062851 49.670700 -138.685654
v -64.263649 53.133430 -138.618576
v -65.708771 56.866428 -138.292618
v -50.717548 -10.594050 43.876659
v -56.168839 100.297119 57.579571
v -42.204708 19.751671 -52.033161
v -40.656448 8.240130 -63.455101
v -50.747349 -9.244970 -152.994415
v -55.387932 31.133270 -134.676422
v -56.431648 98.918251 -141.427017
v -55.476501 26.960110 -139.313232
v -58.594971 69.452682 -115.939636
v -55.442261 61.192760 -118.763680
v -52.981682 66.165520 -117.175751
v -49.395828 58.384010 -119.948441
v -43.226681 55.742580 -120.996178
v -37.925209 52.974949 -122.161797
v 99.708611 95.413071 -107.226410
v 96.652328 88.035454 -106.337173
v 92.478271 96.291252 -107.034782
v 90.751938 89.473763 -106.188202
v 88.575859 83.534882 -105.267670
v 86.799423 78.350113 -104.338249
v 86.023857 96.340088 -107.043617
v 85.042717 90.103317 -106.130341
v 83.538643 84.156700 -105.139618
v 82.143250 78.507172 -104.162529
v 81.386391 73.080688 -102.930283
v 80.352997 96.382202 -107.107498
v 79.703430 90.499107 -106.163307
v 78.556328 84.653572 -105.240982
v 77.231728 78.930809 -104.243584
v 76.043701 73.463928 -103.000664
v 75.125366 96.547333 -107.222908
v 74.610252 90.916809 -106.333023
v 73.609703 85.272171 -105.470139
v 72.195480 79.674347 -104.616951
v 70.570023 74.353760 -103.365311
v 69.977249 96.779770 -107.301643
v 69.567909 91.423340 -106.489563
v 68.655098 86.080070 -105.742912
v 67.177658 80.744202 -105.021919
v 64.680199 96.909882 -107.257523
v 64.407059 91.927299 -106.598549
v 63.604900 86.979889 -105.931671
v 62.196770 81.947792 -105.355919
v 59.230541 96.845741 -107.072723
v 59.068920 92.333946 -106.575081
v 58.409389 87.789146 -106.085747
v 57.210621 83.018661 -105.655441
v 53.741470 96.684937 -106.972092
v 53.626690 92.610909 -106.620300
v 53.132370 88.391289 -106.362328
v 48.293621 96.595482 -107.081284
v 48.200321 92.803757 -106.856194
v 47.882332 88.795380 -106.646690
v 42.891571 96.621582 -107.350479
v 42.829479 92.967857 -107.176941
v 37.442558 96.762154 -107.609779
v 37.439880 93.118958 -107.434341
v 31.898540 96.990044 -107.945328
v 31.986429 93.199631 -107.759232
v 26.413130 97.216499 -108.762169
v 21.290501 97.321281 -110.113693
v 16.619869 97.359619 -111.693024
v 86.059982 73.765533 -103.331032
v 91.069702 77.735352 -104.527809
v 93.529228 82.262466 -105.454109
v -62.524738 78.375153 -115.161560
v -63.831970 71.679901 -115.239838
v -65.012444 66.303627 -116.797249
v -11.358220 66.158897 -121.930183
v -10.926910 60.424511 -121.464256
v -5.675800 59.933460 -121.353500
v -0.183640 59.510521 -120.871300
v -11.500250 54.794201 -121.512138
v -5.749610 54.036179 -121.506203
v -12.888930 49.459141 -121.771317
v -65.461403 61.059052 -119.466042
v 14.429440 72.473358 -112.864662
v 16.493099 67.445717 -112.885971
v 8.090710 87.466316 -115.258690
v 8.332090 82.276062 -115.302841
v 8.714990 76.768440 -115.291969
v 10.056770 70.831329 -115.326080
v 13.215260 65.001999 -115.356750
v 3.044520 97.711258 -117.103249
v 3.052930 92.652489 -117.311691
v 3.117150 87.427628 -117.439194
v 3.312790 81.916107 -117.563828
v 3.999290 75.827881 -117.678558
v 6.044600 69.012291 -117.746521
v 10.132930 62.169491 -117.737312
v -2.195000 93.024529 -119.282356
v -7.909080 88.069450 -121.304604
v -2.242330 87.680252 -119.596962
v -7.494960 81.794693 -121.794563
v -1.928900 81.819511 -119.853218
v -5.410470 74.752243 -121.796677
v -0.693380 75.145897 -119.894302
v 2.080560 67.524200 -120.102242
v 7.001990 42.572140 -119.689438
v 3.759560 38.221298 -121.154900
v 6.841770 34.219051 -120.952042
v 73.081848 62.827351 -102.997772
v 71.446831 57.327969 -104.155022
v 66.464302 58.278271 -104.635231
v 65.780998 52.127541 -106.181999
v 65.280403 45.569832 -108.496552
v 64.517021 38.893570 -111.237671
v 61.119400 52.674179 -106.924522
v 60.857800 46.167191 -108.855698
v 60.316059 39.683109 -111.360390
v 59.249222 33.428951 -114.019058
v 57.768059 27.586380 -116.868248
v 56.342682 46.622791 -109.505363
v 55.987339 40.224701 -111.708344
v 55.087662 34.165569 -114.271622
v 53.702591 28.585621 -117.243217
v 51.799191 23.072201 -119.811760
v 49.365959 17.488791 -121.659943
v 46.867661 12.319230 -123.731682
v 51.527649 40.751808 -112.253517
v 50.738831 34.856682 -114.655441
v 49.385010 29.518980 -117.468063
v 47.383289 24.182440 -119.694763
v 44.658020 18.849461 -121.532181
v 41.546001 13.555300 -123.237396
v 39.221272 8.039870 -124.396896
v 38.992119 2.537290 -123.727676
v 46.876331 41.359200 -112.918938
v 46.050301 35.649471 -115.049950
v 44.636372 30.531910 -117.396362
v 42.584808 25.605431 -119.460617
v 39.717640 20.515711 -121.068100
v 36.314480 14.839750 -121.889999
v 33.729050 8.400340 -122.328842
v 33.718849 1.747790 -121.561157
v 40.907242 36.681278 -115.496117
v 39.320011 31.913630 -117.526138
v 37.230862 27.352970 -119.416260
v 34.460629 22.268200 -120.459602
v 31.247610 16.117661 -120.356903
v 28.592190 8.745100 -120.639763
v 33.435600 33.517769 -117.646156
v 31.268021 29.107121 -119.400757
v 28.786091 23.847040 -120.181396
v 26.094259 17.311560 -119.545578
v 24.971830 30.723921 -119.375862
v 22.774860 25.135719 -120.348801
v 20.774969 18.245831 -119.733360
v 16.735609 26.419250 -120.757317
v -60.490211 64.578400 -117.369476
v 165.037964 -1.292300 -126.833160
v 160.459320 -1.697200 -126.334679
v 155.828033 -2.095380 -125.856438
v 151.145203 -2.426390 -125.408920
v 146.428574 -2.719490 -124.938599
v 141.685654 -3.003020 -124.460678
v 136.898895 -3.293410 -123.988243
v 132.000397 -3.599820 -123.526802
v 126.866364 -3.912040 -123.010040
v 121.352417 -4.136380 -122.286041
v 115.323967 -4.342860 -121.561699
v 108.783829 -4.457190 -120.797119
v 101.830383 -4.503500 -120.095016
v 94.633301 -4.518040 -119.514717
v 87.384300 -4.657140 -119.279762
v 80.324272 -4.814250 -119.103241
v 73.672943 -5.003920 -119.216957
v 67.544518 -5.087920 -119.309181
v 61.843571 -5.210720 -119.369019
v 56.283249 -5.457430 -119.464081
v 50.413502 -5.528480 -119.398720
v 43.846649 -5.187110 -119.522339
v 28.413469 0.832620 -119.477020
v 5.557040 51.031311 -119.974098
v -1.494880 47.631271 -121.893044
v 3.312520 45.623581 -120.852158
v -8.940320 44.070259 -122.624222
v -3.776870 43.015579 -122.754898
v 0.466010 41.053848 -121.991043
v -43.390770 42.639660 -129.236557
v -42.070049 40.100101 -130.303574
v -38.097988 42.915100 -128.828918
v -62.557289 48.399921 -125.731537
v -60.643250 41.987469 -128.707642
v -46.318089 40.279541 -128.611404
v -51.072262 31.805300 -130.465958
v -47.784180 34.282841 -129.728104
v -44.943840 36.925388 -129.258896
v 17.587151 1.428710 -118.334778
v 14.214860 10.947770 -119.989540
v 12.664100 2.592250 -119.001541
v -57.432301 48.764111 -124.766899
v -51.693111 48.535610 -125.369881
v -56.027359 42.363571 -126.753662
v -51.053680 43.173721 -127.166222
v -47.058010 43.887791 -127.726761
v -58.413071 35.307468 -130.285477
v -53.979439 36.663879 -128.797897
v -49.724369 38.411049 -128.699707
v -54.835831 29.452400 -131.434967
v -54.542400 93.002724 -117.957481
v -47.971661 95.890549 -119.416679
v -41.216160 97.793159 -120.692322
v -34.579128 98.967346 -121.280403
v -28.507370 99.459106 -121.571442
v -23.103701 99.412949 -121.633324
v -18.034639 99.119339 -121.748817
v -12.850520 98.759773 -121.750038
v -7.482030 98.395844 -120.616638
v -44.647560 90.134468 -119.938721
v -38.841961 93.010681 -121.153961
v -33.067032 94.878113 -121.785957
v -27.655729 95.529449 -121.972679
v -22.756359 95.299080 -121.937462
v -18.043989 94.705902 -121.978821
v -35.862518 88.731689 -121.680000
v -31.226049 90.942062 -122.308441
v -26.801029 91.227379 -122.417603
v -40.665180 85.375481 -120.740578
v -50.087231 86.296669 -118.743340
v -54.398788 81.244263 -117.522530
v -64.112411 54.834518 -122.264778
v -32.995441 85.133301 -122.454224
v -29.667240 82.549538 -123.144676
v -25.926121 80.579628 -123.137001
v -36.733509 81.454468 -121.460938
v -32.652611 78.375420 -121.949341
v -45.039810 81.246117 -119.483322
v -40.108082 77.225456 -120.131821
v -48.420750 76.491859 -118.201141
v -56.745461 75.135239 -116.216438
v -2.094640 98.013229 -118.973022
v -13.058280 94.058678 -121.797081
v -7.684940 93.541008 -120.852760
v -22.713730 90.537712 -122.275520
v -18.456850 89.513969 -122.211662
v -13.500860 88.434837 -122.194603
v -50.800308 71.321793 -117.194382
v -47.050610 63.168270 -118.657700
v -44.844540 67.942108 -118.385498
v -41.147549 60.456249 -120.022362
v -39.080379 65.064148 -119.692680
v -37.181171 69.544884 -119.984657
v -35.416168 57.254940 -121.016541
v -33.458981 62.132580 -120.631538
v -31.761181 66.953682 -120.677483
v -33.445629 50.266010 -122.405403
v -30.259451 54.325020 -121.429962
v -27.988449 59.270302 -121.088760
v -26.488070 64.550507 -121.156799
v -25.165270 69.400978 -121.630783
v -28.501270 47.416809 -121.993439
v -24.990789 51.876850 -121.503418
v -22.637239 57.050850 -121.312119
v -21.306980 62.576450 -121.308037
v -20.287540 67.583183 -121.785362
v -42.729919 72.655869 -119.085876
v -35.176140 74.021156 -120.747459
v -30.162230 71.477951 -121.240402
v -28.315969 75.966667 -122.310562
v -23.754721 73.956444 -122.602501
v -21.748880 78.677460 -123.624237
v -19.276260 71.967308 -122.683319
v -17.124960 76.070862 -123.680603
v -13.292020 71.721748 -122.940964
v -9.811820 73.795151 -123.125458
v -2.651180 67.121521 -121.471237
v 191.272858 12.616650 -134.443817
v 185.581177 18.640631 -134.158173
v 179.853760 30.411230 -131.259003
v 180.180206 24.613541 -132.863495
v 173.943100 35.033379 -129.190262
v 174.623077 29.854919 -130.880081
v 175.102844 24.196720 -132.440094
v 167.906433 38.765820 -126.930260
v 168.783463 34.029518 -128.459167
v 169.551102 29.040970 -130.253143
v 162.123596 42.008362 -124.290604
v 162.913956 37.489288 -125.893822
v 163.791077 32.839272 -127.516037
v 156.550247 45.286339 -121.874458
v 157.221100 40.783901 -123.430817
v 157.993454 36.246620 -124.992241
v 158.890686 31.641560 -126.680717
v 151.143738 48.711079 -119.684761
v 151.694824 44.172150 -121.256783
v 152.320908 39.699299 -122.860039
v 153.112900 35.137211 -124.319458
v 145.195740 57.456249 -116.843910
v 145.829605 52.352551 -117.769157
v 146.344498 47.592201 -119.072182
v 146.817322 43.147850 -120.790138
v 147.413345 38.769260 -122.541359
v 139.906235 61.646439 -115.118172
v 140.576096 56.246220 -115.971199
v 141.102600 51.192009 -117.052406
v 141.491882 46.540932 -118.551918
v 141.904236 42.193260 -120.349442
v 134.602463 66.112572 -113.427032
v 135.331680 60.431171 -114.244530
v 135.944946 55.042702 -115.057770
v 136.364883 50.034470 -116.169296
v 136.636765 45.475601 -117.775597
v 136.986313 41.225300 -119.665138
v 129.240753 70.778687 -111.685890
v 130.053467 64.876900 -112.582909
v 130.743042 59.220009 -113.361801
v 131.267685 53.884312 -114.149338
v 131.560623 48.960171 -115.303108
v 131.737900 44.483559 -116.933342
v 123.676338 75.526917 -110.001556
v 124.687180 69.459351 -110.886269
v 125.491417 63.594341 -111.729050
v 126.107742 57.999969 -112.470619
v 126.545479 52.734428 -113.133301
v 126.711960 47.917252 -114.324249
v 117.589752 80.157494 -108.608910
v 119.035683 73.959732 -109.224190
v 120.106979 67.986069 -110.054497
v 120.867538 62.224190 -110.855942
v 121.387901 56.727829 -111.511253
v 121.731499 51.555859 -112.001083
v 121.787041 46.850861 -113.187943
v 110.434227 84.319771 -107.446167
v 112.712936 77.918533 -107.770912
v 114.348663 72.018158 -108.389732
v 115.448029 66.304512 -109.170670
v 116.133438 60.745461 -109.927620
v 116.543137 55.399979 -110.426117
v 116.759453 50.362919 -110.777122
v 105.507919 80.153442 -106.630562
v 107.989029 74.955528 -106.816360
v 109.685516 69.731827 -107.383171
v 110.741219 64.477173 -108.172142
v 111.342911 59.227089 -108.771690
v 111.634621 54.104511 -109.007332
v 103.537033 71.861137 -105.746246
v 105.153252 67.398331 -106.369110
v 106.157997 62.699772 -107.010300
v 106.630051 57.852551 -107.434441
v 106.669418 53.042358 -107.699448
v 100.914108 65.249222 -105.420250
v 101.876122 61.179810 -105.935799
v 102.115730 56.813850 -106.320023
v 98.097580 60.009651 -105.194977
v 44.630180 67.499191 -106.904442
v 40.600410 68.118263 -107.073158
v 36.659000 68.739449 -107.225723
v 32.720100 69.317917 -107.397697
v 28.688419 69.747169 -107.993797
v 24.478170 69.832863 -109.037048
v 20.263861 69.316139 -110.732780
v 74.924561 68.084412 -102.457283
v 69.001251 69.122330 -102.843750
v 63.556862 70.225151 -103.546333
v 58.659882 71.295197 -104.528664
v 54.154942 72.213760 -105.420753
v 49.829369 72.958870 -105.952888
v 45.602581 73.567451 -106.287979
v 41.425411 74.087914 -106.519829
v 37.243591 74.541847 -106.661453
v 32.962109 74.871010 -106.794090
v 28.496111 74.925072 -107.223137
v 23.854650 74.554482 -108.589798
v 19.112061 73.772690 -110.560333
v 65.300537 75.530144 -103.928619
v 60.343319 76.791069 -104.582138
v 55.623249 77.857681 -105.306389
v 51.029961 78.675537 -105.821083
v 46.518398 79.251190 -106.253723
v 42.047619 79.660019 -106.567192
v 37.551868 79.944008 -106.768112
v 32.944099 80.053413 -107.002922
v 28.187361 79.845749 -107.606361
v 23.337629 79.261581 -108.851562
v 18.442789 78.481720 -110.682327
v 13.549830 77.661148 -112.910660
v 52.237751 83.811882 -106.075951
v 47.319809 84.336578 -106.433670
v 42.472530 84.663002 -106.783142
v 37.620991 84.845703 -107.002838
v 32.684471 84.831871 -107.273048
v 27.677891 84.507980 -107.937027
v 22.754740 83.876984 -109.261726
v 17.937500 83.198402 -111.018158
v 13.171690 82.690964 -113.091560
v 42.707150 89.052948 -107.000160
v 37.534740 89.203934 -107.242477
v 32.301861 89.189003 -107.537216
v 27.093510 88.911469 -108.285660
v 22.105431 88.401253 -109.622047
v 17.386940 87.899857 -111.334641
v 12.792380 87.614792 -113.243843
v 26.606449 93.115120 -108.564079
v 21.553789 92.861000 -109.924728
v 16.885180 92.609070 -111.568443
v 12.410610 92.518967 -113.318939
v 7.885110 92.534233 -115.247017
v 12.206510 97.442879 -113.357162
v 7.763710 97.548882 -115.148666
v 67.557381 63.852852 -103.458382
v 62.330662 64.718361 -104.383499
v 61.535721 58.902359 -105.524338
v 57.557289 65.504509 -105.461563
v 56.801121 59.429218 -106.424667
v 56.448120 53.099239 -107.723747
v 53.079121 66.214821 -106.221672
v 52.245392 59.984581 -107.131638
v 51.834110 53.589531 -108.511269
v 51.784931 47.121040 -110.322472
v 48.785000 66.874443 -106.660728
v 47.836498 60.565651 -107.591591
v 47.300720 54.132660 -109.212723
v 47.173431 47.661079 -111.133034
v 43.610550 61.172340 -107.944839
v 42.893188 54.698780 -109.729218
v 42.504879 48.232521 -111.735748
v 41.953701 42.077808 -113.488312
v 39.603050 61.841690 -108.226532
v 38.702911 55.363522 -110.055222
v 37.899929 48.960381 -112.094727
v 36.847950 43.021969 -113.819580
v 35.342339 37.950642 -115.699303
v 35.797298 62.592602 -108.396332
v 34.791599 56.238289 -110.246803
v 33.548470 50.014938 -112.236389
v 31.857691 44.336830 -113.804047
v 29.721239 39.476429 -115.407982
v 27.340990 35.202229 -117.421120
v 32.114330 63.447659 -108.649529
v 31.134600 57.439110 -110.543327
v 29.575451 51.582951 -112.380577
v 27.348700 46.273979 -113.759811
v 24.615511 41.594551 -115.090363
v 21.691099 37.182091 -116.982384
v 18.935690 32.419552 -119.264557
v 28.455759 64.347107 -109.214729
v 27.533381 58.934959 -111.039413
v 25.852369 53.716820 -112.779091
v 23.385139 48.926399 -113.988480
v 20.341539 44.478298 -115.075058
v 17.067400 39.952209 -116.869308
v 13.825680 34.891708 -119.145683
v 24.765450 65.168320 -110.091751
v 23.744570 60.748772 -111.878120
v 21.943609 56.439240 -113.589890
v 19.548510 52.298100 -114.925331
v 19.791740 63.321030 -112.729408
v 17.554010 60.076900 -114.663094
v 15.150490 56.579472 -116.468613
v 12.455590 52.546360 -117.710693
v 16.655540 48.134312 -116.031967
v 13.485530 43.558128 -117.342644
v 91.284378 72.181992 -103.470230
v 87.138000 69.689819 -102.973534
v 93.750732 61.097858 -104.261200
v 91.763580 63.546539 -103.702858
v 89.485641 66.387260 -103.281670
v 91.380501 57.919331 -104.183411
v 88.606842 60.212158 -103.565224
v 86.076576 56.147270 -103.788521
v 84.063972 51.426060 -104.793167
v 85.554863 63.132259 -103.059059
v 82.539703 58.738110 -103.338516
v 80.254280 53.639271 -104.399719
v 78.670448 47.721779 -106.095253
v 78.341240 61.305279 -102.988579
v 76.123009 55.791019 -104.138046
v 74.629463 49.640202 -105.865417
v 73.614548 42.947010 -108.533577
v 72.609283 35.984112 -111.233109
v 70.339409 51.177738 -105.854500
v 69.541260 44.532162 -108.492157
v 68.592300 37.641708 -111.278084
v 67.317490 31.007959 -113.908249
v 63.300140 32.401711 -113.914879
v 61.755840 26.378719 -116.625839
v 60.070751 20.823351 -119.417877
v 55.977051 22.014481 -119.671799
v 53.882149 16.406811 -121.640419
v 45.154419 7.304440 -125.206482
v 101.966118 85.061142 -106.522972
v 97.868690 79.727913 -105.537666
v 94.520309 75.545403 -104.402832
v 97.058060 63.287270 -104.686028
v 99.361076 68.975883 -104.862411
v 95.428467 66.308861 -104.164284
v 101.164139 76.053810 -105.502747
v 97.280663 72.444603 -104.326576
v 93.457298 69.282043 -103.722298
v 184.530533 100.181160 -117.548576
v 184.430084 94.778320 -117.579361
v 184.386993 89.479378 -117.611969
v 184.508408 84.333794 -117.748672
v 184.982605 79.419937 -118.198181
v 185.873978 74.747910 -118.860237
v 187.136719 70.240822 -119.764557
v 188.337433 65.685097 -120.763237
v 189.335403 61.149780 -121.826103
v 190.302322 56.730080 -123.039001
v 191.473175 52.407768 -124.498100
v 193.011398 47.986359 -126.228241
v 194.586578 43.091110 -128.232407
v 195.636765 37.487160 -130.240997
v 196.112366 31.449160 -132.134125
v 196.327606 25.298870 -133.886459
v 196.576065 19.104620 -134.879898
v 180.060562 100.213760 -117.281250
v 180.087967 94.790039 -117.322227
v 180.186584 89.424339 -117.368782
v 180.416763 84.140953 -117.508080
v 180.857285 78.994041 -117.976318
v 181.567322 74.038399 -118.707764
v 182.522537 69.303757 -119.688240
v 183.551819 64.712677 -120.729897
v 184.539597 60.193050 -121.780518
v 185.527939 55.741879 -123.005463
v 186.635239 51.345070 -124.516098
v 187.901123 46.897739 -126.322021
v 189.146378 42.132011 -128.215546
v 190.089325 36.859402 -130.057419
v 190.616547 31.118900 -131.831467
v 190.826614 25.085350 -133.495804
v 175.424316 100.155998 -117.006279
v 175.562958 94.699951 -117.056839
v 175.769897 89.283478 -117.111000
v 176.070694 83.915512 -117.268944
v 176.496658 78.637741 -117.746002
v 177.088943 73.517357 -118.526543
v 177.856598 68.618927 -119.564941
v 178.739075 63.917358 -120.657204
v 179.658401 59.336739 -121.700539
v 180.596603 54.865238 -122.952179
v 181.601547 50.464680 -124.480240
v 182.680206 46.061249 -126.299957
v 183.748581 41.409599 -128.116074
v 184.636093 36.328270 -129.826920
v 170.614685 99.992928 -116.722137
v 170.845184 94.512573 -116.782890
v 171.136002 89.056236 -116.846313
v 171.495987 83.628128 -117.027412
v 171.930466 78.264427 -117.524437
v 172.464386 73.038902 -118.359398
v 173.119247 68.017723 -119.419922
v 173.879898 63.206310 -120.533318
v 174.704681 58.559181 -121.621536
v 175.566086 54.048149 -122.857399
v 176.467865 49.655369 -124.409462
v 177.414597 45.289429 -126.225418
v 165.671799 99.744179 -116.422173
v 165.968155 94.237000 -116.490562
v 166.323227 88.740891 -116.568527
v 166.738815 83.259064 -116.745720
v 167.198456 77.830544 -117.267143
v 167.712433 72.527687 -118.138283
v 168.301758 67.416451 -119.234657
v 168.976547 62.506069 -120.352257
v 169.719727 57.780819 -121.464684
v 170.506760 53.217899 -122.710938
v 171.324814 48.789688 -124.228760
v 160.654236 99.431160 -115.940224
v 160.988907 93.891479 -116.047203
v 161.395401 88.347649 -116.141731
v 161.861801 82.811760 -116.354919
v 162.357544 77.322952 -116.897049
v 162.877182 71.948723 -117.776237
v 163.438736 66.751251 -118.882660
v 164.069824 61.738491 -119.997864
v 164.771606 56.903011 -121.074539
v 155.626617 99.104019 -115.168030
v 155.981903 93.506119 -115.274231
v 156.435883 87.891670 -115.381310
v 156.950180 82.283310 -115.663612
v 157.485123 76.722427 -116.269577
v 158.017822 71.278603 -117.248062
v 158.586182 65.981056 -118.359138
v 150.581955 98.822304 -114.270119
v 150.981659 93.106644 -114.282227
v 151.500824 87.383987 -114.360840
v 152.078247 81.667931 -114.662666
v 152.656235 76.004402 -115.368279
v 153.214157 70.462791 -116.467621
v 145.469406 98.529831 -113.436974
v 145.962326 92.661530 -113.381233
v 146.583878 86.805817 -113.348122
v 147.258499 80.949150 -113.578217
v 140.327118 98.062851 -112.552856
v 140.964401 92.080002 -112.488472
v 135.256104 97.401733 -111.613548
v 196.957306 12.979650 -134.932037
v 190.954666 18.860069 -134.565598
v 185.192123 30.796860 -131.542542
v 185.428040 24.882950 -133.197723
v 178.380844 40.714588 -127.969139
v 179.249405 35.767090 -129.572861
v 172.174057 44.414371 -126.003479
v 173.072968 39.871609 -127.666138
v 165.526093 52.227558 -122.201317
v 166.292267 47.713730 -123.620918
v 167.065536 43.291199 -125.316719
v 159.220535 60.844292 -119.424561
v 159.932922 55.871460 -120.355659
v 160.679825 51.080109 -121.354042
v 161.404037 46.484970 -122.688400
v 153.809326 65.057121 -117.629608
v 154.473938 59.800892 -118.638161
v 155.201324 54.728790 -119.467880
v 155.909241 49.884171 -120.454399
v 147.873962 75.165192 -114.472359
v 148.479736 69.507652 -115.651840
v 149.120224 63.994511 -116.806831
v 149.816238 58.652431 -117.741249
v 150.522995 53.537560 -118.557320
v 141.699036 86.094261 -112.416229
v 142.486938 80.093330 -112.555000
v 143.157303 74.191582 -113.627312
v 143.807098 68.442612 -114.896729
v 144.496277 62.842480 -115.962532
v 136.006042 91.316528 -111.578308
v 136.853867 85.216927 -111.560951
v 137.718353 79.113998 -111.868782
v 138.458054 73.142662 -113.043640
v 139.185959 67.302788 -114.170769
v 130.214813 96.657654 -110.750198
v 131.053955 90.402092 -110.789421
v 132.027359 84.198738 -110.844833
v 132.985458 78.035103 -111.324051
v 133.816345 72.006119 -112.445747
v 125.186661 95.843918 -109.903999
v 126.104942 89.373062 -109.990051
v 127.231461 83.062111 -110.106880
v 128.302063 76.855362 -110.760658
v 120.094597 95.022583 -109.093422
v 121.093239 88.220352 -109.184914
v 122.440140 81.769768 -109.335327
v 114.517189 94.123222 -108.270981
v 115.873329 86.744560 -108.343697
v 198.229019 1.617120 -130.474655
v 198.890533 -3.616060 -126.710838
v 192.929398 1.151870 -129.862106
v 193.781036 -4.069760 -126.284683
v 187.860184 0.721660 -129.272598
v 188.726547 -4.471490 -125.822563
v 183.040421 0.337480 -128.798813
v 183.857040 -4.779280 -125.470543
v 178.446686 -0.019230 -128.323959
v 179.220886 -5.023700 -125.096680
v 173.988937 -0.418390 -127.813721
v 174.708817 -5.292120 -124.732857
v 169.546295 -0.849200 -127.296402
v 170.195999 -5.567410 -124.360397
v 165.612305 -5.838740 -123.991142
v 160.953461 -6.106200 -123.624260
v 156.234634 -6.289090 -123.126183
v 151.461243 -6.517330 -122.835762
v 146.674393 -6.718110 -122.538361
v 141.878799 -6.887360 -122.211578
v 137.050674 -7.079460 -121.875702
v 132.120819 -7.292360 -121.569763
v 126.962700 -7.467790 -121.129303
v 121.419037 -7.629760 -120.540817
v 115.368050 -7.778760 -119.945099
v 108.814919 -7.880030 -119.269676
v 101.857971 -7.966180 -118.699677
v 94.707001 -8.006080 -118.064957
v 87.527496 -8.130810 -117.788902
v 80.529518 -8.288120 -117.624619
v 73.929031 -8.468130 -117.680717
v 67.860832 -8.577450 -117.670563
v 62.196579 -8.721110 -117.673752
v 56.526562 -8.915300 -117.622749
v 50.176048 -9.006090 -117.478111
v 42.296661 -8.689270 -117.388481
v -46.477661 47.673489 -125.849762
v -42.848202 46.936470 -126.916397
v -40.361629 45.586029 -128.406235
v 10.553610 20.037161 -121.459999
v 9.613530 12.241310 -121.010643
v 8.163620 4.790890 -120.285179
v 197.521820 7.045600 -133.594574
v 191.959396 6.602010 -132.978745
v 185.964279 12.286360 -133.954376
v 186.774902 6.162320 -132.415985
v 180.459366 18.393499 -133.732162
v 180.988541 11.987770 -133.486038
v 181.917603 5.790250 -131.921677
v 175.579956 18.033859 -133.183334
v 176.288940 11.630740 -132.887436
v 177.312805 5.392960 -131.412354
v 170.219574 23.551741 -131.830353
v 170.935593 17.482941 -132.375381
v 171.811996 11.150460 -132.028183
v 172.889999 4.969160 -130.674286
v 164.641220 28.035379 -129.491455
v 165.503403 22.714420 -131.088440
v 166.448196 16.780890 -131.444687
v 167.457535 10.568170 -131.041443
v 168.535126 4.475010 -129.924683
v 159.858047 26.928761 -128.640686
v 160.881042 21.766270 -130.258865
v 161.994415 15.986800 -130.587814
v 163.081955 9.906220 -130.232407
v 164.113663 3.907940 -129.385483
v 154.069473 30.509529 -125.905640
v 155.125595 25.832010 -127.833221
v 156.281754 20.767941 -129.414062
v 157.517593 15.137690 -129.799606
v 158.643463 9.199630 -129.615967
v 159.617798 3.332260 -128.860199
v 148.245407 34.200340 -123.910820
v 149.278366 29.504740 -125.284401
v 150.416824 24.784491 -127.108757
v 151.676056 19.748220 -128.633224
v 152.992966 14.240920 -129.180725
v 154.162384 8.461210 -129.089462
v 155.101318 2.775320 -128.272934
v 142.490540 37.912140 -122.218498
v 143.383316 33.364552 -123.587997
v 144.494034 28.627390 -124.865181
v 145.709824 23.831881 -126.600677
v 147.053040 18.758801 -128.071426
v 148.434006 13.326510 -128.741577
v 149.625320 7.711380 -128.741074
v 150.523575 2.248540 -127.821503
v 137.587967 36.997959 -121.567719
v 138.541687 32.496132 -123.057961
v 139.732986 27.762600 -124.447403
v 141.031906 22.914709 -126.191841
v 142.453674 17.794849 -127.612617
v 143.874344 12.420020 -128.318893
v 145.053253 6.962530 -128.383362
v 145.893127 1.727220 -127.365761
v 132.058960 40.283020 -118.834396
v 132.719604 36.024071 -120.655098
v 133.746078 31.514320 -122.230583
v 135.006516 26.800440 -123.864677
v 136.396057 21.941799 -125.725540
v 137.889404 16.824751 -127.184036
v 139.320496 11.530400 -127.922180
v 140.456604 6.244420 -127.954277
v 141.227097 1.245210 -126.836823
v 126.802299 43.538700 -116.010017
v 127.129379 39.333481 -117.861702
v 127.860962 35.001701 -119.632278
v 128.963013 30.439720 -121.332100
v 130.297958 25.718950 -123.206039
v 131.795685 20.852020 -125.139557
v 133.352478 15.790120 -126.674896
v 134.756744 10.622010 -127.511139
v 135.819534 5.521310 -127.526360
v 136.514175 0.761680 -126.309761
v 121.818161 42.554420 -114.895470
v 122.174522 38.327671 -116.736221
v 123.008003 33.887131 -118.500542
v 124.185600 29.261980 -120.436462
v 125.604378 24.505911 -122.523361
v 127.222504 19.602270 -124.406082
v 128.808304 14.644680 -126.012482
v 130.126938 9.668970 -127.010597
v 131.078903 4.783920 -127.037079
v 131.683487 0.272320 -125.766220
v 116.708389 45.760509 -111.911858
v 116.703751 41.514481 -113.644409
v 117.151253 37.209831 -115.477722
v 118.127823 32.652401 -117.357590
v 119.436203 27.931850 -119.516502
v 120.944122 23.124451 -121.797821
v 122.632843 18.190611 -123.606262
v 124.151680 13.382830 -125.288422
v 125.314598 8.658150 -126.423660
v 126.121841 4.052070 -126.366318
v 126.618080 -0.188780 -125.084778
v 111.629158 49.243328 -109.432999
v 111.398941 44.766701 -110.701477
v 111.408157 40.464409 -112.413406
v 112.014549 35.987942 -114.270981
v 113.187691 31.281340 -116.354218
v 114.672028 26.457270 -118.709679
v 116.267250 21.601070 -121.078537
v 117.894577 16.715340 -122.911041
v 119.226761 12.083040 -124.597542
v 120.150902 7.639490 -125.803284
v 120.778183 3.327520 -125.642616
v 121.164818 -0.615480 -124.306602
v 106.346169 48.414322 -108.378891
v 105.975113 43.957870 -109.637329
v 106.016022 39.445599 -111.340218
v 106.810379 34.651039 -113.241020
v 108.176003 29.741079 -115.562424
v 109.787857 24.849800 -118.091179
v 111.380913 20.036520 -120.481758
v 112.791420 15.349560 -122.433159
v 113.826439 10.954490 -124.078682
v 114.476280 6.769070 -125.156616
v 114.907272 2.747970 -124.827583
v 115.198448 -0.925010 -123.430138
v 101.817467 52.360519 -106.669121
v 101.190018 47.931190 -107.485718
v 100.668030 43.363892 -108.724838
v 100.716614 38.476631 -110.438499
v 101.582001 33.279598 -112.521912
v 103.000420 28.142891 -115.084221
v 104.558472 23.257931 -117.754936
v 105.976562 18.633110 -120.150421
v 107.094673 14.248420 -122.083061
v 107.818001 10.117290 -123.554741
v 108.232162 6.188060 -124.284264
v 108.480392 2.368690 -124.044456
v 108.694801 -1.122000 -122.600983
v 97.977669 56.240879 -105.497192
v 97.278809 52.176750 -105.854500
v 96.366341 47.865711 -106.675591
v 95.669724 43.102470 -107.957733
v 95.595467 37.821999 -109.886436
v 96.323669 32.197769 -112.199249
v 97.518913 26.850830 -114.998466
v 98.771858 22.009790 -117.774017
v 99.866722 17.566250 -120.040298
v 100.672798 13.490770 -121.870018
v 101.150833 9.644250 -123.192398
v 101.403839 5.900840 -123.851501
v 101.592339 2.229540 -123.274300
v 101.752083 -1.180700 -121.840759
v 94.362877 56.402500 -104.812172
v 93.166023 52.682491 -105.121117
v 91.945503 48.394348 -105.956833
v 91.036407 43.403870 -107.363297
v 90.733093 37.708302 -109.425591
v 91.093521 31.663111 -111.904114
v 91.793419 26.097651 -114.914833
v 92.526062 21.223391 -117.754623
v 93.180618 16.852900 -119.908539
v 93.682442 12.974140 -121.677399
v 94.007278 9.302450 -122.899963
v 94.220413 5.673970 -123.133057
v 94.375748 2.120090 -122.716164
v 94.522888 -1.242810 -121.317238
v 89.498703 54.051579 -104.369888
v 87.887703 49.603451 -105.300362
v 86.725937 44.343090 -106.842232
v 86.125389 38.276451 -109.002327
v 85.999580 31.853930 -111.527283
v 86.080971 26.023041 -114.622383
v 86.191330 20.998381 -117.540077
v 86.338058 16.552040 -119.714157
v 86.522438 12.653480 -121.453537
v 86.717484 9.057340 -122.810463
v 86.884247 5.415820 -123.328362
v 87.056137 1.945920 -122.598457
v 87.222198 -1.326220 -120.979820
v 82.644218 45.847050 -106.426620
v 81.763527 39.484798 -108.703217
v 81.188393 32.783390 -111.229980
v 80.698631 26.641319 -114.210220
v 80.220093 21.390471 -117.204361
v 79.840820 16.753771 -119.540359
v 79.658249 12.684150 -121.398277
v 79.678299 8.960650 -122.722237
v 79.800453 5.320710 -123.066017
v 79.951027 1.852350 -122.321358
v 80.113449 -1.542520 -120.966721
v 77.609451 41.094070 -108.454613
v 76.745491 34.256039 -111.150551
v 75.824547 27.847389 -113.933479
v 74.871246 22.284000 -116.804863
v 74.010582 17.384760 -119.295319
v 73.419121 13.057230 -121.417038
v 73.184708 9.118810 -123.045677
v 73.165039 5.339370 -123.352119
v 73.292580 1.670110 -122.892761
v 73.418999 -1.626440 -121.060059
v 71.427803 29.401230 -113.890251
v 70.127678 23.550211 -116.556221
v 68.874908 18.339331 -119.043541
v 67.876694 13.680580 -121.307762
v 67.299339 9.544770 -123.289978
v 67.096962 5.523000 -124.114243
v 67.093102 1.741410 -123.212921
v 67.236389 -1.698730 -121.375938
v 65.819427 24.982510 -116.518059
v 64.296249 19.556881 -119.140999
v 62.912811 14.488300 -121.293762
v 61.948570 10.036410 -123.410622
v 61.454842 5.720870 -124.281898
v 61.339039 1.830980 -123.488457
v 61.500702 -1.797480 -121.643539
v 58.325539 15.421020 -121.506439
v 56.922508 10.563510 -123.577103
v 56.132820 5.983910 -125.001198
v 55.906029 1.722460 -124.114899
v 56.028118 -1.939050 -121.851601
v 51.975990 11.302640 -123.694557
v 50.781929 6.480840 -125.187958
v 50.466480 1.898080 -124.356461
v 50.579762 -1.944870 -121.956223
v 44.798050 2.253340 -124.521584
v 45.074139 -1.702260 -122.064079
v 23.391991 -6.519130 -116.585388
v 16.495140 -6.236180 -116.470520
v -7.129040 66.692123 -122.073959
v 9.979270 47.470169 -118.461243
v 10.142040 38.735519 -119.077141
v 23.754259 9.344030 -119.577316
v 37.179550 -3.344180 -120.092102
v -27.152121 86.764038 -122.831078
v -23.698030 85.440750 -122.749237
v -19.531530 83.821663 -122.759262
v -15.676980 66.196968 -121.846458
v -16.131269 61.175041 -121.434181
v -17.122940 55.608681 -121.423180
v -19.097380 50.229691 -121.561043
v -22.230360 45.311279 -122.253723
v 0.047550 52.923130 -120.983597
v -7.055980 48.867748 -121.925003
v -15.261360 44.589722 -122.500603
v -67.243080 47.741348 -126.892082
v -65.508957 41.186359 -129.844955
v -62.924900 33.432610 -132.734085
v -58.395920 27.143471 -133.119217
v 32.607201 -12.679730 -115.458878
v 23.376640 -12.831900 -115.007362
v 16.094650 -12.946990 -114.664810
v 9.738740 -12.469050 -114.465622
v 188.913818 100.018562 -117.805122
v 188.655136 94.615173 -117.821182
v 188.415344 89.408241 -117.842377
v 188.311325 84.335297 -117.941040
v 188.852783 79.895363 -118.304619
v 189.905014 75.789970 -118.860039
v 191.666183 71.914131 -119.659462
v 193.180359 66.858040 -120.741318
v 194.104279 62.043381 -121.845963
v 194.917892 57.737942 -122.982323
v 196.003235 53.773350 -124.237602
v 197.860046 49.761879 -125.824463
v 200.133682 44.720631 -127.973221
v 201.392242 38.291931 -130.364441
v 201.661224 31.717541 -132.474823
v 201.835815 25.604919 -134.215439
v 202.316055 19.519520 -135.307755
v 202.930634 13.434030 -135.448807
v 203.407181 7.340480 -134.145004
v 203.702744 1.887930 -130.932526
v 203.985214 -3.284110 -126.905602
v -63.305859 99.312286 -114.838722
v -56.506989 101.909920 -116.997917
v -49.340721 102.587173 -119.289238
v -41.988239 102.947922 -120.526237
v -34.916389 103.033661 -120.910179
v -28.584021 103.084549 -121.220177
v -23.145550 103.045990 -121.411598
v -18.095240 102.994530 -121.575104
v -12.880460 102.941406 -121.743919
v -7.472720 102.860893 -120.362297
v -2.006070 102.774841 -118.680901
v 3.180710 102.670982 -116.918083
v -67.688820 87.826447 -113.904388
v -68.246269 78.885452 -113.860451
v -68.671570 72.126411 -114.262360
v -69.091393 66.950150 -116.579880
v -69.199951 61.670792 -120.051781
v -68.692482 54.840679 -123.440201
v 184.614319 105.649117 -117.514328
v 180.108459 105.677116 -117.243858
v 175.366196 105.657227 -116.959999
v 170.423325 105.502083 -116.666092
v 165.419373 105.274139 -116.367622
v 160.324753 104.964241 -115.920158
v 155.312653 104.653320 -115.089058
v 150.395538 104.526627 -114.166313
v 145.263687 104.490791 -113.541672
v 139.600479 104.097588 -112.661613
v 134.596756 103.470863 -111.660637
v 0.320150 34.782730 -122.602501
v 3.028970 31.384809 -122.328957
v 5.541850 26.511749 -122.531242
v 6.378430 20.165890 -122.692398
v 5.352460 13.272940 -122.597763
v 3.354600 6.095050 -122.119904
v 2.827090 -1.666750 -119.512001
v 4.031930 -7.165270 -116.513496
v 199.514465 -9.337940 -123.721024
v 194.426239 -9.720760 -123.438858
v 189.119476 -10.063570 -123.150879
v 184.166504 -10.189840 -122.903442
v 179.535156 -10.265770 -122.676598
v 175.028427 -10.339670 -122.455818
v 170.496094 -10.413980 -122.233856
v 165.879776 -10.489670 -122.007721
v 161.182922 -10.566680 -121.777679
v 156.418045 -10.644800 -121.544281
v 151.608673 -10.723650 -121.308723
v 146.796753 -10.802540 -121.073036
v 141.991180 -10.881340 -120.837662
v 137.167007 -10.960440 -120.599457
v 132.260178 -11.040920 -120.337723
v 127.132843 -11.125060 -120.004356
v 121.602303 -11.215860 -119.579758
v 115.558701 -11.315150 -119.008102
v 108.976387 -11.423350 -118.365700
v 101.973778 -11.538390 -117.738937
v 94.784088 -11.656370 -117.248268
v 87.594551 -11.774270 -116.875702
v 80.565117 -11.889390 -116.695801
v 73.937340 -11.997810 -116.683800
v 67.919197 -12.096240 -116.685638
v 62.368771 -12.187050 -116.668190
v 56.806240 -12.278550 -116.566589
v 50.563278 -12.381600 -116.338112
v 42.585812 -12.513880 -115.948158
v -50.291721 24.898371 -132.984680
v -47.725651 27.679649 -130.833099
v -45.533600 30.366590 -129.632660
v -43.269791 33.382462 -129.988602
v -40.200150 36.694859 -131.131454
v -35.390808 39.559261 -129.998596
v -17.572981 40.671631 -125.243523
v -10.687750 39.953480 -124.749519
v -5.557220 38.549469 -123.918678
v -2.136890 36.765308 -123.097603
v -51.315731 53.628529 -122.483963
v -45.095539 51.338879 -122.986099
v -40.545330 49.691109 -124.437241
v -37.037849 47.477310 -124.920601
v -33.175732 44.478310 -125.024857
v 129.544083 102.979980 -110.743797
v 124.401283 102.451157 -109.844528
v 119.755402 102.112793 -109.103081
v 114.875862 102.306053 -108.481438
v 109.297668 103.115082 -108.027344
v 100.803047 104.607689 -107.946701
v 92.093613 103.737770 -107.808250
v 85.751328 102.621536 -107.901299
v 80.307297 102.250320 -108.032021
v 75.264160 102.175148 -108.087410
v 70.147049 102.239479 -108.081749
v 64.568970 102.040092 -107.925232
v 58.864182 101.404190 -107.595779
v 53.514450 100.684792 -107.290977
v 48.211601 100.277786 -107.316078
v 42.941502 100.144012 -107.525803
v 37.603199 100.249023 -107.790092
v 32.126690 100.635078 -108.107658
v 26.589310 101.298958 -108.804527
v 21.326180 101.834717 -110.116859
v 16.638840 102.163712 -111.629997
v 12.206520 102.405838 -113.213310
v 7.859560 102.534737 -115.006622
v 22.845320 0.922230 -118.378143
v 18.988331 10.021550 -119.447037
v 15.469370 19.099030 -120.382004
v 204.221893 -8.981600 -123.982239
v 6.878380 -0.863120 -118.931320
v 89.460587 74.516037 -103.749702
v -53.690868 22.432489 -135.634583
v -30.074591 87.735023 -122.612396
v -15.856900 70.013969 -122.465919
v 5.742810 -11.285400 -114.480919
v 95.324799 59.199718 -104.709030
v -26.600809 41.683128 -126.018280
v -44.434528 44.483372 -128.337677
v 40.360771 -1.128160 -122.060158
v 10.092910 -5.259780 -116.960281
v 81.484108 67.012939 -102.527496
v 10.633130 28.451771 -121.276161
v -61.953751 60.714748 -119.076942
v 189.182083 105.620743 -117.788460
v 32.254429 -6.608220 -117.639954
v -58.310150 55.719059 -121.369179
v 21.563490 65.844719 -110.967972
v 6.299430 58.477249 -119.532722
v 107.256783 92.500381 -107.422577
v -13.732530 81.123756 -122.887177
v -67.141991 96.597443 -113.947502
v -60.723389 87.876053 -115.853783
vt 0.002315 0.787108
vt 0.002943 0.762711
vt 0.027338 0.763342
vt 0.026709 0.787736
vt 0.003580 0.738311
vt 0.027972 0.738946
vt 0.004221 0.713914
vt 0.028613 0.714549
vt 0.004872 0.689529
vt 0.029262 0.690154
vt 0.005530 0.665179
vt 0.029908 0.665759
vt 0.006170 0.640714
vt 0.030527 0.641133
vt 0.006702 0.610504
vt 0.031135 0.613179
vt 0.006253 0.584369
vt 0.031454 0.585921
vt 0.008697 0.558328
vt 0.032900 0.560169
vt 0.010074 0.534116
vt 0.034252 0.535685
vt 0.051734 0.763972
vt 0.051104 0.788366
vt 0.052365 0.739574
vt 0.053002 0.715173
vt 0.053641 0.690765
vt 0.054269 0.666341
vt 0.054867 0.641682
vt 0.055546 0.614373
vt 0.056247 0.587211
vt 0.057205 0.561316
vt 0.058299 0.536875
vt 0.076133 0.764604
vt 0.075502 0.788997
vt 0.076760 0.740205
vt 0.077390 0.715800
vt 0.078020 0.691388
vt 0.078645 0.666968
vt 0.079263 0.642349
vt 0.080107 0.614838
vt 0.080998 0.587762
vt 0.081585 0.562181
vt 0.082485 0.537700
vt 0.100532 0.765234
vt 0.099905 0.789631
vt 0.101154 0.740836
vt 0.101781 0.716433
vt 0.102404 0.692025
vt 0.103031 0.667608
vt 0.103674 0.642977
vt 0.104458 0.616127
vt 0.105210 0.589704
vt 0.105898 0.563657
vt 0.106772 0.538491
vt 0.124933 0.765865
vt 0.124313 0.790259
vt 0.125553 0.741469
vt 0.126175 0.717075
vt 0.126795 0.692677
vt 0.127422 0.668274
vt 0.128067 0.643660
vt 0.128854 0.617274
vt 0.129698 0.590632
vt 0.130358 0.564534
vt 0.131097 0.539148
vt 0.149338 0.766484
vt 0.148727 0.790878
vt 0.149956 0.742095
vt 0.150576 0.717712
vt 0.151194 0.693333
vt 0.151816 0.668955
vt 0.152462 0.644372
vt 0.153289 0.617884
vt 0.154224 0.590889
vt 0.154755 0.564992
vt 0.155533 0.539722
vt 0.173742 0.767090
vt 0.173141 0.791481
vt 0.174362 0.742707
vt 0.174986 0.718340
vt 0.175607 0.693985
vt 0.176218 0.669639
vt 0.176844 0.645078
vt 0.177619 0.618264
vt 0.178446 0.591308
vt 0.179187 0.565668
vt 0.180070 0.540374
vt 0.198142 0.767672
vt 0.197546 0.792064
vt 0.198772 0.743296
vt 0.199413 0.718942
vt 0.200040 0.694615
vt 0.200639 0.670312
vt 0.201217 0.645811
vt 0.201847 0.619020
vt 0.202694 0.592340
vt 0.203512 0.566442
vt 0.204708 0.541118
vt 0.222528 0.768235
vt 0.221927 0.792625
vt 0.223181 0.743860
vt 0.223853 0.719511
vt 0.224509 0.695200
vt 0.225106 0.670940
vt 0.225620 0.646523
vt 0.225935 0.619795
vt 0.226654 0.593204
vt 0.227691 0.567316
vt 0.229489 0.542124
vt 0.246831 0.768789
vt 0.246208 0.793180
vt 0.247523 0.744408
vt 0.248244 0.720043
vt 0.248953 0.695713
vt 0.249595 0.671444
vt 0.250059 0.647100
vt 0.249701 0.620622
vt 0.250073 0.594313
vt 0.251379 0.568594
vt 0.254141 0.543728
vt 0.280758 0.296296
vt 0.305025 0.298794
vt 0.302542 0.323060
vt 0.278282 0.320564
vt 0.300116 0.347303
vt 0.275857 0.344797
vt 0.297708 0.371509
vt 0.273462 0.368930
vt 0.295243 0.395664
vt 0.271026 0.392895
vt 0.292579 0.419776
vt 0.268408 0.416586
vt 0.287560 0.444523
vt 0.265233 0.440077
vt 0.282406 0.470138
vt 0.260077 0.469266
vt 0.277952 0.496007
vt 0.254953 0.494595
vt 0.276671 0.520736
vt 0.255502 0.520141
vt 0.275369 0.545264
vt 0.329249 0.301333
vt 0.326762 0.325607
vt 0.324332 0.349891
vt 0.321908 0.374189
vt 0.319422 0.398513
vt 0.316768 0.422864
vt 0.309018 0.447348
vt 0.303361 0.471918
vt 0.299689 0.497124
vt 0.297451 0.521926
vt 0.295834 0.546565
vt 0.341291 0.302603
vt 0.338815 0.326886
vt 0.336390 0.351190
vt 0.333961 0.375527
vt 0.331480 0.399906
vt 0.328896 0.424336
vt 0.326216 0.448839
vt 0.322226 0.473479
vt 0.319669 0.498492
vt 0.317583 0.523262
vt 0.315956 0.547995
vt 0.353303 0.303849
vt 0.377441 0.306272
vt 0.375042 0.330564
vt 0.350862 0.328136
vt 0.372641 0.354880
vt 0.348443 0.352453
vt 0.370225 0.379233
vt 0.346015 0.376804
vt 0.367788 0.403628
vt 0.343552 0.401206
vt 0.365342 0.428062
vt 0.341032 0.425669
vt 0.362943 0.452530
vt 0.338475 0.450221
vt 0.360718 0.477042
vt 0.339962 0.475101
vt 0.358739 0.501597
vt 0.338762 0.499904
vt 0.357056 0.526201
vt 0.337113 0.524726
vt 0.355611 0.550850
vt 0.335053 0.549327
vt 0.401581 0.308619
vt 0.399232 0.332914
vt 0.396855 0.357225
vt 0.394462 0.381560
vt 0.392061 0.405920
vt 0.389679 0.430303
vt 0.387363 0.454700
vt 0.385188 0.479116
vt 0.383196 0.503564
vt 0.381379 0.528061
vt 0.379853 0.552621
vt 0.425751 0.310903
vt 0.423442 0.335200
vt 0.421091 0.359502
vt 0.418722 0.383812
vt 0.416355 0.408135
vt 0.414021 0.432467
vt 0.411756 0.456805
vt 0.409609 0.481153
vt 0.407600 0.505525
vt 0.405720 0.529932
vt 0.404159 0.554387
vt 0.449962 0.313149
vt 0.447678 0.337443
vt 0.445348 0.361736
vt 0.443000 0.386024
vt 0.440661 0.410312
vt 0.438358 0.434597
vt 0.436124 0.458882
vt 0.433991 0.483170
vt 0.431972 0.507471
vt 0.430068 0.531793
vt 0.428493 0.556152
vt 0.474215 0.315384
vt 0.471938 0.339677
vt 0.469621 0.363959
vt 0.467289 0.388226
vt 0.464967 0.412482
vt 0.462684 0.436723
vt 0.460470 0.460954
vt 0.458344 0.485181
vt 0.456324 0.509411
vt 0.454411 0.533650
vt 0.452837 0.557917
vt 0.498499 0.317637
vt 0.496217 0.341927
vt 0.493908 0.366201
vt 0.491584 0.390451
vt 0.489273 0.414674
vt 0.487001 0.438871
vt 0.484794 0.463045
vt 0.482677 0.487204
vt 0.480661 0.511356
vt 0.478750 0.535508
vt 0.477180 0.559681
vt 0.522793 0.319915
vt 0.520508 0.344208
vt 0.518199 0.368486
vt 0.515879 0.392730
vt 0.513571 0.416926
vt 0.511305 0.441077
vt 0.509106 0.465184
vt 0.506995 0.489262
vt 0.504986 0.513322
vt 0.503081 0.537376
vt 0.501518 0.561450
vt 0.271099 0.769364
vt 0.270428 0.793758
vt 0.271844 0.744968
vt 0.272622 0.720569
vt 0.273402 0.696171
vt 0.274132 0.671781
vt 0.273712 0.646175
vt 0.272755 0.620790
vt 0.272499 0.595274
vt 0.273694 0.569872
vt 0.295380 0.770001
vt 0.294635 0.794397
vt 0.296188 0.745593
vt 0.297028 0.721157
vt 0.297877 0.696688
vt 0.298715 0.672183
vt 0.294902 0.646793
vt 0.293901 0.621592
vt 0.294188 0.596168
vt 0.294786 0.571313
vt 0.307437 0.770362
vt 0.306602 0.794757
vt 0.308314 0.745944
vt 0.309213 0.721494
vt 0.310130 0.696995
vt 0.311069 0.672442
vt 0.311927 0.647469
vt 0.312837 0.622379
vt 0.313902 0.597575
vt 0.314839 0.572731
vt 0.318548 0.795180
vt 0.319484 0.770788
vt 0.343717 0.771777
vt 0.342686 0.796163
vt 0.320427 0.746369
vt 0.344728 0.747367
vt 0.321384 0.721913
vt 0.345740 0.722926
vt 0.322363 0.697407
vt 0.346773 0.698444
vt 0.323383 0.672834
vt 0.347856 0.673916
vt 0.328199 0.648257
vt 0.349040 0.649357
vt 0.331083 0.623637
vt 0.350458 0.624764
vt 0.332643 0.598913
vt 0.352111 0.600141
vt 0.334196 0.574117
vt 0.354012 0.575510
vt 0.367959 0.772883
vt 0.366843 0.797264
vt 0.369028 0.748486
vt 0.370091 0.724069
vt 0.371173 0.699628
vt 0.372310 0.675169
vt 0.373553 0.650698
vt 0.374963 0.626214
vt 0.376557 0.601716
vt 0.378309 0.577190
vt 0.392220 0.774078
vt 0.391044 0.798454
vt 0.393339 0.749695
vt 0.394442 0.725303
vt 0.395564 0.700906
vt 0.396741 0.676505
vt 0.398014 0.652103
vt 0.399421 0.627699
vt 0.400972 0.603284
vt 0.402649 0.578851
vt 0.416508 0.775327
vt 0.415298 0.799699
vt 0.417662 0.750958
vt 0.418796 0.726592
vt 0.419948 0.702232
vt 0.421151 0.677884
vt 0.422440 0.653540
vt 0.423842 0.629202
vt 0.425366 0.604863
vt 0.427004 0.580518
vt 0.440828 0.776597
vt 0.439605 0.800963
vt 0.441999 0.752239
vt 0.443156 0.727897
vt 0.444325 0.703573
vt 0.445541 0.679269
vt 0.446837 0.654983
vt 0.448234 0.630711
vt 0.449743 0.606447
vt 0.451360 0.582188
vt 0.465172 0.777850
vt 0.463954 0.802215
vt 0.466355 0.753502
vt 0.467520 0.729180
vt 0.468696 0.704890
vt 0.469918 0.680635
vt 0.471214 0.656409
vt 0.472607 0.632210
vt 0.474106 0.608029
vt 0.475711 0.583860
vt 0.489539 0.779070
vt 0.488322 0.803442
vt 0.490723 0.754717
vt 0.491889 0.730404
vt 0.493066 0.706144
vt 0.494288 0.681944
vt 0.495582 0.657794
vt 0.496969 0.633684
vt 0.498460 0.609599
vt 0.500058 0.585530
vt 0.950244 0.848711
vt 0.949366 0.858343
vt 0.937587 0.856702
vt 0.939009 0.846354
vt 0.961722 0.849884
vt 0.961715 0.859061
vt 0.952347 0.837507
vt 0.961991 0.839438
vt 0.941968 0.835111
vt 0.956916 0.822641
vt 0.965506 0.826124
vt 0.946582 0.822501
vt 0.962810 0.800377
vt 0.974972 0.805430
vt 0.951131 0.810136
vt 0.859704 0.810225
vt 0.848019 0.810760
vt 0.849071 0.796110
vt 0.860950 0.795581
vt 0.858480 0.825002
vt 0.847187 0.825571
vt 0.871473 0.809624
vt 0.869780 0.824471
vt 0.872993 0.794901
vt 0.880926 0.824090
vt 0.891798 0.824097
vt 0.889450 0.838658
vt 0.879172 0.838782
vt 0.883246 0.809162
vt 0.894934 0.809143
vt 0.868565 0.839159
vt 0.857744 0.839668
vt 0.899352 0.838950
vt 0.908949 0.839787
vt 0.907263 0.852844
vt 0.897874 0.852550
vt 0.902277 0.824674
vt 0.912329 0.826002
vt 0.888273 0.852618
vt 0.878338 0.852931
vt 0.868083 0.853383
vt 0.906925 0.865354
vt 0.897610 0.865533
vt 0.916733 0.853609
vt 0.916346 0.865473
vt 0.918509 0.841305
vt 0.888109 0.865914
vt 0.878297 0.866399
vt 0.868197 0.866940
vt 0.926304 0.865960
vt 0.926781 0.877013
vt 0.916894 0.877169
vt 0.937182 0.866786
vt 0.937473 0.877061
vt 0.926717 0.854928
vt 0.907474 0.877517
vt 0.898131 0.878014
vt 0.888591 0.878581
vt 0.878762 0.879171
vt 0.948984 0.877254
vt 0.960927 0.877867
vt 0.960490 0.887184
vt 0.949398 0.887331
vt 0.949044 0.867664
vt 0.961609 0.868044
vt 0.938384 0.887798
vt 0.927871 0.888298
vt 0.917982 0.888877
vt 0.908466 0.889466
vt 0.898993 0.890099
vt 0.889329 0.890713
vt 0.879416 0.891335
vt 0.950660 0.898096
vt 0.939806 0.898998
vt 0.961289 0.896335
vt 0.929271 0.899803
vt 0.919314 0.900632
vt 0.909583 0.901287
vt 0.899956 0.901902
vt 0.890120 0.902460
vt 0.952705 0.909663
vt 0.941449 0.910676
vt 0.963966 0.906977
vt 0.930740 0.911614
vt 0.920528 0.912359
vt 0.910585 0.912867
vt 0.900744 0.913489
vt 0.954430 0.922236
vt 0.942794 0.922993
vt 0.966882 0.921405
vt 0.931863 0.923682
vt 0.921476 0.924171
vt 0.911380 0.924600
vt 0.901375 0.925068
vt 0.954951 0.935195
vt 0.943435 0.935502
vt 0.966986 0.935481
vt 0.932479 0.935903
vt 0.921974 0.936234
vt 0.911742 0.936493
vt 0.954773 0.947883
vt 0.943471 0.947798
vt 0.966357 0.948406
vt 0.932565 0.948024
vt 0.921989 0.948147
vt 0.911660 0.948194
vt 0.954370 0.959653
vt 0.943194 0.959519
vt 0.965731 0.960273
vt 0.932329 0.959626
vt 0.921703 0.959555
vt 0.953967 0.970981
vt 0.942880 0.971044
vt 0.965125 0.971377
vt 0.931968 0.970986
vt 0.953794 0.981968
vt 0.942678 0.982370
vt 0.964580 0.981904
vt 0.931605 0.982203
vt 0.954515 0.993115
vt 0.942294 0.993967
vt 0.964189 0.989514
vt 0.944366 0.804425
vt 0.937241 0.818533
vt 0.927568 0.814342
vt 0.934365 0.799437
vt 0.953194 0.789127
vt 0.941076 0.783638
vt 0.917271 0.811458
vt 0.922818 0.796313
vt 0.927553 0.780943
vt 0.906352 0.809830
vt 0.910498 0.794742
vt 0.913514 0.779842
vt 0.897848 0.794191
vt 0.899635 0.779610
vt 0.885284 0.794330
vt 0.886329 0.779866
vt 0.873701 0.780448
vt 0.836546 0.811236
vt 0.837360 0.796435
vt 0.849742 0.781672
vt 0.861590 0.781122
vt 0.837974 0.781990
vt 0.826239 0.782175
vt 0.825896 0.796742
vt 0.814662 0.797464
vt 0.814508 0.782704
vt 0.825871 0.768165
vt 0.837917 0.767704
vt 0.813432 0.768978
vt 0.800610 0.770927
vt 0.797168 0.758047
vt 0.811329 0.755639
vt 0.802704 0.784348
vt 0.824608 0.754241
vt 0.790895 0.787496
vt 0.787784 0.774687
vt 0.782741 0.762495
vt 0.793960 0.743308
vt 0.809016 0.741025
vt 0.775994 0.747256
vt 0.770307 0.769847
vt 0.762855 0.760901
vt 0.775757 0.780057
vt 0.764865 0.785391
vt 0.759967 0.776448
vt 0.753713 0.769385
vt 0.931881 0.831557
vt 0.922099 0.828272
vt 0.928420 0.843584
vt 0.807893 0.723218
vt 0.793958 0.724366
vt 0.821490 0.722536
vt 0.822764 0.739471
vt 0.807853 0.702437
vt 0.822843 0.703472
vt 0.794196 0.702351
vt 0.779703 0.725241
vt 0.780899 0.702330
vt 0.760472 0.742227
vt 0.766136 0.723691
vt 0.768705 0.701971
vt 0.747710 0.739045
vt 0.753722 0.721580
vt 0.757514 0.700929
vt 0.736289 0.736522
vt 0.742000 0.719492
vt 0.745977 0.699412
vt 0.725372 0.734552
vt 0.730180 0.718150
vt 0.731731 0.699074
vt 0.714321 0.733243
vt 0.718083 0.718189
vt 0.716762 0.702231
vt 0.702995 0.732415
vt 0.706048 0.718932
vt 0.705351 0.705421
vt 0.691463 0.731797
vt 0.694129 0.719550
vt 0.694060 0.707554
vt 0.679836 0.731146
vt 0.682328 0.719725
vt 0.682944 0.708647
vt 0.668207 0.730358
vt 0.670631 0.719350
vt 0.671921 0.708584
vt 0.656596 0.729470
vt 0.658911 0.718653
vt 0.659987 0.707902
vt 0.644978 0.728576
vt 0.647122 0.717899
vt 0.648247 0.707424
vt 0.633321 0.727738
vt 0.635254 0.717151
vt 0.636525 0.706657
vt 0.859865 0.723578
vt 0.860218 0.737573
vt 0.848018 0.737703
vt 0.847358 0.722949
vt 0.872468 0.724146
vt 0.872632 0.737751
vt 0.860620 0.710203
vt 0.872652 0.711096
vt 0.848667 0.708386
vt 0.885568 0.737965
vt 0.885912 0.751790
vt 0.873031 0.751866
vt 0.899252 0.738039
vt 0.899760 0.751742
vt 0.885358 0.724463
vt 0.898705 0.724438
vt 0.860880 0.752066
vt 0.849050 0.752507
vt 0.914698 0.751580
vt 0.930611 0.751343
vt 0.930214 0.765797
vt 0.914830 0.765448
vt 0.913873 0.737814
vt 0.929474 0.737154
vt 0.900111 0.765515
vt 0.886344 0.765751
vt 0.873538 0.766152
vt 0.861449 0.766668
vt 0.849695 0.767200
vt 0.945538 0.767399
vt 0.959639 0.770805
vt 0.946901 0.751576
vt 0.962545 0.752426
vt 0.971845 0.775837
vt 0.835645 0.738330
vt 0.834638 0.722514
vt 0.836272 0.705850
vt 0.837096 0.753264
vt 0.836079 0.826234
vt 0.846883 0.840288
vt 0.836152 0.841065
vt 0.825610 0.842138
vt 0.825242 0.827158
vt 0.825393 0.811861
vt 0.814570 0.828536
vt 0.814513 0.812968
vt 0.815127 0.843585
vt 0.857598 0.853914
vt 0.847060 0.854576
vt 0.836605 0.855393
vt 0.826290 0.856473
vt 0.815971 0.857849
vt 0.805319 0.859680
vt 0.804434 0.845595
vt 0.803800 0.830555
vt 0.793256 0.848181
vt 0.792748 0.833205
vt 0.793948 0.861965
vt 0.857907 0.867535
vt 0.847575 0.868226
vt 0.837298 0.869048
vt 0.827085 0.870045
vt 0.816760 0.871246
vt 0.805984 0.872755
vt 0.794299 0.874558
vt 0.781375 0.876285
vt 0.781572 0.864295
vt 0.781466 0.850867
vt 0.768303 0.865801
vt 0.769178 0.852741
vt 0.767328 0.877312
vt 0.868688 0.879778
vt 0.858476 0.880407
vt 0.848239 0.881101
vt 0.838012 0.881869
vt 0.827759 0.882725
vt 0.817286 0.883674
vt 0.806236 0.884777
vt 0.794172 0.886002
vt 0.780825 0.887088
vt 0.766317 0.887655
vt 0.751239 0.887496
vt 0.752782 0.877239
vt 0.754703 0.865901
vt 0.738621 0.876031
vt 0.741509 0.864538
vt 0.736447 0.886610
vt 0.869325 0.891935
vt 0.859143 0.892566
vt 0.848928 0.893198
vt 0.838668 0.893808
vt 0.828273 0.894460
vt 0.817537 0.895080
vt 0.806141 0.895763
vt 0.793738 0.896457
vt 0.780142 0.897029
vt 0.765474 0.897264
vt 0.750209 0.897063
vt 0.735099 0.896515
vt 0.720834 0.895532
vt 0.722698 0.885029
vt 0.725557 0.873858
vt 0.710308 0.882838
vt 0.713764 0.871068
vt 0.707786 0.893990
vt 0.880120 0.903018
vt 0.869991 0.903576
vt 0.859778 0.904123
vt 0.849541 0.904650
vt 0.839184 0.904987
vt 0.828585 0.905314
vt 0.817553 0.905558
vt 0.805845 0.905908
vt 0.793224 0.906195
vt 0.779531 0.906443
vt 0.764907 0.906509
vt 0.749688 0.906261
vt 0.734486 0.905955
vt 0.719886 0.905413
vt 0.706256 0.904408
vt 0.693699 0.902915
vt 0.695911 0.891950
vt 0.699068 0.880294
vt 0.684874 0.889682
vt 0.688456 0.877746
vt 0.682051 0.901098
vt 0.890805 0.913922
vt 0.880741 0.914402
vt 0.870572 0.914778
vt 0.860298 0.915242
vt 0.849976 0.915655
vt 0.839461 0.915717
vt 0.828684 0.915487
vt 0.817463 0.915385
vt 0.805550 0.915476
vt 0.792793 0.915618
vt 0.779091 0.915793
vt 0.764576 0.915615
vt 0.749499 0.915394
vt 0.734347 0.915147
vt 0.719565 0.914823
vt 0.705605 0.914231
vt 0.692552 0.913230
vt 0.680359 0.911897
vt 0.668825 0.910407
vt 0.670995 0.899117
vt 0.674239 0.887385
vt 0.660198 0.897078
vt 0.663680 0.885107
vt 0.657664 0.908794
vt 0.891338 0.925418
vt 0.881223 0.925739
vt 0.870972 0.925972
vt 0.860594 0.926241
vt 0.850093 0.926336
vt 0.839410 0.926097
vt 0.828481 0.925694
vt 0.817156 0.925328
vt 0.805224 0.925043
vt 0.792461 0.925070
vt 0.778801 0.925095
vt 0.764346 0.924822
vt 0.749391 0.924559
vt 0.734331 0.924342
vt 0.719593 0.924153
vt 0.705495 0.923709
vt 0.692181 0.923024
vt 0.679676 0.922218
vt 0.667791 0.921223
vt 0.656352 0.920058
vt 0.645141 0.919000
vt 0.646673 0.907204
vt 0.649473 0.895089
vt 0.635808 0.905667
vt 0.638791 0.893151
vt 0.634073 0.917937
vt 0.901622 0.936694
vt 0.891508 0.936855
vt 0.881307 0.937014
vt 0.870950 0.937131
vt 0.860412 0.937135
vt 0.849705 0.936924
vt 0.838845 0.936501
vt 0.827807 0.935931
vt 0.816485 0.935326
vt 0.804643 0.934861
vt 0.791986 0.934715
vt 0.778401 0.934613
vt 0.764030 0.934324
vt 0.749197 0.934023
vt 0.734280 0.933783
vt 0.719630 0.933591
vt 0.705538 0.933239
vt 0.692164 0.932790
vt 0.679517 0.932266
vt 0.667490 0.931667
vt 0.655913 0.930966
vt 0.644602 0.930308
vt 0.633423 0.929682
vt 0.622341 0.929071
vt 0.623152 0.916867
vt 0.625105 0.904095
vt 0.612447 0.915746
vt 0.614621 0.902494
vt 0.611393 0.928415
vt 0.901441 0.948192
vt 0.891239 0.948156
vt 0.880937 0.948104
vt 0.870450 0.948002
vt 0.859753 0.947777
vt 0.848889 0.947378
vt 0.837912 0.946832
vt 0.826820 0.946200
vt 0.815528 0.945504
vt 0.803814 0.944946
vt 0.791294 0.944604
vt 0.777855 0.944471
vt 0.763606 0.944128
vt 0.748932 0.943841
vt 0.734164 0.943540
vt 0.719612 0.943411
vt 0.705575 0.943059
vt 0.692219 0.942785
vt 0.679571 0.942354
vt 0.667516 0.942045
vt 0.655894 0.941667
vt 0.644546 0.941368
vt 0.633331 0.941174
vt 0.622181 0.940856
vt 0.611094 0.940529
vt 0.600095 0.940126
vt 0.600606 0.927633
vt 0.601971 0.914585
vt 0.590010 0.926712
vt 0.591670 0.913258
vt 0.589242 0.939561
vt 0.911280 0.959406
vt 0.900980 0.959222
vt 0.890698 0.959015
vt 0.880315 0.958781
vt 0.869744 0.958492
vt 0.858971 0.958111
vt 0.848045 0.957612
vt 0.837031 0.957030
vt 0.825936 0.956414
vt 0.814669 0.955777
vt 0.803007 0.955237
vt 0.790585 0.954879
vt 0.777267 0.954568
vt 0.763173 0.954181
vt 0.748626 0.953905
vt 0.733961 0.953662
vt 0.719535 0.953461
vt 0.705578 0.953219
vt 0.692281 0.952963
vt 0.679675 0.952703
vt 0.667638 0.952484
vt 0.656027 0.952304
vt 0.644674 0.952211
vt 0.633456 0.952258
vt 0.622303 0.952167
vt 0.611191 0.952064
vt 0.600130 0.951940
vt 0.589188 0.951704
vt 0.578424 0.951444
vt 0.578573 0.938835
vt 0.579543 0.925590
vt 0.568135 0.938175
vt 0.569237 0.924512
vt 0.567910 0.951264
vt 0.921270 0.970754
vt 0.910769 0.970452
vt 0.900404 0.970120
vt 0.890066 0.969765
vt 0.879635 0.969378
vt 0.869032 0.968951
vt 0.858244 0.968464
vt 0.847318 0.967923
vt 0.836312 0.967353
vt 0.825232 0.966781
vt 0.813981 0.966227
vt 0.802322 0.965736
vt 0.789959 0.965330
vt 0.776738 0.964963
vt 0.762767 0.964607
vt 0.748331 0.964311
vt 0.733770 0.964068
vt 0.719410 0.963857
vt 0.705539 0.963656
vt 0.692325 0.963472
vt 0.679783 0.963343
vt 0.667799 0.963304
vt 0.656214 0.963321
vt 0.644881 0.963377
vt 0.633686 0.963464
vt 0.622559 0.963532
vt 0.611474 0.963612
vt 0.600445 0.963705
vt 0.589524 0.963785
vt 0.578768 0.963873
vt 0.568235 0.963984
vt 0.557930 0.964099
vt 0.557650 0.951091
vt 0.557927 0.937554
vt 0.547529 0.950994
vt 0.547810 0.937081
vt 0.547746 0.964241
vt 0.920786 0.981825
vt 0.910212 0.981394
vt 0.899804 0.980942
vt 0.889437 0.980469
vt 0.878988 0.979972
vt 0.868377 0.979448
vt 0.857594 0.978900
vt 0.846685 0.978340
vt 0.835701 0.977788
vt 0.824648 0.977260
vt 0.813424 0.976766
vt 0.801797 0.976319
vt 0.789484 0.975920
vt 0.776333 0.975557
vt 0.762432 0.975217
vt 0.748061 0.974921
vt 0.733554 0.974678
vt 0.719246 0.974481
vt 0.705436 0.974326
vt 0.692299 0.974221
vt 0.679839 0.974193
vt 0.667930 0.974262
vt 0.656401 0.974400
vt 0.645110 0.974576
vt 0.633951 0.974776
vt 0.622860 0.974991
vt 0.611816 0.975234
vt 0.600832 0.975507
vt 0.589950 0.975806
vt 0.579228 0.976125
vt 0.568712 0.976461
vt 0.558396 0.976803
vt 0.548176 0.977157
vt 0.537874 0.977522
vt 0.537500 0.964413
vt 0.537341 0.950955
vt 0.526998 0.964597
vt 0.526873 0.950952
vt 0.527297 0.977871
vt 0.931061 0.993397
vt 0.920183 0.992841
vt 0.909601 0.992289
vt 0.899204 0.991732
vt 0.888853 0.991163
vt 0.878418 0.990579
vt 0.867815 0.989986
vt 0.857036 0.989393
vt 0.846145 0.988819
vt 0.835194 0.988284
vt 0.824198 0.987796
vt 0.813065 0.987355
vt 0.801549 0.986954
vt 0.789322 0.986587
vt 0.776193 0.986246
vt 0.762266 0.985920
vt 0.747871 0.985628
vt 0.733335 0.985396
vt 0.719006 0.985223
vt 0.705216 0.985118
vt 0.692148 0.985092
vt 0.679806 0.985148
vt 0.668008 0.985303
vt 0.656578 0.985531
vt 0.645358 0.985819
vt 0.634255 0.986142
vt 0.623212 0.986499
vt 0.612210 0.986893
vt 0.601264 0.987328
vt 0.590415 0.987802
vt 0.579721 0.988305
vt 0.569238 0.988825
vt 0.558960 0.989354
vt 0.548782 0.989891
vt 0.538508 0.990436
vt 0.527836 0.990979
vt 0.516544 0.991351
vt 0.516359 0.978125
vt 0.516117 0.964771
vt 0.505127 0.978256
vt 0.504839 0.964944
vt 0.505209 0.991368
vt 0.725341 0.792629
vt 0.714691 0.792276
vt 0.714239 0.781934
vt 0.724282 0.782609
vt 0.726766 0.802418
vt 0.715547 0.802144
vt 0.735500 0.792530
vt 0.737527 0.802253
vt 0.733699 0.782928
vt 0.716127 0.811866
vt 0.704282 0.811117
vt 0.704032 0.801497
vt 0.727687 0.812408
vt 0.703687 0.791516
vt 0.692466 0.800478
vt 0.692531 0.790376
vt 0.692434 0.810134
vt 0.715763 0.821902
vt 0.703855 0.820793
vt 0.691946 0.819701
vt 0.680766 0.809032
vt 0.681005 0.799272
vt 0.680221 0.818620
vt 0.702373 0.830960
vt 0.690639 0.829609
vt 0.679022 0.828422
vt 0.667516 0.827317
vt 0.668677 0.817593
vt 0.669293 0.807962
vt 0.657204 0.816546
vt 0.657928 0.806899
vt 0.656020 0.826179
vt 0.688409 0.840181
vt 0.677050 0.838767
vt 0.665695 0.837449
vt 0.654277 0.836107
vt 0.642728 0.834645
vt 0.644434 0.824883
vt 0.645682 0.815344
vt 0.632724 0.823394
vt 0.634061 0.813924
vt 0.631034 0.833040
vt 0.651965 0.846510
vt 0.640554 0.844810
vt 0.663228 0.848134
vt 0.628989 0.843049
vt 0.619243 0.831381
vt 0.620930 0.821780
vt 0.617307 0.841320
vt 0.637934 0.855486
vt 0.626603 0.853572
vt 0.649131 0.857413
vt 0.615152 0.851768
vt 0.603620 0.850120
vt 0.605575 0.839706
vt 0.607419 0.829756
vt 0.593790 0.838175
vt 0.595576 0.828162
vt 0.591988 0.848615
vt 0.623956 0.864684
vt 0.612836 0.862804
vt 0.634966 0.866722
vt 0.601598 0.861123
vt 0.590218 0.859609
vt 0.578615 0.858207
vt 0.580190 0.847196
vt 0.581893 0.836693
vt 0.568151 0.845866
vt 0.569824 0.835244
vt 0.566708 0.856967
vt 0.621012 0.876581
vt 0.610280 0.874656
vt 0.599435 0.872959
vt 0.588414 0.871416
vt 0.577131 0.869963
vt 0.565509 0.868713
vt 0.554512 0.855952
vt 0.555890 0.844636
vt 0.553522 0.867863
vt 0.607365 0.887381
vt 0.596954 0.885674
vt 0.586382 0.884083
vt 0.575547 0.882573
vt 0.564357 0.881293
vt 0.552770 0.880492
vt 0.540886 0.880230
vt 0.541320 0.867427
vt 0.542161 0.855195
vt 0.529107 0.867302
vt 0.529835 0.854616
vt 0.528894 0.880396
vt 0.594154 0.899324
vt 0.583907 0.897790
vt 0.573492 0.896267
vt 0.562817 0.894905
vt 0.551793 0.894002
vt 0.540420 0.893710
vt 0.528802 0.893927
vt 0.516987 0.894363
vt 0.516894 0.880747
vt 0.516997 0.867307
vt 0.504893 0.881107
vt 0.505029 0.867320
vt 0.504925 0.894813
vt 0.581405 0.911861
vt 0.571151 0.910466
vt 0.560844 0.909185
vt 0.550335 0.908250
vt 0.539509 0.907861
vt 0.528361 0.907969
vt 0.516833 0.908287
vt 0.504837 0.908630
vt 0.492557 0.895069
vt 0.492890 0.881299
vt 0.492286 0.908859
vt 0.548810 0.922765
vt 0.538381 0.922381
vt 0.559050 0.923517
vt 0.527600 0.922381
vt 0.516354 0.922545
vt 0.504566 0.922769
vt 0.492238 0.922939
vt 0.479481 0.923211
vt 0.479167 0.908917
vt 0.479973 0.894573
vt 0.537575 0.936845
vt 0.527010 0.936806
vt 0.515965 0.936894
vt 0.504403 0.937033
vt 0.492403 0.937182
vt 0.480166 0.937584
vt 0.516027 0.951035
vt 0.504522 0.951301
vt 0.492657 0.951395
vt 0.480817 0.952211
vt 0.493280 0.965190
vt 0.481600 0.965852
vt 0.493728 0.978422
vt 0.482301 0.978947
vt 0.493849 0.991299
vt 0.482956 0.991234
vt 0.754905 0.789453
vt 0.751220 0.781088
vt 0.748258 0.774885
vt 0.745256 0.791668
vt 0.742573 0.782686
vt 0.741561 0.774065
vt 0.733374 0.773198
vt 0.779379 0.791751
vt 0.768446 0.796020
vt 0.758062 0.799352
vt 0.747879 0.801361
vt 0.803483 0.799151
vt 0.792274 0.801903
vt 0.781146 0.805342
vt 0.770323 0.808636
vt 0.759828 0.811048
vt 0.749418 0.812323
vt 0.738777 0.812658
vt 0.803607 0.814832
vt 0.792599 0.817467
vt 0.781538 0.820465
vt 0.770622 0.823040
vt 0.759938 0.824545
vt 0.749341 0.824839
vt 0.738570 0.824203
vt 0.727392 0.823085
vt 0.781426 0.836036
vt 0.770018 0.838192
vt 0.758727 0.839012
vt 0.747637 0.838409
vt 0.736639 0.836735
vt 0.725506 0.834603
vt 0.714066 0.832597
vt 0.756797 0.853125
vt 0.744756 0.851945
vt 0.733246 0.849576
vt 0.722098 0.846684
vt 0.711006 0.844007
vt 0.699762 0.841862
vt 0.729241 0.862026
vt 0.717896 0.858941
vt 0.707057 0.855959
vt 0.696282 0.853471
vt 0.685386 0.851464
vt 0.674361 0.849742
vt 0.702896 0.868172
vt 0.692378 0.865550
vt 0.681833 0.863282
vt 0.671110 0.861240
vt 0.660199 0.859312
vt 0.678016 0.875353
vt 0.667470 0.873089
vt 0.656746 0.870925
vt 0.645895 0.868817
vt 0.653047 0.882911
vt 0.642363 0.880784
vt 0.631688 0.878659
vt 0.628208 0.891197
vt 0.617749 0.889245
vt 0.604344 0.900897
vt 0.552665 0.715249
vt 0.542003 0.715104
vt 0.541887 0.706599
vt 0.552784 0.706541
vt 0.552251 0.724048
vt 0.541769 0.723687
vt 0.563816 0.715521
vt 0.563214 0.724480
vt 0.564058 0.706696
vt 0.531892 0.715106
vt 0.531599 0.706908
vt 0.531830 0.723390
vt 0.522445 0.723106
vt 0.522281 0.715231
vt 0.521847 0.707247
vt 0.513548 0.722880
vt 0.513114 0.716041
vt 0.510997 0.707632
vt 0.609791 0.726486
vt 0.621588 0.727028
vt 0.619854 0.737571
vt 0.608307 0.736719
vt 0.611148 0.716485
vt 0.623229 0.716589
vt 0.597959 0.725985
vt 0.599128 0.716423
vt 0.596707 0.735906
vt 0.586182 0.725467
vt 0.587175 0.716199
vt 0.585137 0.735127
vt 0.573702 0.734405
vt 0.574561 0.724956
vt 0.575363 0.715853
vt 0.562507 0.733733
vt 0.551663 0.733096
vt 0.541261 0.732482
vt 0.531352 0.731839
vt 0.521939 0.731035
vt 0.512974 0.729872
vt 0.654042 0.740518
vt 0.642695 0.739469
vt 0.651978 0.751788
vt 0.640848 0.750609
vt 0.665389 0.741596
vt 0.663085 0.753000
vt 0.631311 0.738484
vt 0.629662 0.749466
vt 0.618375 0.748347
vt 0.606983 0.747249
vt 0.595522 0.746188
vt 0.584077 0.745173
vt 0.572743 0.744217
vt 0.561621 0.743314
vt 0.550807 0.742428
vt 0.540374 0.741508
vt 0.530349 0.740448
vt 0.520756 0.739039
vt 0.511664 0.736973
vt 0.706411 0.758486
vt 0.716593 0.760031
vt 0.714705 0.771156
vt 0.704510 0.769899
vt 0.709797 0.746494
vt 0.720267 0.748181
vt 0.695899 0.756992
vt 0.699021 0.745061
vt 0.693999 0.768528
vt 0.685124 0.755579
vt 0.687964 0.743823
vt 0.683255 0.767113
vt 0.672358 0.765737
vt 0.674156 0.754255
vt 0.676719 0.742690
vt 0.661387 0.764420
vt 0.650386 0.763135
vt 0.639353 0.761858
vt 0.628246 0.760574
vt 0.617029 0.759274
vt 0.605698 0.757971
vt 0.594297 0.756685
vt 0.582900 0.755443
vt 0.571597 0.754251
vt 0.560477 0.753096
vt 0.549610 0.751925
vt 0.539033 0.750665
vt 0.528747 0.749169
vt 0.518788 0.747180
vt 0.509528 0.744059
vt 0.735868 0.763306
vt 0.745130 0.765525
vt 0.724385 0.772256
vt 0.726395 0.761611
vt 0.703735 0.780948
vt 0.692975 0.779700
vt 0.682070 0.778327
vt 0.671089 0.776965
vt 0.660089 0.775651
vt 0.649090 0.774347
vt 0.638064 0.773005
vt 0.626957 0.771605
vt 0.615733 0.770154
vt 0.604397 0.768671
vt 0.592994 0.767191
vt 0.581594 0.765738
vt 0.570271 0.764320
vt 0.559095 0.762907
vt 0.548114 0.761447
vt 0.537336 0.759853
vt 0.526717 0.757991
vt 0.516162 0.755672
vt 0.505299 0.752873
vt 0.681353 0.789061
vt 0.670214 0.787777
vt 0.659119 0.786524
vt 0.648052 0.785252
vt 0.636956 0.783878
vt 0.625773 0.782390
vt 0.614476 0.780811
vt 0.603081 0.779178
vt 0.591633 0.777534
vt 0.580179 0.775905
vt 0.568793 0.774286
vt 0.557522 0.772641
vt 0.546409 0.770922
vt 0.535465 0.769060
vt 0.524654 0.766982
vt 0.513887 0.764643
vt 0.503014 0.761978
vt 0.669680 0.798093
vt 0.658455 0.796940
vt 0.647257 0.795719
vt 0.636013 0.794336
vt 0.624679 0.792784
vt 0.613248 0.791114
vt 0.601743 0.789377
vt 0.590201 0.787622
vt 0.578665 0.785869
vt 0.567179 0.784104
vt 0.555794 0.782284
vt 0.544554 0.780375
vt 0.533505 0.778340
vt 0.522647 0.776162
vt 0.511916 0.773904
vt 0.501162 0.771837
vt 0.646556 0.805714
vt 0.635111 0.804323
vt 0.623583 0.802734
vt 0.611986 0.801023
vt 0.600350 0.799247
vt 0.588696 0.797454
vt 0.577048 0.795647
vt 0.565440 0.793810
vt 0.553921 0.791900
vt 0.542555 0.789895
vt 0.531426 0.787780
vt 0.520586 0.785551
vt 0.510016 0.783273
vt 0.499592 0.781316
vt 0.622361 0.812325
vt 0.610624 0.810623
vt 0.598868 0.808878
vt 0.587102 0.807120
vt 0.575326 0.805338
vt 0.563571 0.803507
vt 0.551897 0.801598
vt 0.540380 0.799594
vt 0.529141 0.797481
vt 0.518275 0.795217
vt 0.507847 0.792770
vt 0.497805 0.790386
vt 0.609107 0.820122
vt 0.597277 0.818449
vt 0.585419 0.816774
vt 0.573514 0.815072
vt 0.561589 0.813318
vt 0.549728 0.811495
vt 0.538016 0.809585
vt 0.526570 0.807551
vt 0.515516 0.805287
vt 0.505002 0.802616
vt 0.495171 0.799316
vt 0.583664 0.826587
vt 0.571646 0.825006
vt 0.559553 0.823389
vt 0.547492 0.821726
vt 0.535542 0.819992
vt 0.523789 0.818131
vt 0.512316 0.815977
vt 0.501243 0.813167
vt 0.491073 0.808343
vt 0.557610 0.833806
vt 0.545366 0.832370
vt 0.533183 0.830920
vt 0.521128 0.829372
vt 0.509206 0.827562
vt 0.497350 0.825128
vt 0.485378 0.821409
vt 0.543534 0.843513
vt 0.531214 0.842457
vt 0.519001 0.841376
vt 0.506895 0.840160
vt 0.494788 0.838664
vt 0.482298 0.837389
vt 0.517634 0.854098
vt 0.505587 0.853552
vt 0.493681 0.852945
vt 0.481778 0.852769
vt 0.493236 0.867255
vt 0.481668 0.867010
vt 0.480962 0.880941
vt 0.623747 0.706053
vt 0.611255 0.706542
vt 0.599432 0.707118
vt 0.587653 0.707190
vt 0.575769 0.706924
vt 0.752097 0.755672
vt 0.741053 0.752508
vt 0.730558 0.750157
vt 0.977075 0.720320
vt 0.977856 0.735401
vt 0.961960 0.735726
vt 0.959797 0.720458
vt 0.995105 0.721856
vt 0.993563 0.735191
vt 0.976826 0.706226
vt 0.997666 0.711345
vt 0.958420 0.705391
vt 0.945699 0.736409
vt 0.943420 0.721468
vt 0.941706 0.705938
vt 0.927663 0.722712
vt 0.925456 0.707651
vt 0.912735 0.723901
vt 0.911159 0.709754
vt 0.897947 0.710908
vt 0.885171 0.711299
vt 0.976992 0.753835
vt 0.991568 0.754664
vt 0.983298 0.779536
vt 0.028093 0.208395
vt 0.023698 0.196049
vt 0.036188 0.187224
vt 0.041961 0.199995
vt 0.015228 0.214004
vt 0.012592 0.200381
vt 0.032790 0.222089
vt 0.018539 0.230251
vt 0.047387 0.212444
vt 0.051141 0.179929
vt 0.056724 0.192144
vt 0.029287 0.172435
vt 0.046465 0.166679
vt 0.020273 0.185795
vt 0.062124 0.203834
vt 0.066453 0.173148
vt 0.071477 0.185054
vt 0.061853 0.161283
vt 0.079705 0.165904
vt 0.085782 0.177012
vt 0.073113 0.156016
vt 0.091138 0.159584
vt 0.098748 0.170010
vt 0.082002 0.150711
vt 0.422603 0.278537
vt 0.425737 0.300948
vt 0.404029 0.299256
vt 0.404668 0.280994
vt 0.441217 0.270975
vt 0.446772 0.296783
vt 0.414804 0.260628
vt 0.427841 0.253115
vt 0.400249 0.264337
vt 0.406939 0.246614
vt 0.417518 0.240263
vt 0.394782 0.249812
vt 0.388065 0.296777
vt 0.388611 0.281311
vt 0.386137 0.265972
vt 0.382401 0.251341
vt 0.378949 0.237462
vt 0.390316 0.237104
vt 0.400735 0.235560
vt 0.388373 0.225783
vt 0.396663 0.227629
vt 0.377052 0.224038
vt 0.374323 0.295934
vt 0.374475 0.281444
vt 0.372922 0.266921
vt 0.370152 0.252524
vt 0.366964 0.238424
vt 0.364150 0.224859
vt 0.361534 0.211825
vt 0.377265 0.209441
vt 0.390898 0.215905
vt 0.361602 0.295633
vt 0.361437 0.281740
vt 0.360307 0.267834
vt 0.357978 0.253914
vt 0.354647 0.240122
vt 0.350882 0.226812
vt 0.347264 0.214043
vt 0.348760 0.295519
vt 0.348618 0.282060
vt 0.347824 0.268835
vt 0.345773 0.255650
vt 0.342349 0.242470
vt 0.338036 0.229393
vt 0.334044 0.216370
vt 0.334879 0.294594
vt 0.335479 0.281985
vt 0.335071 0.269709
vt 0.333341 0.257475
vt 0.330128 0.245011
vt 0.325894 0.232128
vt 0.320786 0.292486
vt 0.322022 0.281323
vt 0.321919 0.270228
vt 0.320573 0.259002
vt 0.317907 0.247181
vt 0.314291 0.234381
vt 0.307629 0.290175
vt 0.308526 0.280406
vt 0.308553 0.270406
vt 0.307626 0.260024
vt 0.305720 0.248710
vt 0.303051 0.236005
vt 0.294616 0.288673
vt 0.295156 0.279680
vt 0.295244 0.270396
vt 0.294770 0.260554
vt 0.293701 0.249581
vt 0.281898 0.279243
vt 0.282078 0.270313
vt 0.281675 0.287848
vt 0.282108 0.260736
vt 0.281875 0.249976
vt 0.268536 0.279050
vt 0.268889 0.270163
vt 0.268558 0.287578
vt 0.269483 0.260624
vt 0.254939 0.279022
vt 0.255554 0.269795
vt 0.255084 0.287936
vt 0.256726 0.260064
vt 0.241380 0.278993
vt 0.242303 0.269024
vt 0.241375 0.288960
vt 0.243946 0.258850
vt 0.228461 0.278695
vt 0.229591 0.267861
vt 0.228101 0.289698
vt 0.216478 0.278264
vt 0.217593 0.266719
vt 0.216104 0.289979
vt 0.205046 0.277964
vt 0.205959 0.265980
vt 0.204694 0.290073
vt 0.400984 0.221882
vt 0.409045 0.230071
vt 0.004240 0.231708
vt 0.003209 0.215443
vt 0.023318 0.253321
vt 0.005693 0.253376
vt 0.039168 0.236942
vt 0.002650 0.201899
vt 0.011632 0.186137
vt 0.002315 0.186775
vt 0.145164 0.199247
vt 0.155548 0.200732
vt 0.148617 0.218111
vt 0.140261 0.213004
vt 0.146451 0.185210
vt 0.159457 0.184125
vt 0.134520 0.199255
vt 0.133544 0.186983
vt 0.134017 0.208671
vt 0.145263 0.171435
vt 0.159526 0.169609
vt 0.131298 0.173432
vt 0.173998 0.167052
vt 0.173085 0.183279
vt 0.166599 0.201899
vt 0.189441 0.181112
vt 0.178599 0.203127
vt 0.188048 0.162759
vt 0.142029 0.158351
vt 0.156493 0.156812
vt 0.126668 0.160349
vt 0.170327 0.153789
vt 0.136282 0.146292
vt 0.151963 0.144863
vt 0.119178 0.148293
vt 0.015046 0.169658
vt 0.003570 0.168456
vt 0.212583 0.217300
vt 0.217720 0.205111
vt 0.227898 0.210378
vt 0.225006 0.221169
vt 0.200686 0.212567
vt 0.208325 0.198280
vt 0.210086 0.229874
vt 0.197158 0.227026
vt 0.222983 0.232531
vt 0.219349 0.186493
vt 0.225767 0.195076
vt 0.231028 0.201937
vt 0.194909 0.253138
vt 0.194060 0.265496
vt 0.181352 0.265270
vt 0.181777 0.252495
vt 0.207272 0.254058
vt 0.195818 0.240467
vt 0.208648 0.242093
vt 0.182535 0.239002
vt 0.184472 0.224096
vt 0.189591 0.207414
vt 0.199442 0.190581
vt 0.212654 0.177416
vt 0.181131 0.277632
vt 0.167924 0.277927
vt 0.167774 0.265717
vt 0.181193 0.289748
vt 0.168033 0.289572
vt 0.193465 0.277725
vt 0.193352 0.289898
vt 0.167779 0.252619
vt 0.168706 0.238243
vt 0.171965 0.221898
vt 0.205843 0.167201
vt 0.153932 0.266652
vt 0.153426 0.253221
vt 0.154321 0.278529
vt 0.139700 0.253965
vt 0.139166 0.236030
vt 0.154450 0.237805
vt 0.140706 0.267751
vt 0.159675 0.220573
vt 0.192861 0.142079
vt 0.184818 0.130939
vt 0.193011 0.121228
vt 0.201409 0.132924
vt 0.182777 0.149215
vt 0.175889 0.137630
vt 0.200081 0.154481
vt 0.209778 0.145316
vt 0.176242 0.121991
vt 0.183523 0.113764
vt 0.169598 0.126771
vt 0.190106 0.101886
vt 0.202812 0.106982
vt 0.210840 0.123471
vt 0.357137 0.199097
vt 0.343806 0.201227
vt 0.369752 0.195636
vt 0.353216 0.185555
vt 0.364451 0.182041
vt 0.341149 0.187470
vt 0.350576 0.170140
vt 0.360922 0.166595
vt 0.339532 0.172125
vt 0.331011 0.202845
vt 0.329058 0.188445
vt 0.328111 0.172932
vt 0.327493 0.156455
vt 0.338272 0.155289
vt 0.348593 0.152847
vt 0.336391 0.137812
vt 0.346346 0.134845
vt 0.326116 0.139608
vt 0.333495 0.120814
vt 0.343407 0.117552
vt 0.323498 0.123167
vt 0.316627 0.173435
vt 0.316387 0.157081
vt 0.317411 0.189203
vt 0.315479 0.140649
vt 0.313202 0.124723
vt 0.309648 0.109506
vt 0.319839 0.107500
vt 0.329799 0.104859
vt 0.315454 0.092523
vt 0.325680 0.089894
vt 0.305044 0.094891
vt 0.305081 0.157690
vt 0.304447 0.141481
vt 0.305257 0.174089
vt 0.302402 0.126033
vt 0.298894 0.111472
vt 0.294060 0.097508
vt 0.287654 0.083847
vt 0.299403 0.080743
vt 0.310614 0.078228
vt 0.280568 0.070340
vt 0.293656 0.067431
vt 0.306150 0.065078
vt 0.289914 0.055039
vt 0.303363 0.053044
vt 0.275649 0.056761
vt 0.292884 0.142399
vt 0.290765 0.127550
vt 0.293625 0.158393
vt 0.287156 0.113872
vt 0.282120 0.100864
vt 0.275314 0.087754
vt 0.267414 0.073552
vt 0.261626 0.057560
vt 0.261670 0.041120
vt 0.275135 0.043680
vt 0.289102 0.043073
vt 0.277975 0.033964
vt 0.289406 0.032083
vt 0.269729 0.027699
vt 0.282099 0.159312
vt 0.280682 0.143662
vt 0.277993 0.129590
vt 0.273980 0.116928
vt 0.268802 0.104823
vt 0.262194 0.091941
vt 0.254489 0.076677
vt 0.248517 0.058224
vt 0.248067 0.038361
vt 0.257139 0.019017
vt 0.268087 0.145661
vt 0.264262 0.132423
vt 0.259436 0.120570
vt 0.254037 0.108907
vt 0.248083 0.095715
vt 0.241666 0.079420
vt 0.236333 0.059582
vt 0.234176 0.038500
vt 0.250495 0.136314
vt 0.244465 0.124797
vt 0.238487 0.112848
vt 0.233153 0.098846
vt 0.228579 0.081675
vt 0.224531 0.061281
vt 0.223563 0.117196
vt 0.218114 0.102006
vt 0.230618 0.129993
vt 0.215442 0.083867
vt 0.212692 0.063708
vt 0.203113 0.086251
vt 0.583984 0.031065
vt 0.584518 0.017904
vt 0.595766 0.018146
vt 0.595089 0.031794
vt 0.572708 0.030351
vt 0.573097 0.017649
vt 0.582586 0.045339
vt 0.571476 0.044206
vt 0.593527 0.046444
vt 0.561315 0.029654
vt 0.561525 0.017402
vt 0.560306 0.043036
vt 0.549811 0.029079
vt 0.549858 0.017254
vt 0.549022 0.041993
vt 0.538221 0.028529
vt 0.538145 0.017132
vt 0.537620 0.040936
vt 0.526563 0.027991
vt 0.526399 0.017037
vt 0.526122 0.039902
vt 0.514792 0.027456
vt 0.514566 0.016887
vt 0.514505 0.038870
vt 0.502745 0.026930
vt 0.502481 0.016744
vt 0.502596 0.037838
vt 0.490112 0.026396
vt 0.489821 0.016591
vt 0.490082 0.036796
vt 0.476510 0.025880
vt 0.476211 0.016365
vt 0.476590 0.035784
vt 0.461667 0.025437
vt 0.461392 0.016171
vt 0.461810 0.034956
vt 0.445576 0.025106
vt 0.445359 0.015955
vt 0.445726 0.034384
vt 0.428503 0.024834
vt 0.428387 0.015705
vt 0.428575 0.034031
vt 0.410863 0.024527
vt 0.410937 0.015298
vt 0.410762 0.033692
vt 0.393128 0.023995
vt 0.393458 0.014753
vt 0.392790 0.033149
vt 0.375845 0.023262
vt 0.376393 0.014032
vt 0.375304 0.032505
vt 0.359534 0.022546
vt 0.360239 0.013285
vt 0.358848 0.031963
vt 0.344463 0.022003
vt 0.345308 0.012600
vt 0.343628 0.031688
vt 0.330417 0.021412
vt 0.331284 0.011913
vt 0.329537 0.031408
vt 0.316679 0.020746
vt 0.317166 0.011224
vt 0.316129 0.031032
vt 0.302162 0.020563
vt 0.301317 0.010996
vt 0.302816 0.031108
vt 0.285962 0.022007
vt 0.281745 0.012403
vt 0.235280 0.019603
vt 0.164867 0.142172
vt 0.147564 0.133617
vt 0.160562 0.130883
vt 0.130459 0.134718
vt 0.065742 0.135066
vt 0.057958 0.130121
vt 0.060900 0.121555
vt 0.068980 0.128466
vt 0.063285 0.140054
vt 0.056634 0.139415
vt 0.073018 0.142231
vt 0.067198 0.146995
vt 0.078733 0.136002
vt 0.064708 0.112608
vt 0.073374 0.119910
vt 0.085299 0.127342
vt 0.092030 0.143943
vt 0.107922 0.136098
vt 0.018499 0.151928
vt 0.022431 0.134664
vt 0.034402 0.137060
vt 0.031264 0.153498
vt 0.006818 0.149505
vt 0.010373 0.132147
vt 0.027710 0.117998
vt 0.038885 0.122101
vt 0.015812 0.111971
vt 0.049451 0.125967
vt 0.053747 0.115321
vt 0.046684 0.138403
vt 0.045499 0.109270
vt 0.036150 0.103354
vt 0.046617 0.091149
vt 0.053432 0.099009
vt 0.059041 0.105660
vt 0.221192 0.039900
vt 0.208980 0.043015
vt 0.202821 0.023074
vt 0.218444 0.020526
vt 0.201183 0.067084
vt 0.197670 0.048802
vt 0.194699 0.034580
vt 0.045447 0.152322
vt 0.058244 0.149866
vt 0.027050 0.096959
vt 0.037541 0.083225
vt 0.039229 0.265626
vt 0.050100 0.249106
vt 0.063665 0.258320
vt 0.055588 0.272484
vt 0.034154 0.287426
vt 0.016756 0.281283
vt 0.052412 0.288869
vt 0.078094 0.265215
vt 0.072304 0.276954
vt 0.070489 0.289555
vt 0.092211 0.269675
vt 0.088482 0.279715
vt 0.087650 0.289676
vt 0.105339 0.271249
vt 0.103222 0.280875
vt 0.103013 0.289761
vt 0.117207 0.270712
vt 0.116303 0.280768
vt 0.116173 0.289646
vt 0.128618 0.269278
vt 0.128559 0.280057
vt 0.128356 0.289520
vt 0.141078 0.279244
vt 0.140896 0.289449
vt 0.154298 0.289444
vt 0.073464 0.246573
vt 0.085374 0.254694
vt 0.062408 0.236555
vt 0.096751 0.260017
vt 0.107476 0.260713
vt 0.117381 0.259074
vt 0.127692 0.256600
vt 0.083114 0.236883
vt 0.092493 0.245839
vt 0.099587 0.252175
vt 0.106681 0.249790
vt 0.115037 0.246580
vt 0.074424 0.226491
vt 0.053665 0.224989
vt 0.093042 0.229236
vt 0.100647 0.239504
vt 0.103591 0.223278
vt 0.109622 0.234644
vt 0.114700 0.218320
vt 0.119743 0.229989
vt 0.125120 0.242664
vt 0.086490 0.218457
vt 0.098788 0.212121
vt 0.067625 0.215308
vt 0.081320 0.207456
vt 0.076529 0.196470
vt 0.090535 0.189143
vt 0.094726 0.200999
vt 0.104179 0.182212
vt 0.107814 0.195130
vt 0.111096 0.207018
vt 0.103805 0.153373
vt 0.112008 0.164313
vt 0.117555 0.176906
vt 0.120681 0.190351
vt 0.123128 0.202589
vt 0.125641 0.213456
vt 0.130902 0.223674
vt 0.650185 0.066016
vt 0.637195 0.065396
vt 0.638542 0.049949
vt 0.651276 0.050852
vt 0.649655 0.081265
vt 0.636537 0.080888
vt 0.664102 0.066702
vt 0.663383 0.081713
vt 0.664939 0.051781
vt 0.624040 0.080440
vt 0.625028 0.064861
vt 0.636123 0.096262
vt 0.623327 0.095685
vt 0.649297 0.096680
vt 0.622282 0.110285
vt 0.620506 0.123904
vt 0.607517 0.122184
vt 0.609500 0.108987
vt 0.635311 0.111203
vt 0.633660 0.125277
vt 0.610933 0.094764
vt 0.612103 0.079716
vt 0.605121 0.134482
vt 0.592333 0.132113
vt 0.594748 0.120030
vt 0.618090 0.136512
vt 0.597026 0.107191
vt 0.598960 0.093341
vt 0.600629 0.078523
vt 0.589950 0.143784
vt 0.577511 0.141183
vt 0.579782 0.129518
vt 0.602592 0.146209
vt 0.582264 0.117555
vt 0.584880 0.104986
vt 0.587324 0.091496
vt 0.565276 0.138572
vt 0.567490 0.126884
vt 0.575408 0.152760
vt 0.563306 0.150184
vt 0.587679 0.155303
vt 0.570071 0.114959
vt 0.572976 0.102588
vt 0.551314 0.147667
vt 0.553207 0.136075
vt 0.561473 0.161925
vt 0.549614 0.159385
vt 0.573432 0.164443
vt 0.555436 0.124387
vt 0.558109 0.112470
vt 0.561203 0.100190
vt 0.537760 0.156876
vt 0.539346 0.145249
vt 0.547976 0.171505
vt 0.536279 0.168943
vt 0.559709 0.174025
vt 0.541228 0.133752
vt 0.543530 0.122111
vt 0.546302 0.110180
vt 0.534731 0.181653
vt 0.533063 0.195032
vt 0.521596 0.192488
vt 0.523174 0.179075
vt 0.546310 0.184197
vt 0.544617 0.197481
vt 0.524544 0.166403
vt 0.525824 0.154443
vt 0.527311 0.142958
vt 0.529229 0.131593
vt 0.531660 0.120026
vt 0.519843 0.206541
vt 0.508456 0.203998
vt 0.510162 0.189914
vt 0.531323 0.208985
vt 0.511576 0.176540
vt 0.512702 0.163968
vt 0.513767 0.152149
vt 0.515172 0.140807
vt 0.517165 0.129543
vt 0.506510 0.218639
vt 0.495147 0.216028
vt 0.497119 0.201382
vt 0.517973 0.221091
vt 0.498707 0.187361
vt 0.499889 0.174116
vt 0.500734 0.161712
vt 0.501595 0.150049
vt 0.502949 0.138804
vt 0.505038 0.127550
vt 0.483826 0.213197
vt 0.485763 0.198657
vt 0.492835 0.231102
vt 0.481339 0.228235
vt 0.504390 0.233652
vt 0.487157 0.184800
vt 0.488052 0.171762
vt 0.488618 0.159587
vt 0.489316 0.148095
vt 0.490654 0.136889
vt 0.469804 0.224781
vt 0.472438 0.209991
vt 0.478384 0.243646
vt 0.466335 0.240081
vt 0.490305 0.246418
vt 0.474263 0.195724
vt 0.475386 0.182143
vt 0.475946 0.169394
vt 0.476246 0.157501
vt 0.476819 0.146187
vt 0.454168 0.234974
vt 0.458137 0.220404
vt 0.462341 0.256313
vt 0.448747 0.250772
vt 0.475372 0.259515
vt 0.460845 0.206274
vt 0.462487 0.192536
vt 0.463265 0.179391
vt 0.463437 0.167033
vt 0.463447 0.155446
vt 0.463933 0.144253
vt 0.436405 0.240922
vt 0.442323 0.228067
vt 0.459332 0.274438
vt 0.446449 0.215181
vt 0.449091 0.202200
vt 0.450465 0.189288
vt 0.450808 0.176769
vt 0.450527 0.164894
vt 0.450192 0.153564
vt 0.425427 0.231111
vt 0.431117 0.220781
vt 0.435101 0.209799
vt 0.437555 0.198242
vt 0.438538 0.186382
vt 0.438344 0.174670
vt 0.437493 0.163315
vt 0.415610 0.222421
vt 0.420718 0.213952
vt 0.424511 0.204820
vt 0.426812 0.194858
vt 0.427260 0.184217
vt 0.426366 0.173398
vt 0.424873 0.162479
vt 0.414957 0.200254
vt 0.417470 0.192239
vt 0.411000 0.207635
vt 0.417074 0.183088
vt 0.415284 0.173233
vt 0.410642 0.190416
vt 0.408246 0.183668
vt 0.406831 0.195086
vt 0.287747 0.208049
vt 0.297800 0.206822
vt 0.300309 0.221898
vt 0.290042 0.223051
vt 0.285235 0.192306
vt 0.295513 0.191151
vt 0.278014 0.209287
vt 0.275497 0.193649
vt 0.279929 0.224007
vt 0.268510 0.210547
vt 0.266277 0.195261
vt 0.269839 0.224813
vt 0.259028 0.211720
vt 0.257341 0.197118
vt 0.259546 0.225311
vt 0.248816 0.225092
vt 0.249218 0.212428
vt 0.248348 0.198985
vt 0.237267 0.223697
vt 0.238780 0.212224
vt 0.239111 0.200596
vt 0.321988 0.218592
vt 0.319196 0.204246
vt 0.310870 0.220440
vt 0.308227 0.205560
vt 0.292045 0.237049
vt 0.281177 0.237694
vt 0.270283 0.238027
vt 0.259134 0.237908
vt 0.247567 0.236966
vt 0.235524 0.235029
vt 0.270073 0.249997
vt 0.258077 0.249503
vt 0.245851 0.248216
vt 0.233539 0.246154
vt 0.221179 0.243932
vt 0.231438 0.257072
vt 0.219300 0.255307
vt 0.306250 0.190101
vt 0.294090 0.174900
vt 0.283273 0.175868
vt 0.273020 0.177199
vt 0.270776 0.160787
vt 0.263459 0.179135
vt 0.260084 0.163218
vt 0.255834 0.148825
vt 0.254457 0.181818
vt 0.250265 0.166903
vt 0.244726 0.153507
vt 0.237994 0.141618
vt 0.245481 0.185159
vt 0.240895 0.171846
vt 0.234782 0.159769
vt 0.227394 0.148525
vt 0.219151 0.136801
vt 0.235836 0.189163
vt 0.230797 0.178080
vt 0.224654 0.167561
vt 0.217552 0.156975
vt 0.406226 0.214868
vt 0.396552 0.207949
vt 0.387032 0.200145
vt 0.402018 0.201072
vt 0.401028 0.187470
vt 0.394344 0.193089
vt 0.396439 0.178160
vt 0.405302 0.174669
vt 0.388242 0.183285
vt 0.379793 0.189518
vt 0.374351 0.176935
vt 0.383477 0.171625
vt 0.392645 0.167183
vt 0.380204 0.157570
vt 0.390015 0.153931
vt 0.370646 0.162048
vt 0.368260 0.145020
vt 0.378305 0.141219
vt 0.358487 0.149164
vt 0.356216 0.131064
vt 0.366388 0.127212
vt 0.353560 0.113848
vt 0.364368 0.110274
vt 0.339897 0.101659
vt 0.350535 0.098269
vt 0.336227 0.087103
vt 0.321608 0.075932
vt 0.332937 0.073791
vt 0.318232 0.063261
vt 0.302648 0.041936
vt 0.632317 0.284892
vt 0.621400 0.285120
vt 0.621263 0.271891
vt 0.631871 0.271723
vt 0.632710 0.298228
vt 0.621706 0.298447
vt 0.643021 0.284340
vt 0.643874 0.297998
vt 0.642189 0.271175
vt 0.621303 0.258806
vt 0.631567 0.258815
vt 0.641408 0.258505
vt 0.621692 0.245920
vt 0.631696 0.246282
vt 0.640984 0.246176
vt 0.622677 0.233322
vt 0.632764 0.234270
vt 0.642217 0.235364
vt 0.624399 0.221119
vt 0.634922 0.222795
vt 0.644759 0.225332
vt 0.626795 0.209356
vt 0.638059 0.211641
vt 0.649095 0.215779
vt 0.629413 0.197914
vt 0.641088 0.200333
vt 0.652890 0.203268
vt 0.631961 0.186642
vt 0.643659 0.189038
vt 0.655279 0.191311
vt 0.634564 0.175439
vt 0.646205 0.177931
vt 0.657436 0.180542
vt 0.637530 0.164176
vt 0.649315 0.166890
vt 0.660301 0.170500
vt 0.640950 0.152565
vt 0.653381 0.155421
vt 0.665112 0.160119
vt 0.644338 0.140146
vt 0.657588 0.142625
vt 0.671044 0.146902
vt 0.646973 0.126580
vt 0.660508 0.128150
vt 0.674540 0.130212
vt 0.648557 0.111948
vt 0.661984 0.112707
vt 0.675550 0.113319
vt 0.662748 0.097072
vt 0.676213 0.097731
vt 0.677438 0.082547
vt 0.678743 0.067579
vt 0.610084 0.285130
vt 0.610210 0.271812
vt 0.610137 0.298555
vt 0.610506 0.258591
vt 0.611066 0.245481
vt 0.612011 0.232545
vt 0.613451 0.219908
vt 0.615397 0.207700
vt 0.617663 0.195942
vt 0.620043 0.184505
vt 0.622527 0.173219
vt 0.625251 0.161919
vt 0.628227 0.150382
vt 0.631179 0.138286
vt 0.598349 0.284895
vt 0.598687 0.271510
vt 0.598093 0.298346
vt 0.599177 0.258177
vt 0.599874 0.244901
vt 0.600839 0.231731
vt 0.602145 0.218797
vt 0.603820 0.206257
vt 0.605791 0.194199
vt 0.607942 0.182551
vt 0.610234 0.171155
vt 0.612717 0.159834
vt 0.615388 0.148373
vt 0.586292 0.284479
vt 0.586772 0.271019
vt 0.585915 0.297985
vt 0.587403 0.257573
vt 0.588221 0.244145
vt 0.589247 0.230790
vt 0.590514 0.217632
vt 0.592041 0.204836
vt 0.593802 0.192513
vt 0.595747 0.180637
vt 0.597852 0.169079
vt 0.600134 0.157672
vt 0.574019 0.283950
vt 0.574579 0.270402
vt 0.573501 0.297470
vt 0.575316 0.256825
vt 0.576246 0.243243
vt 0.577360 0.229715
vt 0.578649 0.216364
vt 0.580117 0.203343
vt 0.581767 0.190763
vt 0.583586 0.178629
vt 0.585556 0.166856
vt 0.561632 0.283436
vt 0.562216 0.269746
vt 0.561171 0.296996
vt 0.563047 0.255991
vt 0.564095 0.242220
vt 0.565318 0.228497
vt 0.566678 0.214939
vt 0.568168 0.201676
vt 0.569800 0.188825
vt 0.571562 0.176429
vt 0.549148 0.283087
vt 0.549769 0.269108
vt 0.549030 0.297017
vt 0.550719 0.255093
vt 0.551903 0.241066
vt 0.553265 0.227086
vt 0.554739 0.213259
vt 0.556313 0.199726
vt 0.557980 0.186621
vt 0.536513 0.282749
vt 0.537306 0.268394
vt 0.536471 0.297305
vt 0.538433 0.254055
vt 0.539796 0.239700
vt 0.541328 0.225388
vt 0.542944 0.211260
vt 0.523756 0.282004
vt 0.524877 0.267361
vt 0.522488 0.296786
vt 0.526251 0.252701
vt 0.527844 0.238009
vt 0.529572 0.223368
vt 0.511115 0.280787
vt 0.512513 0.265883
vt 0.509992 0.295644
vt 0.514187 0.250933
vt 0.498550 0.279377
vt 0.500197 0.264043
vt 0.497396 0.294853
vt 0.679370 0.052261
vt 0.516054 0.235966
vt 0.502217 0.248816
vt 0.485995 0.277801
vt 0.487868 0.261929
vt 0.484545 0.293984
vt 0.473271 0.276209
vt 0.472907 0.293541
vt 0.460701 0.294400
vt 0.665746 0.036401
vt 0.652708 0.035412
vt 0.679161 0.036753
vt 0.666332 0.020582
vt 0.678805 0.020737
vt 0.653771 0.019862
vt 0.654406 0.004355
vt 0.666877 0.004757
vt 0.678407 0.005108
vt 0.640229 0.034503
vt 0.641334 0.019198
vt 0.641381 0.004050
vt 0.626619 0.049255
vt 0.628371 0.033829
vt 0.629362 0.018859
vt 0.629219 0.004233
vt 0.615305 0.048516
vt 0.617053 0.033231
vt 0.617955 0.018635
vt 0.617841 0.004534
vt 0.604351 0.047550
vt 0.606052 0.032542
vt 0.606856 0.018394
vt 0.606780 0.004863
vt 0.595688 0.005208
vt 0.584422 0.005546
vt 0.572983 0.005848
vt 0.561377 0.006092
vt 0.549650 0.006327
vt 0.537913 0.006541
vt 0.526175 0.006731
vt 0.514376 0.006921
vt 0.502375 0.007111
vt 0.489845 0.007247
vt 0.476342 0.007299
vt 0.461598 0.007232
vt 0.445573 0.007024
vt 0.428565 0.006670
vt 0.411130 0.006172
vt 0.393685 0.005584
vt 0.376599 0.004954
vt 0.360418 0.004329
vt 0.345606 0.003685
vt 0.331795 0.003114
vt 0.317814 0.002630
vt 0.302046 0.002315
vt 0.282008 0.002472
vt 0.257322 0.003249
vt 0.192483 0.086506
vt 0.190154 0.069912
vt 0.185282 0.052686
vt 0.184670 0.032952
vt 0.613498 0.064149
vt 0.602393 0.063052
vt 0.589450 0.076966
vt 0.591496 0.061691
vt 0.575842 0.089428
vt 0.578350 0.075223
vt 0.580593 0.060244
vt 0.564370 0.087259
vt 0.567193 0.073376
vt 0.569585 0.058753
vt 0.549514 0.097877
vt 0.552881 0.085034
vt 0.555966 0.071419
vt 0.558496 0.057181
vt 0.534576 0.108072
vt 0.537908 0.095683
vt 0.541424 0.082814
vt 0.544703 0.069396
vt 0.547311 0.055602
vt 0.519763 0.118014
vt 0.522882 0.106019
vt 0.526394 0.093530
vt 0.530056 0.080617
vt 0.533439 0.067369
vt 0.536046 0.054003
vt 0.507822 0.115943
vt 0.511186 0.103852
vt 0.514952 0.091284
vt 0.518781 0.078391
vt 0.522197 0.065366
vt 0.524712 0.052443
vt 0.492853 0.125517
vt 0.495846 0.113707
vt 0.499480 0.101440
vt 0.503528 0.088823
vt 0.507535 0.076039
vt 0.510920 0.063317
vt 0.513278 0.050876
vt 0.478202 0.134958
vt 0.480590 0.123353
vt 0.483859 0.111224
vt 0.487776 0.098714
vt 0.492068 0.086057
vt 0.496184 0.073475
vt 0.499445 0.061165
vt 0.501576 0.049271
vt 0.465486 0.132882
vt 0.468230 0.120932
vt 0.471891 0.108413
vt 0.476094 0.095623
vt 0.480490 0.082934
vt 0.484500 0.070640
vt 0.487483 0.058856
vt 0.489293 0.047618
vt 0.450646 0.142299
vt 0.452522 0.130551
vt 0.455793 0.118117
vt 0.459922 0.105198
vt 0.464331 0.092207
vt 0.468581 0.079590
vt 0.472158 0.067673
vt 0.474641 0.056497
vt 0.476037 0.045960
vt 0.436785 0.152052
vt 0.437240 0.140346
vt 0.439503 0.127868
vt 0.443286 0.114788
vt 0.447738 0.101557
vt 0.452100 0.088616
vt 0.455881 0.076337
vt 0.458725 0.064957
vt 0.460539 0.054446
vt 0.461455 0.044578
vt 0.423765 0.150992
vt 0.424163 0.138444
vt 0.426605 0.124922
vt 0.430536 0.111118
vt 0.434841 0.097739
vt 0.438734 0.085178
vt 0.441785 0.073556
vt 0.443809 0.062860
vt 0.444954 0.053056
vt 0.445508 0.043655
vt 0.413122 0.162609
vt 0.411588 0.150661
vt 0.411709 0.137055
vt 0.413835 0.122365
vt 0.417208 0.107822
vt 0.420710 0.094374
vt 0.423720 0.082309
vt 0.425945 0.071452
vt 0.427301 0.061519
vt 0.428039 0.052221
vt 0.428414 0.043112
vt 0.402417 0.164107
vt 0.400391 0.151562
vt 0.399946 0.136906
vt 0.401169 0.121108
vt 0.403287 0.105816
vt 0.405438 0.092167
vt 0.407289 0.080339
vt 0.408709 0.069944
vt 0.409629 0.060453
vt 0.410183 0.051494
vt 0.410531 0.042658
vt 0.388830 0.138354
vt 0.388846 0.121658
vt 0.389368 0.105676
vt 0.389916 0.091579
vt 0.390463 0.079537
vt 0.391044 0.069118
vt 0.391603 0.059722
vt 0.392038 0.050738
vt 0.392448 0.042079
vt 0.377207 0.123878
vt 0.376255 0.107342
vt 0.375279 0.092672
vt 0.374491 0.080031
vt 0.374123 0.069089
vt 0.374198 0.059362
vt 0.374518 0.050315
vt 0.374890 0.041522
vt 0.362176 0.095096
vt 0.360171 0.081746
vt 0.358760 0.070008
vt 0.358146 0.059590
vt 0.358102 0.050278
vt 0.358421 0.041199
vt 0.347558 0.084284
vt 0.345136 0.071735
vt 0.343643 0.060614
vt 0.343072 0.050659
vt 0.343167 0.041207
vt 0.330516 0.061867
vt 0.329265 0.051121
vt 0.329058 0.041363
vt 0.316232 0.051801
vt 0.315766 0.041380
vt 0.217325 0.003541
vt 0.234852 0.003690
vt 0.202043 0.004447
vt 0.188109 0.018028
vt 0.192345 0.006994
vt 0.007130 0.274737
s 1
f 1/1 2/2 13/3 12/4
f 2/2 3/5 14/6 13/3
f 3/5 4/7 15/8 14/6
f 4/7 5/9 16/10 15/8
f 5/9 6/11 17/12 16/10
f 6/11 7/13 18/14 17/12
f 7/13 8/15 19/16 18/14
f 8/15 9/17 20/18 19/16
f 9/17 10/19 21/20 20/18
f 10/19 11/21 22/22 21/20
f 12/4 13/3 24/23 23/24
f 13/3 14/6 25/25 24/23
f 14/6 15/8 26/26 25/25
f 15/8 16/10 27/27 26/26
f 16/10 17/12 28/28 27/27
f 17/12 18/14 29/29 28/28
f 18/14 19/16 30/30 29/29
f 19/16 20/18 31/31 30/30
f 20/18 21/20 32/32 31/31
f 21/20 22/22 33/33 32/32
f 23/24 24/23 35/34 34/35
f 24/23 25/25 36/36 35/34
f 25/25 26/26 37/37 36/36
f 26/26 27/27 38/38 37/37
f 27/27 28/28 39/39 38/38
f 28/28 29/29 40/40 39/39
f 29/29 30/30 41/41 40/40
f 30/30 31/31 42/42 41/41
f 31/31 32/32 43/43 42/42
f 32/32 33/33 44/44 43/43
f 34/35 35/34 46/45 45/46
f 35/34 36/36 47/47 46/45
f 36/36 37/37 48/48 47/47
f 37/37 38/38 49/49 48/48
f 38/38 39/39 50/50 49/49
f 39/39 40/40 51/51 50/50
f 40/40 41/41 52/52 51/51
f 41/41 42/42 53/53 52/52
f 42/42 43/43 54/54 53/53
f 43/43 44/44 55/55 54/54
f 45/46 46/45 57/56 56/57
f 46/45 47/47 58/58 57/56
f 47/47 48/48 59/59 58/58
f 48/48 49/49 60/60 59/59
f 49/49 50/50 61/61 60/60
f 50/50 51/51 62/62 61/61
f 51/51 52/52 63/63 62/62
f 52/52 53/53 64/64 63/63
f 53/53 54/54 65/65 64/64
f 54/54 55/55 66/66 65/65
f 56/57 57/56 68/67 67/68
f 57/56 58/58 69/69 68/67
f 58/58 59/59 70/70 69/69
f 59/59 60/60 71/71 70/70
f 60/60 61/61 72/72 71/71
f 61/61 62/62 73/73 72/72
f 62/62 63/63 74/74 73/73
f 63/63 64/64 75/75 74/74
f 64/64 65/65 76/76 75/75
f 65/65 66/66 77/77 76/76
f 67/68 68/67 79/78 78/79
f 68/67 69/69 80/80 79/78
f 69/69 70/70 81/81 80/80
f 70/70 71/71 82/82 81/81
f 71/71 72/72 83/83 82/82
f 72/72 73/73 84/84 83/83
f 73/73 74/74 85/85 84/84
f 74/74 75/75 86/86 85/85
f 75/75 76/76 87/87 86/86
f 76/76 77/77 88/88 87/87
f 78/79 79/78 90/89 89/90
f 79/78 80/80 91/91 90/89
f 80/80 81/81 92/92 91/91
f 81/81 82/82 93/93 92/92
f 82/82 83/83 94/94 93/93
f 83/83 84/84 95/95 94/94
f 84/84 85/85 96/96 95/95
f 85/85 86/86 97/97 96/96
f 86/86 87/87 98/98 97/97
f 87/87 88/88 99/99 98/98
f 89/90 90/89 101/100 100/101
f 90/89 91/91 102/102 101/100
f 91/91 92/92 103/103 102/102
f 92/92 93/93 104/104 103/103
f 93/93 94/94 105/105 104/104
f 94/94 95/95 106/106 105/105
f 95/95 96/96 107/107 106/106
f 96/96 97/97 108/108 107/107
f 97/97 98/98 109/109 108/108
f 98/98 99/99 110/110 109/109
f 100/101 101/100 112/111 111/112
f 101/100 102/102 113/113 112/111
f 102/102 103/103 114/114 113/113
f 103/103 104/104 115/115 114/114
f 104/104 105/105 116/116 115/115
f 105/105 106/106 117/117 116/116
f 106/106 107/107 118/118 117/117
f 107/107 108/108 119/119 118/118
f 108/108 109/109 120/120 119/119
f 109/109 110/110 121/121 120/120
f 122/122 132/123 133/124 123/125
f 123/125 133/124 134/126 124/127
f 124/127 134/126 135/128 125/129
f 125/129 135/128 136/130 126/131
f 126/131 136/130 137/132 127/133
f 127/133 137/132 138/134 128/135
f 128/135 138/134 139/136 129/137
f 129/137 139/136 140/138 130/139
f 130/139 140/138 141/140 131/141
f 131/141 141/140 142/142 121/121
f 132/123 143/143 144/144 133/124
f 133/124 144/144 145/145 134/126
f 134/126 145/145 146/146 135/128
f 135/128 146/146 147/147 136/130
f 136/130 147/147 148/148 137/132
f 137/132 148/148 149/149 138/134
f 138/134 149/149 150/150 139/136
f 139/136 150/150 151/151 140/138
f 140/138 151/151 152/152 141/140
f 141/140 152/152 153/153 142/142
f 143/143 342/154 343/155 144/144
f 144/144 343/155 344/156 145/145
f 145/145 344/156 345/157 146/146
f 146/146 345/157 346/158 147/147
f 147/147 346/158 347/159 148/148
f 148/148 347/159 348/160 149/149
f 149/149 348/160 349/161 150/150
f 150/150 349/161 350/162 151/151
f 151/151 350/162 351/163 152/152
f 152/152 351/163 352/164 153/153
f 154/165 165/166 166/167 155/168
f 155/168 166/167 167/169 156/170
f 156/170 167/169 168/171 157/172
f 157/172 168/171 169/173 158/174
f 158/174 169/173 170/175 159/176
f 159/176 170/175 171/177 160/178
f 160/178 171/177 172/179 161/180
f 161/180 172/179 173/181 162/182
f 162/182 173/181 174/183 163/184
f 163/184 174/183 175/185 164/186
f 165/166 176/187 177/188 166/167
f 166/167 177/188 178/189 167/169
f 167/169 178/189 179/190 168/171
f 168/171 179/190 180/191 169/173
f 169/173 180/191 181/192 170/175
f 170/175 181/192 182/193 171/177
f 171/177 182/193 183/194 172/179
f 172/179 183/194 184/195 173/181
f 173/181 184/195 185/196 174/183
f 174/183 185/196 186/197 175/185
f 176/187 187/198 188/199 177/188
f 177/188 188/199 189/200 178/189
f 178/189 189/200 190/201 179/190
f 179/190 190/201 191/202 180/191
f 180/191 191/202 192/203 181/192
f 181/192 192/203 193/204 182/193
f 182/193 193/204 194/205 183/194
f 183/194 194/205 195/206 184/195
f 184/195 195/206 196/207 185/196
f 185/196 196/207 197/208 186/197
f 187/198 198/209 199/210 188/199
f 188/199 199/210 200/211 189/200
f 189/200 200/211 201/212 190/201
f 190/201 201/212 202/213 191/202
f 191/202 202/213 203/214 192/203
f 192/203 203/214 204/215 193/204
f 193/204 204/215 205/216 194/205
f 194/205 205/216 206/217 195/206
f 195/206 206/217 207/218 196/207
f 196/207 207/218 208/219 197/208
f 198/209 209/220 210/221 199/210
f 199/210 210/221 211/222 200/211
f 200/211 211/222 212/223 201/212
f 201/212 212/223 213/224 202/213
f 202/213 213/224 214/225 203/214
f 203/214 214/225 215/226 204/215
f 204/215 215/226 216/227 205/216
f 205/216 216/227 217/228 206/217
f 206/217 217/228 218/229 207/218
f 207/218 218/229 219/230 208/219
f 209/220 220/231 221/232 210/221
f 210/221 221/232 222/233 211/222
f 211/222 222/233 223/234 212/223
f 212/223 223/234 224/235 213/224
f 213/224 224/235 225/236 214/225
f 214/225 225/236 226/237 215/226
f 215/226 226/237 227/238 216/227
f 216/227 227/238 228/239 217/228
f 217/228 228/239 229/240 218/229
f 218/229 229/240 230/241 219/230
f 220/231 231/242 232/243 221/232
f 221/232 232/243 233/244 222/233
f 222/233 233/244 234/245 223/234
f 223/234 234/245 235/246 224/235
f 224/235 235/246 236/247 225/236
f 225/236 236/247 237/248 226/237
f 226/237 237/248 238/249 227/238
f 227/238 238/249 239/250 228/239
f 228/239 239/250 240/251 229/240
f 229/240 240/251 241/252 230/241
f 111/112 112/111 243/253 242/254
f 112/111 113/113 244/255 243/253
f 113/113 114/114 245/256 244/255
f 114/114 115/115 246/257 245/256
f 115/115 116/116 247/258 246/257
f 116/116 117/117 248/259 247/258
f 117/117 118/118 249/260 248/259
f 118/118 119/119 250/261 249/260
f 119/119 120/120 251/262 250/261
f 120/120 121/121 142/142 251/262
f 242/254 243/253 253/263 252/264
f 243/253 244/255 254/265 253/263
f 244/255 245/256 255/266 254/265
f 245/256 246/257 256/267 255/266
f 246/257 247/258 257/268 256/267
f 247/258 248/259 258/269 257/268
f 248/259 249/260 259/270 258/269
f 249/260 250/261 260/271 259/270
f 250/261 251/262 261/272 260/271
f 251/262 142/142 153/153 261/272
f 252/264 253/263 361/273 362/274
f 253/263 254/265 360/275 361/273
f 254/265 255/266 359/276 360/275
f 255/266 256/267 358/277 359/276
f 256/267 257/268 357/278 358/277
f 257/268 258/269 356/279 357/278
f 258/269 259/270 355/280 356/279
f 259/270 260/271 354/281 355/280
f 260/271 261/272 353/282 354/281
f 261/272 153/153 352/164 353/282
f 262/283 263/284 273/285 272/286
f 263/284 264/287 274/288 273/285
f 264/287 265/289 275/290 274/288
f 265/289 266/291 276/292 275/290
f 266/291 267/293 277/294 276/292
f 267/293 268/295 278/296 277/294
f 268/295 269/297 279/298 278/296
f 269/297 270/299 280/300 279/298
f 270/299 271/301 281/302 280/300
f 271/301 164/186 175/185 281/302
f 272/286 273/285 283/303 282/304
f 273/285 274/288 284/305 283/303
f 274/288 275/290 285/306 284/305
f 275/290 276/292 286/307 285/306
f 276/292 277/294 287/308 286/307
f 277/294 278/296 288/309 287/308
f 278/296 279/298 289/310 288/309
f 279/298 280/300 290/311 289/310
f 280/300 281/302 291/312 290/311
f 281/302 175/185 186/197 291/312
f 282/304 283/303 293/313 292/314
f 283/303 284/305 294/315 293/313
f 284/305 285/306 295/316 294/315
f 285/306 286/307 296/317 295/316
f 286/307 287/308 297/318 296/317
f 287/308 288/309 298/319 297/318
f 288/309 289/310 299/320 298/319
f 289/310 290/311 300/321 299/320
f 290/311 291/312 301/322 300/321
f 291/312 186/197 197/208 301/322
f 292/314 293/313 303/323 302/324
f 293/313 294/315 304/325 303/323
f 294/315 295/316 305/326 304/325
f 295/316 296/317 306/327 305/326
f 296/317 297/318 307/328 306/327
f 297/318 298/319 308/329 307/328
f 298/319 299/320 309/330 308/329
f 299/320 300/321 310/331 309/330
f 300/321 301/322 311/332 310/331
f 301/322 197/208 208/219 311/332
f 302/324 303/323 313/333 312/334
f 303/323 304/325 314/335 313/333
f 304/325 305/326 315/336 314/335
f 305/326 306/327 316/337 315/336
f 306/327 307/328 317/338 316/337
f 307/328 308/329 318/339 317/338
f 308/329 309/330 319/340 318/339
f 309/330 310/331 320/341 319/340
f 310/331 311/332 321/342 320/341
f 311/332 208/219 219/230 321/342
f 312/334 313/333 323/343 322/344
f 313/333 314/335 324/345 323/343
f 314/335 315/336 325/346 324/345
f 315/336 316/337 326/347 325/346
f 316/337 317/338 327/348 326/347
f 317/338 318/339 328/349 327/348
f 318/339 319/340 329/350 328/349
f 319/340 320/341 330/351 329/350
f 320/341 321/342 331/352 330/351
f 321/342 219/230 230/241 331/352
f 322/344 323/343 333/353 332/354
f 323/343 324/345 334/355 333/353
f 324/345 325/346 335/356 334/355
f 325/346 326/347 336/357 335/356
f 326/347 327/348 337/358 336/357
f 327/348 328/349 338/359 337/358
f 328/349 329/350 339/360 338/359
f 329/350 330/351 340/361 339/360
f 330/351 331/352 341/362 340/361
f 331/352 230/241 241/252 341/362
f 343/155 342/154 154/165 155/168
f 344/156 343/155 155/168 156/170
f 345/157 344/156 156/170 157/172
f 346/158 345/157 157/172 158/174
f 347/159 346/158 158/174 159/176
f 348/160 347/159 159/176 160/178
f 349/161 348/160 160/178 161/180
f 350/162 349/161 161/180 162/182
f 351/163 350/162 162/182 163/184
f 352/164 351/163 163/184 164/186
f 353/282 352/164 164/186 271/301
f 354/281 353/282 271/301 270/299
f 355/280 354/281 270/299 269/297
f 356/279 355/280 269/297 268/295
f 357/278 356/279 268/295 267/293
f 358/277 357/278 267/293 266/291
f 359/276 358/277 266/291 265/289
f 360/275 359/276 265/289 264/287
f 361/273 360/275 264/287 263/284
f 362/274 361/273 263/284 262/283
s 4
f 363/363 451/364 452/365 447/366
f 363/363 1395/367 1396/368 451/364
f 363/363 364/369 1394/370 1395/367
f 363/363 447/366 441/371 364/369
f 364/369 365/372 1393/373 1394/370
f 364/369 441/371 433/374 365/372
f 365/372 1406/375 1392/376 1393/373
f 365/372 433/374 1404/377 1406/375
f 366/378 514/379 426/380 496/381
f 366/378 515/382 516/383 514/379
f 366/378 440/384 368/385 515/382
f 366/378 496/381 495/386 440/384
f 367/387 446/388 370/389 371/390
f 367/387 439/391 438/392 446/388
f 367/387 368/385 440/384 439/391
f 367/387 371/390 519/393 368/385
f 368/385 519/393 520/394 515/382
f 369/395 450/396 372/397 373/398
f 369/395 445/399 444/400 450/396
f 369/395 370/389 446/388 445/399
f 369/395 373/398 374/401 370/389
f 370/389 374/401 375/402 371/390
f 371/390 375/402 526/403 519/393
f 372/397 378/404 379/405 373/398
f 372/397 454/406 377/407 378/404
f 372/397 450/396 449/408 454/406
f 373/398 379/405 380/409 374/401
f 374/401 380/409 535/410 375/402
f 375/402 535/410 536/411 526/403
f 376/412 383/413 384/414 377/407
f 376/412 456/415 382/416 383/413
f 376/412 453/417 452/365 456/415
f 376/412 377/407 454/406 453/417
f 377/407 384/414 385/418 378/404
f 378/404 385/418 386/419 379/405
f 379/405 386/419 387/420 380/409
f 380/409 387/420 547/421 535/410
f 381/422 1398/423 1275/424 388/425
f 381/422 455/426 1397/427 1398/423
f 381/422 382/416 456/415 455/426
f 381/422 388/425 389/428 382/416
f 382/416 389/428 390/429 383/413
f 383/413 390/429 391/430 384/414
f 384/414 391/430 392/431 385/418
f 385/418 392/431 393/432 386/419
f 386/419 393/432 561/433 387/420
f 387/420 561/433 562/434 547/421
f 388/425 394/435 395/436 389/428
f 388/425 1275/424 1276/437 394/435
f 389/428 395/436 396/438 390/429
f 390/429 396/438 397/439 391/430
f 391/430 397/439 398/440 392/431
f 392/431 398/440 578/441 393/432
f 393/432 578/441 579/442 561/433
f 394/435 399/443 400/444 395/436
f 394/435 1276/437 1277/445 399/443
f 395/436 400/444 401/446 396/438
f 396/438 401/446 402/447 397/439
f 397/439 402/447 403/448 398/440
f 398/440 403/448 598/449 578/441
f 399/443 404/450 405/451 400/444
f 399/443 1277/445 1278/452 404/450
f 400/444 405/451 406/453 401/446
f 401/446 406/453 407/454 402/447
f 402/447 407/454 620/455 403/448
f 403/448 620/455 621/456 598/449
f 404/450 408/457 409/458 405/451
f 404/450 1278/452 1279/459 408/457
f 405/451 409/458 410/460 406/453
f 406/453 410/460 411/461 407/454
f 407/454 411/461 645/462 620/455
f 408/457 412/463 413/464 409/458
f 408/457 1279/459 1280/465 412/463
f 409/458 413/464 414/466 410/460
f 410/460 414/466 672/467 411/461
f 411/461 672/467 673/468 645/462
f 412/463 415/469 416/470 413/464
f 412/463 1280/465 1281/471 415/469
f 413/464 416/470 702/472 414/466
f 414/466 702/472 703/473 672/467
f 415/469 417/474 418/475 416/470
f 415/469 1281/471 1282/476 417/474
f 416/470 418/475 735/477 702/472
f 417/474 419/478 770/479 418/475
f 417/474 1282/476 1283/480 419/478
f 418/475 770/479 771/481 735/477
f 419/478 1286/482 1287/483 770/479
f 419/478 1283/480 1405/484 1286/482
f 420/485 434/486 435/487 421/488
f 420/485 1404/377 433/374 434/486
f 420/485 487/489 1406/375 1404/377
f 420/485 421/488 488/490 487/489
f 421/488 435/487 436/491 422/492
f 421/488 422/492 489/493 488/490
f 422/492 436/491 437/494 423/495
f 422/492 423/495 490/496 489/493
f 423/495 424/497 491/498 490/496
f 423/495 437/494 438/392 424/497
f 424/497 425/499 492/500 491/498
f 424/497 438/392 439/391 425/499
f 425/499 495/386 493/501 492/500
f 425/499 439/391 440/384 495/386
f 426/380 514/379 908/502 896/503
f 426/380 512/504 494/505 496/381
f 426/380 896/503 513/506 512/504
f 427/507 897/508 898/509 887/510
f 427/507 513/506 896/503 897/508
f 427/507 511/511 510/512 513/506
f 427/507 887/510 428/513 511/511
f 428/513 429/514 430/515 508/516
f 428/513 887/510 888/517 429/514
f 428/513 508/516 507/518 511/511
f 429/514 888/517 889/519 881/520
f 429/514 881/520 431/521 430/515
f 430/515 504/522 503/523 508/516
f 430/515 431/521 1402/524 504/522
f 431/521 432/525 1284/526 1402/524
f 431/521 881/520 882/527 432/525
f 432/525 882/527 883/528 878/529
f 432/525 878/529 1285/530 1284/526
f 433/374 441/371 442/531 434/486
f 434/486 442/531 443/532 435/487
f 435/487 443/532 444/400 436/491
f 436/491 444/400 445/399 437/494
f 437/494 445/399 446/388 438/392
f 441/371 447/366 448/533 442/531
f 442/531 448/533 449/408 443/532
f 443/532 449/408 450/396 444/400
f 447/366 452/365 453/417 448/533
f 448/533 453/417 454/406 449/408
f 451/364 455/426 456/415 452/365
f 451/364 1396/368 1397/427 455/426
f 457/534 503/523 504/522 458/535
f 457/534 499/536 502/537 503/523
f 457/534 1354/538 1353/539 499/536
f 457/534 458/535 1355/540 1354/538
f 458/535 504/522 1402/524 459/541
f 458/535 459/541 1356/542 1355/540
f 459/541 1402/524 1229/543 460/544
f 459/541 460/544 1357/545 1356/542
f 460/544 1229/543 1230/546 461/547
f 460/544 461/547 1358/548 1357/545
f 461/547 1230/546 1231/549 462/550
f 461/547 462/550 1359/551 1358/548
f 462/550 1231/549 1232/552 463/553
f 462/550 463/553 1360/554 1359/551
f 463/553 1232/552 1233/555 464/556
f 463/553 464/556 1361/557 1360/554
f 464/556 1233/555 1234/558 465/559
f 464/556 465/559 1362/560 1361/557
f 465/559 1234/558 1235/561 466/562
f 465/559 466/562 1363/563 1362/560
f 466/562 1235/561 1236/564 467/565
f 466/562 467/565 1364/566 1363/563
f 467/565 1236/564 1237/567 468/568
f 467/565 468/568 1365/569 1364/566
f 468/568 1237/567 1238/570 469/571
f 468/568 469/571 1366/572 1365/569
f 469/571 1238/570 1239/573 470/574
f 469/571 470/574 1367/575 1366/572
f 470/574 1239/573 1240/576 1222/577
f 470/574 1222/577 1368/578 1367/575
f 471/579 474/580 500/581 497/582
f 471/579 1262/583 473/584 474/580
f 471/579 1387/585 1386/586 1262/583
f 471/579 497/582 1351/587 1387/585
f 472/588 477/589 478/590 473/584
f 472/588 1268/591 476/592 477/589
f 472/588 1261/593 1260/594 1268/591
f 472/588 473/584 1262/583 1261/593
f 473/584 478/590 479/595 474/580
f 474/580 479/595 505/596 500/581
f 475/597 1272/598 481/599 482/600
f 475/597 1267/601 1266/602 1272/598
f 475/597 476/592 1268/591 1267/601
f 475/597 482/600 483/603 476/592
f 476/592 483/603 484/604 477/589
f 477/589 484/604 485/605 478/590
f 478/590 485/605 486/606 479/595
f 479/595 486/606 509/607 505/596
f 480/608 1274/609 487/489 488/490
f 480/608 1271/610 1270/611 1274/609
f 480/608 481/599 1272/598 1271/610
f 480/608 488/490 489/493 481/599
f 481/599 489/493 490/496 482/600
f 482/600 490/496 491/498 483/603
f 483/603 491/498 492/500 484/604
f 484/604 492/500 493/501 485/605
f 485/605 493/501 494/505 486/606
f 486/606 494/505 512/504 509/607
f 487/489 1274/609 1273/612 1406/375
f 493/501 495/386 496/381 494/505
f 497/582 500/581 501/613 498/614
f 497/582 498/614 1352/615 1351/587
f 498/614 501/613 502/537 499/536
f 498/614 499/536 1353/539 1352/615
f 500/581 505/596 506/616 501/613
f 501/613 506/616 507/518 502/537
f 502/537 507/518 508/516 503/523
f 505/596 509/607 510/512 506/616
f 506/616 510/512 511/511 507/518
f 509/607 512/504 513/506 510/512
f 514/379 516/383 517/617 908/502
f 515/382 520/394 521/618 516/383
f 516/383 521/618 522/619 517/617
f 517/617 522/619 523/620 518/621
f 517/617 518/621 909/622 908/502
f 518/621 921/623 910/624 909/622
f 518/621 523/620 524/625 921/623
f 519/393 526/403 527/626 520/394
f 520/394 527/626 528/627 521/618
f 521/618 528/627 529/628 522/619
f 522/619 529/628 530/629 523/620
f 523/620 530/629 531/630 524/625
f 524/625 531/630 532/631 525/632
f 524/625 525/632 922/633 921/623
f 525/632 933/634 923/635 922/633
f 525/632 532/631 533/636 933/634
f 526/403 536/411 537/637 527/626
f 527/626 537/637 538/638 528/627
f 528/627 538/638 539/639 529/628
f 529/628 539/639 540/640 530/629
f 530/629 540/640 541/641 531/630
f 531/630 541/641 542/642 532/631
f 532/631 542/642 543/643 533/636
f 533/636 543/643 544/644 534/645
f 533/636 534/645 934/646 933/634
f 534/645 945/647 935/648 934/646
f 534/645 544/644 545/649 945/647
f 535/410 547/421 548/650 536/411
f 536/411 548/650 549/651 537/637
f 537/637 549/651 550/652 538/638
f 538/638 550/652 551/653 539/639
f 539/639 551/653 552/654 540/640
f 540/640 552/654 553/655 541/641
f 541/641 553/655 554/656 542/642
f 542/642 554/656 555/657 543/643
f 543/643 555/657 556/658 544/644
f 544/644 556/658 557/659 545/649
f 545/649 557/659 558/660 546/661
f 545/649 546/661 946/662 945/647
f 546/661 956/663 947/664 946/662
f 546/661 558/660 559/665 956/663
f 547/421 562/434 563/666 548/650
f 548/650 563/666 564/667 549/651
f 549/651 564/667 565/668 550/652
f 550/652 565/668 566/669 551/653
f 551/653 566/669 567/670 552/654
f 552/654 567/670 568/671 553/655
f 553/655 568/671 569/672 554/656
f 554/656 569/672 570/673 555/657
f 555/657 570/673 571/674 556/658
f 556/658 571/674 572/675 557/659
f 557/659 572/675 573/676 558/660
f 558/660 573/676 574/677 559/665
f 559/665 574/677 575/678 560/679
f 559/665 560/679 957/680 956/663
f 560/679 966/681 958/682 957/680
f 560/679 575/678 576/683 966/681
f 561/433 579/442 580/684 562/434
f 562/434 580/684 581/685 563/666
f 563/666 581/685 582/686 564/667
f 564/667 582/686 583/687 565/668
f 565/668 583/687 584/688 566/669
f 566/669 584/688 585/689 567/670
f 567/670 585/689 586/690 568/671
f 568/671 586/690 587/691 569/672
f 569/672 587/691 588/692 570/673
f 570/673 588/692 589/693 571/674
f 571/674 589/693 590/694 572/675
f 572/675 590/694 591/695 573/676
f 573/676 591/695 592/696 574/677
f 574/677 592/696 593/697 575/678
f 575/678 593/697 594/698 576/683
f 576/683 594/698 595/699 577/700
f 576/683 577/700 967/701 966/681
f 577/700 975/702 968/703 967/701
f 577/700 595/699 596/704 975/702
f 578/441 598/449 599/705 579/442
f 579/442 599/705 600/706 580/684
f 580/684 600/706 601/707 581/685
f 581/685 601/707 602/708 582/686
f 582/686 602/708 603/709 583/687
f 583/687 603/709 604/710 584/688
f 584/688 604/710 605/711 585/689
f 585/689 605/711 606/712 586/690
f 586/690 606/712 607/713 587/691
f 587/691 607/713 608/714 588/692
f 588/692 608/714 609/715 589/693
f 589/693 609/715 610/716 590/694
f 590/694 610/716 611/717 591/695
f 591/695 611/717 612/718 592/696
f 592/696 612/718 613/719 593/697
f 593/697 613/719 614/720 594/698
f 594/698 614/720 615/721 595/699
f 595/699 615/721 616/722 596/704
f 596/704 616/722 617/723 597/724
f 596/704 597/724 976/725 975/702
f 597/724 983/726 977/727 976/725
f 597/724 617/723 618/728 983/726
f 598/449 621/456 622/729 599/705
f 599/705 622/729 623/730 600/706
f 600/706 623/730 624/731 601/707
f 601/707 624/731 625/732 602/708
f 602/708 625/732 626/733 603/709
f 603/709 626/733 627/734 604/710
f 604/710 627/734 628/735 605/711
f 605/711 628/735 629/736 606/712
f 606/712 629/736 630/737 607/713
f 607/713 630/737 631/738 608/714
f 608/714 631/738 632/739 609/715
f 609/715 632/739 633/740 610/716
f 610/716 633/740 634/741 611/717
f 611/717 634/741 635/742 612/718
f 612/718 635/742 636/743 613/719
f 613/719 636/743 637/744 614/720
f 614/720 637/744 638/745 615/721
f 615/721 638/745 639/746 616/722
f 616/722 639/746 640/747 617/723
f 617/723 640/747 641/748 618/728
f 618/728 641/748 642/749 619/750
f 618/728 619/750 984/751 983/726
f 619/750 990/752 985/753 984/751
f 619/750 642/749 643/754 990/752
f 620/455 645/462 646/755 621/456
f 621/456 646/755 647/756 622/729
f 622/729 647/756 648/757 623/730
f 623/730 648/757 649/758 624/731
f 624/731 649/758 650/759 625/732
f 625/732 650/759 651/760 626/733
f 626/733 651/760 652/761 627/734
f 627/734 652/761 653/762 628/735
f 628/735 653/762 654/763 629/736
f 629/736 654/763 655/764 630/737
f 630/737 655/764 656/765 631/738
f 631/738 656/765 657/766 632/739
f 632/739 657/766 658/767 633/740
f 633/740 658/767 659/768 634/741
f 634/741 659/768 660/769 635/742
f 635/742 660/769 661/770 636/743
f 636/743 661/770 662/771 637/744
f 637/744 662/771 663/772 638/745
f 638/745 663/772 664/773 639/746
f 639/746 664/773 665/774 640/747
f 640/747 665/774 666/775 641/748
f 641/748 666/775 667/776 642/749
f 642/749 667/776 668/777 643/754
f 643/754 668/777 669/778 644/779
f 643/754 644/779 991/780 990/752
f 644/779 996/781 992/782 991/780
f 644/779 669/778 670/783 996/781
f 645/462 673/468 674/784 646/755
f 646/755 674/784 675/785 647/756
f 647/756 675/785 676/786 648/757
f 648/757 676/786 677/787 649/758
f 649/758 677/787 678/788 650/759
f 650/759 678/788 679/789 651/760
f 651/760 679/789 680/790 652/761
f 652/761 680/790 681/791 653/762
f 653/762 681/791 682/792 654/763
f 654/763 682/792 683/793 655/764
f 655/764 683/793 684/794 656/765
f 656/765 684/794 685/795 657/766
f 657/766 685/795 686/796 658/767
f 658/767 686/796 687/797 659/768
f 659/768 687/797 688/798 660/769
f 660/769 688/798 689/799 661/770
f 661/770 689/799 690/800 662/771
f 662/771 690/800 691/801 663/772
f 663/772 691/801 692/802 664/773
f 664/773 692/802 693/803 665/774
f 665/774 693/803 694/804 666/775
f 666/775 694/804 695/805 667/776
f 667/776 695/805 696/806 668/777
f 668/777 696/806 697/807 669/778
f 669/778 697/807 698/808 670/783
f 670/783 698/808 699/809 671/810
f 670/783 671/810 997/811 996/781
f 671/810 1002/812 998/813 997/811
f 671/810 699/809 700/814 1002/812
f 672/467 703/473 704/815 673/468
f 673/468 704/815 705/816 674/784
f 674/784 705/816 706/817 675/785
f 675/785 706/817 707/818 676/786
f 676/786 707/818 708/819 677/787
f 677/787 708/819 709/820 678/788
f 678/788 709/820 710/821 679/789
f 679/789 710/821 711/822 680/790
f 680/790 711/822 712/823 681/791
f 681/791 712/823 713/824 682/792
f 682/792 713/824 714/825 683/793
f 683/793 714/825 715/826 684/794
f 684/794 715/826 716/827 685/795
f 685/795 716/827 717/828 686/796
f 686/796 717/828 718/829 687/797
f 687/797 718/829 719/830 688/798
f 688/798 719/830 720/831 689/799
f 689/799 720/831 721/832 690/800
f 690/800 721/832 722/833 691/801
f 691/801 722/833 723/834 692/802
f 692/802 723/834 724/835 693/803
f 693/803 724/835 725/836 694/804
f 694/804 725/836 726/837 695/805
f 695/805 726/837 727/838 696/806
f 696/806 727/838 728/839 697/807
f 697/807 728/839 729/840 698/808
f 698/808 729/840 730/841 699/809
f 699/809 730/841 731/842 700/814
f 700/814 731/842 732/843 701/844
f 700/814 701/844 1003/845 1002/812
f 701/844 1007/846 1004/847 1003/845
f 701/844 732/843 733/848 1007/846
f 702/472 735/477 736/849 703/473
f 703/473 736/849 737/850 704/815
f 704/815 737/850 738/851 705/816
f 705/816 738/851 739/852 706/817
f 706/817 739/852 740/853 707/818
f 707/818 740/853 741/854 708/819
f 708/819 741/854 742/855 709/820
f 709/820 742/855 743/856 710/821
f 710/821 743/856 744/857 711/822
f 711/822 744/857 745/858 712/823
f 712/823 745/858 746/859 713/824
f 713/824 746/859 747/860 714/825
f 714/825 747/860 748/861 715/826
f 715/826 748/861 749/862 716/827
f 716/827 749/862 750/863 717/828
f 717/828 750/863 751/864 718/829
f 718/829 751/864 752/865 719/830
f 719/830 752/865 753/866 720/831
f 720/831 753/866 754/867 721/832
f 721/832 754/867 755/868 722/833
f 722/833 755/868 756/869 723/834
f 723/834 756/869 757/870 724/835
f 724/835 757/870 758/871 725/836
f 725/836 758/871 759/872 726/837
f 726/837 759/872 760/873 727/838
f 727/838 760/873 761/874 728/839
f 728/839 761/874 762/875 729/840
f 729/840 762/875 763/876 730/841
f 730/841 763/876 764/877 731/842
f 731/842 764/877 765/878 732/843
f 732/843 765/878 766/879 733/848
f 733/848 766/879 767/880 734/881
f 733/848 734/881 1008/882 1007/846
f 734/881 1011/883 1009/884 1008/882
f 734/881 767/880 768/885 1011/883
f 735/477 771/481 772/886 736/849
f 736/849 772/886 773/887 737/850
f 737/850 773/887 774/888 738/851
f 738/851 774/888 775/889 739/852
f 739/852 775/889 776/890 740/853
f 740/853 776/890 777/891 741/854
f 741/854 777/891 778/892 742/855
f 742/855 778/892 779/893 743/856
f 743/856 779/893 780/894 744/857
f 744/857 780/894 781/895 745/858
f 745/858 781/895 782/896 746/859
f 746/859 782/896 783/897 747/860
f 747/860 783/897 784/898 748/861
f 748/861 784/898 785/899 749/862
f 749/862 785/899 786/900 750/863
f 750/863 786/900 787/901 751/864
f 751/864 787/901 788/902 752/865
f 752/865 788/902 789/903 753/866
f 753/866 789/903 790/904 754/867
f 754/867 790/904 791/905 755/868
f 755/868 791/905 792/906 756/869
f 756/869 792/906 793/907 757/870
f 757/870 793/907 794/908 758/871
f 758/871 794/908 795/909 759/872
f 759/872 795/909 796/910 760/873
f 760/873 796/910 797/911 761/874
f 761/874 797/911 798/912 762/875
f 762/875 798/912 799/913 763/876
f 763/876 799/913 800/914 764/877
f 764/877 800/914 801/915 765/878
f 765/878 801/915 802/916 766/879
f 766/879 802/916 803/917 767/880
f 767/880 803/917 804/918 768/885
f 768/885 804/918 805/919 769/920
f 768/885 769/920 1012/921 1011/883
f 769/920 1014/922 1013/923 1012/921
f 769/920 805/919 806/924 1014/922
f 770/479 1287/483 1288/925 771/481
f 771/481 1288/925 1289/926 772/886
f 772/886 1289/926 1290/927 773/887
f 773/887 1290/927 1291/928 774/888
f 774/888 1291/928 1292/929 775/889
f 775/889 1292/929 1293/930 776/890
f 776/890 1293/930 1294/931 777/891
f 777/891 1294/931 1295/932 778/892
f 778/892 1295/932 1296/933 779/893
f 779/893 1296/933 1297/934 780/894
f 780/894 1297/934 1298/935 781/895
f 781/895 1298/935 1299/936 782/896
f 782/896 1299/936 1300/937 783/897
f 783/897 1300/937 1301/938 784/898
f 784/898 1301/938 1302/939 785/899
f 785/899 1302/939 1303/940 786/900
f 786/900 1303/940 1304/941 787/901
f 787/901 1304/941 1305/942 788/902
f 788/902 1305/942 1306/943 789/903
f 789/903 1306/943 1307/944 790/904
f 790/904 1307/944 1308/945 791/905
f 791/905 1308/945 1309/946 792/906
f 792/906 1309/946 1310/947 793/907
f 793/907 1310/947 1311/948 794/908
f 794/908 1311/948 1312/949 795/909
f 795/909 1312/949 1313/950 796/910
f 796/910 1313/950 1314/951 797/911
f 797/911 1314/951 1315/952 798/912
f 798/912 1315/952 1316/953 799/913
f 799/913 1316/953 1317/954 800/914
f 800/914 1317/954 1318/955 801/915
f 801/915 1318/955 1319/956 802/916
f 802/916 1319/956 1320/957 803/917
f 803/917 1320/957 1321/958 804/918
f 804/918 1321/958 1322/959 805/919
f 805/919 1322/959 1323/960 806/924
f 806/924 1323/960 1324/961 807/962
f 806/924 807/962 1015/963 1014/922
f 807/962 1016/964 875/965 1015/963
f 807/962 1324/961 1325/966 1016/964
f 808/967 1104/968 1085/969 1084/970
f 808/967 895/971 809/972 1104/968
f 808/967 886/973 894/974 895/971
f 808/967 1084/970 1083/975 886/973
f 809/972 907/976 811/977 810/978
f 809/972 895/971 906/979 907/976
f 809/972 810/978 1105/980 1104/968
f 810/978 1123/981 1106/982 1105/980
f 810/978 811/977 812/983 1123/981
f 811/977 907/976 919/984 920/985
f 811/977 920/985 813/986 812/983
f 812/983 1140/987 1124/988 1123/981
f 812/983 813/986 814/989 1140/987
f 813/986 920/985 931/990 932/991
f 813/986 932/991 816/992 814/989
f 814/989 816/992 817/993 815/994
f 814/989 815/994 1141/995 1140/987
f 815/994 1156/996 1142/997 1141/995
f 815/994 817/993 818/998 1156/996
f 816/992 932/991 942/999 943/1000
f 816/992 943/1000 944/1001 817/993
f 817/993 944/1001 820/1002 818/998
f 818/998 820/1002 821/1003 819/1004
f 818/998 819/1004 1157/1005 1156/996
f 819/1004 1170/1006 1158/1007 1157/1005
f 819/1004 821/1003 822/1008 1170/1006
f 820/1002 955/1009 823/1010 821/1003
f 820/1002 944/1001 954/1011 955/1009
f 821/1003 823/1010 824/1012 822/1008
f 822/1008 1182/1013 1171/1014 1170/1006
f 822/1008 824/1012 825/1015 1182/1013
f 823/1010 965/1016 827/1017 824/1012
f 823/1010 955/1009 964/1018 965/1016
f 824/1012 827/1017 828/1019 825/1015
f 825/1015 828/1019 829/1020 826/1021
f 825/1015 826/1021 1183/1022 1182/1013
f 826/1021 1193/1023 1184/1024 1183/1022
f 826/1021 829/1020 830/1025 1193/1023
f 827/1017 974/1026 832/1027 828/1019
f 827/1017 965/1016 973/1028 974/1026
f 828/1019 832/1027 833/1029 829/1020
f 829/1020 833/1029 834/1030 830/1025
f 830/1025 834/1030 835/1031 831/1032
f 830/1025 831/1032 1194/1033 1193/1023
f 831/1032 1202/1034 1195/1035 1194/1033
f 831/1032 835/1031 836/1036 1202/1034
f 832/1027 974/1026 981/1037 982/1038
f 832/1027 982/1038 837/1039 833/1029
f 833/1029 837/1039 838/1040 834/1030
f 834/1030 838/1040 839/1041 835/1031
f 835/1031 839/1041 840/1042 836/1036
f 836/1036 1209/1043 1203/1044 1202/1034
f 836/1036 840/1042 841/1045 1209/1043
f 837/1039 982/1038 988/1046 989/1047
f 837/1039 989/1047 843/1048 838/1040
f 838/1040 843/1048 844/1049 839/1041
f 839/1041 844/1049 845/1050 840/1042
f 840/1042 845/1050 846/1051 841/1045
f 841/1045 846/1051 847/1052 842/1053
f 841/1045 842/1053 1210/1054 1209/1043
f 842/1053 1215/1055 1211/1056 1210/1054
f 842/1053 847/1052 848/1057 1215/1055
f 843/1048 989/1047 994/1058 995/1059
f 843/1048 995/1059 850/1060 844/1049
f 844/1049 850/1060 851/1061 845/1050
f 845/1050 851/1061 852/1062 846/1051
f 846/1051 852/1062 853/1063 847/1052
f 847/1052 853/1063 854/1064 848/1057
f 848/1057 854/1064 855/1065 849/1066
f 848/1057 849/1066 1216/1067 1215/1055
f 849/1066 1219/1068 1217/1069 1216/1067
f 849/1066 855/1065 856/1070 1219/1068
f 850/1060 995/1059 999/1071 1000/1072
f 850/1060 1000/1072 1001/1073 851/1061
f 851/1061 1001/1073 857/1074 852/1062
f 852/1062 857/1074 858/1075 853/1063
f 853/1063 858/1075 859/1076 854/1064
f 854/1064 859/1076 860/1077 855/1065
f 855/1065 860/1077 861/1078 856/1070
f 856/1070 1221/1079 1220/1080 1219/1068
f 856/1070 861/1078 862/1081 1221/1079
f 857/1074 1006/1082 863/1083 858/1075
f 857/1074 1001/1073 1005/1084 1006/1082
f 858/1075 863/1083 864/1085 859/1076
f 859/1076 864/1085 865/1086 860/1077
f 860/1077 865/1086 866/1087 861/1078
f 861/1078 866/1087 867/1088 862/1081
f 862/1081 867/1088 1328/1089 1327/1090
f 862/1081 1327/1090 1350/1091 1221/1079
f 863/1083 1010/1092 868/1093 864/1085
f 863/1083 1006/1082 1009/884 1010/1092
f 864/1085 868/1093 869/1094 865/1086
f 865/1086 869/1094 870/1095 866/1087
f 866/1087 870/1095 871/1096 867/1088
f 867/1088 871/1096 1329/1097 1328/1089
f 868/1093 1013/923 872/1098 869/1094
f 868/1093 1010/1092 1012/921 1013/923
f 869/1094 872/1098 873/1099 870/1095
f 870/1095 873/1099 874/1100 871/1096
f 871/1096 874/1100 1330/1101 1329/1097
f 872/1098 1013/923 1014/922 1015/963
f 872/1098 1015/963 875/965 873/1099
f 873/1099 875/965 876/1102 874/1100
f 874/1100 876/1102 1331/1103 1330/1101
f 875/965 1016/964 877/1104 876/1102
f 876/1102 877/1104 1332/1105 1331/1103
f 877/1104 1326/1106 1400/1107 1332/1105
f 877/1104 1016/964 1325/966 1326/1106
f 878/529 883/528 884/1108 879/1109
f 878/529 879/1109 1401/1110 1285/530
f 879/1109 884/1108 885/1111 880/1112
f 879/1109 880/1112 1061/1113 1401/1110
f 880/1112 1083/975 1062/1114 1061/1113
f 880/1112 885/1111 886/973 1083/975
f 881/520 889/519 890/1115 882/527
f 882/527 890/1115 891/1116 883/528
f 883/528 891/1116 892/1117 884/1108
f 884/1108 892/1117 893/1118 885/1111
f 885/1111 893/1118 894/974 886/973
f 887/510 898/509 899/1119 888/517
f 888/517 899/1119 900/1120 889/519
f 889/519 900/1120 901/1121 890/1115
f 890/1115 901/1121 902/1122 891/1116
f 891/1116 902/1122 903/1123 892/1117
f 892/1117 903/1123 904/1124 893/1118
f 893/1118 904/1124 905/1125 894/974
f 894/974 905/1125 906/979 895/971
f 896/503 908/502 909/622 897/508
f 897/508 909/622 910/624 898/509
f 898/509 910/624 911/1126 899/1119
f 899/1119 911/1126 912/1127 900/1120
f 900/1120 912/1127 913/1128 901/1121
f 901/1121 913/1128 914/1129 902/1122
f 902/1122 914/1129 915/1130 903/1123
f 903/1123 915/1130 916/1131 904/1124
f 904/1124 916/1131 917/1132 905/1125
f 905/1125 917/1132 918/1133 906/979
f 906/979 918/1133 919/984 907/976
f 910/624 921/623 922/633 911/1126
f 911/1126 922/633 923/635 912/1127
f 912/1127 923/635 924/1134 913/1128
f 913/1128 924/1134 925/1135 914/1129
f 914/1129 925/1135 926/1136 915/1130
f 915/1130 926/1136 927/1137 916/1131
f 916/1131 927/1137 928/1138 917/1132
f 917/1132 928/1138 929/1139 918/1133
f 918/1133 929/1139 930/1140 919/984
f 919/984 930/1140 931/990 920/985
f 923/635 933/634 934/646 924/1134
f 924/1134 934/646 935/648 925/1135
f 925/1135 935/648 936/1141 926/1136
f 926/1136 936/1141 937/1142 927/1137
f 927/1137 937/1142 938/1143 928/1138
f 928/1138 938/1143 939/1144 929/1139
f 929/1139 939/1144 940/1145 930/1140
f 930/1140 940/1145 941/1146 931/990
f 931/990 941/1146 942/999 932/991
f 935/648 945/647 946/662 936/1141
f 936/1141 946/662 947/664 937/1142
f 937/1142 947/664 948/1147 938/1143
f 938/1143 948/1147 949/1148 939/1144
f 939/1144 949/1148 950/1149 940/1145
f 940/1145 950/1149 951/1150 941/1146
f 941/1146 951/1150 952/1151 942/999
f 942/999 952/1151 953/1152 943/1000
f 943/1000 953/1152 954/1011 944/1001
f 947/664 956/663 957/680 948/1147
f 948/1147 957/680 958/682 949/1148
f 949/1148 958/682 959/1153 950/1149
f 950/1149 959/1153 960/1154 951/1150
f 951/1150 960/1154 961/1155 952/1151
f 952/1151 961/1155 962/1156 953/1152
f 953/1152 962/1156 963/1157 954/1011
f 954/1011 963/1157 964/1018 955/1009
f 958/682 966/681 967/701 959/1153
f 959/1153 967/701 968/703 960/1154
f 960/1154 968/703 969/1158 961/1155
f 961/1155 969/1158 970/1159 962/1156
f 962/1156 970/1159 971/1160 963/1157
f 963/1157 971/1160 972/1161 964/1018
f 964/1018 972/1161 973/1028 965/1016
f 968/703 975/702 976/725 969/1158
f 969/1158 976/725 977/727 970/1159
f 970/1159 977/727 978/1162 971/1160
f 971/1160 978/1162 979/1163 972/1161
f 972/1161 979/1163 980/1164 973/1028
f 973/1028 980/1164 981/1037 974/1026
f 977/727 983/726 984/751 978/1162
f 978/1162 984/751 985/753 979/1163
f 979/1163 985/753 986/1165 980/1164
f 980/1164 986/1165 987/1166 981/1037
f 981/1037 987/1166 988/1046 982/1038
f 985/753 990/752 991/780 986/1165
f 986/1165 991/780 992/782 987/1166
f 987/1166 992/782 993/1167 988/1046
f 988/1046 993/1167 994/1058 989/1047
f 992/782 996/781 997/811 993/1167
f 993/1167 997/811 998/813 994/1058
f 994/1058 998/813 999/1071 995/1059
f 998/813 1002/812 1003/845 999/1071
f 999/1071 1003/845 1004/847 1000/1072
f 1000/1072 1004/847 1005/1084 1001/1073
f 1004/847 1007/846 1008/882 1005/1084
f 1005/1084 1008/882 1009/884 1006/1082
f 1009/884 1011/883 1012/921 1010/1092
f 1017/1168 1018/1169 1376/1170 1375/1171
f 1017/1168 1026/1172 1027/1173 1018/1169
f 1017/1168 1228/1174 1025/1175 1026/1172
f 1017/1168 1375/1171 1374/1176 1228/1174
f 1018/1169 1019/1177 1377/1178 1376/1170
f 1018/1169 1027/1173 1028/1179 1019/1177
f 1019/1177 1028/1179 1029/1180 1020/1181
f 1019/1177 1020/1181 1378/1182 1377/1178
f 1020/1181 1029/1180 1334/1183 1333/1184
f 1020/1181 1333/1184 1399/1185 1378/1182
f 1021/1186 1241/1187 1033/1188 1034/1189
f 1021/1186 1224/1190 1223/1191 1241/1187
f 1021/1186 1022/1192 1225/1193 1224/1190
f 1021/1186 1034/1189 1035/1194 1022/1192
f 1022/1192 1023/1195 1226/1196 1225/1193
f 1022/1192 1035/1194 1036/1197 1023/1195
f 1023/1195 1036/1197 1037/1198 1024/1199
f 1023/1195 1024/1199 1227/1200 1226/1196
f 1024/1199 1037/1198 1038/1201 1025/1175
f 1024/1199 1025/1175 1228/1174 1227/1200
f 1025/1175 1038/1201 1039/1202 1026/1172
f 1026/1172 1039/1202 1040/1203 1027/1173
f 1027/1173 1040/1203 1041/1204 1028/1179
f 1028/1179 1041/1204 1042/1205 1029/1180
f 1029/1180 1042/1205 1335/1206 1334/1183
f 1030/1207 1031/1208 1239/573 1238/570
f 1030/1207 1048/1209 1049/1210 1031/1208
f 1030/1207 1250/1211 1047/1212 1048/1209
f 1030/1207 1238/570 1237/567 1250/1211
f 1031/1208 1032/1213 1240/576 1239/573
f 1031/1208 1049/1210 1050/1214 1032/1213
f 1032/1213 1050/1214 1051/1215 1033/1188
f 1032/1213 1033/1188 1241/1187 1240/576
f 1033/1188 1051/1215 1052/1216 1034/1189
f 1034/1189 1052/1216 1053/1217 1035/1194
f 1035/1194 1053/1217 1054/1218 1036/1197
f 1036/1197 1054/1218 1055/1219 1037/1198
f 1037/1198 1055/1219 1056/1220 1038/1201
f 1038/1201 1056/1220 1057/1221 1039/1202
f 1039/1202 1057/1221 1058/1222 1040/1203
f 1040/1203 1058/1222 1059/1223 1041/1204
f 1041/1204 1059/1223 1060/1224 1042/1205
f 1042/1205 1060/1224 1336/1225 1335/1206
f 1043/1226 1254/1227 1064/1228 1065/1229
f 1043/1226 1246/1230 1245/1231 1254/1227
f 1043/1226 1044/1232 1247/1233 1246/1230
f 1043/1226 1065/1229 1066/1234 1044/1232
f 1044/1232 1045/1235 1248/1236 1247/1233
f 1044/1232 1066/1234 1067/1237 1045/1235
f 1045/1235 1067/1237 1068/1238 1046/1239
f 1045/1235 1046/1239 1249/1240 1248/1236
f 1046/1239 1068/1238 1069/1241 1047/1212
f 1046/1239 1047/1212 1250/1211 1249/1240
f 1047/1212 1069/1241 1070/1242 1048/1209
f 1048/1209 1070/1242 1071/1243 1049/1210
f 1049/1210 1071/1243 1072/1244 1050/1214
f 1050/1214 1072/1244 1073/1245 1051/1215
f 1051/1215 1073/1245 1074/1246 1052/1216
f 1052/1216 1074/1246 1075/1247 1053/1217
f 1053/1217 1075/1247 1076/1248 1054/1218
f 1054/1218 1076/1248 1077/1249 1055/1219
f 1055/1219 1077/1249 1078/1250 1056/1220
f 1056/1220 1078/1250 1079/1251 1057/1221
f 1057/1221 1079/1251 1080/1252 1058/1222
f 1058/1222 1080/1252 1081/1253 1059/1223
f 1059/1223 1081/1253 1082/1254 1060/1224
f 1060/1224 1082/1254 1337/1255 1336/1225
f 1061/1113 1062/1114 1252/1256 1251/1257
f 1061/1113 1251/1257 1285/530 1401/1110
f 1062/1114 1083/975 1084/970 1063/1258
f 1062/1114 1063/1258 1253/1259 1252/1256
f 1063/1258 1084/970 1085/969 1064/1228
f 1063/1258 1064/1228 1254/1227 1253/1259
f 1064/1228 1085/969 1086/1260 1065/1229
f 1065/1229 1086/1260 1087/1261 1066/1234
f 1066/1234 1087/1261 1088/1262 1067/1237
f 1067/1237 1088/1262 1089/1263 1068/1238
f 1068/1238 1089/1263 1090/1264 1069/1241
f 1069/1241 1090/1264 1091/1265 1070/1242
f 1070/1242 1091/1265 1092/1266 1071/1243
f 1071/1243 1092/1266 1093/1267 1072/1244
f 1072/1244 1093/1267 1094/1268 1073/1245
f 1073/1245 1094/1268 1095/1269 1074/1246
f 1074/1246 1095/1269 1096/1270 1075/1247
f 1075/1247 1096/1270 1097/1271 1076/1248
f 1076/1248 1097/1271 1098/1272 1077/1249
f 1077/1249 1098/1272 1099/1273 1078/1250
f 1078/1250 1099/1273 1100/1274 1079/1251
f 1079/1251 1100/1274 1101/1275 1080/1252
f 1080/1252 1101/1275 1102/1276 1081/1253
f 1081/1253 1102/1276 1103/1277 1082/1254
f 1082/1254 1103/1277 1338/1278 1337/1255
f 1085/969 1104/968 1105/980 1086/1260
f 1086/1260 1105/980 1106/982 1087/1261
f 1087/1261 1106/982 1107/1279 1088/1262
f 1088/1262 1107/1279 1108/1280 1089/1263
f 1089/1263 1108/1280 1109/1281 1090/1264
f 1090/1264 1109/1281 1110/1282 1091/1265
f 1091/1265 1110/1282 1111/1283 1092/1266
f 1092/1266 1111/1283 1112/1284 1093/1267
f 1093/1267 1112/1284 1113/1285 1094/1268
f 1094/1268 1113/1285 1114/1286 1095/1269
f 1095/1269 1114/1286 1115/1287 1096/1270
f 1096/1270 1115/1287 1116/1288 1097/1271
f 1097/1271 1116/1288 1117/1289 1098/1272
f 1098/1272 1117/1289 1118/1290 1099/1273
f 1099/1273 1118/1290 1119/1291 1100/1274
f 1100/1274 1119/1291 1120/1292 1101/1275
f 1101/1275 1120/1292 1121/1293 1102/1276
f 1102/1276 1121/1293 1122/1294 1103/1277
f 1103/1277 1122/1294 1339/1295 1338/1278
f 1106/982 1123/981 1124/988 1107/1279
f 1107/1279 1124/988 1125/1296 1108/1280
f 1108/1280 1125/1296 1126/1297 1109/1281
f 1109/1281 1126/1297 1127/1298 1110/1282
f 1110/1282 1127/1298 1128/1299 1111/1283
f 1111/1283 1128/1299 1129/1300 1112/1284
f 1112/1284 1129/1300 1130/1301 1113/1285
f 1113/1285 1130/1301 1131/1302 1114/1286
f 1114/1286 1131/1302 1132/1303 1115/1287
f 1115/1287 1132/1303 1133/1304 1116/1288
f 1116/1288 1133/1304 1134/1305 1117/1289
f 1117/1289 1134/1305 1135/1306 1118/1290
f 1118/1290 1135/1306 1136/1307 1119/1291
f 1119/1291 1136/1307 1137/1308 1120/1292
f 1120/1292 1137/1308 1138/1309 1121/1293
f 1121/1293 1138/1309 1139/1310 1122/1294
f 1122/1294 1139/1310 1340/1311 1339/1295
f 1124/988 1140/987 1141/995 1125/1296
f 1125/1296 1141/995 1142/997 1126/1297
f 1126/1297 1142/997 1143/1312 1127/1298
f 1127/1298 1143/1312 1144/1313 1128/1299
f 1128/1299 1144/1313 1145/1314 1129/1300
f 1129/1300 1145/1314 1146/1315 1130/1301
f 1130/1301 1146/1315 1147/1316 1131/1302
f 1131/1302 1147/1316 1148/1317 1132/1303
f 1132/1303 1148/1317 1149/1318 1133/1304
f 1133/1304 1149/1318 1150/1319 1134/1305
f 1134/1305 1150/1319 1151/1320 1135/1306
f 1135/1306 1151/1320 1152/1321 1136/1307
f 1136/1307 1152/1321 1153/1322 1137/1308
f 1137/1308 1153/1322 1154/1323 1138/1309
f 1138/1309 1154/1323 1155/1324 1139/1310
f 1139/1310 1155/1324 1341/1325 1340/1311
f 1142/997 1156/996 1157/1005 1143/1312
f 1143/1312 1157/1005 1158/1007 1144/1313
f 1144/1313 1158/1007 1159/1326 1145/1314
f 1145/1314 1159/1326 1160/1327 1146/1315
f 1146/1315 1160/1327 1161/1328 1147/1316
f 1147/1316 1161/1328 1162/1329 1148/1317
f 1148/1317 1162/1329 1163/1330 1149/1318
f 1149/1318 1163/1330 1164/1331 1150/1319
f 1150/1319 1164/1331 1165/1332 1151/1320
f 1151/1320 1165/1332 1166/1333 1152/1321
f 1152/1321 1166/1333 1167/1334 1153/1322
f 1153/1322 1167/1334 1168/1335 1154/1323
f 1154/1323 1168/1335 1169/1336 1155/1324
f 1155/1324 1169/1336 1342/1337 1341/1325
f 1158/1007 1170/1006 1171/1014 1159/1326
f 1159/1326 1171/1014 1172/1338 1160/1327
f 1160/1327 1172/1338 1173/1339 1161/1328
f 1161/1328 1173/1339 1174/1340 1162/1329
f 1162/1329 1174/1340 1175/1341 1163/1330
f 1163/1330 1175/1341 1176/1342 1164/1331
f 1164/1331 1176/1342 1177/1343 1165/1332
f 1165/1332 1177/1343 1178/1344 1166/1333
f 1166/1333 1178/1344 1179/1345 1167/1334
f 1167/1334 1179/1345 1180/1346 1168/1335
f 1168/1335 1180/1346 1181/1347 1169/1336
f 1169/1336 1181/1347 1343/1348 1342/1337
f 1171/1014 1182/1013 1183/1022 1172/1338
f 1172/1338 1183/1022 1184/1024 1173/1339
f 1173/1339 1184/1024 1185/1349 1174/1340
f 1174/1340 1185/1349 1186/1350 1175/1341
f 1175/1341 1186/1350 1187/1351 1176/1342
f 1176/1342 1187/1351 1188/1352 1177/1343
f 1177/1343 1188/1352 1189/1353 1178/1344
f 1178/1344 1189/1353 1190/1354 1179/1345
f 1179/1345 1190/1354 1191/1355 1180/1346
f 1180/1346 1191/1355 1192/1356 1181/1347
f 1181/1347 1192/1356 1344/1357 1343/1348
f 1184/1024 1193/1023 1194/1033 1185/1349
f 1185/1349 1194/1033 1195/1035 1186/1350
f 1186/1350 1195/1035 1196/1358 1187/1351
f 1187/1351 1196/1358 1197/1359 1188/1352
f 1188/1352 1197/1359 1198/1360 1189/1353
f 1189/1353 1198/1360 1199/1361 1190/1354
f 1190/1354 1199/1361 1200/1362 1191/1355
f 1191/1355 1200/1362 1201/1363 1192/1356
f 1192/1356 1201/1363 1345/1364 1344/1357
f 1195/1035 1202/1034 1203/1044 1196/1358
f 1196/1358 1203/1044 1204/1365 1197/1359
f 1197/1359 1204/1365 1205/1366 1198/1360
f 1198/1360 1205/1366 1206/1367 1199/1361
f 1199/1361 1206/1367 1207/1368 1200/1362
f 1200/1362 1207/1368 1208/1369 1201/1363
f 1201/1363 1208/1369 1346/1370 1345/1364
f 1203/1044 1209/1043 1210/1054 1204/1365
f 1204/1365 1210/1054 1211/1056 1205/1366
f 1205/1366 1211/1056 1212/1371 1206/1367
f 1206/1367 1212/1371 1213/1372 1207/1368
f 1207/1368 1213/1372 1214/1373 1208/1369
f 1208/1369 1214/1373 1347/1374 1346/1370
f 1211/1056 1215/1055 1216/1067 1212/1371
f 1212/1371 1216/1067 1217/1069 1213/1372
f 1213/1372 1217/1069 1218/1375 1214/1373
f 1214/1373 1218/1375 1348/1376 1347/1374
f 1217/1069 1219/1068 1220/1080 1218/1375
f 1218/1375 1220/1080 1349/1377 1348/1376
f 1220/1080 1221/1079 1350/1091 1349/1377
f 1222/577 1223/1191 1369/1378 1368/578
f 1222/577 1240/576 1241/1187 1223/1191
f 1223/1191 1224/1190 1370/1379 1369/1378
f 1224/1190 1225/1193 1371/1380 1370/1379
f 1225/1193 1226/1196 1372/1381 1371/1380
f 1226/1196 1227/1200 1373/1382 1372/1381
f 1227/1200 1228/1174 1374/1176 1373/1382
f 1229/543 1242/1383 1243/1384 1230/546
f 1229/543 1402/524 1284/526 1242/1383
f 1230/546 1243/1384 1244/1385 1231/549
f 1231/549 1244/1385 1245/1231 1232/552
f 1232/552 1245/1231 1246/1230 1233/555
f 1233/555 1246/1230 1247/1233 1234/558
f 1234/558 1247/1233 1248/1236 1235/561
f 1235/561 1248/1236 1249/1240 1236/564
f 1236/564 1249/1240 1250/1211 1237/567
f 1242/1383 1251/1257 1252/1256 1243/1384
f 1242/1383 1284/526 1285/530 1251/1257
f 1243/1384 1252/1256 1253/1259 1244/1385
f 1244/1385 1253/1259 1254/1227 1245/1231
f 1255/1386 1263/1387 1264/1388 1256/1389
f 1255/1386 1388/1390 1389/1391 1263/1387
f 1255/1386 1379/1392 1403/1393 1388/1390
f 1255/1386 1256/1389 1380/1394 1379/1392
f 1256/1389 1264/1388 1265/1395 1257/1396
f 1256/1389 1257/1396 1381/1397 1380/1394
f 1257/1396 1265/1395 1266/602 1258/1398
f 1257/1396 1258/1398 1382/1399 1381/1397
f 1258/1398 1266/602 1267/601 1259/1400
f 1258/1398 1259/1400 1383/1401 1382/1399
f 1259/1400 1267/601 1268/591 1260/594
f 1259/1400 1260/594 1384/1402 1383/1401
f 1260/594 1261/593 1385/1403 1384/1402
f 1261/593 1262/583 1386/586 1385/1403
f 1263/1387 1269/1404 1270/611 1264/1388
f 1263/1387 1389/1391 1390/1405 1269/1404
f 1264/1388 1270/611 1271/610 1265/1395
f 1265/1395 1271/610 1272/598 1266/602
f 1269/1404 1273/612 1274/609 1270/611
f 1269/1404 1390/1405 1391/1406 1273/612
f 1273/612 1391/1406 1392/376 1406/375
s 18
f 1407/1407 1548/1408 1408/1409 1409/1410
f 1407/1407 1465/1411 1466/1412 1548/1408
f 1407/1407 1629/1413 1464/1414 1465/1411
f 1407/1407 1409/1410 1636/1415 1629/1413
f 1408/1409 1410/1416 1637/1417 1409/1410
f 1408/1409 2467/1418 2419/1419 1410/1416
f 1408/1409 1548/1408 2464/1420 2467/1418
f 1409/1410 1637/1417 1638/1421 1636/1415
f 1410/1416 1411/1422 1639/1423 1637/1417
f 1410/1416 2419/1419 2420/1424 1411/1422
f 1411/1422 1412/1425 1642/1426 1639/1423
f 1411/1422 2420/1424 2421/1427 1412/1425
f 1412/1425 1645/1428 1646/1429 1642/1426
f 1412/1425 2421/1427 2422/1430 1645/1428
f 1413/1431 2429/1432 2430/1433 1415/1434
f 1413/1431 2470/1435 2428/1436 2429/1432
f 1413/1431 1414/1437 1880/1438 2470/1435
f 1413/1431 1415/1434 1416/1439 1414/1437
f 1414/1437 1463/1440 1881/1441 1880/1438
f 1414/1437 1416/1439 1417/1442 1463/1440
f 1415/1434 2430/1433 2431/1443 1419/1444
f 1415/1434 1419/1444 1420/1445 1416/1439
f 1416/1439 1420/1445 1421/1446 1417/1442
f 1417/1442 1421/1446 1422/1447 1418/1448
f 1417/1442 1418/1448 1462/1449 1463/1440
f 1418/1448 1461/1450 2452/1451 1462/1449
f 1418/1448 1422/1447 1423/1452 1461/1450
f 1419/1444 2431/1443 2432/1453 1424/1454
f 1419/1444 1424/1454 1425/1455 1420/1445
f 1420/1445 1425/1455 1426/1456 1421/1446
f 1421/1446 1426/1456 1427/1457 1422/1447
f 1422/1447 1427/1457 1428/1458 1423/1452
f 1423/1452 1428/1458 1751/1459 2462/1460
f 1423/1452 2462/1460 1853/1461 1461/1450
f 1424/1454 2432/1453 2433/1462 1429/1463
f 1424/1454 1429/1463 1430/1464 1425/1455
f 1425/1455 1430/1464 1431/1465 1426/1456
f 1426/1456 1431/1465 1432/1466 1427/1457
f 1427/1457 1432/1466 1433/1467 1428/1458
f 1428/1458 1433/1467 1752/1468 1751/1459
f 1429/1463 2433/1462 2434/1469 1434/1470
f 1429/1463 1434/1470 1435/1471 1430/1464
f 1430/1464 1435/1471 1436/1472 1431/1465
f 1431/1465 1436/1472 1437/1473 1432/1466
f 1432/1466 1437/1473 1764/1474 1433/1467
f 1433/1467 1764/1474 1753/1475 1752/1468
f 1434/1470 2434/1469 2435/1476 1438/1477
f 1434/1470 1438/1477 1439/1478 1435/1471
f 1435/1471 1439/1478 1440/1479 1436/1472
f 1436/1472 1440/1479 1441/1480 1437/1473
f 1437/1473 1441/1480 1765/1481 1764/1474
f 1438/1477 2435/1476 2436/1482 1442/1483
f 1438/1477 1442/1483 1443/1484 1439/1478
f 1439/1478 1443/1484 1444/1485 1440/1479
f 1440/1479 1444/1485 1445/1486 1441/1480
f 1441/1480 1445/1486 1766/1487 1765/1481
f 1442/1483 2436/1482 2437/1488 1446/1489
f 1442/1483 1446/1489 1447/1490 1443/1484
f 1443/1484 1447/1490 1448/1491 1444/1485
f 1444/1485 1448/1491 1776/1492 1445/1486
f 1445/1486 1776/1492 1767/1493 1766/1487
f 1446/1489 2437/1488 2438/1494 1449/1495
f 1446/1489 1449/1495 1450/1496 1447/1490
f 1447/1490 1450/1496 1451/1497 1448/1491
f 1448/1491 1451/1497 1777/1498 1776/1492
f 1449/1495 1452/1499 1453/1500 1450/1496
f 1449/1495 2438/1494 2439/1501 1452/1499
f 1450/1496 1453/1500 1785/1502 1451/1497
f 1451/1497 1785/1502 1778/1503 1777/1498
f 1452/1499 1454/1504 1455/1505 1453/1500
f 1452/1499 2439/1501 2440/1506 1454/1504
f 1453/1500 1455/1505 1786/1507 1785/1502
f 1454/1504 1456/1508 1457/1509 1455/1505
f 1454/1504 2440/1506 2441/1510 1456/1508
f 1455/1505 1457/1509 1787/1511 1786/1507
f 1456/1508 1458/1512 1792/1513 1457/1509
f 1456/1508 2441/1510 2442/1514 1458/1512
f 1457/1509 1792/1513 1788/1515 1787/1511
f 1458/1512 1459/1516 1793/1517 1792/1513
f 1458/1512 2442/1514 2443/1518 1459/1516
f 1459/1516 1460/1519 1794/1520 1793/1517
f 1459/1516 2443/1518 2444/1521 1460/1519
f 1460/1519 1797/1522 1795/1523 1794/1520
f 1460/1519 2444/1521 2445/1524 1797/1522
f 1461/1450 1853/1461 1852/1525 2452/1451
f 1462/1449 1882/1526 1881/1441 1463/1440
f 1462/1449 2452/1451 1852/1525 1882/1526
f 1464/1414 2356/1527 2357/1528 1465/1411
f 1464/1414 2473/1529 2355/1530 2356/1527
f 1464/1414 1629/1413 1619/1531 2473/1529
f 1465/1411 2357/1528 2358/1532 1466/1412
f 1466/1412 1474/1533 2464/1420 1548/1408
f 1466/1412 2358/1532 2359/1534 1474/1533
f 1467/1535 2298/1536 1664/1537 1663/1538
f 1467/1535 1468/1539 1469/1540 2298/1536
f 1467/1535 2306/1541 2307/1542 1468/1539
f 1467/1535 1663/1538 2455/1543 2306/1541
f 1468/1539 1471/1544 1472/1545 1469/1540
f 1468/1539 2307/1542 2308/1546 1471/1544
f 1469/1540 1472/1545 2311/1547 1470/1548
f 1469/1540 1470/1548 1665/1549 2298/1536
f 1470/1548 2469/1550 1496/1551 1665/1549
f 1470/1548 2311/1547 1572/1552 2469/1550
f 1471/1544 1473/1553 2312/1554 1472/1545
f 1471/1544 2308/1546 2309/1555 1473/1553
f 1472/1545 2312/1554 1573/1556 2311/1547
f 1473/1553 2313/1557 1575/1558 2312/1554
f 1473/1553 2309/1555 2310/1559 2313/1557
f 1474/1533 1620/1560 2467/1418 2464/1420
f 1474/1533 2359/1534 2360/1561 1620/1560
f 1475/1562 1476/1563 1750/1564 1763/1565
f 1475/1562 1480/1566 1481/1567 1476/1563
f 1475/1562 1775/1568 1479/1569 1480/1566
f 1475/1562 1763/1565 1774/1570 1775/1568
f 1476/1563 1481/1567 1847/1571 1846/1572
f 1476/1563 1846/1572 2468/1573 1750/1564
f 1477/1574 1796/1575 1483/1576 1484/1577
f 1477/1574 1791/1578 1795/1523 1796/1575
f 1477/1574 1478/1579 1784/1580 1791/1578
f 1477/1574 1484/1577 1485/1581 1478/1579
f 1478/1579 1485/1581 1486/1582 1479/1569
f 1478/1579 1479/1569 1775/1568 1784/1580
f 1479/1569 1486/1582 1487/1583 1480/1566
f 1480/1566 1487/1583 1488/1584 1481/1567
f 1481/1567 1488/1584 1848/1585 1847/1571
f 1482/1586 1630/1587 1489/1588 1483/1576
f 1482/1586 2354/1589 2353/1590 1630/1587
f 1482/1586 1798/1591 2446/1592 2354/1589
f 1482/1586 1483/1576 1796/1575 1798/1591
f 1483/1576 1489/1588 1491/1593 1484/1577
f 1484/1577 1491/1593 1493/1594 1485/1581
f 1485/1581 1493/1594 1495/1595 1486/1582
f 1486/1582 1495/1595 1496/1551 1487/1583
f 1487/1583 1496/1551 2469/1550 1488/1584
f 1488/1584 2469/1550 1849/1596 1848/1585
f 1489/1588 1632/1597 1490/1598 1491/1593
f 1489/1588 1630/1587 1607/1599 1632/1597
f 1490/1598 1635/1600 2471/1601 1492/1602
f 1490/1598 1632/1597 1631/1603 1635/1600
f 1490/1598 1492/1602 1493/1594 1491/1593
f 1492/1602 1494/1604 1495/1595 1493/1594
f 1492/1602 2471/1601 1664/1537 1494/1604
f 1494/1604 1664/1537 2298/1536 1665/1549
f 1494/1604 1665/1549 1496/1551 1495/1595
f 1497/1605 1498/1606 1499/1607 2300/1608
f 1497/1605 1574/1609 1577/1610 1498/1606
f 1497/1605 2299/1611 1572/1552 1574/1609
f 1497/1605 2300/1608 1851/1612 2299/1611
f 1498/1606 2372/1613 2373/1614 1499/1607
f 1498/1606 1577/1610 2418/1615 2372/1613
f 1499/1607 2373/1614 2374/1616 2463/1617
f 1499/1607 2463/1617 1841/1618 2300/1608
f 1500/1619 1751/1459 1752/1468 1799/1620
f 1500/1619 1865/1621 2462/1460 1751/1459
f 1500/1619 1501/1622 1866/1623 1865/1621
f 1500/1619 1799/1620 1502/1624 1501/1622
f 1501/1622 1870/1625 1867/1626 1866/1623
f 1501/1622 1502/1624 1503/1627 1870/1625
f 1502/1624 1799/1620 1800/1628 1801/1629
f 1502/1624 1801/1629 1506/1630 1503/1627
f 1503/1627 1506/1630 1507/1631 1504/1632
f 1503/1627 1504/1632 1871/1633 1870/1625
f 1504/1632 1505/1634 1872/1635 1871/1633
f 1504/1632 1507/1631 1508/1636 1505/1634
f 1505/1634 1874/1637 1873/1638 1872/1635
f 1505/1634 1508/1636 1509/1639 1874/1637
f 1506/1630 1804/1640 1511/1641 1507/1631
f 1506/1630 1801/1629 1803/1642 1804/1640
f 1507/1631 1511/1641 1512/1643 1508/1636
f 1508/1636 1512/1643 1513/1644 1509/1639
f 1509/1639 1513/1644 1514/1645 1510/1646
f 1509/1639 1510/1646 1875/1647 1874/1637
f 1510/1646 1877/1648 1876/1649 1875/1647
f 1510/1646 1514/1645 1515/1650 1877/1648
f 1511/1641 1808/1651 1518/1652 1512/1643
f 1511/1641 1804/1640 1807/1653 1808/1651
f 1512/1643 1518/1652 1519/1654 1513/1644
f 1513/1644 1519/1654 1520/1655 1514/1645
f 1514/1645 1520/1655 1521/1656 1515/1650
f 1515/1650 1521/1656 1522/1657 1516/1658
f 1515/1650 1516/1658 1878/1659 1877/1648
f 1516/1658 1522/1657 1523/1660 1517/1661
f 1516/1658 1517/1661 2290/1662 1878/1659
f 1517/1661 1879/1663 2291/1664 2290/1662
f 1517/1661 1523/1660 1524/1665 1879/1663
f 1518/1652 1526/1666 1527/1667 1519/1654
f 1518/1652 1808/1651 1812/1668 1526/1666
f 1519/1654 1527/1667 1528/1669 1520/1655
f 1520/1655 1528/1669 1529/1670 1521/1656
f 1521/1656 1529/1670 1530/1671 1522/1657
f 1522/1657 1530/1671 1531/1672 1523/1660
f 1523/1660 1531/1672 1532/1673 1524/1665
f 1524/1665 1532/1673 1533/1674 1525/1675
f 1524/1665 1525/1675 2294/1676 1879/1663
f 1525/1675 2460/1677 2295/1678 2294/1676
f 1525/1675 1533/1674 2302/1679 2460/1677
f 1526/1666 1812/1668 1815/1680 1816/1681
f 1526/1666 1816/1681 1534/1682 1527/1667
f 1527/1667 1534/1682 1535/1683 1528/1669
f 1528/1669 1535/1683 1536/1684 1529/1670
f 1529/1670 1536/1684 1537/1685 1530/1671
f 1530/1671 1537/1685 1538/1686 1531/1672
f 1531/1672 1538/1686 1539/1687 1532/1673
f 1532/1673 1539/1687 1571/1688 1533/1674
f 1533/1674 1571/1688 2466/1689 2302/1679
f 1534/1682 1816/1681 1820/1690 1821/1691
f 1534/1682 1821/1691 1540/1692 1535/1683
f 1535/1683 1540/1692 1541/1693 1536/1684
f 1536/1684 1541/1693 1542/1694 1537/1685
f 1537/1685 1542/1694 1543/1695 1538/1686
f 1538/1686 1543/1695 2301/1696 1539/1687
f 1539/1687 2301/1696 2447/1697 1571/1688
f 1540/1692 1821/1691 1826/1698 1827/1699
f 1540/1692 1827/1699 1544/1700 1541/1693
f 1541/1693 1544/1700 1545/1701 1542/1694
f 1542/1694 1545/1701 1546/1702 1543/1695
f 1543/1695 1546/1702 2448/1703 2301/1696
f 1544/1700 1834/1704 1547/1705 1545/1701
f 1544/1700 1827/1699 1833/1706 1834/1704
f 1545/1701 1547/1705 2449/1707 1546/1702
f 1546/1702 2449/1707 1588/1708 2448/1703
f 1547/1705 2463/1617 2075/1709 2449/1707
f 1547/1705 1834/1704 1841/1618 2463/1617
f 1549/1710 2050/1711 2049/1712 2048/1713
f 1549/1710 1550/1714 2051/1715 2050/1711
f 1549/1710 2101/1716 2107/1717 1550/1714
f 1549/1710 2048/1713 2096/1718 2101/1716
f 1550/1714 1551/1719 2052/1720 2051/1715
f 1550/1714 2107/1717 2114/1721 1551/1719
f 1551/1719 1552/1722 2053/1723 2052/1720
f 1551/1719 2114/1721 2122/1724 1552/1722
f 1552/1722 1553/1725 2054/1726 2053/1723
f 1552/1722 2122/1724 2130/1727 1553/1725
f 1553/1725 1554/1728 2055/1729 2054/1726
f 1553/1725 2130/1727 2139/1730 1554/1728
f 1554/1728 1555/1731 2056/1732 2055/1729
f 1554/1728 2139/1730 2149/1733 1555/1731
f 1555/1731 1556/1734 2057/1735 2056/1732
f 1555/1731 2149/1733 2159/1736 1556/1734
f 1556/1734 1557/1737 2058/1738 2057/1735
f 1556/1734 2159/1736 2170/1739 1557/1737
f 1557/1737 1558/1740 2059/1741 2058/1738
f 1557/1737 2170/1739 2182/1742 1558/1740
f 1558/1740 1559/1743 2060/1744 2059/1741
f 1558/1740 2182/1742 2194/1745 1559/1743
f 1559/1743 1560/1746 2061/1747 2060/1744
f 1559/1743 2194/1745 2207/1748 1560/1746
f 1560/1746 1561/1749 2062/1750 2061/1747
f 1560/1746 2207/1748 2221/1751 1561/1749
f 1561/1749 1562/1752 2063/1753 2062/1750
f 1561/1749 2221/1751 2235/1754 1562/1752
f 1562/1752 1563/1755 2064/1756 2063/1753
f 1562/1752 2235/1754 2248/1757 1563/1755
f 1563/1755 1564/1758 2065/1759 2064/1756
f 1563/1755 2248/1757 2259/1760 1564/1758
f 1564/1758 1565/1761 2066/1762 2065/1759
f 1564/1758 2259/1760 2269/1763 1565/1761
f 1565/1761 1566/1764 2067/1765 2066/1762
f 1565/1761 2269/1763 2277/1766 1566/1764
f 1566/1764 1567/1767 2068/1768 2067/1765
f 1566/1764 2277/1766 2284/1769 1567/1767
f 1567/1767 1568/1770 2069/1771 2068/1768
f 1567/1767 2284/1769 2289/1772 1568/1770
f 1568/1770 1569/1773 2070/1774 2069/1771
f 1568/1770 2289/1772 2293/1775 1569/1773
f 1569/1773 1570/1776 2071/1777 2070/1774
f 1569/1773 2293/1775 2295/1678 1570/1776
f 1570/1776 2302/1679 2466/1689 2071/1777
f 1570/1776 2295/1678 2460/1677 2302/1679
f 1571/1688 2447/1697 2296/1778 2466/1689
f 1572/1552 2311/1547 1573/1556 1574/1609
f 1572/1552 2299/1611 1849/1596 2469/1550
f 1573/1556 1576/1779 1577/1610 1574/1609
f 1573/1556 2312/1554 1575/1558 1576/1779
f 1575/1558 2416/1780 2417/1781 1576/1779
f 1575/1558 2313/1557 2415/1782 2416/1780
f 1576/1779 2417/1781 2418/1615 1577/1610
f 1578/1783 1583/1784 1586/1785 1579/1786
f 1578/1783 2459/1787 1594/1788 1583/1784
f 1578/1783 2074/1789 2073/1790 2459/1787
f 1578/1783 1579/1786 1580/1791 2074/1789
f 1579/1786 1586/1785 2412/1792 2413/1793
f 1579/1786 2413/1793 2414/1794 1580/1791
f 1580/1791 2423/1795 2422/1430 2074/1789
f 1580/1791 2414/1794 2458/1796 2423/1795
f 1581/1797 1582/1798 1592/1799 1590/1800
f 1581/1797 2314/1801 2315/1802 1582/1798
f 1581/1797 1620/1560 2360/1561 2314/1801
f 1581/1797 1590/1800 2467/1418 1620/1560
f 1582/1798 1595/1803 1596/1804 1592/1799
f 1582/1798 2315/1802 2316/1805 1595/1803
f 1583/1784 1597/1806 1585/1807 1586/1785
f 1583/1784 1594/1788 1593/1808 1597/1806
f 1584/1809 1598/1810 2409/1811 2410/1812
f 1584/1809 1596/1804 1595/1803 1598/1810
f 1584/1809 1585/1807 1597/1806 1596/1804
f 1584/1809 2410/1812 2411/1813 1585/1807
f 1585/1807 2411/1813 2412/1792 1586/1785
f 1587/1814 1589/1815 2461/1816 2297/1817
f 1587/1814 2448/1703 1588/1708 1589/1815
f 1587/1814 2447/1697 2301/1696 2448/1703
f 1587/1814 2297/1817 2296/1778 2447/1697
f 1588/1708 2076/1818 2077/1819 1589/1815
f 1588/1708 2449/1707 2075/1709 2076/1818
f 1589/1815 2077/1819 2451/1820 2461/1816
f 1590/1800 1592/1799 1593/1808 1591/1821
f 1590/1800 1591/1821 2419/1419 2467/1418
f 1591/1821 2072/1822 2420/1424 2419/1419
f 1591/1821 1593/1808 1594/1788 2072/1822
f 1592/1799 1596/1804 1597/1806 1593/1808
f 1594/1788 2459/1787 2073/1790 2072/1822
f 1595/1803 2316/1805 2317/1823 1598/1810
f 1598/1810 2317/1823 2453/1824 2409/1811
f 1599/1825 1618/1826 1608/1827 1600/1828
f 1599/1825 2473/1529 1619/1531 1618/1826
f 1599/1825 2344/1829 2343/1830 2473/1529
f 1599/1825 1600/1828 2345/1831 2344/1829
f 1600/1828 1608/1827 1609/1832 1601/1833
f 1600/1828 1601/1833 2346/1834 2345/1831
f 1601/1833 1609/1832 1610/1835 1602/1836
f 1601/1833 1602/1836 2347/1837 2346/1834
f 1602/1836 1610/1835 1611/1838 1603/1839
f 1602/1836 1603/1839 2348/1840 2347/1837
f 1603/1839 1611/1838 1612/1841 1604/1842
f 1603/1839 1604/1842 2349/1843 2348/1840
f 1604/1842 1612/1841 1613/1844 1605/1845
f 1604/1842 1605/1845 2350/1846 2349/1843
f 1605/1845 1613/1844 1631/1603 1606/1847
f 1605/1845 1606/1847 2351/1848 2350/1846
f 1606/1847 1631/1603 1632/1597 1607/1599
f 1606/1847 1607/1599 2352/1849 2351/1848
f 1607/1599 1630/1587 2353/1590 2352/1849
f 1608/1827 1617/1850 1614/1851 1609/1832
f 1608/1827 1618/1826 1626/1852 1617/1850
f 1609/1832 1614/1851 1615/1853 1610/1835
f 1610/1835 1615/1853 1616/1854 1611/1838
f 1611/1838 1616/1854 1633/1855 1612/1841
f 1612/1841 1633/1855 1634/1856 1613/1844
f 1613/1844 1634/1856 1635/1600 1631/1603
f 1614/1851 1617/1850 1624/1857 1621/1858
f 1614/1851 1621/1858 2454/1859 1615/1853
f 1615/1853 2454/1859 2303/1860 1616/1854
f 1616/1854 2303/1860 2304/1861 1633/1855
f 1617/1850 1626/1852 1627/1862 1624/1857
f 1618/1826 1619/1531 1628/1863 1626/1852
f 1619/1531 1629/1413 1636/1415 1628/1863
f 1621/1858 1624/1857 1625/1864 1622/1865
f 1621/1858 1622/1865 2303/1860 2454/1859
f 1622/1865 1625/1864 1658/1866 1623/1867
f 1622/1865 1623/1867 2304/1861 2303/1860
f 1623/1867 1658/1866 1659/1868 1660/1869
f 1623/1867 1660/1869 2305/1870 2304/1861
f 1624/1857 1627/1862 1656/1871 1625/1864
f 1625/1864 1656/1871 1657/1872 1658/1866
f 1626/1852 1628/1863 1655/1873 1627/1862
f 1627/1862 1655/1873 1641/1874 1656/1871
f 1628/1863 1636/1415 1638/1421 1655/1873
f 1633/1855 2304/1861 2305/1870 1634/1856
f 1634/1856 2305/1870 2471/1601 1635/1600
f 1637/1417 1639/1423 1640/1875 1638/1421
f 1638/1421 1640/1875 1641/1874 1655/1873
f 1639/1423 1642/1426 1643/1876 1640/1875
f 1640/1875 1643/1876 1644/1877 1641/1874
f 1641/1874 1644/1877 1657/1872 1656/1871
f 1642/1426 1646/1429 1647/1878 1643/1876
f 1643/1876 1647/1878 1648/1879 1644/1877
f 1644/1877 1648/1879 1649/1880 1657/1872
f 1645/1428 1650/1881 1651/1882 1646/1429
f 1645/1428 2422/1430 2423/1795 1650/1881
f 1646/1429 1651/1882 1652/1883 1647/1878
f 1647/1878 1652/1883 1653/1884 1648/1879
f 1648/1879 1653/1884 1654/1885 1649/1880
f 1649/1880 1659/1868 1658/1866 1657/1872
f 1649/1880 1654/1885 1661/1886 1659/1868
f 1650/1881 2310/1559 2309/1555 1651/1882
f 1650/1881 2423/1795 2458/1796 2310/1559
f 1651/1882 2309/1555 2308/1546 1652/1883
f 1652/1883 2308/1546 2307/1542 1653/1884
f 1653/1884 2307/1542 2306/1541 1654/1885
f 1654/1885 2306/1541 2455/1543 1661/1886
f 1659/1868 1661/1886 1662/1887 1660/1869
f 1660/1869 1662/1887 2471/1601 2305/1870
f 1661/1886 2455/1543 1663/1538 1662/1887
f 1662/1887 1663/1538 1664/1537 2471/1601
f 1666/1888 2080/1889 2081/1890 2079/1891
f 1666/1888 1989/1892 1667/1893 2080/1889
f 1666/1888 1988/1894 1905/1895 1989/1892
f 1666/1888 2079/1891 2078/1896 1988/1894
f 1667/1893 2082/1897 2083/1898 2080/1889
f 1667/1893 1991/1899 1669/1900 2082/1897
f 1667/1893 1989/1892 1921/1901 1991/1899
f 1668/1902 1993/1903 1670/1904 1671/1905
f 1668/1902 1990/1906 1935/1907 1993/1903
f 1668/1902 1669/1900 1991/1899 1990/1906
f 1668/1902 1671/1905 1672/1908 1669/1900
f 1669/1900 1672/1908 2085/1909 2082/1897
f 1670/1904 1995/1910 1673/1911 1674/1912
f 1670/1904 1993/1903 1992/1913 1995/1910
f 1670/1904 1674/1912 1675/1914 1671/1905
f 1671/1905 1675/1914 2088/1915 1672/1908
f 1672/1908 2088/1915 2089/1916 2085/1909
f 1673/1911 1998/1917 1676/1918 1677/1919
f 1673/1911 1995/1910 1994/1920 1998/1917
f 1673/1911 1677/1919 1678/1921 1674/1912
f 1674/1912 1678/1921 2092/1922 1675/1914
f 1675/1914 2092/1922 2093/1923 2088/1915
f 1676/1918 1680/1924 1681/1925 1677/1919
f 1676/1918 2002/1926 1679/1927 1680/1924
f 1676/1918 1998/1917 1997/1928 2002/1926
f 1677/1919 1681/1925 1682/1929 1678/1921
f 1678/1921 1682/1929 2097/1930 2092/1922
f 1679/1927 1684/1931 1685/1932 1680/1924
f 1679/1927 2006/1933 1683/1934 1684/1931
f 1679/1927 2002/1926 2001/1935 2006/1933
f 1680/1924 1685/1932 1686/1936 1681/1925
f 1681/1925 1686/1936 2102/1937 1682/1929
f 1682/1929 2102/1937 2103/1938 2097/1930
f 1683/1934 1689/1939 1690/1940 1684/1931
f 1683/1934 2011/1941 1688/1942 1689/1939
f 1683/1934 2006/1933 2005/1943 2011/1941
f 1684/1931 1690/1940 1691/1944 1685/1932
f 1685/1932 1691/1944 2108/1945 1686/1936
f 1686/1936 2108/1945 2109/1946 2102/1937
f 1687/1947 2016/1948 1692/1949 1693/1950
f 1687/1947 2010/1951 2009/1952 2016/1948
f 1687/1947 1688/1942 2011/1941 2010/1951
f 1687/1947 1693/1950 1694/1953 1688/1942
f 1688/1942 1694/1953 1695/1954 1689/1939
f 1689/1939 1695/1954 1696/1955 1690/1940
f 1690/1940 1696/1955 2115/1956 1691/1944
f 1691/1944 2115/1956 2116/1957 2108/1945
f 1692/1949 2021/1958 1697/1959 1698/1960
f 1692/1949 2016/1948 2015/1961 2021/1958
f 1692/1949 1698/1960 1699/1962 1693/1950
f 1693/1950 1699/1962 1700/1963 1694/1953
f 1694/1953 1700/1963 1701/1964 1695/1954
f 1695/1954 1701/1964 1702/1965 1696/1955
f 1696/1955 1702/1965 2123/1966 2115/1956
f 1697/1959 2026/1967 1703/1968 1704/1969
f 1697/1959 2021/1958 2020/1970 2026/1967
f 1697/1959 1704/1969 1705/1971 1698/1960
f 1698/1960 1705/1971 1706/1972 1699/1962
f 1699/1962 1706/1972 1707/1973 1700/1963
f 1700/1963 1707/1973 1708/1974 1701/1964
f 1701/1964 1708/1974 2131/1975 1702/1965
f 1702/1965 2131/1975 2132/1976 2123/1966
f 1703/1968 1710/1977 1711/1978 1704/1969
f 1703/1968 2030/1979 1709/1980 1710/1977
f 1703/1968 2026/1967 2025/1981 2030/1979
f 1704/1969 1711/1978 1712/1982 1705/1971
f 1705/1971 1712/1982 1713/1983 1706/1972
f 1706/1972 1713/1983 1714/1984 1707/1973
f 1707/1973 1714/1984 2140/1985 1708/1974
f 1708/1974 2140/1985 2141/1986 2131/1975
f 1709/1980 1716/1987 1717/1988 1710/1977
f 1709/1980 2033/1989 1715/1990 1716/1987
f 1709/1980 2030/1979 2029/1991 2033/1989
f 1710/1977 1717/1988 1718/1992 1711/1978
f 1711/1978 1718/1992 1719/1993 1712/1982
f 1712/1982 1719/1993 1720/1994 1713/1983
f 1713/1983 1720/1994 1721/1995 1714/1984
f 1714/1984 1721/1995 2150/1996 2140/1985
f 1715/1990 1723/1997 1724/1998 1716/1987
f 1715/1990 2035/1999 1722/2000 1723/1997
f 1715/1990 2033/1989 2032/2001 2035/1999
f 1716/1987 1724/1998 1725/2002 1717/1988
f 1717/1988 1725/2002 1726/2003 1718/1992
f 1718/1992 1726/2003 1727/2004 1719/1993
f 1719/1993 1727/2004 1728/2005 1720/1994
f 1720/1994 1728/2005 2160/2006 1721/1995
f 1721/1995 2160/2006 2161/2007 2150/1996
f 1722/2000 1729/2008 1730/2009 1723/1997
f 1722/2000 2470/1435 1880/1438 1729/2008
f 1722/2000 2035/1999 2034/2010 2470/1435
f 1723/1997 1730/2009 1731/2011 1724/1998
f 1724/1998 1731/2011 1732/2012 1725/2002
f 1725/2002 1732/2012 1733/2013 1726/2003
f 1726/2003 1733/2013 1734/2014 1727/2004
f 1727/2004 1734/2014 2171/2015 1728/2005
f 1728/2005 2171/2015 2172/2016 2160/2006
f 1729/2008 1880/1438 1881/1441 1886/2017
f 1729/2008 1886/2017 1735/2018 1730/2009
f 1730/2009 1735/2018 1736/2019 1731/2011
f 1731/2011 1736/2019 1737/2020 1732/2012
f 1732/2012 1737/2020 1738/2021 1733/2013
f 1733/2013 1738/2021 1739/2022 1734/2014
f 1734/2014 1739/2022 2183/2023 2171/2015
f 1735/2018 1886/2017 1887/2024 1884/2025
f 1735/2018 1884/2025 1740/2026 1736/2019
f 1736/2019 1740/2026 1741/2027 1737/2020
f 1737/2020 1741/2027 1742/2028 1738/2021
f 1738/2021 1742/2028 2195/2029 1739/2022
f 1739/2022 2195/2029 2196/2030 2183/2023
f 1740/2026 1883/2031 1743/2032 1741/2027
f 1740/2026 1884/2025 1885/2033 1883/2031
f 1741/2027 1743/2032 2208/2034 1742/2028
f 1742/2028 2208/2034 2209/2035 2195/2029
f 1743/2032 2457/2036 2222/2037 2208/2034
f 1743/2032 1883/2031 1854/2038 2457/2036
f 1744/2039 1809/2040 1756/2041 1757/2042
f 1744/2039 1813/2043 1810/2044 1809/2040
f 1744/2039 1745/2045 1817/2046 1813/2043
f 1744/2039 1757/2042 1758/2047 1745/2045
f 1745/2045 1746/2048 1822/2049 1817/2046
f 1745/2045 1758/2047 1759/2050 1746/2048
f 1746/2048 1747/2051 1828/2052 1822/2049
f 1746/2048 1759/2050 1760/2053 1747/2051
f 1747/2051 1760/2053 1761/2054 1748/2055
f 1747/2051 1748/2055 1835/2056 1828/2052
f 1748/2055 1761/2054 1762/2057 1749/2058
f 1748/2055 1749/2058 1842/2059 1835/2056
f 1749/2058 1762/2057 1763/1565 1750/1564
f 1749/2058 1750/1564 2468/1573 1842/2059
f 1752/1468 1753/1475 1800/1628 1799/1620
f 1753/1475 1764/1474 1765/1481 1754/2060
f 1753/1475 1754/2060 1802/2061 1800/1628
f 1754/2060 1765/1481 1766/1487 1755/2062
f 1754/2060 1755/2062 1805/2063 1802/2061
f 1755/2062 1766/1487 1767/1493 1756/2041
f 1755/2062 1756/2041 1809/2040 1805/2063
f 1756/2041 1767/1493 1768/2064 1757/2042
f 1757/2042 1768/2064 1769/2065 1758/2047
f 1758/2047 1769/2065 1770/2066 1759/2050
f 1759/2050 1770/2066 1771/2067 1760/2053
f 1760/2053 1771/2067 1772/2068 1761/2054
f 1761/2054 1772/2068 1773/2069 1762/2057
f 1762/2057 1773/2069 1774/1570 1763/1565
f 1767/1493 1776/1492 1777/1498 1768/2064
f 1768/2064 1777/1498 1778/1503 1769/2065
f 1769/2065 1778/1503 1779/2070 1770/2066
f 1770/2066 1779/2070 1780/2071 1771/2067
f 1771/2067 1780/2071 1781/2072 1772/2068
f 1772/2068 1781/2072 1782/2073 1773/2069
f 1773/2069 1782/2073 1783/2074 1774/1570
f 1774/1570 1783/2074 1784/1580 1775/1568
f 1778/1503 1785/1502 1786/1507 1779/2070
f 1779/2070 1786/1507 1787/1511 1780/2071
f 1780/2071 1787/1511 1788/1515 1781/2072
f 1781/2072 1788/1515 1789/2075 1782/2073
f 1782/2073 1789/2075 1790/2076 1783/2074
f 1783/2074 1790/2076 1791/1578 1784/1580
f 1788/1515 1792/1513 1793/1517 1789/2075
f 1789/2075 1793/1517 1794/1520 1790/2076
f 1790/2076 1794/1520 1795/1523 1791/1578
f 1795/1523 1797/1522 1798/1591 1796/1575
f 1797/1522 2445/1524 2446/1592 1798/1591
f 1800/1628 1802/2061 1803/1642 1801/1629
f 1802/2061 1805/2063 1806/2077 1803/1642
f 1803/1642 1806/2077 1807/1653 1804/1640
f 1805/2063 1809/2040 1810/2044 1806/2077
f 1806/2077 1810/2044 1811/2078 1807/1653
f 1807/1653 1811/2078 1812/1668 1808/1651
f 1810/2044 1813/2043 1814/2079 1811/2078
f 1811/2078 1814/2079 1815/1680 1812/1668
f 1813/2043 1817/2046 1818/2080 1814/2079
f 1814/2079 1818/2080 1819/2081 1815/1680
f 1815/1680 1819/2081 1820/1690 1816/1681
f 1817/2046 1822/2049 1823/2082 1818/2080
f 1818/2080 1823/2082 1824/2083 1819/2081
f 1819/2081 1824/2083 1825/2084 1820/1690
f 1820/1690 1825/2084 1826/1698 1821/1691
f 1822/2049 1828/2052 1829/2085 1823/2082
f 1823/2082 1829/2085 1830/2086 1824/2083
f 1824/2083 1830/2086 1831/2087 1825/2084
f 1825/2084 1831/2087 1832/2088 1826/1698
f 1826/1698 1832/2088 1833/1706 1827/1699
f 1828/2052 1835/2056 1836/2089 1829/2085
f 1829/2085 1836/2089 1837/2090 1830/2086
f 1830/2086 1837/2090 1838/2091 1831/2087
f 1831/2087 1838/2091 1839/2092 1832/2088
f 1832/2088 1839/2092 1840/2093 1833/1706
f 1833/1706 1840/2093 1841/1618 1834/1704
f 1835/2056 1842/2059 1843/2094 1836/2089
f 1836/2089 1843/2094 1844/2095 1837/2090
f 1837/2090 1844/2095 1845/2096 1838/2091
f 1838/2091 1845/2096 1850/2097 1839/2092
f 1839/2092 1850/2097 1851/1612 1840/2093
f 1840/2093 1851/1612 2300/1608 1841/1618
f 1842/2059 2468/1573 1846/1572 1843/2094
f 1843/2094 1846/1572 1847/1571 1844/2095
f 1844/2095 1847/1571 1848/1585 1845/2096
f 1845/2096 1848/1585 1849/1596 1850/2097
f 1849/1596 2299/1611 1851/1612 1850/2097
f 1852/1525 1888/2098 1887/2024 1882/1526
f 1852/1525 1853/1461 1856/2099 1888/2098
f 1853/1461 2462/1460 1861/2100 1856/2099
f 1854/2038 1883/2031 1885/2033 1855/2101
f 1854/2038 1857/2102 2222/2037 2457/2036
f 1854/2038 1855/2101 1858/2103 1857/2102
f 1855/2101 1856/2099 1861/2100 1858/2103
f 1855/2101 1885/2033 1888/2098 1856/2099
f 1857/2102 2236/2104 2223/2105 2222/2037
f 1857/2102 1858/2103 1859/2106 2236/2104
f 1858/2103 1861/2100 1862/2107 1859/2106
f 1859/2106 1862/2107 1863/2108 1860/2109
f 1859/2106 1860/2109 2237/2110 2236/2104
f 1860/2109 2249/2111 2238/2112 2237/2110
f 1860/2109 1863/2108 1864/2113 2249/2111
f 1861/2100 2462/1460 1865/1621 1862/2107
f 1862/2107 1865/1621 1866/1623 1863/2108
f 1863/2108 1866/1623 1867/1626 1864/2113
f 1864/2113 2260/2114 2250/2115 2249/2111
f 1864/2113 1867/1626 1868/2116 2260/2114
f 1867/1626 1870/1625 1871/1633 1868/2116
f 1868/2116 1871/1633 1872/1635 1869/2117
f 1868/2116 1869/2117 2261/2118 2260/2114
f 1869/2117 2270/2119 2262/2120 2261/2118
f 1869/2117 1872/1635 1873/1638 2270/2119
f 1873/1638 2278/2121 2271/2122 2270/2119
f 1873/1638 1874/1637 1875/1647 2278/2121
f 1875/1647 1876/1649 2279/2123 2278/2121
f 1876/1649 2285/2124 2280/2125 2279/2123
f 1876/1649 1877/1648 1878/1659 2285/2124
f 1878/1659 2290/1662 2286/2126 2285/2124
f 1879/1663 2294/1676 2292/2127 2291/1664
f 1881/1441 1882/1526 1887/2024 1886/2017
f 1884/2025 1887/2024 1888/2098 1885/2033
f 1889/2128 1906/2129 1907/2130 1890/2131
f 1889/2128 2361/2132 2362/2133 1906/2129
f 1889/2128 2322/2134 2465/2135 2361/2132
f 1889/2128 1890/2131 2323/2136 2322/2134
f 1890/2131 1907/2130 1908/2137 1891/2138
f 1890/2131 1891/2138 2324/2139 2323/2136
f 1891/2138 1908/2137 1909/2140 1892/2141
f 1891/2138 1892/2141 2325/2142 2324/2139
f 1892/2141 1909/2140 1910/2143 1893/2144
f 1892/2141 1893/2144 2326/2145 2325/2142
f 1893/2144 1910/2143 1911/2146 1894/2147
f 1893/2144 1894/2147 2327/2148 2326/2145
f 1894/2147 1911/2146 1912/2149 1895/2150
f 1894/2147 1895/2150 2328/2151 2327/2148
f 1895/2150 1912/2149 1913/2152 1896/2153
f 1895/2150 1896/2153 2329/2154 2328/2151
f 1896/2153 1913/2152 1914/2155 1897/2156
f 1896/2153 1897/2156 2330/2157 2329/2154
f 1897/2156 1914/2155 1915/2158 1898/2159
f 1897/2156 1898/2159 2331/2160 2330/2157
f 1898/2159 1915/2158 1916/2161 1899/2162
f 1898/2159 1899/2162 2332/2163 2331/2160
f 1899/2162 1916/2161 1917/2164 1900/2165
f 1899/2162 1900/2165 2333/2166 2332/2163
f 1900/2165 1917/2164 1918/2167 1901/2168
f 1900/2165 1901/2168 2334/2169 2333/2166
f 1901/2168 1918/2167 1919/2170 1902/2171
f 1901/2168 1902/2171 2335/2172 2334/2169
f 1902/2171 1919/2170 1920/2173 1903/2174
f 1902/2171 1903/2174 2336/2175 2335/2172
f 1903/2174 1920/2173 1921/1901 1904/2176
f 1903/2174 1904/2176 2337/2177 2336/2175
f 1904/2176 1921/1901 1989/1892 1905/1895
f 1904/2176 1905/1895 2338/2178 2337/2177
f 1905/1895 1988/1894 2339/2179 2338/2178
f 1906/2129 1922/2180 1923/2181 1907/2130
f 1906/2129 2362/2133 2363/2182 1922/2180
f 1907/2130 1923/2181 1924/2183 1908/2137
f 1908/2137 1924/2183 1925/2184 1909/2140
f 1909/2140 1925/2184 1926/2185 1910/2143
f 1910/2143 1926/2185 1927/2186 1911/2146
f 1911/2146 1927/2186 1928/2187 1912/2149
f 1912/2149 1928/2187 1929/2188 1913/2152
f 1913/2152 1929/2188 1930/2189 1914/2155
f 1914/2155 1930/2189 1931/2190 1915/2158
f 1915/2158 1931/2190 1932/2191 1916/2161
f 1916/2161 1932/2191 1933/2192 1917/2164
f 1917/2164 1933/2192 1934/2193 1918/2167
f 1918/2167 1934/2193 1935/1907 1919/2170
f 1919/2170 1935/1907 1990/1906 1920/2173
f 1920/2173 1990/1906 1991/1899 1921/1901
f 1922/2180 1936/2194 1937/2195 1923/2181
f 1922/2180 2363/2182 2364/2196 1936/2194
f 1923/2181 1937/2195 1938/2197 1924/2183
f 1924/2183 1938/2197 1939/2198 1925/2184
f 1925/2184 1939/2198 1940/2199 1926/2185
f 1926/2185 1940/2199 1941/2200 1927/2186
f 1927/2186 1941/2200 1942/2201 1928/2187
f 1928/2187 1942/2201 1943/2202 1929/2188
f 1929/2188 1943/2202 1944/2203 1930/2189
f 1930/2189 1944/2203 1945/2204 1931/2190
f 1931/2190 1945/2204 1946/2205 1932/2191
f 1932/2191 1946/2205 1947/2206 1933/2192
f 1933/2192 1947/2206 1992/1913 1934/2193
f 1934/2193 1992/1913 1993/1903 1935/1907
f 1936/2194 1948/2207 1949/2208 1937/2195
f 1936/2194 2364/2196 2365/2209 1948/2207
f 1937/2195 1949/2208 1950/2210 1938/2197
f 1938/2197 1950/2210 1951/2211 1939/2198
f 1939/2198 1951/2211 1952/2212 1940/2199
f 1940/2199 1952/2212 1953/2213 1941/2200
f 1941/2200 1953/2213 1954/2214 1942/2201
f 1942/2201 1954/2214 1955/2215 1943/2202
f 1943/2202 1955/2215 1956/2216 1944/2203
f 1944/2203 1956/2216 1957/2217 1945/2204
f 1945/2204 1957/2217 1958/2218 1946/2205
f 1946/2205 1958/2218 1994/1920 1947/2206
f 1947/2206 1994/1920 1995/1910 1992/1913
f 1948/2207 1959/2219 1960/2220 1949/2208
f 1948/2207 2365/2209 2366/2221 1959/2219
f 1949/2208 1960/2220 1961/2222 1950/2210
f 1950/2210 1961/2222 1962/2223 1951/2211
f 1951/2211 1962/2223 1963/2224 1952/2212
f 1952/2212 1963/2224 1964/2225 1953/2213
f 1953/2213 1964/2225 1965/2226 1954/2214
f 1954/2214 1965/2226 1966/2227 1955/2215
f 1955/2215 1966/2227 1967/2228 1956/2216
f 1956/2216 1967/2228 1996/2229 1957/2217
f 1957/2217 1996/2229 1997/1928 1958/2218
f 1958/2218 1997/1928 1998/1917 1994/1920
f 1959/2219 1968/2230 1969/2231 1960/2220
f 1959/2219 2366/2221 2367/2232 1968/2230
f 1960/2220 1969/2231 1970/2233 1961/2222
f 1961/2222 1970/2233 1971/2234 1962/2223
f 1962/2223 1971/2234 1972/2235 1963/2224
f 1963/2224 1972/2235 1973/2236 1964/2225
f 1964/2225 1973/2236 1974/2237 1965/2226
f 1965/2226 1974/2237 1999/2238 1966/2227
f 1966/2227 1999/2238 2000/2239 1967/2228
f 1967/2228 2000/2239 2001/1935 1996/2229
f 1968/2230 1975/2240 1976/2241 1969/2231
f 1968/2230 2367/2232 2368/2242 1975/2240
f 1969/2231 1976/2241 1977/2243 1970/2233
f 1970/2233 1977/2243 1978/2244 1971/2234
f 1971/2234 1978/2244 1979/2245 1972/2235
f 1972/2235 1979/2245 1980/2246 1973/2236
f 1973/2236 1980/2246 2003/2247 1974/2237
f 1974/2237 2003/2247 2004/2248 1999/2238
f 1975/2240 1981/2249 1982/2250 1976/2241
f 1975/2240 2368/2242 2369/2251 1981/2249
f 1976/2241 1982/2250 1983/2252 1977/2243
f 1977/2243 1983/2252 1984/2253 1978/2244
f 1978/2244 1984/2253 2007/2254 1979/2245
f 1979/2245 2007/2254 2008/2255 1980/2246
f 1980/2246 2008/2255 2009/1952 2003/2247
f 1981/2249 1985/2256 1986/2257 1982/2250
f 1981/2249 2369/2251 2370/2258 1985/2256
f 1982/2250 1986/2257 2012/2259 1983/2252
f 1983/2252 2012/2259 2013/2260 1984/2253
f 1984/2253 2013/2260 2014/2261 2007/2254
f 1985/2256 1987/2262 2017/2263 1986/2257
f 1985/2256 2370/2258 2371/2264 1987/2262
f 1986/2257 2017/2263 2018/2265 2012/2259
f 1987/2262 2022/2266 2023/2267 2017/2263
f 1987/2262 2371/2264 2424/2268 2022/2266
f 1988/1894 2078/1896 2340/2269 2339/2179
f 1996/2229 2001/1935 2002/1926 1997/1928
f 1999/2238 2004/2248 2005/1943 2000/2239
f 2000/2239 2005/1943 2006/1933 2001/1935
f 2003/2247 2009/1952 2010/1951 2004/2248
f 2004/2248 2010/1951 2011/1941 2005/1943
f 2007/2254 2014/2261 2015/1961 2008/2255
f 2008/2255 2015/1961 2016/1948 2009/1952
f 2012/2259 2018/2265 2019/2270 2013/2260
f 2013/2260 2019/2270 2020/1970 2014/2261
f 2014/2261 2020/1970 2021/1958 2015/1961
f 2017/2263 2023/2267 2024/2271 2018/2265
f 2018/2265 2024/2271 2025/1981 2019/2270
f 2019/2270 2025/1981 2026/1967 2020/1970
f 2022/2266 2027/2272 2028/2273 2023/2267
f 2022/2266 2424/2268 2425/2274 2027/2272
f 2023/2267 2028/2273 2029/1991 2024/2271
f 2024/2271 2029/1991 2030/1979 2025/1981
f 2027/2272 2031/2275 2032/2001 2028/2273
f 2027/2272 2425/2274 2426/2276 2031/2275
f 2028/2273 2032/2001 2033/1989 2029/1991
f 2031/2275 2034/2010 2035/1999 2032/2001
f 2031/2275 2426/2276 2427/2277 2034/2010
f 2034/2010 2427/2277 2428/1436 2470/1435
f 2036/2278 2078/1896 2079/1891 2038/2279
f 2036/2278 2341/2280 2340/2269 2078/1896
f 2036/2278 2037/2281 2342/2282 2341/2280
f 2036/2278 2038/2279 2039/2283 2037/2281
f 2037/2281 2039/2283 2381/2284 2380/2285
f 2037/2281 2380/2285 2450/2286 2342/2282
f 2038/2279 2079/1891 2081/1890 2040/2287
f 2038/2279 2040/2287 2041/2288 2039/2283
f 2039/2283 2041/2288 2382/2289 2381/2284
f 2040/2287 2081/1890 2084/2290 2042/2291
f 2040/2287 2042/2291 2043/2292 2041/2288
f 2041/2288 2043/2292 2383/2293 2382/2289
f 2042/2291 2084/2290 2087/2294 2044/2295
f 2042/2291 2044/2295 2045/2296 2043/2292
f 2043/2292 2045/2296 2384/2297 2383/2293
f 2044/2295 2087/2294 2091/2298 2046/2299
f 2044/2295 2046/2299 2047/2300 2045/2296
f 2045/2296 2047/2300 2385/2301 2384/2297
f 2046/2299 2091/2298 2096/1718 2048/1713
f 2046/2299 2048/1713 2049/1712 2047/2300
f 2047/2300 2049/1712 2386/2302 2385/2301
f 2049/1712 2050/1711 2387/2303 2386/2302
f 2050/1711 2051/1715 2388/2304 2387/2303
f 2051/1715 2052/1720 2389/2305 2388/2304
f 2052/1720 2053/1723 2390/2306 2389/2305
f 2053/1723 2054/1726 2391/2307 2390/2306
f 2054/1726 2055/1729 2392/2308 2391/2307
f 2055/1729 2056/1732 2393/2309 2392/2308
f 2056/1732 2057/1735 2394/2310 2393/2309
f 2057/1735 2058/1738 2395/2311 2394/2310
f 2058/1738 2059/1741 2396/2312 2395/2311
f 2059/1741 2060/1744 2397/2313 2396/2312
f 2060/1744 2061/1747 2398/2314 2397/2313
f 2061/1747 2062/1750 2399/2315 2398/2314
f 2062/1750 2063/1753 2400/2316 2399/2315
f 2063/1753 2064/1756 2401/2317 2400/2316
f 2064/1756 2065/1759 2402/2318 2401/2317
f 2065/1759 2066/1762 2403/2319 2402/2318
f 2066/1762 2067/1765 2404/2320 2403/2319
f 2067/1765 2068/1768 2405/2321 2404/2320
f 2068/1768 2069/1771 2406/2322 2405/2321
f 2069/1771 2070/1774 2407/2323 2406/2322
f 2070/1774 2071/1777 2408/2324 2407/2323
f 2071/1777 2466/1689 2318/2325 2408/2324
f 2072/1822 2073/1790 2421/1427 2420/1424
f 2073/1790 2074/1789 2422/1430 2421/1427
f 2075/1709 2375/2326 2376/2327 2076/1818
f 2075/1709 2463/1617 2374/1616 2375/2326
f 2076/1818 2376/2327 2377/2328 2077/1819
f 2077/1819 2377/2328 2378/2329 2451/1820
f 2080/1889 2083/1898 2084/2290 2081/1890
f 2082/1897 2085/1909 2086/2330 2083/1898
f 2083/1898 2086/2330 2087/2294 2084/2290
f 2085/1909 2089/1916 2090/2331 2086/2330
f 2086/2330 2090/2331 2091/2298 2087/2294
f 2088/1915 2093/1923 2094/2332 2089/1916
f 2089/1916 2094/2332 2095/2333 2090/2331
f 2090/2331 2095/2333 2096/1718 2091/2298
f 2092/1922 2097/1930 2098/2334 2093/1923
f 2093/1923 2098/2334 2099/2335 2094/2332
f 2094/2332 2099/2335 2100/2336 2095/2333
f 2095/2333 2100/2336 2101/1716 2096/1718
f 2097/1930 2103/1938 2104/2337 2098/2334
f 2098/2334 2104/2337 2105/2338 2099/2335
f 2099/2335 2105/2338 2106/2339 2100/2336
f 2100/2336 2106/2339 2107/1717 2101/1716
f 2102/1937 2109/1946 2110/2340 2103/1938
f 2103/1938 2110/2340 2111/2341 2104/2337
f 2104/2337 2111/2341 2112/2342 2105/2338
f 2105/2338 2112/2342 2113/2343 2106/2339
f 2106/2339 2113/2343 2114/1721 2107/1717
f 2108/1945 2116/1957 2117/2344 2109/1946
f 2109/1946 2117/2344 2118/2345 2110/2340
f 2110/2340 2118/2345 2119/2346 2111/2341
f 2111/2341 2119/2346 2120/2347 2112/2342
f 2112/2342 2120/2347 2121/2348 2113/2343
f 2113/2343 2121/2348 2122/1724 2114/1721
f 2115/1956 2123/1966 2124/2349 2116/1957
f 2116/1957 2124/2349 2125/2350 2117/2344
f 2117/2344 2125/2350 2126/2351 2118/2345
f 2118/2345 2126/2351 2127/2352 2119/2346
f 2119/2346 2127/2352 2128/2353 2120/2347
f 2120/2347 2128/2353 2129/2354 2121/2348
f 2121/2348 2129/2354 2130/1727 2122/1724
f 2123/1966 2132/1976 2133/2355 2124/2349
f 2124/2349 2133/2355 2134/2356 2125/2350
f 2125/2350 2134/2356 2135/2357 2126/2351
f 2126/2351 2135/2357 2136/2358 2127/2352
f 2127/2352 2136/2358 2137/2359 2128/2353
f 2128/2353 2137/2359 2138/2360 2129/2354
f 2129/2354 2138/2360 2139/1730 2130/1727
f 2131/1975 2141/1986 2142/2361 2132/1976
f 2132/1976 2142/2361 2143/2362 2133/2355
f 2133/2355 2143/2362 2144/2363 2134/2356
f 2134/2356 2144/2363 2145/2364 2135/2357
f 2135/2357 2145/2364 2146/2365 2136/2358
f 2136/2358 2146/2365 2147/2366 2137/2359
f 2137/2359 2147/2366 2148/2367 2138/2360
f 2138/2360 2148/2367 2149/1733 2139/1730
f 2140/1985 2150/1996 2151/2368 2141/1986
f 2141/1986 2151/2368 2152/2369 2142/2361
f 2142/2361 2152/2369 2153/2370 2143/2362
f 2143/2362 2153/2370 2154/2371 2144/2363
f 2144/2363 2154/2371 2155/2372 2145/2364
f 2145/2364 2155/2372 2156/2373 2146/2365
f 2146/2365 2156/2373 2157/2374 2147/2366
f 2147/2366 2157/2374 2158/2375 2148/2367
f 2148/2367 2158/2375 2159/1736 2149/1733
f 2150/1996 2161/2007 2162/2376 2151/2368
f 2151/2368 2162/2376 2163/2377 2152/2369
f 2152/2369 2163/2377 2164/2378 2153/2370
f 2153/2370 2164/2378 2165/2379 2154/2371
f 2154/2371 2165/2379 2166/2380 2155/2372
f 2155/2372 2166/2380 2167/2381 2156/2373
f 2156/2373 2167/2381 2168/2382 2157/2374
f 2157/2374 2168/2382 2169/2383 2158/2375
f 2158/2375 2169/2383 2170/1739 2159/1736
f 2160/2006 2172/2016 2173/2384 2161/2007
f 2161/2007 2173/2384 2174/2385 2162/2376
f 2162/2376 2174/2385 2175/2386 2163/2377
f 2163/2377 2175/2386 2176/2387 2164/2378
f 2164/2378 2176/2387 2177/2388 2165/2379
f 2165/2379 2177/2388 2178/2389 2166/2380
f 2166/2380 2178/2389 2179/2390 2167/2381
f 2167/2381 2179/2390 2180/2391 2168/2382
f 2168/2382 2180/2391 2181/2392 2169/2383
f 2169/2383 2181/2392 2182/1742 2170/1739
f 2171/2015 2183/2023 2184/2393 2172/2016
f 2172/2016 2184/2393 2185/2394 2173/2384
f 2173/2384 2185/2394 2186/2395 2174/2385
f 2174/2385 2186/2395 2187/2396 2175/2386
f 2175/2386 2187/2396 2188/2397 2176/2387
f 2176/2387 2188/2397 2189/2398 2177/2388
f 2177/2388 2189/2398 2190/2399 2178/2389
f 2178/2389 2190/2399 2191/2400 2179/2390
f 2179/2390 2191/2400 2192/2401 2180/2391
f 2180/2391 2192/2401 2193/2402 2181/2392
f 2181/2392 2193/2402 2194/1745 2182/1742
f 2183/2023 2196/2030 2197/2403 2184/2393
f 2184/2393 2197/2403 2198/2404 2185/2394
f 2185/2394 2198/2404 2199/2405 2186/2395
f 2186/2395 2199/2405 2200/2406 2187/2396
f 2187/2396 2200/2406 2201/2407 2188/2397
f 2188/2397 2201/2407 2202/2408 2189/2398
f 2189/2398 2202/2408 2203/2409 2190/2399
f 2190/2399 2203/2409 2204/2410 2191/2400
f 2191/2400 2204/2410 2205/2411 2192/2401
f 2192/2401 2205/2411 2206/2412 2193/2402
f 2193/2402 2206/2412 2207/1748 2194/1745
f 2195/2029 2209/2035 2210/2413 2196/2030
f 2196/2030 2210/2413 2211/2414 2197/2403
f 2197/2403 2211/2414 2212/2415 2198/2404
f 2198/2404 2212/2415 2213/2416 2199/2405
f 2199/2405 2213/2416 2214/2417 2200/2406
f 2200/2406 2214/2417 2215/2418 2201/2407
f 2201/2407 2215/2418 2216/2419 2202/2408
f 2202/2408 2216/2419 2217/2420 2203/2409
f 2203/2409 2217/2420 2218/2421 2204/2410
f 2204/2410 2218/2421 2219/2422 2205/2411
f 2205/2411 2219/2422 2220/2423 2206/2412
f 2206/2412 2220/2423 2221/1751 2207/1748
f 2208/2034 2222/2037 2223/2105 2209/2035
f 2209/2035 2223/2105 2224/2424 2210/2413
f 2210/2413 2224/2424 2225/2425 2211/2414
f 2211/2414 2225/2425 2226/2426 2212/2415
f 2212/2415 2226/2426 2227/2427 2213/2416
f 2213/2416 2227/2427 2228/2428 2214/2417
f 2214/2417 2228/2428 2229/2429 2215/2418
f 2215/2418 2229/2429 2230/2430 2216/2419
f 2216/2419 2230/2430 2231/2431 2217/2420
f 2217/2420 2231/2431 2232/2432 2218/2421
f 2218/2421 2232/2432 2233/2433 2219/2422
f 2219/2422 2233/2433 2234/2434 2220/2423
f 2220/2423 2234/2434 2235/1754 2221/1751
f 2223/2105 2236/2104 2237/2110 2224/2424
f 2224/2424 2237/2110 2238/2112 2225/2425
f 2225/2425 2238/2112 2239/2435 2226/2426
f 2226/2426 2239/2435 2240/2436 2227/2427
f 2227/2427 2240/2436 2241/2437 2228/2428
f 2228/2428 2241/2437 2242/2438 2229/2429
f 2229/2429 2242/2438 2243/2439 2230/2430
f 2230/2430 2243/2439 2244/2440 2231/2431
f 2231/2431 2244/2440 2245/2441 2232/2432
f 2232/2432 2245/2441 2246/2442 2233/2433
f 2233/2433 2246/2442 2247/2443 2234/2434
f 2234/2434 2247/2443 2248/1757 2235/1754
f 2238/2112 2249/2111 2250/2115 2239/2435
f 2239/2435 2250/2115 2251/2444 2240/2436
f 2240/2436 2251/2444 2252/2445 2241/2437
f 2241/2437 2252/2445 2253/2446 2242/2438
f 2242/2438 2253/2446 2254/2447 2243/2439
f 2243/2439 2254/2447 2255/2448 2244/2440
f 2244/2440 2255/2448 2256/2449 2245/2441
f 2245/2441 2256/2449 2257/2450 2246/2442
f 2246/2442 2257/2450 2258/2451 2247/2443
f 2247/2443 2258/2451 2259/1760 2248/1757
f 2250/2115 2260/2114 2261/2118 2251/2444
f 2251/2444 2261/2118 2262/2120 2252/2445
f 2252/2445 2262/2120 2263/2452 2253/2446
f 2253/2446 2263/2452 2264/2453 2254/2447
f 2254/2447 2264/2453 2265/2454 2255/2448
f 2255/2448 2265/2454 2266/2455 2256/2449
f 2256/2449 2266/2455 2267/2456 2257/2450
f 2257/2450 2267/2456 2268/2457 2258/2451
f 2258/2451 2268/2457 2269/1763 2259/1760
f 2262/2120 2270/2119 2271/2122 2263/2452
f 2263/2452 2271/2122 2272/2458 2264/2453
f 2264/2453 2272/2458 2273/2459 2265/2454
f 2265/2454 2273/2459 2274/2460 2266/2455
f 2266/2455 2274/2460 2275/2461 2267/2456
f 2267/2456 2275/2461 2276/2462 2268/2457
f 2268/2457 2276/2462 2277/1766 2269/1763
f 2271/2122 2278/2121 2279/2123 2272/2458
f 2272/2458 2279/2123 2280/2125 2273/2459
f 2273/2459 2280/2125 2281/2463 2274/2460
f 2274/2460 2281/2463 2282/2464 2275/2461
f 2275/2461 2282/2464 2283/2465 2276/2462
f 2276/2462 2283/2465 2284/1769 2277/1766
f 2280/2125 2285/2124 2286/2126 2281/2463
f 2281/2463 2286/2126 2287/2466 2282/2464
f 2282/2464 2287/2466 2288/2467 2283/2465
f 2283/2465 2288/2467 2289/1772 2284/1769
f 2286/2126 2290/1662 2291/1664 2287/2466
f 2287/2466 2291/1664 2292/2127 2288/2467
f 2288/2467 2292/2127 2293/1775 2289/1772
f 2292/2127 2294/1676 2295/1678 2293/1775
f 2296/1778 2297/1817 2320/2468 2319/2469
f 2296/1778 2319/2469 2318/2325 2466/1689
f 2297/1817 2461/1816 2321/2470 2320/2468
f 2310/1559 2458/1796 2415/1782 2313/1557
f 2321/2470 2461/1816 2379/2471 2456/2472
f 2343/1830 2472/2473 2355/1530 2473/1529
f 2378/2329 2379/2471 2461/1816 2451/1820
