# This file uses centimeters as units for non-parametric coordinates.

v 2.995836 4.431946 -1.770944
v 1.830687 4.179054 -3.151455
v 0.029228 4.111512 -3.836192
v -2.038647 4.113195 -3.645642
v -3.656818 4.097584 -2.202455
v 2.776003 5.082966 -1.656366
v 1.610167 5.083125 -2.777172
v -0.009535 5.138496 -3.317297
v -1.633921 5.152286 -2.852869
v -2.869756 5.156650 -1.693156
v 2.466059 6.081446 -1.370879
v 1.373977 6.067841 -2.315267
v -0.032398 6.071872 -2.631154
v -1.387239 6.145868 -2.366678
v -2.500412 6.199390 -1.428957
v 1.596788 6.322410 -0.642033
v 0.871652 6.490842 -1.143797
v 0.002864 6.742574 -1.463461
v -1.012071 6.803400 -1.318066
v -1.730983 6.770559 -0.803067
v 3.281801 1.213721 -1.928485
v -3.481711 1.319989 -2.003757
v -1.942886 1.278340 -3.424182
v 0.186867 1.228680 -3.792567
v 1.919602 1.216733 -3.343628
v 4.414299 0.600151 -2.582838
v 2.632260 0.601213 -4.473634
v 2.664572 1.190922 -4.615528
v 4.487506 1.198547 -2.635515
v 1.010622 0.622898 -5.029366
v 0.846370 1.130344 -5.176808
v 3.006563 2.448109 -1.760406
v -3.676072 2.708492 -2.206844
v -2.090161 2.675517 -3.744556
v 0.197783 2.501086 -3.949778
v 1.907363 2.706131 -3.100524
v 2.304010 1.178901 -1.350831
v 2.357501 1.693596 -1.377845
v 0.579855 1.353052 -2.841175
v 1.394976 1.199475 -2.330984
v 0.624891 1.761591 -2.861954
v 1.438346 1.715765 -2.382716
v 3.613335 2.840525 -2.084160
v 3.599313 3.945737 -2.055004
v 2.612261 2.967072 -3.330523
v 2.637796 3.836379 -3.259291
v 2.867501 1.446122 -3.319213
v 3.257955 1.444520 -2.930369
v 3.607111 1.446521 -3.209491
v 3.154942 1.444252 -3.672915
v 0.957404 1.446878 -4.315594
v 1.459248 1.444420 -4.168088
v 1.660457 1.444350 -4.570290
v 1.118879 1.446341 -4.755275
v 4.113774 1.446125 -1.411214
v 4.257102 1.445677 -0.882465
v 4.696704 1.445958 -0.949063
v 4.522701 1.446035 -1.572806
v 3.647866 2.455231 -1.251819
v 3.767461 2.441853 -0.782031
v 3.824055 2.493566 -1.314261
v 3.958277 2.492155 -0.813152
v 2.584463 2.469188 -2.926873
v 2.907754 2.459894 -2.575328
v 2.753537 2.512868 -3.041848
v 3.069574 2.495500 -2.687348
v 2.266930 4.486266 -1.840313
v 1.813128 4.475955 -2.305373
v 1.746785 4.773987 -2.237182
v 2.207448 4.780010 -1.779986
v 1.891756 1.184140 -1.903529
v 1.937462 1.694738 -1.942440
v 2.474205 0.303184 -3.925421
v 3.990173 0.294374 -2.255285
v 3.048359 1.468515 -3.111065
v 3.456702 1.468236 -3.047701
v 3.408754 1.465862 -3.470136
v 2.984563 1.468615 -3.520439
v 0.942102 0.461722 -4.547073
v 0.426543 1.105842 -4.666197
v 1.199144 1.469277 -4.222734
v 1.592535 1.464809 -4.356135
v 1.400594 1.465922 -4.699246
v 1.004976 1.469786 -4.545010
v 4.167265 1.470844 -1.142614
v 4.484787 1.467028 -0.883440
v 4.650952 1.467266 -1.272534
v 4.311414 1.466490 -1.527472
v 4.008410 2.942642 -1.100926
v 3.657961 3.474170 -2.116419
v 3.970375 3.925077 -1.088315
v -3.494169 3.401904 -2.140148
v -2.098464 3.400009 -3.739361
v 0.067275 3.407625 -3.985655
v 1.002535 2.721545 -3.514599
v 1.722859 3.464340 -3.436994
v 3.078589 2.947437 -2.912731
v 2.540471 3.479794 -3.420385
v 3.076049 3.913040 -2.833310
v 3.458271 1.194377 -0.951075
v 2.660171 1.093003 -1.561943
v 3.214405 2.345308 -0.892219
v 2.610031 2.076577 -1.530328
v 0.983153 1.203579 -3.507793
v 0.443105 1.320687 -3.176438
v 1.587248 1.108557 -2.708596
v 0.495794 2.022330 -3.196314
v 1.603502 2.153665 -2.669077
v 2.546757 1.203177 -2.589446
v 2.424179 2.440445 -2.427933
v 3.708857 2.425150 -1.016342
v 3.727558 2.448698 -1.312870
v 3.914590 2.482278 -1.070091
v 3.873510 2.440287 -0.771890
v 3.344367 4.245804 -1.923177
v 2.738735 2.444748 -2.746766
v 2.652917 2.468327 -3.022866
v 2.923418 2.493260 -2.881971
v 3.010015 2.447740 -2.614413
v 2.371032 3.975227 -3.267861
v 2.278671 2.937286 -3.365231
v 2.483286 4.291119 -2.480475
v 3.264502 1.351159 -2.633170
v 2.578987 1.352157 -3.326613
v 3.956987 1.277415 -2.321963
v 3.894178 1.353923 -3.092493
v 3.052928 1.349844 -3.977218
v 2.313752 1.277120 -4.045126
v 1.581361 1.351821 -3.924973
v 0.701270 1.351209 -4.174293
v 1.949249 1.352387 -4.628027
v 0.984426 1.346989 -4.954551
v 4.115589 1.352950 -0.630200
v 3.863674 1.351821 -1.561801
v 4.893838 1.354736 -0.711459
v 4.550188 1.356260 -1.874533
v 3.469895 2.505988 -1.392691
v 3.659181 2.462191 -0.571969
v 3.347357 2.591709 -1.948001
v 3.794906 2.611906 -1.529604
v 4.030173 2.612897 -0.605710
v 2.402080 2.558548 -2.985522
v 2.930564 2.512792 -2.349253
v 2.708637 2.656600 -3.169474
v 3.236130 2.614419 -2.536395
v 1.857977 4.404991 -2.586095
v 2.556975 4.447135 -1.851692
v 1.752820 4.875804 -2.450457
v 2.451871 4.887727 -1.778241
v -2.444168 -0.236088 -0.313263
v 2.342530 -0.291210 -0.296993
v -1.419701 -0.018857 -0.639297
v 0.040679 0.006727 -0.758274
v 1.465311 -0.032115 -0.654088
v 3.616033 0.600331 -3.651420
v 2.736717 0.898855 -4.690977
v 3.721705 1.155250 -3.783681
v 4.605141 0.900008 -2.705867
v 1.624327 0.605258 -4.971904
v 0.829694 0.849533 -5.230651
v 1.631789 1.150099 -5.148200
v -1.856938 0.683913 -3.143357
v -0.911250 1.265448 -3.570586
v 0.080401 0.612612 -3.891872
v -3.233826 0.759816 -1.796664
v -2.714999 1.327021 -2.721307
v -4.002360 1.302918 -1.068547
v 4.918577 0.600576 -1.344801
v 5.062748 1.167744 -1.382625
v 2.006132 4.449777 -2.049637
v 1.694268 4.620762 -2.283633
v 1.936016 4.801334 -1.973931
v 2.245160 4.624353 -1.731668
v 1.039181 4.133415 -3.826912
v 0.008042 4.673803 -3.612410
v 0.837178 5.128288 -3.203310
v 1.525458 4.658112 -3.050867
v -0.994358 4.088367 -3.661192
v -1.883571 4.715607 -3.316800
v -0.846850 5.137125 -3.151997
v -2.995683 4.120351 -3.102904
v -3.431884 4.749688 -2.036119
v -2.331093 5.159949 -2.369158
v -4.018109 4.096436 -1.137280
v -3.188749 5.146620 -0.888319
v 3.444349 4.486298 -0.933836
v 2.999692 4.704979 -1.528523
v 3.135281 5.116033 -0.862634
v 2.213150 5.186171 -2.243571
v 1.520236 5.589619 -2.627569
v 1.972824 6.067150 -1.909635
v 2.776866 5.629179 -1.612696
v -0.036643 5.602839 -3.071796
v 0.679906 6.053325 -2.555208
v -1.476652 5.620767 -2.554638
v -0.693060 6.058365 -2.468068
v -2.595446 5.644196 -1.532404
v -2.062783 6.221294 -2.080813
v -2.562567 6.157153 -0.727083
v 2.746437 6.121369 -0.736252
v 1.125939 6.353875 -1.745563
v 1.241896 6.365500 -0.905717
v 2.004559 6.288729 -1.020491
v -0.021106 6.412378 -2.019711
v 0.443500 6.613377 -1.318016
v -1.208433 6.607384 -1.982300
v -0.508401 6.824967 -1.481126
v -2.191994 6.642978 -1.152741
v -1.396937 6.695325 -1.105260
v -1.972411 6.908607 -0.477672
v 1.844659 6.401183 -0.381822
v 0.822048 6.718380 -0.618714
v 1.296002 6.389170 -0.322554
v -0.014938 6.958720 -0.802205
v -0.766421 6.717085 -0.711279
v -1.399011 6.628116 -0.429396
v 2.608584 1.138627 -0.701828
v 2.243995 1.375187 -1.311488
v 2.695556 1.673649 -0.714479
v -4.169910 2.723532 -1.172805
v -3.634692 1.986916 -2.143186
v -2.953763 2.688653 -3.052825
v -2.013127 1.953922 -3.583784
v -0.997086 2.665171 -3.799447
v -0.111815 1.845574 -3.576294
v 0.892273 1.259354 -2.615880
v 0.557809 1.550483 -2.815246
v 0.950151 1.755996 -2.677023
v 1.362687 1.383146 -2.261666
v 3.770607 0.896911 -3.828853
v 1.662443 0.891727 -5.211179
v -0.921998 0.677757 -3.505091
v -2.609140 0.749567 -2.532579
v -3.645298 0.711627 -0.949610
v 5.137752 0.898799 -1.409164
v 1.902271 4.613061 -1.956168
v 0.930716 4.687314 -3.550920
v -0.937207 4.663073 -3.448149
v -2.775958 4.755971 -2.838148
v -3.818247 4.743497 -1.059444
v 3.307337 4.736304 -0.875119
v 2.227846 5.619893 -2.242532
v 0.746941 5.569106 -2.891482
v -0.761150 5.590224 -2.829518
v -2.128297 5.646030 -2.155518
v -2.778076 5.618892 -0.791598
v 2.996201 5.625898 -0.832675
v 1.593600 6.275401 -1.414072
v 0.563780 6.394330 -1.939105
v -0.593448 6.501856 -2.071312
v -1.761859 6.629435 -1.655728
v -2.435091 6.682782 -0.618862
v 2.307339 6.390670 -0.595547
v 1.064546 6.545610 -0.461668
v 0.448551 6.875219 -0.750293
v -0.462991 6.887195 -0.756839
v -1.104190 6.548079 -0.601708
v -1.633772 6.802512 -0.255847
v 1.521153 6.337740 -0.196845
v 2.562384 1.347626 -0.680551
v -4.124734 1.990850 -1.143027
v -2.824838 1.987020 -2.879895
v -0.976394 1.943875 -3.602726
v 0.908905 1.466724 -2.554310
v 1.842113 1.373107 -1.846728
v 3.307566 0.295823 -3.198546
v 3.228529 1.509891 -3.293199
v 1.636389 0.339163 -4.381932
v 0.486557 0.745061 -4.648705
v 1.300885 1.508421 -4.455851
v 4.429855 0.296465 -1.172910
v 4.407224 1.508059 -1.204705
v 4.037416 3.446483 -1.114389
v -3.888102 3.410375 -1.118479
v -2.977946 3.399850 -3.102581
v -1.013086 3.405865 -3.772549
v 1.034231 3.445491 -3.923977
v 3.084594 3.481310 -2.942033
v 2.964666 1.080809 -0.810120
v 2.931491 2.057672 -0.795433
v 0.931525 1.152545 -3.009832
v 0.291556 1.681363 -3.160845
v 0.988466 2.160432 -2.994042
v 2.174330 1.101892 -2.197191
v 2.149225 2.092791 -2.161712
v 3.823800 2.412539 -1.048240
v 3.709716 4.269613 -1.012375
v 2.839214 2.423880 -2.827857
v 2.190374 3.483798 -3.465815
v 2.863335 4.169561 -2.702673
v 2.837063 1.353311 -2.892681
v 3.684939 1.362227 -2.755775
v 3.571380 1.350534 -3.634594
v 2.698996 1.358661 -3.771350
v 1.087227 1.351333 -3.927995
v 1.897500 1.361791 -4.242038
v 1.502630 1.353574 -4.924837
v 0.690188 1.343961 -4.623850
v 3.866998 1.351575 -1.060883
v 4.539046 1.365131 -0.531622
v 4.857735 1.359472 -1.329796
v 4.181187 1.360160 -1.878741
v 3.512909 2.447141 -0.967516
v 3.590827 2.540979 -1.570265
v 3.983260 2.643336 -1.087512
v 3.887997 2.534498 -0.469292
v 2.626084 2.515787 -2.642741
v 2.496398 2.623184 -3.196013
v 3.008900 2.656260 -2.905412
v 3.149940 2.540777 -2.359603
v 2.211733 4.355827 -2.240041
v 1.666641 4.641433 -2.621029
v 2.090767 4.971153 -2.112333
v 2.628963 4.655706 -1.683684
v -1.997137 -0.169438 -0.485685
v -0.713207 0.011903 -0.718914
v 0.789349 0.004131 -0.749397
v 1.994686 -0.200762 -0.498118
v -3.434593 0.341131 -0.835891
v -2.902928 0.095600 -1.321710
v -2.540567 0.318957 -2.305778
v -1.825019 0.254793 -2.881145
v -0.944329 0.226236 -3.236877
v -0.068381 0.191628 -3.441442
v 0.801926 0.233093 -3.931207
v 1.578133 0.093611 -3.854865
v 2.334938 0.026670 -3.465121
v 3.072671 0.025074 -2.819432
v 3.668438 0.024477 -1.978890
v 4.055691 0.016777 -1.036915
v 2.796459 -0.275755 -1.199660
v 2.589945 -0.341601 -0.925524
v 2.433933 -0.366424 -0.618243
v 2.359515 -0.159539 -1.728789
v 2.175734 -0.139214 -1.344998
v 2.047797 -0.181328 -0.932206
v 1.758868 -0.237392 -2.149507
v 1.603064 -0.104439 -1.682884
v 1.508712 -0.050833 -1.196447
v 1.051219 -0.206853 -2.501613
v 0.902331 -0.107417 -1.933388
v 0.829307 -0.040139 -1.369449
v 0.192998 -0.076673 -2.871265
v 0.105164 -0.087389 -2.093281
v 0.063665 -0.034899 -1.427030
v -0.810930 -0.021935 -2.666683
v -0.744902 -0.073916 -1.998555
v -0.722712 -0.027642 -1.372615
v -1.669071 0.004528 -2.355654
v -1.529447 -0.058227 -1.762468
v -1.462968 -0.032937 -1.221266
v -2.378083 0.053629 -1.905661
v -2.188889 -0.043692 -1.413042
v -2.076228 -0.093323 -0.957867
v -2.702875 -0.052073 -0.972219
v -2.551696 -0.171840 -0.633334
v -3.250246 0.092343 -0.681541
v -3.051706 -0.054469 -0.488458
v -2.865926 -0.143806 -0.308048
v 3.070358 -0.342507 -0.624864
v 2.863844 -0.372438 -0.480053
v 2.701292 -0.345226 -0.294273
v -3.078276 0.354572 -1.597123
v 1.020724 -0.008594 -3.578188
v 1.517211 -0.142387 -3.401181
v 2.175320 -0.228833 -3.017054
v 2.828730 -0.139845 -2.443846
v 3.340645 -0.132385 -1.706448
v 3.658127 -0.176245 -0.891346
v -4.068618 4.092623 -0.049076
v 3.572536 4.490002 -0.058825
v -3.309750 5.154284 -0.033349
v 3.228960 5.110418 -0.061548
v -2.606270 6.160685 -0.017428
v 2.860702 6.114961 -0.038877
v -2.075746 6.962511 -0.040189
v 1.943754 6.461683 -0.045646
v 3.811295 1.220220 -0.059134
v -4.208992 1.270096 -0.044982
v 5.088375 0.600277 -0.059924
v 5.225961 1.198201 -0.059924
v 3.443748 2.383833 -0.050560
v -4.208201 2.711960 -0.048752
v 2.947863 1.067490 -0.020388
v 3.188292 1.533130 0.007430
v 4.084908 2.838806 -0.051137
v 4.092879 3.898739 -0.045933
v -1.393616 -0.013061 -0.059548
v 2.278838 -0.185505 -0.037565
v -2.449558 -0.219767 -0.056613
v 0.029665 0.015777 -0.059924
v 1.457689 -0.009583 -0.057282
v -3.838541 0.669433 -0.051891
v 5.318135 0.900083 -0.059924
v -3.907081 4.731762 -0.043664
v 3.420296 4.733197 -0.059924
v -2.852139 5.633379 -0.020891
v 3.002274 5.578994 -0.066355
v -2.494806 6.690517 -0.036698
v 2.459771 6.446927 -0.038063
v -1.774552 6.883223 -0.064224
v 1.633058 6.367874 -0.049064
v 2.992782 1.225691 -0.002312
v -4.210278 1.984568 -0.045822
v 4.578979 0.294627 -0.060075
v 4.157839 3.416290 -0.048004
v -3.942376 3.413046 -0.062867
v 3.206663 1.053322 -0.044477
v 3.249350 1.973485 -0.021669
v 3.841222 4.257788 -0.051418
v 4.566907 1.287333 -0.059924
v 3.848335 2.581560 -0.047389
v 2.569733 -0.212741 -0.034178
v -1.965939 -0.153687 -0.057524
v -0.710217 0.017204 -0.059916
v 0.777173 0.015288 -0.059785
v 1.982834 -0.125172 -0.046024
v -3.574777 0.327175 -0.058870
v 4.193640 0.020544 -0.060641
v -3.380377 0.087831 -0.059879
v -2.932046 -0.116150 -0.058538
v 2.989810 -0.197058 -0.046737
v 3.209344 -0.191453 -0.050660
v 2.841073 -0.206321 -0.042250
v -3.164880 -0.046361 -0.059558
v 3.776452 -0.136098 -0.058177
v 2.995908 4.431801 1.651244
v 1.834317 4.196975 3.021649
v 0.034482 4.061950 3.876110
v -2.067082 4.125255 3.628868
v -3.507776 4.100119 2.057728
v 2.748189 5.065929 1.520762
v 1.620142 5.054957 2.649883
v -0.019516 5.152239 3.247247
v -1.824940 5.325417 3.104450
v -3.044396 5.257199 1.761565
v 2.171522 5.887821 1.129910
v 1.501566 6.245522 2.368586
v 0.015780 6.143160 2.596970
v -1.412391 6.256475 2.261735
v -2.640808 6.429413 1.459865
v 1.475390 6.422920 0.615972
v 1.145055 6.927063 1.222952
v 0.123158 6.665098 1.331693
v -0.910377 6.550532 1.170670
v -1.709486 6.776946 0.672369
v 3.283223 1.213332 1.808832
v -3.680268 1.252671 2.042077
v -2.035756 1.255568 3.510266
v 0.169025 1.221520 3.715126
v 1.919602 1.216733 3.223781
v 4.414299 0.600151 2.462990
v 2.631636 0.600996 4.353941
v 2.664572 1.190922 4.495680
v 4.487506 1.198547 2.515669
v 0.990232 0.612456 4.926769
v 0.844522 1.130481 5.058094
v 2.983854 2.416674 1.626665
v -3.487869 2.694703 2.060990
v -2.079733 2.692929 3.704040
v 0.241093 2.460992 3.865032
v 1.914475 2.701603 2.989233
v 2.355629 1.165658 1.238248
v 2.452850 1.659016 1.271748
v 0.579866 1.353046 2.721344
v 1.394976 1.199475 2.211136
v 0.630626 1.759516 2.750990
v 1.438381 1.715752 2.262937
v 3.621040 2.843047 1.966876
v 3.598757 3.944725 1.937069
v 2.612261 2.967072 3.210677
v 2.637796 3.836379 3.139442
v 2.867501 1.446122 3.199365
v 3.257955 1.444520 2.810519
v 3.607111 1.446521 3.089643
v 3.154942 1.444252 3.553068
v 0.957404 1.446878 4.195746
v 1.459248 1.444420 4.048239
v 1.660457 1.444350 4.450441
v 1.118879 1.446341 4.635426
v 4.113774 1.446125 1.291365
v 4.257102 1.445677 0.762617
v 4.696704 1.445958 0.829214
v 4.522701 1.446035 1.452953
v 3.639483 2.451714 1.127876
v 3.765317 2.445060 0.666088
v 3.824055 2.493566 1.194412
v 3.957409 2.491851 0.694336
v 2.584463 2.469188 2.807026
v 2.907754 2.459894 2.455480
v 2.753537 2.512868 2.921999
v 3.069574 2.495500 2.567500
v 2.266930 4.486266 1.720464
v 1.813128 4.475955 2.185527
v 1.746422 4.773600 2.117004
v 2.206580 4.779134 1.659430
v 1.892202 1.184039 1.783738
v 1.939681 1.693724 1.822887
v 2.471789 0.302695 3.804729
v 3.994916 0.295877 2.136388
v 3.048359 1.468515 2.991219
v 3.456702 1.468236 2.927851
v 3.408754 1.465862 3.350287
v 2.984563 1.468615 3.400592
v 0.861953 0.420503 4.495180
v 0.412318 1.105695 4.558149
v 1.199144 1.469277 4.102887
v 1.592535 1.464809 4.236289
v 1.400594 1.465922 4.579395
v 1.004976 1.469786 4.425161
v 4.167264 1.470844 1.022763
v 4.484787 1.467028 0.763591
v 4.650952 1.467266 1.152685
v 4.311414 1.466490 1.407622
v 4.011331 2.945302 0.995667
v 3.659469 3.474998 1.998946
v 3.967038 3.918994 0.983977
v -3.278893 3.426127 1.962059
v -2.089390 3.432276 3.731757
v 0.105758 3.332295 3.996271
v 1.109751 2.659612 3.511868
v 1.729851 3.456510 3.313586
v 3.079591 2.947747 2.793102
v 2.540471 3.479794 3.300537
v 3.076049 3.913040 2.713461
v 3.477453 1.189138 0.834287
v 2.683540 1.087015 1.445282
v 3.290398 2.295817 0.789131
v 2.657692 2.043241 1.416224
v 0.981753 1.202908 3.391808
v 0.441979 1.319591 3.061090
v 1.587248 1.108557 2.588749
v 0.522252 2.010721 3.105204
v 1.606268 2.152122 2.552978
v 2.546757 1.203177 2.469597
v 2.417969 2.432547 2.302374
v 3.706371 2.426506 0.896393
v 3.726817 2.448328 1.192636
v 3.914590 2.482278 0.950243
v 3.870511 2.439548 0.655803
v 3.344910 4.244286 1.804959
v 2.738735 2.444748 2.626919
v 2.652917 2.468327 2.903018
v 2.923419 2.493260 2.762123
v 3.010015 2.447740 2.494566
v 2.371387 3.977846 3.147110
v 2.278585 2.937301 3.245367
v 2.483728 4.293722 2.359739
v 3.264502 1.351159 2.513323
v 2.578987 1.352157 3.206765
v 3.956987 1.277415 2.202114
v 3.894178 1.353923 2.972646
v 3.052928 1.349844 3.857372
v 2.313752 1.277120 3.925276
v 1.581361 1.351821 3.805123
v 0.699870 1.350537 4.058308
v 1.949249 1.352387 4.508180
v 0.984426 1.346989 4.834704
v 4.115651 1.352925 0.510362
v 3.863738 1.351798 1.441958
v 4.893838 1.354736 0.591610
v 4.550188 1.356260 1.754686
v 3.439319 2.489826 1.257477
v 3.653151 2.472214 0.467314
v 3.344132 2.588168 1.826174
v 3.795944 2.612265 1.410269
v 4.027283 2.611916 0.491785
v 2.402006 2.558428 2.865568
v 2.927004 2.509196 2.227485
v 2.708637 2.656600 3.049625
v 3.237132 2.614729 2.416767
v 1.858570 4.407746 2.465087
v 2.556975 4.447135 1.731845
v 1.753626 4.871422 2.328865
v 2.448335 4.884130 1.655482
v -2.447389 -0.143028 0.199207
v 2.387440 -0.089091 0.228786
v -1.420333 -0.000550 0.519979
v 0.040679 0.006727 0.638423
v 1.471533 0.004016 0.545015
v 3.616033 0.600331 3.531573
v 2.736717 0.898855 4.571130
v 3.721705 1.155250 3.663834
v 4.605141 0.900008 2.586018
v 1.619077 0.602988 4.854405
v 0.817114 0.849387 5.118998
v 1.631789 1.150099 5.028351
v -1.953613 0.651221 3.214052
v -0.980018 1.253943 3.621889
v -0.014968 0.594521 3.837930
v -3.279351 0.702543 1.730702
v -2.934663 1.262980 2.904379
v -4.104312 1.250427 1.012773
v 4.918577 0.600576 1.224951
v 5.062748 1.167744 1.262776
v 2.006132 4.449777 1.929789
v 1.694268 4.620762 2.163786
v 1.934739 4.799977 1.852931
v 2.245109 4.624302 1.611780
v 1.041991 4.099400 3.696831
v -0.021969 4.670672 3.641429
v 0.840711 5.118746 3.089500
v 1.530790 4.659567 2.919497
v -0.994092 4.070514 3.687422
v -1.961948 4.755321 3.370692
v -0.901499 5.206191 3.133732
v -2.897178 4.124725 2.952636
v -3.475729 4.749190 2.017617
v -2.598870 5.343796 2.578406
v -3.880219 4.079486 1.029890
v -3.227498 5.179845 0.858922
v 3.445019 4.484930 0.815671
v 2.999389 4.704687 1.408457
v 3.111626 5.098264 0.734410
v 2.172306 5.146989 2.083908
v 1.491459 5.553561 2.487485
v 1.865459 6.049706 1.766448
v 2.511052 5.477084 1.356516
v -0.007487 5.593141 2.858339
v 0.766799 6.201585 2.565822
v -1.643646 5.823335 2.722430
v -0.715243 6.201205 2.534249
v -2.838397 5.879404 1.629713
v -2.091203 6.390255 2.011215
v -2.729648 6.276889 0.682093
v 2.570964 5.976175 0.555827
v 1.369852 6.710672 1.904221
v 1.366496 6.718080 0.940120
v 1.849037 6.243404 0.903519
v 0.062446 6.537824 2.034770
v 0.552796 6.864991 1.374389
v -1.156255 6.573514 1.780283
v -0.373365 6.549462 1.285448
v -2.184835 6.804024 1.137754
v -1.353843 6.669187 0.964540
v -1.961853 6.889285 0.338013
v 1.786103 6.368119 0.259532
v 0.978719 6.989094 0.548124
v 1.294001 6.519106 0.291425
v 0.090070 6.800051 0.613663
v -0.705720 6.473240 0.527895
v -1.375889 6.561004 0.281782
v 2.902696 1.062676 0.634356
v 2.325263 1.351192 1.203325
v 3.189945 1.501547 0.685247
v -3.873737 2.688225 1.005641
v -3.788672 1.978594 2.159515
v -2.982887 2.726856 3.042189
v -2.083195 1.956895 3.605904
v -1.013608 2.605517 4.118503
v -0.109732 1.818593 3.539694
v 0.892273 1.259354 2.496032
v 0.558372 1.550280 2.696273
v 0.950895 1.755717 2.558398
v 1.362687 1.383146 2.141820
v 3.770607 0.896911 3.709006
v 1.662443 0.891727 5.091330
v -0.984054 0.658031 3.436606
v -2.713455 0.681464 2.576995
v -3.724228 0.655065 0.871766
v 5.137752 0.898799 1.289315
v 1.902269 4.613059 1.836319
v 0.910697 4.664349 3.447458
v -0.970038 4.690990 3.424875
v -2.848713 4.777417 2.843269
v -3.775065 4.717999 1.006290
v 3.307292 4.736264 0.755241
v 2.055903 5.506440 1.975425
v 0.775281 5.591160 2.770550
v -0.820310 5.681655 2.795136
v -2.417340 5.926829 2.373775
v -2.875763 5.701343 0.769153
v 2.831517 5.500645 0.655806
v 1.670956 6.485148 1.409897
v 0.691569 6.613170 2.035284
v -0.548006 6.556281 1.982552
v -1.704445 6.707519 1.546855
v -2.435923 6.748242 0.545168
v 2.237257 6.322724 0.435677
v 1.193815 6.789685 0.434208
v 0.470931 6.995329 0.640677
v -0.261650 6.588413 0.566364
v -1.108070 6.481182 0.444715
v -1.615590 6.738755 0.109349
v 1.468218 6.362042 0.115683
v 2.995980 1.219058 0.639087
v -4.136942 1.978916 1.054360
v -3.054971 1.984172 3.048218
v -1.039416 1.892045 3.868599
v 0.908905 1.466725 2.434464
v 1.843657 1.372667 1.727092
v 3.310607 0.296861 3.077390
v 3.228529 1.509891 3.173352
v 1.600738 0.322408 4.278989
v 0.398855 0.741421 4.586935
v 1.300885 1.508421 4.336002
v 4.434087 0.297721 1.052371
v 4.407224 1.508059 1.084858
v 4.040624 3.449628 1.010751
v -3.681966 3.409016 0.963611
v -2.768826 3.441582 2.892587
v -1.028710 3.380255 4.040570
v 1.096874 3.369924 3.803490
v 3.084760 3.481362 2.822220
v 3.103396 1.045171 0.713307
v 3.237556 1.918650 0.736092
v 0.931292 1.152433 2.890626
v 0.296858 1.677089 3.049517
v 1.009394 2.150252 2.901363
v 2.174372 1.101883 2.077347
v 2.148217 2.090362 2.040777
v 3.823800 2.412539 0.928390
v 3.712974 4.260506 0.904605
v 2.839214 2.423880 2.708008
v 2.189934 3.484328 3.345717
v 2.863409 4.169995 2.582678
v 2.837063 1.353311 2.772834
v 3.684939 1.362227 2.635929
v 3.571380 1.350534 3.514746
v 2.698996 1.358661 3.651500
v 1.086993 1.351220 3.808790
v 1.897500 1.361791 4.122190
v 1.502630 1.353574 4.804988
v 0.689954 1.343850 4.504646
v 3.867382 1.351431 0.941088
v 4.539046 1.365131 0.411771
v 4.857735 1.359472 1.209948
v 4.181187 1.360160 1.758895
v 3.504619 2.449864 0.848575
v 3.585976 2.538232 1.447843
v 3.983649 2.643678 0.969757
v 3.869991 2.530067 0.374937
v 2.625061 2.514499 2.521946
v 2.496398 2.623184 3.076164
v 3.009067 2.656311 2.785601
v 3.149526 2.540249 2.239491
v 2.211804 4.356262 2.120046
v 1.668010 4.642327 2.499415
v 2.080852 4.959712 1.983158
v 2.628650 4.655403 1.563601
v -2.000763 -0.064680 0.369465
v -0.713224 0.012370 0.599073
v 0.789981 0.006123 0.630647
v 2.016992 -0.024162 0.411264
v -3.447959 0.331443 0.722064
v -2.902646 0.099136 1.202206
v -2.548635 0.299106 2.209836
v -1.840063 0.248704 2.792895
v -0.967590 0.225526 3.149594
v -0.122119 0.187322 3.364307
v 0.714100 0.187973 3.885330
v 1.545662 0.081346 3.756836
v 2.344206 0.048345 3.334299
v 3.093852 0.035050 2.690600
v 3.702723 0.035203 1.865897
v 4.085724 0.030456 0.914215
v 2.908852 -0.115522 1.138399
v 2.694908 -0.071943 0.879773
v 2.524396 -0.040688 0.565275
v 2.455335 -0.131890 1.695119
v 2.284740 -0.089019 1.351824
v 2.113419 -0.031097 0.882940
v 1.824921 -0.138979 2.143433
v 1.672836 -0.101424 1.702128
v 1.541133 -0.035554 1.133865
v 1.080043 -0.138982 2.483812
v 0.928164 -0.108414 1.903027
v 0.835618 -0.041693 1.267230
v 0.182066 -0.059222 2.751515
v 0.107053 -0.085865 1.983413
v 0.064055 -0.035101 1.308824
v -0.814349 -0.019776 2.549636
v -0.745065 -0.073620 1.878389
v -0.722713 -0.027565 1.252769
v -1.669215 0.004329 2.236545
v -1.529477 -0.057353 1.642632
v -1.463251 -0.024782 1.101563
v -2.377336 0.052507 1.786388
v -2.189287 -0.032191 1.293375
v -2.078453 -0.029059 0.839279
v -2.704368 -0.008908 0.853119
v -2.555993 -0.047624 0.516484
v -3.250863 0.097372 0.561876
v -3.052914 -0.019568 0.369452
v -2.868244 -0.076763 0.191037
v 3.160772 -0.113493 0.539220
v 2.928185 -0.082148 0.399377
v 2.748526 -0.097259 0.220778
v -3.078642 0.341888 1.484189
v 0.967091 -0.014212 3.493737
v 1.499323 -0.071866 3.306867
v 2.191961 -0.100339 2.897126
v 2.854797 -0.112013 2.316846
v 3.390031 -0.112717 1.597417
v 3.698208 -0.118353 0.781656
v -1.447116 6.644957 -0.074736
v -1.223200 6.494577 -0.074990
v -0.977822 6.435561 -0.097197
v -0.610822 6.543032 -0.137922
v -0.313080 6.737215 -0.118680
v -0.012581 6.933502 -0.082587
v 0.424864 7.017333 -0.076117
v 0.899326 6.915467 -0.088269
v 1.099866 6.733701 -0.042929
v 1.225240 6.505376 -0.022182
v 1.357310 6.375138 -0.029745
v -2.687652 -0.138169 0.120285
v -2.707714 -0.187611 -0.057272
v -2.685215 -0.208584 -0.235117
v 0.467301 0.105735 -3.585876
v 0.741392 -0.075759 -3.311966
v 1.319017 -0.268638 -2.974633
v 1.972247 -0.325332 -2.591296
v 2.585450 -0.178327 -2.088164
v 3.050759 -0.207291 -1.453220
v 3.320859 -0.288621 -0.753850
v 3.448695 -0.180364 -0.054089
v 3.386409 -0.135201 0.658152
v 3.129583 -0.138444 1.360068
v 2.633276 -0.146190 1.984398
v 2.007086 -0.141154 2.509407
v 1.321861 -0.126032 2.911134
v 0.705326 -0.059542 3.206770
v 0.402454 0.088174 3.505919
v 4.547322 0.751600 2.552320
v 4.219971 0.898380 3.175255
v 3.719178 0.751600 3.656407
v 4.045857 0.600164 3.023918
v 3.270065 0.897812 4.177075
v 2.698809 0.751600 4.505658
v 3.139557 0.600572 3.977525
v 3.766274 1.032477 3.706541
v 3.254172 1.160435 4.100831
v 2.729179 1.040259 4.571209
v 4.585450 1.044871 2.573758
v 4.123630 1.164116 3.157576
v 2.188940 0.897812 4.882837
v 1.642528 0.748810 5.018129
v 2.107469 0.601723 4.652984
v 1.192925 0.877650 5.175752
v 0.878131 0.711220 5.043054
v 1.218479 0.605029 4.937962
v 1.660488 1.026180 5.089216
v 1.200658 1.141371 5.108355
v 0.810123 0.992916 5.118401
v 2.112547 1.160977 4.833446
v -0.975823 0.943694 3.529078
v -1.520282 1.256683 3.602012
v -1.998066 0.933556 3.384552
v -1.482022 0.655063 3.345112
v -0.026935 0.914083 3.849164
v -0.437313 1.238174 3.656735
v -0.496385 0.643857 3.589413
v -2.825327 0.949103 2.755020
v -3.336892 1.258923 2.497687
v -3.481783 0.951895 1.892908
v -3.013278 0.698976 2.163795
v -2.504082 1.259765 3.259812
v -2.362163 0.662783 2.942547
v -3.929402 0.923710 0.949016
v -4.195666 1.257635 0.482360
v -3.824612 0.655036 0.413338
v -3.934293 1.249304 1.539893
v -3.529406 0.679406 1.305456
v 5.069306 0.751600 1.271810
v 4.913115 0.899570 1.951480
v 4.706629 0.600385 1.857217
v 5.127729 1.040038 1.283165
v 4.839333 1.172135 1.868152
v 2.259765 4.540941 1.655302
v 2.063115 4.616271 1.703247
v 1.938787 4.524709 1.869948
v 2.149819 4.462239 1.800926
v 1.775144 4.614687 1.994923
v 1.741682 4.533870 2.180054
v 1.884305 4.455874 2.074017
v 1.901118 4.707619 1.829410
v 1.812194 4.791014 2.000592
v 1.701525 4.709415 2.141645
v 2.225634 4.713360 1.617628
v 2.083735 4.794255 1.728238
v 1.616164 4.446880 2.993886
v 1.277185 4.662745 3.195439
v 0.977093 4.401722 3.586452
v 1.434639 4.135860 3.404986
v 0.461861 4.666882 3.603095
v 0.001802 4.382208 3.776664
v 0.557632 4.075010 3.850112
v 0.870804 4.898428 3.274577
v 0.417159 5.136900 3.207754
v -0.025642 4.924721 3.456442
v 1.527179 4.853434 2.814386
v 1.237404 5.090955 2.904926
v -0.493427 4.676056 3.541551
v -0.983478 4.391673 3.548018
v -0.474544 4.059484 3.786097
v -1.468177 4.722192 3.413363
v -2.019069 4.447293 3.508873
v -1.544161 4.097421 3.687557
v -0.940004 4.959503 3.287964
v -1.367672 5.267370 3.142927
v -1.898246 5.049965 3.243864
v -0.455593 5.171576 3.195539
v -2.432102 4.772985 3.162952
v -2.907576 4.461180 2.925278
v -2.523942 4.128805 3.347922
v -3.200504 4.765978 2.461659
v -3.547320 4.438416 2.068422
v -3.228577 4.112304 2.522879
v -2.728023 5.064114 2.714052
v -2.862038 5.306681 2.191031
v -3.268583 5.005171 1.893399
v -2.244136 5.350642 2.899623
v -3.655754 4.730818 1.527226
v -3.888887 4.413962 1.035754
v -3.720346 4.086497 1.555819
v -3.862767 4.721560 0.479784
v -3.999403 4.084300 0.493420
v -3.517561 4.957999 0.936215
v -3.286058 5.162685 0.409128
v -3.156148 5.213504 1.314161
v 3.369917 4.599624 0.779762
v 3.169562 4.724643 1.128318
v 3.019816 4.564233 1.468564
v 3.268383 4.467105 1.239212
v 3.221845 4.907839 0.746270
v 2.966158 5.086213 1.128482
v 2.913663 4.871324 1.419025
v 2.644455 5.277676 1.446045
v 2.298008 5.487331 1.677076
v 2.134232 5.300027 2.049847
v 2.444299 5.131606 1.814788
v 1.790600 5.529215 2.252981
v 1.544772 5.287425 2.565593
v 1.906146 5.125175 2.350496
v 1.961466 5.772708 1.886958
v 1.710114 6.179170 2.100939
v 1.492898 5.907076 2.449861
v 2.345326 5.683340 1.246613
v 2.010911 5.943814 1.442396
v 1.147832 5.577390 2.656682
v 0.803715 5.340101 2.913924
v 0.389183 5.590460 2.837073
v -0.013899 5.361109 3.039400
v 0.771601 5.899971 2.682020
v 0.388992 6.159125 2.590872
v 0.002093 5.870250 2.737689
v 1.140431 6.244317 2.521937
v -0.411690 5.624073 2.834924
v -0.862661 5.440040 2.958626
v -1.231363 5.751295 2.773247
v -1.740669 5.582350 2.928344
v -0.772871 5.944942 2.678590
v -1.066713 6.223858 2.407460
v -1.533061 6.048132 2.496441
v -0.353357 6.165747 2.587759
v -2.055410 5.887166 2.596235
v -2.510805 5.640591 2.480864
v -2.680461 5.924500 2.036504
v -2.917621 5.560796 1.684859
v -2.270773 6.174305 2.210881
v -2.406219 6.432058 1.775855
v -2.760856 6.169906 1.558832
v -1.756906 6.321834 2.151414
v -2.884764 5.790761 1.198690
v -3.016005 5.429422 0.807810
v -2.866741 5.656177 0.368096
v -2.799463 5.990226 0.729237
v -2.672639 6.206289 0.325283
v -2.733826 6.364475 1.077783
v 2.974693 5.291448 0.701220
v 2.689166 5.480896 1.012325
v 2.702576 5.739116 0.607278
v 2.367679 5.909718 0.838614
v 2.013881 6.081902 1.019981
v 1.744984 6.343890 1.152682
v 1.777630 6.289590 1.606718
v 1.561297 6.624964 1.676293
v 1.460017 6.509978 2.178946
v 1.515180 6.630797 1.188472
v 1.296113 6.849486 1.091240
v 1.258331 6.845161 1.573298
v 1.655033 6.349972 0.765467
v 1.407957 6.558311 0.782937
v 1.025898 6.685093 2.010733
v 0.739583 6.434981 2.334649
v 0.369201 6.561641 2.042006
v 0.036606 6.373312 2.348743
v 0.623865 6.755448 1.716138
v 0.325907 6.766690 1.366615
v 0.094168 6.618191 1.689513
v 0.861564 6.925341 1.321920
v -0.239637 6.542872 2.023876
v -0.635249 6.420639 2.287739
v -0.855727 6.558303 1.891722
v -1.285206 6.446830 2.030785
v -0.458492 6.576522 1.632231
v -0.645433 6.533994 1.238824
v -1.030108 6.591163 1.486576
v -0.115582 6.592374 1.310488
v -1.437461 6.632312 1.675050
v -1.898722 6.581912 1.793813
v -1.963531 6.770920 1.368632
v -2.434067 6.655027 1.320470
v -1.519480 6.725303 1.258523
v -1.542661 6.724467 0.826534
v -1.937323 6.833682 0.908831
v -1.144786 6.603389 1.079051
v -2.338466 6.788340 0.851593
v -2.610164 6.538999 0.621281
v -2.484096 6.711930 0.251986
v -2.199953 6.864776 0.448220
v -2.042284 6.937664 0.161008
v -1.852567 6.834341 0.509378
v 2.419768 6.181140 0.501644
v 2.035162 6.253713 0.665758
v 2.011692 6.369636 0.348880
v 1.623678 6.364646 0.435496
v 1.362090 6.482510 0.454695
v 1.240972 6.654892 0.367298
v 1.262311 6.774513 0.687273
v 1.119050 6.910088 0.494378
v 1.043726 6.976131 0.886518
v 0.733140 7.019343 0.606220
v 0.511006 6.944881 1.010465
v 0.262018 6.911585 0.638215
v 0.120439 6.728632 0.970905
v -0.077472 6.688316 0.587851
v -0.301351 6.553544 0.926608
v -0.478164 6.515738 0.548420
v -0.800688 6.502369 0.853572
v -0.920095 6.465493 0.494196
v -1.217540 6.573087 0.700635
v -1.249608 6.507978 0.368388
v -1.519276 6.666756 0.467039
v -1.501651 6.644505 0.196918
v -1.768637 6.829340 0.222870
v 1.603511 6.364407 0.185917
v 1.375290 6.419925 0.206967
v 2.920764 1.125145 0.628169
v 2.690468 1.284412 0.928163
v 2.310318 1.244977 1.202888
v 2.654483 1.113233 0.942736
v 3.099355 1.342530 0.659756
v 2.852723 1.576835 0.986007
v 2.376130 1.491303 1.226849
v -3.788433 1.606017 2.131222
v -4.007091 1.977636 1.618624
v -4.168836 1.609839 1.047187
v -4.196639 1.981285 0.502227
v -4.022592 2.334616 1.036397
v -4.066074 2.698890 0.483916
v -3.663392 2.337058 2.126124
v -3.684769 2.686576 1.533988
v -2.065810 1.598976 3.570583
v -2.587867 1.975794 3.363127
v -3.014414 1.613872 2.997943
v -3.463270 1.982939 2.641530
v -3.046718 2.356287 3.067705
v -3.271722 2.713368 2.578689
v -2.082873 2.322432 3.656626
v -2.567921 2.719465 3.406592
v -0.064523 1.524737 3.541853
v -0.529379 1.860618 3.757719
v -1.012038 1.567041 3.736388
v -1.562200 1.926557 3.796195
v -1.029672 2.237998 4.014557
v -1.567873 2.655393 3.969184
v -0.008316 2.114918 3.682268
v -0.404626 2.545580 4.065487
v 1.361319 1.277008 2.144019
v 1.126869 1.420216 2.298859
v 0.894762 1.352617 2.430840
v 1.134298 1.223958 2.365161
v 0.719268 1.506562 2.561486
v 0.552526 1.433155 2.700702
v 0.693214 1.303716 2.622256
v 0.928288 1.599503 2.474648
v 0.749927 1.758558 2.667776
v 0.582177 1.665241 2.716821
v 1.388965 1.532641 2.181247
v 1.185759 1.737563 2.426214
v 2.063223 1.373233 1.473837
v 1.842784 1.264033 1.729737
v 2.114475 1.182950 1.521628
v 1.605879 1.371634 1.950490
v 1.649989 1.187860 2.015453
v 1.876431 1.518744 1.758223
v 1.692615 1.701941 2.060284
v 2.170798 1.688699 1.555376
v 3.465229 0.446895 3.317327
v 2.551376 0.449550 4.095133
v 2.903563 0.298982 3.470484
v 4.208379 0.446169 2.308361
v 3.678253 0.295815 2.629994
v 2.911264 1.461665 3.290593
v 3.109497 1.499567 3.286712
v 3.139701 1.499637 3.084317
v 2.941209 1.461621 3.105909
v 3.344063 1.498901 3.053833
v 3.348084 1.460158 2.855472
v 3.164198 1.460356 2.884433
v 3.319671 1.497626 3.262772
v 3.531559 1.460444 3.206276
v 3.551907 1.461847 3.013972
v 3.075507 1.460383 3.496696
v 3.268990 1.458737 3.475354
v 1.610419 0.459820 4.584947
v 0.911704 0.527076 4.763570
v 1.206758 0.350346 4.410854
v 2.029966 0.308515 4.075590
v 0.240571 0.681059 4.224157
v 0.355031 0.931005 4.581782
v 0.294194 1.124607 4.183347
v 0.571728 0.800755 4.903971
v 0.588753 1.113120 4.862213
v 0.580241 0.561059 4.555973
v 0.969185 1.462538 4.295497
v 1.154625 1.499656 4.381721
v 1.250836 1.499368 4.221550
v 1.057704 1.462378 4.150305
v 1.447227 1.495971 4.287036
v 1.523775 1.458513 4.126050
v 1.345986 1.460890 4.066752
v 1.351115 1.496326 4.457944
v 1.554945 1.459162 4.513955
v 1.641996 1.458615 4.356665
v 1.061388 1.462003 4.550268
v 1.240643 1.460016 4.621663
v 4.681757 0.447870 1.143032
v 4.249016 0.297071 1.604674
v 4.196047 1.460256 1.348439
v 4.361858 1.497250 1.245036
v 4.289744 1.499967 1.054423
v 4.131513 1.462831 1.174404
v 4.448578 1.497223 0.925053
v 4.356239 1.460225 0.755751
v 4.213823 1.462380 0.872997
v 4.531126 1.496440 1.118900
v 4.688137 1.460707 0.967130
v 4.610662 1.460542 0.790811
v 4.433313 1.460011 1.445669
v 4.588667 1.460593 1.330708
v 4.030729 3.185421 1.006516
v 3.880978 3.464964 1.518439
v 3.651566 3.176622 1.991182
v 3.865790 2.927583 1.463372
v 4.024211 3.697016 1.003965
v 3.809459 3.935834 1.475491
v 3.648242 3.731384 1.979325
v -3.337379 3.064815 1.994062
v -3.493797 3.416978 1.469844
v -3.738328 3.051030 0.974440
v -3.840475 3.409710 0.454012
v -3.770256 3.748171 0.993968
v -3.376536 3.767295 2.001754
v -2.081308 3.064547 3.733377
v -2.471447 3.445671 3.348261
v -2.856724 3.092518 2.957456
v -3.038370 3.434446 2.432522
v -2.816516 3.787970 2.913678
v -2.093125 3.788703 3.700249
v 0.169833 2.919581 3.990531
v -0.457166 3.349397 4.043427
v -1.022031 2.995212 4.124680
v -1.581623 3.410104 3.952857
v -1.015657 3.736473 3.873127
v 0.064887 3.712533 3.953721
v 1.777183 3.091186 3.240125
v 1.448612 3.414548 3.540608
v 1.114080 2.998057 3.711574
v 1.483442 2.701642 3.258116
v 0.636513 3.340821 3.935833
v 0.715046 2.589252 3.703842
v 1.077379 3.746252 3.783877
v 1.750877 3.818108 3.261399
v 3.383800 3.480037 2.442000
v 3.085612 3.203793 2.815945
v 3.342329 2.921576 2.442649
v 2.793141 3.480247 3.114229
v 2.561461 3.216644 3.279183
v 2.831453 2.962214 3.050228
v 3.093256 3.718720 2.778737
v 2.818078 3.882554 2.986494
v 2.577643 3.701593 3.239029
v 3.345282 3.935445 2.356691
v 3.278993 1.105125 0.772450
v 2.918137 1.064533 1.087308
v 2.933193 1.128177 1.598491
v 3.367649 1.193826 1.269591
v 2.970769 1.033521 0.665006
v 2.485528 1.106257 1.322124
v 2.793916 2.229456 1.507093
v 2.979624 1.974268 1.084567
v 3.249837 2.125732 0.761865
v 3.151232 2.330372 1.170870
v 3.310346 1.928963 0.363859
v 3.375340 2.312267 0.403393
v 3.226802 1.702087 0.710623
v 3.284048 1.492543 0.356560
v 2.545356 1.848045 1.336326
v 1.724951 1.140367 2.856815
v 1.254840 1.121096 2.760824
v 0.952427 1.159864 3.142016
v 1.396791 1.201618 3.294247
v 0.652651 1.213591 2.997764
v 0.342152 1.304734 3.335422
v 0.609987 1.219677 3.524260
v 0.907845 1.189110 2.662298
v 0.513777 1.333208 2.849765
v 1.473769 1.135791 2.366449
v 0.322339 1.485450 3.059465
v 0.141876 1.752279 3.290659
v 0.368677 1.860424 3.087861
v 0.447136 2.194767 3.453058
v 0.426628 1.608438 2.855169
v 0.576193 1.857470 2.872943
v 0.742038 2.103241 3.032238
v 1.064632 2.383542 3.208106
v 1.305676 2.164018 2.744964
v 1.734649 2.402460 2.757260
v 0.974707 1.940140 2.692713
v 1.509164 1.922733 2.387526
v 2.436840 1.097875 1.774733
v 2.361706 1.136293 2.274468
v 2.867621 1.203111 2.154666
v 1.892466 1.103798 2.354804
v 2.246600 1.205172 2.800537
v 2.010301 1.123893 1.906691
v 1.886561 2.122155 2.315340
v 2.283231 2.283208 2.171343
v 2.173588 2.511554 2.613574
v 2.392909 2.072998 1.738015
v 2.668594 2.400828 1.987753
v 2.031990 1.889066 1.920849
v 3.817456 2.438955 0.653917
v 3.853558 2.417229 0.791223
v 3.772540 2.411860 0.914090
v 3.744663 2.433724 0.761612
v 3.780330 2.422409 1.063396
v 3.679022 2.446203 1.165496
v 3.670412 2.436147 1.031952
v 3.871212 2.436307 0.940149
v 3.868366 2.484042 1.093610
v 3.781461 2.466294 1.202445
v 3.923920 2.461242 0.670706
v 3.946648 2.483813 0.803112
v 3.175188 4.340920 1.727167
v 3.551300 4.257414 1.365709
v 3.567901 4.379193 0.858791
v 3.809665 4.258527 0.430239
v 3.543183 4.490243 0.381188
v 3.854657 4.106965 0.948594
v 4.061141 3.904435 0.474555
v 3.491871 4.113953 1.876938
v 2.959426 2.448328 2.468569
v 2.929139 2.426545 2.603390
v 2.790135 2.423750 2.669513
v 2.837876 2.448640 2.528532
v 2.743562 2.435439 2.808297
v 2.606734 2.462249 2.856391
v 2.644168 2.451751 2.729077
v 2.882368 2.447013 2.738915
v 2.826172 2.498666 2.858016
v 2.705107 2.485816 2.923134
v 3.050506 2.465848 2.533047
v 3.012586 2.489505 2.655204
v 2.113792 2.868739 3.147354
v 2.208082 3.195909 3.318288
v 1.978706 3.477615 3.288823
v 2.239946 3.758326 3.291792
v 2.149679 4.053429 3.074866
v 2.358296 3.483105 3.363660
v 2.530483 3.906836 3.166143
v 2.436357 2.964425 3.271098
v 2.597528 4.102815 2.902267
v 2.676010 4.244450 2.479660
v 2.197720 4.250115 2.675555
v 3.114072 4.216148 2.213763
v 2.745632 4.348728 2.028587
v 2.998092 4.061496 2.654360
v 2.330482 1.284647 3.212293
v 2.670667 1.352413 2.978755
v 2.703984 1.278579 2.634276
v 3.041619 1.351387 2.604995
v 3.269235 1.283183 2.246937
v 2.949668 1.418181 2.889603
v 3.260780 1.408722 2.698249
v 2.756520 1.410151 3.202369
v 3.485873 1.357140 2.535903
v 3.820172 1.305754 2.430659
v 3.660104 1.265553 2.028759
v 3.840906 1.359319 2.776596
v 4.124282 1.280511 2.829974
v 4.224320 1.263920 2.359879
v 3.567056 1.419533 2.795107
v 3.722944 1.412511 3.052406
v 3.785158 1.351554 3.238813
v 3.652445 1.262171 3.595694
v 3.310380 1.349192 3.740096
v 2.932818 1.275230 4.108516
v 3.491401 1.417632 3.433612
v 3.122099 1.409142 3.673841
v 2.849789 1.354803 3.809087
v 2.516823 1.303263 3.791658
v 2.485529 1.260222 4.212356
v 2.598579 1.356010 3.440870
v 2.136414 1.267007 3.613913
v 2.851320 1.417712 3.521667
v 0.503780 1.277857 3.931257
v 0.859455 1.351601 3.904219
v 1.029761 1.273065 3.615345
v 1.341252 1.350476 3.769058
v 1.703026 1.283808 3.585488
v 1.143992 1.418258 3.968302
v 1.503584 1.409232 3.956995
v 0.852946 1.410547 4.144557
v 1.766432 1.357705 3.937098
v 2.098749 1.305825 4.035494
v 1.975585 1.357747 4.317610
v 2.212444 1.276892 4.538303
v 1.735695 1.417435 4.185230
v 1.771039 1.410996 4.477424
v 1.767040 1.352529 4.678716
v 1.571467 1.261413 4.925292
v 1.229688 1.350910 4.862771
v 0.907681 1.250757 4.954909
v 1.448386 1.420039 4.692385
v 1.059587 1.412430 4.723345
v 0.803063 1.344248 4.703433
v 0.534264 1.241374 4.533682
v 0.649465 1.346950 4.274027
v 0.848472 1.418918 4.467306
v 3.642266 1.282670 1.577346
v 3.827060 1.350909 1.200667
v 3.678664 1.272966 0.890664
v 3.964579 1.351067 0.697017
v 3.996108 1.287938 0.295521
v 3.617173 1.195950 0.418165
v 4.028362 1.419362 0.985054
v 4.202809 1.409801 0.665242
v 4.018884 1.410244 1.348154
v 4.514719 1.419757 0.598440
v 4.778967 1.412458 0.740293
v 4.748598 1.360496 0.453298
v 4.317603 1.360110 0.423034
v 4.966331 1.274356 1.237563
v 4.723661 1.357998 1.528679
v 4.553366 1.283198 2.030269
v 4.756214 1.422693 1.182342
v 4.540565 1.413169 1.568670
v 4.922337 1.356390 0.870710
v 4.367382 1.358547 1.815746
v 4.079617 1.304512 1.973122
v 3.997542 1.356395 1.631167
v 4.254822 1.417475 1.574653
v 3.385999 2.401381 0.819087
v 3.452077 2.465439 1.068286
v 3.260691 2.468941 1.387693
v 3.614237 2.448708 0.874451
v 3.567630 2.475009 1.177549
v 3.727130 2.464439 0.591097
v 3.569947 2.454305 0.634232
v 3.493340 2.511834 1.380273
v 3.469284 2.573174 1.623439
v 3.187703 2.513980 1.741604
v 3.689061 2.575796 1.471355
v 3.739423 2.709527 1.610193
v 3.488597 2.678823 1.900852
v 3.666927 2.491776 1.312513
v 3.820219 2.536034 1.276237
v 3.899966 2.635373 1.224051
v 3.999240 2.770157 0.982605
v 4.029507 2.635746 0.704446
v 4.049546 2.708702 0.302489
v 4.080258 2.921801 0.509921
v 3.953751 2.549559 0.959540
v 3.993524 2.535686 0.618554
v 3.875556 2.482564 0.526049
v 3.759319 2.497049 0.389891
v 3.966712 2.572523 0.395425
v 2.937317 2.488878 2.000194
v 2.778792 2.507278 2.349074
v 2.533378 2.503332 2.423707
v 2.484974 2.532130 2.700950
v 2.226545 2.625811 2.903288
v 2.688610 2.484983 2.583704
v 2.514352 2.501372 2.832451
v 2.919842 2.487862 2.374712
v 2.419614 2.591654 2.995280
v 2.385640 2.752732 3.162817
v 2.590951 2.644409 3.094289
v 2.664510 2.786016 3.130720
v 2.578011 2.529645 2.990935
v 2.735070 2.561957 2.977709
v 2.854818 2.661029 2.942143
v 3.050472 2.774953 2.786892
v 3.150966 2.641082 2.593750
v 3.380714 2.709778 2.258930
v 2.966186 2.562720 2.777514
v 3.135997 2.538052 2.516300
v 3.224191 2.576642 2.304822
v 3.237801 2.574788 2.042927
v 3.050521 2.518976 2.202333
v 3.078539 2.491770 2.381652
v 2.744408 4.443701 1.731388
v 2.403780 4.385483 1.912250
v 2.334394 4.326671 2.237359
v 2.023876 4.359739 2.318563
v 1.872405 4.349476 2.684517
v 2.099764 4.395464 2.015337
v 1.828436 4.446650 2.296934
v 2.388303 4.462877 1.721173
v 1.734454 4.512109 2.516904
v 1.640974 4.652323 2.692097
v 1.675711 4.767893 2.438025
v 1.738076 4.939767 2.478030
v 1.672165 4.630891 2.327630
v 1.744954 4.815521 2.205633
v 1.897822 4.935526 2.168066
v 2.145974 5.040843 2.051304
v 2.275260 4.943483 1.801663
v 2.595587 4.954703 1.639261
v 2.002546 4.881716 1.910609
v 2.309758 4.824430 1.652047
v 2.567353 4.778951 1.576530
v 2.817819 4.679765 1.530322
v 2.628561 4.540954 1.615502
v 2.435685 4.637132 1.577993
v -1.726865 -0.026979 0.452209
v -1.976183 -0.110042 0.152009
v -1.402262 -0.004914 0.229317
v -2.245071 -0.109757 0.277754
v -2.442643 -0.187110 0.066289
v -0.338606 0.009985 0.623404
v -0.710972 0.017479 0.269496
v 0.032983 0.014372 0.291588
v -1.078127 0.010712 0.566763
v 1.143749 0.006829 0.596083
v 0.780138 0.014343 0.290116
v 1.460061 0.001476 0.245003
v 0.419582 0.005764 0.642800
v 1.993302 -0.068167 0.181588
v 2.334322 -0.144627 0.075622
v 2.226551 -0.050276 0.328924
v 1.763966 -0.006190 0.483350
v -3.568918 0.469859 0.796869
v -3.544603 0.326965 0.332584
v -1.903257 0.426843 3.019374
v -2.626095 0.469300 2.397430
v -2.217642 0.271785 2.526262
v -0.989298 0.418690 3.323123
v -1.415023 0.235197 2.996021
v -0.113597 0.359312 3.593320
v -0.522832 0.213957 3.267570
v 1.574207 0.193874 4.005756
v 0.791969 0.315854 4.199280
v 1.145351 0.122822 3.866660
v 2.406648 0.165872 3.558218
v 1.947257 0.059334 3.576740
v 3.196005 0.155801 2.875486
v 2.730577 0.039950 3.037436
v 3.839274 0.155499 1.995035
v 3.421518 0.034549 2.298241
v 4.250817 0.154370 0.979288
v 3.926622 0.033765 1.399103
v -0.027164 0.050125 3.090313
v -0.894972 0.078390 2.876990
v -0.347428 -0.031164 2.655583
v -1.757092 0.105087 2.526988
v -1.257062 -0.009468 2.410003
v -2.466463 0.157384 2.007719
v -2.044450 0.026194 2.029126
v -3.345840 0.203162 0.645095
v -3.346362 0.091624 0.248858
v 3.017058 -0.130757 1.250569
v 2.905609 -0.143276 1.683729
v 2.540736 -0.143238 1.839516
v 2.706390 -0.124151 1.426746
v 2.331650 -0.144877 2.260797
v 1.913401 -0.144269 2.329385
v 2.158074 -0.135909 1.933323
v 1.665934 -0.136846 2.726711
v 1.198053 -0.137162 2.710878
v 1.466184 -0.143872 2.327519
v 0.988533 -0.102805 3.061102
v 0.493708 -0.059638 3.013263
v 0.664673 -0.112714 2.610538
v 0.511623 0.011374 3.378298
v 0.193178 0.132448 3.454151
v 3.269541 -0.126822 0.599675
v 3.286135 -0.134003 1.014693
v 3.060334 -0.108833 0.840281
v -2.595325 -0.145310 0.155959
v -2.699869 -0.160245 0.050435
v -2.596860 -0.212722 -0.056798
v -1.787938 -0.025521 0.981782
v -2.035776 -0.038619 0.603095
v -1.440367 -0.008433 0.814309
v -2.335009 -0.036762 0.682209
v -2.491012 -0.091322 0.352330
v -0.330868 -0.030955 1.292721
v -0.716977 -0.003737 0.928983
v 0.050508 -0.010599 0.975911
v -1.104176 -0.025485 1.190469
v 1.201053 -0.039512 1.214053
v 0.807761 -0.013392 0.952444
v 1.498105 -0.009789 0.840476
v 0.454752 -0.039454 1.299573
v 2.055665 -0.015727 0.644837
v 1.845934 -0.032476 1.020491
v 2.451425 -0.054032 0.395405
v 2.341545 -0.032241 0.730223
v 2.370869 -0.113646 1.537009
v 2.514231 -0.079947 1.124041
v 2.798917 -0.094804 1.015658
v 2.194351 -0.058516 1.126202
v 2.604481 -0.050280 0.728188
v 1.745942 -0.124743 1.937534
v 2.000493 -0.095716 1.545501
v 1.601972 -0.068898 1.427662
v 0.993179 -0.129359 2.208293
v 1.313115 -0.107529 1.818757
v 0.875699 -0.076281 1.586714
v 0.136413 -0.087573 2.341460
v 0.524814 -0.098462 1.962573
v 0.082920 -0.064283 1.641928
v -0.768628 -0.066023 2.211858
v -0.321132 -0.078815 1.951563
v -0.730917 -0.055830 1.563964
v -1.591301 -0.045227 1.936452
v -1.150081 -0.066582 1.775245
v -1.489873 -0.045813 1.371002
v -2.278999 -0.007153 1.541156
v -1.876555 -0.045588 1.481039
v -2.126030 -0.033203 1.064394
v -2.662435 0.079653 1.506973
v -2.801534 0.030578 1.031133
v -2.465643 -0.018069 1.082547
v -2.624819 -0.027563 0.682490
v -3.100875 0.102460 0.883416
v -3.151339 0.026426 0.468313
v -2.904211 -0.010394 0.609659
v -2.961236 -0.050497 0.270345
v -2.739789 -0.060647 0.348009
v -3.138232 -0.033461 0.149799
v -2.923215 -0.096906 0.059812
v 2.656057 -0.061209 0.391019
v 2.833769 -0.078735 0.318021
v 2.832713 -0.068453 0.636628
v 3.042085 -0.096168 0.472783
v -3.287979 0.340171 1.105851
v -3.159357 0.503471 1.602443
v -2.833912 0.325339 1.857333
v -2.994044 0.205007 1.351999
v 1.529933 -0.008039 3.523804
v 0.874208 0.049283 3.654200
v 1.184815 -0.045639 3.432830
v 2.272723 -0.040611 3.111664
v 1.841149 -0.089214 3.126152
v 2.976572 -0.054067 2.501723
v 2.533427 -0.107912 2.626237
v 3.546545 -0.054841 1.730569
v 3.145319 -0.112726 1.972307
v 3.892585 -0.061383 0.847589
v 3.573967 -0.114650 1.196970
v 5.272917 0.899422 0.617186
v 5.045884 0.600435 0.584548
v 5.194995 1.170997 0.644067
v 3.391543 4.736170 0.354558
v 3.197724 5.105514 0.337475
v 2.937274 5.538208 0.298244
v 2.752953 6.053860 0.268873
v 2.389124 6.398124 0.207491
v 1.895939 6.417971 0.106086
v -1.712024 6.829488 0.012460
v 1.561168 6.350843 0.021747
v 3.078944 1.201309 0.326843
v 2.991932 1.050982 0.312370
v 4.543664 0.296148 0.496992
v 4.130700 3.428681 0.486151
v 3.202079 1.043671 0.335768
v 4.558442 1.312872 0.185760
v 5.040560 1.282141 0.367819
v 3.561523 2.447809 0.276891
v 3.855106 2.565857 0.175450
v 2.494456 -0.145171 0.103303
v 4.172542 0.025497 0.427588
v 3.210095 -0.138915 0.242047
v 2.981863 -0.125697 0.172799
v 2.813807 -0.152298 0.067867
v 3.441548 -0.147282 0.300981
v 2.662144 -0.149053 0.099721
v 3.763832 -0.123654 0.362160
v -1.501300 6.671655 0.003824
v -1.515894 6.707943 -0.154287
v -1.334124 6.562388 -0.073638
v -1.274110 6.542300 -0.249939
v -0.795726 6.473414 -0.120938
v -0.660300 6.630526 -0.433654
v -1.006149 6.474850 -0.348614
v -1.107867 6.444708 -0.081053
v -0.173125 6.840899 -0.098000
v -0.026700 6.969947 -0.437345
v -0.390117 6.826687 -0.435776
v -0.453245 6.635092 -0.135663
v 0.677282 6.983509 -0.084721
v 0.854940 6.827505 -0.362718
v 0.436899 6.965878 -0.424067
v 0.188181 6.997647 -0.073569
v 1.065297 6.647602 -0.255035
v 1.163879 6.617551 -0.028003
v 1.235874 6.450477 -0.172609
v 1.026480 6.832360 -0.068974
v 1.410027 6.345943 -0.103598
v 1.386330 6.364376 0.037225
v 1.290005 6.419746 -0.024106
v -1.265653 6.501043 0.101151
v -1.017361 6.436290 0.173792
v -0.633231 6.489380 0.188915
v -0.266969 6.654470 0.215553
v 0.034839 6.871429 0.267262
v 0.439673 7.024498 0.280255
v 0.931314 6.970992 0.221487
v 1.141499 6.778223 0.189187
v 1.247265 6.527019 0.133130
v -2.765882 -0.108756 0.151584
v -2.698297 -0.205665 -0.165050
v -2.818897 -0.152996 -0.057889
v 0.440292 0.407126 -3.958396
v 0.578047 0.162910 -3.729772
v 0.340951 0.374343 3.914818
v 0.499795 0.132393 3.665709
v 0.907924 -0.042900 -3.475820
v 1.434744 -0.226698 -3.188775
v 2.078020 -0.301291 -2.803286
v 2.705889 -0.171125 -2.264364
v 3.190468 -0.174989 -1.578132
v 3.478571 -0.241371 -0.821013
v 3.598910 -0.167412 -0.056160
v 3.529390 -0.137669 0.718662
v 3.252476 -0.136507 1.474800
v 2.739164 -0.139252 2.143955
v 2.101675 -0.130182 2.697515
v 1.426124 -0.107735 3.106218
v 0.859596 -0.042149 3.381081
v 4.045857 0.600164 -3.143767
v 3.719178 0.751600 -3.776256
v 4.219971 0.898380 -3.295102
v 4.547322 0.751600 -2.672168
v 3.139557 0.600572 -4.097374
v 2.698809 0.751600 -4.625506
v 3.270065 0.897812 -4.296922
v 2.729179 1.040259 -4.691059
v 3.254172 1.160435 -4.220680
v 3.766274 1.032477 -3.826391
v 4.123630 1.164116 -3.277425
v 4.585450 1.044871 -2.693605
v 2.109968 0.602595 -4.772200
v 1.642528 0.748810 -5.137978
v 2.188940 0.897812 -5.002685
v 1.226979 0.609759 -5.051567
v 0.891517 0.714535 -5.152766
v 1.192925 0.877650 -5.295599
v 0.817509 0.992370 -5.233722
v 1.200658 1.141371 -5.228200
v 1.660488 1.026180 -5.209066
v 2.112547 1.160977 -4.953292
v -1.406375 0.678372 -3.344103
v -1.895752 0.965529 -3.288496
v -1.447200 1.270393 -3.534529
v -0.907575 0.957640 -3.554084
v -0.424851 0.661176 -3.665624
v -0.387643 1.249052 -3.659231
v 0.035977 0.924813 -3.911645
v -2.942079 0.763890 -2.178328
v -3.357005 1.023095 -1.903212
v -3.110157 1.328603 -2.371405
v -2.658427 1.023743 -2.630418
v -2.252643 0.715274 -2.863554
v -2.345698 1.303741 -3.112671
v -3.774001 0.688384 -0.505981
v -4.044582 0.943812 -0.047783
v -4.144924 1.286957 -0.562886
v -3.830570 0.986019 -1.011175
v -3.466735 0.738917 -1.383466
v -3.780202 1.312677 -1.559156
v 4.706629 0.600385 -1.977066
v 4.913115 0.899570 -2.071330
v 5.069306 0.751600 -1.391661
v 4.839333 1.172135 -1.987999
v 5.127729 1.040038 -1.403014
v 2.149819 4.462239 -1.920776
v 1.938789 4.524709 -1.989794
v 2.063118 4.616277 -1.823098
v 2.259765 4.540941 -1.775149
v 1.884305 4.455874 -2.193864
v 1.741682 4.533870 -2.299904
v 1.775144 4.614687 -2.114772
v 1.701526 4.709415 -2.261493
v 1.813010 4.791883 -2.121181
v 1.901124 4.707628 -1.949264
v 2.084754 4.795324 -1.848982
v 2.225839 4.713560 -1.737631
v 1.431467 4.144578 -3.551984
v 0.991753 4.427558 -3.701602
v 1.283270 4.674748 -3.326015
v 1.612969 4.436877 -3.127054
v 0.554165 4.123126 -3.893952
v 0.018030 4.408048 -3.734516
v 0.489591 4.684456 -3.632043
v 0.000101 4.912234 -3.463698
v 0.419062 5.136417 -3.299020
v 0.881639 4.915329 -3.378824
v 1.228837 5.111605 -3.028728
v 1.515864 4.863666 -2.940728
v -0.482814 4.096378 -3.736727
v -0.970590 4.389923 -3.567437
v -0.465789 4.662982 -3.535046
v -1.517807 4.098122 -3.675234
v -1.975289 4.434781 -3.509373
v -1.411509 4.685145 -3.399927
v -1.758874 4.943152 -3.081465
v -1.248792 5.143839 -3.020662
v -0.894004 4.907993 -3.306422
v -0.432637 5.137041 -3.259581
v -2.542373 4.121134 -3.439218
v -2.922508 4.462240 -3.007329
v -2.348271 4.740878 -3.125192
v -3.365276 4.109249 -2.683643
v -3.605359 4.445722 -2.152948
v -3.136978 4.755904 -2.468698
v -3.151397 4.965643 -1.862101
v -2.625014 5.159664 -2.051998
v -2.551482 4.969194 -2.599092
v -1.997710 5.157573 -2.635908
v -3.875974 4.095116 -1.680373
v -3.982044 4.441521 -1.114207
v -3.661221 4.746330 -1.559689
v -4.078588 4.096137 -0.593078
v -4.047729 4.431402 -0.045711
v -3.896220 4.738858 -0.555420
v -3.627717 4.954910 -0.039209
v -3.275389 5.148349 -0.465741
v -3.515907 4.958122 -0.974345
v -3.055601 5.150847 -1.301362
v 3.267936 4.468019 -1.358132
v 3.019816 4.564233 -1.588414
v 3.169736 4.724810 -1.248289
v 3.369917 4.599624 -0.899613
v 2.914882 4.872495 -1.539745
v 3.000124 5.107688 -1.262960
v 3.222019 4.908004 -0.866241
v 2.490892 5.164704 -1.970042
v 2.245942 5.383923 -2.274729
v 2.534983 5.626513 -1.955119
v 2.797260 5.362859 -1.647386
v 1.924627 5.163307 -2.497314
v 1.567295 5.342551 -2.717641
v 1.886469 5.606296 -2.459800
v 1.458364 5.841727 -2.500528
v 1.685298 6.068406 -2.131784
v 2.127985 5.861000 -2.110401
v 2.240363 6.070749 -1.654208
v 2.655855 5.877453 -1.513826
v 0.789985 5.342868 -3.042381
v 1.138539 5.573750 -2.766497
v -0.024599 5.367752 -3.202116
v 0.351008 5.586106 -3.017438
v -0.037218 5.846604 -2.879980
v 0.319871 6.063571 -2.621907
v 0.714924 5.817032 -2.746068
v 1.035062 6.058782 -2.454702
v -0.801619 5.362918 -2.994619
v -0.403408 5.597398 -2.981998
v -1.541445 5.377878 -2.680503
v -1.121748 5.601750 -2.695832
v -1.434763 5.881796 -2.465542
v -1.036208 6.093955 -2.419166
v -0.728296 5.823888 -2.651922
v -0.364249 6.060570 -2.559303
v -2.196803 5.386278 -2.227339
v -1.817314 5.636065 -2.379637
v -2.692823 5.385762 -1.591547
v -2.394163 5.649048 -1.866978
v -2.552475 5.923151 -1.490849
v -2.325734 6.218931 -1.782655
v -2.105249 5.937045 -2.135584
v -1.739691 6.192627 -2.264690
v -2.950502 5.370223 -0.830769
v -2.712677 5.630550 -1.170171
v -3.053294 5.383320 -0.027082
v -2.823861 5.619999 -0.408003
v -2.702348 5.892154 -0.016513
v -2.574000 6.148090 -0.370813
v -2.648380 5.882601 -0.760701
v -2.558697 6.176523 -1.078447
v 2.922489 5.630898 -1.230394
v 3.068440 5.361692 -0.853953
v 2.628062 6.101474 -1.065042
v 2.893280 5.889569 -0.791277
v 1.788834 6.198248 -1.671539
v 1.808867 6.268262 -1.220789
v 2.239301 6.214914 -1.203956
v 1.259377 6.236926 -2.050536
v 1.369349 6.311422 -1.592990
v 0.985042 6.423592 -1.439559
v 1.061303 6.423765 -1.031890
v 1.404707 6.319716 -1.155198
v 1.426132 6.329202 -0.773830
v 1.790810 6.313759 -0.827912
v 0.627858 6.244666 -2.267983
v 0.853195 6.380317 -1.859797
v -0.028272 6.251465 -2.329800
v 0.270350 6.399498 -1.986880
v -0.007614 6.581946 -1.744348
v 0.229336 6.679220 -1.399402
v 0.492680 6.505591 -1.623293
v 0.660987 6.552239 -1.236896
v -0.645453 6.288104 -2.284185
v -0.304605 6.449523 -2.054176
v -1.305539 6.397887 -2.211515
v -0.900944 6.560309 -2.052161
v -1.114691 6.743900 -1.661285
v -0.767692 6.829015 -1.418098
v -0.545012 6.688373 -1.800484
v -0.248318 6.793991 -1.493865
v -1.936015 6.460742 -1.904485
v -1.497261 6.625600 -1.847306
v -2.375765 6.449663 -1.308799
v -1.996671 6.633374 -1.416109
v -1.962559 6.748340 -0.983158
v -1.572474 6.712035 -0.962989
v -1.577229 6.701423 -1.383670
v -1.213432 6.742833 -1.217681
v -2.521788 6.438350 -0.679748
v -2.338134 6.663807 -0.889931
v -2.566970 6.441108 -0.027499
v -2.483349 6.684589 -0.331373
v -2.303825 6.868325 -0.037779
v -2.051825 6.948557 -0.264726
v -2.221788 6.838038 -0.548088
v -1.859887 6.846415 -0.643960
v 2.170087 6.335537 -0.820519
v 2.542445 6.289971 -0.674096
v 1.737405 6.353151 -0.517015
v 2.067154 6.418768 -0.491339
v 1.125338 6.446838 -0.676553
v 1.179000 6.459730 -0.389313
v 1.424702 6.346957 -0.475828
v 0.822048 6.598363 -0.874460
v 0.952310 6.632869 -0.540079
v 0.439306 6.747312 -1.038700
v 0.650649 6.801893 -0.691129
v -0.002336 6.874238 -1.147351
v 0.222513 6.931918 -0.788226
v -0.488704 6.890052 -1.122123
v -0.250032 6.941154 -0.789644
v -0.894811 6.781644 -0.992905
v -0.622409 6.809746 -0.736933
v -1.237802 6.631208 -0.846062
v -0.927892 6.616335 -0.668525
v -1.545686 6.716043 -0.615555
v -1.261159 6.562695 -0.514782
v -1.762485 6.882760 -0.360298
v -1.525831 6.716966 -0.345962
v 1.413975 6.350182 -0.261856
v 1.663646 6.365189 -0.286393
v 2.456922 1.164203 -1.034719
v 2.243508 1.263210 -1.313205
v 2.396260 1.371587 -1.005533
v 2.552736 1.226414 -0.681794
v 2.282385 1.521545 -1.333198
v 2.515729 1.694938 -1.056765
v 2.612406 1.498513 -0.691279
v -4.083073 1.638504 -1.111211
v -3.931715 1.988841 -1.670611
v -3.570847 1.642946 -2.082218
v -4.233861 1.620827 -0.044898
v -4.201949 1.988590 -0.597835
v -4.229334 2.349883 -0.046041
v -4.246531 2.720825 -0.609927
v -4.179378 2.358029 -1.167853
v -3.967167 2.718136 -1.710581
v -3.683531 2.346847 -2.191254
v -2.767513 1.649560 -2.800093
v -2.433626 1.970329 -3.281586
v -1.978859 1.608604 -3.511575
v -3.245462 1.989431 -2.523354
v -3.334376 2.698453 -2.645200
v -2.895843 2.335069 -2.973836
v -2.545917 2.679719 -3.456902
v -2.055129 2.311890 -3.673917
v -0.942028 1.596553 -3.572451
v -0.496681 1.906689 -3.613382
v -0.054285 1.541863 -3.588166
v -1.504629 1.952360 -3.641843
v -1.565812 2.679902 -3.802920
v -0.990840 2.300339 -3.704450
v -0.408187 2.603614 -3.901583
v -0.025996 2.147264 -3.733922
v 1.134298 1.223958 -2.485008
v 0.894762 1.352617 -2.550688
v 1.126869 1.420216 -2.418707
v 1.361319 1.277008 -2.263867
v 0.693214 1.303716 -2.742104
v 0.552507 1.433164 -2.820514
v 0.719268 1.506562 -2.681335
v 0.580035 1.666017 -2.833351
v 0.747662 1.759381 -2.784077
v 0.928288 1.599503 -2.594496
v 1.185618 1.737621 -2.545794
v 1.388965 1.532641 -2.301096
v 2.112692 1.183349 -1.641237
v 1.841845 1.264265 -1.849457
v 2.057049 1.374991 -1.592833
v 1.649989 1.187860 -2.135301
v 1.605879 1.371634 -2.070339
v 1.692615 1.701941 -2.180134
v 1.874274 1.519473 -1.877765
v 2.161919 1.692742 -1.674042
v 2.901148 0.297807 -3.592393
v 2.553877 0.450420 -4.214350
v 3.465229 0.446895 -3.437174
v 3.674286 0.294572 -2.749779
v 4.208379 0.446169 -2.428207
v 2.941209 1.461621 -3.225759
v 3.139701 1.499637 -3.204166
v 3.109497 1.499567 -3.406559
v 2.911264 1.461665 -3.410442
v 3.164198 1.460356 -3.004280
v 3.348084 1.460158 -2.975320
v 3.344063 1.498901 -3.173681
v 3.551907 1.461847 -3.133821
v 3.531559 1.460444 -3.326124
v 3.319671 1.497626 -3.382620
v 3.268990 1.458737 -3.595202
v 3.075507 1.460383 -3.616545
v 1.265741 0.383879 -4.486569
v 0.957585 0.550565 -4.844603
v 1.631422 0.468901 -4.695390
v 2.045915 0.314617 -4.191742
v 0.314152 1.127937 -4.278628
v 0.407266 0.929357 -4.667297
v 0.339739 0.692698 -4.275569
v 0.596141 1.112573 -4.977535
v 0.622057 0.801339 -4.991043
v 0.673603 0.585648 -4.604875
v 1.057704 1.462378 -4.270154
v 1.250836 1.499368 -4.341399
v 1.154625 1.499656 -4.501568
v 0.969185 1.462538 -4.415344
v 1.345986 1.460890 -4.186601
v 1.523775 1.458513 -4.245897
v 1.447227 1.495971 -4.406884
v 1.641996 1.458615 -4.476511
v 1.554945 1.459162 -4.633801
v 1.351115 1.496326 -4.577793
v 1.240643 1.460016 -4.741508
v 1.061388 1.462003 -4.670116
v 4.244094 0.295556 -1.724261
v 4.681757 0.447870 -1.262880
v 4.131513 1.462831 -1.294255
v 4.289744 1.499967 -1.174271
v 4.361858 1.497250 -1.364884
v 4.196047 1.460256 -1.468289
v 4.213823 1.462380 -0.992844
v 4.356239 1.460225 -0.875600
v 4.448578 1.497223 -1.044902
v 4.610662 1.460542 -0.910659
v 4.688137 1.460707 -1.086979
v 4.531125 1.496440 -1.238750
v 4.588667 1.460593 -1.450559
v 4.433313 1.460011 -1.565519
v 3.860505 2.924775 -1.574189
v 3.647016 3.174775 -2.107892
v 3.878281 3.462692 -1.629530
v 4.026788 3.181599 -1.109888
v 3.648357 3.731567 -2.097149
v 3.811683 3.939887 -1.587683
v 4.024888 3.698105 -1.107848
v -4.019234 3.070853 -1.144997
v -3.717160 3.405971 -1.633759
v -3.571028 3.057606 -2.170367
v -4.064044 3.065989 -0.057159
v -3.960711 3.412998 -0.590940
v -3.988700 3.754212 -0.057484
v -3.937262 3.752478 -1.127308
v -3.571262 3.749104 -2.174518
v -2.971828 3.042716 -3.087776
v -2.578877 3.399302 -3.491014
v -2.103516 3.037806 -3.758283
v -3.265405 3.400290 -2.641022
v -3.000030 3.762641 -3.121139
v -2.078275 3.763369 -3.712059
v -1.006855 3.037596 -3.809533
v -0.465478 3.404222 -3.872690
v 0.123199 2.984059 -4.011275
v -1.566975 3.403330 -3.780656
v -1.008722 3.758233 -3.726332
v 0.040796 3.780740 -3.923601
v 1.415933 2.739878 -3.298033
v 1.017298 3.074533 -3.764616
v 1.411882 3.456418 -3.669699
v 1.764023 3.102283 -3.349712
v 0.625103 2.645553 -3.755153
v 0.576602 3.425303 -4.016026
v 1.047432 3.802256 -3.922891
v 1.746725 3.815359 -3.391550
v 3.338325 2.920332 -2.561619
v 3.084946 3.203585 -2.935646
v 3.383132 3.479829 -2.561701
v 2.831453 2.962214 -3.170076
v 2.561461 3.216644 -3.399032
v 2.793141 3.480247 -3.234076
v 2.577643 3.701593 -3.358874
v 2.818078 3.882554 -3.106343
v 3.093256 3.718720 -2.898585
v 3.345282 3.935445 -2.476539
v 3.354860 1.197321 -1.387698
v 2.921680 1.131188 -1.716782
v 2.825510 1.088321 -1.194512
v 3.209925 1.123198 -0.881169
v 2.448592 1.115536 -1.436851
v 2.755055 1.088022 -0.747470
v 3.114792 2.376956 -1.288842
v 3.068254 2.221124 -0.844442
v 2.777452 2.072691 -1.172159
v 2.778785 2.263290 -1.629888
v 3.322069 2.341619 -0.501246
v 3.306293 2.180293 -0.037466
v 3.105924 2.020496 -0.410017
v 3.225133 1.747730 -0.004232
v 2.955939 1.606604 -0.354665
v 2.804588 1.867610 -0.750654
v 2.468159 1.882643 -1.444934
v 1.396791 1.201618 -3.414095
v 0.953362 1.160311 -3.259291
v 1.254840 1.121096 -2.880671
v 1.724951 1.140367 -2.976663
v 0.615582 1.222368 -3.628665
v 0.346751 1.309077 -3.437454
v 0.653584 1.214039 -3.115037
v 0.513756 1.333216 -2.969576
v 0.907845 1.189110 -2.782146
v 1.473769 1.135791 -2.486299
v 0.131875 1.765303 -3.393944
v 0.322173 1.487589 -3.174184
v 0.405834 2.217861 -3.557882
v 0.352017 1.868622 -3.188991
v 0.563288 1.862137 -2.972806
v 0.424387 1.609255 -2.971515
v 0.995831 2.418684 -3.243712
v 0.715120 2.115450 -3.120507
v 1.724302 2.408344 -2.863459
v 1.294317 2.169717 -2.849393
v 1.509021 1.922791 -2.507106
v 0.971725 1.941255 -2.807676
v 2.867621 1.203111 -2.274514
v 2.361706 1.136293 -2.394317
v 2.436672 1.097910 -1.894558
v 2.246600 1.205172 -2.920385
v 1.892466 1.103798 -2.474654
v 2.010131 1.123929 -2.026517
v 2.175368 2.514386 -2.735999
v 2.287553 2.289032 -2.295102
v 1.886857 2.122627 -2.435617
v 2.684541 2.418255 -2.117556
v 2.395453 2.080361 -1.860061
v 2.030819 1.890268 -2.040623
v 3.746071 2.431612 -0.880377
v 3.772540 2.411860 -1.033939
v 3.853558 2.417229 -0.911070
v 3.819700 2.438483 -0.770363
v 3.674483 2.436670 -1.153327
v 3.681982 2.447682 -1.286883
v 3.780330 2.422409 -1.183245
v 3.781461 2.466294 -1.322297
v 3.868366 2.484042 -1.213461
v 3.871212 2.436307 -1.059999
v 3.946648 2.483813 -0.922962
v 3.925873 2.461928 -0.788226
v 3.565215 4.384675 -0.971898
v 3.549127 4.263486 -1.479034
v 3.174741 4.341833 -1.846084
v 3.542736 4.491157 -0.498950
v 3.697165 4.382510 -0.055522
v 3.807493 4.264598 -0.534397
v 3.981857 4.095545 -0.047913
v 4.063366 3.908490 -0.570645
v 3.855044 4.115998 -1.053835
v 3.491935 4.115462 -1.994913
v 2.837876 2.448640 -2.648378
v 2.790135 2.423750 -2.789361
v 2.929139 2.426545 -2.723240
v 2.959426 2.448329 -2.588415
v 2.644168 2.451751 -2.848926
v 2.606734 2.462249 -2.976240
v 2.743562 2.435439 -2.928145
v 2.705107 2.485816 -3.042982
v 2.826172 2.498666 -2.977863
v 2.882368 2.447013 -2.858764
v 3.012586 2.489505 -2.775053
v 3.050506 2.465848 -2.652895
v 1.980457 3.475504 -3.409672
v 2.208423 3.195847 -3.438202
v 2.114130 2.868676 -3.267270
v 2.148260 4.042952 -3.198328
v 2.239993 3.756529 -3.412299
v 2.530483 3.906836 -3.285989
v 2.358296 3.483105 -3.483509
v 2.436357 2.964425 -3.390943
v 2.195960 4.239699 -2.798948
v 2.675716 4.242714 -2.600097
v 2.597233 4.101078 -3.022706
v 2.745632 4.348728 -2.148436
v 3.114072 4.216148 -2.333608
v 2.998092 4.061496 -2.774210
v 2.703984 1.278579 -2.754121
v 2.670667 1.352413 -3.098603
v 2.330482 1.284647 -3.332142
v 3.269235 1.283183 -2.366785
v 3.041619 1.351387 -2.724843
v 3.260780 1.408722 -2.818099
v 2.949668 1.418181 -3.009451
v 2.756520 1.410151 -3.322216
v 3.660104 1.265553 -2.148606
v 3.820172 1.305754 -2.550506
v 3.485873 1.357140 -2.655751
v 4.224320 1.263920 -2.479727
v 4.124282 1.280511 -2.949822
v 3.840906 1.359319 -2.896446
v 3.722944 1.412511 -3.172254
v 3.567056 1.419533 -2.914955
v 3.652445 1.262171 -3.715542
v 3.785156 1.351554 -3.358661
v 2.932818 1.275230 -4.228365
v 3.310380 1.349192 -3.859942
v 3.122099 1.409142 -3.793688
v 3.491401 1.417632 -3.553460
v 2.485529 1.260222 -4.332205
v 2.516823 1.303263 -3.911506
v 2.849789 1.354803 -3.928933
v 2.136414 1.267007 -3.733762
v 2.598579 1.356010 -3.560718
v 2.851320 1.417712 -3.641515
v 1.030692 1.273513 -3.732619
v 0.860389 1.352048 -4.021491
v 0.509377 1.280549 -4.035659
v 1.703026 1.283808 -3.705336
v 1.341252 1.350476 -3.888905
v 1.503584 1.409232 -4.076844
v 1.143992 1.418258 -4.088150
v 0.852946 1.410547 -4.264407
v 2.098749 1.305825 -4.155344
v 1.766432 1.357705 -4.056944
v 2.212444 1.276892 -4.658151
v 1.975585 1.357747 -4.437458
v 1.771039 1.410996 -4.597270
v 1.735695 1.417435 -4.305077
v 1.571467 1.261413 -5.045141
v 1.767040 1.352529 -4.798565
v 0.907681 1.250757 -5.074755
v 1.229688 1.350910 -4.982617
v 1.059587 1.412430 -4.843192
v 1.448386 1.420039 -4.812231
v 0.535200 1.241823 -4.650956
v 0.803063 1.344248 -4.823279
v 0.650396 1.347398 -4.391301
v 0.848472 1.418918 -4.587154
v 3.677132 1.273542 -1.010295
v 3.826804 1.351006 -1.320480
v 3.642012 1.282766 -1.697160
v 3.604387 1.199445 -0.534483
v 3.995854 1.288035 -0.415333
v 3.964322 1.351163 -0.816829
v 4.202809 1.409801 -0.785091
v 4.028362 1.419362 -1.104905
v 4.018884 1.410244 -1.468004
v 4.748598 1.360496 -0.573146
v 4.778967 1.412458 -0.860143
v 4.514719 1.419757 -0.718288
v 4.317603 1.360110 -0.542884
v 4.553366 1.283198 -2.150117
v 4.723661 1.357998 -1.648529
v 4.966331 1.274356 -1.357413
v 4.540565 1.413169 -1.688521
v 4.756214 1.422693 -1.302193
v 4.922337 1.356390 -0.990560
v 4.079617 1.304512 -2.092971
v 4.367382 1.358547 -1.935591
v 3.997542 1.356395 -1.751017
v 4.254822 1.417475 -1.694502
v 3.288698 2.493992 -1.522945
v 3.474034 2.474109 -1.197442
v 3.369473 2.417564 -0.933297
v 3.586489 2.482927 -1.306611
v 3.624176 2.443292 -0.994697
v 3.573590 2.444836 -0.745612
v 3.731951 2.457221 -0.702157
v 3.204608 2.529379 -1.870241
v 3.473900 2.576766 -1.745888
v 3.513407 2.523029 -1.510553
v 3.484593 2.677579 -2.019822
v 3.735273 2.708089 -1.727987
v 3.688395 2.575590 -1.591058
v 3.820219 2.536034 -1.396087
v 3.669884 2.493255 -1.433900
v 3.997691 2.768792 -1.094079
v 3.899154 2.634972 -1.342574
v 4.078978 2.920234 -0.613071
v 4.051349 2.709196 -0.410285
v 4.029360 2.635556 -0.821963
v 3.995477 2.536372 -0.736073
v 3.953751 2.549559 -1.079391
v 3.772784 2.494215 -0.486816
v 3.887559 2.485517 -0.630849
v 3.978423 2.576635 -0.498538
v 2.537483 2.508487 -2.547340
v 2.781414 2.510070 -2.470559
v 2.951562 2.503269 -2.127723
v 2.226842 2.626283 -3.023567
v 2.485273 2.532602 -2.821228
v 2.514352 2.501372 -2.952300
v 2.688610 2.484983 -2.703555
v 2.919842 2.487862 -2.494559
v 2.385640 2.752732 -3.282664
v 2.419614 2.591654 -3.115130
v 2.664510 2.786016 -3.250569
v 2.590951 2.644409 -3.214137
v 2.735070 2.561957 -3.097557
v 2.578011 2.529645 -3.110784
v 3.049805 2.774747 -2.906594
v 2.854818 2.661029 -3.061993
v 3.376709 2.708535 -2.377902
v 3.150296 2.640878 -2.713452
v 3.135997 2.538052 -2.636147
v 2.966186 2.562720 -2.897360
v 3.239460 2.576901 -2.163839
v 3.223524 2.576435 -2.424525
v 3.052846 2.521297 -2.323390
v 3.078539 2.491770 -2.501500
v 2.334100 4.324934 -2.357798
v 2.403780 4.385483 -2.032098
v 2.744408 4.443701 -1.851237
v 1.870038 4.338450 -2.808994
v 2.023584 4.358004 -2.439003
v 1.828436 4.446650 -2.416781
v 2.099764 4.395465 -2.135187
v 2.388303 4.462877 -1.841021
v 1.635493 4.648758 -2.819016
v 1.733554 4.509762 -2.638428
v 1.730786 4.952958 -2.601168
v 1.673558 4.769119 -2.558928
v 1.745767 4.816389 -2.326221
v 1.672165 4.630891 -2.447478
v 2.160354 5.059711 -2.185644
v 1.902935 4.944481 -2.293955
v 2.600293 4.959523 -1.763027
v 2.283169 4.951810 -1.928509
v 2.311667 4.826364 -1.773461
v 2.007610 4.887101 -2.035026
v 2.818172 4.680104 -1.650427
v 2.568602 4.780162 -1.697309
v 2.628561 4.540954 -1.735352
v 2.435867 4.637310 -1.697980
v -1.401858 -0.016532 -0.348477
v -1.690973 -0.080008 -0.058589
v -1.973948 -0.174600 -0.267388
v -1.724652 -0.090859 -0.570130
v -2.229025 -0.200181 -0.056860
v -2.440909 -0.237207 -0.179685
v -2.241364 -0.216860 -0.392575
v 0.032983 0.014372 -0.411436
v -0.344254 0.017132 -0.059924
v -0.710961 0.017169 -0.389330
v -0.338606 0.009985 -0.743251
v -1.063351 0.013244 -0.059888
v -1.078063 0.008843 -0.686575
v 1.458411 -0.021337 -0.359573
v 1.131634 0.011791 -0.059360
v 0.780022 0.012974 -0.409683
v 1.141223 -0.001133 -0.711534
v 0.406663 0.015891 -0.059924
v 0.419582 0.005764 -0.762649
v 2.188457 -0.265005 -0.404734
v 2.315361 -0.237024 -0.148092
v 2.172560 -0.167978 -0.040805
v 1.983824 -0.172610 -0.273414
v 1.751720 -0.110895 -0.582094
v 1.742983 -0.063805 -0.052177
v -3.535352 0.332503 -0.448577
v -3.688786 0.474419 -0.055896
v -3.524150 0.503561 -0.894374
v -2.205495 0.285828 -2.616822
v -2.578479 0.514349 -2.432951
v -1.845926 0.447235 -3.027604
v -1.397860 0.237192 -3.084319
v -0.945524 0.430447 -3.405757
v -0.484734 0.215138 -3.349354
v -0.036209 0.373611 -3.656198
v 1.206718 0.155814 -3.936644
v 0.883158 0.363277 -4.241389
v 1.611810 0.215474 -4.105011
v 1.955321 0.050597 -3.695411
v 2.403806 0.163466 -3.684617
v 2.713646 0.021724 -3.170836
v 3.183847 0.151661 -3.000563
v 3.393254 0.026030 -2.417764
v 3.820300 0.149488 -2.111078
v 3.891280 0.020288 -1.515856
v 4.233880 0.149344 -1.101902
v -0.338948 -0.038342 -2.777221
v -0.884590 0.075661 -2.979249
v 0.005377 0.044993 -3.193547
v -1.256025 -0.009760 -2.527251
v -1.756524 0.105879 -2.643882
v -2.044919 0.027280 -2.148616
v -2.469535 0.164256 -2.125306
v -3.345918 0.088610 -0.368586
v -3.475965 0.196097 -0.059885
v -3.344079 0.203653 -0.764588
v 2.599416 -0.203015 -1.474671
v 2.468740 -0.172667 -1.910494
v 2.841225 -0.171322 -1.783674
v 2.918555 -0.241075 -1.327858
v 2.076019 -0.190999 -1.951573
v 1.862281 -0.297124 -2.373551
v 2.290790 -0.253235 -2.356784
v 1.418011 -0.238704 -2.329057
v 1.180650 -0.253273 -2.748874
v 1.644825 -0.323905 -2.793465
v 0.656277 -0.153763 -2.678576
v 0.517121 -0.081076 -3.123411
v 1.005313 -0.179224 -3.146134
v 0.255423 0.143430 -3.532832
v 0.564920 0.021667 -3.476125
v 2.951384 -0.332094 -0.914182
v 3.206709 -0.261293 -1.106710
v 3.187375 -0.320273 -0.689673
v -2.486800 -0.213077 -0.467677
v -2.592394 -0.230086 -0.270201
v -2.763242 -0.185049 -0.267329
v -2.736160 -0.165543 -0.464803
v -1.439845 -0.023552 -0.933829
v -2.032444 -0.134860 -0.720523
v -1.786863 -0.056579 -1.101067
v -2.331447 -0.139753 -0.799824
v 0.050508 -0.010599 -1.095763
v -0.716965 -0.004049 -1.048827
v -0.330868 -0.030955 -1.412570
v -1.104164 -0.025795 -1.310316
v 1.481478 -0.040245 -0.933052
v 0.805808 -0.014498 -1.068738
v 1.183576 -0.037359 -1.296256
v 0.453196 -0.038639 -1.412848
v 1.797411 -0.101102 -1.073200
v 2.013830 -0.199904 -0.717684
v 2.257992 -0.284681 -0.779167
v 2.380987 -0.338277 -0.456235
v 2.687082 -0.310751 -1.066241
v 2.401785 -0.238537 -1.142321
v 2.261521 -0.144336 -1.540479
v 2.504576 -0.363845 -0.775431
v 2.103131 -0.156319 -1.141777
v 1.907796 -0.104791 -1.525323
v 1.672774 -0.166866 -1.918622
v 1.548808 -0.068997 -1.444276
v 1.266638 -0.107328 -1.817273
v 0.962301 -0.155633 -2.222977
v 0.859740 -0.070014 -1.653274
v 0.513969 -0.098649 -2.036119
v 0.136633 -0.097741 -2.454250
v 0.081363 -0.063470 -1.755205
v -0.320473 -0.079998 -2.072688
v -0.767970 -0.067206 -2.332981
v -0.730917 -0.055830 -1.683816
v -1.150081 -0.066582 -1.895093
v -1.591301 -0.045227 -2.056301
v -1.489751 -0.049312 -1.490800
v -1.876433 -0.049086 -1.600836
v -2.278916 -0.009540 -1.660969
v -2.124852 -0.067277 -1.183690
v -2.464658 -0.046578 -1.201925
v -2.800947 0.013655 -1.150725
v -2.663083 0.078706 -1.626309
v -2.621757 -0.116037 -0.800636
v -2.902683 -0.054506 -0.728653
v -3.150717 0.008432 -0.587821
v -3.100616 0.097410 -1.003017
v -2.959428 -0.102746 -0.388479
v -3.137570 -0.052559 -0.268868
v -3.276047 0.009022 -0.059792
v -2.922085 -0.129562 -0.176893
v -3.048793 -0.084346 -0.059118
v 2.744214 -0.387239 -0.702857
v 2.777183 -0.370522 -0.395197
v 2.581561 -0.381808 -0.453596
v 2.962043 -0.361496 -0.555798
v -3.149274 0.537706 -1.700203
v -3.280767 0.351246 -1.220174
v -2.831519 0.342840 -1.962433
v -2.995766 0.208224 -1.470735
v 1.224709 -0.067608 -3.520743
v 0.943207 0.079419 -3.724010
v 1.555804 -0.030649 -3.621732
v 1.838949 -0.204348 -3.233149
v 2.259870 -0.111806 -3.240133
v 2.511727 -0.191190 -2.753302
v 2.952647 -0.073269 -2.631364
v 3.106893 -0.123230 -2.090630
v 3.504262 -0.067688 -1.842023
v 3.524421 -0.158344 -1.304085
v 3.857135 -0.090978 -0.965022
v 5.245137 0.751600 -0.059924
v 5.045884 0.600435 -0.704399
v 5.272917 0.899422 -0.737034
v 5.314096 1.045176 -0.059924
v 5.194995 1.170997 -0.763916
v 3.490179 4.600572 -0.059924
v 3.391543 4.736170 -0.474407
v 3.333094 4.906850 -0.059924
v 3.209851 5.115433 -0.461874
v 3.108281 5.332772 -0.066421
v 3.022357 5.608410 -0.443995
v 2.942146 5.854151 -0.053166
v 2.841257 6.131665 -0.384060
v 2.690752 6.318142 -0.035504
v 2.418203 6.436118 -0.320233
v 2.195225 6.484548 -0.041566
v 1.920106 6.446739 -0.216465
v -1.885065 6.947143 -0.050314
v -1.714962 6.857384 -0.151819
v 1.751998 6.409014 -0.049924
v 1.588909 6.346571 -0.119108
v 2.938334 1.128914 -0.010679
v 2.796155 1.101548 -0.361085
v 2.790910 1.286728 -0.342128
v 3.093471 1.359773 0.005896
v 4.841117 0.446676 -0.059924
v 4.541262 0.295445 -0.617447
v 4.132491 3.142591 -0.049374
v 4.128673 3.426618 -0.584366
v 4.148088 3.670329 -0.046412
v 3.445188 1.117486 -0.052997
v 3.109618 1.067422 -0.426609
v 3.039094 1.039475 -0.032633
v 4.227590 1.276030 -0.059924
v 4.558442 1.312872 -0.305607
v 4.897118 1.268784 -0.059924
v 5.040560 1.282141 -0.487666
v 3.561544 2.443804 -0.379919
v 3.980816 2.676713 -0.049305
v 3.867110 2.568811 -0.268553
v 3.675268 2.495813 -0.049014
v 4.377562 0.147967 -0.060530
v 4.155581 0.017249 -0.550326
v 3.094379 -0.194437 -0.048762
v 2.948092 -0.294173 -0.262849
v 3.159554 -0.277471 -0.338327
v 2.907190 -0.199850 -0.044672
v 2.793536 -0.271064 -0.149311
v 3.404993 -0.244561 -0.404338
v 3.323145 -0.187568 -0.052346
v 2.466408 -0.266958 -0.169945
v 2.635410 -0.286031 -0.170317
v 3.983983 -0.073795 -0.059765
v 3.741676 -0.161230 -0.476029
v 4.165131 0.751600 -3.251798
v 3.225167 0.751600 -4.237002
v 3.265119 1.036083 -4.296851
v 4.207578 1.038367 -3.287045
v 2.155806 0.751600 -4.933229
v 1.205345 0.740442 -5.217561
v 1.192467 1.013177 -5.293791
v 2.183515 1.036083 -5.001641
v -1.421637 0.959393 -3.447976
v -0.388222 0.941853 -3.690874
v -3.023502 1.030998 -2.278163
v -2.295261 0.994446 -2.991586
v -3.974138 0.964030 -0.535625
v -3.625442 1.006904 -1.473959
v 4.850046 0.751600 -2.045898
v 4.896308 1.043122 -2.060871
v 2.089457 4.532119 -1.862544
v 1.817414 4.528867 -2.139531
v 1.779119 4.704916 -2.102141
v 2.055341 4.706657 -1.822800
v 1.362908 4.427655 -3.446653
v 0.525564 4.420149 -3.775333
v 0.454517 4.917787 -3.464991
v 1.249594 4.896860 -3.179659
v -0.477164 4.393873 -3.645818
v -1.472809 4.408500 -3.557570
v -1.331670 4.923080 -3.212595
v -0.449743 4.906674 -3.400483
v -2.469483 4.453947 -3.315999
v -3.301468 4.455906 -2.613248
v -2.879202 4.969736 -2.256617
v -2.171758 4.959428 -2.875504
v -3.833178 4.442479 -1.645621
v -4.049071 4.438190 -0.581656
v -3.602797 4.956235 -0.511743
v -3.364534 4.961516 -1.429572
v 3.212378 4.583956 -1.292917
v 3.083329 4.897375 -1.248589
v 2.547696 5.376651 -1.985496
v 1.919552 5.365441 -2.514938
v 1.805371 5.852807 -2.329044
v 2.420894 5.869129 -1.834386
v 1.187938 5.336604 -2.894365
v 0.381944 5.356615 -3.158972
v 0.334090 5.832607 -2.847008
v 1.092283 5.824937 -2.635052
v -0.418074 5.366185 -3.129791
v -1.178381 5.368952 -2.849218
v -1.080206 5.845560 -2.558069
v -0.385990 5.833966 -2.787090
v -1.883889 5.383287 -2.475387
v -2.471286 5.387961 -1.929833
v -2.369788 5.937345 -1.840288
v -1.785008 5.915412 -2.334357
v -2.846903 5.377128 -1.221151
v -3.020586 5.373220 -0.432524
v -2.670686 5.877829 -0.388089
v -2.627155 5.901307 -1.129636
v 2.967081 5.361788 -1.260548
v 2.804637 5.886230 -1.161544
v 2.028327 6.197634 -1.445487
v 1.535292 6.216528 -1.877118
v 1.201465 6.367342 -1.307335
v 1.606074 6.301108 -0.992675
v 0.952771 6.243898 -2.180100
v 0.297031 6.246458 -2.316360
v 0.244609 6.540941 -1.689992
v 0.744135 6.468076 -1.542348
v -0.336622 6.261886 -2.312871
v -0.972212 6.340509 -2.262360
v -0.835128 6.728438 -1.753086
v -0.270165 6.635450 -1.789141
v -1.634073 6.439021 -2.095778
v -2.189567 6.459877 -1.626976
v -1.782424 6.712612 -1.192910
v -1.358355 6.723374 -1.538968
v -2.475651 6.443336 -0.995500
v -2.546740 6.432157 -0.354204
v -2.287933 6.857927 -0.295379
v -2.107708 6.798184 -0.773650
v 2.407300 6.250315 -0.951942
v 1.944156 6.359919 -0.669058
v 1.277104 6.385365 -0.574828
v 0.978826 6.520144 -0.778009
v 0.639362 6.673993 -0.962277
v 0.226976 6.818567 -1.105088
v -0.248163 6.897450 -1.152480
v -0.704489 6.850700 -1.064542
v -1.063166 6.694780 -0.930806
v -1.398157 6.648392 -0.735351
v -1.669954 6.805370 -0.493157
v 1.559591 6.344992 -0.383591
v 2.394582 1.252763 -1.006390
v 2.436748 1.521534 -1.022512
v -3.873316 1.640933 -1.623286
v -4.193777 1.630345 -0.583231
v -4.250684 2.356092 -0.607880
v -3.982320 2.353566 -1.705384
v -2.388174 1.629972 -3.201334
v -3.181991 1.649853 -2.450771
v -3.307031 2.342014 -2.596257
v -2.492994 2.322005 -3.377433
v -0.448596 1.572822 -3.607410
v -1.474463 1.602973 -3.587891
v -1.538896 2.313787 -3.730153
v -0.457494 2.244189 -3.755121
v 1.118716 1.309719 -2.417283
v 0.705836 1.395176 -2.681043
v 0.736890 1.624634 -2.711620
v 1.149493 1.563872 -2.460806
v 2.056772 1.265356 -1.595130
v 1.606194 1.265004 -2.073482
v 1.635167 1.520714 -2.105898
v 2.092453 1.520306 -1.619241
v 3.022361 0.447850 -3.858323
v 3.864945 0.446215 -2.957650
v 3.030196 1.490350 -3.312274
v 3.249882 1.489159 -3.094801
v 3.434646 1.488843 -3.257241
v 3.196174 1.488297 -3.497152
v 1.255073 0.493802 -4.789512
v 2.077292 0.455938 -4.498523
v 0.264588 0.919292 -4.269688
v 0.573676 0.959074 -5.006765
v 0.748304 0.659124 -4.924383
v 1.111936 1.490848 -4.384937
v 1.391185 1.487927 -4.299075
v 1.496174 1.486169 -4.523811
v 1.204219 1.488570 -4.621216
v 4.482382 0.447107 -1.857315
v 4.249340 1.489672 -1.323477
v 4.330675 1.489414 -1.025598
v 4.569203 1.487437 -1.073481
v 4.481404 1.487211 -1.401704
v 3.868342 3.179931 -1.622136
v 3.865685 3.718259 -1.618086
v -3.828304 3.065580 -1.669169
v -4.096047 3.070767 -0.600548
v -4.002015 3.754596 -0.592311
v -3.785177 3.749379 -1.656956
v -2.572045 3.038191 -3.488012
v -3.295180 3.049585 -2.645897
v -3.321011 3.755443 -2.673253
v -2.573912 3.764935 -3.486155
v -0.425916 3.003268 -3.921712
v -1.573920 3.043358 -3.810256
v -1.548733 3.758989 -3.742621
v -0.481682 3.767542 -3.811688
v 1.419128 3.089260 -3.525637
v 0.594796 3.023639 -3.942704
v 0.567117 3.791655 -3.986979
v 1.431894 3.814512 -3.652406
v 3.375651 3.186711 -2.555275
v 2.805601 3.213240 -3.220356
v 2.816132 3.704818 -3.178997
v 3.380773 3.729677 -2.530977
v 3.084206 1.127053 -1.309522
v 2.608488 1.105045 -1.100169
v 2.938691 2.244120 -1.246748
v 3.205249 2.203306 -0.441125
v 3.029329 1.812394 -0.378999
v 2.632879 1.884146 -1.107741
v 1.340551 1.143529 -3.143315
v 0.613183 1.203374 -3.372257
v 0.678030 1.245413 -2.895877
v 1.182883 1.154494 -2.650355
v 0.180800 1.513776 -3.410120
v 0.216519 2.011492 -3.492614
v 0.462465 1.750404 -2.980858
v 0.435346 1.462345 -2.981272
v 0.670926 2.349929 -3.441513
v 1.364598 2.435122 -3.064698
v 1.234274 1.938393 -2.675872
v 0.740553 1.920794 -2.910866
v 2.665426 1.134120 -2.070532
v 2.056776 1.138165 -2.711680
v 1.751143 1.127243 -2.275777
v 2.245876 1.120929 -1.746257
v 2.022006 2.347463 -2.598974
v 2.550777 2.269617 -1.975706
v 2.264375 1.883747 -1.756910
v 1.776786 1.905015 -2.293022
v 3.804532 2.418411 -0.901905
v 3.733072 2.421928 -1.164844
v 3.827989 2.442835 -1.193476
v 3.900832 2.439710 -0.923905
v 3.393075 4.370205 -1.419590
v 3.664952 4.386025 -0.515719
v 3.950065 4.104479 -0.553990
v 3.697414 4.120839 -1.538198
v 2.881974 2.428010 -2.691482
v 2.696958 2.433623 -2.887051
v 2.789044 2.456103 -2.953655
v 2.968835 2.447037 -2.756765
v 2.015713 3.148081 -3.360786
v 2.018157 3.791731 -3.356350
v 2.406045 3.722655 -3.424892
v 2.376371 3.214774 -3.461300
v 2.390221 4.175361 -2.933115
v 2.936422 4.298771 -2.238670
v 3.253372 4.096322 -2.411825
v 2.742483 4.009059 -3.067347
v 2.464470 1.279635 -3.034299
v 2.978738 1.278440 -2.506846
v 3.099108 1.413230 -2.885808
v 2.825473 1.414360 -3.158479
v 3.555981 1.296774 -2.408246
v 4.043005 1.296684 -2.712836
v 3.682268 1.416523 -3.025166
v 3.421661 1.413878 -2.836873
v 3.963805 1.268191 -3.316054
v 3.281064 1.264891 -4.052298
v 3.306707 1.413089 -3.711854
v 3.644736 1.415160 -3.360974
v 2.690863 1.292073 -4.145796
v 2.372313 1.296656 -3.632415
v 2.772811 1.413950 -3.489992
v 2.969026 1.413398 -3.756493
v 0.719536 1.279968 -3.845386
v 1.380342 1.275190 -3.668832
v 1.329571 1.413727 -4.055686
v 0.973484 1.414480 -4.156041
v 1.933281 1.298176 -3.893432
v 2.227071 1.294271 -4.413288
v 1.791181 1.414164 -4.453130
v 1.639393 1.413130 -4.169811
v 1.949063 1.267059 -4.880831
v 1.214182 1.256588 -5.114903
v 1.243819 1.416427 -4.860066
v 1.640449 1.415589 -4.720803
v 0.682435 1.242082 -4.909331
v 0.462721 1.261240 -4.331959
v 0.817279 1.414611 -4.418280
v 0.928523 1.415727 -4.740506
v 3.607737 1.275195 -1.371536
v 3.803791 1.277807 -0.669532
v 4.096353 1.414493 -0.923928
v 3.996032 1.415079 -1.293987
v 4.670538 1.416093 -0.755044
v 4.350539 1.414607 -0.722425
v 4.781889 1.276496 -1.826195
v 4.664337 1.418442 -1.528075
v 4.800975 1.417675 -1.061039
v 4.320613 1.296346 -2.202513
v 3.826359 1.296263 -1.931077
v 4.116444 1.413445 -1.603777
v 4.400129 1.415112 -1.733375
v 3.303965 2.449704 -1.255775
v 3.592841 2.461917 -1.163742
v 3.670494 2.445192 -0.830457
v 3.357751 2.531788 -1.671024
v 3.599919 2.642600 -1.793416
v 3.741919 2.513684 -1.444421
v 3.615122 2.488187 -1.392314
v 3.879419 2.752031 -1.463966
v 4.055425 2.752742 -0.711053
v 3.991296 2.547503 -0.890790
v 3.893779 2.546865 -1.261115
v 3.808696 2.468988 -0.640929
v 3.955360 2.511846 -0.655995
v 2.750945 2.493007 -2.299321
v 2.340073 2.558261 -2.799601
v 2.580121 2.490922 -2.832328
v 2.807374 2.485636 -2.580827
v 2.265920 2.696499 -3.186698
v 2.514342 2.778818 -3.305123
v 2.646809 2.547664 -3.128282
v 2.523753 2.514247 -3.048622
v 2.848627 2.785591 -3.115479
v 3.251152 2.750690 -2.630650
v 3.071926 2.553965 -2.761100
v 2.847715 2.566181 -3.015048
v 3.350513 2.643390 -2.238596
v 3.110437 2.530713 -2.104722
v 3.009448 2.486631 -2.475170
v 3.129463 2.513117 -2.552387
v 2.566927 4.370561 -2.084339
v 2.088957 4.301886 -2.620577
v 1.954197 4.404127 -2.295227
v 2.259667 4.414703 -1.977436
v 1.715875 4.471649 -2.859368
v 1.637925 4.817041 -2.735264
v 1.680549 4.732030 -2.407381
v 1.727944 4.529001 -2.459072
v 1.921701 5.032964 -2.409784
v 2.396426 5.035846 -1.953289
v 2.169988 4.874338 -1.888979
v 1.860495 4.867931 -2.191436
v 2.742320 4.828894 -1.665167
v 2.823513 4.549294 -1.709527
v 2.440056 4.541029 -1.744989
v 2.396680 4.739889 -1.708633
v -1.701095 -0.092832 -0.312054
v -2.228685 -0.220693 -0.218362
v -0.342353 0.016465 -0.402502
v -1.067973 0.013150 -0.372780
v 1.133294 0.007594 -0.390300
v 0.410179 0.014221 -0.415279
v 2.172944 -0.223932 -0.221959
v 1.743783 -0.093241 -0.319947
v -3.637096 0.486836 -0.478493
v -2.233608 0.479412 -2.754043
v -1.410025 0.435725 -3.238775
v -0.472047 0.416973 -3.546762
v 1.235098 0.271308 -4.197914
v 2.003981 0.181607 -3.931409
v 2.803479 0.154809 -3.372136
v 3.525760 0.150042 -2.576487
v 4.058552 0.149526 -1.615508
v -0.417833 0.061571 -3.088463
v -1.335166 0.088519 -2.833068
v -2.135631 0.133482 -2.405655
v -3.440704 0.198491 -0.411644
v 2.716185 -0.187310 -1.630952
v 2.179961 -0.232193 -2.156404
v 1.528136 -0.298694 -2.566799
v 0.822938 -0.177227 -2.932502
v 0.325311 0.024663 -3.327333
v 3.072116 -0.298910 -1.011284
v -2.651795 -0.206308 -0.363979
v -1.753455 -0.073908 -0.837217
v -2.278621 -0.185255 -0.591934
v -0.334960 -0.006783 -1.080356
v -1.089803 -0.004954 -1.002176
v 1.157901 -0.016019 -1.013353
v 0.433718 -0.012929 -1.094048
v 1.768020 -0.109929 -0.832986
v 2.215216 -0.285001 -0.591661
v 2.494508 -0.219015 -1.312222
v 2.321564 -0.264810 -0.963675
v 1.985112 -0.142634 -1.741316
v 1.844617 -0.095165 -1.303297
v 1.331994 -0.169997 -2.076296
v 1.218492 -0.065457 -1.560747
v 0.563237 -0.127380 -2.367312
v 0.478618 -0.068141 -1.722419
v -0.315676 -0.079217 -2.428754
v -0.325790 -0.059636 -1.738655
v -1.194526 -0.057109 -2.209098
v -1.122108 -0.051241 -1.601729
v -1.954254 -0.027870 -1.873787
v -1.824245 -0.053480 -1.349433
v -2.560810 0.005268 -1.417258
v -2.390830 -0.094224 -0.999634
v -3.000349 0.012735 -0.869439
v -2.817203 -0.114437 -0.590066
v -3.243762 0.006670 -0.320293
v -3.030680 -0.094293 -0.216423
v 2.656816 -0.396630 -0.583476
v 2.842244 -0.363633 -0.812234
v -3.361778 0.524018 -1.303436
v -2.885935 0.534132 -2.079188
v -2.755279 0.191131 -1.809753
v -3.193901 0.209646 -1.119982
v 1.224186 0.037120 -3.715852
v 1.903759 -0.084725 -3.461635
v 2.615941 -0.098587 -2.961789
v 3.250646 -0.064062 -2.253608
v 3.707803 -0.080881 -1.410104
v 5.201105 0.751600 -0.728117
v 5.267284 1.042535 -0.734207
v 3.461143 4.602404 -0.485076
v 3.305302 4.908866 -0.467244
v 3.112616 5.350821 -0.456578
v 2.947830 5.881577 -0.416760
v 2.654862 6.320012 -0.355067
v 2.160843 6.469482 -0.269994
v -1.836962 6.931135 -0.206081
v 1.733312 6.394520 -0.171756
v 2.760710 1.176556 -0.346538
v 2.866224 1.430733 -0.343605
v 4.801304 0.447297 -0.662810
v 4.109514 3.159203 -0.583032
v 4.118096 3.679459 -0.580504
v 3.355743 1.121106 -0.464134
v 2.917775 1.063036 -0.390016
v 4.261462 1.304278 -0.313793
v 4.844617 1.300148 -0.331480
v 5.066843 1.274890 -0.870441
v 3.451149 2.416217 -0.619310
v 3.984201 2.643471 -0.287177
v 3.713211 2.498463 -0.281233
v 4.339658 0.148132 -0.582388
v 3.048530 -0.288180 -0.302542
v 2.864562 -0.292881 -0.217990
v 3.274841 -0.264623 -0.371462
v 2.519964 -0.332790 -0.312733
v 3.948125 -0.085309 -0.513948
v 4.165131 0.751600 3.131949
v 3.225167 0.751600 4.117153
v 3.265120 1.036083 4.177004
v 4.207578 1.038367 3.167195
v 2.155806 0.751600 4.813381
v 1.205345 0.740442 5.097713
v 1.192467 1.013177 5.173942
v 2.183515 1.036083 4.881794
v -1.501201 0.940054 3.482130
v -0.452209 0.929347 3.639037
v -3.175408 0.954683 2.339949
v -2.436162 0.939315 3.122701
v -4.030327 0.928245 0.451874
v -3.739835 0.936584 1.429313
v 4.850046 0.751600 1.926050
v 4.896308 1.043122 1.941022
v 2.089457 4.532119 1.742694
v 1.817414 4.528867 2.019681
v 1.779116 4.704912 1.982291
v 2.055322 4.706636 1.702937
v 1.357676 4.420736 3.307038
v 0.507493 4.388952 3.746301
v 0.434678 4.912608 3.414929
v 1.251786 4.880451 3.054953
v -0.487054 4.381260 3.667622
v -1.509544 4.418219 3.546996
v -1.422053 5.005375 3.285387
v -0.479202 4.936486 3.379549
v -2.499840 4.457210 3.274612
v -3.260844 4.449797 2.523357
v -3.038063 5.039524 2.327155
v -2.340846 5.068658 3.035987
v -3.748474 4.422820 1.566507
v -3.991487 4.420075 0.495889
v -3.593177 4.953200 0.445811
v -3.419254 4.976204 1.424894
v 3.212378 4.583956 1.173067
v 3.082636 4.896709 1.128251
v 2.404411 5.290031 1.762760
v 1.853606 5.291401 2.322384
v 1.749544 5.853369 2.196817
v 2.158125 5.712189 1.568003
v 1.189970 5.311364 2.764693
v 0.400519 5.350520 3.007530
v 0.388303 5.875523 2.726058
v 1.147440 5.919684 2.604468
v -0.433828 5.390356 3.003433
v -1.303790 5.511940 2.963979
v -1.154221 5.993549 2.598139
v -0.386879 5.895843 2.724845
v -2.156771 5.627567 2.760580
v -2.761480 5.614421 2.109372
v -2.564978 6.195634 1.924637
v -1.916067 6.116709 2.384526
v -2.987518 5.492662 1.246918
v -3.044758 5.397715 0.384895
v -2.752871 5.926924 0.348634
v -2.820572 6.086329 1.146501
v 2.834681 5.279218 1.084630
v 2.530567 5.696410 0.927205
v 1.882221 6.161781 1.306850
v 1.655358 6.424404 1.913438
v 1.425239 6.769032 1.400559
v 1.571151 6.470596 0.977293
v 1.098551 6.499336 2.312396
v 0.382716 6.388626 2.348352
v 0.348428 6.679710 1.711180
v 0.944805 6.824750 1.676489
v -0.302129 6.392654 2.338589
v -0.963769 6.427952 2.169012
v -0.747250 6.572094 1.571470
v -0.175916 6.588170 1.669117
v -1.596098 6.508169 1.922854
v -2.195361 6.638010 1.592243
v -1.741860 6.788219 1.099855
v -1.284821 6.650864 1.384192
v -2.562895 6.611529 0.980818
v -2.599238 6.480214 0.291382
v -2.275003 6.870403 0.209610
v -2.091226 6.855767 0.686091
v 2.209296 6.104783 0.755904
v 1.825023 6.328614 0.554848
v 1.304709 6.622123 0.576293
v 1.193424 6.898371 0.790082
v 0.788314 6.988232 0.965382
v 0.297253 6.844349 1.002560
v -0.077963 6.629150 0.947295
v -0.550950 6.510937 0.897228
v -1.023955 6.529446 0.788386
v -1.378239 6.614223 0.589300
v -1.653880 6.744595 0.346515
v 1.475927 6.396972 0.320035
v 2.643060 1.184476 0.922118
v 2.768574 1.415118 0.950532
v -4.026543 1.606411 1.602994
v -4.231744 1.614319 0.498230
v -4.148431 2.341534 0.497086
v -3.866440 2.332701 1.586790
v -2.556462 1.609332 3.329015
v -3.438065 1.610633 2.597443
v -3.396856 2.348958 2.632257
v -2.592861 2.346932 3.394973
v -0.490541 1.546161 3.683388
v -1.544067 1.584763 3.702580
v -1.564332 2.284321 3.895215
v -0.471316 2.188858 3.918464
v 1.118716 1.309719 2.297436
v 0.705836 1.395176 2.561192
v 0.736890 1.624634 2.591774
v 1.149493 1.563872 2.340959
v 2.060525 1.264424 1.475790
v 1.606194 1.265004 1.953633
v 1.635167 1.520714 1.986051
v 2.101083 1.517394 1.500617
v 3.022361 0.447850 3.738474
v 3.864945 0.446215 2.837800
v 3.030196 1.490350 3.192425
v 3.249882 1.489159 2.974951
v 3.434646 1.488843 3.137393
v 3.196174 1.488297 3.377305
v 1.221076 0.474874 4.694632
v 2.067289 0.452457 4.381203
v 0.203412 0.914956 4.196620
v 0.544123 0.961258 4.905027
v 0.694755 0.645864 4.845083
v 1.111936 1.490848 4.265088
v 1.391185 1.487927 4.179226
v 1.496174 1.486169 4.403964
v 1.204219 1.488570 4.501371
v 4.482382 0.447107 1.737466
v 4.249340 1.489672 1.203628
v 4.330675 1.489414 0.905748
v 4.569200 1.487437 0.953631
v 4.481404 1.487211 1.281855
v 3.873192 3.183170 1.511915
v 3.865233 3.717534 1.506327
v -3.542254 3.054229 1.486716
v -3.928533 3.057178 0.463826
v -3.906582 3.749799 0.471669
v -3.594306 3.756140 1.508237
v -2.512220 3.086261 3.377751
v -3.120770 3.080830 2.489888
v -3.113781 3.778487 2.466775
v -2.496152 3.791668 3.351921
v -0.417582 2.945488 4.098647
v -1.581253 3.035006 3.991388
v -1.573942 3.765029 3.836041
v -0.470367 3.718130 3.925305
v 1.478600 3.043625 3.448201
v 0.679105 2.946908 3.876931
v 0.598330 3.721244 3.920093
v 1.449456 3.789545 3.504523
v 3.378320 3.187541 2.436014
v 2.805601 3.213240 3.100508
v 2.816132 3.704818 3.059147
v 3.380773 3.729677 2.411128
v 3.130253 1.115005 1.195899
v 2.752861 1.068599 1.000362
v 3.051266 2.170547 1.143527
v 3.328001 2.141708 0.365866
v 3.310026 1.702848 0.362199
v 2.918258 1.769789 1.031371
v 1.340551 1.143529 3.023466
v 0.609453 1.201580 3.262706
v 0.678030 1.245413 2.776030
v 1.182883 1.154494 2.530505
v 0.181063 1.505377 3.310054
v 0.240286 1.994202 3.381297
v 0.471041 1.747305 2.874277
v 0.435424 1.462312 2.861572
v 0.733269 2.317595 3.377030
v 1.407172 2.413476 3.001172
v 1.234847 1.938164 2.557097
v 0.749618 1.917494 2.805209
v 2.665426 1.134120 1.950684
v 2.056776 1.138165 2.591832
v 1.751143 1.127243 2.155926
v 2.246551 1.120793 1.626494
v 2.020819 2.345574 2.477405
v 2.539417 2.255754 1.848801
v 2.269055 1.878940 1.637358
v 1.776786 1.905015 2.173174
v 3.804532 2.418411 0.782055
v 3.733072 2.421928 1.044995
v 3.827989 2.442835 1.073627
v 3.900832 2.439710 0.804056
v 3.394865 4.366552 1.303465
v 3.666741 4.382370 0.404222
v 3.949805 4.098458 0.455147
v 3.697155 4.114817 1.425833
v 2.881974 2.428010 2.571634
v 2.696958 2.433623 2.767202
v 2.789044 2.456103 2.833807
v 2.968835 2.447037 2.636916
v 2.014347 3.148330 3.240666
v 2.017966 3.798923 3.233866
v 2.406045 3.722655 3.305045
v 2.376371 3.214774 3.341452
v 2.391395 4.182304 2.810904
v 2.936422 4.298771 2.118824
v 3.253372 4.096322 2.291977
v 2.742483 4.009059 2.947498
v 2.464469 1.279635 2.914451
v 2.978738 1.278440 2.386999
v 3.099108 1.413230 2.765960
v 2.825473 1.414360 3.038629
v 3.555981 1.296774 2.288399
v 4.043005 1.296684 2.592986
v 3.682268 1.416523 2.905317
v 3.421661 1.413878 2.717026
v 3.963805 1.268191 3.196205
v 3.281064 1.264891 3.932449
v 3.306707 1.413089 3.592005
v 3.644736 1.415160 3.241126
v 2.690863 1.292073 4.025948
v 2.372313 1.296656 3.512568
v 2.772811 1.413950 3.370144
v 2.969026 1.413398 3.636647
v 0.715805 1.278174 3.735837
v 1.380342 1.275190 3.548986
v 1.329572 1.413727 3.935839
v 0.973484 1.414480 4.036195
v 1.933281 1.298176 3.773587
v 2.227069 1.294271 4.293440
v 1.791181 1.414164 4.333283
v 1.639393 1.413130 4.049963
v 1.949063 1.267059 4.760983
v 1.214182 1.256588 4.995056
v 1.243819 1.416427 4.740217
v 1.640449 1.415589 4.600956
v 0.682435 1.242082 4.789484
v 0.458990 1.259443 4.222408
v 0.817279 1.414608 4.298434
v 0.928523 1.415727 4.620657
v 3.608756 1.274809 1.251834
v 3.804811 1.277422 0.549828
v 4.096353 1.414493 0.804079
v 3.996032 1.415079 1.174138
v 4.670538 1.416093 0.635194
v 4.350539 1.414607 0.602576
v 4.781889 1.276496 1.706347
v 4.664337 1.418442 1.408226
v 4.800975 1.417675 0.941188
v 4.320613 1.296346 2.082663
v 3.826359 1.296263 1.811231
v 4.116444 1.413445 1.483928
v 4.400128 1.415112 1.613522
v 3.297569 2.425478 1.129219
v 3.576552 2.459824 1.037788
v 3.664865 2.453646 0.714950
v 3.336624 2.516590 1.540192
v 3.602589 2.643429 1.674152
v 3.741919 2.513684 1.324569
v 3.603294 2.482270 1.266315
v 3.882676 2.753631 1.349418
v 4.056011 2.753512 0.600544
v 3.991296 2.547503 0.770940
v 3.893778 2.546865 1.141267
v 3.799721 2.470875 0.534695
v 3.947549 2.509103 0.545461
v 2.740458 2.481837 2.172923
v 2.338886 2.556372 2.678034
v 2.580121 2.490922 2.712480
v 2.807374 2.485636 2.460979
v 2.265920 2.696499 3.066850
v 2.514342 2.778818 3.185277
v 2.646808 2.547664 3.008434
v 2.523753 2.514247 2.928773
v 2.848627 2.785591 2.995631
v 3.253820 2.751519 2.511388
v 3.071924 2.553965 2.641252
v 2.847715 2.566181 2.895200
v 3.353183 2.644220 2.119334
v 3.101138 2.521435 1.980038
v 3.009446 2.486631 2.355322
v 3.129463 2.513117 2.432538
v 2.566927 4.370561 1.964492
v 2.090133 4.308831 2.498366
v 1.954197 4.404127 2.175381
v 2.259667 4.414703 1.857588
v 1.719475 4.481038 2.732817
v 1.646538 4.812136 2.611192
v 1.680549 4.732030 2.287533
v 1.727944 4.529001 2.339223
v 1.917504 5.014491 2.280540
v 2.384636 5.023360 1.822904
v 2.166003 4.870157 1.765628
v 1.857242 4.864460 2.068634
v 2.740913 4.827534 1.544289
v 2.823513 4.549295 1.589676
v 2.440056 4.541029 1.625141
v 2.395951 4.739178 1.588234
v -1.702488 -0.052578 0.194658
v -2.230829 -0.158748 0.104364
v -0.342353 0.016465 0.282652
v -1.068016 0.014396 0.252990
v 1.133755 0.013081 0.271577
v 0.410179 0.014221 0.295430
v 2.191186 -0.103343 0.141260
v 1.748085 -0.029416 0.215590
v -3.667414 0.466893 0.373311
v -2.291550 0.444970 2.744218
v -1.457944 0.421881 3.193131
v -0.531005 0.405880 3.466988
v 1.169153 0.231803 4.129762
v 1.990189 0.174612 3.813685
v 2.813135 0.159511 3.244042
v 3.541623 0.155016 2.456886
v 4.078245 0.155585 1.496713
v -0.438620 0.066629 2.986970
v -1.339311 0.089688 2.723619
v -2.133762 0.129137 2.287233
v -3.442054 0.198399 0.291954
v 2.803207 -0.137803 1.555646
v 2.241550 -0.144534 2.097574
v 1.564029 -0.145009 2.534514
v 0.820084 -0.111130 2.856380
v 0.282512 0.024586 3.223764
v 3.170377 -0.124635 0.928892
v -2.587844 -0.183530 0.052355
v -1.755331 -0.019655 0.718585
v -2.282728 -0.066567 0.475756
v -0.334960 -0.006783 0.960505
v -1.089848 -0.003706 0.882345
v 1.165707 -0.011592 0.907727
v 0.433718 -0.012929 0.974200
v 1.795499 -0.010241 0.751107
v 2.276385 -0.029027 0.526871
v 2.609399 -0.104338 1.285568
v 2.422887 -0.052566 0.934106
v 2.079033 -0.119693 1.754098
v 1.918529 -0.063806 1.293127
v 1.383658 -0.131058 2.088001
v 1.251218 -0.074252 1.522585
v 0.575503 -0.110365 2.301202
v 0.484839 -0.071395 1.628864
v -0.318305 -0.074486 2.303803
v -0.325790 -0.059636 1.618804
v -1.194526 -0.057109 2.089249
v -1.122108 -0.051241 1.481879
v -1.954254 -0.027870 1.753939
v -1.824730 -0.039483 1.229793
v -2.561140 0.014815 1.297552
v -2.393125 -0.027927 0.880953
v -3.001037 0.032690 0.749917
v -2.819916 -0.036024 0.472029
v -3.244122 0.017074 0.200743
v -3.031585 -0.068176 0.098218
v 2.739468 -0.055986 0.519800
v 2.943724 -0.088089 0.743157
v -3.389255 0.488928 1.202525
v -2.910169 0.492864 2.008793
v -2.752347 0.185380 1.691813
v -3.194189 0.208150 1.000771
v 1.172452 0.026977 3.636853
v 1.900462 -0.028732 3.346011
v 2.635387 -0.049186 2.828953
v 3.284396 -0.054861 2.133807
v 3.750703 -0.057280 1.297364
v 5.201105 0.751600 0.608270
v 5.267284 1.042535 0.614358
v 3.461143 4.602405 0.365226
v 3.305302 4.908866 0.347395
v 3.064100 5.311140 0.318524
v 2.850081 5.799178 0.284333
v 2.596321 6.262054 0.243953
v 2.140300 6.436442 0.157400
v -1.854363 6.905331 0.091431
v 1.702132 6.383699 0.065951
v 3.005435 1.109201 0.315730
v 3.189419 1.327227 0.342614
v 4.801304 0.447297 0.542962
v 4.111696 3.161612 0.483281
v 4.117643 3.678734 0.484067
v 3.401789 1.109058 0.357675
v 3.061469 1.026725 0.319859
v 4.261462 1.304278 0.193943
v 4.844617 1.300148 0.211627
v 5.066843 1.274890 0.750593
v 3.464713 2.411821 0.511615
v 3.976392 2.640729 0.187700
v 3.704236 2.500352 0.185006
v 2.415299 -0.201700 -0.034303
v 4.349269 0.150939 0.460117
v 3.092269 -0.131024 0.209243
v 2.893304 -0.127579 0.131930
v 3.320921 -0.144718 0.271981
v 2.574548 -0.094637 0.248632
v 2.730601 -0.215491 -0.038168
v 3.967906 -0.066354 0.394647
v -1.609786 6.770227 -0.075252
v -1.400288 6.624256 -0.207045
v -0.829409 6.536049 -0.400640
v -1.148300 6.485088 -0.297193
v -0.223634 6.910818 -0.437159
v -0.523411 6.731410 -0.440693
v 0.663958 6.906754 -0.399807
v 0.199910 6.988399 -0.435418
v 1.150560 6.544035 -0.209580
v 0.978088 6.741728 -0.310252
v 1.481472 6.337441 -0.040962
v 1.325415 6.384192 -0.142114
v -1.388874 6.581883 0.057955
v -1.158039 6.455005 0.143095
v -0.836386 6.448660 0.186186
v -0.440883 6.560935 0.198374
v -0.116881 6.762827 0.241314
v 0.214659 6.966560 0.283879
v 0.699760 7.019997 0.253873
v 1.070206 6.885681 0.203696
v 1.195035 6.651977 0.165184
v 1.309943 6.429412 0.092266
v -2.655450 -0.100712 0.248583
v -2.586228 -0.230232 -0.166062
v -2.812151 -0.129484 0.048403
v -2.810770 -0.169397 -0.164215
v 0.565317 0.505552 -4.266706
v 0.315371 0.278668 -3.728481
v 0.459600 0.473483 4.227896
v 0.232403 0.254849 3.670705
v 0.747170 0.057095 -3.626227
v 1.145494 -0.141203 -3.336526
v 1.750534 -0.288266 -3.013005
v 2.402362 -0.241152 -2.553691
v 2.970940 -0.154474 -1.935442
v 3.357433 -0.216460 -1.203632
v 3.560619 -0.212203 -0.439342
v 3.588782 -0.145445 0.330991
v 3.419888 -0.135450 1.103400
v 3.019350 -0.138558 1.822449
v 2.430561 -0.136237 2.436936
v 1.760637 -0.121749 2.921820
v 1.116808 -0.084938 3.247082
v 0.681393 0.031843 3.544896
vt 0.411926 0.767250
vt 0.429094 0.787775
vt 0.423587 0.793833
vt 0.406165 0.772819
vt 0.446275 0.808140
vt 0.440947 0.814873
vt 0.436709 0.819101
vt 0.419395 0.797702
vt 0.401923 0.776476
vt 0.463750 0.827779
vt 0.458128 0.835761
vt 0.482550 0.845007
vt 0.476205 0.854954
vt 0.469571 0.862365
vt 0.453249 0.841083
vt 0.448741 0.844812
vt 0.432959 0.822086
vt 0.463055 0.869545
vt 0.451169 0.872099
vt 0.442496 0.845995
vt 0.428737 0.824626
vt 0.415656 0.800720
vt 0.398103 0.779620
vt 0.412525 0.804900
vt 0.392792 0.783807
vt 0.499578 0.894912
vt 0.481968 0.911093
vt 0.474124 0.903589
vt 0.488572 0.883688
vt 0.469213 0.927271
vt 0.464018 0.922200
vt 0.460972 0.918638
vt 0.467796 0.898237
vt 0.476729 0.875149
vt 0.459134 0.939199
vt 0.454167 0.935218
vt 0.454554 0.946061
vt 0.448923 0.945733
vt 0.445162 0.944407
vt 0.450741 0.932467
vt 0.447734 0.930602
vt 0.457929 0.916530
vt 0.442336 0.942946
vt 0.439525 0.941111
vt 0.444465 0.928940
vt 0.453655 0.915648
vt 0.462054 0.895519
vt 0.455749 0.896349
vt 0.824122 0.222156
vt 0.836826 0.239837
vt 0.825988 0.245961
vt 0.811861 0.227811
vt 0.850351 0.256105
vt 0.840078 0.262702
vt 0.830004 0.270875
vt 0.815421 0.253878
vt 0.799844 0.235570
vt 0.806457 0.180288
vt 0.813452 0.202805
vt 0.798644 0.208474
vt 0.789094 0.190866
vt 0.784151 0.217287
vt 0.766830 0.197272
vt 0.879102 0.285860
vt 0.894497 0.299218
vt 0.887011 0.307302
vt 0.871049 0.293140
vt 0.910481 0.311213
vt 0.903234 0.320427
vt 0.895651 0.330677
vt 0.879271 0.316556
vt 0.862827 0.301696
vt 0.864395 0.271392
vt 0.855132 0.278166
vt 0.845806 0.286323
vt 0.944123 0.330675
vt 0.961208 0.338634
vt 0.955996 0.352107
vt 0.938084 0.342900
vt 0.978707 0.344951
vt 0.974463 0.359614
vt 0.968697 0.375134
vt 0.949625 0.366290
vt 0.931189 0.355981
vt 0.927123 0.321595
vt 0.920369 0.332289
vt 0.913051 0.343922
vt 0.377308 0.726371
vt 0.394627 0.746748
vt 0.388498 0.751969
vt 0.370654 0.731276
vt 0.384073 0.755552
vt 0.365981 0.734873
vt 0.380282 0.758764
vt 0.362280 0.738232
vt 0.375260 0.761127
vt 0.358716 0.742031
vt 0.585725 0.322140
vt 0.591017 0.322513
vt 0.590618 0.325584
vt 0.583969 0.324410
vt 0.598103 0.322783
vt 0.597615 0.326030
vt 0.597096 0.328627
vt 0.589788 0.328024
vt 0.582785 0.326980
vt 0.604932 0.322901
vt 0.604401 0.326238
vt 0.609697 0.323149
vt 0.610577 0.325882
vt 0.610575 0.328790
vt 0.604163 0.328899
vt 0.603326 0.331503
vt 0.596422 0.331265
vt 0.609450 0.331406
vt 0.607407 0.333488
vt 0.602591 0.334094
vt 0.595577 0.334073
vt 0.589391 0.330567
vt 0.582745 0.329657
vt 0.588537 0.333114
vt 0.583545 0.331954
vt 0.636736 0.302409
vt 0.655825 0.303129
vt 0.652401 0.316130
vt 0.638436 0.316261
vt 0.671713 0.305974
vt 0.667629 0.318706
vt 0.663796 0.330903
vt 0.649355 0.328136
vt 0.636575 0.327251
vt 0.687384 0.312136
vt 0.682845 0.324821
vt 0.703950 0.320668
vt 0.698842 0.333225
vt 0.693888 0.344769
vt 0.678532 0.336788
vt 0.674174 0.348142
vt 0.659472 0.342310
vt 0.688985 0.355692
vt 0.684244 0.366067
vt 0.669939 0.358998
vt 0.655111 0.353301
vt 0.644731 0.338859
vt 0.632131 0.336863
vt 0.639834 0.349176
vt 0.623346 0.346085
vt 0.720119 0.329862
vt 0.714393 0.342303
vt 0.736032 0.339473
vt 0.729681 0.351817
vt 0.723443 0.363285
vt 0.708796 0.353699
vt 0.752252 0.349249
vt 0.745198 0.361292
vt 0.768102 0.359571
vt 0.760570 0.371235
vt 0.752728 0.382860
vt 0.738120 0.372849
vt 0.730862 0.383664
vt 0.717209 0.373869
vt 0.744300 0.394117
vt 0.736010 0.404780
vt 0.723612 0.393957
vt 0.710907 0.383915
vt 0.703284 0.364358
vt 0.697820 0.374473
vt 0.783593 0.372132
vt 0.775675 0.383405
vt 0.798933 0.386311
vt 0.790473 0.397065
vt 0.781292 0.407841
vt 0.767203 0.394728
vt 0.813634 0.401033
vt 0.804629 0.411419
vt 0.827962 0.416605
vt 0.818337 0.426689
vt 0.807683 0.436793
vt 0.794682 0.421851
vt 0.783318 0.432644
vt 0.770726 0.418873
vt 0.795536 0.447138
vt 0.783204 0.456741
vt 0.771962 0.442692
vt 0.760251 0.429215
vt 0.757646 0.405980
vt 0.748238 0.416569
vt 0.841992 0.433004
vt 0.831575 0.442926
vt 0.855696 0.449817
vt 0.844310 0.459738
vt 0.832262 0.468905
vt 0.820303 0.452568
vt 0.868963 0.466716
vt 0.856342 0.476810
vt 0.882506 0.483744
vt 0.868222 0.494565
vt 0.853014 0.503547
vt 0.843093 0.485677
vt 0.828144 0.494004
vt 0.818336 0.477892
vt 0.836371 0.511191
vt 0.819200 0.517670
vt 0.812200 0.501527
vt 0.803516 0.486182
vt 0.807295 0.462256
vt 0.793744 0.471240
vt 0.530666 0.307789
vt 0.548048 0.308279
vt 0.545736 0.313868
vt 0.529631 0.313549
vt 0.566785 0.307878
vt 0.558979 0.313970
vt 0.556045 0.320456
vt 0.543785 0.320174
vt 0.528705 0.319947
vt 0.543982 0.328321
vt 0.528480 0.328085
vt 0.556692 0.328673
vt 0.561542 0.339025
vt 0.544442 0.337889
vt 0.528353 0.337682
vt 0.576764 0.346099
vt 0.574417 0.353336
vt 0.559127 0.349974
vt 0.591636 0.349389
vt 0.590023 0.355968
vt 0.587818 0.364189
vt 0.572341 0.362271
vt 0.557114 0.360460
vt 0.606735 0.349310
vt 0.605445 0.356479
vt 0.620707 0.357044
vt 0.617575 0.367793
vt 0.602790 0.365738
vt 0.599590 0.376773
vt 0.585028 0.374874
vt 0.613875 0.379190
vt 0.609734 0.390954
vt 0.595921 0.388848
vt 0.581776 0.387248
vt 0.569907 0.373172
vt 0.555052 0.371961
vt 0.567271 0.385664
vt 0.553071 0.384463
vt 0.635937 0.359861
vt 0.651111 0.364135
vt 0.647001 0.375060
vt 0.632281 0.370929
vt 0.666043 0.369386
vt 0.679835 0.375909
vt 0.675014 0.385990
vt 0.661745 0.379958
vt 0.656277 0.391271
vt 0.642310 0.386354
vt 0.668897 0.397245
vt 0.661950 0.409268
vt 0.649945 0.403148
vt 0.636937 0.398039
vt 0.628122 0.382320
vt 0.623442 0.393977
vt 0.692365 0.384144
vt 0.704487 0.393713
vt 0.697856 0.403613
vt 0.686547 0.394087
vt 0.716496 0.403709
vt 0.728379 0.414229
vt 0.720916 0.422924
vt 0.709362 0.413111
vt 0.702203 0.422454
vt 0.690923 0.413924
vt 0.713451 0.431490
vt 0.705785 0.440260
vt 0.694740 0.431845
vt 0.683535 0.424203
vt 0.679954 0.405127
vt 0.672752 0.416577
vt 0.740151 0.425418
vt 0.751602 0.437453
vt 0.743346 0.444856
vt 0.732387 0.433410
vt 0.762557 0.450521
vt 0.772742 0.464230
vt 0.762895 0.471011
vt 0.753641 0.457581
vt 0.744270 0.464656
vt 0.734548 0.452331
vt 0.752917 0.477767
vt 0.742848 0.484567
vt 0.734946 0.471751
vt 0.725925 0.459815
vt 0.724393 0.441438
vt 0.716348 0.449611
vt 0.781959 0.478331
vt 0.790308 0.492885
vt 0.777930 0.498866
vt 0.770892 0.484678
vt 0.797646 0.507779
vt 0.803665 0.523175
vt 0.789297 0.528275
vt 0.784071 0.513410
vt 0.771120 0.518627
vt 0.765822 0.504508
vt 0.775793 0.532977
vt 0.762646 0.537133
vt 0.758630 0.523394
vt 0.753877 0.509939
vt 0.759873 0.490836
vt 0.748731 0.497024
vt 0.543548 0.348641
vt 0.527857 0.348557
vt 0.542220 0.360051
vt 0.527265 0.360329
vt 0.540816 0.372070
vt 0.526592 0.372612
vt 0.539563 0.384376
vt 0.526045 0.384694
vt 0.564756 0.398406
vt 0.551374 0.397155
vt 0.578421 0.399928
vt 0.575004 0.412918
vt 0.562238 0.411264
vt 0.549712 0.409792
vt 0.591835 0.401521
vt 0.604926 0.403703
vt 0.599863 0.417125
vt 0.587570 0.414710
vt 0.583527 0.427732
vt 0.571706 0.425633
vt 0.595155 0.430299
vt 0.590215 0.442555
vt 0.579396 0.439827
vt 0.568472 0.437456
vt 0.559672 0.423568
vt 0.547912 0.421688
vt 0.557362 0.434996
vt 0.546568 0.432757
vt 0.617860 0.406919
vt 0.630556 0.411095
vt 0.623875 0.424708
vt 0.611974 0.420556
vt 0.642818 0.416143
vt 0.654498 0.421777
vt 0.646674 0.434008
vt 0.635405 0.429303
vt 0.628763 0.441204
vt 0.617939 0.437460
vt 0.639393 0.445249
vt 0.632560 0.456588
vt 0.622246 0.452701
vt 0.611765 0.449354
vt 0.606652 0.433692
vt 0.601074 0.445853
vt 0.665266 0.427717
vt 0.675811 0.434108
vt 0.668161 0.444315
vt 0.657589 0.438729
vt 0.686700 0.441299
vt 0.697248 0.449330
vt 0.688525 0.459086
vt 0.678636 0.451238
vt 0.670351 0.462705
vt 0.660374 0.455486
vt 0.679715 0.470598
vt 0.670617 0.482038
vt 0.661952 0.474359
vt 0.652708 0.467354
vt 0.650045 0.449868
vt 0.642868 0.461494
vt 0.707232 0.458297
vt 0.716474 0.468329
vt 0.706120 0.477665
vt 0.697596 0.467863
vt 0.725005 0.479915
vt 0.732424 0.492038
vt 0.721500 0.499256
vt 0.714195 0.488371
vt 0.703267 0.496031
vt 0.695815 0.486817
vt 0.710074 0.505493
vt 0.698922 0.511323
vt 0.692426 0.503427
vt 0.685518 0.495934
vt 0.688094 0.478436
vt 0.678338 0.488994
vt 0.737765 0.503588
vt 0.742132 0.515338
vt 0.731437 0.520265
vt 0.727254 0.509729
vt 0.746170 0.527748
vt 0.749355 0.540556
vt 0.736848 0.542932
vt 0.734694 0.531312
vt 0.723130 0.534041
vt 0.720152 0.523955
vt 0.724335 0.544360
vt 0.712638 0.544487
vt 0.711925 0.535394
vt 0.708910 0.526489
vt 0.715667 0.514605
vt 0.704348 0.518965
vt 0.538699 0.396606
vt 0.525929 0.396522
vt 0.537839 0.408676
vt 0.525764 0.408182
vt 0.536822 0.420230
vt 0.525460 0.419590
vt 0.536415 0.431035
vt 0.526142 0.430213
vt 0.555508 0.445243
vt 0.546017 0.442671
vt 0.565285 0.447941
vt 0.561727 0.457186
vt 0.553441 0.454070
vt 0.545476 0.451075
vt 0.584817 0.453302
vt 0.574985 0.450509
vt 0.578939 0.463200
vt 0.570136 0.460118
vt 0.595046 0.456569
vt 0.605380 0.460254
vt 0.598805 0.471213
vt 0.588643 0.466936
vt 0.625929 0.468738
vt 0.615721 0.464224
vt 0.619233 0.481368
vt 0.609113 0.476093
vt 0.635932 0.474080
vt 0.645299 0.480056
vt 0.637833 0.492751
vt 0.628927 0.486998
vt 0.661383 0.492579
vt 0.653682 0.486284
vt 0.652588 0.501956
vt 0.645419 0.497274
vt 0.668757 0.498382
vt 0.675976 0.504630
vt 0.667561 0.513141
vt 0.660146 0.507418
vt 0.689112 0.517218
vt 0.682568 0.510862
vt 0.680395 0.523285
vt 0.674049 0.518415
vt 0.694984 0.523564
vt 0.699287 0.529960
vt 0.692074 0.532860
vt 0.686677 0.528033
vt 0.537023 0.440385
vt 0.538002 0.448390
vt 0.530882 0.446380
vt 0.528415 0.439017
vt 0.539865 0.142981
vt 0.560251 0.144283
vt 0.560187 0.148700
vt 0.540346 0.147096
vt 0.579606 0.146509
vt 0.579120 0.150883
vt 0.578816 0.155207
vt 0.560108 0.153201
vt 0.540414 0.151661
vt 0.559830 0.159052
vt 0.540142 0.157627
vt 0.578404 0.161020
vt 0.577844 0.168248
vt 0.559254 0.166236
vt 0.539548 0.164944
vt 0.905427 0.354976
vt 0.887904 0.341049
vt 0.923700 0.367905
vt 0.915539 0.379868
vt 0.897412 0.366175
vt 0.879921 0.351780
vt 0.942248 0.379272
vt 0.961382 0.389706
vt 0.952737 0.404441
vt 0.933905 0.392456
vt 0.924743 0.405915
vt 0.906782 0.392316
vt 0.943138 0.419064
vt 0.932312 0.433065
vt 0.914928 0.418764
vt 0.897696 0.404365
vt 0.889064 0.377928
vt 0.871733 0.363005
vt 0.880515 0.389445
vt 0.863441 0.374047
vt 0.837206 0.295391
vt 0.820995 0.279962
vt 0.854694 0.311072
vt 0.846616 0.321257
vt 0.829015 0.305399
vt 0.812557 0.290120
vt 0.871372 0.326420
vt 0.863326 0.336904
vt 0.855137 0.347955
vt 0.838469 0.332222
vt 0.846988 0.358857
vt 0.830513 0.343344
vt 0.820926 0.316307
vt 0.804431 0.301341
vt 0.813279 0.327582
vt 0.796936 0.312971
vt 0.772318 0.228732
vt 0.756287 0.214827
vt 0.789083 0.245505
vt 0.779740 0.256947
vt 0.763104 0.241039
vt 0.747767 0.227116
vt 0.805645 0.263225
vt 0.796645 0.273950
vt 0.788310 0.286059
vt 0.770946 0.269670
vt 0.780699 0.298749
vt 0.762848 0.283391
vt 0.752933 0.253553
vt 0.737211 0.239236
vt 0.743437 0.267551
vt 0.722487 0.252463
vt 0.650986 0.160606
vt 0.666647 0.165381
vt 0.664907 0.169377
vt 0.649720 0.164690
vt 0.681112 0.170561
vt 0.678750 0.174386
vt 0.677572 0.178622
vt 0.664085 0.173528
vt 0.649140 0.168720
vt 0.693992 0.176009
vt 0.691152 0.179456
vt 0.703847 0.181058
vt 0.702598 0.184481
vt 0.700358 0.188922
vt 0.689543 0.183587
vt 0.688455 0.188283
vt 0.676948 0.183997
vt 0.698184 0.193236
vt 0.695834 0.196909
vt 0.688524 0.194437
vt 0.677024 0.191097
vt 0.663597 0.179334
vt 0.648629 0.174703
vt 0.663465 0.187037
vt 0.648259 0.182656
vt 0.598416 0.149305
vt 0.597706 0.153609
vt 0.616706 0.152582
vt 0.615808 0.156815
vt 0.615281 0.160990
vt 0.597257 0.157833
vt 0.634310 0.156349
vt 0.633254 0.160508
vt 0.632720 0.164577
vt 0.632195 0.170531
vt 0.614772 0.166840
vt 0.631748 0.178332
vt 0.614305 0.174344
vt 0.596780 0.163628
vt 0.596265 0.170943
vt 0.459514 0.786514
vt 0.475646 0.803355
vt 0.469881 0.816062
vt 0.452864 0.797893
vt 0.492598 0.817418
vt 0.488066 0.831482
vt 0.427845 0.749507
vt 0.443731 0.768260
vt 0.436279 0.778548
vt 0.419677 0.758845
vt 0.397996 0.852196
vt 0.395198 0.848382
vt 0.399694 0.845990
vt 0.402160 0.851497
vt 0.391964 0.843143
vt 0.396755 0.840821
vt 0.401209 0.838610
vt 0.404284 0.844134
vt 0.407373 0.849960
vt 0.389121 0.837673
vt 0.393755 0.835594
vt 0.387285 0.833330
vt 0.390188 0.830572
vt 0.394285 0.827482
vt 0.397881 0.833101
vt 0.402085 0.830776
vt 0.405681 0.836308
vt 0.398678 0.825010
vt 0.402228 0.823821
vt 0.405829 0.827986
vt 0.410147 0.833998
vt 0.408826 0.841975
vt 0.412250 0.847661
vt 0.413626 0.840351
vt 0.415475 0.845340
vt 0.487733 0.942858
vt 0.474937 0.953633
vt 0.466818 0.945285
vt 0.478019 0.934174
vt 0.462669 0.962000
vt 0.457285 0.952754
vt 0.520553 0.921202
vt 0.502613 0.931161
vt 0.492332 0.920607
vt 0.510830 0.908160
vt 0.427545 0.996320
vt 0.409796 0.986157
vt 0.421459 0.974965
vt 0.434426 0.979727
vt 0.392707 0.968315
vt 0.413866 0.966380
vt 0.426764 0.959913
vt 0.431688 0.964250
vt 0.439431 0.966817
vt 0.438653 0.954018
vt 0.443037 0.955175
vt 0.435098 0.951639
vt 0.450208 0.966469
vt 0.448937 0.955315
vt 0.413470 0.934944
vt 0.412854 0.930633
vt 0.417278 0.928819
vt 0.416876 0.934722
vt 0.412718 0.924746
vt 0.417396 0.923176
vt 0.421798 0.921725
vt 0.421475 0.927563
vt 0.421298 0.933706
vt 0.413085 0.918722
vt 0.417628 0.917533
vt 0.413697 0.914104
vt 0.417327 0.912027
vt 0.422153 0.910010
vt 0.422023 0.915906
vt 0.426752 0.914694
vt 0.426545 0.920393
vt 0.427142 0.908880
vt 0.430844 0.908815
vt 0.431568 0.913181
vt 0.431483 0.919208
vt 0.425820 0.926138
vt 0.425668 0.931980
vt 0.430060 0.925309
vt 0.428883 0.930035
vt 0.396292 0.712039
vt 0.411873 0.730689
vt 0.402982 0.739075
vt 0.386484 0.719430
vt 0.341793 0.778804
vt 0.337936 0.776079
vt 0.340946 0.772249
vt 0.345185 0.776726
vt 0.333207 0.772140
vt 0.336439 0.768218
vt 0.339451 0.764575
vt 0.344236 0.768954
vt 0.349163 0.773561
vt 0.328714 0.767862
vt 0.331972 0.764180
vt 0.325515 0.764357
vt 0.327108 0.760612
vt 0.329694 0.756092
vt 0.334669 0.760301
vt 0.337730 0.756479
vt 0.342707 0.760775
vt 0.332873 0.752011
vt 0.335744 0.749524
vt 0.340308 0.752364
vt 0.345952 0.757064
vt 0.347494 0.765369
vt 0.352516 0.769864
vt 0.351028 0.762409
vt 0.354295 0.766810
vt 0.534146 0.238726
vt 0.551909 0.239255
vt 0.552872 0.248803
vt 0.533993 0.247633
vt 0.571981 0.237154
vt 0.571604 0.249562
vt 0.571011 0.260592
vt 0.552410 0.259355
vt 0.533729 0.257638
vt 0.551606 0.268916
vt 0.533270 0.267240
vt 0.569774 0.269927
vt 0.568437 0.277910
vt 0.550697 0.277540
vt 0.532716 0.276268
vt 0.871055 0.401024
vt 0.854678 0.385005
vt 0.887517 0.416583
vt 0.877125 0.428269
vt 0.861716 0.412058
vt 0.846225 0.395671
vt 0.903844 0.431737
vt 0.919909 0.446795
vt 0.907478 0.459470
vt 0.892360 0.444104
vt 0.881033 0.455582
vt 0.866784 0.439195
vt 0.895527 0.471621
vt 0.852213 0.422624
vt 0.837291 0.406190
vt 0.806174 0.338783
vt 0.790008 0.324585
vt 0.822854 0.354113
vt 0.815086 0.364857
vt 0.798993 0.349976
vt 0.783000 0.336296
vt 0.838825 0.369333
vt 0.830686 0.379854
vt 0.822128 0.390523
vt 0.806988 0.375673
vt 0.791343 0.361119
vt 0.775591 0.348014
vt 0.737006 0.283885
vt 0.718157 0.273025
vt 0.755808 0.297771
vt 0.749169 0.312312
vt 0.731664 0.300899
vt 0.714077 0.291012
vt 0.773602 0.311389
vt 0.766553 0.324118
vt 0.759391 0.336833
vt 0.742559 0.326265
vt 0.725967 0.316151
vt 0.709210 0.306763
vt 0.646434 0.232944
vt 0.666112 0.239032
vt 0.667251 0.257042
vt 0.654144 0.253994
vt 0.684353 0.244178
vt 0.684005 0.262399
vt 0.681475 0.278962
vt 0.666455 0.274248
vt 0.654052 0.271137
vt 0.702453 0.249225
vt 0.700917 0.267080
vt 0.697090 0.283847
vt 0.692375 0.298579
vt 0.676856 0.292820
vt 0.661517 0.289173
vt 0.648603 0.286613
vt 0.591348 0.242303
vt 0.590051 0.251595
vt 0.606922 0.245392
vt 0.607064 0.254204
vt 0.606544 0.263652
vt 0.589402 0.261915
vt 0.619436 0.248028
vt 0.621109 0.256677
vt 0.628716 0.249144
vt 0.631383 0.257990
vt 0.631719 0.267280
vt 0.621079 0.265777
vt 0.617880 0.272816
vt 0.604029 0.271219
vt 0.628049 0.274472
vt 0.623040 0.278288
vt 0.614596 0.278244
vt 0.601340 0.277348
vt 0.587572 0.270418
vt 0.585607 0.277510
vt 0.313043 0.796344
vt 0.327885 0.807751
vt 0.320428 0.816964
vt 0.306002 0.804727
vt 0.347580 0.819073
vt 0.333822 0.829840
vt 0.323948 0.837600
vt 0.311972 0.824994
vt 0.299187 0.812822
vt 0.305056 0.831734
vt 0.293482 0.819650
vt 0.316042 0.843887
vt 0.310327 0.848457
vt 0.299996 0.836732
vt 0.289301 0.824677
vt 0.574591 0.206359
vt 0.554554 0.199927
vt 0.556557 0.192275
vt 0.575531 0.195331
vt 0.536749 0.196800
vt 0.537285 0.189786
vt 0.537938 0.181889
vt 0.557389 0.183503
vt 0.576353 0.185874
vt 0.518705 0.195732
vt 0.517620 0.188925
vt 0.497830 0.197778
vt 0.498000 0.188756
vt 0.497747 0.180862
vt 0.517732 0.181170
vt 0.517587 0.172760
vt 0.538761 0.173339
vt 0.496972 0.172396
vt 0.496278 0.164203
vt 0.517496 0.164352
vt 0.558370 0.174612
vt 0.577148 0.176691
vt 0.386693 0.889387
vt 0.383708 0.911348
vt 0.372499 0.910993
vt 0.369623 0.893537
vt 0.383733 0.929605
vt 0.373940 0.928326
vt 0.364053 0.926394
vt 0.361375 0.911670
vt 0.357434 0.896185
vt 0.386214 0.946886
vt 0.376192 0.944058
vt 0.376234 0.956481
vt 0.365801 0.949237
vt 0.366087 0.939165
vt 0.357326 0.935837
vt 0.354714 0.925072
vt 0.357951 0.944038
vt 0.353082 0.940467
vt 0.350721 0.934357
vt 0.347372 0.924708
vt 0.351529 0.912292
vt 0.347395 0.898411
vt 0.344039 0.913058
vt 0.340071 0.900229
vt 0.740704 0.205071
vt 0.743517 0.194356
vt 0.734379 0.214820
vt 0.721544 0.203970
vt 0.725781 0.197031
vt 0.727598 0.188922
vt 0.726198 0.224367
vt 0.714643 0.231150
vt 0.706621 0.214385
vt 0.715568 0.210131
vt 0.706580 0.200170
vt 0.710548 0.195545
vt 0.700280 0.203127
vt 0.713517 0.190320
vt 0.714302 0.184293
vt 0.699635 0.230911
vt 0.682667 0.227098
vt 0.680000 0.212244
vt 0.694363 0.214655
vt 0.665156 0.222805
vt 0.647576 0.217153
vt 0.647961 0.203981
vt 0.664401 0.208632
vt 0.663759 0.196755
vt 0.678006 0.200386
vt 0.648115 0.192428
vt 0.690459 0.202901
vt 0.355251 0.839939
vt 0.344211 0.845068
vt 0.363629 0.856482
vt 0.353279 0.861341
vt 0.343069 0.866195
vt 0.334149 0.851516
vt 0.373355 0.872087
vt 0.362479 0.877286
vt 0.351088 0.881069
vt 0.341583 0.884410
vt 0.334296 0.870509
vt 0.334590 0.887046
vt 0.327718 0.873848
vt 0.325777 0.856906
vt 0.319599 0.860908
vt 0.628752 0.218916
vt 0.630388 0.209978
vt 0.612331 0.211576
vt 0.612849 0.203110
vt 0.613470 0.193143
vt 0.631049 0.198480
vt 0.595127 0.207025
vt 0.594397 0.198564
vt 0.595138 0.188977
vt 0.595741 0.179582
vt 0.613907 0.183326
vt 0.631432 0.187773
vt 0.525492 0.214111
vt 0.529437 0.214364
vt 0.529724 0.216348
vt 0.524684 0.215729
vt 0.534939 0.214857
vt 0.534841 0.216943
vt 0.534804 0.218490
vt 0.529659 0.217774
vt 0.524408 0.217410
vt 0.540434 0.215709
vt 0.539998 0.217544
vt 0.544443 0.216385
vt 0.545078 0.217976
vt 0.545266 0.219660
vt 0.540039 0.219033
vt 0.539831 0.220605
vt 0.534718 0.220094
vt 0.544856 0.221472
vt 0.544060 0.222981
vt 0.540050 0.222582
vt 0.534585 0.222099
vt 0.529669 0.219407
vt 0.524558 0.219350
vt 0.529133 0.221386
vt 0.525095 0.221029
vt 0.548947 0.301640
vt 0.566775 0.300290
vt 0.531237 0.301190
vt 0.531657 0.293620
vt 0.549347 0.294019
vt 0.566985 0.292844
vt 0.513954 0.307163
vt 0.514150 0.300395
vt 0.497524 0.307021
vt 0.497359 0.300045
vt 0.497154 0.292079
vt 0.514303 0.292652
vt 0.514510 0.283893
vt 0.532160 0.285091
vt 0.496967 0.283197
vt 0.496843 0.273936
vt 0.514755 0.274761
vt 0.549936 0.285847
vt 0.567526 0.285382
vt 0.602292 0.223485
vt 0.606153 0.224137
vt 0.606158 0.225887
vt 0.601403 0.224891
vt 0.611463 0.225320
vt 0.611030 0.227076
vt 0.610695 0.228597
vt 0.605811 0.227243
vt 0.600935 0.226445
vt 0.616707 0.226819
vt 0.615997 0.228377
vt 0.620477 0.227906
vt 0.620783 0.229347
vt 0.620423 0.231072
vt 0.615633 0.229901
vt 0.615111 0.231132
vt 0.610356 0.230018
vt 0.619490 0.232379
vt 0.618265 0.233453
vt 0.614790 0.232750
vt 0.609904 0.231645
vt 0.605662 0.228726
vt 0.600953 0.228178
vt 0.605049 0.230281
vt 0.601284 0.229677
vt 0.646922 0.255469
vt 0.642668 0.242973
vt 0.646830 0.269970
vt 0.641478 0.269095
vt 0.641620 0.257737
vt 0.638615 0.247485
vt 0.641672 0.283069
vt 0.631787 0.292076
vt 0.628314 0.285650
vt 0.636877 0.279026
vt 0.633128 0.276375
vt 0.637006 0.268212
vt 0.625547 0.281470
vt 0.637057 0.258370
vt 0.634461 0.249150
vt 0.617768 0.302539
vt 0.617489 0.294813
vt 0.601156 0.302915
vt 0.600775 0.295576
vt 0.600250 0.288433
vt 0.615602 0.287735
vt 0.584628 0.304487
vt 0.583928 0.297612
vt 0.583992 0.290465
vt 0.584498 0.283942
vt 0.600284 0.282728
vt 0.614257 0.282746
vt 0.380980 0.864791
vt 0.391508 0.873172
vt 0.372562 0.852305
vt 0.380165 0.848742
vt 0.386431 0.857449
vt 0.394556 0.863446
vt 0.366256 0.838628
vt 0.364700 0.825660
vt 0.375319 0.829341
vt 0.376040 0.838937
vt 0.383439 0.838700
vt 0.386539 0.845733
vt 0.382765 0.831832
vt 0.390973 0.852095
vt 0.396701 0.856504
vt 0.361877 0.807871
vt 0.370341 0.815345
vt 0.372989 0.799178
vt 0.379614 0.807345
vt 0.385687 0.815149
vt 0.379127 0.821295
vt 0.382986 0.791408
vt 0.389013 0.801170
vt 0.399217 0.801178
vt 0.401402 0.811600
vt 0.393192 0.811131
vt 0.396083 0.818758
vt 0.390407 0.821673
vt 0.402209 0.819034
vt 0.385538 0.826076
vt 0.411192 0.811655
vt 0.423983 0.827087
vt 0.419082 0.829543
vt 0.410302 0.818883
vt 0.434021 0.844007
vt 0.436647 0.858885
vt 0.427091 0.852150
vt 0.425559 0.841329
vt 0.418986 0.840115
vt 0.414541 0.831792
vt 0.420090 0.847789
vt 0.408541 0.824171
vt 0.435036 0.876209
vt 0.429878 0.867286
vt 0.420388 0.880172
vt 0.417702 0.871601
vt 0.414216 0.863433
vt 0.422609 0.859323
vt 0.405282 0.884309
vt 0.404343 0.874516
vt 0.404329 0.865136
vt 0.403649 0.857677
vt 0.410720 0.856302
vt 0.416784 0.853106
vt 0.394967 0.943747
vt 0.401781 0.954259
vt 0.392740 0.929338
vt 0.400697 0.928057
vt 0.402335 0.938295
vt 0.407084 0.945804
vt 0.393549 0.914077
vt 0.398579 0.901074
vt 0.405774 0.907592
vt 0.401734 0.917167
vt 0.408006 0.918637
vt 0.407245 0.926430
vt 0.410748 0.911755
vt 0.408062 0.933847
vt 0.410978 0.939291
vt 0.408919 0.893319
vt 0.421668 0.888978
vt 0.422102 0.897326
vt 0.413143 0.901122
vt 0.434014 0.886212
vt 0.443772 0.889165
vt 0.437789 0.898483
vt 0.430827 0.895830
vt 0.428512 0.902988
vt 0.422200 0.904076
vt 0.433586 0.904869
vt 0.415857 0.906947
vt 0.448470 0.901029
vt 0.447850 0.916217
vt 0.441635 0.917221
vt 0.441557 0.906654
vt 0.440752 0.927694
vt 0.436405 0.938548
vt 0.433206 0.935466
vt 0.436855 0.926556
vt 0.433614 0.925709
vt 0.436351 0.918215
vt 0.430870 0.932566
vt 0.436228 0.910624
vt 0.431871 0.947802
vt 0.424052 0.954147
vt 0.422521 0.947194
vt 0.428981 0.942784
vt 0.412921 0.957419
vt 0.414601 0.948590
vt 0.416003 0.941181
vt 0.421652 0.940320
vt 0.426948 0.937568
vt 0.331614 0.797646
vt 0.344480 0.801670
vt 0.319274 0.788823
vt 0.324692 0.782261
vt 0.333546 0.788268
vt 0.343087 0.790952
vt 0.300077 0.783285
vt 0.308994 0.777886
vt 0.286758 0.766340
vt 0.303434 0.765870
vt 0.313597 0.765193
vt 0.317528 0.774269
vt 0.323998 0.771075
vt 0.329319 0.776756
vt 0.320940 0.764661
vt 0.335565 0.781246
vt 0.342247 0.783400
vt 0.318246 0.747503
vt 0.323781 0.740427
vt 0.328574 0.746856
vt 0.324385 0.751930
vt 0.331405 0.737562
vt 0.334225 0.744789
vt 0.314331 0.756009
vt 0.321449 0.758066
vt 0.368006 0.761269
vt 0.355248 0.746140
vt 0.376029 0.774653
vt 0.365801 0.770676
vt 0.360505 0.760720
vt 0.351892 0.750182
vt 0.355095 0.760980
vt 0.348901 0.753684
vt 0.358793 0.768081
vt 0.341620 0.741459
vt 0.341548 0.747596
vt 0.374218 0.784038
vt 0.366343 0.791383
vt 0.359969 0.784280
vt 0.365053 0.778308
vt 0.356268 0.798421
vt 0.352289 0.789068
vt 0.348792 0.782080
vt 0.354334 0.778497
vt 0.358102 0.773869
vt 0.549943 0.205757
vt 0.536135 0.202936
vt 0.560339 0.210311
vt 0.552500 0.213514
vt 0.545076 0.210258
vt 0.535568 0.208111
vt 0.542048 0.213366
vt 0.535186 0.211953
vt 0.547480 0.215458
vt 0.518176 0.208941
vt 0.526012 0.207362
vt 0.528302 0.211417
vt 0.522670 0.212340
vt 0.573824 0.215396
vt 0.564184 0.215768
vt 0.573228 0.222056
vt 0.564375 0.221410
vt 0.556435 0.221055
vt 0.555865 0.217288
vt 0.572593 0.228969
vt 0.563565 0.227162
vt 0.559175 0.231260
vt 0.551786 0.227642
vt 0.555451 0.224880
vt 0.549629 0.222952
vt 0.550400 0.220425
vt 0.546906 0.224807
vt 0.549967 0.217974
vt 0.548311 0.232814
vt 0.534232 0.232460
vt 0.534305 0.228051
vt 0.544038 0.228516
vt 0.516629 0.235924
vt 0.520312 0.230104
vt 0.496950 0.230742
vt 0.509602 0.226818
vt 0.516881 0.224485
vt 0.524610 0.226505
vt 0.527498 0.223695
vt 0.534435 0.224685
vt 0.521962 0.222461
vt 0.541360 0.225171
vt 0.512707 0.217622
vt 0.513994 0.212960
vt 0.519753 0.214780
vt 0.518926 0.217631
vt 0.513335 0.221575
vt 0.519411 0.220338
vt 0.598826 0.213510
vt 0.587951 0.213766
vt 0.612184 0.217309
vt 0.612089 0.221129
vt 0.602889 0.218471
vt 0.595167 0.218472
vt 0.625124 0.222619
vt 0.634513 0.229298
vt 0.627881 0.228093
vt 0.621104 0.224290
vt 0.618344 0.225618
vt 0.611831 0.223502
vt 0.623391 0.227924
vt 0.605188 0.221744
vt 0.599642 0.221685
vt 0.636066 0.236097
vt 0.633720 0.240670
vt 0.628544 0.236495
vt 0.629573 0.232987
vt 0.630487 0.242603
vt 0.625488 0.243007
vt 0.622362 0.238687
vt 0.626243 0.238204
vt 0.622842 0.234777
vt 0.624401 0.233382
vt 0.620041 0.235333
vt 0.624929 0.230990
vt 0.617673 0.242185
vt 0.607533 0.239875
vt 0.608465 0.236406
vt 0.616157 0.238124
vt 0.595279 0.237117
vt 0.585185 0.233903
vt 0.592907 0.232052
vt 0.599924 0.234349
vt 0.603161 0.232115
vt 0.609300 0.233678
vt 0.598197 0.230597
vt 0.615194 0.234956
vt 0.581781 0.229033
vt 0.582120 0.223305
vt 0.590046 0.224791
vt 0.590142 0.228642
vt 0.583297 0.217787
vt 0.591278 0.221143
vt 0.596844 0.223450
vt 0.595992 0.225767
vt 0.596158 0.228284
vt 0.586336 0.309926
vt 0.574301 0.312084
vt 0.600543 0.308916
vt 0.599524 0.314059
vt 0.588443 0.314473
vt 0.578810 0.315770
vt 0.614494 0.309059
vt 0.624926 0.311745
vt 0.617988 0.316947
vt 0.609992 0.314401
vt 0.606790 0.319013
vt 0.598723 0.318777
vt 0.613047 0.320787
vt 0.590154 0.318757
vt 0.582732 0.319427
vt 0.628723 0.318885
vt 0.627957 0.327586
vt 0.621450 0.328310
vt 0.621547 0.322220
vt 0.624158 0.335281
vt 0.616839 0.341096
vt 0.612683 0.337983
vt 0.618540 0.333729
vt 0.614014 0.332356
vt 0.615898 0.328734
vt 0.609696 0.335294
vt 0.615860 0.324606
vt 0.605745 0.344575
vt 0.592611 0.345060
vt 0.593451 0.341351
vt 0.603888 0.340773
vt 0.579772 0.341993
vt 0.569684 0.336315
vt 0.574995 0.334656
vt 0.583152 0.339093
vt 0.586296 0.335979
vt 0.594515 0.337424
vt 0.579785 0.333006
vt 0.602792 0.337159
vt 0.564490 0.328986
vt 0.563729 0.321639
vt 0.570137 0.323294
vt 0.570774 0.328926
vt 0.566855 0.315858
vt 0.572747 0.318780
vt 0.578267 0.321836
vt 0.576480 0.325159
vt 0.576781 0.328976
vt 0.960785 0.228879
vt 0.972543 0.227666
vt 0.974895 0.239713
vt 0.964471 0.241116
vt 0.984205 0.226651
vt 0.985112 0.238527
vt 0.986082 0.249777
vt 0.977620 0.250844
vt 0.968850 0.252124
vt 0.980434 0.261015
vt 0.973429 0.261774
vt 0.986997 0.260525
vt 0.987611 0.269592
vt 0.982573 0.269482
vt 0.977193 0.269751
vt 0.953801 0.171574
vt 0.967901 0.171768
vt 0.968477 0.186364
vt 0.954632 0.186455
vt 0.982135 0.171801
vt 0.982347 0.186153
vt 0.982787 0.200214
vt 0.969460 0.200695
vt 0.956085 0.201140
vt 0.970776 0.214597
vt 0.958072 0.215444
vt 0.983419 0.213827
vt 0.959280 0.115451
vt 0.971236 0.116060
vt 0.969462 0.128838
vt 0.956439 0.128275
vt 0.983473 0.116622
vt 0.982850 0.129312
vt 0.982413 0.143030
vt 0.968249 0.142649
vt 0.954465 0.142132
vt 0.967772 0.157080
vt 0.953661 0.156685
vt 0.982160 0.157312
vt 0.966648 0.093578
vt 0.970873 0.085606
vt 0.978363 0.086856
vt 0.975796 0.094564
vt 0.975646 0.079569
vt 0.981863 0.081334
vt 0.986527 0.083487
vt 0.985966 0.087845
vt 0.985140 0.095582
vt 0.962725 0.103752
vt 0.973395 0.104509
vt 0.984276 0.105303
vt 0.953012 0.315274
vt 0.968018 0.321546
vt 0.964971 0.328920
vt 0.948870 0.321904
vt 0.983232 0.326034
vt 0.981383 0.334259
vt 0.868359 0.248281
vt 0.880779 0.262677
vt 0.872694 0.266473
vt 0.859511 0.251664
vt 0.894215 0.275860
vt 0.886701 0.280277
vt 0.848005 0.215381
vt 0.857321 0.232450
vt 0.847182 0.235703
vt 0.836189 0.218447
vt 0.836566 0.180553
vt 0.840966 0.197492
vt 0.827456 0.199996
vt 0.823157 0.181584
vt 0.503779 0.959760
vt 0.488934 0.971951
vt 0.481792 0.963220
vt 0.495824 0.951817
vt 0.471858 0.985253
vt 0.466874 0.972884
vt 0.534745 0.940114
vt 0.518540 0.948754
vt 0.510791 0.940624
vt 0.527884 0.931517
vt 0.470333 0.768146
vt 0.485135 0.783186
vt 0.480464 0.792643
vt 0.465086 0.776742
vt 0.500263 0.795603
vt 0.496404 0.805854
vt 0.440645 0.733984
vt 0.455588 0.751383
vt 0.449941 0.759334
vt 0.434627 0.741388
vt 0.411651 0.699789
vt 0.425802 0.716700
vt 0.419288 0.723483
vt 0.404492 0.705812
vt 0.864860 0.167056
vt 0.868962 0.188467
vt 0.854550 0.192848
vt 0.849627 0.175906
vt 0.874754 0.207020
vt 0.860808 0.211117
vt 0.882222 0.224226
vt 0.869099 0.228332
vt 0.891018 0.240050
vt 0.879016 0.244228
vt 0.900883 0.254500
vt 0.890269 0.258644
vt 0.911702 0.267489
vt 0.902545 0.271647
vt 0.961417 0.304247
vt 0.973693 0.309302
vt 0.970936 0.315046
vt 0.957193 0.309433
vt 0.985889 0.312323
vt 0.984749 0.318762
vt 0.939155 0.061205
vt 0.927420 0.069201
vt 0.921122 0.064451
vt 0.933881 0.056324
vt 0.916694 0.078929
vt 0.909411 0.074388
vt 0.902249 0.069571
vt 0.914969 0.059325
vt 0.928755 0.050962
vt 0.907067 0.090309
vt 0.898766 0.086047
vt 0.898155 0.103045
vt 0.889085 0.098839
vt 0.880524 0.094478
vt 0.890725 0.081573
vt 0.890101 0.116794
vt 0.880531 0.112237
vt 0.882238 0.131696
vt 0.872303 0.126349
vt 0.863472 0.120665
vt 0.871689 0.107510
vt 0.874010 0.147858
vt 0.863711 0.141107
vt 0.854501 0.154073
vt 0.847070 0.144858
vt 0.855294 0.133638
vt 0.844501 0.162743
vt 0.834029 0.166623
vt 0.833020 0.157320
vt 0.838922 0.152669
vt 0.963103 0.050438
vt 0.951193 0.055089
vt 0.947191 0.050290
vt 0.960428 0.045785
vt 0.943239 0.044864
vt 0.957748 0.040406
vt 0.964268 0.274215
vt 0.970990 0.271547
vt 0.975432 0.278148
vt 0.971303 0.281684
vt 0.979203 0.275671
vt 0.980684 0.279521
vt 0.979374 0.282801
vt 0.977627 0.287222
vt 0.937167 0.231224
vt 0.948849 0.230055
vt 0.953642 0.242507
vt 0.942950 0.243989
vt 0.959294 0.253630
vt 0.949611 0.255433
vt 0.965351 0.263367
vt 0.956867 0.265537
vt 0.926310 0.170919
vt 0.939989 0.171305
vt 0.940842 0.186521
vt 0.927129 0.186555
vt 0.942619 0.201576
vt 0.929295 0.202042
vt 0.945237 0.216262
vt 0.932627 0.217091
vt 0.937219 0.113462
vt 0.947935 0.114635
vt 0.944165 0.127478
vt 0.932618 0.126395
vt 0.941440 0.141418
vt 0.929094 0.140483
vt 0.940111 0.156152
vt 0.926971 0.155445
vt 0.942685 0.101833
vt 0.952494 0.102986
vt 0.948916 0.091503
vt 0.957715 0.092725
vt 0.955758 0.082531
vt 0.963326 0.084257
vt 0.962718 0.075201
vt 0.969152 0.077541
vt 0.944659 0.065491
vt 0.933977 0.073421
vt 0.950426 0.069219
vt 0.940879 0.077087
vt 0.932032 0.086592
vt 0.924215 0.083032
vt 0.956489 0.072456
vt 0.948218 0.080149
vt 0.940297 0.089450
vt 0.915623 0.094119
vt 0.924368 0.097385
vt 0.917416 0.109575
vt 0.907681 0.106642
vt 0.933328 0.099968
vt 0.927141 0.111812
vt 0.900499 0.120375
vt 0.911227 0.123061
vt 0.905734 0.137679
vt 0.893703 0.135317
vt 0.921784 0.124992
vt 0.917367 0.139315
vt 0.887019 0.151478
vt 0.900947 0.153267
vt 0.898360 0.169651
vt 0.882966 0.168724
vt 0.914094 0.154537
vt 0.912611 0.170379
vt 0.884223 0.186822
vt 0.899422 0.186605
vt 0.903179 0.203371
vt 0.889076 0.204655
vt 0.913513 0.186557
vt 0.916356 0.202579
vt 0.895499 0.221288
vt 0.908486 0.219268
vt 0.915112 0.234095
vt 0.903194 0.236669
vt 0.920611 0.217992
vt 0.926174 0.232436
vt 0.911901 0.250765
vt 0.922818 0.247661
vt 0.931358 0.259950
vt 0.921493 0.263492
vt 0.932925 0.245570
vt 0.940524 0.257415
vt 0.931951 0.274727
vt 0.923483 0.278908
vt 0.940586 0.270901
vt 0.950308 0.280506
vt 0.943007 0.284541
vt 0.935901 0.288879
vt 0.948753 0.267941
vt 0.957389 0.277122
vt 0.954448 0.292904
vt 0.948691 0.297382
vt 0.960341 0.288752
vt 0.970028 0.295147
vt 0.965714 0.299512
vt 0.966116 0.285117
vt 0.974247 0.291203
vt 0.976296 0.304071
vt 0.978773 0.299165
vt 0.987134 0.300998
vt 0.986644 0.306486
vt 0.981139 0.294492
vt 0.982911 0.289806
vt 0.987710 0.290550
vt 0.987465 0.295702
vt 0.964472 0.066578
vt 0.969579 0.069590
vt 0.959766 0.063189
vt 0.968928 0.058616
vt 0.972287 0.062060
vt 0.976392 0.065158
vt 0.955368 0.059382
vt 0.965907 0.054735
vt 0.932826 0.313653
vt 0.916978 0.304053
vt 0.923082 0.298348
vt 0.938008 0.307516
vt 0.901538 0.292861
vt 0.908401 0.287761
vt 0.915662 0.283200
vt 0.929319 0.293392
vt 0.943254 0.302169
vt 0.845869 0.112494
vt 0.839658 0.124624
vt 0.830688 0.124571
vt 0.836040 0.110606
vt 0.836196 0.133241
vt 0.829122 0.136625
vt 0.818371 0.143023
vt 0.820515 0.125035
vt 0.825452 0.109224
vt 0.863586 0.086000
vt 0.853914 0.099439
vt 0.843834 0.096261
vt 0.853893 0.081826
vt 0.833159 0.093393
vt 0.843668 0.077654
vt 0.887803 0.059461
vt 0.874780 0.072353
vt 0.865969 0.067450
vt 0.880033 0.053972
vt 0.856793 0.062339
vt 0.872032 0.048192
vt 0.918441 0.039006
vt 0.902546 0.048331
vt 0.895840 0.042143
vt 0.912817 0.032020
vt 0.888901 0.035620
vt 0.906951 0.024662
vt 0.951862 0.026354
vt 0.935010 0.031716
vt 0.930498 0.023839
vt 0.948614 0.017745
vt 0.925834 0.015590
vt 0.945328 0.008756
vt 0.326030 0.695465
vt 0.335362 0.690032
vt 0.352580 0.710944
vt 0.347055 0.714981
vt 0.345909 0.684385
vt 0.360518 0.706033
vt 0.317037 0.711680
vt 0.321790 0.703112
vt 0.343076 0.719236
vt 0.340644 0.725144
vt 0.497589 0.319526
vt 0.497581 0.312986
vt 0.513603 0.313065
vt 0.513236 0.319564
vt 0.497659 0.337927
vt 0.497599 0.327972
vt 0.513015 0.327869
vt 0.512851 0.337677
vt 0.498059 0.360718
vt 0.497847 0.348978
vt 0.512728 0.348679
vt 0.512584 0.360519
vt 0.498936 0.384752
vt 0.498407 0.372976
vt 0.512310 0.372819
vt 0.512065 0.384652
vt 0.499983 0.407778
vt 0.499481 0.396158
vt 0.512255 0.396247
vt 0.512523 0.407948
vt 0.500839 0.432659
vt 0.500403 0.420005
vt 0.512788 0.419754
vt 0.514513 0.430664
vt 0.703656 0.543301
vt 0.702268 0.536767
vt 0.697814 0.541854
vt 0.695691 0.537842
vt 0.519542 0.445554
vt 0.514262 0.441171
vt 0.519943 0.438879
vt 0.524756 0.445882
vt 0.497517 0.150347
vt 0.497892 0.146060
vt 0.518927 0.146158
vt 0.518762 0.150546
vt 0.497800 0.143588
vt 0.518440 0.142874
vt 0.496731 0.156706
vt 0.518104 0.156748
vt 0.358649 0.678597
vt 0.371141 0.699687
vt 0.371127 0.673459
vt 0.382229 0.693310
vt 0.496853 0.254167
vt 0.496886 0.243097
vt 0.515363 0.245042
vt 0.515231 0.255463
vt 0.496822 0.264402
vt 0.515005 0.265399
vt 0.273393 0.789700
vt 0.278711 0.780556
vt 0.292570 0.791694
vt 0.286572 0.800426
vt 0.267491 0.799219
vt 0.269668 0.795838
vt 0.281895 0.806991
vt 0.278737 0.811296
vt 0.295563 0.750476
vt 0.305058 0.753887
vt 0.302667 0.737638
vt 0.310787 0.742509
vt 0.309676 0.724972
vt 0.317496 0.732119
vt 0.326939 0.727548
vt 0.340736 0.733247
vt 0.522223 0.201856
vt 0.511184 0.204164
vt 0.496933 0.222942
vt 0.505432 0.222529
vt 0.496971 0.216096
vt 0.505176 0.216830
vt 0.497260 0.208181
vt 0.506283 0.210046
vt 0.380881 0.669427
vt 0.391307 0.688070
vt 0.389206 0.665641
vt 0.399146 0.683048
vt 0.986993 0.043815
vt 0.987388 0.048612
vt 0.976538 0.051009
vt 0.974955 0.046491
vt 0.987745 0.053048
vt 0.978233 0.055120
vt 0.988000 0.056651
vt 0.980101 0.058587
vt 0.988097 0.059627
vt 0.983048 0.061590
vt 0.971949 0.036512
vt 0.973451 0.041814
vt 0.986253 0.033943
vt 0.986619 0.039102
vt 0.987770 0.071334
vt 0.981423 0.075058
vt 0.975353 0.072347
vt 0.981770 0.068100
vt 0.984882 0.002384
vt 0.985200 0.011688
vt 0.966858 0.013724
vt 0.965077 0.004420
vt 0.985533 0.020473
vt 0.968653 0.022565
vt 0.219608 0.660800
vt 0.217935 0.668673
vt 0.190893 0.665035
vt 0.193106 0.657139
vt 0.217074 0.674245
vt 0.189833 0.670653
vt 0.162524 0.667315
vt 0.163855 0.661485
vt 0.166724 0.653403
vt 0.137041 0.657998
vt 0.140804 0.649021
vt 0.135140 0.664930
vt 0.108453 0.662386
vt 0.111184 0.652872
vt 0.116201 0.642229
vt 0.161973 0.672076
vt 0.134367 0.670712
vt 0.162041 0.676999
vt 0.136634 0.676616
vt 0.109832 0.682993
vt 0.105932 0.671648
vt 0.216428 0.679188
vt 0.189250 0.675434
vt 0.215681 0.685949
vt 0.187355 0.680314
vt 0.066954 0.653109
vt 0.081726 0.657154
vt 0.071441 0.679596
vt 0.061218 0.676469
vt 0.094602 0.662999
vt 0.079051 0.682379
vt 0.065500 0.699170
vt 0.060620 0.697952
vt 0.053338 0.695707
vt 0.052277 0.712343
vt 0.046787 0.710277
vt 0.055989 0.713806
vt 0.049503 0.725782
vt 0.046162 0.723051
vt 0.043161 0.718330
vt 0.068923 0.700993
vt 0.059190 0.715329
vt 0.071535 0.704182
vt 0.062289 0.717186
vt 0.055706 0.728664
vt 0.052376 0.727324
vt 0.084202 0.685917
vt 0.086699 0.691753
vt 0.169312 0.228322
vt 0.182010 0.234084
vt 0.168182 0.252207
vt 0.156992 0.245830
vt 0.194393 0.241786
vt 0.179101 0.260180
vt 0.164227 0.277114
vt 0.154490 0.268887
vt 0.144230 0.262038
vt 0.188892 0.188894
vt 0.205593 0.198279
vt 0.195667 0.215348
vt 0.180627 0.210059
vt 0.228270 0.202570
vt 0.210368 0.223123
vt 0.112915 0.289347
vt 0.122014 0.297753
vt 0.104240 0.311037
vt 0.095600 0.301381
vt 0.130920 0.307546
vt 0.112906 0.321953
vt 0.094714 0.335535
vt 0.086208 0.323624
vt 0.078051 0.312706
vt 0.139134 0.283764
vt 0.129443 0.276293
vt 0.148308 0.292653
vt 0.044136 0.333065
vt 0.050496 0.345852
vt 0.032431 0.355113
vt 0.026897 0.341032
vt 0.057814 0.359499
vt 0.039264 0.369947
vt 0.020325 0.379316
vt 0.013808 0.362705
vt 0.009060 0.346997
vt 0.068301 0.335323
vt 0.060963 0.323486
vt 0.076330 0.347984
vt 0.272613 0.668484
vt 0.271974 0.676741
vt 0.244975 0.672587
vt 0.246157 0.664594
vt 0.271393 0.682626
vt 0.244272 0.678271
vt 0.270498 0.687561
vt 0.243548 0.683224
vt 0.269155 0.692616
vt 0.244194 0.688763
vt 0.410374 0.326589
vt 0.412212 0.328918
vt 0.405684 0.330406
vt 0.405154 0.327074
vt 0.413473 0.331643
vt 0.406616 0.333124
vt 0.399475 0.333525
vt 0.398790 0.330756
vt 0.398173 0.327290
vt 0.392052 0.330584
vt 0.391415 0.327166
vt 0.392425 0.333283
vt 0.385981 0.332929
vt 0.385866 0.330024
vt 0.386663 0.327308
vt 0.400223 0.336156
vt 0.393331 0.335945
vt 0.401157 0.338820
vt 0.394194 0.338467
vt 0.389313 0.337702
vt 0.387188 0.335569
vt 0.413667 0.334373
vt 0.407130 0.335592
vt 0.413015 0.336820
vt 0.408106 0.338164
vt 0.359253 0.306802
vt 0.357862 0.320604
vt 0.343594 0.320140
vt 0.340225 0.306898
vt 0.359958 0.331287
vt 0.346633 0.331909
vt 0.330905 0.334421
vt 0.327148 0.322207
vt 0.323437 0.308977
vt 0.310410 0.327367
vt 0.306339 0.314188
vt 0.314736 0.339652
vt 0.299164 0.347398
vt 0.294186 0.335232
vt 0.289383 0.322111
vt 0.335806 0.345778
vt 0.319993 0.351357
vt 0.340973 0.356787
vt 0.325607 0.362710
vt 0.311008 0.370105
vt 0.304902 0.358946
vt 0.364623 0.340312
vt 0.351532 0.342194
vt 0.373674 0.348657
vt 0.356731 0.352070
vt 0.279405 0.345558
vt 0.273725 0.332349
vt 0.285090 0.357680
vt 0.270820 0.368712
vt 0.264542 0.356889
vt 0.258106 0.344004
vt 0.248022 0.367306
vt 0.240839 0.355218
vt 0.255158 0.378648
vt 0.239712 0.389056
vt 0.232215 0.378093
vt 0.224847 0.367009
vt 0.277333 0.379387
vt 0.262086 0.389129
vt 0.283938 0.389504
vt 0.269053 0.399048
vt 0.254729 0.408990
vt 0.247188 0.399307
vt 0.291221 0.368849
vt 0.297556 0.379481
vt 0.217105 0.391530
vt 0.209901 0.380948
vt 0.225057 0.401888
vt 0.211046 0.416066
vt 0.203008 0.406221
vt 0.195272 0.395913
vt 0.188987 0.420917
vt 0.180589 0.411016
vt 0.197442 0.430269
vt 0.184180 0.445041
vt 0.175212 0.436055
vt 0.166038 0.426363
vt 0.219744 0.425626
vt 0.206747 0.439941
vt 0.228802 0.434884
vt 0.216690 0.449253
vt 0.205318 0.464443
vt 0.194323 0.454744
vt 0.233287 0.411696
vt 0.241585 0.421131
vt 0.161423 0.451530
vt 0.151345 0.441835
vt 0.171503 0.460539
vt 0.158904 0.477065
vt 0.147621 0.467751
vt 0.136637 0.457698
vt 0.134060 0.484598
vt 0.122098 0.473932
vt 0.146619 0.494164
vt 0.134960 0.511688
vt 0.120615 0.501761
vt 0.107326 0.490169
vt 0.171673 0.486774
vt 0.160910 0.503392
vt 0.185478 0.496146
vt 0.176369 0.512014
vt 0.168363 0.528015
vt 0.151164 0.520353
vt 0.182744 0.470382
vt 0.195064 0.480149
vt 0.464536 0.308841
vt 0.465686 0.314831
vt 0.449730 0.316014
vt 0.447325 0.310213
vt 0.466680 0.321400
vt 0.451797 0.322468
vt 0.439718 0.323563
vt 0.436619 0.317069
vt 0.428752 0.311071
vt 0.467018 0.329757
vt 0.451828 0.330878
vt 0.467291 0.339429
vt 0.451569 0.340630
vt 0.434953 0.342640
vt 0.439413 0.331965
vt 0.437282 0.353091
vt 0.422466 0.356628
vt 0.420362 0.350477
vt 0.439531 0.363956
vt 0.424612 0.365963
vt 0.409370 0.367417
vt 0.407133 0.358795
vt 0.405533 0.353301
vt 0.391505 0.358512
vt 0.390382 0.352147
vt 0.393928 0.368179
vt 0.378826 0.369995
vt 0.375973 0.359002
vt 0.412021 0.378878
vt 0.396945 0.380735
vt 0.415350 0.391429
vt 0.400365 0.393489
vt 0.387685 0.395149
vt 0.383008 0.383156
vt 0.441958 0.376195
vt 0.427146 0.377536
vt 0.444427 0.388975
vt 0.430082 0.390101
vt 0.360602 0.362518
vt 0.364201 0.373761
vt 0.349974 0.378902
vt 0.345560 0.367766
vt 0.330912 0.373665
vt 0.336107 0.384727
vt 0.322593 0.391580
vt 0.316846 0.380800
vt 0.355098 0.390916
vt 0.341537 0.396194
vt 0.360599 0.402748
vt 0.347408 0.407879
vt 0.334757 0.413998
vt 0.328494 0.402713
vt 0.368934 0.386555
vt 0.373697 0.398356
vt 0.303676 0.389855
vt 0.309705 0.400134
vt 0.297150 0.409757
vt 0.290520 0.399655
vt 0.276462 0.409050
vt 0.284283 0.419144
vt 0.271268 0.428660
vt 0.262672 0.418732
vt 0.303947 0.419591
vt 0.292166 0.429021
vt 0.311341 0.429405
vt 0.300477 0.438868
vt 0.289794 0.448830
vt 0.280410 0.438735
vt 0.315937 0.410567
vt 0.322720 0.421208
vt 0.249851 0.430322
vt 0.258486 0.439391
vt 0.247273 0.451264
vt 0.238009 0.443288
vt 0.227046 0.457289
vt 0.237598 0.464620
vt 0.228347 0.479125
vt 0.216610 0.472340
vt 0.257231 0.459251
vt 0.247552 0.471718
vt 0.268005 0.467439
vt 0.257811 0.478848
vt 0.249442 0.491360
vt 0.239106 0.485316
vt 0.268314 0.448629
vt 0.278766 0.457948
vt 0.207109 0.487818
vt 0.219283 0.494208
vt 0.211248 0.509807
vt 0.198526 0.503598
vt 0.191032 0.519009
vt 0.205191 0.524805
vt 0.199949 0.539611
vt 0.184505 0.534321
vt 0.224101 0.515124
vt 0.218866 0.529636
vt 0.237129 0.519696
vt 0.232743 0.533505
vt 0.229395 0.547204
vt 0.214794 0.543936
vt 0.231228 0.499838
vt 0.242877 0.505090
vt 0.468078 0.350026
vt 0.452619 0.351124
vt 0.469232 0.361527
vt 0.454441 0.362519
vt 0.470803 0.373876
vt 0.456508 0.374939
vt 0.472693 0.386414
vt 0.458586 0.387693
vt 0.446679 0.401293
vt 0.433106 0.402350
vt 0.448583 0.413200
vt 0.435902 0.414207
vt 0.423140 0.414986
vt 0.419245 0.403352
vt 0.405356 0.404485
vt 0.410184 0.415837
vt 0.398016 0.417082
vt 0.392628 0.405713
vt 0.426441 0.427080
vt 0.414858 0.427876
vt 0.430442 0.438663
vt 0.420522 0.439884
vt 0.410642 0.442005
vt 0.404164 0.429370
vt 0.450208 0.425081
vt 0.438396 0.426068
vt 0.451683 0.435950
vt 0.441045 0.437267
vt 0.378872 0.409615
vt 0.384719 0.421835
vt 0.372476 0.427315
vt 0.366309 0.414711
vt 0.353868 0.420204
vt 0.360922 0.432979
vt 0.350161 0.438818
vt 0.342082 0.426255
vt 0.378672 0.439919
vt 0.368129 0.445486
vt 0.385355 0.452624
vt 0.375679 0.457816
vt 0.367121 0.463318
vt 0.358612 0.451037
vt 0.391219 0.434267
vt 0.398139 0.446903
vt 0.330758 0.432854
vt 0.339524 0.444704
vt 0.328857 0.451439
vt 0.319962 0.440360
vt 0.309525 0.449248
vt 0.318502 0.459421
vt 0.308379 0.467814
vt 0.299240 0.458548
vt 0.338231 0.463069
vt 0.327768 0.470033
vt 0.347469 0.474608
vt 0.337159 0.481076
vt 0.327248 0.487939
vt 0.317661 0.477537
vt 0.348594 0.456759
vt 0.357533 0.468851
vt 0.289005 0.467015
vt 0.298722 0.475842
vt 0.289574 0.484296
vt 0.279013 0.475814
vt 0.269314 0.486208
vt 0.280813 0.493841
vt 0.273230 0.504258
vt 0.261194 0.497662
vt 0.299995 0.493367
vt 0.291977 0.502192
vt 0.310367 0.502576
vt 0.303144 0.510503
vt 0.296573 0.518582
vt 0.284833 0.511536
vt 0.308500 0.485229
vt 0.318395 0.495072
vt 0.255136 0.510424
vt 0.267313 0.515766
vt 0.262424 0.527689
vt 0.250016 0.523897
vt 0.246455 0.536628
vt 0.259055 0.539117
vt 0.257419 0.550622
vt 0.244011 0.549333
vt 0.274682 0.531227
vt 0.271608 0.540908
vt 0.286105 0.534424
vt 0.283017 0.542168
vt 0.282287 0.550443
vt 0.270451 0.550878
vt 0.279035 0.521353
vt 0.290653 0.526562
vt 0.474529 0.398492
vt 0.460505 0.399964
vt 0.475925 0.409781
vt 0.462045 0.411579
vt 0.476302 0.421141
vt 0.462856 0.423161
vt 0.475416 0.431983
vt 0.463216 0.433946
vt 0.453740 0.444749
vt 0.444247 0.446838
vt 0.456287 0.452069
vt 0.448069 0.455151
vt 0.440027 0.458246
vt 0.434824 0.449058
vt 0.426099 0.451128
vt 0.416775 0.454138
vt 0.432114 0.461532
vt 0.423773 0.465608
vt 0.405168 0.459277
vt 0.412547 0.471452
vt 0.401119 0.477650
vt 0.393302 0.465054
vt 0.383678 0.470578
vt 0.375145 0.475957
vt 0.391442 0.483345
vt 0.382610 0.488769
vt 0.366133 0.481228
vt 0.373870 0.493905
vt 0.364831 0.498932
vt 0.356562 0.486584
vt 0.346425 0.492381
vt 0.336517 0.498395
vt 0.355107 0.504083
vt 0.345307 0.509197
vt 0.327691 0.504554
vt 0.336314 0.514298
vt 0.328461 0.519343
vt 0.319958 0.510951
vt 0.313558 0.517657
vt 0.307670 0.524378
vt 0.322563 0.524546
vt 0.316943 0.529749
vt 0.301527 0.530867
vt 0.310806 0.534845
vt 0.305009 0.539965
vt 0.296109 0.537257
vt 0.463439 0.442576
vt 0.473170 0.440604
vt 0.471211 0.447413
vt 0.464005 0.449428
vt 0.459377 0.145296
vt 0.459764 0.147814
vt 0.437754 0.149695
vt 0.437731 0.146741
vt 0.460474 0.152397
vt 0.438395 0.153944
vt 0.415155 0.156508
vt 0.414990 0.152424
vt 0.415214 0.148573
vt 0.461254 0.158492
vt 0.439265 0.159841
vt 0.461625 0.165454
vt 0.439955 0.167045
vt 0.416361 0.169332
vt 0.415644 0.162209
vt 0.102885 0.346981
vt 0.084394 0.360025
vt 0.111073 0.358032
vt 0.092749 0.371794
vt 0.074318 0.385316
vt 0.065684 0.372473
vt 0.047112 0.383982
vt 0.056193 0.397996
vt 0.037893 0.410300
vt 0.028305 0.394975
vt 0.083690 0.397994
vt 0.065903 0.411432
vt 0.094060 0.410694
vt 0.076345 0.424582
vt 0.059093 0.438667
vt 0.048278 0.424846
vt 0.119811 0.369183
vt 0.101805 0.383782
vt 0.129250 0.381284
vt 0.111782 0.396267
vt 0.172776 0.286640
vt 0.156387 0.302814
vt 0.180791 0.297275
vt 0.164099 0.313860
vt 0.147035 0.329362
vt 0.139145 0.318230
vt 0.121144 0.333081
vt 0.129255 0.344057
vt 0.154963 0.340269
vt 0.137620 0.354632
vt 0.163109 0.351302
vt 0.146388 0.366002
vt 0.188945 0.308382
vt 0.171987 0.325075
vt 0.196817 0.320089
vt 0.179976 0.336421
vt 0.238836 0.218307
vt 0.221615 0.233541
vt 0.247654 0.229261
vt 0.230619 0.245286
vt 0.213826 0.262917
vt 0.204797 0.251633
vt 0.188715 0.269525
vt 0.197435 0.280004
vt 0.222852 0.274885
vt 0.205985 0.291336
vt 0.230999 0.287513
vt 0.213815 0.303584
vt 0.257948 0.240900
vt 0.240762 0.257609
vt 0.272744 0.253960
vt 0.250000 0.271042
vt 0.342807 0.162272
vt 0.344099 0.166356
vt 0.329217 0.171058
vt 0.327442 0.167069
vt 0.344710 0.170405
vt 0.330089 0.175219
vt 0.316907 0.180301
vt 0.315678 0.176074
vt 0.313274 0.172272
vt 0.303580 0.181157
vt 0.300697 0.177752
vt 0.305232 0.185254
vt 0.294731 0.190606
vt 0.292461 0.186230
vt 0.291163 0.182843
vt 0.317601 0.185673
vt 0.306362 0.189922
vt 0.317618 0.192778
vt 0.306367 0.196085
vt 0.299241 0.198609
vt 0.296904 0.194880
vt 0.345288 0.176430
vt 0.330656 0.181045
vt 0.345780 0.184446
vt 0.330899 0.188784
vt 0.395361 0.155281
vt 0.395015 0.151031
vt 0.395589 0.159414
vt 0.377889 0.162597
vt 0.377453 0.158421
vt 0.376627 0.154194
vt 0.360262 0.162143
vt 0.359210 0.157980
vt 0.360784 0.166235
vt 0.378390 0.168453
vt 0.361345 0.172229
vt 0.378973 0.175959
vt 0.361913 0.180086
vt 0.396010 0.165118
vt 0.396647 0.172322
vt 0.178087 0.630802
vt 0.171898 0.642385
vt 0.147458 0.637628
vt 0.155254 0.626067
vt 0.124655 0.630341
vt 0.134192 0.619030
vt 0.226239 0.638022
vt 0.222624 0.649736
vt 0.197106 0.646142
vt 0.201917 0.634501
vt 0.154795 0.717537
vt 0.153188 0.713644
vt 0.159181 0.712842
vt 0.159523 0.717909
vt 0.151745 0.708420
vt 0.158339 0.707978
vt 0.164671 0.707689
vt 0.165141 0.712625
vt 0.165696 0.717902
vt 0.171179 0.712427
vt 0.171857 0.717448
vt 0.171116 0.707619
vt 0.177798 0.707717
vt 0.177338 0.712819
vt 0.176524 0.716732
vt 0.164267 0.702686
vt 0.170875 0.702831
vt 0.163876 0.697686
vt 0.171270 0.698186
vt 0.176714 0.699048
vt 0.177577 0.702686
vt 0.151131 0.703077
vt 0.157779 0.702997
vt 0.151406 0.699127
vt 0.156631 0.698074
vt 0.030454 0.687693
vt 0.042791 0.691671
vt 0.038118 0.707427
vt 0.027258 0.705156
vt 0.036405 0.720041
vt 0.026463 0.720741
vt 0.034296 0.647120
vt 0.050228 0.649617
vt 0.047944 0.672121
vt 0.033812 0.668188
vt 0.015241 0.768754
vt 0.026253 0.754537
vt 0.037006 0.762680
vt 0.033159 0.778070
vt 0.034622 0.743744
vt 0.040660 0.748595
vt 0.047301 0.750262
vt 0.048740 0.764375
vt 0.057939 0.782662
vt 0.041964 0.734406
vt 0.045410 0.737125
vt 0.049711 0.738508
vt 0.038593 0.729134
vt 0.029254 0.734255
vt 0.075838 0.747741
vt 0.074104 0.744683
vt 0.078897 0.741270
vt 0.079828 0.746008
vt 0.072461 0.740299
vt 0.077605 0.737002
vt 0.082484 0.733771
vt 0.083674 0.738262
vt 0.084924 0.743060
vt 0.088408 0.735145
vt 0.089881 0.739615
vt 0.087400 0.730574
vt 0.092427 0.727403
vt 0.093308 0.732539
vt 0.093504 0.736694
vt 0.081018 0.729066
vt 0.085886 0.725952
vt 0.079383 0.724314
vt 0.084627 0.721107
vt 0.088804 0.719436
vt 0.090717 0.722599
vt 0.071421 0.735549
vt 0.076354 0.732503
vt 0.071177 0.731722
vt 0.074610 0.728365
vt 0.274811 0.644947
vt 0.273653 0.657016
vt 0.248245 0.653408
vt 0.250704 0.641598
vt 0.246927 0.726647
vt 0.246890 0.722655
vt 0.252931 0.723866
vt 0.251278 0.728471
vt 0.247463 0.717585
vt 0.253983 0.719309
vt 0.260230 0.721022
vt 0.258737 0.725531
vt 0.257123 0.730378
vt 0.264531 0.727153
vt 0.263135 0.731893
vt 0.266392 0.722785
vt 0.272605 0.724744
vt 0.270142 0.729355
vt 0.267807 0.732713
vt 0.261724 0.716229
vt 0.268009 0.718144
vt 0.263152 0.711490
vt 0.270132 0.713758
vt 0.274963 0.716104
vt 0.274377 0.719866
vt 0.248822 0.712765
vt 0.255294 0.714623
vt 0.250467 0.709625
vt 0.255933 0.710043
vt 0.459954 0.238699
vt 0.460065 0.247841
vt 0.441528 0.249280
vt 0.442487 0.239428
vt 0.460384 0.257981
vt 0.442064 0.260026
vt 0.423772 0.261739
vt 0.423103 0.250441
vt 0.422751 0.237708
vt 0.460883 0.267571
vt 0.442931 0.269691
vt 0.461508 0.276575
vt 0.443918 0.278415
vt 0.426515 0.279571
vt 0.425093 0.271326
vt 0.138868 0.393657
vt 0.121981 0.408662
vt 0.147780 0.404862
vt 0.131638 0.420097
vt 0.115387 0.435241
vt 0.104964 0.423379
vt 0.088057 0.437752
vt 0.099483 0.450203
vt 0.083805 0.464779
vt 0.071562 0.452026
vt 0.125766 0.446680
vt 0.110521 0.462255
vt 0.095136 0.477464
vt 0.156680 0.415663
vt 0.141264 0.431116
vt 0.204256 0.332118
vt 0.187870 0.347888
vt 0.211238 0.344236
vt 0.195556 0.359282
vt 0.179493 0.374602
vt 0.171648 0.363292
vt 0.155379 0.378489
vt 0.163608 0.389778
vt 0.187321 0.385313
vt 0.171939 0.400406
vt 0.217934 0.355994
vt 0.202814 0.370317
vt 0.276197 0.274586
vt 0.256313 0.286655
vt 0.279873 0.292198
vt 0.261679 0.303069
vt 0.244030 0.315869
vt 0.237652 0.301456
vt 0.220673 0.316612
vt 0.227320 0.329594
vt 0.250969 0.330155
vt 0.233727 0.342688
vt 0.284417 0.307903
vt 0.267646 0.318171
vt 0.348194 0.235694
vt 0.341036 0.257033
vt 0.328535 0.259308
vt 0.329434 0.242292
vt 0.341310 0.274427
vt 0.329503 0.276187
vt 0.314444 0.279408
vt 0.312267 0.263626
vt 0.311847 0.247287
vt 0.295028 0.267757
vt 0.294032 0.250973
vt 0.297933 0.284351
vt 0.318675 0.294504
vt 0.301938 0.299819
vt 0.346969 0.290409
vt 0.334517 0.292022
vt 0.404809 0.253111
vt 0.403417 0.243630
vt 0.405546 0.263686
vt 0.388483 0.266006
vt 0.387856 0.256364
vt 0.387883 0.247385
vt 0.373842 0.259202
vt 0.375394 0.250393
vt 0.373992 0.268458
vt 0.363374 0.270155
vt 0.363571 0.260730
vt 0.366117 0.251715
vt 0.391072 0.273752
vt 0.377267 0.275619
vt 0.393819 0.280062
vt 0.380602 0.281175
vt 0.372167 0.281308
vt 0.367131 0.277433
vt 0.407455 0.272438
vt 0.409498 0.279787
vt 0.247542 0.760075
vt 0.244911 0.769134
vt 0.226646 0.763830
vt 0.229943 0.753592
vt 0.242754 0.777157
vt 0.225089 0.773779
vt 0.206715 0.771998
vt 0.207989 0.760003
vt 0.209722 0.742991
vt 0.241264 0.783069
vt 0.223811 0.781366
vt 0.240552 0.786389
vt 0.222979 0.786295
vt 0.204709 0.788041
vt 0.205569 0.781406
vt 0.419785 0.204725
vt 0.418900 0.194705
vt 0.439538 0.191688
vt 0.440810 0.198507
vt 0.417965 0.186096
vt 0.439742 0.183560
vt 0.460289 0.181439
vt 0.459573 0.189343
vt 0.459136 0.195999
vt 0.478706 0.188739
vt 0.477187 0.195375
vt 0.478697 0.180756
vt 0.461098 0.173206
vt 0.478532 0.172339
vt 0.478395 0.164541
vt 0.417099 0.177487
vt 0.439958 0.175157
vt 0.129094 0.746597
vt 0.134633 0.763234
vt 0.118338 0.769997
vt 0.112054 0.760668
vt 0.138839 0.774962
vt 0.123667 0.779797
vt 0.109809 0.785313
vt 0.102857 0.777898
vt 0.096493 0.770224
vt 0.088166 0.784215
vt 0.080265 0.777108
vt 0.097907 0.790344
vt 0.089492 0.795874
vt 0.077475 0.790586
vt 0.115895 0.792556
vt 0.105434 0.796065
vt 0.120098 0.798586
vt 0.110182 0.800878
vt 0.103758 0.802120
vt 0.098165 0.799883
vt 0.142254 0.784650
vt 0.128355 0.788477
vt 0.144588 0.791825
vt 0.131675 0.795239
vt 0.251933 0.197336
vt 0.255275 0.207519
vt 0.267913 0.191124
vt 0.270015 0.199072
vt 0.274347 0.205722
vt 0.262000 0.216396
vt 0.270234 0.225507
vt 0.280219 0.211892
vt 0.289001 0.216325
vt 0.281698 0.232501
vt 0.284916 0.197290
vt 0.288771 0.201939
vt 0.294945 0.204983
vt 0.281018 0.186174
vt 0.281940 0.192168
vt 0.296406 0.233193
vt 0.300983 0.216647
vt 0.315051 0.214269
vt 0.312995 0.230211
vt 0.329987 0.225815
vt 0.330339 0.210730
vt 0.346461 0.206045
vt 0.347055 0.219609
vt 0.316742 0.202096
vt 0.330737 0.198554
vt 0.346095 0.194308
vt 0.304559 0.204681
vt 0.189261 0.759378
vt 0.187832 0.747361
vt 0.188995 0.771226
vt 0.171819 0.771356
vt 0.170607 0.760177
vt 0.169302 0.748883
vt 0.152197 0.760743
vt 0.150878 0.748814
vt 0.154980 0.772380
vt 0.172725 0.781038
vt 0.157144 0.782198
vt 0.173345 0.788364
vt 0.158595 0.789522
vt 0.188698 0.781066
vt 0.188474 0.788341
vt 0.363958 0.211909
vt 0.365716 0.220898
vt 0.363075 0.200372
vt 0.380348 0.194665
vt 0.381254 0.204427
vt 0.381967 0.212777
vt 0.399473 0.198870
vt 0.398990 0.207065
vt 0.398385 0.189829
vt 0.379607 0.184932
vt 0.397432 0.180776
vt 0.362437 0.189600
vt 0.469247 0.212970
vt 0.470018 0.214681
vt 0.465093 0.215271
vt 0.465392 0.213119
vt 0.470219 0.216417
vt 0.465119 0.216802
vt 0.459954 0.217458
vt 0.459955 0.215792
vt 0.459882 0.213475
vt 0.454783 0.216440
vt 0.454386 0.214312
vt 0.454710 0.218045
vt 0.449466 0.218703
vt 0.449695 0.216819
vt 0.450392 0.214907
vt 0.460012 0.219181
vt 0.454895 0.219722
vt 0.460121 0.221309
vt 0.454660 0.221806
vt 0.450645 0.222189
vt 0.449858 0.220628
vt 0.470086 0.218443
vt 0.465070 0.218527
vt 0.469581 0.220193
vt 0.465578 0.220590
vt 0.428575 0.302990
vt 0.446229 0.303182
vt 0.428204 0.295127
vt 0.445598 0.295197
vt 0.462962 0.293982
vt 0.463693 0.301869
vt 0.480621 0.300649
vt 0.481131 0.307639
vt 0.480088 0.292720
vt 0.462218 0.285383
vt 0.479562 0.283932
vt 0.479107 0.274823
vt 0.427528 0.287333
vt 0.444816 0.286841
vt 0.392191 0.224675
vt 0.393092 0.226043
vt 0.388353 0.227330
vt 0.388339 0.225535
vt 0.393576 0.227592
vt 0.388696 0.228693
vt 0.383837 0.230291
vt 0.383482 0.228778
vt 0.383082 0.227075
vt 0.378598 0.230365
vt 0.377903 0.228905
vt 0.378930 0.231833
vt 0.374177 0.233143
vt 0.373813 0.231505
vt 0.374139 0.230149
vt 0.384226 0.231749
vt 0.379484 0.233118
vt 0.384672 0.233351
vt 0.379804 0.234648
vt 0.376404 0.235511
vt 0.375183 0.234485
vt 0.393577 0.229353
vt 0.388869 0.230193
vt 0.393262 0.230905
vt 0.389502 0.231736
vt 0.351895 0.245762
vt 0.347882 0.258599
vt 0.356133 0.250243
vt 0.353435 0.260719
vt 0.353808 0.272207
vt 0.348303 0.273383
vt 0.353717 0.286754
vt 0.358396 0.282280
vt 0.367003 0.289008
vt 0.363788 0.295878
vt 0.358012 0.271166
vt 0.362075 0.279431
vt 0.369678 0.284591
vt 0.360355 0.251836
vt 0.357813 0.261273
vt 0.378047 0.298445
vt 0.378016 0.306440
vt 0.379718 0.291061
vt 0.395046 0.291591
vt 0.394676 0.298978
vt 0.394489 0.306548
vt 0.411488 0.300751
vt 0.410954 0.307927
vt 0.411285 0.293311
vt 0.394928 0.285657
vt 0.410681 0.286496
vt 0.380976 0.285846
vt 0.140352 0.734025
vt 0.153063 0.738547
vt 0.147027 0.726350
vt 0.156433 0.730088
vt 0.167166 0.730839
vt 0.168148 0.739141
vt 0.183137 0.737348
vt 0.177699 0.729212
vt 0.186251 0.724799
vt 0.195005 0.731897
vt 0.166357 0.723861
vt 0.173986 0.722809
vt 0.180189 0.719781
vt 0.151806 0.720895
vt 0.158592 0.723436
vt 0.200791 0.721686
vt 0.211628 0.724959
vt 0.191078 0.717337
vt 0.192832 0.708533
vt 0.202679 0.709587
vt 0.213119 0.710917
vt 0.202946 0.698336
vt 0.214422 0.698305
vt 0.192276 0.700036
vt 0.187537 0.693311
vt 0.197542 0.689668
vt 0.184789 0.707951
vt 0.184266 0.701599
vt 0.180794 0.696541
vt 0.183620 0.714405
vt 0.182319 0.685019
vt 0.176647 0.689593
vt 0.162947 0.687772
vt 0.162451 0.682325
vt 0.142769 0.682730
vt 0.149505 0.688482
vt 0.139477 0.692861
vt 0.128706 0.688319
vt 0.163432 0.692804
vt 0.154002 0.693409
vt 0.146883 0.696501
vt 0.173080 0.693875
vt 0.125093 0.698456
vt 0.114728 0.698786
vt 0.135722 0.700427
vt 0.136640 0.709693
vt 0.127818 0.711029
vt 0.119053 0.713256
vt 0.132400 0.723867
vt 0.123530 0.728206
vt 0.140416 0.718958
vt 0.144571 0.708912
vt 0.147134 0.715624
vt 0.144096 0.702094
vt 0.065720 0.767878
vt 0.078325 0.768073
vt 0.070214 0.758979
vt 0.079133 0.759014
vt 0.088709 0.755024
vt 0.091895 0.762442
vt 0.104449 0.753755
vt 0.097396 0.748435
vt 0.103366 0.739993
vt 0.112795 0.742665
vt 0.086513 0.748600
vt 0.092727 0.743885
vt 0.097119 0.737962
vt 0.073600 0.752201
vt 0.079789 0.751799
vt 0.113880 0.729853
vt 0.104933 0.730368
vt 0.103397 0.720810
vt 0.110812 0.716795
vt 0.106659 0.704909
vt 0.100050 0.712659
vt 0.094111 0.708164
vt 0.099026 0.698198
vt 0.097521 0.724264
vt 0.095088 0.718368
vt 0.090783 0.715063
vt 0.098466 0.731122
vt 0.086434 0.700438
vt 0.085125 0.709275
vt 0.075972 0.714876
vt 0.073898 0.709206
vt 0.065709 0.719863
vt 0.069050 0.722732
vt 0.063729 0.730616
vt 0.059636 0.729772
vt 0.077720 0.719763
vt 0.072059 0.725345
vt 0.067798 0.731254
vt 0.084416 0.715854
vt 0.054849 0.738919
vt 0.060504 0.738456
vt 0.060577 0.746592
vt 0.053960 0.749230
vt 0.057232 0.760278
vt 0.063792 0.754108
vt 0.066746 0.743533
vt 0.069206 0.748900
vt 0.066037 0.737414
vt 0.226121 0.736526
vt 0.236353 0.745371
vt 0.235946 0.732024
vt 0.243273 0.738725
vt 0.253055 0.743051
vt 0.250373 0.751193
vt 0.265118 0.753990
vt 0.265398 0.764099
vt 0.263640 0.744814
vt 0.273431 0.743236
vt 0.278272 0.752153
vt 0.255269 0.736162
vt 0.262913 0.737616
vt 0.269980 0.736748
vt 0.242788 0.728715
vt 0.248153 0.733255
vt 0.285981 0.729806
vt 0.278956 0.726999
vt 0.281037 0.720743
vt 0.289041 0.721346
vt 0.279787 0.714856
vt 0.287417 0.713373
vt 0.275308 0.732772
vt 0.280840 0.737672
vt 0.267501 0.697752
vt 0.247908 0.695012
vt 0.265845 0.702764
vt 0.252344 0.701094
vt 0.241098 0.701913
vt 0.232311 0.695337
vt 0.264458 0.707178
vt 0.254987 0.705826
vt 0.247006 0.706486
vt 0.273519 0.710153
vt 0.278689 0.706811
vt 0.225312 0.701860
vt 0.235022 0.706612
vt 0.232652 0.714108
vt 0.223254 0.712450
vt 0.222624 0.724754
vt 0.232663 0.723186
vt 0.240538 0.715825
vt 0.240439 0.722443
vt 0.242467 0.710154
vt 0.459134 0.201362
vt 0.445118 0.203589
vt 0.459362 0.206110
vt 0.449858 0.207816
vt 0.442364 0.210934
vt 0.434412 0.207851
vt 0.459637 0.210091
vt 0.452813 0.211331
vt 0.447399 0.213476
vt 0.476419 0.207752
vt 0.471963 0.211099
vt 0.466493 0.209896
vt 0.468865 0.205849
vt 0.430442 0.214072
vt 0.420661 0.214377
vt 0.438876 0.215398
vt 0.438258 0.220079
vt 0.430296 0.220744
vt 0.421404 0.221851
vt 0.431156 0.226970
vt 0.422140 0.229222
vt 0.439244 0.224285
vt 0.442893 0.227091
vt 0.435505 0.231121
vt 0.444308 0.219398
vt 0.445069 0.222170
vt 0.447786 0.224074
vt 0.444808 0.216397
vt 0.446182 0.232616
vt 0.450584 0.228023
vt 0.460283 0.227546
vt 0.460106 0.232182
vt 0.473966 0.229659
vt 0.477329 0.235721
vt 0.469972 0.225881
vt 0.477563 0.223715
vt 0.484573 0.226324
vt 0.460250 0.224018
vt 0.467193 0.222972
vt 0.472646 0.221622
vt 0.453324 0.224507
vt 0.481097 0.216222
vt 0.475248 0.216330
vt 0.474587 0.213519
vt 0.480104 0.211682
vt 0.474944 0.219258
vt 0.480724 0.220479
vt 0.406353 0.213587
vt 0.395458 0.214014
vt 0.399261 0.219203
vt 0.391533 0.219556
vt 0.382418 0.222737
vt 0.382239 0.218692
vt 0.369407 0.224691
vt 0.373463 0.226378
vt 0.366672 0.230393
vt 0.359989 0.231674
vt 0.382691 0.225176
vt 0.376212 0.227627
vt 0.371199 0.230046
vt 0.394842 0.222752
vt 0.389289 0.223051
vt 0.358480 0.238632
vt 0.365013 0.235353
vt 0.366169 0.238870
vt 0.360940 0.243220
vt 0.364238 0.245106
vt 0.368425 0.240474
vt 0.372338 0.240943
vt 0.369262 0.245406
vt 0.370247 0.235591
vt 0.371742 0.236958
vt 0.374626 0.237494
vt 0.369750 0.233223
vt 0.377081 0.244406
vt 0.378545 0.240219
vt 0.386201 0.238200
vt 0.387193 0.241751
vt 0.399405 0.238398
vt 0.394697 0.235673
vt 0.401711 0.233029
vt 0.409505 0.234730
vt 0.385325 0.235425
vt 0.391415 0.233509
vt 0.396368 0.231713
vt 0.379469 0.236970
vt 0.412900 0.229591
vt 0.404470 0.229441
vt 0.404527 0.225479
vt 0.412474 0.223580
vt 0.411147 0.217656
vt 0.403227 0.221767
vt 0.398550 0.226721
vt 0.397672 0.224420
vt 0.398402 0.229282
vt 0.421412 0.315767
vt 0.409413 0.313664
vt 0.417052 0.319774
vt 0.407461 0.318489
vt 0.396447 0.318087
vt 0.395270 0.312746
vt 0.381428 0.313065
vt 0.386051 0.318442
vt 0.378160 0.321063
vt 0.371153 0.316002
vt 0.397410 0.323034
vt 0.389411 0.323151
vt 0.383218 0.324895
vt 0.413263 0.323692
vt 0.405890 0.323041
vt 0.367574 0.323173
vt 0.374742 0.326335
vt 0.375012 0.332370
vt 0.368602 0.331693
vt 0.372590 0.339049
vt 0.378088 0.337720
vt 0.384120 0.341918
vt 0.380096 0.344612
vt 0.380583 0.332817
vt 0.382595 0.336460
vt 0.387052 0.339423
vt 0.380505 0.328700
vt 0.391244 0.348427
vt 0.392966 0.344952
vt 0.403429 0.346167
vt 0.404449 0.349871
vt 0.417463 0.347198
vt 0.413801 0.344210
vt 0.421671 0.339276
vt 0.427124 0.340708
vt 0.402272 0.342256
vt 0.410485 0.341082
vt 0.416802 0.337791
vt 0.394002 0.341514
vt 0.431794 0.332847
vt 0.425566 0.333175
vt 0.425940 0.327319
vt 0.432196 0.325263
vt 0.428889 0.319456
vt 0.423160 0.322739
vt 0.419726 0.329516
vt 0.417792 0.326093
vt 0.419608 0.333521
vt 0.031996 0.228317
vt 0.027810 0.240398
vt 0.017470 0.238526
vt 0.020349 0.226537
vt 0.023097 0.251228
vt 0.014226 0.249545
vt 0.005644 0.248351
vt 0.007266 0.237026
vt 0.008763 0.224953
vt 0.018069 0.260915
vt 0.010854 0.259773
vt 0.013797 0.268955
vt 0.008175 0.268278
vt 0.003026 0.268060
vt 0.004155 0.259078
vt 0.042404 0.170713
vt 0.040595 0.185684
vt 0.026782 0.184785
vt 0.028326 0.170039
vt 0.038232 0.200450
vt 0.024909 0.199269
vt 0.011631 0.198023
vt 0.012951 0.183724
vt 0.014119 0.169144
vt 0.035419 0.214830
vt 0.022788 0.213326
vt 0.010209 0.211884
vt 0.041524 0.113741
vt 0.043112 0.126876
vt 0.029955 0.126599
vt 0.029363 0.113626
vt 0.043890 0.141000
vt 0.030072 0.140603
vt 0.015922 0.139965
vt 0.016573 0.126076
vt 0.017131 0.113241
vt 0.043581 0.155718
vt 0.029480 0.155199
vt 0.015111 0.154441
vt 0.036794 0.091754
vt 0.027284 0.092178
vt 0.025730 0.084144
vt 0.033688 0.083213
vt 0.017785 0.092061
vt 0.017885 0.084352
vt 0.018028 0.080050
vt 0.023011 0.078228
vt 0.029692 0.076546
vt 0.028499 0.102086
vt 0.039405 0.101981
vt 0.017582 0.101820
vt 0.035202 0.316614
vt 0.039301 0.323770
vt 0.023008 0.330649
vt 0.019973 0.322605
vt 0.006269 0.335378
vt 0.004525 0.326404
vt 0.123987 0.251948
vt 0.134264 0.256673
vt 0.120030 0.270527
vt 0.110520 0.265666
vt 0.104382 0.283075
vt 0.096063 0.278090
vt 0.146294 0.220253
vt 0.157611 0.224123
vt 0.146541 0.240996
vt 0.136014 0.236655
vt 0.159329 0.187215
vt 0.172520 0.189349
vt 0.167126 0.206722
vt 0.154187 0.203283
vt 0.008314 0.681499
vt 0.018781 0.684861
vt 0.015752 0.703938
vt 0.004791 0.701704
vt 0.015206 0.722610
vt 0.001944 0.724238
vt 0.011342 0.642938
vt 0.021786 0.645200
vt 0.021662 0.665299
vt 0.011225 0.662136
vt 0.188464 0.612483
vt 0.183692 0.621170
vt 0.162097 0.616487
vt 0.167876 0.607899
vt 0.142238 0.609782
vt 0.149027 0.601555
vt 0.232800 0.620120
vt 0.229616 0.628527
vt 0.206368 0.624936
vt 0.210305 0.616381
vt 0.277399 0.626560
vt 0.275961 0.635189
vt 0.253027 0.632063
vt 0.255422 0.623639
vt 0.131023 0.171274
vt 0.146001 0.181425
vt 0.140399 0.197633
vt 0.125618 0.192256
vt 0.133292 0.215171
vt 0.119041 0.210305
vt 0.123847 0.231738
vt 0.110665 0.227067
vt 0.112749 0.247076
vt 0.100931 0.242485
vt 0.100574 0.260970
vt 0.090237 0.256531
vt 0.087555 0.273476
vt 0.078695 0.269121
vt 0.027325 0.304628
vt 0.031228 0.310226
vt 0.017287 0.315488
vt 0.014854 0.309271
vt 0.003301 0.318527
vt 0.002509 0.311610
vt 0.067483 0.057416
vt 0.072194 0.053288
vt 0.084323 0.062462
vt 0.078962 0.066082
vt 0.076799 0.048988
vt 0.089648 0.058611
vt 0.101535 0.070149
vt 0.095558 0.073567
vt 0.089595 0.076689
vt 0.105731 0.086131
vt 0.098974 0.089132
vt 0.112444 0.082842
vt 0.122239 0.096446
vt 0.114846 0.099851
vt 0.107201 0.103007
vt 0.122903 0.114420
vt 0.114381 0.117906
vt 0.130802 0.110702
vt 0.138115 0.125065
vt 0.129852 0.129663
vt 0.120446 0.133913
vt 0.135712 0.145432
vt 0.125382 0.151130
vt 0.144198 0.138997
vt 0.150355 0.150998
vt 0.142361 0.159321
vt 0.151699 0.168945
vt 0.157901 0.159581
vt 0.163939 0.164776
vt 0.162474 0.173839
vt 0.043485 0.046195
vt 0.046121 0.041910
vt 0.059335 0.046524
vt 0.055563 0.050793
vt 0.048699 0.037310
vt 0.063005 0.042035
vt 0.011449 0.274948
vt 0.007040 0.274217
vt 0.009770 0.278741
vt 0.006760 0.278986
vt 0.002250 0.278928
vt 0.002454 0.274149
vt 0.055406 0.231732
vt 0.048961 0.244344
vt 0.038454 0.242359
vt 0.043824 0.230041
vt 0.041795 0.255625
vt 0.032438 0.253326
vt 0.034295 0.265633
vt 0.026094 0.263016
vt 0.026716 0.274321
vt 0.020131 0.271228
vt 0.069913 0.171627
vt 0.068014 0.187289
vt 0.054344 0.186521
vt 0.056192 0.171256
vt 0.064904 0.202740
vt 0.051643 0.201596
vt 0.060715 0.217709
vt 0.048180 0.216278
vt 0.065583 0.112201
vt 0.068392 0.125988
vt 0.055819 0.126695
vt 0.053560 0.113293
vt 0.069975 0.140733
vt 0.057027 0.141068
vt 0.070527 0.156028
vt 0.057123 0.156017
vt 0.050310 0.101254
vt 0.061344 0.099777
vt 0.046322 0.090671
vt 0.056066 0.088817
vt 0.041815 0.081631
vt 0.050133 0.079418
vt 0.036674 0.074365
vt 0.043668 0.071805
vt 0.073090 0.069696
vt 0.062334 0.061608
vt 0.083061 0.079747
vt 0.075407 0.082836
vt 0.066386 0.073211
vt 0.056659 0.065547
vt 0.058525 0.076533
vt 0.050371 0.068910
vt 0.066085 0.086035
vt 0.091592 0.091919
vt 0.098726 0.105726
vt 0.089019 0.108146
vt 0.082988 0.094635
vt 0.072571 0.097417
vt 0.077687 0.110397
vt 0.104509 0.120685
vt 0.109026 0.136757
vt 0.096353 0.138613
vt 0.093384 0.122900
vt 0.081128 0.124695
vt 0.083207 0.139925
vt 0.112363 0.153899
vt 0.113324 0.171707
vt 0.098126 0.171796
vt 0.098160 0.154996
vt 0.084210 0.155698
vt 0.083783 0.171790
vt 0.110453 0.189750
vt 0.104755 0.207254
vt 0.090830 0.205327
vt 0.095529 0.188760
vt 0.081572 0.187994
vt 0.077767 0.203910
vt 0.097480 0.223568
vt 0.088953 0.238628
vt 0.077226 0.235554
vt 0.084652 0.220991
vt 0.072643 0.219167
vt 0.066299 0.233419
vt 0.079476 0.252382
vt 0.069196 0.264765
vt 0.059613 0.260839
vt 0.068794 0.248832
vt 0.058853 0.246337
vt 0.050671 0.257968
vt 0.066301 0.280155
vt 0.058165 0.275685
vt 0.053400 0.289788
vt 0.046664 0.285208
vt 0.039776 0.280958
vt 0.049878 0.271555
vt 0.042068 0.268350
vt 0.033188 0.277453
vt 0.040280 0.298023
vt 0.034907 0.293312
vt 0.023396 0.299640
vt 0.019452 0.295056
vt 0.029425 0.288971
vt 0.024096 0.285207
vt 0.015587 0.290875
vt 0.012537 0.286703
vt 0.019282 0.281608
vt 0.012587 0.303734
vt 0.002088 0.305414
vt 0.001944 0.299664
vt 0.010445 0.298573
vt 0.008423 0.293644
vt 0.001987 0.294187
vt 0.002109 0.288925
vt 0.006991 0.288778
vt 0.036765 0.066199
vt 0.042100 0.063143
vt 0.029895 0.062132
vt 0.034048 0.058966
vt 0.037471 0.055348
vt 0.046956 0.059616
vt 0.051439 0.055328
vt 0.040605 0.050884
vt 0.055287 0.315122
vt 0.050377 0.308830
vt 0.065633 0.299635
vt 0.071480 0.305205
vt 0.088032 0.294541
vt 0.080977 0.289366
vt 0.073800 0.284616
vt 0.059650 0.294516
vt 0.045393 0.303126
vt 0.154413 0.118509
vt 0.163560 0.117496
vt 0.168316 0.132373
vt 0.159553 0.131581
vt 0.173651 0.116970
vt 0.178380 0.133687
vt 0.180004 0.152129
vt 0.169201 0.144809
vt 0.162235 0.140656
vt 0.138200 0.089625
vt 0.147234 0.086534
vt 0.156466 0.102077
vt 0.147229 0.104273
vt 0.156910 0.083611
vt 0.166452 0.100229
vt 0.115327 0.061782
vt 0.123190 0.056960
vt 0.136097 0.071337
vt 0.127530 0.075317
vt 0.131506 0.052012
vt 0.145208 0.067374
vt 0.086852 0.038909
vt 0.092669 0.032560
vt 0.108653 0.043867
vt 0.101714 0.049448
vt 0.098811 0.025831
vt 0.115976 0.038014
vt 0.054312 0.024943
vt 0.057473 0.016939
vt 0.075433 0.023530
vt 0.070910 0.030760
vt 0.060811 0.008520
vt 0.080206 0.015900
vt 0.298298 0.688093
vt 0.298796 0.681279
vt 0.325664 0.684752
vt 0.298758 0.671961
vt 0.324859 0.672881
vt 0.293060 0.698925
vt 0.296791 0.693720
vt 0.481999 0.320276
vt 0.481601 0.313677
vt 0.482554 0.338530
vt 0.482263 0.328701
vt 0.483683 0.360974
vt 0.483043 0.349384
vt 0.486287 0.385310
vt 0.484774 0.373189
vt 0.488489 0.408463
vt 0.487571 0.397067
vt 0.487238 0.431388
vt 0.488758 0.420196
vt 0.292186 0.543612
vt 0.291199 0.549696
vt 0.300062 0.545258
vt 0.296799 0.549168
vt 0.482399 0.445857
vt 0.477770 0.446134
vt 0.482007 0.439652
vt 0.488161 0.441168
vt 0.478613 0.151222
vt 0.478652 0.146683
vt 0.478599 0.144339
vt 0.478485 0.157519
vt 0.298527 0.659612
vt 0.323035 0.659070
vt 0.298136 0.646947
vt 0.320835 0.645808
vt 0.478592 0.255568
vt 0.478472 0.245043
vt 0.478800 0.265491
vt 0.258785 0.782252
vt 0.262564 0.773954
vt 0.254970 0.790808
vt 0.256252 0.787912
vt 0.287585 0.744335
vt 0.294195 0.733414
vt 0.299442 0.722204
vt 0.298293 0.711792
vt 0.286131 0.703173
vt 0.483781 0.203395
vt 0.473072 0.200795
vt 0.488485 0.221871
vt 0.488659 0.215968
vt 0.488020 0.209259
vt 0.993578 0.075196
vt 0.987205 0.077848
vt 0.024371 0.071982
vt 0.018193 0.074736
vt 0.991682 0.081874
vt 0.297928 0.636767
vt 0.319167 0.635423
vt 0.298134 0.627832
vt 0.318018 0.626362
vt 0.019458 0.042909
vt 0.031482 0.043592
vt 0.029934 0.048286
vt 0.019205 0.047516
vt 0.028252 0.052664
vt 0.018953 0.051717
vt 0.026410 0.056134
vt 0.018752 0.055052
vt 0.023448 0.059164
vt 0.018555 0.057733
vt 0.019911 0.033314
vt 0.034318 0.034361
vt 0.032909 0.039174
vt 0.019684 0.038353
vt 0.018310 0.068743
vt 0.024451 0.065331
vt 0.030722 0.069127
vt 0.993072 0.060964
vt 0.988028 0.064435
vt 0.018356 0.062354
vt 0.994040 0.067803
vt 0.021581 0.001944
vt 0.041269 0.003978
vt 0.039309 0.012938
vt 0.020987 0.011229
vt 0.037473 0.021413
vt 0.020505 0.019983
vt 0.311928 0.542734
vt 0.306251 0.547461
vt 0.682690 0.541885
vt 0.680663 0.538233
vt 0.685031 0.535712
vt 0.689344 0.539784
vt 0.693677 0.544266
vt 0.674544 0.537102
vt 0.679168 0.532405
vt 0.668601 0.535797
vt 0.672759 0.529342
vt 0.656442 0.531670
vt 0.648168 0.527706
vt 0.653014 0.517105
vt 0.660601 0.522208
vt 0.639403 0.523288
vt 0.645047 0.511999
vt 0.662639 0.534155
vt 0.666733 0.526058
vt 0.622660 0.515290
vt 0.614174 0.511274
vt 0.621589 0.499257
vt 0.630003 0.503753
vt 0.605283 0.506870
vt 0.612429 0.494385
vt 0.630991 0.519190
vt 0.637575 0.507696
vt 0.585346 0.495591
vt 0.574913 0.488564
vt 0.581988 0.477538
vt 0.592260 0.483195
vt 0.565377 0.481955
vt 0.572491 0.472556
vt 0.595593 0.501769
vt 0.602545 0.488929
vt 0.550454 0.461633
vt 0.543958 0.457959
vt 0.557445 0.465479
vt 0.552306 0.473311
vt 0.546548 0.468544
vt 0.541274 0.463858
vt 0.558296 0.477428
vt 0.564604 0.468893
vt 0.532848 0.452864
vt 0.527760 0.452125
vt 0.476240 0.455209
vt 0.471940 0.455538
vt 0.470959 0.452582
vt 0.476630 0.450890
vt 0.482466 0.449690
vt 0.538153 0.454844
vt 0.536981 0.459949
vt 0.534008 0.457463
vt 0.324107 0.535336
vt 0.317764 0.538860
vt 0.327804 0.541681
vt 0.321628 0.543318
vt 0.315790 0.545043
vt 0.335903 0.528415
vt 0.329435 0.531971
vt 0.341188 0.538140
vt 0.334239 0.539926
vt 0.353558 0.520636
vt 0.344139 0.524664
vt 0.360145 0.532338
vt 0.350450 0.535539
vt 0.371914 0.511570
vt 0.362883 0.516231
vt 0.377761 0.524351
vt 0.369150 0.528586
vt 0.389154 0.501663
vt 0.380505 0.506756
vt 0.395452 0.514690
vt 0.386407 0.519746
vt 0.408726 0.489911
vt 0.398375 0.496084
vt 0.416396 0.502010
vt 0.405380 0.508759
vt 0.430943 0.476532
vt 0.420262 0.483136
vt 0.438485 0.486728
vt 0.427997 0.494434
vt 0.445540 0.466695
vt 0.438833 0.471178
vt 0.451676 0.474172
vt 0.445687 0.480162
vt 0.463614 0.463102
vt 0.457852 0.468364
vt 0.452554 0.462322
vt 0.459402 0.458234
vt 0.468429 0.458798
vt 0.465467 0.454970
vt 0.015309 0.277798
vt 0.011024 0.282201
vt 0.987940 0.280591
vt 0.983532 0.280069
vt 0.983391 0.275371
vt 0.987866 0.275764
vt 0.006598 0.283865
vt 0.002174 0.283850
vt 0.983542 0.284930
vt 0.987878 0.285521
vt 0.450343 0.979100
vt 0.450680 0.992222
vt 0.826627 0.152846
vt 0.823360 0.165353
vt 0.812359 0.160470
vt 0.018521 0.740546
vt 0.006883 0.746691
vt 0.173359 0.173585
vt 0.170823 0.161039
vt 0.184768 0.169718
vt 0.832847 0.145031
vt 0.840454 0.137953
vt 0.847592 0.127905
vt 0.854887 0.115969
vt 0.863058 0.103241
vt 0.872266 0.090216
vt 0.882871 0.077022
vt 0.895112 0.064609
vt 0.908844 0.053987
vt 0.923680 0.045244
vt 0.939215 0.038695
vt 0.954900 0.033915
vt 0.985876 0.027799
vt 0.970348 0.030123
vt 0.035826 0.028471
vt 0.020166 0.027253
vt 0.051417 0.031663
vt 0.066827 0.036829
vt 0.081636 0.044273
vt 0.095423 0.054303
vt 0.108130 0.066188
vt 0.119690 0.079185
vt 0.129960 0.092973
vt 0.138806 0.107226
vt 0.146125 0.121181
vt 0.151838 0.134079
vt 0.157494 0.144904
vt 0.164715 0.152733
s 1
f 26/1 1647/2 2469/3 1650/4
f 1647/2 155/5 1648/6 2469/3
f 2469/3 1648/6 230/7 1649/8
f 1650/4 2469/3 1649/8 158/9
f 155/5 1651/10 2470/11 1648/6
f 1651/10 27/12 1652/13 2470/11
f 2470/11 1652/13 156/14 1653/15
f 1648/6 2470/11 1653/15 230/7
f 230/7 1653/15 2471/16 1656/17
f 1653/15 156/14 1654/18 2471/16
f 2471/16 1654/18 28/19 1655/20
f 1656/17 2471/16 1655/20 157/21
f 158/9 1649/8 2472/22 1658/23
f 1649/8 230/7 1656/17 2472/22
f 2472/22 1656/17 157/21 1657/24
f 1658/23 2472/22 1657/24 29/25
f 27/26 1659/27 2473/28 1652/29
f 1659/27 159/30 1660/31 2473/28
f 2473/28 1660/31 231/32 1661/33
f 1652/29 2473/28 1661/33 156/34
f 159/30 1662/35 2474/36 1660/31
f 1662/35 30/37 1663/38 2474/36
f 2474/36 1663/38 160/39 1664/40
f 1660/31 2474/36 1664/40 231/32
f 231/32 1664/40 2475/41 1667/42
f 1664/40 160/39 1665/43 2475/41
f 2475/41 1665/43 31/44 1666/45
f 1667/42 2475/41 1666/45 161/46
f 156/34 1661/33 2476/47 1654/18
f 1661/33 231/32 1667/42 2476/47
f 2476/47 1667/42 161/46 1668/48
f 1654/18 2476/47 1668/48 28/19
f 232/49 1669/50 2477/51 1672/52
f 1669/50 162/53 1670/54 2477/51
f 2477/51 1670/54 23/55 1671/56
f 1672/52 2477/51 1671/56 163/57
f 164/58 1673/59 2478/60 1675/61
f 1673/59 232/49 1672/52 2478/60
f 2478/60 1672/52 163/57 1674/62
f 1675/61 2478/60 1674/62 24/63
f 233/64 1676/65 2479/66 1679/67
f 1676/65 165/68 1677/69 2479/66
f 2479/66 1677/69 22/70 1678/71
f 1679/67 2479/66 1678/71 166/72
f 162/53 1680/73 2480/74 1670/54
f 1680/73 233/64 1679/67 2480/74
f 2480/74 1679/67 166/72 1681/75
f 1670/54 2480/74 1681/75 23/55
f 234/76 1682/77 2481/78 1685/79
f 1682/77 393/80 1683/81 2481/78
f 2481/78 1683/81 379/82 1684/83
f 1685/79 2481/78 1684/83 167/84
f 165/68 1686/85 2482/86 1677/69
f 1686/85 234/76 1685/79 2482/86
f 2482/86 1685/79 167/84 1687/87
f 1677/69 2482/86 1687/87 22/70
f 168/88 1688/89 2483/90 1690/91
f 1688/89 26/1 1650/4 2483/90
f 2483/90 1650/4 158/9 1689/92
f 1690/91 2483/90 1689/92 235/93
f 235/93 1689/92 2484/94 1692/95
f 1689/92 158/9 1658/23 2484/94
f 2484/94 1658/23 29/25 1691/96
f 1692/95 2484/94 1691/96 169/97
f 67/98 1693/99 2485/100 1696/101
f 1693/99 170/102 1694/103 2485/100
f 2485/100 1694/103 236/104 1695/105
f 1696/101 2485/100 1695/105 173/106
f 170/102 1697/107 2486/108 1694/103
f 1697/107 68/109 1698/110 2486/108
f 2486/108 1698/110 171/111 1699/112
f 1694/103 2486/108 1699/112 236/104
f 236/104 1699/112 2487/113 1702/114
f 1699/112 171/111 1700/115 2487/113
f 2487/113 1700/115 69/116 1701/117
f 1702/114 2487/113 1701/117 172/118
f 173/106 1695/105 2488/119 1704/120
f 1695/105 236/104 1702/114 2488/119
f 2488/119 1702/114 172/118 1703/121
f 1704/120 2488/119 1703/121 70/122
f 2/123 1705/124 2489/125 1708/126
f 1705/124 174/127 1706/128 2489/125
f 2489/125 1706/128 237/129 1707/130
f 1708/126 2489/125 1707/130 177/131
f 174/127 1709/132 2490/133 1706/128
f 1709/132 3/134 1710/135 2490/133
f 2490/133 1710/135 175/136 1711/137
f 1706/128 2490/133 1711/137 237/129
f 237/129 1711/137 2491/138 1714/139
f 1711/137 175/136 1712/140 2491/138
f 2491/138 1712/140 8/141 1713/142
f 1714/139 2491/138 1713/142 176/143
f 177/131 1707/130 2492/144 1716/145
f 1707/130 237/129 1714/139 2492/144
f 2492/144 1714/139 176/143 1715/146
f 1716/145 2492/144 1715/146 7/147
f 3/134 1717/148 2493/149 1710/135
f 1717/148 178/150 1718/151 2493/149
f 2493/149 1718/151 238/152 1719/153
f 1710/135 2493/149 1719/153 175/136
f 178/150 1720/154 2494/155 1718/151
f 1720/154 4/156 1721/157 2494/155
f 2494/155 1721/157 179/158 1722/159
f 1718/151 2494/155 1722/159 238/152
f 238/152 1722/159 2495/160 1725/161
f 1722/159 179/158 1723/162 2495/160
f 2495/160 1723/162 9/163 1724/164
f 1725/161 2495/160 1724/164 180/165
f 175/136 1719/153 2496/166 1712/140
f 1719/153 238/152 1725/161 2496/166
f 2496/166 1725/161 180/165 1726/167
f 1712/140 2496/166 1726/167 8/141
f 4/156 1727/168 2497/169 1721/157
f 1727/168 181/170 1728/171 2497/169
f 2497/169 1728/171 239/172 1729/173
f 1721/157 2497/169 1729/173 179/158
f 181/170 1730/174 2498/175 1728/171
f 1730/174 5/176 1731/177 2498/175
f 2498/175 1731/177 182/178 1732/179
f 1728/171 2498/175 1732/179 239/172
f 239/172 1732/179 2499/180 1735/181
f 1732/179 182/178 1733/182 2499/180
f 2499/180 1733/182 10/183 1734/184
f 1735/181 2499/180 1734/184 183/185
f 179/158 1729/173 2500/186 1723/162
f 1729/173 239/172 1735/181 2500/186
f 2500/186 1735/181 183/185 1736/187
f 1723/162 2500/186 1736/187 9/163
f 5/176 1737/188 2501/189 1731/177
f 1737/188 184/190 1738/191 2501/189
f 2501/189 1738/191 240/192 1739/193
f 1731/177 2501/189 1739/193 182/178
f 184/190 1740/194 2502/195 1738/191
f 1740/194 370/196 1741/197 2502/195
f 2502/195 1741/197 395/198 1742/199
f 1738/191 2502/195 1742/199 240/192
f 240/192 1742/199 2503/200 1745/201
f 1742/199 395/198 1743/202 2503/200
f 2503/200 1743/202 372/203 1744/204
f 1745/201 2503/200 1744/204 185/205
f 182/178 1739/193 2504/206 1733/182
f 1739/193 240/192 1745/201 2504/206
f 2504/206 1745/201 185/205 1746/207
f 1733/182 2504/206 1746/207 10/183
f 186/208 1747/209 2505/210 1750/211
f 1747/209 1/212 1748/213 2505/210
f 2505/210 1748/213 187/214 1749/215
f 1750/211 2505/210 1749/215 241/216
f 241/216 1749/215 2506/217 1753/218
f 1749/215 187/214 1751/219 2506/217
f 2506/217 1751/219 6/220 1752/221
f 1753/218 2506/217 1752/221 188/222
f 6/220 1754/223 2507/224 1757/225
f 1754/223 189/226 1755/227 2507/224
f 2507/224 1755/227 242/228 1756/229
f 1757/225 2507/224 1756/229 192/230
f 189/226 1758/231 2508/232 1755/227
f 1758/231 7/147 1759/233 2508/232
f 2508/232 1759/233 190/234 1760/235
f 1755/227 2508/232 1760/235 242/228
f 242/228 1760/235 2509/236 1763/237
f 1760/235 190/234 1761/238 2509/236
f 2509/236 1761/238 12/239 1762/240
f 1763/237 2509/236 1762/240 191/241
f 192/230 1756/229 2510/242 1765/243
f 1756/229 242/228 1763/237 2510/242
f 2510/242 1763/237 191/241 1764/244
f 1765/243 2510/242 1764/244 11/245
f 7/147 1715/146 2511/246 1759/233
f 1715/146 176/143 1766/247 2511/246
f 2511/246 1766/247 243/248 1767/249
f 1759/233 2511/246 1767/249 190/234
f 176/143 1713/142 2512/250 1766/247
f 1713/142 8/141 1768/251 2512/250
f 2512/250 1768/251 193/252 1769/253
f 1766/247 2512/250 1769/253 243/248
f 243/248 1769/253 2513/254 1772/255
f 1769/253 193/252 1770/256 2513/254
f 2513/254 1770/256 13/257 1771/258
f 1772/255 2513/254 1771/258 194/259
f 190/234 1767/249 2514/260 1761/238
f 1767/249 243/248 1772/255 2514/260
f 2514/260 1772/255 194/259 1773/261
f 1761/238 2514/260 1773/261 12/239
f 8/141 1726/167 2515/262 1768/251
f 1726/167 180/165 1774/263 2515/262
f 2515/262 1774/263 244/264 1775/265
f 1768/251 2515/262 1775/265 193/252
f 180/165 1724/164 2516/266 1774/263
f 1724/164 9/163 1776/267 2516/266
f 2516/266 1776/267 195/268 1777/269
f 1774/263 2516/266 1777/269 244/264
f 244/264 1777/269 2517/270 1780/271
f 1777/269 195/268 1778/272 2517/270
f 2517/270 1778/272 14/273 1779/274
f 1780/271 2517/270 1779/274 196/275
f 193/252 1775/265 2518/276 1770/256
f 1775/265 244/264 1780/271 2518/276
f 2518/276 1780/271 196/275 1781/277
f 1770/256 2518/276 1781/277 13/257
f 9/163 1736/187 2519/278 1776/267
f 1736/187 183/185 1782/279 2519/278
f 2519/278 1782/279 245/280 1783/281
f 1776/267 2519/278 1783/281 195/268
f 183/185 1734/184 2520/282 1782/279
f 1734/184 10/183 1784/283 2520/282
f 2520/282 1784/283 197/284 1785/285
f 1782/279 2520/282 1785/285 245/280
f 245/280 1785/285 2521/286 1788/287
f 1785/285 197/284 1786/288 2521/286
f 2521/286 1786/288 15/289 1787/290
f 1788/287 2521/286 1787/290 198/291
f 195/268 1783/281 2522/292 1778/272
f 1783/281 245/280 1788/287 2522/292
f 2522/292 1788/287 198/291 1789/293
f 1778/272 2522/292 1789/293 14/273
f 10/183 1746/207 2523/294 1784/283
f 1746/207 185/205 1790/295 2523/294
f 2523/294 1790/295 246/296 1791/297
f 1784/283 2523/294 1791/297 197/284
f 185/205 1744/204 2524/298 1790/295
f 1744/204 372/203 1792/299 2524/298
f 2524/298 1792/299 397/300 1793/301
f 1790/295 2524/298 1793/301 246/296
f 246/296 1793/301 2525/302 1796/303
f 1793/301 397/300 1794/304 2525/302
f 2525/302 1794/304 374/305 1795/306
f 1796/303 2525/302 1795/306 199/307
f 197/284 1791/297 2526/308 1786/288
f 1791/297 246/296 1796/303 2526/308
f 2526/308 1796/303 199/307 1797/309
f 1786/288 2526/308 1797/309 15/289
f 188/222 1752/221 2527/310 1799/311
f 1752/221 6/220 1757/225 2527/310
f 2527/310 1757/225 192/230 1798/312
f 1799/311 2527/310 1798/312 247/313
f 247/313 1798/312 2528/314 1801/315
f 1798/312 192/230 1765/243 2528/314
f 2528/314 1765/243 11/245 1800/316
f 1801/315 2528/314 1800/316 200/317
f 11/245 1764/244 2529/318 1804/319
f 1764/244 191/241 1802/320 2529/318
f 2529/318 1802/320 248/321 1803/322
f 1804/319 2529/318 1803/322 203/323
f 191/241 1762/240 2530/324 1802/320
f 1762/240 12/239 1805/325 2530/324
f 2530/324 1805/325 201/326 1806/327
f 1802/320 2530/324 1806/327 248/321
f 248/321 1806/327 2531/328 1809/329
f 1806/327 201/326 1807/330 2531/328
f 2531/328 1807/330 17/331 1808/332
f 1809/329 2531/328 1808/332 202/333
f 203/323 1803/322 2532/334 1811/335
f 1803/322 248/321 1809/329 2532/334
f 2532/334 1809/329 202/333 1810/336
f 1811/335 2532/334 1810/336 16/337
f 12/239 1773/261 2533/338 1805/325
f 1773/261 194/259 1812/339 2533/338
f 2533/338 1812/339 249/340 1813/341
f 1805/325 2533/338 1813/341 201/326
f 194/259 1771/258 2534/342 1812/339
f 1771/258 13/257 1814/343 2534/342
f 2534/342 1814/343 204/344 1815/345
f 1812/339 2534/342 1815/345 249/340
f 249/340 1815/345 2535/346 1818/347
f 1815/345 204/344 1816/348 2535/346
f 2535/346 1816/348 18/349 1817/350
f 1818/347 2535/346 1817/350 205/351
f 201/326 1813/341 2536/352 1807/330
f 1813/341 249/340 1818/347 2536/352
f 2536/352 1818/347 205/351 1819/353
f 1807/330 2536/352 1819/353 17/331
f 13/257 1781/277 2537/354 1814/343
f 1781/277 196/275 1820/355 2537/354
f 2537/354 1820/355 250/356 1821/357
f 1814/343 2537/354 1821/357 204/344
f 196/275 1779/274 2538/358 1820/355
f 1779/274 14/273 1822/359 2538/358
f 2538/358 1822/359 206/360 1823/361
f 1820/355 2538/358 1823/361 250/356
f 250/356 1823/361 2539/362 1826/363
f 1823/361 206/360 1824/364 2539/362
f 2539/362 1824/364 19/365 1825/366
f 1826/363 2539/362 1825/366 207/367
f 204/344 1821/357 2540/368 1816/348
f 1821/357 250/356 1826/363 2540/368
f 2540/368 1826/363 207/367 1827/369
f 1816/348 2540/368 1827/369 18/349
f 14/273 1789/293 2541/370 1822/359
f 1789/293 198/291 1828/371 2541/370
f 2541/370 1828/371 251/372 1829/373
f 1822/359 2541/370 1829/373 206/360
f 198/291 1787/290 2542/374 1828/371
f 1787/290 15/289 1830/375 2542/374
f 2542/374 1830/375 208/376 1831/377
f 1828/371 2542/374 1831/377 251/372
f 251/372 1831/377 2543/378 1834/379
f 1831/377 208/376 1832/380 2543/378
f 2543/378 1832/380 20/381 1833/382
f 1834/379 2543/378 1833/382 209/383
f 206/360 1829/373 2544/384 1824/364
f 1829/373 251/372 1834/379 2544/384
f 2544/384 1834/379 209/383 1835/385
f 1824/364 2544/384 1835/385 19/365
f 15/289 1797/309 2545/386 1830/375
f 1797/309 199/307 1836/387 2545/386
f 2545/386 1836/387 252/388 1837/389
f 1830/375 2545/386 1837/389 208/376
f 199/307 1795/306 2546/390 1836/387
f 1795/306 374/305 1838/391 2546/390
f 2546/390 1838/391 399/392 1839/393
f 1836/387 2546/390 1839/393 252/388
f 252/388 1839/393 2547/394 1842/395
f 1839/393 399/392 1840/396 2547/394
f 2547/394 1840/396 376/397 1841/398
f 1842/395 2547/394 1841/398 210/399
f 208/376 1837/389 2548/400 1832/380
f 1837/389 252/388 1842/395 2548/400
f 2548/400 1842/395 210/399 1843/401
f 1832/380 2548/400 1843/401 20/381
f 200/317 1800/316 2549/402 1845/403
f 1800/316 11/245 1804/319 2549/402
f 2549/402 1804/319 203/323 1844/404
f 1845/403 2549/402 1844/404 253/405
f 253/405 1844/404 2550/406 1847/407
f 1844/404 203/323 1811/335 2550/406
f 2550/406 1811/335 16/337 1846/408
f 1847/407 2550/406 1846/408 211/409
f 16/337 1810/336 2551/410 1850/411
f 1810/336 202/333 1848/412 2551/410
f 2551/410 1848/412 254/413 1849/414
f 1850/411 2551/410 1849/414 213/415
f 17/331 1851/416 2552/417 1808/332
f 1851/416 212/418 1852/419 2552/417
f 2552/417 1852/419 254/413 1848/412
f 1808/332 2552/417 1848/412 202/333
f 17/331 1819/353 2553/420 1851/416
f 1819/353 205/351 1853/421 2553/420
f 2553/420 1853/421 255/422 1854/423
f 1851/416 2553/420 1854/423 212/418
f 18/349 1855/424 2554/425 1817/350
f 1855/424 214/426 1856/427 2554/425
f 2554/425 1856/427 255/422 1853/421
f 1817/350 2554/425 1853/421 205/351
f 18/349 1827/369 2555/428 1855/424
f 1827/369 207/367 1857/429 2555/428
f 2555/428 1857/429 256/430 1858/431
f 1855/424 2555/428 1858/431 214/426
f 19/365 1859/432 2556/433 1825/366
f 1859/432 215/434 1860/435 2556/433
f 2556/433 1860/435 256/430 1857/429
f 1825/366 2556/433 1857/429 207/367
f 19/365 1835/385 2557/436 1859/432
f 1835/385 209/383 1861/437 2557/436
f 2557/436 1861/437 257/438 1862/439
f 1859/432 2557/436 1862/439 215/434
f 20/381 1863/440 2558/441 1833/382
f 1863/440 216/442 1864/443 2558/441
f 2558/441 1864/443 257/438 1861/437
f 1833/382 2558/441 1861/437 209/383
f 20/381 1843/401 2559/444 1863/440
f 1843/401 210/399 1865/445 2559/444
f 2559/444 1865/445 258/446 1866/447
f 1863/440 2559/444 1866/447 216/442
f 16/337 1850/411 2560/448 1846/408
f 1850/411 213/415 1867/449 2560/448
f 2560/448 1867/449 259/450 1868/451
f 1846/408 2560/448 1868/451 211/409
f 217/452 1869/453 2561/454 1872/455
f 1869/453 37/456 1870/457 2561/454
f 2561/454 1870/457 218/458 1871/459
f 1872/455 2561/454 1871/459 260/460
f 260/460 1871/459 2562/461 1875/462
f 1871/459 218/458 1873/463 2562/461
f 2562/461 1873/463 38/464 1874/465
f 1875/462 2562/461 1874/465 219/466
f 22/70 1687/87 2563/467 1878/468
f 1687/87 167/84 1876/469 2563/467
f 2563/467 1876/469 261/470 1877/471
f 1878/468 2563/467 1877/471 221/472
f 167/84 1684/83 2564/473 1876/469
f 1684/83 379/82 1879/474 2564/473
f 2564/473 1879/474 404/475 1880/476
f 1876/469 2564/473 1880/476 261/470
f 261/470 1880/476 2565/477 1883/478
f 1880/476 404/475 1881/479 2565/477
f 2565/477 1881/479 383/480 1882/481
f 1883/478 2565/477 1882/481 220/482
f 221/472 1877/471 2566/483 1885/484
f 1877/471 261/470 1883/478 2566/483
f 2566/483 1883/478 220/482 1884/485
f 1885/484 2566/483 1884/485 33/486
f 23/55 1681/75 2567/487 1888/488
f 1681/75 166/72 1886/489 2567/487
f 2567/487 1886/489 262/490 1887/491
f 1888/488 2567/487 1887/491 223/492
f 166/72 1678/71 2568/493 1886/489
f 1678/71 22/70 1878/468 2568/493
f 2568/493 1878/468 221/472 1889/494
f 1886/489 2568/493 1889/494 262/490
f 262/490 1889/494 2569/495 1891/496
f 1889/494 221/472 1885/484 2569/495
f 2569/495 1885/484 33/486 1890/497
f 1891/496 2569/495 1890/497 222/498
f 223/492 1887/491 2570/499 1893/500
f 1887/491 262/490 1891/496 2570/499
f 2570/499 1891/496 222/498 1892/501
f 1893/500 2570/499 1892/501 34/502
f 24/63 1674/62 2571/503 1896/504
f 1674/62 163/57 1894/505 2571/503
f 2571/503 1894/505 263/506 1895/507
f 1896/504 2571/503 1895/507 225/508
f 163/57 1671/56 2572/509 1894/505
f 1671/56 23/55 1888/488 2572/509
f 2572/509 1888/488 223/492 1897/510
f 1894/505 2572/509 1897/510 263/506
f 263/506 1897/510 2573/511 1899/512
f 1897/510 223/492 1893/500 2573/511
f 2573/511 1893/500 34/502 1898/513
f 1899/512 2573/511 1898/513 224/514
f 225/508 1895/507 2574/515 1901/516
f 1895/507 263/506 1899/512 2574/515
f 2574/515 1899/512 224/514 1900/517
f 1901/516 2574/515 1900/517 35/518
f 40/519 1902/520 2575/521 1905/522
f 1902/520 226/523 1903/524 2575/521
f 2575/521 1903/524 264/525 1904/526
f 1905/522 2575/521 1904/526 229/527
f 226/523 1906/528 2576/529 1903/524
f 1906/528 39/530 1907/531 2576/529
f 2576/529 1907/531 227/532 1908/533
f 1903/524 2576/529 1908/533 264/525
f 264/525 1908/533 2577/534 1911/535
f 1908/533 227/532 1909/536 2577/534
f 2577/534 1909/536 41/537 1910/538
f 1911/535 2577/534 1910/538 228/539
f 229/527 1904/526 2578/540 1913/541
f 1904/526 264/525 1911/535 2578/540
f 2578/540 1911/535 228/539 1912/542
f 1913/541 2578/540 1912/542 42/543
f 37/456 1914/544 2579/545 1870/457
f 1914/544 71/546 1915/547 2579/545
f 2579/545 1915/547 265/548 1916/549
f 1870/457 2579/545 1916/549 218/458
f 71/546 1917/550 2580/551 1915/547
f 1917/550 40/519 1905/522 2580/551
f 2580/551 1905/522 229/527 1918/552
f 1915/547 2580/551 1918/552 265/548
f 265/548 1918/552 2581/553 1920/554
f 1918/552 229/527 1913/541 2581/553
f 2581/553 1913/541 42/543 1919/555
f 1920/554 2581/553 1919/555 72/556
f 218/458 1916/549 2582/557 1873/463
f 1916/549 265/548 1920/554 2582/557
f 2582/557 1920/554 72/556 1921/558
f 1873/463 2582/557 1921/558 38/464
f 266/559 1922/560 2583/561 1924/562
f 1922/560 73/563 1923/564 2583/561
f 2583/561 1923/564 27/12 1651/10
f 1924/562 2583/561 1651/10 155/5
f 74/565 1925/566 2584/567 1926/568
f 1925/566 266/559 1924/562 2584/567
f 2584/567 1924/562 155/5 1647/2
f 1926/568 2584/567 1647/2 26/1
f 47/569 1927/570 2585/571 1930/572
f 1927/570 75/573 1928/574 2585/571
f 2585/571 1928/574 267/575 1929/576
f 1930/572 2585/571 1929/576 78/577
f 75/573 1931/578 2586/579 1928/574
f 1931/578 48/580 1932/581 2586/579
f 2586/579 1932/581 76/582 1933/583
f 1928/574 2586/579 1933/583 267/575
f 267/575 1933/583 2587/584 1936/585
f 1933/583 76/582 1934/586 2587/584
f 2587/584 1934/586 49/587 1935/588
f 1936/585 2587/584 1935/588 77/589
f 78/577 1929/576 2588/590 1938/591
f 1929/576 267/575 1936/585 2588/590
f 2588/590 1936/585 77/589 1937/592
f 1938/591 2588/590 1937/592 50/593
f 268/594 1939/595 2589/596 1941/597
f 1939/595 79/598 1940/599 2589/596
f 2589/596 1940/599 30/37 1662/35
f 1941/597 2589/596 1662/35 159/30
f 73/600 1942/601 2590/602 1923/603
f 1942/601 268/594 1941/597 2590/602
f 2590/602 1941/597 159/30 1659/27
f 1923/603 2590/602 1659/27 27/26
f 164/604 1675/605 2591/606 1945/607
f 1675/605 24/608 1943/609 2591/606
f 2591/606 1943/609 80/610 1944/611
f 1945/607 2591/606 1944/611 269/612
f 269/612 1944/611 2592/613 1947/614
f 1944/611 80/610 1946/615 2592/613
f 2592/613 1946/615 31/44 1665/43
f 1947/614 2592/613 1665/43 160/39
f 79/598 1948/616 2593/617 1940/599
f 1948/616 269/612 1947/614 2593/617
f 2593/617 1947/614 160/39 1663/38
f 1940/599 2593/617 1663/38 30/37
f 51/618 1949/619 2594/620 1952/621
f 1949/619 81/622 1950/623 2594/620
f 2594/620 1950/623 270/624 1951/625
f 1952/621 2594/620 1951/625 84/626
f 81/622 1953/627 2595/628 1950/623
f 1953/627 52/629 1954/630 2595/628
f 2595/628 1954/630 82/631 1955/632
f 1950/623 2595/628 1955/632 270/624
f 270/624 1955/632 2596/633 1958/634
f 1955/632 82/631 1956/635 2596/633
f 2596/633 1956/635 53/636 1957/637
f 1958/634 2596/633 1957/637 83/638
f 84/626 1951/625 2597/639 1960/640
f 1951/625 270/624 1958/634 2597/639
f 2597/639 1958/634 83/638 1959/641
f 1960/640 2597/639 1959/641 54/642
f 271/643 1961/644 2598/645 1962/646
f 1961/644 74/565 1926/568 2598/645
f 2598/645 1926/568 26/1 1688/89
f 1962/646 2598/645 1688/89 168/88
f 55/647 1963/648 2599/649 1966/650
f 1963/648 85/651 1964/652 2599/649
f 2599/649 1964/652 272/653 1965/654
f 1966/650 2599/649 1965/654 88/655
f 85/651 1967/656 2600/657 1964/652
f 1967/656 56/658 1968/659 2600/657
f 2600/657 1968/659 86/660 1969/661
f 1964/652 2600/657 1969/661 272/653
f 272/653 1969/661 2601/662 1972/663
f 1969/661 86/660 1970/664 2601/662
f 2601/662 1970/664 57/665 1971/666
f 1972/663 2601/662 1971/666 87/667
f 88/655 1965/654 2602/668 1974/669
f 1965/654 272/653 1972/663 2602/668
f 2602/668 1972/663 87/667 1973/670
f 1974/669 2602/668 1973/670 58/671
f 89/672 1975/673 2603/674 1978/675
f 1975/673 43/676 1976/677 2603/674
f 2603/674 1976/677 90/678 1977/679
f 1978/675 2603/674 1977/679 273/680
f 273/680 1977/679 2604/681 1981/682
f 1977/679 90/678 1979/683 2604/681
f 2604/681 1979/683 44/684 1980/685
f 1981/682 2604/681 1980/685 91/686
f 33/486 1884/485 2605/687 1984/688
f 1884/485 220/482 1982/689 2605/687
f 2605/687 1982/689 274/690 1983/691
f 1984/688 2605/687 1983/691 92/692
f 220/482 1882/481 2606/693 1982/689
f 1882/481 383/480 1985/694 2606/693
f 2606/693 1985/694 407/695 1986/696
f 1982/689 2606/693 1986/696 274/690
f 274/690 1986/696 2607/697 1988/698
f 1986/696 407/695 1987/699 2607/697
f 2607/697 1987/699 370/196 1740/194
f 1988/698 2607/697 1740/194 184/190
f 92/692 1983/691 2608/700 1989/701
f 1983/691 274/690 1988/698 2608/700
f 2608/700 1988/698 184/190 1737/188
f 1989/701 2608/700 1737/188 5/176
f 34/502 1892/501 2609/702 1992/703
f 1892/501 222/498 1990/704 2609/702
f 2609/702 1990/704 275/705 1991/706
f 1992/703 2609/702 1991/706 93/707
f 222/498 1890/497 2610/708 1990/704
f 1890/497 33/486 1984/688 2610/708
f 2610/708 1984/688 92/692 1993/709
f 1990/704 2610/708 1993/709 275/705
f 275/705 1993/709 2611/710 1994/711
f 1993/709 92/692 1989/701 2611/710
f 2611/710 1989/701 5/176 1730/174
f 1994/711 2611/710 1730/174 181/170
f 93/707 1991/706 2612/712 1995/713
f 1991/706 275/705 1994/711 2612/712
f 2612/712 1994/711 181/170 1727/168
f 1995/713 2612/712 1727/168 4/156
f 35/518 1900/517 2613/714 1998/715
f 1900/517 224/514 1996/716 2613/714
f 2613/714 1996/716 276/717 1997/718
f 1998/715 2613/714 1997/718 94/719
f 224/514 1898/513 2614/720 1996/716
f 1898/513 34/502 1992/703 2614/720
f 2614/720 1992/703 93/707 1999/721
f 1996/716 2614/720 1999/721 276/717
f 276/717 1999/721 2615/722 2000/723
f 1999/721 93/707 1995/713 2615/722
f 2615/722 1995/713 4/156 1720/154
f 2000/723 2615/722 1720/154 178/150
f 94/719 1997/718 2616/724 2001/725
f 1997/718 276/717 2000/723 2616/724
f 2616/724 2000/723 178/150 1717/148
f 2001/725 2616/724 1717/148 3/134
f 36/726 2002/727 2617/728 2005/729
f 2002/727 95/730 2003/731 2617/728
f 2617/728 2003/731 277/732 2004/733
f 2005/729 2617/728 2004/733 96/734
f 95/730 2006/735 2618/736 2003/731
f 2006/735 35/518 1998/715 2618/736
f 2618/736 1998/715 94/719 2007/737
f 2003/731 2618/736 2007/737 277/732
f 277/732 2007/737 2619/738 2008/739
f 2007/737 94/719 2001/725 2619/738
f 2619/738 2001/725 3/134 1709/132
f 2008/739 2619/738 1709/132 174/127
f 96/734 2004/733 2620/740 2009/741
f 2004/733 277/732 2008/739 2620/740
f 2620/740 2008/739 174/127 1705/124
f 2009/741 2620/740 1705/124 2/123
f 43/676 2010/742 2621/743 1976/677
f 2010/742 97/744 2011/745 2621/743
f 2621/743 2011/745 278/746 2012/747
f 1976/677 2621/743 2012/747 90/678
f 97/744 2013/748 2622/749 2011/745
f 2013/748 45/750 2014/751 2622/749
f 2622/749 2014/751 98/752 2015/753
f 2011/745 2622/749 2015/753 278/746
f 278/746 2015/753 2623/754 2018/755
f 2015/753 98/752 2016/756 2623/754
f 2623/754 2016/756 46/757 2017/758
f 2018/755 2623/754 2017/758 99/759
f 90/678 2012/747 2624/760 1979/683
f 2012/747 278/746 2018/755 2624/760
f 2624/760 2018/755 99/759 2019/761
f 1979/683 2624/760 2019/761 44/684
f 100/762 2020/763 2625/764 2023/765
f 2020/763 21/766 2021/767 2625/764
f 2625/764 2021/767 101/768 2022/769
f 2023/765 2625/764 2022/769 279/770
f 279/770 2022/769 2626/771 2025/772
f 2022/769 101/768 2024/773 2626/771
f 2626/771 2024/773 37/774 1869/775
f 2025/772 2626/771 1869/775 217/776
f 32/777 2026/778 2627/779 2029/780
f 2026/778 102/781 2027/782 2627/779
f 2627/779 2027/782 280/783 2028/784
f 2029/780 2627/779 2028/784 103/785
f 102/781 2030/786 2628/787 2027/782
f 2030/786 382/788 2031/789 2628/787
f 2628/787 2031/789 409/790 2032/791
f 2027/782 2628/787 2032/791 280/783
f 280/783 2032/791 2629/792 2035/793
f 2032/791 409/790 2033/794 2629/792
f 2629/792 2033/794 385/795 2034/796
f 2035/793 2629/792 2034/796 219/466
f 103/785 2028/784 2630/797 2036/798
f 2028/784 280/783 2035/793 2630/797
f 2630/797 2035/793 219/466 1874/465
f 2036/798 2630/797 1874/465 38/464
f 25/799 2037/800 2631/801 2040/802
f 2037/800 104/803 2038/804 2631/801
f 2631/801 2038/804 281/805 2039/806
f 2040/802 2631/801 2039/806 106/807
f 104/803 2041/808 2632/809 2038/804
f 2041/808 24/608 2042/810 2632/809
f 2632/809 2042/810 105/811 2043/812
f 2038/804 2632/809 2043/812 281/805
f 281/805 2043/812 2633/813 2045/814
f 2043/812 105/811 2044/815 2633/813
f 2633/813 2044/815 39/816 1906/817
f 2045/814 2633/813 1906/817 226/818
f 106/807 2039/806 2634/819 2046/820
f 2039/806 281/805 2045/814 2634/819
f 2634/819 2045/814 226/818 1902/821
f 2046/820 2634/819 1902/821 40/822
f 24/63 1896/504 2635/823 2042/824
f 1896/504 225/508 2047/825 2635/823
f 2635/823 2047/825 282/826 2048/827
f 2042/824 2635/823 2048/827 105/828
f 225/508 1901/516 2636/829 2047/825
f 1901/516 35/518 2049/830 2636/829
f 2636/829 2049/830 107/831 2050/832
f 2047/825 2636/829 2050/832 282/826
f 282/826 2050/832 2637/833 2052/834
f 2050/832 107/831 2051/835 2637/833
f 2637/833 2051/835 41/537 1909/536
f 2052/834 2637/833 1909/536 227/532
f 105/828 2048/827 2638/836 2044/837
f 2048/827 282/826 2052/834 2638/836
f 2638/836 2052/834 227/532 1907/531
f 2044/837 2638/836 1907/531 39/530
f 35/518 2006/735 2639/838 2049/830
f 2006/735 95/730 2053/839 2639/838
f 2639/838 2053/839 283/840 2054/841
f 2049/830 2639/838 2054/841 107/831
f 95/730 2002/727 2640/842 2053/839
f 2002/727 36/726 2055/843 2640/842
f 2640/842 2055/843 108/844 2056/845
f 2053/839 2640/842 2056/845 283/840
f 283/840 2056/845 2641/846 2058/847
f 2056/845 108/844 2057/848 2641/846
f 2641/846 2057/848 42/543 1912/542
f 2058/847 2641/846 1912/542 228/539
f 107/831 2054/841 2642/849 2051/835
f 2054/841 283/840 2058/847 2642/849
f 2642/849 2058/847 228/539 1910/538
f 2051/835 2642/849 1910/538 41/537
f 21/766 2059/850 2643/851 2021/767
f 2059/850 109/852 2060/853 2643/851
f 2643/851 2060/853 284/854 2061/855
f 2021/767 2643/851 2061/855 101/768
f 109/852 2062/856 2644/857 2060/853
f 2062/856 25/799 2040/802 2644/857
f 2644/857 2040/802 106/807 2063/858
f 2060/853 2644/857 2063/858 284/854
f 284/854 2063/858 2645/859 2064/860
f 2063/858 106/807 2046/820 2645/859
f 2645/859 2046/820 40/822 1917/861
f 2064/860 2645/859 1917/861 71/862
f 101/768 2061/855 2646/863 2024/773
f 2061/855 284/854 2064/860 2646/863
f 2646/863 2064/860 71/862 1914/864
f 2024/773 2646/863 1914/864 37/774
f 36/726 2065/865 2647/866 2055/843
f 2065/865 110/867 2066/868 2647/866
f 2647/866 2066/868 285/869 2067/870
f 2055/843 2647/866 2067/870 108/844
f 110/867 2068/871 2648/872 2066/868
f 2068/871 32/777 2029/780 2648/872
f 2648/872 2029/780 103/785 2069/873
f 2066/868 2648/872 2069/873 285/869
f 285/869 2069/873 2649/874 2070/875
f 2069/873 103/785 2036/798 2649/874
f 2649/874 2036/798 38/464 1921/558
f 2070/875 2649/874 1921/558 72/556
f 108/844 2067/870 2650/876 2057/848
f 2067/870 285/869 2070/875 2650/876
f 2650/876 2070/875 72/556 1919/555
f 2057/848 2650/876 1919/555 42/543
f 60/877 2071/878 2651/879 2074/880
f 2071/878 111/881 2072/882 2651/879
f 2651/879 2072/882 286/883 2073/884
f 2074/880 2651/879 2073/884 114/885
f 111/881 2075/886 2652/887 2072/882
f 2075/886 59/888 2076/889 2652/887
f 2652/887 2076/889 112/890 2077/891
f 2072/882 2652/887 2077/891 286/883
f 286/883 2077/891 2653/892 2080/893
f 2077/891 112/890 2078/894 2653/892
f 2653/892 2078/894 61/895 2079/896
f 2080/893 2653/892 2079/896 113/897
f 114/885 2073/884 2654/898 2082/899
f 2073/884 286/883 2080/893 2654/898
f 2654/898 2080/893 113/897 2081/900
f 2082/899 2654/898 2081/900 62/901
f 1/212 1747/209 2655/902 2085/903
f 1747/209 186/208 2083/904 2655/902
f 2655/902 2083/904 287/905 2084/906
f 2085/903 2655/902 2084/906 115/907
f 186/208 2086/908 2656/909 2083/904
f 2086/908 371/910 2087/911 2656/909
f 2656/909 2087/911 410/912 2088/913
f 2083/904 2656/909 2088/913 287/905
f 287/905 2088/913 2657/914 2091/915
f 2088/913 410/912 2089/916 2657/914
f 2657/914 2089/916 387/917 2090/918
f 2091/915 2657/914 2090/918 91/686
f 115/907 2084/906 2658/919 2092/920
f 2084/906 287/905 2091/915 2658/919
f 2658/919 2091/915 91/686 1980/685
f 2092/920 2658/919 1980/685 44/684
f 64/921 2093/922 2659/923 2096/924
f 2093/922 116/925 2094/926 2659/923
f 2659/923 2094/926 288/927 2095/928
f 2096/924 2659/923 2095/928 119/929
f 116/925 2097/930 2660/931 2094/926
f 2097/930 63/932 2098/933 2660/931
f 2660/931 2098/933 117/934 2099/935
f 2094/926 2660/931 2099/935 288/927
f 288/927 2099/935 2661/936 2102/937
f 2099/935 117/934 2100/938 2661/936
f 2661/936 2100/938 65/939 2101/940
f 2102/937 2661/936 2101/940 118/941
f 119/929 2095/928 2662/942 2104/943
f 2095/928 288/927 2102/937 2662/942
f 2662/942 2102/937 118/941 2103/944
f 2104/943 2662/942 2103/944 66/945
f 36/726 2005/729 2663/946 2107/947
f 2005/729 96/734 2105/948 2663/946
f 2663/946 2105/948 289/949 2106/950
f 2107/947 2663/946 2106/950 121/951
f 96/734 2009/741 2664/952 2105/948
f 2009/741 2/123 2108/953 2664/952
f 2664/952 2108/953 120/954 2109/955
f 2105/948 2664/952 2109/955 289/949
f 289/949 2109/955 2665/956 2111/957
f 2109/955 120/954 2110/958 2665/956
f 2665/956 2110/958 46/757 2016/756
f 2111/957 2665/956 2016/756 98/752
f 121/951 2106/950 2666/959 2112/960
f 2106/950 289/949 2111/957 2666/959
f 2666/959 2111/957 98/752 2014/751
f 2112/960 2666/959 2014/751 45/750
f 2/123 2113/961 2667/962 2108/953
f 2113/961 122/963 2114/964 2667/962
f 2667/962 2114/964 290/965 2115/966
f 2108/953 2667/962 2115/966 120/954
f 122/963 2116/967 2668/968 2114/964
f 2116/967 1/212 2085/903 2668/968
f 2668/968 2085/903 115/907 2117/969
f 2114/964 2668/968 2117/969 290/965
f 290/965 2117/969 2669/970 2118/971
f 2117/969 115/907 2092/920 2669/970
f 2669/970 2092/920 44/684 2019/761
f 2118/971 2669/970 2019/761 99/759
f 120/954 2115/966 2670/972 2110/958
f 2115/966 290/965 2118/971 2670/972
f 2670/972 2118/971 99/759 2017/758
f 2110/958 2670/972 2017/758 46/757
f 25/799 2062/856 2671/973 2121/974
f 2062/856 109/852 2119/975 2671/973
f 2671/973 2119/975 291/976 2120/977
f 2121/974 2671/973 2120/977 124/978
f 109/852 2059/850 2672/979 2119/975
f 2059/850 21/766 2122/980 2672/979
f 2672/979 2122/980 123/981 2123/982
f 2119/975 2672/979 2123/982 291/976
f 291/976 2123/982 2673/983 2125/984
f 2123/982 123/981 2124/985 2673/983
f 2673/983 2124/985 48/580 1931/578
f 2125/984 2673/983 1931/578 75/573
f 124/978 2120/977 2674/986 2126/987
f 2120/977 291/976 2125/984 2674/986
f 2674/986 2125/984 75/573 1927/570
f 2126/987 2674/986 1927/570 47/569
f 21/766 2127/988 2675/989 2122/980
f 2127/988 125/990 2128/991 2675/989
f 2675/989 2128/991 292/992 2129/993
f 2122/980 2675/989 2129/993 123/981
f 125/990 2130/994 2676/995 2128/991
f 2130/994 29/25 2131/996 2676/995
f 2676/995 2131/996 126/997 2132/998
f 2128/991 2676/995 2132/998 292/992
f 292/992 2132/998 2677/999 2134/1000
f 2132/998 126/997 2133/1001 2677/999
f 2677/999 2133/1001 49/587 1934/586
f 2134/1000 2677/999 1934/586 76/582
f 123/981 2129/993 2678/1002 2124/985
f 2129/993 292/992 2134/1000 2678/1002
f 2678/1002 2134/1000 76/582 1932/581
f 2124/985 2678/1002 1932/581 48/580
f 29/25 1657/24 2679/1003 2131/996
f 1657/24 157/21 2135/1004 2679/1003
f 2679/1003 2135/1004 293/1005 2136/1006
f 2131/996 2679/1003 2136/1006 126/997
f 157/21 1655/20 2680/1007 2135/1004
f 1655/20 28/19 2137/1008 2680/1007
f 2680/1007 2137/1008 127/1009 2138/1010
f 2135/1004 2680/1007 2138/1010 293/1005
f 293/1005 2138/1010 2681/1011 2140/1012
f 2138/1010 127/1009 2139/1013 2681/1011
f 2681/1011 2139/1013 50/593 1937/592
f 2140/1012 2681/1011 1937/592 77/589
f 126/997 2136/1006 2682/1014 2133/1001
f 2136/1006 293/1005 2140/1012 2682/1014
f 2682/1014 2140/1012 77/589 1935/588
f 2133/1001 2682/1014 1935/588 49/587
f 28/19 2141/1015 2683/1016 2137/1008
f 2141/1015 128/1017 2142/1018 2683/1016
f 2683/1016 2142/1018 294/1019 2143/1020
f 2137/1008 2683/1016 2143/1020 127/1009
f 128/1017 2144/1021 2684/1022 2142/1018
f 2144/1021 25/799 2121/974 2684/1022
f 2684/1022 2121/974 124/978 2145/1023
f 2142/1018 2684/1022 2145/1023 294/1019
f 294/1019 2145/1023 2685/1024 2146/1025
f 2145/1023 124/978 2126/987 2685/1024
f 2685/1024 2126/987 47/569 1930/572
f 2146/1025 2685/1024 1930/572 78/577
f 127/1009 2143/1020 2686/1026 2139/1013
f 2143/1020 294/1019 2146/1025 2686/1026
f 2686/1026 2146/1025 78/577 1938/591
f 2139/1013 2686/1026 1938/591 50/593
f 24/608 2041/808 2687/1027 2149/1028
f 2041/808 104/803 2147/1029 2687/1027
f 2687/1027 2147/1029 295/1030 2148/1031
f 2149/1028 2687/1027 2148/1031 130/1032
f 104/803 2037/800 2688/1033 2147/1029
f 2037/800 25/799 2150/1034 2688/1033
f 2688/1033 2150/1034 129/1035 2151/1036
f 2147/1029 2688/1033 2151/1036 295/1030
f 295/1030 2151/1036 2689/1037 2153/1038
f 2151/1036 129/1035 2152/1039 2689/1037
f 2689/1037 2152/1039 52/629 1953/627
f 2153/1038 2689/1037 1953/627 81/622
f 130/1032 2148/1031 2690/1040 2154/1041
f 2148/1031 295/1030 2153/1038 2690/1040
f 2690/1040 2153/1038 81/622 1949/619
f 2154/1041 2690/1040 1949/619 51/618
f 25/799 2144/1021 2691/1042 2150/1034
f 2144/1021 128/1017 2155/1043 2691/1042
f 2691/1042 2155/1043 296/1044 2156/1045
f 2150/1034 2691/1042 2156/1045 129/1035
f 128/1017 2141/1015 2692/1046 2155/1043
f 2141/1015 28/19 2157/1047 2692/1046
f 2692/1046 2157/1047 131/1048 2158/1049
f 2155/1043 2692/1046 2158/1049 296/1044
f 296/1044 2158/1049 2693/1050 2160/1051
f 2158/1049 131/1048 2159/1052 2693/1050
f 2693/1050 2159/1052 53/636 1956/635
f 2160/1051 2693/1050 1956/635 82/631
f 129/1035 2156/1045 2694/1053 2152/1039
f 2156/1045 296/1044 2160/1051 2694/1053
f 2694/1053 2160/1051 82/631 1954/630
f 2152/1039 2694/1053 1954/630 52/629
f 28/19 1668/48 2695/1054 2157/1047
f 1668/48 161/46 2161/1055 2695/1054
f 2695/1054 2161/1055 297/1056 2162/1057
f 2157/1047 2695/1054 2162/1057 131/1048
f 161/46 1666/45 2696/1058 2161/1055
f 1666/45 31/44 2163/1059 2696/1058
f 2696/1058 2163/1059 132/1060 2164/1061
f 2161/1055 2696/1058 2164/1061 297/1056
f 297/1056 2164/1061 2697/1062 2166/1063
f 2164/1061 132/1060 2165/1064 2697/1062
f 2697/1062 2165/1064 54/642 1959/641
f 2166/1063 2697/1062 1959/641 83/638
f 131/1048 2162/1057 2698/1065 2159/1052
f 2162/1057 297/1056 2166/1063 2698/1065
f 2698/1065 2166/1063 83/638 1957/637
f 2159/1052 2698/1065 1957/637 53/636
f 31/44 1946/615 2699/1066 2163/1059
f 1946/615 80/610 2167/1067 2699/1066
f 2699/1066 2167/1067 298/1068 2168/1069
f 2163/1059 2699/1066 2168/1069 132/1060
f 80/610 1943/609 2700/1070 2167/1067
f 1943/609 24/608 2149/1028 2700/1070
f 2700/1070 2149/1028 130/1032 2169/1071
f 2167/1067 2700/1070 2169/1071 298/1068
f 298/1068 2169/1071 2701/1072 2170/1073
f 2169/1071 130/1032 2154/1041 2701/1072
f 2701/1072 2154/1041 51/618 1952/621
f 2170/1073 2701/1072 1952/621 84/626
f 132/1060 2168/1069 2702/1074 2165/1064
f 2168/1069 298/1068 2170/1073 2702/1074
f 2702/1074 2170/1073 84/626 1960/640
f 2165/1064 2702/1074 1960/640 54/642
f 21/766 2020/763 2703/1075 2173/1076
f 2020/763 100/762 2171/1077 2703/1075
f 2703/1075 2171/1077 299/1078 2172/1079
f 2173/1076 2703/1075 2172/1079 134/1080
f 100/762 2174/1081 2704/1082 2171/1077
f 2174/1081 378/1083 2175/1084 2704/1082
f 2704/1082 2175/1084 133/1085 2176/1086
f 2171/1077 2704/1082 2176/1086 299/1078
f 299/1078 2176/1086 2705/1087 2178/1088
f 2176/1086 133/1085 2177/1089 2705/1087
f 2705/1087 2177/1089 56/658 1967/656
f 2178/1088 2705/1087 1967/656 85/651
f 134/1080 2172/1079 2706/1090 2179/1091
f 2172/1079 299/1078 2178/1088 2706/1090
f 2706/1090 2178/1088 85/651 1963/648
f 2179/1091 2706/1090 1963/648 55/647
f 300/1092 2180/1093 2707/1094 2182/1095
f 2180/1093 135/1096 2181/1097 2707/1094
f 2707/1094 2181/1097 57/665 1970/664
f 2182/1095 2707/1094 1970/664 86/660
f 133/1085 2183/1098 2708/1099 2177/1089
f 2183/1098 300/1092 2182/1095 2708/1099
f 2708/1099 2182/1095 86/660 1968/659
f 2177/1089 2708/1099 1968/659 56/658
f 169/97 1691/96 2709/1100 2186/1101
f 1691/96 29/25 2184/1102 2709/1100
f 2709/1100 2184/1102 136/1103 2185/1104
f 2186/1101 2709/1100 2185/1104 301/1105
f 301/1105 2185/1104 2710/1106 2188/1107
f 2185/1104 136/1103 2187/1108 2710/1106
f 2710/1106 2187/1108 58/671 1973/670
f 2188/1107 2710/1106 1973/670 87/667
f 135/1096 2189/1109 2711/1110 2181/1097
f 2189/1109 301/1105 2188/1107 2711/1110
f 2711/1110 2188/1107 87/667 1971/666
f 2181/1097 2711/1110 1971/666 57/665
f 29/25 2130/994 2712/1111 2184/1102
f 2130/994 125/990 2190/1112 2712/1111
f 2712/1111 2190/1112 302/1113 2191/1114
f 2184/1102 2712/1111 2191/1114 136/1103
f 125/990 2127/988 2713/1115 2190/1112
f 2127/988 21/766 2173/1076 2713/1115
f 2713/1115 2173/1076 134/1080 2192/1116
f 2190/1112 2713/1115 2192/1116 302/1113
f 302/1113 2192/1116 2714/1117 2193/1118
f 2192/1116 134/1080 2179/1091 2714/1117
f 2714/1117 2179/1091 55/647 1966/650
f 2193/1118 2714/1117 1966/650 88/655
f 136/1103 2191/1114 2715/1119 2187/1108
f 2191/1114 302/1113 2193/1118 2715/1119
f 2715/1119 2193/1118 88/655 1974/669
f 2187/1108 2715/1119 1974/669 58/671
f 102/781 2026/778 2716/1120 2196/1121
f 2026/778 32/777 2194/1122 2716/1120
f 2716/1120 2194/1122 137/1123 2195/1124
f 2196/1121 2716/1120 2195/1124 303/1125
f 303/1125 2195/1124 2717/1126 2198/1127
f 2195/1124 137/1123 2197/1128 2717/1126
f 2717/1126 2197/1128 59/888 2075/886
f 2198/1127 2717/1126 2075/886 111/881
f 138/1129 2199/1130 2718/1131 2200/1132
f 2199/1130 303/1125 2198/1127 2718/1131
f 2718/1131 2198/1127 111/881 2071/878
f 2200/1132 2718/1131 2071/878 60/877
f 32/777 2201/1133 2719/1134 2194/1122
f 2201/1133 139/1135 2202/1136 2719/1134
f 2719/1134 2202/1136 304/1137 2203/1138
f 2194/1122 2719/1134 2203/1138 137/1123
f 139/1135 2204/1139 2720/1140 2202/1136
f 2204/1139 43/676 2205/1141 2720/1140
f 2720/1140 2205/1141 140/1142 2206/1143
f 2202/1136 2720/1140 2206/1143 304/1137
f 304/1137 2206/1143 2721/1144 2208/1145
f 2206/1143 140/1142 2207/1146 2721/1144
f 2721/1144 2207/1146 61/895 2078/894
f 2208/1145 2721/1144 2078/894 112/890
f 137/1123 2203/1138 2722/1147 2197/1128
f 2203/1138 304/1137 2208/1145 2722/1147
f 2722/1147 2208/1145 112/890 2076/889
f 2197/1128 2722/1147 2076/889 59/888
f 43/676 1975/673 2723/1148 2205/1141
f 1975/673 89/672 2209/1149 2723/1148
f 2723/1148 2209/1149 305/1150 2210/1151
f 2205/1141 2723/1148 2210/1151 140/1142
f 89/672 2211/1152 2724/1153 2209/1149
f 2211/1152 386/1154 2212/1155 2724/1153
f 2724/1153 2212/1155 141/1156 2213/1157
f 2209/1149 2724/1153 2213/1157 305/1150
f 305/1150 2213/1157 2725/1158 2215/1159
f 2213/1157 141/1156 2214/1160 2725/1158
f 2725/1158 2214/1160 62/901 2081/900
f 2215/1159 2725/1158 2081/900 113/897
f 140/1142 2210/1151 2726/1161 2207/1146
f 2210/1151 305/1150 2215/1159 2726/1161
f 2726/1161 2215/1159 113/897 2079/896
f 2207/1146 2726/1161 2079/896 61/895
f 306/1162 2216/1163 2727/1164 2217/1165
f 2216/1163 138/1129 2200/1132 2727/1164
f 2727/1164 2200/1132 60/877 2074/880
f 2217/1165 2727/1164 2074/880 114/885
f 141/1156 2218/1166 2728/1167 2214/1160
f 2218/1166 306/1162 2217/1165 2728/1167
f 2728/1167 2217/1165 114/885 2082/899
f 2214/1160 2728/1167 2082/899 62/901
f 32/777 2068/871 2729/1168 2221/1169
f 2068/871 110/867 2219/1170 2729/1168
f 2729/1168 2219/1170 307/1171 2220/1172
f 2221/1169 2729/1168 2220/1172 143/1173
f 110/867 2065/865 2730/1174 2219/1170
f 2065/865 36/726 2222/1175 2730/1174
f 2730/1174 2222/1175 142/1176 2223/1177
f 2219/1170 2730/1174 2223/1177 307/1171
f 307/1171 2223/1177 2731/1178 2225/1179
f 2223/1177 142/1176 2224/1180 2731/1178
f 2731/1178 2224/1180 63/932 2097/930
f 2225/1179 2731/1178 2097/930 116/925
f 143/1173 2220/1172 2732/1181 2226/1182
f 2220/1172 307/1171 2225/1179 2732/1181
f 2732/1181 2225/1179 116/925 2093/922
f 2226/1182 2732/1181 2093/922 64/921
f 36/726 2107/947 2733/1183 2222/1175
f 2107/947 121/951 2227/1184 2733/1183
f 2733/1183 2227/1184 308/1185 2228/1186
f 2222/1175 2733/1183 2228/1186 142/1176
f 121/951 2112/960 2734/1187 2227/1184
f 2112/960 45/750 2229/1188 2734/1187
f 2734/1187 2229/1188 144/1189 2230/1190
f 2227/1184 2734/1187 2230/1190 308/1185
f 308/1185 2230/1190 2735/1191 2232/1192
f 2230/1190 144/1189 2231/1193 2735/1191
f 2735/1191 2231/1193 65/939 2100/938
f 2232/1192 2735/1191 2100/938 117/934
f 142/1176 2228/1186 2736/1194 2224/1180
f 2228/1186 308/1185 2232/1192 2736/1194
f 2736/1194 2232/1192 117/934 2098/933
f 2224/1180 2736/1194 2098/933 63/932
f 45/750 2013/748 2737/1195 2229/1188
f 2013/748 97/744 2233/1196 2737/1195
f 2737/1195 2233/1196 309/1197 2234/1198
f 2229/1188 2737/1195 2234/1198 144/1189
f 97/744 2010/742 2738/1199 2233/1196
f 2010/742 43/676 2235/1200 2738/1199
f 2738/1199 2235/1200 145/1201 2236/1202
f 2233/1196 2738/1199 2236/1202 309/1197
f 309/1197 2236/1202 2739/1203 2238/1204
f 2236/1202 145/1201 2237/1205 2739/1203
f 2739/1203 2237/1205 66/945 2103/944
f 2238/1204 2739/1203 2103/944 118/941
f 144/1189 2234/1198 2740/1206 2231/1193
f 2234/1198 309/1197 2238/1204 2740/1206
f 2740/1206 2238/1204 118/941 2101/940
f 2231/1193 2740/1206 2101/940 65/939
f 43/676 2204/1139 2741/1207 2235/1200
f 2204/1139 139/1135 2239/1208 2741/1207
f 2741/1207 2239/1208 310/1209 2240/1210
f 2235/1200 2741/1207 2240/1210 145/1201
f 139/1135 2201/1133 2742/1211 2239/1208
f 2201/1133 32/777 2221/1169 2742/1211
f 2742/1211 2221/1169 143/1173 2241/1212
f 2239/1208 2742/1211 2241/1212 310/1209
f 310/1209 2241/1212 2743/1213 2242/1214
f 2241/1212 143/1173 2226/1182 2743/1213
f 2743/1213 2226/1182 64/921 2096/924
f 2242/1214 2743/1213 2096/924 119/929
f 145/1201 2240/1210 2744/1215 2237/1205
f 2240/1210 310/1209 2242/1214 2744/1215
f 2744/1215 2242/1214 119/929 2104/943
f 2237/1205 2744/1215 2104/943 66/945
f 1/212 2116/967 2745/1216 2245/1217
f 2116/967 122/963 2243/1218 2745/1216
f 2745/1216 2243/1218 311/1219 2244/1220
f 2245/1217 2745/1216 2244/1220 147/1221
f 122/963 2113/961 2746/1222 2243/1218
f 2113/961 2/123 2246/1223 2746/1222
f 2746/1222 2246/1223 146/1224 2247/1225
f 2243/1218 2746/1222 2247/1225 311/1219
f 311/1219 2247/1225 2747/1226 2249/1227
f 2247/1225 146/1224 2248/1228 2747/1226
f 2747/1226 2248/1228 68/109 1697/107
f 2249/1227 2747/1226 1697/107 170/102
f 147/1221 2244/1220 2748/1229 2250/1230
f 2244/1220 311/1219 2249/1227 2748/1229
f 2748/1229 2249/1227 170/102 1693/99
f 2250/1230 2748/1229 1693/99 67/98
f 2/123 1708/126 2749/1231 2246/1223
f 1708/126 177/131 2251/1232 2749/1231
f 2749/1231 2251/1232 312/1233 2252/1234
f 2246/1223 2749/1231 2252/1234 146/1224
f 177/131 1716/145 2750/1235 2251/1232
f 1716/145 7/147 2253/1236 2750/1235
f 2750/1235 2253/1236 148/1237 2254/1238
f 2251/1232 2750/1235 2254/1238 312/1233
f 312/1233 2254/1238 2751/1239 2256/1240
f 2254/1238 148/1237 2255/1241 2751/1239
f 2751/1239 2255/1241 69/116 1700/115
f 2256/1240 2751/1239 1700/115 171/111
f 146/1224 2252/1234 2752/1242 2248/1228
f 2252/1234 312/1233 2256/1240 2752/1242
f 2752/1242 2256/1240 171/111 1698/110
f 2248/1228 2752/1242 1698/110 68/109
f 7/147 1758/231 2753/1243 2253/1236
f 1758/231 189/226 2257/1244 2753/1243
f 2753/1243 2257/1244 313/1245 2258/1246
f 2253/1236 2753/1243 2258/1246 148/1237
f 189/226 1754/223 2754/1247 2257/1244
f 1754/223 6/220 2259/1248 2754/1247
f 2754/1247 2259/1248 149/1249 2260/1250
f 2257/1244 2754/1247 2260/1250 313/1245
f 313/1245 2260/1250 2755/1251 2262/1252
f 2260/1250 149/1249 2261/1253 2755/1251
f 2755/1251 2261/1253 70/122 1703/121
f 2262/1252 2755/1251 1703/121 172/118
f 148/1237 2258/1246 2756/1254 2255/1241
f 2258/1246 313/1245 2262/1252 2756/1254
f 2756/1254 2262/1252 172/118 1701/117
f 2255/1241 2756/1254 1701/117 69/116
f 6/220 1751/219 2757/1255 2259/1248
f 1751/219 187/214 2263/1256 2757/1255
f 2757/1255 2263/1256 314/1257 2264/1258
f 2259/1248 2757/1255 2264/1258 149/1249
f 187/214 1748/213 2758/1259 2263/1256
f 1748/213 1/212 2245/1217 2758/1259
f 2758/1259 2245/1217 147/1221 2265/1260
f 2263/1256 2758/1259 2265/1260 314/1257
f 314/1257 2265/1260 2759/1261 2266/1262
f 2265/1260 147/1221 2250/1230 2759/1261
f 2759/1261 2250/1230 67/98 1696/101
f 2266/1262 2759/1261 1696/101 173/106
f 149/1249 2264/1258 2760/1263 2261/1253
f 2264/1258 314/1257 2266/1262 2760/1263
f 2760/1263 2266/1262 173/106 1704/120
f 2261/1253 2760/1263 1704/120 70/122
f 152/1264 2267/1265 2761/1266 2270/1267
f 2267/1265 388/1268 2268/1269 2761/1266
f 2761/1266 2268/1269 414/1270 2269/1271
f 2270/1267 2761/1266 2269/1271 315/1272
f 315/1272 2269/1271 2762/1273 2273/1274
f 2269/1271 414/1270 2271/1275 2762/1273
f 2762/1273 2271/1275 390/1276 2272/1277
f 2273/1274 2762/1273 2272/1277 150/1278
f 153/1279 2274/1280 2763/1281 2277/1282
f 2274/1280 391/1283 2275/1284 2763/1281
f 2763/1281 2275/1284 415/1285 2276/1286
f 2277/1282 2763/1281 2276/1286 316/1287
f 316/1287 2276/1286 2764/1288 2279/1289
f 2276/1286 415/1285 2278/1290 2764/1288
f 2764/1288 2278/1290 388/1268 2267/1265
f 2279/1289 2764/1288 2267/1265 152/1264
f 154/1291 2280/1292 2765/1293 2283/1294
f 2280/1292 392/1295 2281/1296 2765/1293
f 2765/1293 2281/1296 416/1297 2282/1298
f 2283/1294 2765/1293 2282/1298 317/1299
f 317/1299 2282/1298 2766/1300 2285/1301
f 2282/1298 416/1297 2284/1302 2766/1300
f 2766/1300 2284/1302 391/1283 2274/1280
f 2285/1301 2766/1300 2274/1280 153/1279
f 318/1303 2286/1304 2767/1305 2289/1306
f 2286/1304 151/1307 2287/1308 2767/1305
f 2767/1305 2287/1308 389/1309 2288/1310
f 2289/1306 2767/1305 2288/1310 417/1311
f 154/1291 2290/1312 2768/1313 2280/1292
f 2290/1312 318/1303 2289/1306 2768/1313
f 2768/1313 2289/1306 417/1311 2291/1314
f 2280/1292 2768/1313 2291/1314 392/1295
f 319/1315 2292/1316 2769/1317 2294/1318
f 2292/1316 418/1319 2293/1320 2769/1317
f 2769/1317 2293/1320 393/80 1682/77
f 2294/1318 2769/1317 1682/77 234/76
f 322/1321 2295/1322 2770/1323 2297/1324
f 2295/1322 321/1325 2296/1326 2770/1323
f 2770/1323 2296/1326 233/64 1680/73
f 2297/1324 2770/1323 1680/73 162/53
f 323/1327 2298/1328 2771/1329 2299/1330
f 2298/1328 322/1321 2297/1324 2771/1329
f 2771/1329 2297/1324 162/53 1669/50
f 2299/1330 2771/1329 1669/50 232/49
f 324/1331 2300/1332 2772/1333 2301/1334
f 2300/1332 323/1327 2299/1330 2772/1333
f 2772/1333 2299/1330 232/49 1673/59
f 2301/1334 2772/1333 1673/59 164/58
f 326/1335 2302/1336 2773/1337 2304/1338
f 2302/1336 325/1339 2303/1340 2773/1337
f 2773/1337 2303/1340 79/598 1939/595
f 2304/1338 2773/1337 1939/595 268/594
f 327/1341 2305/1342 2774/1343 2306/1344
f 2305/1342 326/1335 2304/1338 2774/1343
f 2774/1343 2304/1338 268/594 1942/601
f 2306/1344 2774/1343 1942/601 73/600
f 328/1345 2307/1346 2775/1347 2308/1348
f 2307/1346 327/1349 2306/1350 2775/1347
f 2775/1347 2306/1350 73/563 1922/560
f 2308/1348 2775/1347 1922/560 266/559
f 329/1351 2309/1352 2776/1353 2310/1354
f 2309/1352 328/1345 2308/1348 2776/1353
f 2776/1353 2308/1348 266/559 1925/566
f 2310/1354 2776/1353 1925/566 74/565
f 330/1355 2311/1356 2777/1357 2312/1358
f 2311/1356 329/1351 2310/1354 2777/1357
f 2777/1357 2310/1354 74/565 1961/644
f 2312/1358 2777/1357 1961/644 271/643
f 343/1359 2313/1360 2778/1361 2315/1362
f 2313/1360 346/1363 2314/1364 2778/1361
f 2778/1361 2314/1364 323/1327 2300/1332
f 2315/1362 2778/1361 2300/1332 324/1331
f 346/1363 2316/1365 2779/1366 2314/1364
f 2316/1365 349/1367 2317/1368 2779/1366
f 2779/1366 2317/1368 322/1321 2298/1328
f 2314/1364 2779/1366 2298/1328 323/1327
f 349/1367 2318/1369 2780/1370 2317/1368
f 2318/1369 352/1371 2319/1372 2780/1370
f 2780/1370 2319/1372 321/1325 2295/1322
f 2317/1368 2780/1370 2295/1322 322/1321
f 357/1373 2320/1374 2781/1375 2322/1376
f 2320/1374 420/1377 2321/1378 2781/1375
f 2781/1375 2321/1378 418/1319 2292/1316
f 2322/1376 2781/1375 2292/1316 319/1315
f 331/1379 2323/1380 2782/1381 2326/1382
f 2323/1380 334/1383 2324/1384 2782/1381
f 2782/1381 2324/1384 814/1385 2325/1386
f 2326/1382 2782/1381 2325/1386 815/1387
f 334/1383 2327/1388 2783/1389 2324/1384
f 2327/1388 337/1390 2328/1391 2783/1389
f 2783/1389 2328/1391 813/1392 2329/1393
f 2324/1384 2783/1389 2329/1393 814/1385
f 337/1390 2330/1394 2784/1395 2328/1391
f 2330/1394 340/1396 2331/1397 2784/1395
f 2784/1395 2331/1397 812/1398 2332/1399
f 2328/1391 2784/1395 2332/1399 813/1392
f 340/1396 2333/1400 2785/1401 2331/1397
f 2333/1400 343/1359 2334/1402 2785/1401
f 2785/1401 2334/1402 811/1403 2335/1404
f 2331/1397 2785/1401 2335/1404 812/1398
f 343/1359 2315/1362 2786/1405 2334/1402
f 2315/1362 324/1331 2336/1406 2786/1405
f 2786/1405 2336/1406 810/1407 2337/1408
f 2334/1402 2786/1405 2337/1408 811/1403
f 360/1409 2338/1410 2787/1411 2340/1412
f 2338/1410 331/1379 2326/1382 2787/1411
f 2787/1411 2326/1382 815/1387 2339/1413
f 2340/1412 2787/1411 2339/1413 816/1414
f 356/1415 2341/1416 2788/1417 2344/1418
f 2341/1416 150/1278 2342/1419 2788/1417
f 2788/1417 2342/1419 809/1420 2343/1421
f 2344/1418 2788/1417 2343/1421 359/1422
f 351/1423 2345/1424 2789/1425 2347/1426
f 2345/1424 152/1264 2270/1267 2789/1425
f 2789/1425 2270/1267 315/1272 2346/1427
f 2347/1426 2789/1425 2346/1427 354/1428
f 354/1428 2346/1427 2790/1429 2348/1430
f 2346/1427 315/1272 2273/1274 2790/1429
f 2790/1429 2273/1274 150/1278 2341/1416
f 2348/1430 2790/1429 2341/1416 356/1415
f 345/1431 2349/1432 2791/1433 2351/1434
f 2349/1432 153/1279 2277/1282 2791/1433
f 2791/1433 2277/1282 316/1287 2350/1435
f 2351/1434 2791/1433 2350/1435 348/1436
f 348/1436 2350/1435 2792/1437 2352/1438
f 2350/1435 316/1287 2279/1289 2792/1437
f 2792/1437 2279/1289 152/1264 2345/1424
f 2352/1438 2792/1437 2345/1424 351/1423
f 339/1439 2353/1440 2793/1441 2355/1442
f 2353/1440 154/1291 2283/1294 2793/1441
f 2793/1441 2283/1294 317/1299 2354/1443
f 2355/1442 2793/1441 2354/1443 342/1444
f 342/1444 2354/1443 2794/1445 2356/1446
f 2354/1443 317/1299 2285/1301 2794/1445
f 2794/1445 2285/1301 153/1279 2349/1432
f 2356/1446 2794/1445 2349/1432 345/1431
f 339/1439 2357/1447 2795/1448 2353/1440
f 2357/1447 336/1449 2358/1450 2795/1448
f 2795/1448 2358/1450 318/1303 2290/1312
f 2353/1440 2795/1448 2290/1312 154/1291
f 336/1449 2359/1451 2796/1452 2358/1450
f 2359/1451 333/1453 2360/1454 2796/1452
f 2796/1452 2360/1454 151/1307 2286/1304
f 2358/1450 2796/1452 2286/1304 318/1303
f 331/1379 2361/1455 2797/1456 2323/1380
f 2361/1455 332/1457 2362/1458 2797/1456
f 2797/1456 2362/1458 335/1459 2363/1460
f 2323/1380 2797/1456 2363/1460 334/1383
f 332/1457 2364/1461 2798/1462 2362/1458
f 2364/1461 333/1453 2359/1451 2798/1462
f 2798/1462 2359/1451 336/1449 2365/1463
f 2362/1458 2798/1462 2365/1463 335/1459
f 334/1383 2363/1460 2799/1464 2327/1388
f 2363/1460 335/1459 2366/1465 2799/1464
f 2799/1464 2366/1465 338/1466 2367/1467
f 2327/1388 2799/1464 2367/1467 337/1390
f 335/1459 2365/1463 2800/1468 2366/1465
f 2365/1463 336/1449 2357/1447 2800/1468
f 2800/1468 2357/1447 339/1439 2368/1469
f 2366/1465 2800/1468 2368/1469 338/1466
f 337/1390 2367/1467 2801/1470 2330/1394
f 2367/1467 338/1466 2369/1471 2801/1470
f 2801/1470 2369/1471 341/1472 2370/1473
f 2330/1394 2801/1470 2370/1473 340/1396
f 338/1466 2368/1469 2802/1474 2369/1471
f 2368/1469 339/1439 2355/1442 2802/1474
f 2802/1474 2355/1442 342/1444 2371/1475
f 2369/1471 2802/1474 2371/1475 341/1472
f 340/1396 2370/1473 2803/1476 2333/1400
f 2370/1473 341/1472 2372/1477 2803/1476
f 2803/1476 2372/1477 344/1478 2373/1479
f 2333/1400 2803/1476 2373/1479 343/1359
f 341/1472 2371/1475 2804/1480 2372/1477
f 2371/1475 342/1444 2356/1446 2804/1480
f 2804/1480 2356/1446 345/1431 2374/1481
f 2372/1477 2804/1480 2374/1481 344/1478
f 343/1359 2373/1479 2805/1482 2313/1360
f 2373/1479 344/1478 2375/1483 2805/1482
f 2805/1482 2375/1483 347/1484 2376/1485
f 2313/1360 2805/1482 2376/1485 346/1363
f 344/1478 2374/1481 2806/1486 2375/1483
f 2374/1481 345/1431 2351/1434 2806/1486
f 2806/1486 2351/1434 348/1436 2377/1487
f 2375/1483 2806/1486 2377/1487 347/1484
f 346/1363 2376/1485 2807/1488 2316/1365
f 2376/1485 347/1484 2378/1489 2807/1488
f 2807/1488 2378/1489 350/1490 2379/1491
f 2316/1365 2807/1488 2379/1491 349/1367
f 347/1484 2377/1487 2808/1492 2378/1489
f 2377/1487 348/1436 2352/1438 2808/1492
f 2808/1492 2352/1438 351/1423 2380/1493
f 2378/1489 2808/1492 2380/1493 350/1490
f 349/1367 2379/1491 2809/1494 2318/1369
f 2379/1491 350/1490 2381/1495 2809/1494
f 2809/1494 2381/1495 353/1496 2382/1497
f 2318/1369 2809/1494 2382/1497 352/1371
f 350/1490 2380/1493 2810/1498 2381/1495
f 2380/1493 351/1423 2347/1426 2810/1498
f 2810/1498 2347/1426 354/1428 2383/1499
f 2381/1495 2810/1498 2383/1499 353/1496
f 352/1371 2382/1497 2811/1500 2386/1501
f 2382/1497 353/1496 2384/1502 2811/1500
f 2811/1500 2384/1502 355/1503 2385/1504
f 2386/1501 2811/1500 2385/1504 320/1505
f 353/1496 2383/1499 2812/1506 2384/1502
f 2383/1499 354/1428 2348/1430 2812/1506
f 2812/1506 2348/1430 356/1415 2387/1507
f 2384/1502 2812/1506 2387/1507 355/1503
f 320/1505 2385/1504 2813/1508 2390/1509
f 2385/1504 355/1503 2388/1510 2813/1508
f 2813/1508 2388/1510 358/1511 2389/1512
f 2390/1509 2813/1508 2389/1512 357/1373
f 355/1503 2387/1507 2814/1513 2388/1510
f 2387/1507 356/1415 2344/1418 2814/1513
f 2814/1513 2344/1418 359/1422 2391/1514
f 2388/1510 2814/1513 2391/1514 358/1511
f 357/1373 2389/1512 2815/1515 2320/1374
f 2389/1512 358/1511 2392/1516 2815/1515
f 2815/1515 2392/1516 425/1517 2393/1518
f 2320/1374 2815/1515 2393/1518 420/1377
f 358/1511 2391/1514 2816/1519 2392/1516
f 2391/1514 359/1422 2394/1520 2816/1519
f 2816/1519 2394/1520 421/1521 2395/1522
f 2392/1516 2816/1519 2395/1522 425/1517
f 333/1453 2364/1461 2817/1523 2398/1524
f 2364/1461 332/1457 2396/1525 2817/1523
f 2817/1523 2396/1525 361/1526 2397/1527
f 2398/1524 2817/1523 2397/1527 362/1528
f 332/1457 2361/1455 2818/1529 2396/1525
f 2361/1455 331/1379 2338/1410 2818/1529
f 2818/1529 2338/1410 360/1409 2399/1530
f 2396/1525 2818/1529 2399/1530 361/1526
f 234/76 1686/85 2819/1531 2294/1318
f 1686/85 165/68 2400/1532 2819/1531
f 2819/1531 2400/1532 363/1533 2401/1534
f 2294/1318 2819/1531 2401/1534 319/1315
f 165/68 1676/65 2820/1535 2400/1532
f 1676/65 233/64 2296/1326 2820/1535
f 2820/1535 2296/1326 321/1325 2402/1536
f 2400/1532 2820/1535 2402/1536 363/1533
f 352/1371 2386/1501 2821/1537 2319/1372
f 2386/1501 320/1505 2403/1538 2821/1537
f 2821/1537 2403/1538 363/1533 2402/1536
f 2319/1372 2821/1537 2402/1536 321/1325
f 320/1505 2390/1509 2822/1539 2403/1538
f 2390/1509 357/1373 2322/1376 2822/1539
f 2822/1539 2322/1376 319/1315 2401/1534
f 2403/1538 2822/1539 2401/1534 363/1533
f 365/1540 2404/1541 2823/1542 2406/1543
f 2404/1541 364/1544 2405/1545 2823/1542
f 2823/1542 2405/1545 325/1546 2302/1547
f 2406/1543 2823/1542 2302/1547 326/1548
f 366/1549 2407/1550 2824/1551 2408/1552
f 2407/1550 365/1540 2406/1543 2824/1551
f 2824/1551 2406/1543 326/1548 2305/1553
f 2408/1552 2824/1551 2305/1553 327/1554
f 367/1555 2409/1556 2825/1557 2410/1558
f 2409/1556 366/1549 2408/1552 2825/1557
f 2825/1557 2408/1552 327/1554 2307/1559
f 2410/1558 2825/1557 2307/1559 328/1560
f 368/1561 2411/1562 2826/1563 2412/1564
f 2411/1562 367/1555 2410/1558 2826/1563
f 2826/1563 2410/1558 328/1560 2309/1565
f 2412/1564 2826/1563 2309/1565 329/1566
f 369/1567 2413/1568 2827/1569 2414/1570
f 2413/1568 368/1561 2412/1564 2827/1569
f 2827/1569 2412/1564 329/1566 2311/1571
f 2414/1570 2827/1569 2311/1571 330/1572
f 394/1573 2415/1574 2828/1575 2417/1576
f 2415/1574 380/1577 2416/1578 2828/1575
f 2828/1575 2416/1578 168/88 1690/91
f 2417/1576 2828/1575 1690/91 235/93
f 381/1579 2418/1580 2829/1581 2419/1582
f 2418/1580 394/1573 2417/1576 2829/1581
f 2829/1581 2417/1576 235/93 1692/95
f 2419/1582 2829/1581 1692/95 169/97
f 396/1583 2420/1584 2830/1585 2421/1586
f 2420/1584 371/910 2086/908 2830/1585
f 2830/1585 2086/908 186/208 1750/211
f 2421/1586 2830/1585 1750/211 241/216
f 373/1587 2422/1588 2831/1589 2423/1590
f 2422/1588 396/1583 2421/1586 2831/1589
f 2831/1589 2421/1586 241/216 1753/218
f 2423/1590 2831/1589 1753/218 188/222
f 398/1591 2424/1592 2832/1593 2425/1594
f 2424/1592 373/1587 2423/1590 2832/1593
f 2832/1593 2423/1590 188/222 1799/311
f 2425/1594 2832/1593 1799/311 247/313
f 375/1595 2426/1596 2833/1597 2427/1598
f 2426/1596 398/1591 2425/1594 2833/1597
f 2833/1597 2425/1594 247/313 1801/315
f 2427/1598 2833/1597 1801/315 200/317
f 400/1599 2428/1600 2834/1601 2429/1602
f 2428/1600 375/1595 2427/1598 2834/1601
f 2834/1601 2427/1598 200/317 1845/403
f 2429/1602 2834/1601 1845/403 253/405
f 377/1603 2430/1604 2835/1605 2431/1606
f 2430/1604 400/1599 2429/1602 2835/1605
f 2835/1605 2429/1602 253/405 1847/407
f 2431/1606 2835/1605 1847/407 211/409
f 376/397 2432/1607 2836/1608 1841/398
f 2432/1607 401/1609 2433/1610 2836/1608
f 2836/1608 2433/1610 258/446 1865/445
f 1841/398 2836/1608 1865/445 210/399
f 402/1611 2434/1612 2837/1613 2435/1614
f 2434/1612 377/1603 2431/1606 2837/1613
f 2837/1613 2431/1606 211/409 1868/451
f 2435/1614 2837/1613 1868/451 259/450
f 403/1615 2436/1616 2838/1617 2438/1618
f 2436/1616 384/1619 2437/1620 2838/1617
f 2838/1617 2437/1620 217/452 1872/455
f 2438/1618 2838/1617 1872/455 260/460
f 385/795 2439/1621 2839/1622 2034/796
f 2439/1621 403/1615 2438/1618 2839/1622
f 2839/1622 2438/1618 260/460 1875/462
f 2034/796 2839/1622 1875/462 219/466
f 380/1577 2440/1623 2840/1624 2416/1578
f 2440/1623 405/1625 2441/1626 2840/1624
f 2840/1624 2441/1626 271/643 1962/646
f 2416/1578 2840/1624 1962/646 168/88
f 406/1627 2442/1628 2841/1629 2443/1630
f 2442/1628 386/1154 2211/1152 2841/1629
f 2841/1629 2211/1152 89/672 1978/675
f 2443/1630 2841/1629 1978/675 273/680
f 387/917 2444/1631 2842/1632 2090/918
f 2444/1631 406/1627 2443/1630 2842/1632
f 2842/1632 2443/1630 273/680 1981/682
f 2090/918 2842/1632 1981/682 91/686
f 408/1633 2445/1634 2843/1635 2446/1636
f 2445/1634 378/1083 2174/1081 2843/1635
f 2843/1635 2174/1081 100/762 2023/765
f 2446/1636 2843/1635 2023/765 279/770
f 384/1637 2447/1638 2844/1639 2437/1640
f 2447/1638 408/1633 2446/1636 2844/1639
f 2844/1639 2446/1636 279/770 2025/772
f 2437/1640 2844/1639 2025/772 217/776
f 378/1083 2448/1641 2845/1642 2175/1084
f 2448/1641 411/1643 2449/1644 2845/1642
f 2845/1642 2449/1644 300/1092 2183/1098
f 2175/1084 2845/1642 2183/1098 133/1085
f 411/1643 2450/1645 2846/1646 2449/1644
f 2450/1645 381/1579 2451/1647 2846/1646
f 2846/1646 2451/1647 135/1096 2180/1093
f 2449/1644 2846/1646 2180/1093 300/1092
f 381/1579 2419/1582 2847/1648 2451/1647
f 2419/1582 169/97 2186/1101 2847/1648
f 2847/1648 2186/1101 301/1105 2189/1109
f 2451/1647 2847/1648 2189/1109 135/1096
f 382/788 2030/786 2848/1649 2452/1650
f 2030/786 102/781 2196/1121 2848/1649
f 2848/1649 2196/1121 303/1125 2199/1130
f 2452/1650 2848/1649 2199/1130 138/1129
f 386/1154 2453/1651 2849/1652 2212/1155
f 2453/1651 412/1653 2454/1654 2849/1652
f 2849/1652 2454/1654 306/1162 2218/1166
f 2212/1155 2849/1652 2218/1166 141/1156
f 412/1653 2455/1655 2850/1656 2454/1654
f 2455/1655 382/788 2452/1650 2850/1656
f 2850/1656 2452/1650 138/1129 2216/1163
f 2454/1654 2850/1656 2216/1163 306/1162
f 405/1625 2456/1657 2851/1658 2441/1626
f 2456/1657 419/1659 2457/1660 2851/1658
f 2851/1658 2457/1660 330/1355 2312/1358
f 2441/1626 2851/1658 2312/1358 271/643
f 423/1661 2458/1662 2852/1663 2460/1664
f 2458/1662 422/1665 2459/1666 2852/1663
f 2852/1663 2459/1666 361/1526 2399/1530
f 2460/1664 2852/1663 2399/1530 360/1409
f 422/1665 2461/1667 2853/1668 2459/1666
f 2461/1667 424/1669 2462/1670 2853/1668
f 2853/1668 2462/1670 362/1528 2397/1527
f 2459/1666 2853/1668 2397/1527 361/1526
f 816/1414 2463/1671 2854/1672 2340/1412
f 2463/1671 817/1673 2464/1674 2854/1672
f 2854/1672 2464/1674 423/1661 2460/1664
f 2340/1412 2854/1672 2460/1664 360/1409
f 413/1675 2465/1676 2855/1677 2466/1678
f 2465/1676 151/1307 2360/1454 2855/1677
f 2855/1677 2360/1454 333/1453 2398/1524
f 2466/1678 2855/1677 2398/1524 362/1528
f 419/1679 2467/1680 2856/1681 2457/1682
f 2467/1680 426/1683 2468/1684 2856/1681
f 2856/1681 2468/1684 369/1567 2414/1570
f 2457/1682 2856/1681 2414/1570 330/1572
f 452/1685 825/1686 2857/1687 828/1688
f 825/1686 584/1689 826/1690 2857/1687
f 2857/1687 826/1690 656/1691 827/1692
f 828/1688 2857/1687 827/1692 581/1693
f 581/1693 827/1692 2858/1694 831/1695
f 827/1692 656/1691 829/1696 2858/1694
f 2858/1694 829/1696 582/1697 830/1698
f 831/1695 2858/1694 830/1698 453/1699
f 656/1691 832/1700 2859/1701 829/1696
f 832/1700 583/1702 833/1703 2859/1701
f 2859/1701 833/1703 454/1704 834/1705
f 829/1696 2859/1701 834/1705 582/1697
f 584/1689 835/1706 2860/1707 826/1690
f 835/1706 455/1708 836/1709 2860/1707
f 2860/1707 836/1709 583/1702 832/1700
f 826/1690 2860/1707 832/1700 656/1691
f 453/1710 830/1711 2861/1712 839/1713
f 830/1711 582/1714 837/1715 2861/1712
f 2861/1712 837/1715 657/1716 838/1717
f 839/1713 2861/1712 838/1717 585/1718
f 585/1718 838/1717 2862/1719 842/1720
f 838/1717 657/1716 840/1721 2862/1719
f 2862/1719 840/1721 586/1722 841/1723
f 842/1720 2862/1719 841/1723 456/1724
f 657/1716 843/1725 2863/1726 840/1721
f 843/1725 587/1727 844/1728 2863/1726
f 2863/1726 844/1728 457/1729 845/1730
f 840/1721 2863/1726 845/1730 586/1722
f 582/1714 834/1705 2864/1731 837/1715
f 834/1705 454/1704 846/1732 2864/1731
f 2864/1731 846/1732 587/1727 843/1725
f 837/1715 2864/1731 843/1725 657/1716
f 658/1733 847/1734 2865/1735 850/1736
f 847/1734 589/1737 848/1738 2865/1735
f 2865/1735 848/1738 449/1739 849/1740
f 850/1736 2865/1735 849/1740 588/1741
f 590/1742 851/1743 2866/1744 853/1745
f 851/1743 450/1746 852/1747 2866/1744
f 2866/1744 852/1747 589/1737 847/1734
f 853/1745 2866/1744 847/1734 658/1733
f 659/1748 854/1749 2867/1750 857/1751
f 854/1749 592/1752 855/1753 2867/1750
f 2867/1750 855/1753 448/1754 856/1755
f 857/1751 2867/1750 856/1755 591/1756
f 588/1741 849/1740 2868/1757 859/1758
f 849/1740 449/1739 858/1759 2868/1757
f 2868/1757 858/1759 592/1752 854/1749
f 859/1758 2868/1757 854/1749 659/1748
f 660/1760 860/1761 2869/1762 862/1763
f 860/1761 593/1764 861/1765 2869/1762
f 2869/1762 861/1765 379/1766 1683/1767
f 862/1763 2869/1762 1683/1767 393/1768
f 591/1756 856/1755 2870/1769 864/1770
f 856/1755 448/1754 863/1771 2870/1769
f 2870/1769 863/1771 593/1764 860/1761
f 864/1770 2870/1769 860/1761 660/1760
f 594/1772 865/1773 2871/1774 867/1775
f 865/1773 661/1776 866/1777 2871/1774
f 2871/1774 866/1777 584/1689 825/1686
f 867/1775 2871/1774 825/1686 452/1685
f 661/1776 868/1778 2872/1779 866/1777
f 868/1778 595/1780 869/1781 2872/1779
f 2872/1779 869/1781 455/1708 835/1706
f 866/1777 2872/1779 835/1706 584/1689
f 493/1782 870/1783 2873/1784 873/1785
f 870/1783 599/1786 871/1787 2873/1784
f 2873/1784 871/1787 662/1788 872/1789
f 873/1785 2873/1784 872/1789 596/1790
f 596/1790 872/1789 2874/1791 876/1792
f 872/1789 662/1788 874/1793 2874/1791
f 2874/1791 874/1793 597/1794 875/1795
f 876/1792 2874/1791 875/1795 494/1796
f 662/1788 877/1797 2875/1798 874/1793
f 877/1797 598/1799 878/1800 2875/1798
f 2875/1798 878/1800 495/1801 879/1802
f 874/1793 2875/1798 879/1802 597/1794
f 599/1786 880/1803 2876/1804 871/1787
f 880/1803 496/1805 881/1806 2876/1804
f 2876/1804 881/1806 598/1799 877/1797
f 871/1787 2876/1804 877/1797 662/1788
f 428/1807 882/1808 2877/1809 885/1810
f 882/1808 603/1811 883/1812 2877/1809
f 2877/1809 883/1812 663/1813 884/1814
f 885/1810 2877/1809 884/1814 600/1815
f 600/1815 884/1814 2878/1816 888/1817
f 884/1814 663/1813 886/1818 2878/1816
f 2878/1816 886/1818 601/1819 887/1820
f 888/1817 2878/1816 887/1820 429/1821
f 663/1813 889/1822 2879/1823 886/1818
f 889/1822 602/1824 890/1825 2879/1823
f 2879/1823 890/1825 434/1826 891/1827
f 886/1818 2879/1823 891/1827 601/1819
f 603/1811 892/1828 2880/1829 883/1812
f 892/1828 433/1830 893/1831 2880/1829
f 2880/1829 893/1831 602/1824 889/1822
f 883/1812 2880/1829 889/1822 663/1813
f 429/1821 887/1820 2881/1832 896/1833
f 887/1820 601/1819 894/1834 2881/1832
f 2881/1832 894/1834 664/1835 895/1836
f 896/1833 2881/1832 895/1836 604/1837
f 604/1837 895/1836 2882/1838 899/1839
f 895/1836 664/1835 897/1840 2882/1838
f 2882/1838 897/1840 605/1841 898/1842
f 899/1839 2882/1838 898/1842 430/1843
f 664/1835 900/1844 2883/1845 897/1840
f 900/1844 606/1846 901/1847 2883/1845
f 2883/1845 901/1847 435/1848 902/1849
f 897/1840 2883/1845 902/1849 605/1841
f 601/1819 891/1827 2884/1850 894/1834
f 891/1827 434/1826 903/1851 2884/1850
f 2884/1850 903/1851 606/1846 900/1844
f 894/1834 2884/1850 900/1844 664/1835
f 430/1843 898/1842 2885/1852 906/1853
f 898/1842 605/1841 904/1854 2885/1852
f 2885/1852 904/1854 665/1855 905/1856
f 906/1853 2885/1852 905/1856 607/1857
f 607/1857 905/1856 2886/1858 909/1859
f 905/1856 665/1855 907/1860 2886/1858
f 2886/1858 907/1860 608/1861 908/1862
f 909/1859 2886/1858 908/1862 431/1863
f 665/1855 910/1864 2887/1865 907/1860
f 910/1864 609/1866 911/1867 2887/1865
f 2887/1865 911/1867 436/1868 912/1869
f 907/1860 2887/1865 912/1869 608/1861
f 605/1841 902/1849 2888/1870 904/1854
f 902/1849 435/1848 913/1871 2888/1870
f 2888/1870 913/1871 609/1866 910/1864
f 904/1854 2888/1870 910/1864 665/1855
f 431/1863 908/1862 2889/1872 916/1873
f 908/1862 608/1861 914/1874 2889/1872
f 2889/1872 914/1874 666/1875 915/1876
f 916/1873 2889/1872 915/1876 610/1877
f 610/1877 915/1876 2890/1878 918/1879
f 915/1876 666/1875 917/1880 2890/1878
f 2890/1878 917/1880 395/1881 1741/1882
f 918/1879 2890/1878 1741/1882 370/1883
f 666/1875 919/1884 2891/1885 917/1880
f 919/1884 611/1886 920/1887 2891/1885
f 2891/1885 920/1887 372/1888 1743/1889
f 917/1880 2891/1885 1743/1889 395/1881
f 608/1861 912/1869 2892/1890 914/1874
f 912/1869 436/1868 921/1891 2892/1890
f 2892/1890 921/1891 611/1886 919/1884
f 914/1874 2892/1890 919/1884 666/1875
f 612/1892 922/1893 2893/1894 925/1895
f 922/1893 667/1896 923/1897 2893/1894
f 2893/1894 923/1897 613/1898 924/1899
f 925/1895 2893/1894 924/1899 427/1900
f 667/1896 926/1901 2894/1902 923/1897
f 926/1901 614/1903 927/1904 2894/1902
f 2894/1902 927/1904 432/1905 928/1906
f 923/1897 2894/1902 928/1906 613/1898
f 432/1905 929/1907 2895/1908 932/1909
f 929/1907 618/1910 930/1911 2895/1908
f 2895/1908 930/1911 668/1912 931/1913
f 932/1909 2895/1908 931/1913 615/1914
f 615/1914 931/1913 2896/1915 935/1916
f 931/1913 668/1912 933/1917 2896/1915
f 2896/1915 933/1917 616/1918 934/1919
f 935/1916 2896/1915 934/1919 433/1830
f 668/1912 936/1920 2897/1921 933/1917
f 936/1920 617/1922 937/1923 2897/1921
f 2897/1921 937/1923 438/1924 938/1925
f 933/1917 2897/1921 938/1925 616/1918
f 618/1910 939/1926 2898/1927 930/1911
f 939/1926 437/1928 940/1929 2898/1927
f 2898/1927 940/1929 617/1922 936/1920
f 930/1911 2898/1927 936/1920 668/1912
f 433/1830 934/1919 2899/1930 893/1831
f 934/1919 616/1918 941/1931 2899/1930
f 2899/1930 941/1931 669/1932 942/1933
f 893/1831 2899/1930 942/1933 602/1824
f 602/1824 942/1933 2900/1934 890/1825
f 942/1933 669/1932 943/1935 2900/1934
f 2900/1934 943/1935 619/1936 944/1937
f 890/1825 2900/1934 944/1937 434/1826
f 669/1932 945/1938 2901/1939 943/1935
f 945/1938 620/1940 946/1941 2901/1939
f 2901/1939 946/1941 439/1942 947/1943
f 943/1935 2901/1939 947/1943 619/1936
f 616/1918 938/1925 2902/1944 941/1931
f 938/1925 438/1924 948/1945 2902/1944
f 2902/1944 948/1945 620/1940 945/1938
f 941/1931 2902/1944 945/1938 669/1932
f 434/1826 944/1937 2903/1946 903/1851
f 944/1937 619/1936 949/1947 2903/1946
f 2903/1946 949/1947 670/1948 950/1949
f 903/1851 2903/1946 950/1949 606/1846
f 606/1846 950/1949 2904/1950 901/1847
f 950/1949 670/1948 951/1951 2904/1950
f 2904/1950 951/1951 621/1952 952/1953
f 901/1847 2904/1950 952/1953 435/1848
f 670/1948 953/1954 2905/1955 951/1951
f 953/1954 622/1956 954/1957 2905/1955
f 2905/1955 954/1957 440/1958 955/1959
f 951/1951 2905/1955 955/1959 621/1952
f 619/1936 947/1943 2906/1960 949/1947
f 947/1943 439/1942 956/1961 2906/1960
f 2906/1960 956/1961 622/1956 953/1954
f 949/1947 2906/1960 953/1954 670/1948
f 435/1848 952/1953 2907/1962 913/1871
f 952/1953 621/1952 957/1963 2907/1962
f 2907/1962 957/1963 671/1964 958/1965
f 913/1871 2907/1962 958/1965 609/1866
f 609/1866 958/1965 2908/1966 911/1867
f 958/1965 671/1964 959/1967 2908/1966
f 2908/1966 959/1967 623/1968 960/1969
f 911/1867 2908/1966 960/1969 436/1868
f 671/1964 961/1970 2909/1971 959/1967
f 961/1970 624/1972 962/1973 2909/1971
f 2909/1971 962/1973 441/1974 963/1975
f 959/1967 2909/1971 963/1975 623/1968
f 621/1952 955/1959 2910/1976 957/1963
f 955/1959 440/1958 964/1977 2910/1976
f 2910/1976 964/1977 624/1972 961/1970
f 957/1963 2910/1976 961/1970 671/1964
f 436/1868 960/1969 2911/1978 921/1891
f 960/1969 623/1968 965/1979 2911/1978
f 2911/1978 965/1979 672/1980 966/1981
f 921/1891 2911/1978 966/1981 611/1886
f 611/1886 966/1981 2912/1982 920/1887
f 966/1981 672/1980 967/1983 2912/1982
f 2912/1982 967/1983 397/1984 1792/1985
f 920/1887 2912/1982 1792/1985 372/1888
f 672/1980 968/1986 2913/1987 967/1983
f 968/1986 625/1988 969/1989 2913/1987
f 2913/1987 969/1989 374/1990 1794/1991
f 967/1983 2913/1987 1794/1991 397/1984
f 623/1968 963/1975 2914/1992 965/1979
f 963/1975 441/1974 970/1993 2914/1992
f 2914/1992 970/1993 625/1988 968/1986
f 965/1979 2914/1992 968/1986 672/1980
f 614/1903 971/1994 2915/1995 927/1904
f 971/1994 673/1996 972/1997 2915/1995
f 2915/1995 972/1997 618/1910 929/1907
f 927/1904 2915/1995 929/1907 432/1905
f 673/1996 973/1998 2916/1999 972/1997
f 973/1998 626/2000 974/2001 2916/1999
f 2916/1999 974/2001 437/1928 939/1926
f 972/1997 2916/1999 939/1926 618/1910
f 437/1928 975/2002 2917/2003 940/1929
f 975/2002 629/2004 976/2005 2917/2003
f 2917/2003 976/2005 674/2006 977/2007
f 940/1929 2917/2003 977/2007 617/1922
f 617/1922 977/2007 2918/2008 937/1923
f 977/2007 674/2006 978/2009 2918/2008
f 2918/2008 978/2009 627/2010 979/2011
f 937/1923 2918/2008 979/2011 438/1924
f 674/2006 980/2012 2919/2013 978/2009
f 980/2012 628/2014 981/2015 2919/2013
f 2919/2013 981/2015 443/2016 982/2017
f 978/2009 2919/2013 982/2017 627/2010
f 629/2004 983/2018 2920/2019 976/2005
f 983/2018 442/2020 984/2021 2920/2019
f 2920/2019 984/2021 628/2014 980/2012
f 976/2005 2920/2019 980/2012 674/2006
f 438/1924 979/2011 2921/2022 948/1945
f 979/2011 627/2010 985/2023 2921/2022
f 2921/2022 985/2023 675/2024 986/2025
f 948/1945 2921/2022 986/2025 620/1940
f 620/1940 986/2025 2922/2026 946/1941
f 986/2025 675/2024 987/2027 2922/2026
f 2922/2026 987/2027 630/2028 988/2029
f 946/1941 2922/2026 988/2029 439/1942
f 675/2024 989/2030 2923/2031 987/2027
f 989/2030 631/2032 990/2033 2923/2031
f 2923/2031 990/2033 444/2034 991/2035
f 987/2027 2923/2031 991/2035 630/2028
f 627/2010 982/2017 2924/2036 985/2023
f 982/2017 443/2016 992/2037 2924/2036
f 2924/2036 992/2037 631/2032 989/2030
f 985/2023 2924/2036 989/2030 675/2024
f 439/1942 988/2029 2925/2038 956/1961
f 988/2029 630/2028 993/2039 2925/2038
f 2925/2038 993/2039 676/2040 994/2041
f 956/1961 2925/2038 994/2041 622/1956
f 622/1956 994/2041 2926/2042 954/1957
f 994/2041 676/2040 995/2043 2926/2042
f 2926/2042 995/2043 632/2044 996/2045
f 954/1957 2926/2042 996/2045 440/1958
f 676/2040 997/2046 2927/2047 995/2043
f 997/2046 633/2048 998/2049 2927/2047
f 2927/2047 998/2049 445/2050 999/2051
f 995/2043 2927/2047 999/2051 632/2044
f 630/2028 991/2035 2928/2052 993/2039
f 991/2035 444/2034 1000/2053 2928/2052
f 2928/2052 1000/2053 633/2048 997/2046
f 993/2039 2928/2052 997/2046 676/2040
f 440/1958 996/2045 2929/2054 964/1977
f 996/2045 632/2044 1001/2055 2929/2054
f 2929/2054 1001/2055 677/2056 1002/2057
f 964/1977 2929/2054 1002/2057 624/1972
f 624/1972 1002/2057 2930/2058 962/1973
f 1002/2057 677/2056 1003/2059 2930/2058
f 2930/2058 1003/2059 634/2060 1004/2061
f 962/1973 2930/2058 1004/2061 441/1974
f 677/2056 1005/2062 2931/2063 1003/2059
f 1005/2062 635/2064 1006/2065 2931/2063
f 2931/2063 1006/2065 446/2066 1007/2067
f 1003/2059 2931/2063 1007/2067 634/2060
f 632/2044 999/2051 2932/2068 1001/2055
f 999/2051 445/2050 1008/2069 2932/2068
f 2932/2068 1008/2069 635/2064 1005/2062
f 1001/2055 2932/2068 1005/2062 677/2056
f 441/1974 1004/2061 2933/2070 970/1993
f 1004/2061 634/2060 1009/2071 2933/2070
f 2933/2070 1009/2071 678/2072 1010/2073
f 970/1993 2933/2070 1010/2073 625/1988
f 625/1988 1010/2073 2934/2074 969/1989
f 1010/2073 678/2072 1011/2075 2934/2074
f 2934/2074 1011/2075 399/2076 1838/2077
f 969/1989 2934/2074 1838/2077 374/1990
f 678/2072 1012/2078 2935/2079 1011/2075
f 1012/2078 636/2080 1013/2081 2935/2079
f 2935/2079 1013/2081 376/2082 1840/2083
f 1011/2075 2935/2079 1840/2083 399/2076
f 634/2060 1007/2067 2936/2084 1009/2071
f 1007/2067 446/2066 1014/2085 2936/2084
f 2936/2084 1014/2085 636/2080 1012/2078
f 1009/2071 2936/2084 1012/2078 678/2072
f 626/2000 1015/2086 2937/2087 974/2001
f 1015/2086 679/2088 1016/2089 2937/2087
f 2937/2087 1016/2089 629/2004 975/2002
f 974/2001 2937/2087 975/2002 437/1928
f 679/2088 1017/2090 2938/2091 1016/2089
f 1017/2090 637/2092 1018/2093 2938/2091
f 2938/2091 1018/2093 442/2020 983/2018
f 1016/2089 2938/2091 983/2018 629/2004
f 442/2020 1019/2094 2939/2095 984/2021
f 1019/2094 639/2096 1020/2097 2939/2095
f 2939/2095 1020/2097 680/2098 1021/2099
f 984/2021 2939/2095 1021/2099 628/2014
f 443/2016 981/2015 2940/2100 1023/2101
f 981/2015 628/2014 1021/2099 2940/2100
f 2940/2100 1021/2099 680/2098 1022/2102
f 1023/2101 2940/2100 1022/2102 638/2103
f 443/2016 1023/2101 2941/2104 992/2037
f 1023/2101 638/2103 1024/2105 2941/2104
f 2941/2104 1024/2105 681/2106 1025/2107
f 992/2037 2941/2104 1025/2107 631/2032
f 444/2034 990/2033 2942/2108 1027/2109
f 990/2033 631/2032 1025/2107 2942/2108
f 2942/2108 1025/2107 681/2106 1026/2110
f 1027/2109 2942/2108 1026/2110 640/2111
f 444/2034 1027/2109 2943/2112 1000/2053
f 1027/2109 640/2111 1028/2113 2943/2112
f 2943/2112 1028/2113 682/2114 1029/2115
f 1000/2053 2943/2112 1029/2115 633/2048
f 445/2050 998/2049 2944/2116 1031/2117
f 998/2049 633/2048 1029/2115 2944/2116
f 2944/2116 1029/2115 682/2114 1030/2118
f 1031/2117 2944/2116 1030/2118 641/2119
f 445/2050 1031/2117 2945/2120 1008/2069
f 1031/2117 641/2119 1032/2121 2945/2120
f 2945/2120 1032/2121 683/2122 1033/2123
f 1008/2069 2945/2120 1033/2123 635/2064
f 446/2066 1006/2065 2946/2124 1035/2125
f 1006/2065 635/2064 1033/2123 2946/2124
f 2946/2124 1033/2123 683/2122 1034/2126
f 1035/2125 2946/2124 1034/2126 642/2127
f 446/2066 1035/2125 2947/2128 1014/2085
f 1035/2125 642/2127 1036/2129 2947/2128
f 2947/2128 1036/2129 684/2130 1037/2131
f 1014/2085 2947/2128 1037/2131 636/2080
f 442/2020 1018/2093 2948/2132 1019/2094
f 1018/2093 637/2092 1038/2133 2948/2132
f 2948/2132 1038/2133 685/2134 1039/2135
f 1019/2094 2948/2132 1039/2135 639/2096
f 643/2136 1040/2137 2949/2138 1043/2139
f 1040/2137 686/2140 1041/2141 2949/2138
f 2949/2138 1041/2141 644/2142 1042/2143
f 1043/2139 2949/2138 1042/2143 463/2144
f 686/2140 1044/2145 2950/2146 1041/2141
f 1044/2145 645/2147 1045/2148 2950/2146
f 2950/2146 1045/2148 464/2149 1046/2150
f 1041/2141 2950/2146 1046/2150 644/2142
f 448/1754 1047/2151 2951/2152 863/1771
f 1047/2151 647/2153 1048/2154 2951/2152
f 2951/2152 1048/2154 687/2155 1049/2156
f 863/1771 2951/2152 1049/2156 593/1764
f 593/1764 1049/2156 2952/2157 861/1765
f 1049/2156 687/2155 1050/2158 2952/2157
f 2952/2157 1050/2158 404/2159 1879/2160
f 861/1765 2952/2157 1879/2160 379/1766
f 687/2155 1051/2161 2953/2162 1050/2158
f 1051/2161 646/2163 1052/2164 2953/2162
f 2953/2162 1052/2164 383/2165 1881/2166
f 1050/2158 2953/2162 1881/2166 404/2159
f 647/2153 1053/2167 2954/2168 1048/2154
f 1053/2167 459/2169 1054/2170 2954/2168
f 2954/2168 1054/2170 646/2163 1051/2161
f 1048/2154 2954/2168 1051/2161 687/2155
f 449/1739 1055/2171 2955/2172 858/1759
f 1055/2171 649/2173 1056/2174 2955/2172
f 2955/2172 1056/2174 688/2175 1057/2176
f 858/1759 2955/2172 1057/2176 592/1752
f 592/1752 1057/2176 2956/2177 855/1753
f 1057/2176 688/2175 1058/2178 2956/2177
f 2956/2177 1058/2178 647/2153 1047/2151
f 855/1753 2956/2177 1047/2151 448/1754
f 688/2175 1059/2179 2957/2180 1058/2178
f 1059/2179 648/2181 1060/2182 2957/2180
f 2957/2180 1060/2182 459/2169 1053/2167
f 1058/2178 2957/2180 1053/2167 647/2153
f 649/2173 1061/2183 2958/2184 1056/2174
f 1061/2183 460/2185 1062/2186 2958/2184
f 2958/2184 1062/2186 648/2181 1059/2179
f 1056/2174 2958/2184 1059/2179 688/2175
f 450/1746 1063/2187 2959/2188 852/1747
f 1063/2187 651/2189 1064/2190 2959/2188
f 2959/2188 1064/2190 689/2191 1065/2192
f 852/1747 2959/2188 1065/2192 589/1737
f 589/1737 1065/2192 2960/2193 848/1738
f 1065/2192 689/2191 1066/2194 2960/2193
f 2960/2193 1066/2194 649/2173 1055/2171
f 848/1738 2960/2193 1055/2171 449/1739
f 689/2191 1067/2195 2961/2196 1066/2194
f 1067/2195 650/2197 1068/2198 2961/2196
f 2961/2196 1068/2198 460/2185 1061/2183
f 1066/2194 2961/2196 1061/2183 649/2173
f 651/2189 1069/2199 2962/2200 1064/2190
f 1069/2199 461/2201 1070/2202 2962/2200
f 2962/2200 1070/2202 650/2197 1067/2195
f 1064/2190 2962/2200 1067/2195 689/2191
f 466/2203 1071/2204 2963/2205 1074/2206
f 1071/2204 655/2207 1072/2208 2963/2205
f 2963/2205 1072/2208 690/2209 1073/2210
f 1074/2206 2963/2205 1073/2210 652/2211
f 652/2211 1073/2210 2964/2212 1077/2213
f 1073/2210 690/2209 1075/2214 2964/2212
f 2964/2212 1075/2214 653/2215 1076/2216
f 1077/2213 2964/2212 1076/2216 465/2217
f 690/2209 1078/2218 2965/2219 1075/2214
f 1078/2218 654/2220 1079/2221 2965/2219
f 2965/2219 1079/2221 467/2222 1080/2223
f 1075/2214 2965/2219 1080/2223 653/2215
f 655/2207 1081/2224 2966/2225 1072/2208
f 1081/2224 468/2226 1082/2227 2966/2225
f 2966/2225 1082/2227 654/2220 1078/2218
f 1072/2208 2966/2225 1078/2218 690/2209
f 463/2144 1042/2143 2967/2228 1085/2229
f 1042/2143 644/2142 1083/2230 2967/2228
f 2967/2228 1083/2230 691/2231 1084/2232
f 1085/2229 2967/2228 1084/2232 497/2233
f 497/2233 1084/2232 2968/2234 1087/2235
f 1084/2232 691/2231 1086/2236 2968/2234
f 2968/2234 1086/2236 655/2207 1071/2204
f 1087/2235 2968/2234 1071/2204 466/2203
f 691/2231 1088/2237 2969/2238 1086/2236
f 1088/2237 498/2239 1089/2240 2969/2238
f 2969/2238 1089/2240 468/2226 1081/2224
f 1086/2236 2969/2238 1081/2224 655/2207
f 644/2142 1046/2150 2970/2241 1083/2230
f 1046/2150 464/2149 1090/2242 2970/2241
f 2970/2241 1090/2242 498/2239 1088/2237
f 1083/2230 2970/2241 1088/2237 691/2231
f 692/2243 1091/2244 2971/2245 1093/2246
f 1091/2244 581/1693 831/1695 2971/2245
f 2971/2245 831/1695 453/1699 1092/2247
f 1093/2246 2971/2245 1092/2247 499/2248
f 500/2249 1094/2250 2972/2251 1095/2252
f 1094/2250 452/1685 828/1688 2972/2251
f 2972/2251 828/1688 581/1693 1091/2244
f 1095/2252 2972/2251 1091/2244 692/2243
f 473/2253 1096/2254 2973/2255 1099/2256
f 1096/2254 504/2257 1097/2258 2973/2255
f 2973/2255 1097/2258 693/2259 1098/2260
f 1099/2256 2973/2255 1098/2260 501/2261
f 501/2261 1098/2260 2974/2262 1102/2263
f 1098/2260 693/2259 1100/2264 2974/2262
f 2974/2262 1100/2264 502/2265 1101/2266
f 1102/2263 2974/2262 1101/2266 474/2267
f 693/2259 1103/2268 2975/2269 1100/2264
f 1103/2268 503/2270 1104/2271 2975/2269
f 2975/2269 1104/2271 475/2272 1105/2273
f 1100/2264 2975/2269 1105/2273 502/2265
f 504/2257 1106/2274 2976/2275 1097/2258
f 1106/2274 476/2276 1107/2277 2976/2275
f 2976/2275 1107/2277 503/2270 1103/2268
f 1097/2258 2976/2275 1103/2268 693/2259
f 694/2278 1108/2279 2977/2280 1110/2281
f 1108/2279 585/1718 842/1720 2977/2280
f 2977/2280 842/1720 456/1724 1109/2282
f 1110/2281 2977/2280 1109/2282 505/2283
f 499/2284 1092/2285 2978/2286 1111/2287
f 1092/2285 453/1710 839/1713 2978/2286
f 2978/2286 839/1713 585/1718 1108/2279
f 1111/2287 2978/2286 1108/2279 694/2278
f 590/2288 1112/2289 2979/2290 851/2291
f 1112/2289 695/2292 1113/2293 2979/2290
f 2979/2290 1113/2293 506/2294 1114/2295
f 851/2291 2979/2290 1114/2295 450/2296
f 695/2292 1115/2297 2980/2298 1113/2293
f 1115/2297 586/1722 845/1730 2980/2298
f 2980/2298 845/1730 457/1729 1116/2299
f 1113/2293 2980/2298 1116/2299 506/2294
f 505/2283 1109/2282 2981/2300 1117/2301
f 1109/2282 456/1724 841/1723 2981/2300
f 2981/2300 841/1723 586/1722 1115/2297
f 1117/2301 2981/2300 1115/2297 695/2292
f 477/2302 1118/2303 2982/2304 1121/2305
f 1118/2303 510/2306 1119/2307 2982/2304
f 2982/2304 1119/2307 696/2308 1120/2309
f 1121/2305 2982/2304 1120/2309 507/2310
f 507/2310 1120/2309 2983/2311 1124/2312
f 1120/2309 696/2308 1122/2313 2983/2311
f 2983/2311 1122/2313 508/2314 1123/2315
f 1124/2312 2983/2311 1123/2315 478/2316
f 696/2308 1125/2317 2984/2318 1122/2313
f 1125/2317 509/2319 1126/2320 2984/2318
f 2984/2318 1126/2320 479/2321 1127/2322
f 1122/2313 2984/2318 1127/2322 508/2314
f 510/2306 1128/2323 2985/2324 1119/2307
f 1128/2323 480/2325 1129/2326 2985/2324
f 2985/2324 1129/2326 509/2319 1125/2317
f 1119/2307 2985/2324 1125/2317 696/2308
f 697/2327 1130/2328 2986/2329 1131/2330
f 1130/2328 594/1772 867/1775 2986/2329
f 2986/2329 867/1775 452/1685 1094/2250
f 1131/2330 2986/2329 1094/2250 500/2249
f 481/2331 1132/2332 2987/2333 1135/2334
f 1132/2332 514/2335 1133/2336 2987/2333
f 2987/2333 1133/2336 698/2337 1134/2338
f 1135/2334 2987/2333 1134/2338 511/2339
f 511/2339 1134/2338 2988/2340 1138/2341
f 1134/2338 698/2337 1136/2342 2988/2340
f 2988/2340 1136/2342 512/2343 1137/2344
f 1138/2341 2988/2340 1137/2344 482/2345
f 698/2337 1139/2346 2989/2347 1136/2342
f 1139/2346 513/2348 1140/2349 2989/2347
f 2989/2347 1140/2349 483/2350 1141/2351
f 1136/2342 2989/2347 1141/2351 512/2343
f 514/2335 1142/2352 2990/2353 1133/2336
f 1142/2352 484/2354 1143/2355 2990/2353
f 2990/2353 1143/2355 513/2348 1139/2346
f 1133/2336 2990/2353 1139/2346 698/2337
f 515/2356 1144/2357 2991/2358 1147/2359
f 1144/2357 699/2360 1145/2361 2991/2358
f 2991/2358 1145/2361 516/2362 1146/2363
f 1147/2359 2991/2358 1146/2363 469/2364
f 699/2360 1148/2365 2992/2366 1145/2361
f 1148/2365 517/2367 1149/2368 2992/2366
f 2992/2366 1149/2368 470/2369 1150/2370
f 1145/2361 2992/2366 1150/2370 516/2362
f 459/2169 1151/2371 2993/2372 1054/2170
f 1151/2371 518/2373 1152/2374 2993/2372
f 2993/2372 1152/2374 700/2375 1153/2376
f 1054/2170 2993/2372 1153/2376 646/2163
f 646/2163 1153/2376 2994/2377 1052/2164
f 1153/2376 700/2375 1154/2378 2994/2377
f 2994/2377 1154/2378 407/2379 1985/2380
f 1052/2164 2994/2377 1985/2380 383/2165
f 700/2375 1155/2381 2995/2382 1154/2378
f 1155/2381 610/1877 918/1879 2995/2382
f 2995/2382 918/1879 370/1883 1987/2383
f 1154/2378 2995/2382 1987/2383 407/2379
f 518/2373 1156/2384 2996/2385 1152/2374
f 1156/2384 431/1863 916/1873 2996/2385
f 2996/2385 916/1873 610/1877 1155/2381
f 1152/2374 2996/2385 1155/2381 700/2375
f 460/2185 1157/2386 2997/2387 1062/2186
f 1157/2386 519/2388 1158/2389 2997/2387
f 2997/2387 1158/2389 701/2390 1159/2391
f 1062/2186 2997/2387 1159/2391 648/2181
f 648/2181 1159/2391 2998/2392 1060/2182
f 1159/2391 701/2390 1160/2393 2998/2392
f 2998/2392 1160/2393 518/2373 1151/2371
f 1060/2182 2998/2392 1151/2371 459/2169
f 701/2390 1161/2394 2999/2395 1160/2393
f 1161/2394 607/1857 909/1859 2999/2395
f 2999/2395 909/1859 431/1863 1156/2384
f 1160/2393 2999/2395 1156/2384 518/2373
f 519/2388 1162/2396 3000/2397 1158/2389
f 1162/2396 430/1843 906/1853 3000/2397
f 3000/2397 906/1853 607/1857 1161/2394
f 1158/2389 3000/2397 1161/2394 701/2390
f 461/2201 1163/2398 3001/2399 1070/2202
f 1163/2398 520/2400 1164/2401 3001/2399
f 3001/2399 1164/2401 702/2402 1165/2403
f 1070/2202 3001/2399 1165/2403 650/2197
f 650/2197 1165/2403 3002/2404 1068/2198
f 1165/2403 702/2402 1166/2405 3002/2404
f 3002/2404 1166/2405 519/2388 1157/2386
f 1068/2198 3002/2404 1157/2386 460/2185
f 702/2402 1167/2406 3003/2407 1166/2405
f 1167/2406 604/1837 899/1839 3003/2407
f 3003/2407 899/1839 430/1843 1162/2396
f 1166/2405 3003/2407 1162/2396 519/2388
f 520/2400 1168/2408 3004/2409 1164/2401
f 1168/2408 429/1821 896/1833 3004/2409
f 3004/2409 896/1833 604/1837 1167/2406
f 1164/2401 3004/2409 1167/2406 702/2402
f 462/2410 1169/2411 3005/2412 1172/2413
f 1169/2411 522/2414 1170/2415 3005/2412
f 3005/2412 1170/2415 703/2416 1171/2417
f 1172/2413 3005/2412 1171/2417 521/2418
f 521/2418 1171/2417 3006/2419 1174/2420
f 1171/2417 703/2416 1173/2421 3006/2419
f 3006/2419 1173/2421 520/2400 1163/2398
f 1174/2420 3006/2419 1163/2398 461/2201
f 703/2416 1175/2422 3007/2423 1173/2421
f 1175/2422 600/1815 888/1817 3007/2423
f 3007/2423 888/1817 429/1821 1168/2408
f 1173/2421 3007/2423 1168/2408 520/2400
f 522/2414 1176/2424 3008/2425 1170/2415
f 1176/2424 428/1807 885/1810 3008/2425
f 3008/2425 885/1810 600/1815 1175/2422
f 1170/2415 3008/2425 1175/2422 703/2416
f 469/2364 1146/2363 3009/2426 1179/2427
f 1146/2363 516/2362 1177/2428 3009/2426
f 3009/2426 1177/2428 704/2429 1178/2430
f 1179/2427 3009/2426 1178/2430 523/2431
f 523/2431 1178/2430 3010/2432 1182/2433
f 1178/2430 704/2429 1180/2434 3010/2432
f 3010/2432 1180/2434 524/2435 1181/2436
f 1182/2433 3010/2432 1181/2436 471/2437
f 704/2429 1183/2438 3011/2439 1180/2434
f 1183/2438 525/2440 1184/2441 3011/2439
f 3011/2439 1184/2441 472/2442 1185/2443
f 1180/2434 3011/2439 1185/2443 524/2435
f 516/2362 1150/2370 3012/2444 1177/2428
f 1150/2370 470/2369 1186/2445 3012/2444
f 3012/2444 1186/2445 525/2440 1183/2438
f 1177/2428 3012/2444 1183/2438 704/2429
f 526/2446 1187/2447 3013/2448 1190/2449
f 1187/2447 705/2450 1188/2451 3013/2448
f 3013/2448 1188/2451 527/2452 1189/2453
f 1190/2449 3013/2448 1189/2453 447/2454
f 705/2450 1191/2455 3014/2456 1188/2451
f 1191/2455 643/2457 1043/2458 3014/2456
f 3014/2456 1043/2458 463/2459 1192/2460
f 1188/2451 3014/2456 1192/2460 527/2452
f 458/2461 1193/2462 3015/2463 1196/2464
f 1193/2462 529/2465 1194/2466 3015/2463
f 3015/2463 1194/2466 706/2467 1195/2468
f 1196/2464 3015/2463 1195/2468 528/2469
f 528/2469 1195/2468 3016/2470 1198/2471
f 1195/2468 706/2467 1197/2472 3016/2470
f 3016/2470 1197/2472 409/790 2031/789
f 1198/2471 3016/2470 2031/789 382/788
f 706/2467 1199/2473 3017/2474 1197/2472
f 1199/2473 645/2147 1200/2475 3017/2474
f 3017/2474 1200/2475 385/795 2033/794
f 1197/2472 3017/2474 2033/794 409/790
f 529/2465 1201/2476 3018/2477 1194/2466
f 1201/2476 464/2149 1045/2148 3018/2477
f 3018/2477 1045/2148 645/2147 1199/2473
f 1194/2466 3018/2477 1199/2473 706/2467
f 451/2478 1202/2479 3019/2480 1205/2481
f 1202/2479 532/2482 1203/2483 3019/2480
f 3019/2480 1203/2483 707/2484 1204/2485
f 1205/2481 3019/2480 1204/2485 530/2486
f 530/2486 1204/2485 3020/2487 1208/2488
f 1204/2485 707/2484 1206/2489 3020/2487
f 3020/2487 1206/2489 531/2490 1207/2491
f 1208/2488 3020/2487 1207/2491 450/2296
f 707/2484 1209/2492 3021/2493 1206/2489
f 1209/2492 652/2494 1077/2495 3021/2493
f 3021/2493 1077/2495 465/2496 1210/2497
f 1206/2489 3021/2493 1210/2497 531/2490
f 532/2482 1211/2498 3022/2499 1203/2483
f 1211/2498 466/2500 1074/2501 3022/2499
f 3022/2499 1074/2501 652/2494 1209/2492
f 1203/2483 3022/2499 1209/2492 707/2484
f 450/1746 1207/2502 3023/2503 1063/2187
f 1207/2502 531/2504 1212/2505 3023/2503
f 3023/2503 1212/2505 708/2506 1213/2507
f 1063/2187 3023/2503 1213/2507 651/2189
f 651/2189 1213/2507 3024/2508 1069/2199
f 1213/2507 708/2506 1214/2509 3024/2508
f 3024/2508 1214/2509 533/2510 1215/2511
f 1069/2199 3024/2508 1215/2511 461/2201
f 708/2506 1216/2512 3025/2513 1214/2509
f 1216/2512 653/2215 1080/2223 3025/2513
f 3025/2513 1080/2223 467/2222 1217/2514
f 1214/2509 3025/2513 1217/2514 533/2510
f 531/2504 1210/2515 3026/2516 1212/2505
f 1210/2515 465/2217 1076/2216 3026/2516
f 3026/2516 1076/2216 653/2215 1216/2512
f 1212/2505 3026/2516 1216/2512 708/2506
f 461/2201 1215/2511 3027/2517 1174/2420
f 1215/2511 533/2510 1218/2518 3027/2517
f 3027/2517 1218/2518 709/2519 1219/2520
f 1174/2420 3027/2517 1219/2520 521/2418
f 521/2418 1219/2520 3028/2521 1172/2413
f 1219/2520 709/2519 1220/2522 3028/2521
f 3028/2521 1220/2522 534/2523 1221/2524
f 1172/2413 3028/2521 1221/2524 462/2410
f 709/2519 1222/2525 3029/2526 1220/2522
f 1222/2525 654/2220 1082/2227 3029/2526
f 3029/2526 1082/2227 468/2226 1223/2527
f 1220/2522 3029/2526 1223/2527 534/2523
f 533/2510 1217/2514 3030/2528 1218/2518
f 1217/2514 467/2222 1079/2221 3030/2528
f 3030/2528 1079/2221 654/2220 1222/2525
f 1218/2518 3030/2528 1222/2525 709/2519
f 447/2454 1189/2453 3031/2529 1226/2530
f 1189/2453 527/2452 1224/2531 3031/2529
f 3031/2529 1224/2531 710/2532 1225/2533
f 1226/2530 3031/2529 1225/2533 535/2534
f 535/2534 1225/2533 3032/2535 1228/2536
f 1225/2533 710/2532 1227/2537 3032/2535
f 3032/2535 1227/2537 532/2482 1202/2479
f 1228/2536 3032/2535 1202/2479 451/2478
f 710/2532 1229/2538 3033/2539 1227/2537
f 1229/2538 497/2540 1087/2541 3033/2539
f 3033/2539 1087/2541 466/2500 1211/2498
f 1227/2537 3033/2539 1211/2498 532/2482
f 527/2452 1192/2460 3034/2542 1224/2531
f 1192/2460 463/2459 1085/2543 3034/2542
f 3034/2542 1085/2543 497/2540 1229/2538
f 1224/2531 3034/2542 1229/2538 710/2532
f 462/2410 1221/2524 3035/2544 1232/2545
f 1221/2524 534/2523 1230/2546 3035/2544
f 3035/2544 1230/2546 711/2547 1231/2548
f 1232/2545 3035/2544 1231/2548 536/2549
f 536/2549 1231/2548 3036/2550 1234/2551
f 1231/2548 711/2547 1233/2552 3036/2550
f 3036/2550 1233/2552 529/2465 1193/2462
f 1234/2551 3036/2550 1193/2462 458/2461
f 711/2547 1235/2553 3037/2554 1233/2552
f 1235/2553 498/2239 1090/2242 3037/2554
f 3037/2554 1090/2242 464/2149 1201/2476
f 1233/2552 3037/2554 1201/2476 529/2465
f 534/2523 1223/2527 3038/2555 1230/2546
f 1223/2527 468/2226 1089/2240 3038/2555
f 3038/2555 1089/2240 498/2239 1235/2553
f 1230/2546 3038/2555 1235/2553 711/2547
f 486/2556 1236/2557 3039/2558 1239/2559
f 1236/2557 540/2560 1237/2561 3039/2558
f 3039/2558 1237/2561 712/2562 1238/2563
f 1239/2559 3039/2558 1238/2563 537/2564
f 537/2564 1238/2563 3040/2565 1242/2566
f 1238/2563 712/2562 1240/2567 3040/2565
f 3040/2565 1240/2567 538/2568 1241/2569
f 1242/2566 3040/2565 1241/2569 485/2570
f 712/2562 1243/2571 3041/2572 1240/2567
f 1243/2571 539/2573 1244/2574 3041/2572
f 3041/2572 1244/2574 487/2575 1245/2576
f 1240/2567 3041/2572 1245/2576 538/2568
f 540/2560 1246/2577 3042/2578 1237/2561
f 1246/2577 488/2579 1247/2580 3042/2578
f 3042/2578 1247/2580 539/2573 1243/2571
f 1237/2561 3042/2578 1243/2571 712/2562
f 427/1900 1248/2581 3043/2582 925/1895
f 1248/2581 541/2583 1249/2584 3043/2582
f 3043/2582 1249/2584 713/2585 1250/2586
f 925/1895 3043/2582 1250/2586 612/1892
f 612/1892 1250/2586 3044/2587 1252/2588
f 1250/2586 713/2585 1251/2589 3044/2587
f 3044/2587 1251/2589 410/912 2087/911
f 1252/2588 3044/2587 2087/911 371/910
f 713/2585 1253/2590 3045/2591 1251/2589
f 1253/2590 517/2367 1254/2592 3045/2591
f 3045/2591 1254/2592 387/917 2089/916
f 1251/2589 3045/2591 2089/916 410/912
f 541/2583 1255/2593 3046/2594 1249/2584
f 1255/2593 470/2369 1149/2368 3046/2594
f 3046/2594 1149/2368 517/2367 1253/2590
f 1249/2584 3046/2594 1253/2590 713/2585
f 490/2595 1256/2596 3047/2597 1259/2598
f 1256/2596 545/2599 1257/2600 3047/2597
f 3047/2597 1257/2600 714/2601 1258/2602
f 1259/2598 3047/2597 1258/2602 542/2603
f 542/2603 1258/2602 3048/2604 1262/2605
f 1258/2602 714/2601 1260/2606 3048/2604
f 3048/2604 1260/2606 543/2607 1261/2608
f 1262/2605 3048/2604 1261/2608 489/2609
f 714/2601 1263/2610 3049/2611 1260/2606
f 1263/2610 544/2612 1264/2613 3049/2611
f 3049/2611 1264/2613 491/2614 1265/2615
f 1260/2606 3049/2611 1265/2615 543/2607
f 545/2599 1266/2616 3050/2617 1257/2600
f 1266/2616 492/2618 1267/2619 3050/2617
f 3050/2617 1267/2619 544/2612 1263/2610
f 1257/2600 3050/2617 1263/2610 714/2601
f 462/2410 1268/2620 3051/2621 1169/2411
f 1268/2620 547/2622 1269/2623 3051/2621
f 3051/2621 1269/2623 715/2624 1270/2625
f 1169/2411 3051/2621 1270/2625 522/2414
f 522/2414 1270/2625 3052/2626 1176/2424
f 1270/2625 715/2624 1271/2627 3052/2626
f 3052/2626 1271/2627 546/2628 1272/2629
f 1176/2424 3052/2626 1272/2629 428/1807
f 715/2624 1273/2630 3053/2631 1271/2627
f 1273/2630 524/2435 1185/2443 3053/2631
f 3053/2631 1185/2443 472/2442 1274/2632
f 1271/2627 3053/2631 1274/2632 546/2628
f 547/2622 1275/2633 3054/2634 1269/2623
f 1275/2633 471/2437 1181/2436 3054/2634
f 3054/2634 1181/2436 524/2435 1273/2630
f 1269/2623 3054/2634 1273/2630 715/2624
f 428/1807 1272/2629 3055/2635 1278/2636
f 1272/2629 546/2628 1276/2637 3055/2635
f 3055/2635 1276/2637 716/2638 1277/2639
f 1278/2636 3055/2635 1277/2639 548/2640
f 548/2640 1277/2639 3056/2641 1280/2642
f 1277/2639 716/2638 1279/2643 3056/2641
f 3056/2641 1279/2643 541/2583 1248/2581
f 1280/2642 3056/2641 1248/2581 427/1900
f 716/2638 1281/2644 3057/2645 1279/2643
f 1281/2644 525/2440 1186/2445 3057/2645
f 3057/2645 1186/2445 470/2369 1255/2593
f 1279/2643 3057/2645 1255/2593 541/2583
f 546/2628 1274/2632 3058/2646 1276/2637
f 1274/2632 472/2442 1184/2441 3058/2646
f 3058/2646 1184/2441 525/2440 1281/2644
f 1276/2637 3058/2646 1281/2644 716/2638
f 451/2478 1282/2647 3059/2648 1228/2536
f 1282/2647 550/2649 1283/2650 3059/2648
f 3059/2648 1283/2650 717/2651 1284/2652
f 1228/2536 3059/2648 1284/2652 535/2534
f 535/2534 1284/2652 3060/2653 1226/2530
f 1284/2652 717/2651 1285/2654 3060/2653
f 3060/2653 1285/2654 549/2655 1286/2656
f 1226/2530 3060/2653 1286/2656 447/2454
f 717/2651 1287/2657 3061/2658 1285/2654
f 1287/2657 501/2261 1102/2263 3061/2658
f 3061/2658 1102/2263 474/2267 1288/2659
f 1285/2654 3061/2658 1288/2659 549/2655
f 550/2649 1289/2660 3062/2661 1283/2650
f 1289/2660 473/2253 1099/2256 3062/2661
f 3062/2661 1099/2256 501/2261 1287/2657
f 1283/2650 3062/2661 1287/2657 717/2651
f 447/2454 1286/2656 3063/2662 1292/2663
f 1286/2656 549/2655 1290/2664 3063/2662
f 3063/2662 1290/2664 718/2665 1291/2666
f 1292/2663 3063/2662 1291/2666 551/2667
f 551/2667 1291/2666 3064/2668 1295/2669
f 1291/2666 718/2665 1293/2670 3064/2668
f 3064/2668 1293/2670 552/2671 1294/2672
f 1295/2669 3064/2668 1294/2672 455/1708
f 718/2665 1296/2673 3065/2674 1293/2670
f 1296/2673 502/2265 1105/2273 3065/2674
f 3065/2674 1105/2273 475/2272 1297/2675
f 1293/2670 3065/2674 1297/2675 552/2671
f 549/2655 1288/2659 3066/2676 1290/2664
f 1288/2659 474/2267 1101/2266 3066/2676
f 3066/2676 1101/2266 502/2265 1296/2673
f 1290/2664 3066/2676 1296/2673 718/2665
f 455/1708 1294/2672 3067/2677 836/1709
f 1294/2672 552/2671 1298/2678 3067/2677
f 3067/2677 1298/2678 719/2679 1299/2680
f 836/1709 3067/2677 1299/2680 583/1702
f 583/1702 1299/2680 3068/2681 833/1703
f 1299/2680 719/2679 1300/2682 3068/2681
f 3068/2681 1300/2682 553/2683 1301/2684
f 833/1703 3068/2681 1301/2684 454/1704
f 719/2679 1302/2685 3069/2686 1300/2682
f 1302/2685 503/2270 1107/2277 3069/2686
f 3069/2686 1107/2277 476/2276 1303/2687
f 1300/2682 3069/2686 1303/2687 553/2683
f 552/2671 1297/2675 3070/2688 1298/2678
f 1297/2675 475/2272 1104/2271 3070/2688
f 3070/2688 1104/2271 503/2270 1302/2685
f 1298/2678 3070/2688 1302/2685 719/2679
f 454/1704 1301/2684 3071/2689 1306/2690
f 1301/2684 553/2683 1304/2691 3071/2689
f 3071/2689 1304/2691 720/2692 1305/2693
f 1306/2690 3071/2689 1305/2693 554/2694
f 554/2694 1305/2693 3072/2695 1308/2696
f 1305/2693 720/2692 1307/2697 3072/2695
f 3072/2695 1307/2697 550/2649 1282/2647
f 1308/2696 3072/2695 1282/2647 451/2478
f 720/2692 1309/2698 3073/2699 1307/2697
f 1309/2698 504/2257 1096/2254 3073/2699
f 3073/2699 1096/2254 473/2253 1289/2660
f 1307/2697 3073/2699 1289/2660 550/2649
f 553/2683 1303/2687 3074/2700 1304/2691
f 1303/2687 476/2276 1106/2274 3074/2700
f 3074/2700 1106/2274 504/2257 1309/2698
f 1304/2691 3074/2700 1309/2698 720/2692
f 450/2296 1310/2701 3075/2702 1208/2488
f 1310/2701 556/2703 1311/2704 3075/2702
f 3075/2702 1311/2704 721/2705 1312/2706
f 1208/2488 3075/2702 1312/2706 530/2486
f 530/2486 1312/2706 3076/2707 1205/2481
f 1312/2706 721/2705 1313/2708 3076/2707
f 3076/2707 1313/2708 555/2709 1314/2710
f 1205/2481 3076/2707 1314/2710 451/2478
f 721/2705 1315/2711 3077/2712 1313/2708
f 1315/2711 507/2310 1124/2312 3077/2712
f 3077/2712 1124/2312 478/2316 1316/2713
f 1313/2708 3077/2712 1316/2713 555/2709
f 556/2703 1317/2714 3078/2715 1311/2704
f 1317/2714 477/2302 1121/2305 3078/2715
f 3078/2715 1121/2305 507/2310 1315/2711
f 1311/2704 3078/2715 1315/2711 721/2705
f 451/2478 1314/2710 3079/2716 1308/2696
f 1314/2710 555/2709 1318/2717 3079/2716
f 3079/2716 1318/2717 722/2718 1319/2719
f 1308/2696 3079/2716 1319/2719 554/2694
f 554/2694 1319/2719 3080/2720 1306/2690
f 1319/2719 722/2718 1320/2721 3080/2720
f 3080/2720 1320/2721 557/2722 1321/2723
f 1306/2690 3080/2720 1321/2723 454/1704
f 722/2718 1322/2724 3081/2725 1320/2721
f 1322/2724 508/2314 1127/2322 3081/2725
f 3081/2725 1127/2322 479/2321 1323/2726
f 1320/2721 3081/2725 1323/2726 557/2722
f 555/2709 1316/2713 3082/2727 1318/2717
f 1316/2713 478/2316 1123/2315 3082/2727
f 3082/2727 1123/2315 508/2314 1322/2724
f 1318/2717 3082/2727 1322/2724 722/2718
f 454/1704 1321/2723 3083/2728 846/1732
f 1321/2723 557/2722 1324/2729 3083/2728
f 3083/2728 1324/2729 723/2730 1325/2731
f 846/1732 3083/2728 1325/2731 587/1727
f 587/1727 1325/2731 3084/2732 844/1728
f 1325/2731 723/2730 1326/2733 3084/2732
f 3084/2732 1326/2733 558/2734 1327/2735
f 844/1728 3084/2732 1327/2735 457/1729
f 723/2730 1328/2736 3085/2737 1326/2733
f 1328/2736 509/2319 1129/2326 3085/2737
f 3085/2737 1129/2326 480/2325 1329/2738
f 1326/2733 3085/2737 1329/2738 558/2734
f 557/2722 1323/2726 3086/2739 1324/2729
f 1323/2726 479/2321 1126/2320 3086/2739
f 3086/2739 1126/2320 509/2319 1328/2736
f 1324/2729 3086/2739 1328/2736 723/2730
f 457/1729 1327/2735 3087/2740 1116/2299
f 1327/2735 558/2734 1330/2741 3087/2740
f 3087/2740 1330/2741 724/2742 1331/2743
f 1116/2299 3087/2740 1331/2743 506/2294
f 506/2294 1331/2743 3088/2744 1114/2295
f 1331/2743 724/2742 1332/2745 3088/2744
f 3088/2744 1332/2745 556/2703 1310/2701
f 1114/2295 3088/2744 1310/2701 450/2296
f 724/2742 1333/2746 3089/2747 1332/2745
f 1333/2746 510/2306 1118/2303 3089/2747
f 3089/2747 1118/2303 477/2302 1317/2714
f 1332/2745 3089/2747 1317/2714 556/2703
f 558/2734 1329/2738 3090/2748 1330/2741
f 1329/2738 480/2325 1128/2323 3090/2748
f 3090/2748 1128/2323 510/2306 1333/2746
f 1330/2741 3090/2748 1333/2746 724/2742
f 447/2454 1334/2749 3091/2750 1190/2449
f 1334/2749 560/2751 1335/2752 3091/2750
f 3091/2750 1335/2752 725/2753 1336/2754
f 1190/2449 3091/2750 1336/2754 526/2446
f 526/2446 1336/2754 3092/2755 1339/2756
f 1336/2754 725/2753 1337/2757 3092/2755
f 3092/2755 1337/2757 559/2758 1338/2759
f 1339/2756 3092/2755 1338/2759 378/1083
f 725/2753 1340/2760 3093/2761 1337/2757
f 1340/2760 511/2339 1138/2341 3093/2761
f 3093/2761 1138/2341 482/2345 1341/2762
f 1337/2757 3093/2761 1341/2762 559/2758
f 560/2751 1342/2763 3094/2764 1335/2752
f 1342/2763 481/2331 1135/2334 3094/2764
f 3094/2764 1135/2334 511/2339 1340/2760
f 1335/2752 3094/2764 1340/2760 725/2753
f 726/2765 1343/2766 3095/2767 1345/2768
f 1343/2766 512/2343 1141/2351 3095/2767
f 3095/2767 1141/2351 483/2350 1344/2769
f 1345/2768 3095/2767 1344/2769 561/2770
f 559/2758 1341/2762 3096/2771 1346/2772
f 1341/2762 482/2345 1137/2344 3096/2771
f 3096/2771 1137/2344 512/2343 1343/2766
f 1346/2772 3096/2771 1343/2766 726/2765
f 595/1780 1347/2773 3097/2774 869/1781
f 1347/2773 727/2775 1348/2776 3097/2774
f 3097/2774 1348/2776 562/2777 1349/2778
f 869/1781 3097/2774 1349/2778 455/1708
f 727/2775 1350/2779 3098/2780 1348/2776
f 1350/2779 513/2348 1143/2355 3098/2780
f 3098/2780 1143/2355 484/2354 1351/2781
f 1348/2776 3098/2780 1351/2781 562/2777
f 561/2770 1344/2769 3099/2782 1352/2783
f 1344/2769 483/2350 1140/2349 3099/2782
f 3099/2782 1140/2349 513/2348 1350/2779
f 1352/2783 3099/2782 1350/2779 727/2775
f 455/1708 1349/2778 3100/2784 1295/2669
f 1349/2778 562/2777 1353/2785 3100/2784
f 3100/2784 1353/2785 728/2786 1354/2787
f 1295/2669 3100/2784 1354/2787 551/2667
f 551/2667 1354/2787 3101/2788 1292/2663
f 1354/2787 728/2786 1355/2789 3101/2788
f 3101/2788 1355/2789 560/2751 1334/2749
f 1292/2663 3101/2788 1334/2749 447/2454
f 728/2786 1356/2790 3102/2791 1355/2789
f 1356/2790 514/2335 1132/2332 3102/2791
f 3102/2791 1132/2332 481/2331 1342/2763
f 1355/2789 3102/2791 1342/2763 560/2751
f 562/2777 1351/2781 3103/2792 1353/2785
f 1351/2781 484/2354 1142/2352 3103/2792
f 3103/2792 1142/2352 514/2335 1356/2790
f 1353/2785 3103/2792 1356/2790 728/2786
f 528/2469 1357/2793 3104/2794 1196/2464
f 1357/2793 729/2795 1358/2796 3104/2794
f 3104/2794 1358/2796 563/2797 1359/2798
f 1196/2464 3104/2794 1359/2798 458/2461
f 729/2795 1360/2799 3105/2800 1358/2796
f 1360/2799 537/2564 1242/2566 3105/2800
f 3105/2800 1242/2566 485/2570 1361/2801
f 1358/2796 3105/2800 1361/2801 563/2797
f 564/2802 1362/2803 3106/2804 1363/2805
f 1362/2803 486/2556 1239/2559 3106/2804
f 3106/2804 1239/2559 537/2564 1360/2799
f 1363/2805 3106/2804 1360/2799 729/2795
f 458/2461 1359/2798 3107/2806 1366/2807
f 1359/2798 563/2797 1364/2808 3107/2806
f 3107/2806 1364/2808 730/2809 1365/2810
f 1366/2807 3107/2806 1365/2810 565/2811
f 565/2811 1365/2810 3108/2812 1369/2813
f 1365/2810 730/2809 1367/2814 3108/2812
f 3108/2812 1367/2814 566/2815 1368/2816
f 1369/2813 3108/2812 1368/2816 469/2364
f 730/2809 1370/2817 3109/2818 1367/2814
f 1370/2817 538/2568 1245/2576 3109/2818
f 3109/2818 1245/2576 487/2575 1371/2819
f 1367/2814 3109/2818 1371/2819 566/2815
f 563/2797 1361/2801 3110/2820 1364/2808
f 1361/2801 485/2570 1241/2569 3110/2820
f 3110/2820 1241/2569 538/2568 1370/2817
f 1364/2808 3110/2820 1370/2817 730/2809
f 469/2364 1368/2816 3111/2821 1147/2359
f 1368/2816 566/2815 1372/2822 3111/2821
f 3111/2821 1372/2822 731/2823 1373/2824
f 1147/2359 3111/2821 1373/2824 515/2356
f 515/2356 1373/2824 3112/2825 1376/2826
f 1373/2824 731/2823 1374/2827 3112/2825
f 3112/2825 1374/2827 567/2828 1375/2829
f 1376/2826 3112/2825 1375/2829 386/1154
f 731/2823 1377/2830 3113/2831 1374/2827
f 1377/2830 539/2573 1247/2580 3113/2831
f 3113/2831 1247/2580 488/2579 1378/2832
f 1374/2827 3113/2831 1378/2832 567/2828
f 566/2815 1371/2819 3114/2833 1372/2822
f 1371/2819 487/2575 1244/2574 3114/2833
f 3114/2833 1244/2574 539/2573 1377/2830
f 1372/2822 3114/2833 1377/2830 731/2823
f 732/2834 1379/2835 3115/2836 1380/2837
f 1379/2835 540/2560 1236/2557 3115/2836
f 3115/2836 1236/2557 486/2556 1362/2803
f 1380/2837 3115/2836 1362/2803 564/2802
f 567/2828 1378/2832 3116/2838 1381/2839
f 1378/2832 488/2579 1246/2577 3116/2838
f 3116/2838 1246/2577 540/2560 1379/2835
f 1381/2839 3116/2838 1379/2835 732/2834
f 458/2461 1382/2840 3117/2841 1234/2551
f 1382/2840 569/2842 1383/2843 3117/2841
f 3117/2841 1383/2843 733/2844 1384/2845
f 1234/2551 3117/2841 1384/2845 536/2549
f 536/2549 1384/2845 3118/2846 1232/2545
f 1384/2845 733/2844 1385/2847 3118/2846
f 3118/2846 1385/2847 568/2848 1386/2849
f 1232/2545 3118/2846 1386/2849 462/2410
f 733/2844 1387/2850 3119/2851 1385/2847
f 1387/2850 542/2603 1262/2605 3119/2851
f 3119/2851 1262/2605 489/2609 1388/2852
f 1385/2847 3119/2851 1388/2852 568/2848
f 569/2842 1389/2853 3120/2854 1383/2843
f 1389/2853 490/2595 1259/2598 3120/2854
f 3120/2854 1259/2598 542/2603 1387/2850
f 1383/2843 3120/2854 1387/2850 733/2844
f 462/2410 1386/2849 3121/2855 1268/2620
f 1386/2849 568/2848 1390/2856 3121/2855
f 3121/2855 1390/2856 734/2857 1391/2858
f 1268/2620 3121/2855 1391/2858 547/2622
f 547/2622 1391/2858 3122/2859 1275/2633
f 1391/2858 734/2857 1392/2860 3122/2859
f 3122/2859 1392/2860 570/2861 1393/2862
f 1275/2633 3122/2859 1393/2862 471/2437
f 734/2857 1394/2863 3123/2864 1392/2860
f 1394/2863 543/2607 1265/2615 3123/2864
f 3123/2864 1265/2615 491/2614 1395/2865
f 1392/2860 3123/2864 1395/2865 570/2861
f 568/2848 1388/2852 3124/2866 1390/2856
f 1388/2852 489/2609 1261/2608 3124/2866
f 3124/2866 1261/2608 543/2607 1394/2863
f 1390/2856 3124/2866 1394/2863 734/2857
f 471/2437 1393/2862 3125/2867 1182/2433
f 1393/2862 570/2861 1396/2868 3125/2867
f 3125/2867 1396/2868 735/2869 1397/2870
f 1182/2433 3125/2867 1397/2870 523/2431
f 523/2431 1397/2870 3126/2871 1179/2427
f 1397/2870 735/2869 1398/2872 3126/2871
f 3126/2871 1398/2872 571/2873 1399/2874
f 1179/2427 3126/2871 1399/2874 469/2364
f 735/2869 1400/2875 3127/2876 1398/2872
f 1400/2875 544/2612 1267/2619 3127/2876
f 3127/2876 1267/2619 492/2618 1401/2877
f 1398/2872 3127/2876 1401/2877 571/2873
f 570/2861 1395/2865 3128/2878 1396/2868
f 1395/2865 491/2614 1264/2613 3128/2878
f 3128/2878 1264/2613 544/2612 1400/2875
f 1396/2868 3128/2878 1400/2875 735/2869
f 469/2364 1399/2874 3129/2879 1369/2813
f 1399/2874 571/2873 1402/2880 3129/2879
f 3129/2879 1402/2880 736/2881 1403/2882
f 1369/2813 3129/2879 1403/2882 565/2811
f 565/2811 1403/2882 3130/2883 1366/2807
f 1403/2882 736/2881 1404/2884 3130/2883
f 3130/2883 1404/2884 569/2842 1382/2840
f 1366/2807 3130/2883 1382/2840 458/2461
f 736/2881 1405/2885 3131/2886 1404/2884
f 1405/2885 545/2599 1256/2596 3131/2886
f 3131/2886 1256/2596 490/2595 1389/2853
f 1404/2884 3131/2886 1389/2853 569/2842
f 571/2873 1401/2877 3132/2887 1402/2880
f 1401/2877 492/2618 1266/2616 3132/2887
f 3132/2887 1266/2616 545/2599 1405/2885
f 1402/2880 3132/2887 1405/2885 736/2881
f 427/1900 1406/2888 3133/2889 1280/2642
f 1406/2888 573/2890 1407/2891 3133/2889
f 3133/2889 1407/2891 737/2892 1408/2893
f 1280/2642 3133/2889 1408/2893 548/2640
f 548/2640 1408/2893 3134/2894 1278/2636
f 1408/2893 737/2892 1409/2895 3134/2894
f 3134/2894 1409/2895 572/2896 1410/2897
f 1278/2636 3134/2894 1410/2897 428/1807
f 737/2892 1411/2898 3135/2899 1409/2895
f 1411/2898 596/1790 876/1792 3135/2899
f 3135/2899 876/1792 494/1796 1412/2900
f 1409/2895 3135/2899 1412/2900 572/2896
f 573/2890 1413/2901 3136/2902 1407/2891
f 1413/2901 493/1782 873/1785 3136/2902
f 3136/2902 873/1785 596/1790 1411/2898
f 1407/2891 3136/2902 1411/2898 737/2892
f 428/1807 1410/2897 3137/2903 882/1808
f 1410/2897 572/2896 1414/2904 3137/2903
f 3137/2903 1414/2904 738/2905 1415/2906
f 882/1808 3137/2903 1415/2906 603/1811
f 603/1811 1415/2906 3138/2907 892/1828
f 1415/2906 738/2905 1416/2908 3138/2907
f 3138/2907 1416/2908 574/2909 1417/2910
f 892/1828 3138/2907 1417/2910 433/1830
f 738/2905 1418/2911 3139/2912 1416/2908
f 1418/2911 597/1794 879/1802 3139/2912
f 3139/2912 879/1802 495/1801 1419/2913
f 1416/2908 3139/2912 1419/2913 574/2909
f 572/2896 1412/2900 3140/2914 1414/2904
f 1412/2900 494/1796 875/1795 3140/2914
f 3140/2914 875/1795 597/1794 1418/2911
f 1414/2904 3140/2914 1418/2911 738/2905
f 433/1830 1417/2910 3141/2915 935/1916
f 1417/2910 574/2909 1420/2916 3141/2915
f 3141/2915 1420/2916 739/2917 1421/2918
f 935/1916 3141/2915 1421/2918 615/1914
f 615/1914 1421/2918 3142/2919 932/1909
f 1421/2918 739/2917 1422/2920 3142/2919
f 3142/2919 1422/2920 575/2921 1423/2922
f 932/1909 3142/2919 1423/2922 432/1905
f 739/2917 1424/2923 3143/2924 1422/2920
f 1424/2923 598/1799 881/1806 3143/2924
f 3143/2924 881/1806 496/1805 1425/2925
f 1422/2920 3143/2924 1425/2925 575/2921
f 574/2909 1419/2913 3144/2926 1420/2916
f 1419/2913 495/1801 878/1800 3144/2926
f 3144/2926 878/1800 598/1799 1424/2923
f 1420/2916 3144/2926 1424/2923 739/2917
f 432/1905 1423/2922 3145/2927 928/1906
f 1423/2922 575/2921 1426/2928 3145/2927
f 3145/2927 1426/2928 740/2929 1427/2930
f 928/1906 3145/2927 1427/2930 613/1898
f 613/1898 1427/2930 3146/2931 924/1899
f 1427/2930 740/2929 1428/2932 3146/2931
f 3146/2931 1428/2932 573/2890 1406/2888
f 924/1899 3146/2931 1406/2888 427/1900
f 740/2929 1429/2933 3147/2934 1428/2932
f 1429/2933 599/1786 870/1783 3147/2934
f 3147/2934 870/1783 493/1782 1413/2901
f 1428/2932 3147/2934 1413/2901 573/2890
f 575/2921 1425/2925 3148/2935 1426/2928
f 1425/2925 496/1805 880/1803 3148/2935
f 3148/2935 880/1803 599/1786 1429/2933
f 1426/2928 3148/2935 1429/2933 740/2929
f 578/2936 1430/2937 3149/2938 1432/2939
f 1430/2937 741/2940 1431/2941 3149/2938
f 3149/2938 1431/2941 414/2942 2268/2943
f 1432/2939 3149/2938 2268/2943 388/2944
f 741/2940 1433/2945 3150/2946 1431/2941
f 1433/2945 576/2947 1434/2948 3150/2946
f 3150/2946 1434/2948 390/2949 2271/2950
f 1431/2941 3150/2946 2271/2950 414/2942
f 579/2951 1435/2952 3151/2953 1437/2954
f 1435/2952 742/2955 1436/2956 3151/2953
f 3151/2953 1436/2956 415/2957 2275/2958
f 1437/2954 3151/2953 2275/2958 391/2959
f 742/2955 1438/2960 3152/2961 1436/2956
f 1438/2960 578/2936 1432/2939 3152/2961
f 3152/2961 1432/2939 388/2944 2278/2962
f 1436/2956 3152/2961 2278/2962 415/2957
f 580/2963 1439/2964 3153/2965 1441/2966
f 1439/2964 743/2967 1440/2968 3153/2965
f 3153/2965 1440/2968 416/2969 2281/2970
f 1441/2966 3153/2965 2281/2970 392/2971
f 743/2967 1442/2972 3154/2973 1440/2968
f 1442/2972 579/2951 1437/2954 3154/2973
f 3154/2973 1437/2954 391/2959 2284/2974
f 1440/2968 3154/2973 2284/2974 416/2969
f 744/2975 1443/2976 3155/2977 1445/2978
f 1443/2976 417/2979 2288/2980 3155/2977
f 3155/2977 2288/2980 389/2981 1444/2982
f 1445/2978 3155/2977 1444/2982 577/2983
f 580/2963 1441/2966 3156/2984 1446/2985
f 1441/2966 392/2971 2291/2986 3156/2984
f 3156/2984 2291/2986 417/2979 1443/2976
f 1446/2985 3156/2984 1443/2976 744/2975
f 745/2987 1447/2988 3157/2989 1448/2990
f 1447/2988 660/1760 862/1763 3157/2989
f 3157/2989 862/1763 393/1768 2293/2991
f 1448/2990 3157/2989 2293/2991 418/2992
f 748/2993 1449/2994 3158/2995 1451/2996
f 1449/2994 588/1741 859/1758 3158/2995
f 3158/2995 859/1758 659/1748 1450/2997
f 1451/2996 3158/2995 1450/2997 747/2998
f 749/2999 1452/3000 3159/3001 1453/3002
f 1452/3000 658/1733 850/1736 3159/3001
f 3159/3001 850/1736 588/1741 1449/2994
f 1453/3002 3159/3001 1449/2994 748/2993
f 750/3003 1454/3004 3160/3005 1455/3006
f 1454/3004 590/1742 853/1745 3160/3005
f 3160/3005 853/1745 658/1733 1452/3000
f 1455/3006 3160/3005 1452/3000 749/2999
f 752/3007 1456/3008 3161/3009 1458/3010
f 1456/3008 694/2278 1110/2281 3161/3009
f 3161/3009 1110/2281 505/2283 1457/3011
f 1458/3010 3161/3009 1457/3011 751/3012
f 753/3013 1459/3014 3162/3015 1460/3016
f 1459/3014 499/2284 1111/2287 3162/3015
f 3162/3015 1111/2287 694/2278 1456/3008
f 1460/3016 3162/3015 1456/3008 752/3007
f 754/3017 1461/3018 3163/3019 1462/3020
f 1461/3018 692/2243 1093/2246 3163/3019
f 3163/3019 1093/2246 499/2248 1459/3021
f 1462/3020 3163/3019 1459/3021 753/3022
f 755/3023 1463/3024 3164/3025 1464/3026
f 1463/3024 500/2249 1095/2252 3164/3025
f 3164/3025 1095/2252 692/2243 1461/3018
f 1464/3026 3164/3025 1461/3018 754/3017
f 756/3027 1465/3028 3165/3029 1466/3030
f 1465/3028 697/2327 1131/2330 3165/3029
f 3165/3029 1131/2330 500/2249 1463/3024
f 1466/3030 3165/3029 1463/3024 755/3023
f 769/3031 1467/3032 3166/3033 1469/3034
f 1467/3032 750/3003 1455/3006 3166/3033
f 3166/3033 1455/3006 749/2999 1468/3035
f 1469/3034 3166/3033 1468/3035 772/3036
f 772/3036 1468/3035 3167/3037 1471/3038
f 1468/3035 749/2999 1453/3002 3167/3037
f 3167/3037 1453/3002 748/2993 1470/3039
f 1471/3038 3167/3037 1470/3039 775/3040
f 775/3040 1470/3039 3168/3041 1473/3042
f 1470/3039 748/2993 1451/2996 3168/3041
f 3168/3041 1451/2996 747/2998 1472/3043
f 1473/3042 3168/3041 1472/3043 778/3044
f 783/3045 1474/3046 3169/3047 1475/3048
f 1474/3046 745/2987 1448/2990 3169/3047
f 3169/3047 1448/2990 418/2992 2321/3049
f 1475/3048 3169/3047 2321/3049 420/3050
f 757/3051 1476/3052 3170/3053 1479/3054
f 1476/3052 819/3055 1477/3056 3170/3053
f 3170/3053 1477/3056 820/3057 1478/3058
f 1479/3054 3170/3053 1478/3058 760/3059
f 760/3059 1478/3058 3171/3060 1482/3061
f 1478/3058 820/3057 1480/3062 3171/3060
f 3171/3060 1480/3062 821/3063 1481/3064
f 1482/3061 3171/3060 1481/3064 763/3065
f 763/3065 1481/3064 3172/3066 1485/3067
f 1481/3064 821/3063 1483/3068 3172/3066
f 3172/3066 1483/3068 822/3069 1484/3070
f 1485/3067 3172/3066 1484/3070 766/3071
f 766/3071 1484/3070 3173/3072 1488/3073
f 1484/3070 822/3069 1486/3074 3173/3072
f 3173/3072 1486/3074 823/3075 1487/3076
f 1488/3073 3173/3072 1487/3076 769/3031
f 769/3031 1487/3076 3174/3077 1467/3032
f 1487/3076 823/3075 1489/3078 3174/3077
f 3174/3077 1489/3078 824/3079 1490/3080
f 1467/3032 3174/3077 1490/3080 750/3003
f 786/3081 1491/3082 3175/3083 1493/3084
f 1491/3082 818/3085 1492/3086 3175/3083
f 3175/3083 1492/3086 819/3055 1476/3052
f 1493/3084 3175/3083 1476/3052 757/3051
f 576/2947 1494/3087 3176/3088 1434/2948
f 1494/3087 807/3089 1495/3090 3176/3088
f 3176/3088 1495/3090 808/3091 1496/3092
f 1434/2948 3176/3088 1496/3092 390/2949
f 777/3093 1497/3094 3177/3095 1499/3096
f 1497/3094 780/3097 1498/3098 3177/3095
f 3177/3095 1498/3098 741/2940 1430/2937
f 1499/3096 3177/3095 1430/2937 578/2936
f 780/3097 1500/3099 3178/3100 1498/3098
f 1500/3099 782/3101 1501/3102 3178/3100
f 3178/3100 1501/3102 576/2947 1433/2945
f 1498/3098 3178/3100 1433/2945 741/2940
f 771/3103 1502/3104 3179/3105 1504/3106
f 1502/3104 774/3107 1503/3108 3179/3105
f 3179/3105 1503/3108 742/2955 1435/2952
f 1504/3106 3179/3105 1435/2952 579/2951
f 774/3107 1505/3109 3180/3110 1503/3108
f 1505/3109 777/3093 1499/3096 3180/3110
f 3180/3110 1499/3096 578/2936 1438/2960
f 1503/3108 3180/3110 1438/2960 742/2955
f 765/3111 1506/3112 3181/3113 1508/3114
f 1506/3112 768/3115 1507/3116 3181/3113
f 3181/3113 1507/3116 743/2967 1439/2964
f 1508/3114 3181/3113 1439/2964 580/2963
f 768/3115 1509/3117 3182/3118 1507/3116
f 1509/3117 771/3103 1504/3106 3182/3118
f 3182/3118 1504/3106 579/2951 1442/2972
f 1507/3116 3182/3118 1442/2972 743/2967
f 765/3111 1508/3114 3183/3119 1511/3120
f 1508/3114 580/2963 1446/2985 3183/3119
f 3183/3119 1446/2985 744/2975 1510/3121
f 1511/3120 3183/3119 1510/3121 762/3122
f 762/3122 1510/3121 3184/3123 1513/3124
f 1510/3121 744/2975 1445/2978 3184/3123
f 3184/3123 1445/2978 577/2983 1512/3125
f 1513/3124 3184/3123 1512/3125 759/3126
f 757/3051 1479/3054 3185/3127 1516/3128
f 1479/3054 760/3059 1514/3129 3185/3127
f 3185/3127 1514/3129 761/3130 1515/3131
f 1516/3128 3185/3127 1515/3131 758/3132
f 758/3132 1515/3131 3186/3133 1518/3134
f 1515/3131 761/3130 1517/3135 3186/3133
f 3186/3133 1517/3135 762/3122 1513/3124
f 1518/3134 3186/3133 1513/3124 759/3126
f 760/3059 1482/3061 3187/3136 1514/3129
f 1482/3061 763/3065 1519/3137 3187/3136
f 3187/3136 1519/3137 764/3138 1520/3139
f 1514/3129 3187/3136 1520/3139 761/3130
f 761/3130 1520/3139 3188/3140 1517/3135
f 1520/3139 764/3138 1521/3141 3188/3140
f 3188/3140 1521/3141 765/3111 1511/3120
f 1517/3135 3188/3140 1511/3120 762/3122
f 763/3065 1485/3067 3189/3142 1519/3137
f 1485/3067 766/3071 1522/3143 3189/3142
f 3189/3142 1522/3143 767/3144 1523/3145
f 1519/3137 3189/3142 1523/3145 764/3138
f 764/3138 1523/3145 3190/3146 1521/3141
f 1523/3145 767/3144 1524/3147 3190/3146
f 3190/3146 1524/3147 768/3115 1506/3112
f 1521/3141 3190/3146 1506/3112 765/3111
f 766/3071 1488/3073 3191/3148 1522/3143
f 1488/3073 769/3031 1525/3149 3191/3148
f 3191/3148 1525/3149 770/3150 1526/3151
f 1522/3143 3191/3148 1526/3151 767/3144
f 767/3144 1526/3151 3192/3152 1524/3147
f 1526/3151 770/3150 1527/3153 3192/3152
f 3192/3152 1527/3153 771/3103 1509/3117
f 1524/3147 3192/3152 1509/3117 768/3115
f 769/3031 1469/3034 3193/3154 1525/3149
f 1469/3034 772/3036 1528/3155 3193/3154
f 3193/3154 1528/3155 773/3156 1529/3157
f 1525/3149 3193/3154 1529/3157 770/3150
f 770/3150 1529/3157 3194/3158 1527/3153
f 1529/3157 773/3156 1530/3159 3194/3158
f 3194/3158 1530/3159 774/3107 1502/3104
f 1527/3153 3194/3158 1502/3104 771/3103
f 772/3036 1471/3038 3195/3160 1528/3155
f 1471/3038 775/3040 1531/3161 3195/3160
f 3195/3160 1531/3161 776/3162 1532/3163
f 1528/3155 3195/3160 1532/3163 773/3156
f 773/3156 1532/3163 3196/3164 1530/3159
f 1532/3163 776/3162 1533/3165 3196/3164
f 3196/3164 1533/3165 777/3093 1505/3109
f 1530/3159 3196/3164 1505/3109 774/3107
f 775/3040 1473/3042 3197/3166 1531/3161
f 1473/3042 778/3044 1534/3167 3197/3166
f 3197/3166 1534/3167 779/3168 1535/3169
f 1531/3161 3197/3166 1535/3169 776/3162
f 776/3162 1535/3169 3198/3170 1533/3165
f 1535/3169 779/3168 1536/3171 3198/3170
f 3198/3170 1536/3171 780/3097 1497/3094
f 1533/3165 3198/3170 1497/3094 777/3093
f 778/3044 1537/3172 3199/3173 1534/3167
f 1537/3172 746/3174 1538/3175 3199/3173
f 3199/3173 1538/3175 781/3176 1539/3177
f 1534/3167 3199/3173 1539/3177 779/3168
f 779/3168 1539/3177 3200/3178 1536/3171
f 1539/3177 781/3176 1540/3179 3200/3178
f 3200/3178 1540/3179 782/3101 1500/3099
f 1536/3171 3200/3178 1500/3099 780/3097
f 746/3174 1541/3180 3201/3181 1538/3175
f 1541/3180 783/3045 1542/3182 3201/3181
f 3201/3181 1542/3182 784/3183 1543/3184
f 1538/3175 3201/3181 1543/3184 781/3176
f 781/3176 1543/3184 3202/3185 1540/3179
f 1543/3184 784/3183 1544/3186 3202/3185
f 3202/3185 1544/3186 785/3187 1545/3188
f 1540/3179 3202/3185 1545/3188 782/3101
f 783/3045 1475/3048 3203/3189 1542/3182
f 1475/3048 420/3050 2393/3190 3203/3189
f 3203/3189 2393/3190 425/3191 1546/3192
f 1542/3182 3203/3189 1546/3192 784/3183
f 784/3183 1546/3192 3204/3193 1544/3186
f 1546/3192 425/3191 2395/3194 3204/3193
f 3204/3193 2395/3194 421/3195 1547/3196
f 1544/3186 3204/3193 1547/3196 785/3187
f 759/3126 1548/3197 3205/3198 1518/3134
f 1548/3197 788/3199 1549/3200 3205/3198
f 3205/3198 1549/3200 787/3201 1550/3202
f 1518/3134 3205/3198 1550/3202 758/3132
f 758/3132 1550/3202 3206/3203 1516/3128
f 1550/3202 787/3201 1551/3204 3206/3203
f 3206/3203 1551/3204 786/3081 1493/3084
f 1516/3128 3206/3203 1493/3084 757/3051
f 660/1760 1447/2988 3207/3205 864/1770
f 1447/2988 745/2987 1552/3206 3207/3205
f 3207/3205 1552/3206 789/3207 1553/3208
f 864/1770 3207/3205 1553/3208 591/1756
f 591/1756 1553/3208 3208/3209 857/1751
f 1553/3208 789/3207 1554/3210 3208/3209
f 3208/3209 1554/3210 747/2998 1450/2997
f 857/1751 3208/3209 1450/2997 659/1748
f 778/3044 1472/3043 3209/3211 1537/3172
f 1472/3043 747/2998 1554/3210 3209/3211
f 3209/3211 1554/3210 789/3207 1555/3212
f 1537/3172 3209/3211 1555/3212 746/3174
f 746/3174 1555/3212 3210/3213 1541/3180
f 1555/3212 789/3207 1552/3206 3210/3213
f 3210/3213 1552/3206 745/2987 1474/3046
f 1541/3180 3210/3213 1474/3046 783/3045
f 791/3214 1556/3215 3211/3216 1558/3217
f 1556/3215 752/3218 1458/3219 3211/3216
f 3211/3216 1458/3219 751/3220 1557/3221
f 1558/3217 3211/3216 1557/3221 790/3222
f 792/3223 1559/3224 3212/3225 1560/3226
f 1559/3224 753/3227 1460/3228 3212/3225
f 3212/3225 1460/3228 752/3218 1556/3215
f 1560/3226 3212/3225 1556/3215 791/3214
f 793/3229 1561/3230 3213/3231 1562/3232
f 1561/3230 754/3233 1462/3234 3213/3231
f 3213/3231 1462/3234 753/3227 1559/3224
f 1562/3232 3213/3231 1559/3224 792/3223
f 794/3235 1563/3236 3214/3237 1564/3238
f 1563/3236 755/3239 1464/3240 3214/3237
f 3214/3237 1464/3240 754/3233 1561/3230
f 1564/3238 3214/3237 1561/3230 793/3229
f 795/3241 1565/3242 3215/3243 1566/3244
f 1565/3242 756/3245 1466/3246 3215/3243
f 3215/3243 1466/3246 755/3239 1563/3236
f 1566/3244 3215/3243 1563/3236 794/3235
f 394/1573 1567/3247 3216/3248 2415/3249
f 1567/3247 661/1776 865/1773 3216/3248
f 3216/3248 865/1773 594/1772 1568/3250
f 2415/3249 3216/3248 1568/3250 380/3251
f 381/1579 1569/3252 3217/3253 2418/1580
f 1569/3252 595/1780 868/1778 3217/3253
f 3217/3253 868/1778 661/1776 1567/3247
f 2418/1580 3217/3253 1567/3247 394/1573
f 396/1583 1570/3254 3218/3255 2420/1584
f 1570/3254 667/1896 922/1893 3218/3255
f 3218/3255 922/1893 612/1892 1252/2588
f 2420/1584 3218/3255 1252/2588 371/910
f 373/1587 1571/3256 3219/3257 2422/1588
f 1571/3256 614/1903 926/1901 3219/3257
f 3219/3257 926/1901 667/1896 1570/3254
f 2422/1588 3219/3257 1570/3254 396/1583
f 398/1591 1572/3258 3220/3259 2424/1592
f 1572/3258 673/1996 971/1994 3220/3259
f 3220/3259 971/1994 614/1903 1571/3256
f 2424/1592 3220/3259 1571/3256 373/1587
f 375/1595 1573/3260 3221/3261 2426/1596
f 1573/3260 626/2000 973/1998 3221/3261
f 3221/3261 973/1998 673/1996 1572/3258
f 2426/1596 3221/3261 1572/3258 398/1591
f 400/1599 1574/3262 3222/3263 2428/1600
f 1574/3262 679/2088 1015/2086 3222/3263
f 3222/3263 1015/2086 626/2000 1573/3260
f 2428/1600 3222/3263 1573/3260 375/1595
f 377/1603 1575/3264 3223/3265 2430/1604
f 1575/3264 637/2092 1017/2090 3223/3265
f 3223/3265 1017/2090 679/2088 1574/3262
f 2430/1604 3223/3265 1574/3262 400/1599
f 376/2082 1013/2081 3224/3266 2432/3267
f 1013/2081 636/2080 1037/2131 3224/3266
f 3224/3266 1037/2131 684/2130 1576/3268
f 2432/3267 3224/3266 1576/3268 401/3269
f 402/3270 1577/3271 3225/3272 2434/3273
f 1577/3271 685/2134 1038/2133 3225/3272
f 3225/3272 1038/2133 637/2092 1575/3264
f 2434/3273 3225/3272 1575/3264 377/1603
f 403/1615 1578/3274 3226/3275 2436/1616
f 1578/3274 686/2140 1040/2137 3226/3275
f 3226/3275 1040/2137 643/2136 1579/3276
f 2436/1616 3226/3275 1579/3276 384/1619
f 385/795 1200/2475 3227/3277 2439/1621
f 1200/2475 645/2147 1044/2145 3227/3277
f 3227/3277 1044/2145 686/2140 1578/3274
f 2439/1621 3227/3277 1578/3274 403/1615
f 380/3251 1568/3250 3228/3278 2440/3279
f 1568/3250 594/1772 1130/2328 3228/3278
f 3228/3278 1130/2328 697/2327 1580/3280
f 2440/3279 3228/3278 1580/3280 405/3281
f 406/1627 1581/3282 3229/3283 2442/1628
f 1581/3282 699/2360 1144/2357 3229/3283
f 3229/3283 1144/2357 515/2356 1376/2826
f 2442/1628 3229/3283 1376/2826 386/1154
f 387/917 1254/2592 3230/3284 2444/1631
f 1254/2592 517/2367 1148/2365 3230/3284
f 3230/3284 1148/2365 699/2360 1581/3282
f 2444/1631 3230/3284 1581/3282 406/1627
f 408/1633 1582/3285 3231/3286 2445/1634
f 1582/3285 705/2450 1187/2447 3231/3286
f 3231/3286 1187/2447 526/2446 1339/2756
f 2445/1634 3231/3286 1339/2756 378/1083
f 384/1637 1579/3287 3232/3288 2447/1638
f 1579/3287 643/2457 1191/2455 3232/3288
f 3232/3288 1191/2455 705/2450 1582/3285
f 2447/1638 3232/3288 1582/3285 408/1633
f 378/1083 1338/2759 3233/3289 2448/1641
f 1338/2759 559/2758 1346/2772 3233/3289
f 3233/3289 1346/2772 726/2765 1583/3290
f 2448/1641 3233/3289 1583/3290 411/1643
f 411/1643 1583/3290 3234/3291 2450/1645
f 1583/3290 726/2765 1345/2768 3234/3291
f 3234/3291 1345/2768 561/2770 1584/3292
f 2450/1645 3234/3291 1584/3292 381/1579
f 381/1579 1584/3292 3235/3293 1569/3252
f 1584/3292 561/2770 1352/2783 3235/3293
f 3235/3293 1352/2783 727/2775 1347/2773
f 1569/3252 3235/3293 1347/2773 595/1780
f 382/788 1585/3294 3236/3295 1198/2471
f 1585/3294 564/2802 1363/2805 3236/3295
f 3236/3295 1363/2805 729/2795 1357/2793
f 1198/2471 3236/3295 1357/2793 528/2469
f 386/1154 1375/2829 3237/3296 2453/1651
f 1375/2829 567/2828 1381/2839 3237/3296
f 3237/3296 1381/2839 732/2834 1586/3297
f 2453/1651 3237/3296 1586/3297 412/1653
f 412/1653 1586/3297 3238/3298 2455/1655
f 1586/3297 732/2834 1380/2837 3238/3298
f 3238/3298 1380/2837 564/2802 1585/3294
f 2455/1655 3238/3298 1585/3294 382/788
f 413/1675 1587/3299 3239/3300 2465/1676
f 1587/3301 577/2983 1444/2982 3239/3302
f 3239/3300 1444/3303 389/1309 2287/1308
f 2465/1676 3239/3300 2287/1308 151/1307
f 405/3281 1580/3280 3240/3304 2456/3305
f 1580/3280 697/2327 1465/3028 3240/3304
f 3240/3304 1465/3028 756/3027 1588/3306
f 2456/3305 3240/3304 1588/3306 419/3307
f 423/3308 1589/3309 3241/3310 2458/3311
f 1589/3309 786/3081 1551/3204 3241/3310
f 3241/3310 1551/3204 787/3201 1590/3312
f 2458/3311 3241/3310 1590/3312 422/3313
f 422/3313 1590/3312 3242/3314 2461/3315
f 1590/3312 787/3201 1549/3200 3242/3314
f 3242/3314 1549/3200 788/3199 1591/3316
f 2461/3315 3242/3314 1591/3316 424/3317
f 817/3318 1592/3319 3243/3320 2464/3321
f 1592/3319 818/3085 1491/3082 3243/3320
f 3243/3320 1491/3082 786/3081 1589/3309
f 2464/3321 3243/3320 1589/3309 423/3308
f 413/3322 1593/3323 3244/3324 1587/3301
f 1593/3323 788/3199 1548/3197 3244/3324
f 3244/3324 1548/3197 759/3126 1512/3125
f 1587/3301 3244/3324 1512/3125 577/2983
f 424/1669 1591/3325 3245/3326 2462/1670
f 1591/3316 788/3199 1593/3323 3245/3327
f 3245/3326 1593/3328 413/1675 2466/1678
f 2462/1670 3245/3326 2466/1678 362/1528
f 419/3329 1588/3330 3246/3331 2467/3332
f 1588/3330 756/3245 1565/3242 3246/3331
f 3246/3331 1565/3242 795/3241 1594/3333
f 2467/3332 3246/3331 1594/3333 426/3334
f 684/2130 1595/3335 3247/3336 1576/3268
f 1595/3337 796/3338 1596/3339 3247/3340
f 3247/3340 1596/3339 258/446 2433/1610
f 1576/3341 3247/3340 2433/1610 401/1609
f 796/3338 1597/3342 3248/3343 1596/3339
f 1597/3342 797/3344 1598/3345 3248/3343
f 3248/3343 1598/3345 216/442 1866/447
f 1596/3339 3248/3343 1866/447 258/446
f 798/3346 1599/3347 3249/3348 1601/3349
f 1599/3347 799/3350 1600/3351 3249/3348
f 3249/3348 1600/3351 215/434 1862/439
f 1601/3349 3249/3348 1862/439 257/438
f 797/3344 1602/3352 3250/3353 1598/3345
f 1602/3352 798/3346 1601/3349 3250/3353
f 3250/3353 1601/3349 257/438 1864/443
f 1598/3345 3250/3353 1864/443 216/442
f 800/3354 1603/3355 3251/3356 1605/3357
f 1603/3355 801/3358 1604/3359 3251/3356
f 3251/3356 1604/3359 214/426 1858/431
f 1605/3357 3251/3356 1858/431 256/430
f 799/3350 1606/3360 3252/3361 1600/3351
f 1606/3360 800/3354 1605/3357 3252/3361
f 3252/3361 1605/3357 256/430 1860/435
f 1600/3351 3252/3361 1860/435 215/434
f 802/3362 1607/3363 3253/3364 1609/3365
f 1607/3363 803/3366 1608/3367 3253/3364
f 3253/3364 1608/3367 212/418 1854/423
f 1609/3365 3253/3364 1854/423 255/422
f 801/3358 1610/3368 3254/3369 1604/3359
f 1610/3368 802/3362 1609/3365 3254/3369
f 3254/3369 1609/3365 255/422 1856/427
f 1604/3359 3254/3369 1856/427 214/426
f 213/415 1849/414 3255/3370 1613/3371
f 1849/414 254/413 1611/3372 3255/3370
f 3255/3370 1611/3372 804/3373 1612/3374
f 1613/3371 3255/3370 1612/3374 805/3375
f 803/3366 1614/3376 3256/3377 1608/3367
f 1614/3376 804/3373 1611/3372 3256/3377
f 3256/3377 1611/3372 254/413 1852/419
f 1608/3367 3256/3377 1852/419 212/418
f 259/450 1615/3378 3257/3379 2435/1614
f 1615/3380 806/3381 1616/3382 3257/3383
f 3257/3383 1616/3382 685/2134 1577/3271
f 2435/3384 3257/3383 1577/3271 402/3270
f 213/415 1613/3371 3258/3385 1867/449
f 1613/3371 805/3375 1617/3386 3258/3385
f 3258/3385 1617/3386 806/3387 1615/3378
f 1867/449 3258/3385 1615/3378 259/450
f 642/2127 1618/3388 3259/3389 1036/2129
f 1618/3388 797/3390 1597/3391 3259/3389
f 3259/3389 1597/3391 796/3392 1595/3335
f 1036/2129 3259/3389 1595/3335 684/2130
f 683/2122 1619/3393 3260/3394 1034/2126
f 1619/3393 798/3395 1602/3396 3260/3394
f 3260/3394 1602/3396 797/3390 1618/3388
f 1034/2126 3260/3394 1618/3388 642/2127
f 641/2119 1620/3397 3261/3398 1032/2121
f 1620/3397 799/3399 1599/3400 3261/3398
f 3261/3398 1599/3400 798/3395 1619/3393
f 1032/2121 3261/3398 1619/3393 683/2122
f 682/2114 1621/3401 3262/3402 1030/2118
f 1621/3401 800/3403 1606/3404 3262/3402
f 3262/3402 1606/3404 799/3399 1620/3397
f 1030/2118 3262/3402 1620/3397 641/2119
f 640/2111 1622/3405 3263/3406 1028/2113
f 1622/3405 801/3407 1603/3408 3263/3406
f 3263/3406 1603/3408 800/3403 1621/3401
f 1028/2113 3263/3406 1621/3401 682/2114
f 681/2106 1623/3409 3264/3410 1026/2110
f 1623/3409 802/3411 1610/3412 3264/3410
f 3264/3410 1610/3412 801/3407 1622/3405
f 1026/2110 3264/3410 1622/3405 640/2111
f 638/2103 1624/3413 3265/3414 1024/2105
f 1624/3413 803/3415 1607/3416 3265/3414
f 3265/3414 1607/3416 802/3411 1623/3409
f 1024/2105 3265/3414 1623/3409 681/2106
f 680/2098 1625/3417 3266/3418 1022/2102
f 1625/3417 804/3419 1614/3420 3266/3418
f 3266/3418 1614/3420 803/3415 1624/3413
f 1022/2102 3266/3418 1624/3413 638/2103
f 805/3421 1612/3422 3267/3423 1626/3424
f 1612/3422 804/3419 1625/3417 3267/3423
f 3267/3423 1625/3417 680/2098 1020/2097
f 1626/3424 3267/3423 1020/2097 639/2096
f 806/3381 1617/3425 3268/3426 1616/3382
f 1617/3425 805/3421 1626/3424 3268/3426
f 3268/3426 1626/3424 639/2096 1039/2135
f 1616/3382 3268/3426 1039/2135 685/2134
f 782/3101 1545/3188 3269/3427 1501/3102
f 1545/3188 785/3187 1627/3428 3269/3427
f 3269/3427 1627/3428 807/3089 1494/3087
f 1501/3102 3269/3427 1494/3087 576/2947
f 808/3429 1628/3430 3270/3431 1496/3432
f 1628/3430 809/1420 2342/1419 3270/3431
f 3270/3431 2342/1419 150/1278 2272/1277
f 1496/3432 3270/3431 2272/1277 390/1276
f 808/3091 1495/3090 3271/3433 1629/3434
f 1495/3090 807/3089 1627/3428 3271/3433
f 3271/3433 1627/3428 785/3187 1547/3196
f 1629/3434 3271/3433 1547/3196 421/3195
f 359/1422 2343/1421 3272/3435 2394/1520
f 2343/1421 809/1420 1628/3430 3272/3435
f 3272/3435 1628/3430 808/3429 1629/3436
f 2394/1520 3272/3435 1629/3436 421/1521
f 164/604 1945/607 3273/3437 1630/3438
f 1945/607 269/612 1948/616 3273/3437
f 3273/3437 1948/616 79/598 2303/1340
f 1630/3438 3273/3437 2303/1340 325/1339
f 325/1546 1631/3439 3274/3440 1630/3441
f 1631/3439 810/1407 2336/1406 3274/3440
f 3274/3440 2336/1406 324/1331 2301/1334
f 1630/3441 3274/3440 2301/1334 164/58
f 695/2292 1112/2289 3275/3442 1117/2301
f 1112/2289 590/2288 1632/3443 3275/3442
f 3275/3442 1632/3443 751/3012 1457/3011
f 1117/2301 3275/3442 1457/3011 505/2283
f 750/3003 1490/3080 3276/3444 1454/3004
f 1490/3080 824/3079 1633/3445 3276/3444
f 3276/3444 1633/3445 751/3220 1632/3446
f 1454/3004 3276/3444 1632/3446 590/1742
f 811/1403 2337/1408 3277/3447 1634/3448
f 2337/1408 810/1407 1631/3439 3277/3447
f 3277/3447 1631/3439 325/1546 2405/1545
f 1634/3448 3277/3447 2405/1545 364/1544
f 812/1398 2335/1404 3278/3449 1635/3450
f 2335/1404 811/1403 1634/3448 3278/3449
f 3278/3449 1634/3448 364/1544 2404/1541
f 1635/3450 3278/3449 2404/1541 365/1540
f 813/1392 2332/1399 3279/3451 1636/3452
f 2332/1399 812/1398 1635/3450 3279/3451
f 3279/3451 1635/3450 365/1540 2407/1550
f 1636/3452 3279/3451 2407/1550 366/1549
f 814/1385 2329/1393 3280/3453 1637/3454
f 2329/1393 813/1392 1636/3452 3280/3453
f 3280/3453 1636/3452 366/1549 2409/1556
f 1637/3454 3280/3453 2409/1556 367/1555
f 815/1387 2325/1386 3281/3455 1638/3456
f 2325/1386 814/1385 1637/3454 3281/3455
f 3281/3455 1637/3454 367/1555 2411/1562
f 1638/3456 3281/3455 2411/1562 368/1561
f 816/1414 2339/1413 3282/3457 1639/3458
f 2339/1413 815/1387 1638/3456 3282/3457
f 3282/3457 1638/3456 368/1561 2413/1568
f 1639/3458 3282/3457 2413/1568 369/1567
f 426/1683 1640/3459 3283/3460 2468/1684
f 1640/3459 817/1673 2463/1671 3283/3460
f 3283/3460 2463/1671 816/1414 1639/3458
f 2468/1684 3283/3460 1639/3458 369/1567
f 426/3334 1594/3333 3284/3461 1640/3462
f 1594/3333 795/3241 1641/3463 3284/3461
f 3284/3461 1641/3463 818/3085 1592/3319
f 1640/3462 3284/3461 1592/3319 817/3318
f 819/3055 1492/3086 3285/3464 1642/3465
f 1492/3086 818/3085 1641/3463 3285/3464
f 3285/3464 1641/3463 795/3241 1566/3244
f 1642/3465 3285/3464 1566/3244 794/3235
f 820/3057 1477/3056 3286/3466 1643/3467
f 1477/3056 819/3055 1642/3465 3286/3466
f 3286/3466 1642/3465 794/3235 1564/3238
f 1643/3467 3286/3466 1564/3238 793/3229
f 821/3063 1480/3062 3287/3468 1644/3469
f 1480/3062 820/3057 1643/3467 3287/3468
f 3287/3468 1643/3467 793/3229 1562/3232
f 1644/3469 3287/3468 1562/3232 792/3223
f 822/3069 1483/3068 3288/3470 1645/3471
f 1483/3068 821/3063 1644/3469 3288/3470
f 3288/3470 1644/3469 792/3223 1560/3226
f 1645/3471 3288/3470 1560/3226 791/3214
f 823/3075 1486/3074 3289/3472 1646/3473
f 1486/3074 822/3069 1645/3471 3289/3472
f 3289/3472 1645/3471 791/3214 1558/3217
f 1646/3473 3289/3472 1558/3217 790/3222
f 824/3079 1489/3078 3290/3474 1633/3445
f 1489/3078 823/3075 1646/3473 3290/3474
f 3290/3474 1646/3473 790/3222 1557/3221
f 1633/3445 3290/3474 1557/3221 751/3220
