# This file uses centimeters as units for non-parametric coordinates.

v -0.000014 -57.857330 -0.622520
v -0.000014 56.398344 -0.622520
v 1.611547 -57.828598 -1.552982
v 1.783347 -57.705169 -1.652164
v 1.840239 -43.283320 -1.684990
v 1.062446 -43.283320 -2.462769
v 1.029606 -57.705169 -2.405872
v 0.864706 -57.841158 -2.120266
v -0.000014 -57.828598 -2.483425
v -0.000014 -57.705169 -2.681751
v -0.000014 -43.283320 -2.747440
v -1.062474 -43.283320 -2.462769
v -1.029634 -57.705169 -2.405872
v -0.864735 -57.841158 -2.120266
v -1.611571 -57.828598 -1.552982
v -1.783361 -57.705169 -1.652164
v -1.840253 -43.283320 -1.684990
v -2.124944 -43.283320 -0.622520
v -2.059255 -57.705169 -0.622520
v -1.729455 -57.841158 -0.622520
v -1.611571 -57.828598 0.307903
v -1.783361 -57.705169 0.407085
v -1.840253 -43.283320 0.439949
v -1.062474 -43.283320 1.217728
v -1.029634 -57.705169 1.160831
v -0.864735 -57.841158 0.875187
v -0.000014 -57.828598 1.238346
v -0.000014 -57.705169 1.436710
v -0.000014 -43.283320 1.502419
v 1.062446 -43.283320 1.217728
v 1.029606 -57.705169 1.160831
v 0.864706 -57.841158 0.875187
v 1.611547 -57.828598 0.307903
v 1.783347 -57.705169 0.407085
v 1.840239 -43.283320 0.439949
v 2.124915 -43.283320 -0.622520
v 2.059226 -57.705169 -0.622520
v 1.729426 -57.841158 -0.622520
v 1.840239 41.824350 -1.684990
v 1.783347 56.246213 -1.652164
v 1.497726 56.382179 -1.487236
v 0.930429 56.369600 -2.234116
v 1.029606 56.246213 -2.405872
v 1.062446 41.824359 -2.462769
v -0.000014 41.824350 -2.747440
v -0.000014 56.246213 -2.681751
v -0.000014 56.382179 -2.351971
v -0.930443 56.369600 -2.234116
v -1.029634 56.246213 -2.405872
v -1.062474 41.824359 -2.462769
v -1.840253 41.824350 -1.684990
v -1.783361 56.246213 -1.652164
v -1.497755 56.382179 -1.487236
v -1.860871 56.369600 -0.622520
v -2.059255 56.246213 -0.622520
v -2.124944 41.824359 -0.622520
v -1.840253 41.824350 0.439949
v -1.783361 56.246213 0.407085
v -1.497755 56.382179 0.242176
v -0.930443 56.369600 0.989037
v -1.029634 56.246213 1.160831
v -1.062474 41.824359 1.217728
v -0.000014 41.824350 1.502419
v -0.000014 56.246213 1.436710
v -0.000014 56.382179 1.106911
v 0.930429 56.369600 0.989037
v 1.029606 56.246213 1.160831
v 1.062446 41.824359 1.217728
v 1.840239 41.824350 0.439949
v 1.783347 56.246213 0.407085
v 1.497726 56.382179 0.242176
v 1.860867 56.369600 -0.622520
v 2.059226 56.246213 -0.622520
v 2.124915 41.824359 -0.622520
v 0.997429 56.333713 1.105080
v 0.546789 56.382188 1.079082
v -0.000014 56.113004 1.478977
v 0.549626 41.824359 1.428776
v 1.050749 56.113004 1.197433
v 1.727610 56.333713 0.374908
v 1.987867 56.246213 -0.089893
v 1.994867 56.333713 -0.622520
v 1.747026 56.382188 -0.245285
v 1.819959 56.113004 0.428238
v 2.051277 41.824359 -0.072880
v 2.101507 56.113004 -0.622520
v 1.066346 -0.729499 -2.469521
v 1.846986 -0.729499 -1.688881
v 0.549626 -43.283320 -2.673836
v -0.000014 -0.729499 -2.755260
v 0.549626 41.824359 -2.673836
v -1.066375 -0.729499 -2.469521
v -1.501675 -43.283320 -2.124195
v -1.847024 -0.729499 -1.688881
v -1.501675 41.824359 -2.124195
v -2.132745 -0.729499 -0.622520
v -2.051301 -43.283320 -0.072880
v -1.847024 -0.729499 0.443840
v -2.051301 41.824359 -0.072880
v -1.066375 -0.729499 1.224480
v -0.549664 -43.283320 1.428776
v -0.000014 -0.729499 1.510220
v -0.549664 41.824359 1.428776
v 1.066346 -0.729499 1.224480
v 1.501637 -43.283320 0.879135
v 1.846986 -0.729499 0.443840
v 1.501637 41.824359 0.879135
v 2.132716 -0.729499 -0.622520
v 2.051277 -43.283320 -1.172161
v 2.051277 41.824359 -1.172161
v 0.377226 -57.841158 -2.369576
v 0.541897 -57.857330 -1.561203
v -0.541921 -57.857330 -1.561203
v -1.324363 -57.841158 -1.822739
v -1.083860 -57.857330 -0.622520
v -1.701612 -57.841158 -0.075722
v -0.541921 -57.857330 0.316124
v -0.377264 -57.841158 1.124496
v 0.541897 -57.857330 0.316124
v 1.324339 -57.841158 0.577698
v 1.083837 -57.857330 -0.622520
v 1.701598 -57.841158 -1.169357
v 0.938649 56.398334 -1.164474
v 0.546789 56.382188 -2.324123
v -0.000014 56.398334 -1.706390
v -1.200233 56.382188 -1.946907
v -0.938663 56.398334 -1.164474
v -1.747065 56.382188 -0.245285
v -0.938663 56.398334 -0.080605
v -0.546813 56.382188 1.079082
v -0.000014 56.398334 0.461330
v 1.200209 56.382188 0.701809
v 0.938649 56.398334 -0.080605
v 1.747026 56.382188 -0.999794
v 0.532618 -57.705169 -2.610416
v -1.455245 -57.705169 -2.077751
v -1.987872 -57.705169 -0.089893
v -0.532641 -57.705169 1.365337
v 1.455216 -57.705169 0.832710
v 1.987867 -57.705169 -1.155186
v 0.532618 56.246213 -2.610416
v -1.455245 56.246213 -2.077751
v -1.987872 56.246213 -0.089893
v -0.532641 56.246213 1.365337
v 1.455216 56.246213 0.832710
v 1.987867 56.246213 -1.155186
v 1.819959 -57.571969 -1.673279
v 1.455216 -57.705169 -2.077751
v 1.050749 -57.571969 -2.442493
v 1.501637 -43.283320 -2.124195
v 1.727610 -57.792690 -1.619949
v 1.324339 -57.841158 -1.822739
v 0.997429 -57.792690 -2.350140
v -0.000014 -57.571969 -2.724056
v -0.532641 -57.705169 -2.610416
v -1.050763 -57.571969 -2.442493
v -0.549664 -43.283320 -2.673836
v -0.000014 -57.792690 -2.617435
v -0.377264 -57.841158 -2.369576
v -0.997453 -57.792690 -2.350140
v -1.819973 -57.571969 -1.673279
v -1.987872 -57.705169 -1.155186
v -2.101512 -57.571969 -0.622520
v -2.051301 -43.283320 -1.172161
v -1.727633 -57.792690 -1.619949
v -1.701612 -57.841158 -1.169357
v -1.994891 -57.792690 -0.622520
v -1.819973 -57.571969 0.428238
v -1.455245 -57.705169 0.832710
v -1.050763 -57.571969 1.197433
v -1.501675 -43.283320 0.879135
v -1.727633 -57.792690 0.374908
v -1.324363 -57.841158 0.577698
v -0.997453 -57.792690 1.105080
v -0.000014 -57.571969 1.478977
v 0.532618 -57.705169 1.365337
v 1.050749 -57.571969 1.197433
v 0.549626 -43.283320 1.428776
v -0.000014 -57.792690 1.372356
v 0.377226 -57.841158 1.124496
v 0.997429 -57.792690 1.105080
v 1.819959 -57.571969 0.428238
v 1.987867 -57.705169 -0.089893
v 2.101507 -57.571969 -0.622520
v 2.051277 -43.283320 -0.072880
v 1.727610 -57.792690 0.374908
v 1.701598 -57.841158 -0.075722
v 1.994867 -57.792690 -0.622520
v 1.727610 56.333713 -1.619949
v 1.455216 56.246213 -2.077751
v 0.997429 56.333713 -2.350140
v 1.200209 56.382188 -1.946907
v 1.819959 56.113004 -1.673279
v 1.501637 41.824359 -2.124195
v 1.050749 56.113004 -2.442493
v -0.000014 56.333713 -2.617435
v -0.532641 56.246213 -2.610416
v -0.997453 56.333713 -2.350140
v -0.546813 56.382188 -2.324123
v -0.000014 56.113004 -2.724056
v -0.549664 41.824359 -2.673836
v -1.050763 56.113004 -2.442493
v -1.727633 56.333713 -1.619949
v -1.987872 56.246213 -1.155186
v -1.994891 56.333713 -0.622520
v -1.747065 56.382188 -0.999794
v -1.819973 56.113004 -1.673279
v -2.051301 41.824359 -1.172161
v -2.101512 56.113004 -0.622520
v -1.727633 56.333713 0.374908
v -1.455245 56.246213 0.832710
v -0.997453 56.333713 1.105080
v -1.200233 56.382188 0.701809
v -1.819973 56.113004 0.428238
v -1.501675 41.824359 0.879135
v -1.050763 56.113004 1.197433
v -0.000014 56.333713 1.372356
v 0.532618 56.246213 1.365337
v 1.485066 -57.571969 -2.107620
v 1.409726 -57.792690 -2.032261
v -0.543585 -57.571969 -2.651234
v -0.516014 -57.792690 -2.548294
v -2.028685 -57.571969 -1.166115
v -1.925764 -57.792690 -1.138515
v -1.485114 -57.571969 0.862560
v -1.409755 -57.792690 0.787220
v 0.543556 -57.571969 1.406155
v 0.515976 -57.792690 1.303234
v 2.028656 -57.571969 -0.078945
v 1.925735 -57.792690 -0.106525
v 1.409726 56.333713 -2.032261
v 1.485066 56.113004 -2.107620
v -0.516014 56.333713 -2.548294
v -0.543585 56.113004 -2.651234
v -1.925764 56.333713 -1.138515
v -2.028685 56.113004 -1.166115
v -1.409755 56.333713 0.787220
v -1.485114 56.113004 0.862560
v 0.515976 56.333713 1.303234
v 0.543556 56.113004 1.406155
v 1.925735 56.333713 -0.106525
v 2.028656 56.113004 -0.078945
v 1.507158 -0.729499 -2.129707
v 0.551629 -0.729499 -2.681351
v -0.551653 -0.729499 -2.681351
v -1.507182 -0.729499 -2.129707
v -2.058845 -0.729499 -1.174202
v -2.058845 -0.729499 -0.070896
v -1.507182 -0.729499 0.884628
v -0.551653 -0.729499 1.436310
v 0.551629 -0.729499 1.436310
v 1.507158 -0.729499 0.884628
v 2.058816 -0.729499 -0.070896
v 2.058816 -0.729499 -1.174202
v -0.000014 -57.857330 -1.978989
v -1.174741 -57.857330 -1.300774
v -1.174741 -57.857330 0.055695
v -0.000014 -57.857330 0.733948
v 1.174726 -57.857330 0.055695
v 1.174726 -57.857330 -1.300774
v 0.678205 56.398334 -1.797276
v -0.678244 56.398334 -1.797276
v -1.356473 56.398334 -0.622520
v -0.678244 56.398334 0.552216
v 0.678205 56.398334 0.552216
v 1.356459 56.398334 -0.622520
v 0.543556 -57.571969 -2.651234
v 0.515976 -57.792690 -2.548294
v -1.485114 -57.571969 -2.107620
v -1.409755 -57.792690 -2.032261
v -2.028685 -57.571969 -0.078945
v -1.925764 -57.792690 -0.106525
v -0.543585 -57.571969 1.406155
v -0.516014 -57.792690 1.303234
v 1.485066 -57.571969 0.862560
v 1.409726 -57.792690 0.787220
v 1.925735 -57.792690 -1.138515
v 2.028656 -57.571969 -1.166115
v 0.515976 56.333713 -2.548294
v 0.543556 56.113004 -2.651234
v -1.409755 56.333713 -2.032261
v -1.485114 56.113004 -2.107620
v -1.925764 56.333713 -0.106525
v -2.028685 56.113004 -0.078945
v -0.516014 56.333713 1.303234
v -0.543585 56.113004 1.406155
v 1.409726 56.333713 0.787220
v 1.485066 56.113004 0.862560
v 2.028656 56.113004 -1.166115
v 1.925735 56.333713 -1.138515
vt 0.027400 0.109818
vt 0.028070 0.004766
vt 0.032036 0.004768
vt 0.031444 0.109820
vt 0.028072 0.003727
vt 0.032037 0.003728
vt 0.036001 0.003729
vt 0.036000 0.004769
vt 0.035486 0.109821
vt 0.028072 0.002927
vt 0.032037 0.002927
vt 0.128300 0.099892
vt 0.127803 0.100783
vt 0.124972 0.100168
vt 0.124730 0.098486
vt 0.120949 0.100021
vt 0.120919 0.098039
vt 0.036000 0.002928
vt 0.043567 0.109823
vt 0.043930 0.004769
vt 0.047895 0.004769
vt 0.047607 0.109823
vt 0.043931 0.003730
vt 0.047895 0.003728
vt 0.051860 0.003729
vt 0.051859 0.004769
vt 0.051647 0.109823
vt 0.043930 0.002929
vt 0.047895 0.002927
vt 0.113599 0.100115
vt 0.114122 0.100990
vt 0.112174 0.103135
vt 0.110596 0.102503
vt 0.110036 0.106546
vt 0.108304 0.105580
vt 0.051859 0.002928
vt 0.059727 0.109823
vt 0.059788 0.004769
vt 0.063752 0.004767
vt 0.063765 0.109823
vt 0.059788 0.003729
vt 0.063752 0.003727
vt 0.067717 0.003728
vt 0.067717 0.004768
vt 0.067804 0.109823
vt 0.059787 0.002928
vt 0.063752 0.002926
vt 0.106443 0.112958
vt 0.107462 0.112942
vt 0.108346 0.115702
vt 0.107009 0.116753
vt 0.110229 0.119259
vt 0.108527 0.120277
vt 0.067716 0.002927
vt 0.075885 0.109823
vt 0.075646 0.004768
vt 0.079611 0.004769
vt 0.079927 0.109823
vt 0.075646 0.003727
vt 0.079611 0.003728
vt 0.083575 0.003730
vt 0.083575 0.004769
vt 0.083968 0.109823
vt 0.075645 0.002927
vt 0.079610 0.002927
vt 0.113986 0.125577
vt 0.114483 0.124686
vt 0.117314 0.125301
vt 0.117555 0.126984
vt 0.121335 0.125447
vt 0.121366 0.127429
vt 0.083573 0.002929
vt 0.092046 0.109820
vt 0.091507 0.004767
vt 0.095485 0.004755
vt 0.096094 0.109810
vt 0.091496 0.003731
vt 0.095450 0.003723
vt 0.099400 0.003636
vt 0.099495 0.004705
vt 0.100158 0.109792
vt 0.091489 0.002931
vt 0.095423 0.002924
vt 0.128686 0.125353
vt 0.128162 0.124478
vt 0.130110 0.122333
vt 0.131688 0.122965
vt 0.132248 0.118923
vt 0.133980 0.119889
vt 0.099293 0.002828
vt 0.011216 0.109802
vt 0.012209 0.004754
vt 0.016176 0.004759
vt 0.015266 0.109809
vt 0.012222 0.003718
vt 0.016182 0.003720
vt 0.020143 0.003723
vt 0.020141 0.004762
vt 0.019314 0.109813
vt 0.012230 0.002919
vt 0.016183 0.002920
vt 0.135842 0.112511
vt 0.134824 0.112527
vt 0.133939 0.109767
vt 0.135276 0.108717
vt 0.132055 0.106212
vt 0.133757 0.105194
vt 0.020144 0.002923
vt 0.204197 0.021556
vt 0.206106 0.022068
vt 0.204634 0.025602
vt 0.202957 0.025378
vt 0.206872 0.022274
vt 0.205320 0.025999
vt 0.202866 0.029203
vt 0.202306 0.028643
vt 0.201590 0.027927
vt 0.027766 0.841560
vt 0.027766 0.840527
vt 0.031779 0.840529
vt 0.031779 0.841561
vt 0.027458 0.735478
vt 0.031567 0.735479
vt 0.035674 0.735481
vt 0.035792 0.840529
vt 0.035792 0.841562
vt 0.195217 0.030530
vt 0.195728 0.032438
vt 0.191930 0.032932
vt 0.191287 0.031366
vt 0.195933 0.033204
vt 0.191930 0.033725
vt 0.187928 0.033201
vt 0.188133 0.032436
vt 0.188395 0.031457
vt 0.043821 0.841564
vt 0.043821 0.840532
vt 0.047835 0.840533
vt 0.047835 0.841565
vt 0.043886 0.735482
vt 0.047993 0.735483
vt 0.052101 0.735483
vt 0.051851 0.840533
vt 0.051851 0.841565
vt 0.182953 0.027239
vt 0.181555 0.028635
vt 0.179229 0.025595
vt 0.180262 0.024254
vt 0.180995 0.029197
vt 0.178542 0.025990
vt 0.176991 0.022263
vt 0.177758 0.022058
vt 0.178736 0.021796
vt 0.059881 0.841564
vt 0.059881 0.840532
vt 0.063897 0.840532
vt 0.063897 0.841564
vt 0.060312 0.735483
vt 0.064417 0.735483
vt 0.068524 0.735483
vt 0.067912 0.840531
vt 0.067912 0.841564
vt 0.179669 0.014974
vt 0.177760 0.014462
vt 0.179233 0.010926
vt 0.180911 0.011151
vt 0.176995 0.014257
vt 0.178547 0.010529
vt 0.181002 0.007324
vt 0.181562 0.007884
vt 0.182279 0.008601
vt 0.075941 0.841562
vt 0.075941 0.840529
vt 0.079956 0.840530
vt 0.079956 0.841563
vt 0.076739 0.735483
vt 0.080847 0.735484
vt 0.084953 0.735485
vt 0.083969 0.840531
vt 0.083969 0.841564
vt 0.188654 0.005997
vt 0.188143 0.004089
vt 0.191941 0.003594
vt 0.192585 0.005160
vt 0.187938 0.003322
vt 0.191941 0.002801
vt 0.195945 0.003325
vt 0.195739 0.004090
vt 0.195477 0.005068
vt 0.091990 0.841569
vt 0.091993 0.840537
vt 0.096004 0.840550
vt 0.095992 0.841581
vt 0.093164 0.735491
vt 0.097266 0.735501
vt 0.101354 0.735520
vt 0.100026 0.840594
vt 0.099965 0.841631
vt 0.200916 0.009289
vt 0.202314 0.007894
vt 0.204639 0.010937
vt 0.203605 0.012276
vt 0.202874 0.007333
vt 0.205325 0.010541
vt 0.206874 0.014269
vt 0.206107 0.014473
vt 0.205129 0.014735
vt 0.011726 0.841555
vt 0.011724 0.840523
vt 0.015733 0.840522
vt 0.015734 0.841555
vt 0.011037 0.735473
vt 0.015138 0.735473
vt 0.019244 0.735475
vt 0.019743 0.840523
vt 0.019743 0.841556
vt 0.031506 0.422650
vt 0.027406 0.422649
vt 0.035606 0.422652
vt 0.039527 0.109822
vt 0.039708 0.422653
vt 0.043810 0.422653
vt 0.039781 0.735482
vt 0.047911 0.422653
vt 0.052009 0.422653
vt 0.055688 0.109823
vt 0.056108 0.422653
vt 0.060211 0.422653
vt 0.056207 0.735483
vt 0.064314 0.422653
vt 0.068414 0.422653
vt 0.071843 0.109823
vt 0.072515 0.422653
vt 0.076615 0.422653
vt 0.072631 0.735483
vt 0.080714 0.422654
vt 0.084818 0.422654
vt 0.088006 0.109823
vt 0.088922 0.422655
vt 0.093023 0.422655
vt 0.089059 0.735487
vt 0.097119 0.422654
vt 0.101210 0.422649
vt 0.003096 0.109765
vt 0.007162 0.109787
vt 0.006900 0.422633
vt 0.002801 0.422630
vt 0.011004 0.422638
vt 0.006948 0.735478
vt 0.002868 0.735490
vt 0.015102 0.422641
vt 0.019199 0.422644
vt 0.023357 0.109816
vt 0.023302 0.422646
vt 0.023352 0.735476
vt 0.116934 0.100290
vt 0.116027 0.104177
vt 0.121022 0.104768
vt 0.121142 0.112734
vt 0.114184 0.108855
vt 0.108262 0.110157
vt 0.111174 0.112886
vt 0.114304 0.116822
vt 0.112470 0.122601
vt 0.116289 0.121442
vt 0.121263 0.120700
vt 0.125351 0.125178
vt 0.126258 0.121291
vt 0.128101 0.116614
vt 0.134023 0.115312
vt 0.131111 0.112583
vt 0.127981 0.108647
vt 0.129816 0.102868
vt 0.125996 0.104026
vt 0.191934 0.018263
vt 0.199619 0.020327
vt 0.198972 0.025307
vt 0.193991 0.025951
vt 0.199039 0.029292
vt 0.189354 0.027880
vt 0.186307 0.023888
vt 0.185938 0.029930
vt 0.182315 0.020838
vt 0.184248 0.016202
vt 0.178829 0.018904
vt 0.184897 0.011221
vt 0.189879 0.010578
vt 0.184831 0.007236
vt 0.194516 0.008646
vt 0.197562 0.012639
vt 0.197933 0.006596
vt 0.201552 0.015692
vt 0.205037 0.017627
vt 0.039965 0.004769
vt 0.039966 0.003728
vt 0.039965 0.002927
vt 0.117125 0.098600
vt 0.055824 0.004768
vt 0.055824 0.003728
vt 0.055823 0.002927
vt 0.106894 0.109148
vt 0.071681 0.004767
vt 0.071681 0.003727
vt 0.071680 0.002926
vt 0.110912 0.123281
vt 0.087539 0.004769
vt 0.087537 0.003729
vt 0.087535 0.002928
vt 0.125160 0.126868
vt 0.004220 0.004674
vt 0.008229 0.004737
vt 0.004318 0.003608
vt 0.008268 0.003706
vt 0.004426 0.002801
vt 0.008296 0.002908
vt 0.135391 0.116322
vt 0.131373 0.102189
vt 0.024107 0.003725
vt 0.024107 0.002924
vt 0.024106 0.004765
vt 0.199264 0.030968
vt 0.199660 0.031655
vt 0.039806 0.840531
vt 0.039806 0.841564
vt 0.184598 0.030963
vt 0.184202 0.031649
vt 0.055866 0.840533
vt 0.055866 0.841565
vt 0.177263 0.018259
vt 0.176470 0.018259
vt 0.071927 0.840530
vt 0.071927 0.841563
vt 0.184605 0.005559
vt 0.184210 0.004872
vt 0.087982 0.840533
vt 0.087982 0.841565
vt 0.199274 0.005563
vt 0.199671 0.004878
vt 0.003750 0.841597
vt 0.003692 0.840559
vt 0.007713 0.840529
vt 0.007723 0.841559
vt 0.023753 0.840526
vt 0.023753 0.841558
vt 0.206602 0.018271
vt 0.207395 0.018272
f 5/1 147/2 219/3 150/4
f 147/2 4/5 148/6 219/3
f 219/3 148/6 7/7 149/8
f 150/4 219/3 149/8 6/9
f 4/5 151/10 220/11 148/6
f 151/12 3/13 152/14 220/15
f 220/15 152/14 8/16 153/17
f 148/6 220/11 153/18 7/7
f 11/19 154/20 221/21 157/22
f 154/20 10/23 155/24 221/21
f 221/21 155/24 13/25 156/26
f 157/22 221/21 156/26 12/27
f 10/23 158/28 222/29 155/24
f 158/30 9/31 159/32 222/33
f 222/33 159/32 14/34 160/35
f 155/24 222/29 160/36 13/25
f 17/37 161/38 223/39 164/40
f 161/38 16/41 162/42 223/39
f 223/39 162/42 19/43 163/44
f 164/40 223/39 163/44 18/45
f 16/41 165/46 224/47 162/42
f 165/48 15/49 166/50 224/51
f 224/51 166/50 20/52 167/53
f 162/42 224/47 167/54 19/43
f 23/55 168/56 225/57 171/58
f 168/56 22/59 169/60 225/57
f 225/57 169/60 25/61 170/62
f 171/58 225/57 170/62 24/63
f 22/59 172/64 226/65 169/60
f 172/66 21/67 173/68 226/69
f 226/69 173/68 26/70 174/71
f 169/60 226/65 174/72 25/61
f 29/73 175/74 227/75 178/76
f 175/74 28/77 176/78 227/75
f 227/75 176/78 31/79 177/80
f 178/76 227/75 177/80 30/81
f 28/77 179/82 228/83 176/78
f 179/84 27/85 180/86 228/87
f 228/87 180/86 32/88 181/89
f 176/78 228/83 181/90 31/79
f 35/91 182/92 229/93 185/94
f 182/92 34/95 183/96 229/93
f 229/93 183/96 37/97 184/98
f 185/94 229/93 184/98 36/99
f 34/95 186/100 230/101 183/96
f 186/102 33/103 187/104 230/105
f 230/105 187/104 38/106 188/107
f 183/96 230/101 188/108 37/97
f 41/109 189/110 231/111 192/112
f 189/110 40/113 190/114 231/111
f 231/111 190/114 43/115 191/116
f 192/112 231/111 191/116 42/117
f 40/118 193/119 232/120 190/121
f 193/119 39/122 194/123 232/120
f 232/120 194/123 44/124 195/125
f 190/121 232/120 195/125 43/126
f 47/127 196/128 233/129 199/130
f 196/128 46/131 197/132 233/129
f 233/129 197/132 49/133 198/134
f 199/130 233/129 198/134 48/135
f 46/136 200/137 234/138 197/139
f 200/137 45/140 201/141 234/138
f 234/138 201/141 50/142 202/143
f 197/139 234/138 202/143 49/144
f 53/145 203/146 235/147 206/148
f 203/146 52/149 204/150 235/147
f 235/147 204/150 55/151 205/152
f 206/148 235/147 205/152 54/153
f 52/154 207/155 236/156 204/157
f 207/155 51/158 208/159 236/156
f 236/156 208/159 56/160 209/161
f 204/157 236/156 209/161 55/162
f 59/163 210/164 237/165 213/166
f 210/164 58/167 211/168 237/165
f 237/165 211/168 61/169 212/170
f 213/166 237/165 212/170 60/171
f 58/172 214/173 238/174 211/175
f 214/173 57/176 215/177 238/174
f 238/174 215/177 62/178 216/179
f 211/175 238/174 216/179 61/180
f 65/181 217/182 239/183 76/184
f 217/182 64/185 218/186 239/183
f 239/183 218/186 67/187 75/188
f 76/184 239/183 75/188 66/189
f 64/190 77/191 240/192 218/193
f 77/191 63/194 78/195 240/192
f 240/192 78/195 68/196 79/197
f 218/193 240/192 79/197 67/198
f 71/199 80/200 241/201 83/202
f 80/200 70/203 81/204 241/201
f 241/201 81/204 73/205 82/206
f 83/202 241/201 82/206 72/207
f 70/208 84/209 242/210 81/211
f 84/209 69/212 85/213 242/210
f 242/210 85/213 74/214 86/215
f 81/211 242/210 86/215 73/216
f 5/1 150/4 243/217 88/218
f 150/4 6/9 87/219 243/217
f 243/217 87/219 44/124 194/123
f 88/218 243/217 194/123 39/122
f 6/9 89/220 244/221 87/219
f 89/220 11/19 90/222 244/221
f 244/221 90/222 45/140 91/223
f 87/219 244/221 91/223 44/124
f 11/19 157/22 245/224 90/222
f 157/22 12/27 92/225 245/224
f 245/224 92/225 50/142 201/141
f 90/222 245/224 201/141 45/140
f 12/27 93/226 246/227 92/225
f 93/226 17/37 94/228 246/227
f 246/227 94/228 51/158 95/229
f 92/225 246/227 95/229 50/142
f 17/37 164/40 247/230 94/228
f 164/40 18/45 96/231 247/230
f 247/230 96/231 56/160 208/159
f 94/228 247/230 208/159 51/158
f 18/45 97/232 248/233 96/231
f 97/232 23/55 98/234 248/233
f 248/233 98/234 57/176 99/235
f 96/231 248/233 99/235 56/160
f 23/55 171/58 249/236 98/234
f 171/58 24/63 100/237 249/236
f 249/236 100/237 62/178 215/177
f 98/234 249/236 215/177 57/176
f 24/63 101/238 250/239 100/237
f 101/238 29/73 102/240 250/239
f 250/239 102/240 63/194 103/241
f 100/237 250/239 103/241 62/178
f 29/73 178/76 251/242 102/240
f 178/76 30/81 104/243 251/242
f 251/242 104/243 68/196 78/195
f 102/240 251/242 78/195 63/194
f 30/244 105/245 252/246 104/247
f 105/245 35/91 106/248 252/246
f 252/246 106/248 69/212 107/249
f 104/247 252/246 107/249 68/250
f 35/91 185/94 253/251 106/248
f 185/94 36/99 108/252 253/251
f 253/251 108/252 74/214 85/213
f 106/248 253/251 85/213 69/212
f 36/99 109/253 254/254 108/252
f 109/253 5/1 88/218 254/254
f 254/254 88/218 39/122 110/255
f 108/252 254/254 110/255 74/214
f 9/31 111/256 255/257 159/32
f 111/256 8/16 112/258 255/257
f 255/257 112/258 1/259 113/260
f 159/32 255/257 113/260 14/34
f 15/49 114/261 256/262 166/50
f 114/261 14/34 113/260 256/262
f 256/262 113/260 1/259 115/263
f 166/50 256/262 115/263 20/52
f 21/67 116/264 257/265 173/68
f 116/264 20/52 115/263 257/265
f 257/265 115/263 1/259 117/266
f 173/68 257/265 117/266 26/70
f 27/85 118/267 258/268 180/86
f 118/267 26/70 117/266 258/268
f 258/268 117/266 1/259 119/269
f 180/86 258/268 119/269 32/88
f 33/103 120/270 259/271 187/104
f 120/270 32/88 119/269 259/271
f 259/271 119/269 1/259 121/272
f 187/104 259/271 121/272 38/106
f 3/13 122/273 260/274 152/14
f 122/273 38/106 121/272 260/274
f 260/274 121/272 1/259 112/258
f 152/14 260/274 112/258 8/16
f 2/275 123/276 261/277 125/278
f 123/276 41/109 192/112 261/277
f 261/277 192/112 42/117 124/279
f 125/278 261/277 124/279 47/127
f 2/275 125/278 262/280 127/281
f 125/278 47/127 199/130 262/280
f 262/280 199/130 48/135 126/282
f 127/281 262/280 126/282 53/145
f 2/275 127/281 263/283 129/284
f 127/281 53/145 206/148 263/283
f 263/283 206/148 54/153 128/285
f 129/284 263/283 128/285 59/163
f 2/275 129/284 264/286 131/287
f 129/284 59/163 213/166 264/286
f 264/286 213/166 60/171 130/288
f 131/287 264/286 130/288 65/181
f 2/275 131/287 265/289 133/290
f 131/287 65/181 76/184 265/289
f 265/289 76/184 66/189 132/291
f 133/290 265/289 132/291 71/199
f 2/275 133/290 266/292 123/276
f 133/290 71/199 83/202 266/292
f 266/292 83/202 72/207 134/293
f 123/276 266/292 134/293 41/109
f 6/9 149/8 267/294 89/220
f 149/8 7/7 135/295 267/294
f 267/294 135/295 10/23 154/20
f 89/220 267/294 154/20 11/19
f 7/7 153/18 268/296 135/295
f 153/17 8/16 111/256 268/297
f 268/297 111/256 9/31 158/30
f 135/295 268/296 158/28 10/23
f 12/27 156/26 269/298 93/226
f 156/26 13/25 136/299 269/298
f 269/298 136/299 16/41 161/38
f 93/226 269/298 161/38 17/37
f 13/25 160/36 270/300 136/299
f 160/35 14/34 114/261 270/301
f 270/301 114/261 15/49 165/48
f 136/299 270/300 165/46 16/41
f 18/45 163/44 271/302 97/232
f 163/44 19/43 137/303 271/302
f 271/302 137/303 22/59 168/56
f 97/232 271/302 168/56 23/55
f 19/43 167/54 272/304 137/303
f 167/53 20/52 116/264 272/305
f 272/305 116/264 21/67 172/66
f 137/303 272/304 172/64 22/59
f 24/63 170/62 273/306 101/238
f 170/62 25/61 138/307 273/306
f 273/306 138/307 28/77 175/74
f 101/238 273/306 175/74 29/73
f 25/61 174/72 274/308 138/307
f 174/71 26/70 118/267 274/309
f 274/309 118/267 27/85 179/84
f 138/307 274/308 179/82 28/77
f 30/244 177/310 275/311 105/245
f 177/310 31/312 139/313 275/311
f 275/311 139/313 34/95 182/92
f 105/245 275/311 182/92 35/91
f 31/312 181/314 276/315 139/313
f 181/89 32/88 120/270 276/316
f 276/316 120/270 33/103 186/102
f 139/313 276/315 186/100 34/95
f 3/13 151/12 277/317 122/273
f 151/10 4/5 140/318 277/319
f 277/319 140/318 37/97 188/108
f 122/273 277/317 188/107 38/106
f 4/5 147/2 278/320 140/318
f 147/2 5/1 109/253 278/320
f 278/320 109/253 36/99 184/98
f 140/318 278/320 184/98 37/97
f 42/117 191/116 279/321 124/279
f 191/116 43/115 141/322 279/321
f 279/321 141/322 46/131 196/128
f 124/279 279/321 196/128 47/127
f 43/126 195/125 280/323 141/324
f 195/125 44/124 91/223 280/323
f 280/323 91/223 45/140 200/137
f 141/324 280/323 200/137 46/136
f 48/135 198/134 281/325 126/282
f 198/134 49/133 142/326 281/325
f 281/325 142/326 52/149 203/146
f 126/282 281/325 203/146 53/145
f 49/144 202/143 282/327 142/328
f 202/143 50/142 95/229 282/327
f 282/327 95/229 51/158 207/155
f 142/328 282/327 207/155 52/154
f 54/153 205/152 283/329 128/285
f 205/152 55/151 143/330 283/329
f 283/329 143/330 58/167 210/164
f 128/285 283/329 210/164 59/163
f 55/162 209/161 284/331 143/332
f 209/161 56/160 99/235 284/331
f 284/331 99/235 57/176 214/173
f 143/332 284/331 214/173 58/172
f 60/171 212/170 285/333 130/288
f 212/170 61/169 144/334 285/333
f 285/333 144/334 64/185 217/182
f 130/288 285/333 217/182 65/181
f 61/180 216/179 286/335 144/336
f 216/179 62/178 103/241 286/335
f 286/335 103/241 63/194 77/191
f 144/336 286/335 77/191 64/190
f 66/189 75/188 287/337 132/291
f 75/188 67/187 145/338 287/337
f 287/337 145/338 70/203 80/200
f 132/291 287/337 80/200 71/199
f 67/339 79/340 288/341 145/342
f 79/340 68/250 107/249 288/341
f 288/341 107/249 69/212 84/209
f 145/342 288/341 84/209 70/208
f 39/122 193/119 289/343 110/255
f 193/119 40/118 146/344 289/343
f 289/343 146/344 73/216 86/215
f 110/255 289/343 86/215 74/214
f 40/113 189/110 290/345 146/346
f 189/110 41/109 134/293 290/345
f 290/345 134/293 72/207 82/206
f 146/346 290/345 82/206 73/205
v 4.530559 7.601998 0.000019
v 4.308815 7.601998 -1.529636
v 4.308815 7.601998 1.529598
v 3.665299 7.601998 2.909508
v 2.662988 7.601998 4.004574
v 1.383595 7.601998 4.705086
v -0.000014 6.306558 6.162624
v -1.383634 7.601998 4.705086
v -2.663002 7.601998 4.004574
v -3.665314 7.601998 2.909508
v -4.308834 7.601998 1.529598
v -4.530563 7.601998 0.000019
v -4.308834 7.601998 -1.529636
v -3.665314 7.601998 -2.909527
v -2.663002 7.601998 -4.004612
v -1.383634 7.601998 -4.705067
v -0.000014 6.306549 -6.162624
v 1.383595 7.601998 -4.705067
v 2.662988 7.601998 -4.004612
v 3.665299 7.601998 -2.909527
v 14.768348 -0.938451 -4.798470
v 13.869748 -2.305071 -4.506531
v 12.562709 -0.938451 -9.127312
v 11.798329 -2.305071 -8.571949
v 9.127316 -0.938451 -12.562695
v 8.571978 -2.305071 -11.798325
v 4.798517 -0.938451 -14.768314
v 4.506545 -2.305071 -13.869724
v -0.000014 -0.938451 -15.528336
v -0.000014 -2.305071 -14.583530
v -4.798532 -0.938451 -14.768314
v -4.506555 -2.305071 -13.869724
v -9.127331 -0.938451 -12.562695
v -8.571973 -2.305071 -11.798325
v -12.562695 -0.938451 -9.127312
v -11.798315 -2.305071 -8.571949
v -14.768353 -0.938451 -4.798470
v -13.869762 -2.305071 -4.506531
v -15.528364 -0.938451 0.000038
v -14.583545 -2.305071 0.000038
v -14.768353 -0.938451 4.798527
v -13.869762 -2.305071 4.506569
v -12.562695 -0.938451 9.127350
v -11.798315 -2.305071 8.571987
v -9.127331 -0.938460 12.562714
v -8.571973 -2.305071 11.798325
v -4.798532 -0.938460 14.768333
v -4.506555 -2.305071 13.869743
v -0.000014 -0.938460 15.528336
v -0.000014 -2.305071 14.583530
v 4.798517 -0.938460 14.768333
v 4.506545 -2.305071 13.869743
v 9.127316 -0.938460 12.562714
v 8.571978 -2.305071 11.798325
v 12.562690 -0.938451 9.127350
v 11.798286 -2.305071 8.571987
v 14.768348 -0.938451 4.798527
v 13.869748 -2.305071 4.506569
v 15.528350 -0.938460 0.000038
v 14.583526 -2.305071 0.000038
v -0.000014 15.879789 8.558216
v 2.644629 15.879798 8.139362
v 5.030379 15.879789 6.923771
v -2.644634 15.879798 8.139362
v -5.030394 15.879789 6.923771
v -6.923742 15.879798 5.030403
v -8.139343 15.879798 2.644634
v -8.558202 15.879798 0.000019
v -8.139343 15.879798 -2.644634
v -6.923742 15.879798 -5.030403
v -5.030394 15.879798 -6.923733
v -2.644634 15.879798 -8.139324
v -0.000014 15.879798 -8.558216
v 2.644639 15.879798 -8.139324
v 5.030379 15.879798 -6.923733
v 6.923747 15.879798 -5.030403
v 8.139358 15.879798 -2.644634
v 8.558226 15.879789 0.000019
v 8.139358 15.879798 2.644634
v 6.923747 15.879798 5.030403
v -0.000014 30.029810 -1.774197
v -0.000014 30.043447 -1.503582
v -0.000014 30.043447 -1.092415
v -0.000014 30.043447 -0.574322
v -0.000014 30.043447 0.000000
v -0.000014 30.043447 0.574322
v -0.000014 30.043447 1.092434
v -0.000014 30.043447 1.503601
v -0.000014 30.029810 1.774178
v -0.000014 28.299230 2.714062
v 0.838666 28.299230 2.581215
v 0.543556 30.019167 1.715755
v 1.595259 28.299230 2.195721
v 0.930996 30.029810 1.471710
v -0.838695 28.299230 2.581215
v -0.543561 30.019167 1.715755
v -1.595273 28.299230 2.195721
v -0.930982 30.029810 1.471710
v -2.195692 28.299230 1.595287
v -1.281395 30.029810 1.069260
v -2.581215 28.299230 0.838680
v -1.506381 30.029810 0.562134
v -2.714043 28.299230 0.000019
v -1.583915 30.029810 0.000000
v -2.581215 28.299230 -0.838661
v -1.506381 30.029810 -0.562153
v -2.195692 28.299230 -1.595268
v -1.281395 30.029810 -1.069241
v -1.595273 28.299230 -2.195702
v -0.930982 30.029810 -1.471653
v -0.838695 28.299230 -2.581215
v -0.543561 30.019167 -1.715755
v -0.000014 28.299230 -2.714043
v 0.838666 28.299230 -2.581215
v 0.543556 30.019167 -1.715755
v 1.595259 28.299230 -2.195702
v 0.930996 30.029810 -1.471653
v 2.195706 28.299230 -1.595268
v 1.281409 30.029810 -1.069241
v 2.581196 28.299230 -0.838661
v 1.506386 30.029810 -0.562153
v 2.714047 28.299230 0.000019
v 1.583920 30.029810 0.000000
v 2.581196 28.299230 0.838680
v 1.506386 30.029810 0.562134
v 2.195706 28.299230 1.595287
v 1.281409 30.029810 1.069260
v -0.000014 9.267569 3.127918
v -0.000014 9.267569 2.714405
v -0.000014 9.267569 1.972103
v -0.000014 9.267569 1.036816
v -0.000014 9.267569 0.000019
v -0.000014 9.267569 -1.036797
v -0.000014 9.267569 -1.972141
v -0.000014 9.267569 -2.714386
v -0.000014 9.267569 -3.127861
v 5.721660 2.605279 -7.875175
v 2.056656 7.601998 -4.410095
v 7.875209 2.605279 -5.721664
v 3.203349 7.601998 -3.499870
v 4.036446 7.601998 -2.247086
v 3.854856 6.689520 11.864090
v 1.338687 15.879789 8.452206
v 3.885036 15.879789 7.624836
v -0.000014 29.988821 1.861954
v -0.314293 30.029810 1.752186
v -0.575361 29.988821 1.770821
v -0.424533 28.299230 2.680416
v 0.424528 28.299230 2.680416
v 0.575366 29.988821 1.770821
v 0.314307 30.029810 1.752186
v 1.232047 28.299230 2.418060
v 1.094418 29.988821 1.506367
v 0.719028 30.029810 1.620731
v 1.918969 28.299230 1.918964
v 1.506348 29.988821 1.094418
v 1.119909 30.029810 1.286221
v -0.718994 30.029810 1.620731
v -1.094413 29.988821 1.506367
v -1.232033 28.299230 2.418060
v -1.119905 30.029810 1.286221
v -1.506343 29.988821 1.094418
v -1.918974 28.299230 1.918964
v -1.411161 30.029810 0.825787
v -1.770811 29.988821 0.575352
v -2.418041 28.299230 1.232071
v -1.564274 30.029810 0.284557
v -1.861944 29.988821 0.000000
v -2.680421 28.299230 0.424519
v -1.564274 30.029810 -0.284576
v -1.770811 29.988821 -0.575390
v -2.680421 28.299230 -0.424557
v -1.411161 30.029810 -0.825806
v -1.506343 29.988821 -1.094437
v -2.418041 28.299230 -1.232052
v -1.119905 30.029810 -1.286201
v -1.094413 29.988821 -1.506329
v -1.918974 28.299230 -1.918983
v -0.718994 30.029810 -1.620693
v -0.575361 29.988821 -1.770782
v -1.232033 28.299230 -2.418022
v -0.314293 30.029810 -1.752186
v -0.000014 29.988821 -1.861954
v -0.424533 28.299230 -2.680416
v 0.314307 30.029810 -1.752186
v 0.575366 29.988821 -1.770782
v 0.424528 28.299230 -2.680416
v 0.719028 30.029810 -1.620693
v 1.094418 29.988821 -1.506329
v 1.232047 28.299230 -2.418022
v 1.119909 30.029810 -1.286201
v 1.506348 29.988821 -1.094437
v 1.918969 28.299230 -1.918983
v 1.411166 30.029810 -0.825806
v 1.770816 29.988821 -0.575390
v 2.418036 28.299230 -1.232052
v 1.564288 30.029810 -0.284576
v 1.861939 29.988821 0.000000
v 2.680416 28.299230 -0.424557
v 1.564288 30.029810 0.284557
v 1.770816 29.988821 0.575352
v 2.680416 28.299230 0.424519
v 1.411166 30.029810 0.825787
v 2.418036 28.299230 1.232071
v 1.583838 23.339618 4.874554
v -0.000014 23.339618 5.125408
v 3.012648 23.339618 4.146576
v -1.583834 23.339618 4.874554
v -3.012643 23.339618 4.146576
v -4.146543 23.339618 3.012657
v -4.874563 23.339618 1.583824
v -5.125403 23.339618 0.000019
v -4.874563 23.339618 -1.583843
v -4.146543 23.339618 -3.012657
v -3.012643 23.339618 -4.146557
v -1.583834 23.339618 -4.874535
v -0.000014 23.339618 -5.125408
v 1.583838 23.339618 -4.874535
v 3.012648 23.339618 -4.146557
v 4.146557 23.339618 -3.012657
v 4.874558 23.339618 -1.583843
v 5.125427 23.339618 0.000019
v 4.874558 23.339618 1.583824
v 4.146557 23.339618 3.012657
v -0.000014 30.043447 -1.655846
v 0.525899 30.043447 -1.484947
v -0.000014 30.043447 -0.843678
v 0.850949 30.043447 -0.567226
v 0.723848 30.043447 -1.078892
v -0.000014 30.043447 -1.314087
v -0.000014 30.043447 0.290718
v 0.850949 30.043447 0.567207
v 0.894737 30.043447 0.000000
v -0.000014 30.043447 -0.290718
v -0.000014 30.043447 1.314106
v 0.525899 30.043447 1.484966
v 0.723848 30.043447 1.078911
v -0.000014 30.043447 0.843678
v -0.000014 30.043447 1.655865
v -0.525904 30.043447 -1.484947
v -0.723834 30.043447 -1.078892
v -0.850945 30.043447 -0.567226
v -0.894732 30.043447 0.000000
v -0.850945 30.043447 0.567207
v -0.723834 30.043447 1.078911
v -0.525904 30.043447 1.484966
v -0.000014 9.267569 2.989254
v 0.986056 9.267569 2.714405
v -0.000014 9.267569 2.372265
v 1.357207 9.267569 1.972103
v -0.000014 9.267569 0.524826
v 1.677589 9.267569 0.000019
v 1.595478 9.267569 1.036816
v -0.000014 9.267569 1.523075
v 1.595478 9.267569 -1.036797
v -0.000014 9.267569 -1.523113
v 1.357207 9.267569 -1.972141
v -0.000014 9.267569 -0.524826
v 0.452766 9.267569 -3.180542
v -0.452814 9.267569 -3.180542
v -0.000014 9.267569 -2.372303
v 0.986056 9.267569 -2.714386
v -0.000014 9.267569 -2.989235
v -0.986085 9.267569 2.714405
v -1.357212 9.267569 1.972103
v -1.595492 9.267569 1.036816
v -1.677594 9.267569 0.000019
v -1.595492 9.267569 -1.036797
v -1.357212 9.267569 -1.972141
v -0.986085 9.267569 -2.714386
v -0.452814 9.267569 3.180580
v 0.452766 9.267569 3.180580
v 0.643067 7.601998 4.878254
v -0.643082 7.601998 4.878254
v 15.571752 -3.711501 -5.059547
v 12.993026 -2.305071 -6.620274
v 13.246121 -3.711471 -9.623852
v 13.834805 -0.938451 -7.049141
v 15.335994 -0.938460 -2.428932
v 16.373105 -3.711501 0.000038
v 14.402881 -2.305071 -2.281151
v 10.311317 -2.305071 -10.311298
v 9.623847 -3.711471 -13.246117
v 10.979357 -0.938451 -10.979366
v 6.620278 -2.305071 -12.993011
v 5.059557 -3.711471 -15.571747
v 7.049189 -0.938451 -13.834801
v 2.281189 -2.305071 -14.402866
v -0.000014 -3.711471 -16.373100
v 2.428966 -0.938451 -15.335979
v -2.281194 -2.305071 -14.402866
v -5.059571 -3.711471 -15.571747
v -2.428970 -0.938451 -15.335979
v -6.620274 -2.305071 -12.993011
v -9.623852 -3.711471 -13.246117
v -7.049184 -0.938451 -13.834801
v -10.311313 -2.305071 -10.311298
v -13.246121 -3.711471 -9.623852
v -10.979362 -0.938451 -10.979366
v -12.993011 -2.305071 -6.620274
v -15.571752 -3.711471 -5.059547
v -13.834801 -0.938451 -7.049141
v -14.402895 -2.305071 -2.281151
v -16.373105 -3.711471 0.000038
v -15.336003 -0.938451 -2.428932
v -14.402895 -2.305071 2.281227
v -15.571752 -3.711471 5.059566
v -15.336003 -0.938451 2.429008
v -12.993031 -2.305071 6.620274
v -13.246121 -3.711471 9.623890
v -13.834801 -0.938451 7.049179
v -10.311322 -2.305071 10.311317
v -9.623852 -3.711501 13.246098
v -10.979362 -0.938460 10.979366
v -6.620274 -2.305071 12.993031
v -5.059571 -3.711471 15.571728
v -7.049184 -0.938460 13.834820
v -2.281194 -2.305071 14.402866
v -0.000014 -3.711501 16.373100
v -2.428970 -0.938460 15.335999
v 2.281189 -2.305071 14.402866
v 5.059557 -3.711471 15.571728
v 2.428946 -0.938460 15.335999
v 6.620278 -2.305071 12.993031
v 9.623847 -3.711501 13.246098
v 7.049179 -0.938460 13.834820
v 10.311317 -2.305071 10.311317
v 13.246121 -3.711501 9.623890
v 10.979357 -0.938460 10.979366
v 12.993007 -2.305071 6.620274
v 15.571752 -3.711471 5.059566
v 13.834805 -0.938451 7.049179
v 14.402881 -2.305071 2.281227
v 15.335984 -0.938460 2.429008
v 10.092187 6.689520 -7.332401
v 7.624836 15.879798 -3.885040
v 11.864066 6.689520 -3.854847
v 7.332387 6.689520 -10.092182
v 6.051106 15.879798 -6.051102
v 3.854856 6.689520 -11.864071
v 3.885036 15.879798 -7.624836
v -0.000014 6.689520 -12.474632
v 1.338687 15.879798 -8.452187
v -3.854871 6.689520 -11.864071
v -1.338692 15.879798 -8.452187
v -7.332401 6.689520 -10.092182
v -3.885045 15.879798 -7.624836
v -10.092182 6.689520 -7.332401
v -6.051092 15.879798 -6.051102
v -11.864095 6.689520 -3.854847
v -7.624841 15.879798 -3.885040
v -12.474632 6.689520 0.000038
v -8.452225 15.879798 -1.338673
v -11.864095 6.689520 3.854885
v -8.452225 15.879798 1.338711
v -10.092182 6.689520 7.332420
v -7.624841 15.879798 3.885059
v -7.332401 6.689508 10.092220
v -6.051092 15.879789 6.051140
v -3.854871 6.689520 11.864090
v -3.885045 15.879789 7.624836
v -0.000014 6.689508 12.474632
v -1.338692 15.879789 8.452206
v 10.092187 6.689520 7.332420
v 6.051106 15.879789 6.051140
v 7.332387 6.689508 10.092220
v 11.864066 6.689520 3.854885
v 7.624836 15.879798 3.885059
v 12.474637 6.689508 0.000038
v 8.452206 15.879789 1.338711
v 8.452206 15.879789 -1.338673
v 9.734268 2.605279 0.000019
v 4.474440 7.601998 -0.774250
v 9.257855 2.605279 -3.008060
v 9.257836 2.605279 3.008080
v 4.474440 7.601998 0.774307
v 7.875175 2.605279 5.721684
v 4.036446 7.601998 2.247066
v 5.721660 2.605279 7.875175
v 3.203349 7.601998 3.499889
v 3.008046 2.605279 9.257851
v 2.056656 7.601998 4.410095
v -0.000014 2.605279 9.734268
v -3.008075 2.605279 9.257851
v -5.721664 2.605279 7.875175
v -2.056684 7.601998 4.410095
v -7.875204 2.605279 5.721684
v -3.203354 7.601998 3.499889
v -9.257865 2.605279 3.008080
v -4.036474 7.601998 2.247066
v -9.734263 2.605279 0.000019
v -4.474444 7.601998 0.774307
v -9.257865 2.605279 -3.008060
v -4.474444 7.601998 -0.774250
v -7.875204 2.605279 -5.721664
v -4.036474 7.601998 -2.247086
v -5.721664 2.605279 -7.875175
v -3.203354 7.601998 -3.499870
v -3.008075 2.605279 -9.257812
v -2.056684 7.601998 -4.410095
v -0.000014 2.605279 -9.734268
v -0.643082 7.601998 -4.878254
v 3.008046 2.605279 -9.257812
v 0.643067 7.601998 -4.878254
v -0.000014 9.267569 3.272076
v 14.587417 -3.711471 -7.432652
v 16.170287 -3.711501 -2.561092
v 11.576648 -3.711471 -11.576633
v 7.432666 -3.711471 -14.587402
v 2.561107 -3.711471 -16.170254
v -2.561121 -3.711471 -16.170254
v -7.432652 -3.711471 -14.587402
v -11.576643 -3.711471 -11.576633
v -14.587421 -3.711471 -7.432652
v -16.170282 -3.711471 -2.561092
v -16.170282 -3.711471 2.561150
v -14.587421 -3.711471 7.432690
v -11.576643 -3.711501 11.576653
v -7.432652 -3.711501 14.587421
v -2.561121 -3.711501 16.170292
v 2.561107 -3.711501 16.170292
v 7.432647 -3.711501 14.587421
v 11.576648 -3.711501 11.576653
v 14.587417 -3.711471 7.432690
v 16.170287 -3.711501 2.561150
v 11.114125 6.689520 -5.662899
v 8.820210 6.689520 -8.820190
v 5.662928 6.689520 -11.114120
v 1.951308 6.689520 -12.320080
v -1.951294 6.689520 -12.320080
v -5.662913 6.689520 -11.114120
v -8.820205 6.689520 -8.820190
v -11.114135 6.689520 -5.662899
v -12.320085 6.689520 -1.951294
v -12.320085 6.689520 1.951313
v -11.114135 6.689520 5.662937
v -8.820205 6.689508 8.820210
v -5.662913 6.689508 11.114140
v -1.951294 6.689508 12.320118
v 8.820210 6.689508 8.820210
v 11.114125 6.689520 5.662937
v 12.320094 6.689508 1.951313
v 12.320094 6.689508 -1.951294
v 9.613667 2.605279 -1.522636
v 9.613667 2.605279 1.522675
v 8.672647 2.605279 4.418926
v 6.882648 2.605279 6.882629
v 4.418907 2.605279 8.672638
v 1.522646 2.605279 9.613686
v -1.522675 2.605279 9.613686
v -4.418931 2.605279 8.672638
v -6.882653 2.605279 6.882629
v -8.672652 2.605279 4.418926
v -9.613690 2.605279 1.522675
v -9.613690 2.605279 -1.522636
v -8.672652 2.605279 -4.418907
v -6.882653 2.605279 -6.882629
v -4.418931 2.605279 -8.672600
v -1.522675 2.605279 -9.613667
v 1.522646 2.605279 -9.613667
v 4.418907 2.605279 -8.672600
v 6.882648 2.605279 -6.882629
v 8.672647 2.605279 -4.418907
v 1.951299 6.689508 12.320118
v 5.662918 6.689508 11.114140
v -0.291243 29.988821 1.838875
v 0.291238 29.988821 1.838875
v 0.845227 29.988821 1.658878
v 1.316485 29.988821 1.316509
v -0.845222 29.988821 1.658878
v -1.316495 29.988821 1.316509
v -1.658874 29.988821 0.845242
v -1.838884 29.988821 0.291252
v -1.838884 29.988821 -0.291252
v -1.658874 29.988821 -0.845242
v -1.316495 29.988821 -1.316471
v -0.845222 29.988821 -1.658840
v -0.291243 29.988821 -1.838875
v 0.291238 29.988821 -1.838875
v 0.845227 29.988821 -1.658840
v 1.316485 29.988821 -1.316471
v 1.658878 29.988821 -0.845242
v 1.838880 29.988821 -0.291252
v 1.838880 29.988821 0.291252
v 1.658878 29.988821 0.845242
v 0.801716 23.339618 5.061932
v 2.326708 23.339618 4.566441
v -0.801735 23.339618 5.061932
v -2.326694 23.339618 4.566441
v -3.623934 23.339618 3.623943
v -4.566422 23.339618 2.326717
v -5.061913 23.339618 0.801716
v -5.061913 23.339618 -0.801697
v -4.566422 23.339618 -2.326679
v -3.623934 23.339618 -3.623924
v -2.326694 23.339618 -4.566402
v -0.801735 23.339618 -5.061913
v 0.801716 23.339618 -5.061913
v 2.326708 23.339618 -4.566402
v 3.623939 23.339618 -3.623924
v 4.566436 23.339618 -2.326679
v 5.061936 23.339618 -0.801697
v 5.061908 23.339618 0.801716
v 4.566436 23.339618 2.326717
v 3.623939 23.339618 3.623943
v 0.406156 30.043447 -1.635323
v 0.797157 30.043447 -0.833225
v 0.632629 30.043447 -1.297817
v 0.883646 30.043447 0.287113
v 0.883646 30.043447 -0.287113
v 0.632629 30.043447 1.297798
v 0.797157 30.043447 0.833225
v 0.406156 30.043447 1.635361
v -0.406175 30.043447 -1.635323
v -0.632610 30.043447 -1.297817
v -0.797153 30.043447 -0.833225
v -0.883641 30.043447 -0.287113
v -0.883641 30.043447 0.287113
v -0.797153 30.043447 0.833225
v -0.632610 30.043447 1.297798
v -0.406175 30.043447 1.635361
v 0.761538 9.267569 2.989254
v 1.186137 9.267569 2.372265
v 1.656785 9.267569 0.524826
v 1.494637 9.267569 1.523075
v 1.494637 9.267569 -1.523113
v 1.656785 9.267569 -0.524826
v -0.000014 9.267569 -3.272057
v 1.186137 9.267569 -2.372303
v 0.761538 9.267569 -2.989235
v -0.761561 9.267569 2.989254
v -1.186152 9.267569 2.372265
v -1.494613 9.267569 1.523075
v -1.656814 9.267569 0.524826
v -1.656814 9.267569 -0.524826
v -1.494613 9.267569 -1.523113
v -1.186152 9.267569 -2.372303
v -0.761561 9.267569 -2.989235
vt 0.131984 0.092345
vt 0.139791 0.076265
vt 0.143074 0.076794
vt 0.138044 0.093643
vt 0.143074 0.076023
vt 0.146356 0.076265
vt 0.154163 0.092344
vt 0.148104 0.093643
vt 0.143074 0.107100
vt 0.597563 0.100682
vt 0.611989 0.085004
vt 0.625752 0.098497
vt 0.610382 0.113251
vt 0.697479 0.861071
vt 0.714072 0.860389
vt 0.716049 0.877980
vt 0.699688 0.880835
vt 0.720300 0.895110
vt 0.704446 0.900067
vt 0.638643 0.112804
vt 0.622391 0.126579
vt 0.697921 0.841130
vt 0.714455 0.842648
vt 0.583975 0.088932
vt 0.597401 0.072391
vt 0.569681 0.078042
vt 0.582054 0.060697
vt 0.701010 0.821373
vt 0.717193 0.825080
vt 0.650606 0.127868
vt 0.633539 0.140619
vt 0.726740 0.911476
vt 0.711649 0.918418
vt 0.735191 0.926815
vt 0.721075 0.935577
vt 0.661604 0.143614
vt 0.643793 0.155303
vt 0.671594 0.159969
vt 0.653118 0.170576
vt 0.745466 0.940900
vt 0.732461 0.951252
vt 0.757252 0.953626
vt 0.745354 0.965319
vt 0.680571 0.176832
vt 0.661518 0.186365
vt 0.688545 0.194101
vt 0.669003 0.202611
vt 0.770084 0.965070
vt 0.759310 0.977915
vt 0.783475 0.975474
vt 0.774277 0.989266
vt 0.695626 0.211657
vt 0.675650 0.219231
vt 0.126417 0.219231
vt 0.106443 0.211656
vt 0.113526 0.194099
vt 0.133067 0.202612
vt 0.919588 0.989263
vt 0.910391 0.975470
vt 0.923780 0.965068
vt 0.934556 0.977913
vt 0.936615 0.953624
vt 0.948511 0.965315
vt 0.121502 0.176832
vt 0.140554 0.186368
vt 0.130481 0.159969
vt 0.148954 0.170580
vt 0.948402 0.940896
vt 0.961406 0.951249
vt 0.958677 0.926812
vt 0.972791 0.935574
vt 0.140472 0.143617
vt 0.158282 0.155308
vt 0.151471 0.127874
vt 0.168538 0.140627
vt 0.967129 0.911472
vt 0.982219 0.918415
vt 0.973568 0.895106
vt 0.989423 0.900062
vt 0.163433 0.112813
vt 0.179684 0.126589
vt 0.176324 0.098509
vt 0.191693 0.113264
vt 0.977819 0.877975
vt 0.994180 0.880828
vt 0.979795 0.860384
vt 0.996388 0.861065
vt 0.190085 0.085020
vt 0.204510 0.100698
vt 0.204670 0.072408
vt 0.218096 0.088950
vt 0.979411 0.842643
vt 0.995944 0.841124
vt 0.976671 0.825076
vt 0.992855 0.821370
vt 0.220013 0.060718
vt 0.232387 0.078061
vt 0.236062 0.050002
vt 0.247337 0.068080
vt 0.971583 0.808012
vt 0.987122 0.802171
vt 0.964246 0.791759
vt 0.978858 0.783882
vt 0.252747 0.040297
vt 0.262877 0.059039
vt 0.270006 0.031648
vt 0.278957 0.050982
vt 0.954758 0.776636
vt 0.968171 0.766859
vt 0.943307 0.762917
vt 0.955273 0.751414
vt 0.287770 0.024080
vt 0.295507 0.043931
vt 0.305974 0.017633
vt 0.312464 0.037925
vt 0.930081 0.750883
vt 0.940372 0.737862
vt 0.915336 0.740752
vt 0.923757 0.726453
vt 0.324540 0.012318
vt 0.329763 0.032973
vt 0.343403 0.008168
vt 0.347336 0.029107
vt 0.899332 0.732746
vt 0.905728 0.717438
vt 0.882381 0.727004
vt 0.886657 0.710969
vt 0.362486 0.005189
vt 0.365116 0.026331
vt 0.381718 0.003401
vt 0.383036 0.024665
vt 0.864804 0.723621
vt 0.866937 0.707146
vt 0.846940 0.722508
vt 0.846940 0.705882
vt 0.401024 0.002801
vt 0.401025 0.024103
vt 0.420330 0.003398
vt 0.419015 0.024663
vt 0.829075 0.723621
vt 0.826941 0.707146
vt 0.811496 0.727003
vt 0.807220 0.710969
vt 0.439564 0.005185
vt 0.436935 0.026326
vt 0.458648 0.008161
vt 0.454717 0.029100
vt 0.794542 0.732744
vt 0.788147 0.717436
vt 0.778538 0.740749
vt 0.770117 0.726451
vt 0.477512 0.012307
vt 0.472293 0.032962
vt 0.496082 0.017620
vt 0.489592 0.037911
vt 0.763792 0.750881
vt 0.753500 0.737862
vt 0.750563 0.762916
vt 0.738597 0.751413
vt 0.514287 0.024066
vt 0.506554 0.043917
vt 0.532054 0.031632
vt 0.523105 0.050966
vt 0.739110 0.776636
vt 0.725697 0.766859
vt 0.729620 0.791761
vt 0.715009 0.783883
vt 0.549317 0.040278
vt 0.539186 0.059021
vt 0.566003 0.049983
vt 0.554730 0.068060
vt 0.722281 0.808013
vt 0.706743 0.802173
vt 0.566938 0.155196
vt 0.556767 0.145208
vt 0.576476 0.165800
vt 0.520605 0.213428
vt 0.514097 0.206167
vt 0.507154 0.199336
vt 0.585335 0.176989
vt 0.593496 0.188718
vt 0.532213 0.229141
vt 0.526650 0.221096
vt 0.600924 0.200949
vt 0.607616 0.213629
vt 0.541794 0.246253
vt 0.537264 0.237538
vt 0.613559 0.226706
vt 0.618779 0.240110
vt 0.549191 0.264509
vt 0.545776 0.255257
vt 0.188506 0.226717
vt 0.183284 0.240118
vt 0.194450 0.213641
vt 0.260269 0.246275
vt 0.256287 0.255276
vt 0.252872 0.264529
vt 0.201142 0.200963
vt 0.208572 0.188734
vt 0.269852 0.229164
vt 0.264798 0.237560
vt 0.216733 0.177007
vt 0.225594 0.165817
vt 0.281460 0.213449
vt 0.275415 0.221119
vt 0.235132 0.155213
vt 0.245304 0.145227
vt 0.294912 0.199357
vt 0.287971 0.206188
vt 0.256079 0.135900
vt 0.267410 0.127259
vt 0.309996 0.187080
vt 0.302267 0.192982
vt 0.279259 0.119345
vt 0.291575 0.112178
vt 0.326473 0.176792
vt 0.318077 0.181680
vt 0.304315 0.105793
vt 0.317428 0.100206
vt 0.344091 0.168633
vt 0.335157 0.172440
vt 0.330864 0.095447
vt 0.344570 0.091525
vt 0.362581 0.162722
vt 0.353245 0.165391
vt 0.358494 0.088463
vt 0.372580 0.086262
vt 0.381659 0.159139
vt 0.372065 0.160638
vt 0.386777 0.084943
vt 0.401030 0.084497
vt 0.401035 0.157939
vt 0.391327 0.158242
vt 0.471199 0.095436
vt 0.457492 0.091515
vt 0.484636 0.100193
vt 0.457978 0.168622
vt 0.448824 0.165383
vt 0.439488 0.162714
vt 0.497749 0.105777
vt 0.510491 0.112161
vt 0.475597 0.176776
vt 0.466912 0.172426
vt 0.522808 0.119328
vt 0.534658 0.127241
vt 0.492073 0.187062
vt 0.483993 0.181663
vt 0.545991 0.135880
vt 0.499803 0.192962
vt 0.764515 0.848256
vt 0.764435 0.859486
vt 0.766095 0.837181
vt 0.814366 0.857883
vt 0.814744 0.863454
vt 0.815914 0.868892
vt 0.769159 0.826452
vt 0.773641 0.816251
vt 0.816013 0.846897
vt 0.814796 0.852318
vt 0.779475 0.806764
vt 0.786549 0.798156
vt 0.820680 0.837020
vt 0.817994 0.841757
vt 0.794749 0.790600
vt 0.803924 0.784229
vt 0.827894 0.829239
vt 0.824009 0.832813
vt 0.813921 0.779192
vt 0.824559 0.775602
vt 0.837041 0.824403
vt 0.832238 0.826401
vt 0.835660 0.773621
vt 0.846941 0.773062
vt 0.846934 0.811469
vt 0.842307 0.823428
vt 0.858219 0.773622
vt 0.869319 0.775603
vt 0.856825 0.824403
vt 0.851558 0.823427
vt 0.879956 0.779195
vt 0.889949 0.784232
vt 0.865972 0.829238
vt 0.861628 0.826401
vt 0.899122 0.790602
vt 0.907321 0.798158
vt 0.873186 0.837019
vt 0.869856 0.832813
vt 0.914394 0.806766
vt 0.920227 0.816251
vt 0.877852 0.846896
vt 0.875872 0.841755
vt 0.924708 0.826453
vt 0.927771 0.837182
vt 0.879499 0.857883
vt 0.879070 0.852318
vt 0.929350 0.848256
vt 0.929430 0.859485
vt 0.877952 0.868891
vt 0.879122 0.863454
vt 0.927985 0.870686
vt 0.925037 0.881681
vt 0.873347 0.878828
vt 0.876009 0.874058
vt 0.920591 0.892302
vt 0.914688 0.902395
vt 0.866129 0.886715
vt 0.870024 0.883077
vt 0.907346 0.911800
vt 0.898632 0.920362
vt 0.856677 0.892100
vt 0.861727 0.889685
vt 0.888673 0.927884
vt 0.879199 0.935058
vt 0.846933 0.905952
vt 0.850192 0.894410
vt 0.805194 0.927888
vt 0.814667 0.935061
vt 0.795235 0.920364
vt 0.837188 0.892099
vt 0.843674 0.894410
vt 0.786520 0.911802
vt 0.779180 0.902398
vt 0.827737 0.886715
vt 0.832138 0.889685
vt 0.773276 0.892306
vt 0.768829 0.881684
vt 0.820520 0.878828
vt 0.823843 0.883076
vt 0.765881 0.870687
vt 0.817858 0.874060
vt 0.415280 0.084940
vt 0.429478 0.086258
vt 0.420411 0.159137
vt 0.410741 0.158241
vt 0.443567 0.088456
vt 0.430004 0.160632
vt 0.401032 0.258880
vt 0.401034 0.272800
vt 0.398494 0.272877
vt 0.397646 0.258984
vt 0.229398 0.002801
vt 0.229398 0.003513
vt 0.227088 0.003677
vt 0.227245 0.002969
vt 0.225399 0.003935
vt 0.225148 0.003481
vt 0.395965 0.273105
vt 0.394273 0.259288
vt 0.231551 0.002969
vt 0.231708 0.003677
vt 0.404419 0.258982
vt 0.403575 0.272876
vt 0.407793 0.259285
vt 0.406105 0.273103
vt 0.233647 0.003481
vt 0.233396 0.003935
vt 0.235638 0.004312
vt 0.234681 0.004647
vt 0.411140 0.259793
vt 0.408614 0.273480
vt 0.414447 0.260498
vt 0.411092 0.274006
vt 0.237470 0.005452
vt 0.236239 0.005742
vt 0.239100 0.006861
vt 0.237628 0.007107
vt 0.417701 0.261400
vt 0.413526 0.274680
vt 0.420887 0.262494
vt 0.415908 0.275493
vt 0.240494 0.008505
vt 0.238815 0.008704
vt 0.393457 0.273484
vt 0.390928 0.259797
vt 0.224114 0.004647
vt 0.223158 0.004312
vt 0.222555 0.005740
vt 0.221324 0.005450
vt 0.390982 0.274012
vt 0.387623 0.260503
vt 0.388548 0.274685
vt 0.384371 0.261407
vt 0.221164 0.007104
vt 0.219692 0.006858
vt 0.219977 0.008702
vt 0.218298 0.008501
vt 0.386166 0.275501
vt 0.381186 0.262502
vt 0.383846 0.276454
vt 0.378081 0.263786
vt 0.219023 0.010495
vt 0.217178 0.010343
vt 0.218322 0.012438
vt 0.216356 0.012334
vt 0.381596 0.277542
vt 0.375066 0.265250
vt 0.379426 0.278754
vt 0.372153 0.266888
vt 0.217897 0.014482
vt 0.215856 0.014430
vt 0.217752 0.016578
vt 0.215686 0.016578
vt 0.377344 0.280087
vt 0.369356 0.268691
vt 0.375360 0.281529
vt 0.366681 0.270653
vt 0.217896 0.018673
vt 0.215856 0.018725
vt 0.218322 0.020717
vt 0.216356 0.020820
vt 0.373479 0.283074
vt 0.364140 0.272759
vt 0.371714 0.284710
vt 0.361744 0.275006
vt 0.219022 0.022658
vt 0.217177 0.022811
vt 0.219976 0.024450
vt 0.218297 0.024651
vt 0.370066 0.286424
vt 0.359499 0.277378
vt 0.368546 0.288208
vt 0.357415 0.279868
vt 0.221164 0.026047
vt 0.219692 0.026293
vt 0.222555 0.027410
vt 0.221324 0.027701
vt 0.367161 0.290050
vt 0.355499 0.282467
vt 0.365919 0.291941
vt 0.353766 0.285168
vt 0.224114 0.028504
vt 0.223158 0.028839
vt 0.225400 0.029215
vt 0.225149 0.029668
vt 0.364834 0.293875
vt 0.352230 0.287961
vt 0.363926 0.295855
vt 0.350922 0.290843
vt 0.227088 0.029471
vt 0.227246 0.030179
vt 0.229398 0.029635
vt 0.229398 0.030347
vt 0.363203 0.297884
vt 0.349888 0.293809
vt 0.452176 0.293789
vt 0.438863 0.297864
vt 0.438140 0.295836
vt 0.451141 0.290823
vt 0.231707 0.029471
vt 0.231550 0.030179
vt 0.233396 0.029214
vt 0.233646 0.029668
vt 0.437232 0.293857
vt 0.449835 0.287941
vt 0.436147 0.291922
vt 0.448299 0.285147
vt 0.234681 0.028502
vt 0.235637 0.028837
vt 0.236239 0.027408
vt 0.237470 0.027698
vt 0.434906 0.290030
vt 0.446566 0.282445
vt 0.433520 0.288187
vt 0.444650 0.279846
vt 0.237628 0.026044
vt 0.239100 0.026289
vt 0.238815 0.024447
vt 0.240494 0.024648
vt 0.431998 0.286401
vt 0.442566 0.277354
vt 0.430353 0.284687
vt 0.440320 0.274981
vt 0.239768 0.022656
vt 0.241612 0.022809
vt 0.240467 0.020716
vt 0.242434 0.020819
vt 0.428587 0.283051
vt 0.437925 0.272736
vt 0.426709 0.281509
vt 0.435385 0.270631
vt 0.240892 0.018673
vt 0.242932 0.018725
vt 0.241035 0.016578
vt 0.243101 0.016578
vt 0.424726 0.280068
vt 0.432713 0.268673
vt 0.422646 0.278739
vt 0.429917 0.266873
vt 0.240892 0.014483
vt 0.242932 0.014432
vt 0.240467 0.012438
vt 0.242433 0.012336
vt 0.420478 0.277528
vt 0.427007 0.265237
vt 0.418229 0.276446
vt 0.423991 0.263777
vt 0.239768 0.010497
vt 0.241612 0.010345
vt 0.406975 0.218504
vt 0.401035 0.218320
vt 0.412894 0.219047
vt 0.418766 0.219956
vt 0.424570 0.221222
vt 0.395094 0.218504
vt 0.389177 0.219050
vt 0.383305 0.219960
vt 0.377501 0.221229
vt 0.371788 0.222852
vt 0.366185 0.224823
vt 0.360719 0.227136
vt 0.355407 0.229781
vt 0.350271 0.232748
vt 0.345331 0.236026
vt 0.340606 0.239605
vt 0.336111 0.243468
vt 0.331869 0.247606
vt 0.327894 0.251996
vt 0.324207 0.256628
vt 0.320818 0.261485
vt 0.317749 0.266548
vt 0.315016 0.271797
vt 0.312656 0.277220
vt 0.310724 0.282805
vt 0.489409 0.277201
vt 0.487049 0.271779
vt 0.491339 0.282785
vt 0.484318 0.266530
vt 0.481250 0.261467
vt 0.477861 0.256611
vt 0.474173 0.251978
vt 0.470199 0.247586
vt 0.465959 0.243449
vt 0.461466 0.239587
vt 0.456741 0.236010
vt 0.451800 0.232734
vt 0.446663 0.229767
vt 0.441352 0.227124
vt 0.435884 0.224813
vt 0.430282 0.222845
vt 0.229397 0.028759
vt 0.232381 0.028606
vt 0.229397 0.027640
vt 0.233261 0.027501
vt 0.229395 0.024615
vt 0.229395 0.022786
vt 0.235253 0.022708
vt 0.234715 0.024515
vt 0.229394 0.020805
vt 0.235648 0.020752
vt 0.229396 0.026246
vt 0.234045 0.026125
vt 0.229394 0.016577
vt 0.229394 0.014437
vt 0.235888 0.014463
vt 0.235969 0.016577
vt 0.229394 0.012348
vt 0.235648 0.012400
vt 0.229394 0.018717
vt 0.235888 0.018691
vt 0.229395 0.008535
vt 0.229396 0.006904
vt 0.234045 0.007024
vt 0.234715 0.008634
vt 0.229397 0.005509
vt 0.233261 0.005648
vt 0.229395 0.010366
vt 0.235253 0.010442
vt 0.232381 0.004542
vt 0.229398 0.004389
vt 0.225533 0.027502
vt 0.226414 0.028607
vt 0.224075 0.024518
vt 0.224747 0.026127
vt 0.223140 0.020753
vt 0.223536 0.022711
vt 0.222818 0.016577
vt 0.222900 0.018691
vt 0.223140 0.012400
vt 0.222900 0.014463
vt 0.224075 0.008634
vt 0.223536 0.010442
vt 0.225533 0.005648
vt 0.224747 0.007023
vt 0.226414 0.004542
vt 0.143074 0.075172
vt 0.148587 0.075045
vt 0.143074 0.073359
vt 0.150244 0.073302
vt 0.164659 0.086815
vt 0.159691 0.090031
vt 0.143074 0.071078
vt 0.151733 0.071086
vt 0.143074 0.068391
vt 0.153013 0.068440
vt 0.172799 0.078080
vt 0.169062 0.082794
vt 0.143074 0.062044
vt 0.143074 0.058547
vt 0.155262 0.058580
vt 0.154802 0.062101
vt 0.143074 0.054954
vt 0.155419 0.054955
vt 0.179706 0.054955
vt 0.179263 0.061093
vt 0.177951 0.067090
vt 0.143074 0.065353
vt 0.154044 0.065417
vt 0.175780 0.072798
vt 0.177950 0.042821
vt 0.154801 0.047808
vt 0.154043 0.044491
vt 0.175780 0.037111
vt 0.143074 0.047863
vt 0.143074 0.044554
vt 0.143074 0.041516
vt 0.153012 0.041467
vt 0.172801 0.031828
vt 0.179263 0.048817
vt 0.155262 0.051330
vt 0.143074 0.051361
vt 0.154163 0.017557
vt 0.146356 0.033636
vt 0.143073 0.033107
vt 0.148103 0.016258
vt 0.143074 0.033882
vt 0.139791 0.033636
vt 0.131982 0.017558
vt 0.138042 0.016258
vt 0.143074 0.002801
vt 0.151733 0.038819
vt 0.169064 0.027114
vt 0.143074 0.038827
vt 0.143074 0.036547
vt 0.150244 0.036601
vt 0.164661 0.023089
vt 0.148588 0.034856
vt 0.159692 0.019870
vt 0.143074 0.034733
vt 0.121487 0.086815
vt 0.135904 0.073302
vt 0.137560 0.075045
vt 0.126456 0.090032
vt 0.113347 0.078080
vt 0.133136 0.068440
vt 0.134416 0.071087
vt 0.117084 0.082793
vt 0.108198 0.067089
vt 0.131347 0.062102
vt 0.132105 0.065418
vt 0.110368 0.072798
vt 0.106443 0.054956
vt 0.130730 0.054956
vt 0.130886 0.058581
vt 0.106885 0.061093
vt 0.130886 0.051331
vt 0.131347 0.047809
vt 0.106885 0.048818
vt 0.108198 0.042821
vt 0.132104 0.044492
vt 0.133135 0.041468
vt 0.110368 0.037112
vt 0.113347 0.031828
vt 0.134415 0.038819
vt 0.135904 0.036602
vt 0.117084 0.027114
vt 0.121487 0.023089
vt 0.137560 0.034857
vt 0.126455 0.019872
f 298/347 561/348 695/349 564/350
f 561/348 418/351 562/352 695/349
f 695/349 562/352 296/353 563/354
f 564/350 695/349 563/354 297/355
f 311/356 565/357 696/358 568/359
f 565/360 312/361 566/362 696/363
f 696/363 566/362 314/364 567/365
f 568/359 696/358 567/366 313/367
f 312/361 565/360 697/368 571/369
f 565/357 311/356 569/370 697/371
f 697/371 569/370 349/372 570/373
f 571/369 697/368 570/374 350/375
f 313/367 567/366 698/376 574/377
f 567/365 314/364 572/378 698/379
f 698/379 572/378 316/380 573/381
f 574/377 698/376 573/382 315/383
f 315/383 573/382 699/384 577/385
f 573/381 316/380 575/386 699/387
f 699/387 575/386 318/388 576/389
f 577/385 699/384 576/390 317/391
f 317/391 576/390 700/392 580/393
f 576/389 318/388 578/394 700/395
f 700/395 578/394 320/396 579/397
f 580/393 700/392 579/398 319/399
f 319/400 579/401 701/402 583/403
f 579/404 320/405 581/406 701/407
f 701/407 581/406 322/408 582/409
f 583/403 701/402 582/410 321/411
f 321/411 582/410 702/412 586/413
f 582/409 322/408 584/414 702/415
f 702/415 584/414 324/416 585/417
f 586/413 702/412 585/418 323/419
f 323/419 585/418 703/420 589/421
f 585/417 324/416 587/422 703/423
f 703/423 587/422 326/424 588/425
f 589/421 703/420 588/426 325/427
f 325/427 588/426 704/428 592/429
f 588/425 326/424 590/430 704/431
f 704/431 590/430 328/432 591/433
f 592/429 704/428 591/434 327/435
f 327/435 591/434 705/436 595/437
f 591/433 328/432 593/438 705/439
f 705/439 593/438 330/440 594/441
f 595/437 705/436 594/442 329/443
f 329/443 594/442 706/444 598/445
f 594/441 330/440 596/446 706/447
f 706/447 596/446 332/448 597/449
f 598/445 706/444 597/450 331/451
f 331/451 597/450 707/452 601/453
f 597/449 332/448 599/454 707/455
f 707/455 599/454 334/456 600/457
f 601/453 707/452 600/458 333/459
f 333/459 600/458 708/460 604/461
f 600/457 334/456 602/462 708/463
f 708/463 602/462 336/464 603/465
f 604/461 708/460 603/466 335/467
f 335/467 603/466 709/468 607/469
f 603/465 336/464 605/470 709/471
f 709/471 605/470 338/472 606/473
f 607/469 709/468 606/474 337/475
f 337/475 606/474 710/476 610/477
f 606/473 338/472 608/478 710/479
f 710/479 608/478 340/480 609/481
f 610/477 710/476 609/482 339/483
f 339/483 609/482 711/484 613/485
f 609/481 340/480 611/486 711/487
f 711/487 611/486 342/488 612/489
f 613/485 711/484 612/490 341/491
f 341/491 612/490 712/492 616/493
f 612/489 342/488 614/494 712/495
f 712/495 614/494 344/496 615/497
f 616/493 712/492 615/498 343/499
f 343/499 615/498 713/500 619/501
f 615/497 344/496 617/502 713/503
f 713/503 617/502 346/504 618/505
f 619/501 713/500 618/506 345/507
f 345/507 618/506 714/508 622/509
f 618/505 346/504 620/510 714/511
f 714/511 620/510 348/512 621/513
f 622/509 714/508 621/514 347/515
f 347/515 621/514 715/516 624/517
f 621/513 348/512 623/518 715/519
f 715/519 623/518 350/375 570/374
f 624/517 715/516 570/373 349/372
f 311/356 568/359 716/520 627/521
f 568/359 313/367 625/522 716/520
f 716/520 625/522 366/523 626/524
f 627/521 716/520 626/524 367/525
f 313/367 574/377 717/526 625/522
f 574/377 315/383 628/527 717/526
f 717/526 628/527 365/528 629/529
f 625/522 717/526 629/529 366/523
f 315/383 577/385 718/530 628/527
f 577/385 317/391 630/531 718/530
f 718/530 630/531 364/532 631/533
f 628/527 718/530 631/533 365/528
f 317/391 580/393 719/534 630/531
f 580/393 319/399 632/535 719/534
f 719/534 632/535 363/536 633/537
f 630/531 719/534 633/537 364/532
f 319/400 583/403 720/538 632/539
f 583/403 321/411 634/540 720/538
f 720/538 634/540 362/541 635/542
f 632/539 720/538 635/542 363/543
f 321/411 586/413 721/544 634/540
f 586/413 323/419 636/545 721/544
f 721/544 636/545 361/546 637/547
f 634/540 721/544 637/547 362/541
f 323/419 589/421 722/548 636/545
f 589/421 325/427 638/549 722/548
f 722/548 638/549 360/550 639/551
f 636/545 722/548 639/551 361/546
f 325/427 592/429 723/552 638/549
f 592/429 327/435 640/553 723/552
f 723/552 640/553 359/554 641/555
f 638/549 723/552 641/555 360/550
f 327/435 595/437 724/556 640/553
f 595/437 329/443 642/557 724/556
f 724/556 642/557 358/558 643/559
f 640/553 724/556 643/559 359/554
f 329/443 598/445 725/560 642/557
f 598/445 331/451 644/561 725/560
f 725/560 644/561 357/562 645/563
f 642/557 725/560 645/563 358/558
f 331/451 601/453 726/564 644/561
f 601/453 333/459 646/565 726/564
f 726/564 646/565 356/566 647/567
f 644/561 726/564 647/567 357/562
f 333/459 604/461 727/568 646/565
f 604/461 335/467 648/569 727/568
f 727/568 648/569 355/570 649/571
f 646/565 727/568 649/571 356/566
f 335/467 607/469 728/572 648/569
f 607/469 337/475 650/573 728/572
f 728/572 650/573 354/574 651/575
f 648/569 728/572 651/575 355/570
f 337/475 610/477 729/576 650/573
f 610/477 339/483 652/577 729/576
f 729/576 652/577 351/578 653/579
f 650/573 729/576 653/579 354/574
f 343/499 619/501 730/580 656/581
f 619/501 345/507 654/582 730/580
f 730/580 654/582 370/583 655/584
f 656/581 730/580 655/584 353/585
f 345/507 622/509 731/586 654/582
f 622/509 347/515 657/587 731/586
f 731/586 657/587 369/588 658/589
f 654/582 731/586 658/589 370/583
f 347/515 624/517 732/590 657/587
f 624/517 349/372 659/591 732/590
f 732/590 659/591 368/592 660/593
f 657/587 732/590 660/593 369/588
f 349/372 569/370 733/594 659/591
f 569/370 311/356 627/521 733/594
f 733/594 627/521 367/525 661/595
f 659/591 733/594 661/595 368/592
f 312/361 571/369 734/596 664/597
f 571/369 350/375 662/598 734/596
f 734/596 662/598 291/599 663/600
f 664/597 734/596 663/600 292/601
f 350/375 623/518 735/602 662/598
f 623/518 348/512 665/603 735/602
f 735/602 665/603 293/604 666/605
f 662/598 735/602 666/605 291/599
f 348/512 620/510 736/606 665/603
f 620/510 346/504 667/607 736/606
f 736/606 667/607 294/608 668/609
f 665/603 736/606 668/609 293/604
f 346/504 617/502 737/610 667/607
f 617/502 344/496 669/611 737/610
f 737/610 669/611 295/612 670/613
f 667/607 737/610 670/613 294/608
f 344/496 614/494 738/614 669/611
f 614/494 342/488 671/615 738/614
f 738/614 671/615 296/616 672/617
f 669/611 738/614 672/617 295/612
f 342/488 611/486 739/618 671/615
f 611/486 340/480 673/619 739/618
f 739/618 673/619 297/620 563/621
f 671/615 739/618 563/621 296/616
f 340/480 608/478 740/622 673/619
f 608/478 338/472 674/623 740/622
f 740/622 674/623 298/624 564/625
f 673/619 740/622 564/625 297/620
f 338/472 605/470 741/626 674/623
f 605/470 336/464 675/627 741/626
f 741/626 675/627 299/628 676/629
f 674/623 741/626 676/629 298/624
f 336/464 602/462 742/630 675/627
f 602/462 334/456 677/631 742/630
f 742/630 677/631 300/632 678/633
f 675/627 742/630 678/633 299/628
f 334/456 599/454 743/634 677/631
f 599/454 332/448 679/635 743/634
f 743/634 679/635 301/636 680/637
f 677/631 743/634 680/637 300/632
f 332/448 596/446 744/638 679/635
f 596/446 330/440 681/639 744/638
f 744/638 681/639 302/640 682/641
f 679/635 744/638 682/641 301/636
f 330/440 593/438 745/642 681/639
f 593/438 328/432 683/643 745/642
f 745/642 683/643 303/644 684/645
f 681/639 745/642 684/645 302/640
f 328/432 590/430 746/646 683/643
f 590/430 326/424 685/647 746/646
f 746/646 685/647 304/648 686/649
f 683/643 746/646 686/649 303/644
f 326/424 587/422 747/650 685/647
f 587/422 324/416 687/651 747/650
f 747/650 687/651 305/652 688/653
f 685/647 747/650 688/653 304/648
f 324/416 584/414 748/654 687/651
f 584/414 322/408 689/655 748/654
f 748/654 689/655 306/656 690/657
f 687/651 748/654 690/657 305/652
f 322/408 581/406 749/658 689/655
f 581/406 320/405 691/659 749/658
f 749/658 691/659 307/660 692/661
f 689/655 749/658 692/661 306/656
f 320/396 578/394 750/662 691/663
f 578/394 318/388 693/664 750/662
f 750/662 693/664 308/665 694/666
f 691/663 750/662 694/666 307/660
f 318/388 575/386 751/667 693/664
f 575/386 316/380 427/668 751/667
f 751/667 427/668 309/669 428/670
f 693/664 751/667 428/670 308/665
f 316/380 572/378 752/671 427/668
f 572/378 314/364 429/672 752/671
f 752/671 429/672 310/673 430/674
f 427/668 752/671 430/674 309/669
f 314/364 566/362 753/675 429/672
f 566/362 312/361 664/597 753/675
f 753/675 664/597 292/601 431/676
f 429/672 753/675 431/676 310/673
f 339/483 613/485 754/677 652/577
f 613/485 341/491 432/678 754/677
f 754/677 432/678 352/679 433/680
f 652/577 754/677 433/680 351/578
f 341/491 616/493 755/681 432/678
f 616/493 343/499 656/581 755/681
f 755/681 656/581 353/585 434/682
f 432/678 755/681 434/682 352/679
f 380/683 435/684 756/685 438/686
f 435/687 379/688 436/689 756/690
f 756/690 436/689 386/691 437/692
f 438/686 756/685 437/693 385/694
f 379/688 435/687 757/695 441/696
f 435/684 380/683 439/697 757/698
f 757/698 439/697 381/699 440/700
f 441/696 757/695 440/701 382/702
f 382/702 440/701 758/703 444/704
f 440/700 381/699 442/705 758/706
f 758/706 442/705 383/707 443/708
f 444/704 758/703 443/709 384/710
f 384/710 443/709 759/711 447/712
f 443/708 383/707 445/713 759/714
f 759/714 445/713 416/715 446/716
f 447/712 759/711 446/717 417/718
f 385/694 437/693 760/719 450/720
f 437/692 386/691 448/721 760/722
f 760/722 448/721 388/723 449/724
f 450/720 760/719 449/725 387/726
f 387/726 449/725 761/727 453/728
f 449/724 388/723 451/729 761/730
f 761/730 451/729 390/731 452/732
f 453/728 761/727 452/733 389/734
f 389/734 452/733 762/735 456/736
f 452/732 390/731 454/737 762/738
f 762/738 454/737 392/739 455/740
f 456/736 762/735 455/741 391/742
f 391/742 455/741 763/743 459/744
f 455/740 392/739 457/745 763/746
f 763/746 457/745 394/747 458/748
f 459/744 763/743 458/749 393/750
f 393/750 458/749 764/751 462/752
f 458/748 394/747 460/753 764/754
f 764/754 460/753 396/755 461/756
f 462/752 764/751 461/757 395/758
f 395/758 461/757 765/759 465/760
f 461/756 396/755 463/761 765/762
f 765/762 463/761 398/763 464/764
f 465/760 765/759 464/765 397/766
f 397/766 464/765 766/767 468/768
f 464/764 398/763 466/769 766/770
f 766/770 466/769 400/771 467/772
f 468/768 766/767 467/773 399/774
f 399/774 467/773 767/775 471/776
f 467/772 400/771 469/777 767/778
f 767/778 469/777 402/779 470/780
f 471/776 767/775 470/781 401/782
f 401/782 470/781 768/783 474/784
f 470/780 402/779 472/785 768/786
f 768/786 472/785 371/787 473/788
f 474/784 768/783 473/789 403/790
f 403/791 473/792 769/793 477/794
f 473/788 371/787 475/795 769/796
f 769/796 475/795 405/797 476/798
f 477/794 769/793 476/799 404/800
f 404/800 476/799 770/801 480/802
f 476/798 405/797 478/803 770/804
f 770/804 478/803 407/805 479/806
f 480/802 770/801 479/807 406/808
f 406/808 479/807 771/809 483/810
f 479/806 407/805 481/811 771/812
f 771/812 481/811 409/813 482/814
f 483/810 771/809 482/815 408/816
f 408/816 482/815 772/817 486/818
f 482/814 409/813 484/819 772/820
f 772/820 484/819 411/821 485/822
f 486/818 772/817 485/823 410/824
f 410/824 485/823 773/825 489/826
f 485/822 411/821 487/827 773/828
f 773/828 487/827 413/829 488/830
f 489/826 773/825 488/831 412/832
f 412/832 488/831 774/833 492/834
f 488/830 413/829 490/835 774/836
f 774/836 490/835 415/837 491/838
f 492/834 774/833 491/839 414/840
f 414/840 491/839 775/841 494/842
f 491/838 415/837 493/843 775/844
f 775/844 493/843 417/718 446/717
f 494/842 775/841 446/716 416/715
f 351/578 433/680 776/845 496/846
f 433/680 352/679 495/847 776/845
f 776/845 495/847 381/699 439/697
f 496/846 776/845 439/697 380/683
f 352/679 434/682 777/848 495/847
f 434/682 353/585 497/849 777/848
f 777/848 497/849 383/707 442/705
f 495/847 777/848 442/705 381/699
f 354/574 653/579 778/850 498/851
f 653/579 351/578 496/846 778/850
f 778/850 496/846 380/683 438/686
f 498/851 778/850 438/686 385/694
f 355/570 651/575 779/852 499/853
f 651/575 354/574 498/851 779/852
f 779/852 498/851 385/694 450/720
f 499/853 779/852 450/720 387/726
f 356/566 649/571 780/854 500/855
f 649/571 355/570 499/853 780/854
f 780/854 499/853 387/726 453/728
f 500/855 780/854 453/728 389/734
f 357/562 647/567 781/856 501/857
f 647/567 356/566 500/855 781/856
f 781/856 500/855 389/734 456/736
f 501/857 781/856 456/736 391/742
f 358/558 645/563 782/858 502/859
f 645/563 357/562 501/857 782/858
f 782/858 501/857 391/742 459/744
f 502/859 782/858 459/744 393/750
f 359/554 643/559 783/860 503/861
f 643/559 358/558 502/859 783/860
f 783/860 502/859 393/750 462/752
f 503/861 783/860 462/752 395/758
f 360/550 641/555 784/862 504/863
f 641/555 359/554 503/861 784/862
f 784/862 503/861 395/758 465/760
f 504/863 784/862 465/760 397/766
f 361/546 639/551 785/864 505/865
f 639/551 360/550 504/863 785/864
f 785/864 504/863 397/766 468/768
f 505/865 785/864 468/768 399/774
f 362/541 637/547 786/866 506/867
f 637/547 361/546 505/865 786/866
f 786/866 505/865 399/774 471/776
f 506/867 786/866 471/776 401/782
f 363/543 635/542 787/868 507/869
f 635/542 362/541 506/867 787/868
f 787/868 506/867 401/782 474/784
f 507/869 787/868 474/784 403/790
f 364/532 633/537 788/870 508/871
f 633/537 363/536 507/872 788/870
f 788/870 507/872 403/791 477/794
f 508/871 788/870 477/794 404/800
f 365/528 631/533 789/873 509/874
f 631/533 364/532 508/871 789/873
f 789/873 508/871 404/800 480/802
f 509/874 789/873 480/802 406/808
f 366/523 629/529 790/875 510/876
f 629/529 365/528 509/874 790/875
f 790/875 509/874 406/808 483/810
f 510/876 790/875 483/810 408/816
f 367/525 626/524 791/877 511/878
f 626/524 366/523 510/876 791/877
f 791/877 510/876 408/816 486/818
f 511/878 791/877 486/818 410/824
f 368/592 661/595 792/879 512/880
f 661/595 367/525 511/878 792/879
f 792/879 511/878 410/824 489/826
f 512/880 792/879 489/826 412/832
f 369/588 660/593 793/881 513/882
f 660/593 368/592 512/880 793/881
f 793/881 512/880 412/832 492/834
f 513/882 793/881 492/834 414/840
f 370/583 658/589 794/883 514/884
f 658/589 369/588 513/882 794/883
f 794/883 513/882 414/840 494/842
f 514/884 794/883 494/842 416/715
f 353/585 655/584 795/885 497/849
f 655/584 370/583 514/884 795/885
f 795/885 514/884 416/715 445/713
f 497/849 795/885 445/713 383/707
f 371/787 515/886 796/887 475/795
f 515/886 372/888 516/889 796/887
f 796/887 516/889 407/805 478/803
f 475/795 796/887 478/803 405/797
f 373/890 517/891 797/892 519/893
f 517/891 374/894 518/895 797/892
f 797/892 518/895 411/821 484/819
f 519/893 797/892 484/819 409/813
f 372/888 520/896 798/897 516/889
f 520/896 373/890 519/893 798/897
f 798/897 519/893 409/813 481/811
f 516/889 798/897 481/811 407/805
f 375/898 521/899 799/900 523/901
f 521/899 376/902 522/903 799/900
f 799/900 522/903 415/837 490/835
f 523/901 799/900 490/835 413/829
f 374/894 524/904 800/905 518/895
f 524/904 375/898 523/901 800/905
f 800/905 523/901 413/829 487/827
f 518/895 800/905 487/827 411/821
f 377/906 525/907 801/908 527/909
f 525/907 378/910 526/911 801/908
f 801/908 526/911 384/710 447/712
f 527/909 801/908 447/712 417/718
f 376/902 528/912 802/913 522/903
f 528/912 377/906 527/909 802/913
f 802/913 527/909 417/718 493/843
f 522/903 802/913 493/843 415/837
f 382/702 444/704 803/914 441/696
f 444/704 384/710 526/911 803/914
f 803/914 526/911 378/910 529/915
f 441/696 803/914 529/915 379/688
f 400/771 530/916 804/917 469/777
f 530/916 372/888 515/886 804/917
f 804/917 515/886 371/787 472/785
f 469/777 804/917 472/785 402/779
f 398/763 531/918 805/919 466/769
f 531/918 373/890 520/896 805/919
f 805/919 520/896 372/888 530/916
f 466/769 805/919 530/916 400/771
f 396/755 532/920 806/921 463/761
f 532/920 374/894 517/891 806/921
f 806/921 517/891 373/890 531/918
f 463/761 806/921 531/918 398/763
f 394/747 533/922 807/923 460/753
f 533/922 375/898 524/904 807/923
f 807/923 524/904 374/894 532/920
f 460/753 807/923 532/920 396/755
f 392/739 534/924 808/925 457/745
f 534/924 376/902 521/899 808/925
f 808/925 521/899 375/898 533/922
f 457/745 808/925 533/922 394/747
f 390/731 535/926 809/927 454/737
f 535/926 377/906 528/912 809/927
f 809/927 528/912 376/902 534/924
f 454/737 809/927 534/924 392/739
f 388/723 536/928 810/929 451/729
f 536/928 378/910 525/907 810/929
f 810/929 525/907 377/906 535/926
f 451/729 810/929 535/926 390/731
f 379/688 529/915 811/930 436/689
f 529/915 378/910 536/928 811/930
f 811/930 536/928 388/723 448/721
f 436/689 811/930 448/721 386/691
f 418/351 537/931 812/932 562/352
f 537/931 419/933 538/934 812/932
f 812/932 538/934 295/935 672/936
f 562/352 812/932 672/936 296/353
f 419/933 539/937 813/938 538/934
f 539/937 420/939 540/940 813/938
f 813/938 540/940 294/941 670/942
f 538/934 813/938 670/942 295/935
f 421/943 541/944 814/945 543/946
f 541/944 422/947 542/948 814/945
f 814/945 542/948 291/949 666/950
f 543/946 814/945 666/950 293/951
f 420/939 544/952 815/953 540/940
f 544/952 421/943 543/946 815/953
f 815/953 543/946 293/951 668/954
f 540/940 815/953 668/954 294/941
f 292/955 545/956 816/957 431/958
f 545/956 423/959 546/960 816/957
f 816/957 546/960 424/961 547/962
f 431/958 816/957 547/962 310/963
f 292/955 663/964 817/965 545/956
f 663/964 291/949 542/948 817/965
f 817/965 542/948 422/947 548/966
f 545/956 817/965 548/966 423/959
f 308/967 549/968 818/969 694/970
f 549/968 426/971 550/972 818/969
f 818/969 550/972 306/973 692/974
f 694/970 818/969 692/974 307/975
f 310/963 547/962 819/976 430/977
f 547/962 424/961 551/978 819/976
f 819/976 551/978 425/979 552/980
f 430/977 819/976 552/980 309/981
f 309/981 552/980 820/982 428/983
f 552/980 425/979 553/984 820/982
f 820/982 553/984 426/971 549/968
f 428/983 820/982 549/968 308/967
f 299/985 554/986 821/987 676/988
f 554/986 419/933 537/931 821/987
f 821/987 537/931 418/351 561/348
f 676/988 821/987 561/348 298/347
f 300/989 555/990 822/991 678/992
f 555/990 420/939 539/937 822/991
f 822/991 539/937 419/933 554/986
f 678/992 822/991 554/986 299/985
f 301/993 556/994 823/995 680/996
f 556/994 421/943 544/952 823/995
f 823/995 544/952 420/939 555/990
f 680/996 823/995 555/990 300/989
f 302/997 557/998 824/999 682/1000
f 557/998 422/947 541/944 824/999
f 824/999 541/944 421/943 556/994
f 682/1000 824/999 556/994 301/993
f 423/959 548/966 825/1001 558/1002
f 548/966 422/947 557/998 825/1001
f 825/1001 557/998 302/997 684/1003
f 558/1002 825/1001 684/1003 303/1004
f 424/961 546/960 826/1005 559/1006
f 546/960 423/959 558/1002 826/1005
f 826/1005 558/1002 303/1004 686/1007
f 559/1006 826/1005 686/1007 304/1008
f 425/979 551/978 827/1009 560/1010
f 551/978 424/961 559/1006 827/1009
f 827/1009 559/1006 304/1008 688/1011
f 560/1010 827/1009 688/1011 305/1012
f 426/971 553/984 828/1013 550/972
f 553/984 425/979 560/1010 828/1013
f 828/1013 560/1010 305/1012 690/1014
f 550/972 828/1013 690/1014 306/973
v 4.530559 22.946980 0.000019
v 4.308815 22.946980 -1.529636
v 4.308815 22.946980 1.529598
v 3.665299 22.946980 2.909508
v 2.662988 22.946980 4.004574
v 1.383595 22.946980 4.705086
v -0.000014 21.651528 6.162624
v -1.383634 22.946980 4.705086
v -2.663002 22.946980 4.004574
v -3.665314 22.946980 2.909508
v -4.308834 22.946980 1.529598
v -4.530563 22.946980 0.000019
v -4.308834 22.946980 -1.529636
v -3.665314 22.946980 -2.909527
v -2.663002 22.946980 -4.004612
v -1.383634 22.946980 -4.705067
v -0.000014 21.651528 -6.162624
v 1.383595 22.946980 -4.705067
v 2.662988 22.946980 -4.004612
v 3.665299 22.946980 -2.909527
v 14.768348 14.406519 -4.798470
v 13.869748 13.039918 -4.506531
v 12.562709 14.406519 -9.127312
v 11.798329 13.039918 -8.571949
v 9.127316 14.406519 -12.562695
v 8.571978 13.039918 -11.798325
v 4.798517 14.406519 -14.768314
v 4.506545 13.039918 -13.869724
v -0.000014 14.406519 -15.528336
v -0.000014 13.039918 -14.583530
v -4.798532 14.406519 -14.768314
v -4.506555 13.039918 -13.869724
v -9.127331 14.406519 -12.562695
v -8.571973 13.039918 -11.798325
v -12.562695 14.406519 -9.127312
v -11.798315 13.039918 -8.571949
v -14.768353 14.406519 -4.798470
v -13.869762 13.039918 -4.506531
v -15.528364 14.406519 0.000038
v -14.583545 13.039918 0.000038
v -14.768353 14.406519 4.798527
v -13.869762 13.039918 4.506569
v -12.562695 14.406519 9.127350
v -11.798315 13.039918 8.571987
v -9.127331 14.406519 12.562714
v -8.571973 13.039918 11.798325
v -4.798532 14.406519 14.768333
v -4.506555 13.039918 13.869743
v -0.000014 14.406519 15.528336
v -0.000014 13.039918 14.583530
v 4.798517 14.406519 14.768333
v 4.506545 13.039918 13.869743
v 9.127316 14.406519 12.562714
v 8.571978 13.039918 11.798325
v 12.562690 14.406519 9.127350
v 11.798286 13.039918 8.571987
v 14.768348 14.406519 4.798527
v 13.869748 13.039918 4.506569
v 15.528350 14.406519 0.000038
v 14.583526 13.039918 0.000038
v -0.000014 31.224750 8.558216
v 2.644629 31.224750 8.139362
v 5.030379 31.224750 6.923771
v -2.644634 31.224750 8.139362
v -5.030394 31.224750 6.923771
v -6.923742 31.224750 5.030403
v -8.139343 31.224759 2.644634
v -8.558202 31.224759 0.000019
v -8.139343 31.224759 -2.644634
v -6.923742 31.224759 -5.030403
v -5.030394 31.224759 -6.923733
v -2.644634 31.224759 -8.139324
v -0.000014 31.224759 -8.558216
v 2.644639 31.224759 -8.139324
v 5.030379 31.224759 -6.923733
v 6.923747 31.224759 -5.030403
v 8.139358 31.224750 -2.644634
v 8.558226 31.224750 0.000019
v 8.139358 31.224750 2.644634
v 6.923747 31.224750 5.030403
v -0.000014 45.374778 -1.774197
v -0.000014 45.388430 -1.503582
v -0.000014 45.388430 -1.092415
v -0.000014 45.388430 -0.574322
v -0.000014 45.388430 0.000000
v -0.000014 45.388430 0.574322
v -0.000014 45.388430 1.092434
v -0.000014 45.388430 1.503601
v -0.000014 45.374778 1.774178
v -0.000014 43.644207 2.714062
v 0.838666 43.644207 2.581215
v 0.543556 45.364159 1.715755
v 1.595259 43.644207 2.195721
v 0.930996 45.374778 1.471710
v -0.838695 43.644207 2.581215
v -0.543561 45.364159 1.715755
v -1.595273 43.644207 2.195721
v -0.930982 45.374778 1.471710
v -2.195692 43.644207 1.595287
v -1.281395 45.374778 1.069260
v -2.581215 43.644207 0.838680
v -1.506381 45.374778 0.562134
v -2.714043 43.644207 0.000019
v -1.583915 45.374778 0.000000
v -2.581215 43.644207 -0.838661
v -1.506381 45.374778 -0.562153
v -2.195692 43.644207 -1.595268
v -1.281395 45.374778 -1.069241
v -1.595273 43.644207 -2.195702
v -0.930982 45.374778 -1.471653
v -0.838695 43.644207 -2.581215
v -0.543561 45.364159 -1.715755
v -0.000014 43.644207 -2.714043
v 0.838666 43.644207 -2.581215
v 0.543556 45.364159 -1.715755
v 1.595259 43.644207 -2.195702
v 0.930996 45.374778 -1.471653
v 2.195706 43.644207 -1.595268
v 1.281409 45.374778 -1.069241
v 2.581196 43.644207 -0.838661
v 1.506386 45.374778 -0.562153
v 2.714047 43.644207 0.000019
v 1.583920 45.374778 0.000000
v 2.581196 43.644207 0.838680
v 1.506386 45.374778 0.562134
v 2.195706 43.644207 1.595287
v 1.281409 45.374778 1.069260
v -0.000014 24.612530 3.127918
v -0.000014 24.612530 2.714405
v -0.000014 24.612530 1.972103
v -0.000014 24.612530 1.036816
v -0.000014 24.612530 0.000019
v -0.000014 24.612530 -1.036797
v -0.000014 24.612530 -1.972141
v -0.000014 24.612530 -2.714386
v -0.000014 24.612530 -3.127861
v 5.721660 17.950259 -7.875175
v 2.056656 22.946980 -4.410095
v 7.875209 17.950259 -5.721664
v 3.203349 22.946980 -3.499870
v 4.036446 22.946980 -2.247086
v 3.854856 22.034510 11.864090
v 1.338687 31.224750 8.452206
v 3.885036 31.224750 7.624836
v -0.000014 45.333817 1.861954
v -0.314293 45.374787 1.752186
v -0.575361 45.333817 1.770821
v -0.424533 43.644207 2.680416
v 0.424528 43.644207 2.680416
v 0.575366 45.333817 1.770821
v 0.314307 45.374787 1.752186
v 1.232047 43.644207 2.418060
v 1.094418 45.333817 1.506367
v 0.719028 45.374787 1.620731
v 1.918969 43.644207 1.918964
v 1.506348 45.333817 1.094418
v 1.119909 45.374787 1.286221
v -0.718994 45.374787 1.620731
v -1.094413 45.333817 1.506367
v -1.232033 43.644207 2.418060
v -1.119905 45.374787 1.286221
v -1.506343 45.333817 1.094418
v -1.918974 43.644207 1.918964
v -1.411161 45.374787 0.825787
v -1.770811 45.333817 0.575352
v -2.418041 43.644207 1.232071
v -1.564274 45.374787 0.284557
v -1.861944 45.333817 0.000000
v -2.680421 43.644207 0.424519
v -1.564274 45.374787 -0.284576
v -1.770811 45.333817 -0.575390
v -2.680421 43.644207 -0.424557
v -1.411161 45.374787 -0.825806
v -1.506343 45.333817 -1.094437
v -2.418041 43.644207 -1.232052
v -1.119905 45.374787 -1.286201
v -1.094413 45.333817 -1.506329
v -1.918974 43.644207 -1.918983
v -0.718994 45.374787 -1.620693
v -0.575361 45.333817 -1.770782
v -1.232033 43.644207 -2.418022
v -0.314293 45.374787 -1.752186
v -0.000014 45.333817 -1.861954
v -0.424533 43.644207 -2.680416
v 0.314307 45.374787 -1.752186
v 0.575366 45.333817 -1.770782
v 0.424528 43.644207 -2.680416
v 0.719028 45.374787 -1.620693
v 1.094418 45.333817 -1.506329
v 1.232047 43.644207 -2.418022
v 1.119909 45.374787 -1.286201
v 1.506348 45.333817 -1.094437
v 1.918969 43.644207 -1.918983
v 1.411166 45.374787 -0.825806
v 1.770816 45.333817 -0.575390
v 2.418036 43.644207 -1.232052
v 1.564288 45.374787 -0.284576
v 1.861939 45.333817 0.000000
v 2.680416 43.644207 -0.424557
v 1.564288 45.374787 0.284557
v 1.770816 45.333817 0.575352
v 2.680416 43.644207 0.424519
v 1.411166 45.374787 0.825787
v 2.418036 43.644207 1.232071
v 1.583838 38.684609 4.874554
v -0.000014 38.684609 5.125408
v 3.012648 38.684609 4.146576
v -1.583834 38.684609 4.874554
v -3.012643 38.684609 4.146576
v -4.146543 38.684609 3.012657
v -4.874563 38.684609 1.583824
v -5.125403 38.684609 0.000019
v -4.874563 38.684609 -1.583843
v -4.146543 38.684609 -3.012657
v -3.012643 38.684609 -4.146557
v -1.583834 38.684609 -4.874535
v -0.000014 38.684609 -5.125408
v 1.583838 38.684609 -4.874535
v 3.012648 38.684609 -4.146557
v 4.146557 38.684609 -3.012657
v 4.874558 38.684609 -1.583843
v 5.125427 38.684609 0.000019
v 4.874558 38.684609 1.583824
v 4.146557 38.684609 3.012657
v -0.000014 45.388430 -1.655846
v 0.525899 45.388430 -1.484947
v -0.000014 45.388430 -0.843678
v 0.850949 45.388430 -0.567226
v 0.723848 45.388430 -1.078892
v -0.000014 45.388430 -1.314087
v -0.000014 45.388430 0.290718
v 0.850949 45.388430 0.567207
v 0.894737 45.388430 0.000000
v -0.000014 45.388430 -0.290718
v -0.000014 45.388430 1.314106
v 0.525899 45.388430 1.484966
v 0.723848 45.388430 1.078911
v -0.000014 45.388430 0.843678
v -0.000014 45.388430 1.655865
v -0.525904 45.388430 -1.484947
v -0.723834 45.388430 -1.078892
v -0.850945 45.388430 -0.567226
v -0.894732 45.388430 0.000000
v -0.850945 45.388430 0.567207
v -0.723834 45.388430 1.078911
v -0.525904 45.388430 1.484966
v -0.000014 24.612530 2.989254
v 0.986056 24.612530 2.714405
v -0.000014 24.612530 2.372265
v 1.357207 24.612530 1.972103
v -0.000014 24.612530 0.524826
v 1.677589 24.612530 0.000019
v 1.595478 24.612530 1.036816
v -0.000014 24.612530 1.523075
v 1.595478 24.612530 -1.036797
v -0.000014 24.612530 -1.523113
v 1.357207 24.612530 -1.972141
v -0.000014 24.612530 -0.524826
v 0.452766 24.612530 -3.180542
v -0.452814 24.612530 -3.180542
v -0.000014 24.612530 -2.372303
v 0.986056 24.612530 -2.714386
v -0.000014 24.612530 -2.989235
v -0.986085 24.612530 2.714405
v -1.357212 24.612530 1.972103
v -1.595492 24.612530 1.036816
v -1.677594 24.612530 0.000019
v -1.595492 24.612530 -1.036797
v -1.357212 24.612530 -1.972141
v -0.986085 24.612530 -2.714386
v -0.452814 24.612530 3.180580
v 0.452766 24.612530 3.180580
v 0.643067 22.946980 4.878254
v -0.643082 22.946980 4.878254
v 15.571752 11.633490 -5.059547
v 12.993026 13.039918 -6.620274
v 13.246121 11.633490 -9.623852
v 13.834805 14.406529 -7.049141
v 15.335994 14.406519 -2.428932
v 16.373105 11.633490 0.000038
v 14.402881 13.039918 -2.281151
v 10.311317 13.039918 -10.311298
v 9.623847 11.633490 -13.246117
v 10.979357 14.406529 -10.979366
v 6.620278 13.039918 -12.993011
v 5.059557 11.633490 -15.571747
v 7.049189 14.406529 -13.834801
v 2.281189 13.039918 -14.402866
v -0.000014 11.633490 -16.373100
v 2.428966 14.406529 -15.335979
v -2.281194 13.039918 -14.402866
v -5.059571 11.633490 -15.571747
v -2.428970 14.406529 -15.335979
v -6.620274 13.039918 -12.993011
v -9.623852 11.633490 -13.246117
v -7.049184 14.406529 -13.834801
v -10.311313 13.039918 -10.311298
v -13.246121 11.633490 -9.623852
v -10.979362 14.406529 -10.979366
v -12.993011 13.039918 -6.620274
v -15.571752 11.633490 -5.059547
v -13.834801 14.406529 -7.049141
v -14.402895 13.039918 -2.281151
v -16.373105 11.633490 0.000038
v -15.336003 14.406529 -2.428932
v -14.402895 13.039918 2.281227
v -15.571752 11.633490 5.059566
v -15.336003 14.406529 2.429008
v -12.993031 13.039918 6.620274
v -13.246121 11.633490 9.623890
v -13.834801 14.406529 7.049179
v -10.311322 13.039918 10.311317
v -9.623852 11.633490 13.246098
v -10.979362 14.406519 10.979366
v -6.620274 13.039918 12.993031
v -5.059571 11.633490 15.571728
v -7.049184 14.406519 13.834820
v -2.281194 13.039918 14.402866
v -0.000014 11.633490 16.373100
v -2.428970 14.406519 15.335999
v 2.281189 13.039918 14.402866
v 5.059557 11.633490 15.571728
v 2.428946 14.406519 15.335999
v 6.620278 13.039918 12.993031
v 9.623847 11.633490 13.246098
v 7.049179 14.406519 13.834820
v 10.311317 13.039918 10.311317
v 13.246121 11.633490 9.623890
v 10.979357 14.406519 10.979366
v 12.993007 13.039918 6.620274
v 15.571752 11.633490 5.059566
v 13.834805 14.406529 7.049179
v 14.402881 13.039918 2.281227
v 15.335984 14.406519 2.429008
v 10.092187 22.034510 -7.332401
v 7.624836 31.224759 -3.885040
v 11.864066 22.034510 -3.854847
v 7.332387 22.034510 -10.092182
v 6.051106 31.224759 -6.051102
v 3.854856 22.034510 -11.864071
v 3.885036 31.224759 -7.624836
v -0.000014 22.034510 -12.474632
v 1.338687 31.224759 -8.452187
v -3.854871 22.034510 -11.864071
v -1.338692 31.224759 -8.452187
v -7.332401 22.034510 -10.092182
v -3.885045 31.224759 -7.624836
v -10.092182 22.034510 -7.332401
v -6.051092 31.224759 -6.051102
v -11.864095 22.034510 -3.854847
v -7.624841 31.224759 -3.885040
v -12.474632 22.034510 0.000038
v -8.452225 31.224759 -1.338673
v -11.864095 22.034510 3.854885
v -8.452225 31.224759 1.338711
v -10.092182 22.034510 7.332420
v -7.624841 31.224759 3.885059
v -7.332401 22.034510 10.092220
v -6.051092 31.224750 6.051140
v -3.854871 22.034510 11.864090
v -3.885045 31.224750 7.624836
v -0.000014 22.034510 12.474632
v -1.338692 31.224750 8.452206
v 10.092187 22.034510 7.332420
v 6.051106 31.224750 6.051140
v 7.332387 22.034510 10.092220
v 11.864066 22.034510 3.854885
v 7.624836 31.224759 3.885059
v 12.474637 22.034510 0.000038
v 8.452206 31.224750 1.338711
v 8.452206 31.224750 -1.338673
v 9.734268 17.950259 0.000019
v 4.474440 22.946980 -0.774250
v 9.257855 17.950259 -3.008060
v 9.257836 17.950259 3.008080
v 4.474440 22.946980 0.774307
v 7.875175 17.950259 5.721684
v 4.036446 22.946980 2.247066
v 5.721660 17.950259 7.875175
v 3.203349 22.946980 3.499889
v 3.008046 17.950259 9.257851
v 2.056656 22.946980 4.410095
v -0.000014 17.950259 9.734268
v -3.008075 17.950259 9.257851
v -5.721664 17.950259 7.875175
v -2.056684 22.946980 4.410095
v -7.875204 17.950259 5.721684
v -3.203354 22.946980 3.499889
v -9.257865 17.950259 3.008080
v -4.036474 22.946980 2.247066
v -9.734263 17.950259 0.000019
v -4.474444 22.946980 0.774307
v -9.257865 17.950259 -3.008060
v -4.474444 22.946980 -0.774250
v -7.875204 17.950259 -5.721664
v -4.036474 22.946980 -2.247086
v -5.721664 17.950259 -7.875175
v -3.203354 22.946980 -3.499870
v -3.008075 17.950259 -9.257812
v -2.056684 22.946980 -4.410095
v -0.000014 17.950259 -9.734268
v -0.643082 22.946980 -4.878254
v 3.008046 17.950259 -9.257812
v 0.643067 22.946980 -4.878254
v -0.000014 24.612530 3.272076
v 14.587417 11.633490 -7.432652
v 16.170287 11.633490 -2.561092
v 11.576648 11.633490 -11.576633
v 7.432666 11.633490 -14.587402
v 2.561107 11.633490 -16.170254
v -2.561121 11.633490 -16.170254
v -7.432652 11.633490 -14.587402
v -11.576643 11.633490 -11.576633
v -14.587421 11.633490 -7.432652
v -16.170282 11.633490 -2.561092
v -16.170282 11.633490 2.561150
v -14.587421 11.633490 7.432690
v -11.576643 11.633490 11.576653
v -7.432652 11.633490 14.587421
v -2.561121 11.633490 16.170292
v 2.561107 11.633490 16.170292
v 7.432647 11.633490 14.587421
v 11.576648 11.633490 11.576653
v 14.587417 11.633490 7.432690
v 16.170287 11.633490 2.561150
v 11.114125 22.034510 -5.662899
v 8.820210 22.034510 -8.820190
v 5.662928 22.034510 -11.114120
v 1.951308 22.034510 -12.320080
v -1.951294 22.034510 -12.320080
v -5.662913 22.034510 -11.114120
v -8.820205 22.034510 -8.820190
v -11.114135 22.034510 -5.662899
v -12.320085 22.034510 -1.951294
v -12.320085 22.034510 1.951313
v -11.114135 22.034510 5.662937
v -8.820205 22.034510 8.820210
v -5.662913 22.034510 11.114140
v -1.951294 22.034510 12.320118
v 8.820210 22.034510 8.820210
v 11.114125 22.034510 5.662937
v 12.320094 22.034510 1.951313
v 12.320094 22.034510 -1.951294
v 9.613667 17.950259 -1.522636
v 9.613667 17.950259 1.522675
v 8.672647 17.950259 4.418926
v 6.882648 17.950259 6.882629
v 4.418907 17.950259 8.672638
v 1.522646 17.950259 9.613686
v -1.522675 17.950259 9.613686
v -4.418931 17.950259 8.672638
v -6.882653 17.950259 6.882629
v -8.672652 17.950259 4.418926
v -9.613690 17.950259 1.522675
v -9.613690 17.950259 -1.522636
v -8.672652 17.950259 -4.418907
v -6.882653 17.950259 -6.882629
v -4.418931 17.950259 -8.672600
v -1.522675 17.950259 -9.613667
v 1.522646 17.950259 -9.613667
v 4.418907 17.950259 -8.672600
v 6.882648 17.950259 -6.882629
v 8.672647 17.950259 -4.418907
v 1.951299 22.034510 12.320118
v 5.662918 22.034510 11.114140
v -0.291243 45.333817 1.838875
v 0.291238 45.333817 1.838875
v 0.845227 45.333817 1.658878
v 1.316485 45.333817 1.316509
v -0.845222 45.333817 1.658878
v -1.316495 45.333817 1.316509
v -1.658874 45.333817 0.845242
v -1.838884 45.333817 0.291252
v -1.838884 45.333817 -0.291252
v -1.658874 45.333817 -0.845242
v -1.316495 45.333817 -1.316471
v -0.845222 45.333817 -1.658840
v -0.291243 45.333817 -1.838875
v 0.291238 45.333817 -1.838875
v 0.845227 45.333817 -1.658840
v 1.316485 45.333817 -1.316471
v 1.658878 45.333817 -0.845242
v 1.838880 45.333817 -0.291252
v 1.838880 45.333817 0.291252
v 1.658878 45.333817 0.845242
v 0.801716 38.684609 5.061932
v 2.326708 38.684609 4.566441
v -0.801735 38.684609 5.061932
v -2.326694 38.684609 4.566441
v -3.623934 38.684609 3.623943
v -4.566422 38.684609 2.326717
v -5.061913 38.684609 0.801716
v -5.061913 38.684609 -0.801697
v -4.566422 38.684609 -2.326679
v -3.623934 38.684609 -3.623924
v -2.326694 38.684609 -4.566402
v -0.801735 38.684609 -5.061913
v 0.801716 38.684609 -5.061913
v 2.326708 38.684609 -4.566402
v 3.623939 38.684609 -3.623924
v 4.566436 38.684609 -2.326679
v 5.061936 38.684609 -0.801697
v 5.061908 38.684609 0.801716
v 4.566436 38.684609 2.326717
v 3.623939 38.684609 3.623943
v 0.406156 45.388430 -1.635323
v 0.797157 45.388430 -0.833225
v 0.632629 45.388430 -1.297817
v 0.883646 45.388430 0.287113
v 0.883646 45.388430 -0.287113
v 0.632629 45.388430 1.297798
v 0.797157 45.388430 0.833225
v 0.406156 45.388430 1.635361
v -0.406175 45.388430 -1.635323
v -0.632610 45.388430 -1.297817
v -0.797153 45.388430 -0.833225
v -0.883641 45.388430 -0.287113
v -0.883641 45.388430 0.287113
v -0.797153 45.388430 0.833225
v -0.632610 45.388430 1.297798
v -0.406175 45.388430 1.635361
v 0.761538 24.612530 2.989254
v 1.186137 24.612530 2.372265
v 1.656785 24.612530 0.524826
v 1.494637 24.612530 1.523075
v 1.494637 24.612530 -1.523113
v 1.656785 24.612530 -0.524826
v -0.000014 24.612530 -3.272057
v 1.186137 24.612530 -2.372303
v 0.761538 24.612530 -2.989235
v -0.761561 24.612530 2.989254
v -1.186152 24.612530 2.372265
v -1.494613 24.612530 1.523075
v -1.656814 24.612530 0.524826
v -1.656814 24.612530 -0.524826
v -1.494613 24.612530 -1.523113
v -1.186152 24.612530 -2.372303
v -0.761561 24.612530 -2.989235
vt 0.636187 0.929880
vt 0.643994 0.913801
vt 0.647277 0.914330
vt 0.642246 0.931179
vt 0.647277 0.913558
vt 0.650559 0.913800
vt 0.658366 0.929880
vt 0.652307 0.931179
vt 0.647276 0.944636
vt 0.600381 0.403142
vt 0.614801 0.387460
vt 0.628567 0.400944
vt 0.613204 0.415705
vt 0.662692 0.288959
vt 0.678980 0.292784
vt 0.676055 0.309417
vt 0.659442 0.307438
vt 0.674996 0.326274
vt 0.658264 0.326161
vt 0.641463 0.415243
vt 0.625217 0.429026
vt 0.668002 0.270961
vt 0.683760 0.276585
vt 0.586791 0.391399
vt 0.600210 0.374853
vt 0.572496 0.380516
vt 0.584861 0.363168
vt 0.675285 0.253666
vt 0.690313 0.261020
vt 0.653431 0.430301
vt 0.636369 0.443058
vt 0.675836 0.343142
vt 0.659196 0.344896
vt 0.678536 0.359815
vt 0.662193 0.363410
vt 0.664436 0.446040
vt 0.646630 0.457738
vt 0.674433 0.462389
vt 0.655963 0.473006
vt 0.683082 0.376081
vt 0.667241 0.381474
vt 0.689394 0.391744
vt 0.674251 0.398879
vt 0.683418 0.479247
vt 0.664371 0.488791
vt 0.691401 0.496513
vt 0.671862 0.505032
vt 0.697418 0.406588
vt 0.683190 0.415408
vt 0.707049 0.420403
vt 0.694015 0.430837
vt 0.698491 0.514065
vt 0.678518 0.521648
vt 0.129214 0.521636
vt 0.109244 0.514048
vt 0.116337 0.496498
vt 0.135875 0.505021
vt 0.958851 0.430849
vt 0.945818 0.420415
vt 0.955451 0.406600
vt 0.969676 0.415421
vt 0.963477 0.391756
vt 0.978618 0.398892
vt 0.124323 0.479235
vt 0.143368 0.488783
vt 0.133309 0.462380
vt 0.151777 0.472999
vt 0.969790 0.376094
vt 0.985632 0.381486
vt 0.974339 0.359827
vt 0.990680 0.363423
vt 0.143307 0.446034
vt 0.161112 0.457734
vt 0.154312 0.430299
vt 0.171374 0.443058
vt 0.977040 0.343154
vt 0.993680 0.344909
vt 0.977880 0.326284
vt 0.994613 0.326173
vt 0.166280 0.415244
vt 0.182525 0.429030
vt 0.179176 0.400949
vt 0.194538 0.415712
vt 0.976822 0.309427
vt 0.993436 0.307448
vt 0.973897 0.292791
vt 0.990187 0.288966
vt 0.192942 0.387468
vt 0.207360 0.403153
vt 0.207528 0.374866
vt 0.220948 0.391414
vt 0.969117 0.276592
vt 0.984874 0.270968
vt 0.962562 0.261026
vt 0.977591 0.253671
vt 0.222874 0.363183
vt 0.235240 0.380532
vt 0.238922 0.352479
vt 0.250190 0.370559
vt 0.954292 0.246301
vt 0.968400 0.237309
vt 0.944434 0.232590
vt 0.957448 0.222074
vt 0.255607 0.342782
vt 0.265732 0.361526
vt 0.272866 0.334141
vt 0.281810 0.353477
vt 0.933094 0.220079
vt 0.944849 0.208173
vt 0.920435 0.208906
vt 0.930788 0.195761
vt 0.290629 0.326580
vt 0.298357 0.346434
vt 0.308827 0.320139
vt 0.315314 0.340433
vt 0.906603 0.199226
vt 0.915426 0.185010
vt 0.891786 0.191136
vt 0.898974 0.176026
vt 0.327390 0.314831
vt 0.332609 0.335486
vt 0.346248 0.310685
vt 0.350179 0.331624
vt 0.876158 0.184752
vt 0.881625 0.168939
vt 0.859924 0.180127
vt 0.863606 0.163805
vt 0.365326 0.307708
vt 0.367955 0.328849
vt 0.384555 0.305922
vt 0.385871 0.327186
vt 0.843277 0.177340
vt 0.845129 0.160711
vt 0.826425 0.176397
vt 0.826426 0.159664
vt 0.403855 0.305322
vt 0.403857 0.326626
vt 0.423157 0.305920
vt 0.421842 0.327183
vt 0.809573 0.177335
vt 0.807722 0.160706
vt 0.792926 0.180122
vt 0.789245 0.163798
vt 0.442384 0.307704
vt 0.439758 0.328845
vt 0.461464 0.310677
vt 0.457537 0.331615
vt 0.776693 0.184745
vt 0.771226 0.168932
vt 0.761069 0.191129
vt 0.753879 0.176020
vt 0.480326 0.314820
vt 0.475108 0.335476
vt 0.498890 0.320127
vt 0.492407 0.340421
vt 0.746255 0.199220
vt 0.737430 0.185005
vt 0.732427 0.208901
vt 0.722072 0.195757
vt 0.517093 0.326567
vt 0.509367 0.346420
vt 0.534858 0.334124
vt 0.525916 0.353461
vt 0.719772 0.220073
vt 0.708015 0.208168
vt 0.708435 0.232584
vt 0.695420 0.222069
vt 0.552121 0.342764
vt 0.541997 0.361509
vt 0.568808 0.352460
vt 0.557542 0.370542
vt 0.698580 0.246295
vt 0.684471 0.237304
vt 0.569780 0.457669
vt 0.559603 0.447686
vt 0.579321 0.468269
vt 0.523469 0.515919
vt 0.516956 0.508662
vt 0.510011 0.501832
vt 0.588185 0.479455
vt 0.596350 0.491180
vt 0.535085 0.531629
vt 0.529517 0.523586
vt 0.603785 0.503406
vt 0.610481 0.516082
vt 0.544676 0.548737
vt 0.540142 0.540024
vt 0.616431 0.529157
vt 0.621659 0.542557
vt 0.552080 0.566989
vt 0.548661 0.557738
vt 0.191297 0.529162
vt 0.186068 0.542560
vt 0.197248 0.516089
vt 0.263051 0.548753
vt 0.259066 0.557753
vt 0.255647 0.567003
vt 0.203946 0.503414
vt 0.211380 0.491191
vt 0.272644 0.531645
vt 0.267587 0.540039
vt 0.219547 0.479468
vt 0.228413 0.468284
vt 0.284262 0.515936
vt 0.278212 0.523603
vt 0.237955 0.457685
vt 0.248131 0.447703
vt 0.297723 0.501851
vt 0.290777 0.508678
vt 0.258910 0.438381
vt 0.270243 0.429746
vt 0.312811 0.489580
vt 0.305079 0.495479
vt 0.282093 0.421838
vt 0.294411 0.414676
vt 0.329292 0.479299
vt 0.320895 0.484184
vt 0.307151 0.408297
vt 0.320265 0.402715
vt 0.346915 0.471148
vt 0.337978 0.474950
vt 0.333701 0.397960
vt 0.347405 0.394040
vt 0.365406 0.465239
vt 0.356070 0.467909
vt 0.361328 0.390980
vt 0.375414 0.388781
vt 0.384487 0.461661
vt 0.374891 0.463157
vt 0.389610 0.387463
vt 0.403861 0.387019
vt 0.403865 0.460461
vt 0.394157 0.460763
vt 0.474027 0.397948
vt 0.460320 0.394031
vt 0.487464 0.402702
vt 0.460818 0.471136
vt 0.451661 0.467898
vt 0.442324 0.465232
vt 0.500579 0.408282
vt 0.513320 0.414659
vt 0.478441 0.479284
vt 0.469755 0.474937
vt 0.525639 0.421821
vt 0.537491 0.429728
vt 0.494923 0.489563
vt 0.486840 0.484167
vt 0.548826 0.438363
vt 0.502655 0.495460
vt 0.731530 0.293649
vt 0.728361 0.304400
vt 0.735876 0.283321
vt 0.783500 0.306643
vt 0.781265 0.311886
vt 0.779584 0.317308
vt 0.741361 0.273552
vt 0.747903 0.264454
vt 0.789506 0.297006
vt 0.786263 0.301660
vt 0.755432 0.256151
vt 0.763842 0.248733
vt 0.797249 0.288957
vt 0.793188 0.292754
vt 0.773038 0.242304
vt 0.782894 0.236927
vt 0.806289 0.282937
vt 0.801636 0.285673
vt 0.793295 0.232684
vt 0.804105 0.229608
vt 0.816284 0.279243
vt 0.811154 0.280783
vt 0.815194 0.227754
vt 0.826422 0.227129
vt 0.826423 0.264938
vt 0.821753 0.278348
vt 0.837651 0.227757
vt 0.848742 0.229613
vt 0.836568 0.279248
vt 0.831094 0.278351
vt 0.859555 0.232689
vt 0.869961 0.236934
vt 0.846573 0.282946
vt 0.841703 0.280791
vt 0.879821 0.242309
vt 0.889021 0.248739
vt 0.855622 0.288970
vt 0.851230 0.285685
vt 0.897435 0.256157
vt 0.904968 0.264461
vt 0.863368 0.297018
vt 0.859685 0.292765
vt 0.911513 0.273559
vt 0.917000 0.283329
vt 0.869377 0.306655
vt 0.866614 0.301672
vt 0.921347 0.293657
vt 0.924517 0.304407
vt 0.873294 0.317316
vt 0.871613 0.311895
vt 0.926455 0.315450
vt 0.927152 0.326645
vt 0.874893 0.328379
vt 0.874390 0.322837
vt 0.926588 0.337852
vt 0.924787 0.348933
vt 0.874088 0.339234
vt 0.874788 0.333868
vt 0.921760 0.359746
vt 0.917560 0.370157
vt 0.870842 0.349427
vt 0.872792 0.344411
vt 0.912227 0.380034
vt 0.905849 0.389273
vt 0.875902 0.366234
vt 0.868168 0.354320
vt 0.740645 0.380027
vt 0.747021 0.389265
vt 0.735313 0.370149
vt 0.782032 0.349421
vt 0.784707 0.354314
vt 0.776971 0.366229
vt 0.731114 0.359737
vt 0.728088 0.348925
vt 0.778786 0.339228
vt 0.780082 0.344407
vt 0.726288 0.337844
vt 0.725725 0.326637
vt 0.777985 0.328372
vt 0.778087 0.333862
vt 0.726424 0.315442
vt 0.778487 0.322830
vt 0.418111 0.387462
vt 0.432308 0.388777
vt 0.423243 0.461657
vt 0.413573 0.460762
vt 0.446395 0.390974
vt 0.432838 0.463151
vt 0.403872 0.561402
vt 0.403872 0.575323
vt 0.401327 0.575400
vt 0.400481 0.561505
vt 0.122955 0.260505
vt 0.122955 0.261217
vt 0.120646 0.261380
vt 0.120802 0.260673
vt 0.118956 0.261638
vt 0.118705 0.261185
vt 0.398792 0.575627
vt 0.397102 0.561810
vt 0.125108 0.260673
vt 0.125265 0.261380
vt 0.407264 0.561504
vt 0.406420 0.575399
vt 0.410642 0.561807
vt 0.408955 0.575625
vt 0.127205 0.261185
vt 0.126954 0.261638
vt 0.129195 0.262015
vt 0.128239 0.262350
vt 0.413995 0.562315
vt 0.411470 0.576005
vt 0.417306 0.563021
vt 0.413952 0.576529
vt 0.131027 0.263155
vt 0.129797 0.263445
vt 0.132658 0.264564
vt 0.131185 0.264810
vt 0.420563 0.563925
vt 0.416392 0.577203
vt 0.423753 0.565018
vt 0.418778 0.578018
vt 0.134051 0.266208
vt 0.132372 0.266407
vt 0.396279 0.576006
vt 0.393753 0.562317
vt 0.117671 0.262350
vt 0.116715 0.262017
vt 0.116112 0.263445
vt 0.114882 0.263154
vt 0.393797 0.576533
vt 0.390444 0.563024
vt 0.391360 0.577207
vt 0.387188 0.563927
vt 0.114722 0.264809
vt 0.113250 0.264563
vt 0.113533 0.266406
vt 0.111855 0.266205
vt 0.388972 0.578022
vt 0.383999 0.565021
vt 0.386647 0.578976
vt 0.380890 0.566304
vt 0.112579 0.268199
vt 0.110735 0.268046
vt 0.111880 0.270141
vt 0.109914 0.270037
vt 0.384392 0.580063
vt 0.377871 0.567767
vt 0.382218 0.581276
vt 0.374955 0.569404
vt 0.111454 0.272185
vt 0.109414 0.272133
vt 0.111309 0.274281
vt 0.109244 0.274281
vt 0.380132 0.582607
vt 0.372151 0.571206
vt 0.378144 0.584050
vt 0.369474 0.573167
vt 0.111453 0.276377
vt 0.109413 0.276428
vt 0.111879 0.278421
vt 0.109913 0.278524
vt 0.376259 0.585594
vt 0.366930 0.575273
vt 0.374491 0.587230
vt 0.364529 0.577518
vt 0.112580 0.280361
vt 0.110736 0.280515
vt 0.113534 0.282153
vt 0.111855 0.282354
vt 0.372840 0.588946
vt 0.362279 0.579891
vt 0.371318 0.590730
vt 0.360192 0.582382
vt 0.114723 0.283749
vt 0.113250 0.283995
vt 0.116113 0.285112
vt 0.114882 0.285403
vt 0.369929 0.592572
vt 0.358274 0.584980
vt 0.368686 0.594461
vt 0.356537 0.587681
vt 0.117672 0.286204
vt 0.116716 0.286541
vt 0.118957 0.286916
vt 0.118706 0.287370
vt 0.367599 0.596395
vt 0.354999 0.590473
vt 0.366689 0.598373
vt 0.353690 0.593355
vt 0.120646 0.287174
vt 0.120802 0.287882
vt 0.122955 0.287339
vt 0.122955 0.288051
vt 0.365967 0.600401
vt 0.352655 0.596319
vt 0.455075 0.596305
vt 0.441764 0.600390
vt 0.441041 0.598362
vt 0.454039 0.593342
vt 0.125265 0.287174
vt 0.125108 0.287882
vt 0.126954 0.286917
vt 0.127205 0.287371
vt 0.440131 0.596382
vt 0.452731 0.590459
vt 0.439044 0.594448
vt 0.451194 0.587665
vt 0.128239 0.286205
vt 0.129195 0.286539
vt 0.129797 0.285110
vt 0.131027 0.285400
vt 0.437801 0.592555
vt 0.449457 0.584964
vt 0.436413 0.590713
vt 0.447539 0.582365
vt 0.131186 0.283746
vt 0.132658 0.283991
vt 0.132373 0.282149
vt 0.134052 0.282350
vt 0.434891 0.588927
vt 0.445453 0.579875
vt 0.433241 0.587212
vt 0.443206 0.577502
vt 0.133326 0.280358
vt 0.135170 0.280511
vt 0.134025 0.278417
vt 0.135991 0.278521
vt 0.431474 0.585576
vt 0.440808 0.575258
vt 0.429594 0.584035
vt 0.438267 0.573153
vt 0.134450 0.276374
vt 0.136490 0.276427
vt 0.134594 0.274280
vt 0.136659 0.274280
vt 0.427609 0.582593
vt 0.435593 0.571194
vt 0.425526 0.581264
vt 0.432793 0.569394
vt 0.134450 0.272185
vt 0.136490 0.272134
vt 0.134025 0.270141
vt 0.135991 0.270039
vt 0.423355 0.580053
vt 0.429880 0.567760
vt 0.421103 0.578970
vt 0.426863 0.566299
vt 0.133325 0.268200
vt 0.135170 0.268048
vt 0.409813 0.521024
vt 0.403869 0.520842
vt 0.415736 0.521570
vt 0.421611 0.522478
vt 0.427419 0.523744
vt 0.397926 0.521027
vt 0.392005 0.521572
vt 0.386130 0.522482
vt 0.380323 0.523748
vt 0.374606 0.525371
vt 0.369001 0.527340
vt 0.363532 0.529653
vt 0.358217 0.532295
vt 0.353078 0.535260
vt 0.348133 0.538536
vt 0.343405 0.542114
vt 0.338908 0.545975
vt 0.334661 0.550110
vt 0.330683 0.554499
vt 0.326992 0.559132
vt 0.323600 0.563986
vt 0.320527 0.569046
vt 0.317791 0.574295
vt 0.315427 0.579717
vt 0.313495 0.585301
vt 0.492302 0.579705
vt 0.489939 0.574284
vt 0.494235 0.585290
vt 0.487206 0.569037
vt 0.484134 0.563975
vt 0.480744 0.559122
vt 0.477055 0.554490
vt 0.473078 0.550100
vt 0.468835 0.545964
vt 0.464340 0.542103
vt 0.459612 0.538526
vt 0.454667 0.535250
vt 0.449528 0.532284
vt 0.444212 0.529643
vt 0.438740 0.527332
vt 0.433135 0.525365
vt 0.122955 0.286462
vt 0.125939 0.286309
vt 0.122954 0.285343
vt 0.126818 0.285204
vt 0.122953 0.282318
vt 0.122953 0.280489
vt 0.128812 0.280411
vt 0.128274 0.282219
vt 0.122952 0.278507
vt 0.129206 0.278455
vt 0.122954 0.283949
vt 0.127603 0.283829
vt 0.122951 0.274280
vt 0.122952 0.272140
vt 0.129446 0.272166
vt 0.129528 0.274280
vt 0.122952 0.270052
vt 0.129206 0.270103
vt 0.122951 0.276420
vt 0.129446 0.276393
vt 0.122953 0.266238
vt 0.122953 0.264608
vt 0.127603 0.264728
vt 0.128273 0.266338
vt 0.122954 0.263213
vt 0.126818 0.263351
vt 0.122952 0.268069
vt 0.128811 0.268145
vt 0.125939 0.262246
vt 0.122955 0.262093
vt 0.119091 0.285204
vt 0.119971 0.286309
vt 0.117633 0.282220
vt 0.118305 0.283829
vt 0.116697 0.278456
vt 0.117094 0.280414
vt 0.116375 0.274281
vt 0.116457 0.276394
vt 0.116698 0.270104
vt 0.116457 0.272167
vt 0.117633 0.266337
vt 0.117093 0.268146
vt 0.119090 0.263351
vt 0.118304 0.264727
vt 0.119971 0.262246
vt 0.647276 0.912708
vt 0.652790 0.912580
vt 0.647276 0.910893
vt 0.654446 0.910836
vt 0.668862 0.924351
vt 0.663894 0.927567
vt 0.647276 0.908613
vt 0.655935 0.908621
vt 0.647276 0.905925
vt 0.657214 0.905974
vt 0.677002 0.915615
vt 0.673265 0.920328
vt 0.647276 0.899579
vt 0.647276 0.896082
vt 0.659464 0.896114
vt 0.659003 0.899636
vt 0.647276 0.892489
vt 0.659620 0.892490
vt 0.683908 0.892491
vt 0.683465 0.898628
vt 0.682152 0.904625
vt 0.647276 0.902888
vt 0.658245 0.902952
vt 0.679981 0.910333
vt 0.682152 0.880356
vt 0.659003 0.885343
vt 0.658245 0.882026
vt 0.679983 0.874647
vt 0.647276 0.885398
vt 0.647276 0.882089
vt 0.647276 0.879051
vt 0.657214 0.879002
vt 0.677003 0.869363
vt 0.683465 0.886353
vt 0.659464 0.888865
vt 0.647276 0.888896
vt 0.658366 0.855092
vt 0.650558 0.871172
vt 0.647276 0.870643
vt 0.652307 0.853793
vt 0.647276 0.871417
vt 0.643993 0.871172
vt 0.636185 0.855092
vt 0.642246 0.853793
vt 0.647276 0.840336
vt 0.655935 0.876353
vt 0.673266 0.864649
vt 0.647276 0.876362
vt 0.647276 0.874082
vt 0.654446 0.874137
vt 0.668863 0.860624
vt 0.652789 0.872392
vt 0.663895 0.857407
vt 0.647276 0.872268
vt 0.625690 0.924350
vt 0.640106 0.910837
vt 0.641763 0.912581
vt 0.630659 0.927567
vt 0.617550 0.915614
vt 0.637338 0.905974
vt 0.638617 0.908621
vt 0.621287 0.920328
vt 0.612400 0.904625
vt 0.635549 0.899636
vt 0.636307 0.902952
vt 0.614570 0.910332
vt 0.610644 0.892492
vt 0.634932 0.892490
vt 0.635088 0.896114
vt 0.611087 0.898629
vt 0.635089 0.888865
vt 0.635549 0.885343
vt 0.611087 0.886353
vt 0.612400 0.880357
vt 0.636306 0.882026
vt 0.637337 0.879002
vt 0.614569 0.874648
vt 0.617548 0.869364
vt 0.638617 0.876353
vt 0.640106 0.874137
vt 0.621284 0.864650
vt 0.625688 0.860624
vt 0.641762 0.872392
vt 0.630657 0.857407
f 836/1015 1099/1016 1233/1017 1102/1018
f 1099/1016 956/1019 1100/1020 1233/1017
f 1233/1017 1100/1020 834/1021 1101/1022
f 1102/1018 1233/1017 1101/1022 835/1023
f 849/1024 1103/1025 1234/1026 1106/1027
f 1103/1028 850/1029 1104/1030 1234/1031
f 1234/1031 1104/1030 852/1032 1105/1033
f 1106/1027 1234/1026 1105/1034 851/1035
f 850/1029 1103/1028 1235/1036 1109/1037
f 1103/1025 849/1024 1107/1038 1235/1039
f 1235/1039 1107/1038 887/1040 1108/1041
f 1109/1037 1235/1036 1108/1042 888/1043
f 851/1035 1105/1034 1236/1044 1112/1045
f 1105/1033 852/1032 1110/1046 1236/1047
f 1236/1047 1110/1046 854/1048 1111/1049
f 1112/1045 1236/1044 1111/1050 853/1051
f 853/1051 1111/1050 1237/1052 1115/1053
f 1111/1049 854/1048 1113/1054 1237/1055
f 1237/1055 1113/1054 856/1056 1114/1057
f 1115/1053 1237/1052 1114/1058 855/1059
f 855/1059 1114/1058 1238/1060 1118/1061
f 1114/1057 856/1056 1116/1062 1238/1063
f 1238/1063 1116/1062 858/1064 1117/1065
f 1118/1061 1238/1060 1117/1066 857/1067
f 857/1068 1117/1069 1239/1070 1121/1071
f 1117/1072 858/1073 1119/1074 1239/1075
f 1239/1075 1119/1074 860/1076 1120/1077
f 1121/1071 1239/1070 1120/1078 859/1079
f 859/1079 1120/1078 1240/1080 1124/1081
f 1120/1077 860/1076 1122/1082 1240/1083
f 1240/1083 1122/1082 862/1084 1123/1085
f 1124/1081 1240/1080 1123/1086 861/1087
f 861/1087 1123/1086 1241/1088 1127/1089
f 1123/1085 862/1084 1125/1090 1241/1091
f 1241/1091 1125/1090 864/1092 1126/1093
f 1127/1089 1241/1088 1126/1094 863/1095
f 863/1095 1126/1094 1242/1096 1130/1097
f 1126/1093 864/1092 1128/1098 1242/1099
f 1242/1099 1128/1098 866/1100 1129/1101
f 1130/1097 1242/1096 1129/1102 865/1103
f 865/1103 1129/1102 1243/1104 1133/1105
f 1129/1101 866/1100 1131/1106 1243/1107
f 1243/1107 1131/1106 868/1108 1132/1109
f 1133/1105 1243/1104 1132/1110 867/1111
f 867/1111 1132/1110 1244/1112 1136/1113
f 1132/1109 868/1108 1134/1114 1244/1115
f 1244/1115 1134/1114 870/1116 1135/1117
f 1136/1113 1244/1112 1135/1118 869/1119
f 869/1119 1135/1118 1245/1120 1139/1121
f 1135/1117 870/1116 1137/1122 1245/1123
f 1245/1123 1137/1122 872/1124 1138/1125
f 1139/1121 1245/1120 1138/1126 871/1127
f 871/1127 1138/1126 1246/1128 1142/1129
f 1138/1125 872/1124 1140/1130 1246/1131
f 1246/1131 1140/1130 874/1132 1141/1133
f 1142/1129 1246/1128 1141/1134 873/1135
f 873/1135 1141/1134 1247/1136 1145/1137
f 1141/1133 874/1132 1143/1138 1247/1139
f 1247/1139 1143/1138 876/1140 1144/1141
f 1145/1137 1247/1136 1144/1142 875/1143
f 875/1143 1144/1142 1248/1144 1148/1145
f 1144/1141 876/1140 1146/1146 1248/1147
f 1248/1147 1146/1146 878/1148 1147/1149
f 1148/1145 1248/1144 1147/1150 877/1151
f 877/1151 1147/1150 1249/1152 1151/1153
f 1147/1149 878/1148 1149/1154 1249/1155
f 1249/1155 1149/1154 880/1156 1150/1157
f 1151/1153 1249/1152 1150/1158 879/1159
f 879/1159 1150/1158 1250/1160 1154/1161
f 1150/1157 880/1156 1152/1162 1250/1163
f 1250/1163 1152/1162 882/1164 1153/1165
f 1154/1161 1250/1160 1153/1166 881/1167
f 881/1167 1153/1166 1251/1168 1157/1169
f 1153/1165 882/1164 1155/1170 1251/1171
f 1251/1171 1155/1170 884/1172 1156/1173
f 1157/1169 1251/1168 1156/1174 883/1175
f 883/1175 1156/1174 1252/1176 1160/1177
f 1156/1173 884/1172 1158/1178 1252/1179
f 1252/1179 1158/1178 886/1180 1159/1181
f 1160/1177 1252/1176 1159/1182 885/1183
f 885/1183 1159/1182 1253/1184 1162/1185
f 1159/1181 886/1180 1161/1186 1253/1187
f 1253/1187 1161/1186 888/1043 1108/1042
f 1162/1185 1253/1184 1108/1041 887/1040
f 849/1024 1106/1027 1254/1188 1165/1189
f 1106/1027 851/1035 1163/1190 1254/1188
f 1254/1188 1163/1190 904/1191 1164/1192
f 1165/1189 1254/1188 1164/1192 905/1193
f 851/1035 1112/1045 1255/1194 1163/1190
f 1112/1045 853/1051 1166/1195 1255/1194
f 1255/1194 1166/1195 903/1196 1167/1197
f 1163/1190 1255/1194 1167/1197 904/1191
f 853/1051 1115/1053 1256/1198 1166/1195
f 1115/1053 855/1059 1168/1199 1256/1198
f 1256/1198 1168/1199 902/1200 1169/1201
f 1166/1195 1256/1198 1169/1201 903/1196
f 855/1059 1118/1061 1257/1202 1168/1199
f 1118/1061 857/1067 1170/1203 1257/1202
f 1257/1202 1170/1203 901/1204 1171/1205
f 1168/1199 1257/1202 1171/1205 902/1200
f 857/1068 1121/1071 1258/1206 1170/1207
f 1121/1071 859/1079 1172/1208 1258/1206
f 1258/1206 1172/1208 900/1209 1173/1210
f 1170/1207 1258/1206 1173/1210 901/1211
f 859/1079 1124/1081 1259/1212 1172/1208
f 1124/1081 861/1087 1174/1213 1259/1212
f 1259/1212 1174/1213 899/1214 1175/1215
f 1172/1208 1259/1212 1175/1215 900/1209
f 861/1087 1127/1089 1260/1216 1174/1213
f 1127/1089 863/1095 1176/1217 1260/1216
f 1260/1216 1176/1217 898/1218 1177/1219
f 1174/1213 1260/1216 1177/1219 899/1214
f 863/1095 1130/1097 1261/1220 1176/1217
f 1130/1097 865/1103 1178/1221 1261/1220
f 1261/1220 1178/1221 897/1222 1179/1223
f 1176/1217 1261/1220 1179/1223 898/1218
f 865/1103 1133/1105 1262/1224 1178/1221
f 1133/1105 867/1111 1180/1225 1262/1224
f 1262/1224 1180/1225 896/1226 1181/1227
f 1178/1221 1262/1224 1181/1227 897/1222
f 867/1111 1136/1113 1263/1228 1180/1225
f 1136/1113 869/1119 1182/1229 1263/1228
f 1263/1228 1182/1229 895/1230 1183/1231
f 1180/1225 1263/1228 1183/1231 896/1226
f 869/1119 1139/1121 1264/1232 1182/1229
f 1139/1121 871/1127 1184/1233 1264/1232
f 1264/1232 1184/1233 894/1234 1185/1235
f 1182/1229 1264/1232 1185/1235 895/1230
f 871/1127 1142/1129 1265/1236 1184/1233
f 1142/1129 873/1135 1186/1237 1265/1236
f 1265/1236 1186/1237 893/1238 1187/1239
f 1184/1233 1265/1236 1187/1239 894/1234
f 873/1135 1145/1137 1266/1240 1186/1237
f 1145/1137 875/1143 1188/1241 1266/1240
f 1266/1240 1188/1241 892/1242 1189/1243
f 1186/1237 1266/1240 1189/1243 893/1238
f 875/1143 1148/1145 1267/1244 1188/1241
f 1148/1145 877/1151 1190/1245 1267/1244
f 1267/1244 1190/1245 889/1246 1191/1247
f 1188/1241 1267/1244 1191/1247 892/1242
f 881/1167 1157/1169 1268/1248 1194/1249
f 1157/1169 883/1175 1192/1250 1268/1248
f 1268/1248 1192/1250 908/1251 1193/1252
f 1194/1249 1268/1248 1193/1252 891/1253
f 883/1175 1160/1177 1269/1254 1192/1250
f 1160/1177 885/1183 1195/1255 1269/1254
f 1269/1254 1195/1255 907/1256 1196/1257
f 1192/1250 1269/1254 1196/1257 908/1251
f 885/1183 1162/1185 1270/1258 1195/1255
f 1162/1185 887/1040 1197/1259 1270/1258
f 1270/1258 1197/1259 906/1260 1198/1261
f 1195/1255 1270/1258 1198/1261 907/1256
f 887/1040 1107/1038 1271/1262 1197/1259
f 1107/1038 849/1024 1165/1189 1271/1262
f 1271/1262 1165/1189 905/1193 1199/1263
f 1197/1259 1271/1262 1199/1263 906/1260
f 850/1029 1109/1037 1272/1264 1202/1265
f 1109/1037 888/1043 1200/1266 1272/1264
f 1272/1264 1200/1266 829/1267 1201/1268
f 1202/1265 1272/1264 1201/1268 830/1269
f 888/1043 1161/1186 1273/1270 1200/1266
f 1161/1186 886/1180 1203/1271 1273/1270
f 1273/1270 1203/1271 831/1272 1204/1273
f 1200/1266 1273/1270 1204/1273 829/1267
f 886/1180 1158/1178 1274/1274 1203/1271
f 1158/1178 884/1172 1205/1275 1274/1274
f 1274/1274 1205/1275 832/1276 1206/1277
f 1203/1271 1274/1274 1206/1277 831/1272
f 884/1172 1155/1170 1275/1278 1205/1275
f 1155/1170 882/1164 1207/1279 1275/1278
f 1275/1278 1207/1279 833/1280 1208/1281
f 1205/1275 1275/1278 1208/1281 832/1276
f 882/1164 1152/1162 1276/1282 1207/1279
f 1152/1162 880/1156 1209/1283 1276/1282
f 1276/1282 1209/1283 834/1284 1210/1285
f 1207/1279 1276/1282 1210/1285 833/1280
f 880/1156 1149/1154 1277/1286 1209/1283
f 1149/1154 878/1148 1211/1287 1277/1286
f 1277/1286 1211/1287 835/1288 1101/1289
f 1209/1283 1277/1286 1101/1289 834/1284
f 878/1148 1146/1146 1278/1290 1211/1287
f 1146/1146 876/1140 1212/1291 1278/1290
f 1278/1290 1212/1291 836/1292 1102/1293
f 1211/1287 1278/1290 1102/1293 835/1288
f 876/1140 1143/1138 1279/1294 1212/1291
f 1143/1138 874/1132 1213/1295 1279/1294
f 1279/1294 1213/1295 837/1296 1214/1297
f 1212/1291 1279/1294 1214/1297 836/1292
f 874/1132 1140/1130 1280/1298 1213/1295
f 1140/1130 872/1124 1215/1299 1280/1298
f 1280/1298 1215/1299 838/1300 1216/1301
f 1213/1295 1280/1298 1216/1301 837/1296
f 872/1124 1137/1122 1281/1302 1215/1299
f 1137/1122 870/1116 1217/1303 1281/1302
f 1281/1302 1217/1303 839/1304 1218/1305
f 1215/1299 1281/1302 1218/1305 838/1300
f 870/1116 1134/1114 1282/1306 1217/1303
f 1134/1114 868/1108 1219/1307 1282/1306
f 1282/1306 1219/1307 840/1308 1220/1309
f 1217/1303 1282/1306 1220/1309 839/1304
f 868/1108 1131/1106 1283/1310 1219/1307
f 1131/1106 866/1100 1221/1311 1283/1310
f 1283/1310 1221/1311 841/1312 1222/1313
f 1219/1307 1283/1310 1222/1313 840/1308
f 866/1100 1128/1098 1284/1314 1221/1311
f 1128/1098 864/1092 1223/1315 1284/1314
f 1284/1314 1223/1315 842/1316 1224/1317
f 1221/1311 1284/1314 1224/1317 841/1312
f 864/1092 1125/1090 1285/1318 1223/1315
f 1125/1090 862/1084 1225/1319 1285/1318
f 1285/1318 1225/1319 843/1320 1226/1321
f 1223/1315 1285/1318 1226/1321 842/1316
f 862/1084 1122/1082 1286/1322 1225/1319
f 1122/1082 860/1076 1227/1323 1286/1322
f 1286/1322 1227/1323 844/1324 1228/1325
f 1225/1319 1286/1322 1228/1325 843/1320
f 860/1076 1119/1074 1287/1326 1227/1323
f 1119/1074 858/1073 1229/1327 1287/1326
f 1287/1326 1229/1327 845/1328 1230/1329
f 1227/1323 1287/1326 1230/1329 844/1324
f 858/1064 1116/1062 1288/1330 1229/1331
f 1116/1062 856/1056 1231/1332 1288/1330
f 1288/1330 1231/1332 846/1333 1232/1334
f 1229/1331 1288/1330 1232/1334 845/1335
f 856/1056 1113/1054 1289/1336 1231/1332
f 1113/1054 854/1048 965/1337 1289/1336
f 1289/1336 965/1337 847/1338 966/1339
f 1231/1332 1289/1336 966/1339 846/1333
f 854/1048 1110/1046 1290/1340 965/1337
f 1110/1046 852/1032 967/1341 1290/1340
f 1290/1340 967/1341 848/1342 968/1343
f 965/1337 1290/1340 968/1343 847/1338
f 852/1032 1104/1030 1291/1344 967/1341
f 1104/1030 850/1029 1202/1265 1291/1344
f 1291/1344 1202/1265 830/1269 969/1345
f 967/1341 1291/1344 969/1345 848/1342
f 877/1151 1151/1153 1292/1346 1190/1245
f 1151/1153 879/1159 970/1347 1292/1346
f 1292/1346 970/1347 890/1348 971/1349
f 1190/1245 1292/1346 971/1349 889/1246
f 879/1159 1154/1161 1293/1350 970/1347
f 1154/1161 881/1167 1194/1249 1293/1350
f 1293/1350 1194/1249 891/1253 972/1351
f 970/1347 1293/1350 972/1351 890/1348
f 918/1352 973/1353 1294/1354 976/1355
f 973/1356 917/1357 974/1358 1294/1359
f 1294/1359 974/1358 924/1360 975/1361
f 976/1355 1294/1354 975/1362 923/1363
f 917/1357 973/1356 1295/1364 979/1365
f 973/1353 918/1352 977/1366 1295/1367
f 1295/1367 977/1366 919/1368 978/1369
f 979/1365 1295/1364 978/1370 920/1371
f 920/1371 978/1370 1296/1372 982/1373
f 978/1369 919/1368 980/1374 1296/1375
f 1296/1375 980/1374 921/1376 981/1377
f 982/1373 1296/1372 981/1378 922/1379
f 922/1379 981/1378 1297/1380 985/1381
f 981/1377 921/1376 983/1382 1297/1383
f 1297/1383 983/1382 954/1384 984/1385
f 985/1381 1297/1380 984/1386 955/1387
f 923/1363 975/1362 1298/1388 988/1389
f 975/1361 924/1360 986/1390 1298/1391
f 1298/1391 986/1390 926/1392 987/1393
f 988/1389 1298/1388 987/1394 925/1395
f 925/1395 987/1394 1299/1396 991/1397
f 987/1393 926/1392 989/1398 1299/1399
f 1299/1399 989/1398 928/1400 990/1401
f 991/1397 1299/1396 990/1402 927/1403
f 927/1403 990/1402 1300/1404 994/1405
f 990/1401 928/1400 992/1406 1300/1407
f 1300/1407 992/1406 930/1408 993/1409
f 994/1405 1300/1404 993/1410 929/1411
f 929/1411 993/1410 1301/1412 997/1413
f 993/1409 930/1408 995/1414 1301/1415
f 1301/1415 995/1414 932/1416 996/1417
f 997/1413 1301/1412 996/1418 931/1419
f 931/1419 996/1418 1302/1420 1000/1421
f 996/1417 932/1416 998/1422 1302/1423
f 1302/1423 998/1422 934/1424 999/1425
f 1000/1421 1302/1420 999/1426 933/1427
f 933/1427 999/1426 1303/1428 1003/1429
f 999/1425 934/1424 1001/1430 1303/1431
f 1303/1431 1001/1430 936/1432 1002/1433
f 1003/1429 1303/1428 1002/1434 935/1435
f 935/1435 1002/1434 1304/1436 1006/1437
f 1002/1433 936/1432 1004/1438 1304/1439
f 1304/1439 1004/1438 938/1440 1005/1441
f 1006/1437 1304/1436 1005/1442 937/1443
f 937/1443 1005/1442 1305/1444 1009/1445
f 1005/1441 938/1440 1007/1446 1305/1447
f 1305/1447 1007/1446 940/1448 1008/1449
f 1009/1445 1305/1444 1008/1450 939/1451
f 939/1451 1008/1450 1306/1452 1012/1453
f 1008/1449 940/1448 1010/1454 1306/1455
f 1306/1455 1010/1454 909/1456 1011/1457
f 1012/1453 1306/1452 1011/1458 941/1459
f 941/1460 1011/1461 1307/1462 1015/1463
f 1011/1457 909/1456 1013/1464 1307/1465
f 1307/1465 1013/1464 943/1466 1014/1467
f 1015/1463 1307/1462 1014/1468 942/1469
f 942/1469 1014/1468 1308/1470 1018/1471
f 1014/1467 943/1466 1016/1472 1308/1473
f 1308/1473 1016/1472 945/1474 1017/1475
f 1018/1471 1308/1470 1017/1476 944/1477
f 944/1477 1017/1476 1309/1478 1021/1479
f 1017/1475 945/1474 1019/1480 1309/1481
f 1309/1481 1019/1480 947/1482 1020/1483
f 1021/1479 1309/1478 1020/1484 946/1485
f 946/1485 1020/1484 1310/1486 1024/1487
f 1020/1483 947/1482 1022/1488 1310/1489
f 1310/1489 1022/1488 949/1490 1023/1491
f 1024/1487 1310/1486 1023/1492 948/1493
f 948/1493 1023/1492 1311/1494 1027/1495
f 1023/1491 949/1490 1025/1496 1311/1497
f 1311/1497 1025/1496 951/1498 1026/1499
f 1027/1495 1311/1494 1026/1500 950/1501
f 950/1501 1026/1500 1312/1502 1030/1503
f 1026/1499 951/1498 1028/1504 1312/1505
f 1312/1505 1028/1504 953/1506 1029/1507
f 1030/1503 1312/1502 1029/1508 952/1509
f 952/1509 1029/1508 1313/1510 1032/1511
f 1029/1507 953/1506 1031/1512 1313/1513
f 1313/1513 1031/1512 955/1387 984/1386
f 1032/1511 1313/1510 984/1385 954/1384
f 889/1246 971/1349 1314/1514 1034/1515
f 971/1349 890/1348 1033/1516 1314/1514
f 1314/1514 1033/1516 919/1368 977/1366
f 1034/1515 1314/1514 977/1366 918/1352
f 890/1348 972/1351 1315/1517 1033/1516
f 972/1351 891/1253 1035/1518 1315/1517
f 1315/1517 1035/1518 921/1376 980/1374
f 1033/1516 1315/1517 980/1374 919/1368
f 892/1242 1191/1247 1316/1519 1036/1520
f 1191/1247 889/1246 1034/1515 1316/1519
f 1316/1519 1034/1515 918/1352 976/1355
f 1036/1520 1316/1519 976/1355 923/1363
f 893/1238 1189/1243 1317/1521 1037/1522
f 1189/1243 892/1242 1036/1520 1317/1521
f 1317/1521 1036/1520 923/1363 988/1389
f 1037/1522 1317/1521 988/1389 925/1395
f 894/1234 1187/1239 1318/1523 1038/1524
f 1187/1239 893/1238 1037/1522 1318/1523
f 1318/1523 1037/1522 925/1395 991/1397
f 1038/1524 1318/1523 991/1397 927/1403
f 895/1230 1185/1235 1319/1525 1039/1526
f 1185/1235 894/1234 1038/1524 1319/1525
f 1319/1525 1038/1524 927/1403 994/1405
f 1039/1526 1319/1525 994/1405 929/1411
f 896/1226 1183/1231 1320/1527 1040/1528
f 1183/1231 895/1230 1039/1526 1320/1527
f 1320/1527 1039/1526 929/1411 997/1413
f 1040/1528 1320/1527 997/1413 931/1419
f 897/1222 1181/1227 1321/1529 1041/1530
f 1181/1227 896/1226 1040/1528 1321/1529
f 1321/1529 1040/1528 931/1419 1000/1421
f 1041/1530 1321/1529 1000/1421 933/1427
f 898/1218 1179/1223 1322/1531 1042/1532
f 1179/1223 897/1222 1041/1530 1322/1531
f 1322/1531 1041/1530 933/1427 1003/1429
f 1042/1532 1322/1531 1003/1429 935/1435
f 899/1214 1177/1219 1323/1533 1043/1534
f 1177/1219 898/1218 1042/1532 1323/1533
f 1323/1533 1042/1532 935/1435 1006/1437
f 1043/1534 1323/1533 1006/1437 937/1443
f 900/1209 1175/1215 1324/1535 1044/1536
f 1175/1215 899/1214 1043/1534 1324/1535
f 1324/1535 1043/1534 937/1443 1009/1445
f 1044/1536 1324/1535 1009/1445 939/1451
f 901/1211 1173/1210 1325/1537 1045/1538
f 1173/1210 900/1209 1044/1536 1325/1537
f 1325/1537 1044/1536 939/1451 1012/1453
f 1045/1538 1325/1537 1012/1453 941/1459
f 902/1200 1171/1205 1326/1539 1046/1540
f 1171/1205 901/1204 1045/1541 1326/1539
f 1326/1539 1045/1541 941/1460 1015/1463
f 1046/1540 1326/1539 1015/1463 942/1469
f 903/1196 1169/1201 1327/1542 1047/1543
f 1169/1201 902/1200 1046/1540 1327/1542
f 1327/1542 1046/1540 942/1469 1018/1471
f 1047/1543 1327/1542 1018/1471 944/1477
f 904/1191 1167/1197 1328/1544 1048/1545
f 1167/1197 903/1196 1047/1543 1328/1544
f 1328/1544 1047/1543 944/1477 1021/1479
f 1048/1545 1328/1544 1021/1479 946/1485
f 905/1193 1164/1192 1329/1546 1049/1547
f 1164/1192 904/1191 1048/1545 1329/1546
f 1329/1546 1048/1545 946/1485 1024/1487
f 1049/1547 1329/1546 1024/1487 948/1493
f 906/1260 1199/1263 1330/1548 1050/1549
f 1199/1263 905/1193 1049/1547 1330/1548
f 1330/1548 1049/1547 948/1493 1027/1495
f 1050/1549 1330/1548 1027/1495 950/1501
f 907/1256 1198/1261 1331/1550 1051/1551
f 1198/1261 906/1260 1050/1549 1331/1550
f 1331/1550 1050/1549 950/1501 1030/1503
f 1051/1551 1331/1550 1030/1503 952/1509
f 908/1251 1196/1257 1332/1552 1052/1553
f 1196/1257 907/1256 1051/1551 1332/1552
f 1332/1552 1051/1551 952/1509 1032/1511
f 1052/1553 1332/1552 1032/1511 954/1384
f 891/1253 1193/1252 1333/1554 1035/1518
f 1193/1252 908/1251 1052/1553 1333/1554
f 1333/1554 1052/1553 954/1384 983/1382
f 1035/1518 1333/1554 983/1382 921/1376
f 909/1456 1053/1555 1334/1556 1013/1464
f 1053/1555 910/1557 1054/1558 1334/1556
f 1334/1556 1054/1558 945/1474 1016/1472
f 1013/1464 1334/1556 1016/1472 943/1466
f 911/1559 1055/1560 1335/1561 1057/1562
f 1055/1560 912/1563 1056/1564 1335/1561
f 1335/1561 1056/1564 949/1490 1022/1488
f 1057/1562 1335/1561 1022/1488 947/1482
f 910/1557 1058/1565 1336/1566 1054/1558
f 1058/1565 911/1559 1057/1562 1336/1566
f 1336/1566 1057/1562 947/1482 1019/1480
f 1054/1558 1336/1566 1019/1480 945/1474
f 913/1567 1059/1568 1337/1569 1061/1570
f 1059/1568 914/1571 1060/1572 1337/1569
f 1337/1569 1060/1572 953/1506 1028/1504
f 1061/1570 1337/1569 1028/1504 951/1498
f 912/1563 1062/1573 1338/1574 1056/1564
f 1062/1573 913/1567 1061/1570 1338/1574
f 1338/1574 1061/1570 951/1498 1025/1496
f 1056/1564 1338/1574 1025/1496 949/1490
f 915/1575 1063/1576 1339/1577 1065/1578
f 1063/1576 916/1579 1064/1580 1339/1577
f 1339/1577 1064/1580 922/1379 985/1381
f 1065/1578 1339/1577 985/1381 955/1387
f 914/1571 1066/1581 1340/1582 1060/1572
f 1066/1581 915/1575 1065/1578 1340/1582
f 1340/1582 1065/1578 955/1387 1031/1512
f 1060/1572 1340/1582 1031/1512 953/1506
f 920/1371 982/1373 1341/1583 979/1365
f 982/1373 922/1379 1064/1580 1341/1583
f 1341/1583 1064/1580 916/1579 1067/1584
f 979/1365 1341/1583 1067/1584 917/1357
f 938/1440 1068/1585 1342/1586 1007/1446
f 1068/1585 910/1557 1053/1555 1342/1586
f 1342/1586 1053/1555 909/1456 1010/1454
f 1007/1446 1342/1586 1010/1454 940/1448
f 936/1432 1069/1587 1343/1588 1004/1438
f 1069/1587 911/1559 1058/1565 1343/1588
f 1343/1588 1058/1565 910/1557 1068/1585
f 1004/1438 1343/1588 1068/1585 938/1440
f 934/1424 1070/1589 1344/1590 1001/1430
f 1070/1589 912/1563 1055/1560 1344/1590
f 1344/1590 1055/1560 911/1559 1069/1587
f 1001/1430 1344/1590 1069/1587 936/1432
f 932/1416 1071/1591 1345/1592 998/1422
f 1071/1591 913/1567 1062/1573 1345/1592
f 1345/1592 1062/1573 912/1563 1070/1589
f 998/1422 1345/1592 1070/1589 934/1424
f 930/1408 1072/1593 1346/1594 995/1414
f 1072/1593 914/1571 1059/1568 1346/1594
f 1346/1594 1059/1568 913/1567 1071/1591
f 995/1414 1346/1594 1071/1591 932/1416
f 928/1400 1073/1595 1347/1596 992/1406
f 1073/1595 915/1575 1066/1581 1347/1596
f 1347/1596 1066/1581 914/1571 1072/1593
f 992/1406 1347/1596 1072/1593 930/1408
f 926/1392 1074/1597 1348/1598 989/1398
f 1074/1597 916/1579 1063/1576 1348/1598
f 1348/1598 1063/1576 915/1575 1073/1595
f 989/1398 1348/1598 1073/1595 928/1400
f 917/1357 1067/1584 1349/1599 974/1358
f 1067/1584 916/1579 1074/1597 1349/1599
f 1349/1599 1074/1597 926/1392 986/1390
f 974/1358 1349/1599 986/1390 924/1360
f 956/1019 1075/1600 1350/1601 1100/1020
f 1075/1600 957/1602 1076/1603 1350/1601
f 1350/1601 1076/1603 833/1604 1210/1605
f 1100/1020 1350/1601 1210/1605 834/1021
f 957/1602 1077/1606 1351/1607 1076/1603
f 1077/1606 958/1608 1078/1609 1351/1607
f 1351/1607 1078/1609 832/1610 1208/1611
f 1076/1603 1351/1607 1208/1611 833/1604
f 959/1612 1079/1613 1352/1614 1081/1615
f 1079/1613 960/1616 1080/1617 1352/1614
f 1352/1614 1080/1617 829/1618 1204/1619
f 1081/1615 1352/1614 1204/1619 831/1620
f 958/1608 1082/1621 1353/1622 1078/1609
f 1082/1621 959/1612 1081/1615 1353/1622
f 1353/1622 1081/1615 831/1620 1206/1623
f 1078/1609 1353/1622 1206/1623 832/1610
f 830/1624 1083/1625 1354/1626 969/1627
f 1083/1625 961/1628 1084/1629 1354/1626
f 1354/1626 1084/1629 962/1630 1085/1631
f 969/1627 1354/1626 1085/1631 848/1632
f 830/1624 1201/1633 1355/1634 1083/1625
f 1201/1633 829/1618 1080/1617 1355/1634
f 1355/1634 1080/1617 960/1616 1086/1635
f 1083/1625 1355/1634 1086/1635 961/1628
f 846/1636 1087/1637 1356/1638 1232/1639
f 1087/1637 964/1640 1088/1641 1356/1638
f 1356/1638 1088/1641 844/1642 1230/1643
f 1232/1639 1356/1638 1230/1643 845/1644
f 848/1632 1085/1631 1357/1645 968/1646
f 1085/1631 962/1630 1089/1647 1357/1645
f 1357/1645 1089/1647 963/1648 1090/1649
f 968/1646 1357/1645 1090/1649 847/1650
f 847/1650 1090/1649 1358/1651 966/1652
f 1090/1649 963/1648 1091/1653 1358/1651
f 1358/1651 1091/1653 964/1640 1087/1637
f 966/1652 1358/1651 1087/1637 846/1636
f 837/1654 1092/1655 1359/1656 1214/1657
f 1092/1655 957/1602 1075/1600 1359/1656
f 1359/1656 1075/1600 956/1019 1099/1016
f 1214/1657 1359/1656 1099/1016 836/1015
f 838/1658 1093/1659 1360/1660 1216/1661
f 1093/1659 958/1608 1077/1606 1360/1660
f 1360/1660 1077/1606 957/1602 1092/1655
f 1216/1661 1360/1660 1092/1655 837/1654
f 839/1662 1094/1663 1361/1664 1218/1665
f 1094/1663 959/1612 1082/1621 1361/1664
f 1361/1664 1082/1621 958/1608 1093/1659
f 1218/1665 1361/1664 1093/1659 838/1658
f 840/1666 1095/1667 1362/1668 1220/1669
f 1095/1667 960/1616 1079/1613 1362/1668
f 1362/1668 1079/1613 959/1612 1094/1663
f 1220/1669 1362/1668 1094/1663 839/1662
f 961/1628 1086/1635 1363/1670 1096/1671
f 1086/1635 960/1616 1095/1667 1363/1670
f 1363/1670 1095/1667 840/1666 1222/1672
f 1096/1671 1363/1670 1222/1672 841/1673
f 962/1630 1084/1629 1364/1674 1097/1675
f 1084/1629 961/1628 1096/1671 1364/1674
f 1364/1674 1096/1671 841/1673 1224/1676
f 1097/1675 1364/1674 1224/1676 842/1677
f 963/1648 1089/1647 1365/1678 1098/1679
f 1089/1647 962/1630 1097/1675 1365/1678
f 1365/1678 1097/1675 842/1677 1226/1680
f 1098/1679 1365/1678 1226/1680 843/1681
f 964/1640 1091/1653 1366/1682 1088/1641
f 1091/1653 963/1648 1098/1679 1366/1682
f 1366/1682 1098/1679 843/1681 1228/1683
f 1088/1641 1366/1682 1228/1683 844/1642
v 4.530559 35.415872 0.000019
v 4.308815 35.415872 -1.529636
v 4.308815 35.415872 1.529598
v 3.665299 35.415872 2.909508
v 2.662988 35.415872 4.004574
v 1.383595 35.415872 4.705086
v -0.000014 34.120439 6.162624
v -1.383634 35.415872 4.705086
v -2.663002 35.415872 4.004574
v -3.665314 35.415872 2.909508
v -4.308834 35.415872 1.529598
v -4.530563 35.415872 0.000019
v -4.308834 35.415872 -1.529636
v -3.665314 35.415872 -2.909527
v -2.663002 35.415872 -4.004612
v -1.383634 35.415872 -4.705067
v -0.000014 34.120439 -6.162624
v 1.383595 35.415872 -4.705067
v 2.662988 35.415872 -4.004612
v 3.665299 35.415872 -2.909527
v 14.768348 26.875408 -4.798470
v 13.869748 25.508821 -4.506531
v 12.562709 26.875408 -9.127312
v 11.798329 25.508831 -8.571949
v 9.127316 26.875408 -12.562695
v 8.571978 25.508831 -11.798325
v 4.798517 26.875408 -14.768314
v 4.506545 25.508831 -13.869724
v -0.000014 26.875408 -15.528336
v -0.000014 25.508831 -14.583530
v -4.798532 26.875408 -14.768314
v -4.506555 25.508831 -13.869724
v -9.127331 26.875408 -12.562695
v -8.571973 25.508831 -11.798325
v -12.562695 26.875408 -9.127312
v -11.798315 25.508831 -8.571949
v -14.768353 26.875408 -4.798470
v -13.869762 25.508831 -4.506531
v -15.528364 26.875408 0.000038
v -14.583545 25.508831 0.000038
v -14.768353 26.875408 4.798527
v -13.869762 25.508831 4.506569
v -12.562695 26.875408 9.127350
v -11.798315 25.508831 8.571987
v -9.127331 26.875408 12.562714
v -8.571973 25.508821 11.798325
v -4.798532 26.875408 14.768333
v -4.506555 25.508821 13.869743
v -0.000014 26.875408 15.528336
v -0.000014 25.508821 14.583530
v 4.798517 26.875408 14.768333
v 4.506545 25.508821 13.869743
v 9.127316 26.875408 12.562714
v 8.571978 25.508821 11.798325
v 12.562690 26.875408 9.127350
v 11.798286 25.508821 8.571987
v 14.768348 26.875408 4.798527
v 13.869748 25.508831 4.506569
v 15.528350 26.875408 0.000038
v 14.583526 25.508821 0.000038
v -0.000014 43.693650 8.558216
v 2.644629 43.693650 8.139362
v 5.030379 43.693650 6.923771
v -2.644634 43.693650 8.139362
v -5.030394 43.693650 6.923771
v -6.923742 43.693650 5.030403
v -8.139343 43.693650 2.644634
v -8.558202 43.693650 0.000019
v -8.139343 43.693650 -2.644634
v -6.923742 43.693650 -5.030403
v -5.030394 43.693650 -6.923733
v -2.644634 43.693650 -8.139324
v -0.000014 43.693650 -8.558216
v 2.644639 43.693650 -8.139324
v 5.030379 43.693650 -6.923733
v 6.923747 43.693650 -5.030403
v 8.139358 43.693650 -2.644634
v 8.558226 43.693650 0.000019
v 8.139358 43.693650 2.644634
v 6.923747 43.693650 5.030403
v -0.000014 57.843659 -1.774197
v -0.000014 57.857330 -1.503582
v -0.000014 57.857330 -1.092415
v -0.000014 57.857330 -0.574322
v -0.000014 57.857330 0.000000
v -0.000014 57.857330 0.574322
v -0.000014 57.857330 1.092434
v -0.000014 57.857330 1.503601
v -0.000014 57.843659 1.774178
v -0.000014 56.113108 2.714062
v 0.838666 56.113108 2.581215
v 0.543556 57.833059 1.715755
v 1.595259 56.113108 2.195721
v 0.930996 57.843659 1.471710
v -0.838695 56.113108 2.581215
v -0.543561 57.833059 1.715755
v -1.595273 56.113108 2.195721
v -0.930982 57.843659 1.471710
v -2.195692 56.113108 1.595287
v -1.281395 57.843659 1.069260
v -2.581215 56.113108 0.838680
v -1.506381 57.843659 0.562134
v -2.714043 56.113108 0.000019
v -1.583915 57.843659 0.000000
v -2.581215 56.113108 -0.838661
v -1.506381 57.843659 -0.562153
v -2.195692 56.113108 -1.595268
v -1.281395 57.843659 -1.069241
v -1.595273 56.113108 -2.195702
v -0.930982 57.843659 -1.471653
v -0.838695 56.113108 -2.581215
v -0.543561 57.833059 -1.715755
v -0.000014 56.113108 -2.714043
v 0.838666 56.113108 -2.581215
v 0.543556 57.833059 -1.715755
v 1.595259 56.113108 -2.195702
v 0.930996 57.843659 -1.471653
v 2.195706 56.113108 -1.595268
v 1.281409 57.843659 -1.069241
v 2.581196 56.113108 -0.838661
v 1.506386 57.843659 -0.562153
v 2.714047 56.113108 0.000019
v 1.583920 57.843659 0.000000
v 2.581196 56.113108 0.838680
v 1.506386 57.843659 0.562134
v 2.195706 56.113108 1.595287
v 1.281409 57.843659 1.069260
v -0.000014 37.081459 3.127918
v -0.000014 37.081459 2.714405
v -0.000014 37.081459 1.972103
v -0.000014 37.081459 1.036816
v -0.000014 37.081459 0.000019
v -0.000014 37.081459 -1.036797
v -0.000014 37.081459 -1.972141
v -0.000014 37.081459 -2.714386
v -0.000014 37.081459 -3.127861
v 5.721660 30.419157 -7.875175
v 2.056656 35.415872 -4.410095
v 7.875209 30.419157 -5.721664
v 3.203349 35.415872 -3.499870
v 4.036446 35.415872 -2.247086
v 3.854856 34.503410 11.864090
v 1.338687 43.693650 8.452206
v 3.885036 43.693650 7.624836
v -0.000014 57.802718 1.861954
v -0.314293 57.843669 1.752186
v -0.575361 57.802718 1.770821
v -0.424533 56.113108 2.680416
v 0.424528 56.113108 2.680416
v 0.575366 57.802718 1.770821
v 0.314307 57.843669 1.752186
v 1.232047 56.113108 2.418060
v 1.094418 57.802718 1.506367
v 0.719028 57.843669 1.620731
v 1.918969 56.113108 1.918964
v 1.506348 57.802718 1.094418
v 1.119909 57.843669 1.286221
v -0.718994 57.843669 1.620731
v -1.094413 57.802718 1.506367
v -1.232033 56.113108 2.418060
v -1.119905 57.843669 1.286221
v -1.506343 57.802718 1.094418
v -1.918974 56.113108 1.918964
v -1.411161 57.843669 0.825787
v -1.770811 57.802718 0.575352
v -2.418041 56.113108 1.232071
v -1.564274 57.843669 0.284557
v -1.861944 57.802718 0.000000
v -2.680421 56.113108 0.424519
v -1.564274 57.843669 -0.284576
v -1.770811 57.802718 -0.575390
v -2.680421 56.113108 -0.424557
v -1.411161 57.843669 -0.825806
v -1.506343 57.802718 -1.094437
v -2.418041 56.113108 -1.232052
v -1.119905 57.843669 -1.286201
v -1.094413 57.802718 -1.506329
v -1.918974 56.113108 -1.918983
v -0.718994 57.843669 -1.620693
v -0.575361 57.802718 -1.770782
v -1.232033 56.113108 -2.418022
v -0.314293 57.843669 -1.752186
v -0.000014 57.802718 -1.861954
v -0.424533 56.113108 -2.680416
v 0.314307 57.843669 -1.752186
v 0.575366 57.802718 -1.770782
v 0.424528 56.113108 -2.680416
v 0.719028 57.843669 -1.620693
v 1.094418 57.802718 -1.506329
v 1.232047 56.113108 -2.418022
v 1.119909 57.843669 -1.286201
v 1.506348 57.802718 -1.094437
v 1.918969 56.113108 -1.918983
v 1.411166 57.843669 -0.825806
v 1.770816 57.802718 -0.575390
v 2.418036 56.113108 -1.232052
v 1.564288 57.843669 -0.284576
v 1.861939 57.802718 0.000000
v 2.680416 56.113108 -0.424557
v 1.564288 57.843669 0.284557
v 1.770816 57.802718 0.575352
v 2.680416 56.113108 0.424519
v 1.411166 57.843669 0.825787
v 2.418036 56.113108 1.232071
v 1.583838 51.153510 4.874554
v -0.000014 51.153510 5.125408
v 3.012648 51.153510 4.146576
v -1.583834 51.153510 4.874554
v -3.012643 51.153510 4.146576
v -4.146543 51.153510 3.012657
v -4.874563 51.153510 1.583824
v -5.125403 51.153510 0.000019
v -4.874563 51.153510 -1.583843
v -4.146543 51.153510 -3.012657
v -3.012643 51.153510 -4.146557
v -1.583834 51.153510 -4.874535
v -0.000014 51.153510 -5.125408
v 1.583838 51.153510 -4.874535
v 3.012648 51.153510 -4.146557
v 4.146557 51.153510 -3.012657
v 4.874558 51.153510 -1.583843
v 5.125427 51.153510 0.000019
v 4.874558 51.153510 1.583824
v 4.146557 51.153510 3.012657
v -0.000014 57.857330 -1.655846
v 0.525899 57.857330 -1.484947
v -0.000014 57.857330 -0.843678
v 0.850949 57.857330 -0.567226
v 0.723848 57.857330 -1.078892
v -0.000014 57.857330 -1.314087
v -0.000014 57.857330 0.290718
v 0.850949 57.857330 0.567207
v 0.894737 57.857330 0.000000
v -0.000014 57.857330 -0.290718
v -0.000014 57.857330 1.314106
v 0.525899 57.857330 1.484966
v 0.723848 57.857330 1.078911
v -0.000014 57.857330 0.843678
v -0.000014 57.857330 1.655865
v -0.525904 57.857330 -1.484947
v -0.723834 57.857330 -1.078892
v -0.850945 57.857330 -0.567226
v -0.894732 57.857330 0.000000
v -0.850945 57.857330 0.567207
v -0.723834 57.857330 1.078911
v -0.525904 57.857330 1.484966
v -0.000014 37.081459 2.989254
v 0.986056 37.081459 2.714405
v -0.000014 37.081459 2.372265
v 1.357207 37.081459 1.972103
v -0.000014 37.081459 0.524826
v 1.677589 37.081459 0.000019
v 1.595478 37.081459 1.036816
v -0.000014 37.081459 1.523075
v 1.595478 37.081459 -1.036797
v -0.000014 37.081459 -1.523113
v 1.357207 37.081459 -1.972141
v -0.000014 37.081459 -0.524826
v 0.452766 37.081459 -3.180542
v -0.452814 37.081459 -3.180542
v -0.000014 37.081459 -2.372303
v 0.986056 37.081459 -2.714386
v -0.000014 37.081459 -2.989235
v -0.986085 37.081459 2.714405
v -1.357212 37.081459 1.972103
v -1.595492 37.081459 1.036816
v -1.677594 37.081459 0.000019
v -1.595492 37.081459 -1.036797
v -1.357212 37.081459 -1.972141
v -0.986085 37.081459 -2.714386
v -0.452814 37.081459 3.180580
v 0.452766 37.081459 3.180580
v 0.643067 35.415872 4.878254
v -0.643082 35.415872 4.878254
v 15.571752 24.102400 -5.059547
v 12.993026 25.508821 -6.620274
v 13.246121 24.102400 -9.623852
v 13.834805 26.875408 -7.049141
v 15.335994 26.875408 -2.428932
v 16.373105 24.102400 0.000038
v 14.402881 25.508821 -2.281151
v 10.311317 25.508821 -10.311298
v 9.623847 24.102400 -13.246117
v 10.979357 26.875408 -10.979366
v 6.620278 25.508821 -12.993011
v 5.059557 24.102400 -15.571747
v 7.049189 26.875408 -13.834801
v 2.281189 25.508821 -14.402866
v -0.000014 24.102400 -16.373100
v 2.428966 26.875408 -15.335979
v -2.281194 25.508821 -14.402866
v -5.059571 24.102400 -15.571747
v -2.428970 26.875408 -15.335979
v -6.620274 25.508821 -12.993011
v -9.623852 24.102400 -13.246117
v -7.049184 26.875408 -13.834801
v -10.311313 25.508821 -10.311298
v -13.246121 24.102400 -9.623852
v -10.979362 26.875408 -10.979366
v -12.993011 25.508821 -6.620274
v -15.571752 24.102400 -5.059547
v -13.834801 26.875408 -7.049141
v -14.402895 25.508821 -2.281151
v -16.373105 24.102400 0.000038
v -15.336003 26.875408 -2.428932
v -14.402895 25.508821 2.281227
v -15.571752 24.102400 5.059566
v -15.336003 26.875408 2.429008
v -12.993031 25.508821 6.620274
v -13.246121 24.102400 9.623890
v -13.834801 26.875408 7.049179
v -10.311322 25.508821 10.311317
v -9.623852 24.102400 13.246098
v -10.979362 26.875408 10.979366
v -6.620274 25.508821 12.993031
v -5.059571 24.102400 15.571728
v -7.049184 26.875408 13.834820
v -2.281194 25.508821 14.402866
v -0.000014 24.102400 16.373100
v -2.428970 26.875408 15.335999
v 2.281189 25.508821 14.402866
v 5.059557 24.102400 15.571728
v 2.428946 26.875408 15.335999
v 6.620278 25.508821 12.993031
v 9.623847 24.102400 13.246098
v 7.049179 26.875408 13.834820
v 10.311317 25.508821 10.311317
v 13.246121 24.102400 9.623890
v 10.979357 26.875408 10.979366
v 12.993007 25.508821 6.620274
v 15.571752 24.102400 5.059566
v 13.834805 26.875408 7.049179
v 14.402881 25.508821 2.281227
v 15.335984 26.875408 2.429008
v 10.092187 34.503410 -7.332401
v 7.624836 43.693650 -3.885040
v 11.864066 34.503410 -3.854847
v 7.332387 34.503410 -10.092182
v 6.051106 43.693650 -6.051102
v 3.854856 34.503410 -11.864071
v 3.885036 43.693650 -7.624836
v -0.000014 34.503410 -12.474632
v 1.338687 43.693650 -8.452187
v -3.854871 34.503410 -11.864071
v -1.338692 43.693650 -8.452187
v -7.332401 34.503410 -10.092182
v -3.885045 43.693650 -7.624836
v -10.092182 34.503410 -7.332401
v -6.051092 43.693650 -6.051102
v -11.864095 34.503410 -3.854847
v -7.624841 43.693650 -3.885040
v -12.474632 34.503410 0.000038
v -8.452225 43.693650 -1.338673
v -11.864095 34.503410 3.854885
v -8.452225 43.693650 1.338711
v -10.092182 34.503410 7.332420
v -7.624841 43.693650 3.885059
v -7.332401 34.503410 10.092220
v -6.051092 43.693650 6.051140
v -3.854871 34.503410 11.864090
v -3.885045 43.693650 7.624836
v -0.000014 34.503410 12.474632
v -1.338692 43.693650 8.452206
v 10.092187 34.503410 7.332420
v 6.051106 43.693650 6.051140
v 7.332387 34.503410 10.092220
v 11.864066 34.503410 3.854885
v 7.624836 43.693650 3.885059
v 12.474637 34.503410 0.000038
v 8.452206 43.693650 1.338711
v 8.452206 43.693650 -1.338673
v 9.734268 30.419157 0.000019
v 4.474440 35.415872 -0.774250
v 9.257855 30.419157 -3.008060
v 9.257836 30.419157 3.008080
v 4.474440 35.415872 0.774307
v 7.875175 30.419157 5.721684
v 4.036446 35.415872 2.247066
v 5.721660 30.419157 7.875175
v 3.203349 35.415872 3.499889
v 3.008046 30.419157 9.257851
v 2.056656 35.415872 4.410095
v -0.000014 30.419157 9.734268
v -3.008075 30.419157 9.257851
v -5.721664 30.419157 7.875175
v -2.056684 35.415872 4.410095
v -7.875204 30.419157 5.721684
v -3.203354 35.415872 3.499889
v -9.257865 30.419157 3.008080
v -4.036474 35.415872 2.247066
v -9.734263 30.419157 0.000019
v -4.474444 35.415872 0.774307
v -9.257865 30.419157 -3.008060
v -4.474444 35.415872 -0.774250
v -7.875204 30.419157 -5.721664
v -4.036474 35.415872 -2.247086
v -5.721664 30.419157 -7.875175
v -3.203354 35.415872 -3.499870
v -3.008075 30.419157 -9.257812
v -2.056684 35.415872 -4.410095
v -0.000014 30.419157 -9.734268
v -0.643082 35.415872 -4.878254
v 3.008046 30.419157 -9.257812
v 0.643067 35.415872 -4.878254
v -0.000014 37.081459 3.272076
v 14.587417 24.102400 -7.432652
v 16.170287 24.102400 -2.561092
v 11.576648 24.102400 -11.576633
v 7.432666 24.102400 -14.587402
v 2.561107 24.102400 -16.170254
v -2.561121 24.102400 -16.170254
v -7.432652 24.102400 -14.587402
v -11.576643 24.102400 -11.576633
v -14.587421 24.102400 -7.432652
v -16.170282 24.102400 -2.561092
v -16.170282 24.102400 2.561150
v -14.587421 24.102400 7.432690
v -11.576643 24.102400 11.576653
v -7.432652 24.102400 14.587421
v -2.561121 24.102400 16.170292
v 2.561107 24.102400 16.170292
v 7.432647 24.102400 14.587421
v 11.576648 24.102400 11.576653
v 14.587417 24.102400 7.432690
v 16.170287 24.102400 2.561150
v 11.114125 34.503410 -5.662899
v 8.820210 34.503410 -8.820190
v 5.662928 34.503410 -11.114120
v 1.951308 34.503410 -12.320080
v -1.951294 34.503410 -12.320080
v -5.662913 34.503410 -11.114120
v -8.820205 34.503410 -8.820190
v -11.114135 34.503410 -5.662899
v -12.320085 34.503410 -1.951294
v -12.320085 34.503410 1.951313
v -11.114135 34.503410 5.662937
v -8.820205 34.503410 8.820210
v -5.662913 34.503410 11.114140
v -1.951294 34.503410 12.320118
v 8.820210 34.503410 8.820210
v 11.114125 34.503410 5.662937
v 12.320094 34.503410 1.951313
v 12.320094 34.503410 -1.951294
v 9.613667 30.419157 -1.522636
v 9.613667 30.419157 1.522675
v 8.672647 30.419157 4.418926
v 6.882648 30.419157 6.882629
v 4.418907 30.419157 8.672638
v 1.522646 30.419157 9.613686
v -1.522675 30.419157 9.613686
v -4.418931 30.419157 8.672638
v -6.882653 30.419157 6.882629
v -8.672652 30.419157 4.418926
v -9.613690 30.419157 1.522675
v -9.613690 30.419157 -1.522636
v -8.672652 30.419157 -4.418907
v -6.882653 30.419157 -6.882629
v -4.418931 30.419157 -8.672600
v -1.522675 30.419157 -9.613667
v 1.522646 30.419157 -9.613667
v 4.418907 30.419157 -8.672600
v 6.882648 30.419157 -6.882629
v 8.672647 30.419157 -4.418907
v 1.951299 34.503410 12.320118
v 5.662918 34.503410 11.114140
v -0.291243 57.802718 1.838875
v 0.291238 57.802718 1.838875
v 0.845227 57.802718 1.658878
v 1.316485 57.802718 1.316509
v -0.845222 57.802718 1.658878
v -1.316495 57.802718 1.316509
v -1.658874 57.802718 0.845242
v -1.838884 57.802718 0.291252
v -1.838884 57.802718 -0.291252
v -1.658874 57.802718 -0.845242
v -1.316495 57.802718 -1.316471
v -0.845222 57.802718 -1.658840
v -0.291243 57.802718 -1.838875
v 0.291238 57.802718 -1.838875
v 0.845227 57.802718 -1.658840
v 1.316485 57.802718 -1.316471
v 1.658878 57.802718 -0.845242
v 1.838880 57.802718 -0.291252
v 1.838880 57.802718 0.291252
v 1.658878 57.802718 0.845242
v 0.801716 51.153510 5.061932
v 2.326708 51.153510 4.566441
v -0.801735 51.153510 5.061932
v -2.326694 51.153510 4.566441
v -3.623934 51.153510 3.623943
v -4.566422 51.153510 2.326717
v -5.061913 51.153510 0.801716
v -5.061913 51.153510 -0.801697
v -4.566422 51.153510 -2.326679
v -3.623934 51.153510 -3.623924
v -2.326694 51.153510 -4.566402
v -0.801735 51.153510 -5.061913
v 0.801716 51.153510 -5.061913
v 2.326708 51.153510 -4.566402
v 3.623939 51.153510 -3.623924
v 4.566436 51.153510 -2.326679
v 5.061936 51.153510 -0.801697
v 5.061908 51.153510 0.801716
v 4.566436 51.153510 2.326717
v 3.623939 51.153510 3.623943
v 0.406156 57.857330 -1.635323
v 0.797157 57.857330 -0.833225
v 0.632629 57.857330 -1.297817
v 0.883646 57.857330 0.287113
v 0.883646 57.857330 -0.287113
v 0.632629 57.857330 1.297798
v 0.797157 57.857330 0.833225
v 0.406156 57.857330 1.635361
v -0.406175 57.857330 -1.635323
v -0.632610 57.857330 -1.297817
v -0.797153 57.857330 -0.833225
v -0.883641 57.857330 -0.287113
v -0.883641 57.857330 0.287113
v -0.797153 57.857330 0.833225
v -0.632610 57.857330 1.297798
v -0.406175 57.857330 1.635361
v 0.761538 37.081459 2.989254
v 1.186137 37.081459 2.372265
v 1.656785 37.081459 0.524826
v 1.494637 37.081459 1.523075
v 1.494637 37.081459 -1.523113
v 1.656785 37.081459 -0.524826
v -0.000014 37.081459 -3.272057
v 1.186137 37.081459 -2.372303
v 0.761538 37.081459 -2.989235
v -0.761561 37.081459 2.989254
v -1.186152 37.081459 2.372265
v -1.494613 37.081459 1.523075
v -1.656814 37.081459 0.524826
v -1.656814 37.081459 -0.524826
v -1.494613 37.081459 -1.523113
v -1.186152 37.081459 -2.372303
v -0.761561 37.081459 -2.989235
vt 0.560557 0.957890
vt 0.568363 0.941810
vt 0.571646 0.942340
vt 0.566616 0.959188
vt 0.571646 0.941567
vt 0.574928 0.941810
vt 0.582735 0.957890
vt 0.576676 0.959188
vt 0.571645 0.972645
vt 0.597663 0.705458
vt 0.612057 0.689753
vt 0.625842 0.703207
vt 0.610503 0.717994
vt 0.665382 0.591726
vt 0.681680 0.595504
vt 0.678803 0.612153
vt 0.662186 0.610223
vt 0.677796 0.629019
vt 0.661064 0.628959
vt 0.638758 0.717479
vt 0.622535 0.731291
vt 0.670646 0.573704
vt 0.686417 0.579286
vt 0.584060 0.693744
vt 0.597453 0.677175
vt 0.569754 0.682888
vt 0.582095 0.665523
vt 0.677887 0.556381
vt 0.692933 0.563698
vt 0.650750 0.732513
vt 0.633707 0.745300
vt 0.678689 0.645891
vt 0.662056 0.647696
vt 0.681443 0.662560
vt 0.665113 0.666206
vt 0.661777 0.748232
vt 0.643991 0.759957
vt 0.671800 0.764562
vt 0.653349 0.775208
vt 0.686043 0.678815
vt 0.670219 0.684259
vt 0.692407 0.694459
vt 0.677289 0.701643
vt 0.680814 0.781405
vt 0.661780 0.790980
vt 0.688823 0.798657
vt 0.669298 0.807207
vt 0.700480 0.709280
vt 0.686282 0.718145
vt 0.710155 0.723066
vt 0.697154 0.733541
vt 0.695941 0.816198
vt 0.675981 0.823813
vt 0.126402 0.823792
vt 0.106443 0.816176
vt 0.113560 0.798635
vt 0.133086 0.807186
vt 0.960919 0.733627
vt 0.947909 0.723162
vt 0.957575 0.709368
vt 0.971779 0.718222
vt 0.965636 0.694543
vt 0.980760 0.701714
vt 0.121571 0.781384
vt 0.140604 0.790961
vt 0.130583 0.764544
vt 0.149035 0.775193
vt 0.971988 0.678893
vt 0.987816 0.684324
vt 0.976575 0.662636
vt 0.992909 0.666270
vt 0.140605 0.748217
vt 0.158393 0.759943
vt 0.151632 0.732500
vt 0.168674 0.745286
vt 0.979315 0.645967
vt 0.995951 0.647759
vt 0.980195 0.629097
vt 0.996926 0.629022
vt 0.163623 0.717467
vt 0.179846 0.731277
vt 0.176538 0.703196
vt 0.191878 0.717982
vt 0.979172 0.612235
vt 0.995791 0.610293
vt 0.976284 0.595591
vt 0.992582 0.591802
vt 0.190319 0.689741
vt 0.204715 0.705447
vt 0.204921 0.677165
vt 0.218315 0.693733
vt 0.971539 0.579379
vt 0.987308 0.573789
vt 0.965017 0.563797
vt 0.980061 0.556475
vt 0.220276 0.665510
vt 0.232619 0.682876
vt 0.236334 0.654832
vt 0.247576 0.672929
vt 0.956777 0.549052
vt 0.970906 0.540090
vt 0.946948 0.535316
vt 0.959983 0.524827
vt 0.253021 0.645164
vt 0.263123 0.663921
vt 0.270281 0.636550
vt 0.279202 0.655896
vt 0.935632 0.522777
vt 0.947411 0.510895
vt 0.922992 0.511574
vt 0.933371 0.498449
vt 0.288038 0.629014
vt 0.295747 0.648875
vt 0.306230 0.622596
vt 0.312699 0.642897
vt 0.909173 0.501863
vt 0.918023 0.487663
vt 0.894365 0.493742
vt 0.901579 0.478644
vt 0.324783 0.617309
vt 0.329985 0.637968
vt 0.343629 0.613181
vt 0.347546 0.634122
vt 0.878742 0.487331
vt 0.884232 0.471526
vt 0.862508 0.482683
vt 0.866210 0.466364
vt 0.362691 0.610216
vt 0.365312 0.631359
vt 0.381903 0.608439
vt 0.383214 0.629704
vt 0.845857 0.479874
vt 0.847725 0.463247
vt 0.828997 0.478917
vt 0.829008 0.462185
vt 0.401186 0.607844
vt 0.401183 0.629147
vt 0.420469 0.608442
vt 0.419154 0.629706
vt 0.812136 0.479849
vt 0.810291 0.463220
vt 0.795479 0.482634
vt 0.791799 0.466311
vt 0.439678 0.610222
vt 0.437056 0.631364
vt 0.458742 0.613189
vt 0.454820 0.634130
vt 0.779237 0.487262
vt 0.773766 0.471451
vt 0.763605 0.493657
vt 0.756407 0.478552
vt 0.477586 0.617319
vt 0.472382 0.637978
vt 0.496139 0.622610
vt 0.489670 0.642907
vt 0.748788 0.501764
vt 0.739950 0.487558
vt 0.734963 0.511467
vt 0.724591 0.498336
vt 0.514331 0.629029
vt 0.506622 0.648889
vt 0.532090 0.636565
vt 0.523168 0.655911
vt 0.722317 0.522667
vt 0.710540 0.510782
vt 0.710998 0.535206
vt 0.697962 0.524718
vt 0.549349 0.645178
vt 0.539248 0.663936
vt 0.566037 0.654846
vt 0.554795 0.672944
vt 0.701168 0.548946
vt 0.687040 0.539988
vt 0.567143 0.760026
vt 0.556953 0.750063
vt 0.576701 0.770607
vt 0.520916 0.818333
vt 0.514390 0.811088
vt 0.507431 0.804273
vt 0.585584 0.781775
vt 0.593768 0.793484
vt 0.532560 0.834019
vt 0.526980 0.825987
vt 0.601221 0.805694
vt 0.607938 0.818357
vt 0.542180 0.851109
vt 0.537632 0.842405
vt 0.613906 0.831420
vt 0.619154 0.844811
vt 0.549611 0.869348
vt 0.546179 0.860103
vt 0.188477 0.831405
vt 0.183229 0.844796
vt 0.194447 0.818341
vt 0.260202 0.851101
vt 0.256204 0.860096
vt 0.252771 0.869341
vt 0.201164 0.805678
vt 0.208617 0.793467
vt 0.269822 0.834012
vt 0.264752 0.842397
vt 0.216802 0.781760
vt 0.225683 0.770592
vt 0.281465 0.818325
vt 0.275403 0.825979
vt 0.235240 0.760012
vt 0.245430 0.750050
vt 0.294950 0.804264
vt 0.287992 0.811081
vt 0.256218 0.740750
vt 0.267561 0.732136
vt 0.310061 0.792019
vt 0.302317 0.797903
vt 0.279419 0.724247
vt 0.291743 0.717104
vt 0.326564 0.781761
vt 0.318155 0.786634
vt 0.304487 0.710742
vt 0.317603 0.705177
vt 0.344201 0.773631
vt 0.335257 0.777424
vt 0.331039 0.700438
vt 0.344743 0.696532
vt 0.362707 0.767742
vt 0.353365 0.770403
vt 0.358664 0.693484
vt 0.372746 0.691295
vt 0.381799 0.764176
vt 0.372198 0.765668
vt 0.386939 0.689981
vt 0.401184 0.689542
vt 0.401187 0.762984
vt 0.391474 0.763284
vt 0.471330 0.700449
vt 0.457626 0.696542
vt 0.484768 0.705190
vt 0.458171 0.773643
vt 0.449009 0.770414
vt 0.439665 0.767752
vt 0.497882 0.710756
vt 0.510630 0.717117
vt 0.475813 0.781775
vt 0.467117 0.777437
vt 0.522956 0.724259
vt 0.534816 0.732147
vt 0.492319 0.792030
vt 0.484223 0.786646
vt 0.546161 0.740763
vt 0.500063 0.797915
vt 0.734227 0.596232
vt 0.731090 0.606989
vt 0.738545 0.585895
vt 0.786220 0.609111
vt 0.784006 0.614350
vt 0.782346 0.619767
vt 0.744004 0.576114
vt 0.750523 0.567004
vt 0.792183 0.599483
vt 0.788961 0.604132
vt 0.758033 0.558689
vt 0.766428 0.551260
vt 0.799881 0.591445
vt 0.795842 0.595236
vt 0.775611 0.544821
vt 0.785459 0.539440
vt 0.808879 0.585437
vt 0.804247 0.588167
vt 0.795853 0.535195
vt 0.806659 0.532120
vt 0.818839 0.581754
vt 0.813725 0.583289
vt 0.817744 0.530269
vt 0.828968 0.529649
vt 0.828948 0.567458
vt 0.824291 0.580864
vt 0.840191 0.530288
vt 0.851276 0.532156
vt 0.839048 0.581777
vt 0.833592 0.580875
vt 0.862080 0.535247
vt 0.872475 0.539508
vt 0.849019 0.585487
vt 0.844166 0.583325
vt 0.882322 0.544902
vt 0.891507 0.551350
vt 0.858036 0.591520
vt 0.853661 0.588230
vt 0.899904 0.558787
vt 0.907418 0.567108
vt 0.865754 0.599581
vt 0.862085 0.595323
vt 0.913942 0.576221
vt 0.919408 0.586004
vt 0.871736 0.609228
vt 0.868985 0.604240
vt 0.923733 0.596341
vt 0.926879 0.607099
vt 0.875628 0.619897
vt 0.873959 0.614474
vt 0.928792 0.618146
vt 0.929464 0.629343
vt 0.877202 0.630962
vt 0.876712 0.625419
vt 0.928876 0.640549
vt 0.927049 0.651626
vt 0.876372 0.641813
vt 0.877085 0.636449
vt 0.923996 0.662432
vt 0.919771 0.672834
vt 0.873101 0.651997
vt 0.875064 0.646987
vt 0.914414 0.682700
vt 0.908014 0.691924
vt 0.878121 0.668815
vt 0.870415 0.656883
vt 0.743620 0.682580
vt 0.750026 0.691799
vt 0.738256 0.672718
vt 0.784913 0.651850
vt 0.787603 0.656734
vt 0.779904 0.668672
vt 0.734023 0.662318
vt 0.730961 0.651515
vt 0.781631 0.641671
vt 0.782945 0.646843
vt 0.729124 0.640439
vt 0.728524 0.629234
vt 0.780787 0.630824
vt 0.780911 0.636309
vt 0.729187 0.618037
vt 0.781270 0.625284
vt 0.415430 0.689986
vt 0.429622 0.691300
vt 0.420574 0.764182
vt 0.410899 0.763287
vt 0.443706 0.693491
vt 0.430175 0.765675
vt 0.401183 0.863928
vt 0.401182 0.877850
vt 0.398616 0.877925
vt 0.397777 0.864030
vt 0.120153 0.226890
vt 0.120153 0.227602
vt 0.117843 0.227767
vt 0.118000 0.227060
vt 0.116154 0.228025
vt 0.115903 0.227572
vt 0.396062 0.878151
vt 0.394384 0.864331
vt 0.122305 0.227059
vt 0.122463 0.227766
vt 0.404592 0.864031
vt 0.403748 0.877927
vt 0.407985 0.864336
vt 0.406304 0.878156
vt 0.124402 0.227572
vt 0.124151 0.228025
vt 0.126393 0.228403
vt 0.125436 0.228738
vt 0.411352 0.864845
vt 0.408839 0.878535
vt 0.414679 0.865551
vt 0.411341 0.879064
vt 0.128224 0.229543
vt 0.126994 0.229832
vt 0.129855 0.230951
vt 0.128383 0.231196
vt 0.417952 0.866455
vt 0.413800 0.879740
vt 0.421158 0.867547
vt 0.416206 0.880556
vt 0.131248 0.232593
vt 0.129569 0.232793
vt 0.393531 0.878530
vt 0.391020 0.864838
vt 0.114869 0.228736
vt 0.113912 0.228402
vt 0.113310 0.229830
vt 0.112079 0.229539
vt 0.391031 0.879055
vt 0.387695 0.865541
vt 0.388576 0.879729
vt 0.384425 0.866442
vt 0.111919 0.231194
vt 0.110447 0.230948
vt 0.110732 0.232791
vt 0.109053 0.232591
vt 0.386173 0.880543
vt 0.381221 0.867533
vt 0.383834 0.881494
vt 0.378098 0.868812
vt 0.109778 0.234585
vt 0.107933 0.234432
vt 0.109077 0.236526
vt 0.107111 0.236424
vt 0.381565 0.882579
vt 0.375067 0.870271
vt 0.379378 0.883791
vt 0.372139 0.871905
vt 0.108652 0.238571
vt 0.106611 0.238519
vt 0.108508 0.240668
vt 0.106443 0.240668
vt 0.377280 0.885120
vt 0.369325 0.873701
vt 0.375282 0.886562
vt 0.366636 0.875657
vt 0.108652 0.242763
vt 0.106612 0.242815
vt 0.109078 0.244808
vt 0.107112 0.244911
vt 0.373388 0.888103
vt 0.364082 0.877760
vt 0.371609 0.889736
vt 0.361671 0.880002
vt 0.109778 0.246750
vt 0.107934 0.246902
vt 0.110733 0.248542
vt 0.109054 0.248742
vt 0.369950 0.891449
vt 0.359411 0.882370
vt 0.368420 0.893231
vt 0.357314 0.884856
vt 0.111920 0.250138
vt 0.110448 0.250384
vt 0.113310 0.251502
vt 0.112080 0.251792
vt 0.367025 0.895072
vt 0.355386 0.887451
vt 0.365776 0.896959
vt 0.353642 0.890149
vt 0.114870 0.252595
vt 0.113913 0.252930
vt 0.116155 0.253306
vt 0.115905 0.253760
vt 0.364684 0.898891
vt 0.352096 0.892941
vt 0.363770 0.900867
vt 0.350781 0.895820
vt 0.117844 0.253563
vt 0.118001 0.254269
vt 0.120153 0.253726
vt 0.120153 0.254437
vt 0.363043 0.902893
vt 0.349740 0.898782
vt 0.452649 0.898794
vt 0.439348 0.902909
vt 0.438620 0.900882
vt 0.451607 0.895833
vt 0.122463 0.253561
vt 0.122305 0.254268
vt 0.124151 0.253304
vt 0.124402 0.253757
vt 0.437706 0.898907
vt 0.450292 0.892953
vt 0.436614 0.896974
vt 0.448746 0.890162
vt 0.125436 0.252592
vt 0.126393 0.252926
vt 0.126994 0.251498
vt 0.128224 0.251787
vt 0.435365 0.895086
vt 0.447002 0.887464
vt 0.433970 0.893245
vt 0.445074 0.884868
vt 0.128383 0.250134
vt 0.129855 0.250379
vt 0.129569 0.248537
vt 0.131248 0.248737
vt 0.432439 0.891463
vt 0.442977 0.882382
vt 0.430781 0.889749
vt 0.440718 0.880012
vt 0.130523 0.246746
vt 0.132367 0.246898
vt 0.131222 0.244805
vt 0.133188 0.244908
vt 0.429002 0.888117
vt 0.438306 0.877772
vt 0.427109 0.886577
vt 0.435751 0.875671
vt 0.131647 0.242761
vt 0.133688 0.242813
vt 0.131791 0.240666
vt 0.133857 0.240666
vt 0.425110 0.885137
vt 0.433062 0.873716
vt 0.423011 0.883807
vt 0.430246 0.871920
vt 0.131647 0.238571
vt 0.133688 0.238519
vt 0.131222 0.236527
vt 0.133188 0.236424
vt 0.420821 0.882596
vt 0.427317 0.870287
vt 0.418549 0.881510
vt 0.424283 0.868828
vt 0.130523 0.234586
vt 0.132367 0.234434
vt 0.407139 0.823552
vt 0.401185 0.823367
vt 0.413072 0.824097
vt 0.418957 0.825005
vt 0.424776 0.826269
vt 0.395230 0.823549
vt 0.389299 0.824091
vt 0.383414 0.824997
vt 0.377595 0.826259
vt 0.371867 0.827877
vt 0.366250 0.829840
vt 0.360769 0.832146
vt 0.355442 0.834782
vt 0.350291 0.837743
vt 0.345333 0.841011
vt 0.340594 0.844582
vt 0.336084 0.848437
vt 0.331828 0.852566
vt 0.327839 0.856948
vt 0.324136 0.861574
vt 0.320732 0.866422
vt 0.317651 0.871477
vt 0.314907 0.876720
vt 0.312534 0.882138
vt 0.310594 0.887719
vt 0.489848 0.882140
vt 0.487476 0.876724
vt 0.491790 0.887721
vt 0.484731 0.871481
vt 0.481649 0.866426
vt 0.478247 0.861579
vt 0.474544 0.856955
vt 0.470555 0.852573
vt 0.466298 0.848445
vt 0.461788 0.844590
vt 0.457047 0.841022
vt 0.452088 0.837753
vt 0.446935 0.834793
vt 0.441605 0.832158
vt 0.436121 0.829851
vt 0.430504 0.827888
vt 0.120153 0.252850
vt 0.123136 0.252695
vt 0.120152 0.251730
vt 0.124016 0.251591
vt 0.120150 0.248705
vt 0.120150 0.246876
vt 0.126009 0.246799
vt 0.125470 0.248607
vt 0.120149 0.244894
vt 0.126404 0.244842
vt 0.120151 0.250336
vt 0.124800 0.250216
vt 0.120149 0.240667
vt 0.120149 0.238526
vt 0.126644 0.238552
vt 0.126725 0.240666
vt 0.120149 0.236438
vt 0.126404 0.236489
vt 0.120149 0.242807
vt 0.126644 0.242780
vt 0.120150 0.232624
vt 0.120151 0.230993
vt 0.124800 0.231113
vt 0.125470 0.232723
vt 0.120152 0.229599
vt 0.124016 0.229737
vt 0.120150 0.234455
vt 0.126009 0.234531
vt 0.123136 0.228632
vt 0.120153 0.228479
vt 0.116288 0.251594
vt 0.117170 0.252698
vt 0.114831 0.248609
vt 0.115503 0.250219
vt 0.113896 0.244843
vt 0.114291 0.246801
vt 0.113574 0.240667
vt 0.113655 0.242781
vt 0.113896 0.236489
vt 0.113655 0.238552
vt 0.114830 0.232723
vt 0.114291 0.234531
vt 0.116288 0.229737
vt 0.115502 0.231113
vt 0.117169 0.228633
vt 0.571646 0.940717
vt 0.577159 0.940590
vt 0.571646 0.938903
vt 0.578816 0.938846
vt 0.593231 0.952361
vt 0.588263 0.955577
vt 0.571646 0.936623
vt 0.580305 0.936631
vt 0.571646 0.933935
vt 0.581584 0.933985
vt 0.601371 0.943625
vt 0.597635 0.948339
vt 0.571646 0.927589
vt 0.571646 0.924092
vt 0.583834 0.924125
vt 0.583373 0.927646
vt 0.571646 0.920499
vt 0.583990 0.920500
vt 0.608278 0.920500
vt 0.607835 0.926638
vt 0.606522 0.932635
vt 0.571646 0.930898
vt 0.582615 0.930962
vt 0.604352 0.938343
vt 0.606522 0.908365
vt 0.583373 0.913353
vt 0.582615 0.910036
vt 0.604353 0.902656
vt 0.571646 0.913408
vt 0.571646 0.910099
vt 0.571646 0.907061
vt 0.581584 0.907012
vt 0.601372 0.897372
vt 0.607835 0.914362
vt 0.583834 0.916875
vt 0.571646 0.916906
vt 0.582736 0.883103
vt 0.574928 0.899183
vt 0.571646 0.898653
vt 0.576676 0.881804
vt 0.571646 0.899428
vt 0.568363 0.899183
vt 0.560556 0.883103
vt 0.566616 0.881804
vt 0.571647 0.868347
vt 0.580305 0.904364
vt 0.597635 0.892659
vt 0.571646 0.904372
vt 0.571646 0.902093
vt 0.578816 0.902147
vt 0.593232 0.888634
vt 0.577159 0.900403
vt 0.588264 0.885417
vt 0.571646 0.900279
vt 0.550060 0.952361
vt 0.564476 0.938847
vt 0.566132 0.940590
vt 0.555028 0.955577
vt 0.541920 0.943625
vt 0.561708 0.933985
vt 0.562987 0.936631
vt 0.545657 0.948339
vt 0.536770 0.932635
vt 0.559919 0.927646
vt 0.560677 0.930962
vt 0.538940 0.938343
vt 0.535014 0.920501
vt 0.559302 0.920500
vt 0.559458 0.924125
vt 0.535456 0.926638
vt 0.559458 0.916875
vt 0.559919 0.913353
vt 0.535457 0.914363
vt 0.536770 0.908366
vt 0.560676 0.910036
vt 0.561707 0.907012
vt 0.538939 0.902657
vt 0.541918 0.897373
vt 0.562986 0.904364
vt 0.564476 0.902147
vt 0.545655 0.892659
vt 0.550059 0.888635
vt 0.566132 0.900403
vt 0.555028 0.885417
f 1374/1684 1637/1685 1771/1686 1640/1687
f 1637/1685 1494/1688 1638/1689 1771/1686
f 1771/1686 1638/1689 1372/1690 1639/1691
f 1640/1687 1771/1686 1639/1691 1373/1692
f 1387/1693 1641/1694 1772/1695 1644/1696
f 1641/1697 1388/1698 1642/1699 1772/1700
f 1772/1700 1642/1699 1390/1701 1643/1702
f 1644/1696 1772/1695 1643/1703 1389/1704
f 1388/1698 1641/1697 1773/1705 1647/1706
f 1641/1694 1387/1693 1645/1707 1773/1708
f 1773/1708 1645/1707 1425/1709 1646/1710
f 1647/1706 1773/1705 1646/1711 1426/1712
f 1389/1704 1643/1703 1774/1713 1650/1714
f 1643/1702 1390/1701 1648/1715 1774/1716
f 1774/1716 1648/1715 1392/1717 1649/1718
f 1650/1714 1774/1713 1649/1719 1391/1720
f 1391/1720 1649/1719 1775/1721 1653/1722
f 1649/1718 1392/1717 1651/1723 1775/1724
f 1775/1724 1651/1723 1394/1725 1652/1726
f 1653/1722 1775/1721 1652/1727 1393/1728
f 1393/1728 1652/1727 1776/1729 1656/1730
f 1652/1726 1394/1725 1654/1731 1776/1732
f 1776/1732 1654/1731 1396/1733 1655/1734
f 1656/1730 1776/1729 1655/1735 1395/1736
f 1395/1737 1655/1738 1777/1739 1659/1740
f 1655/1741 1396/1742 1657/1743 1777/1744
f 1777/1744 1657/1743 1398/1745 1658/1746
f 1659/1740 1777/1739 1658/1747 1397/1748
f 1397/1748 1658/1747 1778/1749 1662/1750
f 1658/1746 1398/1745 1660/1751 1778/1752
f 1778/1752 1660/1751 1400/1753 1661/1754
f 1662/1750 1778/1749 1661/1755 1399/1756
f 1399/1756 1661/1755 1779/1757 1665/1758
f 1661/1754 1400/1753 1663/1759 1779/1760
f 1779/1760 1663/1759 1402/1761 1664/1762
f 1665/1758 1779/1757 1664/1763 1401/1764
f 1401/1764 1664/1763 1780/1765 1668/1766
f 1664/1762 1402/1761 1666/1767 1780/1768
f 1780/1768 1666/1767 1404/1769 1667/1770
f 1668/1766 1780/1765 1667/1771 1403/1772
f 1403/1772 1667/1771 1781/1773 1671/1774
f 1667/1770 1404/1769 1669/1775 1781/1776
f 1781/1776 1669/1775 1406/1777 1670/1778
f 1671/1774 1781/1773 1670/1779 1405/1780
f 1405/1780 1670/1779 1782/1781 1674/1782
f 1670/1778 1406/1777 1672/1783 1782/1784
f 1782/1784 1672/1783 1408/1785 1673/1786
f 1674/1782 1782/1781 1673/1787 1407/1788
f 1407/1788 1673/1787 1783/1789 1677/1790
f 1673/1786 1408/1785 1675/1791 1783/1792
f 1783/1792 1675/1791 1410/1793 1676/1794
f 1677/1790 1783/1789 1676/1795 1409/1796
f 1409/1796 1676/1795 1784/1797 1680/1798
f 1676/1794 1410/1793 1678/1799 1784/1800
f 1784/1800 1678/1799 1412/1801 1679/1802
f 1680/1798 1784/1797 1679/1803 1411/1804
f 1411/1804 1679/1803 1785/1805 1683/1806
f 1679/1802 1412/1801 1681/1807 1785/1808
f 1785/1808 1681/1807 1414/1809 1682/1810
f 1683/1806 1785/1805 1682/1811 1413/1812
f 1413/1812 1682/1811 1786/1813 1686/1814
f 1682/1810 1414/1809 1684/1815 1786/1816
f 1786/1816 1684/1815 1416/1817 1685/1818
f 1686/1814 1786/1813 1685/1819 1415/1820
f 1415/1820 1685/1819 1787/1821 1689/1822
f 1685/1818 1416/1817 1687/1823 1787/1824
f 1787/1824 1687/1823 1418/1825 1688/1826
f 1689/1822 1787/1821 1688/1827 1417/1828
f 1417/1828 1688/1827 1788/1829 1692/1830
f 1688/1826 1418/1825 1690/1831 1788/1832
f 1788/1832 1690/1831 1420/1833 1691/1834
f 1692/1830 1788/1829 1691/1835 1419/1836
f 1419/1836 1691/1835 1789/1837 1695/1838
f 1691/1834 1420/1833 1693/1839 1789/1840
f 1789/1840 1693/1839 1422/1841 1694/1842
f 1695/1838 1789/1837 1694/1843 1421/1844
f 1421/1844 1694/1843 1790/1845 1698/1846
f 1694/1842 1422/1841 1696/1847 1790/1848
f 1790/1848 1696/1847 1424/1849 1697/1850
f 1698/1846 1790/1845 1697/1851 1423/1852
f 1423/1852 1697/1851 1791/1853 1700/1854
f 1697/1850 1424/1849 1699/1855 1791/1856
f 1791/1856 1699/1855 1426/1712 1646/1711
f 1700/1854 1791/1853 1646/1710 1425/1709
f 1387/1693 1644/1696 1792/1857 1703/1858
f 1644/1696 1389/1704 1701/1859 1792/1857
f 1792/1857 1701/1859 1442/1860 1702/1861
f 1703/1858 1792/1857 1702/1861 1443/1862
f 1389/1704 1650/1714 1793/1863 1701/1859
f 1650/1714 1391/1720 1704/1864 1793/1863
f 1793/1863 1704/1864 1441/1865 1705/1866
f 1701/1859 1793/1863 1705/1866 1442/1860
f 1391/1720 1653/1722 1794/1867 1704/1864
f 1653/1722 1393/1728 1706/1868 1794/1867
f 1794/1867 1706/1868 1440/1869 1707/1870
f 1704/1864 1794/1867 1707/1870 1441/1865
f 1393/1728 1656/1730 1795/1871 1706/1868
f 1656/1730 1395/1736 1708/1872 1795/1871
f 1795/1871 1708/1872 1439/1873 1709/1874
f 1706/1868 1795/1871 1709/1874 1440/1869
f 1395/1737 1659/1740 1796/1875 1708/1876
f 1659/1740 1397/1748 1710/1877 1796/1875
f 1796/1875 1710/1877 1438/1878 1711/1879
f 1708/1876 1796/1875 1711/1879 1439/1880
f 1397/1748 1662/1750 1797/1881 1710/1877
f 1662/1750 1399/1756 1712/1882 1797/1881
f 1797/1881 1712/1882 1437/1883 1713/1884
f 1710/1877 1797/1881 1713/1884 1438/1878
f 1399/1756 1665/1758 1798/1885 1712/1882
f 1665/1758 1401/1764 1714/1886 1798/1885
f 1798/1885 1714/1886 1436/1887 1715/1888
f 1712/1882 1798/1885 1715/1888 1437/1883
f 1401/1764 1668/1766 1799/1889 1714/1886
f 1668/1766 1403/1772 1716/1890 1799/1889
f 1799/1889 1716/1890 1435/1891 1717/1892
f 1714/1886 1799/1889 1717/1892 1436/1887
f 1403/1772 1671/1774 1800/1893 1716/1890
f 1671/1774 1405/1780 1718/1894 1800/1893
f 1800/1893 1718/1894 1434/1895 1719/1896
f 1716/1890 1800/1893 1719/1896 1435/1891
f 1405/1780 1674/1782 1801/1897 1718/1894
f 1674/1782 1407/1788 1720/1898 1801/1897
f 1801/1897 1720/1898 1433/1899 1721/1900
f 1718/1894 1801/1897 1721/1900 1434/1895
f 1407/1788 1677/1790 1802/1901 1720/1898
f 1677/1790 1409/1796 1722/1902 1802/1901
f 1802/1901 1722/1902 1432/1903 1723/1904
f 1720/1898 1802/1901 1723/1904 1433/1899
f 1409/1796 1680/1798 1803/1905 1722/1902
f 1680/1798 1411/1804 1724/1906 1803/1905
f 1803/1905 1724/1906 1431/1907 1725/1908
f 1722/1902 1803/1905 1725/1908 1432/1903
f 1411/1804 1683/1806 1804/1909 1724/1906
f 1683/1806 1413/1812 1726/1910 1804/1909
f 1804/1909 1726/1910 1430/1911 1727/1912
f 1724/1906 1804/1909 1727/1912 1431/1907
f 1413/1812 1686/1814 1805/1913 1726/1910
f 1686/1814 1415/1820 1728/1914 1805/1913
f 1805/1913 1728/1914 1427/1915 1729/1916
f 1726/1910 1805/1913 1729/1916 1430/1911
f 1419/1836 1695/1838 1806/1917 1732/1918
f 1695/1838 1421/1844 1730/1919 1806/1917
f 1806/1917 1730/1919 1446/1920 1731/1921
f 1732/1918 1806/1917 1731/1921 1429/1922
f 1421/1844 1698/1846 1807/1923 1730/1919
f 1698/1846 1423/1852 1733/1924 1807/1923
f 1807/1923 1733/1924 1445/1925 1734/1926
f 1730/1919 1807/1923 1734/1926 1446/1920
f 1423/1852 1700/1854 1808/1927 1733/1924
f 1700/1854 1425/1709 1735/1928 1808/1927
f 1808/1927 1735/1928 1444/1929 1736/1930
f 1733/1924 1808/1927 1736/1930 1445/1925
f 1425/1709 1645/1707 1809/1931 1735/1928
f 1645/1707 1387/1693 1703/1858 1809/1931
f 1809/1931 1703/1858 1443/1862 1737/1932
f 1735/1928 1809/1931 1737/1932 1444/1929
f 1388/1698 1647/1706 1810/1933 1740/1934
f 1647/1706 1426/1712 1738/1935 1810/1933
f 1810/1933 1738/1935 1367/1936 1739/1937
f 1740/1934 1810/1933 1739/1937 1368/1938
f 1426/1712 1699/1855 1811/1939 1738/1935
f 1699/1855 1424/1849 1741/1940 1811/1939
f 1811/1939 1741/1940 1369/1941 1742/1942
f 1738/1935 1811/1939 1742/1942 1367/1936
f 1424/1849 1696/1847 1812/1943 1741/1940
f 1696/1847 1422/1841 1743/1944 1812/1943
f 1812/1943 1743/1944 1370/1945 1744/1946
f 1741/1940 1812/1943 1744/1946 1369/1941
f 1422/1841 1693/1839 1813/1947 1743/1944
f 1693/1839 1420/1833 1745/1948 1813/1947
f 1813/1947 1745/1948 1371/1949 1746/1950
f 1743/1944 1813/1947 1746/1950 1370/1945
f 1420/1833 1690/1831 1814/1951 1745/1948
f 1690/1831 1418/1825 1747/1952 1814/1951
f 1814/1951 1747/1952 1372/1953 1748/1954
f 1745/1948 1814/1951 1748/1954 1371/1949
f 1418/1825 1687/1823 1815/1955 1747/1952
f 1687/1823 1416/1817 1749/1956 1815/1955
f 1815/1955 1749/1956 1373/1957 1639/1958
f 1747/1952 1815/1955 1639/1958 1372/1953
f 1416/1817 1684/1815 1816/1959 1749/1956
f 1684/1815 1414/1809 1750/1960 1816/1959
f 1816/1959 1750/1960 1374/1961 1640/1962
f 1749/1956 1816/1959 1640/1962 1373/1957
f 1414/1809 1681/1807 1817/1963 1750/1960
f 1681/1807 1412/1801 1751/1964 1817/1963
f 1817/1963 1751/1964 1375/1965 1752/1966
f 1750/1960 1817/1963 1752/1966 1374/1961
f 1412/1801 1678/1799 1818/1967 1751/1964
f 1678/1799 1410/1793 1753/1968 1818/1967
f 1818/1967 1753/1968 1376/1969 1754/1970
f 1751/1964 1818/1967 1754/1970 1375/1965
f 1410/1793 1675/1791 1819/1971 1753/1968
f 1675/1791 1408/1785 1755/1972 1819/1971
f 1819/1971 1755/1972 1377/1973 1756/1974
f 1753/1968 1819/1971 1756/1974 1376/1969
f 1408/1785 1672/1783 1820/1975 1755/1972
f 1672/1783 1406/1777 1757/1976 1820/1975
f 1820/1975 1757/1976 1378/1977 1758/1978
f 1755/1972 1820/1975 1758/1978 1377/1973
f 1406/1777 1669/1775 1821/1979 1757/1976
f 1669/1775 1404/1769 1759/1980 1821/1979
f 1821/1979 1759/1980 1379/1981 1760/1982
f 1757/1976 1821/1979 1760/1982 1378/1977
f 1404/1769 1666/1767 1822/1983 1759/1980
f 1666/1767 1402/1761 1761/1984 1822/1983
f 1822/1983 1761/1984 1380/1985 1762/1986
f 1759/1980 1822/1983 1762/1986 1379/1981
f 1402/1761 1663/1759 1823/1987 1761/1984
f 1663/1759 1400/1753 1763/1988 1823/1987
f 1823/1987 1763/1988 1381/1989 1764/1990
f 1761/1984 1823/1987 1764/1990 1380/1985
f 1400/1753 1660/1751 1824/1991 1763/1988
f 1660/1751 1398/1745 1765/1992 1824/1991
f 1824/1991 1765/1992 1382/1993 1766/1994
f 1763/1988 1824/1991 1766/1994 1381/1989
f 1398/1745 1657/1743 1825/1995 1765/1992
f 1657/1743 1396/1742 1767/1996 1825/1995
f 1825/1995 1767/1996 1383/1997 1768/1998
f 1765/1992 1825/1995 1768/1998 1382/1993
f 1396/1733 1654/1731 1826/1999 1767/2000
f 1654/1731 1394/1725 1769/2001 1826/1999
f 1826/1999 1769/2001 1384/2002 1770/2003
f 1767/2000 1826/1999 1770/2003 1383/2004
f 1394/1725 1651/1723 1827/2005 1769/2001
f 1651/1723 1392/1717 1503/2006 1827/2005
f 1827/2005 1503/2006 1385/2007 1504/2008
f 1769/2001 1827/2005 1504/2008 1384/2002
f 1392/1717 1648/1715 1828/2009 1503/2006
f 1648/1715 1390/1701 1505/2010 1828/2009
f 1828/2009 1505/2010 1386/2011 1506/2012
f 1503/2006 1828/2009 1506/2012 1385/2007
f 1390/1701 1642/1699 1829/2013 1505/2010
f 1642/1699 1388/1698 1740/1934 1829/2013
f 1829/2013 1740/1934 1368/1938 1507/2014
f 1505/2010 1829/2013 1507/2014 1386/2011
f 1415/1820 1689/1822 1830/2015 1728/1914
f 1689/1822 1417/1828 1508/2016 1830/2015
f 1830/2015 1508/2016 1428/2017 1509/2018
f 1728/1914 1830/2015 1509/2018 1427/1915
f 1417/1828 1692/1830 1831/2019 1508/2016
f 1692/1830 1419/1836 1732/1918 1831/2019
f 1831/2019 1732/1918 1429/1922 1510/2020
f 1508/2016 1831/2019 1510/2020 1428/2017
f 1456/2021 1511/2022 1832/2023 1514/2024
f 1511/2025 1455/2026 1512/2027 1832/2028
f 1832/2028 1512/2027 1462/2029 1513/2030
f 1514/2024 1832/2023 1513/2031 1461/2032
f 1455/2026 1511/2025 1833/2033 1517/2034
f 1511/2022 1456/2021 1515/2035 1833/2036
f 1833/2036 1515/2035 1457/2037 1516/2038
f 1517/2034 1833/2033 1516/2039 1458/2040
f 1458/2040 1516/2039 1834/2041 1520/2042
f 1516/2038 1457/2037 1518/2043 1834/2044
f 1834/2044 1518/2043 1459/2045 1519/2046
f 1520/2042 1834/2041 1519/2047 1460/2048
f 1460/2048 1519/2047 1835/2049 1523/2050
f 1519/2046 1459/2045 1521/2051 1835/2052
f 1835/2052 1521/2051 1492/2053 1522/2054
f 1523/2050 1835/2049 1522/2055 1493/2056
f 1461/2032 1513/2031 1836/2057 1526/2058
f 1513/2030 1462/2029 1524/2059 1836/2060
f 1836/2060 1524/2059 1464/2061 1525/2062
f 1526/2058 1836/2057 1525/2063 1463/2064
f 1463/2064 1525/2063 1837/2065 1529/2066
f 1525/2062 1464/2061 1527/2067 1837/2068
f 1837/2068 1527/2067 1466/2069 1528/2070
f 1529/2066 1837/2065 1528/2071 1465/2072
f 1465/2072 1528/2071 1838/2073 1532/2074
f 1528/2070 1466/2069 1530/2075 1838/2076
f 1838/2076 1530/2075 1468/2077 1531/2078
f 1532/2074 1838/2073 1531/2079 1467/2080
f 1467/2080 1531/2079 1839/2081 1535/2082
f 1531/2078 1468/2077 1533/2083 1839/2084
f 1839/2084 1533/2083 1470/2085 1534/2086
f 1535/2082 1839/2081 1534/2087 1469/2088
f 1469/2088 1534/2087 1840/2089 1538/2090
f 1534/2086 1470/2085 1536/2091 1840/2092
f 1840/2092 1536/2091 1472/2093 1537/2094
f 1538/2090 1840/2089 1537/2095 1471/2096
f 1471/2096 1537/2095 1841/2097 1541/2098
f 1537/2094 1472/2093 1539/2099 1841/2100
f 1841/2100 1539/2099 1474/2101 1540/2102
f 1541/2098 1841/2097 1540/2103 1473/2104
f 1473/2104 1540/2103 1842/2105 1544/2106
f 1540/2102 1474/2101 1542/2107 1842/2108
f 1842/2108 1542/2107 1476/2109 1543/2110
f 1544/2106 1842/2105 1543/2111 1475/2112
f 1475/2112 1543/2111 1843/2113 1547/2114
f 1543/2110 1476/2109 1545/2115 1843/2116
f 1843/2116 1545/2115 1478/2117 1546/2118
f 1547/2114 1843/2113 1546/2119 1477/2120
f 1477/2120 1546/2119 1844/2121 1550/2122
f 1546/2118 1478/2117 1548/2123 1844/2124
f 1844/2124 1548/2123 1447/2125 1549/2126
f 1550/2122 1844/2121 1549/2127 1479/2128
f 1479/2129 1549/2130 1845/2131 1553/2132
f 1549/2126 1447/2125 1551/2133 1845/2134
f 1845/2134 1551/2133 1481/2135 1552/2136
f 1553/2132 1845/2131 1552/2137 1480/2138
f 1480/2138 1552/2137 1846/2139 1556/2140
f 1552/2136 1481/2135 1554/2141 1846/2142
f 1846/2142 1554/2141 1483/2143 1555/2144
f 1556/2140 1846/2139 1555/2145 1482/2146
f 1482/2146 1555/2145 1847/2147 1559/2148
f 1555/2144 1483/2143 1557/2149 1847/2150
f 1847/2150 1557/2149 1485/2151 1558/2152
f 1559/2148 1847/2147 1558/2153 1484/2154
f 1484/2154 1558/2153 1848/2155 1562/2156
f 1558/2152 1485/2151 1560/2157 1848/2158
f 1848/2158 1560/2157 1487/2159 1561/2160
f 1562/2156 1848/2155 1561/2161 1486/2162
f 1486/2162 1561/2161 1849/2163 1565/2164
f 1561/2160 1487/2159 1563/2165 1849/2166
f 1849/2166 1563/2165 1489/2167 1564/2168
f 1565/2164 1849/2163 1564/2169 1488/2170
f 1488/2170 1564/2169 1850/2171 1568/2172
f 1564/2168 1489/2167 1566/2173 1850/2174
f 1850/2174 1566/2173 1491/2175 1567/2176
f 1568/2172 1850/2171 1567/2177 1490/2178
f 1490/2178 1567/2177 1851/2179 1570/2180
f 1567/2176 1491/2175 1569/2181 1851/2182
f 1851/2182 1569/2181 1493/2056 1522/2055
f 1570/2180 1851/2179 1522/2054 1492/2053
f 1427/1915 1509/2018 1852/2183 1572/2184
f 1509/2018 1428/2017 1571/2185 1852/2183
f 1852/2183 1571/2185 1457/2037 1515/2035
f 1572/2184 1852/2183 1515/2035 1456/2021
f 1428/2017 1510/2020 1853/2186 1571/2185
f 1510/2020 1429/1922 1573/2187 1853/2186
f 1853/2186 1573/2187 1459/2045 1518/2043
f 1571/2185 1853/2186 1518/2043 1457/2037
f 1430/1911 1729/1916 1854/2188 1574/2189
f 1729/1916 1427/1915 1572/2184 1854/2188
f 1854/2188 1572/2184 1456/2021 1514/2024
f 1574/2189 1854/2188 1514/2024 1461/2032
f 1431/1907 1727/1912 1855/2190 1575/2191
f 1727/1912 1430/1911 1574/2189 1855/2190
f 1855/2190 1574/2189 1461/2032 1526/2058
f 1575/2191 1855/2190 1526/2058 1463/2064
f 1432/1903 1725/1908 1856/2192 1576/2193
f 1725/1908 1431/1907 1575/2191 1856/2192
f 1856/2192 1575/2191 1463/2064 1529/2066
f 1576/2193 1856/2192 1529/2066 1465/2072
f 1433/1899 1723/1904 1857/2194 1577/2195
f 1723/1904 1432/1903 1576/2193 1857/2194
f 1857/2194 1576/2193 1465/2072 1532/2074
f 1577/2195 1857/2194 1532/2074 1467/2080
f 1434/1895 1721/1900 1858/2196 1578/2197
f 1721/1900 1433/1899 1577/2195 1858/2196
f 1858/2196 1577/2195 1467/2080 1535/2082
f 1578/2197 1858/2196 1535/2082 1469/2088
f 1435/1891 1719/1896 1859/2198 1579/2199
f 1719/1896 1434/1895 1578/2197 1859/2198
f 1859/2198 1578/2197 1469/2088 1538/2090
f 1579/2199 1859/2198 1538/2090 1471/2096
f 1436/1887 1717/1892 1860/2200 1580/2201
f 1717/1892 1435/1891 1579/2199 1860/2200
f 1860/2200 1579/2199 1471/2096 1541/2098
f 1580/2201 1860/2200 1541/2098 1473/2104
f 1437/1883 1715/1888 1861/2202 1581/2203
f 1715/1888 1436/1887 1580/2201 1861/2202
f 1861/2202 1580/2201 1473/2104 1544/2106
f 1581/2203 1861/2202 1544/2106 1475/2112
f 1438/1878 1713/1884 1862/2204 1582/2205
f 1713/1884 1437/1883 1581/2203 1862/2204
f 1862/2204 1581/2203 1475/2112 1547/2114
f 1582/2205 1862/2204 1547/2114 1477/2120
f 1439/1880 1711/1879 1863/2206 1583/2207
f 1711/1879 1438/1878 1582/2205 1863/2206
f 1863/2206 1582/2205 1477/2120 1550/2122
f 1583/2207 1863/2206 1550/2122 1479/2128
f 1440/1869 1709/1874 1864/2208 1584/2209
f 1709/1874 1439/1873 1583/2210 1864/2208
f 1864/2208 1583/2210 1479/2129 1553/2132
f 1584/2209 1864/2208 1553/2132 1480/2138
f 1441/1865 1707/1870 1865/2211 1585/2212
f 1707/1870 1440/1869 1584/2209 1865/2211
f 1865/2211 1584/2209 1480/2138 1556/2140
f 1585/2212 1865/2211 1556/2140 1482/2146
f 1442/1860 1705/1866 1866/2213 1586/2214
f 1705/1866 1441/1865 1585/2212 1866/2213
f 1866/2213 1585/2212 1482/2146 1559/2148
f 1586/2214 1866/2213 1559/2148 1484/2154
f 1443/1862 1702/1861 1867/2215 1587/2216
f 1702/1861 1442/1860 1586/2214 1867/2215
f 1867/2215 1586/2214 1484/2154 1562/2156
f 1587/2216 1867/2215 1562/2156 1486/2162
f 1444/1929 1737/1932 1868/2217 1588/2218
f 1737/1932 1443/1862 1587/2216 1868/2217
f 1868/2217 1587/2216 1486/2162 1565/2164
f 1588/2218 1868/2217 1565/2164 1488/2170
f 1445/1925 1736/1930 1869/2219 1589/2220
f 1736/1930 1444/1929 1588/2218 1869/2219
f 1869/2219 1588/2218 1488/2170 1568/2172
f 1589/2220 1869/2219 1568/2172 1490/2178
f 1446/1920 1734/1926 1870/2221 1590/2222
f 1734/1926 1445/1925 1589/2220 1870/2221
f 1870/2221 1589/2220 1490/2178 1570/2180
f 1590/2222 1870/2221 1570/2180 1492/2053
f 1429/1922 1731/1921 1871/2223 1573/2187
f 1731/1921 1446/1920 1590/2222 1871/2223
f 1871/2223 1590/2222 1492/2053 1521/2051
f 1573/2187 1871/2223 1521/2051 1459/2045
f 1447/2125 1591/2224 1872/2225 1551/2133
f 1591/2224 1448/2226 1592/2227 1872/2225
f 1872/2225 1592/2227 1483/2143 1554/2141
f 1551/2133 1872/2225 1554/2141 1481/2135
f 1449/2228 1593/2229 1873/2230 1595/2231
f 1593/2229 1450/2232 1594/2233 1873/2230
f 1873/2230 1594/2233 1487/2159 1560/2157
f 1595/2231 1873/2230 1560/2157 1485/2151
f 1448/2226 1596/2234 1874/2235 1592/2227
f 1596/2234 1449/2228 1595/2231 1874/2235
f 1874/2235 1595/2231 1485/2151 1557/2149
f 1592/2227 1874/2235 1557/2149 1483/2143
f 1451/2236 1597/2237 1875/2238 1599/2239
f 1597/2237 1452/2240 1598/2241 1875/2238
f 1875/2238 1598/2241 1491/2175 1566/2173
f 1599/2239 1875/2238 1566/2173 1489/2167
f 1450/2232 1600/2242 1876/2243 1594/2233
f 1600/2242 1451/2236 1599/2239 1876/2243
f 1876/2243 1599/2239 1489/2167 1563/2165
f 1594/2233 1876/2243 1563/2165 1487/2159
f 1453/2244 1601/2245 1877/2246 1603/2247
f 1601/2245 1454/2248 1602/2249 1877/2246
f 1877/2246 1602/2249 1460/2048 1523/2050
f 1603/2247 1877/2246 1523/2050 1493/2056
f 1452/2240 1604/2250 1878/2251 1598/2241
f 1604/2250 1453/2244 1603/2247 1878/2251
f 1878/2251 1603/2247 1493/2056 1569/2181
f 1598/2241 1878/2251 1569/2181 1491/2175
f 1458/2040 1520/2042 1879/2252 1517/2034
f 1520/2042 1460/2048 1602/2249 1879/2252
f 1879/2252 1602/2249 1454/2248 1605/2253
f 1517/2034 1879/2252 1605/2253 1455/2026
f 1476/2109 1606/2254 1880/2255 1545/2115
f 1606/2254 1448/2226 1591/2224 1880/2255
f 1880/2255 1591/2224 1447/2125 1548/2123
f 1545/2115 1880/2255 1548/2123 1478/2117
f 1474/2101 1607/2256 1881/2257 1542/2107
f 1607/2256 1449/2228 1596/2234 1881/2257
f 1881/2257 1596/2234 1448/2226 1606/2254
f 1542/2107 1881/2257 1606/2254 1476/2109
f 1472/2093 1608/2258 1882/2259 1539/2099
f 1608/2258 1450/2232 1593/2229 1882/2259
f 1882/2259 1593/2229 1449/2228 1607/2256
f 1539/2099 1882/2259 1607/2256 1474/2101
f 1470/2085 1609/2260 1883/2261 1536/2091
f 1609/2260 1451/2236 1600/2242 1883/2261
f 1883/2261 1600/2242 1450/2232 1608/2258
f 1536/2091 1883/2261 1608/2258 1472/2093
f 1468/2077 1610/2262 1884/2263 1533/2083
f 1610/2262 1452/2240 1597/2237 1884/2263
f 1884/2263 1597/2237 1451/2236 1609/2260
f 1533/2083 1884/2263 1609/2260 1470/2085
f 1466/2069 1611/2264 1885/2265 1530/2075
f 1611/2264 1453/2244 1604/2250 1885/2265
f 1885/2265 1604/2250 1452/2240 1610/2262
f 1530/2075 1885/2265 1610/2262 1468/2077
f 1464/2061 1612/2266 1886/2267 1527/2067
f 1612/2266 1454/2248 1601/2245 1886/2267
f 1886/2267 1601/2245 1453/2244 1611/2264
f 1527/2067 1886/2267 1611/2264 1466/2069
f 1455/2026 1605/2253 1887/2268 1512/2027
f 1605/2253 1454/2248 1612/2266 1887/2268
f 1887/2268 1612/2266 1464/2061 1524/2059
f 1512/2027 1887/2268 1524/2059 1462/2029
f 1494/1688 1613/2269 1888/2270 1638/1689
f 1613/2269 1495/2271 1614/2272 1888/2270
f 1888/2270 1614/2272 1371/2273 1748/2274
f 1638/1689 1888/2270 1748/2274 1372/1690
f 1495/2271 1615/2275 1889/2276 1614/2272
f 1615/2275 1496/2277 1616/2278 1889/2276
f 1889/2276 1616/2278 1370/2279 1746/2280
f 1614/2272 1889/2276 1746/2280 1371/2273
f 1497/2281 1617/2282 1890/2283 1619/2284
f 1617/2282 1498/2285 1618/2286 1890/2283
f 1890/2283 1618/2286 1367/2287 1742/2288
f 1619/2284 1890/2283 1742/2288 1369/2289
f 1496/2277 1620/2290 1891/2291 1616/2278
f 1620/2290 1497/2281 1619/2284 1891/2291
f 1891/2291 1619/2284 1369/2289 1744/2292
f 1616/2278 1891/2291 1744/2292 1370/2279
f 1368/2293 1621/2294 1892/2295 1507/2296
f 1621/2294 1499/2297 1622/2298 1892/2295
f 1892/2295 1622/2298 1500/2299 1623/2300
f 1507/2296 1892/2295 1623/2300 1386/2301
f 1368/2293 1739/2302 1893/2303 1621/2294
f 1739/2302 1367/2287 1618/2286 1893/2303
f 1893/2303 1618/2286 1498/2285 1624/2304
f 1621/2294 1893/2303 1624/2304 1499/2297
f 1384/2305 1625/2306 1894/2307 1770/2308
f 1625/2306 1502/2309 1626/2310 1894/2307
f 1894/2307 1626/2310 1382/2311 1768/2312
f 1770/2308 1894/2307 1768/2312 1383/2313
f 1386/2301 1623/2300 1895/2314 1506/2315
f 1623/2300 1500/2299 1627/2316 1895/2314
f 1895/2314 1627/2316 1501/2317 1628/2318
f 1506/2315 1895/2314 1628/2318 1385/2319
f 1385/2319 1628/2318 1896/2320 1504/2321
f 1628/2318 1501/2317 1629/2322 1896/2320
f 1896/2320 1629/2322 1502/2309 1625/2306
f 1504/2321 1896/2320 1625/2306 1384/2305
f 1375/2323 1630/2324 1897/2325 1752/2326
f 1630/2324 1495/2271 1613/2269 1897/2325
f 1897/2325 1613/2269 1494/1688 1637/1685
f 1752/2326 1897/2325 1637/1685 1374/1684
f 1376/2327 1631/2328 1898/2329 1754/2330
f 1631/2328 1496/2277 1615/2275 1898/2329
f 1898/2329 1615/2275 1495/2271 1630/2324
f 1754/2330 1898/2329 1630/2324 1375/2323
f 1377/2331 1632/2332 1899/2333 1756/2334
f 1632/2332 1497/2281 1620/2290 1899/2333
f 1899/2333 1620/2290 1496/2277 1631/2328
f 1756/2334 1899/2333 1631/2328 1376/2327
f 1378/2335 1633/2336 1900/2337 1758/2338
f 1633/2336 1498/2285 1617/2282 1900/2337
f 1900/2337 1617/2282 1497/2281 1632/2332
f 1758/2338 1900/2337 1632/2332 1377/2331
f 1499/2297 1624/2304 1901/2339 1634/2340
f 1624/2304 1498/2285 1633/2336 1901/2339
f 1901/2339 1633/2336 1378/2335 1760/2341
f 1634/2340 1901/2339 1760/2341 1379/2342
f 1500/2299 1622/2298 1902/2343 1635/2344
f 1622/2298 1499/2297 1634/2340 1902/2343
f 1902/2343 1634/2340 1379/2342 1762/2345
f 1635/2344 1902/2343 1762/2345 1380/2346
f 1501/2317 1627/2316 1903/2347 1636/2348
f 1627/2316 1500/2299 1635/2344 1903/2347
f 1903/2347 1635/2344 1380/2346 1764/2349
f 1636/2348 1903/2347 1764/2349 1381/2350
f 1502/2309 1629/2322 1904/2351 1626/2310
f 1629/2322 1501/2317 1636/2348 1904/2351
f 1904/2351 1636/2348 1381/2350 1766/2352
f 1626/2310 1904/2351 1766/2352 1382/2311
