# This file uses centimeters as units for non-parametric coordinates.

v 0.153123 0.499846 0.271296
v 0.130012 0.492624 0.279821
v 0.094717 0.325684 0.224831
v 0.150819 0.304001 0.184182
v 0.171969 0.518710 0.263243
v 0.208180 0.315160 0.156426
v 0.142661 0.207864 0.156431
v 0.090999 0.253669 0.197935
v 0.116830 0.534066 0.285213
v 0.135548 0.558711 0.285696
v 0.163336 0.572205 0.278392
v 0.211597 0.683562 0.239898
v 0.179104 0.546567 0.262355
v 0.305346 0.532896 0.153720
v 0.108150 0.382449 0.276343
v 0.265302 0.415006 0.195595
v 0.113885 0.505862 0.284621
v 0.018871 0.437267 0.457560
v 0.330399 0.545908 0.011203
v 0.301501 0.698639 0.023626
v 0.081030 0.841212 0.195486
v 0.151915 0.889238 0.015328
v 0.159702 0.230607 -0.061142
v 0.155866 0.208440 0.094172
v 0.304828 0.367308 -0.050768
v 0.259253 0.321115 0.108213
v 0.121201 0.446992 0.303226
v 0.177363 0.453668 0.261430
v 0.243754 0.476969 0.243245
v 0.276195 0.543106 0.198463
v 0.194225 0.624125 0.286095
v 0.090171 0.609384 0.353026
v 0.047396 0.540231 0.349452
v 0.067125 0.476893 0.363764
v 0.123122 0.470900 0.290823
v 0.166064 0.481840 0.269556
v 0.207747 0.503410 0.252847
v 0.220048 0.548753 0.233534
v 0.175637 0.593364 0.281757
v 0.118751 0.577125 0.309599
v 0.080886 0.538024 0.311960
v 0.087602 0.488787 0.319196
v 0.174820 0.879727 -0.132789
v 0.304596 0.732619 -0.094311
v 0.355343 0.394662 -0.190091
v 0.252716 0.336009 -0.126097
v 0.250293 0.425527 -0.237332
v 0.353784 0.495438 -0.216432
v 0.290672 0.571480 -0.239226
v 0.372071 0.599324 -0.211645
v 0.302853 0.679435 -0.189692
v 0.373583 0.676951 -0.180936
v 0.384880 0.458397 -0.134622
v 0.390119 0.583305 -0.053755
v 0.349672 0.675152 -0.017754
v 0.363319 0.709316 -0.111162
v 0.172073 0.789615 -0.284207
v 0.157610 0.621104 -0.382211
v 0.117470 0.470361 -0.372226
v 0.118813 0.202680 -0.103226
v 0.145983 0.239889 -0.156779
v 0.148758 0.268820 -0.132031
v 0.148685 0.285693 -0.224017
v 0.159661 0.342917 -0.213762
v 0.081893 0.393051 -0.318861
v 0.074594 0.323310 -0.319156
v 0.473466 0.671567 -0.121533
v 0.468488 0.747935 -0.078623
v 0.443330 0.758634 -0.158220
v 0.453515 0.721698 -0.217790
v 0.467492 0.658937 -0.250074
v 0.471231 0.571474 -0.245468
v 0.502433 0.501400 -0.232998
v 0.499341 0.571108 -0.167505
v 0.646814 0.716810 -0.227224
v 0.603111 0.766162 -0.192848
v 0.766561 0.840533 -0.272505
v 0.753781 0.854015 -0.252123
v 0.585981 0.802947 -0.155448
v 0.743382 0.875514 -0.246611
v 0.684062 0.695523 -0.299288
v 0.760990 0.837159 -0.321347
v 0.595073 0.751358 -0.292721
v 0.620352 0.708622 -0.306874
v 0.577859 0.792162 -0.264501
v 0.578714 0.823626 -0.209976
v 0.725495 0.880788 -0.271815
v 0.718613 0.858630 -0.307211
v 0.733924 0.846615 -0.321123
v 0.744963 0.834437 -0.323941
v 0.795612 0.895684 -0.300616
v 0.119501 0.865024 0.128749
v 0.265015 0.699032 0.125347
v 0.307464 0.533012 0.088580
v 0.278226 0.346485 0.050431
v 0.159148 0.208969 0.034538
v 0.124290 0.312795 -0.283678
v 0.134493 0.374214 -0.280014
v 0.197584 0.451282 -0.312326
v 0.259465 0.587635 -0.310319
v 0.275612 0.731502 -0.235209
v 0.269022 0.811470 -0.102193
v 0.254218 0.800285 0.033241
v 0.203212 0.799034 0.138038
v 0.134187 0.788186 0.230212
v 0.192039 0.400559 0.221888
v 0.095262 0.417047 0.340114
v 0.111631 0.334843 0.207150
v 0.193634 0.313259 0.176135
v 0.161198 0.378134 0.224886
v 0.112184 0.361924 0.262206
v 0.126844 0.224316 0.183094
v 0.169423 0.311938 0.185202
v 0.133831 0.353833 0.219522
v 0.103999 0.340439 0.246563
v 0.120498 0.230567 0.195093
v 0.148575 0.206883 0.133475
v 0.227712 0.317488 0.139433
v 0.239452 0.193005 -0.159926
v 0.250283 0.236448 -0.249894
v 0.230935 0.119295 -0.113673
v 0.267792 -0.024537 -0.133836
v 0.305644 -0.057293 -0.246235
v 0.278872 -0.019392 -0.347443
v 0.252975 0.181077 -0.328655
v 0.263882 0.082066 -0.365868
v 0.363684 -0.560473 -0.274258
v 0.278596 -0.576994 -0.329875
v 0.388936 -0.553185 -0.164538
v 0.313398 -0.553537 -0.068487
v 0.174566 -0.567026 -0.090471
v 0.145847 -0.599177 -0.258928
v 0.117239 -0.505157 -0.183630
v 0.204610 -0.590077 -0.317331
v 0.010404 -0.526170 -0.092997
v 0.404001 0.163270 -0.148995
v 0.417083 0.199597 -0.226851
v 0.434051 0.182241 -0.304885
v 0.429841 0.074685 -0.324424
v 0.408712 0.015835 -0.295602
v 0.419916 -0.015019 -0.257262
v 0.407918 -0.002312 -0.162002
v 0.403793 0.088857 -0.123719
v 0.525781 0.130647 -0.086900
v 0.550182 0.145148 -0.148066
v 0.512526 0.076361 -0.052508
v 0.523574 -0.028114 -0.097541
v 0.536746 -0.041112 -0.184839
v 0.540304 0.017778 -0.245372
v 0.555534 0.071264 -0.240378
v 0.555916 0.124225 -0.206086
v 0.640332 -0.013405 0.036464
v 0.615641 0.079126 0.073281
v 0.626821 0.144867 0.038310
v 0.700977 0.146223 -0.004313
v 0.726539 0.096417 -0.038248
v 0.727562 0.050317 -0.051546
v 0.702801 0.009586 -0.048887
v 0.667229 -0.018757 -0.037421
v 0.877661 0.073705 0.248459
v 0.870360 0.095244 0.239904
v 0.883765 0.104919 0.244562
v 0.898374 0.078599 0.260794
v 0.908886 0.084787 0.230379
v 0.890521 0.112729 0.222495
v 0.895586 0.021769 0.270600
v 0.890162 -0.002116 0.269679
v 0.912961 0.019038 0.268168
v 0.909880 0.000175 0.265920
v 0.924543 0.021559 0.253887
v 0.921040 0.001413 0.250054
v 0.875373 -0.036031 0.229961
v 0.884757 -0.026357 0.228243
v 0.876858 -0.015535 0.238912
v 0.860851 -0.023378 0.227698
v 0.880481 -0.036581 0.202539
v 0.897479 -0.024266 0.213656
v 0.923009 0.010604 0.250382
v 0.910222 0.009306 0.267062
v 0.893800 0.010347 0.270068
v 0.894540 0.030015 0.277277
v 0.879876 0.016012 0.258960
v 0.914923 0.024843 0.279359
v 0.928437 0.030635 0.251890
v 0.927558 0.008792 0.225561
v 0.923959 -0.002766 0.237811
v 0.912750 -0.005513 0.271079
v 0.885222 -0.007589 0.265701
v 0.887574 -0.028481 0.206719
v 0.877421 -0.024665 0.217971
v 0.868938 -0.014304 0.225810
v 0.877686 -0.009511 0.251521
v 0.857751 -0.002435 0.233712
v 0.887408 -0.026276 0.237610
v 0.906737 -0.023952 0.215486
v 0.899363 -0.029871 0.192876
v 0.880841 -0.042394 0.196293
v 0.873538 -0.042226 0.235630
v 0.852166 -0.022711 0.232947
v 0.876395 0.084206 0.242672
v 0.887402 0.091559 0.227577
v 0.898521 0.094694 0.221858
v 0.851764 0.101912 0.235822
v 0.852934 0.073882 0.230974
v 0.869554 0.062457 0.241906
v 0.883196 0.109398 0.251410
v 0.900640 0.075247 0.275649
v 0.889570 0.122133 0.215945
v 0.897836 0.088414 0.194679
v 0.916933 0.076348 0.221753
v 0.881795 -0.008463 0.259253
v 0.866451 0.006859 0.246672
v 0.878441 0.047030 0.258949
v 0.859862 0.041579 0.238534
v 0.930234 0.053124 0.238030
v 0.925668 0.050383 0.208187
v 0.917631 -0.016111 0.224338
v 0.913954 -0.013870 0.206436
v 0.818573 -0.038780 0.215031
v 0.819708 -0.049193 0.204821
v 0.830911 -0.065586 0.202104
v 0.837345 -0.073281 0.219827
v 0.854766 -0.073499 0.188054
v 0.836192 -0.066754 0.186355
v 0.837837 -0.067355 0.171714
v 0.860211 -0.055624 0.163489
v 0.786487 0.003382 0.192900
v 0.794407 -0.034985 0.177334
v 0.832038 -0.025942 0.224673
v 0.823020 0.019786 0.216868
v 0.872822 -0.058672 0.188013
v 0.877159 -0.046381 0.172636
v 0.792799 0.148327 0.211065
v 0.788976 0.127806 0.213835
v 0.824312 0.118287 0.221140
v 0.826811 0.149862 0.226324
v 0.833816 0.162591 0.201219
v 0.795518 0.162963 0.192219
v 0.813162 0.161073 0.190730
v 0.808760 0.146546 0.213303
v 0.808494 0.119925 0.214265
v 0.777461 0.115679 0.218257
v 0.814857 0.089940 0.216358
v 0.836732 0.111997 0.232603
v 0.835049 0.149298 0.243398
v 0.855671 0.157984 0.191839
v 0.815624 0.162403 0.159682
v 0.786115 0.168709 0.186193
v 0.777871 0.144845 0.228903
v 0.707409 0.066165 0.165591
v 0.714975 0.114534 0.205067
v 0.694379 0.164688 0.192782
v 0.678456 0.142559 0.142947
v 0.726674 0.187512 0.178797
v 0.725291 0.178421 0.119995
v 0.762260 0.179707 0.183232
v 0.771106 0.169561 0.140391
v 0.877302 0.147298 0.200010
v 0.869102 0.129644 0.169729
v 0.733822 -0.029941 0.110585
v 0.755449 -0.024140 0.075583
v 0.772546 0.019215 0.053127
v 0.784746 0.061519 0.060108
v 0.779584 0.098150 0.060943
v 0.871213 0.127415 0.172218
v 0.819302 0.112152 0.107620
v 0.852395 0.027410 0.115087
v 0.838826 0.075548 0.112362
v 0.895050 -0.013759 0.165355
v 0.850545 -0.023459 0.125940
v 0.816492 -0.055833 0.160452
v 0.709785 -0.000770 0.132658
v 0.620763 0.013824 0.066082
v 0.512339 0.024032 -0.054692
v 0.408676 0.031914 -0.130660
v 0.242638 0.045622 -0.103938
v 0.752577 0.107759 0.215273
v 0.775917 0.071613 0.201038
v 0.831610 0.050340 0.223699
v 0.853651 0.022771 0.230729
v 0.549452 0.076461 -0.009973
v 0.555116 0.021246 -0.011100
v 0.568185 -0.020972 -0.053881
v 0.579969 -0.035766 -0.137380
v 0.573468 0.013059 -0.214720
v 0.590597 0.068143 -0.210093
v 0.588413 0.123070 -0.177604
v 0.576313 0.141653 -0.121777
v 0.553103 0.130468 -0.060194
v 0.524267 0.145955 -0.161839
v 0.492810 0.133505 -0.108397
v 0.470617 0.080043 -0.084702
v 0.472620 0.025346 -0.083312
v 0.483109 -0.019994 -0.126320
v 0.513341 -0.035341 -0.201697
v 0.516120 0.015168 -0.258933
v 0.530597 0.071948 -0.257076
v 0.528541 0.126594 -0.221240
v 0.312034 0.185045 -0.153780
v 0.309296 0.230293 -0.236917
v 0.316917 0.186581 -0.321736
v 0.323643 0.075611 -0.356439
v 0.306347 -0.011535 -0.346455
v 0.324817 -0.036926 -0.248494
v 0.318896 -0.008635 -0.165183
v 0.320104 0.032825 -0.128215
v 0.316912 0.098618 -0.114845
v 0.746602 0.123711 0.242093
v 0.723038 0.136235 0.237158
v 0.708442 0.156013 0.234339
v 0.733638 0.187292 0.236114
v 0.756232 0.182409 0.230534
v 0.746571 0.119007 0.295016
v 0.718101 0.121435 0.293040
v 0.708956 0.147713 0.294566
v 0.721958 0.156964 0.301876
v 0.743816 0.158964 0.300479
v 0.764505 0.133319 0.293136
v 0.732249 0.135349 0.314539
v 0.922142 0.029284 0.304901
v 0.906702 0.034060 0.306181
v 0.909922 0.054078 0.317208
v 0.933082 0.037641 0.291937
v 0.935418 0.055140 0.279944
v 0.928559 0.066690 0.298315
v 0.923836 0.048835 0.316562
v 0.860496 -0.083311 0.231053
v 0.844374 -0.081915 0.244374
v 0.868592 -0.075864 0.233480
v 0.874746 -0.071827 0.246266
v 0.871334 -0.064374 0.256395
v 0.852458 -0.052786 0.268123
v 0.833335 -0.059958 0.262856
v 0.832130 -0.066191 0.245302
v 0.849888 -0.076698 0.269088
v 0.901767 -0.028582 0.288899
v 0.893534 -0.030647 0.292373
v 0.906109 -0.022377 0.288650
v 0.905199 -0.018009 0.290469
v 0.902492 -0.015164 0.292010
v 0.890912 -0.012852 0.296017
v 0.885963 -0.018803 0.293845
v 0.884841 -0.022198 0.281822
v 0.897740 -0.023574 0.292172
v 0.857208 -0.080005 0.210851
v 0.840971 -0.078214 0.232877
v 0.826751 -0.053110 0.231034
v 0.833997 -0.045444 0.244376
v 0.852109 -0.039154 0.251564
v 0.872784 -0.053964 0.246860
v 0.880870 -0.057688 0.224575
v 0.871920 -0.069541 0.211622
v 0.904316 -0.027171 0.250666
v 0.890370 -0.028912 0.263796
v 0.885030 -0.015706 0.265561
v 0.885371 -0.013486 0.275905
v 0.885352 -0.010008 0.280144
v 0.907814 -0.007680 0.281934
v 0.913254 -0.009900 0.262848
v 0.913260 -0.019236 0.255335
v 0.895764 0.110960 0.295162
v 0.879885 0.104515 0.301339
v 0.904470 0.122517 0.289003
v 0.908517 0.136670 0.284159
v 0.883229 0.162692 0.266249
v 0.857120 0.151835 0.277304
v 0.855045 0.129012 0.290021
v 0.890799 0.109834 0.277021
v 0.869247 0.106535 0.273678
v 0.847311 0.119464 0.263735
v 0.848005 0.150789 0.263304
v 0.873680 0.163061 0.235110
v 0.901332 0.140215 0.247828
v 0.900822 0.121600 0.258474
v 0.876085 0.122083 0.344482
v 0.865407 0.134524 0.335608
v 0.898232 0.121643 0.339877
v 0.906526 0.130590 0.338972
v 0.899887 0.145859 0.329780
v 0.891260 0.157299 0.322441
v 0.870594 0.151599 0.322043
v 0.887588 0.138535 0.348836
v 0.874816 0.110443 0.323917
v 0.859517 0.131922 0.313373
v 0.863842 0.152008 0.300101
v 0.886840 0.161590 0.295151
v 0.906140 0.143250 0.307313
v 0.905820 0.126526 0.314484
v 0.898536 0.112395 0.318088
v 0.203622 -0.600271 -0.050652
v 0.287130 -0.579711 -0.080399
v 0.311696 -0.578488 -0.164799
v 0.278466 -0.579373 -0.217832
v 0.231641 -0.581224 -0.237215
v 0.196967 -0.585540 -0.217697
v 0.175821 -0.597155 -0.183965
v 0.163947 -0.604033 -0.146170
v 0.217367 -0.725387 -0.088339
v 0.285002 -0.700986 -0.095898
v 0.163301 -0.724518 -0.134412
v 0.167974 -0.717822 -0.192267
v 0.187860 -0.696779 -0.221303
v 0.229056 -0.684904 -0.241192
v 0.284678 -0.680322 -0.232218
v 0.316019 -0.686465 -0.163836
v 0.294672 -0.867613 0.118484
v 0.305723 -0.863868 0.067305
v 0.247370 -0.840929 0.051458
v 0.261332 -0.853159 0.096710
v 0.298669 -0.921943 0.095928
v 0.302023 -0.925430 0.065082
v 0.260857 -0.931940 0.079794
v 0.258531 -0.936983 0.043878
v 0.225840 -0.926278 0.058010
v 0.237371 -0.921882 0.103716
v 0.221926 -0.896686 0.113256
v 0.203016 -0.891085 0.072557
v 0.221941 -0.857701 0.076682
v 0.239936 -0.869052 0.125599
v 0.363432 -0.861221 0.075180
v 0.353619 -0.851116 0.054640
v 0.344814 -0.924293 0.040834
v 0.360110 -0.914799 0.068362
v 0.349734 -0.865942 0.085493
v 0.324852 -0.857346 0.063476
v 0.322134 -0.924157 0.053517
v 0.345213 -0.912327 0.080004
v 0.394962 -0.872582 0.022134
v 0.414045 -0.875436 0.029249
v 0.423129 -0.873285 0.021781
v 0.406096 -0.862650 0.004708
v 0.431261 -0.876428 0.014500
v 0.427262 -0.871286 -0.006495
v 0.451709 -0.894739 -0.022321
v 0.436646 -0.897597 0.004447
v 0.391065 -0.918146 0.018969
v 0.403361 -0.919456 0.002183
v 0.417270 -0.912820 0.017116
v 0.411380 -0.912134 0.024813
v 0.423889 -0.915047 -0.013613
v 0.426069 -0.907123 0.007042
v 0.409865 -0.898902 0.036423
v 0.392687 -0.897104 0.036202
v 0.384230 -0.900901 0.073345
v 0.391047 -0.894625 0.053528
v 0.382395 -0.868806 0.060585
v 0.387395 -0.871026 0.087377
v 0.370700 -0.913565 0.063962
v 0.374203 -0.919455 0.034784
v 0.344906 -0.900993 0.090236
v 0.324686 -0.896058 0.082180
v 0.319808 -0.898734 0.090114
v 0.317569 -0.901940 0.111685
v 0.319147 -0.885523 0.091756
v 0.312898 -0.889467 0.114723
v 0.346512 -0.883442 0.092692
v 0.325118 -0.884153 0.088487
v 0.307980 -0.830182 0.019174
v 0.289759 -0.840112 0.040289
v 0.338161 -0.837996 0.027024
v 0.355693 -0.845113 0.014030
v 0.375332 -0.848837 -0.006887
v 0.390335 -0.848730 -0.021386
v 0.409674 -0.852798 -0.037501
v 0.431133 -0.857846 -0.055133
v 0.252035 -0.834515 0.027531
v 0.214166 -0.851652 0.038985
v 0.197510 -0.892588 0.042315
v 0.211849 -0.921699 0.025028
v 0.329943 -0.818889 -0.023243
v 0.356825 -0.815483 -0.093789
v 0.361963 -0.827444 -0.040639
v 0.255876 -0.812033 -0.018706
v 0.293245 -0.800439 -0.043547
v 0.326480 -0.802514 -0.068659
v 0.292588 -0.773934 -0.088852
v 0.211188 -0.835241 -0.033931
v 0.225620 -0.799239 -0.261597
v 0.222400 -0.771062 -0.241942
v 0.274667 -0.770676 -0.244380
v 0.285662 -0.807415 -0.246585
v 0.324588 -0.773402 -0.165918
v 0.335472 -0.820798 -0.182627
v 0.167302 -0.824618 -0.130781
v 0.170871 -0.789000 -0.132985
v 0.177723 -0.775571 -0.196833
v 0.162822 -0.814007 -0.191818
v 0.183287 -0.805896 -0.241799
v 0.189646 -0.770496 -0.218598
v 0.223113 -0.782917 -0.075786
v 0.378971 -0.842549 -0.128041
v 0.190766 -0.828874 -0.074813
v 0.193853 -0.885861 -0.020372
v 0.191943 -0.881370 -0.076359
v 0.208016 -0.912951 -0.028193
v 0.202483 -0.909866 -0.081694
v 0.231696 -0.931211 -0.036044
v 0.222955 -0.926426 -0.085750
v 0.256995 -0.942015 -0.041555
v 0.243880 -0.935890 -0.086783
v 0.243273 -0.937234 0.010889
v 0.276079 -0.940404 0.008107
v 0.299313 -0.939847 -0.002856
v 0.313303 -0.938066 -0.007874
v 0.354318 -0.933132 -0.020482
v 0.374558 -0.929959 -0.030101
v 0.389151 -0.927814 -0.038128
v 0.408188 -0.924200 -0.051275
v 0.429293 -0.912255 -0.071075
v 0.280756 -0.943182 -0.048919
v 0.302610 -0.942144 -0.056477
v 0.329130 -0.938805 -0.064729
v 0.349445 -0.934039 -0.074839
v 0.367523 -0.930490 -0.084279
v 0.386635 -0.924839 -0.095816
v 0.262467 -0.941094 -0.095760
v 0.285484 -0.942079 -0.101001
v 0.308042 -0.940915 -0.105208
v 0.324429 -0.935774 -0.116563
v 0.342788 -0.929370 -0.128429
v 0.363051 -0.921707 -0.138380
v 0.406040 -0.907506 -0.108413
v 0.375614 -0.902265 -0.150949
v 0.438868 -0.883867 -0.081595
v 0.418045 -0.873534 -0.108729
v 0.384945 -0.870578 -0.143973
v 0.381122 -0.836657 -0.041883
v 0.390475 -0.834438 -0.064740
v 0.408409 -0.845082 -0.089690
v 0.343371 -0.860719 -0.193776
v 0.301779 -0.848692 -0.251925
v 0.221527 -0.825956 -0.285070
v 0.341929 -0.905096 -0.189866
v 0.343069 -0.917594 -0.176197
v 0.316709 -0.930178 -0.174238
v 0.291134 -0.940278 -0.136177
v 0.296952 -0.937213 -0.156502
v 0.268457 -0.941034 -0.144721
v 0.166169 -0.873487 -0.127045
v 0.185843 -0.913729 -0.135761
v 0.210275 -0.931318 -0.140221
v 0.232147 -0.934551 -0.124289
v 0.241104 -0.938975 -0.144791
v 0.164427 -0.842053 -0.254455
v 0.147175 -0.854961 -0.194755
v 0.264653 -0.940584 -0.177133
v 0.285999 -0.931496 -0.221254
v 0.218670 -0.939136 -0.179709
v 0.154479 -0.921569 -0.197090
v 0.229263 -0.901204 -0.309286
v 0.158906 -0.922964 -0.253657
v 0.230177 -0.942910 -0.224083
v 0.018871 0.225683 0.225182
v 0.018871 0.168249 0.194697
v 0.006228 0.656944 0.330790
v 0.018871 0.844762 0.200755
v 0.019597 0.921166 0.001098
v 0.017383 0.192583 -0.038465
v 0.018871 0.128576 0.122879
v 0.014140 0.538726 0.369395
v 0.025896 0.899545 -0.151006
v 0.023753 0.798454 -0.295990
v 0.021674 0.644419 -0.379103
v 0.017127 0.157057 -0.078016
v 0.018896 0.401359 -0.329239
v 0.018394 0.327311 -0.327259
v 0.016489 0.494474 -0.382759
v 0.019832 0.890382 0.124821
v 0.017141 0.161112 0.030812
v 0.018871 0.750741 0.286501
v 0.018871 0.356336 0.312935
v 0.018871 0.313638 0.249203
v 0.018871 0.364669 0.468134
v 0.018871 0.339129 0.295147
v 0.018871 0.193450 0.209252
v 0.018871 0.326298 0.272613
v 0.018871 0.204956 0.215995
v 0.018871 0.143466 0.172864
v 0.015155 -0.556202 -0.312107
v 0.005724 -0.498551 -0.185780
v -0.121322 0.498887 0.269433
v -0.094183 0.494145 0.278222
v -0.056974 0.325684 0.224831
v -0.113076 0.304001 0.184182
v -0.138253 0.518924 0.261573
v -0.170437 0.315160 0.156426
v -0.104919 0.207864 0.156431
v -0.053256 0.253669 0.197935
v -0.078636 0.534539 0.284988
v -0.093306 0.558834 0.287697
v -0.117117 0.568299 0.280595
v -0.169323 0.669199 0.244838
v -0.135118 0.548528 0.265249
v -0.267603 0.532896 0.153720
v -0.070407 0.382449 0.276343
v -0.227559 0.415006 0.195595
v -0.078951 0.508668 0.283748
v -0.289280 0.545072 0.024375
v -0.262107 0.698821 0.024220
v -0.043287 0.841212 0.195486
v -0.112771 0.890935 0.025273
v -0.132569 0.244668 -0.061438
v -0.118123 0.208440 0.094172
v -0.274865 0.356709 -0.042912
v -0.221511 0.321115 0.108213
v -0.083458 0.446992 0.303226
v -0.137254 0.457100 0.264659
v -0.205251 0.478700 0.246286
v -0.226615 0.543822 0.206481
v -0.145593 0.597904 0.277549
v -0.062946 0.590695 0.328223
v -0.019233 0.537516 0.340895
v -0.032450 0.474431 0.360466
v -0.086851 0.471185 0.290040
v -0.133323 0.477617 0.268292
v -0.181733 0.497765 0.249608
v -0.168842 0.550038 0.244792
v -0.125128 0.578583 0.281999
v -0.077249 0.572728 0.310810
v -0.049711 0.537180 0.309790
v -0.057328 0.495740 0.310036
v -0.128478 0.873655 -0.129578
v -0.266853 0.732619 -0.094311
v -0.317600 0.394662 -0.190091
v -0.243640 0.368839 -0.151626
v -0.226365 0.449828 -0.232918
v -0.316041 0.495438 -0.216432
v -0.252929 0.571480 -0.239226
v -0.334328 0.599324 -0.211645
v -0.265110 0.679435 -0.189692
v -0.335840 0.676951 -0.180936
v -0.347137 0.458397 -0.134622
v -0.352376 0.583305 -0.053755
v -0.311929 0.675152 -0.017754
v -0.325576 0.709316 -0.111162
v -0.126452 0.781706 -0.282034
v -0.112681 0.636392 -0.363427
v -0.080395 0.485544 -0.362937
v -0.088532 0.203138 -0.100573
v -0.122003 0.247591 -0.157755
v -0.155485 0.303324 -0.141656
v -0.116245 0.284444 -0.227014
v -0.144007 0.354786 -0.213841
v -0.046349 0.396541 -0.317977
v -0.038515 0.327877 -0.318661
v -0.435723 0.671567 -0.121533
v -0.430745 0.747935 -0.078623
v -0.405587 0.758634 -0.158220
v -0.415772 0.721698 -0.217790
v -0.429749 0.658937 -0.250074
v -0.433488 0.571474 -0.245468
v -0.464690 0.501400 -0.232998
v -0.461598 0.571108 -0.167505
v -0.609071 0.716810 -0.227224
v -0.565368 0.766162 -0.192848
v -0.728818 0.840533 -0.272505
v -0.716038 0.854015 -0.252123
v -0.548238 0.802947 -0.155448
v -0.705639 0.875514 -0.246611
v -0.646319 0.695523 -0.299288
v -0.723247 0.837159 -0.321347
v -0.557330 0.751358 -0.292721
v -0.582609 0.708622 -0.306874
v -0.540116 0.792162 -0.264501
v -0.540972 0.823626 -0.209976
v -0.687752 0.880788 -0.271815
v -0.680870 0.858630 -0.307211
v -0.696181 0.846615 -0.321123
v -0.707220 0.834437 -0.323941
v -0.757869 0.895684 -0.300616
v -0.078562 0.866404 0.130590
v -0.227199 0.691831 0.127135
v -0.271851 0.540492 0.094698
v -0.244897 0.327768 0.066156
v -0.131337 0.222700 0.035561
v -0.090335 0.314318 -0.284867
v -0.106155 0.382557 -0.278937
v -0.167461 0.471356 -0.307695
v -0.219128 0.593502 -0.310124
v -0.237869 0.731502 -0.235209
v -0.231279 0.811470 -0.102193
v -0.209125 0.808164 0.023588
v -0.164056 0.797948 0.135476
v -0.093181 0.788971 0.230123
v -0.154296 0.400559 0.221888
v -0.057519 0.417047 0.340114
v -0.073888 0.334843 0.207150
v -0.155891 0.313259 0.176135
v -0.123455 0.378134 0.224886
v -0.074441 0.361924 0.262206
v -0.089101 0.224316 0.183094
v -0.131680 0.311938 0.185202
v -0.096088 0.353833 0.219522
v -0.066256 0.340439 0.246563
v -0.082755 0.230567 0.195093
v -0.110832 0.206883 0.133475
v -0.189969 0.317488 0.139433
v -0.203667 0.193804 -0.161389
v -0.211855 0.235141 -0.246270
v -0.191607 0.120437 -0.114047
v -0.231206 -0.020690 -0.134759
v -0.267901 -0.057293 -0.246235
v -0.246219 -0.022180 -0.336673
v -0.213943 0.179083 -0.330240
v -0.234312 0.087014 -0.360416
v -0.305618 -0.561453 -0.259549
v -0.230193 -0.570147 -0.306064
v -0.352948 -0.565229 -0.164534
v -0.304324 -0.571358 -0.054424
v -0.150927 -0.578400 -0.068580
v -0.105747 -0.595429 -0.258768
v -0.102669 -0.549259 -0.165437
v -0.155309 -0.594234 -0.299610
v -0.368670 0.154434 -0.148183
v -0.379825 0.198270 -0.223946
v -0.406400 0.167873 -0.285783
v -0.398640 0.082830 -0.307461
v -0.385675 0.017602 -0.290059
v -0.378428 -0.013260 -0.242257
v -0.367839 -0.001900 -0.159169
v -0.365721 0.087885 -0.124169
v -0.487383 0.130675 -0.085947
v -0.512106 0.144796 -0.146457
v -0.471407 0.078350 -0.055130
v -0.481459 -0.025694 -0.092936
v -0.493276 -0.034323 -0.164160
v -0.519220 0.004824 -0.204594
v -0.535156 0.067775 -0.214985
v -0.522282 0.124418 -0.199043
v -0.599346 -0.013100 0.039747
v -0.565249 0.082782 0.075454
v -0.584944 0.146914 0.039928
v -0.637901 0.145430 -0.001666
v -0.651215 0.116765 -0.043234
v -0.666466 0.065021 -0.062496
v -0.655422 0.014348 -0.058149
v -0.626074 -0.018076 -0.028263
v -0.839918 0.073705 0.248459
v -0.832618 0.095244 0.239904
v -0.846022 0.104919 0.244562
v -0.860631 0.078599 0.260794
v -0.871143 0.084787 0.230379
v -0.852778 0.112729 0.222495
v -0.857843 0.021769 0.270600
v -0.852419 -0.002116 0.269679
v -0.875218 0.019038 0.268168
v -0.872137 0.000175 0.265920
v -0.886800 0.021559 0.253887
v -0.883297 0.001413 0.250054
v -0.837630 -0.036031 0.229961
v -0.847014 -0.026357 0.228243
v -0.839115 -0.015535 0.238912
v -0.823108 -0.023378 0.227698
v -0.842738 -0.036581 0.202539
v -0.859736 -0.024266 0.213656
v -0.885266 0.010604 0.250382
v -0.872479 0.009306 0.267062
v -0.856057 0.010347 0.270068
v -0.856797 0.030015 0.277277
v -0.842133 0.016012 0.258960
v -0.877180 0.024843 0.279359
v -0.890694 0.030635 0.251890
v -0.889815 0.008792 0.225561
v -0.886216 -0.002766 0.237811
v -0.875007 -0.005513 0.271079
v -0.847480 -0.007589 0.265701
v -0.849831 -0.028481 0.206719
v -0.839678 -0.024665 0.217971
v -0.831195 -0.014304 0.225810
v -0.839943 -0.009511 0.251521
v -0.820008 -0.002435 0.233712
v -0.849665 -0.026276 0.237610
v -0.868994 -0.023952 0.215486
v -0.861620 -0.029871 0.192876
v -0.843098 -0.042394 0.196293
v -0.835795 -0.042226 0.235630
v -0.814423 -0.022711 0.232947
v -0.838652 0.084206 0.242672
v -0.849659 0.091559 0.227577
v -0.860778 0.094694 0.221858
v -0.814021 0.101912 0.235822
v -0.815191 0.073882 0.230974
v -0.831811 0.062457 0.241906
v -0.845453 0.109398 0.251410
v -0.862897 0.075247 0.275649
v -0.851827 0.122133 0.215945
v -0.860094 0.088414 0.194679
v -0.879190 0.076348 0.221753
v -0.844052 -0.008463 0.259253
v -0.828708 0.006859 0.246672
v -0.840699 0.047030 0.258949
v -0.822119 0.041579 0.238534
v -0.892491 0.053124 0.238030
v -0.887925 0.050383 0.208187
v -0.879888 -0.016111 0.224338
v -0.876211 -0.013870 0.206436
v -0.780830 -0.038780 0.215031
v -0.781965 -0.049193 0.204821
v -0.793168 -0.065586 0.202104
v -0.799602 -0.073281 0.219827
v -0.817024 -0.073499 0.188054
v -0.798449 -0.066754 0.186355
v -0.800094 -0.067355 0.171714
v -0.822468 -0.055624 0.163489
v -0.748096 0.003961 0.192857
v -0.757733 -0.035785 0.177683
v -0.794295 -0.025942 0.224673
v -0.784923 0.019592 0.216688
v -0.835079 -0.058672 0.188013
v -0.839416 -0.046381 0.172636
v -0.755056 0.148327 0.211065
v -0.751233 0.127806 0.213835
v -0.786569 0.118287 0.221140
v -0.789068 0.149862 0.226324
v -0.796074 0.162591 0.201219
v -0.757775 0.162963 0.192219
v -0.775419 0.161073 0.190730
v -0.771017 0.146546 0.213303
v -0.770751 0.119925 0.214265
v -0.739718 0.115679 0.218257
v -0.777114 0.089940 0.216358
v -0.798989 0.111997 0.232603
v -0.797306 0.149298 0.243398
v -0.817928 0.157984 0.191839
v -0.777881 0.162403 0.159682
v -0.748372 0.168709 0.186193
v -0.740128 0.144845 0.228903
v -0.667611 0.061997 0.166220
v -0.677232 0.114534 0.205067
v -0.656636 0.164688 0.192782
v -0.641356 0.154771 0.143984
v -0.688931 0.187512 0.178797
v -0.689194 0.172758 0.112332
v -0.724517 0.179707 0.183232
v -0.736295 0.166409 0.138765
v -0.839559 0.147298 0.200010
v -0.831359 0.129644 0.169729
v -0.691771 -0.027488 0.101301
v -0.711515 -0.012899 0.060346
v -0.725480 0.025704 0.038466
v -0.726462 0.071412 0.034454
v -0.712770 0.118263 0.052746
v -0.833471 0.127415 0.172218
v -0.781559 0.112152 0.107620
v -0.808338 0.030669 0.114925
v -0.797404 0.076875 0.109905
v -0.857307 -0.013759 0.165355
v -0.797974 -0.025994 0.126840
v -0.774525 -0.052562 0.155237
v -0.668939 -0.001483 0.131312
v -0.578982 0.010924 0.064559
v -0.470997 0.018931 -0.057710
v -0.365810 0.032443 -0.132757
v -0.201831 0.050367 -0.102807
v -0.714834 0.107759 0.215273
v -0.737004 0.072004 0.200454
v -0.793867 0.050340 0.223699
v -0.815908 0.022771 0.230729
v -0.498540 0.074597 -0.022923
v -0.498984 0.013325 -0.033488
v -0.510552 -0.022916 -0.056517
v -0.533658 -0.039640 -0.138277
v -0.567697 0.007957 -0.164997
v -0.590017 0.060353 -0.161858
v -0.575226 0.116495 -0.151593
v -0.546794 0.141143 -0.113751
v -0.513804 0.130750 -0.063202
v -0.474465 0.150515 -0.166084
v -0.448732 0.130959 -0.111330
v -0.431730 0.079789 -0.084772
v -0.433234 0.023502 -0.085297
v -0.443200 -0.019006 -0.122036
v -0.454560 -0.029089 -0.197576
v -0.462762 0.005980 -0.249050
v -0.480795 0.073674 -0.258991
v -0.489041 0.127564 -0.222064
v -0.278172 0.184883 -0.156890
v -0.269188 0.232778 -0.240659
v -0.299525 0.174145 -0.311934
v -0.310012 0.088126 -0.338083
v -0.305521 -0.001274 -0.318433
v -0.287074 -0.036926 -0.248494
v -0.281153 -0.008635 -0.165183
v -0.282408 0.033921 -0.127964
v -0.280038 0.104996 -0.117765
v -0.708859 0.123711 0.242093
v -0.685295 0.136235 0.237158
v -0.670699 0.156013 0.234339
v -0.695895 0.187292 0.236114
v -0.718489 0.182409 0.230534
v -0.708828 0.119007 0.295016
v -0.680358 0.121435 0.293040
v -0.671213 0.147713 0.294566
v -0.684215 0.156964 0.301876
v -0.706074 0.158964 0.300479
v -0.726762 0.133319 0.293136
v -0.694506 0.135349 0.314539
v -0.884399 0.029284 0.304901
v -0.868959 0.034060 0.306181
v -0.872180 0.054078 0.317208
v -0.895339 0.037641 0.291937
v -0.897675 0.055140 0.279944
v -0.890817 0.066690 0.298315
v -0.886093 0.048835 0.316562
v -0.822753 -0.083311 0.231053
v -0.806631 -0.081915 0.244374
v -0.830849 -0.075864 0.233480
v -0.837003 -0.071827 0.246266
v -0.833591 -0.064374 0.256395
v -0.814715 -0.052786 0.268123
v -0.795592 -0.059958 0.262856
v -0.794387 -0.066191 0.245302
v -0.812145 -0.076698 0.269088
v -0.864024 -0.028582 0.288899
v -0.855791 -0.030647 0.292373
v -0.868366 -0.022377 0.288650
v -0.867456 -0.018009 0.290469
v -0.864749 -0.015164 0.292010
v -0.853170 -0.012852 0.296017
v -0.848220 -0.018803 0.293845
v -0.847098 -0.022198 0.281822
v -0.859997 -0.023574 0.292172
v -0.819465 -0.080005 0.210851
v -0.803228 -0.078214 0.232877
v -0.789008 -0.053110 0.231034
v -0.796255 -0.045444 0.244376
v -0.814366 -0.039154 0.251564
v -0.835041 -0.053964 0.246860
v -0.843127 -0.057688 0.224575
v -0.834177 -0.069541 0.211622
v -0.866574 -0.027171 0.250666
v -0.852628 -0.028912 0.263796
v -0.847287 -0.015706 0.265561
v -0.847628 -0.013486 0.275905
v -0.847609 -0.010008 0.280144
v -0.870071 -0.007680 0.281934
v -0.875511 -0.009900 0.262848
v -0.875517 -0.019236 0.255335
v -0.858021 0.110960 0.295162
v -0.842142 0.104515 0.301339
v -0.866727 0.122517 0.289003
v -0.870774 0.136670 0.284159
v -0.845486 0.162692 0.266249
v -0.819377 0.151835 0.277304
v -0.817302 0.129012 0.290021
v -0.853056 0.109834 0.277021
v -0.831504 0.106535 0.273678
v -0.809568 0.119464 0.263735
v -0.810263 0.150789 0.263304
v -0.835937 0.163061 0.235110
v -0.863589 0.140215 0.247828
v -0.863079 0.121600 0.258474
v -0.838342 0.122083 0.344482
v -0.827664 0.134524 0.335608
v -0.860489 0.121643 0.339877
v -0.868783 0.130590 0.338972
v -0.862144 0.145859 0.329780
v -0.853517 0.157299 0.322441
v -0.832851 0.151599 0.322043
v -0.849845 0.138535 0.348836
v -0.837074 0.110443 0.323917
v -0.821774 0.131922 0.313373
v -0.826100 0.152008 0.300101
v -0.849097 0.161590 0.295151
v -0.868397 0.143250 0.307313
v -0.868077 0.126526 0.314484
v -0.860793 0.112395 0.318088
v -0.157255 -0.601001 -0.090482
v -0.253086 -0.591309 -0.082325
v -0.270234 -0.585068 -0.157463
v -0.236594 -0.581488 -0.216855
v -0.189298 -0.584107 -0.233575
v -0.155248 -0.590164 -0.211106
v -0.136304 -0.595146 -0.186907
v -0.127157 -0.604733 -0.148593
v -0.180676 -0.716402 -0.089376
v -0.244597 -0.702673 -0.094334
v -0.125977 -0.713018 -0.139416
v -0.130345 -0.714909 -0.191938
v -0.148265 -0.698095 -0.220296
v -0.186923 -0.690922 -0.241481
v -0.244323 -0.682763 -0.226295
v -0.273965 -0.688244 -0.156415
v -0.252451 -0.864332 0.106397
v -0.267980 -0.863868 0.067305
v -0.209627 -0.840929 0.051458
v -0.223589 -0.853159 0.096710
v -0.248101 -0.924332 0.091262
v -0.264280 -0.925430 0.065082
v -0.223114 -0.931940 0.079794
v -0.220788 -0.936983 0.043878
v -0.190254 -0.925245 0.058819
v -0.208383 -0.923741 0.090915
v -0.199348 -0.899658 0.104129
v -0.173472 -0.895396 0.073894
v -0.184198 -0.857701 0.076682
v -0.203258 -0.872952 0.106941
v -0.325689 -0.861221 0.075180
v -0.315876 -0.851116 0.054640
v -0.307071 -0.924293 0.040834
v -0.322367 -0.914799 0.068362
v -0.308600 -0.873707 0.102987
v -0.287109 -0.857346 0.063476
v -0.284391 -0.924157 0.053517
v -0.307033 -0.911557 0.082330
v -0.357219 -0.872582 0.022134
v -0.375223 -0.874512 0.026790
v -0.383173 -0.872139 0.019796
v -0.368353 -0.862650 0.004708
v -0.395364 -0.877611 0.016054
v -0.389519 -0.871286 -0.006495
v -0.413966 -0.894739 -0.022321
v -0.400142 -0.896836 0.005459
v -0.353322 -0.918146 0.018969
v -0.365618 -0.919456 0.002183
v -0.378684 -0.913211 0.016072
v -0.373548 -0.911740 0.029516
v -0.386146 -0.915047 -0.013613
v -0.388539 -0.906999 0.007224
v -0.371733 -0.898828 0.036961
v -0.354944 -0.897104 0.036202
v -0.359429 -0.898201 0.074285
v -0.353304 -0.894625 0.053528
v -0.344652 -0.868806 0.060585
v -0.349652 -0.871026 0.087377
v -0.341559 -0.911933 0.067994
v -0.336460 -0.919455 0.034784
v -0.299321 -0.898119 0.095909
v -0.286943 -0.896058 0.082180
v -0.282065 -0.898734 0.090114
v -0.257556 -0.905651 0.106103
v -0.281404 -0.885523 0.091756
v -0.258931 -0.882409 0.109855
v -0.296932 -0.884271 0.099825
v -0.287375 -0.884153 0.088487
v -0.270237 -0.830182 0.019174
v -0.252016 -0.840112 0.040289
v -0.300418 -0.837996 0.027024
v -0.317950 -0.845113 0.014030
v -0.337589 -0.848837 -0.006887
v -0.352593 -0.848730 -0.021386
v -0.371931 -0.852798 -0.037501
v -0.393391 -0.857846 -0.055133
v -0.214292 -0.834515 0.027531
v -0.176423 -0.851652 0.038985
v -0.159767 -0.892588 0.042315
v -0.174106 -0.921699 0.025028
v -0.292200 -0.818889 -0.023243
v -0.319082 -0.815483 -0.093789
v -0.324220 -0.827444 -0.040639
v -0.218133 -0.812033 -0.018706
v -0.255502 -0.800439 -0.043547
v -0.288737 -0.802514 -0.068659
v -0.254845 -0.773934 -0.088852
v -0.173445 -0.835241 -0.033931
v -0.187877 -0.799239 -0.261597
v -0.184657 -0.771062 -0.241942
v -0.236924 -0.770676 -0.244380
v -0.247920 -0.807415 -0.246585
v -0.286845 -0.773402 -0.165918
v -0.297729 -0.820798 -0.182627
v -0.129559 -0.824618 -0.130781
v -0.133128 -0.789000 -0.132985
v -0.139980 -0.775571 -0.196833
v -0.125079 -0.814007 -0.191818
v -0.145544 -0.805896 -0.241799
v -0.151903 -0.770496 -0.218598
v -0.185370 -0.782917 -0.075786
v -0.341228 -0.842549 -0.128041
v -0.153023 -0.828874 -0.074813
v -0.156110 -0.885861 -0.020372
v -0.154200 -0.881370 -0.076359
v -0.170273 -0.912951 -0.028193
v -0.164740 -0.909866 -0.081694
v -0.193953 -0.931211 -0.036044
v -0.185213 -0.926426 -0.085750
v -0.219252 -0.942015 -0.041555
v -0.206137 -0.935890 -0.086783
v -0.205530 -0.937234 0.010889
v -0.238337 -0.940404 0.008107
v -0.261570 -0.939847 -0.002856
v -0.275560 -0.938066 -0.007874
v -0.316575 -0.933132 -0.020482
v -0.336815 -0.929959 -0.030101
v -0.351408 -0.927814 -0.038128
v -0.370445 -0.924200 -0.051275
v -0.391550 -0.912255 -0.071075
v -0.243013 -0.943182 -0.048919
v -0.264867 -0.942144 -0.056477
v -0.291387 -0.938805 -0.064729
v -0.311702 -0.934039 -0.074839
v -0.329780 -0.930490 -0.084279
v -0.348892 -0.924839 -0.095816
v -0.224724 -0.941094 -0.095760
v -0.247741 -0.942079 -0.101001
v -0.270299 -0.940915 -0.105208
v -0.286686 -0.935774 -0.116563
v -0.305045 -0.929370 -0.128429
v -0.325308 -0.921707 -0.138380
v -0.368297 -0.907506 -0.108413
v -0.337871 -0.902265 -0.150949
v -0.401125 -0.883867 -0.081595
v -0.380302 -0.873534 -0.108729
v -0.347202 -0.870578 -0.143973
v -0.343379 -0.836657 -0.041883
v -0.352732 -0.834438 -0.064740
v -0.370666 -0.845082 -0.089690
v -0.305628 -0.860719 -0.193776
v -0.264037 -0.848692 -0.251925
v -0.183784 -0.825956 -0.285070
v -0.304186 -0.905096 -0.189866
v -0.305326 -0.917594 -0.176197
v -0.278966 -0.930178 -0.174238
v -0.253391 -0.940278 -0.136177
v -0.259209 -0.937213 -0.156502
v -0.230714 -0.941034 -0.144721
v -0.128426 -0.873487 -0.127045
v -0.148100 -0.913729 -0.135761
v -0.172533 -0.931318 -0.140221
v -0.194404 -0.934551 -0.124289
v -0.203362 -0.938975 -0.144791
v -0.126684 -0.842053 -0.254455
v -0.109432 -0.854961 -0.194755
v -0.226910 -0.940584 -0.177133
v -0.248256 -0.931496 -0.221254
v -0.180927 -0.939136 -0.179709
v -0.116736 -0.921569 -0.197090
v -0.191520 -0.901204 -0.309286
v -0.121163 -0.922964 -0.253657
v -0.192434 -0.942910 -0.224083
v 0.424547 -0.879703 0.024334
v 0.423554 -0.897726 0.021302
v 0.421383 -0.906194 0.018579
v 0.250634 -0.861106 0.111154
v 0.234655 -0.849315 0.064070
v 0.233100 -0.843083 0.033258
v 0.233532 -0.823637 -0.026319
v 0.206940 -0.805896 -0.075300
v 0.169087 -0.806809 -0.131883
v 0.170272 -0.794789 -0.194325
v 0.186466 -0.788196 -0.230198
v 0.224010 -0.785151 -0.251770
v 0.280165 -0.789045 -0.245482
v 0.330030 -0.797100 -0.174272
v 0.367898 -0.829016 -0.110915
v 0.399442 -0.839760 -0.077215
v 0.420404 -0.855322 -0.046317
v 0.439485 -0.883012 -0.014408
v 0.434728 -0.885062 0.008149
v 0.424183 -0.887701 0.023448
v 0.410255 -0.886746 0.036026
v 0.393825 -0.884843 0.029168
v 0.386721 -0.881716 0.057057
v 0.392283 -0.884614 0.080831
v 0.368384 -0.873654 0.090068
v 0.368432 -0.886415 0.087876
v 0.364812 -0.899607 0.083602
v 0.361419 -0.909668 0.076956
v 0.272653 -0.864359 0.114819
v 0.276417 -0.879259 0.120161
v 0.269747 -0.899313 0.112471
v 0.268020 -0.921912 0.099822
v -0.212891 -0.861106 0.111154
v -0.196913 -0.849315 0.064070
v -0.195357 -0.843083 0.033258
v -0.195789 -0.823637 -0.026319
v -0.169197 -0.805896 -0.075300
v -0.131344 -0.806809 -0.131883
v -0.132530 -0.794789 -0.194325
v -0.148723 -0.788196 -0.230198
v -0.186267 -0.785151 -0.251770
v -0.242422 -0.789045 -0.245482
v -0.292287 -0.797100 -0.174272
v -0.330155 -0.829016 -0.110915
v -0.361699 -0.839760 -0.077215
v -0.382661 -0.855322 -0.046317
v -0.401743 -0.883012 -0.014408
v -0.398556 -0.887047 0.011201
v -0.373336 -0.885857 0.032342
v -0.356082 -0.884843 0.029168
v -0.348978 -0.881716 0.057057
v -0.354541 -0.884614 0.080831
v -0.329126 -0.872366 0.095182
v -0.325736 -0.884442 0.090328
v -0.329375 -0.898160 0.085097
v -0.324296 -0.911745 0.075162
v -0.233869 -0.865833 0.114583
v -0.231062 -0.880799 0.115097
v -0.228787 -0.900996 0.110086
v -0.229572 -0.916529 0.102899
v 0.044055 0.286834 0.117821
v 0.076648 0.268254 0.083291
v 0.114373 0.236750 0.037240
v 0.065869 0.226414 0.085207
v 0.027027 0.214527 0.110477
v 0.016839 0.293389 0.136335
v -0.044433 0.262465 0.075068
v -0.022522 0.228240 0.095668
v -0.008541 0.288370 0.119073
v -0.032258 0.271671 0.089394
v 0.064643 0.311687 0.161126
v 0.104717 0.325155 0.137661
v 0.142687 0.302196 0.118737
v 0.085240 0.261348 0.135526
v 0.018871 0.234446 0.163983
v -0.047497 0.261348 0.135526
v -0.104944 0.302196 0.118737
v -0.066974 0.325155 0.137661
v -0.038113 0.312317 0.152336
v 0.016431 0.304407 0.172661
v 0.018811 0.276582 0.104214
v 0.021278 0.259061 0.074607
v 0.027459 0.248062 0.058428
v 0.021818 0.229669 0.068867
v -0.109824 0.549959 0.276730
v -0.105905 0.529066 0.273429
v -0.102198 0.510881 0.275135
v 0.152668 0.545317 0.273742
v 0.144784 0.527056 0.272950
v 0.137949 0.510745 0.275717
v 0.176807 0.208529 -0.163798
v 0.180492 0.238771 -0.266990
v 0.246522 0.217246 -0.137499
v 0.258114 0.266110 -0.251994
v 0.137554 0.150213 -0.102796
v 0.216236 0.140296 -0.092429
v 0.247346 0.052312 -0.082702
v 0.140432 0.060779 -0.056786
v 0.159350 -0.014849 -0.026258
v 0.293222 -0.022723 -0.112978
v 0.294202 -0.092162 -0.108829
v 0.169926 -0.103855 -0.013794
v 0.163323 -0.223447 -0.007303
v 0.300512 -0.188027 -0.350973
v 0.262075 0.202248 -0.353592
v 0.199841 0.213260 -0.366617
v 0.277709 0.089708 -0.396515
v 0.216178 0.102235 -0.416680
v 0.305653 -0.019238 -0.366838
v 0.228723 -0.002169 -0.429975
v 0.228282 -0.193206 -0.424339
v 0.226402 -0.089062 -0.433594
v 0.017191 -0.104241 0.023477
v 0.012887 -0.227141 0.022161
v 0.152645 -0.357775 -0.028960
v 0.276381 -0.340687 -0.091379
v 0.226403 -0.381444 -0.388704
v 0.294768 -0.591625 -0.365045
v 0.377793 -0.521712 -0.298154
v 0.427588 -0.548232 -0.157611
v 0.334603 -0.551486 -0.035347
v 0.178211 -0.579543 -0.050312
v 0.112337 -0.471245 -0.377729
v 0.202047 -0.616141 -0.349975
v 0.155602 -0.187864 -0.455318
v 0.147867 -0.086573 -0.461933
v 0.153148 0.005514 -0.454732
v 0.154787 0.111435 -0.440482
v 0.147171 0.213186 -0.398027
v 0.093383 -0.322090 -0.443531
v 0.084474 -0.189775 -0.475536
v 0.017540 -0.314230 -0.441622
v 0.016903 -0.197040 -0.476872
v 0.017219 -0.087982 -0.471582
v 0.070618 -0.087434 -0.470172
v 0.080586 0.001994 -0.468076
v 0.086810 0.112642 -0.460555
v 0.017685 -0.001818 -0.473252
v 0.018727 0.106404 -0.469055
v 0.083056 0.219873 -0.414862
v 0.019262 0.226567 -0.420755
v 0.073829 0.252477 -0.352373
v 0.019153 0.256013 -0.355218
v 0.128589 0.247058 -0.326207
v 0.013100 -0.363027 -0.008822
v 0.014115 -0.547377 -0.055634
v 0.160828 -0.300935 -0.437672
v 0.339162 -0.056273 -0.245383
v 0.017404 -0.009575 0.003319
v 0.018098 0.064315 -0.040361
v 0.018022 -0.654708 -0.327751
v 0.135567 -0.631074 -0.286308
v -0.220144 0.264941 -0.248021
v -0.131881 0.239868 -0.259819
v -0.210614 0.218212 -0.139070
v -0.118808 0.189231 -0.131983
v -0.199570 0.135855 -0.083558
v -0.100868 0.141782 -0.093940
v -0.256847 -0.017857 -0.114639
v -0.214528 0.056399 -0.071425
v -0.122324 -0.007084 -0.025905
v -0.103982 0.063688 -0.053481
v -0.144410 -0.218925 0.000735
v -0.137909 -0.095480 -0.016035
v -0.264630 -0.080022 -0.115742
v -0.265688 -0.199445 -0.342827
v -0.223865 0.200205 -0.354757
v -0.162076 0.213480 -0.368490
v -0.181612 0.103354 -0.415305
v -0.248958 0.093921 -0.390728
v -0.273678 -0.022846 -0.355508
v -0.199098 -0.005767 -0.423894
v -0.199450 -0.207404 -0.412604
v -0.200564 -0.100034 -0.422329
v -0.273695 -0.361068 -0.073304
v -0.129752 -0.370809 -0.006983
v -0.182879 -0.375844 -0.378456
v -0.338199 -0.568732 -0.284510
v -0.246915 -0.586172 -0.341246
v -0.393297 -0.565023 -0.166267
v -0.328425 -0.573354 -0.026623
v -0.150874 -0.592653 -0.029095
v -0.155258 -0.619705 -0.333004
v -0.071865 -0.473627 -0.364675
v -0.127202 -0.193662 -0.451206
v -0.122454 -0.093879 -0.457264
v -0.114818 0.106604 -0.444680
v -0.119151 0.001446 -0.454030
v -0.103999 0.218956 -0.399406
v -0.057545 -0.199533 -0.471231
v -0.061309 -0.325597 -0.436276
v -0.046585 -0.090370 -0.468738
v -0.047098 0.098565 -0.468338
v -0.045647 -0.001139 -0.467963
v -0.042457 0.224312 -0.414198
v -0.035014 0.254450 -0.350589
v -0.090966 0.246779 -0.323929
v -0.129566 -0.298383 -0.432604
v -0.301582 -0.055822 -0.246008
v -0.097654 -0.626182 -0.288121
v 0.020004 -0.414168 -0.387136
v -0.387258 -0.880163 0.023807
v -0.387025 -0.888126 0.022946
v -0.385707 -0.897703 0.021344
v -0.382990 -0.905822 0.019980
v 0.285386 -0.208548 -0.101164
v 0.304988 -0.087315 -0.364208
v 0.329290 -0.350426 -0.321967
v -0.263947 -0.195535 -0.119571
v -0.270396 -0.097864 -0.353146
v -0.268998 -0.343769 -0.310272
v 0.346371 -0.188614 -0.242108
v 0.344630 -0.095042 -0.239408
v 0.340771 -0.330976 -0.202848
v -0.308581 -0.187984 -0.244398
v -0.306903 -0.094587 -0.240230
v -0.309115 -0.338998 -0.203213
v 0.137667 0.191247 -0.123480
v 0.158772 0.224412 -0.166885
v 0.159489 0.257942 -0.240670
v 0.125060 0.276949 -0.298999
v 0.074832 0.286485 -0.332641
v 0.019152 0.287181 -0.340766
v -0.034536 0.284338 -0.335613
v -0.089515 0.275941 -0.301892
v -0.121371 0.256560 -0.237110
v -0.117705 0.219142 -0.159955
v -0.100335 0.186696 -0.116074
vt 0.345182 0.856412
vt 0.337212 0.856156
vt 0.332381 0.849575
vt 0.347493 0.849420
vt 0.362569 0.852071
vt 0.352531 0.860609
vt 0.324002 0.767676
vt 0.332272 0.756583
vt 0.349293 0.784368
vt 0.343447 0.783096
vt 0.297504 0.769188
vt 0.297591 0.766824
vt 0.330779 0.885419
vt 0.320186 0.874038
vt 0.334296 0.869937
vt 0.339652 0.876631
vt 0.351834 0.882626
vt 0.349298 0.877987
vt 0.356148 0.868459
vt 0.372200 0.864084
vt 0.330752 0.795706
vt 0.338876 0.803280
vt 0.326115 0.804750
vt 0.324198 0.795746
vt 0.332775 0.861543
vt 0.319121 0.858461
vt 0.434175 0.870895
vt 0.404790 0.891002
vt 0.410707 0.831568
vt 0.423658 0.822153
vt 0.441499 0.904257
vt 0.405669 0.927584
vt 0.384896 0.769498
vt 0.349886 0.716758
vt 0.364158 0.694982
vt 0.407747 0.756304
vt 0.340121 0.741811
vt 0.297749 0.762713
vt 0.297670 0.755367
vt 0.342176 0.735555
vt 0.392185 0.855431
vt 0.370257 0.840609
vt 0.374901 0.815764
vt 0.403156 0.842112
vt 0.354687 0.889412
vt 0.366380 0.902090
vt 0.291786 0.921989
vt 0.315338 0.899525
vt 0.670018 0.966112
vt 0.654775 0.993484
vt 0.635355 0.989932
vt 0.637447 0.950223
vt 0.328606 0.842161
vt 0.349393 0.839176
vt 0.304616 0.877720
vt 0.306442 0.857667
vt 0.507911 0.906568
vt 0.544493 0.937427
vt 0.481329 0.981108
vt 0.460837 0.941601
vt 0.471141 0.859201
vt 0.482794 0.882556
vt 0.319158 0.439012
vt 0.285392 0.425797
vt 0.266536 0.385507
vt 0.313576 0.395811
vt 0.353675 0.429037
vt 0.350233 0.459897
vt 0.172022 0.574724
vt 0.150990 0.596513
vt 0.121739 0.589501
vt 0.150484 0.562368
vt 0.263062 0.448263
vt 0.238624 0.403818
vt 0.223677 0.484284
vt 0.202695 0.459014
vt 0.190695 0.507552
vt 0.169914 0.497352
vt 0.184023 0.546425
vt 0.165902 0.533729
vt 0.489493 0.828117
vt 0.507340 0.837022
vt 0.542063 0.850578
vt 0.587304 0.862538
vt 0.486176 0.787695
vt 0.506761 0.782535
vt 0.545070 0.779548
vt 0.588781 0.778018
vt 0.493323 0.732087
vt 0.463586 0.739257
vt 0.397997 0.688230
vt 0.357503 0.673884
vt 0.395535 0.674421
vt 0.433351 0.676268
vt 0.443369 0.697308
vt 0.415758 0.730105
vt 0.464941 0.674566
vt 0.476974 0.696483
vt 0.505392 0.691524
vt 0.527011 0.681106
vt 0.560037 0.714098
vt 0.526577 0.724739
vt 0.245029 0.527012
vt 0.224642 0.548183
vt 0.210239 0.572614
vt 0.200614 0.594831
vt 0.185959 0.614700
vt 0.355495 0.502223
vt 0.328249 0.488877
vt 0.302132 0.485849
vt 0.275179 0.503197
vt 0.299949 0.573011
vt 0.276156 0.579237
vt 0.322334 0.629194
vt 0.313744 0.630071
vt 0.259675 0.586564
vt 0.307733 0.633855
vt 0.327494 0.574197
vt 0.337846 0.627814
vt 0.361109 0.562947
vt 0.344214 0.561417
vt 0.236837 0.640281
vt 0.244546 0.624146
vt 0.254695 0.605658
vt 0.301559 0.640736
vt 0.294329 0.652643
vt 0.293196 0.660629
vt 0.341009 0.623721
vt 0.346090 0.624948
vt 0.327887 0.650928
vt 0.352131 0.631162
vt 0.361775 0.943997
vt 0.370368 0.774277
vt 0.346088 0.728275
vt 0.490016 0.668131
vt 0.412970 0.959720
vt 0.376374 0.968075
vt 0.297027 0.801514
vt 0.297152 0.793487
vt 0.358520 0.779674
vt 0.361859 0.777778
vt 0.356561 0.817125
vt 0.327463 0.818638
vt 0.637319 0.941411
vt 0.679063 0.928247
vt 0.316820 0.836460
vt 0.348016 0.811421
vt 0.355106 0.782852
vt 0.328626 0.812442
vt 0.296844 0.815610
vt 0.296914 0.808655
vt 0.334754 0.751972
vt 0.297707 0.766757
vt 0.297648 0.741622
vt 0.482267 0.412768
vt 0.420317 0.405505
vt 0.427346 0.384798
vt 0.468250 0.392874
vt 0.370141 0.381655
vt 0.399884 0.365611
vt 0.397015 0.332983
vt 0.356609 0.343901
vt 0.356865 0.312861
vt 0.411712 0.303914
vt 0.404738 0.244354
vt 0.410194 0.282181
vt 0.357870 0.279807
vt 0.354327 0.236983
vt 0.458489 0.249855
vt 0.458062 0.276694
vt 0.500633 0.246053
vt 0.503686 0.277142
vt 0.500521 0.372578
vt 0.515764 0.383447
vt 0.512683 0.334160
vt 0.532244 0.341253
vt 0.502892 0.297066
vt 0.536419 0.304301
vt 0.536326 0.239140
vt 0.539652 0.274524
vt 0.306582 0.278274
vt 0.306858 0.232658
vt 0.351597 0.188517
vt 0.396333 0.202280
vt 0.442350 0.208672
vt 0.484121 0.197211
vt 0.521818 0.174359
vt 0.478110 0.114406
vt 0.464953 0.148956
vt 0.421673 0.144236
vt 0.380751 0.134338
vt 0.359771 0.106960
vt 0.539493 0.124047
vt 0.484884 0.094057
vt 0.454277 0.067313
vt 0.410155 0.059033
vt 0.396813 0.023811
vt 0.463866 0.019986
vt 0.562938 0.236182
vt 0.567735 0.273688
vt 0.562833 0.308008
vt 0.552867 0.346476
vt 0.537038 0.384644
vt 0.587324 0.231199
vt 0.572451 0.179810
vt 0.597225 0.172656
vt 0.609622 0.224895
vt 0.612079 0.271724
vt 0.593853 0.272239
vt 0.576313 0.349531
vt 0.587767 0.308277
vt 0.609379 0.309305
vt 0.599690 0.352577
vt 0.560355 0.389751
vt 0.581290 0.397996
vt 0.550677 0.413444
vt 0.569321 0.421091
vt 0.523996 0.411244
vt 0.309611 0.177310
vt 0.311314 0.089115
vt 0.378735 0.089465
vt 0.343371 0.050683
vt 0.553011 0.195353
vt 0.665451 0.198906
vt 0.673412 0.166721
vt 0.698558 0.168805
vt 0.686050 0.198028
vt 0.685238 0.230233
vt 0.663768 0.233485
vt 0.693190 0.269660
vt 0.671460 0.270556
vt 0.692961 0.009051
vt 0.682480 0.037329
vt 0.672934 0.039107
vt 0.672725 0.002899
vt 0.699831 0.068446
vt 0.691667 0.070270
vt 0.706449 0.098474
vt 0.686881 0.106158
vt 0.710036 0.116900
vt 0.683102 0.125302
vt 0.677801 0.142693
vt 0.708075 0.138835
vt 0.781834 0.190984
vt 0.770963 0.190597
vt 0.770059 0.166210
vt 0.786802 0.166888
vt 0.769605 0.141675
vt 0.791094 0.142403
vt 0.772055 0.120428
vt 0.769282 0.096750
vt 0.787930 0.097498
vt 0.791693 0.122011
vt 0.776603 0.069014
vt 0.767786 0.067149
vt 0.760894 0.041409
vt 0.769016 0.041252
vt 0.767821 0.022707
vt 0.777340 0.023880
vt 0.765519 0.213721
vt 0.774550 0.211590
vt 0.767629 0.236806
vt 0.772410 0.233350
vt 0.851705 0.121075
vt 0.815358 0.122295
vt 0.810473 0.100478
vt 0.851099 0.105018
vt 0.848160 0.168973
vt 0.803101 0.167500
vt 0.813509 0.142912
vt 0.852344 0.143907
vt 0.855111 0.198326
vt 0.795593 0.190231
vt 0.854669 0.220485
vt 0.787786 0.209294
vt 0.853387 0.236593
vt 0.783211 0.230933
vt 0.782816 0.045575
vt 0.792110 0.027822
vt 0.861118 0.048295
vt 0.853030 0.063227
vt 0.797446 0.073591
vt 0.843432 0.078555
vt 0.985286 0.120456
vt 0.978704 0.126286
vt 0.977014 0.123020
vt 0.982845 0.114651
vt 0.984642 0.105618
vt 0.989070 0.109057
vt 0.961904 0.105814
vt 0.962345 0.106103
vt 0.958940 0.110551
vt 0.955884 0.108777
vt 0.962157 0.099225
vt 0.964467 0.099405
vt 0.946910 0.108252
vt 0.945030 0.103502
vt 0.948338 0.101583
vt 0.949192 0.107732
vt 0.948491 0.095639
vt 0.946010 0.095492
vt 0.966906 0.100571
vt 0.961872 0.105348
vt 0.961429 0.111647
vt 0.964023 0.112033
vt 0.957668 0.115684
vt 0.963281 0.106649
vt 0.969202 0.100509
vt 0.964295 0.092068
vt 0.961729 0.095521
vt 0.962027 0.105866
vt 0.954480 0.108689
vt 0.950310 0.101472
vt 0.951173 0.094722
vt 0.952235 0.107099
vt 0.955469 0.109537
vt 0.948691 0.114999
vt 0.952464 0.102548
vt 0.953345 0.093369
vt 0.947768 0.089185
vt 0.944222 0.094153
vt 0.055364 0.991540
vt 0.045592 0.989432
vt 0.044588 0.986552
vt 0.058231 0.990104
vt 0.039891 0.993646
vt 0.035959 0.993027
vt 0.945397 0.110471
vt 0.955460 0.109019
vt 0.952932 0.116390
vt 0.957442 0.094588
vt 0.954982 0.090513
vt 0.975103 0.120557
vt 0.973101 0.113417
vt 0.982200 0.106497
vt 0.974046 0.137340
vt 0.966388 0.132622
vt 0.970541 0.122458
vt 0.986447 0.122473
vt 0.974030 0.050029
vt 0.965148 0.052456
vt 0.959420 0.051755
vt 0.974791 0.045042
vt 0.992427 0.106945
vt 0.983583 0.087054
vt 0.980737 0.100754
vt 0.980565 0.059961
vt 0.985536 0.061006
vt 0.966352 0.117803
vt 0.959608 0.125668
vt 0.973870 0.099084
vt 0.973695 0.086107
vt 0.936643 0.103950
vt 0.933592 0.113246
vt 0.930766 0.109490
vt 0.931437 0.103342
vt 0.929893 0.098957
vt 0.934520 0.096284
vt 0.932608 0.088796
vt 0.928565 0.095838
vt 0.923514 0.123167
vt 0.919864 0.109284
vt 0.939834 0.112545
vt 0.941538 0.126434
vt 0.938947 0.093431
vt 0.938070 0.088448
vt 0.951787 0.173519
vt 0.943674 0.171871
vt 0.947208 0.160539
vt 0.953634 0.159958
vt 0.938030 0.183307
vt 0.945692 0.184693
vt 0.937709 0.170524
vt 0.934026 0.178830
vt 0.939226 0.162820
vt 0.936302 0.157719
vt 0.950459 0.147545
vt 0.961781 0.154555
vt 0.958335 0.173042
vt 0.948337 0.193728
vt 0.929009 0.196746
vt 0.929763 0.179917
vt 0.009116 0.018747
vt 0.002899 0.014271
vt 0.003390 0.010323
vt 0.016840 0.021579
vt 0.007856 0.024564
vt 0.009149 0.029264
vt 0.887950 0.162739
vt 0.898407 0.139888
vt 0.913236 0.153867
vt 0.905354 0.165186
vt 0.910252 0.173255
vt 0.895063 0.180458
vt 0.921912 0.176481
vt 0.914389 0.185071
vt 0.954733 0.201573
vt 0.944475 0.209014
vt 0.961525 0.211339
vt 0.955285 0.224560
vt 0.889320 0.116173
vt 0.892129 0.100255
vt 0.892688 0.084726
vt 0.897038 0.065854
vt 0.906157 0.051901
vt 0.896777 0.227460
vt 0.894591 0.215650
vt 0.921321 0.220023
vt 0.917900 0.205324
vt 0.935299 0.065547
vt 0.940865 0.052837
vt 0.942995 0.211699
vt 0.945810 0.081495
vt 0.927137 0.077164
vt 0.923148 0.096837
vt 0.927093 0.154531
vt 0.930209 0.142722
vt 0.950753 0.132976
vt 0.951864 0.123296
vt 0.724317 0.198984
vt 0.732308 0.169136
vt 0.739845 0.140109
vt 0.742240 0.116344
vt 0.738316 0.095991
vt 0.731041 0.059012
vt 0.722762 0.040723
vt 0.728569 0.017299
vt 0.722587 0.224947
vt 0.732507 0.259028
vt 0.458891 0.284955
vt 0.009880 0.035785
vt 0.020657 0.036330
vt 0.020051 0.047546
vt 0.006589 0.047437
vt 0.021273 0.057363
vt 0.008244 0.065754
vt 0.028756 0.069570
vt 0.012116 0.079501
vt 0.033006 0.076472
vt 0.021208 0.088641
vt 0.006717 0.002899
vt 0.021870 0.007356
vt 0.038730 0.042716
vt 0.038871 0.034889
vt 0.040584 0.049753
vt 0.045075 0.051043
vt 0.050124 0.054684
vt 0.040080 0.028017
vt 0.045165 0.017785
vt 0.047856 0.041842
vt 0.060765 0.047928
vt 0.962829 0.030350
vt 0.965475 0.021730
vt 0.974223 0.022528
vt 0.973561 0.026118
vt 0.977342 0.030369
vt 0.959587 0.042165
vt 0.961123 0.011871
vt 0.975191 0.017207
vt 0.961341 0.002899
vt 0.974310 0.009682
vt 0.984819 0.033951
vt 0.993703 0.052862
vt 0.991075 0.037416
vt 0.980919 0.027006
vt 0.991594 0.028923
vt 0.005073 0.970261
vt 0.013082 0.968627
vt 0.020802 0.973918
vt 0.016550 0.976521
vt 0.012073 0.962448
vt 0.002899 0.962319
vt 0.051043 0.981927
vt 0.056747 0.978271
vt 0.063324 0.985025
vt 0.043225 0.981059
vt 0.035345 0.984959
vt 0.028135 0.984554
vt 0.026629 0.993822
vt 0.022170 0.984085
vt 0.018619 0.991060
vt 0.024494 0.971499
vt 0.019916 0.966780
vt 0.020678 0.963140
vt 0.033940 0.970350
vt 0.041891 0.976296
vt 0.049243 0.972705
vt 0.045297 0.975137
vt 0.035188 0.978449
vt 0.030148 0.977324
vt 0.025183 0.977897
vt 0.012246 0.949100
vt 0.002899 0.944577
vt 0.014845 0.941771
vt 0.020378 0.945073
vt 0.004353 0.939075
vt 0.015276 0.937276
vt 0.040532 0.951681
vt 0.044409 0.950405
vt 0.053137 0.956916
vt 0.046721 0.959283
vt 0.034878 0.948419
vt 0.036747 0.951946
vt 0.027322 0.948258
vt 0.025821 0.952726
vt 0.025644 0.948422
vt 0.022688 0.953615
vt 0.022518 0.949501
vt 0.019393 0.954471
vt 0.028965 0.940357
vt 0.027745 0.938561
vt 0.028013 0.936232
vt 0.031084 0.940311
vt 0.029468 0.943764
vt 0.026339 0.944587
vt 0.034460 0.943106
vt 0.033698 0.943650
vt 0.035404 0.941830
vt 0.030837 0.944271
vt 0.621812 0.032356
vt 0.631207 0.022959
vt 0.640276 0.024086
vt 0.636207 0.031294
vt 0.636993 0.016482
vt 0.622153 0.013028
vt 0.617776 0.002899
vt 0.635499 0.009353
vt 0.632552 0.065045
vt 0.643428 0.072467
vt 0.624784 0.075602
vt 0.617391 0.070568
vt 0.625023 0.052222
vt 0.633200 0.051082
vt 0.619502 0.039182
vt 0.631049 0.039985
vt 0.646537 0.024344
vt 0.645814 0.030252
vt 0.640674 0.041768
vt 0.639068 0.050733
vt 0.642679 0.060761
vt 0.655572 0.066499
vt 0.648619 0.014086
vt 0.647508 0.019210
vt 0.651814 0.033668
vt 0.648496 0.041504
vt 0.653525 0.026689
vt 0.656120 0.022769
vt 0.658616 0.017546
vt 0.651258 0.055637
vt 0.660851 0.058559
vt 0.647038 0.048671
vt 0.664323 0.037576
vt 0.660234 0.030781
vt 0.661840 0.028906
vt 0.666195 0.026087
vt 0.658021 0.036332
vt 0.656004 0.040328
vt 0.654756 0.046035
vt 0.659392 0.050004
vt 0.664514 0.049060
vt 0.695241 0.358691
vt 0.706035 0.343739
vt 0.737335 0.342678
vt 0.742375 0.351598
vt 0.770107 0.332010
vt 0.778754 0.359551
vt 0.791991 0.319353
vt 0.812132 0.349974
vt 0.805167 0.307034
vt 0.833456 0.323901
vt 0.643327 0.347784
vt 0.611594 0.333340
vt 0.620725 0.308653
vt 0.636404 0.343832
vt 0.655793 0.348911
vt 0.628648 0.357084
vt 0.670464 0.346150
vt 0.659958 0.385798
vt 0.699160 0.300324
vt 0.726101 0.301691
vt 0.674372 0.303473
vt 0.655147 0.304863
vt 0.643588 0.309675
vt 0.628334 0.313112
vt 0.776897 0.286799
vt 0.793538 0.277304
vt 0.753002 0.296665
vt 0.449544 0.525624
vt 0.444246 0.511953
vt 0.456540 0.514808
vt 0.456156 0.540271
vt 0.414227 0.525802
vt 0.421277 0.508052
vt 0.428895 0.509434
vt 0.423932 0.522267
vt 0.431437 0.527108
vt 0.421648 0.534986
vt 0.433869 0.542214
vt 0.437017 0.531024
vt 0.442342 0.525822
vt 0.445955 0.540510
vt 0.446124 0.525616
vt 0.451632 0.541818
vt 0.460537 0.511957
vt 0.459299 0.499397
vt 0.469807 0.499082
vt 0.473181 0.509470
vt 0.432439 0.494340
vt 0.420162 0.503382
vt 0.414375 0.497412
vt 0.427446 0.489694
vt 0.501529 0.518821
vt 0.497222 0.511463
vt 0.503781 0.509370
vt 0.506260 0.511474
vt 0.508954 0.512885
vt 0.509568 0.519455
vt 0.515035 0.511898
vt 0.518330 0.518921
vt 0.514407 0.518993
vt 0.511604 0.512920
vt 0.513778 0.502547
vt 0.518440 0.498263
vt 0.522615 0.503428
vt 0.515550 0.504680
vt 0.516848 0.508508
vt 0.523079 0.510825
vt 0.507900 0.502938
vt 0.505803 0.499244
vt 0.504905 0.505431
vt 0.500198 0.504667
vt 0.494022 0.498331
vt 0.491019 0.491425
vt 0.499121 0.489146
vt 0.501653 0.495782
vt 0.507479 0.485831
vt 0.516930 0.492599
vt 0.483759 0.491514
vt 0.485714 0.501817
vt 0.439985 0.494339
vt 0.437993 0.500065
vt 0.436577 0.504061
vt 0.436951 0.500712
vt 0.438097 0.505597
vt 0.443303 0.502889
vt 0.449136 0.496427
vt 0.444287 0.501694
vt 0.470193 0.534091
vt 0.461607 0.530995
vt 0.475834 0.523668
vt 0.484332 0.524506
vt 0.494161 0.527684
vt 0.500441 0.530619
vt 0.508007 0.532566
vt 0.511154 0.533649
vt 0.514769 0.534036
vt 0.458484 0.546238
vt 0.452157 0.549360
vt 0.445317 0.550314
vt 0.430915 0.546517
vt 0.419199 0.543417
vt 0.485104 0.545585
vt 0.497383 0.543711
vt 0.464272 0.561569
vt 0.479548 0.562082
vt 0.509294 0.561332
vt 0.494650 0.562352
vt 0.489247 0.579216
vt 0.442531 0.573274
vt 0.453818 0.568885
vt 0.558060 0.603353
vt 0.573200 0.620081
vt 0.568824 0.623857
vt 0.554062 0.608922
vt 0.539416 0.581564
vt 0.531110 0.587025
vt 0.419119 0.625619
vt 0.427176 0.605380
vt 0.433853 0.608271
vt 0.425194 0.629437
vt 0.585530 0.631815
vt 0.578274 0.636252
vt 0.653287 0.284402
vt 0.674082 0.281074
vt 0.421923 0.643156
vt 0.414183 0.644120
vt 0.645111 0.284762
vt 0.631288 0.283531
vt 0.785869 0.249275
vt 0.769673 0.256056
vt 0.742049 0.268042
vt 0.718507 0.277344
vt 0.697922 0.279875
vt 0.460484 0.588616
vt 0.521712 0.591739
vt 0.528198 0.559542
vt 0.519111 0.561492
vt 0.436373 0.586639
vt 0.448234 0.588233
vt 0.424673 0.562927
vt 0.417365 0.578532
vt 0.405152 0.572965
vt 0.413143 0.558002
vt 0.396059 0.566287
vt 0.403669 0.551131
vt 0.389787 0.559338
vt 0.396731 0.543742
vt 0.409392 0.536056
vt 0.405301 0.525980
vt 0.400363 0.520391
vt 0.397409 0.516690
vt 0.510652 0.481845
vt 0.523434 0.484200
vt 0.539380 0.501710
vt 0.547347 0.490003
vt 0.536949 0.507299
vt 0.536111 0.511160
vt 0.534721 0.517335
vt 0.531941 0.526124
vt 0.390570 0.537914
vt 0.384149 0.533425
vt 0.563677 0.504468
vt 0.557254 0.511319
vt 0.553170 0.517523
vt 0.549767 0.522883
vt 0.545921 0.528924
vt 0.383084 0.555516
vt 0.376362 0.550581
vt 0.577489 0.519365
vt 0.570699 0.523288
vt 0.566658 0.529219
vt 0.561855 0.535599
vt 0.555861 0.541388
vt 0.550276 0.549115
vt 0.540148 0.536228
vt 0.526313 0.533252
vt 0.530336 0.542693
vt 0.539246 0.554508
vt 0.502477 0.539829
vt 0.509746 0.545144
vt 0.514798 0.546226
vt 0.519563 0.546426
vt 0.551729 0.571569
vt 0.565733 0.589723
vt 0.582223 0.613610
vt 0.562776 0.559560
vt 0.563868 0.553089
vt 0.573353 0.549646
vt 0.579815 0.533473
vt 0.579253 0.541454
vt 0.588765 0.535591
vt 0.411216 0.596279
vt 0.395314 0.589077
vt 0.385414 0.582138
vt 0.383660 0.571902
vt 0.376194 0.573862
vt 0.369547 0.566150
vt 0.602395 0.624664
vt 0.398871 0.640521
vt 0.405238 0.619814
vt 0.591555 0.548129
vt 0.585180 0.564547
vt 0.372929 0.589619
vt 0.599372 0.536699
vt 0.607601 0.549578
vt 0.385205 0.609820
vt 0.595041 0.595712
vt 0.622435 0.596572
vt 0.373547 0.624725
vt 0.604886 0.567939
vt 0.359420 0.599721
vt 0.417216 0.993235
vt 0.295092 0.958545
vt 0.297514 0.711338
vt 0.297096 0.687510
vt 0.295419 0.878220
vt 0.296990 0.669149
vt 0.509131 0.659397
vt 0.366677 0.987539
vt 0.637507 0.899237
vt 0.680841 0.896072
vt 0.305810 0.345852
vt 0.305842 0.313992
vt 0.512123 0.045850
vt 0.477977 0.069385
vt 0.305390 0.381555
vt 0.246668 0.856299
vt 0.245010 0.848172
vt 0.260789 0.850561
vt 0.255602 0.857536
vt 0.239973 0.860844
vt 0.227688 0.849531
vt 0.270946 0.767670
vt 0.251174 0.782833
vt 0.245338 0.784133
vt 0.262865 0.756659
vt 0.264046 0.887086
vt 0.255782 0.878474
vt 0.259429 0.871601
vt 0.271171 0.875287
vt 0.246731 0.879212
vt 0.247932 0.877801
vt 0.227845 0.867028
vt 0.240262 0.870200
vt 0.263660 0.795604
vt 0.270144 0.795734
vt 0.267959 0.804873
vt 0.255306 0.803216
vt 0.270083 0.861421
vt 0.259779 0.863525
vt 0.158442 0.870043
vt 0.173680 0.822685
vt 0.183475 0.833763
vt 0.189060 0.887773
vt 0.146101 0.904802
vt 0.185162 0.926145
vt 0.216434 0.767460
vt 0.190193 0.754224
vt 0.226602 0.696796
vt 0.242044 0.719088
vt 0.255339 0.741897
vt 0.253212 0.735983
vt 0.206265 0.858261
vt 0.190813 0.842420
vt 0.218593 0.815748
vt 0.223918 0.841825
vt 0.241584 0.882238
vt 0.229325 0.898688
vt 0.271741 0.894451
vt 0.602669 0.964608
vt 0.613940 0.993309
vt 0.245291 0.841130
vt 0.265024 0.842790
vt 0.284558 0.876792
vt 0.285701 0.857037
vt 0.084147 0.905002
vt 0.133236 0.941261
vt 0.109084 0.978818
vt 0.044928 0.936798
vt 0.121553 0.857539
vt 0.109795 0.880402
vt 0.765411 0.540123
vt 0.767712 0.505073
vt 0.807540 0.501449
vt 0.799492 0.527561
vt 0.733902 0.559978
vt 0.731747 0.528742
vt 0.910660 0.677635
vt 0.932393 0.665655
vt 0.960684 0.693252
vt 0.931328 0.699770
vt 0.846699 0.502388
vt 0.821466 0.549345
vt 0.885856 0.559129
vt 0.860580 0.586030
vt 0.914725 0.600203
vt 0.893203 0.610108
vt 0.917451 0.636811
vt 0.899125 0.649137
vt 0.103461 0.826054
vt 0.085796 0.834763
vt 0.050057 0.847347
vt 0.004215 0.861706
vt 0.084317 0.782285
vt 0.106518 0.785602
vt 0.002899 0.778853
vt 0.046031 0.784702
vt 0.096658 0.737977
vt 0.127026 0.746437
vt 0.184171 0.700216
vt 0.194346 0.676808
vt 0.235537 0.673946
vt 0.146670 0.703511
vt 0.157551 0.676642
vt 0.164818 0.736158
vt 0.125915 0.675587
vt 0.113378 0.700068
vt 0.084820 0.692899
vt 0.063166 0.728698
vt 0.032132 0.716272
vt 0.063394 0.681489
vt 0.858509 0.650128
vt 0.838498 0.628604
vt 0.872488 0.674837
vt 0.881751 0.697229
vt 0.896082 0.717338
vt 0.755581 0.589607
vt 0.728076 0.602487
vt 0.781879 0.586949
vt 0.808691 0.604472
vt 0.806538 0.680453
vt 0.782840 0.673947
vt 0.768190 0.730760
vt 0.759613 0.729796
vt 0.822878 0.688005
vt 0.774132 0.734619
vt 0.755246 0.674810
vt 0.744120 0.728245
vt 0.738670 0.661827
vt 0.721739 0.663134
vt 0.844846 0.742082
vt 0.837391 0.725826
vt 0.827540 0.707178
vt 0.780190 0.741586
vt 0.787236 0.753598
vt 0.788222 0.761603
vt 0.741006 0.724123
vt 0.735912 0.725289
vt 0.753774 0.751460
vt 0.729787 0.731412
vt 0.229282 0.944674
vt 0.224619 0.773869
vt 0.249420 0.728489
vt 0.100145 0.669621
vt 0.178220 0.959426
vt 0.214007 0.967272
vt 0.236242 0.779655
vt 0.232658 0.777738
vt 0.237263 0.817228
vt 0.266119 0.818938
vt 0.595692 0.927796
vt 0.276689 0.836788
vt 0.239546 0.782689
vt 0.245918 0.811410
vt 0.265247 0.812669
vt 0.260558 0.752120
vt 0.127065 0.403797
vt 0.141042 0.380885
vt 0.180425 0.375826
vt 0.199808 0.398766
vt 0.209276 0.356066
vt 0.242222 0.377090
vt 0.216172 0.328456
vt 0.200169 0.298310
vt 0.255410 0.312589
vt 0.255602 0.342322
vt 0.200295 0.241783
vt 0.257237 0.234622
vt 0.253837 0.278946
vt 0.198997 0.279051
vt 0.152866 0.240453
vt 0.154252 0.267051
vt 0.115176 0.230078
vt 0.112811 0.261267
vt 0.107877 0.359108
vt 0.093138 0.369841
vt 0.079521 0.327566
vt 0.101041 0.322010
vt 0.113574 0.283382
vt 0.079268 0.289166
vt 0.083088 0.220523
vt 0.079185 0.257126
vt 0.215700 0.190202
vt 0.266976 0.181250
vt 0.167308 0.196948
vt 0.127449 0.186010
vt 0.094722 0.160362
vt 0.138600 0.096279
vt 0.152140 0.116776
vt 0.185996 0.131838
vt 0.229991 0.129625
vt 0.258285 0.099976
vt 0.078298 0.104553
vt 0.136150 0.071283
vt 0.168557 0.047970
vt 0.164079 0.002899
vt 0.228839 0.015284
vt 0.212802 0.053617
vt 0.055805 0.219851
vt 0.050489 0.256560
vt 0.056416 0.330373
vt 0.050787 0.291827
vt 0.071516 0.372761
vt 0.032570 0.213592
vt 0.007598 0.209655
vt 0.021531 0.160684
vt 0.047808 0.164952
vt 0.024729 0.255912
vt 0.002899 0.255616
vt 0.032377 0.329617
vt 0.011323 0.336772
vt 0.003930 0.293038
vt 0.025602 0.291681
vt 0.049502 0.376731
vt 0.028699 0.382921
vt 0.059106 0.400305
vt 0.040009 0.406452
vt 0.086428 0.398354
vt 0.242379 0.083494
vt 0.280442 0.047117
vt 0.065972 0.181852
vt 0.992001 0.925644
vt 0.972746 0.926482
vt 0.958645 0.897234
vt 0.984409 0.895380
vt 0.993287 0.961456
vt 0.963552 0.957209
vt 0.981100 0.993994
vt 0.954275 0.986864
vt 0.957942 0.738159
vt 0.984502 0.733333
vt 0.984950 0.771660
vt 0.962450 0.769342
vt 0.969493 0.799238
vt 0.961057 0.797042
vt 0.971096 0.835139
vt 0.952956 0.826632
vt 0.977101 0.854965
vt 0.949164 0.845263
vt 0.981708 0.871147
vt 0.950779 0.868872
vt 0.877355 0.915749
vt 0.872583 0.891497
vt 0.891108 0.891071
vt 0.892531 0.915708
vt 0.870035 0.867793
vt 0.890025 0.867388
vt 0.888233 0.845436
vt 0.869581 0.845313
vt 0.872360 0.824488
vt 0.890540 0.823820
vt 0.881726 0.800613
vt 0.898701 0.797237
vt 0.880932 0.778769
vt 0.904113 0.775909
vt 0.876232 0.756383
vt 0.898165 0.752190
vt 0.893861 0.939344
vt 0.882524 0.935818
vt 0.894484 0.962914
vt 0.876606 0.956023
vt 0.809131 0.839732
vt 0.808054 0.826196
vt 0.855186 0.827454
vt 0.854394 0.843383
vt 0.813470 0.890370
vt 0.810237 0.864761
vt 0.852769 0.866058
vt 0.858102 0.891877
vt 0.810941 0.914572
vt 0.860622 0.914313
vt 0.815757 0.931144
vt 0.860100 0.933462
vt 0.815328 0.950826
vt 0.855618 0.953608
vt 0.860464 0.779217
vt 0.813339 0.784285
vt 0.809261 0.766562
vt 0.851626 0.761613
vt 0.815623 0.802848
vt 0.865927 0.800362
vt 0.701379 0.887998
vt 0.696886 0.889962
vt 0.696254 0.880415
vt 0.700696 0.881804
vt 0.703469 0.896682
vt 0.697302 0.897691
vt 0.679686 0.826340
vt 0.685074 0.831510
vt 0.681730 0.833453
vt 0.678412 0.826676
vt 0.681603 0.819072
vt 0.678970 0.817908
vt 0.702901 0.829089
vt 0.699632 0.829087
vt 0.700237 0.822803
vt 0.703717 0.824235
vt 0.700744 0.816640
vt 0.703488 0.816651
vt 0.675975 0.826504
vt 0.675479 0.817609
vt 0.678751 0.834878
vt 0.687126 0.840365
vt 0.677212 0.839574
vt 0.672463 0.828330
vt 0.673284 0.812262
vt 0.684215 0.809141
vt 0.684261 0.815530
vt 0.680552 0.826053
vt 0.687465 0.831634
vt 0.696863 0.822878
vt 0.697335 0.816260
vt 0.695215 0.828369
vt 0.700383 0.836508
vt 0.691715 0.831452
vt 0.047767 0.104631
vt 0.042761 0.104869
vt 0.049574 0.099520
vt 0.052528 0.101120
vt 0.058790 0.094857
vt 0.058564 0.098120
vt 0.701604 0.809970
vt 0.694992 0.814422
vt 0.705807 0.814787
vt 0.057237 0.032113
vt 0.054370 0.030677
vt 0.068012 0.027122
vt 0.067009 0.030003
vt 0.076642 0.033596
vt 0.072710 0.034215
vt 0.704785 0.831423
vt 0.694678 0.839349
vt 0.689210 0.831806
vt 0.694400 0.809333
vt 0.690169 0.814258
vt 0.686162 0.884554
vt 0.692506 0.877181
vt 0.691578 0.896600
vt 0.701494 0.869120
vt 0.707161 0.879575
vt 0.693286 0.868805
vt 0.701683 0.887473
vt 0.681997 0.882718
vt 0.706751 0.898839
vt 0.701151 0.911468
vt 0.689385 0.901275
vt 0.696364 0.854419
vt 0.686122 0.855021
vt 0.679747 0.784307
vt 0.690449 0.775867
vt 0.684921 0.791652
vt 0.674757 0.796165
vt 0.715129 0.824034
vt 0.719705 0.822626
vt 0.721390 0.827796
vt 0.718546 0.831588
vt 0.721508 0.818371
vt 0.717191 0.815746
vt 0.719906 0.808717
vt 0.723386 0.815508
vt 0.734022 0.827350
vt 0.732559 0.841241
vt 0.713747 0.846670
vt 0.711459 0.832624
vt 0.712955 0.808856
vt 0.711909 0.813668
vt 0.723357 0.887340
vt 0.718926 0.877575
vt 0.724426 0.877217
vt 0.728772 0.886143
vt 0.733530 0.895654
vt 0.727226 0.896404
vt 0.733036 0.885284
vt 0.736400 0.892597
vt 0.731156 0.878550
vt 0.718417 0.868437
vt 0.733167 0.873848
vt 0.713049 0.879358
vt 0.719613 0.886530
vt 0.723439 0.901775
vt 0.740581 0.893433
vt 0.740202 0.905137
vt 0.993457 0.605486
vt 0.986179 0.609199
vt 0.994725 0.594203
vt 0.996853 0.597932
vt 0.994113 0.612659
vt 0.991657 0.617929
vt 0.775709 0.883643
vt 0.762869 0.881130
vt 0.753382 0.869542
vt 0.763458 0.853759
vt 0.771362 0.903014
vt 0.757833 0.889306
vt 0.755550 0.905408
vt 0.748235 0.892176
vt 0.724450 0.913698
vt 0.716179 0.901948
vt 0.769707 0.832657
vt 0.768761 0.817595
vt 0.771730 0.801593
vt 0.771077 0.785010
vt 0.769550 0.768886
vt 0.774760 0.946559
vt 0.775830 0.929163
vt 0.742775 0.927508
vt 0.735564 0.938608
vt 0.730504 0.768298
vt 0.730012 0.783722
vt 0.726539 0.912191
vt 0.708244 0.801016
vt 0.733495 0.800914
vt 0.733578 0.816177
vt 0.733872 0.859375
vt 0.740685 0.870065
vt 0.709212 0.856900
vt 0.700872 0.846678
vt 0.924706 0.894097
vt 0.933242 0.924902
vt 0.919278 0.867000
vt 0.918983 0.843447
vt 0.921822 0.824142
vt 0.929188 0.791825
vt 0.932743 0.769879
vt 0.928153 0.745897
vt 0.928531 0.948510
vt 0.922370 0.977165
vt 0.153969 0.275072
vt 0.987516 0.624655
vt 0.984834 0.637105
vt 0.972764 0.630922
vt 0.977090 0.620615
vt 0.974313 0.653123
vt 0.967303 0.639241
vt 0.962815 0.663507
vt 0.955043 0.646115
vt 0.947953 0.649121
vt 0.948556 0.665125
vt 0.933333 0.648685
vt 0.939324 0.665483
vt 0.958245 0.617727
vt 0.961101 0.610889
vt 0.954233 0.623239
vt 0.950361 0.622306
vt 0.945321 0.624147
vt 0.934785 0.622628
vt 0.962498 0.604058
vt 0.949310 0.613614
vt 0.774426 0.959391
vt 0.769018 0.968987
vt 0.764632 0.967750
vt 0.766493 0.959137
vt 0.769949 0.975704
vt 0.784820 0.958118
vt 0.785799 0.972156
vt 0.793217 0.957316
vt 0.759280 0.965534
vt 0.759263 0.950970
vt 0.752482 0.962354
vt 0.750725 0.947826
vt 0.803954 0.978692
vt 0.777249 0.982034
vt 0.797871 0.987661
vt 0.783250 0.987137
vt 0.764178 0.974647
vt 0.778074 0.992446
vt 0.769769 0.987063
vt 0.763674 0.982043
vt 0.107531 0.010838
vt 0.096053 0.017091
vt 0.091800 0.014489
vt 0.099523 0.009201
vt 0.100534 0.003023
vt 0.109709 0.002899
vt 0.049275 0.025598
vt 0.055851 0.018843
vt 0.061555 0.022498
vt 0.069374 0.021627
vt 0.077255 0.025528
vt 0.084465 0.025122
vt 0.085971 0.034391
vt 0.090431 0.024655
vt 0.093982 0.031628
vt 0.088108 0.012067
vt 0.078661 0.010918
vt 0.091929 0.003712
vt 0.092689 0.007352
vt 0.070709 0.016865
vt 0.067301 0.015708
vt 0.063356 0.013276
vt 0.082453 0.017893
vt 0.077412 0.019016
vt 0.087418 0.018467
vt 0.041371 0.095636
vt 0.046824 0.092246
vt 0.057260 0.089390
vt 0.046312 0.087762
vt 0.021272 0.102539
vt 0.015132 0.110174
vt 0.008696 0.107848
vt 0.017379 0.101290
vt 0.026912 0.099236
vt 0.025087 0.102780
vt 0.034474 0.098972
vt 0.036076 0.103395
vt 0.036167 0.099109
vt 0.039316 0.104184
vt 0.039351 0.100096
vt 0.032692 0.091098
vt 0.030583 0.091086
vt 0.033564 0.086956
vt 0.033874 0.089279
vt 0.035407 0.095273
vt 0.032261 0.094517
vt 0.027259 0.093912
vt 0.026298 0.092647
vt 0.028027 0.094455
vt 0.030900 0.095041
vt 0.007321 0.678027
vt 0.021718 0.679091
vt 0.025787 0.686296
vt 0.016718 0.687425
vt 0.022505 0.693901
vt 0.007666 0.697356
vt 0.003290 0.707486
vt 0.021010 0.701031
vt 0.018063 0.645338
vt 0.002899 0.639816
vt 0.010292 0.634782
vt 0.028938 0.637917
vt 0.010534 0.658162
vt 0.018709 0.659301
vt 0.005012 0.671201
vt 0.016558 0.670399
vt 0.031325 0.680131
vt 0.032048 0.686041
vt 0.026184 0.668617
vt 0.024577 0.659653
vt 0.028186 0.649625
vt 0.041079 0.643886
vt 0.033018 0.691173
vt 0.034129 0.696296
vt 0.034006 0.668881
vt 0.037325 0.676717
vt 0.039037 0.683695
vt 0.041631 0.687616
vt 0.044127 0.692838
vt 0.036767 0.654748
vt 0.046360 0.651827
vt 0.032547 0.661716
vt 0.049834 0.672811
vt 0.051705 0.684298
vt 0.047350 0.681480
vt 0.045744 0.679604
vt 0.043532 0.674053
vt 0.041513 0.670057
vt 0.040267 0.664351
vt 0.044902 0.660381
vt 0.050022 0.661327
vt 0.700131 0.508547
vt 0.656912 0.525606
vt 0.662410 0.506410
vt 0.699732 0.498983
vt 0.624123 0.532046
vt 0.629943 0.502870
vt 0.594273 0.523512
vt 0.603275 0.495721
vt 0.571014 0.506873
vt 0.587719 0.486536
vt 0.747876 0.491030
vt 0.753883 0.485848
vt 0.755964 0.453212
vt 0.773516 0.473988
vt 0.766773 0.495545
vt 0.739463 0.494251
vt 0.735752 0.513205
vt 0.724636 0.494199
vt 0.664530 0.466199
vt 0.688050 0.460402
vt 0.713952 0.457731
vt 0.730837 0.452397
vt 0.742365 0.453792
vt 0.757178 0.452946
vt 0.593724 0.454172
vt 0.612954 0.461515
vt 0.639014 0.466985
vt 0.946912 0.391595
vt 0.932296 0.385222
vt 0.954985 0.379171
vt 0.957036 0.389423
vt 0.951846 0.423095
vt 0.955199 0.413048
vt 0.962822 0.407813
vt 0.967120 0.413383
vt 0.951774 0.410311
vt 0.943676 0.416169
vt 0.937996 0.406689
vt 0.948437 0.404807
vt 0.946658 0.399508
vt 0.934999 0.395301
vt 0.948337 0.395978
vt 0.933790 0.389570
vt 0.957832 0.374483
vt 0.959551 0.362509
vt 0.970172 0.362527
vt 0.975278 0.379000
vt 0.979355 0.401383
vt 0.984323 0.408687
vt 0.977897 0.420211
vt 0.971417 0.414555
vt 0.950399 0.337326
vt 0.956925 0.333054
vt 0.958919 0.335228
vt 0.957473 0.341005
vt 0.949764 0.329604
vt 0.957123 0.329214
vt 0.950134 0.324971
vt 0.957712 0.326855
vt 0.967336 0.326244
vt 0.964740 0.322836
vt 0.965968 0.316404
vt 0.971290 0.320526
vt 0.960945 0.322100
vt 0.958366 0.316061
vt 0.957489 0.324048
vt 0.950136 0.321069
vt 0.969917 0.332827
vt 0.966606 0.330986
vt 0.962830 0.333622
vt 0.964112 0.337914
vt 0.976043 0.352848
vt 0.966902 0.351062
vt 0.970141 0.343891
vt 0.977343 0.346816
vt 0.978009 0.340841
vt 0.973088 0.336758
vt 0.976938 0.321964
vt 0.982501 0.333735
vt 0.971040 0.396371
vt 0.975462 0.393259
vt 0.964010 0.399607
vt 0.970298 0.396476
vt 0.961821 0.392779
vt 0.967456 0.388730
vt 0.968342 0.387893
vt 0.973039 0.386266
vt 0.939578 0.377024
vt 0.935751 0.368877
vt 0.945619 0.362031
vt 0.944709 0.354107
vt 0.941481 0.344923
vt 0.938643 0.339089
vt 0.936684 0.331844
vt 0.935676 0.328918
vt 0.925901 0.383317
vt 0.924940 0.389959
vt 0.931437 0.409510
vt 0.925519 0.396567
vt 0.934646 0.420217
vt 0.924002 0.355455
vt 0.925574 0.343082
vt 0.910148 0.378588
vt 0.908175 0.362844
vt 0.907934 0.332431
vt 0.907247 0.347331
vt 0.890695 0.354224
vt 0.904765 0.389748
vt 0.843463 0.279637
vt 0.859879 0.290831
vt 0.854770 0.295198
vt 0.839884 0.284247
vt 0.882109 0.312213
vt 0.877496 0.321967
vt 0.867039 0.414323
vt 0.847120 0.427542
vt 0.841471 0.423400
vt 0.862769 0.409347
vt 0.834583 0.436383
vt 0.820835 0.443766
vt 0.820289 0.437384
vt 0.832450 0.429185
vt 0.728444 0.431123
vt 0.707293 0.432184
vt 0.736744 0.429914
vt 0.750176 0.426087
vt 0.595706 0.427810
vt 0.612627 0.430551
vt 0.641213 0.436760
vt 0.664752 0.441033
vt 0.684126 0.437268
vt 0.883728 0.385027
vt 0.907760 0.322576
vt 0.885754 0.397386
vt 0.914909 0.417275
vt 0.902259 0.401138
vt 0.889232 0.408702
vt 0.900142 0.426203
vt 0.907206 0.437803
vt 0.920825 0.428113
vt 0.914644 0.446527
vt 0.928355 0.437011
vt 0.921884 0.452468
vt 0.936169 0.443349
vt 0.942238 0.429288
vt 0.952284 0.432281
vt 0.958150 0.436674
vt 0.962065 0.439212
vt 0.988098 0.329568
vt 0.985477 0.315649
vt 0.967356 0.300191
vt 0.978868 0.291928
vt 0.961718 0.302650
vt 0.957773 0.303464
vt 0.951516 0.304943
vt 0.942660 0.307959
vt 0.942440 0.448993
vt 0.947690 0.454819
vt 0.957232 0.283066
vt 0.963920 0.276452
vt 0.950948 0.287182
vt 0.945500 0.290560
vt 0.939458 0.294435
vt 0.926091 0.459201
vt 0.931631 0.465511
vt 0.944974 0.270563
vt 0.948846 0.263787
vt 0.938811 0.274466
vt 0.932294 0.279130
vt 0.926554 0.285052
vt 0.918962 0.290748
vt 0.932270 0.300340
vt 0.935248 0.325410
vt 0.935679 0.313898
vt 0.926129 0.310338
vt 0.913985 0.301931
vt 0.929410 0.337755
vt 0.924056 0.330877
vt 0.923005 0.325976
vt 0.922755 0.321240
vt 0.909428 0.313272
vt 0.887172 0.303160
vt 0.896384 0.289983
vt 0.864856 0.285807
vt 0.877298 0.276039
vt 0.846649 0.274230
vt 0.851473 0.261819
vt 0.907949 0.278511
vt 0.914500 0.277343
vt 0.917740 0.267970
vt 0.926343 0.262440
vt 0.934711 0.262186
vt 0.933480 0.253958
vt 0.883489 0.434012
vt 0.871423 0.420100
vt 0.893043 0.449024
vt 0.900540 0.458952
vt 0.910400 0.460214
vt 0.908651 0.468527
vt 0.915683 0.475411
vt 0.844335 0.454482
vt 0.825711 0.466883
vt 0.820976 0.451406
vt 0.836096 0.443842
vt 0.852383 0.431782
vt 0.861462 0.442583
vt 0.920982 0.250155
vt 0.901701 0.255976
vt 0.894266 0.472159
vt 0.904052 0.484705
vt 0.874970 0.459512
vt 0.863768 0.469426
vt 0.847772 0.492898
vt 0.867366 0.240580
vt 0.890548 0.501908
vt 0.883182 0.484515
vt 0.172968 0.992310
vt 0.081663 0.659303
vt 0.223409 0.986885
vt 0.594203 0.895652
vt 0.117118 0.020014
vt 0.144034 0.051123
vt 0.445469 0.518454
vt 0.459372 0.492285
vt 0.465888 0.487911
vt 0.507203 0.509944
vt 0.953826 0.392898
vt 0.980926 0.357788
vt 0.983605 0.365408
vt 0.509054 0.508469
vt 0.511685 0.507172
vt 0.514052 0.506068
vt 0.439553 0.611474
vt 0.430936 0.633672
vt 0.429380 0.642519
vt 0.572226 0.640846
vt 0.564925 0.628238
vt 0.550393 0.614452
vt 0.491016 0.483196
vt 0.497573 0.481789
vt 0.485641 0.483762
vt 0.502643 0.481159
vt 0.427411 0.485448
vt 0.433521 0.488497
vt 0.451147 0.489175
vt 0.441587 0.487858
vt 0.440853 0.516277
vt 0.434593 0.517383
vt 0.427533 0.518243
vt 0.983656 0.380430
vt 0.983454 0.385772
vt 0.986036 0.392114
vt 0.986258 0.399087
vt 0.995360 0.332641
vt 0.989070 0.334315
vt 0.986361 0.351843
vt 0.987902 0.343314
vt 0.955510 0.396747
vt 0.956542 0.401412
vt 0.957682 0.405411
vt 0.660018 0.731662
vt 0.649650 0.737054
vt 0.638448 0.713770
vt 0.653123 0.709447
vt 0.698178 0.689874
vt 0.678095 0.715347
vt 0.664752 0.700068
vt 0.678706 0.680103
vt 0.715652 0.665677
vt 0.694395 0.658737
vt 0.621226 0.743389
vt 0.621404 0.715913
vt 0.568544 0.710487
vt 0.556387 0.681586
vt 0.578596 0.677167
vt 0.584161 0.698653
vt 0.544927 0.655043
vt 0.566743 0.653795
vt 0.593105 0.735169
vt 0.583511 0.728916
vt 0.593318 0.707287
vt 0.602612 0.709905
vt 0.630562 0.694499
vt 0.641437 0.682615
vt 0.653834 0.672906
vt 0.662879 0.661356
vt 0.672417 0.650035
vt 0.585670 0.646179
vt 0.594516 0.662840
vt 0.599363 0.677464
vt 0.604428 0.682726
vt 0.613038 0.694560
vt 0.621574 0.701566
vt 0.651287 0.647949
vt 0.662168 0.631884
vt 0.622108 0.686335
vt 0.625995 0.669572
vt 0.637775 0.656975
vt 0.621064 0.672876
vt 0.620222 0.663819
vt 0.613803 0.657913
vt 0.346668 0.870917
vt 0.248940 0.873859
vt 0.343904 0.865784
vt 0.340918 0.861185
vt 0.250231 0.867511
vt 0.252192 0.862056
vt 0.394983 0.665889
vt 0.430647 0.663707
vt 0.432261 0.377309
vt 0.465666 0.387477
vt 0.366760 0.665595
vt 0.410818 0.356588
vt 0.419146 0.308076
vt 0.406825 0.331500
vt 0.491362 0.368037
vt 0.501155 0.334086
vt 0.492982 0.301460
vt 0.458311 0.138568
vt 0.470052 0.109962
vt 0.423151 0.137094
vt 0.385264 0.125586
vt 0.468982 0.087307
vt 0.483894 0.654163
vt 0.502699 0.646383
vt 0.460381 0.660124
vt 0.457880 0.292522
vt 0.355151 0.654330
vt 0.143424 0.375956
vt 0.175105 0.368251
vt 0.162241 0.665639
vt 0.200087 0.666949
vt 0.197054 0.348767
vt 0.228391 0.665694
vt 0.203088 0.326270
vt 0.192205 0.301397
vt 0.117044 0.355193
vt 0.111595 0.322882
vt 0.123237 0.288344
vt 0.150229 0.086105
vt 0.159479 0.106935
vt 0.188649 0.123188
vt 0.227063 0.121716
vt 0.153960 0.063451
vt 0.088315 0.645870
vt 0.106540 0.652989
vt 0.131059 0.660336
vt 0.154761 0.282585
vt 0.240036 0.652614
vt 0.576252 0.124252
vt 0.036295 0.119725
vt 0.583354 0.079884
vt 0.959361 0.331312
vt 0.961092 0.329613
vt 0.962550 0.327136
vt 0.963814 0.325120
vt 0.392319 0.657746
vt 0.432272 0.650708
vt 0.460506 0.646088
vt 0.481052 0.640510
vt 0.499198 0.635235
vt 0.092492 0.634782
vt 0.110188 0.641643
vt 0.131950 0.647611
vt 0.160065 0.655631
vt 0.212973 0.660554
s 1
f 1/1 2/2 35/3 36/4
f 36/4 37/5 5/6 1/1
f 8/7 116/8 113/9 4/10
f 8/7 553/11 577/12 116/8
f 40/13 41/14 9/15 10/16
f 39/17 40/13 10/16 11/18
f 11/18 13/19 38/20 39/17
f 108/21 114/22 115/23 3/24
f 13/19 5/6 37/5 38/20
f 2/2 17/25 42/26 35/3
f 17/25 9/15 41/14 42/26
f 20/27 93/28 94/29 19/30
f 103/31 104/32 93/28 20/27
f 95/33 96/34 23/35 25/36
f 94/29 95/33 25/36 19/30
f 7/37 554/38 578/39 117/40
f 30/41 29/42 16/43 14/44
f 31/45 30/41 14/44 12/46
f 12/46 555/47 32/48 31/45
f 34/49 33/50 560/51 18/52
f 36/4 35/3 27/53 28/54
f 28/54 29/42 37/5 36/4
f 38/20 37/5 29/42 30/41
f 39/17 38/20 30/41 31/45
f 31/45 32/48 40/13 39/17
f 32/48 33/55 41/14 40/13
f 42/26 41/14 33/55 34/56
f 35/3 42/26 34/56 27/53
f 43/57 561/58 557/59 22/60
f 44/61 102/62 103/31 20/27
f 48/63 45/64 46/65 47/66
f 47/66 49/67 50/68 48/63
f 52/69 50/70 49/71 51/72
f 45/64 53/73 25/74 46/65
f 53/73 54/75 19/76 25/74
f 54/75 55/77 20/78 19/76
f 55/77 56/79 44/80 20/78
f 56/79 52/69 51/72 44/80
f 51/81 101/82 102/62 44/61
f 57/83 562/84 561/58 43/57
f 51/81 49/85 100/86 101/82
f 57/83 58/87 563/88 562/84
f 99/89 100/86 49/85 47/90
f 62/91 23/35 60/92 61/93
f 61/93 63/94 64/95 62/91
f 46/96 25/36 23/35 62/91
f 97/97 98/98 64/95 63/94
f 46/96 62/91 64/95 47/90
f 47/90 64/95 98/98 99/89
f 65/99 565/100 567/101 59/102
f 59/102 567/101 563/88 58/87
f 54/75 67/103 68/104 55/77
f 69/105 56/79 55/77 68/104
f 52/69 56/79 69/105 70/106
f 52/69 70/106 71/107 50/70
f 50/68 71/108 72/109 48/63
f 48/63 72/109 73/110 45/64
f 74/111 53/73 45/64 73/110
f 67/103 54/75 53/73 74/111
f 74/111 75/112 76/113 67/103
f 75/112 77/114 78/115 76/113
f 79/116 68/104 67/103 76/113
f 80/117 79/116 76/113 78/115
f 75/112 74/111 73/110 81/118
f 77/114 75/112 81/118 82/119
f 71/108 83/120 84/121 72/109
f 72/109 84/121 81/118 73/110
f 83/122 71/107 70/106 85/123
f 69/105 86/124 85/123 70/106
f 86/124 69/105 68/104 79/116
f 86/124 79/116 80/117 87/125
f 86/124 87/125 88/126 85/123
f 85/123 88/126 89/127 83/122
f 90/128 84/121 83/120 89/129
f 82/119 81/118 84/121 90/128
f 88/126 87/125 80/117 91/130
f 89/129 88/131 91/130 90/128
f 90/128 91/130 77/114 82/119
f 78/115 77/114 91/130 80/117
f 104/32 105/132 12/46 93/28
f 94/29 93/28 12/46 14/44
f 14/44 26/133 95/33 94/29
f 26/133 24/134 96/34 95/33
f 66/135 65/99 98/98 97/97
f 99/89 98/98 65/99 59/102
f 59/102 58/87 100/86 99/89
f 101/82 100/86 58/87 57/83
f 102/62 101/82 57/83 43/57
f 103/31 102/62 43/57 22/60
f 92/136 104/32 103/31 22/60
f 21/137 105/132 104/32 92/136
f 115/23 576/138 572/139 3/24
f 6/140 7/37 117/40 118/141
f 29/42 28/54 106/142 16/43
f 28/54 27/53 15/143 106/142
f 34/49 18/52 573/144 107/145
f 34/56 107/146 15/143 27/53
f 113/9 114/22 108/21 4/10
f 6/140 106/142 110/147 109/148
f 111/149 110/147 106/142 15/143
f 15/143 571/150 574/151 111/149
f 112/152 575/153 554/38 7/37
f 109/148 112/152 7/37 6/140
f 109/148 110/147 114/22 113/9
f 115/23 114/22 110/147 111/149
f 111/149 574/151 576/138 115/23
f 116/8 577/12 575/153 112/152
f 113/9 116/8 112/152 109/148
f 117/40 578/39 559/154 24/134
f 118/141 117/40 24/134 26/133
f 106/142 6/140 118/141 16/43
f 16/43 118/141 26/133 14/44
f 1222/155 1221/156 1223/157 1224/158
f 1223/157 1221/156 1225/159 1226/160
f 1227/161 1228/162 1229/163 1230/164
f 1336/165 1231/166 1232/167 1233/168
f 1342/169 1343/170 1231/166 1336/165
f 1234/171 1337/172 1343/170 1342/169
f 1235/173 1236/174 1222/155 1224/158
f 1235/173 1237/175 1238/176 1236/174
f 1239/177 1240/178 1238/176 1237/175
f 1241/179 1242/180 1337/172 1234/171
f 1233/168 1232/167 1243/181 1244/182
f 1233/168 1245/183 1246/184 1336/165
f 1344/185 1342/169 1336/165 1246/184
f 1338/186 1234/171 1342/169 1344/185
f 1247/187 1241/179 1234/171 1338/186
f 1248/188 1247/187 1338/186 1249/189
f 1249/189 1338/186 1344/185 1250/190
f 1251/191 1250/190 1344/185 1246/184
f 1251/191 1246/184 1245/183 1252/192
f 1253/193 1247/187 1248/188 1254/194
f 132/195 133/196 580/197 579/198
f 1255/199 1256/200 1242/180 1241/179
f 1238/176 1240/178 1257/201 1258/202
f 1236/174 1238/176 1258/202 1259/203
f 1261/204 1260/205 1262/206 1263/207
f 1261/204 1263/207 1264/208 1265/209
f 1267/210 1266/211 1268/212 1269/213
f 1270/214 1267/210 1269/213 1271/215
f 1272/216 1270/214 1271/215 1273/217
f 1261/204 1265/209 1256/200 1255/199
f 1258/202 1257/201 1266/211 1267/210
f 1259/203 1258/202 1267/210 1270/214
f 1259/203 1274/218 1222/155 1236/174
f 1270/214 1272/216 1274/218 1259/203
f 1245/183 1275/219 1276/220 1252/192
f 131/221 135/222 580/197 133/196
f 1241/179 1247/187 1277/223 1255/199
f 1260/205 1261/204 1255/199 1277/223
f 1253/193 1260/205 1277/223 1247/187
f 120/224 119/225 299/226 300/227
f 120/224 300/227 301/228 125/229
f 301/228 302/230 126/231 125/229
f 302/232 303/233 124/234 126/235
f 303/233 304/236 123/237 124/234
f 123/237 304/236 305/238 122/239
f 305/238 306/240 276/241 122/239
f 121/242 307/243 299/226 119/225
f 145/244 290/245 291/246 144/247
f 291/246 292/248 146/249 144/247
f 293/250 294/251 147/252 274/253
f 148/254 147/252 294/251 295/255
f 295/255 296/256 149/257 148/254
f 149/257 296/256 297/258 150/259
f 298/260 290/245 145/244 151/261
f 297/262 298/260 151/261 150/263
f 273/264 282/265 283/266 152/267
f 154/268 289/269 281/270 153/271
f 155/272 288/273 289/269 154/268
f 156/274 287/275 288/273 155/272
f 157/276 286/277 287/275 156/274
f 285/278 286/279 157/280 158/281
f 152/267 283/266 284/282 159/283
f 159/283 284/282 285/278 158/281
f 162/284 161/285 200/286 201/287
f 162/284 201/287 202/288 165/289
f 169/290 179/291 180/292 167/293
f 171/294 178/295 179/291 169/290
f 175/296 172/297 190/298 191/299
f 189/300 190/298 172/297 176/301
f 179/291 178/295 170/302 168/303
f 180/292 179/291 168/303 166/304
f 180/292 166/304 181/305 182/306
f 183/307 181/305 166/304 168/303
f 168/303 170/302 184/308 183/307
f 170/302 178/295 185/309 184/308
f 178/295 171/294 186/310 185/309
f 171/294 169/290 187/311 186/310
f 169/290 167/293 188/312 187/311
f 167/293 180/292 182/306 188/312
f 173/313 190/298 189/300 177/314
f 191/299 190/298 173/313 174/315
f 174/315 192/316 193/317 191/299
f 174/315 173/313 194/318 192/316
f 173/313 177/314 195/319 194/318
f 196/320 195/319 177/314 189/300
f 189/300 176/301 197/321 196/320
f 176/322 172/323 198/324 197/325
f 172/323 175/326 199/327 198/324
f 193/317 199/328 175/296 191/299
f 192/316 211/329 212/330 193/317
f 186/310 217/331 218/332 185/309
f 201/287 200/286 160/333 163/334
f 202/288 201/287 163/334 164/335
f 161/285 203/336 204/337 200/286
f 205/338 160/333 200/286 204/337
f 161/285 162/284 206/339 203/336
f 163/340 160/341 205/342 207/343
f 162/284 165/289 208/344 206/339
f 209/345 208/344 165/289 202/288
f 164/335 210/346 209/345 202/288
f 164/347 163/340 207/343 210/348
f 181/305 213/349 214/350 182/306
f 210/346 215/351 216/352 209/345
f 212/330 211/329 188/312 182/306
f 214/350 213/349 205/338 204/337
f 216/352 215/351 184/308 185/309
f 218/332 217/331 195/319 196/320
f 222/353 219/354 220/355 221/356
f 224/357 223/358 222/353 221/356
f 226/359 223/358 224/357 225/360
f 220/355 219/354 227/361 228/362
f 219/354 229/363 230/364 227/361
f 230/364 229/363 199/328 193/317
f 197/321 231/365 232/366 196/320
f 232/366 231/365 223/358 226/359
f 236/367 240/368 241/369 235/370
f 239/371 240/368 236/367 237/372
f 233/373 240/368 239/371 238/374
f 241/369 240/368 233/373 234/375
f 241/369 234/375 242/376 243/377
f 235/370 241/369 243/377 244/378
f 236/367 235/370 244/378 245/379
f 237/372 236/367 245/379 246/380
f 238/374 239/371 247/381 248/382
f 233/383 238/384 248/385 249/386
f 234/387 233/383 249/386 242/388
f 244/378 243/377 204/337 203/336
f 253/389 250/390 251/391 252/392
f 252/392 254/393 255/394 253/389
f 254/393 256/395 257/396 255/394
f 257/396 256/395 248/382 247/381
f 255/394 155/272 154/268 253/389
f 239/371 237/372 246/380 247/381
f 246/380 258/397 259/398 247/381
f 259/398 258/397 208/399 209/400
f 272/401 273/264 152/267 260/402
f 260/402 152/267 159/283 261/403
f 261/403 159/283 158/281 262/404
f 262/404 158/281 157/280 263/405
f 263/406 157/276 156/274 264/407
f 264/407 156/274 155/272 255/394
f 209/400 268/408 266/409 259/398
f 216/352 267/410 268/411 209/345
f 247/381 265/412 266/409 257/396
f 257/396 266/409 264/407 255/394
f 268/411 267/410 262/404 263/405
f 266/409 268/408 263/406 264/407
f 216/352 185/309 218/332 269/413
f 196/320 232/366 269/413 218/332
f 269/413 270/414 267/410 216/352
f 269/413 232/366 226/359 270/414
f 262/404 267/410 270/414 261/403
f 221/356 220/355 228/362 224/357
f 271/415 225/360 224/357 228/362
f 225/360 271/415 270/414 226/359
f 153/271 281/270 282/265 273/264
f 292/248 293/250 274/253 146/249
f 306/240 307/243 121/242 276/241
f 1226/160 1225/159 1228/162 1227/161
f 271/415 260/402 261/403 270/414
f 260/402 271/415 228/362 272/401
f 242/376 277/416 278/417 243/377
f 278/417 277/416 251/391 250/390
f 250/390 227/361 230/364 278/417
f 243/377 279/418 214/350 204/337
f 279/418 243/377 278/417 230/364
f 279/418 230/364 280/419 214/350
f 280/419 230/364 193/317 212/330
f 280/419 212/330 182/306 214/350
f 282/265 281/270 146/249 274/253
f 283/266 282/265 274/253 147/252
f 284/282 283/266 147/252 148/254
f 285/278 284/282 148/254 149/257
f 150/259 286/279 285/278 149/257
f 287/275 286/277 150/263 151/261
f 288/273 287/275 151/261 145/244
f 289/269 288/273 145/244 144/247
f 281/270 289/269 144/247 146/249
f 291/246 290/245 137/420 136/421
f 143/422 292/248 291/246 136/421
f 275/423 293/250 292/248 143/422
f 142/424 294/251 293/250 275/423
f 295/255 294/251 142/424 141/425
f 140/426 296/256 295/255 141/425
f 297/258 296/256 140/426 139/427
f 138/428 298/260 297/262 139/429
f 137/420 290/245 298/260 138/428
f 300/227 299/226 136/421 137/420
f 301/228 300/227 137/420 138/428
f 139/429 302/230 301/228 138/428
f 140/426 303/233 302/232 139/427
f 141/425 304/236 303/233 140/426
f 305/238 304/236 141/425 142/424
f 275/423 306/240 305/238 142/424
f 143/422 307/243 306/240 275/423
f 299/226 307/243 143/422 136/421
f 1265/209 1264/208 1268/212 1266/211
f 1256/200 1265/209 1266/211 1257/201
f 1242/180 1256/200 1257/201 1240/178
f 1337/172 1242/180 1240/178 1239/177
f 1343/170 1337/172 1239/177 1278/430
f 1231/166 1343/170 1278/430 1230/164
f 1232/167 1231/166 1230/164 1229/163
f 227/361 250/390 272/401 228/362
f 273/264 272/401 250/390 153/271
f 253/389 154/268 153/271 250/390
f 277/431 308/432 309/433 251/434
f 249/386 308/432 277/431 242/388
f 309/433 310/435 252/436 251/434
f 310/435 311/437 254/438 252/436
f 312/439 256/440 254/438 311/437
f 249/386 248/385 256/441 312/442
f 314/443 309/433 308/432 313/444
f 315/445 310/435 309/433 314/443
f 310/435 315/445 316/446 311/437
f 311/437 316/446 317/447 312/439
f 318/448 249/386 312/442 317/449
f 249/386 318/448 313/444 308/432
f 314/443 313/444 318/448 319/450
f 318/451 317/447 316/446 319/450
f 315/445 314/443 319/450 316/446
f 181/452 183/453 320/454 321/455
f 322/456 213/457 181/452 321/455
f 207/343 205/342 213/457 322/456
f 183/453 184/458 323/459 320/454
f 323/459 184/458 215/460 324/461
f 207/343 322/456 325/462 210/348
f 215/463 210/348 325/462 324/464
f 323/459 326/465 321/455 320/454
f 323/466 324/464 325/462 326/465
f 321/455 326/465 325/462 322/456
f 223/467 345/468 346/469 222/470
f 352/471 345/468 223/467 231/472
f 197/325 351/473 352/474 231/475
f 197/325 198/324 350/476 351/473
f 199/327 349/477 350/476 198/324
f 348/478 349/477 199/327 229/479
f 347/480 348/478 229/479 219/481
f 346/469 347/480 219/481 222/470
f 328/482 327/483 329/484 335/485
f 331/486 335/485 329/487 330/488
f 331/486 332/489 333/490 335/485
f 334/491 328/482 335/485 333/490
f 194/492 195/493 353/494 354/495
f 217/496 360/497 353/494 195/493
f 359/498 360/499 217/500 186/501
f 358/502 359/498 186/501 187/503
f 357/504 358/502 187/503 188/505
f 356/506 357/504 188/505 211/507
f 355/508 356/506 211/507 192/509
f 354/495 355/508 192/509 194/492
f 337/510 336/511 338/512 344/513
f 344/513 342/514 343/515 337/510
f 339/516 340/517 344/513 338/518
f 340/517 341/519 342/514 344/513
f 346/469 345/468 327/483 328/482
f 334/491 347/480 346/469 328/482
f 333/490 348/478 347/480 334/491
f 332/489 349/477 348/478 333/490
f 350/476 349/477 332/489 331/486
f 351/473 350/476 331/486 330/488
f 352/474 351/473 330/488 329/487
f 327/483 345/468 352/471 329/484
f 354/495 353/494 336/511 337/510
f 337/510 343/515 355/508 354/495
f 342/514 356/506 355/508 343/515
f 341/519 357/504 356/506 342/514
f 341/519 340/517 358/502 357/504
f 339/516 359/498 358/502 340/517
f 338/518 360/499 359/498 339/516
f 353/494 360/497 338/512 336/511
f 203/520 206/521 368/522 369/523
f 374/524 368/522 206/521 208/525
f 258/526 373/527 374/524 208/525
f 372/528 373/529 258/530 246/531
f 245/532 371/533 372/528 246/531
f 244/534 370/535 371/533 245/532
f 369/523 370/535 244/534 203/520
f 369/523 368/522 361/536 362/537
f 367/538 370/535 369/523 362/537
f 371/533 370/535 367/538 366/539
f 372/528 371/533 366/539 365/540
f 364/541 373/529 372/528 365/540
f 374/524 373/527 364/542 363/543
f 361/536 368/522 374/524 363/543
f 362/537 383/544 384/545 367/538
f 389/546 383/544 362/537 361/536
f 363/543 388/547 389/546 361/536
f 387/548 388/547 363/543 364/542
f 386/549 387/550 364/541 365/540
f 366/539 385/551 386/549 365/540
f 367/538 384/545 385/551 366/539
f 382/552 377/553 378/554 379/555
f 375/556 377/553 382/552 376/557
f 384/545 383/544 375/556 376/557
f 385/551 384/545 376/557 381/558
f 386/549 385/551 381/558 380/559
f 379/560 387/550 386/549 380/559
f 378/554 388/547 387/548 379/555
f 389/546 388/547 378/554 377/553
f 375/556 383/544 389/546 377/553
f 380/559 381/558 382/552 379/560
f 376/557 382/552 381/558
f 131/561 390/562 391/563 130/564
f 391/563 392/565 129/566 130/564
f 129/566 392/565 393/567 127/568
f 127/568 393/567 394/569 128/570
f 395/571 134/572 128/573 394/574
f 134/572 395/571 396/575 132/576
f 132/576 396/575 397/577 133/578
f 133/578 397/577 390/562 131/561
f 390/562 398/579 399/580 391/563
f 398/579 390/562 397/577 400/581
f 396/575 401/582 400/581 397/577
f 395/571 402/583 401/582 396/575
f 394/574 403/584 402/583 395/571
f 393/567 404/585 403/586 394/569
f 392/565 405/587 404/585 393/567
f 391/563 399/580 405/587 392/565
f 409/588 406/589 407/590 408/591
f 413/592 411/593 410/594 412/595
f 415/596 414/597 413/592 412/595
f 417/598 414/597 415/596 416/599
f 419/600 418/601 417/598 416/599
f 418/601 419/600 1134/602 1135/603
f 425/604 424/605 420/606 421/607
f 427/608 426/609 422/610 423/611
f 431/612 428/613 429/614 430/615
f 431/612 430/615 432/616 433/617
f 435/618 434/619 1148/620 1149/621
f 439/622 436/623 437/624 438/625
f 441/626 438/625 437/624 440/627
f 441/626 440/627 434/619 435/618
f 439/622 442/628 443/629 436/623
f 1151/630 1152/631 443/629 442/628
f 1153/632 1154/633 444/634 445/635
f 1152/631 1153/632 445/635 443/629
f 444/634 448/636 449/637 445/635
f 436/623 443/629 445/635 449/637
f 420/606 447/638 446/639 421/607
f 426/609 427/608 450/640 451/641
f 453/642 410/594 411/593 452/643
f 426/609 451/641 452/643 411/593
f 455/644 453/642 452/643 454/645
f 450/640 456/646 457/647 451/641
f 454/645 452/643 451/641 457/647
f 407/590 406/589 455/644 454/645
f 456/646 424/605 425/604 457/647
f 407/590 454/645 457/647 425/604
f 425/604 458/648 459/649 407/590
f 458/648 425/604 421/607 460/650
f 460/650 421/607 446/639 461/651
f 428/613 462/652 461/651 446/639
f 431/612 463/653 462/652 428/613
f 433/617 464/654 463/653 431/612
f 1147/655 1148/620 434/619 465/656
f 459/649 466/657 408/591 407/590
f 418/601 1135/603 1136/658 467/659
f 417/598 418/601 467/659 468/660
f 468/660 469/661 414/597 417/598
f 458/648 460/650 461/651 470/662
f 462/652 472/663 470/662 461/651
f 466/657 459/649 458/648 473/664
f 470/662 474/665 473/664 458/648
f 471/666 475/667 470/662 472/663
f 476/668 474/665 470/662 475/667
f 477/669 467/659 1136/658 1137/670
f 481/671 478/672 1142/673 1143/674
f 483/675 481/671 1143/674 1144/676
f 487/677 484/678 1139/679 1140/680
f 478/672 488/681 1141/682 1142/673
f 486/683 485/684 400/581 401/582
f 1140/680 1141/685 488/686 487/677
f 486/683 401/582 402/583 489/687
f 489/687 402/583 403/584 479/688
f 479/689 403/586 404/585 480/690
f 480/690 404/585 405/587 482/691
f 405/587 399/580 476/692 482/691
f 399/580 398/579 490/693 476/692
f 485/684 490/693 398/579 400/581
f 474/665 476/668 490/694 473/664
f 475/667 471/666 482/695 476/668
f 491/696 483/675 1144/676 1145/697
f 484/678 492/698 1138/699 1139/679
f 492/698 477/669 1137/670 1138/699
f 467/659 477/669 493/700 468/660
f 492/698 494/701 493/700 477/669
f 496/702 495/703 493/700 494/701
f 498/704 497/705 495/703 496/702
f 500/706 499/707 497/705 498/704
f 495/703 469/661 468/660 493/700
f 469/661 495/703 497/705 501/708
f 469/661 501/708 413/592 414/597
f 499/707 502/709 501/708 497/705
f 411/593 413/592 501/708 502/709
f 411/593 502/709 503/710 426/609
f 504/711 422/610 426/609 503/710
f 423/712 422/713 449/637 448/636
f 505/714 449/637 422/713 504/715
f 449/637 505/714 506/716 436/623
f 436/623 506/716 507/717 437/624
f 508/718 440/627 437/624 507/717
f 440/627 508/718 509/719 434/619
f 502/709 499/707 510/720 503/710
f 503/710 510/720 511/721 504/711
f 504/715 511/722 512/723 505/714
f 505/714 512/723 513/724 506/716
f 514/725 507/717 506/716 513/724
f 507/717 514/725 515/726 508/718
f 499/707 500/706 516/727 510/720
f 517/728 511/721 510/720 516/727
f 511/722 517/729 518/730 512/723
f 512/723 518/730 519/731 513/724
f 513/724 519/731 520/732 514/725
f 514/725 520/732 521/733 515/726
f 523/734 522/735 515/726 521/733
f 522/735 509/719 508/718 515/726
f 434/619 509/719 524/736 465/656
f 509/719 522/735 525/737 524/736
f 526/738 525/737 522/735 523/734
f 463/653 527/739 472/663 462/652
f 464/654 528/740 527/739 463/653
f 1146/741 1147/655 465/656 529/742
f 465/656 524/736 525/737 529/742
f 525/737 526/738 491/696 529/742
f 472/663 527/739 528/740 471/666
f 529/742 491/696 1145/697 1146/741
f 526/738 530/743 483/675 491/696
f 481/671 483/675 530/743 531/744
f 478/672 481/671 531/744 532/745
f 530/743 526/738 523/734 533/746
f 533/746 523/734 521/733 534/747
f 520/732 535/748 534/747 521/733
f 518/730 536/749 537/750 519/731
f 535/748 520/732 519/731 537/750
f 536/749 518/730 517/729 538/751
f 539/752 494/701 492/698 484/678
f 540/753 496/702 494/701 539/752
f 496/702 540/753 541/754 498/704
f 542/755 500/706 498/704 541/754
f 500/706 542/755 543/756 516/727
f 516/727 543/756 538/757 517/728
f 544/758 488/681 478/672 532/745
f 488/686 544/759 545/760 487/677
f 484/678 487/677 545/760 539/752
f 537/750 536/749 538/751 546/761
f 533/746 534/747 535/748 547/762
f 548/763 543/756 542/755 541/754
f 531/744 530/743 533/746 547/762
f 547/762 535/748 537/750 546/761
f 546/761 538/751 543/764 548/765
f 540/753 549/766 548/763 541/754
f 549/766 540/753 539/752 545/760
f 532/745 550/767 551/768 544/758
f 549/766 545/760 544/759 551/769
f 532/745 531/744 547/762 550/767
f 547/762 552/770 551/768 550/767
f 549/766 551/769 552/771 548/763
f 552/770 547/762 546/761 548/765
f 557/59 568/772 92/136 22/60
f 570/773 555/47 12/46 105/132
f 569/774 558/775 23/35 96/34
f 555/47 560/776 33/55 32/48
f 558/775 564/777 60/92 23/35
f 566/778 565/100 65/99 66/135
f 568/772 556/779 21/137 92/136
f 559/154 569/774 96/34 24/134
f 556/779 570/773 105/132 21/137
f 573/144 571/780 15/781 107/145
f 1280/782 1279/783 1229/163 1228/162
f 1244/182 1275/219 1245/183 1233/168
f 1281/784 1253/193 1254/194 1282/785
f 564/786 1280/782 1228/162 1225/159
f 1279/783 1243/181 1232/167 1229/163
f 581/787 615/788 614/789 582/790
f 615/788 581/787 585/791 616/792
f 588/793 584/794 692/795 695/796
f 588/793 695/796 577/12 553/11
f 619/797 590/798 589/799 620/800
f 618/801 591/802 590/798 619/797
f 591/802 618/801 617/803 593/804
f 687/805 583/806 694/807 693/808
f 593/804 617/803 616/792 585/791
f 582/790 614/789 621/809 597/810
f 597/810 621/809 620/800 589/799
f 599/811 598/812 673/813 672/814
f 682/815 599/811 672/814 683/816
f 674/817 604/818 602/819 675/820
f 673/813 598/812 604/818 674/817
f 587/821 696/822 578/39 554/38
f 609/823 594/824 596/825 608/826
f 610/827 592/828 594/824 609/823
f 592/828 610/827 611/829 555/47
f 613/830 18/52 560/51 612/831
f 615/788 607/832 606/833 614/789
f 607/832 615/788 616/792 608/826
f 617/803 609/823 608/826 616/792
f 618/801 610/827 609/823 617/803
f 610/827 618/801 619/797 611/829
f 611/829 619/797 620/800 612/834
f 621/809 613/835 612/834 620/800
f 614/789 606/833 613/835 621/809
f 622/836 601/837 557/838 561/839
f 623/840 599/811 682/815 681/841
f 627/842 626/843 625/844 624/845
f 626/843 627/842 629/846 628/847
f 631/848 630/849 628/850 629/851
f 624/845 625/844 604/852 632/853
f 632/853 604/852 598/854 633/855
f 633/855 598/854 599/856 634/857
f 634/857 599/856 623/858 635/859
f 635/859 623/858 630/849 631/848
f 630/860 623/840 681/841 680/861
f 636/862 622/836 561/839 562/863
f 630/860 680/861 679/864 628/865
f 636/862 562/863 563/866 637/867
f 678/868 626/869 628/865 679/864
f 641/870 640/871 639/872 602/819
f 640/871 641/870 643/873 642/874
f 625/875 641/870 602/819 604/818
f 676/876 642/874 643/873 677/877
f 625/875 626/869 643/873 641/870
f 626/869 678/868 677/877 643/873
f 644/878 638/879 567/880 565/881
f 638/879 637/867 563/866 567/880
f 633/855 634/857 647/882 646/883
f 648/884 647/882 634/857 635/859
f 631/848 649/885 648/884 635/859
f 631/848 629/851 650/886 649/885
f 629/846 627/842 651/887 650/888
f 627/842 624/845 652/889 651/887
f 653/890 652/889 624/845 632/853
f 646/883 653/890 632/853 633/855
f 653/890 646/883 655/891 654/892
f 654/892 655/891 657/893 656/894
f 658/895 655/891 646/883 647/882
f 659/896 657/893 655/891 658/895
f 654/892 660/897 652/889 653/890
f 656/894 661/898 660/897 654/892
f 650/888 651/887 663/899 662/900
f 651/887 652/889 660/897 663/899
f 662/901 664/902 649/885 650/886
f 648/884 649/885 664/902 665/903
f 665/903 658/895 647/882 648/884
f 665/903 666/904 659/896 658/895
f 665/903 664/902 667/905 666/904
f 664/902 662/901 668/906 667/905
f 669/907 668/908 662/900 663/899
f 661/898 669/907 663/899 660/897
f 667/905 670/909 659/896 666/904
f 668/908 669/907 670/909 667/910
f 669/907 661/898 656/894 670/909
f 657/893 659/896 670/909 656/894
f 683/816 672/814 592/828 684/911
f 673/813 594/824 592/828 672/814
f 594/824 673/813 674/817 605/912
f 605/912 674/817 675/820 603/913
f 645/914 676/876 677/877 644/878
f 678/868 638/879 644/878 677/877
f 638/879 678/868 679/864 637/867
f 680/861 636/862 637/867 679/864
f 681/841 622/836 636/862 680/861
f 682/815 601/837 622/836 681/841
f 671/915 601/837 682/815 683/816
f 600/916 671/915 683/816 684/911
f 694/807 583/806 572/139 576/138
f 586/917 697/918 696/822 587/821
f 608/826 596/825 685/919 607/832
f 607/832 685/919 595/920 606/833
f 613/830 686/921 573/144 18/52
f 613/835 606/833 595/920 686/922
f 692/795 584/794 687/805 693/808
f 586/917 688/923 689/924 685/919
f 690/925 595/920 685/919 689/924
f 595/920 690/925 574/151 571/150
f 691/926 587/821 554/38 575/153
f 688/923 586/917 587/821 691/926
f 688/923 692/795 693/808 689/924
f 694/807 690/925 689/924 693/808
f 690/925 694/807 576/138 574/151
f 695/796 691/926 575/153 577/12
f 692/795 688/923 691/926 695/796
f 696/822 603/913 559/154 578/39
f 697/918 605/912 603/913 696/822
f 685/919 596/825 697/918 586/917
f 596/825 594/824 605/912 697/918
f 1284/927 1283/928 1285/929 1286/930
f 1285/929 1287/931 1288/932 1286/930
f 1290/933 1289/934 1291/935 1292/936
f 1339/937 1293/938 1294/939 1295/940
f 1345/941 1339/937 1295/940 1346/942
f 1296/943 1345/941 1346/942 1340/944
f 1297/945 1283/928 1284/927 1298/946
f 1297/945 1298/946 1299/947 1300/948
f 1301/949 1300/948 1299/947 1302/950
f 1303/951 1296/943 1340/944 1304/952
f 1293/938 1244/182 1243/181 1294/939
f 1293/938 1339/937 1305/953 1306/954
f 1347/955 1305/953 1339/937 1345/941
f 1341/956 1347/955 1345/941 1296/943
f 1307/957 1341/956 1296/943 1303/951
f 1309/958 1308/959 1341/956 1307/957
f 1308/959 1310/960 1347/955 1341/956
f 1311/961 1305/953 1347/955 1310/960
f 1306/954 1305/953 1311/961 1312/962
f 1314/963 1313/964 1309/958 1307/957
f 711/965 579/966 580/967 712/968
f 1315/969 1303/951 1304/952 1316/970
f 1299/947 1317/971 1318/972 1302/950
f 1298/946 1319/973 1317/971 1299/947
f 1320/974 1263/975 1262/976 1321/977
f 1320/974 1322/978 1264/979 1263/975
f 1323/980 1269/981 1268/982 1324/983
f 1325/984 1271/985 1269/981 1323/980
f 1326/986 1273/987 1271/985 1325/984
f 1320/974 1315/969 1316/970 1322/978
f 1317/971 1323/980 1324/983 1318/972
f 1319/973 1325/984 1323/980 1317/971
f 1319/973 1298/946 1284/927 1327/988
f 1325/984 1319/973 1327/988 1326/986
f 1275/219 1306/954 1312/962 1276/220
f 710/989 712/968 580/967 135/990
f 1303/951 1315/969 1328/991 1307/957
f 1321/977 1328/991 1315/969 1320/974
f 1314/963 1307/957 1328/991 1321/977
f 699/992 878/993 877/994 698/995
f 699/992 704/996 879/997 878/993
f 879/997 704/996 705/998 880/999
f 880/1000 705/1001 703/1002 881/1003
f 881/1003 703/1002 702/1004 882/1005
f 702/1004 701/1006 883/1007 882/1005
f 883/1007 701/1006 854/1008 884/1009
f 700/1010 698/995 877/994 885/1011
f 723/1012 722/1013 869/1014 868/1015
f 869/1014 722/1013 724/1016 870/1017
f 871/1018 852/1019 725/1020 872/1021
f 726/1022 873/1023 872/1021 725/1020
f 873/1023 726/1022 727/1024 874/1025
f 727/1024 728/1026 875/1027 874/1025
f 876/1028 729/1029 723/1012 868/1015
f 875/1030 728/1031 729/1029 876/1028
f 851/1032 730/1033 861/1034 860/1035
f 732/1036 731/1037 859/1038 867/1039
f 733/1040 732/1036 867/1039 866/1041
f 734/1042 733/1040 866/1041 865/1043
f 735/1044 734/1042 865/1043 864/1045
f 863/1046 736/1047 735/1048 864/1049
f 730/1033 737/1050 862/1051 861/1034
f 737/1050 736/1047 863/1046 862/1051
f 740/1052 779/1053 778/1054 739/1055
f 740/1052 743/1056 780/1057 779/1053
f 747/1058 745/1059 758/1060 757/1061
f 749/1062 747/1058 757/1061 756/1063
f 753/1064 769/1065 768/1066 750/1067
f 767/1068 754/1069 750/1067 768/1066
f 757/1061 746/1070 748/1071 756/1063
f 758/1060 744/1072 746/1070 757/1061
f 758/1060 760/1073 759/1074 744/1072
f 761/1075 746/1070 744/1072 759/1074
f 746/1070 761/1075 762/1076 748/1071
f 748/1071 762/1076 763/1077 756/1063
f 756/1063 763/1077 764/1078 749/1062
f 749/1062 764/1078 765/1079 747/1058
f 747/1058 765/1079 766/1080 745/1059
f 745/1059 766/1080 760/1073 758/1060
f 751/1081 755/1082 767/1068 768/1066
f 769/1065 752/1083 751/1081 768/1066
f 752/1083 769/1065 771/1084 770/1085
f 752/1086 770/1087 772/1088 751/1089
f 751/1089 772/1088 773/1090 755/1091
f 774/1092 767/1068 755/1082 773/1093
f 767/1068 774/1092 775/1094 754/1069
f 754/1095 775/1096 776/1097 750/1098
f 750/1098 776/1097 777/1099 753/1100
f 771/1084 769/1065 753/1064 777/1101
f 770/1085 771/1084 790/1102 789/1103
f 764/1078 763/1077 796/1104 795/1105
f 779/1053 741/1106 738/1107 778/1054
f 780/1057 742/1108 741/1106 779/1053
f 739/1055 778/1054 782/1109 781/1110
f 783/1111 782/1109 778/1054 738/1107
f 739/1055 781/1110 784/1112 740/1052
f 741/1106 785/1113 783/1111 738/1107
f 740/1052 784/1112 786/1114 743/1056
f 787/1115 780/1057 743/1056 786/1114
f 742/1108 780/1057 787/1115 788/1116
f 742/1108 788/1116 785/1113 741/1106
f 759/1074 760/1073 792/1117 791/1118
f 788/1119 787/1120 794/1121 793/1122
f 790/1102 760/1073 766/1080 789/1103
f 792/1117 782/1109 783/1111 791/1118
f 794/1121 763/1077 762/1076 793/1122
f 796/1104 774/1092 773/1093 795/1105
f 800/1123 799/1124 798/1125 797/1126
f 802/1127 799/1124 800/1123 801/1128
f 804/1129 803/1130 802/1127 801/1128
f 798/1125 806/1131 805/1132 797/1126
f 797/1126 805/1132 808/1133 807/1134
f 808/1133 771/1084 777/1101 807/1134
f 775/1094 774/1092 810/1135 809/1136
f 810/1135 804/1129 801/1128 809/1136
f 814/1137 813/1138 819/1139 818/1140
f 817/1141 815/1142 814/1137 818/1140
f 811/1143 816/1144 817/1141 818/1140
f 819/1139 812/1145 811/1143 818/1140
f 819/1139 821/1146 820/1147 812/1145
f 813/1138 822/1148 821/1146 819/1139
f 814/1137 823/1149 822/1148 813/1138
f 815/1142 824/1150 823/1149 814/1137
f 816/1144 826/1151 825/1152 817/1141
f 811/1153 827/1154 826/1155 816/1156
f 812/1157 820/1158 827/1154 811/1153
f 822/1148 781/1110 782/1109 821/1146
f 831/1159 830/1160 829/1161 828/1162
f 830/1160 831/1159 833/1163 832/1164
f 832/1164 833/1163 835/1165 834/1166
f 835/1165 825/1152 826/1151 834/1166
f 833/1163 831/1159 732/1036 733/1040
f 817/1141 825/1152 824/1150 815/1142
f 824/1150 825/1152 837/1167 836/1168
f 837/1167 787/1115 786/1114 836/1168
f 850/1169 838/1170 730/1033 851/1032
f 838/1170 839/1171 737/1050 730/1033
f 839/1171 840/1172 736/1047 737/1050
f 840/1172 841/1173 735/1048 736/1047
f 841/1174 842/1175 734/1042 735/1044
f 842/1175 833/1163 733/1040 734/1042
f 787/1115 837/1167 844/1176 846/1177
f 794/1121 787/1120 846/1178 845/1179
f 825/1152 835/1165 844/1176 843/1180
f 835/1165 833/1163 842/1175 844/1176
f 846/1178 841/1173 840/1172 845/1179
f 844/1176 842/1175 841/1174 846/1177
f 794/1121 847/1181 796/1104 763/1077
f 774/1092 796/1104 847/1181 810/1135
f 847/1181 794/1121 845/1179 848/1182
f 847/1181 848/1182 804/1129 810/1135
f 840/1172 839/1171 848/1182 845/1179
f 799/1124 802/1127 806/1131 798/1125
f 849/1183 806/1131 802/1127 803/1130
f 803/1130 804/1129 848/1182 849/1183
f 731/1037 851/1032 860/1035 859/1038
f 870/1017 724/1016 852/1019 871/1018
f 884/1009 854/1008 700/1010 885/1011
f 1287/931 1290/933 1292/936 1288/932
f 849/1183 848/1182 839/1171 838/1170
f 838/1170 850/1169 806/1131 849/1183
f 820/1147 821/1146 856/1184 855/1185
f 856/1184 828/1162 829/1161 855/1185
f 828/1162 856/1184 808/1133 805/1132
f 821/1146 782/1109 792/1117 857/1186
f 857/1186 808/1133 856/1184 821/1146
f 857/1186 792/1117 858/1187 808/1133
f 858/1187 790/1102 771/1084 808/1133
f 858/1187 792/1117 760/1073 790/1102
f 860/1035 852/1019 724/1016 859/1038
f 861/1034 725/1020 852/1019 860/1035
f 862/1051 726/1022 725/1020 861/1034
f 863/1046 727/1024 726/1022 862/1051
f 728/1026 727/1024 863/1046 864/1049
f 865/1043 729/1029 728/1031 864/1045
f 866/1041 723/1012 729/1029 865/1043
f 867/1039 722/1013 723/1012 866/1041
f 859/1038 724/1016 722/1013 867/1039
f 869/1014 714/1188 715/1189 868/1015
f 721/1190 714/1188 869/1014 870/1017
f 853/1191 721/1190 870/1017 871/1018
f 720/1192 853/1191 871/1018 872/1021
f 873/1023 719/1193 720/1192 872/1021
f 718/1194 719/1193 873/1023 874/1025
f 875/1027 717/1195 718/1194 874/1025
f 716/1196 717/1197 875/1030 876/1028
f 715/1189 716/1196 876/1028 868/1015
f 878/993 715/1189 714/1188 877/994
f 879/997 716/1196 715/1189 878/993
f 717/1197 716/1196 879/997 880/999
f 718/1194 717/1195 880/1000 881/1003
f 719/1193 718/1194 881/1003 882/1005
f 883/1007 720/1192 719/1193 882/1005
f 853/1191 720/1192 883/1007 884/1009
f 721/1190 853/1191 884/1009 885/1011
f 877/994 714/1188 721/1190 885/1011
f 1322/978 1324/983 1268/982 1264/979
f 1316/970 1318/972 1324/983 1322/978
f 1304/952 1302/950 1318/972 1316/970
f 1340/944 1301/949 1302/950 1304/952
f 1346/942 1329/1198 1301/949 1340/944
f 1295/940 1289/934 1329/1198 1346/942
f 1294/939 1291/935 1289/934 1295/940
f 805/1132 806/1131 850/1169 828/1162
f 851/1032 731/1037 828/1162 850/1169
f 831/1159 828/1162 731/1037 732/1036
f 855/1199 829/1200 887/1201 886/1202
f 827/1154 820/1158 855/1199 886/1202
f 887/1201 829/1200 830/1203 888/1204
f 888/1204 830/1203 832/1205 889/1206
f 890/1207 889/1206 832/1205 834/1208
f 827/1209 890/1207 834/1208 826/1210
f 892/1211 891/1212 886/1202 887/1201
f 893/1213 892/1211 887/1201 888/1204
f 888/1204 889/1206 894/1214 893/1213
f 889/1206 890/1207 895/1215 894/1214
f 896/1216 895/1215 890/1207 827/1209
f 827/1154 886/1202 891/1212 896/1217
f 892/1211 897/1218 896/1217 891/1212
f 896/1216 897/1218 894/1214 895/1215
f 893/1213 894/1214 897/1218 892/1211
f 759/1219 899/1220 898/1221 761/1222
f 900/1223 899/1220 759/1219 791/1224
f 785/1225 900/1223 791/1224 783/1226
f 761/1222 898/1221 901/1227 762/1228
f 901/1227 902/1229 793/1230 762/1228
f 785/1225 788/1231 903/1232 900/1223
f 793/1233 902/1234 903/1232 788/1231
f 901/1227 898/1221 899/1220 904/1235
f 901/1236 904/1237 903/1232 902/1234
f 899/1220 900/1223 903/1238 904/1235
f 801/1239 800/1240 924/1241 923/1242
f 930/1243 809/1244 801/1239 923/1242
f 775/1096 809/1245 930/1246 929/1247
f 775/1096 929/1247 928/1248 776/1097
f 777/1099 776/1097 928/1248 927/1249
f 926/1250 807/1251 777/1099 927/1249
f 925/1252 797/1253 807/1251 926/1250
f 924/1241 800/1240 797/1253 925/1252
f 906/1254 913/1255 907/1256 905/1257
f 909/1258 908/1259 907/1260 913/1255
f 909/1258 913/1255 911/1261 910/1262
f 912/1263 911/1261 913/1255 906/1254
f 772/1088 932/1264 931/1265 773/1090
f 795/1266 773/1090 931/1265 938/1267
f 937/1268 764/1269 795/1270 938/1271
f 936/1272 765/1273 764/1269 937/1268
f 935/1274 766/1275 765/1273 936/1272
f 934/1276 789/1277 766/1275 935/1274
f 933/1278 770/1087 789/1277 934/1276
f 932/1264 772/1088 770/1087 933/1278
f 915/1279 922/1280 916/1281 914/1282
f 922/1280 915/1279 921/1283 920/1284
f 917/1285 916/1286 922/1280 918/1287
f 918/1287 922/1280 920/1284 919/1288
f 924/1241 906/1254 905/1257 923/1242
f 912/1263 906/1254 924/1241 925/1252
f 911/1261 912/1263 925/1252 926/1250
f 910/1262 911/1261 926/1250 927/1249
f 928/1248 909/1258 910/1262 927/1249
f 929/1247 908/1259 909/1258 928/1248
f 930/1246 907/1260 908/1259 929/1247
f 905/1257 907/1256 930/1243 923/1242
f 932/1264 915/1279 914/1282 931/1265
f 915/1279 932/1264 933/1278 921/1283
f 920/1284 921/1283 933/1278 934/1276
f 919/1288 920/1284 934/1276 935/1274
f 919/1288 935/1274 936/1272 918/1287
f 917/1285 918/1287 936/1272 937/1268
f 916/1286 917/1285 937/1268 938/1271
f 931/1265 914/1282 916/1281 938/1267
f 781/1289 947/1290 946/1291 784/1292
f 952/1293 786/1294 784/1292 946/1291
f 836/1295 786/1294 952/1293 951/1296
f 950/1297 824/1298 836/1299 951/1300
f 823/1301 824/1298 950/1297 949/1302
f 822/1303 823/1301 949/1302 948/1304
f 947/1290 781/1289 822/1303 948/1304
f 947/1290 940/1305 939/1306 946/1291
f 945/1307 940/1305 947/1290 948/1304
f 949/1302 944/1308 945/1307 948/1304
f 950/1297 943/1309 944/1308 949/1302
f 942/1310 943/1309 950/1297 951/1300
f 952/1293 941/1311 942/1312 951/1296
f 939/1306 941/1311 952/1293 946/1291
f 940/1305 945/1307 962/1313 961/1314
f 967/1315 939/1306 940/1305 961/1314
f 941/1311 939/1306 967/1315 966/1316
f 965/1317 942/1312 941/1311 966/1316
f 964/1318 943/1309 942/1310 965/1319
f 944/1308 943/1309 964/1318 963/1320
f 945/1307 944/1308 963/1320 962/1313
f 960/1321 957/1322 956/1323 955/1324
f 953/1325 954/1326 960/1321 955/1324
f 962/1313 954/1326 953/1325 961/1314
f 963/1320 959/1327 954/1326 962/1313
f 964/1318 958/1328 959/1327 963/1320
f 957/1329 958/1328 964/1318 965/1319
f 956/1323 957/1322 965/1317 966/1316
f 967/1315 955/1324 956/1323 966/1316
f 953/1325 955/1324 967/1315 961/1314
f 958/1328 957/1329 960/1321 959/1327
f 954/1326 959/1327 960/1321
f 710/1330 709/1331 969/1332 968/1333
f 969/1332 709/1331 708/1334 970/1335
f 708/1334 706/1336 971/1337 970/1335
f 706/1336 707/1338 972/1339 971/1337
f 973/1340 972/1341 707/1342 713/1343
f 713/1343 711/1344 974/1345 973/1340
f 711/1344 712/1346 975/1347 974/1345
f 712/1346 710/1330 968/1333 975/1347
f 968/1333 969/1332 977/1348 976/1349
f 976/1349 978/1350 975/1347 968/1333
f 974/1345 975/1347 978/1350 979/1351
f 973/1340 974/1345 979/1351 980/1352
f 972/1341 973/1340 980/1352 981/1353
f 971/1337 972/1339 981/1354 982/1355
f 970/1335 971/1337 982/1355 983/1356
f 969/1332 970/1335 983/1356 977/1348
f 987/1357 986/1358 985/1359 984/1360
f 991/1361 990/1362 988/1363 989/1364
f 993/1365 990/1362 991/1361 992/1366
f 995/1367 994/1368 993/1365 992/1366
f 997/1369 994/1368 995/1367 996/1370
f 1163/1371 1164/1372 986/1358 987/1357
f 1003/1373 999/1374 998/1375 1002/1376
f 1005/1377 1001/1378 1000/1379 1004/1380
f 1009/1381 1008/1382 1007/1383 1006/1384
f 1009/1381 1011/1385 1010/1386 1008/1382
f 1177/1387 1178/1388 1010/1386 1011/1385
f 1017/1389 1016/1390 1015/1391 1014/1392
f 1019/1393 1018/1394 1015/1391 1016/1390
f 1019/1393 1013/1395 1012/1396 1018/1394
f 1017/1389 1014/1392 1021/1397 1020/1398
f 1006/1384 1007/1383 1179/1399 1180/1400
f 1025/1401 1024/1402 1181/1403 1182/1404
f 1024/1402 1006/1384 1180/1400 1181/1403
f 1022/1405 1023/1406 1027/1407 1026/1408
f 1014/1392 1027/1407 1023/1406 1021/1397
f 998/1375 999/1374 1024/1402 1025/1401
f 1004/1380 1029/1409 1028/1410 1005/1377
f 1031/1411 1030/1412 989/1364 988/1363
f 1004/1380 989/1364 1030/1412 1029/1409
f 1033/1413 1032/1414 1030/1412 1031/1411
f 1028/1410 1029/1409 1035/1415 1034/1416
f 1032/1414 1035/1415 1029/1409 1030/1412
f 985/1359 1032/1414 1033/1413 984/1360
f 1034/1416 1035/1415 1003/1373 1002/1376
f 985/1359 1003/1373 1035/1415 1032/1414
f 1003/1373 985/1359 1037/1417 1036/1418
f 1036/1418 1038/1419 999/1374 1003/1373
f 1038/1419 1039/1420 1024/1402 999/1374
f 1006/1384 1024/1402 1039/1420 1040/1421
f 1009/1381 1006/1384 1040/1421 1041/1422
f 1011/1385 1009/1381 1041/1422 1042/1423
f 1042/1423 1176/1424 1177/1387 1011/1385
f 1037/1417 985/1359 986/1358 1044/1425
f 1164/1372 1165/1426 1044/1425 986/1358
f 995/1367 1046/1427 1045/1428 996/1370
f 1046/1427 995/1367 992/1366 1047/1429
f 1036/1418 1048/1430 1039/1420 1038/1419
f 1040/1421 1039/1420 1048/1430 1050/1431
f 1044/1425 1051/1432 1036/1418 1037/1417
f 1048/1430 1036/1418 1051/1432 1052/1433
f 1049/1434 1050/1431 1048/1430 1053/1435
f 1054/1436 1053/1435 1048/1430 1052/1433
f 1165/1426 1166/1437 1051/1432 1044/1425
f 1171/1438 1172/1439 1058/1440 1057/1441
f 1172/1439 1173/1442 1060/1443 1058/1440
f 1168/1444 1169/1445 1064/1446 1063/1447
f 1170/1448 1171/1449 1057/1450 1067/1451
f 1064/1452 979/1351 978/1350 1063/1453
f 1067/1451 1064/1446 1169/1445 1170/1448
f 1064/1452 1067/1454 980/1352 979/1351
f 1067/1454 1057/1455 981/1353 980/1352
f 1057/1456 1058/1457 982/1355 981/1354
f 1058/1457 1060/1458 983/1356 982/1355
f 983/1356 1060/1458 1054/1459 977/1348
f 977/1348 1054/1459 1068/1460 976/1349
f 1063/1453 978/1350 976/1349 1068/1460
f 1052/1433 1051/1432 1068/1461 1054/1436
f 1053/1435 1054/1436 1060/1443 1049/1434
f 1173/1442 1174/1462 1049/1434 1060/1443
f 1167/1463 1168/1444 1063/1447 1068/1461
f 1166/1437 1167/1463 1068/1461 1051/1432
f 1045/1428 1046/1427 1071/1464 1055/1465
f 1070/1466 1055/1465 1071/1464 1072/1467
f 1074/1468 1072/1467 1071/1464 1073/1469
f 1076/1470 1074/1468 1073/1469 1075/1471
f 1078/1472 1076/1470 1075/1471 1077/1473
f 1073/1469 1071/1464 1046/1427 1047/1429
f 1047/1429 1079/1474 1075/1471 1073/1469
f 1047/1429 992/1366 991/1361 1079/1474
f 1077/1473 1075/1471 1079/1474 1080/1475
f 989/1364 1080/1475 1079/1474 991/1361
f 989/1364 1004/1380 1081/1476 1080/1475
f 1082/1477 1081/1476 1004/1380 1000/1379
f 1001/1478 1026/1408 1027/1407 1000/1479
f 1083/1480 1082/1481 1000/1479 1027/1407
f 1027/1407 1014/1392 1084/1482 1083/1480
f 1014/1392 1015/1391 1085/1483 1084/1482
f 1086/1484 1085/1483 1015/1391 1018/1394
f 1018/1394 1012/1396 1087/1485 1086/1484
f 1080/1475 1081/1476 1088/1486 1077/1473
f 1081/1476 1082/1477 1089/1487 1088/1486
f 1082/1481 1083/1480 1090/1488 1089/1489
f 1083/1480 1084/1482 1091/1490 1090/1488
f 1092/1491 1091/1490 1084/1482 1085/1483
f 1085/1483 1086/1484 1093/1492 1092/1491
f 1077/1473 1088/1486 1094/1493 1078/1472
f 1095/1494 1094/1493 1088/1486 1089/1487
f 1089/1489 1090/1488 1096/1495 1095/1496
f 1090/1488 1091/1490 1097/1497 1096/1495
f 1091/1490 1092/1491 1098/1498 1097/1497
f 1092/1491 1093/1492 1099/1499 1098/1498
f 1101/1500 1099/1499 1093/1492 1100/1501
f 1100/1501 1093/1492 1086/1484 1087/1485
f 1012/1396 1043/1502 1102/1503 1087/1485
f 1087/1485 1102/1503 1103/1504 1100/1501
f 1104/1505 1101/1500 1100/1501 1103/1504
f 1041/1422 1040/1421 1050/1431 1105/1506
f 1042/1423 1041/1422 1105/1506 1106/1507
f 1042/1423 1106/1507 1175/1508 1176/1424
f 1043/1502 1107/1509 1103/1504 1102/1503
f 1103/1504 1107/1509 1069/1510 1104/1505
f 1050/1431 1049/1434 1106/1507 1105/1506
f 1174/1462 1175/1508 1106/1507 1049/1434
f 1104/1505 1069/1510 1061/1511 1108/1512
f 1059/1513 1109/1514 1108/1512 1061/1511
f 1056/1515 1110/1516 1109/1514 1059/1513
f 1108/1512 1111/1517 1101/1500 1104/1505
f 1111/1517 1112/1518 1099/1499 1101/1500
f 1098/1498 1099/1499 1112/1518 1113/1519
f 1096/1495 1097/1497 1115/1520 1114/1521
f 1113/1519 1115/1520 1097/1497 1098/1498
f 1114/1521 1116/1522 1095/1496 1096/1495
f 1117/1523 1062/1524 1070/1466 1072/1467
f 1118/1525 1117/1523 1072/1467 1074/1468
f 1074/1468 1076/1470 1119/1526 1118/1525
f 1120/1527 1119/1526 1076/1470 1078/1472
f 1078/1472 1094/1493 1121/1528 1120/1527
f 1094/1493 1095/1494 1116/1529 1121/1528
f 1122/1530 1110/1531 1056/1532 1066/1533
f 1066/1533 1065/1534 1123/1535 1122/1530
f 1062/1524 1117/1523 1123/1535 1065/1534
f 1115/1520 1124/1536 1116/1522 1114/1521
f 1111/1517 1125/1537 1113/1519 1112/1518
f 1126/1538 1119/1526 1120/1527 1121/1528
f 1109/1514 1125/1537 1111/1517 1108/1512
f 1125/1537 1124/1536 1115/1520 1113/1519
f 1124/1539 1126/1538 1121/1528 1116/1529
f 1118/1525 1119/1526 1126/1538 1127/1540
f 1127/1540 1123/1535 1117/1523 1118/1525
f 1110/1531 1122/1530 1129/1541 1128/1542
f 1127/1540 1129/1541 1122/1530 1123/1535
f 1110/1516 1128/1543 1125/1537 1109/1514
f 1125/1544 1128/1542 1129/1541 1130/1545
f 1127/1540 1126/1538 1130/1545 1129/1541
f 1130/1545 1126/1538 1124/1539 1125/1544
f 557/838 601/837 671/915 568/1546
f 570/773 684/911 592/828 555/47
f 569/774 675/820 602/819 558/775
f 555/47 611/829 612/834 560/776
f 558/775 602/819 639/872 564/777
f 566/1547 645/914 644/878 565/881
f 568/1546 671/915 600/916 556/1548
f 559/154 603/913 675/820 569/774
f 556/1548 600/916 684/911 570/773
f 573/144 686/921 595/1549 571/780
f 1280/782 1292/936 1291/935 1279/783
f 1244/182 1293/938 1306/954 1275/219
f 1281/1550 1330/1551 1313/964 1314/963
f 564/786 1288/932 1292/936 1280/782
f 1279/783 1291/935 1294/939 1243/181
f 406/589 409/588 1134/602 1159/1552
f 424/605 1155/1553 447/1554 420/606
f 430/615 429/614 1131/1555 432/616
f 984/1360 1187/1556 1163/1371 987/1357
f 998/1375 1025/1401 1183/1557 1002/1558
f 1149/621 1150/1559 1132/1560 435/618
f 441/626 1133/1561 439/622 438/625
f 435/618 1132/1560 1133/1561 441/626
f 1132/1560 1150/1559 1151/630 442/628
f 1133/1561 1132/1560 442/628 439/622
f 1135/603 1134/602 409/588 408/591
f 1136/658 1135/603 408/591 466/657
f 1137/670 1136/658 466/657 473/664
f 1138/699 1137/670 473/664 490/694
f 1139/679 1138/699 490/694 485/1562
f 1140/680 1139/679 485/1562 486/1563
f 489/1564 1141/685 1140/680 486/1563
f 1142/673 1141/682 489/1565 479/1566
f 1143/674 1142/673 479/1566 480/1567
f 1144/676 1143/674 480/1567 482/695
f 1145/697 1144/676 482/695 471/666
f 1146/741 1145/697 471/666 528/740
f 464/654 1147/655 1146/741 528/740
f 464/654 433/617 1148/620 1147/655
f 1149/621 1148/620 433/617 432/616
f 432/616 1131/1555 1150/1559 1149/621
f 1151/630 1150/1559 1131/1555 429/614
f 428/613 1152/631 1151/630 429/614
f 446/639 1153/632 1152/631 428/613
f 447/638 1154/633 1153/632 446/639
f 1156/1568 1157/1569 444/634 1154/633
f 1155/1570 1156/1568 1154/633 447/638
f 1157/1569 1158/1571 448/636 444/634
f 427/608 423/611 448/1572 1158/1573
f 456/646 1156/1574 1155/1553 424/605
f 450/640 1157/1575 1156/1574 456/646
f 427/608 1158/1573 1157/1575 450/640
f 406/589 1159/1552 1160/1576 455/644
f 455/644 1160/1576 1161/1577 453/642
f 453/642 1161/1577 1162/1578 410/594
f 410/594 1162/1578 415/596 412/595
f 1160/1576 1159/1552 1134/602 419/600
f 1161/1577 1160/1576 419/600 416/599
f 1162/1578 1161/1577 416/599 415/596
f 996/1370 1164/1372 1163/1371 997/1369
f 996/1370 1045/1428 1165/1426 1164/1372
f 1055/1465 1166/1437 1165/1426 1045/1428
f 1070/1466 1167/1463 1166/1437 1055/1465
f 1062/1524 1168/1444 1167/1463 1070/1466
f 1065/1534 1169/1445 1168/1444 1062/1524
f 1170/1448 1169/1445 1065/1534 1066/1533
f 1056/1532 1171/1449 1170/1448 1066/1533
f 1059/1513 1172/1439 1171/1438 1056/1515
f 1061/1511 1173/1442 1172/1439 1059/1513
f 1069/1510 1174/1462 1173/1442 1061/1511
f 1107/1509 1175/1508 1174/1462 1069/1510
f 1176/1424 1175/1508 1107/1509 1043/1502
f 1177/1387 1176/1424 1043/1502 1012/1396
f 1013/1395 1178/1388 1177/1387 1012/1396
f 1180/1400 1179/1399 1020/1398 1021/1397
f 1181/1403 1180/1400 1021/1397 1023/1406
f 1182/1404 1181/1403 1023/1406 1022/1405
f 1002/1376 1183/1579 1184/1580 1034/1416
f 1034/1416 1184/1580 1185/1581 1028/1410
f 1028/1410 1185/1581 1186/1582 1005/1377
f 1005/1583 1186/1584 1026/1408 1001/1478
f 1184/1585 1183/1557 1025/1401 1182/1404
f 1185/1586 1184/1585 1182/1404 1022/1405
f 1186/1584 1185/1586 1022/1405 1026/1408
f 1187/1556 1188/1587 997/1369 1163/1371
f 994/1368 1189/1588 1190/1589 993/1365
f 997/1369 1188/1587 1189/1588 994/1368
f 993/1365 1190/1589 988/1363 990/1362
f 984/1360 1033/1413 1188/1587 1187/1556
f 1189/1588 1188/1587 1033/1413 1031/1411
f 1190/1589 1189/1588 1031/1411 988/1363
f 108/1590 3/1591 1201/1592 1202/1593
f 8/1594 4/1595 1203/1596 1204/1597
f 553/1598 8/1594 1204/1597 1205/1599
f 4/1595 108/1590 1202/1593 1203/1596
f 3/1591 572/1600 1210/1601 1201/1592
f 584/1602 588/1603 1206/1604 1207/1605
f 588/1603 553/1606 1205/1607 1206/1604
f 583/1608 687/1609 1208/1610 1209/1611
f 572/1600 583/1608 1209/1611 1210/1601
f 687/1609 584/1602 1207/1605 1208/1610
f 1202/1593 1201/1592 1191/1612 1192/1613
f 1203/1596 1202/1593 1192/1613 1193/1614
f 1204/1597 1203/1596 1193/1614 1194/1615
f 1205/1599 1204/1597 1194/1615 1195/1616
f 1206/1604 1205/1607 1195/1617 1198/1618
f 1207/1605 1206/1604 1198/1618 1197/1619
f 1208/1610 1207/1605 1197/1619 1200/1620
f 1209/1611 1208/1610 1200/1620 1199/1621
f 1210/1601 1209/1611 1199/1621 1196/1622
f 1201/1592 1210/1601 1196/1622 1191/1612
f 1194/1615 1214/1623 1198/1624 1195/1616
f 1199/1621 1211/1625 1191/1612 1196/1622
f 1192/1613 1191/1612 1211/1625 1212/1626
f 1192/1613 1212/1626 1213/1627 1193/1614
f 1193/1614 1213/1627 1214/1623 1194/1615
f 1212/1628 1211/1625 1199/1621 1200/1620
f 1213/1629 1212/1628 1200/1620 1197/1619
f 1214/1630 1213/1629 1197/1619 1198/1618
f 10/16 1218/1631 13/19 11/18
f 593/804 1215/1632 590/798 591/802
f 1218/1631 1219/1633 5/6 13/19
f 1219/1633 1220/1634 1/1 5/6
f 2/2 1/1 1220/1634 17/25
f 1215/1632 1216/1635 589/799 590/798
f 1216/1635 1217/1636 597/810 589/799
f 582/790 597/810 1217/1636 581/787
f 585/791 1216/1635 1215/1632 593/804
f 581/787 1217/1636 1216/1635 585/791
f 9/15 1219/1633 1218/1631 10/16
f 17/25 1220/1634 1219/1633 9/15
f 63/94 61/93 1349/1637 1350/1638
f 119/1639 120/1640 1224/158 1223/157
f 61/93 60/92 1348/1641 1349/1637
f 121/1642 119/1639 1223/157 1226/160
f 122/1643 276/1644 1227/161 1230/164
f 120/1640 125/1645 1235/173 1224/158
f 125/1645 126/1646 1237/175 1235/173
f 126/1646 124/1647 1239/177 1237/175
f 127/1648 128/1649 1248/188 1249/189
f 129/1650 127/1648 1249/189 1250/190
f 130/1651 129/1650 1250/190 1251/191
f 131/221 130/1651 1251/191 1252/192
f 128/1649 134/1652 1254/194 1248/188
f 566/778 66/135 1352/1653 1353/1654
f 97/97 63/94 1350/1638 1351/1655
f 66/135 97/97 1351/1655 1352/1653
f 135/222 131/221 1252/192 1276/220
f 276/1644 121/1642 1226/160 1227/161
f 124/1647 123/1656 1278/430 1239/177
f 123/1656 122/1643 1230/164 1278/430
f 134/1652 132/195 1282/785 1254/194
f 132/195 579/198 1281/784 1282/785
f 60/92 564/777 1225/1657 1348/1641
f 699/1658 698/1659 1285/929 1283/928
f 640/871 642/874 1356/1660 1357/1661
f 698/1659 700/1662 1287/931 1285/929
f 639/872 640/871 1357/1661 1358/1663
f 854/1664 701/1665 1289/934 1290/933
f 704/1666 699/1658 1283/928 1297/945
f 705/1667 704/1666 1297/945 1300/948
f 703/1668 705/1667 1300/948 1301/949
f 707/1669 706/1670 1308/959 1309/958
f 706/1670 708/1671 1310/960 1308/959
f 708/1671 709/1672 1311/961 1310/960
f 709/1672 710/989 1312/962 1311/961
f 713/1673 707/1669 1309/958 1313/964
f 645/914 566/1547 1353/1674 1354/1675
f 642/874 676/876 1355/1676 1356/1660
f 676/876 645/914 1354/1675 1355/1676
f 710/989 135/990 1276/220 1312/962
f 700/1662 854/1664 1290/933 1287/931
f 702/1677 703/1668 1301/949 1329/1198
f 701/1665 702/1677 1329/1198 1289/934
f 579/966 711/965 1330/1551 1281/1550
f 711/965 713/1673 1313/964 1330/1551
f 564/777 639/872 1358/1663 1288/1678
f 1260/205 1253/193 1331/1679 1262/206
f 1262/976 1331/1680 1314/963 1321/977
f 1253/193 1281/784 1314/1681 1331/1679
f 1008/1382 1010/1386 1332/1682 1007/1383
f 1179/1399 1333/1683 1334/1684 1020/1398
f 1007/1383 1332/1682 1333/1683 1179/1399
f 1017/1389 1335/1685 1019/1393 1016/1390
f 1020/1398 1334/1684 1335/1685 1017/1389
f 1333/1683 1332/1682 1010/1386 1178/1388
f 1334/1684 1333/1683 1178/1388 1013/1395
f 1335/1685 1334/1684 1013/1395 1019/1393
f 1349/1637 1348/1641 1225/1657 1221/1686
f 1350/1638 1349/1637 1221/1686 1222/1687
f 1351/1655 1350/1638 1222/1687 1274/1688
f 1352/1653 1351/1655 1274/1688 1272/1689
f 1353/1654 1352/1653 1272/1689 1273/1690
f 1354/1675 1353/1674 1273/1691 1326/1692
f 1355/1676 1354/1675 1326/1692 1327/1693
f 1356/1660 1355/1676 1327/1693 1284/1694
f 1357/1661 1356/1660 1284/1694 1286/1695
f 1358/1663 1357/1661 1286/1695 1288/1678
