# This file uses centimeters as units for non-parametric coordinates.

v -66.809942 -1.700752 15.179111
v -51.958964 -2.775667 23.856351
v -37.107972 -1.922897 32.533595
v -22.256989 -2.125300 41.210837
v -7.406003 -2.501273 49.888079
v 7.444982 -2.414325 58.565330
v 22.295974 -2.270141 67.242558
v 37.146966 -2.265196 75.919800
v 51.997958 -2.265196 84.597046
v 66.848946 -2.265196 93.274292
v 81.699911 -2.265196 101.951539
v -58.132700 -1.775461 0.328127
v -43.281717 -2.458998 9.005368
v -28.430730 -2.689492 17.682607
v -13.579747 -2.098522 26.359849
v 1.271245 -1.933148 35.037096
v 16.122231 -2.068732 43.714337
v 30.973230 -2.216449 52.391579
v 45.824204 -2.268754 61.068826
v 60.675191 -2.265196 69.746054
v 75.526165 -2.265196 78.423309
v 90.377157 -2.265196 87.100556
v -49.455468 -2.453029 -14.522857
v -34.604485 -1.585027 -5.845610
v -19.753492 -2.085798 2.831638
v -4.902507 -2.504487 11.508877
v 9.948485 -2.610090 20.186110
v 24.799477 -2.547657 28.863343
v 39.650453 -2.432993 37.540596
v 54.501436 -2.321728 46.217833
v 69.352429 -2.265196 54.895084
v 84.203421 -2.265196 63.572317
v 99.054413 -2.265196 72.249573
v -40.778221 -2.989744 -29.373842
v -25.927238 -2.944758 -20.696601
v -11.076244 -2.629930 -12.019361
v 3.774740 -2.401528 -3.342114
v 18.625734 -2.273380 5.335127
v 33.476708 -2.216701 14.012367
v 48.327686 -2.207573 22.689604
v 63.178678 -2.230130 31.366846
v 78.029684 -2.265196 40.044097
v 92.880676 -2.265196 48.721330
v 107.731659 -2.265196 57.398571
v -32.100975 -1.656257 -44.224826
v -17.249987 -1.648944 -35.547584
v -2.399004 -1.705513 -26.870346
v 12.451988 -1.784970 -18.193106
v 27.302971 -1.874868 -9.515859
v 42.153949 -1.970355 -0.838612
v 57.004942 -2.069112 7.838629
v 71.855929 -2.169991 16.515856
v 86.706921 -2.265196 25.193102
v 101.557904 -2.265196 33.870351
v 116.408897 -2.265196 42.547579
v -23.423733 -1.530287 -59.075809
v -8.572748 -1.584119 -50.398576
v 6.278235 -1.667079 -41.721329
v 21.129227 -1.760633 -33.044074
v 35.980199 -1.859145 -24.366844
v 50.831196 -1.960355 -15.689603
v 65.682183 -2.063192 -7.012363
v 80.533157 -2.167071 1.664884
v 95.384141 -2.265196 10.342132
v 110.235124 -2.265196 19.019359
v 125.086143 -2.265196 27.696603
v -14.746491 -3.115377 -73.926801
v 0.104499 -2.781568 -65.249568
v 14.955484 -2.454010 -56.572322
v 29.806467 -2.267828 -47.895084
v 44.657455 -2.182193 -39.217833
v 59.508460 -2.159188 -30.540587
v 74.359421 -2.175371 -21.863347
v 89.210413 -2.216818 -13.186107
v 104.061423 -2.265196 -4.508867
v 118.912406 -2.265196 4.168380
v 133.763389 -2.265196 12.845620
v -6.069268 -1.936921 -88.777788
v 8.781725 -1.702906 -80.100542
v 23.632721 -2.359419 -71.423305
v 38.483713 -2.656585 -62.746049
v 53.334715 -2.655843 -54.068812
v 68.185684 -2.543829 -45.391570
v 83.036694 -2.417889 -36.714333
v 97.887650 -2.314777 -28.037077
v 112.738651 -2.265196 -19.359838
v 127.589634 -2.265196 -10.682604
v 142.440618 -2.265196 -2.005358
v 2.607994 -1.584714 -103.628790
v 17.458980 -2.780936 -94.951525
v 32.309972 -2.456937 -86.274279
v 47.160942 -1.918670 -77.597050
v 62.011947 -1.932951 -68.919813
v 76.862912 -2.131471 -60.242562
v 91.713913 -2.263159 -51.565316
v 106.564888 -2.280576 -42.888060
v 121.415880 -2.265196 -34.210828
v 136.266845 -2.265196 -25.533590
v 151.117846 -2.265196 -16.856342
v 11.285234 -1.838103 -118.479773
v 26.136235 -2.645230 -109.802535
v 40.987218 -1.812171 -101.125298
v 55.838197 -2.337070 -92.448034
v 70.689176 -2.548633 -83.770805
v 85.540177 -2.354444 -75.093554
v 100.391160 -2.231541 -66.416303
v 115.242143 -2.265196 -57.739066
v 130.093144 -2.265196 -49.061820
v 144.944127 -2.265196 -40.384589
v 159.795128 -2.265196 -31.707341
v 19.962474 -2.106313 -133.330756
v 34.813464 -2.207517 -124.653491
v 49.664456 -2.208278 -115.976254
v 64.515448 -2.518683 -107.298999
v 79.366431 -2.120852 -98.621788
v 94.217423 -2.164212 -89.944542
v 109.068388 -2.272963 -81.267287
v 123.919380 -2.265196 -72.590049
v 138.770336 -2.265196 -63.912803
v 153.621355 -2.265196 -55.235557
v 168.472339 -2.265196 -46.558319
v -55.045832 -2.065965 12.092243
v -59.384451 -2.215272 19.517732
v -47.620336 -1.791650 16.430855
v -50.707213 -2.753667 4.666755
v -62.471328 -2.840142 7.753623
v -40.194845 -2.692535 20.769476
v -44.533477 -2.149219 28.194972
v -32.769353 -2.283036 25.108097
v -35.856226 -1.717653 13.343989
v -25.343857 -1.920161 29.446724
v -29.682485 -2.648794 36.872200
v -17.918361 -2.662279 33.785345
v -21.005234 -2.158354 22.021228
v -10.492872 -2.000354 38.123955
v -14.831493 -2.151526 45.549460
v -3.067376 -2.349260 42.462583
v -6.154251 -2.574558 30.698468
v 4.358113 -2.323139 46.801215
v 0.019493 -2.037745 54.226697
v 11.783608 -2.134189 51.139824
v 8.696741 -2.544897 39.375705
v 19.209097 -2.406405 55.478443
v 14.870469 -2.202652 62.903944
v 26.634593 -2.155593 59.817075
v 23.547725 -2.378774 48.052947
v 34.060084 -2.324138 64.155685
v 29.721461 -2.276343 71.581186
v 41.485571 -2.257675 68.494299
v 38.398708 -2.274594 56.730193
v 48.911081 -2.265196 72.832922
v 44.572462 -2.265196 80.258432
v 56.336586 -2.265196 77.171564
v 53.249700 -2.265196 65.407440
v 63.762051 -2.265196 81.510178
v 59.423445 -2.265196 88.935678
v 71.187560 -2.265196 85.848810
v 68.100674 -2.265196 74.084695
v 78.613043 -2.265196 90.187406
v 74.274420 -2.265196 97.612907
v 86.038543 -2.265196 94.526038
v 82.951657 -2.265196 82.761923
v -46.368586 -1.584800 -2.758741
v -38.943103 -2.574564 1.579879
v -42.029967 -2.783458 -10.184230
v -53.794082 -2.513119 -7.097354
v -31.517607 -2.466010 5.918498
v -24.092111 -1.784798 10.257126
v -27.178989 -2.743183 -1.506990
v -16.666615 -2.775624 14.595746
v -9.241128 -1.869979 18.934358
v -12.327996 -2.191586 7.170250
v -1.815632 -2.498414 23.272979
v 5.609864 -2.181273 27.611606
v 2.522996 -1.942203 15.847489
v 13.035353 -2.238510 31.950218
v 20.460849 -2.358297 36.288846
v 17.373979 -1.939411 24.524731
v 27.886348 -2.145293 40.627469
v 35.311835 -2.380596 44.966088
v 32.224966 -2.038125 33.201973
v 42.737317 -2.176825 49.304706
v 50.162831 -2.311752 53.643334
v 47.075945 -2.155299 41.879219
v 57.588296 -2.265196 57.981948
v 65.013823 -2.265196 62.320571
v 61.926933 -2.255681 50.556457
v 72.439306 -2.265196 66.659195
v 79.864807 -2.265196 70.997827
v 76.777911 -2.265196 59.233699
v 87.290298 -2.265196 75.336432
v 94.715790 -2.265196 79.675055
v 91.628903 -2.265196 67.910945
v -37.691344 -2.440177 -17.609725
v -30.265857 -2.534093 -13.271106
v -33.352725 -1.471375 -25.035222
v -45.116849 -1.572064 -21.948345
v -22.840361 -1.756357 -8.932471
v -15.414869 -2.851547 -4.593866
v -18.501742 -1.746990 -16.357974
v -7.989382 -1.698501 -0.255245
v -0.563879 -2.764072 4.083375
v -3.650748 -2.028616 -7.680734
v 6.861610 -1.852169 8.422001
v 14.287097 -2.591097 12.760623
v 11.200235 -2.203701 0.996521
v 21.712593 -2.019218 17.099235
v 29.138089 -2.442214 21.437847
v 26.051221 -2.292582 9.673746
v 36.563576 -2.144986 25.776475
v 43.989081 -2.340598 30.115100
v 40.902204 -2.323046 18.350979
v 51.414577 -2.223394 34.453714
v 58.840069 -2.283533 38.792337
v 55.753214 -2.314764 27.028218
v 66.265569 -2.261288 43.130961
v 73.691052 -2.265196 47.469579
v 70.604192 -2.280429 35.705465
v 81.116561 -2.265196 51.808202
v 88.542044 -2.265196 56.146821
v 85.455185 -2.265196 44.382702
v 95.967554 -2.265196 60.485449
v 103.393018 -2.265196 64.824063
v 100.306159 -2.265196 53.059944
v -29.014111 -2.172323 -32.460711
v -21.588606 -2.192647 -28.122097
v -24.675483 -2.891122 -39.886207
v -36.439612 -2.611673 -36.799339
v -14.163119 -2.440680 -23.783477
v -6.737623 -2.029083 -19.444857
v -9.824500 -2.857412 -31.208958
v 0.687871 -2.533130 -15.106229
v 8.113360 -1.985477 -10.767610
v 5.026485 -2.786948 -22.531725
v 15.538863 -2.542455 -6.428982
v 22.964352 -2.000783 -2.090370
v 19.877475 -2.701381 -13.854464
v 30.389848 -2.509039 2.248258
v 37.815340 -2.047794 6.586876
v 34.728453 -2.608293 -5.177238
v 45.240827 -2.451636 10.925498
v 52.666327 -2.113282 15.264108
v 49.579427 -2.510972 3.500002
v 60.091814 -2.379750 19.602731
v 67.517315 -2.190267 23.941352
v 64.430429 -2.411031 12.177242
v 74.942789 -2.298636 28.279964
v 82.368307 -2.265196 32.618596
v 79.281430 -2.309403 20.854481
v 89.793781 -2.265196 36.957210
v 97.219299 -2.265196 41.295834
v 94.132413 -2.265196 29.531721
v 104.644773 -2.265196 45.634457
v 112.070282 -2.265196 49.973084
v 108.983378 -2.265196 38.208965
v -20.336856 -3.062152 -47.311707
v -12.911378 -1.521483 -42.973080
v -15.998242 -2.979260 -54.737204
v -27.762361 -1.415211 -51.650322
v -5.485879 -2.955574 -38.634454
v 1.939616 -1.628240 -34.295842
v -1.147254 -2.906741 -46.059953
v 9.365119 -2.848701 -29.957215
v 16.790606 -1.735186 -25.618594
v 13.703731 -2.817389 -37.382711
v 24.216103 -2.741686 -21.279966
v 31.641599 -1.842244 -16.941354
v 28.554726 -2.720939 -28.705462
v 39.067081 -2.634599 -12.602734
v 46.492577 -1.949350 -8.264107
v 43.405686 -2.620893 -20.028223
v 53.918082 -2.527468 -3.925487
v 61.343560 -2.056487 0.413141
v 58.256683 -2.518775 -11.350976
v 68.769061 -2.420313 4.751754
v 76.194552 -2.163672 9.090374
v 73.107675 -2.415368 -2.673743
v 83.620035 -2.313133 13.428994
v 91.045563 -2.265196 17.767613
v 87.958667 -2.311096 6.003504
v 98.471027 -2.265196 22.106234
v 105.896528 -2.265196 26.444855
v 102.809641 -2.265196 14.680745
v 113.322028 -2.265196 30.783471
v 120.747529 -2.265196 35.122088
v 117.660624 -2.265196 23.357978
v -11.659616 -2.438244 -62.162686
v -4.234120 -1.984729 -57.824067
v -7.320991 -1.549611 -69.588187
v -19.085105 -2.282085 -66.501314
v 3.191368 -2.602723 -53.485453
v 10.616863 -1.902229 -49.146826
v 7.529988 -1.931087 -60.910954
v 18.042352 -2.632991 -44.808198
v 25.467848 -1.906542 -40.469586
v 22.380980 -2.184991 -52.233703
v 32.893349 -2.604943 -36.130961
v 40.318822 -1.951405 -31.792340
v 37.231972 -2.315194 -43.556457
v 47.744341 -2.547823 -27.453725
v 55.169824 -2.017666 -23.115098
v 52.082951 -2.365787 -34.879215
v 62.595302 -2.474580 -18.776479
v 70.020816 -2.096332 -14.437859
v 66.933938 -2.366977 -26.201975
v 77.446280 -2.391633 -10.099239
v 84.871790 -2.182696 -5.760604
v 81.784948 -2.336837 -17.524734
v 92.297272 -2.302501 -1.421991
v 99.722782 -2.265196 2.916629
v 96.635913 -2.286152 -8.847488
v 107.148273 -2.265196 7.255249
v 114.573774 -2.265196 11.593876
v 111.486924 -2.265196 -0.170247
v 121.999284 -2.265196 15.932482
v 129.424748 -2.265196 20.271107
v 126.337889 -2.265196 8.506993
v -2.982370 -2.024887 -77.013674
v 4.443110 -2.820260 -72.675050
v 1.356236 -2.991351 -84.439147
v -10.407873 -1.933123 -81.352292
v 11.868607 -1.613768 -68.336427
v 19.294103 -2.888404 -63.997813
v 16.207221 -2.478783 -75.761919
v 26.719594 -1.726604 -59.659190
v 34.145117 -2.701768 -55.320558
v 31.058217 -1.971422 -67.084672
v 41.570591 -1.928314 -50.981944
v 48.996087 -2.513603 -46.643329
v 45.909196 -1.850617 -58.407435
v 56.421569 -2.090841 -42.304704
v 63.847052 -2.380308 -37.966083
v 60.760188 -1.924664 -49.730184
v 71.272525 -2.195395 -33.627455
v 78.698053 -2.302219 -29.288837
v 75.611167 -2.051020 -41.052945
v 86.123517 -2.249933 -24.950216
v 93.549054 -2.268282 -20.611596
v 90.462150 -2.167887 -32.375705
v 100.974528 -2.266030 -16.272976
v 108.400019 -2.265196 -11.934349
v 105.313133 -2.255105 -23.698464
v 115.825502 -2.265196 -7.595736
v 123.251020 -2.265196 -3.257109
v 120.164116 -2.265196 -15.021225
v 130.676539 -2.265196 1.081511
v 138.102003 -2.265196 5.420131
v 135.015153 -2.265196 -6.343985
v 5.694870 -1.744339 -91.864666
v 13.120359 -2.185678 -87.526024
v 10.033488 -2.366266 -99.290157
v -1.730633 -2.910465 -96.203289
v 20.545855 -2.749944 -83.187401
v 27.971349 -1.698354 -78.848792
v 24.884467 -1.734812 -90.612911
v 35.396845 -2.710221 -74.510173
v 42.822337 -2.011936 -70.171559
v 39.735459 -2.417190 -81.935656
v 50.247824 -2.338531 -65.832927
v 57.673329 -2.325414 -61.494308
v 54.586456 -2.653776 -73.258423
v 65.098798 -2.124324 -57.155698
v 72.524289 -2.440306 -52.817066
v 69.437430 -2.499199 -64.581185
v 79.949799 -2.091522 -48.478448
v 87.375299 -2.412552 -44.139829
v 84.288422 -2.318654 -55.903935
v 94.800791 -2.159844 -39.801206
v 102.226273 -2.319992 -35.462573
v 99.139396 -2.245436 -47.226702
v 109.651765 -2.264233 -31.123959
v 117.077266 -2.265196 -26.785332
v 113.990397 -2.265196 -38.549455
v 124.502766 -2.265196 -22.446721
v 131.928240 -2.265196 -18.108093
v 128.841398 -2.265196 -29.872209
v 139.353776 -2.265196 -13.769465
v 146.779250 -2.265196 -9.430846
v 143.692363 -2.265196 -21.194976
v 14.372112 -2.502800 -106.715658
v 21.797608 -1.702243 -102.377044
v 18.710730 -1.842753 -114.141140
v 6.946622 -2.841216 -111.054281
v 29.223117 -2.420583 -98.038393
v 36.648591 -2.568847 -93.699779
v 33.561713 -2.479801 -105.463912
v 44.074087 -1.814901 -89.361165
v 51.499569 -2.596122 -85.022551
v 48.412706 -2.511732 -96.786657
v 58.925083 -2.148538 -80.683914
v 66.350552 -2.198407 -76.345305
v 63.263675 -2.002746 -88.109419
v 73.776044 -2.435330 -72.006681
v 81.201563 -2.069449 -67.668076
v 78.114667 -2.065781 -79.432164
v 88.627054 -2.433128 -63.329444
v 96.052519 -2.150986 -58.990812
v 92.965677 -2.260344 -70.754936
v 103.478010 -2.321918 -54.652198
v 110.903511 -2.255092 -50.313579
v 107.816660 -2.293539 -62.077689
v 118.329020 -2.265196 -45.974951
v 125.754548 -2.265196 -41.636324
v 122.667662 -2.265196 -53.400452
v 133.180031 -2.265196 -37.297712
v 140.605495 -2.265196 -32.959091
v 137.518645 -2.265196 -44.723201
v 148.030996 -2.265196 -28.620463
v 155.456496 -2.265196 -24.281845
v 152.369592 -2.265196 -36.045968
v 23.049358 -2.744079 -121.566632
v 30.474845 -2.124202 -117.228027
v 27.387972 -1.811613 -128.992132
v 15.623862 -2.546743 -125.905255
v 37.900332 -1.870009 -112.889395
v 45.325833 -2.566393 -108.550744
v 42.238937 -2.662254 -120.314886
v 52.751333 -2.358272 -104.212166
v 60.176816 -1.954116 -99.873534
v 57.089938 -1.981072 -111.637631
v 67.602325 -2.525161 -95.534920
v 75.027826 -2.179807 -91.196288
v 71.940930 -2.240203 -102.960384
v 82.453299 -2.201554 -86.857656
v 89.878800 -2.390615 -82.519050
v 86.791904 -2.433870 -94.283156
v 97.304264 -2.154716 -78.180445
v 104.729756 -2.324286 -73.841795
v 101.642906 -2.290349 -85.605910
v 112.155238 -2.255123 -69.503190
v 119.580784 -2.265196 -65.164558
v 116.493907 -2.265196 -76.928659
v 127.006276 -2.265196 -60.825944
v 134.431713 -2.265196 -56.487316
v 131.344890 -2.265196 -68.251426
v 141.857277 -2.265196 -52.148706
v 149.282741 -2.265196 -47.810079
v 146.195891 -2.265196 -59.574189
v 156.708260 -2.265196 -43.471455
v 164.133706 -2.265196 -39.132830
v 161.046838 -2.265196 -50.896947
v -60.927903 -1.805613 13.635695
v -64.640635 -2.141354 11.466370
v -63.097201 -1.857059 17.348421
v -57.215139 -1.704212 15.804991
v -58.758573 -2.532725 9.922934
v -46.076906 -2.744146 22.312914
v -49.789643 -2.399074 20.143603
v -48.246213 -2.582521 26.025656
v -42.364170 -2.680535 24.482233
v -43.907586 -2.238087 18.600166
v -31.225914 -1.903486 30.990163
v -34.938660 -1.854875 28.820845
v -33.395221 -2.337236 34.702902
v -27.513164 -2.335340 33.159472
v -29.056598 -1.855832 27.277415
v -16.374927 -2.073087 39.667407
v -20.087677 -2.492132 37.498091
v -18.544243 -1.925148 43.380148
v -12.662190 -1.937504 41.836714
v -14.205629 -2.414546 35.954648
v -1.523944 -2.433766 48.344649
v -5.236685 -2.533069 46.175328
v -3.693255 -2.209591 52.057390
v 2.188803 -2.123189 50.513961
v 0.645365 -2.548258 44.631894
v 13.327033 -2.436189 57.021891
v 9.614294 -2.290882 54.852575
v 11.157730 -2.382921 60.734637
v 17.039794 -2.309654 59.191202
v 15.496349 -2.384179 53.309136
v 28.178023 -2.311335 65.699137
v 24.465290 -2.202260 63.529812
v 26.008720 -2.323838 69.411878
v 31.890764 -2.306422 67.868431
v 30.347343 -2.263497 61.986373
v 43.029010 -2.265196 74.376365
v 39.316269 -2.265196 72.207067
v 40.859708 -2.265196 78.089107
v 46.741765 -2.265196 76.545673
v 45.198313 -2.265196 70.663624
v 57.880011 -2.265196 83.053612
v 54.167275 -2.265196 80.884305
v 55.710682 -2.265196 86.766362
v 61.592753 -2.265196 85.222919
v 60.049318 -2.265196 79.340862
v 72.731003 -2.265196 91.730858
v 69.018235 -2.265196 89.561551
v 70.561678 -2.265196 95.443608
v 76.443736 -2.265196 93.900165
v 74.900292 -2.265196 88.018108
v -52.250643 -1.611885 -1.215310
v -55.963393 -1.696114 -3.384613
v -54.419955 -2.260429 2.497438
v -48.537893 -2.016844 0.954007
v -50.081341 -1.897566 -4.928051
v -37.399665 -2.509929 7.461937
v -41.112401 -2.886165 5.292627
v -39.568967 -1.883088 11.174686
v -33.686919 -1.885622 9.631246
v -35.230348 -2.886527 3.749196
v -22.548668 -2.740263 16.139171
v -26.261423 -2.229204 13.969868
v -24.717984 -2.685002 19.851919
v -18.835927 -2.592386 18.308480
v -20.379370 -2.385105 12.426436
v -7.697689 -2.282772 24.816411
v -11.410428 -1.835655 22.647106
v -9.866999 -2.584852 28.529159
v -3.984935 -2.658266 26.985720
v -5.528380 -1.959785 21.103672
v 7.153296 -2.033033 33.493657
v 3.440556 -1.976459 31.324345
v 4.983986 -2.253068 37.206403
v 10.866051 -2.435901 35.662968
v 9.322605 -1.927087 29.780895
v 22.004281 -2.043113 42.170899
v 18.291540 -2.195039 40.001583
v 19.834977 -2.118852 45.883640
v 25.717036 -2.265681 44.340197
v 24.173604 -2.057364 38.458157
v 36.855278 -2.153115 50.848136
v 33.142532 -2.301182 48.678833
v 34.685962 -2.159188 54.560886
v 40.568015 -2.222511 53.017443
v 39.024581 -2.187230 47.135390
v 51.706243 -2.255221 59.525378
v 47.993511 -2.290557 57.356075
v 49.536940 -2.261258 63.238133
v 55.419020 -2.265196 61.694694
v 53.875564 -2.258571 55.812637
v 66.557258 -2.265196 68.202629
v 62.844498 -2.265196 66.033322
v 64.387933 -2.265196 71.915370
v 70.269981 -2.265196 70.371936
v 68.726574 -2.265196 64.489892
v 81.408241 -2.265196 76.879875
v 77.695490 -2.265196 74.710568
v 79.238916 -2.265196 80.592634
v 85.120973 -2.265196 79.049182
v 83.577530 -2.265196 73.167134
v -43.573406 -2.357266 -16.066295
v -47.286147 -1.627172 -18.235590
v -45.742713 -2.973076 -12.353540
v -39.860665 -2.971328 -13.896977
v -41.404094 -1.622860 -19.779043
v -28.722423 -1.606756 -7.389055
v -32.435168 -1.910799 -9.558357
v -30.891730 -2.004188 -3.676299
v -25.009677 -2.238344 -5.219738
v -26.553107 -1.710402 -11.101796
v -13.871431 -1.821993 1.288194
v -17.584181 -2.556129 -0.881118
v -16.040747 -1.701317 5.000948
v -10.158687 -1.837986 3.457502
v -11.702130 -2.172660 -2.424556
v 0.979565 -2.151673 9.965432
v -2.733191 -2.733135 7.796129
v -1.189759 -1.901069 13.678180
v 4.692306 -1.816637 12.134750
v 3.148869 -2.437619 6.252693
v 15.830536 -2.343494 18.642672
v 12.117794 -2.661548 16.473362
v 13.661224 -2.138906 22.355420
v 19.543284 -1.935540 20.811983
v 17.999852 -2.519296 14.929933
v 30.681510 -2.403712 27.319904
v 26.968795 -2.525026 25.150602
v 28.512212 -2.278288 31.032661
v 34.394269 -2.071725 29.489223
v 32.850839 -2.495389 23.607165
v 45.532524 -2.378627 35.997162
v 41.819779 -2.399307 33.827846
v 43.363208 -2.318544 39.709903
v 49.245261 -2.181794 38.166451
v 47.701831 -2.418448 32.284403
v 60.383494 -2.305023 44.674399
v 56.670762 -2.307035 42.505083
v 58.214205 -2.288189 48.387141
v 64.096244 -2.255890 46.843711
v 62.552805 -2.317495 40.961654
v 75.234486 -2.265196 53.351646
v 71.521727 -2.265196 51.182334
v 73.065197 -2.265196 57.064391
v 78.947236 -2.265196 55.520948
v 77.403793 -2.265196 49.638895
v 90.085460 -2.265196 62.028883
v 86.372719 -2.265196 59.859571
v 87.916171 -2.265196 65.741638
v 93.798228 -2.265196 64.198208
v 92.254776 -2.265196 58.316142
v -34.896164 -2.735497 -30.917279
v -38.608910 -3.063631 -33.086588
v -37.065471 -2.075111 -27.204531
v -31.183414 -1.697378 -28.747970
v -32.726852 -3.085304 -34.630027
v -20.045176 -2.949519 -22.240039
v -23.757918 -2.613182 -24.409350
v -22.214479 -2.661548 -18.527291
v -16.332431 -2.089491 -20.070729
v -17.875860 -2.993762 -25.952787
v -5.194177 -2.888668 -13.562799
v -8.906935 -2.315679 -15.732109
v -7.363496 -2.803040 -9.850051
v -1.481438 -2.301581 -11.393481
v -3.024877 -2.842468 -17.275533
v 9.656799 -2.766722 -4.885552
v 5.944051 -2.171531 -7.054862
v 7.487487 -2.762778 -1.172811
v 13.369547 -2.393663 -2.716242
v 11.826108 -2.703902 -8.598293
v 24.507782 -2.640028 3.791687
v 20.795041 -2.119042 1.622379
v 22.338473 -2.662370 7.504435
v 28.220537 -2.415914 5.960998
v 26.677084 -2.584956 0.078940
v 39.358774 -2.522333 12.468944
v 35.646010 -2.120098 10.299618
v 37.189471 -2.546866 16.181669
v 43.071520 -2.396712 14.638244
v 41.528086 -2.482500 8.756180
v 54.209753 -2.415816 21.146170
v 50.497011 -2.153593 18.976842
v 52.040450 -2.432294 24.858918
v 57.922507 -2.351818 23.315477
v 56.379082 -2.392713 17.433413
v 69.060740 -2.319544 29.823407
v 65.347990 -2.207664 27.654091
v 66.891424 -2.323942 33.536157
v 72.773500 -2.290287 31.992714
v 71.230065 -2.312519 26.110659
v 83.911714 -2.265196 38.500654
v 80.199009 -2.265196 36.331346
v 81.742425 -2.265196 42.213399
v 87.624492 -2.265196 40.669970
v 86.081057 -2.265196 34.787908
v 98.762724 -2.265196 47.177895
v 95.049974 -2.265196 45.008579
v 96.593408 -2.265196 50.890646
v 102.475466 -2.265196 49.347198
v 100.932032 -2.265196 43.465141
v -26.218918 -2.659236 -45.768264
v -29.931663 -1.471295 -47.937580
v -28.388234 -2.866050 -42.055523
v -22.506172 -3.021111 -43.598953
v -24.049611 -2.553718 -49.481015
v -11.367930 -2.579521 -37.091025
v -15.080685 -1.552875 -39.260320
v -13.537242 -2.714049 -33.378283
v -7.655189 -2.930863 -34.921711
v -9.198627 -2.514757 -40.803773
v 3.483053 -2.519309 -28.413776
v -0.229701 -1.648055 -30.583094
v 1.313745 -2.609869 -24.701036
v 7.195808 -2.832615 -26.244467
v 5.652364 -2.476820 -32.126524
v 18.334038 -2.467777 -19.736536
v 14.621290 -1.748333 -21.905847
v 16.164736 -2.529315 -16.023796
v 22.046793 -2.730914 -17.567226
v 20.503348 -2.439330 -23.449284
v 33.185024 -2.420902 -11.059296
v 29.472305 -1.851053 -13.228606
v 31.015712 -2.461931 -7.346548
v 36.897779 -2.627427 -8.889986
v 35.354344 -2.402062 -14.772044
v 48.036007 -2.376756 -2.382056
v 44.323275 -1.955135 -4.551366
v 45.866704 -2.402589 1.330699
v 51.748757 -2.522885 -0.212747
v 50.205309 -2.364941 -6.094804
v 62.886981 -2.334371 6.295191
v 59.174280 -2.060045 4.125881
v 60.717687 -2.348505 10.007939
v 66.599754 -2.417681 8.464493
v 65.056311 -2.327924 2.582443
v 77.737978 -2.293189 14.972431
v 74.025245 -2.165488 12.803122
v 75.568679 -2.298041 18.685165
v 81.450737 -2.312029 17.141733
v 79.907285 -2.290950 11.259683
v 92.588997 -2.265196 23.649677
v 88.876237 -2.265196 21.480361
v 90.419654 -2.265196 27.362412
v 96.301720 -2.265196 25.818966
v 94.758295 -2.265196 19.936925
v 107.439971 -2.265196 32.326912
v 103.727211 -2.265196 30.157603
v 105.270646 -2.265196 36.039654
v 111.152703 -2.265196 34.496219
v 109.609269 -2.265196 28.614164
v -17.541676 -2.964205 -60.619256
v -21.254422 -1.798448 -62.788559
v -19.710987 -2.740490 -56.906506
v -13.828935 -2.791513 -58.449940
v -15.372364 -3.112567 -64.331998
v -2.690690 -2.785292 -51.942019
v -6.403438 -1.721819 -54.111326
v -4.860000 -2.630789 -48.229260
v 1.022058 -2.802353 -49.772698
v -0.521373 -2.940623 -55.654765
v 12.160295 -2.660002 -43.264768
v 8.447554 -1.748063 -45.434080
v 9.990990 -2.553369 -39.552020
v 15.873050 -2.753539 -41.095459
v 14.329611 -2.782715 -46.977514
v 27.011292 -2.564154 -34.587513
v 23.298546 -1.811472 -36.756838
v 24.841969 -2.490770 -30.874774
v 30.724051 -2.680247 -32.418210
v 29.180594 -2.654181 -38.300268
v 41.862275 -2.485463 -25.910289
v 38.149524 -1.891751 -28.079592
v 39.692977 -2.436159 -22.197525
v 45.575020 -2.594876 -23.740972
v 44.031573 -2.548130 -29.623028
v 56.713249 -2.417515 -17.233048
v 53.000516 -1.980925 -19.402351
v 54.543946 -2.386326 -13.520293
v 60.426013 -2.502782 -15.063731
v 58.882556 -2.457931 -20.945788
v 71.564250 -2.356683 -8.555801
v 67.851491 -2.075289 -10.725111
v 69.394934 -2.339617 -4.843053
v 75.276982 -2.406577 -6.386491
v 73.733530 -2.378958 -12.268549
v 86.415242 -2.300802 0.121447
v 82.702501 -2.172961 -2.047864
v 84.245935 -2.294999 3.834195
v 90.127983 -2.307734 2.290756
v 88.584540 -2.308151 -3.591309
v 101.266225 -2.265196 8.798686
v 97.553466 -2.265196 6.629390
v 99.096909 -2.265196 12.511433
v 104.978948 -2.265196 10.967997
v 103.435532 -2.265196 5.085946
v 116.117199 -2.265196 17.475920
v 112.404449 -2.265196 15.306611
v 113.947874 -2.265196 21.188668
v 119.829976 -2.265196 19.645236
v 118.286524 -2.265196 13.763179
v -8.864443 -1.789571 -75.470239
v -12.577175 -2.746846 -77.639551
v -11.033746 -2.470636 -71.757489
v -5.151686 -1.524949 -73.300932
v -6.695118 -1.472246 -79.182981
v 5.986550 -2.464691 -66.793002
v 2.273809 -3.000198 -68.962300
v 3.817240 -2.856320 -63.080252
v 9.699297 -1.643558 -64.623686
v 8.155858 -1.948454 -70.505752
v 20.837532 -2.713614 -58.115756
v 17.124796 -2.746919 -60.285063
v 18.668232 -2.871111 -54.403015
v 24.550287 -1.915234 -55.946440
v 23.006851 -2.394982 -61.828502
v 35.688529 -2.730577 -49.438509
v 31.975779 -2.503665 -51.607816
v 33.519199 -2.775642 -45.725764
v 39.401266 -2.115546 -47.269202
v 37.857827 -2.573908 -53.151260
v 50.539498 -2.655579 -40.761265
v 46.826753 -2.347199 -42.930575
v 48.370191 -2.655211 -37.048526
v 54.252249 -2.232326 -38.591956
v 52.708819 -2.589962 -44.474013
v 65.390477 -2.549154 -32.084033
v 61.677754 -2.264583 -34.253342
v 63.221165 -2.535664 -28.371284
v 69.103245 -2.286201 -29.914716
v 67.559811 -2.527345 -35.796774
v 80.241478 -2.435637 -23.406786
v 76.528746 -2.234670 -25.576095
v 78.072180 -2.424159 -19.694045
v 83.954228 -2.296219 -21.237468
v 82.410785 -2.430717 -27.119518
v 95.092470 -2.324525 -14.729545
v 91.379729 -2.241179 -16.898840
v 92.923163 -2.321887 -11.016790
v 98.805221 -2.275944 -12.560228
v 97.261777 -2.321832 -18.442286
v 109.943444 -2.265196 -6.052298
v 106.230712 -2.265196 -8.221601
v 107.774146 -2.265196 -2.339558
v 113.656213 -2.265196 -3.882981
v 112.112760 -2.265196 -9.765046
v 124.794436 -2.265196 2.624942
v 121.081695 -2.265196 0.455632
v 122.625156 -2.265196 6.337683
v 128.507214 -2.265196 4.794259
v 126.963762 -2.265196 -1.087805
v -0.187195 -2.983069 -90.321223
v -3.899942 -2.796420 -92.490539
v -2.356504 -2.697038 -86.608472
v 3.525553 -2.483948 -88.151924
v 1.982107 -2.372879 -94.033964
v 14.663789 -2.275889 -81.643990
v 10.951047 -1.641589 -83.813301
v 12.494479 -1.723285 -77.931235
v 18.376537 -2.863123 -79.474687
v 16.833107 -2.809033 -85.356726
v 29.514788 -1.757087 -72.966743
v 25.802033 -1.899020 -75.136046
v 27.345458 -1.730684 -69.253989
v 33.227538 -2.373271 -70.797432
v 31.684090 -2.113478 -76.679480
v 44.365771 -1.836311 -64.289497
v 40.653016 -2.359352 -66.458809
v 42.196450 -2.031150 -60.576751
v 48.078521 -2.044143 -62.120181
v 46.535087 -1.847397 -68.002234
v 59.216754 -2.058167 -55.612264
v 55.504017 -2.546265 -57.781567
v 57.047424 -2.254859 -51.899500
v 62.929481 -1.974109 -53.442948
v 61.386061 -1.936338 -59.325005
v 74.067741 -2.220333 -46.935009
v 70.354973 -2.532903 -49.104316
v 71.898425 -2.352180 -43.222270
v 77.780492 -2.040825 -44.765702
v 76.237058 -2.101840 -50.647759
v 88.918715 -2.288612 -38.257771
v 85.205983 -2.436177 -40.427079
v 86.749426 -2.354646 -34.545014
v 92.631484 -2.150826 -36.088460
v 91.088041 -2.219983 -41.970517
v 103.769708 -2.280478 -29.580530
v 100.056975 -2.324255 -31.749832
v 101.600400 -2.298078 -25.867775
v 107.482458 -2.257331 -27.411214
v 105.939024 -2.264687 -33.293262
v 118.620691 -2.265196 -20.903282
v 114.907967 -2.265196 -23.072593
v 116.451411 -2.265196 -17.190534
v 122.333441 -2.265196 -18.733980
v 120.790016 -2.265196 -24.616030
v 133.471701 -2.265196 -12.226035
v 129.758960 -2.265196 -14.395352
v 131.302376 -2.265196 -8.513280
v 137.184478 -2.265196 -10.056725
v 135.640990 -2.265196 -15.938783
v 8.490052 -2.609943 -105.172224
v 4.777304 -2.113932 -107.341513
v 6.320742 -1.811116 -101.459464
v 12.202807 -2.885251 -103.002917
v 10.659364 -2.847277 -108.884947
v 23.341037 -1.727095 -96.494977
v 19.628289 -2.152078 -98.664284
v 21.171726 -2.224633 -92.782218
v 27.053783 -1.848256 -94.325670
v 25.510340 -1.894438 -100.207719
v 38.192020 -2.525891 -87.817731
v 34.479275 -2.771305 -89.987038
v 36.022718 -2.775139 -84.104981
v 41.904784 -1.980882 -85.648424
v 40.361318 -2.045947 -91.530472
v 53.043026 -2.650512 -79.140494
v 49.330267 -2.265601 -81.309796
v 50.873710 -2.430539 -75.427734
v 56.755790 -2.466329 -76.971173
v 55.212324 -2.577595 -82.853244
v 67.894005 -2.355886 -70.463247
v 64.181254 -1.978490 -72.632550
v 65.724698 -2.119864 -66.750497
v 71.606755 -2.545743 -68.293940
v 70.063303 -2.526762 -74.175989
v 82.744979 -2.173690 -61.786010
v 79.032237 -2.042683 -63.955317
v 80.575672 -2.065578 -58.073251
v 86.457738 -2.412534 -59.616703
v 84.914286 -2.316274 -65.498769
v 97.595989 -2.174298 -53.108755
v 93.883230 -2.186653 -55.278071
v 95.426664 -2.150544 -49.396022
v 101.308721 -2.294134 -50.939447
v 99.765269 -2.228701 -56.821509
v 112.446945 -2.265196 -44.431517
v 108.734240 -2.261687 -46.600824
v 110.277638 -2.256865 -40.718758
v 116.159713 -2.265196 -42.262210
v 114.616261 -2.265196 -48.144268
v 127.297937 -2.265196 -35.754275
v 123.585205 -2.265196 -37.923585
v 125.128612 -2.265196 -32.041525
v 131.010705 -2.265196 -33.584973
v 129.467271 -2.265196 -39.467021
v 142.148929 -2.265196 -27.077034
v 138.436170 -2.265196 -29.246336
v 139.979622 -2.265196 -23.364286
v 145.861670 -2.265196 -24.907717
v 144.318254 -2.265196 -30.789775
v 17.167292 -2.146863 -120.023189
v 13.454546 -1.836974 -122.192505
v 14.997989 -1.698145 -116.310456
v 20.880046 -2.520572 -117.853900
v 19.336617 -2.746349 -123.735957
v 32.018270 -2.334218 -111.345951
v 28.305538 -2.692928 -113.515277
v 29.848968 -2.766385 -107.633201
v 35.730993 -1.934583 -109.176626
v 34.187595 -1.844084 -115.058702
v 46.869285 -2.521652 -102.668723
v 43.156526 -2.106503 -104.838021
v 44.699964 -2.068063 -98.955973
v 50.582008 -2.652536 -100.499398
v 49.038601 -2.643058 -106.381455
v 61.720268 -1.966509 -93.991468
v 58.007522 -1.998335 -96.160793
v 59.550929 -1.970478 -90.278726
v 65.433000 -2.287066 -91.822170
v 63.889566 -2.245007 -97.704227
v 76.571233 -2.122361 -85.314230
v 72.858501 -2.421306 -87.483537
v 74.401917 -2.340635 -81.601498
v 80.283974 -2.055873 -83.144923
v 78.740558 -2.038579 -89.026981
v 91.422207 -2.335138 -76.636984
v 87.709484 -2.434858 -78.806291
v 89.252900 -2.425245 -72.924252
v 95.134966 -2.170556 -74.467681
v 93.591532 -2.215204 -80.349748
v 106.273208 -2.317482 -67.959747
v 102.560467 -2.295361 -70.129058
v 104.103919 -2.321685 -64.247005
v 109.985949 -2.265399 -65.790431
v 108.442551 -2.287048 -71.672511
v 121.124209 -2.265196 -59.282509
v 117.411468 -2.265196 -61.451816
v 118.954893 -2.265196 -55.569764
v 124.836932 -2.265196 -57.113193
v 123.293534 -2.265196 -62.995251
v 135.975192 -2.265196 -50.605263
v 132.262433 -2.265196 -52.774570
v 133.805867 -2.265196 -46.892517
v 139.687934 -2.265196 -48.435951
v 138.144518 -2.265196 -54.318013
v 150.826194 -2.265196 -41.928026
v 147.113416 -2.265196 -44.097328
v 148.656868 -2.265196 -38.215271
v 154.538917 -2.265196 -39.758703
v 152.995519 -2.265196 -45.640776
v -53.502402 -1.942381 17.974303
v -55.671710 -2.604483 21.687042
v -51.333082 -1.729088 14.261555
v -49.163770 -2.308384 10.548812
v -45.451034 -1.817711 12.718125
v -46.994463 -2.865540 6.836057
v -52.876525 -2.771961 8.379503
v -56.589262 -2.874430 6.210192
v -60.302017 -2.599802 4.040883
v -38.651410 -2.247725 26.651542
v -40.820717 -1.831986 30.364277
v -36.482099 -2.718847 22.938785
v -34.312796 -2.669045 19.226046
v -30.600041 -2.720037 21.395355
v -32.143480 -2.151354 15.513298
v -38.025542 -2.154305 17.056737
v -41.738297 -1.731825 14.887434
v -23.800423 -2.654039 35.328784
v -25.969734 -2.526732 39.041530
v -21.631107 -2.384192 31.616025
v -19.461795 -1.979796 27.903279
v -15.749058 -2.475807 30.072602
v -17.292488 -1.812073 24.190538
v -23.174545 -1.834017 25.733976
v -26.887300 -2.252522 23.564667
v -8.949440 -2.234872 44.006030
v -11.118744 -2.489432 47.718772
v -6.780130 -1.984367 40.293276
v -4.610821 -1.937749 36.580534
v -0.898073 -2.088547 38.749846
v -2.441503 -2.125355 32.867784
v -8.323562 -2.288066 34.411223
v -12.036317 -2.648107 32.241907
v 5.901552 -2.059959 52.683277
v 3.732241 -2.196573 56.396009
v 8.070862 -2.054143 48.970522
v 10.240178 -2.185009 45.257772
v 13.952919 -2.042775 47.427079
v 12.409489 -2.372848 41.545026
v 6.527423 -2.500714 43.088465
v 2.814675 -2.469660 40.919148
v 20.752536 -2.158157 61.360509
v 18.583226 -2.160574 65.073255
v 22.921838 -2.222652 57.647759
v 25.091156 -2.321838 53.935013
v 28.803918 -2.159906 56.104330
v 27.260457 -2.405792 50.222263
v 21.378408 -2.434913 51.765693
v 17.665654 -2.254835 49.596395
v 35.603523 -2.257632 70.037733
v 33.434212 -2.257147 73.750475
v 37.772839 -2.276116 66.324983
v 39.942142 -2.302912 62.612255
v 43.654901 -2.256141 64.781576
v 42.111467 -2.321967 58.899505
v 36.229405 -2.313372 60.442939
v 32.516641 -2.202794 58.273641
v 50.454497 -2.265196 78.714998
v 48.285195 -2.265196 82.427739
v 52.623809 -2.265196 75.002238
v 54.793129 -2.265196 71.289497
v 58.505893 -2.265196 73.458804
v 56.962441 -2.265196 67.576751
v 51.080384 -2.265196 69.120190
v 47.367633 -2.265196 66.950878
v 65.305512 -2.265196 87.392244
v 63.136196 -2.265196 91.104985
v 67.474828 -2.265196 83.679485
v 69.644144 -2.265196 79.966743
v 73.356876 -2.265196 82.136060
v 71.813451 -2.265196 76.254002
v 65.931349 -2.265196 77.797436
v 62.218612 -2.265196 75.628120
v 80.156468 -2.265196 96.069472
v 77.987170 -2.265196 99.782214
v 83.869236 -2.265196 98.238807
v 82.325784 -2.265196 92.356713
v 84.495100 -2.265196 88.643981
v 88.207868 -2.265196 90.813279
v 86.664398 -2.265196 84.931231
v 80.782350 -2.265196 86.474665
v 77.069600 -2.265196 84.305358
v -44.825156 -2.626777 3.123325
v -42.655849 -1.901315 -0.589431
v -40.486537 -1.589787 -4.302171
v -36.773787 -1.897425 -2.132870
v -38.317230 -2.035162 -8.014912
v -44.199274 -2.030187 -6.471489
v -47.912033 -2.720289 -8.640799
v -51.624775 -3.001535 -10.810109
v -29.974168 -1.729677 11.800557
v -27.804857 -1.824030 8.087816
v -25.635541 -2.322850 4.375061
v -21.922800 -1.734745 6.544378
v -23.466238 -2.782973 0.662329
v -29.348296 -2.868645 2.205750
v -33.061037 -2.619875 0.036462
v -15.123185 -2.015237 20.477796
v -12.953865 -2.414687 16.765048
v -10.784558 -2.720086 13.052316
v -7.071816 -2.156157 15.221610
v -8.615255 -2.753379 9.339560
v -14.497303 -2.589582 10.882998
v -18.210054 -1.927283 8.713688
v -0.272192 -2.413080 29.155036
v 1.897124 -2.622587 25.442297
v 4.066428 -2.649218 21.729549
v 7.779176 -2.430686 23.898858
v 6.235736 -2.501340 18.016787
v 0.353686 -2.206248 19.560231
v -3.359068 -1.812729 17.390923
v 14.578790 -2.514610 37.832285
v 16.748108 -2.545265 34.119534
v 18.917417 -2.461722 30.406789
v 22.630159 -2.489917 32.576100
v 21.086720 -2.308059 26.694031
v 15.204672 -2.048677 28.237470
v 11.491924 -1.974956 26.068161
v 29.429768 -2.436165 46.509522
v 31.599089 -2.402602 42.796776
v 33.768410 -2.321163 39.084030
v 37.481155 -2.428177 41.253337
v 35.937712 -2.221259 35.371280
v 30.055664 -2.062020 36.914714
v 26.342909 -2.148722 34.745407
v 44.280760 -2.321415 55.186759
v 46.450054 -2.299109 51.474013
v 48.619384 -2.261681 47.761263
v 52.332134 -2.323562 49.930584
v 50.788682 -2.220020 44.048517
v 44.906638 -2.152544 45.591961
v 41.193892 -2.248865 43.422635
v 59.131748 -2.265196 63.864006
v 61.301046 -2.265196 60.151255
v 63.470371 -2.265196 56.438510
v 67.183131 -2.265196 58.607826
v 65.639678 -2.265196 52.725764
v 59.757639 -2.260840 54.269198
v 56.044880 -2.270969 52.099891
v 73.982740 -2.265196 72.541261
v 76.152020 -2.265196 68.828502
v 78.321363 -2.265196 65.115765
v 82.034132 -2.265196 67.285067
v 80.490679 -2.265196 61.403015
v 74.608613 -2.265196 62.946440
v 70.895881 -2.265196 60.777133
v 88.833732 -2.265196 81.218471
v 92.546483 -2.265196 83.387805
v 91.003012 -2.265196 77.505748
v 93.172355 -2.265196 73.793007
v 96.885088 -2.265196 75.962314
v 95.341635 -2.265196 70.080247
v 89.459605 -2.265196 71.623682
v 85.746864 -2.265196 69.454384
v -36.147914 -2.729239 -11.727668
v -33.978603 -3.000443 -15.440416
v -31.809287 -2.678088 -19.153171
v -28.096536 -2.953764 -16.983854
v -29.639975 -2.086749 -22.865911
v -35.522032 -1.752100 -21.322474
v -39.234792 -1.529133 -23.491783
v -42.947524 -2.297275 -25.661101
v -21.296927 -2.868755 -3.050427
v -19.127611 -2.574411 -6.763175
v -16.958303 -2.126238 -10.475923
v -13.245567 -2.855013 -8.306614
v -14.788996 -1.762511 -14.188672
v -20.671058 -1.584898 -12.645241
v -24.383791 -2.171224 -14.814543
v -6.445946 -2.531406 5.626812
v -4.276621 -2.197389 1.914079
v -2.107318 -1.903480 -1.798684
v 1.605424 -2.626004 0.370628
v 0.061999 -1.735027 -5.511423
v -5.820057 -1.791018 -3.967993
v -9.532805 -2.549620 -6.137296
v 8.405053 -2.263773 14.304060
v 10.574365 -2.034285 10.591312
v 12.743667 -1.877948 6.878564
v 16.456422 -2.443999 9.047882
v 14.912983 -1.814146 3.165817
v 9.030926 -2.004059 4.709253
v 5.318178 -2.655966 2.539936
v 23.256038 -2.143268 22.981292
v 25.425343 -2.013807 19.268544
v 27.594646 -1.941454 15.555796
v 31.307405 -2.330120 17.725106
v 29.763975 -1.925271 11.843057
v 23.881918 -2.151311 13.386494
v 20.169154 -2.627519 11.217185
v 38.107015 -2.131207 31.658539
v 40.276335 -2.069069 27.945791
v 42.445651 -2.040487 24.233043
v 46.158384 -2.272453 26.402352
v 44.614959 -2.041407 20.520297
v 38.732901 -2.235173 22.063718
v 35.020133 -2.541903 19.894408
v 52.957984 -2.184230 40.335776
v 55.127309 -2.160587 36.623026
v 57.296621 -2.150839 32.910267
v 61.009367 -2.256399 35.079592
v 59.465942 -2.153188 29.197521
v 53.583880 -2.270355 30.740966
v 49.871147 -2.435269 28.571657
v 67.808994 -2.265196 49.013004
v 69.978320 -2.265196 45.300272
v 72.147609 -2.261877 41.587526
v 75.860377 -2.265196 43.756838
v 74.316907 -2.257822 37.874772
v 68.434867 -2.270171 39.418206
v 64.722117 -2.323734 37.248899
v 82.659987 -2.265196 57.690269
v 84.829312 -2.265196 53.977519
v 86.998601 -2.265196 50.264773
v 90.711333 -2.265196 52.434075
v 89.167917 -2.265196 46.552023
v 83.285878 -2.265196 48.095452
v 79.573100 -2.265196 45.926145
v 97.510961 -2.265196 66.367497
v 101.223711 -2.265196 68.536818
v 99.680277 -2.265196 62.654756
v 101.849584 -2.265196 58.942001
v 105.562334 -2.265196 61.111322
v 104.018909 -2.265196 55.229264
v 98.136861 -2.265196 56.772712
v 94.424083 -2.265196 54.603387
v -27.470668 -1.627000 -26.578651
v -25.301365 -1.471583 -30.291399
v -23.132045 -1.561132 -34.004154
v -19.419299 -1.853765 -31.834838
v -20.962738 -1.748848 -37.716895
v -26.844795 -2.612446 -36.173459
v -30.557532 -3.070213 -38.342777
v -34.270291 -2.048751 -40.512084
v -12.619698 -1.596443 -17.901420
v -10.450371 -1.612308 -21.614160
v -8.281071 -1.731082 -25.326908
v -4.568307 -1.824937 -23.157598
v -6.111752 -1.872408 -29.039656
v -11.993810 -2.702626 -27.496224
v -15.706549 -2.878540 -29.665529
v 2.231296 -1.700255 -9.224179
v 4.400613 -1.759695 -12.936927
v 6.569923 -1.861433 -16.649668
v 10.282679 -1.858899 -14.480358
v 8.739240 -1.962914 -20.362408
v 2.857189 -2.693443 -18.818977
v -0.855566 -2.730061 -20.988281
v 17.082295 -1.827735 -0.546931
v 19.251604 -1.888266 -4.259665
v 21.420914 -1.965306 -7.972413
v 25.133662 -1.921602 -5.803111
v 23.590230 -2.036015 -11.685168
v 17.708168 -2.642629 -10.141731
v 13.995418 -2.614397 -12.311048
v 31.933301 -1.950595 8.130307
v 34.102603 -1.998477 4.417568
v 36.271906 -2.051977 0.704820
v 39.984647 -1.999397 2.874137
v 38.441208 -2.098927 -3.007928
v 32.559151 -2.571282 -1.464490
v 28.846410 -2.520014 -3.633808
v 46.784270 -2.062689 16.807540
v 48.953595 -2.094154 13.094801
v 51.122898 -2.127140 9.382059
v 54.835648 -2.085939 11.551369
v 53.292200 -2.155378 5.669311
v 47.410129 -2.488555 7.212750
v 43.697388 -2.439643 5.043432
v 61.635240 -2.163899 25.484782
v 63.804556 -2.178813 21.772034
v 65.973863 -2.194260 18.059290
v 69.686640 -2.177948 20.228609
v 68.143188 -2.207499 14.346551
v 62.261113 -2.398994 15.889983
v 58.548380 -2.368842 13.720678
v 76.486232 -2.255632 34.162021
v 78.655539 -2.255074 30.449273
v 80.824864 -2.255595 26.736532
v 84.537614 -2.265196 28.905850
v 82.994162 -2.256565 23.023786
v 77.112114 -2.305010 24.567230
v 73.399372 -2.304851 22.397911
v 91.337233 -2.265196 42.839277
v 93.506540 -2.265196 39.126535
v 95.675874 -2.265196 35.413781
v 99.388606 -2.265196 37.583092
v 97.845172 -2.265196 31.701035
v 91.963079 -2.265196 33.244469
v 88.250346 -2.265196 31.075160
v 106.188207 -2.265196 51.516510
v 109.900957 -2.265196 53.685835
v 108.357505 -2.265196 47.803764
v 110.526830 -2.265196 44.091013
v 114.239608 -2.265196 46.260330
v 112.696128 -2.265196 40.378263
v 106.814053 -2.265196 41.921706
v 103.101339 -2.265196 39.752404
v -18.793422 -1.914701 -41.429641
v -16.624124 -1.996354 -45.142391
v -14.454812 -1.973318 -48.855137
v -10.742057 -1.529452 -46.685839
v -12.285514 -1.850752 -52.567883
v -18.167549 -3.051877 -51.024449
v -21.880303 -2.583650 -53.193765
v -25.593045 -1.428978 -55.363067
v -3.942434 -1.982489 -32.752413
v -1.773131 -2.034684 -36.465145
v 0.396179 -2.020040 -40.177900
v 4.108927 -1.633374 -38.008581
v 2.565494 -1.940847 -43.890632
v -3.316570 -2.949230 -42.347207
v -7.029325 -2.532964 -44.516509
v 10.908549 -2.037598 -24.075164
v 13.077861 -2.072357 -27.787903
v 15.247163 -2.062640 -31.500644
v 18.959909 -1.738628 -29.331342
v 17.416479 -2.009623 -35.213399
v 11.534422 -2.844504 -33.669970
v 7.821681 -2.488715 -35.839272
v 25.759528 -2.086473 -15.397916
v 27.928857 -2.109711 -19.110665
v 30.098155 -2.103227 -22.823405
v 33.810888 -1.844575 -20.654102
v 32.267458 -2.067676 -26.536153
v 26.385405 -2.738846 -24.992714
v 22.672650 -2.447275 -27.162033
v 40.610524 -2.131833 -6.720669
v 42.779840 -2.146894 -10.433417
v 44.949148 -2.142698 -14.146165
v 48.661880 -1.950896 -11.976847
v 47.118450 -2.119601 -17.858913
v 41.236384 -2.632691 -16.315475
v 37.523651 -2.407325 -18.484792
v 55.461489 -2.175003 1.956572
v 57.630810 -2.183966 -1.756178
v 59.800122 -2.181469 -5.468925
v 63.512885 -2.057450 -3.299607
v 61.969438 -2.167722 -9.181673
v 56.087389 -2.526241 -7.638228
v 52.374644 -2.368229 -9.807552
v 70.312477 -2.216738 10.633803
v 72.481802 -2.220965 6.921055
v 74.651082 -2.219787 3.208322
v 78.363868 -2.164157 5.377632
v 76.820398 -2.213309 -0.504425
v 70.938377 -2.419601 1.039006
v 67.225636 -2.329721 -1.130305
v 85.163469 -2.257454 19.311043
v 87.332767 -2.257914 15.598295
v 89.502092 -2.257785 11.885556
v 93.214852 -2.265196 14.054872
v 91.671417 -2.257098 8.172815
v 85.789360 -2.312820 9.716252
v 82.076610 -2.291569 7.546943
v 100.014479 -2.265196 27.988291
v 102.183777 -2.265196 24.275543
v 104.353102 -2.265196 20.562802
v 108.065853 -2.265196 22.732107
v 106.522400 -2.265196 16.850041
v 100.640325 -2.265196 18.393486
v 96.927602 -2.265196 16.224168
v 114.865453 -2.265196 36.665522
v 118.578204 -2.265196 38.834838
v 117.034751 -2.265196 32.952776
v 119.204049 -2.265196 29.240037
v 122.916827 -2.265196 31.409347
v 121.373375 -2.265196 25.527289
v 115.491326 -2.265196 27.070726
v 111.778576 -2.265196 24.901416
v -10.116186 -1.664496 -56.280633
v -7.946868 -1.501429 -59.993383
v -5.777552 -1.501582 -63.706125
v -2.064820 -2.372069 -61.536809
v -3.608249 -1.792436 -67.418875
v -9.490307 -1.956895 -65.875423
v -13.203062 -2.983413 -68.044748
v -16.915803 -2.846173 -70.214059
v 4.734806 -1.812564 -47.603387
v 6.904124 -1.672612 -51.316128
v 9.073431 -1.587579 -55.028892
v 12.786166 -2.144882 -52.859571
v 11.242736 -1.642834 -58.741642
v 5.360669 -2.295827 -57.198194
v 1.647936 -3.000713 -59.367497
v 19.585782 -1.921038 -38.926156
v 21.755098 -1.815245 -42.638895
v 23.924416 -1.725751 -46.351641
v 27.637155 -2.059020 -44.182325
v 26.093721 -1.700801 -50.064387
v 20.211662 -2.440803 -48.520948
v 16.498920 -2.874601 -50.690255
v 34.436783 -2.007237 -30.248901
v 36.606090 -1.931584 -33.961649
v 38.775402 -1.858359 -37.674390
v 42.488148 -2.047094 -35.505088
v 40.944718 -1.814159 -41.387145
v 35.062647 -2.483966 -39.843713
v 31.349897 -2.736631 -42.013018
v 49.287748 -2.079958 -21.571661
v 51.457078 -2.029003 -25.284409
v 53.626380 -1.976140 -28.997157
v 57.339131 -2.076026 -26.827846
v 55.795710 -1.935737 -32.709905
v 49.913644 -2.472642 -31.166467
v 46.200889 -2.611256 -33.335776
v 64.138731 -2.144023 -12.894406
v 66.308056 -2.113122 -16.607169
v 68.477381 -2.079878 -20.319909
v 72.190123 -2.129054 -18.150599
v 70.646716 -2.051634 -24.032664
v 64.764631 -2.430183 -22.489227
v 61.051867 -2.500776 -24.658538
v 78.989723 -2.202168 -4.217181
v 81.159048 -2.187702 -7.929929
v 83.328356 -2.172089 -11.642677
v 87.041097 -2.197156 -9.473360
v 85.497681 -2.158501 -15.355425
v 79.615605 -2.368775 -13.811986
v 75.902855 -2.403123 -15.981289
v 93.840724 -2.256129 4.460066
v 96.010041 -2.255282 0.747318
v 98.179348 -2.255147 -2.965430
v 101.892089 -2.265196 -0.796112
v 100.348655 -2.256356 -6.678177
v 94.466597 -2.295250 -5.134739
v 90.753838 -2.315746 -7.304049
v 108.691726 -2.265196 13.137329
v 110.861015 -2.265196 9.424566
v 113.030340 -2.265196 5.711818
v 116.743072 -2.265196 7.881128
v 115.199665 -2.265196 1.999070
v 109.317599 -2.265196 3.542501
v 105.604821 -2.265196 1.373198
v 123.542700 -2.265196 21.814532
v 127.255423 -2.265196 23.983855
v 125.712016 -2.265196 18.101793
v 127.881323 -2.265196 14.389063
v 131.594028 -2.265196 16.558359
v 130.050594 -2.265196 10.676303
v 124.168582 -2.265196 12.219763
v 120.455822 -2.265196 10.050438
v -1.438938 -2.346978 -71.131616
v 0.730362 -2.876755 -74.844362
v 2.899681 -2.960579 -78.557103
v 6.612422 -2.262662 -76.387801
v 5.068984 -2.447845 -82.269840
v -0.813074 -2.731423 -80.726428
v -4.525815 -1.893205 -82.895722
v -8.238570 -1.471485 -85.065047
v 13.412038 -1.899020 -62.454379
v 15.581361 -2.322004 -66.167120
v 17.750664 -2.736791 -69.879880
v 21.463414 -2.757459 -67.710554
v 19.919966 -2.885546 -73.592612
v 14.037909 -1.938117 -72.049178
v 10.325177 -1.605228 -74.218489
v 28.263037 -1.790558 -53.777133
v 30.432344 -2.018494 -57.489883
v 32.601651 -2.345083 -61.202620
v 36.314411 -2.775053 -59.033308
v 34.770945 -2.651205 -64.915370
v 28.888915 -1.728199 -63.371940
v 25.176153 -2.005556 -65.541247
v 43.114020 -1.830839 -45.099886
v 45.283346 -1.934479 -48.812641
v 47.452639 -2.127496 -52.525382
v 51.165389 -2.634194 -50.356080
v 49.621933 -2.371057 -56.238119
v 43.739893 -1.818815 -54.694694
v 40.027143 -2.317188 -56.864010
v 57.965008 -1.926130 -36.422644
v 60.134315 -1.965423 -40.135392
v 62.303627 -2.063572 -43.848140
v 66.016377 -2.483562 -41.678831
v 64.472934 -2.212548 -47.560873
v 58.590881 -1.974514 -46.017452
v 54.878122 -2.449955 -48.186768
v 72.816014 -2.037898 -27.745412
v 74.985312 -2.048843 -31.458146
v 77.154601 -2.091933 -35.170901
v 80.867351 -2.368088 -33.001582
v 79.323926 -2.167562 -38.883640
v 73.441850 -2.109834 -37.340206
v 69.729118 -2.460949 -39.509506
v 87.666970 -2.150900 -19.068172
v 89.836277 -2.153409 -22.780913
v 92.005584 -2.169132 -26.493655
v 95.718343 -2.294465 -24.324345
v 94.174909 -2.198512 -30.206403
v 88.292834 -2.204162 -28.662971
v 84.580110 -2.404037 -30.832275
v 102.517962 -2.259356 -10.390918
v 104.687278 -2.264129 -14.103674
v 106.856603 -2.265196 -17.816399
v 110.569344 -2.265196 -15.647097
v 109.025892 -2.265196 -21.529155
v 103.143826 -2.258399 -19.985724
v 99.431093 -2.312801 -22.155040
v 117.368990 -2.265196 -1.713678
v 119.538270 -2.265196 -5.426419
v 121.707595 -2.265196 -9.139167
v 125.420291 -2.265196 -6.969856
v 123.876893 -2.265196 -12.851908
v 117.994827 -2.265196 -11.308477
v 114.282086 -2.265196 -13.477779
v 132.219901 -2.265196 6.963563
v 135.932714 -2.265196 9.132887
v 134.389226 -2.265196 3.250815
v 136.558551 -2.265196 -0.461934
v 140.271329 -2.265196 1.707384
v 138.727840 -2.265196 -4.174675
v 132.845864 -2.265196 -2.631229
v 129.133069 -2.265196 -4.800547
v 7.238299 -1.767799 -85.982626
v 9.407611 -1.629369 -89.695332
v 11.576923 -2.216315 -93.408100
v 15.289668 -2.794917 -91.238793
v 13.746230 -2.834523 -97.120841
v 7.864181 -1.670901 -95.577398
v 4.151425 -1.650766 -97.746723
v 0.438677 -2.115024 -99.916021
v 22.089301 -2.616716 -77.305353
v 24.258594 -2.083259 -81.018094
v 26.427897 -1.714647 -84.730854
v 30.140647 -1.944123 -82.561546
v 28.597204 -1.862856 -88.443586
v 22.715155 -2.200646 -86.900170
v 19.002416 -2.795506 -89.069477
v 36.940270 -2.775464 -68.628134
v 39.109573 -2.615170 -72.340866
v 41.278889 -2.236608 -76.053594
v 44.991639 -1.816588 -73.884300
v 43.448200 -1.887272 -79.766357
v 37.566148 -2.741999 -78.222923
v 33.853393 -2.574208 -80.392221
v 51.791262 -2.582398 -59.950878
v 53.960565 -2.662021 -63.663624
v 56.129890 -2.550731 -67.376361
v 59.842609 -2.079345 -65.207063
v 58.299202 -2.288220 -71.089111
v 52.417135 -2.592926 -69.545668
v 48.704385 -2.087240 -71.714993
v 66.642259 -2.379418 -51.273632
v 68.811566 -2.509837 -54.986378
v 70.980864 -2.547215 -58.699124
v 74.693605 -2.287772 -56.529825
v 73.150171 -2.464385 -62.411887
v 67.268114 -2.328715 -60.868435
v 63.555386 -1.954386 -63.037751
v 81.493224 -2.264828 -42.596397
v 83.662531 -2.360548 -46.309136
v 85.831856 -2.424448 -50.021886
v 89.544588 -2.348843 -47.852566
v 88.001172 -2.430938 -53.734627
v 82.119097 -2.195113 -52.191193
v 78.406347 -2.040125 -54.360500
v 96.344198 -2.237878 -33.919144
v 98.513523 -2.279091 -37.631899
v 100.682830 -2.311176 -41.344653
v 104.395589 -2.303287 -39.175328
v 102.852128 -2.324445 -45.057395
v 96.970089 -2.194690 -43.513956
v 93.257357 -2.168059 -45.683268
v 111.195190 -2.265196 -25.241902
v 113.364506 -2.265196 -28.954659
v 115.533840 -2.265196 -32.667398
v 119.246591 -2.265196 -30.498073
v 117.703138 -2.265196 -36.380146
v 111.821090 -2.265196 -34.836701
v 108.108340 -2.255871 -37.006019
v 126.046218 -2.265196 -16.564656
v 128.215525 -2.265196 -20.277404
v 130.384851 -2.265196 -23.990151
v 134.097574 -2.265196 -21.820841
v 132.554121 -2.265196 -27.702897
v 126.672064 -2.265196 -26.159461
v 122.959323 -2.265196 -28.328779
v 140.897165 -2.265196 -7.887430
v 144.609943 -2.265196 -5.718105
v 143.066472 -2.265196 -11.600163
v 145.235797 -2.265196 -15.312918
v 148.948557 -2.265196 -13.143594
v 147.405105 -2.265196 -19.025666
v 141.523056 -2.265196 -17.482221
v 137.810297 -2.265196 -19.651531
v 15.915548 -2.696148 -100.833591
v 18.084851 -1.994833 -104.546351
v 20.254169 -1.713175 -108.259074
v 23.966908 -2.017684 -106.089767
v 22.423478 -2.235878 -111.971824
v 16.541419 -1.803570 -110.428408
v 12.828673 -2.185395 -112.597697
v 9.115923 -2.602606 -114.767022
v 30.766524 -2.401485 -92.156372
v 32.935836 -2.768593 -95.869104
v 35.105161 -2.554577 -99.581846
v 38.817893 -2.059750 -97.412539
v 37.274459 -2.018531 -103.294596
v 31.392411 -2.774832 -101.751171
v 27.679652 -2.510346 -103.920460
v 45.617530 -1.839127 -83.479117
v 47.786842 -2.145311 -87.191858
v 49.956153 -2.540161 -90.904617
v 53.668872 -2.630832 -88.735310
v 52.125451 -2.649770 -94.617359
v 46.243389 -2.080504 -93.073906
v 42.530657 -1.811509 -95.243232
v 60.468527 -2.021279 -74.801861
v 62.637820 -1.926338 -78.514612
v 64.807127 -2.076756 -82.227353
v 68.519859 -2.449250 -80.058041
v 66.976425 -2.359419 -85.940094
v 61.094395 -1.936583 -84.396678
v 57.381631 -2.261791 -86.566003
v 75.319496 -2.291391 -66.124633
v 77.488812 -2.115282 -69.837379
v 79.658119 -2.037782 -73.550125
v 83.370870 -2.199352 -71.380809
v 81.827417 -2.107233 -77.262866
v 75.945387 -2.230664 -75.719427
v 72.232628 -2.520714 -77.888739
v 90.170461 -2.374290 -57.447378
v 92.339786 -2.277760 -61.160119
v 94.509102 -2.187800 -64.872878
v 98.221862 -2.170733 -62.703562
v 96.678419 -2.150446 -68.585629
v 90.796370 -2.370173 -67.042203
v 87.083602 -2.419301 -69.211506
v 105.021462 -2.315617 -48.770140
v 107.190760 -2.291306 -52.482900
v 109.360086 -2.266245 -56.195636
v 113.072836 -2.261926 -54.026320
v 111.529384 -2.255135 -59.908382
v 105.647353 -2.319341 -58.364939
v 101.934594 -2.287514 -60.534255
v 119.872445 -2.265196 -40.092903
v 122.041734 -2.265196 -43.805642
v 124.211078 -2.265196 -47.518399
v 127.923855 -2.265196 -45.349069
v 126.380385 -2.265196 -51.231136
v 120.498336 -2.265196 -49.687706
v 116.785559 -2.265196 -51.857036
v 134.723447 -2.265196 -31.415654
v 136.892772 -2.265196 -35.128403
v 139.062043 -2.265196 -38.841151
v 142.774820 -2.265196 -36.671832
v 141.231404 -2.265196 -42.553876
v 135.349320 -2.265196 -41.010469
v 131.636542 -2.265196 -43.179762
v 149.574430 -2.265196 -22.738414
v 153.287171 -2.265196 -20.569097
v 151.743755 -2.265196 -26.451170
v 153.913044 -2.265196 -30.163902
v 157.625821 -2.265196 -27.994593
v 156.082369 -2.265196 -33.876657
v 150.200303 -2.265196 -32.333204
v 146.487579 -2.265196 -34.502516
v 24.592783 -2.759428 -115.684575
v 26.762081 -2.501211 -119.397316
v 28.931393 -1.908302 -123.110048
v 32.644166 -1.814269 -120.940759
v 31.100709 -1.925062 -126.822807
v 25.218667 -2.193187 -125.279364
v 21.505919 -2.507395 -127.448689
v 23.675222 -1.893665 -131.161412
v 17.793174 -2.718117 -129.618014
v 39.443766 -1.822686 -107.007328
v 41.613091 -2.199389 -110.720078
v 43.782385 -2.626538 -114.432829
v 47.495135 -2.609692 -112.263522
v 45.951687 -2.529738 -118.145579
v 40.069639 -2.345432 -116.602136
v 36.356902 -1.991784 -118.771434
v 38.526205 -2.517947 -122.484175
v 54.294781 -2.369075 -98.330091
v 56.464083 -2.004568 -102.042850
v 58.633377 -1.958098 -105.755582
v 62.346141 -2.236608 -103.586275
v 60.802671 -2.262184 -109.468324
v 54.920636 -1.986268 -107.924880
v 51.207885 -2.304286 -110.094206
v 53.377193 -1.952528 -113.806956
v 69.145759 -2.541934 -89.652854
v 71.315067 -2.469765 -93.365586
v 73.484374 -2.221504 -97.078345
v 77.197115 -2.039819 -94.909029
v 75.653654 -2.045444 -100.791077
v 69.771614 -2.492745 -99.247652
v 66.058873 -2.515069 -101.416977
v 68.228162 -2.496923 -105.129691
v 83.996725 -2.273220 -80.975594
v 86.166050 -2.412337 -84.688348
v 88.335357 -2.421650 -88.401108
v 92.048107 -2.265214 -86.231801
v 90.504646 -2.307562 -92.113849
v 84.622615 -2.377100 -90.570415
v 80.909865 -2.150575 -92.739722
v 83.079163 -2.344757 -96.452481
v 98.847717 -2.181727 -72.298370
v 101.017051 -2.253755 -76.011120
v 103.186340 -2.312808 -79.723875
v 106.899090 -2.308299 -77.554545
v 105.355665 -2.321224 -83.436603
v 99.473590 -2.212903 -81.893178
v 95.760839 -2.151661 -84.062494
v 97.930137 -2.182463 -87.775217
v 113.698691 -2.261730 -63.621124
v 115.868007 -2.265196 -67.333887
v 118.037332 -2.265196 -71.046620
v 121.750100 -2.265196 -68.877308
v 120.206612 -2.265196 -74.759374
v 114.324582 -2.265024 -73.215931
v 110.611831 -2.259810 -75.385247
v 112.781156 -2.257252 -79.097961
v 128.549692 -2.265196 -54.943895
v 130.719017 -2.265196 -58.656636
v 132.888306 -2.265196 -62.369387
v 136.601065 -2.265196 -60.200062
v 135.057631 -2.265196 -66.082123
v 129.175565 -2.265196 -64.538685
v 125.462814 -2.265196 -66.708001
v 127.632112 -2.265196 -70.420724
v 143.400693 -2.265196 -46.266640
v 145.570018 -2.265196 -49.979395
v 147.739289 -2.265196 -53.692131
v 151.452066 -2.265196 -51.522824
v 149.908614 -2.265196 -57.404868
v 144.026566 -2.265196 -55.861452
v 140.313825 -2.265196 -58.030755
v 142.483114 -2.265196 -61.743487
v 158.251658 -2.265196 -37.589398
v 161.964417 -2.265196 -35.420082
v 160.420983 -2.265196 -41.302155
v 162.590290 -2.265196 -45.014903
v 166.303013 -2.265196 -42.845587
v 164.759597 -2.265196 -48.727635
v 158.877513 -2.265196 -47.184201
v 155.164808 -2.265196 -49.353517
v 157.334097 -2.265196 -53.066258
v -61.698368 -2.329648 10.696419
v -60.614953 -2.686437 8.838286
v -63.555973 -2.490745 9.609997
v -62.784265 -1.973484 12.551028
v -59.843240 -2.169169 11.779306
v -46.851416 -2.292207 19.365571
v -45.763970 -2.014863 17.515511
v -48.705003 -2.095375 18.287223
v -47.933273 -2.571620 21.228259
v -44.992248 -2.491113 20.456548
v -32.000998 -1.975128 28.036459
v -30.912978 -2.069418 26.192752
v -33.854007 -2.068952 26.964470
v -33.082285 -1.879181 29.905505
v -30.141261 -1.879653 29.133788
v -17.145713 -2.409798 36.733690
v -16.061986 -2.538412 34.869999
v -19.003014 -2.577202 35.641720
v -18.231302 -2.282606 38.582745
v -15.290291 -2.243817 37.811027
v -2.295810 -2.466065 45.401740
v -1.211000 -2.448747 43.547241
v -4.152038 -2.441164 44.318958
v -3.380326 -2.483414 47.259991
v -0.439297 -2.491009 46.488278
v 12.555429 -2.311255 54.078440
v 13.639983 -2.259184 52.224478
v 10.698947 -2.212535 52.996200
v 11.470664 -2.363529 55.937233
v 14.411688 -2.410190 55.165511
v 27.406305 -2.233173 62.758109
v 28.490973 -2.209548 60.901724
v 25.549946 -2.178924 61.673446
v 26.321643 -2.256798 64.614475
v 29.262681 -2.287416 63.842748
v 42.257311 -2.263319 71.435332
v 43.341974 -2.261429 69.578971
v 40.400931 -2.261429 70.350679
v 41.172649 -2.265196 73.291712
v 44.113673 -2.265196 72.520004
v 57.108285 -2.265196 80.112588
v 58.192934 -2.265196 78.256217
v 55.251928 -2.265196 79.027925
v 56.023641 -2.265196 81.968958
v 58.964678 -2.265196 81.197250
v 71.959286 -2.265196 88.789834
v 73.043922 -2.265196 86.933445
v 70.102907 -2.265196 87.705171
v 70.874642 -2.265196 90.646205
v 73.815639 -2.265196 89.874479
v -53.037860 -1.934387 -4.186905
v -51.937711 -2.205339 -6.012706
v -54.878744 -2.104607 -5.240987
v -54.107018 -1.653999 -2.299965
v -51.165985 -1.754725 -3.071684
v -38.170546 -2.714264 4.524011
v -37.086724 -2.730546 2.664542
v -40.027761 -2.730361 3.436259
v -39.256040 -2.698050 6.377281
v -36.315002 -2.698234 5.605563
v -23.321018 -2.283926 13.192087
v -22.235736 -2.084952 11.341781
v -25.176765 -2.006998 12.113500
v -24.405048 -2.484721 15.054522
v -21.464010 -2.562687 14.282805
v -8.469777 -1.987716 21.886571
v -7.384744 -1.914885 20.019023
v -10.325782 -1.852820 20.790733
v -9.554055 -2.059216 23.731755
v -6.613034 -2.121282 22.960042
v 6.381816 -2.029537 30.549067
v 7.466226 -2.054180 28.696255
v 4.525211 -2.078860 29.467972
v 5.296929 -2.004746 32.409003
v 8.237959 -1.980066 31.637282
v 21.233143 -2.163605 39.226155
v 22.317222 -2.207824 37.373490
v 19.376194 -2.276668 38.145221
v 20.147915 -2.119085 41.086236
v 23.088944 -2.050241 40.314519
v 36.083742 -2.255552 47.906285
v 37.168223 -2.283913 46.050750
v 34.227195 -2.340893 46.822458
v 34.998898 -2.227149 49.763483
v 37.939927 -2.170169 48.991779
v 50.934576 -2.279024 56.584281
v 52.019193 -2.285165 54.727988
v 49.078173 -2.301152 55.499700
v 49.849890 -2.272889 58.440720
v 52.790901 -2.256896 57.669007
v 65.785523 -2.265196 65.261614
v 66.870158 -2.265196 63.405229
v 63.929161 -2.265196 64.176951
v 64.700869 -2.265196 67.117980
v 67.641902 -2.265196 66.346258
v 80.636515 -2.265196 73.938842
v 81.721150 -2.265196 72.082471
v 78.780153 -2.265196 72.854188
v 79.551861 -2.265196 75.795204
v 82.492876 -2.265196 75.023495
v -44.335416 -1.799681 -18.971111
v -43.260469 -1.597462 -20.863697
v -46.201494 -1.599615 -20.091979
v -45.429776 -1.992225 -17.150949
v -42.488757 -1.990066 -17.922669
v -29.495911 -1.945411 -10.364422
v -28.409482 -2.122251 -12.186450
v -31.350510 -2.222449 -11.414731
v -30.578793 -1.758775 -8.473702
v -27.637760 -1.658582 -9.245429
v -14.643509 -2.350003 -1.648664
v -13.558490 -2.512106 -3.509204
v -16.499527 -2.703841 -2.737491
v -15.727801 -2.189064 0.203546
v -12.786777 -1.997329 -0.568182
v 0.205521 -2.520756 7.036606
v 1.292493 -2.600845 5.168036
v -1.648535 -2.748600 5.939757
v -0.876816 -2.442398 8.880777
v 2.064213 -2.294649 8.109058
v 15.057481 -2.528738 15.706614
v 16.143479 -2.555197 13.845277
v 13.202457 -2.626323 14.616996
v 13.974169 -2.502512 17.558016
v 16.915189 -2.431392 16.786299
v 29.909585 -2.466587 24.379456
v 30.994455 -2.468808 22.522512
v 28.053435 -2.483623 23.294229
v 28.825153 -2.464372 26.235258
v 31.766177 -2.449557 25.463538
v 44.760866 -2.384247 33.055826
v 45.845461 -2.379517 31.199758
v 42.904441 -2.369959 31.971475
v 43.676145 -2.388970 34.912508
v 46.617169 -2.398534 34.140782
v 59.611813 -2.303274 41.733312
v 60.696426 -2.300514 39.876986
v 57.755420 -2.295287 40.648713
v 58.527128 -2.306035 43.589746
v 61.468165 -2.311262 42.818020
v 74.462787 -2.265196 50.410608
v 75.547450 -2.265196 48.554242
v 72.606380 -2.265196 49.325959
v 73.378124 -2.265196 52.266988
v 76.319130 -2.265196 51.495266
v 89.313752 -2.265196 59.087854
v 90.398424 -2.265196 57.231479
v 87.457372 -2.265196 58.003192
v 88.229098 -2.265196 60.944225
v 91.170141 -2.265196 60.172512
v -35.668491 -2.873890 -33.865495
v -34.583228 -2.848492 -35.714667
v -37.524252 -2.837658 -34.942970
v -36.752539 -2.899558 -32.001935
v -33.811510 -2.910404 -32.773652
v -20.811380 -2.684965 -25.208073
v -19.732240 -2.593208 -27.037443
v -22.673264 -2.402902 -26.265724
v -21.901542 -2.781353 -23.324694
v -18.960523 -2.971634 -24.096413
v -5.961224 -2.517695 -16.519882
v -4.881250 -2.435772 -18.360202
v -7.822279 -2.172378 -17.588483
v -7.050562 -2.602177 -14.647440
v -4.109531 -2.865571 -15.419173
v 8.887739 -2.406436 -7.834241
v 9.969735 -2.344690 -9.682955
v 7.028707 -2.078498 -8.911243
v 7.800424 -2.469127 -5.970200
v 10.741452 -2.735312 -6.741926
v 23.737344 -2.336058 0.847368
v 24.820712 -2.292870 -1.005714
v 21.879699 -2.059904 -0.233996
v 22.651409 -2.379535 2.707034
v 25.592431 -2.612489 1.935329
v 38.587599 -2.293146 9.526613
v 39.671720 -2.265147 7.671524
v 36.730673 -2.083946 8.443250
v 37.502394 -2.321212 11.384281
v 40.443423 -2.502414 10.612554
v 53.438248 -2.268846 18.204696
v 54.522712 -2.252994 16.348766
v 51.581678 -2.133440 17.120485
v 52.353386 -2.284704 20.061514
v 55.294415 -2.404264 19.289792
v 68.289086 -2.257503 26.882261
v 69.373695 -2.251399 25.026006
v 66.432643 -2.198966 25.797723
v 67.204379 -2.263601 28.738754
v 70.145403 -2.316041 27.967037
v 83.140015 -2.265196 35.559629
v 84.224669 -2.265196 33.703245
v 81.283645 -2.265196 34.474971
v 82.055344 -2.265196 37.415982
v 84.996386 -2.265196 36.644283
v 97.991025 -2.265196 44.236876
v 99.075661 -2.265196 42.380492
v 96.134637 -2.265196 43.152213
v 96.906354 -2.265196 46.093242
v 99.847369 -2.265196 45.321520
v -26.992835 -2.025064 -48.704751
v -25.905986 -1.984459 -50.565659
v -28.847010 -1.443253 -49.793951
v -28.075297 -2.065265 -46.852918
v -25.134260 -2.606471 -47.624630
v -12.141073 -2.042229 -40.029322
v -11.055000 -2.018114 -41.888426
v -13.996022 -1.537176 -41.116709
v -13.224314 -2.066192 -38.175678
v -10.283274 -2.547136 -38.947398
v 2.710462 -2.068130 -31.353185
v 3.795991 -2.052530 -33.211180
v 0.854962 -1.638147 -32.439461
v 1.626680 -2.083669 -29.498425
v 4.567725 -2.498052 -30.270158
v 17.561817 -2.097669 -22.676635
v 18.646975 -2.087258 -24.533938
v 15.705946 -1.741763 -23.762221
v 16.477666 -2.108061 -20.821191
v 19.418708 -2.453563 -21.592904
v 32.413022 -2.129073 -13.999831
v 33.497965 -2.122159 -15.856699
v 30.556945 -1.846648 -15.084980
v 31.328640 -2.135980 -12.143952
v 34.269686 -2.411485 -12.915670
v 47.264163 -2.161550 -5.322859
v 48.348943 -2.157151 -7.179459
v 45.407937 -1.952245 -6.407740
v 46.179636 -2.165942 -3.466712
v 49.120647 -2.370842 -4.238430
v 62.115246 -2.194708 3.354235
v 63.199940 -2.192211 1.497789
v 60.258907 -2.058259 2.269515
v 61.030633 -2.197205 5.210543
v 63.971657 -2.331132 4.438817
v 76.966279 -2.228326 12.031409
v 78.050932 -2.227308 10.175028
v 75.109881 -2.164580 10.946746
v 75.881625 -2.229339 13.887775
v 78.822649 -2.292066 13.116058
v 91.817253 -2.265196 20.708651
v 92.901897 -2.265196 18.852267
v 89.960891 -2.265196 19.623988
v 90.732617 -2.265196 22.565024
v 93.673641 -2.265196 21.793304
v 106.668254 -2.265196 29.385890
v 107.752880 -2.265196 27.529499
v 104.811865 -2.265196 28.301228
v 105.583582 -2.265196 31.242247
v 108.524615 -2.265196 30.470535
v -18.337664 -2.534688 -63.539340
v -17.228730 -2.697326 -65.416660
v -20.169768 -2.040266 -64.644934
v -19.398055 -2.381326 -61.703910
v -16.457018 -3.038386 -62.475627
v -3.469321 -2.357119 -54.875632
v -2.377756 -2.462679 -56.739418
v -5.318783 -1.853280 -55.967692
v -4.547072 -2.253565 -53.026673
v -1.606037 -2.862964 -53.798381
v 11.386874 -2.273079 -46.203741
v 12.473245 -2.342469 -48.062172
v 9.532200 -1.825140 -47.290450
v 10.303922 -2.204039 -44.349422
v 13.244955 -2.721356 -45.121143
v 26.239349 -2.234068 -37.528266
v 27.324219 -2.280361 -39.384923
v 24.383193 -1.859004 -38.613211
v 25.154912 -2.187813 -35.672175
v 28.095936 -2.609158 -36.443888
v 41.090643 -2.219192 -28.851462
v 42.175207 -2.249767 -30.707691
v 39.234182 -1.921578 -29.935964
v 40.005904 -2.188610 -26.994936
v 42.946933 -2.516799 -27.766662
v 55.941636 -2.218511 -20.174201
v 57.026190 -2.237798 -22.030444
v 54.085161 -1.999299 -21.258725
v 54.856864 -2.199223 -18.317696
v 57.797916 -2.437711 -19.089414
v 70.792560 -2.226823 -11.496859
v 71.877204 -2.237651 -13.353203
v 68.936144 -2.085817 -12.581470
v 69.707870 -2.215989 -9.640456
v 72.648894 -2.367830 -10.412167
v 85.643471 -2.241154 -2.819561
v 86.728160 -2.245424 -4.675957
v 83.787136 -2.177831 -3.904238
v 84.558862 -2.236884 -0.963208
v 87.499877 -2.304471 -1.734935
v 100.494526 -2.265196 5.857664
v 101.579171 -2.265196 4.001284
v 98.638119 -2.265196 4.773010
v 99.409854 -2.265196 7.714032
v 102.350860 -2.265196 6.942312
v 115.345500 -2.265196 14.534903
v 116.430154 -2.265196 12.678523
v 113.489084 -2.265196 13.450249
v 114.260837 -2.265196 16.391264
v 117.201862 -2.265196 15.619552
v -9.676444 -1.994317 -78.396053
v -8.551491 -1.702685 -80.267657
v -11.492528 -2.339984 -79.495926
v -10.720809 -2.268208 -76.554884
v -7.779780 -1.630914 -77.326615
v 5.236451 -2.554639 -69.747845
v 6.299492 -2.384357 -71.590401
v 3.358457 -2.910232 -70.818675
v 4.130182 -2.732441 -67.877656
v 7.071205 -2.206573 -68.649373
v 20.075707 -2.685462 -61.065370
v 21.150478 -2.641696 -62.913155
v 18.209449 -2.817659 -62.141442
v 18.981159 -2.730269 -59.200414
v 21.922190 -2.554301 -59.972135
v 34.915221 -2.627464 -52.378341
v 36.001456 -2.637838 -54.235913
v 33.060441 -2.602723 -53.464196
v 33.832158 -2.617127 -50.523167
v 36.773187 -2.652242 -51.294880
v 49.764406 -2.526480 -43.698916
v 50.852453 -2.551786 -45.558653
v 47.911424 -2.430404 -44.786950
v 48.683137 -2.501389 -41.845921
v 51.624156 -2.622771 -42.617638
v 64.616672 -2.430269 -35.022723
v 65.703431 -2.453814 -36.881434
v 62.762394 -2.322445 -36.109703
v 63.534120 -2.406865 -33.168682
v 66.475140 -2.538247 -33.940399
v 79.468930 -2.350794 -26.346855
v 80.554433 -2.366456 -28.204188
v 77.613418 -2.268447 -27.432455
v 78.385107 -2.335163 -24.491440
v 81.326123 -2.433183 -25.263152
v 94.320600 -2.288956 -17.670407
v 95.405398 -2.295054 -19.526933
v 92.464373 -2.254724 -18.755222
v 93.236091 -2.282852 -15.814200
v 96.177124 -2.323181 -16.585919
v 109.171745 -2.265196 -8.993327
v 110.256408 -2.265196 -10.849694
v 107.315357 -2.265196 -10.077960
v 108.087092 -2.265196 -7.136953
v 111.028107 -2.265196 -7.908672
v 124.022746 -2.265196 -0.316080
v 125.107400 -2.265196 -2.172446
v 122.166349 -2.265196 -1.400735
v 122.938075 -2.265196 1.540301
v 125.879090 -2.265196 0.768576
v -0.936764 -2.764213 -93.264226
v 0.125742 -2.641672 -95.118626
v -2.815287 -2.853443 -94.346909
v -2.043560 -2.889742 -91.405876
v 0.897460 -2.677971 -92.177602
v 13.891233 -2.227879 -84.584720
v 14.976725 -2.497353 -86.441389
v 12.035706 -1.913633 -85.669663
v 12.807409 -1.958736 -82.728630
v 15.748445 -2.542461 -83.500356
v 28.750861 -1.867267 -75.912246
v 29.827711 -1.905916 -77.764147
v 26.886682 -1.798687 -76.992417
v 27.658408 -1.828054 -74.051383
v 30.599450 -1.935283 -74.823119
v 43.582354 -2.014740 -67.222789
v 44.678707 -1.929663 -69.086896
v 41.737683 -2.185647 -68.315170
v 42.509409 -2.097835 -65.374155
v 45.450429 -1.841851 -66.145863
v 58.441304 -2.216903 -58.550360
v 59.529704 -2.130876 -60.409645
v 56.588689 -2.435840 -59.637933
v 57.360370 -2.302219 -56.696909
v 60.301394 -1.997256 -57.468626
v 73.296702 -2.323795 -49.876639
v 74.380687 -2.271073 -51.732413
v 71.439654 -2.486604 -50.960696
v 72.211362 -2.376621 -48.019662
v 75.152386 -2.161090 -48.791388
v 88.147604 -2.339322 -41.199356
v 89.231652 -2.316274 -43.055166
v 86.290655 -2.424356 -42.283447
v 87.062336 -2.362395 -39.342425
v 90.003387 -2.254295 -40.114120
v 102.998027 -2.297354 -32.521594
v 104.082644 -2.292348 -34.377924
v 101.141620 -2.322126 -33.606214
v 101.913319 -2.302366 -30.665179
v 104.854379 -2.272582 -31.436905
v 117.848992 -2.265196 -23.844304
v 118.933645 -2.265196 -25.700678
v 115.992612 -2.265196 -24.928959
v 116.764320 -2.265196 -21.987938
v 119.705353 -2.265196 -22.759649
v 132.700002 -2.265196 -15.167057
v 133.784637 -2.265196 -17.023438
v 130.843613 -2.265196 -16.251719
v 131.615312 -2.265196 -13.310697
v 134.556336 -2.265196 -14.082417
v 7.691707 -2.600318 -108.114369
v 8.802982 -2.844247 -109.969618
v 5.861959 -2.477568 -109.197910
v 6.633677 -2.361941 -106.256859
v 9.574708 -2.728607 -107.028585
v 22.557924 -1.869445 -99.434167
v 23.653974 -1.798343 -101.292381
v 20.712945 -1.927160 -100.520655
v 21.484662 -1.939583 -97.579649
v 24.425700 -1.810772 -98.351348
v 37.434064 -2.476280 -90.763229
v 38.504970 -2.307397 -92.615126
v 35.563928 -2.670076 -91.843427
v 36.335668 -2.648598 -88.902384
v 39.276674 -2.285925 -89.674102
v 52.262791 -2.522002 -82.077654
v 53.355954 -2.586846 -83.937879
v 50.414929 -2.430864 -83.166162
v 51.186646 -2.458060 -80.225134
v 54.127666 -2.614053 -80.996860
v 67.120525 -2.264724 -73.403223
v 68.206932 -2.362572 -75.260651
v 65.265908 -2.088449 -74.488925
v 66.037607 -2.167188 -71.547901
v 68.978658 -2.441312 -72.319627
v 81.975277 -2.150618 -64.728476
v 83.057906 -2.192862 -66.583405
v 80.116909 -2.056069 -65.811679
v 80.888599 -2.108190 -62.870654
v 83.829632 -2.244982 -63.642376
v 96.824480 -2.185163 -56.050009
v 97.908925 -2.189843 -57.906167
v 94.967865 -2.168819 -57.134441
v 95.739600 -2.180475 -54.193417
v 98.680633 -2.201499 -54.965130
v 111.675237 -2.261791 -47.372559
v 112.759890 -2.260147 -49.228926
v 109.818848 -2.258393 -48.457199
v 110.590601 -2.263442 -45.516180
v 113.531616 -2.265196 -46.287897
v 126.526238 -2.265196 -38.695304
v 127.610882 -2.265196 -40.551679
v 124.669858 -2.265196 -39.779958
v 125.441566 -2.265196 -36.838913
v 128.382582 -2.265196 -37.610642
v 141.377203 -2.265196 -30.018062
v 142.461820 -2.265196 -31.874437
v 139.520841 -2.265196 -31.102711
v 140.292549 -2.265196 -28.161689
v 143.233583 -2.265196 -28.933400
v 16.388014 -2.318384 -122.965315
v 17.480237 -2.646549 -124.820593
v 14.539199 -2.191855 -124.048893
v 15.310919 -1.991919 -121.107842
v 18.251954 -2.446606 -121.879550
v 31.241682 -2.249485 -114.286867
v 32.331220 -1.984146 -116.143355
v 29.390182 -2.408565 -115.371611
v 30.161918 -2.513573 -112.430623
v 33.102933 -2.089154 -113.202322
v 46.084540 -2.458244 -105.607470
v 47.182199 -2.604716 -107.466118
v 44.241166 -2.336451 -106.694401
v 45.012892 -2.314078 -103.753368
v 47.953938 -2.582355 -104.525094
v 60.954136 -2.041229 -96.934272
v 62.033168 -2.099552 -98.788881
v 59.092162 -1.976226 -98.017145
v 59.863870 -1.982416 -95.076121
v 62.804908 -2.105755 -95.847847
v 75.795422 -2.190788 -88.253501
v 76.884160 -2.109196 -90.111625
v 73.943154 -2.300557 -89.339908
v 74.714880 -2.271834 -86.398893
v 77.655886 -2.080473 -87.170601
v 90.651602 -2.343904 -79.578632
v 91.735180 -2.302912 -81.434388
v 88.794128 -2.412724 -80.662693
v 89.565854 -2.384995 -77.721647
v 92.506879 -2.275171 -78.493391
v 105.501518 -2.306047 -70.900812
v 106.586154 -2.305667 -72.757160
v 103.645120 -2.309826 -71.985424
v 104.416847 -2.306422 -69.044391
v 107.357844 -2.302268 -69.816122
v 120.352492 -2.265196 -62.223524
v 121.437137 -2.265196 -64.079913
v 118.496104 -2.265196 -63.308183
v 119.267821 -2.265196 -60.367158
v 122.208863 -2.265196 -61.138880
v 135.203484 -2.265196 -53.546296
v 136.288138 -2.265196 -55.402662
v 133.347078 -2.265196 -54.630950
v 134.118849 -2.265196 -51.689907
v 137.059828 -2.265196 -52.461647
v 150.054449 -2.265196 -44.869045
v 151.139121 -2.265196 -46.725430
v 148.198088 -2.265196 -45.953685
v 148.969814 -2.265196 -43.012675
v 151.910829 -2.265196 -43.784401
v -56.438271 -2.117883 18.754581
v -58.299797 -1.959742 17.661357
v -57.528076 -2.409865 20.602379
v -54.587051 -2.273435 19.830666
v -55.358769 -1.823299 16.889645
v -48.400639 -1.913406 13.470844
v -49.476707 -1.760363 15.346201
v -46.535678 -1.804687 14.574489
v -47.307400 -2.063051 11.633469
v -50.248428 -2.018734 12.405179
v -53.658713 -2.663389 5.418642
v -51.791858 -2.762814 6.523122
v -52.563584 -2.507051 3.582100
v -55.504617 -2.567430 4.353812
v -54.732896 -2.823199 7.294848
v -41.594974 -2.228333 27.416675
v -43.448814 -2.414865 26.338597
v -42.677093 -1.990593 29.279628
v -39.736068 -2.039849 28.507908
v -40.507781 -2.464133 25.566880
v -33.537568 -2.596876 22.180250
v -34.625724 -2.500941 24.023441
v -31.684704 -2.501524 23.251731
v -32.456421 -2.694541 20.310700
v -35.397445 -2.693946 21.082405
v -38.793748 -1.872218 14.126732
v -36.940884 -1.935976 15.200353
v -37.712606 -1.800368 12.259340
v -40.653634 -1.807454 13.031075
v -39.881908 -1.943061 15.972079
v -26.742857 -2.541032 36.094482
v -28.597822 -2.492070 35.015848
v -27.826100 -2.587760 37.956876
v -24.885081 -2.590379 37.185155
v -25.656798 -2.494690 34.244126
v -18.691452 -2.374339 30.833580
v -19.774741 -2.523241 32.700687
v -16.833712 -2.569049 31.928970
v -17.605438 -2.227805 28.987939
v -20.546453 -2.182003 29.759652
v -23.947252 -2.233381 22.786420
v -22.089892 -1.996188 23.877601
v -22.861609 -2.421674 20.936573
v -25.802647 -2.468765 21.708292
v -25.030920 -2.043266 24.649321
v -11.890281 -2.203481 44.779374
v -13.746839 -2.044518 43.693094
v -12.975117 -2.320476 46.634114
v -10.034089 -2.362149 45.862396
v -10.805815 -2.086179 42.921368
v -3.839029 -2.090387 39.528188
v -4.923748 -2.166813 41.377938
v -1.982720 -2.218903 40.606212
v -2.754446 -2.013145 37.665183
v -5.695468 -1.961055 38.436900
v -9.095178 -2.523548 31.478007
v -7.238897 -2.431312 32.554848
v -8.010619 -2.579705 29.613812
v -10.951654 -2.616477 30.385531
v -10.179942 -2.468071 33.326569
v 2.960479 -2.104380 53.456246
v 1.104148 -2.080467 52.370331
v 1.875876 -2.117159 55.311355
v 4.816896 -2.128269 54.539638
v 4.045176 -2.091577 51.598614
v 11.011868 -2.104043 48.197955
v 9.927235 -2.094154 50.055162
v 12.868266 -2.088485 49.283458
v 12.096539 -2.113901 46.342430
v 9.155518 -2.119576 47.114142
v 5.755886 -2.441913 40.142470
v 7.612083 -2.522805 41.232085
v 6.840353 -2.398982 38.291056
v 3.899324 -2.361364 39.062769
v 4.671043 -2.485181 42.003806
v 17.811559 -2.207787 62.130979
v 15.955132 -2.256153 61.047569
v 16.726853 -2.181617 63.988602
v 19.667882 -2.159366 63.216889
v 18.896160 -2.233909 60.275851
v 25.863007 -2.215020 56.874808
v 24.778236 -2.189113 58.732408
v 27.719255 -2.157746 57.960705
v 26.947529 -2.240872 55.019667
v 24.006501 -2.272245 55.791384
v 20.606922 -2.296759 48.822694
v 22.463071 -2.406841 49.909327
v 21.691336 -2.248810 46.968289
v 18.750316 -2.186843 47.740015
v 19.522027 -2.344874 50.681048
v 32.662513 -2.274386 70.809360
v 30.806124 -2.291385 69.724797
v 31.577827 -2.266742 72.665839
v 34.518874 -2.257387 71.894113
v 33.747130 -2.282030 68.953089
v 40.713859 -2.273214 65.553176
v 39.629196 -2.266901 67.409659
v 42.570234 -2.256908 66.637937
v 41.798499 -2.279527 63.696909
v 38.857497 -2.289514 64.468617
v 35.457711 -2.237492 57.501856
v 37.314045 -2.293993 58.586564
v 36.542351 -2.216891 55.645540
v 33.601308 -2.180991 56.417257
v 34.373025 -2.258092 59.358277
v 47.513482 -2.265196 79.486706
v 45.657102 -2.265196 78.402061
v 46.428819 -2.265196 81.343085
v 49.369857 -2.265196 80.571359
v 48.598131 -2.265196 77.630344
v 55.564860 -2.265196 74.230539
v 54.480193 -2.265196 76.086892
v 57.421226 -2.265196 75.315184
v 56.649514 -2.265196 72.374160
v 53.708467 -2.265196 73.145859
v 50.308658 -2.264215 66.179152
v 52.165037 -2.265196 67.263815
v 51.393320 -2.263227 64.322786
v 48.452300 -2.263227 65.094508
v 49.224018 -2.265196 68.035518
v 62.364479 -2.265196 88.163961
v 60.508085 -2.265196 87.079299
v 61.279812 -2.265196 90.020332
v 64.220849 -2.265196 89.248624
v 63.449150 -2.265196 86.307591
v 70.415825 -2.265196 82.907759
v 69.331181 -2.265196 84.764147
v 72.272232 -2.265196 83.992430
v 71.500488 -2.265196 81.051397
v 68.559500 -2.265196 81.823123
v 65.159659 -2.265196 74.856403
v 67.016020 -2.265196 75.941039
v 66.244303 -2.265196 73.000024
v 63.303284 -2.265196 73.771750
v 64.075014 -2.265196 76.712774
v 77.215426 -2.265196 96.841180
v 75.359091 -2.265196 95.756545
v 76.130790 -2.265196 98.697578
v 79.071823 -2.265196 97.925843
v 78.300088 -2.265196 94.984819
v 85.266799 -2.265196 91.585005
v 84.182155 -2.265196 93.441385
v 87.123197 -2.265196 92.669668
v 86.351471 -2.265196 89.728643
v 83.410428 -2.265196 90.500351
v 80.010642 -2.265196 83.533650
v 81.867012 -2.265196 84.618294
v 81.095313 -2.265196 81.677270
v 78.154280 -2.265196 82.448996
v 78.925988 -2.265196 85.390020
v -47.777920 -2.561638 3.867289
v -49.622560 -2.385259 2.810381
v -48.850834 -2.809604 5.751403
v -45.909810 -2.746159 4.979691
v -46.681527 -2.321814 2.038661
v -39.708313 -1.994863 -1.336725
v -40.799478 -2.237940 0.495224
v -37.858441 -2.235995 -0.276495
v -38.630167 -1.743603 -3.217516
v -41.571200 -1.745542 -2.445805
v -44.960553 -2.621648 -9.381087
v -43.114616 -2.406816 -8.327863
v -43.886338 -2.878270 -11.268885
v -46.827371 -2.846682 -10.497173
v -46.055654 -2.375247 -7.556144
v -32.912820 -1.871561 12.583388
v -34.771572 -1.801638 11.487620
v -33.999860 -1.934510 14.428649
v -31.058827 -1.940516 13.656930
v -31.830544 -1.807650 10.715902
v -24.865857 -1.918431 7.294695
v -25.948486 -1.804417 9.172479
v -23.007458 -1.759774 8.400752
v -23.779184 -2.028800 5.459715
v -26.720203 -2.073443 6.231435
v -30.123614 -2.554810 -0.765204
v -28.263642 -2.805911 0.349376
v -29.035359 -2.373682 -2.591645
v -31.976383 -2.312029 -1.819925
v -31.204671 -2.744257 1.121102
v -18.065253 -2.146115 21.236479
v -19.920580 -2.375357 20.164860
v -19.148859 -1.985213 23.105882
v -16.207839 -1.913658 22.334165
v -16.979561 -2.303802 19.393143
v -10.012802 -2.290373 15.992118
v -11.097501 -2.142336 17.849704
v -8.156479 -2.013065 17.077969
v -8.928185 -2.438122 14.136965
v -11.869220 -2.567387 14.908682
v -15.269287 -2.103883 7.953198
v -13.412650 -2.390584 9.026624
v -14.184367 -1.946454 6.085595
v -17.125405 -1.814300 6.857314
v -16.353679 -2.258435 9.798343
v -3.213498 -2.442189 29.934975
v -5.069597 -2.616409 28.842086
v -4.297878 -2.349953 31.783130
v -1.356849 -2.269220 31.011411
v -2.128559 -2.535676 28.070382
v 4.837093 -2.470439 24.678687
v 3.753491 -2.401927 26.526951
v 6.694519 -2.305980 25.755224
v 5.922801 -2.539952 22.814202
v 2.981773 -2.635899 23.585915
v -0.419254 -1.965889 16.627641
v 1.438341 -2.074222 17.703855
v 0.666623 -1.921639 14.762843
v -2.274415 -1.856899 15.534546
v -1.502682 -2.009488 18.475577
v 11.637522 -2.467053 38.605258
v 9.781388 -2.490396 37.519339
v 10.553114 -2.458857 40.460372
v 13.494143 -2.443729 39.688660
v 12.722433 -2.475255 36.747631
v 19.688710 -2.463777 33.349634
v 18.604481 -2.451784 35.204183
v 21.545505 -2.424104 34.432471
v 20.773793 -2.475807 31.491442
v 17.832755 -2.503493 32.263164
v 14.433185 -2.025512 25.294510
v 16.289318 -1.994041 26.381097
v 15.517608 -2.039156 23.440069
v 12.576570 -2.056922 24.211795
v 13.348290 -2.011813 27.152808
v 26.488979 -2.371578 47.279657
v 24.632380 -2.322231 46.196581
v 25.404084 -2.392283 49.137610
v 28.345119 -2.420975 48.365897
v 27.573416 -2.350917 45.424873
v 34.540217 -2.383118 42.024449
v 33.455469 -2.391602 43.881425
v 36.396497 -2.404387 43.109722
v 35.624794 -2.374670 40.168684
v 32.683747 -2.361886 40.940401
v 29.284516 -2.131852 33.971006
v 31.140304 -2.050076 35.058335
v 30.368591 -2.158206 32.117315
v 27.427563 -2.213505 32.889037
v 28.199284 -2.105374 35.830056
v 41.339795 -2.285121 55.958061
v 39.483352 -2.248559 54.873827
v 40.255069 -2.298268 57.814847
v 43.196098 -2.321697 57.043134
v 42.424403 -2.271969 54.102101
v 49.391146 -2.299023 50.702093
v 48.306429 -2.305428 52.558672
v 51.247494 -2.317654 51.786963
v 50.475763 -2.292624 48.845921
v 47.534717 -2.280398 49.617638
v 44.135156 -2.218824 42.650015
v 45.991278 -2.153912 43.735576
v 45.219565 -2.236921 40.794548
v 42.278568 -2.283705 41.566274
v 43.050267 -2.200696 44.507298
v 56.190715 -2.265196 64.635718
v 54.334349 -2.265196 63.551069
v 55.106075 -2.265196 66.492093
v 58.047099 -2.265196 65.720381
v 57.275386 -2.265196 62.779348
v 64.242079 -2.265196 59.379547
v 63.157430 -2.265196 61.235913
v 66.098477 -2.265196 60.464192
v 65.326751 -2.265196 57.523168
v 62.385691 -2.265196 58.294889
v 58.985895 -2.268920 51.328115
v 60.842279 -2.258258 52.412818
v 60.070566 -2.271932 49.471803
v 57.129533 -2.279576 50.243520
v 57.901255 -2.265902 53.184544
v 71.041725 -2.265196 73.312969
v 69.185336 -2.265196 72.228306
v 69.957053 -2.265196 75.169331
v 72.898087 -2.265196 74.397623
v 72.126379 -2.265196 71.456589
v 79.093089 -2.265196 68.056794
v 78.008427 -2.265196 69.913173
v 80.949469 -2.265196 69.141438
v 80.177743 -2.265196 66.200409
v 77.236710 -2.265196 66.972136
v 73.836887 -2.265196 60.005416
v 75.693276 -2.265196 61.090065
v 74.921559 -2.265196 58.149040
v 71.980525 -2.265196 58.920762
v 72.752233 -2.265196 61.861782
v 85.892717 -2.265196 81.990215
v 84.036283 -2.265196 80.905544
v 84.808046 -2.265196 83.846568
v 87.749070 -2.265196 83.074869
v 86.977353 -2.265196 80.133827
v 93.944045 -2.265196 76.734031
v 92.859383 -2.265196 78.590393
v 95.800434 -2.265196 77.818693
v 95.028726 -2.265196 74.877660
v 92.087684 -2.265196 75.649368
v 88.687897 -2.265196 68.682662
v 90.544250 -2.265196 69.767320
v 89.772542 -2.265196 66.826282
v 86.831499 -2.265196 67.598008
v 87.603226 -2.265196 70.539028
v -39.082300 -2.624703 -10.923347
v -40.945327 -2.877387 -12.040603
v -40.173601 -2.409313 -9.099574
v -37.232568 -2.382191 -9.871294
v -38.004289 -2.850283 -12.812322
v -31.038026 -2.791433 -16.204075
v -32.122223 -2.767268 -14.355760
v -29.181199 -2.743926 -15.127480
v -29.952911 -2.815923 -18.068508
v -32.893940 -2.839265 -17.296789
v -36.295299 -1.707905 -24.282754
v -34.437379 -1.611737 -23.178848
v -35.209096 -1.773240 -26.119875
v -38.150129 -1.802116 -25.348157
v -37.378407 -1.640620 -22.407136
v -24.238728 -2.656358 -2.302313
v -26.094340 -2.490764 -3.363364
v -25.322613 -2.763078 -0.422334
v -22.381585 -2.825861 -1.194053
v -23.153302 -2.553546 -4.135082
v -16.183965 -2.599441 -7.559589
v -17.271244 -2.712982 -5.678520
v -14.330207 -2.853283 -6.450240
v -15.101942 -2.490617 -9.391268
v -18.042957 -2.350327 -8.619549
v -21.440096 -2.044818 -15.612025
v -19.586396 -1.665950 -14.501615
v -20.358113 -2.204260 -17.442637
v -23.299137 -2.416374 -16.670917
v -22.527424 -1.878058 -13.729889
v -9.386181 -2.327482 6.389577
v -11.243341 -2.014783 5.313885
v -10.471621 -2.472482 8.254906
v -7.530593 -2.642390 7.483193
v -8.302319 -2.184696 4.542165
v -1.333572 -2.371726 1.132099
v -2.420261 -2.480727 2.998719
v 0.520775 -2.695038 2.227001
v -0.250943 -2.264742 -0.714028
v -3.191974 -2.050432 0.057690
v -6.591537 -2.293207 -6.910221
v -4.735404 -1.909811 -5.824367
v -5.507130 -2.415828 -8.765396
v -8.448152 -2.676327 -7.993662
v -7.676432 -2.170316 -5.052648
v 5.462965 -2.131477 15.081730
v 3.607651 -1.879420 13.991125
v 4.379363 -2.221781 16.932147
v 7.320400 -2.382547 16.160426
v 6.548673 -2.040205 13.219404
v 13.515531 -2.236804 9.819084
v 12.430738 -2.312691 11.675967
v 15.371759 -2.517554 10.904255
v 14.600049 -2.160985 7.963218
v 11.659018 -1.956122 8.734946
v 8.257652 -2.406221 1.773762
v 10.115582 -2.103877 2.852895
v 9.343862 -2.483237 -0.088148
v 6.402834 -2.709375 0.683562
v 7.174560 -2.330009 3.624600
v 20.313819 -2.081756 23.757858
v 18.458628 -1.937473 22.668356
v 19.230363 -2.123735 25.609385
v 22.171383 -2.225664 24.837672
v 21.399666 -2.039395 21.896637
v 28.365870 -2.181972 18.498441
v 27.281714 -2.228014 20.353198
v 30.222747 -2.386167 19.581481
v 29.451039 -2.135784 16.640450
v 26.510006 -1.977631 17.412172
v 23.108719 -2.433257 10.449905
v 24.966567 -2.221934 11.530121
v 24.194832 -2.477476 8.589091
v 21.253817 -2.644948 9.360809
v 22.025538 -2.389418 12.301834
v 35.165521 -2.115601 32.431792
v 33.309606 -2.054928 31.345598
v 34.081346 -2.129686 34.286636
v 37.022366 -2.176230 33.514909
v 36.250640 -2.101466 30.573885
v 43.217016 -2.180678 27.175061
v 42.132715 -2.204836 29.030440
v 45.073744 -2.306526 28.258727
v 44.302018 -2.156470 25.317699
v 41.360989 -2.054781 26.089420
v 37.960371 -2.411693 19.124865
v 39.817564 -2.279103 20.207354
v 39.045824 -2.434956 17.266323
v 36.104795 -2.544381 18.038042
v 36.876521 -2.388535 20.979071
v 50.016883 -2.185340 41.107688
v 48.160612 -2.168550 40.022831
v 48.932325 -2.187659 42.963868
v 51.873344 -2.202125 42.192147
v 51.101641 -2.183015 39.251127
v 58.068288 -2.212842 35.851508
v 56.983694 -2.222057 37.707688
v 59.924727 -2.269963 36.935971
v 59.153019 -2.203622 33.994929
v 56.211949 -2.155716 34.766651
v 52.811891 -2.363168 27.800593
v 54.668542 -2.292563 28.884593
v 53.896830 -2.373529 25.943562
v 50.955787 -2.433784 26.715284
v 51.727496 -2.352806 29.656310
v 64.867988 -2.260491 49.784735
v 63.011604 -2.255785 48.700086
v 63.783317 -2.260442 51.641115
v 66.724341 -2.265196 50.869393
v 65.952624 -2.260546 47.928364
v 72.919326 -2.264368 44.528555
v 71.834681 -2.265196 46.384926
v 74.775723 -2.265196 45.613209
v 74.003979 -2.263540 42.672189
v 71.062946 -2.263540 43.443897
v 67.663123 -2.299575 36.477236
v 69.519530 -2.275300 37.561835
v 68.747822 -2.302188 34.620802
v 65.806752 -2.323844 35.392528
v 66.578497 -2.296962 38.333561
v 79.718962 -2.265196 58.461977
v 77.862583 -2.265196 57.377328
v 78.634309 -2.265196 60.318361
v 81.575342 -2.265196 59.546639
v 80.803607 -2.265196 56.605611
v 87.770327 -2.265196 53.205801
v 86.685691 -2.265196 55.062177
v 89.626688 -2.265196 54.290455
v 88.855016 -2.265196 51.349426
v 85.913965 -2.265196 52.121143
v 82.514133 -2.265196 45.154423
v 84.370540 -2.265196 46.239082
v 83.598796 -2.265196 43.298062
v 80.657781 -2.265196 44.069770
v 81.429471 -2.265196 47.010799
v 94.569954 -2.265196 67.139223
v 92.713548 -2.265196 66.054561
v 93.485283 -2.265196 68.995598
v 96.426307 -2.265196 68.223868
v 95.654608 -2.265196 65.282853
v 102.621292 -2.265196 61.883030
v 101.536620 -2.265196 63.739418
v 104.477662 -2.265196 62.967697
v 103.705945 -2.265196 60.026650
v 100.764939 -2.265196 60.798376
v 97.365116 -2.265196 53.831665
v 99.221496 -2.265196 54.916323
v 98.449761 -2.265196 51.975290
v 95.508755 -2.265196 52.747012
v 96.280454 -2.265196 55.688036
v -30.414187 -1.721653 -25.786520
v -32.268072 -1.584376 -26.891594
v -31.496350 -1.779056 -23.950567
v -28.555321 -1.856875 -24.722285
v -29.327039 -1.662189 -27.663316
v -22.366564 -1.771056 -31.041645
v -23.444981 -1.832109 -29.206746
v -20.503952 -2.023212 -29.978463
v -21.275674 -1.707451 -32.919494
v -24.216703 -1.516367 -32.147781
v -27.620322 -2.859774 -39.104284
v -25.760141 -2.751784 -38.029841
v -26.531859 -2.878589 -40.970851
v -29.472878 -2.968138 -40.199143
v -28.701161 -2.841333 -37.258106
v -15.558422 -1.799368 -17.142759
v -17.417093 -1.918241 -18.214355
v -16.645381 -1.754750 -15.273326
v -13.704334 -1.679477 -16.045046
v -14.476055 -1.842961 -18.986074
v -7.512402 -1.799521 -22.377819
v -8.594005 -1.820686 -20.529512
v -5.652969 -1.927013 -21.301223
v -6.424709 -1.778013 -24.242260
v -9.365724 -1.671698 -23.470542
v -12.765927 -2.788157 -30.436862
v -10.909163 -2.780016 -29.352599
v -11.680873 -2.785728 -32.293621
v -14.621895 -2.796298 -31.521901
v -13.850183 -2.790586 -28.580866
v -0.705955 -1.942147 -8.466377
v -2.566094 -2.165102 -9.537115
v -1.794373 -1.881825 -6.596079
v 1.146654 -1.717641 -7.367805
v 0.374936 -2.000906 -10.308834
v 7.340565 -1.866390 -13.706197
v 6.256994 -1.872586 -11.852272
v 9.198016 -1.922185 -12.623984
v 8.426297 -1.860163 -15.565013
v 5.485275 -1.810564 -14.793294
v 2.086001 -2.705074 -21.761504
v 3.941830 -2.740196 -20.675345
v 3.170118 -2.698412 -23.616381
v 0.229088 -2.669965 -22.844662
v 1.000808 -2.711755 -19.903632
v 14.143962 -2.060204 0.216509
v 12.284891 -2.298679 -0.859854
v 13.056610 -2.008918 2.081162
v 15.997639 -1.820944 1.309443
v 15.225920 -2.110699 -1.631587
v 22.192364 -1.943994 -5.030905
v 21.107986 -1.944528 -3.175018
v 24.049015 -1.961190 -3.946744
v 23.277289 -1.943454 -6.887758
v 20.336260 -1.926792 -6.116047
v 16.937043 -2.621924 -13.084162
v 18.792828 -2.672002 -11.998105
v 18.021102 -2.615348 -14.939126
v 15.080073 -2.571859 -14.167422
v 15.851793 -2.628513 -11.226378
v 28.993704 -2.146238 8.898060
v 27.135874 -2.354248 7.817372
v 27.907596 -2.108926 10.758402
v 30.848638 -1.937933 9.986681
v 30.076921 -2.183254 7.045659
v 37.043609 -2.024402 3.645819
v 35.958960 -2.023132 5.502223
v 38.900007 -2.023592 4.730503
v 38.128276 -2.025696 1.789475
v 35.187243 -2.025230 2.561194
v 31.787836 -2.540375 -4.406406
v 33.643813 -2.589791 -3.320864
v 32.872092 -2.535112 -6.261901
v 29.931050 -2.490972 -5.490174
v 30.702776 -2.545645 -2.549153
v 43.843861 -2.205996 17.577682
v 41.986866 -2.359873 16.494606
v 42.758570 -2.182224 19.435632
v 45.699603 -2.052039 18.663915
v 44.927895 -2.229701 15.722893
v 51.894624 -2.105129 12.323023
v 50.809939 -2.103724 14.179464
v 53.750990 -2.099614 13.407744
v 52.979264 -2.106540 10.466722
v 50.038235 -2.110650 11.238433
v 46.638625 -2.460440 4.271278
v 48.494792 -2.499757 5.356376
v 47.723084 -2.456784 2.415347
v 44.782042 -2.421116 3.187066
v 45.553763 -2.464096 6.128093
v 58.694405 -2.245921 26.256056
v 56.837854 -2.333292 25.171845
v 57.609566 -2.233970 28.112874
v 60.550586 -2.158544 27.341155
v 59.778860 -2.257859 24.400119
v 66.745571 -2.185322 21.000312
v 65.660926 -2.184537 22.856696
v 68.601969 -2.184107 22.084975
v 67.830224 -2.186101 19.143948
v 64.889200 -2.186537 19.915668
v 61.489472 -2.381848 12.948817
v 63.345757 -2.405019 14.033615
v 62.574067 -2.379774 11.092586
v 59.633020 -2.358677 11.864312
v 60.404760 -2.383921 14.805334
v 73.545235 -2.271042 34.933720
v 71.688846 -2.285349 33.849094
v 72.460554 -2.269128 36.790123
v 75.401578 -2.256730 36.018401
v 74.629870 -2.272956 33.077372
v 81.596590 -2.260264 29.677568
v 80.511918 -2.260135 31.533934
v 83.452961 -2.265196 30.762223
v 82.681235 -2.260393 27.821192
v 79.740192 -2.255332 28.592900
v 76.340406 -2.304323 21.626185
v 78.196758 -2.307207 22.710854
v 77.425050 -2.303722 19.769828
v 74.484017 -2.301446 20.541541
v 75.255752 -2.304931 23.482567
v 88.396191 -2.265196 43.610985
v 86.539820 -2.265196 42.526336
v 87.311546 -2.265196 45.467369
v 90.252570 -2.265196 44.695647
v 89.480853 -2.265196 41.754632
v 96.447591 -2.265196 38.354818
v 95.362902 -2.265196 40.211180
v 98.303935 -2.265196 39.439472
v 97.532227 -2.265196 36.498430
v 94.591230 -2.265196 37.270156
v 91.191398 -2.265196 30.303443
v 93.047750 -2.265196 31.388096
v 92.276042 -2.265196 28.447065
v 89.335018 -2.265196 29.218785
v 90.106726 -2.265196 32.159816
v 103.247183 -2.265196 52.288227
v 101.390821 -2.265196 51.203582
v 102.162529 -2.265196 54.144602
v 105.103562 -2.265196 53.372880
v 104.331836 -2.265196 50.431856
v 111.298520 -2.265196 47.032038
v 110.213885 -2.265196 48.888426
v 113.154945 -2.265196 48.116705
v 112.383174 -2.265196 45.175667
v 109.442168 -2.265196 45.947393
v 106.042372 -2.265196 38.980678
v 107.898724 -2.265196 40.065318
v 107.127016 -2.265196 37.124316
v 104.185983 -2.265196 37.896029
v 104.957718 -2.265196 40.837044
v -21.735801 -2.393688 -40.654575
v -23.590830 -2.956120 -41.742578
v -22.819108 -2.319985 -38.801553
v -19.878084 -1.831778 -39.573270
v -20.649801 -2.467912 -42.514304
v -13.683836 -1.755155 -45.912875
v -14.767744 -1.758915 -44.057729
v -11.826720 -1.525465 -44.829455
v -12.598432 -1.751382 -47.770479
v -15.539474 -1.984833 -46.998757
v -18.944318 -2.838652 -53.958816
v -17.082891 -3.015571 -52.880819
v -17.854626 -2.859872 -55.821844
v -20.795650 -2.662070 -55.050126
v -20.023928 -2.817763 -52.109102
v -6.884836 -2.410644 -31.977697
v -8.739860 -2.894134 -33.065333
v -7.968118 -2.364910 -30.124318
v -5.027097 -1.927449 -30.896029
v -5.798816 -2.456661 -33.837060
v 1.167482 -1.829085 -37.236180
v 0.083243 -1.831459 -35.380487
v 3.024277 -1.630804 -36.152209
v 2.252552 -1.826704 -39.093237
v -0.688485 -2.027353 -38.321527
v -4.091145 -2.754870 -45.284132
v -2.231914 -2.927992 -44.203582
v -3.003634 -2.768771 -47.144606
v -5.944662 -2.581877 -46.372889
v -5.172945 -2.741097 -43.431856
v 7.966540 -2.404957 -23.301417
v 6.111146 -2.809782 -24.388099
v 6.882865 -2.374934 -21.447064
v 9.823896 -2.000256 -22.218782
v 9.052176 -2.435091 -25.159812
v 16.018657 -1.902204 -28.559232
v 14.934227 -1.903769 -26.703256
v 17.875262 -1.736910 -27.474969
v 17.103543 -1.900634 -30.415991
v 14.162514 -2.067498 -29.644278
v 10.761074 -2.675971 -36.608542
v 12.619085 -2.830947 -35.526336
v 11.847352 -2.685376 -38.467364
v 8.906330 -2.521045 -37.695645
v 9.678047 -2.666610 -34.754610
v 22.817893 -2.388670 -14.624991
v 20.962133 -2.716147 -15.710853
v 21.733850 -2.368701 -12.769823
v 24.674888 -2.061241 -13.541543
v 23.903162 -2.408693 -16.482571
v 30.869760 -1.974931 -19.882173
v 29.785219 -1.975968 -18.026009
v 32.726248 -1.843409 -18.797728
v 31.954535 -1.973901 -21.738757
v 29.013493 -2.106472 -20.967039
v 25.612793 -2.599453 -27.932362
v 27.470068 -2.729895 -26.849089
v 26.698342 -2.605857 -29.790118
v 23.757313 -2.469022 -29.018405
v 24.529046 -2.593060 -26.077377
v 37.669175 -2.366609 -5.948332
v 35.813116 -2.617857 -7.033612
v 36.584856 -2.353598 -4.092584
v 39.525866 -2.115380 -4.864302
v 38.754158 -2.379627 -7.805324
v 45.720792 -2.047456 -11.205034
v 44.636198 -2.048125 -9.348762
v 47.577240 -1.950123 -10.120481
v 46.805527 -2.046794 -13.061510
v 43.864489 -2.144796 -12.289791
v 40.464206 -2.524266 -19.255777
v 42.321046 -2.626795 -18.171849
v 41.549334 -2.528529 -21.112885
v 38.608314 -2.421736 -20.341159
v 39.380009 -2.520008 -17.400137
v 52.520352 -2.341058 2.728537
v 50.664090 -2.516928 1.643628
v 51.435834 -2.333175 4.584664
v 54.376840 -2.165188 3.812946
v 53.605123 -2.348947 0.871924
v 60.571821 -2.119846 -2.527860
v 59.487194 -2.120232 -0.671522
v 62.428232 -2.056977 -1.443233
v 61.656506 -2.119447 -4.384270
v 58.715482 -2.182714 -3.612552
v 55.315446 -2.449894 -10.578944
v 57.172043 -2.522511 -9.494609
v 56.400303 -2.452563 -12.435638
v 53.459284 -2.377290 -11.663912
v 54.231010 -2.447232 -8.722897
v 67.371417 -2.313243 11.405565
v 65.515073 -2.414362 10.320867
v 66.286799 -2.309274 13.261898
v 69.227823 -2.212118 12.490176
v 68.456097 -2.317213 9.549150
v 75.422826 -2.192144 6.149352
v 74.338173 -2.192316 8.005732
v 77.279206 -2.163918 7.234000
v 76.507471 -2.191972 4.292971
v 73.566447 -2.220376 5.064689
v 70.166579 -2.376075 -1.901915
v 72.023021 -2.417472 -0.817369
v 71.251295 -2.377486 -3.758398
v 68.310289 -2.334653 -2.986679
v 69.081952 -2.374664 -0.045650
v 82.222454 -2.283858 20.082755
v 80.366065 -2.310716 18.998102
v 81.137791 -2.282974 21.939137
v 84.078816 -2.257012 21.167409
v 83.307117 -2.284741 18.226389
v 90.273836 -2.261521 14.826591
v 89.189165 -2.261558 16.682951
v 92.130198 -2.265196 15.911240
v 91.358490 -2.261491 12.970218
v 88.417421 -2.257847 13.741929
v 85.017616 -2.302624 6.775223
v 86.874014 -2.311961 7.859878
v 86.102278 -2.303047 4.918849
v 83.161263 -2.293287 5.690562
v 83.932971 -2.302201 8.631597
v 97.073455 -2.265196 28.760011
v 95.217075 -2.265196 27.675335
v 95.988783 -2.265196 30.616384
v 98.929808 -2.265196 29.844667
v 98.158109 -2.265196 26.903627
v 105.124792 -2.265196 23.503824
v 104.040157 -2.265196 25.360197
v 106.981199 -2.265196 24.588480
v 106.209464 -2.265196 21.647444
v 103.268440 -2.265196 22.419170
v 99.868626 -2.265196 15.452451
v 101.724988 -2.265196 16.537111
v 100.953298 -2.265196 13.596089
v 98.012246 -2.265196 14.367808
v 98.783972 -2.265196 17.308814
v 111.924447 -2.265196 37.437248
v 110.068049 -2.265196 36.352590
v 110.839767 -2.265196 39.293614
v 113.780791 -2.265196 38.521902
v 113.009065 -2.265196 35.580868
v 119.975803 -2.265196 32.181055
v 118.891131 -2.265196 34.037430
v 121.832182 -2.265196 33.265717
v 121.060438 -2.265196 30.324682
v 118.119405 -2.265196 31.096408
v 114.719600 -2.265196 24.129697
v 116.575971 -2.265196 25.214353
v 115.804263 -2.265196 22.273313
v 112.863211 -2.265196 23.045041
v 113.634937 -2.265196 25.986070
v -13.057312 -2.321519 -55.508799
v -14.913584 -2.885374 -56.593565
v -14.141871 -2.415006 -53.652536
v -11.200840 -1.757621 -54.424254
v -11.972559 -2.227995 -57.365282
v -4.986444 -1.842293 -60.783285
v -6.090502 -1.743076 -58.908730
v -3.149467 -2.178408 -59.680438
v -3.921193 -1.936823 -62.621471
v -6.862215 -1.501508 -61.849754
v -10.270813 -2.242209 -68.810771
v -8.405651 -1.753253 -67.731811
v -9.177370 -2.010108 -70.672845
v -12.118399 -2.727024 -69.901119
v -11.346682 -2.470145 -66.960085
v 1.795098 -2.365511 -46.833378
v -0.062597 -2.854553 -47.916323
v 0.709114 -2.423803 -44.975299
v 3.650151 -1.876709 -45.747016
v 2.878430 -2.307458 -48.688045
v 9.854062 -1.827305 -52.097832
v 8.760490 -1.787405 -50.231479
v 11.701519 -2.023555 -51.003210
v 10.929799 -1.866218 -53.944225
v 7.988771 -1.630092 -53.172508
v 4.602424 -2.518916 -60.151103
v 6.445333 -2.113454 -59.054565
v 5.673622 -2.393700 -61.995598
v 2.732592 -2.928519 -61.223877
v 3.504303 -2.648273 -58.282857
v 16.645910 -2.375327 -38.155998
v 14.788387 -2.785464 -39.239084
v 15.560113 -2.413503 -36.298048
v 18.501133 -1.965331 -37.069774
v 17.729416 -2.337291 -40.010803
v 24.699500 -1.876714 -43.414799
v 23.611473 -1.860893 -41.554233
v 26.552511 -1.982778 -42.325954
v 25.780785 -1.892389 -45.266988
v 22.839756 -1.770498 -44.495270
v 19.449943 -2.592017 -51.472447
v 21.296324 -2.312900 -50.377337
v 20.524605 -2.528051 -53.318361
v 17.583576 -2.872853 -52.546635
v 18.355296 -2.657702 -49.605602
v 31.496496 -2.368996 -29.478243
v 29.639384 -2.700590 -30.561844
v 30.411092 -2.394308 -27.620809
v 33.352121 -2.037444 -28.392535
v 32.580408 -2.343739 -31.333563
v 39.548217 -1.947123 -34.734857
v 38.462479 -1.941491 -32.876993
v 41.403485 -1.999250 -33.648712
v 40.631768 -1.952730 -36.589728
v 37.690753 -1.894971 -35.818024
v 34.295968 -2.577631 -42.790578
v 36.147310 -2.399583 -41.700072
v 35.375606 -2.545418 -44.641115
v 32.434559 -2.756140 -43.869398
v 33.206285 -2.610305 -40.928362
v 46.347144 -2.353831 -20.800523
v 44.490358 -2.607888 -21.884597
v 45.262084 -2.370241 -18.943568
v 48.203108 -2.099792 -19.715287
v 47.431382 -2.337426 -22.656316
v 54.398405 -2.024703 -26.056542
v 53.313457 -2.023335 -24.199755
v 56.254477 -2.046837 -24.971473
v 55.482765 -2.026083 -27.912502
v 52.541740 -2.002574 -27.140775
v 49.144032 -2.526173 -34.110132
v 50.998288 -2.419214 -33.022842
v 50.226566 -2.510499 -35.963877
v 47.285551 -2.633230 -35.192160
v 48.057264 -2.541952 -32.251122
v 61.197865 -2.333322 -12.122935
v 59.341341 -2.510781 -13.207357
v 60.113053 -2.343242 -10.266321
v 63.054087 -2.155875 -11.038040
v 62.282379 -2.323402 -13.979068
v 69.249162 -2.104601 -17.378975
v 68.164445 -2.104724 -15.522514
v 71.105460 -2.112693 -16.294225
v 70.333743 -2.104454 -19.235255
v 67.392719 -2.096503 -18.463543
v 63.993655 -2.458391 -25.431236
v 65.849267 -2.398577 -24.345600
v 65.077559 -2.451317 -27.286629
v 62.136525 -2.518217 -26.514912
v 62.908252 -2.465477 -23.573881
v 76.048726 -2.309348 -3.445499
v 74.192319 -2.410975 -4.530117
v 74.964064 -2.314335 -1.589088
v 77.905052 -2.207738 -2.360799
v 77.133371 -2.304379 -5.301836
v 84.100100 -2.184911 -8.701670
v 83.015428 -2.185199 -6.845274
v 85.956461 -2.189923 -7.616978
v 85.184735 -2.184623 -10.558022
v 82.243684 -2.179899 -9.786302
v 78.844087 -2.383228 -16.753285
v 80.700277 -2.352806 -15.668360
v 79.928533 -2.380498 -18.609389
v 76.987518 -2.413632 -17.837671
v 77.759244 -2.385952 -14.896628
v 90.899691 -2.283017 5.231799
v 89.043339 -2.309409 4.147130
v 89.815020 -2.284103 7.088160
v 92.756053 -2.256620 6.316434
v 91.984345 -2.281932 3.375412
v 98.951056 -2.260202 -0.024401
v 97.866411 -2.260239 1.831973
v 100.807453 -2.265196 1.060262
v 100.035718 -2.260172 -1.880775
v 97.094685 -2.255209 -1.109056
v 93.694925 -2.304765 -8.075790
v 95.551233 -2.290698 -6.991113
v 94.779552 -2.304023 -9.932142
v 91.838492 -2.318826 -9.160423
v 92.610236 -2.305507 -6.219394
v 105.750701 -2.265196 13.909032
v 103.894313 -2.265196 12.824370
v 104.666057 -2.265196 15.765401
v 107.607072 -2.265196 14.993688
v 106.835337 -2.265196 12.052666
v 113.802066 -2.265196 8.652840
v 112.717412 -2.265196 10.509221
v 115.658427 -2.265196 9.737509
v 114.886719 -2.265196 6.796473
v 111.945686 -2.265196 7.568199
v 108.545872 -2.265196 0.601472
v 110.402234 -2.265196 1.686133
v 109.630535 -2.265196 -1.254902
v 106.689520 -2.265196 -0.483176
v 107.461210 -2.265196 2.457853
v 120.601694 -2.265196 22.586258
v 118.745287 -2.265196 21.501605
v 119.517013 -2.265196 24.442631
v 122.458037 -2.265196 23.670905
v 121.686329 -2.265196 20.729883
v 128.653013 -2.265196 17.330067
v 127.568377 -2.265196 19.186447
v 130.509420 -2.265196 18.414727
v 129.737693 -2.265196 15.473699
v 126.796660 -2.265196 16.245418
v 123.396883 -2.265196 9.278726
v 125.253253 -2.265196 10.363367
v 124.481518 -2.265196 7.422345
v 121.540485 -2.265196 8.194064
v 122.312184 -2.265196 11.135093
v -4.351307 -1.807276 -70.378382
v -6.236342 -1.537286 -71.444566
v -5.464622 -1.671023 -68.503524
v -2.523594 -2.069707 -69.275246
v -3.295313 -1.935964 -72.216274
v 3.696886 -2.727380 -75.629279
v 2.586738 -2.848510 -73.759704
v 5.527775 -2.541449 -74.531430
v 4.756054 -2.611618 -77.472445
v 1.815026 -2.918667 -76.700728
v -1.624298 -2.570816 -83.655816
v 0.271587 -2.861387 -82.582813
v -0.500132 -2.844198 -85.523810
v -3.441159 -2.295127 -84.752111
v -2.669433 -2.312311 -81.811068
v 10.469794 -1.779123 -61.682309
v 8.614635 -1.787319 -62.767306
v 9.386361 -1.786957 -59.826291
v 12.327389 -1.770927 -60.598004
v 11.555670 -1.771289 -63.539028
v 18.507326 -2.675088 -66.928774
v 17.437723 -2.605201 -65.082480
v 20.378765 -2.822928 -65.854184
v 19.607032 -2.747122 -68.795217
v 16.666019 -2.529394 -68.023491
v 13.289774 -1.939872 -75.002773
v 15.122572 -2.208456 -73.905553
v 14.350855 -2.101043 -76.846581
v 11.409830 -1.664257 -76.074855
v 12.181534 -1.771670 -73.133831
v 25.313454 -1.898364 -52.997421
v 23.465634 -2.050113 -54.090069
v 24.237360 -1.942896 -51.149045
v 27.178375 -1.745683 -51.920766
v 26.406662 -1.852900 -54.861786
v 33.361827 -2.458777 -58.252097
v 32.288715 -2.360119 -56.405220
v 35.229753 -2.738410 -57.176946
v 34.458031 -2.560074 -60.117966
v 31.517012 -2.181794 -59.346258
v 28.115964 -1.858973 -66.312535
v 29.973564 -1.849808 -65.228302
v 29.201838 -1.851053 -68.169335
v 26.260795 -1.868120 -67.397618
v 27.032526 -1.866868 -64.456603
v 40.166860 -2.019304 -44.321712
v 38.316612 -2.215370 -45.412827
v 39.088338 -2.064664 -42.471808
v 42.029380 -1.822502 -43.243511
v 41.257641 -1.973195 -46.184549
v 48.221383 -2.302152 -49.581538
v 47.139703 -2.224044 -47.727978
v 50.080727 -2.573902 -48.499700
v 49.309010 -2.380848 -51.440733
v 46.367999 -2.030984 -50.669007
v 42.959012 -2.005096 -57.628293
v 44.824533 -1.834716 -56.551064
v 44.052830 -1.940884 -59.492093
v 41.111806 -2.174169 -58.720385
v 41.883527 -2.068001 -55.779347
v 55.020843 -2.115153 -35.647364
v 53.167604 -2.299060 -36.735594
v 53.939344 -2.150759 -33.794552
v 56.880350 -1.930933 -34.566271
v 56.108637 -2.079234 -37.507302
v 63.075511 -2.223228 -40.907265
v 61.990699 -2.172868 -39.050737
v 64.931714 -2.431938 -39.822463
v 64.159988 -2.273570 -42.763480
v 61.218982 -2.014494 -41.991768
v 57.814555 -2.151342 -48.954256
v 59.675530 -1.949589 -47.873827
v 58.903804 -2.089761 -50.814847
v 55.962784 -2.352413 -50.043125
v 56.734497 -2.212241 -47.102106
v 69.873706 -2.185721 -26.972176
v 68.018583 -2.326586 -28.058348
v 68.790309 -2.209302 -25.117320
v 71.731342 -2.044757 -25.889032
v 70.959616 -2.162053 -28.830052
v 77.926752 -2.202787 -32.230338
v 76.841673 -2.175531 -30.373499
v 79.782707 -2.335150 -31.145216
v 79.010998 -2.230013 -34.086247
v 76.069965 -2.070388 -33.314519
v 72.668922 -2.243565 -40.280012
v 74.526522 -2.080424 -39.196576
v 73.754796 -2.201597 -42.137607
v 70.813781 -2.406559 -41.365888
v 71.585480 -2.285398 -38.424868
v 84.725602 -2.235620 -18.296010
v 82.869584 -2.316531 -19.381108
v 83.641265 -2.247669 -16.440080
v 86.582316 -2.154703 -17.211799
v 85.810608 -2.223560 -20.152821
v 92.777409 -2.221327 -23.552734
v 91.692665 -2.210849 -21.696257
v 94.633699 -2.281373 -22.467978
v 93.861973 -2.231799 -25.409005
v 90.920957 -2.161268 -24.637279
v 87.520945 -2.282686 -31.603782
v 89.377487 -2.186021 -30.519330
v 88.605806 -2.261264 -33.460368
v 85.664755 -2.379339 -32.688648
v 86.436499 -2.304096 -29.747613
v 99.576920 -2.269441 -9.619170
v 97.720558 -2.281048 -10.703854
v 98.492275 -2.271257 -7.762832
v 101.433317 -2.257859 -8.534551
v 100.661591 -2.267644 -11.475580
v 107.628329 -2.264932 -14.875377
v 106.543639 -2.264662 -13.019011
v 109.484682 -2.265196 -13.790730
v 108.712965 -2.265196 -16.731751
v 105.771931 -2.264662 -15.960040
v 102.372081 -2.281097 -22.926702
v 104.228461 -2.256749 -21.842090
v 103.456780 -2.276588 -24.783119
v 100.515747 -2.305440 -24.011408
v 101.287464 -2.285600 -21.070372
v 114.427921 -2.265196 -0.941959
v 112.571559 -2.265196 -2.026613
v 113.343285 -2.265196 0.914415
v 116.284318 -2.265196 0.142696
v 115.512592 -2.265196 -2.798326
v 122.479303 -2.265196 -6.198138
v 121.394659 -2.265196 -4.341764
v 124.335638 -2.265196 -5.113482
v 123.563966 -2.265196 -8.054512
v 120.622933 -2.265196 -7.282793
v 117.223119 -2.265196 -14.249505
v 119.079498 -2.265196 -13.164851
v 118.307772 -2.265196 -16.105879
v 115.366757 -2.265196 -15.334160
v 116.138447 -2.265196 -12.393139
v 129.278922 -2.265196 7.735274
v 127.422533 -2.265196 6.650619
v 128.194241 -2.265196 9.591648
v 131.135265 -2.265196 8.819937
v 130.363566 -2.265196 5.878907
v 137.330277 -2.265196 2.479109
v 136.245615 -2.265196 4.335476
v 139.186639 -2.265196 3.563765
v 138.414940 -2.265196 0.622721
v 135.473898 -2.265196 1.394441
v 132.074084 -2.265196 -5.572265
v 133.930481 -2.265196 -4.487611
v 133.158755 -2.265196 -7.428639
v 130.217740 -2.265196 -6.656921
v 130.989394 -2.265196 -3.715892
v 4.311233 -2.419816 -85.214976
v 2.440898 -2.737650 -86.295545
v 3.212616 -2.719589 -83.354503
v 6.153639 -2.107828 -84.126211
v 5.381927 -2.125870 -87.067262
v 12.350398 -2.206910 -90.467492
v 11.263984 -1.907523 -88.610696
v 14.205013 -2.490298 -89.382404
v 13.433302 -2.505616 -92.323437
v 10.492258 -1.922842 -91.551729
v 7.120084 -1.877837 -98.520293
v 8.948828 -2.018580 -97.433778
v 8.177109 -2.088688 -100.374811
v 5.236087 -1.730935 -99.603103
v 6.007799 -1.660833 -96.662061
v 19.142226 -2.710902 -76.530979
v 17.291883 -2.670953 -77.618294
v 18.063594 -2.682167 -74.677256
v 21.004629 -2.751134 -75.448991
v 20.232912 -2.739926 -78.390020
v 27.193820 -1.860237 -81.787543
v 26.114978 -1.890794 -79.933468
v 29.055984 -1.821238 -80.705171
v 28.284276 -1.829385 -83.646209
v 25.343257 -1.898947 -82.874483
v 21.935932 -2.240264 -89.839034
v 23.799804 -1.967723 -88.756540
v 23.028101 -1.979723 -91.697583
v 20.087072 -2.510070 -90.925838
v 20.858789 -2.498064 -87.984814
v 33.985282 -2.440993 -67.847230
v 32.142866 -2.172347 -68.941052
v 32.914601 -2.311298 -66.000014
v 35.855608 -2.713338 -66.771736
v 35.083904 -2.574368 -69.712769
v 42.041234 -2.171335 -73.107174
v 40.965961 -2.313550 -71.256221
v 43.906977 -1.914259 -72.027930
v 43.135264 -2.026592 -74.968958
v 40.194249 -2.425883 -74.197232
v 36.799930 -2.626985 -81.166722
v 38.650788 -2.579595 -80.079294
v 37.879084 -2.596164 -83.020318
v 34.938055 -2.674677 -82.248592
v 35.709777 -2.658107 -79.307577
v 48.851024 -2.212149 -59.179785
v 46.993858 -1.947380 -60.263815
v 47.765585 -2.110834 -57.322777
v 50.706600 -2.476734 -58.094490
v 49.934905 -2.313280 -61.035518
v 56.906560 -2.403921 -64.438875
v 55.816944 -2.493715 -62.578957
v 58.757969 -2.202389 -63.350683
v 57.986243 -2.315047 -66.291712
v 55.045227 -2.606379 -65.519990
v 51.635061 -2.440128 -72.480614
v 53.501793 -2.623353 -71.402048
v 52.730054 -2.542161 -74.343085
v 49.789047 -2.258890 -73.571355
v 50.560751 -2.340070 -70.630330
v 63.704452 -2.122895 -50.504843
v 61.844846 -1.949380 -51.586573
v 62.616572 -2.068603 -48.645526
v 65.557587 -2.295980 -49.417257
v 64.785861 -2.176764 -52.358286
v 71.755211 -2.446195 -55.760323
v 70.667937 -2.475065 -53.901715
v 73.608961 -2.364027 -54.673441
v 72.837262 -2.417479 -57.614470
v 69.896210 -2.528523 -56.842744
v 66.496586 -2.225554 -63.809590
v 68.352794 -2.413945 -62.724810
v 67.581068 -2.309532 -65.665834
v 64.640026 -2.037125 -64.894126
v 65.411725 -2.141551 -61.953093
v 78.553592 -2.131097 -41.826065
v 76.695838 -2.045916 -42.909320
v 77.467564 -2.109288 -39.968298
v 80.408561 -2.216198 -40.740015
v 79.636871 -2.152826 -43.681039
v 86.603636 -2.386608 -47.080989
v 85.518920 -2.386565 -45.224469
v 88.459953 -2.380707 -45.996195
v 87.688236 -2.386639 -48.937224
v 84.747194 -2.392504 -48.165511
v 81.349079 -2.154937 -55.133636
v 83.203759 -2.256884 -54.047568
v 82.432024 -2.192113 -56.988597
v 79.491018 -2.052849 -56.216871
v 80.262708 -2.117619 -53.275860
v 93.403400 -2.188776 -33.147700
v 91.546812 -2.159353 -34.232085
v 92.318511 -2.183199 -31.291056
v 95.259562 -2.218192 -32.062782
v 94.487836 -2.194352 -35.003797
v 101.454475 -2.303372 -38.403566
v 100.369903 -2.299538 -36.547236
v 103.310945 -2.311636 -37.318949
v 102.539201 -2.307237 -40.259991
v 99.598177 -2.295134 -39.488274
v 96.198706 -2.189690 -46.455296
v 98.054724 -2.220063 -45.370322
v 97.283034 -2.197990 -48.311351
v 94.342010 -2.159305 -47.539638
v 95.113718 -2.181371 -44.598596
v 108.254184 -2.260699 -24.470184
v 106.397804 -2.256215 -25.554838
v 107.169530 -2.260147 -22.613810
v 110.110527 -2.265196 -23.385536
v 109.338874 -2.261264 -26.326565
v 116.305539 -2.265196 -29.726376
v 115.220904 -2.265196 -27.869994
v 118.161928 -2.265196 -28.641716
v 117.390202 -2.265196 -31.582744
v 114.449160 -2.265196 -30.811023
v 111.049346 -2.260785 -37.777738
v 112.905744 -2.265196 -36.693076
v 112.133999 -2.261031 -39.634113
v 109.192984 -2.256368 -38.862387
v 109.964674 -2.260534 -35.921363
v 123.105167 -2.265196 -15.792929
v 121.248778 -2.265196 -16.877599
v 122.020514 -2.265196 -13.936562
v 124.961556 -2.265196 -14.708267
v 124.189803 -2.265196 -17.649310
v 131.156550 -2.265196 -21.049115
v 130.071887 -2.265196 -19.192748
v 133.012875 -2.265196 -19.964467
v 132.241212 -2.265196 -22.905496
v 129.300215 -2.265196 -22.133770
v 125.900374 -2.265196 -29.100483
v 127.756727 -2.265196 -28.015843
v 126.985019 -2.265196 -30.956863
v 124.043976 -2.265196 -30.185145
v 124.815693 -2.265196 -27.244124
v 137.956150 -2.265196 -7.115703
v 136.099789 -2.265196 -8.200344
v 136.871488 -2.265196 -5.259329
v 139.812512 -2.265196 -6.031049
v 139.040813 -2.265196 -8.972070
v 146.007506 -2.265196 -12.371890
v 144.922870 -2.265196 -10.515515
v 147.863903 -2.265196 -11.287227
v 147.092141 -2.265196 -14.228256
v 144.151108 -2.265196 -13.456544
v 140.751312 -2.265196 -20.423242
v 142.607710 -2.265196 -19.338595
v 141.836002 -2.265196 -22.279631
v 138.894969 -2.265196 -21.507905
v 139.666695 -2.265196 -18.566876
v 12.958800 -2.694719 -100.060211
v 11.118147 -2.625758 -101.146537
v 11.889857 -2.600391 -98.205504
v 14.830888 -2.765336 -98.977221
v 14.059173 -2.790703 -101.918254
v 21.026977 -1.856985 -105.317842
v 19.941233 -1.848538 -103.461697
v 22.882254 -1.859954 -104.233405
v 22.110542 -1.865433 -107.174439
v 19.169513 -1.854010 -106.402712
v 15.756054 -1.883132 -113.369993
v 17.626075 -1.823165 -112.284779
v 16.854369 -1.770443 -115.225785
v 13.913329 -1.941767 -114.454104
v 14.685048 -1.994489 -111.513053
v 27.845067 -1.964085 -91.390231
v 25.969130 -1.791534 -92.469300
v 26.740842 -1.798834 -89.528257
v 29.681862 -2.132171 -90.299984
v 28.910149 -2.124870 -93.241017
v 35.891483 -2.486181 -96.644346
v 34.792225 -2.668726 -94.784433
v 37.733231 -2.314292 -95.556159
v 36.961527 -2.307158 -98.497201
v 34.020499 -2.661591 -97.725484
v 30.621959 -2.632832 -104.692168
v 32.477060 -2.627316 -103.607532
v 31.705347 -2.623090 -106.548548
v 28.764305 -2.638365 -105.776839
v 29.536018 -2.642592 -102.835824
v 42.661494 -2.032616 -82.700793
v 40.820122 -2.199033 -83.792062
v 41.591825 -2.152231 -80.850997
v 44.532867 -1.863200 -81.622733
v 43.761150 -1.910002 -84.563761
v 50.715945 -2.477108 -87.958957
v 49.643203 -2.370713 -86.107205
v 52.584227 -2.613477 -86.878913
v 51.812519 -2.585496 -89.819955
v 48.871500 -2.342739 -89.048238
v 45.480168 -2.118969 -96.017326
v 47.328052 -2.296127 -94.930286
v 46.556335 -2.289894 -97.871319
v 43.615302 -1.939786 -97.099602
v 44.387005 -1.946012 -94.158578
v 57.530729 -2.357051 -74.032042
v 55.671118 -2.560055 -75.114798
v 56.442817 -2.470985 -72.173774
v 59.383851 -2.154747 -72.945500
v 58.612143 -2.243804 -75.886533
v 65.582333 -2.162998 -79.288154
v 64.494200 -2.062370 -77.429949
v 67.435224 -2.323832 -78.201657
v 66.663507 -2.263006 -81.142699
v 63.722456 -2.001544 -80.370991
v 60.316329 -2.043180 -87.335136
v 62.179035 -1.969668 -86.253058
v 61.407341 -1.986612 -89.194055
v 58.466271 -2.116135 -88.422356
v 59.238015 -2.099184 -85.481332
v 72.381400 -2.450084 -65.355040
v 70.522083 -2.522474 -66.437565
v 71.293809 -2.481795 -63.496527
v 74.234834 -2.377885 -64.268249
v 73.463117 -2.418570 -67.209273
v 80.430948 -2.105484 -70.609891
v 79.345192 -2.092369 -68.752721
v 82.286198 -2.134410 -69.524429
v 81.514490 -2.118564 -72.465471
v 78.573475 -2.076535 -71.693754
v 75.173182 -2.289490 -78.660221
v 77.030023 -2.148225 -77.575802
v 76.258297 -2.203217 -80.516836
v 73.317263 -2.430668 -79.745118
v 74.089008 -2.375676 -76.804094
v 87.228904 -2.384105 -56.675308
v 85.373075 -2.365597 -57.760323
v 86.144793 -2.374799 -54.819290
v 89.085826 -2.402620 -55.591007
v 88.314109 -2.393418 -58.532027
v 95.280060 -2.196837 -61.931339
v 94.196166 -2.214382 -60.075474
v 97.137190 -2.160863 -60.847192
v 96.365473 -2.179267 -63.788216
v 93.424458 -2.232780 -63.016503
v 90.025837 -2.368738 -69.984023
v 91.881006 -2.315255 -68.898565
v 91.109289 -2.342794 -71.839598
v 88.168255 -2.422276 -71.067881
v 88.939982 -2.394743 -68.126843
v 102.080194 -2.294907 -47.998224
v 100.224050 -2.269785 -49.083077
v 100.995776 -2.284944 -46.142048
v 103.936782 -2.320034 -46.913774
v 103.165092 -2.304875 -49.854789
v 110.131757 -2.268644 -53.254563
v 109.047149 -2.273202 -51.398237
v 111.988164 -2.258509 -52.169936
v 111.216474 -2.264080 -55.110983
v 108.275423 -2.278778 -54.339270
v 104.875582 -2.305507 -61.305981
v 106.732007 -2.306427 -60.221319
v 105.960272 -2.307611 -63.162343
v 103.019248 -2.304593 -62.390630
v 103.790974 -2.303428 -59.449602
v 116.931430 -2.265196 -39.321181
v 115.075051 -2.265196 -40.405831
v 115.846750 -2.265196 -37.464802
v 118.787801 -2.265196 -38.236528
v 118.016075 -2.265196 -41.177548
v 124.982750 -2.265196 -44.577361
v 123.898114 -2.265196 -42.720986
v 126.839183 -2.265196 -43.492699
v 126.067430 -2.265196 -46.433737
v 123.126406 -2.265196 -45.662033
v 119.726619 -2.265196 -52.628726
v 121.582990 -2.265196 -51.544081
v 120.811282 -2.265196 -54.485106
v 117.870213 -2.265196 -53.713384
v 118.641975 -2.265196 -50.772364
v 131.782422 -2.265196 -30.643935
v 129.926034 -2.265196 -31.728598
v 130.697733 -2.265196 -28.787555
v 133.638811 -2.265196 -29.559273
v 132.867058 -2.265196 -32.500310
v 139.833787 -2.265196 -35.900106
v 138.749133 -2.265196 -34.043740
v 141.690167 -2.265196 -34.815457
v 140.918440 -2.265196 -37.756502
v 137.977407 -2.265196 -36.984775
v 134.577593 -2.265196 -43.951489
v 136.433973 -2.265196 -42.866840
v 135.662256 -2.265196 -45.807864
v 132.721196 -2.265196 -45.036151
v 133.492940 -2.265196 -42.095113
v 146.633378 -2.265196 -21.966688
v 144.776999 -2.265196 -23.051350
v 145.548725 -2.265196 -20.110322
v 148.489758 -2.265196 -20.882048
v 147.718050 -2.265196 -23.823068
v 154.684752 -2.265196 -27.222889
v 153.600062 -2.265196 -25.366507
v 156.541132 -2.265196 -26.138220
v 155.769405 -2.265196 -29.079255
v 152.828372 -2.265196 -28.307536
v 149.428595 -2.265196 -35.274229
v 151.284938 -2.265196 -34.189593
v 150.513248 -2.265196 -37.130622
v 147.572233 -2.265196 -36.358887
v 148.343923 -2.265196 -33.417867
v 21.641361 -2.338297 -114.913210
v 19.795384 -2.181666 -115.997511
v 20.567105 -2.039315 -113.056451
v 23.508125 -2.497653 -113.828213
v 22.736415 -2.639991 -116.769264
v 29.688554 -2.088424 -120.169656
v 28.618456 -2.312709 -118.312671
v 31.559521 -1.969238 -119.084406
v 30.787781 -1.861286 -122.025422
v 27.846744 -2.204757 -121.253695
v 24.434550 -2.102534 -128.222214
v 26.303310 -2.002397 -127.135744
v 25.531597 -1.852642 -130.076777
v 22.590573 -2.200530 -129.305069
v 23.362294 -2.350291 -126.364036
v 36.486248 -2.065658 -106.233433
v 34.646353 -2.207192 -107.320274
v 35.418079 -2.249166 -104.379259
v 38.359126 -1.920609 -105.150949
v 37.587405 -1.878641 -108.091991
v 44.542601 -2.499745 -111.490512
v 43.469448 -2.382897 -109.635416
v 46.410495 -2.588042 -110.407142
v 45.638751 -2.618114 -113.348193
v 42.697745 -2.412963 -112.576467
v 39.287506 -2.378314 -119.543070
v 41.154302 -2.503843 -118.458497
v 40.382580 -2.590103 -121.399531
v 37.441565 -2.254865 -120.627814
v 38.213278 -2.168605 -117.686807
v 51.357977 -2.545676 -97.559585
v 49.497368 -2.582134 -98.643036
v 50.269081 -2.580748 -95.701994
v 53.210114 -2.509426 -96.473738
v 52.438388 -2.510812 -99.414735
v 59.410526 -2.038561 -102.815905
v 58.320445 -1.979349 -100.958206
v 61.261496 -2.095362 -101.729905
v 60.489757 -2.097350 -104.670920
v 57.548723 -1.981336 -103.899212
v 54.140771 -2.056456 -110.864657
v 56.005285 -1.983673 -109.781251
v 55.233572 -1.966803 -112.722284
v 52.292530 -2.128410 -111.950594
v 53.064270 -2.145281 -109.009543
v 66.200976 -2.297446 -88.879618
v 64.348329 -2.144906 -89.965781
v 65.120073 -2.181083 -87.024766
v 68.061097 -2.450679 -87.796474
v 67.289380 -2.414503 -90.737507
v 74.252882 -2.227971 -94.136164
v 73.171437 -2.324789 -92.280923
v 76.112461 -2.109822 -93.052685
v 75.340744 -2.130668 -95.993683
v 72.399729 -2.345641 -95.221993
v 69.004461 -2.436011 -102.189960
v 70.856259 -2.366468 -101.104032
v 70.084569 -2.368548 -104.045056
v 67.143527 -2.505996 -103.273339
v 67.915253 -2.503898 -100.332315
v 81.058150 -2.125613 -80.205219
v 79.199321 -2.060830 -81.288539
v 79.971056 -2.086510 -78.347501
v 82.912089 -2.190224 -79.119218
v 82.140381 -2.164550 -82.060265
v 89.108420 -2.372419 -85.460752
v 88.022420 -2.401479 -83.603695
v 90.963453 -2.327918 -84.375421
v 90.191727 -2.343432 -87.316472
v 87.250721 -2.416981 -86.544737
v 83.848196 -2.326451 -93.510400
v 85.707269 -2.405491 -92.426794
v 84.935543 -2.389314 -95.367810
v 81.994519 -2.247669 -94.596102
v 82.766236 -2.263840 -91.655086
v 95.906042 -2.190776 -71.526291
v 94.050313 -2.215450 -72.611306
v 94.822039 -2.205395 -69.670282
v 97.763063 -2.166090 -70.441995
v 96.991346 -2.176144 -73.383032
v 103.957786 -2.299784 -76.782711
v 102.873412 -2.289017 -74.926467
v 105.814446 -2.316292 -75.698170
v 105.042719 -2.310556 -78.639217
v 102.101695 -2.283275 -77.867495
v 98.702315 -2.209358 -84.834419
v 100.558261 -2.251626 -83.749530
v 99.786535 -2.236406 -86.690572
v 96.845493 -2.167065 -85.918864
v 97.617210 -2.182285 -82.977840
v 110.757585 -2.268950 -62.849370
v 108.901296 -2.279472 -63.934060
v 109.673022 -2.274337 -60.993045
v 112.614019 -2.258435 -61.764757
v 111.842329 -2.263570 -64.705768
v 118.809058 -2.265196 -68.105582
v 117.724377 -2.265196 -66.249225
v 120.665429 -2.265196 -67.020946
v 119.893703 -2.265196 -69.961975
v 116.952678 -2.265196 -69.190262
v 113.552874 -2.261822 -76.156973
v 115.409235 -2.265110 -75.072311
v 114.637509 -2.261227 -78.013321
v 111.696494 -2.258534 -77.241618
v 112.468202 -2.262423 -74.300594
v 125.608668 -2.265196 -54.172169
v 123.752279 -2.265196 -55.256814
v 124.524041 -2.265196 -52.315798
v 127.465056 -2.265196 -53.087516
v 126.693330 -2.265196 -56.028540
v 133.660032 -2.265196 -59.428354
v 132.575360 -2.265196 -57.571987
v 135.516412 -2.265196 -58.343700
v 134.744686 -2.265196 -61.284724
v 131.803671 -2.265196 -60.513007
v 128.403866 -2.265196 -67.479723
v 130.260218 -2.265196 -66.395064
v 129.488510 -2.265196 -69.336080
v 126.547477 -2.265196 -68.564376
v 127.319203 -2.265196 -65.623347
v 140.459624 -2.265196 -45.494923
v 138.603280 -2.265196 -46.579585
v 139.375006 -2.265196 -43.638539
v 142.316039 -2.265196 -44.410256
v 141.544313 -2.265196 -47.351284
v 148.511051 -2.265196 -50.751098
v 147.426398 -2.265196 -48.894732
v 150.367395 -2.265196 -49.666449
v 149.595723 -2.265196 -52.607478
v 146.654654 -2.265196 -51.835770
v 143.254804 -2.265196 -58.802476
v 145.111256 -2.265196 -57.717827
v 144.339493 -2.265196 -60.658851
v 141.398478 -2.265196 -59.887125
v 142.170168 -2.265196 -56.946101
v 155.310607 -2.265196 -36.817681
v 153.454263 -2.265196 -37.902341
v 154.226025 -2.265196 -34.961306
v 157.167004 -2.265196 -35.733018
v 156.395296 -2.265196 -38.674061
v 163.361980 -2.265196 -42.073874
v 162.277345 -2.265196 -40.217499
v 165.218360 -2.265196 -40.989203
v 164.446634 -2.265196 -43.930245
v 161.505637 -2.265196 -43.158528
v 158.105805 -2.265196 -50.125243
v 159.962202 -2.265196 -49.040572
v 159.190494 -2.265196 -51.981596
v 156.249461 -2.265196 -51.209897
v 157.021187 -2.265196 -48.268859
v -63.875109 -1.876604 14.398505
v -65.725293 -1.921050 13.322745
v -64.953572 -1.778903 16.263767
v -62.012543 -1.831342 15.492048
v -60.147821 -1.896333 16.588606
v -61.240830 -2.036168 18.433079
v -59.071523 -1.754916 14.720335
v -57.998610 -2.029764 12.844938
v -56.130490 -1.885095 13.948623
v -56.902203 -2.299348 11.007587
v -49.020954 -2.625145 23.078005
v -50.874310 -2.587379 21.999978
v -50.102589 -2.679094 24.941007
v -47.161564 -2.663334 24.169296
v -45.298678 -2.537596 25.268639
v -46.389843 -2.365855 27.110309
v -44.220540 -2.712344 23.397575
v -43.141938 -2.587637 21.525659
v -41.279503 -2.686535 22.625858
v -42.051224 -2.465311 19.684822
v -34.163206 -2.005636 31.774142
v -36.023318 -1.888886 30.677218
v -35.251596 -2.130066 33.618249
v -32.310568 -2.120361 32.846536
v -30.455851 -2.305428 33.924949
v -31.538851 -2.493003 35.787556
v -29.369548 -2.119416 32.074814
v -28.282066 -2.004716 30.230934
v -26.428510 -2.127754 31.303097
v -27.200228 -1.887996 28.362062
v -19.317456 -2.154747 40.430195
v -21.172335 -2.308716 39.354462
v -20.400613 -2.025224 42.295495
v -17.459589 -1.999115 41.523778
v -15.602997 -2.021838 42.610524
v -16.687863 -2.038328 44.464797
v -14.518556 -2.005292 40.752065
v -13.434946 -2.107116 38.885947
v -11.577527 -1.968932 39.980344
v -12.349244 -2.207450 37.039310
v -4.464735 -2.419196 49.121030
v -6.321341 -2.517174 48.031708
v -5.549628 -2.355426 50.972737
v -2.608606 -2.321678 50.201020
v -0.752398 -2.201321 51.281561
v -1.836887 -2.123668 53.142048
v 0.332421 -2.278478 49.429303
v 1.417100 -2.356916 47.575666
v 3.273451 -2.223167 48.657585
v 2.501740 -2.435692 45.716552
v 10.385981 -2.381069 57.792383
v 8.529642 -2.352610 56.708945
v 9.301364 -2.398626 59.649974
v 12.242377 -2.409546 58.878266
v 14.098700 -2.332813 59.963873
v 13.014099 -2.292784 61.819281
v 15.183406 -2.372916 58.106535
v 16.267953 -2.384099 56.251041
v 18.124443 -2.358033 57.334823
v 17.352724 -2.395283 54.393785
v 25.237026 -2.276876 66.470312
v 23.380637 -2.236197 65.386192
v 24.152349 -2.296992 68.327220
v 27.093383 -2.317574 67.555494
v 28.949722 -2.304471 68.640292
v 27.865104 -2.300090 70.496523
v 30.034407 -2.308882 66.783786
v 31.119069 -2.301348 64.927190
v 32.975426 -2.315280 66.012065
v 32.203723 -2.293821 63.071027
v 40.087986 -2.265196 75.148092
v 38.231606 -2.265196 74.063438
v 39.003323 -2.265196 77.004453
v 41.944370 -2.265196 76.232745
v 43.800723 -2.265196 77.317399
v 42.716083 -2.265196 79.173778
v 44.885381 -2.265196 75.461019
v 45.970021 -2.265196 73.604639
v 47.826428 -2.265196 74.689311
v 47.054715 -2.265196 71.748278
v 54.939001 -2.265196 83.825338
v 53.082603 -2.265196 82.740684
v 53.854338 -2.265196 85.681700
v 56.795340 -2.265196 84.909992
v 58.651719 -2.265196 85.994645
v 57.567066 -2.265196 87.851025
v 59.736377 -2.265196 84.138274
v 60.821063 -2.265196 82.281904
v 62.677397 -2.265196 83.366548
v 61.905684 -2.265196 80.425524
v 69.789979 -2.265196 92.502566
v 67.933600 -2.265196 91.417922
v 68.705308 -2.265196 94.358946
v 71.646314 -2.265196 93.587220
v 73.502711 -2.265196 94.671873
v 72.418058 -2.265196 96.528253
v 74.587356 -2.265196 92.815512
v 75.672019 -2.265196 90.959132
v 77.528407 -2.265196 92.043786
v 76.756663 -2.265196 89.102770
v -55.179480 -1.837925 -0.423039
v -57.048051 -1.735781 -1.528239
v -56.276325 -2.017942 1.412783
v -53.335315 -1.936154 0.641064
v -51.475794 -2.161961 1.732100
v -50.394268 -1.814367 -0.130648
v -49.306700 -1.777884 -1.981412
v -47.453248 -1.800822 -0.902367
v -48.224956 -1.741180 -3.843388
v -40.336459 -2.432226 8.247108
v -42.197059 -2.672585 7.149001
v -41.425338 -2.171040 10.090022
v -38.484323 -2.196512 9.318311
v -36.634572 -2.002439 10.378003
v -35.543285 -2.197775 8.546598
v -34.455572 -2.434656 6.704251
v -32.602261 -2.175819 7.774872
v -33.373982 -2.676278 4.833844
v -25.492196 -2.584736 16.893992
v -27.346076 -2.459342 15.826234
v -26.574355 -2.687247 18.767256
v -23.633330 -2.712632 17.995544
v -21.775333 -2.542516 19.096224
v -20.692297 -2.666321 17.223824
v -19.608380 -2.623078 15.359252
v -17.751278 -2.683995 16.452105
v -18.522990 -2.580368 13.511083
v -10.638666 -2.200696 25.590301
v -12.495089 -1.967097 24.503481
v -11.723374 -2.341696 27.444510
v -8.782345 -2.433803 26.672790
v -6.926065 -2.524738 27.748966
v -5.841314 -2.470519 25.901073
v -4.756349 -2.348960 24.036159
v -2.900286 -2.578337 25.129351
v -3.672005 -2.229099 22.188316
v 4.211771 -2.049143 34.271032
v 2.355892 -1.954803 33.180720
v 3.127610 -2.093111 36.121745
v 6.068647 -2.143060 35.350032
v 7.925370 -2.316421 36.430302
v 9.009669 -2.234473 34.578315
v 10.093875 -2.158875 32.725550
v 11.950700 -2.337205 33.806593
v 11.178974 -2.082798 30.865565
v 19.063329 -2.106448 42.941418
v 17.206884 -2.131888 41.857962
v 17.978595 -2.093792 44.798982
v 20.919623 -2.080989 44.027256
v 22.775854 -2.201653 45.112903
v 23.860654 -2.154403 43.255548
v 24.944845 -2.127919 41.401428
v 26.801685 -2.205487 42.483831
v 26.029950 -2.101319 39.542806
v 33.914416 -2.207499 51.618836
v 32.057870 -2.258816 50.535209
v 32.829573 -2.187819 53.476228
v 35.770624 -2.156139 52.704507
v 37.626864 -2.202358 53.789626
v 38.711644 -2.187819 51.932799
v 39.796216 -2.184923 50.076663
v 41.652655 -2.199677 51.161077
v 40.880951 -2.182028 48.220053
v 48.765237 -2.268950 60.297036
v 46.908866 -2.279655 59.212446
v 47.680574 -2.264994 62.153470
v 50.621603 -2.258239 61.381749
v 52.478005 -2.261718 62.466411
v 53.562645 -2.260209 60.610031
v 54.647285 -2.261049 58.753656
v 56.503674 -2.265196 59.838319
v 55.731948 -2.261883 56.897299
v 63.616224 -2.265196 68.974350
v 61.759858 -2.265196 67.889688
v 62.531557 -2.265196 70.830726
v 65.472595 -2.265196 70.058990
v 67.328975 -2.265196 71.143653
v 68.413610 -2.265196 69.287278
v 69.498300 -2.265196 67.430912
v 71.354652 -2.265196 68.515552
v 70.582935 -2.265196 65.574537
v 78.467217 -2.265196 77.651583
v 76.610837 -2.265196 76.566930
v 77.382536 -2.265196 79.507954
v 80.323569 -2.265196 78.736246
v 82.179949 -2.265196 79.820890
v 83.264620 -2.265196 77.964520
v 84.349265 -2.265196 76.108149
v 86.205627 -2.265196 77.192803
v 85.433918 -2.265196 74.251778
v -46.520512 -2.348420 -15.312773
v -48.370805 -2.040095 -16.379223
v -47.599097 -2.713056 -13.438202
v -44.658064 -2.665180 -14.209921
v -42.807970 -2.769569 -13.148783
v -41.717035 -2.664303 -14.981640
v -40.636069 -2.343807 -16.856247
v -38.776002 -2.705761 -15.753351
v -39.547728 -2.031518 -18.694380
v -31.663316 -1.776755 -6.612336
v -33.519822 -1.747904 -7.701976
v -32.748109 -1.794601 -4.760954
v -29.807085 -1.805460 -5.532674
v -27.950154 -2.149630 -4.439422
v -26.866052 -1.922547 -6.304400
v -25.781765 -1.829735 -8.137765
v -23.925014 -1.997354 -7.076111
v -24.696741 -1.733383 -10.017133
v -16.811714 -2.043996 2.037920
v -18.668834 -2.320967 0.975272
v -17.897117 -1.893560 3.916285
v -14.956080 -1.761658 3.144574
v -13.101010 -1.888886 4.242710
v -12.015060 -1.829986 2.372847
v -10.929191 -1.883352 0.503865
v -9.074031 -1.768234 1.601137
v -9.845757 -1.935577 -1.339901
v -1.961666 -2.322445 10.738539
v -3.817845 -2.618808 9.652503
v -3.046132 -2.202763 12.593526
v -0.105097 -2.026371 11.821814
v 1.752062 -1.953067 12.900299
v 2.835933 -1.984158 11.050095
v 3.922885 -2.065394 9.181577
v 5.776961 -1.834403 10.278375
v 5.005235 -2.144894 7.337347
v 12.888156 -2.438140 19.420742
v 11.033141 -2.635819 18.329737
v 11.804851 -2.374498 21.270764
v 14.745873 -2.241203 20.499047
v 16.603672 -2.089645 21.576987
v 17.686911 -2.139520 19.727330
v 18.772640 -2.204646 17.866664
v 20.627953 -1.977379 18.955608
v 19.856218 -2.269257 16.014573
v 27.739654 -2.438600 28.094624
v 25.884133 -2.536345 27.006977
v 26.655832 -2.412975 29.948006
v 29.596874 -2.340997 29.176279
v 31.453945 -2.198064 30.258210
v 32.537894 -2.237719 28.404567
v 33.622737 -2.278981 26.547555
v 35.478936 -2.108356 27.632850
v 34.707205 -2.320194 24.691819
v 42.591265 -2.382363 36.769512
v 40.735116 -2.416153 35.684226
v 41.506829 -2.375768 38.625241
v 44.447862 -2.348585 37.853528
v 46.304413 -2.258583 38.937563
v 47.388872 -2.280214 37.081816
v 48.473512 -2.300569 35.225468
v 50.329924 -2.202597 36.310089
v 49.558197 -2.320930 33.369056
v 57.442429 -2.305501 45.446162
v 55.586108 -2.314390 44.361467
v 56.357821 -2.304967 47.302492
v 59.298845 -2.296606 46.530765
v 61.155238 -2.276196 47.615365
v 62.239878 -2.280459 45.759053
v 63.324545 -2.284925 43.902633
v 65.180898 -2.258589 44.987336
v 64.409190 -2.289392 42.046307
v 72.293480 -2.265196 54.123372
v 70.437082 -2.265196 53.038714
v 71.208808 -2.265196 55.979738
v 74.149832 -2.265196 55.208021
v 76.006194 -2.265196 56.292670
v 77.090857 -2.265196 54.436286
v 78.175519 -2.265196 52.579929
v 80.031890 -2.265196 53.664578
v 79.260164 -2.265196 50.723558
v 87.144463 -2.265196 62.800609
v 85.288074 -2.265196 61.715951
v 86.059782 -2.265196 64.656975
v 89.000825 -2.265196 63.885258
v 90.857204 -2.265196 64.969921
v 91.941849 -2.265196 63.113527
v 93.026520 -2.265196 61.257161
v 94.882900 -2.265196 62.341824
v 94.111156 -2.265196 59.400786
v -37.836574 -2.709902 -30.104288
v -39.693559 -3.026688 -31.230215
v -38.921846 -2.532431 -28.289187
v -35.980817 -2.405301 -29.060904
v -34.123832 -2.001875 -28.014593
v -33.039789 -2.216437 -29.832623
v -31.956396 -2.420417 -31.676840
v -30.098760 -1.934847 -30.604345
v -30.870477 -2.628820 -33.545364
v -22.986558 -2.792237 -21.470479
v -24.842576 -2.778967 -22.552976
v -24.070863 -2.803150 -19.611946
v -21.129825 -2.805543 -20.383665
v -19.274273 -2.361205 -19.294250
v -18.188806 -2.519511 -21.155384
v -17.109462 -2.616391 -22.990502
v -15.247773 -2.265086 -21.927103
v -16.019499 -2.717215 -24.868118
v -8.131625 -2.658524 -12.806545
v -9.991597 -2.472807 -13.875728
v -9.219885 -2.716485 -10.934706
v -6.278849 -2.845860 -11.706425
v -4.425818 -2.504420 -10.609300
v -3.337820 -2.595128 -12.478144
v -2.257234 -2.640905 -14.322302
v -0.396784 -2.417356 -13.249863
v -1.168502 -2.687799 -16.190892
v 6.719114 -2.525045 -4.124952
v 4.859395 -2.286533 -5.198488
v 5.631123 -2.582153 -2.257459
v 8.572143 -2.764753 -3.029178
v 10.425705 -2.531314 -1.936012
v 11.513172 -2.580196 -3.800896
v 12.595697 -2.601569 -5.651748
v 14.454203 -2.468059 -4.572616
v 13.682483 -2.623182 -7.513644
v 21.568789 -2.423441 4.557549
v 19.710387 -2.196211 3.478760
v 20.482084 -2.467875 6.419781
v 23.423128 -2.651199 5.648069
v 25.277904 -2.502616 6.736954
v 26.364162 -2.527971 4.876344
v 27.447911 -2.537461 3.022120
v 29.305172 -2.462477 4.104624
v 28.533469 -2.546995 1.163596
v 36.418717 -2.351420 13.238081
v 34.561370 -2.168396 12.155994
v 35.333092 -2.381780 15.097020
v 38.274111 -2.534596 14.325303
v 40.129809 -2.447213 15.411615
v 41.215127 -2.459520 13.553584
v 42.299464 -2.463293 11.697920
v 44.156160 -2.424171 12.781864
v 43.384456 -2.467065 9.840835
v 51.269094 -2.302305 21.917008
v 49.412349 -2.180586 20.833233
v 50.184088 -2.319930 23.774262
v 53.125090 -2.424055 23.002527
v 54.981257 -2.378658 24.087657
v 56.066128 -2.383817 22.230823
v 57.150691 -2.385026 20.374631
v 59.007161 -2.365787 21.459106
v 58.235448 -2.386234 18.518075
v 66.119770 -2.270319 30.594946
v 64.263345 -2.218897 29.510466
v 65.035063 -2.277030 32.451504
v 67.976078 -2.321728 31.679782
v 69.832466 -2.303550 32.764495
v 70.917111 -2.304906 30.908063
v 72.001755 -2.305250 29.051726
v 73.858144 -2.294465 30.136330
v 73.086445 -2.305587 27.195315
v 80.970708 -2.265196 39.272371
v 79.114338 -2.265196 38.187722
v 79.886055 -2.265196 41.128746
v 82.827070 -2.265196 40.357033
v 84.683440 -2.265196 41.441678
v 85.768094 -2.265196 39.585307
v 86.852775 -2.265196 37.728927
v 88.709127 -2.265196 38.813590
v 87.937419 -2.265196 35.872566
v 95.821682 -2.265196 47.949603
v 93.965321 -2.265196 46.864959
v 94.737047 -2.265196 49.805988
v 97.678062 -2.265196 49.034266
v 99.534432 -2.265196 50.118920
v 100.619086 -2.265196 48.262553
v 101.703767 -2.265196 46.406183
v 103.560137 -2.265196 47.490827
v 102.788402 -2.265196 44.549803
v -29.160728 -2.163421 -44.994378
v -31.016317 -1.563776 -46.081201
v -30.244600 -2.261153 -43.140179
v -27.303580 -2.762643 -43.911889
v -25.444959 -2.859258 -42.833732
v -24.362547 -2.840173 -44.683620
v -23.275037 -2.823959 -46.545833
v -21.421518 -3.041631 -45.455328
v -22.193231 -2.807935 -48.396356
v -14.310414 -2.124048 -36.315948
v -16.165334 -1.600909 -37.403968
v -15.393621 -2.181494 -34.462930
v -12.452593 -2.646782 -35.234656
v -10.594105 -2.770385 -34.154922
v -9.511557 -2.755189 -36.006369
v -8.425238 -2.745146 -37.865961
v -6.570535 -2.943218 -36.778088
v -7.342246 -2.735165 -39.719110
v 0.540848 -2.120785 -27.639558
v -1.314358 -1.676790 -28.726722
v -0.542623 -2.157697 -25.785691
v 2.398398 -2.564589 -26.557403
v 4.256240 -2.687149 -25.475902
v 5.339428 -2.675953 -27.329129
v 6.425058 -2.669346 -29.187319
v 8.280457 -2.840658 -28.100846
v 7.508740 -2.662763 -31.041877
v 15.392230 -2.132643 -18.963226
v 13.536644 -1.766651 -20.049480
v 14.308361 -2.157145 -17.108451
v 17.249383 -2.498555 -17.880156
v 19.106666 -2.607324 -16.797361
v 20.190411 -2.599342 -18.651882
v 21.275621 -2.594925 -20.509266
v 23.131440 -2.736294 -19.423600
v 22.359730 -2.590508 -22.364630
v 30.243534 -2.152207 -10.286691
v 28.387633 -1.862967 -11.372233
v 29.159342 -2.168402 -8.431204
v 32.100357 -2.441416 -9.202930
v 33.957238 -2.529634 -8.119256
v 35.041394 -2.524161 -9.974634
v 36.126337 -2.521247 -11.831539
v 37.982419 -2.631016 -10.746360
v 37.210715 -2.518339 -13.687382
v 45.094775 -2.176212 -1.609923
v 43.238612 -1.962742 -2.694993
v 44.010316 -2.186475 0.246037
v 46.951344 -2.389670 -0.525682
v 48.807972 -2.453299 0.558522
v 49.892387 -2.449821 -1.297402
v 50.977153 -2.448017 -3.154000
v 52.833420 -2.525180 -2.069121
v 52.061685 -2.446213 -5.010142
v 59.945889 -2.203014 7.067034
v 58.089613 -2.064584 5.982255
v 58.861308 -2.208818 8.923285
v 61.802341 -2.341439 8.151559
v 63.658793 -2.377903 9.236074
v 64.743392 -2.376026 7.379846
v 65.828037 -2.375057 5.523393
v 67.684389 -2.418994 6.608135
v 66.912672 -2.374118 3.667098
v 74.796935 -2.231676 15.744143
v 72.940574 -2.167740 14.659494
v 73.712300 -2.234013 17.600516
v 76.653333 -2.295612 16.828797
v 78.509722 -2.303170 17.913437
v 79.594357 -2.302612 16.057080
v 80.679029 -2.302323 14.200712
v 82.535390 -2.312581 15.285358
v 81.763664 -2.302035 12.344336
v 89.647964 -2.265196 24.421390
v 87.791566 -2.265196 23.336736
v 88.563292 -2.265196 26.277758
v 91.504343 -2.265196 25.506052
v 93.360678 -2.265196 26.590695
v 94.445367 -2.265196 24.734326
v 95.530012 -2.265196 22.877951
v 97.386383 -2.265196 23.962600
v 96.614647 -2.265196 21.021571
v 104.498929 -2.265196 33.098638
v 102.642567 -2.265196 32.013971
v 103.414275 -2.265196 34.955005
v 106.355308 -2.265196 34.183278
v 108.211652 -2.265196 35.267941
v 109.296323 -2.265196 33.411566
v 110.380995 -2.265196 31.555182
v 112.237366 -2.265196 32.639849
v 111.465648 -2.265196 29.698818
v -20.485931 -2.257797 -59.844114
v -22.339080 -1.664373 -60.932193
v -21.567358 -2.135385 -57.991151
v -18.626338 -2.852345 -58.762886
v -16.771337 -2.868853 -57.677392
v -15.685301 -2.877859 -59.534598
v -14.585328 -2.825603 -61.406781
v -12.744281 -2.614882 -60.306311
v -13.515994 -2.775409 -63.247344
v -5.630709 -2.180623 -51.171545
v -7.488092 -1.652975 -52.254955
v -6.716375 -2.107454 -49.313922
v -3.775344 -2.708050 -50.085639
v -1.921545 -2.781255 -48.997927
v -0.834331 -2.793825 -50.857361
v 0.254017 -2.782691 -52.718409
v 2.106711 -2.702535 -51.629083
v 1.334993 -2.771673 -54.570098
v 9.220565 -2.157225 -42.494773
v 7.362900 -1.707574 -43.577709
v 8.134610 -2.110220 -40.636676
v 11.075646 -2.606686 -41.408393
v 12.930087 -2.696044 -40.321195
v 14.016666 -2.706774 -42.180097
v 15.101658 -2.707314 -44.037118
v 16.957696 -2.693265 -42.951823
v 16.185986 -2.707853 -45.892860
v 24.071187 -2.156802 -33.817133
v 22.213874 -1.786043 -34.900463
v 22.985600 -2.125699 -31.959434
v 25.926629 -2.527462 -32.731153
v 27.781798 -2.614010 -31.644812
v 28.867667 -2.622194 -33.502866
v 29.951914 -2.625881 -35.358805
v 31.808713 -2.642592 -34.274576
v 31.036969 -2.629562 -37.215619
v 38.921815 -2.168145 -25.139370
v 37.064862 -1.875451 -26.223216
v 37.836574 -2.147655 -23.282196
v 40.777612 -2.460802 -24.053915
v 42.633314 -2.534345 -22.968307
v 43.718636 -2.540173 -24.825633
v 44.802915 -2.544075 -26.681498
v 46.659678 -2.571350 -25.597337
v 45.887939 -2.547964 -28.538381
v 53.772478 -2.186291 -16.461714
v 51.915840 -1.970643 -17.545984
v 52.687580 -2.173347 -14.604948
v 55.628604 -2.401927 -15.376667
v 57.484668 -2.456354 -14.291576
v 58.569615 -2.460151 -16.148386
v 59.654051 -2.463201 -18.004469
v 61.510653 -2.488684 -16.920105
v 60.738926 -2.466243 -19.861141
v 68.623289 -2.208701 -7.784198
v 66.766846 -2.069247 -8.868737
v 67.538563 -2.201401 -5.927708
v 70.479614 -2.348150 -6.699427
v 72.335858 -2.379560 -5.614627
v 73.420611 -2.381633 -7.471139
v 74.505202 -2.383473 -9.327418
v 76.361627 -2.399117 -8.242858
v 75.589928 -2.385308 -11.183894
v 83.474200 -2.233958 0.893165
v 81.617838 -2.170016 -0.191490
v 82.389519 -2.231038 2.749539
v 85.330570 -2.297900 1.977821
v 87.186941 -2.303661 3.062490
v 88.271604 -2.304268 1.206108
v 89.356248 -2.304783 -0.650273
v 91.212637 -2.305115 0.434382
v 90.440911 -2.305323 -2.506647
v 98.325201 -2.265196 9.570412
v 96.468821 -2.265196 8.485751
v 97.240529 -2.265196 11.426780
v 100.181581 -2.265196 10.655060
v 102.037933 -2.265196 11.739723
v 103.122587 -2.265196 9.883342
v 104.207258 -2.265196 8.026982
v 106.063611 -2.265196 9.111623
v 105.291894 -2.265196 6.170594
v 113.176193 -2.265196 18.247646
v 111.319795 -2.265196 17.162991
v 112.091521 -2.265196 20.104012
v 115.032537 -2.265196 19.332293
v 116.888925 -2.265196 20.416956
v 117.973588 -2.265196 18.560574
v 119.058223 -2.265196 16.704194
v 120.914648 -2.265196 17.788870
v 120.142859 -2.265196 14.847835
v -11.779811 -2.524762 -74.710805
v -13.661833 -2.931108 -75.783176
v -12.890121 -2.793010 -72.842152
v -9.949083 -2.130103 -73.613864
v -8.131573 -1.839949 -72.508171
v -7.008061 -1.657263 -74.385586
v -5.910913 -1.703415 -76.248410
v -4.067017 -1.774915 -75.157294
v -4.838752 -1.748566 -78.098336
v 3.057418 -2.775115 -66.030928
v 1.189145 -2.890883 -67.105939
v 1.960865 -2.818947 -64.164914
v 4.901901 -2.660506 -64.936627
v 6.750937 -2.225296 -63.846393
v 7.842924 -2.054112 -65.708340
v 8.902087 -1.921161 -67.547588
v 10.783953 -1.628669 -66.480052
v 10.012234 -1.781105 -69.421090
v 17.889296 -2.696124 -57.337938
v 16.040131 -2.600465 -58.428692
v 16.811857 -2.662561 -55.487659
v 19.752888 -2.792359 -56.259385
v 21.615415 -2.420417 -55.180457
v 22.693907 -2.314409 -57.031089
v 23.771048 -2.188721 -58.881182
v 25.634945 -1.820919 -57.802815
v 24.863223 -2.060787 -60.743839
v 32.739809 -2.568963 -48.659092
v 30.891130 -2.385762 -49.751450
v 31.662856 -2.521744 -46.810426
v 34.603866 -2.753109 -47.582139
v 36.466116 -2.483758 -46.503690
v 37.544909 -2.423061 -48.353856
v 38.630981 -2.336929 -50.211591
v 40.485928 -2.021930 -49.125568
v 39.714229 -2.251111 -52.066611
v 47.593933 -2.459790 -39.984591
v 45.742113 -2.264687 -41.074202
v 46.513834 -2.418687 -38.133180
v 49.454854 -2.655396 -38.904897
v 51.314510 -2.477077 -37.823994
v 52.395878 -2.443956 -39.676616
v 53.483031 -2.391995 -41.535624
v 55.336898 -2.161587 -40.448329
v 54.565199 -2.340402 -43.389351
v 62.447406 -2.377063 -31.309900
v 60.593082 -2.211885 -32.396969
v 61.364826 -2.347426 -29.455940
v 64.305832 -2.542406 -30.227660
v 66.163586 -2.434465 -29.144660
v 67.246866 -2.417675 -30.999377
v 68.332947 -2.389467 -32.857372
v 70.187890 -2.240798 -31.771089
v 69.416164 -2.361370 -34.712118
v 77.299740 -2.317446 -22.634187
v 75.444092 -2.205020 -23.719720
v 76.215828 -2.299765 -20.778692
v 79.156825 -2.429901 -21.550412
v 81.013593 -2.373210 -20.466250
v 82.097849 -2.365934 -22.322130
v 83.182972 -2.353106 -24.179041
v 85.038864 -2.273073 -23.093850
v 84.267174 -2.340310 -26.034878
v 92.151311 -2.276103 -13.957659
v 90.295084 -2.228995 -15.042481
v 91.066793 -2.269349 -12.101452
v 94.007799 -2.323194 -12.873171
v 95.864233 -2.302127 -11.788567
v 96.948850 -2.300238 -13.644883
v 98.033540 -2.297084 -15.501286
v 99.889865 -2.270987 -14.416594
v 99.118157 -2.293931 -17.357631
v 107.002483 -2.265196 -5.280572
v 105.146077 -2.265196 -6.365234
v 105.917803 -2.265196 -3.424212
v 108.858800 -2.265196 -4.195924
v 110.715170 -2.265196 -3.111269
v 111.799833 -2.265196 -4.967643
v 112.884496 -2.265196 -6.824017
v 114.740848 -2.265196 -5.739362
v 113.969158 -2.265196 -8.680391
v 121.853430 -2.265196 3.396668
v 119.997069 -2.265196 2.312006
v 120.768786 -2.265196 5.253028
v 123.709765 -2.265196 4.481316
v 125.566144 -2.265196 5.565971
v 126.650780 -2.265196 3.709597
v 127.735442 -2.265196 1.853216
v 129.591867 -2.265196 2.937892
v 128.820114 -2.265196 -0.003144
v -3.169284 -2.596293 -89.542610
v -4.984598 -2.366671 -90.634150
v -4.212879 -2.316973 -87.693135
v -1.271843 -2.840057 -88.464843
v 0.596347 -2.788433 -87.382819
v 1.669180 -2.733509 -89.236578
v 2.764714 -2.393823 -91.094838
v 4.610208 -2.114147 -90.008277
v 3.838488 -2.058609 -92.949328
v 11.746175 -1.838238 -80.882061
v 9.866394 -1.672250 -81.956913
v 10.638104 -1.713095 -79.015893
v 13.579142 -1.999587 -79.787615
v 15.423241 -2.332862 -78.697421
v 16.520157 -2.569509 -80.559327
v 17.584200 -2.672812 -82.407722
v 19.461193 -2.806543 -81.331044
v 18.689487 -2.779495 -84.272064
v 26.554906 -1.938473 -72.184095
v 24.717379 -2.129220 -73.279675
v 25.489096 -2.045052 -70.338642
v 28.430125 -1.743886 -71.110368
v 30.301783 -1.959742 -70.035584
v 31.371154 -2.065173 -71.882076
v 32.454623 -2.238326 -73.737796
v 34.312187 -2.541743 -72.653802
v 33.540456 -2.411847 -75.594831
v 41.419577 -2.221529 -63.514025
v 39.568353 -2.507972 -64.602429
v 40.340079 -2.343855 -61.661396
v 43.281113 -1.933731 -62.433122
v 45.137732 -1.940552 -61.348956
v 46.222146 -1.940227 -63.204834
v 47.315760 -2.017316 -65.067699
v 49.163161 -2.191334 -63.976556
v 48.391448 -2.092964 -66.917585
v 56.278884 -2.378504 -54.843231
v 54.419354 -2.601054 -55.925183
v 55.191072 -2.455348 -52.984163
v 58.132096 -2.156513 -53.755885
v 59.984178 -2.053131 -52.667616
v 61.073120 -2.016139 -54.527602
v 62.158863 -2.023242 -56.385039
v 64.014153 -2.049205 -55.299314
v 63.242427 -2.030334 -58.240343
v 71.129076 -2.412209 -46.165560
v 69.270338 -2.538375 -47.247954
v 70.042055 -2.448005 -44.306917
v 72.983088 -2.286257 -45.078643
v 74.837127 -2.166188 -43.991829
v 75.924112 -2.130582 -45.850364
v 77.007383 -2.113656 -47.705587
v 78.865127 -2.066173 -46.622072
v 78.093419 -2.096681 -49.563106
v 85.978369 -2.374321 -37.486741
v 84.121339 -2.427030 -38.570699
v 84.893047 -2.386265 -35.629677
v 87.834062 -2.321635 -36.401390
v 89.689836 -2.240510 -35.316130
v 90.775104 -2.219726 -37.173109
v 91.859143 -2.204830 -39.028906
v 93.716119 -2.155335 -37.944835
v 92.944411 -2.189917 -40.885864
v 100.828729 -2.304397 -28.808876
v 98.972304 -2.319519 -29.893457
v 99.744021 -2.306422 -26.952437
v 102.685054 -2.289275 -27.724157
v 104.541361 -2.272748 -26.639442
v 105.626096 -2.268901 -28.495867
v 106.710705 -2.266687 -30.352226
v 108.567102 -2.260785 -29.267586
v 107.795403 -2.264472 -32.208608
v 115.679703 -2.265196 -20.131556
v 113.823305 -2.265196 -21.216219
v 114.595013 -2.265196 -18.275190
v 117.536046 -2.265196 -19.046908
v 119.392417 -2.265196 -17.962261
v 120.477088 -2.265196 -19.818627
v 121.561742 -2.265196 -21.674994
v 123.418104 -2.265196 -20.590347
v 122.646386 -2.265196 -23.531368
v 130.530677 -2.265196 -11.454323
v 128.674288 -2.265196 -12.538971
v 129.446005 -2.265196 -9.597942
v 132.387047 -2.265196 -10.369669
v 134.243409 -2.265196 -9.285006
v 135.328044 -2.265196 -11.141388
v 136.412671 -2.265196 -12.997769
v 138.269114 -2.265196 -11.913085
v 137.497360 -2.265196 -14.854135
v 5.568993 -2.032880 -104.400127
v 3.692657 -1.849323 -105.485160
v 4.464369 -1.697918 -102.544118
v 7.405398 -2.210530 -103.315835
v 9.240449 -2.414626 -102.230242
v 10.346418 -2.747600 -104.087570
v 11.436167 -2.711246 -105.943498
v 13.287454 -2.694026 -104.859278
v 12.515736 -2.675039 -107.800311
v 20.390465 -2.222860 -95.721407
v 18.543643 -2.466507 -96.807914
v 19.315353 -2.502788 -93.866890
v 22.256375 -1.975864 -94.638598
v 24.096622 -1.884727 -93.550067
v 25.197413 -1.787675 -95.410315
v 26.301877 -1.974882 -97.270536
v 28.138441 -2.134416 -96.182050
v 27.366715 -2.157513 -99.123065
v 35.248280 -2.632286 -87.045155
v 33.394626 -2.614121 -88.130658
v 34.166338 -2.616041 -85.189643
v 37.107371 -2.650518 -85.961369
v 38.973661 -2.423410 -84.880747
v 40.048400 -2.253381 -86.733077
v 41.117920 -2.093761 -88.583998
v 42.989424 -1.897892 -87.504795
v 42.217707 -1.930424 -90.445828
v 50.095910 -2.315562 -78.365645
v 48.245604 -2.092142 -79.453430
v 49.017330 -2.174605 -76.512397
v 51.958359 -2.540523 -77.284132
v 53.813722 -2.550277 -76.199099
v 54.899379 -2.558424 -78.055836
v 55.992175 -2.460029 -79.916382
v 57.840434 -2.307434 -78.827562
v 57.068690 -2.363070 -81.768577
v 64.958159 -2.097160 -69.694910
v 63.096587 -1.955724 -70.776175
v 63.868309 -2.026414 -67.835160
v 66.809351 -2.237872 -68.606877
v 68.660516 -2.379805 -67.518834
v 69.750375 -2.450808 -69.378594
v 70.833529 -2.465912 -71.234174
v 72.691409 -2.490543 -70.150315
v 71.919682 -2.481040 -73.091340
v 79.804470 -2.103362 -61.014763
v 77.947566 -2.087080 -62.098946
v 78.719301 -2.098516 -59.157913
v 81.660343 -2.119631 -59.929639
v 83.516379 -2.242596 -58.844733
v 84.601349 -2.293115 -60.701352
v 85.683978 -2.333813 -62.556308
v 87.542401 -2.422834 -61.473074
v 86.770656 -2.374689 -64.414102
v 94.654350 -2.193671 -52.336613
v 92.798558 -2.224909 -53.421700
v 93.570284 -2.206849 -50.480667
v 96.511317 -2.162421 -51.252384
v 98.367905 -2.216106 -50.167929
v 99.452341 -2.234216 -52.024110
v 100.536760 -2.254755 -53.880282
v 102.393366 -2.308010 -52.795836
v 101.621639 -2.275306 -55.736856
v 109.505894 -2.266079 -43.659780
v 107.649568 -2.271134 -44.744458
v 108.421276 -2.268711 -41.803420
v 111.362309 -2.261031 -42.575147
v 113.218671 -2.263116 -41.490480
v 114.303325 -2.265196 -43.346859
v 115.387987 -2.265196 -45.203234
v 117.244385 -2.265196 -44.118592
v 116.472659 -2.265196 -47.059609
v 124.356949 -2.265196 -34.982540
v 122.500560 -2.265196 -36.067210
v 123.272286 -2.265196 -33.126181
v 126.213311 -2.265196 -33.897900
v 128.069654 -2.265196 -32.813238
v 129.154335 -2.265196 -34.669620
v 130.238979 -2.265196 -36.525979
v 132.095359 -2.265196 -35.441339
v 131.323660 -2.265196 -38.382374
v 139.207914 -2.265196 -26.305316
v 137.351534 -2.265196 -27.389970
v 138.123279 -2.265196 -24.448927
v 141.064294 -2.265196 -25.220660
v 142.920673 -2.265196 -24.136005
v 144.005273 -2.265196 -25.992380
v 145.089962 -2.265196 -27.848753
v 146.946306 -2.265196 -26.764084
v 146.174616 -2.265196 -29.705126
v 14.237194 -1.880426 -119.249673
v 12.369897 -1.837538 -120.336134
v 13.141607 -1.768118 -117.395101
v 16.082638 -1.922498 -118.166845
v 17.953130 -2.053646 -117.080908
v 19.023667 -2.333715 -118.938553
v 20.091198 -2.538105 -120.796632
v 21.964702 -2.632317 -119.710243
v 21.192983 -2.745220 -122.651294
v 29.088403 -2.609152 -110.574542
v 27.220880 -2.669076 -111.658888
v 27.992606 -2.705804 -108.717873
v 30.933630 -2.550301 -109.489563
v 32.796770 -2.377854 -108.405542
v 33.874659 -2.134404 -110.261289
v 34.944766 -1.996777 -112.116729
v 36.815669 -1.902296 -111.033042
v 36.043975 -1.857040 -113.974030
v 43.936228 -2.128042 -101.898633
v 42.071858 -1.959331 -102.981641
v 42.843576 -1.940117 -100.040635
v 45.784622 -2.294858 -100.812352
v 47.628123 -2.437226 -99.724545
v 48.725642 -2.587097 -101.584061
v 49.815189 -2.543743 -103.441434
v 51.666671 -2.505401 -102.355778
v 50.894967 -2.500665 -105.296802
v 58.770626 -2.068645 -93.216804
v 56.922864 -2.167703 -94.304413
v 57.694563 -2.153777 -91.363380
v 60.635596 -1.968490 -92.135106
v 62.498239 -2.057039 -91.052893
v 63.576639 -2.126784 -92.906814
v 64.659720 -2.255785 -94.762652
v 66.517654 -2.406111 -93.678522
v 65.745946 -2.385081 -96.619573
v 73.632812 -2.358045 -84.543742
v 71.773829 -2.484954 -85.627167
v 72.545564 -2.444625 -82.686134
v 75.486588 -2.231504 -83.457860
v 77.338973 -2.146360 -82.371290
v 78.427604 -2.089117 -84.229586
v 79.513486 -2.104607 -86.086580
v 81.368637 -2.128717 -85.001294
v 80.596911 -2.120061 -87.942318
v 88.481400 -2.387418 -75.865439
v 86.624821 -2.394651 -76.949916
v 87.396529 -2.389841 -74.008905
v 90.337563 -2.380192 -74.780613
v 92.193969 -2.297814 -73.695955
v 93.278605 -2.252853 -75.552340
v 94.362011 -2.218946 -77.408032
v 96.219611 -2.162642 -76.324066
v 95.447912 -2.184960 -79.265081
v 103.331786 -2.291514 -67.187790
v 101.475822 -2.263454 -68.272679
v 102.247540 -2.276613 -65.331668
v 105.188555 -2.319587 -66.103381
v 107.045007 -2.299526 -65.018795
v 108.129579 -2.291440 -66.875093
v 109.214142 -2.281263 -68.731419
v 111.070603 -2.260257 -67.646819
v 110.298895 -2.271086 -70.587852
v 118.183194 -2.265196 -58.510783
v 116.326815 -2.265196 -59.595446
v 117.098523 -2.265196 -56.654413
v 120.039556 -2.265196 -57.426125
v 121.895935 -2.265196 -56.341472
v 122.980571 -2.265196 -58.197847
v 124.065224 -2.265196 -60.054226
v 125.921604 -2.265196 -58.969573
v 125.149896 -2.265196 -61.910597
v 133.034177 -2.265196 -49.833532
v 131.177798 -2.265196 -50.918195
v 131.949524 -2.265196 -47.977166
v 134.890539 -2.265196 -48.748883
v 136.746919 -2.265196 -47.664230
v 137.831536 -2.265196 -49.520605
v 138.916208 -2.265196 -51.376980
v 140.772605 -2.265196 -50.292331
v 140.000879 -2.265196 -53.233360
v 147.885142 -2.265196 -41.156300
v 146.028781 -2.265196 -42.240953
v 146.800471 -2.265196 -39.299933
v 149.741540 -2.265196 -40.071646
v 151.597902 -2.265196 -38.986990
v 152.682573 -2.265196 -40.843363
v 153.767191 -2.265196 -42.699729
v 155.623588 -2.265196 -41.615076
v 154.851880 -2.265196 -44.556118
v -52.738865 -2.428214 20.900019
v -53.815343 -2.690075 22.771691
v -51.646018 -2.170733 19.058949
v -50.552530 -1.967533 17.219827
v -52.417753 -1.835735 16.117905
v -54.276429 -1.860500 15.028549
v -53.189461 -1.897530 13.176896
v -46.220369 -2.361615 9.782849
v -44.366371 -2.138354 10.861750
v -45.138093 -2.662272 7.920720
v -48.079126 -2.586962 8.692431
v -49.927091 -2.673597 7.624652
v -51.020150 -2.540173 9.464157
v -52.109128 -2.220351 11.312123
v -53.961174 -2.418969 10.235870
v -57.369556 -2.374909 3.254927
v -59.217363 -2.187616 2.184501
v -58.445646 -2.737116 5.125538
v -59.528176 -2.711749 6.984281
v -61.386670 -2.719957 5.897249
v -57.673924 -2.703578 8.066560
v -55.806446 -2.558737 9.169877
v -37.883376 -1.964975 29.581712
v -38.964347 -1.877445 31.448937
v -36.795035 -2.051284 27.736196
v -35.711150 -2.276496 25.877279
v -37.566752 -2.483286 24.795160
v -39.418152 -2.583834 23.724509
v -38.338478 -2.705688 21.854132
v -31.376142 -2.555620 18.434864
v -29.515388 -2.704762 19.538983
v -30.287105 -2.420423 16.597945
v -33.228134 -2.410203 17.369671
v -35.083108 -2.173936 16.290286
v -36.169162 -2.411675 18.141390
v -37.259650 -2.556841 19.978768
v -39.110200 -2.423417 18.913101
v -42.518595 -1.975919 11.922408
v -43.594658 -1.774768 13.802778
v -44.672994 -1.895916 15.674202
v -42.822932 -1.984956 16.743787
v -40.965848 -2.204524 17.830503
v -23.026934 -2.448741 38.278855
v -24.113359 -2.326016 40.126174
v -21.944052 -2.573086 36.413438
v -20.860022 -2.548099 34.553632
v -22.715769 -2.519125 33.472400
v -24.573608 -2.322513 32.380204
v -23.487482 -2.152182 30.531378
v -16.519926 -2.092614 27.141718
v -14.664396 -2.287177 28.216222
v -15.436131 -1.955307 25.275187
v -18.377142 -1.895935 26.046913
v -20.234398 -1.946246 24.955854
v -21.318170 -1.906897 26.818630
v -22.400912 -2.030678 28.687620
v -24.259199 -1.877089 27.590349
v -27.656419 -2.585717 20.638112
v -28.743675 -2.486279 22.480004
v -29.828876 -2.278208 24.333964
v -27.971954 -2.054180 25.421040
v -26.117797 -1.966269 26.494211
v -8.178251 -2.439410 46.941392
v -9.262376 -2.495353 48.803434
v -7.093060 -2.383958 45.090679
v -6.008551 -2.275159 43.231593
v -7.864779 -2.109619 42.149633
v -9.720818 -2.039475 41.070479
v -8.636505 -1.992360 39.208617
v -1.669914 -2.021206 35.807882
v 0.186596 -2.010850 36.893466
v -0.585123 -2.029254 33.952442
v -3.526165 -2.031537 34.724150
v -5.382590 -2.231866 33.634806
v -6.467187 -2.112907 35.495876
v -7.552256 -2.052990 37.344678
v -9.408209 -2.144207 36.267598
v -12.808834 -2.450741 29.288166
v -13.892683 -2.561964 31.157251
v -14.977282 -2.550166 33.015558
v -13.120966 -2.531321 34.098277
v -11.264415 -2.337506 35.185516
v 6.673263 -2.240418 55.623935
v 5.588616 -2.305458 57.480662
v 7.757925 -2.175421 53.767926
v 8.842450 -2.134888 51.914303
v 6.986206 -2.057039 50.826897
v 5.129833 -2.140268 49.738131
v 6.214495 -2.188641 47.885864
v 13.181543 -2.167531 44.481911
v 15.037573 -2.055757 45.570708
v 14.265856 -2.220793 42.629679
v 11.324834 -2.278925 43.401401
v 9.468124 -2.400657 42.320751
v 8.383798 -2.342862 44.173118
v 7.299201 -2.265852 46.027903
v 5.442770 -2.411926 44.944835
v 2.042861 -2.186297 37.980605
v 0.958310 -2.279103 39.834490
v -0.126362 -2.363493 41.684566
v 1.730020 -2.508959 42.775519
v 3.586227 -2.460385 43.863074
v 21.524189 -2.197794 64.302103
v 20.439599 -2.215358 66.157904
v 22.608911 -2.180206 62.445154
v 23.693542 -2.184665 60.588616
v 21.837198 -2.190402 59.504139
v 19.980882 -2.274239 58.418853
v 21.065481 -2.314525 56.563106
v 28.032264 -2.276011 53.162754
v 29.888558 -2.188181 54.247954
v 29.116845 -2.311114 51.306921
v 26.175817 -2.363800 52.078643
v 24.319293 -2.385326 50.994622
v 23.234784 -2.378363 52.850369
v 22.149994 -2.346420 54.707914
v 20.293753 -2.420656 53.622072
v 16.893629 -2.121355 46.657739
v 15.809288 -2.148808 48.511737
v 14.724559 -2.204045 50.369115
v 16.581005 -2.319507 51.452756
v 18.437511 -2.370045 52.535562
v 36.375240 -2.261294 72.978766
v 35.290587 -2.261172 74.835146
v 37.459880 -2.261417 71.122405
v 38.544525 -2.264159 69.266007
v 36.688181 -2.266877 68.181367
v 34.831797 -2.291079 67.096723
v 35.916455 -2.300127 65.240338
v 42.883184 -2.287447 61.840498
v 44.739541 -2.262448 62.925183
v 43.967824 -2.295361 59.984163
v 41.026804 -2.312440 60.755876
v 39.170429 -2.303213 59.671100
v 38.085758 -2.308151 61.527597
v 37.001072 -2.304139 63.384081
v 35.144747 -2.318764 62.299319
v 31.744920 -2.184586 55.332504
v 30.660280 -2.181347 57.188979
v 29.575522 -2.195450 59.045887
v 31.432006 -2.233142 60.130003
v 33.288444 -2.275944 61.214186
v 51.226232 -2.265196 81.656013
v 50.141579 -2.265196 83.512402
v 52.310872 -2.265196 79.799651
v 53.395535 -2.265196 77.943272
v 51.539169 -2.265196 76.858618
v 49.682789 -2.265196 75.773964
v 50.767447 -2.265196 73.917585
v 57.734167 -2.265196 70.517771
v 59.590551 -2.265196 71.602434
v 58.818807 -2.265196 68.661409
v 55.877787 -2.265196 69.433126
v 54.021412 -2.265196 68.348477
v 52.936750 -2.265196 70.204826
v 51.852087 -2.265196 72.061214
v 49.995721 -2.265196 70.976570
v 46.595916 -2.262834 64.009827
v 45.511267 -2.260669 65.866229
v 44.426614 -2.261055 67.722596
v 46.282971 -2.265196 68.807245
v 48.139378 -2.265196 69.891907
v 66.077211 -2.265196 90.333259
v 64.992566 -2.265196 92.189639
v 67.161873 -2.265196 88.476898
v 68.246527 -2.265196 86.620518
v 66.390156 -2.265196 85.535864
v 64.533759 -2.265196 84.451184
v 65.618448 -2.265196 82.594849
v 72.585150 -2.265196 79.195035
v 74.441521 -2.265196 80.279680
v 73.669813 -2.265196 77.338656
v 70.728789 -2.265196 78.110373
v 68.872382 -2.265196 77.025692
v 67.787755 -2.265196 78.882090
v 66.703093 -2.265196 80.738461
v 64.846704 -2.265196 79.653798
v 61.446917 -2.265196 72.687096
v 60.362259 -2.265196 74.543458
v 59.277610 -2.265196 76.399837
v 61.133976 -2.265196 77.484500
v 62.990352 -2.265196 78.569144
v 80.928194 -2.265196 99.010506
v 79.843522 -2.265196 100.866876
v 82.784574 -2.265196 100.095159
v 82.012848 -2.265196 97.154126
v 83.097510 -2.265196 95.297746
v 84.953899 -2.265196 96.382418
v 81.241139 -2.265196 94.213093
v 79.384769 -2.265196 93.128457
v 80.469413 -2.265196 91.272069
v 87.436106 -2.265196 87.872255
v 89.292522 -2.265196 88.956917
v 88.520778 -2.265196 86.015893
v 85.579745 -2.265196 86.787610
v 83.723392 -2.265196 85.702957
v 82.638720 -2.265196 87.559336
v 81.554076 -2.265196 89.415698
v 79.697696 -2.265196 88.331044
v 76.297891 -2.265196 81.364333
v 75.213256 -2.265196 83.220722
v 74.128584 -2.265196 85.077084
v 75.984937 -2.265196 86.161737
v 77.841317 -2.265196 87.246391
v -44.050434 -2.709154 6.071904
v -42.968781 -2.756465 4.207972
v -41.892768 -2.492592 2.324361
v -43.740498 -2.264049 1.266943
v -45.589277 -2.036052 0.202375
v -44.512211 -1.743051 -1.674087
v -37.547163 -1.777013 -5.081209
v -35.689138 -1.741223 -3.989236
v -36.460851 -1.810091 -6.930265
v -39.401879 -1.812472 -6.158546
v -41.264771 -2.114619 -7.267655
v -42.342904 -1.809993 -5.386834
v -43.429595 -1.776669 -3.537175
v -45.283928 -1.807496 -4.615115
v -48.689196 -2.786316 -11.596217
v -50.540112 -2.727282 -12.666483
v -49.768404 -2.860909 -9.725447
v -50.842190 -2.528640 -7.845534
v -52.709433 -2.757318 -8.953735
v -48.996683 -2.308924 -6.784425
v -47.150963 -2.063664 -5.727553
v -29.201977 -2.200346 14.744166
v -28.117793 -1.979441 12.885213
v -27.031210 -1.892959 11.044651
v -28.889515 -1.776854 9.944190
v -30.750350 -1.979404 8.834353
v -29.661232 -2.145023 7.003154
v -22.694892 -2.232903 3.595203
v -20.838146 -1.910272 4.688004
v -21.609863 -2.434386 1.746976
v -24.550887 -2.552908 2.518687
v -26.406237 -2.678235 1.452099
v -27.491916 -2.595747 3.290406
v -28.575675 -2.369198 5.153822
v -30.432954 -2.667334 4.062124
v -33.829274 -2.030310 -2.882815
v -34.917417 -2.258650 -1.048206
v -36.008085 -2.489985 0.780342
v -34.145690 -2.753207 1.892815
v -32.288271 -2.710080 2.984883
v -14.351523 -1.940411 23.421776
v -13.266810 -1.925449 21.562452
v -12.182374 -2.035248 19.690367
v -14.038523 -2.214953 18.621421
v -15.894509 -2.448091 17.548811
v -14.810235 -2.595152 15.680395
v -7.844749 -2.532363 12.294913
v -5.987163 -2.330322 13.365244
v -6.758873 -2.628930 10.424224
v -9.699918 -2.736729 11.195934
v -11.555572 -2.562362 10.094108
v -12.640928 -2.654831 11.967654
v -13.725916 -2.624832 13.830597
v -15.581953 -2.682603 12.739364
v -18.982105 -1.862451 5.765886
v -20.066424 -1.831017 7.629033
v -21.150201 -1.959926 9.504847
v -19.294707 -2.156194 10.570062
v -17.438784 -2.417233 11.637936
v 0.499895 -2.112619 32.087142
v 1.584181 -2.194776 30.239692
v 2.668857 -2.298373 28.383086
v 0.812462 -2.517836 27.298663
v -1.044261 -2.548062 26.216479
v 0.040751 -2.560497 24.357634
v 7.006984 -2.547823 20.959709
v 8.863829 -2.520388 22.042485
v 8.092112 -2.555706 19.101457
v 5.151089 -2.575288 19.873174
v 3.295544 -2.324188 18.782212
v 2.210052 -2.427736 20.644886
v 1.126314 -2.493537 22.491035
v -0.730976 -2.352334 21.416599
v -4.129545 -2.094878 14.436288
v -5.215444 -1.984446 16.306259
v -6.299923 -1.949847 18.156151
v -4.443724 -1.886254 19.247294
v -2.587968 -2.119999 20.339492
v 15.350590 -2.287839 40.772766
v 16.435165 -2.354818 38.916934
v 17.519217 -2.403148 37.064237
v 15.663448 -2.529934 35.975909
v 13.807669 -2.433392 34.886317
v 14.891735 -2.391891 33.034881
v 21.859016 -2.451771 29.631996
v 23.714815 -2.518787 30.719725
v 22.943095 -2.427858 27.778694
v 20.002057 -2.384878 28.550420
v 18.145321 -2.189573 27.467590
v 17.061045 -2.255196 29.322133
v 15.977071 -2.323292 31.174359
v 14.120014 -2.143594 30.093845
v 10.720335 -2.288717 23.126377
v 9.635542 -2.202824 24.983507
v 8.551903 -2.129011 26.831988
v 10.407259 -1.951025 27.924534
v 12.262769 -2.047462 29.014176
v 30.201314 -2.339874 49.451509
v 31.286166 -2.368677 47.594180
v 32.370571 -2.380118 45.738736
v 30.514422 -2.419374 44.653151
v 28.658426 -2.312366 43.566469
v 29.742718 -2.273950 41.712123
v 36.709863 -2.350855 38.310551
v 38.565800 -2.430576 39.396967
v 37.794078 -2.327126 36.455943
v 34.853050 -2.271208 37.227655
v 32.996218 -2.160691 36.144741
v 31.912021 -2.191592 37.999377
v 30.827381 -2.232768 39.855698
v 28.971001 -2.103656 38.771080
v 25.570636 -2.366051 31.806683
v 24.486525 -2.319317 33.660754
v 23.402140 -2.263644 35.515741
v 25.258246 -2.103043 36.601778
v 27.114540 -2.103350 37.686386
v 45.052464 -2.300673 58.127878
v 46.137127 -2.305992 56.271417
v 47.221767 -2.305710 54.415074
v 45.365414 -2.310262 53.330393
v 43.509102 -2.254969 52.245450
v 44.593701 -2.237964 50.389351
v 51.560489 -2.281748 46.989212
v 53.416792 -2.322648 48.074213
v 52.645061 -2.270883 45.133175
v 49.704019 -2.240854 45.904897
v 47.847540 -2.197389 44.820632
v 46.763022 -2.207113 46.676614
v 45.678301 -2.222541 48.533138
v 43.821975 -2.164685 47.448327
v 40.421872 -2.357125 40.482605
v 39.337526 -2.338518 42.337986
v 38.252796 -2.311213 44.194637
v 40.109243 -2.218051 45.279024
v 41.965691 -2.191371 46.363176
v 59.903465 -2.265196 66.805021
v 60.988119 -2.265196 64.948664
v 62.072790 -2.265196 63.092284
v 60.216393 -2.265196 62.007630
v 58.360022 -2.265196 60.922981
v 59.444680 -2.265196 59.066597
v 66.411404 -2.265196 55.666801
v 68.267775 -2.265196 56.751441
v 67.496076 -2.265196 53.810422
v 64.555025 -2.265196 54.582134
v 62.698632 -2.261730 53.497458
v 61.614005 -2.263018 55.353847
v 60.529347 -2.264104 57.210222
v 58.672972 -2.263018 56.125573
v 55.273108 -2.301115 49.158948
v 54.188496 -2.297262 51.015242
v 53.103833 -2.291214 52.871608
v 54.960208 -2.264767 53.956271
v 56.816588 -2.263896 55.040911
v 74.754457 -2.265196 75.482276
v 75.839129 -2.265196 73.625896
v 76.923782 -2.265196 71.769517
v 75.067394 -2.265196 70.684881
v 73.211014 -2.265196 69.600210
v 74.295722 -2.265196 67.743848
v 81.262415 -2.265196 64.344048
v 83.118767 -2.265196 65.428688
v 82.347050 -2.265196 62.487673
v 79.406008 -2.265196 63.259390
v 77.549682 -2.265196 62.174750
v 76.465002 -2.265196 64.031102
v 75.380357 -2.265196 65.887477
v 73.523941 -2.265196 64.802806
v 70.124155 -2.265196 57.836104
v 69.039501 -2.265196 59.692484
v 67.954857 -2.265196 61.548863
v 69.811227 -2.265196 62.633503
v 71.667580 -2.265196 63.718161
v 89.605431 -2.265196 84.159504
v 91.461829 -2.265196 85.244176
v 90.690085 -2.265196 82.303143
v 91.774738 -2.265196 80.446781
v 93.631127 -2.265196 81.531426
v 89.918377 -2.265196 79.362128
v 88.062006 -2.265196 78.277456
v 89.146651 -2.265196 76.421076
v 96.113371 -2.265196 73.021281
v 97.969759 -2.265196 74.105952
v 97.198015 -2.265196 71.164892
v 94.256982 -2.265196 71.936618
v 92.400611 -2.265196 70.851965
v 91.315958 -2.265196 72.708344
v 90.231331 -2.265196 74.564715
v 88.374943 -2.265196 73.480061
v 84.975120 -2.265196 66.513350
v 83.890466 -2.265196 68.369730
v 82.805822 -2.265196 70.226083
v 84.662201 -2.265196 71.310754
v 86.518572 -2.265196 72.395390
v -35.380694 -2.070455 -8.815519
v -34.291539 -2.320016 -10.643013
v -33.204500 -2.539026 -12.472534
v -35.063256 -2.864829 -13.584042
v -36.922230 -2.784519 -14.685135
v -35.834969 -2.720319 -16.525071
v -28.867042 -2.661278 -19.961641
v -27.011896 -2.949261 -18.840228
v -27.783604 -2.515757 -21.781256
v -30.724633 -2.382425 -21.009545
v -32.580963 -2.001777 -22.067812
v -33.665662 -2.215094 -20.237826
v -34.752859 -2.461538 -18.412882
v -36.606690 -2.096135 -19.466106
v -40.008217 -2.226167 -26.447114
v -41.862879 -2.643512 -27.517474
v -41.091158 -1.913198 -24.576439
v -42.183317 -1.759603 -22.758145
v -44.032186 -1.934669 -23.804726
v -40.319436 -1.575996 -21.635410
v -38.458461 -1.841618 -20.512870
v -20.525616 -2.570889 -0.087204
v -19.440556 -2.712442 -1.965773
v -18.356409 -2.712712 -3.821201
v -20.212264 -2.721583 -4.906801
v -22.068305 -2.357064 -6.006420
v -20.983986 -2.165390 -7.847831
v -14.015485 -2.341941 -11.258812
v -12.160900 -2.742472 -10.162988
v -12.932617 -2.196223 -13.104016
v -15.873654 -1.944374 -12.332304
v -17.732854 -1.805858 -13.401320
v -18.814683 -1.855568 -11.560579
v -19.901113 -2.013157 -9.684067
v -21.755703 -1.670631 -10.788859
v -25.158314 -2.679842 -17.726693
v -26.240166 -2.562497 -15.899198
v -27.324855 -2.341714 -14.039220
v -25.468449 -1.940816 -12.958169
v -23.611391 -1.806889 -11.893158
v -5.674647 -2.630599 8.568888
v -4.589571 -2.632267 6.711467
v -3.502633 -2.555491 4.839926
v -5.361283 -2.364382 3.770446
v -7.219400 -2.067603 2.698065
v -6.133003 -1.947945 0.829417
v 0.832767 -2.166869 -2.566558
v 2.690086 -2.513769 -1.485747
v 1.918367 -2.068284 -4.426776
v -1.022656 -1.819257 -3.655050
v -2.878375 -1.864599 -4.743738
v -3.963691 -1.847249 -2.883339
v -5.050986 -1.898161 -1.014501
v -6.904713 -1.744750 -2.111619
v -10.305573 -2.709381 -9.075149
v -11.389187 -2.702314 -7.221958
v -12.476873 -2.605557 -5.346021
v -10.617461 -2.361143 -4.280922
v -8.758232 -2.054849 -3.214596
v 9.178162 -2.508861 17.237151
v 10.261421 -2.462661 15.388709
v 11.347828 -2.387136 13.524500
v 9.489702 -2.149029 12.447700
v 7.631314 -1.992103 11.371773
v 8.717990 -1.943227 9.506657
v 15.683037 -2.102681 6.112252
v 17.541071 -2.358695 7.191501
v 16.769358 -2.043763 4.250470
v 13.828330 -1.846053 5.022191
v 11.973880 -1.975189 3.930544
v 10.887301 -1.941007 5.793910
v 9.802252 -1.942111 7.651088
v 7.946272 -1.928111 6.565627
v 4.548093 -2.611391 -0.407895
v 3.461805 -2.640985 1.455281
v 2.375667 -2.620814 3.317134
v 4.233523 -2.546792 4.396310
v 6.090864 -2.237811 5.476830
v 24.028856 -2.380805 25.917701
v 25.112411 -2.334150 24.065946
v 26.197594 -2.280987 22.207639
v 24.340701 -2.078541 21.124920
v 22.483630 -2.027972 20.042458
v 23.568975 -2.016507 18.183889
v 30.534531 -2.103491 14.787347
v 32.392045 -2.273410 15.868733
v 31.620342 -2.070989 12.927711
v 28.679313 -1.933363 13.699430
v 26.824424 -2.077792 12.610213
v 25.738293 -2.046370 14.471150
v 24.654247 -2.031481 16.325218
v 22.797255 -2.085258 15.242860
v 19.399245 -2.501628 8.270181
v 18.312788 -2.535768 10.132529
v 17.228437 -2.545467 11.987354
v 19.084501 -2.573411 13.073560
v 20.940532 -2.329267 14.159370
v 38.879143 -2.296152 34.598180
v 39.963390 -2.265257 32.743188
v 41.048098 -2.235044 30.886727
v 39.191677 -2.100129 29.802150
v 37.335289 -2.104245 28.717366
v 38.419965 -2.107024 26.861137
v 45.386169 -2.140501 23.462595
v 47.243046 -2.240013 24.545981
v 46.471320 -2.124490 21.604928
v 43.530296 -2.040947 22.376672
v 41.674680 -2.160071 21.289960
v 40.589272 -2.137827 23.148389
v 39.505115 -2.122453 25.003113
v 37.648239 -2.190076 23.920102
v 34.249527 -2.408816 16.950182
v 33.163789 -2.435999 18.809764
v 32.079759 -2.452379 20.663979
v 33.935493 -2.518652 21.750790
v 35.791393 -2.354315 22.836865
v 53.729805 -2.258258 43.276552
v 54.814368 -2.245632 41.420425
v 55.899054 -2.233848 39.564064
v 54.042647 -2.172408 38.479387
v 52.186326 -2.187506 37.394535
v 53.270921 -2.191997 35.538372
v 60.237555 -2.197640 32.138812
v 62.094038 -2.243264 33.223221
v 61.322326 -2.191659 30.282183
v 58.381274 -2.152010 31.053903
v 56.525143 -2.222296 29.968673
v 55.440241 -2.210603 31.825622
v 54.355787 -2.201303 33.681468
v 52.499222 -2.246884 32.597339
v 49.099855 -2.336880 25.629451
v 48.014772 -2.353867 27.487010
v 46.930444 -2.366683 29.342337
v 48.786485 -2.426871 30.428037
v 50.642648 -2.336868 31.513223
v 68.580721 -2.265196 51.954051
v 69.665374 -2.265196 50.097672
v 70.750019 -2.265196 48.241301
v 68.893648 -2.265196 47.156647
v 67.037268 -2.261883 46.071998
v 68.121904 -2.263239 44.215619
v 75.088651 -2.262521 40.815805
v 76.945012 -2.265196 41.900463
v 76.173304 -2.261509 38.959434
v 73.232271 -2.259853 39.731142
v 71.375901 -2.267576 38.646471
v 70.291229 -2.266024 40.502859
v 69.206575 -2.264632 42.359230
v 67.350223 -2.265724 41.274590
v 63.950490 -2.283551 34.307671
v 62.865746 -2.290072 36.164250
v 61.781152 -2.295287 38.020440
v 63.637473 -2.320623 39.105269
v 65.493825 -2.293177 40.189950
v 83.431695 -2.265196 60.631298
v 84.516348 -2.265196 58.774918
v 85.601020 -2.265196 56.918547
v 83.744640 -2.265196 55.833885
v 81.888260 -2.265196 54.749231
v 82.972923 -2.265196 52.892865
v 89.939652 -2.265196 49.493056
v 91.796005 -2.265196 50.577709
v 91.024296 -2.265196 47.636681
v 88.083272 -2.265196 48.408398
v 86.226893 -2.265196 47.323744
v 85.142221 -2.265196 49.180115
v 84.057586 -2.265196 51.036490
v 82.201197 -2.265196 49.951832
v 78.801428 -2.265196 42.985125
v 77.716739 -2.265196 44.841492
v 76.632085 -2.265196 46.697862
v 78.488456 -2.265196 47.782516
v 80.344835 -2.265196 48.867192
v 98.282687 -2.265196 69.308530
v 100.139057 -2.265196 70.393193
v 99.367322 -2.265196 67.452155
v 100.451985 -2.265196 65.595771
v 102.308346 -2.265196 66.680434
v 98.595596 -2.265196 64.511127
v 96.739243 -2.265196 63.426468
v 97.823906 -2.265196 61.570098
v 104.790617 -2.265196 58.170284
v 106.646979 -2.265196 59.254947
v 105.875252 -2.265196 56.313904
v 102.934237 -2.265196 57.085630
v 101.077840 -2.265196 56.000972
v 99.993204 -2.265196 57.857352
v 98.908560 -2.265196 59.713732
v 97.052189 -2.265196 58.629083
v 93.652393 -2.265196 51.662372
v 92.567722 -2.265196 53.518729
v 91.483077 -2.265196 55.375100
v 93.339448 -2.265196 56.459758
v 95.195809 -2.265196 57.544420
v -26.697740 -2.315850 -23.649577
v -25.614302 -2.120085 -25.494004
v -24.533801 -1.979036 -27.328183
v -26.386019 -1.549292 -28.435033
v -28.238910 -1.743891 -29.545901
v -27.157731 -1.821956 -31.376062
v -20.192706 -1.703182 -34.772306
v -18.334659 -1.751358 -33.691220
v -19.106372 -1.698900 -36.632239
v -22.047391 -1.654999 -35.860529
v -23.901091 -2.204401 -36.953891
v -24.988420 -2.086780 -35.088803
v -26.066580 -1.958018 -33.261833
v -27.929449 -2.392387 -34.317084
v -31.324630 -2.407614 -41.302578
v -33.185638 -1.852501 -42.368450
v -32.413911 -2.559491 -39.427431
v -33.492491 -2.698639 -37.612634
v -35.354945 -2.330206 -38.655714
v -31.642199 -3.077753 -36.486402
v -29.792656 -2.732030 -35.370753
v -11.850537 -2.077424 -14.948886
v -10.763316 -1.956055 -16.816764
v -9.683668 -1.889450 -18.656286
v -11.535036 -1.604369 -19.757794
v -13.385871 -1.936608 -20.864279
v -12.306744 -2.026475 -22.698814
v -5.339787 -1.783491 -26.099637
v -3.483667 -1.765228 -25.013972
v -4.255379 -1.788957 -27.955000
v -7.196406 -1.801742 -27.183281
v -9.052352 -2.290968 -28.269084
v -10.137444 -2.216854 -26.411570
v -11.218385 -2.122772 -24.566955
v -13.078465 -2.571650 -25.639844
v -16.476991 -2.273484 -32.610206
v -17.562924 -2.366149 -30.750189
v -18.642376 -2.477592 -28.912748
v -16.791207 -2.936139 -27.809160
v -14.939441 -2.753422 -26.710968
v 2.999737 -2.002765 -6.272257
v 4.087684 -1.935890 -8.139517
v 5.169316 -1.904499 -9.987505
v 3.315957 -1.729972 -11.080553
v 1.463217 -2.074461 -12.176458
v 2.544246 -2.146409 -14.021567
v 9.511578 -1.867065 -17.422927
v 11.367325 -1.821938 -16.336732
v 10.595606 -1.873942 -19.277760
v 7.654577 -1.912173 -18.506041
v 5.797965 -2.326157 -19.590108
v 4.713562 -2.277435 -17.734323
v 3.630500 -2.212204 -15.882215
v 1.772528 -2.613286 -16.962597
v -1.627308 -2.217603 -23.929258
v -2.711938 -2.277502 -22.072943
v -3.794111 -2.356070 -20.223727
v -1.940212 -2.786267 -19.131914
v -0.085729 -2.699719 -18.042695
v 17.851825 -2.008789 2.400282
v 18.938668 -1.973392 0.537723
v 20.021900 -1.959012 -1.315141
v 18.166957 -1.858004 -2.403305
v 16.312451 -2.163298 -3.493040
v 17.395222 -2.215364 -5.344335
v 24.362444 -1.949454 -8.745287
v 26.218326 -1.898241 -7.659477
v 25.446598 -1.955448 -10.600513
v 22.505569 -2.000661 -9.828794
v 20.648869 -2.336310 -10.912723
v 19.564541 -2.303967 -9.057076
v 18.480472 -2.259730 -7.202111
v 16.623512 -2.592539 -8.285356
v 13.223380 -2.196929 -15.251328
v 12.139051 -2.236651 -13.395703
v 11.055372 -2.290532 -11.541821
v 12.910771 -2.659150 -10.454674
v 14.766563 -2.625844 -9.368827
v 32.703929 -2.053205 11.074086
v 33.789644 -2.035340 9.214963
v 34.873760 -2.029242 7.359853
v 33.017941 -1.974539 6.273942
v 31.162401 -2.218578 5.187193
v 32.246223 -2.253755 3.332927
v 39.213246 -2.030162 -0.067553
v 41.069310 -1.984876 1.017763
v 40.297570 -2.034641 -1.923273
v 37.356559 -2.075443 -1.151554
v 35.499976 -2.332611 -2.235737
v 34.415526 -2.311636 -0.379836
v 33.331067 -2.282711 1.476125
v 31.474488 -2.540161 0.391890
v 28.074394 -2.194622 -6.574226
v 26.990034 -2.220811 -4.718463
v 25.905706 -2.256810 -2.862860
v 27.761747 -2.552485 -1.777434
v 29.618036 -2.546320 -0.692641
v 47.555599 -2.116325 19.749515
v 48.640636 -2.108141 17.892180
v 49.725123 -2.105932 16.036207
v 47.868933 -2.078424 14.951176
v 46.012869 -2.251313 13.865750
v 47.097216 -2.272895 12.010154
v 54.064044 -2.109399 8.610064
v 55.920315 -2.077535 9.695003
v 55.148575 -2.112251 6.753967
v 52.207538 -2.141262 7.525685
v 50.351050 -2.320501 6.441219
v 49.266518 -2.307851 8.297412
v 48.181919 -2.290379 10.153640
v 46.325489 -2.470102 9.069124
v 42.925531 -2.203002 2.102738
v 41.841013 -2.219523 3.958785
v 40.756459 -2.242326 5.814927
v 42.612726 -2.461072 6.899806
v 44.469141 -2.465587 7.984396
v 62.406880 -2.188721 28.426014
v 63.491610 -2.185782 26.569429
v 64.576237 -2.185163 24.713151
v 62.719911 -2.171359 23.628407
v 60.863645 -2.268576 22.543514
v 61.948167 -2.279288 20.687385
v 68.914923 -2.187426 17.287514
v 70.771276 -2.173967 18.372236
v 69.999550 -2.188745 15.431200
v 67.058543 -2.200880 16.202920
v 65.202137 -2.302949 15.118291
v 64.117492 -2.296624 16.974637
v 63.032879 -2.287956 18.830937
v 61.176459 -2.389375 17.746358
v 57.776623 -2.218106 10.779745
v 56.691996 -2.227400 12.636025
v 55.607388 -2.240185 14.492305
v 57.463722 -2.380780 15.577047
v 59.320088 -2.385081 16.661660
v 77.257958 -2.260963 37.103059
v 78.342602 -2.260411 35.246693
v 79.427247 -2.260276 33.390304
v 77.570903 -2.255356 32.305651
v 75.714533 -2.274907 31.220963
v 76.799177 -2.276858 29.364624
v 83.765906 -2.260638 25.964822
v 85.622268 -2.265196 27.049484
v 84.850542 -2.260883 24.108444
v 81.909536 -2.256080 24.880166
v 80.053156 -2.281631 23.795494
v 78.968475 -2.280306 25.651883
v 77.883849 -2.278582 27.508229
v 76.027451 -2.301826 26.423596
v 72.627646 -2.237706 19.456876
v 71.542984 -2.241399 21.313262
v 70.458366 -2.246399 23.169581
v 72.314719 -2.308691 24.254289
v 74.171080 -2.305256 25.338956
v 92.108932 -2.265196 45.780292
v 93.193576 -2.265196 43.923930
v 94.278266 -2.265196 42.067555
v 92.421895 -2.265196 40.982906
v 90.565525 -2.265196 39.898244
v 91.650169 -2.265196 38.041873
v 98.616880 -2.265196 34.642073
v 100.473242 -2.265196 35.726722
v 99.701516 -2.265196 32.785693
v 96.760510 -2.265196 33.557415
v 94.904148 -2.265196 32.472766
v 93.819494 -2.265196 34.329132
v 92.734823 -2.265196 36.185493
v 90.878425 -2.265196 35.100840
v 87.478638 -2.265196 28.134129
v 86.393994 -2.265196 29.990497
v 85.309340 -2.265196 31.846879
v 87.165693 -2.265196 32.931533
v 89.022118 -2.265196 34.016195
v 106.959933 -2.265196 54.457543
v 108.816304 -2.265196 55.542201
v 108.044569 -2.265196 52.601172
v 109.129231 -2.265196 50.744779
v 110.985629 -2.265196 51.829451
v 107.272842 -2.265196 49.660134
v 105.416499 -2.265196 48.575490
v 106.501143 -2.265196 46.719110
v 113.467845 -2.265196 43.319292
v 115.324243 -2.265196 44.403954
v 114.552517 -2.265196 41.462917
v 111.611484 -2.265196 42.234643
v 109.755122 -2.265196 41.149998
v 108.670450 -2.265196 43.006364
v 107.585779 -2.265196 44.862740
v 105.729417 -2.265196 43.778077
v 102.329631 -2.265196 36.811380
v 101.244968 -2.265196 38.667746
v 100.160323 -2.265196 40.524130
v 102.016676 -2.265196 41.608770
v 103.873083 -2.265196 42.693433
v -18.019377 -1.716445 -38.494487
v -16.937051 -1.733788 -40.344983
v -15.850215 -1.746407 -42.205671
v -17.708763 -1.955527 -43.286009
v -19.566919 -2.498463 -44.367140
v -18.480499 -2.529247 -46.227045
v -11.517579 -1.734512 -49.621599
v -9.657404 -1.556782 -48.542205
v -10.429136 -1.717426 -51.483229
v -13.370154 -1.912032 -50.711503
v -15.223641 -2.463556 -51.800161
v -16.311174 -2.512597 -49.939795
v -17.395199 -2.520916 -48.084473
v -19.252211 -3.057011 -49.168074
v -22.648527 -2.071210 -56.139362
v -24.508387 -1.479632 -57.219443
v -23.736674 -2.006310 -54.278409
v -24.820474 -1.995403 -52.423435
v -26.677698 -1.422094 -53.506697
v -22.964948 -2.568681 -51.337394
v -21.109617 -2.812837 -50.251042
v -3.168927 -1.802171 -29.815356
v -2.086068 -1.815269 -31.667748
v -1.000140 -1.823385 -33.526543
v -2.857787 -2.008587 -34.608770
v -4.715267 -2.475857 -35.691309
v -3.629507 -2.495120 -37.549805
v 3.335048 -1.815373 -40.946429
v 5.193589 -1.650227 -39.864957
v 4.421855 -1.803963 -42.805983
v 1.480833 -1.980447 -42.034266
v -0.373717 -2.454115 -43.121572
v -1.460197 -2.484635 -41.262553
v -2.544480 -2.489874 -39.406784
v -4.401226 -2.952402 -40.490827
v -7.798726 -2.069480 -47.460850
v -8.885684 -2.031193 -45.601167
v -9.969854 -2.024666 -43.745601
v -8.113965 -2.523861 -42.660130
v -6.258159 -2.738128 -41.574554
v 11.681430 -1.883481 -21.136569
v 12.764918 -1.892965 -22.990502
v 13.850312 -1.898364 -24.848235
v 11.993205 -2.054965 -25.931530
v 10.136163 -2.447802 -27.014948
v 11.221479 -2.460526 -28.872559
v 18.186963 -1.892898 -32.270511
v 20.044572 -1.749634 -31.187717
v 19.272845 -1.885125 -34.128746
v 16.331826 -2.036131 -33.357026
v 14.476535 -2.433502 -34.443332
v 13.390795 -2.453569 -32.585307
v 12.306352 -2.457035 -30.729289
v 10.449766 -2.846602 -31.813588
v 7.051365 -2.085694 -38.782416
v 5.965292 -2.061032 -36.923919
v 4.880929 -2.056787 -35.068011
v 6.737018 -2.482770 -33.982899
v 8.593088 -2.664677 -32.897728
v 26.531941 -1.962116 -12.458261
v 27.615898 -1.968760 -14.313261
v 28.700963 -1.972373 -16.170369
v 26.844195 -2.098092 -17.254291
v 24.987454 -2.417190 -18.338255
v 26.072478 -2.425699 -20.195319
v 33.038538 -1.968662 -23.594106
v 34.895555 -1.851863 -22.510470
v 34.123847 -1.963410 -25.451497
v 31.182795 -2.085442 -24.679780
v 29.327039 -2.407657 -25.765387
v 28.241780 -2.421036 -23.908061
v 27.157249 -2.423368 -22.051889
v 25.300765 -2.740269 -23.136341
v 21.901769 -2.109355 -30.104317
v 20.816291 -2.092957 -28.246686
v 19.731789 -2.090111 -26.390582
v 21.588004 -2.443305 -25.305659
v 23.444218 -2.591784 -24.220719
v 41.382594 -2.039058 -3.780330
v 42.466890 -2.043487 -5.636021
v 43.551756 -2.045794 -7.492744
v 41.695178 -2.139367 -8.577036
v 39.838622 -2.385173 -9.661364
v 40.923461 -2.390749 -11.518079
v 47.889855 -2.043383 -14.917368
v 49.746533 -1.955626 -13.833229
v 48.974830 -2.039972 -16.774257
v 46.033787 -2.131152 -16.002539
v 44.177724 -2.378958 -17.087659
v 43.092763 -2.387694 -15.230820
v 42.008160 -2.389222 -13.374548
v 40.151744 -2.633648 -14.459108
v 36.752377 -2.136809 -21.426497
v 35.667272 -2.125950 -19.569433
v 34.582700 -2.124048 -17.713211
v 36.438989 -2.404700 -16.628418
v 38.295287 -2.519174 -15.543611
v 56.233374 -2.114889 4.897331
v 57.317869 -2.117527 3.041219
v 58.402599 -2.118870 1.184713
v 56.546156 -2.179488 0.100196
v 54.689718 -2.352334 -0.984327
v 55.774448 -2.355720 -2.840832
v 62.741046 -2.117460 -6.240441
v 64.597521 -2.060321 -5.155989
v 63.825813 -2.115453 -8.097018
v 60.884793 -2.174598 -7.325299
v 59.028526 -2.348555 -8.410136
v 57.943755 -2.353855 -6.553580
v 56.859129 -2.354788 -4.697242
v 55.002722 -2.526860 -5.781861
v 51.603103 -2.166464 -12.748894
v 50.518259 -2.159568 -10.892207
v 49.433642 -2.158360 -9.035899
v 51.289981 -2.366597 -7.951164
v 53.146311 -2.446729 -6.866458
v 71.084248 -2.189929 13.574775
v 72.168866 -2.191113 11.718466
v 73.253546 -2.191714 9.862064
v 71.397149 -2.218848 8.777429
v 69.540769 -2.318924 7.692819
v 70.625404 -2.320623 5.836408
v 77.592106 -2.191082 2.436633
v 79.448513 -2.165617 3.521258
v 78.676787 -2.190187 0.580223
v 75.735754 -2.216548 1.351948
v 73.879419 -2.317016 0.267242
v 72.794766 -2.319697 2.123660
v 71.710094 -2.320163 3.980028
v 69.853714 -2.419957 2.895380
v 66.453964 -2.197493 -4.071428
v 65.369238 -2.193585 -2.214961
v 64.284593 -2.192898 -0.358593
v 66.140973 -2.328819 0.726069
v 67.997317 -2.374382 1.810739
v 85.935195 -2.261104 22.252080
v 87.019858 -2.261325 20.395696
v 88.104511 -2.261441 18.539332
v 86.248132 -2.257687 17.454670
v 84.391761 -2.285134 16.370016
v 85.476415 -2.285527 14.513648
v 92.443144 -2.261319 11.113843
v 94.299505 -2.265196 12.198497
v 93.527779 -2.261153 9.257469
v 90.586764 -2.257448 10.029189
v 88.730375 -2.284704 8.944541
v 87.645731 -2.285306 10.800907
v 86.561086 -2.285416 12.657282
v 84.704688 -2.312979 11.572619
v 81.304902 -2.229455 4.605906
v 80.220230 -2.227866 6.462280
v 79.135595 -2.227590 8.318654
v 80.991938 -2.291262 9.403310
v 82.848336 -2.302109 10.487978
v 100.786187 -2.265196 30.929320
v 101.870832 -2.265196 29.072945
v 102.955503 -2.265196 27.216563
v 101.099115 -2.265196 26.131919
v 99.242753 -2.265196 25.047269
v 100.327425 -2.265196 23.190888
v 107.294154 -2.265196 19.791090
v 109.150488 -2.265196 20.875739
v 108.378789 -2.265196 17.934710
v 105.437738 -2.265196 18.706422
v 103.581367 -2.265196 17.621767
v 102.496732 -2.265196 19.478149
v 101.412087 -2.265196 21.334521
v 99.555681 -2.265196 20.249859
v 96.155849 -2.265196 13.283159
v 95.071231 -2.265196 15.139528
v 93.986560 -2.265196 16.995894
v 95.842948 -2.265196 18.080550
v 97.699301 -2.265196 19.165203
v 115.637170 -2.265196 39.606551
v 117.493532 -2.265196 40.691213
v 116.721806 -2.265196 37.750175
v 117.806477 -2.265196 35.893805
v 119.662857 -2.265196 36.978467
v 115.950116 -2.265196 34.809151
v 114.093700 -2.265196 33.724489
v 115.178390 -2.265196 31.868118
v 122.145101 -2.265196 28.468311
v 124.001471 -2.265196 29.552978
v 123.229736 -2.265196 26.611943
v 120.288712 -2.265196 27.383662
v 118.432350 -2.265196 26.299006
v 117.347715 -2.265196 28.155379
v 116.263061 -2.265196 30.011759
v 114.406646 -2.265196 28.927101
v 111.006850 -2.265196 21.960381
v 109.922196 -2.265196 23.816760
v 108.837579 -2.265196 25.673142
v 110.693940 -2.265196 26.757787
v 112.550302 -2.265196 27.842445
v -9.346946 -1.705335 -53.336979
v -8.259805 -1.693164 -55.195980
v -7.167308 -1.718390 -57.061442
v -9.031531 -1.582959 -58.137013
v -10.901015 -2.101135 -59.208805
v -9.803243 -1.969834 -61.078037
v -2.827845 -2.113626 -64.484575
v -0.980155 -2.576828 -63.393179
v -1.751874 -2.287005 -66.334212
v -4.692903 -1.647006 -65.562504
v -6.556678 -1.700341 -66.642702
v -7.633934 -1.729236 -64.790787
v -8.744931 -1.853225 -62.912355
v -10.574976 -2.197573 -64.019061
v -13.956409 -2.852768 -70.998154
v -15.831149 -2.980775 -72.070435
v -15.059428 -2.914784 -69.129397
v -16.173866 -2.802684 -67.252072
v -18.000465 -2.564129 -68.357684
v -14.287711 -3.047993 -66.188377
v -12.407964 -2.618667 -65.122586
v 5.504221 -1.792184 -44.659443
v 6.591181 -1.780319 -46.518733
v 7.677294 -1.783872 -48.377178
v 5.819459 -1.742579 -49.459762
v 3.959555 -2.222995 -50.540371
v 5.047748 -2.137661 -52.400791
v 12.027047 -1.958785 -55.812860
v 13.870830 -2.299446 -54.715951
v 13.099109 -2.048413 -57.656984
v 10.158073 -1.615203 -56.885258
v 8.285421 -1.865850 -57.955189
v 7.217051 -1.941700 -56.113541
v 6.119919 -2.041297 -54.244472
v 4.276015 -2.449275 -55.341819
v 0.859794 -2.751453 -62.295299
v -0.208445 -2.686400 -60.452164
v -1.311892 -2.571902 -58.578188
v 0.563275 -2.970671 -57.511122
v 2.433289 -2.708859 -56.440640
v 20.355960 -1.875708 -35.983010
v 21.442164 -1.866255 -37.841491
v 22.526630 -1.863574 -39.697758
v 20.670445 -1.868138 -40.782516
v 18.813351 -2.280766 -41.866263
v 19.898732 -2.224118 -43.723549
v 26.872723 -1.938810 -47.131438
v 28.721827 -2.163421 -46.038700
v 27.950092 -1.984318 -48.979729
v 25.009081 -1.713279 -48.208021
v 23.142923 -2.013998 -49.282507
v 22.068034 -2.083277 -47.436299
v 20.978293 -2.154207 -45.574117
v 19.127015 -2.536897 -46.664573
v 15.714010 -2.584864 -53.618391
v 14.642547 -2.509738 -51.774918
v 13.549855 -2.425177 -49.909830
v 15.414260 -2.828658 -48.833889
v 17.276207 -2.682578 -47.755847
v 35.207592 -1.956460 -27.306587
v 36.293163 -1.949491 -29.164245
v 37.377360 -1.945497 -31.020089
v 35.521423 -1.969410 -32.105283
v 33.665071 -2.306004 -33.189936
v 34.749711 -2.268251 -35.046302
v 41.719774 -1.975563 -38.450120
v 43.572792 -2.114644 -37.361467
v 42.801079 -1.998170 -40.302489
v 39.860064 -1.836262 -39.530770
v 37.998989 -2.118276 -40.610062
v 36.919013 -2.171169 -38.759050
v 35.832416 -2.219854 -36.900280
v 33.978007 -2.544461 -37.987340
v 30.571297 -2.459201 -44.946509
v 29.493531 -2.397829 -43.097671
v 28.405723 -2.338825 -41.237527
v 30.265234 -2.695406 -40.156643
v 32.123579 -2.619906 -39.074533
v 50.059027 -2.035218 -18.629964
v 51.144155 -2.030451 -20.487006
v 52.228474 -2.026899 -22.342973
v 50.372415 -2.054493 -23.428034
v 48.516162 -2.312918 -24.512850
v 49.600703 -2.288416 -26.369063
v 56.568701 -2.036794 -29.770533
v 58.423789 -2.117607 -28.684221
v 57.652049 -2.047462 -31.625250
v 54.711047 -1.955938 -30.853530
v 52.852648 -2.187684 -31.935750
v 51.770014 -2.224394 -30.081811
v 50.684660 -2.256442 -28.224523
v 48.828981 -2.510235 -29.310094
v 45.426049 -2.373738 -36.273129
v 44.344509 -2.329175 -34.420432
v 43.258699 -2.289404 -32.562561
v 45.116235 -2.579693 -31.479403
v 46.973207 -2.544964 -30.395570
v 64.910286 -2.112564 -9.953123
v 65.995138 -2.109662 -11.809759
v 67.079620 -2.107196 -13.665951
v 65.223394 -2.128576 -14.750795
v 63.367091 -2.308618 -15.835522
v 64.451704 -2.293858 -17.691823
v 71.418812 -2.108988 -21.092174
v 73.274785 -2.152213 -20.006973
v 72.503041 -2.113503 -22.948010
v 69.562035 -2.065756 -22.176291
v 67.704914 -2.232191 -23.259994
v 66.620993 -2.255031 -21.404571
v 65.536113 -2.274447 -19.547871
v 63.679978 -2.452385 -20.632853
v 60.278903 -2.317857 -27.598004
v 59.195501 -2.288398 -25.743192
v 58.110455 -2.263073 -23.886258
v 59.967227 -2.479341 -22.802162
v 61.823725 -2.465863 -21.717719
v 79.761431 -2.188880 -1.276086
v 80.846103 -2.187567 -3.132526
v 81.930747 -2.186383 -4.988863
v 80.074386 -2.194935 -6.073555
v 78.218015 -2.297029 -7.158202
v 79.302651 -2.289674 -9.014584
v 86.269479 -2.186144 -12.414505
v 88.125741 -2.206984 -11.329733
v 87.354042 -2.187659 -14.270763
v 84.413009 -2.165298 -13.499051
v 82.556394 -2.259049 -14.583422
v 81.471976 -2.270435 -12.727332
v 80.387232 -2.280060 -10.870827
v 78.530952 -2.380216 -11.955598
v 75.130731 -2.282919 -18.921766
v 74.046493 -2.266092 -17.065945
v 72.961677 -2.251865 -15.209374
v 74.818201 -2.391050 -14.124923
v 76.674617 -2.385633 -13.040304
v 94.612469 -2.260908 7.401095
v 95.697104 -2.260663 5.544721
v 96.781749 -2.260448 3.688355
v 94.925369 -2.255706 2.603692
v 93.068998 -2.280410 1.519060
v 94.153643 -2.278889 -0.337336
v 101.120354 -2.260472 -3.737148
v 102.976751 -2.265196 -2.652486
v 102.205043 -2.260773 -5.593522
v 99.263992 -2.255749 -4.821796
v 97.407594 -2.273226 -5.906429
v 96.322959 -2.275196 -4.050084
v 95.238287 -2.277030 -2.193681
v 93.381944 -2.298876 -3.278365
v 89.982040 -2.262902 -10.244955
v 88.897485 -2.256460 -8.388705
v 87.812751 -2.250939 -6.532258
v 89.669184 -2.311955 -5.447675
v 91.525582 -2.305415 -4.363042
v 109.463434 -2.265196 16.078328
v 110.548087 -2.265196 14.221969
v 111.632750 -2.265196 12.365593
v 109.776361 -2.265196 11.280940
v 107.919981 -2.265196 10.196285
v 109.004662 -2.265196 8.339911
v 115.971355 -2.265196 4.940099
v 117.827735 -2.265196 6.024754
v 117.056008 -2.265196 3.083725
v 114.115011 -2.265196 3.855444
v 112.258596 -2.265196 2.770796
v 111.173960 -2.265196 4.627163
v 110.089325 -2.265196 6.483544
v 108.232936 -2.265196 5.398875
v 104.833158 -2.265196 -1.567824
v 103.748460 -2.265196 0.288542
v 102.663815 -2.265196 2.144916
v 104.520186 -2.265196 3.229572
v 106.376565 -2.265196 4.314227
v 124.314399 -2.265196 24.755568
v 126.170796 -2.265196 25.840221
v 125.399052 -2.265196 22.899195
v 126.483697 -2.265196 21.042820
v 128.340067 -2.265196 22.127482
v 124.627344 -2.265196 19.958166
v 122.770974 -2.265196 18.873510
v 123.855600 -2.265196 17.017135
v 130.822329 -2.265196 13.617337
v 132.678718 -2.265196 14.701995
v 131.907010 -2.265196 11.760957
v 128.965958 -2.265196 12.532677
v 127.109606 -2.265196 11.448021
v 126.024925 -2.265196 13.304396
v 124.940272 -2.265196 15.160771
v 123.083928 -2.265196 14.076131
v 119.684096 -2.265196 7.109409
v 118.599434 -2.265196 8.965790
v 117.514807 -2.265196 10.822164
v 119.371187 -2.265196 11.906813
v 121.227530 -2.265196 12.991460
v -0.691399 -2.475501 -68.174631
v 0.417434 -2.673573 -70.046963
v 1.480490 -2.759311 -71.891268
v -0.354284 -2.611869 -72.988000
v -2.208181 -2.193966 -74.073915
v -1.126004 -2.450808 -75.929029
v 5.844474 -2.342678 -79.330375
v 7.697076 -1.982784 -78.244167
v 6.925365 -2.075382 -81.185200
v 3.984328 -2.704216 -80.413492
v 2.142700 -2.782077 -81.503754
v 1.043308 -2.846001 -79.641766
v -0.079013 -2.642316 -77.769240
v -1.897714 -2.378155 -78.870053
v -5.269786 -2.005384 -85.843064
v -7.153907 -1.704200 -86.921409
v -6.382188 -1.682348 -83.980366
v -7.469280 -1.692538 -82.123431
v -9.323210 -1.702304 -83.208658
v -5.610469 -1.682728 -81.039351
v -3.730941 -2.035475 -79.963252
v 14.186090 -2.186076 -59.515325
v 15.268420 -2.322973 -61.369725
v 16.336446 -2.461495 -63.213488
v 14.496701 -2.110509 -64.310741
v 12.659163 -1.871598 -65.409674
v 13.724982 -1.967877 -67.251778
v 20.704840 -2.683983 -70.660237
v 22.548061 -2.558436 -69.566925
v 21.776335 -2.622483 -72.507958
v 18.835320 -2.811168 -71.736250
v 16.955561 -2.506058 -72.807726
v 15.894284 -2.337457 -70.964515
v 14.815822 -2.153814 -69.112112
v 12.953271 -1.775939 -70.192802
v 9.529439 -1.825753 -77.148401
v 8.468795 -1.933939 -75.303138
v 7.368043 -2.162482 -73.438091
v 9.240514 -1.776823 -72.362123
v 11.096300 -1.776381 -71.277736
v 29.041492 -2.066425 -50.842833
v 30.119408 -2.147121 -52.692479
v 31.202480 -2.253411 -54.547413
v 29.347682 -1.904529 -55.633503
v 27.493846 -1.862758 -56.720846
v 28.575965 -1.872549 -58.574536
v 35.534320 -2.606569 -61.968204
v 37.399051 -2.715810 -60.889688
v 36.627334 -2.653892 -63.830707
v 33.686305 -2.498150 -63.058995
v 31.833477 -2.174500 -64.146224
v 30.745267 -2.036647 -62.287278
v 29.672883 -1.955742 -60.441011
v 27.804252 -1.727401 -61.515565
v 24.396666 -2.214591 -68.477233
v 23.319780 -2.381504 -66.625905
v 22.249000 -2.509659 -64.779761
v 24.091493 -2.200272 -63.684881
v 25.931821 -1.965527 -62.588103
v 43.890288 -2.043874 -42.163914
v 44.970405 -2.089007 -44.015224
v 46.057530 -2.156752 -45.874143
v 44.198683 -1.882659 -46.956266
v 42.339104 -1.952374 -48.037919
v 43.426943 -1.931393 -49.897290
v 50.386519 -2.446594 -53.290904
v 52.250052 -2.645021 -52.212446
v 51.478312 -2.513450 -55.153465
v 48.537288 -2.249276 -54.381757
v 46.688021 -2.042573 -55.472602
v 45.596259 -1.973152 -53.610036
v 44.515244 -1.952368 -51.757276
v 42.655231 -1.873561 -52.838314
v 39.262977 -2.444128 -59.811112
v 38.170754 -2.546117 -57.948654
v 37.093828 -2.591551 -56.099279
v 38.942489 -2.445545 -55.007630
v 40.792253 -2.160280 -53.917129
v 58.738899 -2.071480 -33.484219
v 59.821392 -2.095356 -35.337991
v 60.908048 -2.134220 -37.196594
v 59.049648 -1.945779 -38.279024
v 57.190403 -2.053775 -39.360659
v 58.277967 -2.028120 -41.220041
v 65.242102 -2.325715 -44.617390
v 67.101040 -2.513701 -43.535199
v 66.329304 -2.378191 -46.476228
v 63.388280 -2.138060 -45.704516
v 61.534747 -2.043910 -46.792002
v 60.447256 -2.019034 -44.932789
v 59.362214 -2.023586 -43.076166
v 57.506223 -2.032678 -44.161086
v 54.111402 -2.498451 -51.132442
v 53.021755 -2.542081 -49.271417
v 51.938060 -2.546927 -47.416176
v 53.793482 -2.519965 -46.330393
v 55.648985 -2.276392 -45.244881
v 73.588481 -2.124907 -24.805343
v 74.672348 -2.136293 -26.660751
v 75.757905 -2.155937 -28.518150
v 73.900658 -2.043377 -29.601780
v 72.042860 -2.142127 -30.684843
v 73.128941 -2.122122 -32.542806
v 80.095146 -2.261350 -35.942089
v 81.952014 -2.392988 -34.857958
v 81.180278 -2.292729 -37.798973
v 78.239272 -2.129747 -37.027260
v 76.383345 -2.105092 -38.112451
v 75.298248 -2.100883 -36.255550
v 74.212763 -2.111515 -34.398375
v 72.357206 -2.152618 -35.483831
v 68.958721 -2.460115 -42.451951
v 67.872739 -2.472261 -40.594175
v 66.787263 -2.463023 -38.737016
v 68.644465 -2.494144 -37.653133
v 70.501296 -2.323359 -36.569004
v 88.438849 -2.191849 -16.127333
v 89.523340 -2.196039 -17.983511
v 90.608166 -2.203444 -19.840088
v 88.751614 -2.152151 -20.924531
v 86.894882 -2.212621 -22.008722
v 87.979906 -2.201671 -23.865569
v 94.946545 -2.244209 -27.265293
v 96.803015 -2.304624 -26.180711
v 96.031271 -2.256644 -29.121740
v 93.090246 -2.183819 -28.350027
v 91.233858 -2.184923 -29.434683
v 90.149231 -2.186647 -27.578310
v 89.064270 -2.194162 -25.721623
v 87.208189 -2.227044 -26.806598
v 83.808475 -2.386167 -33.773419
v 82.723722 -2.386062 -31.916922
v 81.638508 -2.376259 -30.059966
v 83.495466 -2.417374 -28.975907
v 85.352090 -2.322206 -27.891543
v 103.289661 -2.261528 -7.449896
v 104.374332 -2.262276 -9.306256
v 105.458968 -2.263472 -11.162637
v 103.602642 -2.261730 -12.247300
v 101.746227 -2.266368 -13.331947
v 102.830898 -2.265079 -15.188328
v 109.797618 -2.265196 -18.588125
v 111.654007 -2.265196 -17.503464
v 110.882281 -2.265196 -20.444499
v 107.941238 -2.265196 -19.672788
v 106.084877 -2.260969 -20.757442
v 105.000205 -2.261797 -18.901068
v 103.915570 -2.263442 -17.044696
v 102.059190 -2.262215 -18.129350
v 98.659349 -2.305023 -25.096069
v 97.574705 -2.303636 -23.239688
v 96.489970 -2.299342 -21.383214
v 98.346431 -2.317317 -20.298660
v 100.202801 -2.289766 -19.213998
v 118.140662 -2.265196 1.227351
v 119.225334 -2.265196 -0.629016
v 120.310005 -2.265196 -2.485382
v 118.453626 -2.265196 -3.570045
v 116.597210 -2.265196 -4.654707
v 117.681899 -2.265196 -6.511074
v 124.648619 -2.265196 -9.910878
v 126.504963 -2.265196 -8.826231
v 125.733255 -2.265196 -11.767245
v 122.792231 -2.265196 -10.995540
v 120.935878 -2.265196 -12.080196
v 119.851225 -2.265196 -10.223822
v 118.766553 -2.265196 -8.367448
v 116.910173 -2.265196 -9.452110
v 113.510341 -2.265196 -16.418816
v 112.425688 -2.265196 -14.562442
v 111.341043 -2.265196 -12.706060
v 113.197432 -2.265196 -11.621413
v 115.053794 -2.265196 -10.536765
v 132.991663 -2.265196 9.904584
v 134.848043 -2.265196 10.989245
v 134.076335 -2.265196 8.048217
v 135.160943 -2.265196 6.191843
v 137.017350 -2.265196 7.276513
v 133.304554 -2.265196 5.107189
v 131.448211 -2.265196 4.022533
v 132.532882 -2.265196 2.166167
v 139.499620 -2.265196 -1.233638
v 141.355964 -2.265196 -0.148990
v 140.584256 -2.265196 -3.090012
v 137.643223 -2.265196 -2.318301
v 135.786843 -2.265196 -3.402955
v 134.702171 -2.265196 -1.546588
v 133.617518 -2.265196 0.309778
v 131.761192 -2.265196 -0.774863
v 128.361352 -2.265196 -7.741576
v 127.276707 -2.265196 -5.885202
v 126.192072 -2.265196 -4.028820
v 128.048406 -2.265196 -2.944172
v 129.904759 -2.265196 -1.859533
v 7.976750 -1.894665 -83.030007
v 9.094668 -1.704691 -84.897937
v 10.198958 -1.807503 -86.760092
v 8.322958 -1.698587 -87.838970
v 6.431443 -1.911431 -88.915399
v 7.551236 -1.686857 -90.779994
v 14.492842 -2.654316 -94.175054
v 16.374317 -2.787911 -93.095163
v 15.602605 -2.807727 -96.036179
v 12.661583 -2.525413 -95.264471
v 10.799003 -2.270828 -96.348275
v 9.720547 -1.943601 -94.492762
v 8.657985 -1.816950 -92.640161
v 6.779517 -1.707617 -93.721036
v 3.364278 -1.791117 -100.687069
v 1.523339 -1.849863 -101.772410
v 2.295050 -1.882892 -98.831377
v 1.203993 -2.263534 -96.974545
v -0.645970 -2.512738 -98.059651
v 3.066770 -2.011813 -95.890334
v 4.890906 -1.863365 -94.801560
v 22.872966 -2.438165 -74.370886
v 23.945667 -2.257865 -76.220690
v 25.010561 -2.077461 -78.067589
v 23.173941 -2.349984 -79.161724
v 21.339121 -2.575362 -80.256043
v 22.402228 -2.416607 -82.102757
v 29.387146 -1.996980 -85.509494
v 31.225310 -2.200530 -84.417908
v 30.453583 -2.159900 -87.358950
v 27.512559 -1.788755 -86.587215
v 25.641936 -1.879058 -87.667214
v 24.571540 -1.957650 -85.815516
v 23.474549 -2.189334 -83.954419
v 21.630502 -2.475304 -85.043808
v 18.252872 -2.646862 -92.015734
v 17.146044 -2.795212 -90.154130
v 16.035350 -2.643568 -88.290276
v 17.917754 -2.802267 -87.213097
v 19.796279 -2.636457 -86.136017
v 37.719742 -2.610293 -65.692889
v 38.796650 -2.567417 -67.543458
v 39.890319 -2.439342 -69.405640
v 38.024933 -2.695314 -70.484482
v 36.160686 -2.618207 -71.564648
v 37.253229 -2.662696 -73.425510
v 44.210392 -1.965300 -76.820444
v 46.076279 -1.867617 -75.740680
v 45.304571 -1.902965 -78.681695
v 42.363551 -2.061940 -77.909978
v 40.508568 -2.320568 -78.995309
v 39.422527 -2.489304 -77.138261
v 38.350540 -2.574981 -75.289057
v 36.481485 -2.726110 -76.366544
v 33.064495 -2.435134 -83.326142
v 31.997013 -2.259166 -81.476884
v 30.924660 -2.084394 -79.626320
v 32.768753 -2.343843 -78.535869
v 34.607441 -2.533069 -77.442299
v 52.559418 -2.538799 -57.007125
v 53.647633 -2.564337 -58.866216
v 54.737117 -2.528836 -60.726473
v 52.875902 -2.622200 -61.807249
v 51.011221 -2.405951 -62.885883
v 52.104203 -2.500273 -64.748282
v 59.066318 -2.213284 -68.145104
v 60.927294 -2.006157 -67.063433
v 60.155568 -2.110589 -70.004458
v 57.214530 -2.419478 -69.232741
v 55.364499 -2.521094 -70.321570
v 54.273519 -2.571828 -68.461023
v 53.183814 -2.535872 -66.601422
v 51.332464 -2.465728 -67.689297
v 47.942257 -2.064259 -74.661517
v 46.848010 -1.951908 -72.799647
v 45.765421 -1.940816 -70.944830
v 47.619754 -1.967318 -69.858613
v 49.476793 -2.216609 -68.774416
v 67.410451 -2.417000 -48.329481
v 68.498611 -2.456164 -50.188969
v 69.582406 -2.465605 -52.044730
v 67.726903 -2.444618 -53.129998
v 65.869882 -2.246872 -54.214105
v 66.955186 -2.317084 -56.071036
v 73.923840 -2.357573 -59.472327
v 75.778268 -2.209621 -58.386187
v 75.006560 -2.297925 -61.327220
v 72.065527 -2.505788 -60.555485
v 70.206942 -2.459826 -61.638643
v 69.124502 -2.437968 -59.783777
v 68.035429 -2.377228 -57.923977
v 66.183460 -2.226523 -59.012060
v 62.784433 -2.021647 -65.979494
v 61.699002 -2.016875 -64.122391
v 60.608112 -2.074246 -62.261556
v 62.470714 -1.945362 -61.181376
v 64.331663 -2.086221 -60.100293
v 82.263685 -2.321568 -39.654103
v 83.349604 -2.350499 -41.511734
v 84.433173 -2.368511 -43.367133
v 82.577886 -2.312697 -44.452756
v 80.722383 -2.189475 -45.538232
v 81.806178 -2.226044 -47.393776
v 88.773802 -2.366830 -50.794412
v 90.629260 -2.306004 -49.708941
v 89.857534 -2.347052 -52.649978
v 86.916501 -2.427699 -51.878252
v 85.058404 -2.342230 -52.961519
v 83.975485 -2.309777 -51.106531
v 82.890010 -2.267871 -49.249455
v 81.034434 -2.143317 -50.334823
v 77.632063 -2.131324 -57.299599
v 76.549976 -2.163949 -55.445163
v 75.463090 -2.217646 -53.586930
v 77.321693 -2.070983 -52.504139
v 79.179004 -2.107159 -51.420371
v 97.115689 -2.268852 -30.977889
v 98.200596 -2.281066 -32.834495
v 99.285014 -2.290299 -34.690644
v 97.428870 -2.258485 -35.775523
v 95.572743 -2.206910 -36.860435
v 96.657143 -2.219468 -38.716548
v 103.623927 -2.304869 -42.116429
v 105.480243 -2.291931 -41.031703
v 104.708526 -2.302514 -43.972732
v 101.767493 -2.317814 -43.201020
v 99.910788 -2.268932 -44.285411
v 98.826469 -2.252939 -42.429293
v 97.741788 -2.236197 -40.572891
v 95.885435 -2.177267 -41.657574
v 92.484808 -2.232676 -48.623582
v 91.400968 -2.258454 -46.767921
v 90.316161 -2.287373 -44.911379
v 92.172712 -2.194021 -43.826892
v 94.028920 -2.185647 -42.742135
v 111.966925 -2.265196 -22.300873
v 113.051579 -2.265196 -24.157247
v 114.136214 -2.265196 -26.013615
v 112.279853 -2.265196 -27.098284
v 110.423464 -2.262988 -28.182940
v 111.508127 -2.264718 -30.039306
v 118.474846 -2.265196 -33.439104
v 120.331235 -2.265196 -32.354448
v 119.559500 -2.265196 -35.295483
v 116.618476 -2.265196 -34.523773
v 114.762105 -2.265196 -35.608413
v 113.677452 -2.265196 -33.752054
v 112.592816 -2.264957 -31.895681
v 110.736427 -2.264718 -32.980334
v 107.336514 -2.274153 -39.946991
v 106.251969 -2.279576 -38.090675
v 105.167279 -2.285962 -36.234270
v 107.023677 -2.260288 -35.149644
v 108.880066 -2.262503 -34.064997
v 126.817908 -2.265196 -13.623634
v 127.902580 -2.265196 -15.480000
v 128.987233 -2.265196 -17.336367
v 127.130890 -2.265196 -18.421022
v 125.274492 -2.265196 -19.505691
v 126.359128 -2.265196 -21.362058
v 133.325875 -2.265196 -24.761863
v 135.182209 -2.265196 -23.677208
v 134.410510 -2.265196 -26.618244
v 131.469486 -2.265196 -25.846525
v 129.613052 -2.265196 -26.931187
v 128.528453 -2.265196 -25.074806
v 127.443772 -2.265196 -23.218432
v 125.587402 -2.265196 -24.303094
v 122.187597 -2.265196 -31.269799
v 121.102961 -2.265196 -29.413426
v 120.018317 -2.265196 -27.557044
v 121.874687 -2.265196 -26.472404
v 123.731049 -2.265196 -25.387750
v 141.668909 -2.265196 -4.946401
v 143.525289 -2.265196 -3.861730
v 142.753563 -2.265196 -6.802768
v 143.838217 -2.265196 -8.659142
v 145.694596 -2.265196 -7.574472
v 141.981837 -2.265196 -9.743797
v 140.125457 -2.265196 -10.828437
v 141.210147 -2.265196 -12.684825
v 148.176795 -2.265196 -16.084637
v 150.033192 -2.265196 -14.999975
v 149.261448 -2.265196 -17.941011
v 146.320433 -2.265196 -17.169285
v 144.464089 -2.265196 -18.253940
v 143.379418 -2.265196 -16.397574
v 142.294764 -2.265196 -14.541207
v 140.438421 -2.265196 -15.625847
v 137.038598 -2.265196 -22.592561
v 135.953962 -2.265196 -20.736187
v 134.869327 -2.265196 -18.879806
v 136.725661 -2.265196 -17.795165
v 138.581996 -2.265196 -16.710517
v 16.711125 -2.613281 -97.895812
v 17.771921 -2.424116 -99.748956
v 18.838933 -2.139127 -101.603402
v 17.000195 -2.345494 -102.689953
v 15.164286 -2.516959 -103.775664
v 16.228478 -2.248810 -105.631004
v 23.202268 -2.153992 -109.031062
v 25.051573 -2.331457 -107.946165
v 24.279860 -2.440551 -110.887162
v 21.338823 -1.974527 -110.115472
v 19.498218 -1.899824 -111.199619
v 18.397794 -1.758369 -109.343737
v 17.289113 -2.006452 -107.486769
v 15.456765 -2.153182 -108.572019
v 12.038306 -2.083301 -115.540592
v 10.200587 -2.220357 -116.623384
v 10.972307 -2.394007 -113.682369
v 9.908669 -2.617280 -111.823992
v 8.031269 -2.721908 -112.910643
v 11.744024 -2.516340 -110.741345
v 13.603219 -2.334334 -109.656601
v 31.524495 -2.370996 -89.210847
v 32.622909 -2.586392 -91.071701
v 33.700883 -2.627372 -92.926218
v 31.851191 -2.585042 -94.012734
v 29.981815 -2.357708 -95.094251
v 31.079474 -2.594588 -96.953758
v 38.031124 -2.113128 -100.350454
v 39.902556 -1.935970 -99.268909
v 39.130830 -1.915351 -102.209933
v 36.189819 -2.286539 -101.438207
v 34.346395 -2.455317 -102.524976
v 33.248777 -2.664702 -100.666499
v 32.158705 -2.629525 -98.808981
v 30.307757 -2.597704 -99.894809
v 26.887852 -2.482543 -106.859839
v 25.823290 -2.264018 -105.005131
v 24.756025 -2.033420 -103.150650
v 26.595007 -2.202395 -102.064098
v 28.435155 -2.397694 -100.976842
v 46.399171 -1.978318 -80.543045
v 47.473901 -2.052370 -82.394436
v 48.559765 -2.211695 -84.251367
v 46.702179 -1.992219 -85.335469
v 44.851105 -1.945203 -86.422391
v 45.930453 -1.980103 -88.276512
v 52.902835 -2.539259 -91.678386
v 54.753534 -2.483954 -90.591654
v 53.981822 -2.493420 -93.532687
v 51.040793 -2.594968 -92.760979
v 49.171774 -2.444293 -93.841629
v 48.099778 -2.310341 -91.989271
v 47.021496 -2.146023 -90.135178
v 45.158749 -1.947712 -91.217554
v 41.759234 -1.937878 -98.184283
v 40.674278 -1.935639 -96.327876
v 39.575267 -2.123374 -94.467456
v 41.446004 -1.928731 -93.386861
v 43.303558 -1.938227 -92.302641
v 61.233881 -2.055566 -71.857105
v 62.324875 -1.999875 -73.717212
v 63.413193 -2.031224 -75.575784
v 61.553162 -1.973803 -76.658250
v 59.688834 -2.141354 -77.738724
v 60.781436 -2.037438 -79.599274
v 67.742340 -2.358045 -82.996332
v 69.604531 -2.498941 -81.914435
v 68.832823 -2.454029 -84.855441
v 65.891781 -2.218087 -84.083733
v 64.041592 -2.094326 -85.171224
v 62.950748 -2.006666 -83.312016
v 61.864318 -2.022077 -81.454922
v 60.009751 -2.042561 -82.540307
v 56.609819 -2.300054 -89.506973
v 55.525283 -2.446299 -87.650639
v 54.448560 -2.516125 -85.797766
v 56.296964 -2.419681 -84.709606
v 58.148911 -2.231621 -83.622909
v 76.088945 -2.232627 -63.181982
v 77.175867 -2.167040 -65.039966
v 78.257565 -2.129809 -66.894443
v 76.404150 -2.203333 -67.980995
v 74.549596 -2.346812 -69.066850
v 75.632415 -2.275312 -70.922028
v 82.600951 -2.174801 -74.322904
v 84.455505 -2.276901 -73.237188
v 83.683779 -2.230829 -76.178217
v 80.742782 -2.072510 -75.406495
v 78.884468 -2.110399 -76.490123
v 77.801749 -2.134232 -74.634769
v 76.713787 -2.204990 -72.776446
v 74.860716 -2.333003 -73.863066
v 71.462935 -2.464765 -80.830893
v 70.376248 -2.484985 -78.973401
v 69.286063 -2.423484 -77.114089
v 71.147938 -2.523738 -76.032364
v 73.008204 -2.428177 -74.950010
v 90.942495 -2.313752 -54.506598
v 92.026868 -2.280472 -56.362724
v 93.110663 -2.247454 -58.218462
v 91.255133 -2.326034 -59.303748
v 89.399765 -2.374413 -60.389188
v 90.483407 -2.355438 -62.244791
v 97.450416 -2.185132 -65.644808
v 99.306506 -2.201137 -64.559933
v 98.534762 -2.190996 -67.500971
v 95.593747 -2.169126 -66.729249
v 93.736337 -2.242228 -67.813229
v 92.652741 -2.278987 -65.957532
v 91.568494 -2.317200 -64.101455
v 89.711726 -2.401651 -65.185819
v 86.309652 -2.349506 -72.151206
v 85.227240 -2.309335 -70.296169
v 84.141972 -2.251062 -68.439387
v 85.998966 -2.367793 -67.355131
v 87.854732 -2.384719 -66.270143
v 105.793243 -2.295581 -45.829143
v 106.877842 -2.288655 -47.685487
v 107.962405 -2.280925 -49.541803
v 106.106125 -2.303446 -50.626516
v 104.249727 -2.305740 -51.711192
v 105.334390 -2.306612 -53.567544
v 112.301110 -2.262123 -56.967349
v 114.157489 -2.263564 -55.882696
v 113.385745 -2.260166 -58.823729
v 110.444748 -2.260687 -58.052021
v 108.588305 -2.283551 -59.136624
v 107.503715 -2.292796 -57.280299
v 106.419143 -2.299704 -55.423983
v 104.562682 -2.320623 -56.508573
v 101.162615 -2.252865 -63.475099
v 100.078232 -2.229124 -61.618909
v 98.993904 -2.209493 -59.762809
v 100.849940 -2.258104 -58.677885
v 102.705977 -2.289361 -57.592982
v 120.644172 -2.265196 -37.151850
v 121.728843 -2.265196 -39.008247
v 122.813479 -2.265196 -40.864611
v 120.957108 -2.265196 -41.949260
v 119.100737 -2.265196 -43.033923
v 120.185382 -2.265196 -44.890307
v 127.152075 -2.265196 -48.290107
v 129.008509 -2.265196 -47.205454
v 128.236755 -2.265196 -50.146473
v 125.295731 -2.265196 -49.374765
v 123.439370 -2.265196 -50.459419
v 122.354707 -2.265196 -48.603044
v 121.270044 -2.265196 -46.746687
v 119.413701 -2.265196 -47.831336
v 116.013869 -2.264380 -54.798037
v 114.929216 -2.263564 -52.941671
v 113.844535 -2.261853 -51.085292
v 115.700924 -2.265196 -50.000652
v 117.557285 -2.265196 -48.915989
v 135.495191 -2.265196 -28.474624
v 136.579835 -2.265196 -30.330992
v 137.664498 -2.265196 -32.187351
v 135.808100 -2.265196 -33.272027
v 133.951739 -2.265196 -34.356676
v 135.036410 -2.265196 -36.213049
v 142.003130 -2.265196 -39.612856
v 143.859492 -2.265196 -38.528214
v 143.087747 -2.265196 -41.469236
v 140.146732 -2.265196 -40.697519
v 138.290371 -2.265196 -41.782181
v 137.205708 -2.265196 -39.925806
v 136.121019 -2.265196 -38.069431
v 134.264666 -2.265196 -39.154087
v 130.864852 -2.265196 -46.120796
v 129.780208 -2.265196 -44.264409
v 128.695563 -2.265196 -42.408050
v 130.551907 -2.265196 -41.323396
v 132.408304 -2.265196 -40.238729
v 150.346102 -2.265196 -19.797393
v 152.202517 -2.265196 -18.712730
v 151.430791 -2.265196 -21.653759
v 152.515409 -2.265196 -23.510141
v 154.371843 -2.265196 -22.425471
v 150.659083 -2.265196 -24.594788
v 148.802704 -2.265196 -25.679444
v 149.887375 -2.265196 -27.535816
v 156.854059 -2.265196 -30.935637
v 158.710493 -2.265196 -29.850965
v 157.938749 -2.265196 -32.792003
v 154.997679 -2.265196 -32.020284
v 153.141336 -2.265196 -33.104940
v 152.056664 -2.265196 -31.248564
v 150.972011 -2.265196 -29.392176
v 149.115649 -2.265196 -30.476832
v 145.715799 -2.265196 -37.443552
v 144.631182 -2.265196 -35.587179
v 143.546510 -2.265196 -33.730803
v 145.402908 -2.265196 -32.646154
v 147.259306 -2.265196 -31.561494
v 25.348316 -2.582257 -112.743324
v 26.449154 -2.726171 -114.599912
v 27.548607 -2.518094 -116.455831
v 25.677446 -2.630323 -117.540945
v 23.821875 -2.631323 -118.625255
v 24.905733 -2.622648 -120.481960
v 31.881157 -1.964141 -123.880952
v 33.728828 -2.010893 -122.797148
v 32.957084 -2.066278 -125.738163
v 30.016051 -1.916682 -124.966437
v 28.151433 -1.959840 -126.051831
v 29.244352 -1.868334 -127.907470
v 27.075049 -2.050745 -124.194729
v 25.993026 -2.336402 -122.338123
v 24.134007 -2.468624 -123.423021
v 20.734315 -2.306360 -130.389704
v 21.818847 -1.999992 -132.246093
v 18.877827 -2.412215 -131.474376
v 19.649544 -2.612759 -128.533361
v 18.566251 -2.629636 -126.676466
v 16.708522 -2.632427 -127.761635
v 20.421266 -2.626875 -125.592319
v 22.291003 -2.546829 -124.505722
v 40.218651 -1.940019 -104.066765
v 41.300146 -1.964601 -105.922666
v 42.389232 -2.174279 -107.779660
v 40.528429 -2.011040 -108.863717
v 38.680689 -1.957030 -109.949048
v 39.756712 -2.034702 -111.804723
v 46.732863 -2.492935 -115.205206
v 48.579798 -2.408988 -114.119901
v 47.808076 -2.369014 -117.060926
v 44.867047 -2.578141 -116.289199
v 43.005015 -2.540829 -117.373500
v 44.095321 -2.595999 -119.230215
v 41.926019 -2.485985 -115.517482
v 40.838722 -2.260031 -113.660940
v 38.984999 -2.107718 -114.745774
v 35.592190 -2.133588 -121.712241
v 36.669825 -2.362732 -123.568856
v 34.500523 -1.903026 -119.856124
v 33.411341 -1.943681 -117.999572
v 35.272235 -1.917934 -116.915090
v 37.140866 -2.013752 -115.830690
v 55.069092 -2.338261 -95.389880
v 56.151124 -2.183708 -97.245428
v 57.226446 -2.082179 -99.099196
v 55.379412 -2.186825 -100.186498
v 53.526223 -2.345763 -101.271910
v 54.607717 -2.181420 -103.127513
v 61.573524 -2.243810 -106.527110
v 63.430781 -2.377645 -105.442655
v 62.659055 -2.390430 -108.383652
v 59.718017 -2.110141 -107.611971
v 57.867828 -2.047186 -108.697718
v 58.946304 -2.121625 -110.552995
v 56.777011 -1.972183 -106.840245
v 55.683053 -2.077424 -104.981886
v 53.835973 -2.172273 -106.068528
v 50.433778 -2.268950 -113.034959
v 51.520822 -2.080406 -114.891591
v 49.351524 -2.456986 -111.178868
v 48.274168 -2.530548 -109.323456
v 50.123227 -2.473666 -108.237844
v 51.981175 -2.322801 -107.153471
v 69.916139 -2.467808 -86.711323
v 71.002112 -2.481617 -88.568200
v 72.090968 -2.402945 -90.426279
v 70.230422 -2.505855 -91.509215
v 68.370084 -2.455857 -92.592441
v 69.458678 -2.497457 -94.450257
v 76.423572 -2.106939 -97.849466
v 78.281787 -2.080338 -96.765400
v 77.510042 -2.083148 -99.706442
v 74.569009 -2.133477 -98.934734
v 72.710289 -2.250154 -100.018646
v 73.797310 -2.142827 -101.875740
v 71.627985 -2.357131 -98.162990
v 70.547905 -2.427049 -96.308201
v 68.686970 -2.508959 -97.391282
v 65.281598 -2.441576 -104.356628
v 66.371791 -2.507794 -106.214363
v 64.202493 -2.375836 -102.501622
v 63.117343 -2.237651 -100.645116
v 64.974238 -2.380038 -99.560607
v 66.825339 -2.444275 -98.474326
v 84.766589 -2.292330 -78.033580
v 85.853104 -2.354027 -79.890949
v 86.936312 -2.377725 -81.746619
v 85.081378 -2.342782 -82.831987
v 83.224881 -2.235737 -83.916550
v 84.309697 -2.306949 -85.772993
v 91.276164 -2.289674 -89.172725
v 93.132752 -2.214713 -88.088162
v 92.361034 -2.235890 -91.029186
v 89.420001 -2.364609 -90.257469
v 87.564453 -2.385038 -91.342493
v 88.648302 -2.370719 -93.198484
v 86.478995 -2.399369 -89.485761
v 85.391856 -2.353058 -87.628297
v 83.537944 -2.289330 -88.714053
v 80.140525 -2.164133 -95.681641
v 81.222811 -2.232805 -97.537117
v 79.053476 -2.095203 -93.824384
v 77.968335 -2.102202 -91.967851
v 79.825221 -2.094577 -90.883378
v 81.683046 -2.192039 -89.799330
v 99.619732 -2.214775 -69.357531
v 100.704087 -2.238541 -71.213707
v 101.788334 -2.263773 -73.069838
v 99.932415 -2.217744 -74.154745
v 98.076470 -2.190199 -75.239710
v 99.160680 -2.204235 -77.095783
v 106.127490 -2.303820 -80.495637
v 107.983753 -2.290631 -79.410934
v 107.212017 -2.297084 -82.351949
v 104.270993 -2.317016 -81.580241
v 102.414108 -2.284312 -82.664642
v 103.499276 -2.305784 -84.521247
v 101.329969 -2.262859 -80.808515
v 100.245316 -2.233547 -78.952158
v 98.388936 -2.183807 -80.036798
v 94.988390 -2.190898 -87.003183
v 96.073785 -2.173341 -88.859879
v 93.904460 -2.208437 -85.147165
v 92.818803 -2.255718 -83.290279
v 94.676204 -2.183433 -82.206100
v 96.532538 -2.183623 -81.121483
v 114.470417 -2.261816 -60.680090
v 115.555070 -2.263466 -62.536470
v 116.639706 -2.264331 -64.392845
v 114.783344 -2.263466 -65.477508
v 112.926983 -2.261865 -66.562170
v 114.011636 -2.260159 -68.418545
v 120.978374 -2.265196 -71.818337
v 122.834718 -2.265196 -70.733679
v 122.062992 -2.265196 -73.674712
v 119.121976 -2.265196 -72.902995
v 117.265606 -2.265147 -73.987666
v 118.350277 -2.265196 -75.844019
v 116.180961 -2.265110 -72.131269
v 115.096308 -2.262638 -70.274907
v 113.239928 -2.260074 -71.359561
v 109.839997 -2.274582 -78.326199
v 110.924768 -2.265110 -80.182624
v 108.755443 -2.284060 -76.469883
v 107.670870 -2.294858 -74.613557
v 109.527169 -2.273429 -73.528877
v 111.383503 -2.266754 -72.444191
v 129.321400 -2.265196 -52.002853
v 130.406071 -2.265196 -53.859233
v 131.490725 -2.265196 -55.715603
v 129.634382 -2.265196 -56.800266
v 127.777993 -2.265196 -57.884915
v 128.862628 -2.265196 -59.741299
v 135.829357 -2.265196 -63.141086
v 137.685737 -2.265196 -62.056437
v 136.914002 -2.265196 -64.997461
v 133.972978 -2.265196 -64.225739
v 132.116562 -2.265196 -65.310402
v 133.201270 -2.265196 -67.166786
v 131.031944 -2.265196 -63.454031
v 129.947273 -2.265196 -61.597670
v 128.090929 -2.265196 -62.682310
v 124.691097 -2.265196 -69.649034
v 125.775742 -2.265196 -71.505387
v 123.606462 -2.265196 -67.792654
v 122.521808 -2.265196 -65.936284
v 124.378170 -2.265196 -64.851639
v 126.234550 -2.265196 -63.766972
v 144.172437 -2.265196 -43.325593
v 145.257073 -2.265196 -45.181977
v 146.341762 -2.265196 -47.038357
v 144.485365 -2.265196 -48.123019
v 142.628949 -2.265196 -49.207669
v 143.713638 -2.265196 -51.064044
v 150.680358 -2.265196 -54.463857
v 152.536738 -2.265196 -53.379195
v 151.765012 -2.265196 -56.320215
v 148.823961 -2.265196 -55.548502
v 146.967617 -2.265196 -56.633156
v 148.052235 -2.265196 -58.489517
v 145.882946 -2.265196 -54.776789
v 144.798274 -2.265196 -52.920423
v 142.941930 -2.265196 -54.005077
v 139.542080 -2.265196 -60.971788
v 140.626770 -2.265196 -62.828149
v 138.457454 -2.265196 -59.115417
v 137.372791 -2.265196 -57.259037
v 139.229153 -2.265196 -56.174379
v 141.085533 -2.265196 -55.089730
v 159.023384 -2.265196 -34.648378
v 160.879782 -2.265196 -33.563716
v 160.108020 -2.265196 -36.504744
v 161.192673 -2.265196 -38.361124
v 163.049053 -2.265196 -37.276452
v 159.336330 -2.265196 -39.445780
v 157.479950 -2.265196 -40.530429
v 158.564603 -2.265196 -42.386815
v 165.531341 -2.265196 -45.786607
v 167.387685 -2.265196 -44.701958
v 166.615977 -2.265196 -47.642982
v 163.674962 -2.265196 -46.871265
v 161.818546 -2.265196 -47.955932
v 162.903218 -2.265196 -49.812289
v 160.733911 -2.265196 -46.099557
v 159.649257 -2.265196 -44.243168
v 157.792913 -2.265196 -45.327830
v 154.393082 -2.265196 -52.294541
v 155.477735 -2.265196 -54.150903
v 153.308446 -2.265196 -50.438171
v 152.223774 -2.265196 -48.581782
v 154.080154 -2.265196 -47.497142
v 155.936534 -2.265196 -46.412484
vt 0.069033 0.968869
vt 0.081253 0.968798
vt 0.081510 0.980837
vt 0.069287 0.980898
vt 0.066808 0.873294
vt 0.078920 0.873076
vt 0.079317 0.885035
vt 0.067198 0.885251
vt 0.063137 0.778443
vt 0.075120 0.777938
vt 0.075709 0.789833
vt 0.063743 0.790326
vt 0.057772 0.683407
vt 0.069863 0.682883
vt 0.070569 0.694785
vt 0.058471 0.695309
vt 0.052176 0.587688
vt 0.064237 0.587130
vt 0.064880 0.599118
vt 0.052827 0.599684
vt 0.047767 0.491222
vt 0.059845 0.490812
vt 0.060301 0.502885
vt 0.048228 0.503313
vt 0.045282 0.394641
vt 0.057346 0.394385
vt 0.057571 0.406430
vt 0.045504 0.406703
vt 0.044064 0.298451
vt 0.056094 0.298253
vt 0.056224 0.310245
vt 0.044190 0.310442
vt 0.042829 0.202801
vt 0.054827 0.202570
vt 0.055022 0.214515
vt 0.043021 0.214739
vt 0.040752 0.107270
vt 0.052719 0.106982
vt 0.053025 0.118943
vt 0.041053 0.119225
vt 0.165606 0.967825
vt 0.177547 0.967675
vt 0.177893 0.979843
vt 0.165953 0.980061
vt 0.163396 0.871623
vt 0.175403 0.871411
vt 0.175680 0.883371
vt 0.163678 0.883564
vt 0.159457 0.775426
vt 0.171533 0.775171
vt 0.172166 0.787261
vt 0.160107 0.787510
vt 0.154408 0.679655
vt 0.166531 0.679313
vt 0.167159 0.691233
vt 0.155017 0.691578
vt 0.149052 0.583863
vt 0.161182 0.583427
vt 0.161794 0.595382
vt 0.149678 0.595811
vt 0.144739 0.488023
vt 0.156887 0.487608
vt 0.157350 0.499601
vt 0.145213 0.500014
vt 0.141992 0.392153
vt 0.154104 0.391772
vt 0.154383 0.403765
vt 0.142268 0.404145
vt 0.140334 0.296271
vt 0.152374 0.295900
vt 0.152567 0.307885
vt 0.140519 0.308255
vt 0.138688 0.200427
vt 0.150653 0.200036
vt 0.150905 0.212016
vt 0.138930 0.212403
vt 0.136162 0.104634
vt 0.148046 0.104216
vt 0.148428 0.116196
vt 0.136532 0.116613
vt 0.262145 0.967931
vt 0.274305 0.968092
vt 0.274319 0.980073
vt 0.262140 0.979872
vt 0.259711 0.870614
vt 0.271673 0.870429
vt 0.272141 0.882731
vt 0.260253 0.882886
vt 0.255919 0.773529
vt 0.268013 0.773384
vt 0.268606 0.785590
vt 0.256514 0.785740
vt 0.251194 0.676957
vt 0.263331 0.676712
vt 0.263928 0.688736
vt 0.251764 0.689000
vt 0.246284 0.580733
vt 0.258448 0.580372
vt 0.259005 0.592333
vt 0.246831 0.592700
vt 0.242041 0.484731
vt 0.254199 0.484294
vt 0.254657 0.496261
vt 0.242493 0.496695
vt 0.238919 0.388764
vt 0.251032 0.388279
vt 0.251366 0.400271
vt 0.239246 0.400748
vt 0.236641 0.292728
vt 0.248673 0.292202
vt 0.248951 0.304217
vt 0.236906 0.304735
vt 0.234345 0.196626
vt 0.246297 0.196053
vt 0.246628 0.208072
vt 0.234667 0.208640
vt 0.231139 0.100568
vt 0.243005 0.099947
vt 0.243492 0.111954
vt 0.231614 0.112570
vt 0.358802 0.968465
vt 0.370843 0.968376
vt 0.370951 0.980469
vt 0.358921 0.980529
vt 0.356083 0.870037
vt 0.368052 0.869788
vt 0.368454 0.882134
vt 0.356576 0.882307
vt 0.352354 0.771911
vt 0.364364 0.771605
vt 0.364911 0.783965
vt 0.352969 0.784213
vt 0.347948 0.674423
vt 0.360024 0.674061
vt 0.360626 0.686334
vt 0.348593 0.686661
vt 0.343381 0.577520
vt 0.355507 0.577098
vt 0.356085 0.589274
vt 0.343980 0.589676
vt 0.339210 0.480999
vt 0.351342 0.480516
vt 0.351843 0.492622
vt 0.339716 0.493093
vt 0.335738 0.384631
vt 0.347827 0.384090
vt 0.348234 0.396164
vt 0.336142 0.396698
vt 0.332845 0.288193
vt 0.344859 0.287596
vt 0.345218 0.299670
vt 0.333194 0.300261
vt 0.329931 0.191651
vt 0.341878 0.190990
vt 0.342278 0.203070
vt 0.330325 0.203721
vt 0.326176 0.095152
vt 0.338084 0.094437
vt 0.338629 0.106491
vt 0.326719 0.107202
vt 0.455334 0.966927
vt 0.467448 0.966625
vt 0.467870 0.979248
vt 0.455731 0.979566
vt 0.452124 0.867950
vt 0.464133 0.867598
vt 0.464573 0.880150
vt 0.452557 0.880510
vt 0.448535 0.769347
vt 0.460551 0.768949
vt 0.461028 0.781388
vt 0.449016 0.781787
vt 0.444538 0.671361
vt 0.456599 0.670920
vt 0.457117 0.683235
vt 0.445061 0.683676
vt 0.440310 0.573997
vt 0.452415 0.573520
vt 0.452944 0.585725
vt 0.440841 0.586201
vt 0.436172 0.477070
vt 0.448282 0.476567
vt 0.448790 0.488710
vt 0.436677 0.489211
vt 0.432375 0.380294
vt 0.444445 0.379764
vt 0.444906 0.391881
vt 0.432831 0.392407
vt 0.428921 0.283476
vt 0.440923 0.282914
vt 0.441354 0.295033
vt 0.429342 0.295593
vt 0.425519 0.186501
vt 0.437470 0.185903
vt 0.437913 0.198033
vt 0.425956 0.198627
vt 0.421694 0.089623
vt 0.433675 0.088995
vt 0.434185 0.101089
vt 0.422214 0.101712
vt 0.552099 0.962667
vt 0.564108 0.962041
vt 0.564720 0.974345
vt 0.552448 0.975227
vt 0.548120 0.863899
vt 0.560090 0.863288
vt 0.560503 0.875799
vt 0.548459 0.876487
vt 0.544579 0.765324
vt 0.556573 0.764736
vt 0.556959 0.777208
vt 0.544958 0.777814
vt 0.540988 0.667305
vt 0.553041 0.666739
vt 0.553465 0.679090
vt 0.541422 0.679659
vt 0.537130 0.569909
vt 0.549233 0.569373
vt 0.549708 0.581602
vt 0.537613 0.582139
vt 0.533041 0.472987
vt 0.545154 0.472479
vt 0.545666 0.484628
vt 0.533554 0.485137
vt 0.528906 0.376215
vt 0.540974 0.375737
vt 0.541490 0.387855
vt 0.529416 0.388336
vt 0.524931 0.279308
vt 0.536934 0.278849
vt 0.537427 0.290978
vt 0.525416 0.291436
vt 0.521212 0.182245
vt 0.533184 0.181805
vt 0.533636 0.193938
vt 0.521662 0.194379
vt 0.517721 0.085276
vt 0.529746 0.084853
vt 0.530161 0.096953
vt 0.518151 0.097377
vt 0.648488 0.955764
vt 0.660387 0.954957
vt 0.661193 0.966993
vt 0.648950 0.968194
vt 0.643912 0.858095
vt 0.655964 0.857148
vt 0.656332 0.869558
vt 0.644476 0.870324
vt 0.640443 0.760337
vt 0.652476 0.759567
vt 0.652868 0.771755
vt 0.640951 0.772431
vt 0.637372 0.662729
vt 0.649439 0.662110
vt 0.649868 0.674171
vt 0.637801 0.674803
vt 0.633985 0.565645
vt 0.646106 0.565106
vt 0.646583 0.577134
vt 0.634436 0.577705
vt 0.629996 0.469039
vt 0.642127 0.468558
vt 0.642673 0.480582
vt 0.630520 0.481086
vt 0.625508 0.372595
vt 0.637596 0.372171
vt 0.638180 0.384215
vt 0.626077 0.384654
vt 0.621017 0.276032
vt 0.633039 0.275674
vt 0.633589 0.287747
vt 0.621556 0.288115
vt 0.617048 0.179290
vt 0.629036 0.178999
vt 0.629492 0.191087
vt 0.617501 0.191387
vt 0.613928 0.082589
vt 0.625948 0.082350
vt 0.626277 0.094420
vt 0.614268 0.094663
vt 0.744071 0.948427
vt 0.756027 0.947507
vt 0.756620 0.959655
vt 0.744873 0.960338
vt 0.739802 0.851419
vt 0.751822 0.850594
vt 0.752236 0.862762
vt 0.740192 0.863632
vt 0.736590 0.754612
vt 0.748646 0.753894
vt 0.748983 0.765986
vt 0.737025 0.766623
vt 0.734071 0.657701
vt 0.746136 0.657161
vt 0.746500 0.669168
vt 0.734338 0.669811
vt 0.731136 0.561208
vt 0.743278 0.560698
vt 0.743684 0.572743
vt 0.731507 0.573296
vt 0.727166 0.465142
vt 0.739322 0.464663
vt 0.739865 0.476682
vt 0.727712 0.477163
vt 0.722308 0.369250
vt 0.734420 0.368830
vt 0.735058 0.380818
vt 0.722944 0.381240
vt 0.717283 0.273301
vt 0.729328 0.272964
vt 0.729941 0.284955
vt 0.717889 0.285305
vt 0.712975 0.177183
vt 0.724970 0.176926
vt 0.725448 0.188940
vt 0.713449 0.189206
vt 0.709960 0.080971
vt 0.721941 0.080785
vt 0.722244 0.092803
vt 0.710263 0.092996
vt 0.839468 0.942038
vt 0.851263 0.941494
vt 0.851880 0.953463
vt 0.839936 0.954215
vt 0.835651 0.845829
vt 0.847577 0.845298
vt 0.848029 0.857272
vt 0.836055 0.857874
vt 0.833016 0.749525
vt 0.845130 0.748922
vt 0.845341 0.761022
vt 0.833342 0.761518
vt 0.830920 0.653303
vt 0.843002 0.652849
vt 0.843304 0.664817
vt 0.831166 0.665334
vt 0.828333 0.557159
vt 0.840474 0.556681
vt 0.840853 0.568701
vt 0.828693 0.569198
vt 0.824386 0.461328
vt 0.836538 0.460827
vt 0.837102 0.472806
vt 0.824967 0.473288
vt 0.819198 0.365764
vt 0.831304 0.365285
vt 0.832005 0.377213
vt 0.819896 0.377693
vt 0.813647 0.270347
vt 0.825691 0.269919
vt 0.826368 0.281836
vt 0.814319 0.282272
vt 0.808932 0.174888
vt 0.820924 0.174539
vt 0.821442 0.186471
vt 0.809445 0.186829
vt 0.805672 0.079207
vt 0.817626 0.078928
vt 0.817961 0.090898
vt 0.806003 0.091184
vt 0.935074 0.937609
vt 0.947144 0.937105
vt 0.947592 0.949107
vt 0.935469 0.949686
vt 0.931819 0.841658
vt 0.943889 0.841206
vt 0.944260 0.853168
vt 0.932149 0.853680
vt 0.929485 0.745864
vt 0.941495 0.745550
vt 0.941775 0.757484
vt 0.929673 0.757909
vt 0.927696 0.649864
vt 0.939789 0.649495
vt 0.939998 0.661541
vt 0.927963 0.661850
vt 0.925326 0.553510
vt 0.937404 0.553095
vt 0.937785 0.565146
vt 0.925673 0.565582
vt 0.921357 0.457246
vt 0.933440 0.456690
vt 0.934026 0.468731
vt 0.921950 0.469263
vt 0.915889 0.361459
vt 0.927941 0.360828
vt 0.928683 0.372767
vt 0.916628 0.373392
vt 0.909915 0.266350
vt 0.921933 0.265744
vt 0.922661 0.277592
vt 0.910637 0.278208
vt 0.904844 0.171584
vt 0.916836 0.171090
vt 0.917387 0.182921
vt 0.905393 0.183431
vt 0.901356 0.076532
vt 0.913337 0.076147
vt 0.913702 0.088054
vt 0.901719 0.088449
vt 0.056299 0.933161
vt 0.056494 0.945083
vt 0.044388 0.945250
vt 0.044099 0.933237
vt 0.092182 0.920563
vt 0.080063 0.920733
vt 0.079882 0.908856
vt 0.091990 0.908713
vt 0.105121 0.956438
vt 0.104960 0.944497
vt 0.116901 0.944244
vt 0.117204 0.956350
vt 0.053670 0.838078
vt 0.054121 0.849950
vt 0.041999 0.850222
vt 0.041581 0.838411
vt 0.089325 0.825152
vt 0.077356 0.825559
vt 0.076852 0.813656
vt 0.088812 0.813223
vt 0.102735 0.860691
vt 0.102305 0.848731
vt 0.114378 0.848487
vt 0.114690 0.860347
vt 0.049183 0.743367
vt 0.049838 0.755216
vt 0.037779 0.755744
vt 0.037193 0.743972
vt 0.084700 0.729993
vt 0.072603 0.730435
vt 0.071927 0.718550
vt 0.084046 0.718096
vt 0.098632 0.765224
vt 0.098006 0.753298
vt 0.110052 0.752880
vt 0.110743 0.764882
vt 0.043579 0.648227
vt 0.044304 0.660179
vt 0.032272 0.660824
vt 0.031522 0.648847
vt 0.079041 0.634537
vt 0.066992 0.635110
vt 0.066267 0.623115
vt 0.078307 0.622551
vt 0.093267 0.669885
vt 0.092536 0.657923
vt 0.104642 0.657460
vt 0.105295 0.669363
vt 0.038244 0.552078
vt 0.038824 0.564124
vt 0.026785 0.564687
vt 0.026195 0.552613
vt 0.073905 0.538541
vt 0.061813 0.539015
vt 0.061287 0.526987
vt 0.073383 0.526533
vt 0.087780 0.574109
vt 0.087191 0.562140
vt 0.099292 0.561654
vt 0.099915 0.573644
vt 0.034558 0.455326
vt 0.034912 0.467432
vt 0.022858 0.467786
vt 0.022516 0.455661
vt 0.070471 0.442257
vt 0.058380 0.442583
vt 0.058086 0.430531
vt 0.070179 0.430219
vt 0.083641 0.477998
vt 0.083254 0.465970
vt 0.095366 0.465592
vt 0.095771 0.477620
vt 0.032701 0.358708
vt 0.032861 0.370757
vt 0.020822 0.370950
vt 0.020664 0.358888
vt 0.068689 0.346030
vt 0.056639 0.346262
vt 0.056494 0.334249
vt 0.068541 0.334022
vt 0.081288 0.381808
vt 0.081091 0.369791
vt 0.093165 0.369504
vt 0.093370 0.381515
vt 0.031647 0.262715
vt 0.031780 0.274676
vt 0.019759 0.274837
vt 0.019626 0.262880
vt 0.067550 0.250143
vt 0.055537 0.250367
vt 0.055378 0.238414
vt 0.067385 0.238181
vt 0.080013 0.285813
vt 0.079868 0.273835
vt 0.091889 0.273574
vt 0.092040 0.285551
vt 0.030160 0.167244
vt 0.030397 0.179170
vt 0.018389 0.179404
vt 0.018153 0.167491
vt 0.065856 0.154525
vt 0.053881 0.154796
vt 0.053608 0.142850
vt 0.065578 0.142573
vt 0.078584 0.190104
vt 0.078346 0.178150
vt 0.090316 0.177856
vt 0.090562 0.189816
vt 0.027840 0.071642
vt 0.028153 0.083624
vt 0.016159 0.083920
vt 0.015849 0.071940
vt 0.063379 0.058757
vt 0.051449 0.059057
vt 0.051135 0.047051
vt 0.063057 0.046752
vt 0.076287 0.094416
vt 0.075955 0.082436
vt 0.087864 0.082118
vt 0.088208 0.094101
vt 0.152823 0.931801
vt 0.153213 0.943941
vt 0.141019 0.943948
vt 0.140860 0.932053
vt 0.188813 0.919537
vt 0.176829 0.919685
vt 0.176403 0.907519
vt 0.188385 0.907341
vt 0.201615 0.955676
vt 0.201235 0.943464
vt 0.213435 0.943567
vt 0.213541 0.955517
vt 0.150014 0.835697
vt 0.150370 0.847613
vt 0.138391 0.847905
vt 0.137957 0.835931
vt 0.185681 0.823016
vt 0.173581 0.823169
vt 0.173185 0.811251
vt 0.185323 0.811090
vt 0.199063 0.859019
vt 0.198748 0.847063
vt 0.210704 0.846813
vt 0.211268 0.859007
vt 0.145642 0.739868
vt 0.146339 0.751916
vt 0.134228 0.752205
vt 0.133625 0.740249
vt 0.181258 0.726959
vt 0.169168 0.727250
vt 0.168466 0.715195
vt 0.180569 0.714887
vt 0.195116 0.762675
vt 0.194441 0.750540
vt 0.206550 0.750330
vt 0.207134 0.762407
vt 0.140222 0.644126
vt 0.140888 0.656061
vt 0.128817 0.656531
vt 0.128071 0.644535
vt 0.175897 0.630935
vt 0.163799 0.631362
vt 0.163111 0.619354
vt 0.175197 0.618937
vt 0.190028 0.666548
vt 0.189355 0.654549
vt 0.201496 0.654230
vt 0.202081 0.666176
vt 0.135101 0.548332
vt 0.135655 0.560279
vt 0.123522 0.560720
vt 0.122956 0.548762
vt 0.171003 0.535091
vt 0.158850 0.535515
vt 0.158335 0.523556
vt 0.170485 0.523140
vt 0.184877 0.570638
vt 0.184317 0.558703
vt 0.196477 0.558300
vt 0.197045 0.570242
vt 0.131394 0.452467
vt 0.131766 0.464455
vt 0.119622 0.464834
vt 0.119266 0.452849
vt 0.167458 0.439297
vt 0.155316 0.439697
vt 0.154989 0.427727
vt 0.167127 0.427331
vt 0.180779 0.474834
vt 0.180376 0.462875
vt 0.192528 0.462451
vt 0.192953 0.474426
vt 0.129211 0.356553
vt 0.129421 0.368542
vt 0.117333 0.368880
vt 0.117131 0.356888
vt 0.165243 0.343451
vt 0.153165 0.343839
vt 0.152960 0.331856
vt 0.165032 0.331467
vt 0.178063 0.378997
vt 0.177805 0.367016
vt 0.189904 0.366591
vt 0.190174 0.378579
vt 0.127768 0.260677
vt 0.127947 0.272658
vt 0.115928 0.272984
vt 0.115757 0.261005
vt 0.163580 0.247562
vt 0.151581 0.247963
vt 0.151367 0.235979
vt 0.163356 0.235575
vt 0.176239 0.283105
vt 0.176024 0.271116
vt 0.188043 0.270675
vt 0.188269 0.282667
vt 0.125917 0.164888
vt 0.126201 0.176859
vt 0.114244 0.177212
vt 0.113968 0.165246
vt 0.161407 0.151696
vt 0.149482 0.152128
vt 0.149147 0.140151
vt 0.161063 0.139716
vt 0.174290 0.187191
vt 0.173988 0.175204
vt 0.185927 0.174731
vt 0.186237 0.186721
vt 0.123136 0.069071
vt 0.123522 0.081062
vt 0.111647 0.081435
vt 0.111278 0.069445
vt 0.158206 0.055816
vt 0.146396 0.056261
vt 0.145961 0.044257
vt 0.157749 0.043815
vt 0.171377 0.091320
vt 0.170937 0.079332
vt 0.182776 0.078835
vt 0.183232 0.090823
vt 0.249363 0.931439
vt 0.249469 0.943423
vt 0.237554 0.943563
vt 0.237151 0.931307
vt 0.285099 0.919117
vt 0.273125 0.919220
vt 0.272906 0.907148
vt 0.284863 0.907056
vt 0.298085 0.955872
vt 0.297981 0.943857
vt 0.309971 0.943809
vt 0.310189 0.955931
vt 0.246411 0.834327
vt 0.246899 0.846499
vt 0.234776 0.846519
vt 0.234496 0.834546
vt 0.282096 0.821798
vt 0.269991 0.821843
vt 0.269581 0.809806
vt 0.281760 0.809718
vt 0.295446 0.858225
vt 0.295063 0.846065
vt 0.307037 0.845859
vt 0.307640 0.858220
vt 0.242206 0.737582
vt 0.242869 0.749766
vt 0.230777 0.749963
vt 0.230166 0.737835
vt 0.277869 0.724811
vt 0.265763 0.725010
vt 0.265133 0.712879
vt 0.277281 0.712643
vt 0.291601 0.760886
vt 0.290980 0.748620
vt 0.303039 0.748390
vt 0.303672 0.760683
vt 0.237193 0.641156
vt 0.237834 0.653193
vt 0.225733 0.653555
vt 0.225032 0.641476
vt 0.272988 0.628167
vt 0.260856 0.628501
vt 0.260208 0.616398
vt 0.272349 0.616051
vt 0.286898 0.663981
vt 0.286242 0.651804
vt 0.298369 0.651506
vt 0.298977 0.663659
vt 0.232395 0.545086
vt 0.232937 0.557052
vt 0.220786 0.557472
vt 0.220202 0.545482
vt 0.268357 0.531888
vt 0.256201 0.532314
vt 0.255658 0.520270
vt 0.267809 0.519842
vt 0.282150 0.567518
vt 0.281568 0.555444
vt 0.293727 0.555056
vt 0.294270 0.567116
vt 0.228579 0.449173
vt 0.228979 0.461138
vt 0.216829 0.461583
vt 0.216421 0.449611
vt 0.264617 0.435813
vt 0.252480 0.436289
vt 0.252087 0.424275
vt 0.264216 0.423798
vt 0.278039 0.471360
vt 0.277586 0.459335
vt 0.289736 0.458873
vt 0.290174 0.470890
vt 0.225917 0.353240
vt 0.226197 0.365229
vt 0.214099 0.365697
vt 0.213827 0.353711
vt 0.261872 0.339737
vt 0.249799 0.340254
vt 0.249511 0.328242
vt 0.261572 0.327718
vt 0.274906 0.375261
vt 0.274574 0.363240
vt 0.286663 0.362718
vt 0.286999 0.374740
vt 0.223830 0.257222
vt 0.224092 0.269227
vt 0.212077 0.269730
vt 0.211826 0.257728
vt 0.259536 0.243564
vt 0.247545 0.244132
vt 0.247250 0.232112
vt 0.259229 0.231539
vt 0.272434 0.279079
vt 0.272136 0.267048
vt 0.284144 0.266469
vt 0.284452 0.278507
vt 0.221367 0.161164
vt 0.221726 0.173167
vt 0.209795 0.173712
vt 0.209445 0.161713
vt 0.256723 0.147374
vt 0.244813 0.147988
vt 0.244393 0.135975
vt 0.256296 0.135353
vt 0.269828 0.182822
vt 0.269450 0.170792
vt 0.281378 0.170157
vt 0.281769 0.182192
vt 0.217752 0.065174
vt 0.218282 0.077173
vt 0.206448 0.077754
vt 0.205935 0.065758
vt 0.252616 0.051269
vt 0.240803 0.051928
vt 0.240183 0.039922
vt 0.251979 0.039262
vt 0.266209 0.086630
vt 0.265646 0.074614
vt 0.277500 0.073929
vt 0.278072 0.085947
vt 0.345762 0.931438
vt 0.345901 0.943468
vt 0.333902 0.943573
vt 0.333625 0.931438
vt 0.381551 0.918832
vt 0.369572 0.919061
vt 0.369235 0.906785
vt 0.381134 0.906609
vt 0.394641 0.955834
vt 0.394410 0.943696
vt 0.406480 0.943608
vt 0.406641 0.955682
vt 0.342743 0.833330
vt 0.343143 0.845500
vt 0.331079 0.845574
vt 0.330793 0.833516
vt 0.378309 0.820357
vt 0.366310 0.820624
vt 0.365890 0.808479
vt 0.377855 0.808233
vt 0.391698 0.857194
vt 0.391350 0.845097
vt 0.403354 0.844865
vt 0.403703 0.856962
vt 0.338722 0.735608
vt 0.339278 0.747814
vt 0.327193 0.747994
vt 0.326741 0.735884
vt 0.374303 0.722428
vt 0.362253 0.722752
vt 0.361745 0.710678
vt 0.373789 0.710358
vt 0.387957 0.758932
vt 0.387500 0.746859
vt 0.399526 0.746537
vt 0.399996 0.758626
vt 0.334138 0.638458
vt 0.334739 0.650618
vt 0.322619 0.650917
vt 0.322076 0.638814
vt 0.369853 0.625125
vt 0.357750 0.625516
vt 0.357207 0.613483
vt 0.369313 0.613088
vt 0.383657 0.661284
vt 0.383130 0.649235
vt 0.395211 0.648838
vt 0.395743 0.660905
vt 0.329628 0.541776
vt 0.330181 0.553879
vt 0.318035 0.554278
vt 0.317508 0.542202
vt 0.365486 0.528319
vt 0.353355 0.528772
vt 0.352850 0.516750
vt 0.364980 0.516290
vt 0.379222 0.564209
vt 0.378701 0.552174
vt 0.390817 0.551721
vt 0.391346 0.563767
vt 0.325702 0.445388
vt 0.326156 0.457449
vt 0.314020 0.457929
vt 0.313582 0.445883
vt 0.361611 0.431785
vt 0.349498 0.432299
vt 0.349069 0.420268
vt 0.361176 0.419747
vt 0.375120 0.467508
vt 0.374653 0.455469
vt 0.386767 0.454962
vt 0.387240 0.467010
vt 0.322547 0.349053
vt 0.322907 0.361105
vt 0.310830 0.361649
vt 0.310482 0.349607
vt 0.358353 0.335288
vt 0.346302 0.335859
vt 0.345937 0.323802
vt 0.357979 0.323223
vt 0.371590 0.370948
vt 0.371191 0.358887
vt 0.383255 0.358327
vt 0.383664 0.370395
vt 0.319807 0.252616
vt 0.320151 0.264676
vt 0.308149 0.265281
vt 0.307815 0.253227
vt 0.355395 0.238675
vt 0.343418 0.239302
vt 0.343047 0.227228
vt 0.355016 0.226591
vt 0.368509 0.274314
vt 0.368133 0.262229
vt 0.380127 0.261621
vt 0.380511 0.273712
vt 0.316741 0.156123
vt 0.317171 0.168182
vt 0.305241 0.168849
vt 0.304817 0.156798
vt 0.352058 0.141997
vt 0.340133 0.142687
vt 0.339654 0.130617
vt 0.351574 0.129919
vt 0.365347 0.177578
vt 0.364908 0.165487
vt 0.376845 0.164820
vt 0.377289 0.176919
vt 0.312496 0.059768
vt 0.313117 0.071796
vt 0.301235 0.072515
vt 0.300619 0.060492
vt 0.347556 0.045554
vt 0.335635 0.046283
vt 0.334948 0.034265
vt 0.346873 0.033532
vt 0.361359 0.080951
vt 0.360764 0.068901
vt 0.372708 0.068190
vt 0.373295 0.080243
vt 0.442175 0.930356
vt 0.442609 0.942967
vt 0.430574 0.943242
vt 0.430111 0.930600
vt 0.477851 0.916670
vt 0.465817 0.917092
vt 0.465413 0.904894
vt 0.477417 0.904484
vt 0.491197 0.953590
vt 0.490731 0.941428
vt 0.502757 0.940947
vt 0.503217 0.953079
vt 0.438855 0.831447
vt 0.439326 0.843955
vt 0.427339 0.844293
vt 0.426836 0.831766
vt 0.474389 0.817772
vt 0.462388 0.818204
vt 0.461946 0.806013
vt 0.473937 0.805585
vt 0.487697 0.854534
vt 0.487252 0.842340
vt 0.499226 0.841870
vt 0.499658 0.854049
vt 0.435066 0.733060
vt 0.435585 0.745440
vt 0.423567 0.745827
vt 0.423026 0.733439
vt 0.470646 0.719395
vt 0.458615 0.719853
vt 0.458124 0.707700
vt 0.470157 0.707245
vt 0.484098 0.755871
vt 0.483624 0.743699
vt 0.495628 0.743218
vt 0.496086 0.755380
vt 0.430889 0.635316
vt 0.431436 0.647575
vt 0.419363 0.648008
vt 0.418800 0.635748
vt 0.466602 0.621665
vt 0.454517 0.622147
vt 0.453995 0.610040
vt 0.466081 0.609557
vt 0.480213 0.657839
vt 0.479704 0.645710
vt 0.491767 0.645215
vt 0.492261 0.657340
vt 0.426627 0.538151
vt 0.427157 0.550316
vt 0.415045 0.550791
vt 0.414509 0.538627
vt 0.462439 0.524503
vt 0.450327 0.525007
vt 0.449813 0.512928
vt 0.461924 0.512423
vt 0.476103 0.560436
vt 0.475584 0.548348
vt 0.487688 0.547843
vt 0.488201 0.559929
vt 0.422606 0.441315
vt 0.423088 0.453432
vt 0.410984 0.453944
vt 0.410503 0.441829
vt 0.458409 0.427641
vt 0.446317 0.428157
vt 0.445843 0.416076
vt 0.457927 0.415557
vt 0.471990 0.463466
vt 0.471490 0.451384
vt 0.483588 0.450876
vt 0.484093 0.462955
vt 0.419003 0.344562
vt 0.419433 0.356667
vt 0.407375 0.357216
vt 0.406953 0.345117
vt 0.454691 0.330819
vt 0.442655 0.331357
vt 0.442218 0.319256
vt 0.454244 0.318715
vt 0.468109 0.366623
vt 0.467644 0.354525
vt 0.479694 0.354007
vt 0.480168 0.366108
vt 0.415683 0.247712
vt 0.416094 0.259828
vt 0.404106 0.260418
vt 0.403703 0.248308
vt 0.451184 0.233853
vt 0.439212 0.234421
vt 0.438783 0.222292
vt 0.450749 0.221720
vt 0.464483 0.269696
vt 0.464041 0.257567
vt 0.476025 0.257034
vt 0.476474 0.269163
vt 0.412213 0.150764
vt 0.412674 0.162878
vt 0.400729 0.163515
vt 0.400270 0.151407
vt 0.447606 0.136815
vt 0.435645 0.137409
vt 0.435170 0.125295
vt 0.447135 0.124699
vt 0.460937 0.172626
vt 0.460485 0.160495
vt 0.472448 0.159946
vt 0.472896 0.172080
vt 0.408026 0.054073
vt 0.408611 0.066129
vt 0.396631 0.066802
vt 0.396033 0.054750
vt 0.443520 0.040111
vt 0.431471 0.040730
vt 0.430875 0.028696
vt 0.442944 0.028075
vt 0.457157 0.075715
vt 0.456644 0.063635
vt 0.468676 0.063073
vt 0.469172 0.075153
vt 0.538413 0.926552
vt 0.538822 0.939186
vt 0.526799 0.939831
vt 0.526388 0.927179
vt 0.573952 0.912063
vt 0.561997 0.912666
vt 0.561446 0.900495
vt 0.573582 0.899714
vt 0.587594 0.948227
vt 0.587148 0.935705
vt 0.599196 0.934838
vt 0.599615 0.947360
vt 0.534740 0.827715
vt 0.535127 0.840279
vt 0.523163 0.840841
vt 0.522774 0.828280
vt 0.570268 0.813367
vt 0.558308 0.813957
vt 0.557824 0.801816
vt 0.569874 0.801156
vt 0.583518 0.849772
vt 0.583084 0.837441
vt 0.595104 0.836617
vt 0.595595 0.848990
vt 0.531205 0.729234
vt 0.531625 0.741663
vt 0.519627 0.742202
vt 0.519204 0.729777
vt 0.566848 0.715084
vt 0.554829 0.715661
vt 0.554361 0.703550
vt 0.566415 0.702951
vt 0.580093 0.751373
vt 0.579654 0.739180
vt 0.591682 0.738470
vt 0.592167 0.750700
vt 0.527483 0.631370
vt 0.527950 0.643663
vt 0.515890 0.644193
vt 0.515419 0.631902
vt 0.563258 0.617429
vt 0.551175 0.617980
vt 0.550680 0.605903
vt 0.562777 0.605347
vt 0.576676 0.653493
vt 0.576209 0.641384
vt 0.588286 0.640765
vt 0.588778 0.652892
vt 0.523498 0.534117
vt 0.524000 0.546302
vt 0.511896 0.546818
vt 0.511395 0.534635
vt 0.559336 0.520365
vt 0.547220 0.520887
vt 0.546701 0.508830
vt 0.558820 0.508309
vt 0.572941 0.556235
vt 0.572435 0.544174
vt 0.584553 0.543622
vt 0.585071 0.555691
vt 0.519377 0.437230
vt 0.519889 0.449356
vt 0.507788 0.449860
vt 0.507280 0.437731
vt 0.555156 0.423624
vt 0.543056 0.424110
vt 0.542532 0.412041
vt 0.554626 0.411558
vt 0.568848 0.459424
vt 0.568314 0.447370
vt 0.580426 0.446875
vt 0.580972 0.458929
vt 0.515350 0.340392
vt 0.515843 0.352512
vt 0.503792 0.353002
vt 0.503308 0.340881
vt 0.550962 0.326865
vt 0.538926 0.327321
vt 0.538424 0.315213
vt 0.550450 0.314760
vt 0.564579 0.362723
vt 0.564048 0.350637
vt 0.576105 0.350189
vt 0.576647 0.362270
vt 0.511519 0.243388
vt 0.511983 0.255523
vt 0.499998 0.256010
vt 0.499536 0.243875
vt 0.546999 0.229904
vt 0.535016 0.230336
vt 0.534551 0.218203
vt 0.546530 0.217776
vt 0.560447 0.265859
vt 0.559951 0.253742
vt 0.571947 0.253336
vt 0.572447 0.265451
vt 0.507907 0.146308
vt 0.508350 0.158438
vt 0.496379 0.158919
vt 0.495933 0.146787
vt 0.543419 0.132888
vt 0.531431 0.133294
vt 0.531005 0.121176
vt 0.542998 0.120771
vt 0.556694 0.168866
vt 0.556258 0.156742
vt 0.568241 0.156374
vt 0.568673 0.168493
vt 0.504363 0.049479
vt 0.504812 0.061549
vt 0.492760 0.062029
vt 0.492291 0.049957
vt 0.540207 0.036161
vt 0.528108 0.036552
vt 0.527702 0.024509
vt 0.539829 0.024118
vt 0.553416 0.072000
vt 0.553041 0.059922
vt 0.565098 0.059582
vt 0.565458 0.071657
vt 0.634467 0.920264
vt 0.635002 0.932580
vt 0.623113 0.933303
vt 0.622659 0.921011
vt 0.669938 0.905240
vt 0.658059 0.905984
vt 0.657374 0.893974
vt 0.669463 0.893019
vt 0.683726 0.940862
vt 0.683226 0.928524
vt 0.695111 0.927702
vt 0.695563 0.940060
vt 0.630540 0.822193
vt 0.631065 0.834289
vt 0.619103 0.835031
vt 0.618570 0.822939
vt 0.666149 0.807508
vt 0.654114 0.808360
vt 0.653708 0.796137
vt 0.665600 0.795445
vt 0.679329 0.843477
vt 0.678825 0.831384
vt 0.690890 0.830452
vt 0.691443 0.842557
vt 0.627331 0.724228
vt 0.627776 0.736319
vt 0.615748 0.737030
vt 0.615250 0.724914
vt 0.663027 0.710060
vt 0.650957 0.710795
vt 0.650632 0.698512
vt 0.662604 0.697885
vt 0.676176 0.745867
vt 0.675753 0.733787
vt 0.687768 0.733120
vt 0.688179 0.745184
vt 0.624110 0.626768
vt 0.624550 0.638863
vt 0.612458 0.639500
vt 0.611973 0.627378
vt 0.659954 0.612938
vt 0.647842 0.613543
vt 0.647450 0.601352
vt 0.659543 0.600775
vt 0.673269 0.648619
vt 0.672893 0.636472
vt 0.684967 0.635918
vt 0.685296 0.648035
vt 0.620445 0.529874
vt 0.620937 0.541947
vt 0.608804 0.542508
vt 0.608287 0.530415
vt 0.656344 0.516274
vt 0.644203 0.516789
vt 0.643712 0.504698
vt 0.655857 0.504184
vt 0.669940 0.551879
vt 0.669494 0.539770
vt 0.681629 0.539262
vt 0.682051 0.551352
vt 0.616234 0.433340
vt 0.616785 0.445400
vt 0.604663 0.445890
vt 0.604107 0.433818
vt 0.652024 0.419914
vt 0.639904 0.420366
vt 0.639334 0.408312
vt 0.651452 0.407862
vt 0.665862 0.455532
vt 0.665310 0.443472
vt 0.677445 0.443006
vt 0.677995 0.455057
vt 0.611732 0.336814
vt 0.612293 0.348889
vt 0.600227 0.349314
vt 0.599673 0.337231
vt 0.647340 0.323558
vt 0.635281 0.323945
vt 0.634710 0.311881
vt 0.646763 0.311504
vt 0.661187 0.359292
vt 0.660594 0.347246
vt 0.672676 0.346849
vt 0.673277 0.358886
vt 0.607443 0.240110
vt 0.607952 0.252209
vt 0.595948 0.252571
vt 0.595445 0.240466
vt 0.642942 0.227038
vt 0.630940 0.227352
vt 0.630444 0.215263
vt 0.642440 0.214959
vt 0.656539 0.262923
vt 0.655994 0.250862
vt 0.668011 0.250545
vt 0.668564 0.262594
vt 0.603778 0.143290
vt 0.604193 0.155392
vt 0.592208 0.155699
vt 0.591790 0.143593
vt 0.639358 0.130403
vt 0.627365 0.130653
vt 0.626986 0.118569
vt 0.638984 0.118330
vt 0.652574 0.166376
vt 0.652149 0.154304
vt 0.664140 0.154062
vt 0.664566 0.166124
vt 0.600951 0.046651
vt 0.601254 0.058708
vt 0.589205 0.058976
vt 0.588886 0.046914
vt 0.636858 0.033929
vt 0.624801 0.034136
vt 0.624561 0.022099
vt 0.636629 0.021894
vt 0.649678 0.069867
vt 0.649400 0.057817
vt 0.661418 0.057628
vt 0.661688 0.069672
vt 0.730379 0.912888
vt 0.730841 0.925140
vt 0.718887 0.926054
vt 0.718413 0.913781
vt 0.765583 0.898376
vt 0.753600 0.899218
vt 0.753083 0.887104
vt 0.765133 0.886210
vt 0.779287 0.933706
vt 0.778583 0.921759
vt 0.790595 0.920902
vt 0.791270 0.932801
vt 0.726433 0.815935
vt 0.726934 0.827957
vt 0.714960 0.828716
vt 0.714441 0.816692
vt 0.762161 0.801469
vt 0.750142 0.802199
vt 0.749757 0.790119
vt 0.761714 0.789473
vt 0.775222 0.837162
vt 0.774893 0.824993
vt 0.786932 0.824244
vt 0.787244 0.836417
vt 0.723639 0.718811
vt 0.723977 0.730912
vt 0.711883 0.731670
vt 0.711495 0.719540
vt 0.759461 0.704861
vt 0.747357 0.705534
vt 0.747106 0.693357
vt 0.759145 0.692761
vt 0.772477 0.740409
vt 0.772110 0.728415
vt 0.784167 0.727804
vt 0.784534 0.739791
vt 0.720934 0.622048
vt 0.721254 0.634189
vt 0.709145 0.634781
vt 0.708819 0.622629
vt 0.756928 0.608353
vt 0.744815 0.608867
vt 0.744444 0.596832
vt 0.756616 0.596272
vt 0.770076 0.643895
vt 0.769790 0.631793
vt 0.781887 0.631289
vt 0.782136 0.643376
vt 0.717599 0.525704
vt 0.718052 0.537761
vt 0.705909 0.538261
vt 0.705467 0.526206
vt 0.753596 0.512157
vt 0.741446 0.512640
vt 0.740926 0.500670
vt 0.753101 0.500171
vt 0.767137 0.547685
vt 0.766710 0.535649
vt 0.778875 0.535134
vt 0.779299 0.547169
vt 0.713272 0.429643
vt 0.713859 0.441644
vt 0.701719 0.442094
vt 0.701145 0.430092
vt 0.749093 0.416289
vt 0.736954 0.416735
vt 0.736328 0.404769
vt 0.748461 0.404327
vt 0.763042 0.451764
vt 0.762448 0.439796
vt 0.774603 0.439320
vt 0.775208 0.451287
vt 0.708311 0.333674
vt 0.708941 0.345671
vt 0.696850 0.346063
vt 0.696230 0.334057
vt 0.743920 0.320529
vt 0.731840 0.320913
vt 0.731201 0.308932
vt 0.743269 0.308557
vt 0.757982 0.356032
vt 0.757318 0.344073
vt 0.769416 0.343657
vt 0.770090 0.355609
vt 0.703521 0.237581
vt 0.704078 0.249603
vt 0.692055 0.249917
vt 0.691502 0.237884
vt 0.739023 0.224663
vt 0.727004 0.224966
vt 0.726468 0.212959
vt 0.738476 0.212668
vt 0.752799 0.260295
vt 0.752197 0.248318
vt 0.764227 0.247977
vt 0.764840 0.259945
vt 0.699698 0.141325
vt 0.700106 0.153360
vt 0.688119 0.153591
vt 0.687711 0.141545
vt 0.735262 0.128639
vt 0.723279 0.128858
vt 0.722912 0.116839
vt 0.734893 0.116629
vt 0.748494 0.164407
vt 0.748053 0.152410
vt 0.760040 0.152154
vt 0.760486 0.164141
vt 0.697187 0.045070
vt 0.697430 0.057096
vt 0.685434 0.057272
vt 0.685193 0.045241
vt 0.732891 0.032524
vt 0.720927 0.032702
vt 0.720724 0.020678
vt 0.732683 0.020503
vt 0.745597 0.068381
vt 0.745326 0.056369
vt 0.757283 0.056167
vt 0.757556 0.068175
vt 0.825887 0.906677
vt 0.826493 0.918636
vt 0.814571 0.919308
vt 0.813963 0.907376
vt 0.861398 0.892673
vt 0.849490 0.893218
vt 0.849016 0.881210
vt 0.860920 0.880680
vt 0.874825 0.928123
vt 0.874375 0.916082
vt 0.886225 0.915620
vt 0.886667 0.927695
vt 0.822509 0.810329
vt 0.822806 0.822443
vt 0.810870 0.822999
vt 0.810579 0.810863
vt 0.858251 0.796588
vt 0.846282 0.797065
vt 0.845903 0.785101
vt 0.858012 0.784490
vt 0.871378 0.832020
vt 0.870982 0.820049
vt 0.882958 0.819589
vt 0.883339 0.831551
vt 0.820165 0.713934
vt 0.820477 0.725916
vt 0.808365 0.726534
vt 0.808015 0.714549
vt 0.856155 0.700378
vt 0.844028 0.700916
vt 0.843824 0.688846
vt 0.855855 0.688412
vt 0.868904 0.736008
vt 0.868650 0.724009
vt 0.880768 0.723500
vt 0.881023 0.735491
vt 0.817943 0.617726
vt 0.818212 0.629792
vt 0.806092 0.630298
vt 0.805824 0.618229
vt 0.853991 0.604292
vt 0.841879 0.604742
vt 0.841545 0.592737
vt 0.853702 0.592247
vt 0.867010 0.639835
vt 0.866740 0.627813
vt 0.878823 0.627405
vt 0.879077 0.639429
vt 0.814858 0.521695
vt 0.815316 0.533685
vt 0.803177 0.534155
vt 0.802726 0.522170
vt 0.850837 0.508234
vt 0.838699 0.508708
vt 0.838182 0.496746
vt 0.850332 0.496262
vt 0.864321 0.543767
vt 0.863906 0.531751
vt 0.876045 0.531271
vt 0.876459 0.543297
vt 0.810416 0.425944
vt 0.811047 0.437885
vt 0.798902 0.438363
vt 0.798273 0.426420
vt 0.846165 0.412521
vt 0.834037 0.413024
vt 0.833373 0.401082
vt 0.845489 0.400587
vt 0.860206 0.447880
vt 0.859580 0.435928
vt 0.871705 0.435408
vt 0.872339 0.447367
vt 0.805012 0.330423
vt 0.805708 0.342356
vt 0.793612 0.342799
vt 0.792923 0.330861
vt 0.840540 0.317114
vt 0.828468 0.317590
vt 0.827760 0.305671
vt 0.839824 0.305201
vt 0.854784 0.352359
vt 0.854059 0.340443
vt 0.866136 0.339921
vt 0.866868 0.351834
vt 0.799706 0.234949
vt 0.800321 0.246888
vt 0.788291 0.247264
vt 0.787682 0.235317
vt 0.835152 0.221837
vt 0.823138 0.222246
vt 0.822548 0.210323
vt 0.834556 0.209925
vt 0.849090 0.257107
vt 0.848428 0.245208
vt 0.860450 0.244741
vt 0.861118 0.256630
vt 0.795560 0.139346
vt 0.795996 0.151308
vt 0.784012 0.151605
vt 0.783582 0.139635
vt 0.831063 0.126444
vt 0.819092 0.126773
vt 0.818693 0.114819
vt 0.830660 0.114499
vt 0.844399 0.161872
vt 0.843919 0.149952
vt 0.855899 0.149569
vt 0.856382 0.161479
vt 0.792849 0.043495
vt 0.793123 0.055494
vt 0.781181 0.055731
vt 0.780914 0.043729
vt 0.828353 0.030700
vt 0.816431 0.030980
vt 0.816156 0.018972
vt 0.828067 0.018694
vt 0.841205 0.066353
vt 0.840887 0.054380
vt 0.852833 0.054061
vt 0.853154 0.066028
vt 0.921841 0.902020
vt 0.922282 0.914018
vt 0.910177 0.914588
vt 0.909731 0.902616
vt 0.957428 0.888682
vt 0.945310 0.889201
vt 0.944964 0.877171
vt 0.956989 0.876777
vt 0.970714 0.924208
vt 0.970345 0.912176
vt 0.982400 0.911711
vt 0.982789 0.923779
vt 0.918789 0.806157
vt 0.919153 0.818095
vt 0.907055 0.818595
vt 0.906682 0.806676
vt 0.954612 0.793004
vt 0.942532 0.793414
vt 0.942297 0.781413
vt 0.954291 0.781115
vt 0.967561 0.828490
vt 0.967282 0.816512
vt 0.979333 0.816130
vt 0.979618 0.828116
vt 0.916711 0.710302
vt 0.916941 0.722295
vt 0.904915 0.722642
vt 0.904687 0.710648
vt 0.952721 0.697234
vt 0.940695 0.697524
vt 0.940452 0.685549
vt 0.952521 0.685218
vt 0.965427 0.732879
vt 0.965228 0.720885
vt 0.977244 0.720632
vt 0.977435 0.732632
vt 0.914878 0.614118
vt 0.915141 0.626155
vt 0.903025 0.626575
vt 0.902750 0.614545
vt 0.950818 0.600969
vt 0.938731 0.601350
vt 0.938444 0.589276
vt 0.950513 0.588905
vt 0.963680 0.636806
vt 0.963413 0.624770
vt 0.975478 0.624451
vt 0.975747 0.636494
vt 0.911930 0.517871
vt 0.912381 0.529905
vt 0.900281 0.530353
vt 0.899838 0.518331
vt 0.947714 0.504366
vt 0.935648 0.504850
vt 0.935129 0.492810
vt 0.947206 0.492297
vt 0.961144 0.540154
vt 0.960724 0.528046
vt 0.972767 0.527599
vt 0.973181 0.539732
vt 0.907366 0.421816
vt 0.908028 0.433790
vt 0.895930 0.434339
vt 0.895272 0.422375
vt 0.942890 0.408043
vt 0.930835 0.408664
vt 0.930134 0.396684
vt 0.942185 0.396056
vt 0.956931 0.443503
vt 0.956284 0.431460
vt 0.968319 0.430828
vt 0.968968 0.442892
vt 0.901583 0.326328
vt 0.902335 0.338232
vt 0.890275 0.338818
vt 0.889529 0.326913
vt 0.936939 0.312534
vt 0.924908 0.313195
vt 0.924151 0.301317
vt 0.936176 0.300660
vt 0.951258 0.347551
vt 0.950493 0.335631
vt 0.962511 0.334910
vt 0.963276 0.346832
vt 0.895836 0.231351
vt 0.896504 0.243207
vt 0.884487 0.243743
vt 0.883826 0.231874
vt 0.931198 0.217826
vt 0.919197 0.218405
vt 0.918568 0.206579
vt 0.930567 0.206016
vt 0.945240 0.252629
vt 0.944538 0.240822
vt 0.956544 0.240158
vt 0.957247 0.251951
vt 0.891376 0.136440
vt 0.891842 0.148321
vt 0.879859 0.148752
vt 0.879395 0.136860
vt 0.926892 0.123264
vt 0.914901 0.123701
vt 0.914480 0.111831
vt 0.926471 0.111408
vt 0.940301 0.158263
vt 0.939802 0.146459
vt 0.951806 0.145972
vt 0.952304 0.157752
vt 0.888362 0.041054
vt 0.888696 0.053021
vt 0.876735 0.053377
vt 0.876405 0.041407
vt 0.923938 0.027989
vt 0.911956 0.028353
vt 0.911610 0.016360
vt 0.923589 0.015999
vt 0.936966 0.063469
vt 0.936618 0.051544
vt 0.948623 0.051180
vt 0.948971 0.063098
vt 0.057058 0.980979
vt 0.057336 0.993037
vt 0.045251 0.993199
vt 0.045058 0.981238
vt 0.044811 0.969184
vt 0.032796 0.969399
vt 0.032546 0.957384
vt 0.044562 0.957129
vt 0.056648 0.957004
vt 0.068528 0.944863
vt 0.068849 0.956971
vt 0.055025 0.885409
vt 0.055347 0.897308
vt 0.043272 0.897534
vt 0.043033 0.885728
vt 0.042714 0.873869
vt 0.030694 0.874177
vt 0.030299 0.862325
vt 0.042312 0.861963
vt 0.054436 0.861743
vt 0.066098 0.849573
vt 0.066530 0.861503
vt 0.051661 0.790735
vt 0.052135 0.802504
vt 0.040146 0.802995
vt 0.039569 0.791155
vt 0.039064 0.779418
vt 0.026969 0.779889
vt 0.026360 0.768105
vt 0.038463 0.767609
vt 0.050512 0.767094
vt 0.061931 0.754749
vt 0.062490 0.766550
vt 0.046453 0.695915
vt 0.047206 0.707845
vt 0.035131 0.708423
vt 0.034447 0.696561
vt 0.033667 0.684618
vt 0.021651 0.685310
vt 0.020964 0.673412
vt 0.032964 0.672724
vt 0.044998 0.672081
vt 0.056325 0.659543
vt 0.057094 0.671514
vt 0.040770 0.600262
vt 0.041427 0.612251
vt 0.029405 0.612890
vt 0.028704 0.600856
vt 0.028064 0.588831
vt 0.016023 0.589428
vt 0.015383 0.577357
vt 0.027432 0.576778
vt 0.039461 0.576199
vt 0.050896 0.563601
vt 0.051512 0.575643
vt 0.036147 0.503735
vt 0.036625 0.515828
vt 0.024572 0.516287
vt 0.024106 0.504175
vt 0.023661 0.492053
vt 0.011631 0.492472
vt 0.011210 0.480305
vt 0.023238 0.479918
vt 0.035295 0.479536
vt 0.046980 0.467076
vt 0.047354 0.479148
vt 0.033447 0.406962
vt 0.033689 0.419048
vt 0.021640 0.419308
vt 0.021406 0.407207
vt 0.021190 0.395107
vt 0.009160 0.395317
vt 0.008968 0.383214
vt 0.020997 0.383023
vt 0.033036 0.382814
vt 0.044908 0.370544
vt 0.045088 0.382589
vt 0.032159 0.310620
vt 0.032286 0.322627
vt 0.020255 0.322785
vt 0.020129 0.310778
vt 0.020007 0.298785
vt 0.007980 0.298918
vt 0.007857 0.286940
vt 0.019883 0.286804
vt 0.031909 0.286648
vt 0.043804 0.274497
vt 0.043936 0.286470
vt 0.031016 0.214949
vt 0.031191 0.226882
vt 0.019177 0.227069
vt 0.019003 0.215148
vt 0.018813 0.203229
vt 0.006793 0.203431
vt 0.006588 0.191532
vt 0.018610 0.191315
vt 0.030619 0.191096
vt 0.042396 0.178932
vt 0.042620 0.190866
vt 0.029069 0.119505
vt 0.029358 0.131448
vt 0.017356 0.131724
vt 0.017068 0.119788
vt 0.016772 0.107844
vt 0.004757 0.108139
vt 0.004454 0.096189
vt 0.016468 0.095888
vt 0.028463 0.095596
vt 0.040130 0.083330
vt 0.040442 0.095305
vt 0.153785 0.979989
vt 0.153899 0.991995
vt 0.142014 0.992151
vt 0.141726 0.980006
vt 0.141592 0.968100
vt 0.129469 0.968164
vt 0.129135 0.956063
vt 0.141283 0.955983
vt 0.153478 0.955991
vt 0.165235 0.943818
vt 0.165402 0.955784
vt 0.151705 0.883798
vt 0.151986 0.895766
vt 0.139966 0.895971
vt 0.139533 0.883869
vt 0.139196 0.871897
vt 0.127043 0.872018
vt 0.126739 0.860115
vt 0.138913 0.860003
vt 0.150868 0.859704
vt 0.162506 0.847488
vt 0.162899 0.859495
vt 0.147990 0.787737
vt 0.148581 0.799766
vt 0.136476 0.799991
vt 0.136038 0.788115
vt 0.135422 0.776118
vt 0.123434 0.776516
vt 0.122795 0.764517
vt 0.134764 0.764107
vt 0.146891 0.763827
vt 0.158368 0.751559
vt 0.158962 0.763519
vt 0.142996 0.692004
vt 0.143692 0.703992
vt 0.131623 0.704398
vt 0.130887 0.692388
vt 0.130164 0.680387
vt 0.118067 0.680806
vt 0.117410 0.668911
vt 0.129534 0.668485
vt 0.141577 0.668031
vt 0.152973 0.655624
vt 0.153732 0.667663
vt 0.137531 0.596235
vt 0.138151 0.608164
vt 0.126048 0.608633
vt 0.125378 0.596667
vt 0.124777 0.584724
vt 0.112636 0.585153
vt 0.112004 0.573167
vt 0.124161 0.572736
vt 0.136278 0.572294
vt 0.147812 0.559870
vt 0.148403 0.571861
vt 0.133039 0.500411
vt 0.133509 0.512382
vt 0.121359 0.512788
vt 0.120901 0.500822
vt 0.120456 0.488845
vt 0.108320 0.489246
vt 0.107888 0.477231
vt 0.120021 0.476839
vt 0.132168 0.476448
vt 0.143916 0.464074
vt 0.144303 0.476046
vt 0.130147 0.404510
vt 0.130428 0.416502
vt 0.118305 0.416858
vt 0.118040 0.404866
vt 0.117784 0.392870
vt 0.105686 0.393205
vt 0.105459 0.381203
vt 0.117547 0.380873
vt 0.129645 0.380531
vt 0.141514 0.368188
vt 0.141744 0.380170
vt 0.128472 0.308604
vt 0.128648 0.320591
vt 0.116591 0.320918
vt 0.116426 0.308931
vt 0.116260 0.296948
vt 0.104224 0.297253
vt 0.104065 0.285269
vt 0.116095 0.284964
vt 0.128123 0.284639
vt 0.139966 0.272307
vt 0.140151 0.284288
vt 0.126953 0.212769
vt 0.127174 0.224742
vt 0.115186 0.225081
vt 0.114974 0.213113
vt 0.114746 0.201144
vt 0.102769 0.201469
vt 0.102534 0.189507
vt 0.114503 0.189178
vt 0.126467 0.188828
vt 0.138153 0.176481
vt 0.138429 0.188454
vt 0.124627 0.117003
vt 0.124970 0.128976
vt 0.113049 0.129343
vt 0.112715 0.117372
vt 0.112369 0.105397
vt 0.100461 0.105746
vt 0.100116 0.093769
vt 0.112013 0.093419
vt 0.123901 0.093048
vt 0.135386 0.080667
vt 0.135780 0.092653
vt 0.250283 0.980012
vt 0.250550 0.992273
vt 0.238362 0.992040
vt 0.238197 0.979930
vt 0.237857 0.967646
vt 0.225799 0.967628
vt 0.225738 0.955662
vt 0.237813 0.955702
vt 0.249691 0.955562
vt 0.261511 0.943419
vt 0.261916 0.955747
vt 0.248026 0.882822
vt 0.248289 0.894850
vt 0.236276 0.894945
vt 0.236001 0.882923
vt 0.235745 0.870938
vt 0.223692 0.871018
vt 0.223183 0.858795
vt 0.235229 0.858696
vt 0.247360 0.858670
vt 0.259011 0.846480
vt 0.259264 0.858480
vt 0.244466 0.785921
vt 0.245082 0.798143
vt 0.232958 0.798224
vt 0.232513 0.786160
vt 0.231831 0.773978
vt 0.219832 0.774271
vt 0.219272 0.762217
vt 0.231246 0.761937
vt 0.243365 0.761733
vt 0.254905 0.749493
vt 0.255484 0.761538
vt 0.239736 0.689322
vt 0.240401 0.701431
vt 0.228318 0.701729
vt 0.227623 0.689604
vt 0.226940 0.677489
vt 0.214829 0.677794
vt 0.214232 0.665852
vt 0.226370 0.665533
vt 0.238443 0.665197
vt 0.249924 0.652825
vt 0.250624 0.664913
vt 0.234711 0.593085
vt 0.235311 0.605074
vt 0.223181 0.605473
vt 0.222521 0.593447
vt 0.221943 0.581443
vt 0.209769 0.581799
vt 0.209194 0.569845
vt 0.221395 0.569469
vt 0.233518 0.569071
vt 0.245090 0.556638
vt 0.245704 0.568693
vt 0.230336 0.497124
vt 0.230807 0.509084
vt 0.218651 0.509519
vt 0.218154 0.497543
vt 0.217711 0.485576
vt 0.205540 0.485984
vt 0.205097 0.474004
vt 0.217274 0.473584
vt 0.229418 0.473151
vt 0.241132 0.460693
vt 0.241580 0.472715
vt 0.227121 0.401215
vt 0.227455 0.413192
vt 0.215325 0.413647
vt 0.214994 0.401668
vt 0.214687 0.389690
vt 0.202570 0.390133
vt 0.202279 0.378144
vt 0.214390 0.377697
vt 0.226494 0.377234
vt 0.238295 0.364750
vt 0.238599 0.376759
vt 0.224860 0.305241
vt 0.225118 0.317240
vt 0.213060 0.317723
vt 0.212814 0.305728
vt 0.212568 0.293731
vt 0.200531 0.294204
vt 0.200298 0.282209
vt 0.212324 0.281731
vt 0.224350 0.281233
vt 0.236106 0.268706
vt 0.236373 0.280717
vt 0.222704 0.209189
vt 0.223002 0.221196
vt 0.211028 0.221719
vt 0.210742 0.209717
vt 0.210441 0.197715
vt 0.198488 0.198227
vt 0.198183 0.186228
vt 0.210126 0.185711
vt 0.222070 0.185173
vt 0.233658 0.172602
vt 0.234009 0.184613
vt 0.219736 0.113163
vt 0.220175 0.125160
vt 0.208283 0.125725
vt 0.207856 0.113733
vt 0.207409 0.101740
vt 0.195542 0.102287
vt 0.195088 0.090299
vt 0.206938 0.089748
vt 0.218790 0.089170
vt 0.230119 0.076567
vt 0.230641 0.088567
vt 0.346839 0.980552
vt 0.346889 0.992618
vt 0.334921 0.992685
vt 0.334544 0.980366
vt 0.334538 0.968279
vt 0.322327 0.968054
vt 0.322114 0.955861
vt 0.334413 0.956040
vt 0.346321 0.955979
vt 0.358011 0.943510
vt 0.358349 0.955956
vt 0.344393 0.882355
vt 0.344671 0.894459
vt 0.332625 0.894521
vt 0.332386 0.882470
vt 0.332105 0.870401
vt 0.320077 0.870494
vt 0.319555 0.858083
vt 0.331572 0.857976
vt 0.343643 0.857889
vt 0.355213 0.845441
vt 0.355540 0.857702
vt 0.340838 0.784405
vt 0.341330 0.796607
vt 0.329256 0.796728
vt 0.328888 0.784638
vt 0.328338 0.772499
vt 0.316325 0.772770
vt 0.315726 0.760476
vt 0.327703 0.760224
vt 0.339822 0.760014
vt 0.351346 0.747609
vt 0.351786 0.759745
vt 0.336462 0.686963
vt 0.337055 0.699149
vt 0.324953 0.699389
vt 0.324441 0.687279
vt 0.323799 0.675144
vt 0.311727 0.675497
vt 0.311114 0.663357
vt 0.323161 0.663019
vt 0.335307 0.662700
vt 0.346846 0.650297
vt 0.347364 0.662353
vt 0.331835 0.590068
vt 0.332420 0.602202
vt 0.320285 0.602553
vt 0.319738 0.590460
vt 0.319132 0.578357
vt 0.307004 0.578775
vt 0.306441 0.566722
vt 0.318554 0.566313
vt 0.330715 0.565908
vt 0.342317 0.553467
vt 0.342834 0.565491
vt 0.327570 0.493558
vt 0.328076 0.505636
vt 0.315931 0.506079
vt 0.315441 0.494021
vt 0.314937 0.481959
vt 0.302795 0.482437
vt 0.302331 0.470422
vt 0.314462 0.469944
vt 0.326610 0.469464
vt 0.338288 0.456959
vt 0.338738 0.468981
vt 0.324037 0.397226
vt 0.324440 0.409279
vt 0.312327 0.409793
vt 0.311939 0.397752
vt 0.311551 0.385705
vt 0.299455 0.386234
vt 0.299096 0.374215
vt 0.311184 0.373679
vt 0.323272 0.373140
vt 0.334983 0.360554
vt 0.335355 0.372594
vt 0.321166 0.300848
vt 0.321506 0.312905
vt 0.309465 0.313482
vt 0.309138 0.301433
vt 0.308809 0.289382
vt 0.296786 0.289966
vt 0.296468 0.277923
vt 0.308480 0.277332
vt 0.320491 0.276734
vt 0.332148 0.264066
vt 0.332497 0.276131
vt 0.318370 0.204368
vt 0.318741 0.216431
vt 0.306779 0.217064
vt 0.306414 0.205010
vt 0.306036 0.192955
vt 0.294090 0.193598
vt 0.293709 0.181553
vt 0.305646 0.180901
vt 0.317586 0.180244
vt 0.329105 0.167511
vt 0.329526 0.179579
vt 0.314814 0.107912
vt 0.315328 0.119960
vt 0.303425 0.120656
vt 0.302915 0.108616
vt 0.302383 0.096579
vt 0.290496 0.097279
vt 0.289944 0.085252
vt 0.301822 0.084545
vt 0.313710 0.083829
vt 0.325010 0.071072
vt 0.325607 0.083109
vt 0.443651 0.979881
vt 0.444072 0.992537
vt 0.431957 0.992747
vt 0.431520 0.980078
vt 0.431099 0.967401
vt 0.418991 0.967587
vt 0.418768 0.955533
vt 0.430879 0.955337
vt 0.442913 0.955087
vt 0.454638 0.942633
vt 0.455023 0.954792
vt 0.440573 0.880857
vt 0.441024 0.893425
vt 0.429027 0.893732
vt 0.428545 0.881141
vt 0.428092 0.868556
vt 0.416071 0.868819
vt 0.415713 0.856711
vt 0.427749 0.856431
vt 0.439720 0.856118
vt 0.451310 0.843584
vt 0.451740 0.855770
vt 0.437020 0.782175
vt 0.437514 0.794620
vt 0.425517 0.794981
vt 0.424995 0.782525
vt 0.424494 0.770073
vt 0.412469 0.770404
vt 0.412013 0.758300
vt 0.424052 0.757952
vt 0.436053 0.757582
vt 0.447596 0.745029
vt 0.448081 0.757189
vt 0.433014 0.684108
vt 0.433549 0.696425
vt 0.421506 0.696837
vt 0.420948 0.684515
vt 0.420405 0.672198
vt 0.408335 0.672593
vt 0.407812 0.660510
vt 0.419897 0.660103
vt 0.431956 0.659680
vt 0.443506 0.647125
vt 0.444029 0.659243
vt 0.428745 0.586671
vt 0.429288 0.598879
vt 0.417192 0.599336
vt 0.416636 0.587128
vt 0.416092 0.574923
vt 0.403983 0.575373
vt 0.403456 0.563316
vt 0.415574 0.562858
vt 0.427679 0.562392
vt 0.439266 0.549833
vt 0.439789 0.561915
vt 0.424567 0.489712
vt 0.425079 0.501848
vt 0.412965 0.502339
vt 0.412452 0.490206
vt 0.411950 0.478070
vt 0.399836 0.478566
vt 0.399353 0.466511
vt 0.411467 0.466008
vt 0.423574 0.465504
vt 0.435191 0.452919
vt 0.435679 0.464997
vt 0.420754 0.392940
vt 0.421208 0.405045
vt 0.409122 0.405578
vt 0.408673 0.393475
vt 0.408231 0.381371
vt 0.396156 0.381913
vt 0.395733 0.369844
vt 0.407801 0.369296
vt 0.419867 0.368751
vt 0.431489 0.356121
vt 0.431931 0.368209
vt 0.417329 0.296158
vt 0.417743 0.308265
vt 0.405720 0.308833
vt 0.405315 0.296731
vt 0.404911 0.284627
vt 0.392904 0.285211
vt 0.392512 0.273115
vt 0.404509 0.272525
vt 0.416506 0.271939
vt 0.428082 0.259245
vt 0.428501 0.271363
vt 0.414001 0.199234
vt 0.414431 0.211356
vt 0.402469 0.211968
vt 0.402047 0.199854
vt 0.401616 0.187740
vt 0.389668 0.188375
vt 0.389233 0.176269
vt 0.401178 0.175627
vt 0.413125 0.174995
vt 0.424622 0.162256
vt 0.425073 0.174378
vt 0.410250 0.102357
vt 0.410761 0.114449
vt 0.398811 0.115105
vt 0.398293 0.103017
vt 0.397759 0.090935
vt 0.385807 0.091616
vt 0.385245 0.079548
vt 0.397206 0.078863
vt 0.409176 0.078193
vt 0.420604 0.065474
vt 0.421158 0.077543
vt 0.540511 0.975934
vt 0.540974 0.988563
vt 0.528851 0.989271
vt 0.528381 0.976623
vt 0.527977 0.963943
vt 0.515876 0.964588
vt 0.515327 0.952510
vt 0.527374 0.951899
vt 0.539434 0.951242
vt 0.550882 0.938402
vt 0.551594 0.950503
vt 0.536522 0.877124
vt 0.536913 0.889730
vt 0.524930 0.890324
vt 0.524543 0.877711
vt 0.524143 0.865098
vt 0.512142 0.865681
vt 0.511673 0.853528
vt 0.523631 0.852978
vt 0.535634 0.852390
vt 0.547101 0.839642
vt 0.547639 0.851766
vt 0.532982 0.778404
vt 0.533384 0.790900
vt 0.521410 0.791450
vt 0.521006 0.778955
vt 0.520577 0.766470
vt 0.508575 0.767023
vt 0.508104 0.754870
vt 0.520087 0.754337
vt 0.532105 0.753782
vt 0.543626 0.741087
vt 0.544108 0.753205
vt 0.529381 0.680223
vt 0.529823 0.692581
vt 0.517796 0.693115
vt 0.517350 0.680759
vt 0.516880 0.668411
vt 0.504826 0.668948
vt 0.504330 0.656827
vt 0.516376 0.656302
vt 0.528445 0.655761
vt 0.540011 0.643116
vt 0.540499 0.655209
vt 0.525516 0.582676
vt 0.526004 0.594910
vt 0.513917 0.595434
vt 0.513428 0.583203
vt 0.512925 0.570974
vt 0.500823 0.571501
vt 0.500308 0.559416
vt 0.512407 0.558896
vt 0.524516 0.558371
vt 0.536106 0.545776
vt 0.536617 0.557844
vt 0.521442 0.485649
vt 0.521954 0.497797
vt 0.509845 0.498308
vt 0.509335 0.486157
vt 0.508820 0.474008
vt 0.496713 0.474521
vt 0.496199 0.462444
vt 0.508301 0.461935
vt 0.520409 0.461428
vt 0.531992 0.448856
vt 0.532514 0.460923
vt 0.517339 0.388824
vt 0.517844 0.400941
vt 0.505764 0.401436
vt 0.505267 0.389318
vt 0.504775 0.377193
vt 0.492709 0.377693
vt 0.492225 0.365599
vt 0.504282 0.365100
vt 0.516339 0.364607
vt 0.527892 0.352030
vt 0.528396 0.364126
vt 0.513406 0.291912
vt 0.513887 0.304040
vt 0.501869 0.304530
vt 0.501399 0.292401
vt 0.500929 0.280270
vt 0.488928 0.280772
vt 0.488467 0.268645
vt 0.500461 0.268140
vt 0.512456 0.267654
vt 0.523973 0.255052
vt 0.524450 0.267181
vt 0.509691 0.194842
vt 0.510142 0.206978
vt 0.498172 0.207462
vt 0.497722 0.195324
vt 0.497273 0.183188
vt 0.485308 0.183691
vt 0.484860 0.171555
vt 0.496826 0.171054
vt 0.508795 0.170572
vt 0.520322 0.157980
vt 0.520765 0.170111
vt 0.506141 0.097830
vt 0.506583 0.109941
vt 0.494588 0.110418
vt 0.494137 0.098308
vt 0.493682 0.086205
vt 0.481668 0.086711
vt 0.481194 0.074617
vt 0.493223 0.074112
vt 0.505257 0.073632
vt 0.516867 0.061100
vt 0.517293 0.073182
vt 0.637062 0.969050
vt 0.637618 0.981474
vt 0.625623 0.982341
vt 0.625118 0.969936
vt 0.624400 0.957716
vt 0.612236 0.958839
vt 0.611730 0.946416
vt 0.623543 0.945666
vt 0.635767 0.944595
vt 0.646996 0.931680
vt 0.647784 0.943677
vt 0.632358 0.871256
vt 0.632909 0.883426
vt 0.620991 0.884146
vt 0.620482 0.872004
vt 0.619843 0.859927
vt 0.607846 0.860754
vt 0.607476 0.848282
vt 0.619422 0.847505
vt 0.631465 0.846667
vt 0.642980 0.833622
vt 0.643292 0.845950
vt 0.628894 0.773168
vt 0.629374 0.785250
vt 0.617377 0.785987
vt 0.616858 0.773889
vt 0.616442 0.761748
vt 0.604467 0.762383
vt 0.604087 0.750071
vt 0.616138 0.749370
vt 0.628099 0.748702
vt 0.639787 0.735656
vt 0.640064 0.748017
vt 0.625759 0.675424
vt 0.626191 0.687520
vt 0.614131 0.688196
vt 0.613645 0.676072
vt 0.613270 0.663912
vt 0.601227 0.664480
vt 0.600799 0.652310
vt 0.612912 0.651689
vt 0.624935 0.651100
vt 0.636642 0.638237
vt 0.637021 0.650477
vt 0.622346 0.578259
vt 0.622809 0.590344
vt 0.610691 0.590942
vt 0.610194 0.578834
vt 0.609763 0.566708
vt 0.597653 0.567236
vt 0.597167 0.555152
vt 0.609314 0.554600
vt 0.621408 0.554062
vt 0.633074 0.541388
vt 0.633554 0.553509
vt 0.618401 0.481583
vt 0.618926 0.493646
vt 0.606790 0.494171
vt 0.606253 0.482092
vt 0.605743 0.470004
vt 0.593619 0.470492
vt 0.593084 0.458439
vt 0.605217 0.457946
vt 0.617329 0.457461
vt 0.628913 0.444911
vt 0.629470 0.456971
vt 0.613990 0.385093
vt 0.614554 0.397159
vt 0.602457 0.397617
vt 0.601893 0.385541
vt 0.601343 0.373457
vt 0.589264 0.373899
vt 0.588713 0.361826
vt 0.600787 0.361389
vt 0.612857 0.360959
vt 0.624363 0.348469
vt 0.624938 0.360534
vt 0.609531 0.288490
vt 0.610073 0.300576
vt 0.598040 0.300970
vt 0.597506 0.288875
vt 0.596981 0.276775
vt 0.584966 0.277163
vt 0.584452 0.265056
vt 0.596461 0.264674
vt 0.608471 0.264306
vt 0.619958 0.251859
vt 0.620481 0.263947
vt 0.605515 0.191701
vt 0.605979 0.203804
vt 0.593994 0.204137
vt 0.593531 0.192028
vt 0.593079 0.179917
vt 0.581096 0.180257
vt 0.580655 0.168141
vt 0.592637 0.167808
vt 0.604622 0.167491
vt 0.616182 0.155099
vt 0.616608 0.167194
vt 0.602253 0.094926
vt 0.602614 0.107010
vt 0.590608 0.107295
vt 0.590238 0.095207
vt 0.589880 0.083124
vt 0.577855 0.083422
vt 0.577496 0.071340
vt 0.589536 0.071047
vt 0.601573 0.070773
vt 0.613300 0.058461
vt 0.613606 0.070522
vt 0.732972 0.961278
vt 0.733815 0.973267
vt 0.721729 0.974323
vt 0.720872 0.962415
vt 0.720332 0.950098
vt 0.708481 0.950930
vt 0.707723 0.938913
vt 0.719637 0.938022
vt 0.731449 0.937254
vt 0.742921 0.924111
vt 0.743524 0.936215
vt 0.728156 0.864515
vt 0.728615 0.876689
vt 0.716753 0.877397
vt 0.716323 0.865213
vt 0.715701 0.853222
vt 0.703667 0.854119
vt 0.703298 0.841834
vt 0.715263 0.841020
vt 0.727355 0.840118
vt 0.738842 0.827297
vt 0.739220 0.839445
vt 0.724979 0.767332
vt 0.725407 0.779359
vt 0.713342 0.780162
vt 0.712855 0.768116
vt 0.712582 0.755930
vt 0.700613 0.756552
vt 0.700194 0.744497
vt 0.712316 0.743746
vt 0.724254 0.743118
vt 0.736046 0.730207
vt 0.736310 0.742412
vt 0.722323 0.670383
vt 0.722621 0.682532
vt 0.710522 0.683203
vt 0.710196 0.671031
vt 0.709927 0.658829
vt 0.697842 0.659439
vt 0.697451 0.647397
vt 0.709542 0.646803
vt 0.721630 0.646217
vt 0.733390 0.633564
vt 0.733788 0.645600
vt 0.719383 0.573827
vt 0.719760 0.585926
vt 0.707630 0.586463
vt 0.707259 0.574361
vt 0.706833 0.562283
vt 0.694676 0.562848
vt 0.694232 0.550801
vt 0.706350 0.550282
vt 0.718529 0.549745
vt 0.730209 0.537243
vt 0.730687 0.549221
vt 0.715551 0.477650
vt 0.716080 0.489670
vt 0.703934 0.490146
vt 0.703417 0.478124
vt 0.702853 0.466118
vt 0.690699 0.466610
vt 0.690147 0.454578
vt 0.702277 0.454113
vt 0.714443 0.453635
vt 0.726002 0.441190
vt 0.726582 0.453169
vt 0.710823 0.381663
vt 0.711446 0.393656
vt 0.699327 0.394080
vt 0.698714 0.382082
vt 0.698090 0.370085
vt 0.685983 0.370502
vt 0.685373 0.358480
vt 0.697466 0.358077
vt 0.709570 0.357671
vt 0.721031 0.345277
vt 0.721666 0.357268
vt 0.705839 0.285651
vt 0.706447 0.297658
vt 0.694391 0.298013
vt 0.693791 0.285993
vt 0.693199 0.273971
vt 0.681161 0.274305
vt 0.680591 0.262268
vt 0.692619 0.261947
vt 0.704652 0.261623
vt 0.716105 0.249288
vt 0.716688 0.261297
vt 0.701453 0.189468
vt 0.701942 0.201500
vt 0.689941 0.201772
vt 0.689455 0.189729
vt 0.688991 0.177683
vt 0.676999 0.177933
vt 0.676556 0.165879
vt 0.688545 0.165638
vt 0.700534 0.165397
vt 0.712093 0.153130
vt 0.712524 0.165156
vt 0.698276 0.093187
vt 0.698600 0.105217
vt 0.686612 0.105415
vt 0.686286 0.093375
vt 0.685981 0.081339
vt 0.673984 0.081525
vt 0.673697 0.069485
vt 0.685696 0.069304
vt 0.697690 0.069126
vt 0.709416 0.056921
vt 0.709678 0.068946
vt 0.828134 0.954742
vt 0.828597 0.966861
vt 0.816760 0.967583
vt 0.816229 0.955419
vt 0.815608 0.943464
vt 0.803564 0.944330
vt 0.803079 0.932194
vt 0.815017 0.931493
vt 0.827087 0.930618
vt 0.838362 0.918034
vt 0.838924 0.930004
vt 0.824164 0.858399
vt 0.824572 0.870463
vt 0.812503 0.871223
vt 0.812072 0.859165
vt 0.811731 0.847017
vt 0.799700 0.847737
vt 0.799333 0.835635
vt 0.811228 0.835081
vt 0.823253 0.834407
vt 0.834889 0.821762
vt 0.835336 0.833702
vt 0.821220 0.762154
vt 0.821576 0.774139
vt 0.809565 0.774700
vt 0.809199 0.762716
vt 0.808870 0.750711
vt 0.796857 0.751263
vt 0.796533 0.739232
vt 0.808660 0.738581
vt 0.820689 0.738035
vt 0.832513 0.725416
vt 0.832693 0.737533
vt 0.819115 0.665798
vt 0.819365 0.677845
vt 0.807237 0.678420
vt 0.806964 0.666364
vt 0.806744 0.654264
vt 0.794633 0.654794
vt 0.794316 0.642792
vt 0.806417 0.642284
vt 0.818526 0.641780
vt 0.830363 0.629257
vt 0.830687 0.641248
vt 0.816553 0.569688
vt 0.816908 0.581723
vt 0.804783 0.582195
vt 0.804440 0.570164
vt 0.804021 0.558171
vt 0.791855 0.558698
vt 0.791457 0.546662
vt 0.803579 0.546179
vt 0.815764 0.545665
vt 0.827458 0.533212
vt 0.827898 0.545190
vt 0.812803 0.473782
vt 0.813360 0.485738
vt 0.801208 0.486216
vt 0.800656 0.474262
vt 0.800076 0.462313
vt 0.787923 0.462793
vt 0.787346 0.450817
vt 0.799496 0.450337
vt 0.811650 0.449852
vt 0.823186 0.437408
vt 0.823784 0.449373
vt 0.807779 0.378165
vt 0.808460 0.390097
vt 0.796333 0.390565
vt 0.795657 0.378626
vt 0.794981 0.366686
vt 0.782870 0.367128
vt 0.782192 0.355182
vt 0.794299 0.354743
vt 0.806401 0.354293
vt 0.817800 0.341901
vt 0.818500 0.353832
vt 0.802266 0.282693
vt 0.802942 0.294624
vt 0.790880 0.295039
vt 0.790213 0.283099
vt 0.789559 0.271156
vt 0.777513 0.271539
vt 0.776879 0.259585
vt 0.788916 0.259210
vt 0.800956 0.258824
vt 0.812350 0.246493
vt 0.812990 0.258420
vt 0.797447 0.187172
vt 0.797977 0.199120
vt 0.785974 0.199457
vt 0.785446 0.187498
vt 0.784945 0.175538
vt 0.772949 0.175839
vt 0.772476 0.163865
vt 0.784467 0.163573
vt 0.796455 0.163266
vt 0.807979 0.150994
vt 0.808444 0.162943
vt 0.794044 0.091457
vt 0.794390 0.103436
vt 0.782426 0.103701
vt 0.782085 0.091714
vt 0.781765 0.079723
vt 0.769808 0.079958
vt 0.769511 0.067957
vt 0.781462 0.067729
vt 0.793412 0.067486
vt 0.805065 0.055239
vt 0.805360 0.067228
vt 0.923403 0.950194
vt 0.923793 0.962253
vt 0.911954 0.962654
vt 0.911531 0.950582
vt 0.911051 0.938632
vt 0.899116 0.939124
vt 0.898592 0.927151
vt 0.910651 0.926531
vt 0.922656 0.926071
vt 0.934218 0.913586
vt 0.934605 0.925686
vt 0.920074 0.854157
vt 0.920438 0.866162
vt 0.908509 0.866563
vt 0.908132 0.854533
vt 0.907704 0.842619
vt 0.895688 0.843091
vt 0.895298 0.831117
vt 0.907395 0.830573
vt 0.919448 0.830113
vt 0.931122 0.817729
vt 0.931416 0.829763
vt 0.917669 0.758236
vt 0.917870 0.770271
vt 0.905832 0.770678
vt 0.905625 0.758630
vt 0.905365 0.746651
vt 0.893256 0.747128
vt 0.893068 0.735073
vt 0.905084 0.734706
vt 0.917204 0.734249
vt 0.928995 0.721933
vt 0.929255 0.733879
vt 0.915870 0.662227
vt 0.916127 0.674206
vt 0.904025 0.674614
vt 0.903753 0.662642
vt 0.903549 0.650597
vt 0.891484 0.650966
vt 0.891201 0.638988
vt 0.903323 0.638563
vt 0.915377 0.638203
vt 0.927238 0.625762
vt 0.927467 0.637824
vt 0.913592 0.565994
vt 0.913923 0.578051
vt 0.901823 0.578469
vt 0.901492 0.566420
vt 0.901113 0.554391
vt 0.888982 0.554859
vt 0.888593 0.542828
vt 0.900689 0.542388
vt 0.912820 0.541919
vt 0.924480 0.529445
vt 0.924922 0.541474
vt 0.909851 0.469792
vt 0.910415 0.481796
vt 0.898314 0.482298
vt 0.897749 0.470305
vt 0.897162 0.458319
vt 0.885053 0.458838
vt 0.884449 0.446855
vt 0.896559 0.446326
vt 0.908657 0.445786
vt 0.920108 0.433234
vt 0.920739 0.445240
vt 0.904559 0.373995
vt 0.905285 0.385932
vt 0.893204 0.386511
vt 0.892482 0.374577
vt 0.891756 0.362647
vt 0.879678 0.363209
vt 0.878946 0.351292
vt 0.891019 0.350728
vt 0.903083 0.350142
vt 0.914387 0.337622
vt 0.915141 0.349535
vt 0.898610 0.278796
vt 0.899341 0.290666
vt 0.887306 0.291238
vt 0.886578 0.279359
vt 0.885866 0.267482
vt 0.873837 0.268013
vt 0.873145 0.256132
vt 0.885168 0.255610
vt 0.897188 0.255067
vt 0.908514 0.242648
vt 0.909205 0.254497
vt 0.893401 0.183922
vt 0.893973 0.195781
vt 0.881978 0.196267
vt 0.881409 0.184395
vt 0.880867 0.172518
vt 0.868879 0.172960
vt 0.868366 0.161066
vt 0.880350 0.160637
vt 0.892336 0.160192
vt 0.903827 0.147872
vt 0.904322 0.159731
vt 0.889743 0.088837
vt 0.890121 0.100751
vt 0.878146 0.101138
vt 0.877773 0.089215
vt 0.877415 0.077281
vt 0.865450 0.077640
vt 0.865111 0.065689
vt 0.877071 0.065334
vt 0.889035 0.064972
vt 0.900663 0.052655
vt 0.901007 0.064600
vt 0.043857 0.921350
vt 0.031640 0.921454
vt 0.031437 0.909594
vt 0.043632 0.909515
vt 0.055717 0.909269
vt 0.067517 0.897155
vt 0.067739 0.908975
vt 0.068076 0.920999
vt 0.080305 0.932680
vt 0.068324 0.932947
vt 0.103948 0.908392
vt 0.103595 0.896383
vt 0.115750 0.896247
vt 0.116072 0.908236
vt 0.116428 0.920293
vt 0.128511 0.920135
vt 0.128673 0.932055
vt 0.116604 0.932169
vt 0.104658 0.932466
vt 0.092776 0.944584
vt 0.092515 0.932613
vt 0.117357 0.968254
vt 0.129805 0.980279
vt 0.117680 0.980402
vt 0.105445 0.980381
vt 0.105670 0.992419
vt 0.093711 0.992610
vt 0.093475 0.980584
vt 0.093268 0.968600
vt 0.080911 0.956722
vt 0.092954 0.956474
vt 0.041075 0.826548
vt 0.028980 0.826926
vt 0.028609 0.815210
vt 0.040677 0.814819
vt 0.052655 0.814343
vt 0.064208 0.802103
vt 0.064765 0.814002
vt 0.065272 0.825883
vt 0.077728 0.837373
vt 0.065642 0.837659
vt 0.100887 0.812910
vt 0.100450 0.801065
vt 0.112419 0.800653
vt 0.113008 0.812656
vt 0.113398 0.824505
vt 0.125517 0.824291
vt 0.126002 0.836269
vt 0.113877 0.836472
vt 0.101801 0.836737
vt 0.090180 0.848946
vt 0.089847 0.837130
vt 0.115069 0.872314
vt 0.127480 0.884074
vt 0.115520 0.884390
vt 0.103359 0.884501
vt 0.091633 0.896683
vt 0.091280 0.884693
vt 0.091026 0.872864
vt 0.078495 0.861124
vt 0.090608 0.860891
vt 0.036525 0.732139
vt 0.024516 0.732782
vt 0.023800 0.720917
vt 0.035796 0.720254
vt 0.047883 0.719693
vt 0.059232 0.707251
vt 0.059918 0.719119
vt 0.060556 0.730954
vt 0.073321 0.742375
vt 0.061288 0.742884
vt 0.096067 0.717596
vt 0.095323 0.705612
vt 0.107428 0.705192
vt 0.108086 0.717117
vt 0.108830 0.729103
vt 0.120850 0.728641
vt 0.121482 0.740568
vt 0.109480 0.741013
vt 0.097419 0.741441
vt 0.086013 0.753793
vt 0.085308 0.741849
vt 0.111354 0.776837
vt 0.123930 0.788388
vt 0.111837 0.788691
vt 0.099880 0.789123
vt 0.088381 0.801406
vt 0.087806 0.789475
vt 0.087180 0.777529
vt 0.074584 0.766122
vt 0.086662 0.765705
vt 0.030793 0.636865
vt 0.018748 0.637515
vt 0.018077 0.625549
vt 0.030123 0.624905
vt 0.042130 0.624257
vt 0.053478 0.611658
vt 0.054205 0.623679
vt 0.054920 0.635669
vt 0.067671 0.647032
vt 0.055594 0.647598
vt 0.090428 0.622051
vt 0.089760 0.610104
vt 0.101857 0.609607
vt 0.102517 0.621549
vt 0.103179 0.633477
vt 0.115277 0.633001
vt 0.116012 0.645008
vt 0.103930 0.645483
vt 0.091808 0.645954
vt 0.080438 0.658413
vt 0.079773 0.646504
vt 0.106019 0.681305
vt 0.118802 0.692804
vt 0.106789 0.693291
vt 0.094653 0.693721
vt 0.083278 0.706122
vt 0.082597 0.694234
vt 0.081925 0.682351
vt 0.069104 0.670916
vt 0.081169 0.670378
vt 0.025643 0.540533
vt 0.013611 0.541055
vt 0.013061 0.528913
vt 0.025094 0.528416
vt 0.037144 0.527930
vt 0.048700 0.515386
vt 0.049193 0.527445
vt 0.049744 0.539512
vt 0.062384 0.551063
vt 0.050327 0.551574
vt 0.085485 0.526082
vt 0.084987 0.514076
vt 0.097098 0.513639
vt 0.097627 0.525657
vt 0.098141 0.537652
vt 0.110282 0.537231
vt 0.110832 0.549209
vt 0.098684 0.549647
vt 0.086591 0.550116
vt 0.075086 0.562617
vt 0.074488 0.550587
vt 0.100506 0.585600
vt 0.113293 0.597142
vt 0.101159 0.597601
vt 0.089065 0.598091
vt 0.077651 0.610591
vt 0.077000 0.598612
vt 0.076304 0.586589
vt 0.063604 0.575124
vt 0.075670 0.574600
vt 0.022190 0.443535
vt 0.010160 0.443840
vt 0.009870 0.431693
vt 0.021899 0.431417
vt 0.033951 0.431133
vt 0.045749 0.418772
vt 0.046013 0.430837
vt 0.046300 0.442906
vt 0.058706 0.454649
vt 0.046629 0.454993
vt 0.082266 0.429893
vt 0.081986 0.417863
vt 0.094083 0.417537
vt 0.094373 0.429560
vt 0.094682 0.441579
vt 0.106801 0.441225
vt 0.107131 0.453219
vt 0.095007 0.453585
vt 0.082901 0.453947
vt 0.071153 0.466346
vt 0.070792 0.454300
vt 0.096183 0.489637
vt 0.108757 0.501228
vt 0.096614 0.501634
vt 0.084509 0.502054
vt 0.072883 0.514513
vt 0.072393 0.502465
vt 0.071945 0.490416
vt 0.059438 0.478766
vt 0.071542 0.478387
vt 0.020518 0.346839
vt 0.008490 0.346991
vt 0.008355 0.334948
vt 0.020384 0.334805
vt 0.032414 0.334640
vt 0.044319 0.322444
vt 0.044452 0.334456
vt 0.044593 0.346477
vt 0.056795 0.358286
vt 0.044744 0.358506
vt 0.080588 0.333774
vt 0.080441 0.321775
vt 0.092488 0.321511
vt 0.092644 0.333506
vt 0.092807 0.345502
vt 0.104871 0.345211
vt 0.105052 0.357205
vt 0.092980 0.357503
vt 0.080912 0.357782
vt 0.069023 0.370061
vt 0.068850 0.358042
vt 0.093592 0.393526
vt 0.105927 0.405204
vt 0.093828 0.405531
vt 0.081734 0.405845
vt 0.069898 0.418178
vt 0.069647 0.406144
vt 0.069422 0.394114
vt 0.057145 0.382347
vt 0.069215 0.382086
vt 0.019487 0.250934
vt 0.007463 0.251086
vt 0.007314 0.239159
vt 0.019337 0.238997
vt 0.031355 0.238820
vt 0.043202 0.226680
vt 0.043368 0.238624
vt 0.043523 0.250576
vt 0.055685 0.262328
vt 0.043667 0.262532
vt 0.079390 0.237930
vt 0.079207 0.225969
vt 0.091204 0.225695
vt 0.091391 0.237658
vt 0.091567 0.249626
vt 0.103573 0.249338
vt 0.103746 0.261312
vt 0.091732 0.261598
vt 0.079718 0.261862
vt 0.067848 0.274076
vt 0.067701 0.262106
vt 0.092189 0.297534
vt 0.104381 0.309237
vt 0.092338 0.309521
vt 0.080298 0.309784
vt 0.068397 0.322018
vt 0.068259 0.310024
vt 0.068125 0.298034
vt 0.055962 0.286271
vt 0.067987 0.286053
vt 0.017900 0.155572
vt 0.005884 0.155831
vt 0.005617 0.143922
vt 0.017636 0.143651
vt 0.029639 0.143385
vt 0.041346 0.131175
vt 0.041629 0.143118
vt 0.041901 0.155059
vt 0.054142 0.166741
vt 0.042155 0.166997
vt 0.077536 0.142281
vt 0.077241 0.130322
vt 0.089185 0.130014
vt 0.089489 0.141977
vt 0.089780 0.153939
vt 0.101731 0.153619
vt 0.102014 0.165583
vt 0.090056 0.165898
vt 0.078092 0.166195
vt 0.066370 0.178424
vt 0.066119 0.166476
vt 0.090790 0.201773
vt 0.102990 0.213434
vt 0.091003 0.213732
vt 0.079014 0.214012
vt 0.067208 0.226225
vt 0.067020 0.214272
vt 0.066818 0.202322
vt 0.054614 0.190626
vt 0.066601 0.190372
vt 0.015538 0.059947
vt 0.003526 0.060253
vt 0.003220 0.048246
vt 0.015232 0.047942
vt 0.027222 0.047644
vt 0.026920 0.035625
vt 0.038889 0.035329
vt 0.039191 0.047346
vt 0.039501 0.059352
vt 0.051768 0.071053
vt 0.039816 0.071347
vt 0.074955 0.046446
vt 0.074633 0.034427
vt 0.086496 0.034109
vt 0.086831 0.046127
vt 0.087174 0.058134
vt 0.099047 0.057800
vt 0.099405 0.069796
vt 0.087521 0.070129
vt 0.075619 0.070448
vt 0.064029 0.082740
vt 0.063703 0.070754
vt 0.088542 0.106077
vt 0.100797 0.117719
vt 0.088868 0.118048
vt 0.076931 0.118358
vt 0.065286 0.130615
vt 0.064985 0.118655
vt 0.064673 0.106690
vt 0.052405 0.095012
vt 0.064352 0.094720
vt 0.140466 0.919888
vt 0.128241 0.908151
vt 0.140194 0.907887
vt 0.152206 0.907706
vt 0.163964 0.895539
vt 0.164422 0.907723
vt 0.164634 0.919666
vt 0.177055 0.931687
vt 0.164857 0.931640
vt 0.200581 0.907388
vt 0.200326 0.895388
vt 0.212325 0.895257
vt 0.212595 0.907282
vt 0.212780 0.919253
vt 0.224826 0.919204
vt 0.225241 0.931448
vt 0.213221 0.931514
vt 0.200986 0.931393
vt 0.189210 0.943534
vt 0.189049 0.931562
vt 0.213896 0.967766
vt 0.225962 0.979709
vt 0.214087 0.979863
vt 0.202110 0.979922
vt 0.202195 0.991970
vt 0.190223 0.991971
vt 0.189911 0.979746
vt 0.189766 0.967768
vt 0.177369 0.955653
vt 0.189606 0.955784
vt 0.137590 0.824049
vt 0.124956 0.812266
vt 0.137034 0.812008
vt 0.149140 0.811790
vt 0.160679 0.799556
vt 0.161084 0.811457
vt 0.161606 0.823471
vt 0.174119 0.835278
vt 0.162183 0.835573
vt 0.197257 0.810800
vt 0.196718 0.798712
vt 0.208764 0.798491
vt 0.209384 0.810670
vt 0.209907 0.822801
vt 0.221991 0.822676
vt 0.222346 0.834628
vt 0.210234 0.834748
vt 0.198306 0.834997
vt 0.186714 0.847245
vt 0.186177 0.835103
vt 0.211529 0.870993
vt 0.224030 0.883069
vt 0.211839 0.883039
vt 0.199857 0.883190
vt 0.188147 0.895362
vt 0.187896 0.883382
vt 0.187377 0.871182
vt 0.175063 0.859419
vt 0.187026 0.859183
vt 0.132880 0.728210
vt 0.120214 0.716730
vt 0.132246 0.716296
vt 0.144313 0.715900
vt 0.155728 0.703561
vt 0.156469 0.715584
vt 0.157045 0.727518
vt 0.169795 0.739229
vt 0.157656 0.739502
vt 0.192659 0.714588
vt 0.191964 0.702510
vt 0.204093 0.702255
vt 0.204662 0.714247
vt 0.205365 0.726311
vt 0.217394 0.725962
vt 0.218030 0.738050
vt 0.206051 0.738363
vt 0.193893 0.738597
vt 0.182403 0.750852
vt 0.181807 0.738889
vt 0.207812 0.774550
vt 0.220331 0.786284
vt 0.208332 0.786538
vt 0.196269 0.786766
vt 0.184741 0.799024
vt 0.184119 0.786943
vt 0.183657 0.774987
vt 0.170956 0.763177
vt 0.183120 0.762969
vt 0.127410 0.632579
vt 0.114607 0.621059
vt 0.126768 0.620630
vt 0.138841 0.620171
vt 0.150282 0.607739
vt 0.150975 0.619757
vt 0.151677 0.631771
vt 0.164430 0.643289
vt 0.152311 0.643694
vt 0.187376 0.618567
vt 0.186754 0.606615
vt 0.198902 0.606243
vt 0.199496 0.618180
vt 0.200118 0.630124
vt 0.212246 0.629752
vt 0.212935 0.641831
vt 0.200838 0.642190
vt 0.188670 0.642530
vt 0.177210 0.654871
vt 0.176603 0.642927
vt 0.202754 0.678159
vt 0.215526 0.689901
vt 0.203495 0.690239
vt 0.191319 0.690522
vt 0.179856 0.702811
vt 0.179270 0.690886
vt 0.178612 0.678928
vt 0.165801 0.667265
vt 0.177872 0.666879
vt 0.122422 0.536807
vt 0.109736 0.525219
vt 0.121879 0.524800
vt 0.134026 0.524383
vt 0.145671 0.511987
vt 0.146158 0.523960
vt 0.146708 0.535947
vt 0.159401 0.547494
vt 0.147273 0.547921
vt 0.182654 0.522735
vt 0.182172 0.510792
vt 0.194332 0.510372
vt 0.194839 0.522334
vt 0.195332 0.534281
vt 0.207506 0.533889
vt 0.208062 0.545893
vt 0.195885 0.546287
vt 0.183729 0.546691
vt 0.172146 0.559088
vt 0.171586 0.547100
vt 0.197605 0.582177
vt 0.210405 0.593834
vt 0.198253 0.594211
vt 0.186091 0.594592
vt 0.174588 0.606972
vt 0.173984 0.595000
vt 0.173314 0.582994
vt 0.160574 0.571455
vt 0.172694 0.571033
vt 0.118922 0.440858
vt 0.106484 0.429213
vt 0.118597 0.428856
vt 0.130727 0.428493
vt 0.142553 0.416136
vt 0.142851 0.428113
vt 0.143180 0.440092
vt 0.155680 0.451692
vt 0.143545 0.452088
vt 0.179262 0.426923
vt 0.178939 0.414951
vt 0.191067 0.414527
vt 0.191409 0.426510
vt 0.191751 0.438484
vt 0.203901 0.438068
vt 0.204280 0.450045
vt 0.192119 0.450467
vt 0.179980 0.450886
vt 0.168222 0.463283
vt 0.167829 0.451293
vt 0.193370 0.486387
vt 0.206007 0.497967
vt 0.193828 0.498377
vt 0.181677 0.498791
vt 0.170004 0.511195
vt 0.169520 0.499200
vt 0.169042 0.487199
vt 0.156467 0.475649
vt 0.168621 0.475243
vt 0.116940 0.344895
vt 0.104702 0.333216
vt 0.116761 0.332906
vt 0.128827 0.332577
vt 0.140705 0.320242
vt 0.140893 0.332226
vt 0.141089 0.344211
vt 0.153382 0.355828
vt 0.141296 0.356200
vt 0.177100 0.331058
vt 0.176882 0.319071
vt 0.188941 0.318640
vt 0.189171 0.330631
vt 0.189407 0.342621
vt 0.201488 0.342181
vt 0.201740 0.354168
vt 0.189647 0.354608
vt 0.177561 0.355031
vt 0.165707 0.367424
vt 0.165470 0.355437
vt 0.190452 0.390562
vt 0.202875 0.402115
vt 0.190745 0.402544
vt 0.178627 0.402966
vt 0.166808 0.415359
vt 0.166502 0.403371
vt 0.166218 0.391382
vt 0.153849 0.379795
vt 0.165957 0.379405
vt 0.115577 0.249029
vt 0.103390 0.237368
vt 0.115388 0.237053
vt 0.127383 0.236718
vt 0.139160 0.224380
vt 0.139376 0.236359
vt 0.139581 0.248342
vt 0.151786 0.259949
vt 0.139776 0.260324
vt 0.175346 0.235148
vt 0.175100 0.223157
vt 0.187078 0.222701
vt 0.187333 0.234694
vt 0.187578 0.246689
vt 0.199574 0.246219
vt 0.199820 0.258218
vt 0.187815 0.258684
vt 0.175806 0.259127
vt 0.164006 0.271536
vt 0.163796 0.259548
vt 0.188492 0.294658
vt 0.200765 0.306197
vt 0.188715 0.306649
vt 0.176666 0.307082
vt 0.164822 0.319480
vt 0.164615 0.307494
vt 0.164413 0.295506
vt 0.152182 0.283917
vt 0.164210 0.283521
vt 0.113676 0.153280
vt 0.101432 0.141655
vt 0.113370 0.141313
vt 0.125301 0.140948
vt 0.136887 0.128588
vt 0.137226 0.140561
vt 0.137551 0.152535
vt 0.149801 0.164104
vt 0.137860 0.164508
vt 0.172975 0.139254
vt 0.172600 0.127271
vt 0.184498 0.126781
vt 0.184882 0.138767
vt 0.185249 0.150755
vt 0.197164 0.150245
vt 0.197523 0.162238
vt 0.185595 0.162742
vt 0.173667 0.163221
vt 0.162046 0.175655
vt 0.161736 0.163674
vt 0.186531 0.198713
vt 0.198777 0.210222
vt 0.186812 0.210706
vt 0.174844 0.211166
vt 0.163123 0.223589
vt 0.162876 0.211602
vt 0.162615 0.199618
vt 0.150385 0.188058
vt 0.162339 0.187635
vt 0.110903 0.057448
vt 0.098690 0.045793
vt 0.110529 0.045441
vt 0.122353 0.045070
vt 0.121962 0.033057
vt 0.133749 0.032662
vt 0.134163 0.044677
vt 0.134576 0.056681
vt 0.146823 0.068257
vt 0.134985 0.068677
vt 0.169528 0.043344
vt 0.169038 0.031332
vt 0.180785 0.030835
vt 0.181304 0.042844
vt 0.181810 0.054847
vt 0.193607 0.054319
vt 0.194118 0.066316
vt 0.182302 0.066843
vt 0.170481 0.067341
vt 0.159091 0.079804
vt 0.158654 0.067814
vt 0.183671 0.102809
vt 0.195977 0.114278
vt 0.184095 0.114796
vt 0.172210 0.115289
vt 0.160701 0.127736
vt 0.160321 0.115755
vt 0.159927 0.103773
vt 0.147651 0.092234
vt 0.159517 0.091790
vt 0.237015 0.919317
vt 0.224549 0.907132
vt 0.236786 0.907240
vt 0.248751 0.907144
vt 0.260449 0.894935
vt 0.260695 0.907046
vt 0.261174 0.919348
vt 0.273347 0.931335
vt 0.261428 0.931443
vt 0.296912 0.907014
vt 0.296712 0.894985
vt 0.308655 0.894806
vt 0.309148 0.907098
vt 0.309261 0.919184
vt 0.321427 0.919336
vt 0.321715 0.931535
vt 0.309498 0.931415
vt 0.297556 0.931464
vt 0.285799 0.943676
vt 0.285604 0.931505
vt 0.310201 0.967923
vt 0.322674 0.980464
vt 0.310576 0.980327
vt 0.298349 0.980101
vt 0.298602 0.992375
vt 0.286438 0.992152
vt 0.286496 0.980223
vt 0.286214 0.967986
vt 0.273979 0.955802
vt 0.285846 0.955694
vt 0.233967 0.822432
vt 0.221430 0.810502
vt 0.233365 0.810263
vt 0.245531 0.810167
vt 0.257134 0.797977
vt 0.257549 0.809981
vt 0.257952 0.821989
vt 0.270560 0.834148
vt 0.258564 0.834276
vt 0.293671 0.809512
vt 0.293137 0.797263
vt 0.305156 0.797050
vt 0.305786 0.809399
vt 0.306286 0.821701
vt 0.318348 0.821605
vt 0.318699 0.833636
vt 0.306592 0.833747
vt 0.294658 0.833927
vt 0.283091 0.846269
vt 0.282502 0.833981
vt 0.307965 0.870457
vt 0.320361 0.882561
vt 0.308176 0.882559
vt 0.296302 0.882708
vt 0.284678 0.895040
vt 0.284203 0.882704
vt 0.283744 0.870395
vt 0.271404 0.858438
vt 0.283524 0.858384
vt 0.229453 0.725666
vt 0.216820 0.713992
vt 0.228884 0.713693
vt 0.240965 0.713411
vt 0.252455 0.701096
vt 0.253133 0.713176
vt 0.253641 0.725194
vt 0.266359 0.737110
vt 0.254215 0.737314
vt 0.289312 0.712371
vt 0.288653 0.700139
vt 0.300748 0.699879
vt 0.301372 0.712099
vt 0.302032 0.724339
vt 0.314087 0.724056
vt 0.314599 0.736112
vt 0.302563 0.736370
vt 0.290481 0.736613
vt 0.278951 0.748906
vt 0.278350 0.736834
vt 0.304279 0.772974
vt 0.316762 0.784811
vt 0.304709 0.785008
vt 0.292693 0.785212
vt 0.281151 0.797526
vt 0.280542 0.785355
vt 0.280118 0.773270
vt 0.267469 0.761286
vt 0.279636 0.761126
vt 0.224395 0.629425
vt 0.211643 0.617809
vt 0.223827 0.617462
vt 0.235923 0.617091
vt 0.247439 0.604682
vt 0.248110 0.616758
vt 0.248705 0.628806
vt 0.261437 0.640481
vt 0.249265 0.640800
vt 0.284483 0.615703
vt 0.283856 0.603580
vt 0.296001 0.603237
vt 0.296581 0.615340
vt 0.297226 0.627458
vt 0.309334 0.627080
vt 0.309913 0.639144
vt 0.297835 0.639490
vt 0.285675 0.639813
vt 0.274126 0.652127
vt 0.273552 0.640146
vt 0.299644 0.675833
vt 0.312285 0.687558
vt 0.300236 0.687866
vt 0.288107 0.688146
vt 0.276578 0.700441
vt 0.275986 0.688431
vt 0.275447 0.676440
vt 0.262670 0.664583
vt 0.274810 0.664287
vt 0.219685 0.533506
vt 0.206990 0.521921
vt 0.219184 0.521520
vt 0.231326 0.521101
vt 0.242970 0.508655
vt 0.243503 0.520691
vt 0.244035 0.532719
vt 0.256717 0.544272
vt 0.244543 0.544677
vt 0.279978 0.519417
vt 0.279458 0.507375
vt 0.291621 0.506948
vt 0.292115 0.518979
vt 0.292660 0.531015
vt 0.304805 0.530570
vt 0.305338 0.542620
vt 0.293215 0.543042
vt 0.281034 0.543450
vt 0.269408 0.555834
vt 0.268889 0.543865
vt 0.294873 0.579189
vt 0.307570 0.590836
vt 0.295467 0.591220
vt 0.283292 0.591585
vt 0.271711 0.603935
vt 0.271158 0.591961
vt 0.270595 0.579988
vt 0.257841 0.568299
vt 0.269989 0.567908
vt 0.216051 0.437641
vt 0.203538 0.426082
vt 0.215686 0.425647
vt 0.227816 0.425200
vt 0.239584 0.412730
vt 0.239954 0.424742
vt 0.240339 0.436751
vt 0.252873 0.448267
vt 0.240728 0.448723
vt 0.276352 0.423314
vt 0.275967 0.411297
vt 0.288090 0.410803
vt 0.288471 0.422819
vt 0.288882 0.434836
vt 0.301011 0.434335
vt 0.301439 0.446372
vt 0.289314 0.446856
vt 0.277161 0.447333
vt 0.265436 0.459793
vt 0.265030 0.447807
vt 0.290651 0.482911
vt 0.303278 0.494477
vt 0.291146 0.494934
vt 0.278974 0.495379
vt 0.267296 0.507801
vt 0.266829 0.495825
vt 0.266353 0.483842
vt 0.253733 0.472270
vt 0.265879 0.471817
vt 0.213567 0.341722
vt 0.201241 0.330187
vt 0.213312 0.329724
vt 0.225380 0.329247
vt 0.237172 0.316741
vt 0.237447 0.328751
vt 0.237725 0.340759
vt 0.250089 0.352256
vt 0.238005 0.352756
vt 0.273634 0.327184
vt 0.273330 0.315160
vt 0.285379 0.314610
vt 0.285689 0.326639
vt 0.286009 0.338667
vt 0.298072 0.338117
vt 0.298407 0.350154
vt 0.286337 0.350695
vt 0.274254 0.351225
vt 0.262483 0.363755
vt 0.262176 0.351747
vt 0.287353 0.386759
vt 0.299826 0.398269
vt 0.287721 0.398782
vt 0.275600 0.399287
vt 0.263841 0.411782
vt 0.263489 0.399786
vt 0.263142 0.387782
vt 0.250705 0.376270
vt 0.262805 0.375770
vt 0.211568 0.245726
vt 0.199319 0.234221
vt 0.211304 0.233723
vt 0.223287 0.233207
vt 0.234975 0.220653
vt 0.235269 0.232669
vt 0.235556 0.244682
vt 0.247835 0.256152
vt 0.235833 0.256694
vt 0.271207 0.230949
vt 0.270882 0.218918
vt 0.282849 0.218309
vt 0.283183 0.230350
vt 0.283511 0.242389
vt 0.295495 0.241787
vt 0.295823 0.253833
vt 0.283829 0.254429
vt 0.271833 0.255016
vt 0.260126 0.267614
vt 0.259834 0.255591
vt 0.284760 0.290543
vt 0.297104 0.302009
vt 0.285071 0.302578
vt 0.273032 0.303135
vt 0.261281 0.315700
vt 0.260994 0.303682
vt 0.260705 0.291662
vt 0.248397 0.280186
vt 0.260417 0.279640
vt 0.209078 0.149715
vt 0.196787 0.138256
vt 0.208691 0.137719
vt 0.220592 0.137159
vt 0.232064 0.124573
vt 0.232493 0.136577
vt 0.232900 0.148585
vt 0.245209 0.160003
vt 0.233289 0.160593
vt 0.268196 0.134714
vt 0.267735 0.122689
vt 0.279628 0.122025
vt 0.280098 0.134056
vt 0.280546 0.146087
vt 0.292460 0.145424
vt 0.292893 0.157465
vt 0.280972 0.158122
vt 0.269052 0.158765
vt 0.257519 0.171413
vt 0.257131 0.159393
vt 0.282141 0.194231
vt 0.294456 0.205644
vt 0.282501 0.206270
vt 0.270543 0.206884
vt 0.258913 0.219512
vt 0.258585 0.207487
vt 0.258247 0.195461
vt 0.245950 0.184035
vt 0.257890 0.183436
vt 0.205400 0.053761
vt 0.193075 0.042316
vt 0.204846 0.041757
vt 0.216620 0.041171
vt 0.216018 0.029164
vt 0.227773 0.028553
vt 0.228398 0.040560
vt 0.228997 0.052561
vt 0.241393 0.063932
vt 0.229570 0.064565
vt 0.263786 0.038584
vt 0.263102 0.026577
vt 0.274909 0.025881
vt 0.275606 0.037890
vt 0.276268 0.049897
vt 0.288113 0.049192
vt 0.288755 0.061207
vt 0.276899 0.061912
vt 0.265057 0.062602
vt 0.253799 0.075285
vt 0.253220 0.063276
vt 0.278617 0.097970
vt 0.291023 0.109312
vt 0.279135 0.109996
vt 0.267252 0.110667
vt 0.255845 0.123336
vt 0.255371 0.111320
vt 0.254872 0.099307
vt 0.242493 0.087942
vt 0.254349 0.087295
vt 0.333528 0.919397
vt 0.321008 0.906967
vt 0.333144 0.906990
vt 0.345151 0.906945
vt 0.356764 0.894469
vt 0.357068 0.906818
vt 0.357592 0.919260
vt 0.369853 0.931314
vt 0.357946 0.931446
vt 0.393284 0.906492
vt 0.392996 0.894383
vt 0.405016 0.894213
vt 0.405285 0.906303
vt 0.405580 0.918391
vt 0.417625 0.918185
vt 0.418088 0.930842
vt 0.406085 0.931013
vt 0.393981 0.931149
vt 0.382283 0.943648
vt 0.382083 0.931297
vt 0.406903 0.967770
vt 0.419424 0.980277
vt 0.407403 0.980396
vt 0.395175 0.980437
vt 0.395508 0.992924
vt 0.383283 0.992742
vt 0.383283 0.980558
vt 0.382832 0.968176
vt 0.370516 0.955999
vt 0.382401 0.955857
vt 0.330353 0.821405
vt 0.317778 0.809235
vt 0.329750 0.809043
vt 0.341850 0.808895
vt 0.353393 0.796472
vt 0.353773 0.808664
vt 0.354325 0.820905
vt 0.366797 0.833000
vt 0.354896 0.833208
vt 0.389916 0.807993
vt 0.389508 0.795907
vt 0.401516 0.795627
vt 0.401933 0.807725
vt 0.402328 0.819817
vt 0.414347 0.819544
vt 0.414853 0.832077
vt 0.402853 0.832341
vt 0.390838 0.832592
vt 0.379321 0.845252
vt 0.378888 0.832817
vt 0.404049 0.869056
vt 0.416557 0.881419
vt 0.404559 0.881638
vt 0.392519 0.881840
vt 0.380935 0.894448
vt 0.380597 0.882024
vt 0.380037 0.869542
vt 0.367680 0.857588
vt 0.379609 0.857380
vt 0.326126 0.723738
vt 0.313474 0.711844
vt 0.325483 0.711547
vt 0.337616 0.711281
vt 0.349144 0.698884
vt 0.349632 0.710975
vt 0.350208 0.723082
vt 0.362835 0.735073
vt 0.350846 0.735358
vt 0.385860 0.710031
vt 0.385357 0.697968
vt 0.397410 0.697609
vt 0.397921 0.709687
vt 0.398407 0.721762
vt 0.410456 0.721421
vt 0.411007 0.733808
vt 0.398968 0.734147
vt 0.386933 0.734478
vt 0.375458 0.747136
vt 0.374910 0.734783
vt 0.400439 0.770712
vt 0.412999 0.782865
vt 0.400983 0.783167
vt 0.388964 0.783460
vt 0.377483 0.796129
vt 0.376982 0.783726
vt 0.376385 0.771310
vt 0.363894 0.759500
vt 0.375900 0.759218
vt 0.321438 0.626693
vt 0.308738 0.614990
vt 0.320824 0.614614
vt 0.332981 0.614250
vt 0.344547 0.601830
vt 0.345075 0.613867
vt 0.345647 0.625910
vt 0.358350 0.637740
vt 0.346275 0.638107
vt 0.381421 0.612683
vt 0.380889 0.600643
vt 0.392994 0.600216
vt 0.393531 0.612271
vt 0.394057 0.624324
vt 0.406155 0.623914
vt 0.406722 0.636173
vt 0.394630 0.636578
vt 0.382543 0.636980
vt 0.371040 0.649605
vt 0.370457 0.637364
vt 0.396259 0.672971
vt 0.408900 0.684914
vt 0.396832 0.685286
vt 0.384771 0.685653
vt 0.373294 0.698296
vt 0.372717 0.685998
vt 0.372104 0.673702
vt 0.359488 0.662012
vt 0.371566 0.661654
vt 0.316946 0.530122
vt 0.304286 0.518544
vt 0.316416 0.518099
vt 0.328576 0.517656
vt 0.340217 0.505184
vt 0.340708 0.517203
vt 0.341222 0.529223
vt 0.353899 0.540910
vt 0.341780 0.541345
vt 0.377107 0.515826
vt 0.376609 0.503790
vt 0.388731 0.503312
vt 0.389235 0.515358
vt 0.389740 0.527400
vt 0.401861 0.526935
vt 0.402394 0.539099
vt 0.390274 0.539561
vt 0.378155 0.540019
vt 0.366577 0.552615
vt 0.366030 0.540466
vt 0.391867 0.575812
vt 0.404536 0.587577
vt 0.392424 0.588014
vt 0.380318 0.588446
vt 0.368781 0.601052
vt 0.368209 0.588862
vt 0.367629 0.576673
vt 0.354975 0.565073
vt 0.367099 0.564644
vt 0.313138 0.433832
vt 0.300604 0.422320
vt 0.312719 0.421813
vt 0.324844 0.421304
vt 0.336547 0.408759
vt 0.336955 0.420786
vt 0.337381 0.432812
vt 0.349950 0.444385
vt 0.337831 0.444887
vt 0.373280 0.419225
vt 0.372848 0.407178
vt 0.384942 0.406645
vt 0.385382 0.418700
vt 0.385827 0.430751
vt 0.397931 0.430234
vt 0.398400 0.442344
vt 0.386291 0.442858
vt 0.374181 0.443369
vt 0.362535 0.455970
vt 0.362067 0.443879
vt 0.387717 0.479055
vt 0.400339 0.490698
vt 0.388218 0.491184
vt 0.376099 0.491669
vt 0.364483 0.504262
vt 0.363975 0.492146
vt 0.363470 0.480030
vt 0.350872 0.468493
vt 0.362998 0.468001
vt 0.310134 0.337560
vt 0.297747 0.326084
vt 0.309795 0.325523
vt 0.321847 0.324954
vt 0.333542 0.312325
vt 0.333894 0.324379
vt 0.334248 0.336430
vt 0.346675 0.347933
vt 0.334614 0.348494
vt 0.370020 0.322645
vt 0.369639 0.310571
vt 0.381669 0.309988
vt 0.382056 0.322069
vt 0.382449 0.334145
vt 0.394494 0.333578
vt 0.394902 0.345676
vt 0.382848 0.346238
vt 0.370793 0.346803
vt 0.359124 0.359444
vt 0.358736 0.347368
vt 0.384080 0.382458
vt 0.396592 0.394014
vt 0.384505 0.394552
vt 0.372419 0.395092
vt 0.360752 0.407708
vt 0.360328 0.395628
vt 0.359914 0.383547
vt 0.347439 0.372046
vt 0.359515 0.371497
vt 0.307479 0.241174
vt 0.295159 0.229738
vt 0.307133 0.229119
vt 0.319104 0.228492
vt 0.330706 0.215791
vt 0.331076 0.227861
vt 0.331439 0.239930
vt 0.343783 0.251378
vt 0.331796 0.251998
vt 0.366984 0.225955
vt 0.366588 0.213862
vt 0.378549 0.213226
vt 0.378951 0.225324
vt 0.379347 0.237425
vt 0.391322 0.236806
vt 0.391721 0.248912
vt 0.379738 0.249523
vt 0.367754 0.250141
vt 0.356139 0.262840
vt 0.355770 0.250758
vt 0.380895 0.285800
vt 0.393297 0.297311
vt 0.381281 0.297896
vt 0.369262 0.298485
vt 0.357610 0.311153
vt 0.357242 0.299077
vt 0.356872 0.286995
vt 0.344503 0.275525
vt 0.356506 0.274919
vt 0.304374 0.144747
vt 0.292002 0.133384
vt 0.303909 0.132700
vt 0.315821 0.132011
vt 0.327238 0.119256
vt 0.327736 0.131315
vt 0.328211 0.143376
vt 0.340595 0.154759
vt 0.328667 0.155444
vt 0.363503 0.129228
vt 0.362998 0.117149
vt 0.374929 0.116459
vt 0.375434 0.128541
vt 0.375922 0.140631
vt 0.387857 0.139961
vt 0.388329 0.152060
vt 0.376390 0.152725
vt 0.364455 0.153398
vt 0.352972 0.166160
vt 0.352523 0.154075
vt 0.377718 0.189021
vt 0.390091 0.200483
vt 0.378138 0.201122
vt 0.366184 0.201769
vt 0.354627 0.214505
vt 0.354232 0.202418
vt 0.353825 0.190331
vt 0.341465 0.178913
vt 0.353404 0.178245
vt 0.299971 0.048472
vt 0.287439 0.037179
vt 0.299290 0.036458
vt 0.311157 0.035732
vt 0.310437 0.023724
vt 0.322322 0.022991
vt 0.323045 0.035000
vt 0.323732 0.047016
vt 0.336291 0.058310
vt 0.324386 0.059040
vt 0.358816 0.032807
vt 0.358106 0.020794
vt 0.370079 0.020073
vt 0.370780 0.032085
vt 0.371451 0.044109
vt 0.383423 0.043402
vt 0.384055 0.055441
vt 0.372093 0.056143
vt 0.360144 0.056859
vt 0.348835 0.069620
vt 0.348210 0.057584
vt 0.373863 0.092309
vt 0.386347 0.103692
vt 0.374406 0.104381
vt 0.362474 0.105079
vt 0.351071 0.117849
vt 0.350547 0.105782
vt 0.350002 0.093723
vt 0.337515 0.082389
vt 0.349430 0.081667
vt 0.429676 0.917963
vt 0.417329 0.906098
vt 0.429389 0.905856
vt 0.441376 0.905576
vt 0.453016 0.893072
vt 0.453423 0.905253
vt 0.453773 0.917420
vt 0.466246 0.929687
vt 0.454186 0.930026
vt 0.489438 0.904039
vt 0.488986 0.891852
vt 0.500970 0.891380
vt 0.501408 0.903547
vt 0.501920 0.915690
vt 0.513953 0.915134
vt 0.514361 0.927792
vt 0.502362 0.928316
vt 0.490306 0.928835
vt 0.478702 0.941863
vt 0.478283 0.929269
vt 0.503772 0.965179
vt 0.516297 0.977290
vt 0.504227 0.977832
vt 0.492088 0.978385
vt 0.492515 0.991007
vt 0.480404 0.991434
vt 0.479990 0.978820
vt 0.479554 0.966199
vt 0.467059 0.954449
vt 0.479118 0.954042
vt 0.426360 0.819246
vt 0.413936 0.807431
vt 0.425966 0.807117
vt 0.437948 0.806776
vt 0.449508 0.794230
vt 0.449964 0.806407
vt 0.450383 0.818578
vt 0.462844 0.830699
vt 0.450837 0.831080
vt 0.485933 0.805132
vt 0.485473 0.792944
vt 0.497455 0.792470
vt 0.497899 0.804647
vt 0.498380 0.816816
vt 0.510372 0.816292
vt 0.510784 0.828839
vt 0.498822 0.829340
vt 0.486819 0.829834
vt 0.475272 0.842777
vt 0.474837 0.830274
vt 0.500143 0.866214
vt 0.512544 0.878286
vt 0.500577 0.878794
vt 0.488563 0.879293
vt 0.476999 0.892285
vt 0.476574 0.879728
vt 0.476138 0.867174
vt 0.463714 0.855395
vt 0.475701 0.854979
vt 0.422499 0.721056
vt 0.409960 0.709324
vt 0.422022 0.708946
vt 0.434048 0.708550
vt 0.445590 0.695995
vt 0.446096 0.708132
vt 0.446580 0.720272
vt 0.459115 0.732226
vt 0.447084 0.732650
vt 0.482190 0.706772
vt 0.481700 0.694622
vt 0.493734 0.694135
vt 0.494208 0.706279
vt 0.494703 0.718423
vt 0.506730 0.717906
vt 0.507182 0.730314
vt 0.495179 0.730818
vt 0.483152 0.731312
vt 0.471618 0.744158
vt 0.471137 0.731775
vt 0.496572 0.767542
vt 0.509006 0.779501
vt 0.497029 0.780002
vt 0.485022 0.780496
vt 0.473488 0.793393
vt 0.473029 0.780948
vt 0.472559 0.768506
vt 0.460082 0.756774
vt 0.472087 0.756333
vt 0.418249 0.623491
vt 0.405623 0.611846
vt 0.417730 0.611412
vt 0.429814 0.610968
vt 0.441381 0.598412
vt 0.441910 0.610508
vt 0.442430 0.622607
vt 0.455046 0.634404
vt 0.442965 0.634864
vt 0.478170 0.609066
vt 0.477654 0.596960
vt 0.489742 0.596460
vt 0.490249 0.608561
vt 0.490768 0.620666
vt 0.502849 0.620150
vt 0.503341 0.632429
vt 0.491276 0.632940
vt 0.479197 0.633442
vt 0.467640 0.646193
vt 0.467123 0.633926
vt 0.492771 0.669464
vt 0.505299 0.681291
vt 0.493263 0.681797
vt 0.481210 0.682296
vt 0.469666 0.695093
vt 0.469166 0.682769
vt 0.468658 0.670451
vt 0.456088 0.658791
vt 0.468149 0.658321
vt 0.413981 0.526463
vt 0.401352 0.514885
vt 0.413474 0.514402
vt 0.425586 0.513916
vt 0.437190 0.501350
vt 0.437702 0.513426
vt 0.438214 0.525498
vt 0.450848 0.537175
vt 0.438737 0.537664
vt 0.474035 0.511919
vt 0.473519 0.499838
vt 0.485630 0.499329
vt 0.486142 0.511410
vt 0.486661 0.523487
vt 0.498772 0.522973
vt 0.499283 0.535153
vt 0.487176 0.535664
vt 0.475066 0.536174
vt 0.463478 0.548849
vt 0.462959 0.536675
vt 0.488722 0.572017
vt 0.501327 0.583725
vt 0.489236 0.584236
vt 0.477137 0.584743
vt 0.465563 0.597452
vt 0.465041 0.585237
vt 0.464519 0.573027
vt 0.451894 0.561430
vt 0.463997 0.560937
vt 0.410032 0.429713
vt 0.397478 0.418174
vt 0.409574 0.417647
vt 0.421664 0.417121
vt 0.433292 0.404517
vt 0.433757 0.416597
vt 0.434226 0.428675
vt 0.446801 0.440284
vt 0.434704 0.440799
vt 0.470012 0.415042
vt 0.469530 0.402955
vt 0.481609 0.402443
vt 0.482094 0.414531
vt 0.482590 0.426616
vt 0.494680 0.426106
vt 0.495183 0.438237
vt 0.483088 0.438746
vt 0.470992 0.439258
vt 0.459391 0.451897
vt 0.458897 0.439770
vt 0.484604 0.475032
vt 0.497225 0.486670
vt 0.485119 0.487182
vt 0.473007 0.487694
vt 0.461410 0.500344
vt 0.460899 0.488201
vt 0.460390 0.476057
vt 0.447783 0.464487
vt 0.459888 0.463977
vt 0.406536 0.333016
vt 0.394092 0.321495
vt 0.406127 0.320926
vt 0.418157 0.320363
vt 0.429764 0.307705
vt 0.430190 0.319805
vt 0.430616 0.331902
vt 0.443094 0.343471
vt 0.431051 0.344013
vt 0.466271 0.318183
vt 0.465821 0.306070
vt 0.477838 0.305545
vt 0.478297 0.317661
vt 0.478760 0.329769
vt 0.490793 0.329257
vt 0.491268 0.341382
vt 0.479226 0.341891
vt 0.467184 0.342410
vt 0.455593 0.355049
vt 0.455141 0.342934
vt 0.480643 0.378202
vt 0.493195 0.389817
vt 0.481124 0.390323
vt 0.469052 0.390837
vt 0.457452 0.403470
vt 0.456980 0.391353
vt 0.456513 0.379236
vt 0.443991 0.367674
vt 0.456050 0.367145
vt 0.403295 0.236196
vt 0.390918 0.224701
vt 0.402885 0.224083
vt 0.414851 0.223475
vt 0.426389 0.210752
vt 0.426817 0.222877
vt 0.427241 0.235002
vt 0.439642 0.246548
vt 0.427662 0.247125
vt 0.462715 0.221164
vt 0.462272 0.209027
vt 0.474237 0.208487
vt 0.474684 0.220623
vt 0.475130 0.232761
vt 0.487103 0.232240
vt 0.487555 0.244377
vt 0.475576 0.244898
vt 0.463598 0.245434
vt 0.452055 0.258115
vt 0.451621 0.245985
vt 0.476927 0.281291
vt 0.489390 0.292905
vt 0.477382 0.293419
vt 0.465372 0.293947
vt 0.453802 0.306606
vt 0.453363 0.294485
vt 0.452924 0.282362
vt 0.440496 0.270795
vt 0.452489 0.270241
vt 0.399798 0.139300
vt 0.387370 0.127867
vt 0.399311 0.127201
vt 0.411259 0.126549
vt 0.422718 0.113809
vt 0.423210 0.125914
vt 0.423691 0.138023
vt 0.436114 0.149528
vt 0.424161 0.150138
vt 0.459104 0.124123
vt 0.458631 0.112009
vt 0.470612 0.111454
vt 0.471078 0.123570
vt 0.471538 0.135692
vt 0.483509 0.135163
vt 0.483961 0.147291
vt 0.471994 0.147818
vt 0.460030 0.148367
vt 0.448526 0.161063
vt 0.448069 0.148937
vt 0.473344 0.184216
vt 0.485755 0.195828
vt 0.473793 0.196352
vt 0.461829 0.196892
vt 0.450310 0.209587
vt 0.449870 0.197455
vt 0.449427 0.185321
vt 0.437024 0.173776
vt 0.448979 0.173191
vt 0.395413 0.042709
vt 0.382764 0.031377
vt 0.394766 0.030679
vt 0.406786 0.030002
vt 0.406129 0.017984
vt 0.418184 0.017320
vt 0.418823 0.029339
vt 0.419436 0.041369
vt 0.432048 0.052777
vt 0.420030 0.053415
vt 0.455025 0.027480
vt 0.454456 0.015457
vt 0.466575 0.014888
vt 0.467120 0.026910
vt 0.467650 0.038951
vt 0.479731 0.038412
vt 0.480226 0.050467
vt 0.468168 0.051005
vt 0.456118 0.051570
vt 0.444621 0.064227
vt 0.444078 0.052160
vt 0.469658 0.087244
vt 0.482136 0.098814
vt 0.470140 0.099345
vt 0.458148 0.099903
vt 0.446655 0.112588
vt 0.446164 0.100484
vt 0.445663 0.088387
vt 0.433149 0.076912
vt 0.445149 0.076301
vt 0.525985 0.914523
vt 0.513453 0.903008
vt 0.525437 0.902433
vt 0.537458 0.901817
vt 0.548910 0.889039
vt 0.549521 0.901151
vt 0.550012 0.913285
vt 0.562476 0.925121
vt 0.550346 0.925883
vt 0.585424 0.899036
vt 0.584987 0.886609
vt 0.597025 0.885738
vt 0.597490 0.898192
vt 0.597858 0.910703
vt 0.609835 0.909907
vt 0.610497 0.921968
vt 0.598475 0.922801
vt 0.586524 0.923565
vt 0.575051 0.936642
vt 0.574323 0.924439
vt 0.600145 0.959812
vt 0.612894 0.971054
vt 0.600995 0.971804
vt 0.588852 0.972700
vt 0.589646 0.984696
vt 0.577497 0.985644
vt 0.576611 0.973633
vt 0.576094 0.961403
vt 0.563507 0.949826
vt 0.575713 0.948951
vt 0.522364 0.815726
vt 0.509907 0.804132
vt 0.521867 0.803593
vt 0.533870 0.803022
vt 0.545363 0.790301
vt 0.545863 0.802427
vt 0.546334 0.814556
vt 0.558694 0.826466
vt 0.546689 0.827104
vt 0.581772 0.800526
vt 0.581338 0.788273
vt 0.593353 0.787508
vt 0.593845 0.799805
vt 0.594159 0.812170
vt 0.606097 0.811542
vt 0.606609 0.823664
vt 0.594517 0.824441
vt 0.582654 0.825103
vt 0.571078 0.838220
vt 0.570578 0.825828
vt 0.595909 0.861439
vt 0.608439 0.872819
vt 0.596356 0.873643
vt 0.584485 0.874342
vt 0.572949 0.887466
vt 0.572357 0.875136
vt 0.572040 0.862693
vt 0.559578 0.851134
vt 0.571658 0.850423
vt 0.518759 0.717360
vt 0.506252 0.705768
vt 0.518263 0.705239
vt 0.530307 0.704691
vt 0.541854 0.692020
vt 0.542333 0.704128
vt 0.542809 0.716236
vt 0.555231 0.728075
vt 0.543212 0.728659
vt 0.578412 0.702357
vt 0.577961 0.690209
vt 0.590015 0.689547
vt 0.590500 0.701721
vt 0.590866 0.713932
vt 0.602869 0.713351
vt 0.603296 0.725547
vt 0.591200 0.726223
vt 0.579261 0.726839
vt 0.567638 0.739844
vt 0.567203 0.727473
vt 0.592504 0.762981
vt 0.604923 0.774555
vt 0.592831 0.775279
vt 0.580942 0.775916
vt 0.569339 0.788986
vt 0.568885 0.776587
vt 0.568559 0.764154
vt 0.556100 0.752611
vt 0.568144 0.751988
vt 0.514930 0.619617
vt 0.502340 0.608049
vt 0.514417 0.607526
vt 0.526510 0.606991
vt 0.538092 0.594374
vt 0.538592 0.606453
vt 0.539092 0.618531
vt 0.551627 0.630267
vt 0.539555 0.630821
vt 0.574854 0.604792
vt 0.574368 0.592711
vt 0.586470 0.592128
vt 0.586973 0.604218
vt 0.587416 0.616329
vt 0.599494 0.615779
vt 0.599937 0.627957
vt 0.587817 0.628554
vt 0.575776 0.629128
vt 0.564140 0.641975
vt 0.563685 0.629702
vt 0.589185 0.665044
vt 0.601654 0.676675
vt 0.589548 0.677310
vt 0.577555 0.677906
vt 0.565922 0.690833
vt 0.565483 0.678507
vt 0.565092 0.666174
vt 0.552560 0.654646
vt 0.564636 0.654069
vt 0.510882 0.522454
vt 0.498254 0.510898
vt 0.510359 0.510383
vt 0.522476 0.509864
vt 0.534066 0.497285
vt 0.534585 0.509348
vt 0.535106 0.521409
vt 0.547718 0.533068
vt 0.535609 0.533593
vt 0.570934 0.507793
vt 0.570410 0.495742
vt 0.582532 0.495219
vt 0.583066 0.507272
vt 0.583571 0.519332
vt 0.595692 0.518819
vt 0.596188 0.530944
vt 0.584049 0.531481
vt 0.571946 0.532010
vt 0.560322 0.544714
vt 0.559826 0.532539
vt 0.585547 0.567766
vt 0.598119 0.579385
vt 0.585986 0.579951
vt 0.573908 0.580504
vt 0.562272 0.593274
vt 0.561797 0.581056
vt 0.561337 0.568836
vt 0.548725 0.557310
vt 0.560838 0.556774
vt 0.506774 0.425599
vt 0.494180 0.414023
vt 0.506264 0.413519
vt 0.518354 0.413020
vt 0.529925 0.400453
vt 0.530440 0.412529
vt 0.530960 0.424601
vt 0.543577 0.436236
vt 0.531476 0.436730
vt 0.566720 0.411083
vt 0.566179 0.399017
vt 0.578269 0.398545
vt 0.578820 0.410610
vt 0.579359 0.422671
vt 0.591464 0.422202
vt 0.592005 0.434295
vt 0.579888 0.434776
vt 0.567787 0.435259
vt 0.556203 0.447864
vt 0.555679 0.435745
vt 0.581500 0.470983
vt 0.594141 0.482593
vt 0.582007 0.483103
vt 0.569898 0.483608
vt 0.558292 0.496256
vt 0.557777 0.484117
vt 0.557266 0.471976
vt 0.544625 0.460420
vt 0.556737 0.459920
vt 0.502827 0.328757
vt 0.490322 0.317146
vt 0.502346 0.316646
vt 0.514372 0.316156
vt 0.525904 0.303564
vt 0.526398 0.315679
vt 0.526894 0.327787
vt 0.539433 0.339440
vt 0.527389 0.339912
vt 0.562478 0.314318
vt 0.561963 0.302214
vt 0.573985 0.301787
vt 0.574511 0.313889
vt 0.575038 0.325984
vt 0.587080 0.325557
vt 0.587621 0.337656
vt 0.575567 0.338089
vt 0.563522 0.338531
vt 0.551993 0.351093
vt 0.551476 0.338981
vt 0.577188 0.374347
vt 0.589814 0.385992
vt 0.577725 0.386449
vt 0.565648 0.386912
vt 0.554093 0.399490
vt 0.553565 0.387380
vt 0.553043 0.375265
vt 0.540456 0.363650
vt 0.552519 0.363181
vt 0.499079 0.231737
vt 0.486653 0.220102
vt 0.498624 0.219599
vt 0.510598 0.219115
vt 0.522116 0.206514
vt 0.522574 0.218650
vt 0.523035 0.230783
vt 0.535486 0.242468
vt 0.523502 0.242919
vt 0.558510 0.217369
vt 0.558045 0.205241
vt 0.570025 0.204856
vt 0.570494 0.216979
vt 0.570969 0.229099
vt 0.582958 0.228719
vt 0.583449 0.240833
vt 0.571455 0.241217
vt 0.559464 0.241617
vt 0.547958 0.254161
vt 0.547473 0.242034
vt 0.572956 0.277562
vt 0.585486 0.289270
vt 0.573467 0.289677
vt 0.561452 0.290098
vt 0.549941 0.302650
vt 0.549439 0.290531
vt 0.548939 0.278406
vt 0.536447 0.266724
vt 0.548447 0.266285
vt 0.495485 0.134660
vt 0.483057 0.123042
vt 0.495038 0.122537
vt 0.507023 0.122057
vt 0.518580 0.109487
vt 0.519012 0.121604
vt 0.519447 0.133726
vt 0.531863 0.145418
vt 0.519884 0.145850
vt 0.554994 0.120393
vt 0.554589 0.108285
vt 0.566595 0.107934
vt 0.566993 0.120038
vt 0.567400 0.132145
vt 0.579391 0.131807
vt 0.579801 0.143916
vt 0.567815 0.144258
vt 0.555828 0.144623
vt 0.544277 0.157134
vt 0.543844 0.145009
vt 0.569114 0.180614
vt 0.581549 0.192373
vt 0.569566 0.192734
vt 0.557587 0.193116
vt 0.546066 0.205646
vt 0.545611 0.193517
vt 0.545160 0.181387
vt 0.532740 0.169674
vt 0.544716 0.169258
vt 0.491816 0.037901
vt 0.479225 0.026370
vt 0.491337 0.025862
vt 0.503455 0.025380
vt 0.502995 0.013354
vt 0.515147 0.012902
vt 0.515578 0.024931
vt 0.516009 0.036973
vt 0.528514 0.048609
vt 0.516437 0.049029
vt 0.551949 0.023753
vt 0.551599 0.011723
vt 0.563744 0.011388
vt 0.564069 0.023416
vt 0.564402 0.035458
vt 0.576495 0.035148
vt 0.576817 0.047202
vt 0.564745 0.047515
vt 0.552670 0.047853
vt 0.540981 0.060286
vt 0.540593 0.048218
vt 0.565827 0.083741
vt 0.578223 0.095509
vt 0.566206 0.095834
vt 0.554190 0.096183
vt 0.542583 0.108661
vt 0.542176 0.096555
vt 0.541773 0.084456
vt 0.529334 0.072761
vt 0.541374 0.072366
vt 0.621908 0.908920
vt 0.609437 0.897401
vt 0.621304 0.896622
vt 0.633460 0.895652
vt 0.644812 0.882711
vt 0.645304 0.894899
vt 0.646044 0.906919
vt 0.658544 0.918340
vt 0.646523 0.919291
vt 0.681272 0.892276
vt 0.680815 0.880011
vt 0.692864 0.879037
vt 0.693324 0.891308
vt 0.693765 0.903611
vt 0.705763 0.902670
vt 0.706321 0.914821
vt 0.694488 0.915596
vt 0.682508 0.916504
vt 0.671132 0.929598
vt 0.670346 0.917578
vt 0.696366 0.952053
vt 0.709048 0.963192
vt 0.697136 0.964097
vt 0.684995 0.965290
vt 0.685840 0.977361
vt 0.673926 0.978118
vt 0.673096 0.966139
vt 0.672304 0.954113
vt 0.659656 0.942863
vt 0.671807 0.941754
vt 0.618062 0.810833
vt 0.605727 0.799148
vt 0.617732 0.798401
vt 0.629708 0.797667
vt 0.641335 0.784583
vt 0.641598 0.796961
vt 0.642073 0.809229
vt 0.654485 0.820667
vt 0.642636 0.821363
vt 0.677674 0.794645
vt 0.677192 0.782599
vt 0.689222 0.781810
vt 0.689735 0.793857
vt 0.690112 0.805994
vt 0.702042 0.805321
vt 0.702508 0.817414
vt 0.690372 0.818312
vt 0.678499 0.819034
vt 0.666846 0.832187
vt 0.666528 0.819824
vt 0.691770 0.854843
vt 0.704260 0.866122
vt 0.692190 0.867038
vt 0.680359 0.867764
vt 0.668760 0.880997
vt 0.668257 0.868724
vt 0.667937 0.856325
vt 0.655428 0.845040
vt 0.667381 0.844261
vt 0.614874 0.712755
vt 0.602468 0.701117
vt 0.614553 0.700457
vt 0.626539 0.699833
vt 0.638247 0.686870
vt 0.638572 0.699176
vt 0.638914 0.711479
vt 0.651367 0.722905
vt 0.639369 0.723560
vt 0.674738 0.697184
vt 0.674357 0.685056
vt 0.686393 0.684465
vt 0.686734 0.696564
vt 0.687174 0.708612
vt 0.699239 0.707925
vt 0.699522 0.720177
vt 0.687493 0.720852
vt 0.675422 0.721560
vt 0.663769 0.734400
vt 0.663477 0.722191
vt 0.688608 0.757241
vt 0.700950 0.768768
vt 0.688869 0.769551
vt 0.676886 0.770286
vt 0.665234 0.783277
vt 0.664966 0.770970
vt 0.664534 0.758758
vt 0.652137 0.747283
vt 0.664049 0.746631
vt 0.611575 0.615232
vt 0.599037 0.603659
vt 0.611171 0.603074
vt 0.623234 0.602513
vt 0.634928 0.589750
vt 0.635360 0.601925
vt 0.635747 0.614116
vt 0.648291 0.625582
vt 0.636175 0.626184
vt 0.671685 0.600184
vt 0.671285 0.588049
vt 0.683395 0.587519
vt 0.683759 0.599629
vt 0.684205 0.611701
vt 0.696341 0.611084
vt 0.696696 0.623224
vt 0.684638 0.623788
vt 0.672483 0.624402
vt 0.660815 0.637042
vt 0.660414 0.624979
vt 0.685736 0.660101
vt 0.698141 0.671652
vt 0.686116 0.672256
vt 0.673989 0.672918
vt 0.662329 0.685642
vt 0.661984 0.673521
vt 0.661531 0.661445
vt 0.649091 0.649865
vt 0.661132 0.649260
vt 0.607816 0.518311
vt 0.595178 0.506758
vt 0.607324 0.506235
vt 0.619436 0.505726
vt 0.631065 0.493123
vt 0.631589 0.505204
vt 0.632070 0.517297
vt 0.644714 0.528812
vt 0.632555 0.529348
vt 0.668002 0.503676
vt 0.667499 0.491592
vt 0.679644 0.491103
vt 0.680132 0.503174
vt 0.680643 0.515230
vt 0.692802 0.514703
vt 0.693290 0.526731
vt 0.681165 0.527237
vt 0.668997 0.527764
vt 0.657352 0.540297
vt 0.656852 0.528286
vt 0.682522 0.563418
vt 0.695095 0.574921
vt 0.682998 0.575454
vt 0.670831 0.576022
vt 0.659167 0.588602
vt 0.658714 0.576572
vt 0.658236 0.564552
vt 0.645664 0.552971
vt 0.657793 0.552423
vt 0.603571 0.421737
vt 0.590913 0.410144
vt 0.603022 0.409677
vt 0.615118 0.409220
vt 0.626657 0.396705
vt 0.627233 0.408762
vt 0.627789 0.420820
vt 0.640478 0.432397
vt 0.628343 0.432868
vt 0.663566 0.407418
vt 0.662981 0.395370
vt 0.675095 0.394937
vt 0.675683 0.406974
vt 0.676271 0.419006
vt 0.688403 0.418554
vt 0.688996 0.430551
vt 0.676867 0.431007
vt 0.664730 0.431466
vt 0.653175 0.443947
vt 0.652597 0.431933
vt 0.678551 0.467101
vt 0.691248 0.478616
vt 0.679111 0.479099
vt 0.666957 0.479591
vt 0.655355 0.492094
vt 0.654808 0.480087
vt 0.654265 0.468075
vt 0.641589 0.456493
vt 0.653728 0.456011
vt 0.599126 0.325144
vt 0.586545 0.313468
vt 0.598581 0.313057
vt 0.610620 0.312659
vt 0.622108 0.300192
vt 0.622667 0.312265
vt 0.623226 0.324337
vt 0.635857 0.336004
vt 0.623790 0.336406
vt 0.658816 0.311130
vt 0.658235 0.299078
vt 0.670284 0.298720
vt 0.670873 0.310761
vt 0.671468 0.322799
vt 0.683539 0.322423
vt 0.684148 0.334442
vt 0.672070 0.334825
vt 0.659997 0.335215
vt 0.648514 0.347649
vt 0.647923 0.335606
vt 0.673881 0.370917
vt 0.686597 0.382507
vt 0.674491 0.382928
vt 0.662382 0.383355
vt 0.650869 0.395811
vt 0.650275 0.383784
vt 0.649688 0.371751
vt 0.637015 0.360115
vt 0.649102 0.359701
vt 0.594950 0.228358
vt 0.582479 0.216604
vt 0.594466 0.216248
vt 0.606456 0.215907
vt 0.617968 0.203484
vt 0.618448 0.215580
vt 0.618940 0.227674
vt 0.631447 0.239435
vt 0.619445 0.239767
vt 0.654438 0.214663
vt 0.653949 0.202593
vt 0.665945 0.202315
vt 0.666438 0.214377
vt 0.666948 0.226435
vt 0.678956 0.226141
vt 0.679485 0.238187
vt 0.667472 0.238492
vt 0.655461 0.238800
vt 0.643979 0.251187
vt 0.643453 0.239113
vt 0.669127 0.274642
vt 0.681744 0.286338
vt 0.669702 0.286683
vt 0.657661 0.287031
vt 0.646190 0.299443
vt 0.645623 0.287385
vt 0.645065 0.275323
vt 0.632497 0.263599
vt 0.644517 0.263257
vt 0.591384 0.131491
vt 0.578991 0.119703
vt 0.590991 0.119392
vt 0.602989 0.119098
vt 0.614619 0.106742
vt 0.614988 0.118827
vt 0.615370 0.130914
vt 0.627759 0.142736
vt 0.615769 0.143006
vt 0.650980 0.118101
vt 0.650627 0.106037
vt 0.662624 0.105823
vt 0.662974 0.117880
vt 0.663345 0.129938
vt 0.675335 0.129719
vt 0.675723 0.141770
vt 0.663733 0.142000
vt 0.651742 0.142234
vt 0.640159 0.154557
vt 0.639751 0.142479
vt 0.665007 0.178187
vt 0.677461 0.189989
vt 0.665469 0.190251
vt 0.653475 0.190522
vt 0.641955 0.202879
vt 0.641483 0.190799
vt 0.641025 0.178718
vt 0.628594 0.166911
vt 0.640585 0.166638
vt 0.588583 0.034863
vt 0.576183 0.023107
vt 0.588290 0.022821
vt 0.600392 0.022563
vt 0.600134 0.010532
vt 0.612243 0.010292
vt 0.612483 0.022322
vt 0.612736 0.034360
vt 0.625063 0.046180
vt 0.613010 0.046407
vt 0.648687 0.021702
vt 0.648489 0.009677
vt 0.660540 0.009497
vt 0.660727 0.021523
vt 0.660938 0.033553
vt 0.672959 0.033383
vt 0.673184 0.045414
vt 0.661168 0.045589
vt 0.649142 0.045775
vt 0.637373 0.058018
vt 0.637106 0.045969
vt 0.661983 0.081720
vt 0.674290 0.093571
vt 0.662293 0.093770
vt 0.650291 0.093978
vt 0.638626 0.106259
vt 0.638285 0.094192
vt 0.637963 0.082130
vt 0.625636 0.070288
vt 0.637660 0.070072
vt 0.717847 0.901635
vt 0.705329 0.890384
vt 0.717144 0.889663
vt 0.729253 0.888668
vt 0.740610 0.875837
vt 0.741253 0.887792
vt 0.741764 0.899919
vt 0.754279 0.911174
vt 0.742194 0.912180
vt 0.777167 0.885359
vt 0.776722 0.873228
vt 0.788586 0.872601
vt 0.789002 0.884752
vt 0.789624 0.896669
vt 0.801633 0.895891
vt 0.802142 0.907954
vt 0.790079 0.908815
vt 0.778059 0.909652
vt 0.766784 0.922438
vt 0.766252 0.910300
vt 0.791792 0.944983
vt 0.804222 0.956339
vt 0.792401 0.957075
vt 0.780664 0.957711
vt 0.781281 0.969801
vt 0.769282 0.970782
vt 0.768623 0.958697
vt 0.768040 0.946542
vt 0.755509 0.935310
vt 0.767292 0.934645
vt 0.713998 0.804622
vt 0.701636 0.793173
vt 0.713729 0.792345
vt 0.725689 0.791625
vt 0.737389 0.778692
vt 0.737618 0.790944
vt 0.738056 0.803039
vt 0.750437 0.814422
vt 0.738545 0.815082
vt 0.773726 0.788798
vt 0.773336 0.776783
vt 0.785433 0.776038
vt 0.785841 0.788045
vt 0.786099 0.800206
vt 0.798057 0.799614
vt 0.798483 0.811594
vt 0.786445 0.812288
vt 0.774534 0.812883
vt 0.762819 0.825814
vt 0.762427 0.813693
vt 0.787637 0.848523
vt 0.800054 0.859875
vt 0.788187 0.860460
vt 0.776146 0.861268
vt 0.764688 0.874060
vt 0.764081 0.862120
vt 0.763708 0.849945
vt 0.751275 0.838616
vt 0.763348 0.837784
vt 0.711266 0.707316
vt 0.698839 0.695894
vt 0.710940 0.695232
vt 0.722945 0.694633
vt 0.734737 0.681845
vt 0.735078 0.693956
vt 0.735315 0.706134
vt 0.747722 0.717540
vt 0.735636 0.718198
vt 0.771295 0.692107
vt 0.770995 0.680041
vt 0.783051 0.679519
vt 0.783317 0.691570
vt 0.783682 0.703549
vt 0.795776 0.702950
vt 0.796016 0.715061
vt 0.783931 0.715670
vt 0.771832 0.716307
vt 0.760106 0.728971
vt 0.759849 0.716867
vt 0.784854 0.751819
vt 0.797202 0.763278
vt 0.785059 0.764000
vt 0.773086 0.764599
vt 0.761336 0.777430
vt 0.761098 0.765234
vt 0.760748 0.753138
vt 0.748381 0.741711
vt 0.760334 0.741121
vt 0.708472 0.610490
vt 0.695933 0.599034
vt 0.708034 0.598485
vt 0.720184 0.597919
vt 0.731911 0.585362
vt 0.732345 0.597356
vt 0.732707 0.609383
vt 0.745184 0.620899
vt 0.733004 0.621497
vt 0.768726 0.595755
vt 0.768389 0.583673
vt 0.780529 0.583162
vt 0.780843 0.595238
vt 0.781197 0.607282
vt 0.793351 0.606730
vt 0.793668 0.618769
vt 0.781584 0.619263
vt 0.769421 0.619815
vt 0.757662 0.632357
vt 0.757272 0.620370
vt 0.782489 0.655390
vt 0.794876 0.666898
vt 0.782824 0.667419
vt 0.770665 0.668027
vt 0.758928 0.680597
vt 0.758595 0.668583
vt 0.758235 0.656586
vt 0.745833 0.645056
vt 0.757959 0.644467
vt 0.704965 0.514172
vt 0.692304 0.502661
vt 0.704431 0.502169
vt 0.716613 0.501658
vt 0.728234 0.489188
vt 0.728763 0.501165
vt 0.729288 0.513140
vt 0.741919 0.524678
vt 0.729753 0.525193
vt 0.765242 0.499688
vt 0.764722 0.487698
vt 0.776889 0.487196
vt 0.777416 0.499189
vt 0.777900 0.511196
vt 0.790052 0.510712
vt 0.790553 0.522670
vt 0.778383 0.523171
vt 0.766240 0.523661
vt 0.754539 0.536183
vt 0.754050 0.524182
vt 0.779700 0.559209
vt 0.792263 0.570682
vt 0.780129 0.571183
vt 0.767980 0.571693
vt 0.756229 0.584228
vt 0.755792 0.572236
vt 0.755414 0.560207
vt 0.742830 0.548710
vt 0.755016 0.548179
vt 0.700538 0.418097
vt 0.687810 0.406530
vt 0.699927 0.406091
vt 0.712066 0.405648
vt 0.723568 0.393230
vt 0.724189 0.405213
vt 0.724815 0.417187
vt 0.737556 0.428734
vt 0.725420 0.429186
vt 0.760595 0.403883
vt 0.759948 0.391926
vt 0.772078 0.391480
vt 0.772735 0.403432
vt 0.773366 0.415392
vt 0.785502 0.414937
vt 0.786136 0.426888
vt 0.773979 0.427360
vt 0.761847 0.427816
vt 0.750297 0.440266
vt 0.749695 0.428279
vt 0.775773 0.463263
vt 0.788498 0.474744
vt 0.776325 0.475236
vt 0.764183 0.475712
vt 0.752555 0.488202
vt 0.752009 0.476205
vt 0.751475 0.464195
vt 0.738741 0.452698
vt 0.750899 0.452229
vt 0.695609 0.322048
vt 0.682935 0.310395
vt 0.694997 0.310031
vt 0.707061 0.309667
vt 0.718505 0.297304
vt 0.719128 0.309303
vt 0.719761 0.321294
vt 0.732482 0.332900
vt 0.720398 0.333288
vt 0.755342 0.308176
vt 0.754690 0.296209
vt 0.766754 0.295830
vt 0.767413 0.307787
vt 0.768078 0.319742
vt 0.780158 0.319337
vt 0.780835 0.331286
vt 0.768745 0.331700
vt 0.756658 0.332106
vt 0.745220 0.344481
vt 0.744568 0.332506
vt 0.770757 0.367563
vt 0.783543 0.379076
vt 0.771415 0.379523
vt 0.759300 0.379959
vt 0.747819 0.392367
vt 0.747177 0.380391
vt 0.746533 0.368411
vt 0.733773 0.356859
vt 0.745877 0.356447
vt 0.690964 0.225851
vt 0.678440 0.214094
vt 0.690443 0.213812
vt 0.702449 0.213530
vt 0.713944 0.201226
vt 0.714458 0.213246
vt 0.714991 0.225263
vt 0.727562 0.236970
vt 0.715540 0.237278
vt 0.750488 0.212370
vt 0.749956 0.200383
vt 0.761962 0.200085
vt 0.762500 0.212064
vt 0.763058 0.224038
vt 0.775074 0.223708
vt 0.775658 0.235669
vt 0.763634 0.236008
vt 0.751610 0.236337
vt 0.740165 0.248649
vt 0.739585 0.236657
vt 0.765466 0.271909
vt 0.778160 0.283491
vt 0.766104 0.283873
vt 0.754050 0.284241
vt 0.742628 0.296581
vt 0.741995 0.284603
vt 0.741371 0.272620
vt 0.728723 0.260968
vt 0.740763 0.260635
vt 0.687323 0.129501
vt 0.674968 0.117666
vt 0.686957 0.117459
vt 0.698944 0.117253
vt 0.710585 0.105020
vt 0.710929 0.117046
vt 0.711295 0.129074
vt 0.723668 0.140877
vt 0.711683 0.141102
vt 0.746870 0.116409
vt 0.746520 0.104405
vt 0.758492 0.104184
vt 0.758844 0.116181
vt 0.759221 0.128176
vt 0.771197 0.127924
vt 0.771600 0.139908
vt 0.759618 0.140167
vt 0.747634 0.140412
vt 0.736066 0.152658
vt 0.735652 0.140649
vt 0.760954 0.176124
vt 0.773446 0.187809
vt 0.761448 0.188107
vt 0.749447 0.188393
vt 0.737954 0.200670
vt 0.737446 0.188669
vt 0.736966 0.176667
vt 0.724512 0.164912
vt 0.736504 0.164662
vt 0.684969 0.033211
vt 0.672754 0.021352
vt 0.684767 0.021183
vt 0.696767 0.021016
vt 0.696588 0.008990
vt 0.708571 0.008824
vt 0.708751 0.020849
vt 0.708952 0.032872
vt 0.721150 0.044722
vt 0.709174 0.044898
vt 0.744630 0.020321
vt 0.744435 0.008298
vt 0.756363 0.008107
vt 0.756567 0.020129
vt 0.756790 0.032145
vt 0.768727 0.031939
vt 0.768974 0.043948
vt 0.757027 0.044157
vt 0.745076 0.044356
vt 0.733363 0.056560
vt 0.733117 0.044542
vt 0.757850 0.080180
vt 0.770123 0.091956
vt 0.758158 0.092182
vt 0.746192 0.092399
vt 0.734545 0.104618
vt 0.734221 0.092605
vt 0.733916 0.080591
vt 0.721657 0.068766
vt 0.733630 0.068576
vt 0.813474 0.895292
vt 0.801026 0.883943
vt 0.813063 0.883140
vt 0.824935 0.882589
vt 0.836559 0.869813
vt 0.836913 0.881967
vt 0.837403 0.893946
vt 0.849871 0.905321
vt 0.837941 0.905883
vt 0.872827 0.880187
vt 0.872403 0.868177
vt 0.884495 0.867560
vt 0.884909 0.879557
vt 0.885293 0.891625
vt 0.897316 0.891073
vt 0.897691 0.903126
vt 0.885799 0.903537
vt 0.873834 0.904122
vt 0.862314 0.916731
vt 0.861779 0.904824
vt 0.887182 0.939634
vt 0.899635 0.951107
vt 0.887588 0.951778
vt 0.875645 0.952279
vt 0.876043 0.964374
vt 0.864267 0.964880
vt 0.863804 0.952745
vt 0.863242 0.940836
vt 0.850739 0.929471
vt 0.862785 0.928766
vt 0.810143 0.798901
vt 0.797787 0.787466
vt 0.809789 0.786859
vt 0.821914 0.786160
vt 0.833561 0.773632
vt 0.833881 0.785648
vt 0.834270 0.797606
vt 0.846638 0.809069
vt 0.834519 0.809743
vt 0.870003 0.784032
vt 0.869780 0.771952
vt 0.881800 0.771497
vt 0.882008 0.783590
vt 0.882344 0.795546
vt 0.894451 0.795010
vt 0.894698 0.807065
vt 0.882692 0.807506
vt 0.870591 0.808089
vt 0.858991 0.820545
vt 0.858592 0.808592
vt 0.883733 0.843529
vt 0.896133 0.855029
vt 0.884039 0.855644
vt 0.872081 0.856091
vt 0.860452 0.868704
vt 0.860113 0.856587
vt 0.859670 0.844642
vt 0.847267 0.833201
vt 0.859263 0.832671
vt 0.807815 0.702445
vt 0.795443 0.690974
vt 0.807576 0.690394
vt 0.819600 0.689908
vt 0.831491 0.677297
vt 0.831720 0.689363
vt 0.831932 0.701439
vt 0.844271 0.712939
vt 0.832244 0.713406
vt 0.867998 0.687903
vt 0.867718 0.675937
vt 0.879811 0.675494
vt 0.880091 0.687455
vt 0.880319 0.699465
vt 0.892357 0.699084
vt 0.892622 0.711050
vt 0.880487 0.711537
vt 0.868463 0.711938
vt 0.856588 0.724479
vt 0.856398 0.712402
vt 0.881214 0.747559
vt 0.893516 0.759114
vt 0.881502 0.759528
vt 0.869487 0.759964
vt 0.857670 0.772525
vt 0.857352 0.760542
vt 0.857165 0.748434
vt 0.844841 0.736930
vt 0.856877 0.736453
vt 0.805505 0.606186
vt 0.793018 0.594695
vt 0.805118 0.594212
vt 0.817288 0.593694
vt 0.829053 0.581226
vt 0.829440 0.593197
vt 0.829770 0.605194
vt 0.842206 0.616733
vt 0.830033 0.617254
vt 0.865816 0.591794
vt 0.865500 0.579748
vt 0.877614 0.579309
vt 0.877914 0.591361
vt 0.878250 0.603367
vt 0.890386 0.602905
vt 0.890655 0.614956
vt 0.878576 0.615364
vt 0.866428 0.615832
vt 0.854633 0.628258
vt 0.854312 0.616283
vt 0.879377 0.651400
vt 0.891709 0.663006
vt 0.879598 0.663447
vt 0.867484 0.663906
vt 0.855662 0.676350
vt 0.855435 0.664320
vt 0.855127 0.652354
vt 0.842759 0.640793
vt 0.854864 0.640323
vt 0.802219 0.510210
vt 0.789565 0.498703
vt 0.801710 0.498217
vt 0.813884 0.497719
vt 0.825504 0.485265
vt 0.826018 0.497242
vt 0.826544 0.509203
vt 0.839163 0.520721
vt 0.827023 0.521198
vt 0.862461 0.495784
vt 0.861933 0.483804
vt 0.874071 0.483300
vt 0.874605 0.495291
vt 0.875095 0.507297
vt 0.887218 0.506823
vt 0.887707 0.518811
vt 0.875573 0.519291
vt 0.863452 0.519754
vt 0.851755 0.532242
vt 0.851291 0.520249
vt 0.876850 0.555322
vt 0.889358 0.566876
vt 0.877254 0.567308
vt 0.865121 0.567765
vt 0.853355 0.580230
vt 0.852958 0.568251
vt 0.852597 0.556231
vt 0.840047 0.544710
vt 0.852208 0.544222
vt 0.797637 0.414475
vt 0.784860 0.402981
vt 0.796993 0.402516
vt 0.809122 0.402049
vt 0.820579 0.389626
vt 0.821244 0.401573
vt 0.821905 0.413518
vt 0.834685 0.424974
vt 0.822560 0.425458
vt 0.857607 0.400073
vt 0.856914 0.388141
vt 0.869017 0.387616
vt 0.869716 0.399548
vt 0.870398 0.411491
vt 0.882502 0.410958
vt 0.883174 0.422915
vt 0.871054 0.423449
vt 0.858941 0.423966
vt 0.847451 0.436431
vt 0.846819 0.424472
vt 0.872936 0.459339
vt 0.885639 0.470813
vt 0.873505 0.471325
vt 0.861386 0.471815
vt 0.849790 0.484300
vt 0.849243 0.472315
vt 0.848680 0.460331
vt 0.835939 0.448873
vt 0.848073 0.448382
vt 0.792238 0.318920
vt 0.779485 0.307389
vt 0.791555 0.306979
vt 0.803626 0.306559
vt 0.815002 0.294197
vt 0.815693 0.306123
vt 0.816393 0.318047
vt 0.829179 0.329510
vt 0.817097 0.329974
vt 0.851884 0.304713
vt 0.851169 0.292810
vt 0.863218 0.292309
vt 0.863941 0.304205
vt 0.864671 0.316107
vt 0.876730 0.315573
vt 0.877470 0.327474
vt 0.865404 0.328014
vt 0.853331 0.328532
vt 0.841976 0.340946
vt 0.841258 0.329029
vt 0.867594 0.363752
vt 0.880403 0.375137
vt 0.868310 0.375680
vt 0.856215 0.376206
vt 0.844807 0.388649
vt 0.844113 0.376716
vt 0.843408 0.364789
vt 0.830599 0.353356
vt 0.842691 0.352868
vt 0.787091 0.223366
vt 0.774510 0.211743
vt 0.786521 0.211412
vt 0.798531 0.211065
vt 0.809982 0.198768
vt 0.810540 0.210704
vt 0.811123 0.222635
vt 0.823747 0.234165
vt 0.811727 0.234566
vt 0.846562 0.209508
vt 0.845985 0.197604
vt 0.857985 0.197179
vt 0.858566 0.209073
vt 0.859172 0.220964
vt 0.871181 0.220495
vt 0.871816 0.232373
vt 0.859802 0.232853
vt 0.847785 0.233309
vt 0.836403 0.245656
vt 0.835767 0.233746
vt 0.861804 0.268521
vt 0.874543 0.279897
vt 0.862505 0.280415
vt 0.850462 0.280907
vt 0.839115 0.293291
vt 0.838416 0.281381
vt 0.837731 0.269473
vt 0.825026 0.258001
vt 0.837060 0.257565
vt 0.783174 0.127660
vt 0.770818 0.115939
vt 0.782788 0.115682
vt 0.794758 0.115410
vt 0.806354 0.103156
vt 0.806727 0.115122
vt 0.807120 0.127084
vt 0.819516 0.138721
vt 0.807539 0.139041
vt 0.842628 0.114162
vt 0.842243 0.102220
vt 0.854209 0.101875
vt 0.854595 0.113809
vt 0.855007 0.125737
vt 0.866980 0.125355
vt 0.867419 0.137266
vt 0.855440 0.137655
vt 0.843465 0.138027
vt 0.831940 0.150318
vt 0.831489 0.138383
vt 0.856890 0.173381
vt 0.869418 0.184847
vt 0.857425 0.185282
vt 0.845431 0.185697
vt 0.833986 0.198009
vt 0.833437 0.186092
vt 0.832914 0.174170
vt 0.820430 0.162603
vt 0.832415 0.162246
vt 0.780661 0.031721
vt 0.768498 0.019925
vt 0.780419 0.019709
vt 0.792336 0.019479
vt 0.792093 0.007458
vt 0.803990 0.007213
vt 0.804247 0.019232
vt 0.804510 0.031244
vt 0.816715 0.042978
vt 0.804781 0.043245
vt 0.839978 0.018399
vt 0.839676 0.006382
vt 0.851578 0.006072
vt 0.851894 0.018089
vt 0.852204 0.030092
vt 0.864139 0.029764
vt 0.864459 0.041751
vt 0.852517 0.042082
vt 0.840580 0.042398
vt 0.828944 0.054682
vt 0.828646 0.042697
vt 0.853491 0.077986
vt 0.865804 0.089581
vt 0.853841 0.089934
vt 0.841879 0.090274
vt 0.830280 0.102549
vt 0.829919 0.090593
vt 0.829579 0.078630
vt 0.817307 0.066952
vt 0.829256 0.066659
vt 0.909351 0.890539
vt 0.896956 0.879017
vt 0.908876 0.878630
vt 0.920900 0.878103
vt 0.932523 0.865654
vt 0.932966 0.877559
vt 0.933337 0.889625
vt 0.945725 0.901189
vt 0.933776 0.901597
vt 0.969103 0.876243
vt 0.968657 0.864321
vt 0.980710 0.863891
vt 0.981140 0.875782
vt 0.981540 0.887777
vt 0.993544 0.887360
vt 0.993984 0.899297
vt 0.981943 0.899781
vt 0.969955 0.900168
vt 0.958242 0.912680
vt 0.957839 0.900662
vt 0.983238 0.935722
vt 0.995410 0.935192
vt 0.995825 0.947214
vt 0.983651 0.947746
vt 0.971498 0.948276
vt 0.971916 0.960308
vt 0.959953 0.960701
vt 0.959534 0.948679
vt 0.959100 0.936682
vt 0.946654 0.925134
vt 0.958702 0.924603
vt 0.906445 0.794601
vt 0.894130 0.783040
vt 0.906142 0.782625
vt 0.918130 0.782256
vt 0.929969 0.769829
vt 0.930229 0.781804
vt 0.930472 0.793821
vt 0.942796 0.805400
vt 0.930818 0.805732
vt 0.966365 0.780721
vt 0.966062 0.768813
vt 0.978141 0.768465
vt 0.978440 0.780347
vt 0.978696 0.792314
vt 0.990713 0.792003
vt 0.991022 0.803887
vt 0.978985 0.804250
vt 0.966986 0.804561
vt 0.955181 0.816945
vt 0.954879 0.804988
vt 0.979987 0.840002
vt 0.992124 0.839541
vt 0.992449 0.851484
vt 0.980360 0.851908
vt 0.968243 0.852397
vt 0.956642 0.864726
vt 0.956233 0.852803
vt 0.955867 0.840841
vt 0.943481 0.829291
vt 0.955554 0.828829
vt 0.904426 0.698687
vt 0.892128 0.687076
vt 0.904239 0.686642
vt 0.916321 0.686250
vt 0.928172 0.673878
vt 0.928349 0.685930
vt 0.928604 0.697893
vt 0.940882 0.709551
vt 0.928812 0.709903
vt 0.964543 0.684955
vt 0.964353 0.672923
vt 0.976421 0.672626
vt 0.976611 0.684664
vt 0.976804 0.696681
vt 0.988869 0.696408
vt 0.989055 0.708413
vt 0.977044 0.708634
vt 0.964984 0.708930
vt 0.953150 0.721214
vt 0.952897 0.709271
vt 0.977700 0.744543
vt 0.989778 0.744246
vt 0.989997 0.756187
vt 0.977905 0.756520
vt 0.965830 0.756850
vt 0.954063 0.769108
vt 0.953828 0.757127
vt 0.953552 0.745209
vt 0.941265 0.733572
vt 0.953353 0.733208
vt 0.902493 0.602484
vt 0.890065 0.590893
vt 0.902162 0.590482
vt 0.914260 0.590072
vt 0.926036 0.577620
vt 0.926379 0.589650
vt 0.926662 0.601714
vt 0.939032 0.613378
vt 0.926940 0.613757
vt 0.962599 0.588517
vt 0.962272 0.576434
vt 0.974310 0.576077
vt 0.974633 0.588179
vt 0.974956 0.600260
vt 0.986998 0.599941
vt 0.987274 0.612049
vt 0.975214 0.612371
vt 0.963164 0.612690
vt 0.951370 0.625077
vt 0.951123 0.613006
vt 0.975966 0.648565
vt 0.987992 0.648319
vt 0.988230 0.660347
vt 0.976173 0.660626
vt 0.964154 0.660879
vt 0.952278 0.673242
vt 0.952078 0.661202
vt 0.951870 0.649148
vt 0.939565 0.637446
vt 0.951604 0.637139
vt 0.899341 0.506331
vt 0.886722 0.494808
vt 0.898831 0.494319
vt 0.910952 0.493812
vt 0.922505 0.481291
vt 0.923039 0.493320
vt 0.923560 0.505342
vt 0.936124 0.516913
vt 0.924032 0.517392
vt 0.959255 0.491788
vt 0.958719 0.479700
vt 0.970761 0.479151
vt 0.971299 0.491264
vt 0.971810 0.503378
vt 0.983840 0.502871
vt 0.984328 0.515011
vt 0.972306 0.515484
vt 0.960261 0.515961
vt 0.948655 0.528511
vt 0.948188 0.516447
vt 0.973592 0.551843
vt 0.985635 0.551428
vt 0.986000 0.563581
vt 0.973975 0.563953
vt 0.961913 0.564353
vt 0.950213 0.576808
vt 0.949854 0.564747
vt 0.949473 0.552680
vt 0.937000 0.541039
vt 0.949086 0.540589
vt 0.894598 0.410412
vt 0.881814 0.399011
vt 0.893910 0.398457
vt 0.905993 0.397886
vt 0.917357 0.385335
vt 0.918067 0.397296
vt 0.918767 0.409265
vt 0.931516 0.420656
vt 0.919450 0.421243
vt 0.954226 0.395399
vt 0.953504 0.383414
vt 0.965531 0.382723
vt 0.966254 0.394724
vt 0.966960 0.406743
vt 0.978974 0.406056
vt 0.979665 0.418110
vt 0.967647 0.418779
vt 0.955620 0.419424
vt 0.944239 0.432070
vt 0.943574 0.420049
vt 0.969588 0.454974
vt 0.981606 0.454371
vt 0.982209 0.466479
vt 0.970185 0.467061
vt 0.958150 0.467624
vt 0.946657 0.480243
vt 0.946089 0.468186
vt 0.945504 0.456129
vt 0.932820 0.444672
vt 0.944883 0.444095
vt 0.888782 0.315015
vt 0.875993 0.303678
vt 0.888041 0.303124
vt 0.900082 0.302548
vt 0.911374 0.290073
vt 0.912119 0.301946
vt 0.912873 0.313828
vt 0.925669 0.325084
vt 0.913631 0.325719
vt 0.948196 0.299973
vt 0.947440 0.288116
vt 0.959450 0.287405
vt 0.960210 0.299255
vt 0.960974 0.311120
vt 0.972981 0.310362
vt 0.973749 0.322246
vt 0.961741 0.323004
vt 0.949726 0.323729
vt 0.938467 0.336323
vt 0.937702 0.324420
vt 0.964038 0.358776
vt 0.976047 0.358032
vt 0.976802 0.370007
vt 0.964790 0.370739
vt 0.952767 0.371442
vt 0.941466 0.384079
vt 0.940732 0.372117
vt 0.939984 0.360172
vt 0.927190 0.348900
vt 0.939228 0.348241
vt 0.883187 0.220007
vt 0.870569 0.208615
vt 0.882569 0.208139
vt 0.894569 0.207638
vt 0.905967 0.195277
vt 0.906568 0.207120
vt 0.907194 0.218963
vt 0.919849 0.230234
vt 0.907845 0.230806
vt 0.942568 0.205434
vt 0.941961 0.193643
vt 0.953962 0.193062
vt 0.954569 0.204830
vt 0.955204 0.216600
vt 0.967211 0.215950
vt 0.967870 0.227704
vt 0.955864 0.228374
vt 0.943860 0.229020
vt 0.932532 0.241457
vt 0.931855 0.229640
vt 0.957966 0.263754
vt 0.969971 0.263030
vt 0.970707 0.274836
vt 0.958702 0.275573
vt 0.946694 0.276277
vt 0.935424 0.288798
vt 0.934680 0.276950
vt 0.933948 0.265110
vt 0.921220 0.253902
vt 0.933231 0.253279
vt 0.878957 0.124961
vt 0.866568 0.113439
vt 0.878541 0.113054
vt 0.890517 0.112657
vt 0.902099 0.100354
vt 0.902498 0.112248
vt 0.902915 0.124131
vt 0.915346 0.135561
vt 0.903358 0.136006
vt 0.938468 0.110982
vt 0.938068 0.099128
vt 0.950073 0.098722
vt 0.950473 0.110556
vt 0.950893 0.122375
vt 0.962906 0.121932
vt 0.963350 0.133712
vt 0.951337 0.134179
vt 0.939332 0.134645
vt 0.927807 0.146940
vt 0.927336 0.135107
vt 0.952830 0.169525
vt 0.964840 0.168980
vt 0.965391 0.180722
vt 0.953382 0.181295
vt 0.941380 0.181854
vt 0.929961 0.194207
vt 0.929381 0.182396
vt 0.928830 0.170582
vt 0.916312 0.159253
vt 0.928305 0.158764
vt 0.876079 0.029424
vt 0.863818 0.017763
vt 0.875748 0.017426
vt 0.887693 0.017076
vt 0.887345 0.005063
vt 0.899292 0.004708
vt 0.899643 0.016721
vt 0.899987 0.028716
vt 0.912298 0.040328
vt 0.900325 0.040694
vt 0.935581 0.015638
vt 0.935227 0.003626
vt 0.947233 0.003270
vt 0.947585 0.015280
vt 0.947933 0.027269
vt 0.959950 0.026917
vt 0.960294 0.038884
vt 0.948278 0.039237
vt 0.936273 0.039597
vt 0.924623 0.051914
vt 0.924282 0.039961
vt 0.949324 0.074994
vt 0.961340 0.074623
vt 0.961706 0.086484
vt 0.949691 0.086868
vt 0.937686 0.087261
vt 0.926071 0.099540
vt 0.925690 0.087657
vt 0.925325 0.075761
vt 0.912984 0.064225
vt 0.924970 0.063847
vt 0.081747 0.992892
vt 0.069553 0.992966
vt 0.056806 0.968953
vt 0.079668 0.896987
vt 0.054708 0.873542
vt 0.076294 0.801743
vt 0.051148 0.778960
vt 0.071251 0.706670
vt 0.045692 0.683970
vt 0.065549 0.611101
vt 0.040122 0.588257
vt 0.060789 0.514953
vt 0.035704 0.491636
vt 0.057819 0.418481
vt 0.033230 0.394882
vt 0.056355 0.322242
vt 0.032035 0.298628
vt 0.055206 0.226461
vt 0.030824 0.203021
vt 0.053323 0.130899
vt 0.028770 0.107555
vt 0.178248 0.992024
vt 0.166079 0.991969
vt 0.153682 0.968021
vt 0.175967 0.895359
vt 0.151359 0.871808
vt 0.172761 0.799338
vt 0.147406 0.775728
vt 0.167768 0.703148
vt 0.142279 0.680004
vt 0.162426 0.607340
vt 0.136922 0.584303
vt 0.157838 0.511593
vt 0.132597 0.488437
vt 0.154680 0.415754
vt 0.129886 0.392516
vt 0.152763 0.319871
vt 0.128296 0.296621
vt 0.151143 0.223995
vt 0.126718 0.200798
vt 0.148795 0.128175
vt 0.124270 0.105027
vt 0.274303 0.992080
vt 0.262420 0.992106
vt 0.249958 0.967747
vt 0.272617 0.895048
vt 0.247766 0.870817
vt 0.269167 0.797786
vt 0.243843 0.773705
vt 0.264511 0.700756
vt 0.239059 0.677208
vt 0.259571 0.604296
vt 0.234117 0.581092
vt 0.255132 0.508227
vt 0.229878 0.485161
vt 0.251711 0.412260
vt 0.226805 0.389235
vt 0.249228 0.316228
vt 0.224605 0.293238
vt 0.246944 0.220092
vt 0.222395 0.197181
vt 0.243954 0.123964
vt 0.219273 0.101167
vt 0.371075 0.992580
vt 0.358964 0.992526
vt 0.346743 0.968487
vt 0.368864 0.894488
vt 0.344114 0.870264
vt 0.365452 0.796330
vt 0.340345 0.772212
vt 0.361226 0.698608
vt 0.335872 0.674783
vt 0.356668 0.601451
vt 0.331257 0.577938
vt 0.352355 0.504728
vt 0.327075 0.481481
vt 0.348651 0.408237
vt 0.323647 0.385171
vt 0.345578 0.311740
vt 0.320827 0.288791
vt 0.342667 0.215149
vt 0.317984 0.192306
vt 0.339152 0.118551
vt 0.314275 0.095868
vt 0.468292 0.991852
vt 0.456178 0.992197
vt 0.443220 0.967208
vt 0.465007 0.892695
vt 0.440113 0.868281
vt 0.461499 0.793825
vt 0.436519 0.769730
vt 0.457629 0.695552
vt 0.432474 0.671791
vt 0.453473 0.597935
vt 0.428201 0.574467
vt 0.449301 0.500849
vt 0.424062 0.477573
vt 0.445373 0.403992
vt 0.420306 0.380831
vt 0.441786 0.307150
vt 0.416915 0.284048
vt 0.438350 0.210162
vt 0.413567 0.187114
vt 0.434684 0.113188
vt 0.409723 0.090272
vt 0.565322 0.986661
vt 0.553150 0.987620
vt 0.540056 0.963292
vt 0.560913 0.888307
vt 0.536135 0.864504
vt 0.557342 0.789677
vt 0.532580 0.765904
vt 0.553885 0.691445
vt 0.528934 0.667863
vt 0.550180 0.593833
vt 0.525025 0.570445
vt 0.546177 0.496774
vt 0.520930 0.473497
vt 0.542009 0.399969
vt 0.516838 0.376699
vt 0.537923 0.303101
vt 0.512929 0.279781
vt 0.534091 0.206069
vt 0.509241 0.182706
vt 0.530580 0.109062
vt 0.505698 0.085726
vt 0.661984 0.979068
vt 0.649806 0.980255
vt 0.636536 0.956621
vt 0.656723 0.881953
vt 0.631853 0.859058
vt 0.653286 0.783930
vt 0.628421 0.761084
vt 0.650295 0.686235
vt 0.625315 0.663336
vt 0.647050 0.589164
vt 0.621872 0.566179
vt 0.643209 0.492605
vt 0.617868 0.469521
vt 0.638762 0.396254
vt 0.613423 0.373022
vt 0.634148 0.299814
vt 0.608997 0.276399
vt 0.629959 0.203175
vt 0.605062 0.179596
vt 0.626625 0.106493
vt 0.601907 0.082847
vt 0.757286 0.971792
vt 0.745559 0.972452
vt 0.732141 0.949321
vt 0.752632 0.874954
vt 0.727757 0.852304
vt 0.749357 0.778060
vt 0.724554 0.755312
vt 0.746854 0.681182
vt 0.722007 0.658244
vt 0.744065 0.584796
vt 0.718989 0.561730
vt 0.740390 0.488702
vt 0.715011 0.465626
vt 0.735693 0.392802
vt 0.710196 0.369668
vt 0.730565 0.296945
vt 0.705241 0.273637
vt 0.725949 0.200952
vt 0.700982 0.177434
vt 0.722567 0.104822
vt 0.697974 0.081155
vt 0.852503 0.965457
vt 0.840542 0.966115
vt 0.827666 0.942631
vt 0.848526 0.869226
vt 0.823742 0.846360
vt 0.845563 0.773121
vt 0.820902 0.750153
vt 0.843603 0.676783
vt 0.818842 0.653761
vt 0.841203 0.580729
vt 0.816184 0.557652
vt 0.837646 0.484788
vt 0.812232 0.461826
vt 0.832695 0.389143
vt 0.807091 0.366232
vt 0.827059 0.293753
vt 0.801604 0.270759
vt 0.821983 0.198398
vt 0.796938 0.175220
vt 0.818316 0.102859
vt 0.793719 0.079473
vt 0.948016 0.961135
vt 0.935888 0.961688
vt 0.923018 0.938139
vt 0.944628 0.865148
vt 0.919744 0.842143
vt 0.942064 0.769418
vt 0.917471 0.746204
vt 0.940209 0.673569
vt 0.915606 0.650244
vt 0.938139 0.577198
vt 0.913234 0.553937
vt 0.934584 0.480776
vt 0.909263 0.457791
vt 0.929417 0.384718
vt 0.903827 0.362065
vt 0.923401 0.289451
vt 0.897890 0.266928
vt 0.917964 0.194751
vt 0.892854 0.172060
vt 0.914082 0.099949
vt 0.889384 0.076911
vt 0.032257 0.945389
vt 0.031950 0.933404
vt 0.056065 0.921242
vt 0.104314 0.920429
vt 0.128834 0.943995
vt 0.105257 0.968386
vt 0.029856 0.850486
vt 0.029436 0.838695
vt 0.053167 0.826200
vt 0.101294 0.824761
vt 0.126425 0.848226
vt 0.103105 0.872633
vt 0.025725 0.756317
vt 0.025156 0.744558
vt 0.048524 0.731518
vt 0.096799 0.729571
vt 0.122117 0.752507
vt 0.099259 0.777164
vt 0.020243 0.661493
vt 0.019492 0.649514
vt 0.042850 0.636252
vt 0.091097 0.633984
vt 0.116747 0.657009
vt 0.093983 0.681831
vt 0.014760 0.565272
vt 0.014179 0.553171
vt 0.037690 0.540022
vt 0.086013 0.538085
vt 0.111400 0.561177
vt 0.088389 0.586072
vt 0.010822 0.468137
vt 0.010478 0.455988
vt 0.034238 0.443223
vt 0.082573 0.441925
vt 0.107488 0.465210
vt 0.084057 0.490025
vt 0.008793 0.371123
vt 0.008634 0.359050
vt 0.032553 0.346669
vt 0.080745 0.345776
vt 0.105246 0.369201
vt 0.081504 0.393828
vt 0.007733 0.274976
vt 0.007603 0.263025
vt 0.031506 0.250764
vt 0.079559 0.249894
vt 0.103909 0.273291
vt 0.080157 0.297797
vt 0.006371 0.179632
vt 0.006136 0.167736
vt 0.029906 0.155318
vt 0.077821 0.154240
vt 0.102282 0.177545
vt 0.078805 0.202056
vt 0.004147 0.084225
vt 0.003835 0.072245
vt 0.027531 0.059648
vt 0.050831 0.035034
vt 0.062745 0.034734
vt 0.075285 0.058450
vt 0.099763 0.081785
vt 0.076612 0.106391
vt 0.152439 0.919676
vt 0.200771 0.919365
vt 0.225623 0.943678
vt 0.201977 0.967887
vt 0.149641 0.823795
vt 0.197803 0.822910
vt 0.222677 0.846585
vt 0.199375 0.870996
vt 0.144929 0.727814
vt 0.193337 0.726662
vt 0.218671 0.750151
vt 0.195776 0.774812
vt 0.139552 0.632179
vt 0.188000 0.630515
vt 0.213630 0.653911
vt 0.190684 0.678543
vt 0.134566 0.536382
vt 0.183162 0.534675
vt 0.208636 0.557891
vt 0.185450 0.582570
vt 0.131048 0.440478
vt 0.179604 0.438894
vt 0.204679 0.462021
vt 0.181204 0.486788
vt 0.129013 0.344561
vt 0.177325 0.343045
vt 0.202000 0.366153
vt 0.178333 0.390977
vt 0.127579 0.248697
vt 0.175580 0.247137
vt 0.200062 0.270214
vt 0.176452 0.295093
vt 0.125616 0.152918
vt 0.173330 0.151237
vt 0.197861 0.174233
vt 0.174576 0.199178
vt 0.122746 0.057074
vt 0.145522 0.032245
vt 0.157284 0.031801
vt 0.170010 0.055346
vt 0.194613 0.078309
vt 0.171801 0.103304
vt 0.249193 0.919435
vt 0.297113 0.919063
vt 0.321938 0.943703
vt 0.298130 0.967864
vt 0.245937 0.822179
vt 0.294208 0.821773
vt 0.319029 0.845671
vt 0.295844 0.870406
vt 0.241528 0.725396
vt 0.289966 0.724606
vt 0.315109 0.748178
vt 0.292220 0.773157
vt 0.236550 0.629112
vt 0.285113 0.627826
vt 0.310496 0.651214
vt 0.287556 0.676157
vt 0.231864 0.533119
vt 0.280512 0.531457
vt 0.305884 0.554670
vt 0.282739 0.579596
vt 0.228197 0.437203
vt 0.276753 0.435329
vt 0.301881 0.458404
vt 0.278504 0.483382
vt 0.225645 0.341248
vt 0.273941 0.339205
vt 0.298748 0.362189
vt 0.275249 0.387276
vt 0.223563 0.245214
vt 0.271524 0.242983
vt 0.296147 0.265879
vt 0.272735 0.291108
vt 0.220989 0.149160
vt 0.268635 0.146738
vt 0.293309 0.169509
vt 0.270193 0.194852
vt 0.217197 0.053174
vt 0.239538 0.027915
vt 0.251312 0.027257
vt 0.264437 0.050590
vt 0.289364 0.073226
vt 0.266742 0.098647
vt 0.345607 0.919412
vt 0.393553 0.918597
vt 0.418541 0.943482
vt 0.394846 0.967954
vt 0.342346 0.821173
vt 0.390315 0.820084
vt 0.415352 0.844606
vt 0.392035 0.869291
vt 0.338166 0.723411
vt 0.386356 0.722097
vt 0.411550 0.746198
vt 0.388412 0.771012
vt 0.333542 0.626301
vt 0.381957 0.624728
vt 0.407289 0.648433
vt 0.384182 0.673339
vt 0.329086 0.529673
vt 0.377613 0.527862
vt 0.402933 0.551261
vt 0.379750 0.576247
vt 0.325261 0.433323
vt 0.373720 0.431269
vt 0.398876 0.454455
vt 0.375595 0.479546
vt 0.322193 0.336997
vt 0.370402 0.334717
vt 0.395317 0.357771
vt 0.371997 0.383002
vt 0.319459 0.240555
vt 0.367373 0.238047
vt 0.392117 0.261016
vt 0.368885 0.286398
vt 0.316290 0.144065
vt 0.363987 0.141311
vt 0.388787 0.164164
vt 0.365771 0.189674
vt 0.311842 0.047746
vt 0.334226 0.022257
vt 0.346154 0.021522
vt 0.359495 0.044827
vt 0.384661 0.067488
vt 0.361928 0.093011
vt 0.441729 0.917727
vt 0.489885 0.916226
vt 0.514775 0.940433
vt 0.491661 0.965747
vt 0.438376 0.818936
vt 0.486385 0.817324
vt 0.511195 0.841378
vt 0.488141 0.866730
vt 0.434542 0.720681
vt 0.482676 0.718926
vt 0.507629 0.742722
vt 0.484565 0.768045
vt 0.430342 0.623058
vt 0.478685 0.621176
vt 0.503829 0.644711
vt 0.480716 0.669972
vt 0.426098 0.525985
vt 0.474550 0.524000
vt 0.499792 0.547333
vt 0.476619 0.572529
vt 0.422131 0.429194
vt 0.470499 0.427128
vt 0.495688 0.450366
vt 0.472498 0.475547
vt 0.418577 0.332456
vt 0.466727 0.330289
vt 0.491743 0.353501
vt 0.468577 0.378716
vt 0.415267 0.235595
vt 0.463156 0.233299
vt 0.488009 0.256514
vt 0.464927 0.281819
vt 0.411742 0.138654
vt 0.459568 0.136243
vt 0.484411 0.159422
vt 0.461385 0.184759
vt 0.407419 0.042030
vt 0.430257 0.016676
vt 0.442349 0.016055
vt 0.455580 0.039516
vt 0.480714 0.062537
vt 0.457657 0.087804
vt 0.538009 0.913901
vt 0.585890 0.911434
vt 0.611202 0.934008
vt 0.588069 0.960716
vt 0.534352 0.815148
vt 0.582217 0.812772
vt 0.607119 0.835795
vt 0.583972 0.862084
vt 0.530784 0.716806
vt 0.578860 0.714504
vt 0.603712 0.737754
vt 0.580536 0.763565
vt 0.527012 0.619078
vt 0.575337 0.616877
vt 0.600369 0.640140
vt 0.577139 0.665606
vt 0.522994 0.521932
vt 0.571453 0.519847
vt 0.596676 0.543070
vt 0.573442 0.568298
vt 0.518866 0.425098
vt 0.567257 0.423145
vt 0.592542 0.446384
vt 0.569382 0.471477
vt 0.514861 0.328266
vt 0.562999 0.326419
vt 0.588164 0.349748
vt 0.565115 0.374802
vt 0.511057 0.231250
vt 0.558982 0.229492
vt 0.583946 0.252946
vt 0.560946 0.277977
vt 0.507464 0.134179
vt 0.555407 0.132506
vt 0.580224 0.156027
vt 0.557136 0.180988
vt 0.503910 0.037423
vt 0.527300 0.012482
vt 0.539450 0.012088
vt 0.552306 0.035796
vt 0.577152 0.059266
vt 0.553801 0.084088
vt 0.633988 0.907904
vt 0.681795 0.904501
vt 0.706961 0.926922
vt 0.684237 0.953206
vt 0.630040 0.810086
vt 0.678169 0.806688
vt 0.702961 0.829528
vt 0.679882 0.855545
vt 0.626882 0.712144
vt 0.675104 0.709326
vt 0.699801 0.732433
vt 0.676590 0.757962
vt 0.623656 0.614682
vt 0.672072 0.612329
vt 0.697046 0.635366
vt 0.673628 0.660775
vt 0.619940 0.517804
vt 0.668489 0.515758
vt 0.693768 0.538759
vt 0.670372 0.563992
vt 0.615678 0.421276
vt 0.664147 0.419462
vt 0.689584 0.442546
vt 0.666404 0.467590
vt 0.611174 0.324736
vt 0.659401 0.323177
vt 0.684762 0.346454
vt 0.661782 0.371336
vt 0.606944 0.228009
vt 0.654943 0.226734
vt 0.680031 0.250230
vt 0.657095 0.274980
vt 0.603377 0.131193
vt 0.651353 0.130167
vt 0.676130 0.153823
vt 0.653016 0.178448
vt 0.600664 0.034601
vt 0.624341 0.010071
vt 0.636423 0.009867
vt 0.648904 0.033736
vt 0.673430 0.057447
vt 0.649975 0.081920
vt 0.729909 0.900655
vt 0.777594 0.897517
vt 0.802629 0.920048
vt 0.780029 0.945649
vt 0.725975 0.803891
vt 0.774158 0.800795
vt 0.798948 0.823556
vt 0.775595 0.849306
vt 0.723286 0.706724
vt 0.771576 0.704188
vt 0.796245 0.727184
vt 0.772841 0.752414
vt 0.720599 0.609913
vt 0.769047 0.607836
vt 0.793981 0.630800
vt 0.770346 0.656004
vt 0.717129 0.513647
vt 0.765746 0.511679
vt 0.791032 0.534630
vt 0.767549 0.559717
vt 0.712675 0.417641
vt 0.761231 0.415840
vt 0.786754 0.438840
vt 0.763624 0.463728
vt 0.707685 0.321672
vt 0.755999 0.320139
vt 0.781514 0.343233
vt 0.758645 0.367988
vt 0.702976 0.225559
vt 0.751039 0.224355
vt 0.776260 0.247627
vt 0.753418 0.272268
vt 0.699312 0.129287
vt 0.747242 0.128413
vt 0.772025 0.151889
vt 0.748960 0.176402
vt 0.696967 0.033042
vt 0.720540 0.008655
vt 0.732494 0.008479
vt 0.744845 0.032340
vt 0.769235 0.055954
vt 0.745884 0.080390
vt 0.825330 0.894700
vt 0.873297 0.892173
vt 0.898091 0.915172
vt 0.875250 0.940187
vt 0.822241 0.798202
vt 0.870241 0.796111
vt 0.894955 0.819126
vt 0.871769 0.844009
vt 0.819851 0.701962
vt 0.868273 0.699872
vt 0.892881 0.723019
vt 0.869186 0.747989
vt 0.817653 0.605662
vt 0.866109 0.603841
vt 0.890908 0.627006
vt 0.867257 0.651863
vt 0.814382 0.509704
vt 0.862970 0.507767
vt 0.888173 0.530801
vt 0.864718 0.555785
vt 0.809772 0.414003
vt 0.858285 0.412010
vt 0.883822 0.434877
vt 0.860813 0.459834
vt 0.804316 0.318491
vt 0.852607 0.316620
vt 0.878209 0.339381
vt 0.855502 0.364277
vt 0.799107 0.223008
vt 0.847162 0.221410
vt 0.872471 0.244253
vt 0.849769 0.269007
vt 0.795148 0.127380
vt 0.843034 0.126098
vt 0.867879 0.149170
vt 0.844903 0.173785
vt 0.792588 0.031491
vt 0.815885 0.006954
vt 0.827779 0.006676
vt 0.840277 0.030404
vt 0.864781 0.053725
vt 0.841533 0.078317
vt 0.921385 0.890044
vt 0.969554 0.888180
vt 0.994472 0.911245
vt 0.994931 0.923209
vt 0.971085 0.936251
vt 0.918432 0.794225
vt 0.966693 0.792623
vt 0.991394 0.815761
vt 0.991742 0.827647
vt 0.967864 0.840467
vt 0.916504 0.698293
vt 0.964743 0.696968
vt 0.989264 0.720399
vt 0.989499 0.732331
vt 0.965622 0.744870
vt 0.914587 0.602083
vt 0.962901 0.600599
vt 0.987534 0.624148
vt 0.987762 0.636242
vt 0.963940 0.648828
vt 0.911458 0.505835
vt 0.959766 0.503877
vt 0.984795 0.527153
vt 0.985228 0.539292
vt 0.961532 0.552265
vt 0.906687 0.409849
vt 0.954934 0.407402
vt 0.980338 0.430178
vt 0.980984 0.442266
vt 0.957555 0.455555
vt 0.900831 0.314435
vt 0.948960 0.311842
vt 0.974517 0.334152
vt 0.975286 0.346079
vt 0.952017 0.359488
vt 0.895191 0.219495
vt 0.943201 0.217226
vt 0.968550 0.239466
vt 0.969252 0.251242
vt 0.945959 0.264447
vt 0.890935 0.124554
vt 0.938889 0.122819
vt 0.963818 0.145478
vt 0.964315 0.157234
vt 0.940827 0.170061
vt 0.888028 0.029074
vt 0.911254 0.004349
vt 0.923234 0.003987
vt 0.935930 0.027628
vt 0.960640 0.050825
vt 0.960987 0.062736
vt 0.937321 0.075375
vt 0.033153 0.993406
vt 0.032997 0.981390
vt 0.080571 0.944665
vt 0.031190 0.897766
vt 0.030991 0.885965
vt 0.078070 0.849196
vt 0.028140 0.803495
vt 0.027580 0.791694
vt 0.074014 0.754299
vt 0.023060 0.709032
vt 0.022367 0.697180
vt 0.068355 0.658940
vt 0.017394 0.613557
vt 0.016704 0.601502
vt 0.062986 0.563102
vt 0.012540 0.516760
vt 0.012074 0.504618
vt 0.059063 0.466715
vt 0.009606 0.419557
vt 0.009371 0.407430
vt 0.056962 0.370313
vt 0.008227 0.322922
vt 0.008103 0.310910
vt 0.055827 0.274297
vt 0.007156 0.227243
vt 0.006982 0.215335
vt 0.054385 0.178684
vt 0.005342 0.132003
vt 0.005054 0.120079
vt 0.052088 0.083037
vt 0.130127 0.992399
vt 0.177220 0.943666
vt 0.127914 0.896150
vt 0.174655 0.847401
vt 0.124392 0.800261
vt 0.170383 0.751198
vt 0.119543 0.704806
vt 0.165072 0.655216
vt 0.113956 0.609119
vt 0.159977 0.559475
vt 0.109220 0.513205
vt 0.156070 0.463686
vt 0.106190 0.417202
vt 0.153611 0.367815
vt 0.104539 0.321226
vt 0.151985 0.271932
vt 0.103197 0.225399
vt 0.150103 0.176080
vt 0.101121 0.129689
vt 0.147243 0.080248
vt 0.226166 0.991833
vt 0.273604 0.943486
vt 0.224297 0.895092
vt 0.271104 0.846444
vt 0.220834 0.798315
vt 0.266930 0.749202
vt 0.216223 0.702015
vt 0.262018 0.652463
vt 0.211051 0.605870
vt 0.257248 0.556229
vt 0.206493 0.509948
vt 0.253284 0.460245
vt 0.203195 0.414093
vt 0.250389 0.364258
vt 0.201001 0.318190
vt 0.248117 0.268168
vt 0.199054 0.222222
vt 0.245588 0.172018
vt 0.196391 0.126266
vt 0.241957 0.075936
vt 0.322965 0.992864
vt 0.370150 0.943585
vt 0.320607 0.894616
vt 0.367282 0.845379
vt 0.317192 0.796859
vt 0.363413 0.747396
vt 0.312850 0.699629
vt 0.358949 0.649965
vt 0.308146 0.602898
vt 0.354451 0.553047
vt 0.303778 0.506516
vt 0.350413 0.456469
vt 0.300210 0.410302
vt 0.347054 0.359999
vt 0.297424 0.314050
vt 0.344144 0.263453
vt 0.294813 0.217691
vt 0.341037 0.166835
vt 0.291525 0.121346
vt 0.336917 0.070346
vt 0.419844 0.992956
vt 0.466670 0.942269
vt 0.417031 0.894011
vt 0.463294 0.843195
vt 0.413520 0.795324
vt 0.459609 0.744604
vt 0.409461 0.697234
vt 0.455574 0.646665
vt 0.405095 0.599783
vt 0.451373 0.549344
vt 0.400849 0.502830
vt 0.447290 0.452408
vt 0.397034 0.406111
vt 0.443540 0.355582
vt 0.393694 0.309408
vt 0.440067 0.258676
vt 0.390508 0.212594
vt 0.436572 0.161650
vt 0.386866 0.115775
vt 0.432608 0.064839
vt 0.516729 0.989967
vt 0.562946 0.937577
vt 0.512949 0.890881
vt 0.559078 0.838974
vt 0.509434 0.791976
vt 0.555626 0.740489
vt 0.505765 0.693635
vt 0.552073 0.642557
vt 0.501830 0.595951
vt 0.548212 0.545250
vt 0.497737 0.498820
vt 0.544095 0.448359
vt 0.493685 0.401937
vt 0.539941 0.351559
vt 0.489854 0.305031
vt 0.535965 0.254597
vt 0.486205 0.207965
vt 0.532299 0.157545
vt 0.482598 0.110924
vt 0.528923 0.060679
vt 0.613628 0.983246
vt 0.659013 0.930709
vt 0.609043 0.884886
vt 0.654889 0.832948
vt 0.605369 0.786739
vt 0.651786 0.735008
vt 0.602069 0.688879
vt 0.648734 0.637624
vt 0.598578 0.591542
vt 0.645213 0.540835
vt 0.594658 0.494698
vt 0.641044 0.444426
vt 0.590361 0.398080
vt 0.636436 0.348056
vt 0.586012 0.301374
vt 0.631967 0.251518
vt 0.582009 0.204489
vt 0.628170 0.154822
vt 0.578602 0.107604
vt 0.625340 0.058231
vt 0.709637 0.975461
vt 0.754978 0.923142
vt 0.704882 0.878119
vt 0.750762 0.826630
vt 0.701268 0.780999
vt 0.748102 0.729541
vt 0.698437 0.683863
vt 0.745532 0.632945
vt 0.695508 0.586994
vt 0.742369 0.536720
vt 0.691789 0.490622
vt 0.738148 0.440733
vt 0.687210 0.394508
vt 0.733126 0.344884
vt 0.682336 0.298364
vt 0.728135 0.248971
vt 0.677942 0.202044
vt 0.724080 0.152897
vt 0.674620 0.105617
vt 0.721394 0.056743
vt 0.804930 0.968356
vt 0.850257 0.917429
vt 0.800453 0.871989
vt 0.846984 0.821095
vt 0.797538 0.775311
vt 0.844540 0.724950
vt 0.795116 0.678999
vt 0.842512 0.628731
vt 0.792661 0.582667
vt 0.839600 0.532738
vt 0.789054 0.486698
vt 0.835320 0.436926
vt 0.784207 0.391025
vt 0.829889 0.341431
vt 0.778816 0.295440
vt 0.824378 0.246084
vt 0.773967 0.199776
vt 0.819959 0.150664
vt 0.770458 0.103949
vt 0.817005 0.054970
vt 0.900137 0.963120
vt 0.946163 0.913173
vt 0.896585 0.866980
vt 0.943097 0.817374
vt 0.893809 0.771083
vt 0.941061 0.721576
vt 0.891913 0.675052
vt 0.939322 0.625397
vt 0.889720 0.578886
vt 0.936573 0.528979
vt 0.886201 0.482796
vt 0.932177 0.432661
vt 0.881113 0.387072
vt 0.926431 0.336986
vt 0.875263 0.291786
vt 0.920524 0.242066
vt 0.869980 0.196732
vt 0.915814 0.147411
vt 0.866176 0.101513
vt 0.912639 0.052286
vt 0.117910 0.992397
vt 0.002916 0.036227
vt 0.014929 0.035925
vt 0.098339 0.033777
vt 0.214173 0.991815
vt 0.110160 0.033425
vt 0.192528 0.030307
vt 0.310786 0.992616
vt 0.204271 0.029749
vt 0.286732 0.025173
vt 0.407677 0.992946
vt 0.298574 0.024452
vt 0.382076 0.019365
vt 0.504624 0.990488
vt 0.394091 0.018667
vt 0.478709 0.014347
vt 0.601648 0.983891
vt 0.490850 0.013835
vt 0.575884 0.011077
vt 0.697741 0.976384
vt 0.588012 0.010794
vt 0.672574 0.009325
vt 0.793108 0.969006
vt 0.684589 0.009156
vt 0.768280 0.007903
vt 0.888076 0.963727
vt 0.780189 0.007688
vt 0.863490 0.005750
vt 0.992786 0.863440
vt 0.993147 0.875395
vt 0.996237 0.959249
vt 0.984063 0.959781
vt 0.990232 0.768123
vt 0.990457 0.780067
vt 0.988484 0.672358
vt 0.988678 0.684389
vt 0.986339 0.575727
vt 0.986671 0.587841
vt 0.982788 0.478596
vt 0.983329 0.490731
vt 0.977540 0.382004
vt 0.978265 0.394022
vt 0.971455 0.286657
vt 0.972214 0.298499
vt 0.965971 0.192463
vt 0.966577 0.204205
vt 0.962087 0.098320
vt 0.962486 0.110136
vt 0.875411 0.005412
vt 0.959249 0.002916
vt 0.959601 0.014928
s 1
f 1686/1 446/2 1683/3 1682/4
f 1691/5 451/6 1688/7 1687/8
f 1696/9 456/10 1693/11 1692/12
f 1701/13 461/14 1698/15 1697/16
f 1706/17 466/18 1703/19 1702/20
f 1711/21 471/22 1708/23 1707/24
f 1716/25 476/26 1713/27 1712/28
f 1721/29 481/30 1718/31 1717/32
f 1726/33 486/34 1723/35 1722/36
f 1731/37 491/38 1728/39 1727/40
f 1736/41 496/42 1733/43 1732/44
f 1741/45 501/46 1738/47 1737/48
f 1746/49 506/50 1743/51 1742/52
f 1751/53 511/54 1748/55 1747/56
f 1756/57 516/58 1753/59 1752/60
f 1761/61 521/62 1758/63 1757/64
f 1766/65 526/66 1763/67 1762/68
f 1771/69 531/70 1768/71 1767/72
f 1776/73 536/74 1773/75 1772/76
f 1781/77 541/78 1778/79 1777/80
f 1786/81 546/82 1783/83 1782/84
f 1791/85 551/86 1788/87 1787/88
f 1796/89 556/90 1793/91 1792/92
f 1801/93 561/94 1798/95 1797/96
f 1806/97 566/98 1803/99 1802/100
f 1811/101 571/102 1808/103 1807/104
f 1816/105 576/106 1813/107 1812/108
f 1821/109 581/110 1818/111 1817/112
f 1826/113 586/114 1823/115 1822/116
f 1831/117 591/118 1828/119 1827/120
f 1836/121 596/122 1833/123 1832/124
f 1841/125 601/126 1838/127 1837/128
f 1846/129 606/130 1843/131 1842/132
f 1851/133 611/134 1848/135 1847/136
f 1856/137 616/138 1853/139 1852/140
f 1861/141 621/142 1858/143 1857/144
f 1866/145 626/146 1863/147 1862/148
f 1871/149 631/150 1868/151 1867/152
f 1876/153 636/154 1873/155 1872/156
f 1881/157 641/158 1878/159 1877/160
f 1886/161 646/162 1883/163 1882/164
f 1891/165 651/166 1888/167 1887/168
f 1896/169 656/170 1893/171 1892/172
f 1901/173 661/174 1898/175 1897/176
f 1906/177 666/178 1903/179 1902/180
f 1911/181 671/182 1908/183 1907/184
f 1916/185 676/186 1913/187 1912/188
f 1921/189 681/190 1918/191 1917/192
f 1926/193 686/194 1923/195 1922/196
f 1931/197 691/198 1928/199 1927/200
f 1936/201 696/202 1933/203 1932/204
f 1941/205 701/206 1938/207 1937/208
f 1946/209 706/210 1943/211 1942/212
f 1951/213 711/214 1948/215 1947/216
f 1956/217 716/218 1953/219 1952/220
f 1961/221 721/222 1958/223 1957/224
f 1966/225 726/226 1963/227 1962/228
f 1971/229 731/230 1968/231 1967/232
f 1976/233 736/234 1973/235 1972/236
f 1981/237 741/238 1978/239 1977/240
f 1986/241 746/242 1983/243 1982/244
f 1991/245 751/246 1988/247 1987/248
f 1996/249 756/250 1993/251 1992/252
f 2001/253 761/254 1998/255 1997/256
f 2006/257 766/258 2003/259 2002/260
f 2011/261 771/262 2008/263 2007/264
f 2016/265 776/266 2013/267 2012/268
f 2021/269 781/270 2018/271 2017/272
f 2026/273 786/274 2023/275 2022/276
f 2031/277 791/278 2028/279 2027/280
f 2036/281 796/282 2033/283 2032/284
f 2041/285 801/286 2038/287 2037/288
f 2046/289 806/290 2043/291 2042/292
f 2051/293 811/294 2048/295 2047/296
f 2056/297 816/298 2053/299 2052/300
f 2061/301 821/302 2058/303 2057/304
f 2066/305 826/306 2063/307 2062/308
f 2071/309 831/310 2068/311 2067/312
f 2076/313 836/314 2073/315 2072/316
f 2081/317 841/318 2078/319 2077/320
f 2086/321 846/322 2083/323 2082/324
f 2091/325 851/326 2088/327 2087/328
f 2096/329 856/330 2093/331 2092/332
f 2101/333 861/334 2098/335 2097/336
f 2106/337 866/338 2103/339 2102/340
f 2111/341 871/342 2108/343 2107/344
f 2116/345 876/346 2113/347 2112/348
f 2121/349 881/350 2118/351 2117/352
f 2126/353 886/354 2123/355 2122/356
f 2131/357 891/358 2128/359 2127/360
f 2136/361 896/362 2133/363 2132/364
f 2141/365 901/366 2138/367 2137/368
f 2146/369 906/370 2143/371 2142/372
f 2151/373 911/374 2148/375 2147/376
f 2156/377 916/378 2153/379 2152/380
f 2161/381 921/382 2158/383 2157/384
f 2166/385 926/386 2163/387 2162/388
f 2171/389 931/390 2168/391 2167/392
f 2176/393 936/394 2173/395 2172/396
f 2181/397 941/398 2178/399 2177/400
f 2186/401 445/402 2183/403 2182/404
f 2191/405 944/406 2188/407 2187/408
f 2196/409 948/410 2193/411 2192/412
f 2201/413 450/414 2198/415 2197/416
f 2206/417 953/418 2203/419 2202/420
f 2211/421 957/422 2208/423 2207/424
f 2216/425 455/426 2213/427 2212/428
f 2221/429 961/430 2218/431 2217/432
f 2226/433 965/434 2223/435 2222/436
f 2231/437 460/438 2228/439 2227/440
f 2236/441 969/442 2233/443 2232/444
f 2241/445 973/446 2238/447 2237/448
f 2246/449 465/450 2243/451 2242/452
f 2251/453 977/454 2248/455 2247/456
f 2256/457 981/458 2253/459 2252/460
f 2261/461 470/462 2258/463 2257/464
f 2266/465 985/466 2263/467 2262/468
f 2271/469 989/470 2268/471 2267/472
f 2276/473 475/474 2273/475 2272/476
f 2281/477 993/478 2278/479 2277/480
f 2286/481 997/482 2283/483 2282/484
f 2291/485 480/486 2288/487 2287/488
f 2296/489 1001/490 2293/491 2292/492
f 2301/493 1005/494 2298/495 2297/496
f 2306/497 485/498 2303/499 2302/500
f 2311/501 1009/502 2308/503 2307/504
f 2316/505 1013/506 2313/507 2312/508
f 2321/509 490/510 2318/511 2317/512
f 2326/513 1018/514 2323/515 2322/516
f 2331/517 1022/518 2328/519 2327/520
f 2336/521 495/522 2333/523 2332/524
f 2341/525 1025/526 2338/527 2337/528
f 2346/529 1029/530 2343/531 2342/532
f 2351/533 500/534 2348/535 2347/536
f 2356/537 1033/538 2353/539 2352/540
f 2361/541 1037/542 2358/543 2357/544
f 2366/545 505/546 2363/547 2362/548
f 2371/549 1040/550 2368/551 2367/552
f 2376/553 1044/554 2373/555 2372/556
f 2381/557 510/558 2378/559 2377/560
f 2386/561 1047/562 2383/563 2382/564
f 2391/565 1051/566 2388/567 2387/568
f 2396/569 515/570 2393/571 2392/572
f 2401/573 1054/574 2398/575 2397/576
f 2406/577 1058/578 2403/579 2402/580
f 2411/581 520/582 2408/583 2407/584
f 2416/585 1061/586 2413/587 2412/588
f 2421/589 1065/590 2418/591 2417/592
f 2426/593 525/594 2423/595 2422/596
f 2431/597 1068/598 2428/599 2427/600
f 2436/601 1072/602 2433/603 2432/604
f 2441/605 530/606 2438/607 2437/608
f 2446/609 1075/610 2443/611 2442/612
f 2451/613 1079/614 2448/615 2447/616
f 2456/617 535/618 2453/619 2452/620
f 2461/621 1082/622 2458/623 2457/624
f 2466/625 1086/626 2463/627 2462/628
f 2471/629 540/630 2468/631 2467/632
f 2476/633 1090/634 2473/635 2472/636
f 2481/637 1094/638 2478/639 2477/640
f 2486/641 545/642 2483/643 2482/644
f 2491/645 1097/646 2488/647 2487/648
f 2496/649 1101/650 2493/651 2492/652
f 2501/653 550/654 2498/655 2497/656
f 2506/657 1105/658 2503/659 2502/660
f 2511/661 1109/662 2508/663 2507/664
f 2516/665 555/666 2513/667 2512/668
f 2521/669 1112/670 2518/671 2517/672
f 2526/673 1116/674 2523/675 2522/676
f 2531/677 560/678 2528/679 2527/680
f 2536/681 1119/682 2533/683 2532/684
f 2541/685 1123/686 2538/687 2537/688
f 2546/689 565/690 2543/691 2542/692
f 2551/693 1126/694 2548/695 2547/696
f 2556/697 1130/698 2553/699 2552/700
f 2561/701 570/702 2558/703 2557/704
f 2566/705 1133/706 2563/707 2562/708
f 2571/709 1137/710 2568/711 2567/712
f 2576/713 575/714 2573/715 2572/716
f 2581/717 1140/718 2578/719 2577/720
f 2586/721 1144/722 2583/723 2582/724
f 2591/725 580/726 2588/727 2587/728
f 2596/729 1147/730 2593/731 2592/732
f 2601/733 1151/734 2598/735 2597/736
f 2606/737 585/738 2603/739 2602/740
f 2611/741 1154/742 2608/743 2607/744
f 2616/745 1158/746 2613/747 2612/748
f 2621/749 590/750 2618/751 2617/752
f 2626/753 1162/754 2623/755 2622/756
f 2631/757 1166/758 2628/759 2627/760
f 2636/761 595/762 2633/763 2632/764
f 2641/765 1169/766 2638/767 2637/768
f 2646/769 1173/770 2643/771 2642/772
f 2651/773 600/774 2648/775 2647/776
f 2656/777 1177/778 2653/779 2652/780
f 2661/781 1181/782 2658/783 2657/784
f 2666/785 605/786 2663/787 2662/788
f 2671/789 1184/790 2668/791 2667/792
f 2676/793 1188/794 2673/795 2672/796
f 2681/797 610/798 2678/799 2677/800
f 2686/801 1191/802 2683/803 2682/804
f 2691/805 1195/806 2688/807 2687/808
f 2696/809 615/810 2693/811 2692/812
f 2701/813 1198/814 2698/815 2697/816
f 2706/817 1202/818 2703/819 2702/820
f 2711/821 620/822 2708/823 2707/824
f 2716/825 1205/826 2713/827 2712/828
f 2721/829 1209/830 2718/831 2717/832
f 2726/833 625/834 2723/835 2722/836
f 2731/837 1212/838 2728/839 2727/840
f 2736/841 1216/842 2733/843 2732/844
f 2741/845 630/846 2738/847 2737/848
f 2746/849 1219/850 2743/851 2742/852
f 2751/853 1223/854 2748/855 2747/856
f 2756/857 635/858 2753/859 2752/860
f 2761/861 1226/862 2758/863 2757/864
f 2766/865 1230/866 2763/867 2762/868
f 2771/869 640/870 2768/871 2767/872
f 2776/873 1234/874 2773/875 2772/876
f 2781/877 1238/878 2778/879 2777/880
f 2786/881 645/882 2783/883 2782/884
f 2791/885 1241/886 2788/887 2787/888
f 2796/889 1245/890 2793/891 2792/892
f 2801/893 650/894 2798/895 2797/896
f 2806/897 1249/898 2803/899 2802/900
f 2811/901 1253/902 2808/903 2807/904
f 2816/905 655/906 2813/907 2812/908
f 2821/909 1256/910 2818/911 2817/912
f 2826/913 1260/914 2823/915 2822/916
f 2831/917 660/918 2828/919 2827/920
f 2836/921 1263/922 2833/923 2832/924
f 2841/925 1267/926 2838/927 2837/928
f 2846/929 665/930 2843/931 2842/932
f 2851/933 1270/934 2848/935 2847/936
f 2856/937 1274/938 2853/939 2852/940
f 2861/941 670/942 2858/943 2857/944
f 2866/945 1277/946 2863/947 2862/948
f 2871/949 1281/950 2868/951 2867/952
f 2876/953 675/954 2873/955 2872/956
f 2881/957 1284/958 2878/959 2877/960
f 2886/961 1288/962 2883/963 2882/964
f 2891/965 680/966 2888/967 2887/968
f 2896/969 1291/970 2893/971 2892/972
f 2901/973 1295/974 2898/975 2897/976
f 2906/977 685/978 2903/979 2902/980
f 2911/981 1298/982 2908/983 2907/984
f 2916/985 1302/986 2913/987 2912/988
f 2921/989 690/990 2918/991 2917/992
f 2926/993 1306/994 2923/995 2922/996
f 2931/997 1310/998 2928/999 2927/1000
f 2936/1001 695/1002 2933/1003 2932/1004
f 2941/1005 1313/1006 2938/1007 2937/1008
f 2946/1009 1317/1010 2943/1011 2942/1012
f 2951/1013 700/1014 2948/1015 2947/1016
f 2956/1017 1321/1018 2953/1019 2952/1020
f 2961/1021 1325/1022 2958/1023 2957/1024
f 2966/1025 705/1026 2963/1027 2962/1028
f 2971/1029 1328/1030 2968/1031 2967/1032
f 2976/1033 1332/1034 2973/1035 2972/1036
f 2981/1037 710/1038 2978/1039 2977/1040
f 2986/1041 1335/1042 2983/1043 2982/1044
f 2991/1045 1339/1046 2988/1047 2987/1048
f 2996/1049 715/1050 2993/1051 2992/1052
f 3001/1053 1342/1054 2998/1055 2997/1056
f 3006/1057 1346/1058 3003/1059 3002/1060
f 3011/1061 720/1062 3008/1063 3007/1064
f 3016/1065 1349/1066 3013/1067 3012/1068
f 3021/1069 1353/1070 3018/1071 3017/1072
f 3026/1073 725/1074 3023/1075 3022/1076
f 3031/1077 1356/1078 3028/1079 3027/1080
f 3036/1081 1360/1082 3033/1083 3032/1084
f 3041/1085 730/1086 3038/1087 3037/1088
f 3046/1089 1363/1090 3043/1091 3042/1092
f 3051/1093 1367/1094 3048/1095 3047/1096
f 3056/1097 735/1098 3053/1099 3052/1100
f 3061/1101 1370/1102 3058/1103 3057/1104
f 3066/1105 1374/1106 3063/1107 3062/1108
f 3071/1109 740/1110 3068/1111 3067/1112
f 3076/1113 1378/1114 3073/1115 3072/1116
f 3081/1117 1382/1118 3078/1119 3077/1120
f 3086/1121 745/1122 3083/1123 3082/1124
f 3091/1125 1385/1126 3088/1127 3087/1128
f 3096/1129 1389/1130 3093/1131 3092/1132
f 3101/1133 750/1134 3098/1135 3097/1136
f 3106/1137 1393/1138 3103/1139 3102/1140
f 3111/1141 1397/1142 3108/1143 3107/1144
f 3116/1145 755/1146 3113/1147 3112/1148
f 3121/1149 1400/1150 3118/1151 3117/1152
f 3126/1153 1404/1154 3123/1155 3122/1156
f 3131/1157 760/1158 3128/1159 3127/1160
f 3136/1161 1407/1162 3133/1163 3132/1164
f 3141/1165 1411/1166 3138/1167 3137/1168
f 3146/1169 765/1170 3143/1171 3142/1172
f 3151/1173 1414/1174 3148/1175 3147/1176
f 3156/1177 1418/1178 3153/1179 3152/1180
f 3161/1181 770/1182 3158/1183 3157/1184
f 3166/1185 1421/1186 3163/1187 3162/1188
f 3171/1189 1425/1190 3168/1191 3167/1192
f 3176/1193 775/1194 3173/1195 3172/1196
f 3181/1197 1428/1198 3178/1199 3177/1200
f 3186/1201 1432/1202 3183/1203 3182/1204
f 3191/1205 780/1206 3188/1207 3187/1208
f 3196/1209 1435/1210 3193/1211 3192/1212
f 3201/1213 1439/1214 3198/1215 3197/1216
f 3206/1217 785/1218 3203/1219 3202/1220
f 3211/1221 1442/1222 3208/1223 3207/1224
f 3216/1225 1446/1226 3213/1227 3212/1228
f 3221/1229 790/1230 3218/1231 3217/1232
f 3226/1233 1450/1234 3223/1235 3222/1236
f 3231/1237 1454/1238 3228/1239 3227/1240
f 3236/1241 795/1242 3233/1243 3232/1244
f 3241/1245 1457/1246 3238/1247 3237/1248
f 3246/1249 1461/1250 3243/1251 3242/1252
f 3251/1253 800/1254 3248/1255 3247/1256
f 3256/1257 1465/1258 3253/1259 3252/1260
f 3261/1261 1469/1262 3258/1263 3257/1264
f 3266/1265 805/1266 3263/1267 3262/1268
f 3271/1269 1472/1270 3268/1271 3267/1272
f 3276/1273 1476/1274 3273/1275 3272/1276
f 3281/1277 810/1278 3278/1279 3277/1280
f 3286/1281 1479/1282 3283/1283 3282/1284
f 3291/1285 1483/1286 3288/1287 3287/1288
f 3296/1289 815/1290 3293/1291 3292/1292
f 3301/1293 1486/1294 3298/1295 3297/1296
f 3306/1297 1490/1298 3303/1299 3302/1300
f 3311/1301 820/1302 3308/1303 3307/1304
f 3316/1305 1493/1306 3313/1307 3312/1308
f 3321/1309 1497/1310 3318/1311 3317/1312
f 3326/1313 825/1314 3323/1315 3322/1316
f 3331/1317 1500/1318 3328/1319 3327/1320
f 3336/1321 1504/1322 3333/1323 3332/1324
f 3341/1325 830/1326 3338/1327 3337/1328
f 3346/1329 1507/1330 3343/1331 3342/1332
f 3351/1333 1511/1334 3348/1335 3347/1336
f 3356/1337 835/1338 3353/1339 3352/1340
f 3361/1341 1514/1342 3358/1343 3357/1344
f 3366/1345 1518/1346 3363/1347 3362/1348
f 3371/1349 840/1350 3368/1351 3367/1352
f 3376/1353 1522/1354 3373/1355 3372/1356
f 3381/1357 1526/1358 3378/1359 3377/1360
f 3386/1361 845/1362 3383/1363 3382/1364
f 3391/1365 1529/1366 3388/1367 3387/1368
f 3396/1369 1533/1370 3393/1371 3392/1372
f 3401/1373 850/1374 3398/1375 3397/1376
f 3406/1377 1537/1378 3403/1379 3402/1380
f 3411/1381 1541/1382 3408/1383 3407/1384
f 3416/1385 855/1386 3413/1387 3412/1388
f 3421/1389 1544/1390 3418/1391 3417/1392
f 3426/1393 1548/1394 3423/1395 3422/1396
f 3431/1397 860/1398 3428/1399 3427/1400
f 3436/1401 1551/1402 3433/1403 3432/1404
f 3441/1405 1555/1406 3438/1407 3437/1408
f 3446/1409 865/1410 3443/1411 3442/1412
f 3451/1413 1558/1414 3448/1415 3447/1416
f 3456/1417 1562/1418 3453/1419 3452/1420
f 3461/1421 870/1422 3458/1423 3457/1424
f 3466/1425 1565/1426 3463/1427 3462/1428
f 3471/1429 1569/1430 3468/1431 3467/1432
f 3476/1433 875/1434 3473/1435 3472/1436
f 3481/1437 1572/1438 3478/1439 3477/1440
f 3486/1441 1576/1442 3483/1443 3482/1444
f 3491/1445 880/1446 3488/1447 3487/1448
f 3496/1449 1579/1450 3493/1451 3492/1452
f 3501/1453 1583/1454 3498/1455 3497/1456
f 3506/1457 885/1458 3503/1459 3502/1460
f 3511/1461 1586/1462 3508/1463 3507/1464
f 3516/1465 1590/1466 3513/1467 3512/1468
f 3521/1469 890/1470 3518/1471 3517/1472
f 3526/1473 1594/1474 3523/1475 3522/1476
f 3531/1477 1598/1478 3528/1479 3527/1480
f 3536/1481 895/1482 3533/1483 3532/1484
f 3541/1485 1601/1486 3538/1487 3537/1488
f 3546/1489 1605/1490 3543/1491 3542/1492
f 3551/1493 900/1494 3548/1495 3547/1496
f 3556/1497 1610/1498 3553/1499 3552/1500
f 3561/1501 1614/1502 3558/1503 3557/1504
f 3566/1505 905/1506 3563/1507 3562/1508
f 3571/1509 1618/1510 3568/1511 3567/1512
f 3576/1513 1622/1514 3573/1515 3572/1516
f 3581/1517 910/1518 3578/1519 3577/1520
f 3586/1521 1626/1522 3583/1523 3582/1524
f 3591/1525 1630/1526 3588/1527 3587/1528
f 3596/1529 915/1530 3593/1531 3592/1532
f 3601/1533 1634/1534 3598/1535 3597/1536
f 3606/1537 1638/1538 3603/1539 3602/1540
f 3611/1541 920/1542 3608/1543 3607/1544
f 3616/1545 1642/1546 3613/1547 3612/1548
f 3621/1549 1646/1550 3618/1551 3617/1552
f 3626/1553 925/1554 3623/1555 3622/1556
f 3631/1557 1650/1558 3628/1559 3627/1560
f 3636/1561 1654/1562 3633/1563 3632/1564
f 3641/1565 930/1566 3638/1567 3637/1568
f 3646/1569 1658/1570 3643/1571 3642/1572
f 3651/1573 1662/1574 3648/1575 3647/1576
f 3656/1577 935/1578 3653/1579 3652/1580
f 3661/1581 1666/1582 3658/1583 3657/1584
f 3666/1585 1670/1586 3663/1587 3662/1588
f 3671/1589 940/1590 3668/1591 3667/1592
f 3676/1593 1675/1594 3673/1595 3672/1596
f 3681/1597 1679/1598 3678/1599 3677/1600
f 1685/1601 443/1602 3683/1603 3682/1604
f 3685/1605 444/1606 3687/1607 3686/1608
f 3688/1609 445/402 3690/1610 3689/1611
f 1690/1612 448/1613 3693/1614 3692/1615
f 3695/1616 449/1617 3697/1618 3696/1619
f 3698/1620 450/414 3700/1621 3699/1622
f 1695/1623 453/1624 3703/1625 3702/1626
f 3705/1627 454/1628 3707/1629 3706/1630
f 3708/1631 455/426 3710/1632 3709/1633
f 1700/1634 458/1635 3713/1636 3712/1637
f 3715/1638 459/1639 3717/1640 3716/1641
f 3718/1642 460/438 3720/1643 3719/1644
f 1705/1645 463/1646 3723/1647 3722/1648
f 3725/1649 464/1650 3727/1651 3726/1652
f 3728/1653 465/450 3730/1654 3729/1655
f 1710/1656 468/1657 3733/1658 3732/1659
f 3735/1660 469/1661 3737/1662 3736/1663
f 3738/1664 470/462 3740/1665 3739/1666
f 1715/1667 473/1668 3743/1669 3742/1670
f 3745/1671 474/1672 3747/1673 3746/1674
f 3748/1675 475/474 3750/1676 3749/1677
f 1720/1678 478/1679 3753/1680 3752/1681
f 3755/1682 479/1683 3757/1684 3756/1685
f 3758/1686 480/486 3760/1687 3759/1688
f 1725/1689 483/1690 3763/1691 3762/1692
f 3765/1693 484/1694 3767/1695 3766/1696
f 3768/1697 485/498 3770/1698 3769/1699
f 1730/1700 488/1701 3773/1702 3772/1703
f 3775/1704 489/1705 3777/1706 3776/1707
f 3778/1708 490/510 3780/1709 3779/1710
f 1735/1711 493/1712 3783/1713 3782/1714
f 3785/1715 494/1716 2194/1717 3786/1718
f 3787/1719 495/522 3789/1720 3788/1721
f 1740/1722 498/1723 3792/1724 3791/1725
f 3794/1726 499/1727 2209/1728 3795/1729
f 3796/1730 500/534 3798/1731 3797/1732
f 1745/1733 503/1734 3801/1735 3800/1736
f 3803/1737 504/1738 2224/1739 3804/1740
f 3805/1741 505/546 3807/1742 3806/1743
f 1750/1744 508/1745 3810/1746 3809/1747
f 3812/1748 509/1749 2239/1750 3813/1751
f 3814/1752 510/558 3816/1753 3815/1754
f 1755/1755 513/1756 3819/1757 3818/1758
f 3821/1759 514/1760 2254/1761 3822/1762
f 3823/1763 515/570 3825/1764 3824/1765
f 1760/1766 518/1767 3828/1768 3827/1769
f 3830/1770 519/1771 2269/1772 3831/1773
f 3832/1774 520/582 3834/1775 3833/1776
f 1765/1777 523/1778 3837/1779 3836/1780
f 3839/1781 524/1782 2284/1783 3840/1784
f 3841/1785 525/594 3843/1786 3842/1787
f 1770/1788 528/1789 3846/1790 3845/1791
f 3848/1792 529/1793 2299/1794 3849/1795
f 3850/1796 530/606 3852/1797 3851/1798
f 1775/1799 533/1800 3855/1801 3854/1802
f 3857/1803 534/1804 2314/1805 3858/1806
f 3859/1807 535/618 3861/1808 3860/1809
f 1780/1810 538/1811 3864/1812 3863/1813
f 3866/1814 539/1815 2329/1816 3867/1817
f 3868/1818 540/630 3870/1819 3869/1820
f 1785/1821 543/1822 3873/1823 3872/1824
f 3875/1825 544/1826 2344/1827 3876/1828
f 3877/1829 545/642 3879/1830 3878/1831
f 1790/1832 548/1833 3882/1834 3881/1835
f 3884/1836 549/1837 2359/1838 3885/1839
f 3886/1840 550/654 3888/1841 3887/1842
f 1795/1843 553/1844 3891/1845 3890/1846
f 3893/1847 554/1848 2374/1849 3894/1850
f 3895/1851 555/666 3897/1852 3896/1853
f 1800/1854 558/1855 3900/1856 3899/1857
f 3902/1858 559/1859 2389/1860 3903/1861
f 3904/1862 560/678 3906/1863 3905/1864
f 1805/1865 563/1866 3909/1867 3908/1868
f 3911/1869 564/1870 2404/1871 3912/1872
f 3913/1873 565/690 3915/1874 3914/1875
f 1810/1876 568/1877 3918/1878 3917/1879
f 3920/1880 569/1881 2419/1882 3921/1883
f 3922/1884 570/702 3924/1885 3923/1886
f 1815/1887 573/1888 3927/1889 3926/1890
f 3929/1891 574/1892 2434/1893 3930/1894
f 3931/1895 575/714 3933/1896 3932/1897
f 1820/1898 578/1899 3936/1900 3935/1901
f 3938/1902 579/1903 2449/1904 3939/1905
f 3940/1906 580/726 3942/1907 3941/1908
f 1825/1909 583/1910 3945/1911 3944/1912
f 3947/1913 584/1914 2464/1915 3948/1916
f 3949/1917 585/738 3951/1918 3950/1919
f 1830/1920 588/1921 3954/1922 3953/1923
f 3956/1924 589/1925 2479/1926 3957/1927
f 3958/1928 590/750 3960/1929 3959/1930
f 1835/1931 593/1932 3963/1933 3962/1934
f 3965/1935 594/1936 2494/1937 3966/1938
f 3967/1939 595/762 3969/1940 3968/1941
f 1840/1942 598/1943 3972/1944 3971/1945
f 3974/1946 599/1947 2509/1948 3975/1949
f 3976/1950 600/774 3978/1951 3977/1952
f 1845/1953 603/1954 3981/1955 3980/1956
f 3983/1957 604/1958 2524/1959 3984/1960
f 3985/1961 605/786 3987/1962 3986/1963
f 1850/1964 608/1965 3990/1966 3989/1967
f 3992/1968 609/1969 2539/1970 3993/1971
f 3994/1972 610/798 3996/1973 3995/1974
f 1855/1975 613/1976 3999/1977 3998/1978
f 4001/1979 614/1980 2554/1981 4002/1982
f 4003/1983 615/810 4005/1984 4004/1985
f 1860/1986 618/1987 4008/1988 4007/1989
f 4010/1990 619/1991 2569/1992 4011/1993
f 4012/1994 620/822 4014/1995 4013/1996
f 1865/1997 623/1998 4017/1999 4016/2000
f 4019/2001 624/2002 2584/2003 4020/2004
f 4021/2005 625/834 4023/2006 4022/2007
f 1870/2008 628/2009 4026/2010 4025/2011
f 4028/2012 629/2013 2599/2014 4029/2015
f 4030/2016 630/846 4032/2017 4031/2018
f 1875/2019 633/2020 4035/2021 4034/2022
f 4037/2023 634/2024 2614/2025 4038/2026
f 4039/2027 635/858 4041/2028 4040/2029
f 1880/2030 638/2031 4044/2032 4043/2033
f 4046/2034 639/2035 2629/2036 4047/2037
f 4048/2038 640/870 4050/2039 4049/2040
f 1885/2041 643/2042 4053/2043 4052/2044
f 4055/2045 644/2046 2644/2047 4056/2048
f 4057/2049 645/882 4059/2050 4058/2051
f 1890/2052 648/2053 4062/2054 4061/2055
f 4064/2056 649/2057 2659/2058 4065/2059
f 4066/2060 650/894 4068/2061 4067/2062
f 1895/2063 653/2064 4071/2065 4070/2066
f 4073/2067 654/2068 2674/2069 4074/2070
f 4075/2071 655/906 4077/2072 4076/2073
f 1900/2074 658/2075 4080/2076 4079/2077
f 4082/2078 659/2079 2689/2080 4083/2081
f 4084/2082 660/918 4086/2083 4085/2084
f 1905/2085 663/2086 4089/2087 4088/2088
f 4091/2089 664/2090 2704/2091 4092/2092
f 4093/2093 665/930 4095/2094 4094/2095
f 1910/2096 668/2097 4098/2098 4097/2099
f 4100/2100 669/2101 2719/2102 4101/2103
f 4102/2104 670/942 4104/2105 4103/2106
f 1915/2107 673/2108 4107/2109 4106/2110
f 4109/2111 674/2112 2734/2113 4110/2114
f 4111/2115 675/954 4113/2116 4112/2117
f 1920/2118 678/2119 4116/2120 4115/2121
f 4118/2122 679/2123 2749/2124 4119/2125
f 4120/2126 680/966 4122/2127 4121/2128
f 1925/2129 683/2130 4125/2131 4124/2132
f 4127/2133 684/2134 2764/2135 4128/2136
f 4129/2137 685/978 4131/2138 4130/2139
f 1930/2140 688/2141 4134/2142 4133/2143
f 4136/2144 689/2145 2779/2146 4137/2147
f 4138/2148 690/990 4140/2149 4139/2150
f 1935/2151 693/2152 4143/2153 4142/2154
f 4145/2155 694/2156 2794/2157 4146/2158
f 4147/2159 695/1002 4149/2160 4148/2161
f 1940/2162 698/2163 4152/2164 4151/2165
f 4154/2166 699/2167 2809/2168 4155/2169
f 4156/2170 700/1014 4158/2171 4157/2172
f 1945/2173 703/2174 4161/2175 4160/2176
f 4163/2177 704/2178 2824/2179 4164/2180
f 4165/2181 705/1026 4167/2182 4166/2183
f 1950/2184 708/2185 4170/2186 4169/2187
f 4172/2188 709/2189 2839/2190 4173/2191
f 4174/2192 710/1038 4176/2193 4175/2194
f 1955/2195 713/2196 4179/2197 4178/2198
f 4181/2199 714/2200 2854/2201 4182/2202
f 4183/2203 715/1050 4185/2204 4184/2205
f 1960/2206 718/2207 4188/2208 4187/2209
f 4190/2210 719/2211 2869/2212 4191/2213
f 4192/2214 720/1062 4194/2215 4193/2216
f 1965/2217 723/2218 4197/2219 4196/2220
f 4199/2221 724/2222 2884/2223 4200/2224
f 4201/2225 725/1074 4203/2226 4202/2227
f 1970/2228 728/2229 4206/2230 4205/2231
f 4208/2232 729/2233 2899/2234 4209/2235
f 4210/2236 730/1086 4212/2237 4211/2238
f 1975/2239 733/2240 4215/2241 4214/2242
f 4217/2243 734/2244 2914/2245 4218/2246
f 4219/2247 735/1098 4221/2248 4220/2249
f 1980/2250 738/2251 4224/2252 4223/2253
f 4226/2254 739/2255 2929/2256 4227/2257
f 4228/2258 740/1110 4230/2259 4229/2260
f 1985/2261 743/2262 4233/2263 4232/2264
f 4235/2265 744/2266 2944/2267 4236/2268
f 4237/2269 745/1122 4239/2270 4238/2271
f 1990/2272 748/2273 4242/2274 4241/2275
f 4244/2276 749/2277 2959/2278 4245/2279
f 4246/2280 750/1134 4248/2281 4247/2282
f 1995/2283 753/2284 4251/2285 4250/2286
f 4253/2287 754/2288 2974/2289 4254/2290
f 4255/2291 755/1146 4257/2292 4256/2293
f 2000/2294 758/2295 4260/2296 4259/2297
f 4262/2298 759/2299 2989/2300 4263/2301
f 4264/2302 760/1158 4266/2303 4265/2304
f 2005/2305 763/2306 4269/2307 4268/2308
f 4271/2309 764/2310 3004/2311 4272/2312
f 4273/2313 765/1170 4275/2314 4274/2315
f 2010/2316 768/2317 4278/2318 4277/2319
f 4280/2320 769/2321 3019/2322 4281/2323
f 4282/2324 770/1182 4284/2325 4283/2326
f 2015/2327 773/2328 4287/2329 4286/2330
f 4289/2331 774/2332 3034/2333 4290/2334
f 4291/2335 775/1194 4293/2336 4292/2337
f 2020/2338 778/2339 4296/2340 4295/2341
f 4298/2342 779/2343 3049/2344 4299/2345
f 4300/2346 780/1206 4302/2347 4301/2348
f 2025/2349 783/2350 4305/2351 4304/2352
f 4307/2353 784/2354 3064/2355 4308/2356
f 4309/2357 785/1218 4311/2358 4310/2359
f 2030/2360 788/2361 4314/2362 4313/2363
f 4316/2364 789/2365 3079/2366 4317/2367
f 4318/2368 790/1230 4320/2369 4319/2370
f 2035/2371 793/2372 4323/2373 4322/2374
f 4325/2375 794/2376 3094/2377 4326/2378
f 4327/2379 795/1242 4329/2380 4328/2381
f 2040/2382 798/2383 4332/2384 4331/2385
f 4334/2386 799/2387 3109/2388 4335/2389
f 4336/2390 800/1254 4338/2391 4337/2392
f 2045/2393 803/2394 4341/2395 4340/2396
f 4343/2397 804/2398 3124/2399 4344/2400
f 4345/2401 805/1266 4347/2402 4346/2403
f 2050/2404 808/2405 4350/2406 4349/2407
f 4352/2408 809/2409 3139/2410 4353/2411
f 4354/2412 810/1278 4356/2413 4355/2414
f 2055/2415 813/2416 4359/2417 4358/2418
f 4361/2419 814/2420 3154/2421 4362/2422
f 4363/2423 815/1290 4365/2424 4364/2425
f 2060/2426 818/2427 4368/2428 4367/2429
f 4370/2430 819/2431 3169/2432 4371/2433
f 4372/2434 820/1302 4374/2435 4373/2436
f 2065/2437 823/2438 4377/2439 4376/2440
f 4379/2441 824/2442 3184/2443 4380/2444
f 4381/2445 825/1314 4383/2446 4382/2447
f 2070/2448 828/2449 4386/2450 4385/2451
f 4388/2452 829/2453 3199/2454 4389/2455
f 4390/2456 830/1326 4392/2457 4391/2458
f 2075/2459 833/2460 4395/2461 4394/2462
f 4397/2463 834/2464 3214/2465 4398/2466
f 4399/2467 835/1338 4401/2468 4400/2469
f 2080/2470 838/2471 4404/2472 4403/2473
f 4406/2474 839/2475 3229/2476 4407/2477
f 4408/2478 840/1350 4410/2479 4409/2480
f 2085/2481 843/2482 4413/2483 4412/2484
f 4415/2485 844/2486 3244/2487 4416/2488
f 4417/2489 845/1362 4419/2490 4418/2491
f 2090/2492 848/2493 4422/2494 4421/2495
f 4424/2496 849/2497 3259/2498 4425/2499
f 4426/2500 850/1374 4428/2501 4427/2502
f 2095/2503 853/2504 4431/2505 4430/2506
f 4433/2507 854/2508 3274/2509 4434/2510
f 4435/2511 855/1386 4437/2512 4436/2513
f 2100/2514 858/2515 4440/2516 4439/2517
f 4442/2518 859/2519 3289/2520 4443/2521
f 4444/2522 860/1398 4446/2523 4445/2524
f 2105/2525 863/2526 4449/2527 4448/2528
f 4451/2529 864/2530 3304/2531 4452/2532
f 4453/2533 865/1410 4455/2534 4454/2535
f 2110/2536 868/2537 4458/2538 4457/2539
f 4460/2540 869/2541 3319/2542 4461/2543
f 4462/2544 870/1422 4464/2545 4463/2546
f 2115/2547 873/2548 4467/2549 4466/2550
f 4469/2551 874/2552 3334/2553 4470/2554
f 4471/2555 875/1434 4473/2556 4472/2557
f 2120/2558 878/2559 4476/2560 4475/2561
f 4478/2562 879/2563 3349/2564 4479/2565
f 4480/2566 880/1446 4482/2567 4481/2568
f 2125/2569 883/2570 4485/2571 4484/2572
f 4487/2573 884/2574 3364/2575 4488/2576
f 4489/2577 885/1458 4491/2578 4490/2579
f 2130/2580 888/2581 4494/2582 4493/2583
f 4496/2584 889/2585 3379/2586 4497/2587
f 4498/2588 890/1470 4500/2589 4499/2590
f 2135/2591 893/2592 4503/2593 4502/2594
f 4505/2595 894/2596 3394/2597 4506/2598
f 4507/2599 895/1482 4509/2600 4508/2601
f 2140/2602 898/2603 4512/2604 4511/2605
f 4514/2606 899/2607 3409/2608 4515/2609
f 4516/2610 900/1494 4518/2611 4517/2612
f 2145/2613 903/2614 4521/2615 4520/2616
f 4523/2617 904/2618 3424/2619 4524/2620
f 4525/2621 905/1506 4527/2622 4526/2623
f 2150/2624 908/2625 4530/2626 4529/2627
f 4532/2628 909/2629 3439/2630 4533/2631
f 4534/2632 910/1518 4536/2633 4535/2634
f 2155/2635 913/2636 4539/2637 4538/2638
f 4541/2639 914/2640 3454/2641 4542/2642
f 4543/2643 915/1530 4545/2644 4544/2645
f 2160/2646 918/2647 4548/2648 4547/2649
f 4550/2650 919/2651 3469/2652 4551/2653
f 4552/2654 920/1542 4554/2655 4553/2656
f 2165/2657 923/2658 4557/2659 4556/2660
f 4559/2661 924/2662 3484/2663 4560/2664
f 4561/2665 925/1554 4563/2666 4562/2667
f 2170/2668 928/2669 4566/2670 4565/2671
f 4568/2672 929/2673 3499/2674 4569/2675
f 4570/2676 930/1566 4572/2677 4571/2678
f 2175/2679 933/2680 4575/2681 4574/2682
f 4577/2683 934/2684 3514/2685 4578/2686
f 4579/2687 935/1578 4581/2688 4580/2689
f 2180/2690 938/2691 4584/2692 4583/2693
f 4586/2694 939/2695 3529/2696 4587/2697
f 4588/2698 940/1590 4590/2699 4589/2700
f 2185/2701 943/2702 4593/2703 4592/2704
f 4594/2705 448/1613 1689/2706 4595/2707
f 4596/2708 944/406 4598/2709 4597/2710
f 2190/2711 946/2712 4600/2713 4599/2714
f 4602/2715 947/2716 2334/2717 4603/2718
f 4604/2719 948/410 4606/2720 4605/2721
f 2195/2722 494/1716 3784/2723 4607/2724
f 4609/2725 950/2726 4611/2727 4610/2728
f 4612/2729 446/2 3691/2730 4613/2731
f 2200/2732 952/2733 4615/2734 4614/2735
f 4616/2736 453/1624 1694/2737 4617/2738
f 4618/2739 953/418 4620/2740 4619/2741
f 2205/2742 955/2743 4622/2744 4621/2745
f 4624/2746 956/2747 2349/2748 4625/2749
f 4626/2750 957/422 4628/2751 4627/2752
f 2210/2753 499/1727 3793/2754 4629/2755
f 4630/2756 946/2712 2189/2757 4631/2758
f 4632/2759 451/6 3701/2760 4633/2761
f 2215/2762 960/2763 4635/2764 4634/2765
f 4636/2766 458/1635 1699/2767 4637/2768
f 4638/2769 961/430 4640/2770 4639/2771
f 2220/2772 963/2773 4642/2774 4641/2775
f 4644/2776 964/2777 2364/2778 4645/2779
f 4646/2780 965/434 4648/2781 4647/2782
f 2225/2783 504/1738 3802/2784 4649/2785
f 4650/2786 955/2743 2204/2787 4651/2788
f 4652/2789 456/10 3711/2790 4653/2791
f 2230/2792 968/2793 4655/2794 4654/2795
f 4656/2796 463/1646 1704/2797 4657/2798
f 4658/2799 969/442 4660/2800 4659/2801
f 2235/2802 971/2803 4662/2804 4661/2805
f 4664/2806 972/2807 2379/2808 4665/2809
f 4666/2810 973/446 4668/2811 4667/2812
f 2240/2813 509/1749 3811/2814 4669/2815
f 4670/2816 963/2773 2219/2817 4671/2818
f 4672/2819 461/14 3721/2820 4673/2821
f 2245/2822 976/2823 4675/2824 4674/2825
f 4676/2826 468/1657 1709/2827 4677/2828
f 4678/2829 977/454 4680/2830 4679/2831
f 2250/2832 979/2833 4682/2834 4681/2835
f 4684/2836 980/2837 2394/2838 4685/2839
f 4686/2840 981/458 4688/2841 4687/2842
f 2255/2843 514/1760 3820/2844 4689/2845
f 4690/2846 971/2803 2234/2847 4691/2848
f 4692/2849 466/18 3731/2850 4693/2851
f 2260/2852 984/2853 4695/2854 4694/2855
f 4696/2856 473/1668 1714/2857 4697/2858
f 4698/2859 985/466 4700/2860 4699/2861
f 2265/2862 987/2863 4702/2864 4701/2865
f 4704/2866 988/2867 2409/2868 4705/2869
f 4706/2870 989/470 4708/2871 4707/2872
f 2270/2873 519/1771 3829/2874 4709/2875
f 4710/2876 979/2833 2249/2877 4711/2878
f 4712/2879 471/22 3741/2880 4713/2881
f 2275/2882 992/2883 4715/2884 4714/2885
f 4716/2886 478/1679 1719/2887 4717/2888
f 4718/2889 993/478 4720/2890 4719/2891
f 2280/2892 995/2893 4722/2894 4721/2895
f 4724/2896 996/2897 2424/2898 4725/2899
f 4726/2900 997/482 4728/2901 4727/2902
f 2285/2903 524/1782 3838/2904 4729/2905
f 4730/2906 987/2863 2264/2907 4731/2908
f 4732/2909 476/26 3751/2910 4733/2911
f 2290/2912 1000/2913 4735/2914 4734/2915
f 4736/2916 483/1690 1724/2917 4737/2918
f 4738/2919 1001/490 4740/2920 4739/2921
f 2295/2922 1003/2923 4742/2924 4741/2925
f 4744/2926 1004/2927 2439/2928 4745/2929
f 4746/2930 1005/494 4748/2931 4747/2932
f 2300/2933 529/1793 3847/2934 4749/2935
f 4750/2936 995/2893 2279/2937 4751/2938
f 4752/2939 481/30 3761/2940 4753/2941
f 2305/2942 1008/2943 4755/2944 4754/2945
f 4756/2946 488/1701 1729/2947 4757/2948
f 4758/2949 1009/502 4760/2950 4759/2951
f 2310/2952 1011/2953 4762/2954 4761/2955
f 4764/2956 1012/2957 2454/2958 4765/2959
f 4766/2960 1013/506 4768/2961 4767/2962
f 2315/2963 534/1804 3856/2964 4769/2965
f 4770/2966 1003/2923 2294/2967 4771/2968
f 4772/2969 486/34 3771/2970 4773/2971
f 2320/2972 1016/2973 4775/2974 4774/2975
f 4777/2976 1017/2977 4779/2978 4778/2979
f 4780/2980 1018/514 4782/2981 4781/2982
f 2325/2983 1020/2984 4784/2985 4783/2986
f 4786/2987 1021/2988 2469/2989 4787/2990
f 4788/2991 1022/518 4790/2992 4789/2993
f 2330/2994 539/1815 3865/2995 4791/2996
f 4792/2997 1011/2953 2309/2998 4793/2999
f 4794/3000 491/38 3781/3001 4795/3002
f 2335/3003 947/2716 4601/3004 4796/3005
f 4797/3006 498/1723 1739/3007 4798/3008
f 4799/3009 1025/526 4801/3010 4800/3011
f 2340/3012 1027/3013 4803/3014 4802/3015
f 4805/3016 1028/3017 2484/3018 4806/3019
f 4807/3020 1029/530 4809/3021 4808/3022
f 2345/3023 544/1826 3874/3024 4810/3025
f 4812/3026 1031/3027 4814/3028 4813/3029
f 4815/3030 496/42 3790/3031 4816/3032
f 2350/3033 956/2747 4623/3034 4817/3035
f 4818/3036 503/1734 1744/3037 4819/3038
f 4820/3039 1033/538 4822/3040 4821/3041
f 2355/3042 1035/3043 4824/3044 4823/3045
f 4826/3046 1036/3047 2499/3048 4827/3049
f 4828/3050 1037/542 4830/3051 4829/3052
f 2360/3053 549/1837 3883/3054 4831/3055
f 4832/3056 1027/3013 2339/3057 4833/3058
f 4834/3059 501/46 3799/3060 4835/3061
f 2365/3062 964/2777 4643/3063 4836/3064
f 4837/3065 508/1745 1749/3066 4838/3067
f 4839/3068 1040/550 4841/3069 4840/3070
f 2370/3071 1042/3072 4843/3073 4842/3074
f 4845/3075 1043/3076 2514/3077 4846/3078
f 4847/3079 1044/554 4849/3080 4848/3081
f 2375/3082 554/1848 3892/3083 4850/3084
f 4851/3085 1035/3043 2354/3086 4852/3087
f 4853/3088 506/50 3808/3089 4854/3090
f 2380/3091 972/2807 4663/3092 4855/3093
f 4856/3094 513/1756 1754/3095 4857/3096
f 4858/3097 1047/562 4860/3098 4859/3099
f 2385/3100 1049/3101 4862/3102 4861/3103
f 4864/3104 1050/3105 2529/3106 4865/3107
f 4866/3108 1051/566 4868/3109 4867/3110
f 2390/3111 559/1859 3901/3112 4869/3113
f 4870/3114 1042/3072 2369/3115 4871/3116
f 4872/3117 511/54 3817/3118 4873/3119
f 2395/3120 980/2837 4683/3121 4874/3122
f 4875/3123 518/1767 1759/3124 4876/3125
f 4877/3126 1054/574 4879/3127 4878/3128
f 2400/3129 1056/3130 4881/3131 4880/3132
f 4883/3133 1057/3134 2544/3135 4884/3136
f 4885/3137 1058/578 4887/3138 4886/3139
f 2405/3140 564/1870 3910/3141 4888/3142
f 4889/3143 1049/3101 2384/3144 4890/3145
f 4891/3146 516/58 3826/3147 4892/3148
f 2410/3149 988/2867 4703/3150 4893/3151
f 4894/3152 523/1778 1764/3153 4895/3154
f 4896/3155 1061/586 4898/3156 4897/3157
f 2415/3158 1063/3159 4900/3160 4899/3161
f 4902/3162 1064/3163 2559/3164 4903/3165
f 4904/3166 1065/590 4906/3167 4905/3168
f 2420/3169 569/1881 3919/3170 4907/3171
f 4908/3172 1056/3130 2399/3173 4909/3174
f 4910/3175 521/62 3835/3176 4911/3177
f 2425/3178 996/2897 4723/3179 4912/3180
f 4913/3181 528/1789 1769/3182 4914/3183
f 4915/3184 1068/598 4917/3185 4916/3186
f 2430/3187 1070/3188 4919/3189 4918/3190
f 4921/3191 1071/3192 2574/3193 4922/3194
f 4923/3195 1072/602 4925/3196 4924/3197
f 2435/3198 574/1892 3928/3199 4926/3200
f 4927/3201 1063/3159 2414/3202 4928/3203
f 4929/3204 526/66 3844/3205 4930/3206
f 2440/3207 1004/2927 4743/3208 4931/3209
f 4932/3210 533/1800 1774/3211 4933/3212
f 4934/3213 1075/610 4936/3214 4935/3215
f 2445/3216 1077/3217 4938/3218 4937/3219
f 4940/3220 1078/3221 2589/3222 4941/3223
f 4942/3224 1079/614 4944/3225 4943/3226
f 2450/3227 579/1903 3937/3228 4945/3229
f 4946/3230 1070/3188 2429/3231 4947/3232
f 4948/3233 531/70 3853/3234 4949/3235
f 2455/3236 1012/2957 4763/3237 4950/3238
f 4951/3239 538/1811 1779/3240 4952/3241
f 4953/3242 1082/622 4955/3243 4954/3244
f 2460/3245 1084/3246 4957/3247 4956/3248
f 4959/3249 1085/3250 2604/3251 4960/3252
f 4961/3253 1086/626 4963/3254 4962/3255
f 2465/3256 584/1914 3946/3257 4964/3258
f 4965/3259 1077/3217 2444/3260 4966/3261
f 4967/3262 536/74 3862/3263 4968/3264
f 2470/3265 1021/2988 4785/3266 4969/3267
f 4971/3268 1089/3269 4973/3270 4972/3271
f 4974/3272 1090/634 4976/3273 4975/3274
f 2475/3275 1092/3276 4978/3277 4977/3278
f 4980/3279 1093/3280 2619/3281 4981/3282
f 4982/3283 1094/638 4984/3284 4983/3285
f 2480/3286 589/1925 3955/3287 4985/3288
f 4986/3289 1084/3246 2459/3290 4987/3291
f 4988/3292 541/78 3871/3293 4989/3294
f 2485/3295 1028/3017 4804/3296 4990/3297
f 4991/3298 548/1833 1789/3299 4992/3300
f 4993/3301 1097/646 4995/3302 4994/3303
f 2490/3304 1099/3305 4997/3306 4996/3307
f 4999/3308 1100/3309 2634/3310 5000/3311
f 5001/3312 1101/650 5003/3313 5002/3314
f 2495/3315 594/1936 3964/3316 5004/3317
f 5006/3318 1103/3319 5008/3320 5007/3321
f 5009/3322 546/82 3880/3323 5010/3324
f 2500/3325 1036/3047 4825/3326 5011/3327
f 5012/3328 553/1844 1794/3329 5013/3330
f 5014/3331 1105/658 5016/3332 5015/3333
f 2505/3334 1107/3335 5018/3336 5017/3337
f 5020/3338 1108/3339 2649/3340 5021/3341
f 5022/3342 1109/662 5024/3343 5023/3344
f 2510/3345 599/1947 3973/3346 5025/3347
f 5026/3348 1099/3305 2489/3349 5027/3350
f 5028/3351 551/86 3889/3352 5029/3353
f 2515/3354 1043/3076 4844/3355 5030/3356
f 5031/3357 558/1855 1799/3358 5032/3359
f 5033/3360 1112/670 5035/3361 5034/3362
f 2520/3363 1114/3364 5037/3365 5036/3366
f 5039/3367 1115/3368 2664/3369 5040/3370
f 5041/3371 1116/674 5043/3372 5042/3373
f 2525/3374 604/1958 3982/3375 5044/3376
f 5045/3377 1107/3335 2504/3378 5046/3379
f 5047/3380 556/90 3898/3381 5048/3382
f 2530/3383 1050/3105 4863/3384 5049/3385
f 5050/3386 563/1866 1804/3387 5051/3388
f 5052/3389 1119/682 5054/3390 5053/3391
f 2535/3392 1121/3393 5056/3394 5055/3395
f 5058/3396 1122/3397 2679/3398 5059/3399
f 5060/3400 1123/686 5062/3401 5061/3402
f 2540/3403 609/1969 3991/3404 5063/3405
f 5064/3406 1114/3364 2519/3407 5065/3408
f 5066/3409 561/94 3907/3410 5067/3411
f 2545/3412 1057/3134 4882/3413 5068/3414
f 5069/3415 568/1877 1809/3416 5070/3417
f 5071/3418 1126/694 5073/3419 5072/3420
f 2550/3421 1128/3422 5075/3423 5074/3424
f 5077/3425 1129/3426 2694/3427 5078/3428
f 5079/3429 1130/698 5081/3430 5080/3431
f 2555/3432 614/1980 4000/3433 5082/3434
f 5083/3435 1121/3393 2534/3436 5084/3437
f 5085/3438 566/98 3916/3439 5086/3440
f 2560/3441 1064/3163 4901/3442 5087/3443
f 5088/3444 573/1888 1814/3445 5089/3446
f 5090/3447 1133/706 5092/3448 5091/3449
f 2565/3450 1135/3451 5094/3452 5093/3453
f 5096/3454 1136/3455 2709/3456 5097/3457
f 5098/3458 1137/710 5100/3459 5099/3460
f 2570/3461 619/1991 4009/3462 5101/3463
f 5102/3464 1128/3422 2549/3465 5103/3466
f 5104/3467 571/102 3925/3468 5105/3469
f 2575/3470 1071/3192 4920/3471 5106/3472
f 5107/3473 578/1899 1819/3474 5108/3475
f 5109/3476 1140/718 5111/3477 5110/3478
f 2580/3479 1142/3480 5113/3481 5112/3482
f 5115/3483 1143/3484 2724/3485 5116/3486
f 5117/3487 1144/722 5119/3488 5118/3489
f 2585/3490 624/2002 4018/3491 5120/3492
f 5121/3493 1135/3451 2564/3494 5122/3495
f 5123/3496 576/106 3934/3497 5124/3498
f 2590/3499 1078/3221 4939/3500 5125/3501
f 5126/3502 583/1910 1824/3503 5127/3504
f 5128/3505 1147/730 5130/3506 5129/3507
f 2595/3508 1149/3509 5132/3510 5131/3511
f 5134/3512 1150/3513 2739/3514 5135/3515
f 5136/3516 1151/734 5138/3517 5137/3518
f 2600/3519 629/2013 4027/3520 5139/3521
f 5140/3522 1142/3480 2579/3523 5141/3524
f 5142/3525 581/110 3943/3526 5143/3527
f 2605/3528 1085/3250 4958/3529 5144/3530
f 5145/3531 588/1921 1829/3532 5146/3533
f 5147/3534 1154/742 5149/3535 5148/3536
f 2610/3537 1156/3538 5151/3539 5150/3540
f 5153/3541 1157/3542 2754/3543 5154/3544
f 5155/3545 1158/746 5157/3546 5156/3547
f 2615/3548 634/2024 4036/3549 5158/3550
f 5159/3551 1149/3509 2594/3552 5160/3553
f 5161/3554 586/114 3952/3555 5162/3556
f 2620/3557 1093/3280 4979/3558 5163/3559
f 5165/3560 1161/3561 5167/3562 5166/3563
f 5168/3564 1162/754 5170/3565 5169/3566
f 2625/3567 1164/3568 5172/3569 5171/3570
f 5174/3571 1165/3572 2769/3573 5175/3574
f 5176/3575 1166/758 5178/3576 5177/3577
f 2630/3578 639/2035 4045/3579 5179/3580
f 5180/3581 1156/3538 2609/3582 5181/3583
f 5182/3584 591/118 3961/3585 5183/3586
f 2635/3587 1100/3309 4998/3588 5184/3589
f 5185/3590 598/1943 1839/3591 5186/3592
f 5187/3593 1169/766 5189/3594 5188/3595
f 2640/3596 1171/3597 5191/3598 5190/3599
f 5193/3600 1172/3601 2784/3602 5194/3603
f 5195/3604 1173/770 5197/3605 5196/3606
f 2645/3607 644/2046 4054/3608 5198/3609
f 5200/3610 1175/3611 5202/3612 5201/3613
f 5203/3614 596/122 3970/3615 5204/3616
f 2650/3617 1108/3339 5019/3618 5205/3619
f 5206/3620 603/1954 1844/3621 5207/3622
f 5208/3623 1177/778 5210/3624 5209/3625
f 2655/3626 1179/3627 5212/3628 5211/3629
f 5214/3630 1180/3631 2799/3632 5215/3633
f 5216/3634 1181/782 5218/3635 5217/3636
f 2660/3637 649/2057 4063/3638 5219/3639
f 5220/3640 1171/3597 2639/3641 5221/3642
f 5222/3643 601/126 3979/3644 5223/3645
f 2665/3646 1115/3368 5038/3647 5224/3648
f 5225/3649 608/1965 1849/3650 5226/3651
f 5227/3652 1184/790 5229/3653 5228/3654
f 2670/3655 1186/3656 5231/3657 5230/3658
f 5233/3659 1187/3660 2814/3661 5234/3662
f 5235/3663 1188/794 5237/3664 5236/3665
f 2675/3666 654/2068 4072/3667 5238/3668
f 5239/3669 1179/3627 2654/3670 5240/3671
f 5241/3672 606/130 3988/3673 5242/3674
f 2680/3675 1122/3397 5057/3676 5243/3677
f 5244/3678 613/1976 1854/3679 5245/3680
f 5246/3681 1191/802 5248/3682 5247/3683
f 2685/3684 1193/3685 5250/3686 5249/3687
f 5252/3688 1194/3689 2829/3690 5253/3691
f 5254/3692 1195/806 5256/3693 5255/3694
f 2690/3695 659/2079 4081/3696 5257/3697
f 5258/3698 1186/3656 2669/3699 5259/3700
f 5260/3701 611/134 3997/3702 5261/3703
f 2695/3704 1129/3426 5076/3705 5262/3706
f 5263/3707 618/1987 1859/3708 5264/3709
f 5265/3710 1198/814 5267/3711 5266/3712
f 2700/3713 1200/3714 5269/3715 5268/3716
f 5271/3717 1201/3718 2844/3719 5272/3720
f 5273/3721 1202/818 5275/3722 5274/3723
f 2705/3724 664/2090 4090/3725 5276/3726
f 5277/3727 1193/3685 2684/3728 5278/3729
f 5279/3730 616/138 4006/3731 5280/3732
f 2710/3733 1136/3455 5095/3734 5281/3735
f 5282/3736 623/1998 1864/3737 5283/3738
f 5284/3739 1205/826 5286/3740 5285/3741
f 2715/3742 1207/3743 5288/3744 5287/3745
f 5290/3746 1208/3747 2859/3748 5291/3749
f 5292/3750 1209/830 5294/3751 5293/3752
f 2720/3753 669/2101 4099/3754 5295/3755
f 5296/3756 1200/3714 2699/3757 5297/3758
f 5298/3759 621/142 4015/3760 5299/3761
f 2725/3762 1143/3484 5114/3763 5300/3764
f 5301/3765 628/2009 1869/3766 5302/3767
f 5303/3768 1212/838 5305/3769 5304/3770
f 2730/3771 1214/3772 5307/3773 5306/3774
f 5309/3775 1215/3776 2874/3777 5310/3778
f 5311/3779 1216/842 5313/3780 5312/3781
f 2735/3782 674/2112 4108/3783 5314/3784
f 5315/3785 1207/3743 2714/3786 5316/3787
f 5317/3788 626/146 4024/3789 5318/3790
f 2740/3791 1150/3513 5133/3792 5319/3793
f 5320/3794 633/2020 1874/3795 5321/3796
f 5322/3797 1219/850 5324/3798 5323/3799
f 2745/3800 1221/3801 5326/3802 5325/3803
f 5328/3804 1222/3805 2889/3806 5329/3807
f 5330/3808 1223/854 5332/3809 5331/3810
f 2750/3811 679/2123 4117/3812 5333/3813
f 5334/3814 1214/3772 2729/3815 5335/3816
f 5336/3817 631/150 4033/3818 5337/3819
f 2755/3820 1157/3542 5152/3821 5338/3822
f 5339/3823 638/2031 1879/3824 5340/3825
f 5341/3826 1226/862 5343/3827 5342/3828
f 2760/3829 1228/3830 5345/3831 5344/3832
f 5347/3833 1229/3834 2904/3835 5348/3836
f 5349/3837 1230/866 5351/3838 5350/3839
f 2765/3840 684/2134 4126/3841 5352/3842
f 5353/3843 1221/3801 2744/3844 5354/3845
f 5355/3846 636/154 4042/3847 5356/3848
f 2770/3849 1165/3572 5173/3850 5357/3851
f 5359/3852 1233/3853 5361/3854 5360/3855
f 5362/3856 1234/874 5364/3857 5363/3858
f 2775/3859 1236/3860 5366/3861 5365/3862
f 5368/3863 1237/3864 2919/3865 5369/3866
f 5370/3867 1238/878 5372/3868 5371/3869
f 2780/3870 689/2145 4135/3871 5373/3872
f 5374/3873 1228/3830 2759/3874 5375/3875
f 5376/3876 641/158 4051/3877 5377/3878
f 2785/3879 1172/3601 5192/3880 5378/3881
f 5379/3882 648/2053 1889/3883 5380/3884
f 5381/3885 1241/886 5383/3886 5382/3887
f 2790/3888 1243/3889 5385/3890 5384/3891
f 5387/3892 1244/3893 2934/3894 5388/3895
f 5389/3896 1245/890 5391/3897 5390/3898
f 2795/3899 694/2156 4144/3900 5392/3901
f 5394/3902 1247/3903 5396/3904 5395/3905
f 5397/3906 646/162 4060/3907 5398/3908
f 2800/3909 1180/3631 5213/3910 5399/3911
f 5400/3912 653/2064 1894/3913 5401/3914
f 5402/3915 1249/898 5404/3916 5403/3917
f 2805/3918 1251/3919 5406/3920 5405/3921
f 5408/3922 1252/3923 2949/3924 5409/3925
f 5410/3926 1253/902 5412/3927 5411/3928
f 2810/3929 699/2167 4153/3930 5413/3931
f 5414/3932 1243/3889 2789/3933 5415/3934
f 5416/3935 651/166 4069/3936 5417/3937
f 2815/3938 1187/3660 5232/3939 5418/3940
f 5419/3941 658/2075 1899/3942 5420/3943
f 5421/3944 1256/910 5423/3945 5422/3946
f 2820/3947 1258/3948 5425/3949 5424/3950
f 5427/3951 1259/3952 2964/3953 5428/3954
f 5429/3955 1260/914 5431/3956 5430/3957
f 2825/3958 704/2178 4162/3959 5432/3960
f 5433/3961 1251/3919 2804/3962 5434/3963
f 5435/3964 656/170 4078/3965 5436/3966
f 2830/3967 1194/3689 5251/3968 5437/3969
f 5438/3970 663/2086 1904/3971 5439/3972
f 5440/3973 1263/922 5442/3974 5441/3975
f 2835/3976 1265/3977 5444/3978 5443/3979
f 5446/3980 1266/3981 2979/3982 5447/3983
f 5448/3984 1267/926 5450/3985 5449/3986
f 2840/3987 709/2189 4171/3988 5451/3989
f 5452/3990 1258/3948 2819/3991 5453/3992
f 5454/3993 661/174 4087/3994 5455/3995
f 2845/3996 1201/3718 5270/3997 5456/3998
f 5457/3999 668/2097 1909/4000 5458/4001
f 5459/4002 1270/934 5461/4003 5460/4004
f 2850/4005 1272/4006 5463/4007 5462/4008
f 5465/4009 1273/4010 2994/4011 5466/4012
f 5467/4013 1274/938 5469/4014 5468/4015
f 2855/4016 714/2200 4180/4017 5470/4018
f 5471/4019 1265/3977 2834/4020 5472/4021
f 5473/4022 666/178 4096/4023 5474/4024
f 2860/4025 1208/3747 5289/4026 5475/4027
f 5476/4028 673/2108 1914/4029 5477/4030
f 5478/4031 1277/946 5480/4032 5479/4033
f 2865/4034 1279/4035 5482/4036 5481/4037
f 5484/4038 1280/4039 3009/4040 5485/4041
f 5486/4042 1281/950 5488/4043 5487/4044
f 2870/4045 719/2211 4189/4046 5489/4047
f 5490/4048 1272/4006 2849/4049 5491/4050
f 5492/4051 671/182 4105/4052 5493/4053
f 2875/4054 1215/3776 5308/4055 5494/4056
f 5495/4057 678/2119 1919/4058 5496/4059
f 5497/4060 1284/958 5499/4061 5498/4062
f 2880/4063 1286/4064 5501/4065 5500/4066
f 5503/4067 1287/4068 3024/4069 5504/4070
f 5505/4071 1288/962 5507/4072 5506/4073
f 2885/4074 724/2222 4198/4075 5508/4076
f 5509/4077 1279/4035 2864/4078 5510/4079
f 5511/4080 676/186 4114/4081 5512/4082
f 2890/4083 1222/3805 5327/4084 5513/4085
f 5514/4086 683/2130 1924/4087 5515/4088
f 5516/4089 1291/970 5518/4090 5517/4091
f 2895/4092 1293/4093 5520/4094 5519/4095
f 5522/4096 1294/4097 3039/4098 5523/4099
f 5524/4100 1295/974 5526/4101 5525/4102
f 2900/4103 729/2233 4207/4104 5527/4105
f 5528/4106 1286/4064 2879/4107 5529/4108
f 5530/4109 681/190 4123/4110 5531/4111
f 2905/4112 1229/3834 5346/4113 5532/4114
f 5533/4115 688/2141 1929/4116 5534/4117
f 5535/4118 1298/982 5537/4119 5536/4120
f 2910/4121 1300/4122 5539/4123 5538/4124
f 5541/4125 1301/4126 3054/4127 5542/4128
f 5543/4129 1302/986 5545/4130 5544/4131
f 2915/4132 734/2244 4216/4133 5546/4134
f 5547/4135 1293/4093 2894/4136 5548/4137
f 5549/4138 686/194 4132/4139 5550/4140
f 2920/4141 1237/3864 5367/4142 5551/4143
f 5553/4144 1305/4145 5555/4146 5554/4147
f 5556/4148 1306/994 5558/4149 5557/4150
f 2925/4151 1308/4152 5560/4153 5559/4154
f 5562/4155 1309/4156 3069/4157 5563/4158
f 5564/4159 1310/998 5566/4160 5565/4161
f 2930/4162 739/2255 4225/4163 5567/4164
f 5568/4165 1300/4122 2909/4166 5569/4167
f 5570/4168 691/198 4141/4169 5571/4170
f 2935/4171 1244/3893 5386/4172 5572/4173
f 5573/4174 698/2163 1939/4175 5574/4176
f 5575/4177 1313/1006 5577/4178 5576/4179
f 2940/4180 1315/4181 5579/4182 5578/4183
f 5581/4184 1316/4185 3084/4186 5582/4187
f 5583/4188 1317/1010 5585/4189 5584/4190
f 2945/4191 744/2266 4234/4192 5586/4193
f 5588/4194 1319/4195 5590/4196 5589/4197
f 5591/4198 696/202 4150/4199 5592/4200
f 2950/4201 1252/3923 5407/4202 5593/4203
f 5594/4204 703/2174 1944/4205 5595/4206
f 5596/4207 1321/1018 5598/4208 5597/4209
f 2955/4210 1323/4211 5600/4212 5599/4213
f 5602/4214 1324/4215 3099/4216 5603/4217
f 5604/4218 1325/1022 5606/4219 5605/4220
f 2960/4221 749/2277 4243/4222 5607/4223
f 5608/4224 1315/4181 2939/4225 5609/4226
f 5610/4227 701/206 4159/4228 5611/4229
f 2965/4230 1259/3952 5426/4231 5612/4232
f 5613/4233 708/2185 1949/4234 5614/4235
f 5615/4236 1328/1030 5617/4237 5616/4238
f 2970/4239 1330/4240 5619/4241 5618/4242
f 5621/4243 1331/4244 3114/4245 5622/4246
f 5623/4247 1332/1034 5625/4248 5624/4249
f 2975/4250 754/2288 4252/4251 5626/4252
f 5627/4253 1323/4211 2954/4254 5628/4255
f 5629/4256 706/210 4168/4257 5630/4258
f 2980/4259 1266/3981 5445/4260 5631/4261
f 5632/4262 713/2196 1954/4263 5633/4264
f 5634/4265 1335/1042 5636/4266 5635/4267
f 2985/4268 1337/4269 5638/4270 5637/4271
f 5640/4272 1338/4273 3129/4274 5641/4275
f 5642/4276 1339/1046 5644/4277 5643/4278
f 2990/4279 759/2299 4261/4280 5645/4281
f 5646/4282 1330/4240 2969/4283 5647/4284
f 5648/4285 711/214 4177/4286 5649/4287
f 2995/4288 1273/4010 5464/4289 5650/4290
f 5651/4291 718/2207 1959/4292 5652/4293
f 5653/4294 1342/1054 5655/4295 5654/4296
f 3000/4297 1344/4298 5657/4299 5656/4300
f 5659/4301 1345/4302 3144/4303 5660/4304
f 5661/4305 1346/1058 5663/4306 5662/4307
f 3005/4308 764/2310 4270/4309 5664/4310
f 5665/4311 1337/4269 2984/4312 5666/4313
f 5667/4314 716/218 4186/4315 5668/4316
f 3010/4317 1280/4039 5483/4318 5669/4319
f 5670/4320 723/2218 1964/4321 5671/4322
f 5672/4323 1349/1066 5674/4324 5673/4325
f 3015/4326 1351/4327 5676/4328 5675/4329
f 5678/4330 1352/4331 3159/4332 5679/4333
f 5680/4334 1353/1070 5682/4335 5681/4336
f 3020/4337 769/2321 4279/4338 5683/4339
f 5684/4340 1344/4298 2999/4341 5685/4342
f 5686/4343 721/222 4195/4344 5687/4345
f 3025/4346 1287/4068 5502/4347 5688/4348
f 5689/4349 728/2229 1969/4350 5690/4351
f 5691/4352 1356/1078 5693/4353 5692/4354
f 3030/4355 1358/4356 5695/4357 5694/4358
f 5697/4359 1359/4360 3174/4361 5698/4362
f 5699/4363 1360/1082 5701/4364 5700/4365
f 3035/4366 774/2332 4288/4367 5702/4368
f 5703/4369 1351/4327 3014/4370 5704/4371
f 5705/4372 726/226 4204/4373 5706/4374
f 3040/4375 1294/4097 5521/4376 5707/4377
f 5708/4378 733/2240 1974/4379 5709/4380
f 5710/4381 1363/1090 5712/4382 5711/4383
f 3045/4384 1365/4385 5714/4386 5713/4387
f 5716/4388 1366/4389 3189/4390 5717/4391
f 5718/4392 1367/1094 5720/4393 5719/4394
f 3050/4395 779/2343 4297/4396 5721/4397
f 5722/4398 1358/4356 3029/4399 5723/4400
f 5724/4401 731/230 4213/4402 5725/4403
f 3055/4404 1301/4126 5540/4405 5726/4406
f 5727/4407 738/2251 1979/4408 5728/4409
f 5729/4410 1370/1102 5731/4411 5730/4412
f 3060/4413 1372/4414 5733/4415 5732/4416
f 5735/4417 1373/4418 3204/4419 5736/4420
f 5737/4421 1374/1106 5739/4422 5738/4423
f 3065/4424 784/2354 4306/4425 5740/4426
f 5741/4427 1365/4385 3044/4428 5742/4429
f 5743/4430 736/234 4222/4431 5744/4432
f 3070/4433 1309/4156 5561/4434 5745/4435
f 5747/4436 1377/4437 5749/4438 5748/4439
f 5750/4440 1378/1114 5752/4441 5751/4442
f 3075/4443 1380/4444 5754/4445 5753/4446
f 5756/4447 1381/4448 3219/4449 5757/4450
f 5758/4451 1382/1118 5760/4452 5759/4453
f 3080/4454 789/2365 4315/4455 5761/4456
f 5762/4457 1372/4414 3059/4458 5763/4459
f 5764/4460 741/238 4231/4461 5765/4462
f 3085/4463 1316/4185 5580/4464 5766/4465
f 5767/4466 748/2273 1989/4467 5768/4468
f 5769/4469 1385/1126 5771/4470 5770/4471
f 3090/4472 1387/4473 5773/4474 5772/4475
f 5775/4476 1388/4477 3234/4478 5776/4479
f 5777/4480 1389/1130 5779/4481 5778/4482
f 3095/4483 794/2376 4324/4484 5780/4485
f 5782/4486 1391/4487 5784/4488 5783/4489
f 5785/4490 746/242 4240/4491 5786/4492
f 3100/4493 1324/4215 5601/4494 5787/4495
f 5788/4496 753/2284 1994/4497 5789/4498
f 5790/4499 1393/1138 5792/4500 5791/4501
f 3105/4502 1395/4503 5794/4504 5793/4505
f 5796/4506 1396/4507 3249/4508 5797/4509
f 5798/4510 1397/1142 5800/4511 5799/4512
f 3110/4513 799/2387 4333/4514 5801/4515
f 5802/4516 1387/4473 3089/4517 5803/4518
f 5804/4519 751/246 4249/4520 5805/4521
f 3115/4522 1331/4244 5620/4523 5806/4524
f 5807/4525 758/2295 1999/4526 5808/4527
f 5809/4528 1400/1150 5811/4529 5810/4530
f 3120/4531 1402/4532 5813/4533 5812/4534
f 5815/4535 1403/4536 3264/4537 5816/4538
f 5817/4539 1404/1154 5819/4540 5818/4541
f 3125/4542 804/2398 4342/4543 5820/4544
f 5821/4545 1395/4503 3104/4546 5822/4547
f 5823/4548 756/250 4258/4549 5824/4550
f 3130/4551 1338/4273 5639/4552 5825/4553
f 5826/4554 763/2306 2004/4555 5827/4556
f 5828/4557 1407/1162 5830/4558 5829/4559
f 3135/4560 1409/4561 5832/4562 5831/4563
f 5834/4564 1410/4565 3279/4566 5835/4567
f 5836/4568 1411/1166 5838/4569 5837/4570
f 3140/4571 809/2409 4351/4572 5839/4573
f 5840/4574 1402/4532 3119/4575 5841/4576
f 5842/4577 761/254 4267/4578 5843/4579
f 3145/4580 1345/4302 5658/4581 5844/4582
f 5845/4583 768/2317 2009/4584 5846/4585
f 5847/4586 1414/1174 5849/4587 5848/4588
f 3150/4589 1416/4590 5851/4591 5850/4592
f 5853/4593 1417/4594 3294/4595 5854/4596
f 5855/4597 1418/1178 5857/4598 5856/4599
f 3155/4600 814/2420 4360/4601 5858/4602
f 5859/4603 1409/4561 3134/4604 5860/4605
f 5861/4606 766/258 4276/4607 5862/4608
f 3160/4609 1352/4331 5677/4610 5863/4611
f 5864/4612 773/2328 2014/4613 5865/4614
f 5866/4615 1421/1186 5868/4616 5867/4617
f 3165/4618 1423/4619 5870/4620 5869/4621
f 5872/4622 1424/4623 3309/4624 5873/4625
f 5874/4626 1425/1190 5876/4627 5875/4628
f 3170/4629 819/2431 4369/4630 5877/4631
f 5878/4632 1416/4590 3149/4633 5879/4634
f 5880/4635 771/262 4285/4636 5881/4637
f 3175/4638 1359/4360 5696/4639 5882/4640
f 5883/4641 778/2339 2019/4642 5884/4643
f 5885/4644 1428/1198 5887/4645 5886/4646
f 3180/4647 1430/4648 5889/4649 5888/4650
f 5891/4651 1431/4652 3324/4653 5892/4654
f 5893/4655 1432/1202 5895/4656 5894/4657
f 3185/4658 824/2442 4378/4659 5896/4660
f 5897/4661 1423/4619 3164/4662 5898/4663
f 5899/4664 776/266 4294/4665 5900/4666
f 3190/4667 1366/4389 5715/4668 5901/4669
f 5902/4670 783/2350 2024/4671 5903/4672
f 5904/4673 1435/1210 5906/4674 5905/4675
f 3195/4676 1437/4677 5908/4678 5907/4679
f 5910/4680 1438/4681 3339/4682 5911/4683
f 5912/4684 1439/1214 5914/4685 5913/4686
f 3200/4687 829/2453 4387/4688 5915/4689
f 5916/4690 1430/4648 3179/4691 5917/4692
f 5918/4693 781/270 4303/4694 5919/4695
f 3205/4696 1373/4418 5734/4697 5920/4698
f 5921/4699 788/2361 2029/4700 5922/4701
f 5923/4702 1442/1222 5925/4703 5924/4704
f 3210/4705 1444/4706 5927/4707 5926/4708
f 5929/4709 1445/4710 3354/4711 5930/4712
f 5931/4713 1446/1226 5933/4714 5932/4715
f 3215/4716 834/2464 4396/4717 5934/4718
f 5935/4719 1437/4677 3194/4720 5936/4721
f 5937/4722 786/274 4312/4723 5938/4724
f 3220/4725 1381/4448 5755/4726 5939/4727
f 5941/4728 1449/4729 5943/4730 5942/4731
f 5944/4732 1450/1234 5946/4733 5945/4734
f 3225/4735 1452/4736 5948/4737 5947/4738
f 5950/4739 1453/4740 3369/4741 5951/4742
f 5952/4743 1454/1238 5954/4744 5953/4745
f 3230/4746 839/2475 4405/4747 5955/4748
f 5956/4749 1444/4706 3209/4750 5957/4751
f 5958/4752 791/278 4321/4753 5959/4754
f 3235/4755 1388/4477 5774/4756 5960/4757
f 5961/4758 798/2383 2039/4759 5962/4760
f 5963/4761 1457/1246 5965/4762 5964/4763
f 3240/4764 1459/4765 5967/4766 5966/4767
f 5969/4768 1460/4769 3384/4770 5970/4771
f 5971/4772 1461/1250 5973/4773 5972/4774
f 3245/4775 844/2486 4414/4776 5974/4777
f 5976/4778 1463/4779 5978/4780 5977/4781
f 5979/4782 796/282 4330/4783 5980/4784
f 3250/4785 1396/4507 5795/4786 5981/4787
f 5982/4788 803/2394 2044/4789 5983/4790
f 5984/4791 1465/1258 5986/4792 5985/4793
f 3255/4794 1467/4795 5988/4796 5987/4797
f 5990/4798 1468/4799 3399/4800 5991/4801
f 5992/4802 1469/1262 5994/4803 5993/4804
f 3260/4805 849/2497 4423/4806 5995/4807
f 5996/4808 1459/4765 3239/4809 5997/4810
f 5998/4811 801/286 4339/4812 5999/4813
f 3265/4814 1403/4536 5814/4815 6000/4816
f 6001/4817 808/2405 2049/4818 6002/4819
f 6003/4820 1472/1270 6005/4821 6004/4822
f 3270/4823 1474/4824 6007/4825 6006/4826
f 6009/4827 1475/4828 3414/4829 6010/4830
f 6011/4831 1476/1274 6013/4832 6012/4833
f 3275/4834 854/2508 4432/4835 6014/4836
f 6015/4837 1467/4795 3254/4838 6016/4839
f 6017/4840 806/290 4348/4841 6018/4842
f 3280/4843 1410/4565 5833/4844 6019/4845
f 6020/4846 813/2416 2054/4847 6021/4848
f 6022/4849 1479/1282 6024/4850 6023/4851
f 3285/4852 1481/4853 6026/4854 6025/4855
f 6028/4856 1482/4857 3429/4858 6029/4859
f 6030/4860 1483/1286 6032/4861 6031/4862
f 3290/4863 859/2519 4441/4864 6033/4865
f 6034/4866 1474/4824 3269/4867 6035/4868
f 6036/4869 811/294 4357/4870 6037/4871
f 3295/4872 1417/4594 5852/4873 6038/4874
f 6039/4875 818/2427 2059/4876 6040/4877
f 6041/4878 1486/1294 6043/4879 6042/4880
f 3300/4881 1488/4882 6045/4883 6044/4884
f 6047/4885 1489/4886 3444/4887 6048/4888
f 6049/4889 1490/1298 6051/4890 6050/4891
f 3305/4892 864/2530 4450/4893 6052/4894
f 6053/4895 1481/4853 3284/4896 6054/4897
f 6055/4898 816/298 4366/4899 6056/4900
f 3310/4901 1424/4623 5871/4902 6057/4903
f 6058/4904 823/2438 2064/4905 6059/4906
f 6060/4907 1493/1306 6062/4908 6061/4909
f 3315/4910 1495/4911 6064/4912 6063/4913
f 6066/4914 1496/4915 3459/4916 6067/4917
f 6068/4918 1497/1310 6070/4919 6069/4920
f 3320/4921 869/2541 4459/4922 6071/4923
f 6072/4924 1488/4882 3299/4925 6073/4926
f 6074/4927 821/302 4375/4928 6075/4929
f 3325/4930 1431/4652 5890/4931 6076/4932
f 6077/4933 828/2449 2069/4934 6078/4935
f 6079/4936 1500/1318 6081/4937 6080/4938
f 3330/4939 1502/4940 6083/4941 6082/4942
f 6085/4943 1503/4944 3474/4945 6086/4946
f 6087/4947 1504/1322 6089/4948 6088/4949
f 3335/4950 874/2552 4468/4951 6090/4952
f 6091/4953 1495/4911 3314/4954 6092/4955
f 6093/4956 826/306 4384/4957 6094/4958
f 3340/4959 1438/4681 5909/4960 6095/4961
f 6096/4962 833/2460 2074/4963 6097/4964
f 6098/4965 1507/1330 6100/4966 6099/4967
f 3345/4968 1509/4969 6102/4970 6101/4971
f 6104/4972 1510/4973 3489/4974 6105/4975
f 6106/4976 1511/1334 6108/4977 6107/4978
f 3350/4979 879/2563 4477/4980 6109/4981
f 6110/4982 1502/4940 3329/4983 6111/4984
f 6112/4985 831/310 4393/4986 6113/4987
f 3355/4988 1445/4710 5928/4989 6114/4990
f 6115/4991 838/2471 2079/4992 6116/4993
f 6117/4994 1514/1342 6119/4995 6118/4996
f 3360/4997 1516/4998 6121/4999 6120/5000
f 6123/5001 1517/5002 3504/5003 6124/5004
f 6125/5005 1518/1346 6127/5006 6126/5007
f 3365/5008 884/2574 4486/5009 6128/5010
f 6129/5011 1509/4969 3344/5012 6130/5013
f 6131/5014 836/314 4402/5015 6132/5016
f 3370/5017 1453/4740 5949/5018 6133/5019
f 6135/5020 1521/5021 6137/5022 6136/5023
f 6138/5024 1522/1354 6140/5025 6139/5026
f 3375/5027 1524/5028 6142/5029 6141/5030
f 6144/5031 1525/5032 3519/5033 6145/5034
f 6146/5035 1526/1358 6148/5036 6147/5037
f 3380/5038 889/2585 4495/5039 6149/5040
f 6150/5041 1516/4998 3359/5042 6151/5043
f 6152/5044 841/318 4411/5045 6153/5046
f 3385/5047 1460/4769 5968/5048 6154/5049
f 6155/5050 848/2493 2089/5051 6156/5052
f 6157/5053 1529/1366 6159/5054 6158/5055
f 3390/5056 1531/5057 6161/5058 6160/5059
f 6163/5060 1532/5061 3534/5062 6164/5063
f 6165/5064 1533/1370 6167/5065 6166/5066
f 3395/5067 894/2596 4504/5068 6168/5069
f 6170/5070 1535/5071 6172/5072 6171/5073
f 6173/5074 846/322 4420/5075 6174/5076
f 3400/5077 1468/4799 5989/5078 6175/5079
f 6176/5080 853/2504 2094/5081 6177/5082
f 6178/5083 1537/1378 6180/5084 6179/5085
f 3405/5086 1539/5087 6182/5088 6181/5089
f 6184/5090 1540/5091 3549/5092 6185/5093
f 6186/5094 1541/1382 6188/5095 6187/5096
f 3410/5097 899/2607 4513/5098 6189/5099
f 6190/5100 1531/5057 3389/5101 6191/5102
f 6192/5103 851/326 4429/5104 6193/5105
f 3415/5106 1475/4828 6008/5107 6194/5108
f 6195/5109 858/2515 2099/5110 6196/5111
f 6197/5112 1544/1390 6199/5113 6198/5114
f 3420/5115 1546/5116 6201/5117 6200/5118
f 6203/5119 1547/5120 3564/5121 6204/5122
f 6205/5123 1548/1394 6207/5124 6206/5125
f 3425/5126 904/2618 4522/5127 6208/5128
f 6209/5129 1539/5087 3404/5130 6210/5131
f 6211/5132 856/330 4438/5133 6212/5134
f 3430/5135 1482/4857 6027/5136 6213/5137
f 6214/5138 863/2526 2104/5139 6215/5140
f 6216/5141 1551/1402 6218/5142 6217/5143
f 3435/5144 1553/5145 6220/5146 6219/5147
f 6222/5148 1554/5149 3579/5150 6223/5151
f 6224/5152 1555/1406 6226/5153 6225/5154
f 3440/5155 909/2629 4531/5156 6227/5157
f 6228/5158 1546/5116 3419/5159 6229/5160
f 6230/5161 861/334 4447/5162 6231/5163
f 3445/5164 1489/4886 6046/5165 6232/5166
f 6233/5167 868/2537 2109/5168 6234/5169
f 6235/5170 1558/1414 6237/5171 6236/5172
f 3450/5173 1560/5174 6239/5175 6238/5176
f 6241/5177 1561/5178 3594/5179 6242/5180
f 6243/5181 1562/1418 6245/5182 6244/5183
f 3455/5184 914/2640 4540/5185 6246/5186
f 6247/5187 1553/5145 3434/5188 6248/5189
f 6249/5190 866/338 4456/5191 6250/5192
f 3460/5193 1496/4915 6065/5194 6251/5195
f 6252/5196 873/2548 2114/5197 6253/5198
f 6254/5199 1565/1426 6256/5200 6255/5201
f 3465/5202 1567/5203 6258/5204 6257/5205
f 6260/5206 1568/5207 3609/5208 6261/5209
f 6262/5210 1569/1430 6264/5211 6263/5212
f 3470/5213 919/2651 4549/5214 6265/5215
f 6266/5216 1560/5174 3449/5217 6267/5218
f 6268/5219 871/342 4465/5220 6269/5221
f 3475/5222 1503/4944 6084/5223 6270/5224
f 6271/5225 878/2559 2119/5226 6272/5227
f 6273/5228 1572/1438 6275/5229 6274/5230
f 3480/5231 1574/5232 6277/5233 6276/5234
f 6279/5235 1575/5236 3624/5237 6280/5238
f 6281/5239 1576/1442 6283/5240 6282/5241
f 3485/5242 924/2662 4558/5243 6284/5244
f 6285/5245 1567/5203 3464/5246 6286/5247
f 6287/5248 876/346 4474/5249 6288/5250
f 3490/5251 1510/4973 6103/5252 6289/5253
f 6290/5254 883/2570 2124/5255 6291/5256
f 6292/5257 1579/1450 6294/5258 6293/5259
f 3495/5260 1581/5261 6296/5262 6295/5263
f 6298/5264 1582/5265 3639/5266 6299/5267
f 6300/5268 1583/1454 6302/5269 6301/5270
f 3500/5271 929/2673 4567/5272 6303/5273
f 6304/5274 1574/5232 3479/5275 6305/5276
f 6306/5277 881/350 4483/5278 6307/5279
f 3505/5280 1517/5002 6122/5281 6308/5282
f 6309/5283 888/2581 2129/5284 6310/5285
f 6311/5286 1586/1462 6313/5287 6312/5288
f 3510/5289 1588/5290 6315/5291 6314/5292
f 6317/5293 1589/5294 3654/5295 6318/5296
f 6319/5297 1590/1466 6321/5298 6320/5299
f 3515/5300 934/2684 4576/5301 6322/5302
f 6323/5303 1581/5261 3494/5304 6324/5305
f 6325/5306 886/354 4492/5307 6326/5308
f 3520/5309 1525/5032 6143/5310 6327/5311
f 6329/5312 1593/5313 6331/5314 6330/5315
f 6332/5316 1594/1474 6334/5317 6333/5318
f 3525/5319 1596/5320 6336/5321 6335/5322
f 6338/5323 1597/5324 3669/5325 6339/5326
f 6340/5327 1598/1478 6342/5328 6341/5329
f 3530/5330 939/2695 4585/5331 6343/5332
f 6344/5333 1588/5290 3509/5334 6345/5335
f 6346/5336 891/358 4501/5337 6347/5338
f 3535/5339 1532/5061 6162/5340 6348/5341
f 6349/5342 898/2603 2139/5343 6350/5344
f 6351/5345 1601/1486 6353/5346 6352/5347
f 3540/5348 1603/5349 6355/5350 6354/5351
f 6357/5352 1604/5353 6359/5354 6358/5355
f 6360/5356 1605/1490 6362/5357 6361/5358
f 3545/5359 1607/5360 6364/5361 6363/5362
f 6366/5363 1608/5364 6368/5365 6367/5366
f 6369/5367 896/362 4510/5368 6370/5369
f 3550/5370 1540/5091 6183/5371 6371/5372
f 6372/5373 903/2614 2144/5374 6373/5375
f 6374/5376 1610/1498 6376/5377 6375/5378
f 3555/5379 1612/5380 6378/5381 6377/5382
f 6380/5383 1613/5384 6382/5385 6381/5386
f 6383/5387 1614/1502 6385/5388 6384/5389
f 3560/5390 1616/5391 6387/5392 6386/5393
f 6388/5394 1603/5349 3539/5395 6389/5396
f 6390/5397 901/366 4519/5398 6391/5399
f 3565/5400 1547/5120 6202/5401 6392/5402
f 6393/5403 908/2625 2149/5404 6394/5405
f 6395/5406 1618/1510 6397/5407 6396/5408
f 3570/5409 1620/5410 6399/5411 6398/5412
f 6401/5413 1621/5414 6403/5415 6402/5416
f 6404/5417 1622/1514 6406/5418 6405/5419
f 3575/5420 1624/5421 6408/5422 6407/5423
f 6409/5424 1612/5380 3554/5425 6410/5426
f 6411/5427 906/370 4528/5428 6412/5429
f 3580/5430 1554/5149 6221/5431 6413/5432
f 6414/5433 913/2636 2154/5434 6415/5435
f 6416/5436 1626/1522 6418/5437 6417/5438
f 3585/5439 1628/5440 6420/5441 6419/5442
f 6422/5443 1629/5444 6424/5445 6423/5446
f 6425/5447 1630/1526 6427/5448 6426/5449
f 3590/5450 1632/5451 6429/5452 6428/5453
f 6430/5454 1620/5410 3569/5455 6431/5456
f 6432/5457 911/374 4537/5458 6433/5459
f 3595/5460 1561/5178 6240/5461 6434/5462
f 6435/5463 918/2647 2159/5464 6436/5465
f 6437/5466 1634/1534 6439/5467 6438/5468
f 3600/5469 1636/5470 6441/5471 6440/5472
f 6443/5473 1637/5474 6445/5475 6444/5476
f 6446/5477 1638/1538 6448/5478 6447/5479
f 3605/5480 1640/5481 6450/5482 6449/5483
f 6451/5484 1628/5440 3584/5485 6452/5486
f 6453/5487 916/378 4546/5488 6454/5489
f 3610/5490 1568/5207 6259/5491 6455/5492
f 6456/5493 923/2658 2164/5494 6457/5495
f 6458/5496 1642/1546 6460/5497 6459/5498
f 3615/5499 1644/5500 6462/5501 6461/5502
f 6464/5503 1645/5504 6466/5505 6465/5506
f 6467/5507 1646/1550 6469/5508 6468/5509
f 3620/5510 1648/5511 6471/5512 6470/5513
f 6472/5514 1636/5470 3599/5515 6473/5516
f 6474/5517 921/382 4555/5518 6475/5519
f 3625/5520 1575/5236 6278/5521 6476/5522
f 6477/5523 928/2669 2169/5524 6478/5525
f 6479/5526 1650/1558 6481/5527 6480/5528
f 3630/5529 1652/5530 6483/5531 6482/5532
f 6485/5533 1653/5534 6487/5535 6486/5536
f 6488/5537 1654/1562 6490/5538 6489/5539
f 3635/5540 1656/5541 6492/5542 6491/5543
f 6493/5544 1644/5500 3614/5545 6494/5546
f 6495/5547 926/386 4564/5548 6496/5549
f 3640/5550 1582/5265 6297/5551 6497/5552
f 6498/5553 933/2680 2174/5554 6499/5555
f 6500/5556 1658/1570 6502/5557 6501/5558
f 3645/5559 1660/5560 6504/5561 6503/5562
f 6506/5563 1661/5564 6508/5565 6507/5566
f 6509/5567 1662/1574 6511/5568 6510/5569
f 3650/5570 1664/5571 6513/5572 6512/5573
f 6514/5574 1652/5530 3629/5575 6515/5576
f 6516/5577 931/390 4573/5578 6517/5579
f 3655/5580 1589/5294 6316/5581 6518/5582
f 6519/5583 938/2691 2179/5584 6520/5585
f 6521/5586 1666/1582 6523/5587 6522/5588
f 3660/5589 1668/5590 6525/5591 6524/5592
f 6527/5593 1669/5594 6529/5595 6528/5596
f 6530/5597 1670/1586 6532/5598 6531/5599
f 3665/5600 1672/5601 6534/5602 6533/5603
f 6535/5604 1660/5560 3644/5605 6536/5606
f 6537/5607 936/394 4582/5608 6538/5609
f 3670/5610 1597/5324 6337/5611 6539/5612
f 6541/5613 1674/5614 6543/5615 6542/5616
f 6544/5617 1675/1594 6546/5618 6545/5619
f 3675/5620 1677/5621 6548/5622 6547/5623
f 6550/5624 1678/5625 6552/5626 6551/5627
f 6553/5628 1679/1598 6555/5629 6554/5630
f 3680/5631 1681/5632 6557/5633 6556/5634
f 6558/5635 1668/5590 3659/5636 6559/5637
f 6560/5638 941/398 4591/5639 6561/5640
f 1683/3 126/5641 1684/5642 1682/4
f 1684/5642 443/1602 1685/1601 1682/4
f 1685/1601 442/5643 1686/1 1682/4
f 1688/7 124/5644 1689/2706 1687/8
f 1689/2706 448/1613 1690/1612 1687/8
f 1690/1612 447/5645 1691/5 1687/8
f 1693/11 129/5646 1694/2737 1692/12
f 1694/2737 453/1624 1695/1623 1692/12
f 1695/1623 452/5647 1696/9 1692/12
f 1698/15 133/5648 1699/2767 1697/16
f 1699/2767 458/1635 1700/1634 1697/16
f 1700/1634 457/5649 1701/13 1697/16
f 1703/19 137/5650 1704/2797 1702/20
f 1704/2797 463/1646 1705/1645 1702/20
f 1705/1645 462/5651 1706/17 1702/20
f 1708/23 141/5652 1709/2827 1707/24
f 1709/2827 468/1657 1710/1656 1707/24
f 1710/1656 467/5653 1711/21 1707/24
f 1713/27 145/5654 1714/2857 1712/28
f 1714/2857 473/1668 1715/1667 1712/28
f 1715/1667 472/5655 1716/25 1712/28
f 1718/31 149/5656 1719/2887 1717/32
f 1719/2887 478/1679 1720/1678 1717/32
f 1720/1678 477/5657 1721/29 1717/32
f 1723/35 153/5658 1724/2917 1722/36
f 1724/2917 483/1690 1725/1689 1722/36
f 1725/1689 482/5659 1726/33 1722/36
f 1728/39 157/5660 1729/2947 1727/40
f 1729/2947 488/1701 1730/1700 1727/40
f 1730/1700 487/5661 1731/37 1727/40
f 1733/43 166/5662 1734/5663 1732/44
f 1734/5663 493/1712 1735/1711 1732/44
f 1735/1711 492/5664 1736/41 1732/44
f 1738/47 164/5665 1739/3007 1737/48
f 1739/3007 498/1723 1740/1722 1737/48
f 1740/1722 497/5666 1741/45 1737/48
f 1743/51 168/5667 1744/3037 1742/52
f 1744/3037 503/1734 1745/1733 1742/52
f 1745/1733 502/5668 1746/49 1742/52
f 1748/55 171/5669 1749/3066 1747/56
f 1749/3066 508/1745 1750/1744 1747/56
f 1750/1744 507/5670 1751/53 1747/56
f 1753/59 174/5671 1754/3095 1752/60
f 1754/3095 513/1756 1755/1755 1752/60
f 1755/1755 512/5672 1756/57 1752/60
f 1758/63 177/5673 1759/3124 1757/64
f 1759/3124 518/1767 1760/1766 1757/64
f 1760/1766 517/5674 1761/61 1757/64
f 1763/67 180/5675 1764/3153 1762/68
f 1764/3153 523/1778 1765/1777 1762/68
f 1765/1777 522/5676 1766/65 1762/68
f 1768/71 183/5677 1769/3182 1767/72
f 1769/3182 528/1789 1770/1788 1767/72
f 1770/1788 527/5678 1771/69 1767/72
f 1773/75 186/5679 1774/3211 1772/76
f 1774/3211 533/1800 1775/1799 1772/76
f 1775/1799 532/5680 1776/73 1772/76
f 1778/79 189/5681 1779/3240 1777/80
f 1779/3240 538/1811 1780/1810 1777/80
f 1780/1810 537/5682 1781/77 1777/80
f 1783/83 197/5683 1784/5684 1782/84
f 1784/5684 543/1822 1785/1821 1782/84
f 1785/1821 542/5685 1786/81 1782/84
f 1788/87 195/5686 1789/3299 1787/88
f 1789/3299 548/1833 1790/1832 1787/88
f 1790/1832 547/5687 1791/85 1787/88
f 1793/91 199/5688 1794/3329 1792/92
f 1794/3329 553/1844 1795/1843 1792/92
f 1795/1843 552/5689 1796/89 1792/92
f 1798/95 202/5690 1799/3358 1797/96
f 1799/3358 558/1855 1800/1854 1797/96
f 1800/1854 557/5691 1801/93 1797/96
f 1803/99 205/5692 1804/3387 1802/100
f 1804/3387 563/1866 1805/1865 1802/100
f 1805/1865 562/5693 1806/97 1802/100
f 1808/103 208/5694 1809/3416 1807/104
f 1809/3416 568/1877 1810/1876 1807/104
f 1810/1876 567/5695 1811/101 1807/104
f 1813/107 211/5696 1814/3445 1812/108
f 1814/3445 573/1888 1815/1887 1812/108
f 1815/1887 572/5697 1816/105 1812/108
f 1818/111 214/5698 1819/3474 1817/112
f 1819/3474 578/1899 1820/1898 1817/112
f 1820/1898 577/5699 1821/109 1817/112
f 1823/115 217/5700 1824/3503 1822/116
f 1824/3503 583/1910 1825/1909 1822/116
f 1825/1909 582/5701 1826/113 1822/116
f 1828/119 220/5702 1829/3532 1827/120
f 1829/3532 588/1921 1830/1920 1827/120
f 1830/1920 587/5703 1831/117 1827/120
f 1833/123 228/5704 1834/5705 1832/124
f 1834/5705 593/1932 1835/1931 1832/124
f 1835/1931 592/5706 1836/121 1832/124
f 1838/127 226/5707 1839/3591 1837/128
f 1839/3591 598/1943 1840/1942 1837/128
f 1840/1942 597/5708 1841/125 1837/128
f 1843/131 230/5709 1844/3621 1842/132
f 1844/3621 603/1954 1845/1953 1842/132
f 1845/1953 602/5710 1846/129 1842/132
f 1848/135 233/5711 1849/3650 1847/136
f 1849/3650 608/1965 1850/1964 1847/136
f 1850/1964 607/5712 1851/133 1847/136
f 1853/139 236/5713 1854/3679 1852/140
f 1854/3679 613/1976 1855/1975 1852/140
f 1855/1975 612/5714 1856/137 1852/140
f 1858/143 239/5715 1859/3708 1857/144
f 1859/3708 618/1987 1860/1986 1857/144
f 1860/1986 617/5716 1861/141 1857/144
f 1863/147 242/5717 1864/3737 1862/148
f 1864/3737 623/1998 1865/1997 1862/148
f 1865/1997 622/5718 1866/145 1862/148
f 1868/151 245/5719 1869/3766 1867/152
f 1869/3766 628/2009 1870/2008 1867/152
f 1870/2008 627/5720 1871/149 1867/152
f 1873/155 248/5721 1874/3795 1872/156
f 1874/3795 633/2020 1875/2019 1872/156
f 1875/2019 632/5722 1876/153 1872/156
f 1878/159 251/5723 1879/3824 1877/160
f 1879/3824 638/2031 1880/2030 1877/160
f 1880/2030 637/5724 1881/157 1877/160
f 1883/163 259/5725 1884/5726 1882/164
f 1884/5726 643/2042 1885/2041 1882/164
f 1885/2041 642/5727 1886/161 1882/164
f 1888/167 257/5728 1889/3883 1887/168
f 1889/3883 648/2053 1890/2052 1887/168
f 1890/2052 647/5729 1891/165 1887/168
f 1893/171 261/5730 1894/3913 1892/172
f 1894/3913 653/2064 1895/2063 1892/172
f 1895/2063 652/5731 1896/169 1892/172
f 1898/175 264/5732 1899/3942 1897/176
f 1899/3942 658/2075 1900/2074 1897/176
f 1900/2074 657/5733 1901/173 1897/176
f 1903/179 267/5734 1904/3971 1902/180
f 1904/3971 663/2086 1905/2085 1902/180
f 1905/2085 662/5735 1906/177 1902/180
f 1908/183 270/5736 1909/4000 1907/184
f 1909/4000 668/2097 1910/2096 1907/184
f 1910/2096 667/5737 1911/181 1907/184
f 1913/187 273/5738 1914/4029 1912/188
f 1914/4029 673/2108 1915/2107 1912/188
f 1915/2107 672/5739 1916/185 1912/188
f 1918/191 276/5740 1919/4058 1917/192
f 1919/4058 678/2119 1920/2118 1917/192
f 1920/2118 677/5741 1921/189 1917/192
f 1923/195 279/5742 1924/4087 1922/196
f 1924/4087 683/2130 1925/2129 1922/196
f 1925/2129 682/5743 1926/193 1922/196
f 1928/199 282/5744 1929/4116 1927/200
f 1929/4116 688/2141 1930/2140 1927/200
f 1930/2140 687/5745 1931/197 1927/200
f 1933/203 290/5746 1934/5747 1932/204
f 1934/5747 693/2152 1935/2151 1932/204
f 1935/2151 692/5748 1936/201 1932/204
f 1938/207 288/5749 1939/4175 1937/208
f 1939/4175 698/2163 1940/2162 1937/208
f 1940/2162 697/5750 1941/205 1937/208
f 1943/211 292/5751 1944/4205 1942/212
f 1944/4205 703/2174 1945/2173 1942/212
f 1945/2173 702/5752 1946/209 1942/212
f 1948/215 295/5753 1949/4234 1947/216
f 1949/4234 708/2185 1950/2184 1947/216
f 1950/2184 707/5754 1951/213 1947/216
f 1953/219 298/5755 1954/4263 1952/220
f 1954/4263 713/2196 1955/2195 1952/220
f 1955/2195 712/5756 1956/217 1952/220
f 1958/223 301/5757 1959/4292 1957/224
f 1959/4292 718/2207 1960/2206 1957/224
f 1960/2206 717/5758 1961/221 1957/224
f 1963/227 304/5759 1964/4321 1962/228
f 1964/4321 723/2218 1965/2217 1962/228
f 1965/2217 722/5760 1966/225 1962/228
f 1968/231 307/5761 1969/4350 1967/232
f 1969/4350 728/2229 1970/2228 1967/232
f 1970/2228 727/5762 1971/229 1967/232
f 1973/235 310/5763 1974/4379 1972/236
f 1974/4379 733/2240 1975/2239 1972/236
f 1975/2239 732/5764 1976/233 1972/236
f 1978/239 313/5765 1979/4408 1977/240
f 1979/4408 738/2251 1980/2250 1977/240
f 1980/2250 737/5766 1981/237 1977/240
f 1983/243 321/5767 1984/5768 1982/244
f 1984/5768 743/2262 1985/2261 1982/244
f 1985/2261 742/5769 1986/241 1982/244
f 1988/247 319/5770 1989/4467 1987/248
f 1989/4467 748/2273 1990/2272 1987/248
f 1990/2272 747/5771 1991/245 1987/248
f 1993/251 323/5772 1994/4497 1992/252
f 1994/4497 753/2284 1995/2283 1992/252
f 1995/2283 752/5773 1996/249 1992/252
f 1998/255 326/5774 1999/4526 1997/256
f 1999/4526 758/2295 2000/2294 1997/256
f 2000/2294 757/5775 2001/253 1997/256
f 2003/259 329/5776 2004/4555 2002/260
f 2004/4555 763/2306 2005/2305 2002/260
f 2005/2305 762/5777 2006/257 2002/260
f 2008/263 332/5778 2009/4584 2007/264
f 2009/4584 768/2317 2010/2316 2007/264
f 2010/2316 767/5779 2011/261 2007/264
f 2013/267 335/5780 2014/4613 2012/268
f 2014/4613 773/2328 2015/2327 2012/268
f 2015/2327 772/5781 2016/265 2012/268
f 2018/271 338/5782 2019/4642 2017/272
f 2019/4642 778/2339 2020/2338 2017/272
f 2020/2338 777/5783 2021/269 2017/272
f 2023/275 341/5784 2024/4671 2022/276
f 2024/4671 783/2350 2025/2349 2022/276
f 2025/2349 782/5785 2026/273 2022/276
f 2028/279 344/5786 2029/4700 2027/280
f 2029/4700 788/2361 2030/2360 2027/280
f 2030/2360 787/5787 2031/277 2027/280
f 2033/283 352/5788 2034/5789 2032/284
f 2034/5789 793/2372 2035/2371 2032/284
f 2035/2371 792/5790 2036/281 2032/284
f 2038/287 350/5791 2039/4759 2037/288
f 2039/4759 798/2383 2040/2382 2037/288
f 2040/2382 797/5792 2041/285 2037/288
f 2043/291 354/5793 2044/4789 2042/292
f 2044/4789 803/2394 2045/2393 2042/292
f 2045/2393 802/5794 2046/289 2042/292
f 2048/295 357/5795 2049/4818 2047/296
f 2049/4818 808/2405 2050/2404 2047/296
f 2050/2404 807/5796 2051/293 2047/296
f 2053/299 360/5797 2054/4847 2052/300
f 2054/4847 813/2416 2055/2415 2052/300
f 2055/2415 812/5798 2056/297 2052/300
f 2058/303 363/5799 2059/4876 2057/304
f 2059/4876 818/2427 2060/2426 2057/304
f 2060/2426 817/5800 2061/301 2057/304
f 2063/307 366/5801 2064/4905 2062/308
f 2064/4905 823/2438 2065/2437 2062/308
f 2065/2437 822/5802 2066/305 2062/308
f 2068/311 369/5803 2069/4934 2067/312
f 2069/4934 828/2449 2070/2448 2067/312
f 2070/2448 827/5804 2071/309 2067/312
f 2073/315 372/5805 2074/4963 2072/316
f 2074/4963 833/2460 2075/2459 2072/316
f 2075/2459 832/5806 2076/313 2072/316
f 2078/319 375/5807 2079/4992 2077/320
f 2079/4992 838/2471 2080/2470 2077/320
f 2080/2470 837/5808 2081/317 2077/320
f 2083/323 383/5809 2084/5810 2082/324
f 2084/5810 843/2482 2085/2481 2082/324
f 2085/2481 842/5811 2086/321 2082/324
f 2088/327 381/5812 2089/5051 2087/328
f 2089/5051 848/2493 2090/2492 2087/328
f 2090/2492 847/5813 2091/325 2087/328
f 2093/331 385/5814 2094/5081 2092/332
f 2094/5081 853/2504 2095/2503 2092/332
f 2095/2503 852/5815 2096/329 2092/332
f 2098/335 388/5816 2099/5110 2097/336
f 2099/5110 858/2515 2100/2514 2097/336
f 2100/2514 857/5817 2101/333 2097/336
f 2103/339 391/5818 2104/5139 2102/340
f 2104/5139 863/2526 2105/2525 2102/340
f 2105/2525 862/5819 2106/337 2102/340
f 2108/343 394/5820 2109/5168 2107/344
f 2109/5168 868/2537 2110/2536 2107/344
f 2110/2536 867/5821 2111/341 2107/344
f 2113/347 397/5822 2114/5197 2112/348
f 2114/5197 873/2548 2115/2547 2112/348
f 2115/2547 872/5823 2116/345 2112/348
f 2118/351 400/5824 2119/5226 2117/352
f 2119/5226 878/2559 2120/2558 2117/352
f 2120/2558 877/5825 2121/349 2117/352
f 2123/355 403/5826 2124/5255 2122/356
f 2124/5255 883/2570 2125/2569 2122/356
f 2125/2569 882/5827 2126/353 2122/356
f 2128/359 406/5828 2129/5284 2127/360
f 2129/5284 888/2581 2130/2580 2127/360
f 2130/2580 887/5829 2131/357 2127/360
f 2133/363 414/5830 2134/5831 2132/364
f 2134/5831 893/2592 2135/2591 2132/364
f 2135/2591 892/5832 2136/361 2132/364
f 2138/367 412/5833 2139/5343 2137/368
f 2139/5343 898/2603 2140/2602 2137/368
f 2140/2602 897/5834 2141/365 2137/368
f 2143/371 416/5835 2144/5374 2142/372
f 2144/5374 903/2614 2145/2613 2142/372
f 2145/2613 902/5836 2146/369 2142/372
f 2148/375 419/5837 2149/5404 2147/376
f 2149/5404 908/2625 2150/2624 2147/376
f 2150/2624 907/5838 2151/373 2147/376
f 2153/379 422/5839 2154/5434 2152/380
f 2154/5434 913/2636 2155/2635 2152/380
f 2155/2635 912/5840 2156/377 2152/380
f 2158/383 425/5841 2159/5464 2157/384
f 2159/5464 918/2647 2160/2646 2157/384
f 2160/2646 917/5842 2161/381 2157/384
f 2163/387 428/5843 2164/5494 2162/388
f 2164/5494 923/2658 2165/2657 2162/388
f 2165/2657 922/5844 2166/385 2162/388
f 2168/391 431/5845 2169/5524 2167/392
f 2169/5524 928/2669 2170/2668 2167/392
f 2170/2668 927/5846 2171/389 2167/392
f 2173/395 434/5847 2174/5554 2172/396
f 2174/5554 933/2680 2175/2679 2172/396
f 2175/2679 932/5848 2176/393 2172/396
f 2178/399 437/5849 2179/5584 2177/400
f 2179/5584 938/2691 2180/2690 2177/400
f 2180/2690 937/5850 2181/397 2177/400
f 2183/403 123/5851 2184/5852 2182/404
f 2184/5852 943/2702 2185/2701 2182/404
f 2185/2701 942/5853 2186/401 2182/404
f 2188/407 124/5644 2189/2757 2187/408
f 2189/2757 946/2712 2190/2711 2187/408
f 2190/2711 945/5854 2191/405 2187/408
f 2193/411 125/5855 2194/1717 2192/412
f 2194/1717 494/1716 2195/2722 2192/412
f 2195/2722 949/5856 2196/409 2192/412
f 2198/415 128/5857 2199/5858 2197/416
f 2199/5858 952/2733 2200/2732 2197/416
f 2200/2732 951/5859 2201/413 2197/416
f 2203/419 129/5646 2204/2787 2202/420
f 2204/2787 955/2743 2205/2742 2202/420
f 2205/2742 954/5860 2206/417 2202/420
f 2208/423 130/5861 2209/1728 2207/424
f 2209/1728 499/1727 2210/2753 2207/424
f 2210/2753 958/5862 2211/421 2207/424
f 2213/427 132/5863 2214/5864 2212/428
f 2214/5864 960/2763 2215/2762 2212/428
f 2215/2762 959/5865 2216/425 2212/428
f 2218/431 133/5648 2219/2817 2217/432
f 2219/2817 963/2773 2220/2772 2217/432
f 2220/2772 962/5866 2221/429 2217/432
f 2223/435 134/5867 2224/1739 2222/436
f 2224/1739 504/1738 2225/2783 2222/436
f 2225/2783 966/5868 2226/433 2222/436
f 2228/439 136/5869 2229/5870 2227/440
f 2229/5870 968/2793 2230/2792 2227/440
f 2230/2792 967/5871 2231/437 2227/440
f 2233/443 137/5650 2234/2847 2232/444
f 2234/2847 971/2803 2235/2802 2232/444
f 2235/2802 970/5872 2236/441 2232/444
f 2238/447 138/5873 2239/1750 2237/448
f 2239/1750 509/1749 2240/2813 2237/448
f 2240/2813 974/5874 2241/445 2237/448
f 2243/451 140/5875 2244/5876 2242/452
f 2244/5876 976/2823 2245/2822 2242/452
f 2245/2822 975/5877 2246/449 2242/452
f 2248/455 141/5652 2249/2877 2247/456
f 2249/2877 979/2833 2250/2832 2247/456
f 2250/2832 978/5878 2251/453 2247/456
f 2253/459 142/5879 2254/1761 2252/460
f 2254/1761 514/1760 2255/2843 2252/460
f 2255/2843 982/5880 2256/457 2252/460
f 2258/463 144/5881 2259/5882 2257/464
f 2259/5882 984/2853 2260/2852 2257/464
f 2260/2852 983/5883 2261/461 2257/464
f 2263/467 145/5654 2264/2907 2262/468
f 2264/2907 987/2863 2265/2862 2262/468
f 2265/2862 986/5884 2266/465 2262/468
f 2268/471 146/5885 2269/1772 2267/472
f 2269/1772 519/1771 2270/2873 2267/472
f 2270/2873 990/5886 2271/469 2267/472
f 2273/475 148/5887 2274/5888 2272/476
f 2274/5888 992/2883 2275/2882 2272/476
f 2275/2882 991/5889 2276/473 2272/476
f 2278/479 149/5656 2279/2937 2277/480
f 2279/2937 995/2893 2280/2892 2277/480
f 2280/2892 994/5890 2281/477 2277/480
f 2283/483 150/5891 2284/1783 2282/484
f 2284/1783 524/1782 2285/2903 2282/484
f 2285/2903 998/5892 2286/481 2282/484
f 2288/487 152/5893 2289/5894 2287/488
f 2289/5894 1000/2913 2290/2912 2287/488
f 2290/2912 999/5895 2291/485 2287/488
f 2293/491 153/5658 2294/2967 2292/492
f 2294/2967 1003/2923 2295/2922 2292/492
f 2295/2922 1002/5896 2296/489 2292/492
f 2298/495 154/5897 2299/1794 2297/496
f 2299/1794 529/1793 2300/2933 2297/496
f 2300/2933 1006/5898 2301/493 2297/496
f 2303/499 156/5899 2304/5900 2302/500
f 2304/5900 1008/2943 2305/2942 2302/500
f 2305/2942 1007/5901 2306/497 2302/500
f 2308/503 157/5660 2309/2998 2307/504
f 2309/2998 1011/2953 2310/2952 2307/504
f 2310/2952 1010/5902 2311/501 2307/504
f 2313/507 158/5903 2314/1805 2312/508
f 2314/1805 534/1804 2315/2963 2312/508
f 2315/2963 1014/5904 2316/505 2312/508
f 2318/511 160/5905 2319/5906 2317/512
f 2319/5906 1016/2973 2320/2972 2317/512
f 2320/2972 1015/5907 2321/509 2317/512
f 2323/515 161/5908 2324/5909 2322/516
f 2324/5909 1020/2984 2325/2983 2322/516
f 2325/2983 1019/5910 2326/513 2322/516
f 2328/519 162/5911 2329/1816 2327/520
f 2329/1816 539/1815 2330/2994 2327/520
f 2330/2994 1023/5912 2331/517 2327/520
f 2333/523 125/5855 2334/2717 2332/524
f 2334/2717 947/2716 2335/3003 2332/524
f 2335/3003 1024/5913 2336/521 2332/524
f 2338/527 164/5665 2339/3057 2337/528
f 2339/3057 1027/3013 2340/3012 2337/528
f 2340/3012 1026/5914 2341/525 2337/528
f 2343/531 165/5915 2344/1827 2342/532
f 2344/1827 544/1826 2345/3023 2342/532
f 2345/3023 1030/5916 2346/529 2342/532
f 2348/535 130/5861 2349/2748 2347/536
f 2349/2748 956/2747 2350/3033 2347/536
f 2350/3033 1032/5917 2351/533 2347/536
f 2353/539 168/5667 2354/3086 2352/540
f 2354/3086 1035/3043 2355/3042 2352/540
f 2355/3042 1034/5918 2356/537 2352/540
f 2358/543 169/5919 2359/1838 2357/544
f 2359/1838 549/1837 2360/3053 2357/544
f 2360/3053 1038/5920 2361/541 2357/544
f 2363/547 134/5867 2364/2778 2362/548
f 2364/2778 964/2777 2365/3062 2362/548
f 2365/3062 1039/5921 2366/545 2362/548
f 2368/551 171/5669 2369/3115 2367/552
f 2369/3115 1042/3072 2370/3071 2367/552
f 2370/3071 1041/5922 2371/549 2367/552
f 2373/555 172/5923 2374/1849 2372/556
f 2374/1849 554/1848 2375/3082 2372/556
f 2375/3082 1045/5924 2376/553 2372/556
f 2378/559 138/5873 2379/2808 2377/560
f 2379/2808 972/2807 2380/3091 2377/560
f 2380/3091 1046/5925 2381/557 2377/560
f 2383/563 174/5671 2384/3144 2382/564
f 2384/3144 1049/3101 2385/3100 2382/564
f 2385/3100 1048/5926 2386/561 2382/564
f 2388/567 175/5927 2389/1860 2387/568
f 2389/1860 559/1859 2390/3111 2387/568
f 2390/3111 1052/5928 2391/565 2387/568
f 2393/571 142/5879 2394/2838 2392/572
f 2394/2838 980/2837 2395/3120 2392/572
f 2395/3120 1053/5929 2396/569 2392/572
f 2398/575 177/5673 2399/3173 2397/576
f 2399/3173 1056/3130 2400/3129 2397/576
f 2400/3129 1055/5930 2401/573 2397/576
f 2403/579 178/5931 2404/1871 2402/580
f 2404/1871 564/1870 2405/3140 2402/580
f 2405/3140 1059/5932 2406/577 2402/580
f 2408/583 146/5885 2409/2868 2407/584
f 2409/2868 988/2867 2410/3149 2407/584
f 2410/3149 1060/5933 2411/581 2407/584
f 2413/587 180/5675 2414/3202 2412/588
f 2414/3202 1063/3159 2415/3158 2412/588
f 2415/3158 1062/5934 2416/585 2412/588
f 2418/591 181/5935 2419/1882 2417/592
f 2419/1882 569/1881 2420/3169 2417/592
f 2420/3169 1066/5936 2421/589 2417/592
f 2423/595 150/5891 2424/2898 2422/596
f 2424/2898 996/2897 2425/3178 2422/596
f 2425/3178 1067/5937 2426/593 2422/596
f 2428/599 183/5677 2429/3231 2427/600
f 2429/3231 1070/3188 2430/3187 2427/600
f 2430/3187 1069/5938 2431/597 2427/600
f 2433/603 184/5939 2434/1893 2432/604
f 2434/1893 574/1892 2435/3198 2432/604
f 2435/3198 1073/5940 2436/601 2432/604
f 2438/607 154/5897 2439/2928 2437/608
f 2439/2928 1004/2927 2440/3207 2437/608
f 2440/3207 1074/5941 2441/605 2437/608
f 2443/611 186/5679 2444/3260 2442/612
f 2444/3260 1077/3217 2445/3216 2442/612
f 2445/3216 1076/5942 2446/609 2442/612
f 2448/615 187/5943 2449/1904 2447/616
f 2449/1904 579/1903 2450/3227 2447/616
f 2450/3227 1080/5944 2451/613 2447/616
f 2453/619 158/5903 2454/2958 2452/620
f 2454/2958 1012/2957 2455/3236 2452/620
f 2455/3236 1081/5945 2456/617 2452/620
f 2458/623 189/5681 2459/3290 2457/624
f 2459/3290 1084/3246 2460/3245 2457/624
f 2460/3245 1083/5946 2461/621 2457/624
f 2463/627 190/5947 2464/1915 2462/628
f 2464/1915 584/1914 2465/3256 2462/628
f 2465/3256 1087/5948 2466/625 2462/628
f 2468/631 162/5911 2469/2989 2467/632
f 2469/2989 1021/2988 2470/3265 2467/632
f 2470/3265 1088/5949 2471/629 2467/632
f 2473/635 192/5950 2474/5951 2472/636
f 2474/5951 1092/3276 2475/3275 2472/636
f 2475/3275 1091/5952 2476/633 2472/636
f 2478/639 193/5953 2479/1926 2477/640
f 2479/1926 589/1925 2480/3286 2477/640
f 2480/3286 1095/5954 2481/637 2477/640
f 2483/643 165/5915 2484/3018 2482/644
f 2484/3018 1028/3017 2485/3295 2482/644
f 2485/3295 1096/5955 2486/641 2482/644
f 2488/647 195/5686 2489/3349 2487/648
f 2489/3349 1099/3305 2490/3304 2487/648
f 2490/3304 1098/5956 2491/645 2487/648
f 2493/651 196/5957 2494/1937 2492/652
f 2494/1937 594/1936 2495/3315 2492/652
f 2495/3315 1102/5958 2496/649 2492/652
f 2498/655 169/5919 2499/3048 2497/656
f 2499/3048 1036/3047 2500/3325 2497/656
f 2500/3325 1104/5959 2501/653 2497/656
f 2503/659 199/5688 2504/3378 2502/660
f 2504/3378 1107/3335 2505/3334 2502/660
f 2505/3334 1106/5960 2506/657 2502/660
f 2508/663 200/5961 2509/1948 2507/664
f 2509/1948 599/1947 2510/3345 2507/664
f 2510/3345 1110/5962 2511/661 2507/664
f 2513/667 172/5923 2514/3077 2512/668
f 2514/3077 1043/3076 2515/3354 2512/668
f 2515/3354 1111/5963 2516/665 2512/668
f 2518/671 202/5690 2519/3407 2517/672
f 2519/3407 1114/3364 2520/3363 2517/672
f 2520/3363 1113/5964 2521/669 2517/672
f 2523/675 203/5965 2524/1959 2522/676
f 2524/1959 604/1958 2525/3374 2522/676
f 2525/3374 1117/5966 2526/673 2522/676
f 2528/679 175/5927 2529/3106 2527/680
f 2529/3106 1050/3105 2530/3383 2527/680
f 2530/3383 1118/5967 2531/677 2527/680
f 2533/683 205/5692 2534/3436 2532/684
f 2534/3436 1121/3393 2535/3392 2532/684
f 2535/3392 1120/5968 2536/681 2532/684
f 2538/687 206/5969 2539/1970 2537/688
f 2539/1970 609/1969 2540/3403 2537/688
f 2540/3403 1124/5970 2541/685 2537/688
f 2543/691 178/5931 2544/3135 2542/692
f 2544/3135 1057/3134 2545/3412 2542/692
f 2545/3412 1125/5971 2546/689 2542/692
f 2548/695 208/5694 2549/3465 2547/696
f 2549/3465 1128/3422 2550/3421 2547/696
f 2550/3421 1127/5972 2551/693 2547/696
f 2553/699 209/5973 2554/1981 2552/700
f 2554/1981 614/1980 2555/3432 2552/700
f 2555/3432 1131/5974 2556/697 2552/700
f 2558/703 181/5935 2559/3164 2557/704
f 2559/3164 1064/3163 2560/3441 2557/704
f 2560/3441 1132/5975 2561/701 2557/704
f 2563/707 211/5696 2564/3494 2562/708
f 2564/3494 1135/3451 2565/3450 2562/708
f 2565/3450 1134/5976 2566/705 2562/708
f 2568/711 212/5977 2569/1992 2567/712
f 2569/1992 619/1991 2570/3461 2567/712
f 2570/3461 1138/5978 2571/709 2567/712
f 2573/715 184/5939 2574/3193 2572/716
f 2574/3193 1071/3192 2575/3470 2572/716
f 2575/3470 1139/5979 2576/713 2572/716
f 2578/719 214/5698 2579/3523 2577/720
f 2579/3523 1142/3480 2580/3479 2577/720
f 2580/3479 1141/5980 2581/717 2577/720
f 2583/723 215/5981 2584/2003 2582/724
f 2584/2003 624/2002 2585/3490 2582/724
f 2585/3490 1145/5982 2586/721 2582/724
f 2588/727 187/5943 2589/3222 2587/728
f 2589/3222 1078/3221 2590/3499 2587/728
f 2590/3499 1146/5983 2591/725 2587/728
f 2593/731 217/5700 2594/3552 2592/732
f 2594/3552 1149/3509 2595/3508 2592/732
f 2595/3508 1148/5984 2596/729 2592/732
f 2598/735 218/5985 2599/2014 2597/736
f 2599/2014 629/2013 2600/3519 2597/736
f 2600/3519 1152/5986 2601/733 2597/736
f 2603/739 190/5947 2604/3251 2602/740
f 2604/3251 1085/3250 2605/3528 2602/740
f 2605/3528 1153/5987 2606/737 2602/740
f 2608/743 220/5702 2609/3582 2607/744
f 2609/3582 1156/3538 2610/3537 2607/744
f 2610/3537 1155/5988 2611/741 2607/744
f 2613/747 221/5989 2614/2025 2612/748
f 2614/2025 634/2024 2615/3548 2612/748
f 2615/3548 1159/5990 2616/745 2612/748
f 2618/751 193/5953 2619/3281 2617/752
f 2619/3281 1093/3280 2620/3557 2617/752
f 2620/3557 1160/5991 2621/749 2617/752
f 2623/755 223/5992 2624/5993 2622/756
f 2624/5993 1164/3568 2625/3567 2622/756
f 2625/3567 1163/5994 2626/753 2622/756
f 2628/759 224/5995 2629/2036 2627/760
f 2629/2036 639/2035 2630/3578 2627/760
f 2630/3578 1167/5996 2631/757 2627/760
f 2633/763 196/5957 2634/3310 2632/764
f 2634/3310 1100/3309 2635/3587 2632/764
f 2635/3587 1168/5997 2636/761 2632/764
f 2638/767 226/5707 2639/3641 2637/768
f 2639/3641 1171/3597 2640/3596 2637/768
f 2640/3596 1170/5998 2641/765 2637/768
f 2643/771 227/5999 2644/2047 2642/772
f 2644/2047 644/2046 2645/3607 2642/772
f 2645/3607 1174/6000 2646/769 2642/772
f 2648/775 200/5961 2649/3340 2647/776
f 2649/3340 1108/3339 2650/3617 2647/776
f 2650/3617 1176/6001 2651/773 2647/776
f 2653/779 230/5709 2654/3670 2652/780
f 2654/3670 1179/3627 2655/3626 2652/780
f 2655/3626 1178/6002 2656/777 2652/780
f 2658/783 231/6003 2659/2058 2657/784
f 2659/2058 649/2057 2660/3637 2657/784
f 2660/3637 1182/6004 2661/781 2657/784
f 2663/787 203/5965 2664/3369 2662/788
f 2664/3369 1115/3368 2665/3646 2662/788
f 2665/3646 1183/6005 2666/785 2662/788
f 2668/791 233/5711 2669/3699 2667/792
f 2669/3699 1186/3656 2670/3655 2667/792
f 2670/3655 1185/6006 2671/789 2667/792
f 2673/795 234/6007 2674/2069 2672/796
f 2674/2069 654/2068 2675/3666 2672/796
f 2675/3666 1189/6008 2676/793 2672/796
f 2678/799 206/5969 2679/3398 2677/800
f 2679/3398 1122/3397 2680/3675 2677/800
f 2680/3675 1190/6009 2681/797 2677/800
f 2683/803 236/5713 2684/3728 2682/804
f 2684/3728 1193/3685 2685/3684 2682/804
f 2685/3684 1192/6010 2686/801 2682/804
f 2688/807 237/6011 2689/2080 2687/808
f 2689/2080 659/2079 2690/3695 2687/808
f 2690/3695 1196/6012 2691/805 2687/808
f 2693/811 209/5973 2694/3427 2692/812
f 2694/3427 1129/3426 2695/3704 2692/812
f 2695/3704 1197/6013 2696/809 2692/812
f 2698/815 239/5715 2699/3757 2697/816
f 2699/3757 1200/3714 2700/3713 2697/816
f 2700/3713 1199/6014 2701/813 2697/816
f 2703/819 240/6015 2704/2091 2702/820
f 2704/2091 664/2090 2705/3724 2702/820
f 2705/3724 1203/6016 2706/817 2702/820
f 2708/823 212/5977 2709/3456 2707/824
f 2709/3456 1136/3455 2710/3733 2707/824
f 2710/3733 1204/6017 2711/821 2707/824
f 2713/827 242/5717 2714/3786 2712/828
f 2714/3786 1207/3743 2715/3742 2712/828
f 2715/3742 1206/6018 2716/825 2712/828
f 2718/831 243/6019 2719/2102 2717/832
f 2719/2102 669/2101 2720/3753 2717/832
f 2720/3753 1210/6020 2721/829 2717/832
f 2723/835 215/5981 2724/3485 2722/836
f 2724/3485 1143/3484 2725/3762 2722/836
f 2725/3762 1211/6021 2726/833 2722/836
f 2728/839 245/5719 2729/3815 2727/840
f 2729/3815 1214/3772 2730/3771 2727/840
f 2730/3771 1213/6022 2731/837 2727/840
f 2733/843 246/6023 2734/2113 2732/844
f 2734/2113 674/2112 2735/3782 2732/844
f 2735/3782 1217/6024 2736/841 2732/844
f 2738/847 218/5985 2739/3514 2737/848
f 2739/3514 1150/3513 2740/3791 2737/848
f 2740/3791 1218/6025 2741/845 2737/848
f 2743/851 248/5721 2744/3844 2742/852
f 2744/3844 1221/3801 2745/3800 2742/852
f 2745/3800 1220/6026 2746/849 2742/852
f 2748/855 249/6027 2749/2124 2747/856
f 2749/2124 679/2123 2750/3811 2747/856
f 2750/3811 1224/6028 2751/853 2747/856
f 2753/859 221/5989 2754/3543 2752/860
f 2754/3543 1157/3542 2755/3820 2752/860
f 2755/3820 1225/6029 2756/857 2752/860
f 2758/863 251/5723 2759/3874 2757/864
f 2759/3874 1228/3830 2760/3829 2757/864
f 2760/3829 1227/6030 2761/861 2757/864
f 2763/867 252/6031 2764/2135 2762/868
f 2764/2135 684/2134 2765/3840 2762/868
f 2765/3840 1231/6032 2766/865 2762/868
f 2768/871 224/5995 2769/3573 2767/872
f 2769/3573 1165/3572 2770/3849 2767/872
f 2770/3849 1232/6033 2771/869 2767/872
f 2773/875 254/6034 2774/6035 2772/876
f 2774/6035 1236/3860 2775/3859 2772/876
f 2775/3859 1235/6036 2776/873 2772/876
f 2778/879 255/6037 2779/2146 2777/880
f 2779/2146 689/2145 2780/3870 2777/880
f 2780/3870 1239/6038 2781/877 2777/880
f 2783/883 227/5999 2784/3602 2782/884
f 2784/3602 1172/3601 2785/3879 2782/884
f 2785/3879 1240/6039 2786/881 2782/884
f 2788/887 257/5728 2789/3933 2787/888
f 2789/3933 1243/3889 2790/3888 2787/888
f 2790/3888 1242/6040 2791/885 2787/888
f 2793/891 258/6041 2794/2157 2792/892
f 2794/2157 694/2156 2795/3899 2792/892
f 2795/3899 1246/6042 2796/889 2792/892
f 2798/895 231/6003 2799/3632 2797/896
f 2799/3632 1180/3631 2800/3909 2797/896
f 2800/3909 1248/6043 2801/893 2797/896
f 2803/899 261/5730 2804/3962 2802/900
f 2804/3962 1251/3919 2805/3918 2802/900
f 2805/3918 1250/6044 2806/897 2802/900
f 2808/903 262/6045 2809/2168 2807/904
f 2809/2168 699/2167 2810/3929 2807/904
f 2810/3929 1254/6046 2811/901 2807/904
f 2813/907 234/6007 2814/3661 2812/908
f 2814/3661 1187/3660 2815/3938 2812/908
f 2815/3938 1255/6047 2816/905 2812/908
f 2818/911 264/5732 2819/3991 2817/912
f 2819/3991 1258/3948 2820/3947 2817/912
f 2820/3947 1257/6048 2821/909 2817/912
f 2823/915 265/6049 2824/2179 2822/916
f 2824/2179 704/2178 2825/3958 2822/916
f 2825/3958 1261/6050 2826/913 2822/916
f 2828/919 237/6011 2829/3690 2827/920
f 2829/3690 1194/3689 2830/3967 2827/920
f 2830/3967 1262/6051 2831/917 2827/920
f 2833/923 267/5734 2834/4020 2832/924
f 2834/4020 1265/3977 2835/3976 2832/924
f 2835/3976 1264/6052 2836/921 2832/924
f 2838/927 268/6053 2839/2190 2837/928
f 2839/2190 709/2189 2840/3987 2837/928
f 2840/3987 1268/6054 2841/925 2837/928
f 2843/931 240/6015 2844/3719 2842/932
f 2844/3719 1201/3718 2845/3996 2842/932
f 2845/3996 1269/6055 2846/929 2842/932
f 2848/935 270/5736 2849/4049 2847/936
f 2849/4049 1272/4006 2850/4005 2847/936
f 2850/4005 1271/6056 2851/933 2847/936
f 2853/939 271/6057 2854/2201 2852/940
f 2854/2201 714/2200 2855/4016 2852/940
f 2855/4016 1275/6058 2856/937 2852/940
f 2858/943 243/6019 2859/3748 2857/944
f 2859/3748 1208/3747 2860/4025 2857/944
f 2860/4025 1276/6059 2861/941 2857/944
f 2863/947 273/5738 2864/4078 2862/948
f 2864/4078 1279/4035 2865/4034 2862/948
f 2865/4034 1278/6060 2866/945 2862/948
f 2868/951 274/6061 2869/2212 2867/952
f 2869/2212 719/2211 2870/4045 2867/952
f 2870/4045 1282/6062 2871/949 2867/952
f 2873/955 246/6023 2874/3777 2872/956
f 2874/3777 1215/3776 2875/4054 2872/956
f 2875/4054 1283/6063 2876/953 2872/956
f 2878/959 276/5740 2879/4107 2877/960
f 2879/4107 1286/4064 2880/4063 2877/960
f 2880/4063 1285/6064 2881/957 2877/960
f 2883/963 277/6065 2884/2223 2882/964
f 2884/2223 724/2222 2885/4074 2882/964
f 2885/4074 1289/6066 2886/961 2882/964
f 2888/967 249/6027 2889/3806 2887/968
f 2889/3806 1222/3805 2890/4083 2887/968
f 2890/4083 1290/6067 2891/965 2887/968
f 2893/971 279/5742 2894/4136 2892/972
f 2894/4136 1293/4093 2895/4092 2892/972
f 2895/4092 1292/6068 2896/969 2892/972
f 2898/975 280/6069 2899/2234 2897/976
f 2899/2234 729/2233 2900/4103 2897/976
f 2900/4103 1296/6070 2901/973 2897/976
f 2903/979 252/6031 2904/3835 2902/980
f 2904/3835 1229/3834 2905/4112 2902/980
f 2905/4112 1297/6071 2906/977 2902/980
f 2908/983 282/5744 2909/4166 2907/984
f 2909/4166 1300/4122 2910/4121 2907/984
f 2910/4121 1299/6072 2911/981 2907/984
f 2913/987 283/6073 2914/2245 2912/988
f 2914/2245 734/2244 2915/4132 2912/988
f 2915/4132 1303/6074 2916/985 2912/988
f 2918/991 255/6037 2919/3865 2917/992
f 2919/3865 1237/3864 2920/4141 2917/992
f 2920/4141 1304/6075 2921/989 2917/992
f 2923/995 285/6076 2924/6077 2922/996
f 2924/6077 1308/4152 2925/4151 2922/996
f 2925/4151 1307/6078 2926/993 2922/996
f 2928/999 286/6079 2929/2256 2927/1000
f 2929/2256 739/2255 2930/4162 2927/1000
f 2930/4162 1311/6080 2931/997 2927/1000
f 2933/1003 258/6041 2934/3894 2932/1004
f 2934/3894 1244/3893 2935/4171 2932/1004
f 2935/4171 1312/6081 2936/1001 2932/1004
f 2938/1007 288/5749 2939/4225 2937/1008
f 2939/4225 1315/4181 2940/4180 2937/1008
f 2940/4180 1314/6082 2941/1005 2937/1008
f 2943/1011 289/6083 2944/2267 2942/1012
f 2944/2267 744/2266 2945/4191 2942/1012
f 2945/4191 1318/6084 2946/1009 2942/1012
f 2948/1015 262/6045 2949/3924 2947/1016
f 2949/3924 1252/3923 2950/4201 2947/1016
f 2950/4201 1320/6085 2951/1013 2947/1016
f 2953/1019 292/5751 2954/4254 2952/1020
f 2954/4254 1323/4211 2955/4210 2952/1020
f 2955/4210 1322/6086 2956/1017 2952/1020
f 2958/1023 293/6087 2959/2278 2957/1024
f 2959/2278 749/2277 2960/4221 2957/1024
f 2960/4221 1326/6088 2961/1021 2957/1024
f 2963/1027 265/6049 2964/3953 2962/1028
f 2964/3953 1259/3952 2965/4230 2962/1028
f 2965/4230 1327/6089 2966/1025 2962/1028
f 2968/1031 295/5753 2969/4283 2967/1032
f 2969/4283 1330/4240 2970/4239 2967/1032
f 2970/4239 1329/6090 2971/1029 2967/1032
f 2973/1035 296/6091 2974/2289 2972/1036
f 2974/2289 754/2288 2975/4250 2972/1036
f 2975/4250 1333/6092 2976/1033 2972/1036
f 2978/1039 268/6053 2979/3982 2977/1040
f 2979/3982 1266/3981 2980/4259 2977/1040
f 2980/4259 1334/6093 2981/1037 2977/1040
f 2983/1043 298/5755 2984/4312 2982/1044
f 2984/4312 1337/4269 2985/4268 2982/1044
f 2985/4268 1336/6094 2986/1041 2982/1044
f 2988/1047 299/6095 2989/2300 2987/1048
f 2989/2300 759/2299 2990/4279 2987/1048
f 2990/4279 1340/6096 2991/1045 2987/1048
f 2993/1051 271/6057 2994/4011 2992/1052
f 2994/4011 1273/4010 2995/4288 2992/1052
f 2995/4288 1341/6097 2996/1049 2992/1052
f 2998/1055 301/5757 2999/4341 2997/1056
f 2999/4341 1344/4298 3000/4297 2997/1056
f 3000/4297 1343/6098 3001/1053 2997/1056
f 3003/1059 302/6099 3004/2311 3002/1060
f 3004/2311 764/2310 3005/4308 3002/1060
f 3005/4308 1347/6100 3006/1057 3002/1060
f 3008/1063 274/6061 3009/4040 3007/1064
f 3009/4040 1280/4039 3010/4317 3007/1064
f 3010/4317 1348/6101 3011/1061 3007/1064
f 3013/1067 304/5759 3014/4370 3012/1068
f 3014/4370 1351/4327 3015/4326 3012/1068
f 3015/4326 1350/6102 3016/1065 3012/1068
f 3018/1071 305/6103 3019/2322 3017/1072
f 3019/2322 769/2321 3020/4337 3017/1072
f 3020/4337 1354/6104 3021/1069 3017/1072
f 3023/1075 277/6065 3024/4069 3022/1076
f 3024/4069 1287/4068 3025/4346 3022/1076
f 3025/4346 1355/6105 3026/1073 3022/1076
f 3028/1079 307/5761 3029/4399 3027/1080
f 3029/4399 1358/4356 3030/4355 3027/1080
f 3030/4355 1357/6106 3031/1077 3027/1080
f 3033/1083 308/6107 3034/2333 3032/1084
f 3034/2333 774/2332 3035/4366 3032/1084
f 3035/4366 1361/6108 3036/1081 3032/1084
f 3038/1087 280/6069 3039/4098 3037/1088
f 3039/4098 1294/4097 3040/4375 3037/1088
f 3040/4375 1362/6109 3041/1085 3037/1088
f 3043/1091 310/5763 3044/4428 3042/1092
f 3044/4428 1365/4385 3045/4384 3042/1092
f 3045/4384 1364/6110 3046/1089 3042/1092
f 3048/1095 311/6111 3049/2344 3047/1096
f 3049/2344 779/2343 3050/4395 3047/1096
f 3050/4395 1368/6112 3051/1093 3047/1096
f 3053/1099 283/6073 3054/4127 3052/1100
f 3054/4127 1301/4126 3055/4404 3052/1100
f 3055/4404 1369/6113 3056/1097 3052/1100
f 3058/1103 313/5765 3059/4458 3057/1104
f 3059/4458 1372/4414 3060/4413 3057/1104
f 3060/4413 1371/6114 3061/1101 3057/1104
f 3063/1107 314/6115 3064/2355 3062/1108
f 3064/2355 784/2354 3065/4424 3062/1108
f 3065/4424 1375/6116 3066/1105 3062/1108
f 3068/1111 286/6079 3069/4157 3067/1112
f 3069/4157 1309/4156 3070/4433 3067/1112
f 3070/4433 1376/6117 3071/1109 3067/1112
f 3073/1115 316/6118 3074/6119 3072/1116
f 3074/6119 1380/4444 3075/4443 3072/1116
f 3075/4443 1379/6120 3076/1113 3072/1116
f 3078/1119 317/6121 3079/2366 3077/1120
f 3079/2366 789/2365 3080/4454 3077/1120
f 3080/4454 1383/6122 3081/1117 3077/1120
f 3083/1123 289/6083 3084/4186 3082/1124
f 3084/4186 1316/4185 3085/4463 3082/1124
f 3085/4463 1384/6123 3086/1121 3082/1124
f 3088/1127 319/5770 3089/4517 3087/1128
f 3089/4517 1387/4473 3090/4472 3087/1128
f 3090/4472 1386/6124 3091/1125 3087/1128
f 3093/1131 320/6125 3094/2377 3092/1132
f 3094/2377 794/2376 3095/4483 3092/1132
f 3095/4483 1390/6126 3096/1129 3092/1132
f 3098/1135 293/6087 3099/4216 3097/1136
f 3099/4216 1324/4215 3100/4493 3097/1136
f 3100/4493 1392/6127 3101/1133 3097/1136
f 3103/1139 323/5772 3104/4546 3102/1140
f 3104/4546 1395/4503 3105/4502 3102/1140
f 3105/4502 1394/6128 3106/1137 3102/1140
f 3108/1143 324/6129 3109/2388 3107/1144
f 3109/2388 799/2387 3110/4513 3107/1144
f 3110/4513 1398/6130 3111/1141 3107/1144
f 3113/1147 296/6091 3114/4245 3112/1148
f 3114/4245 1331/4244 3115/4522 3112/1148
f 3115/4522 1399/6131 3116/1145 3112/1148
f 3118/1151 326/5774 3119/4575 3117/1152
f 3119/4575 1402/4532 3120/4531 3117/1152
f 3120/4531 1401/6132 3121/1149 3117/1152
f 3123/1155 327/6133 3124/2399 3122/1156
f 3124/2399 804/2398 3125/4542 3122/1156
f 3125/4542 1405/6134 3126/1153 3122/1156
f 3128/1159 299/6095 3129/4274 3127/1160
f 3129/4274 1338/4273 3130/4551 3127/1160
f 3130/4551 1406/6135 3131/1157 3127/1160
f 3133/1163 329/5776 3134/4604 3132/1164
f 3134/4604 1409/4561 3135/4560 3132/1164
f 3135/4560 1408/6136 3136/1161 3132/1164
f 3138/1167 330/6137 3139/2410 3137/1168
f 3139/2410 809/2409 3140/4571 3137/1168
f 3140/4571 1412/6138 3141/1165 3137/1168
f 3143/1171 302/6099 3144/4303 3142/1172
f 3144/4303 1345/4302 3145/4580 3142/1172
f 3145/4580 1413/6139 3146/1169 3142/1172
f 3148/1175 332/5778 3149/4633 3147/1176
f 3149/4633 1416/4590 3150/4589 3147/1176
f 3150/4589 1415/6140 3151/1173 3147/1176
f 3153/1179 333/6141 3154/2421 3152/1180
f 3154/2421 814/2420 3155/4600 3152/1180
f 3155/4600 1419/6142 3156/1177 3152/1180
f 3158/1183 305/6103 3159/4332 3157/1184
f 3159/4332 1352/4331 3160/4609 3157/1184
f 3160/4609 1420/6143 3161/1181 3157/1184
f 3163/1187 335/5780 3164/4662 3162/1188
f 3164/4662 1423/4619 3165/4618 3162/1188
f 3165/4618 1422/6144 3166/1185 3162/1188
f 3168/1191 336/6145 3169/2432 3167/1192
f 3169/2432 819/2431 3170/4629 3167/1192
f 3170/4629 1426/6146 3171/1189 3167/1192
f 3173/1195 308/6107 3174/4361 3172/1196
f 3174/4361 1359/4360 3175/4638 3172/1196
f 3175/4638 1427/6147 3176/1193 3172/1196
f 3178/1199 338/5782 3179/4691 3177/1200
f 3179/4691 1430/4648 3180/4647 3177/1200
f 3180/4647 1429/6148 3181/1197 3177/1200
f 3183/1203 339/6149 3184/2443 3182/1204
f 3184/2443 824/2442 3185/4658 3182/1204
f 3185/4658 1433/6150 3186/1201 3182/1204
f 3188/1207 311/6111 3189/4390 3187/1208
f 3189/4390 1366/4389 3190/4667 3187/1208
f 3190/4667 1434/6151 3191/1205 3187/1208
f 3193/1211 341/5784 3194/4720 3192/1212
f 3194/4720 1437/4677 3195/4676 3192/1212
f 3195/4676 1436/6152 3196/1209 3192/1212
f 3198/1215 342/6153 3199/2454 3197/1216
f 3199/2454 829/2453 3200/4687 3197/1216
f 3200/4687 1440/6154 3201/1213 3197/1216
f 3203/1219 314/6115 3204/4419 3202/1220
f 3204/4419 1373/4418 3205/4696 3202/1220
f 3205/4696 1441/6155 3206/1217 3202/1220
f 3208/1223 344/5786 3209/4750 3207/1224
f 3209/4750 1444/4706 3210/4705 3207/1224
f 3210/4705 1443/6156 3211/1221 3207/1224
f 3213/1227 345/6157 3214/2465 3212/1228
f 3214/2465 834/2464 3215/4716 3212/1228
f 3215/4716 1447/6158 3216/1225 3212/1228
f 3218/1231 317/6121 3219/4449 3217/1232
f 3219/4449 1381/4448 3220/4725 3217/1232
f 3220/4725 1448/6159 3221/1229 3217/1232
f 3223/1235 347/6160 3224/6161 3222/1236
f 3224/6161 1452/4736 3225/4735 3222/1236
f 3225/4735 1451/6162 3226/1233 3222/1236
f 3228/1239 348/6163 3229/2476 3227/1240
f 3229/2476 839/2475 3230/4746 3227/1240
f 3230/4746 1455/6164 3231/1237 3227/1240
f 3233/1243 320/6125 3234/4478 3232/1244
f 3234/4478 1388/4477 3235/4755 3232/1244
f 3235/4755 1456/6165 3236/1241 3232/1244
f 3238/1247 350/5791 3239/4809 3237/1248
f 3239/4809 1459/4765 3240/4764 3237/1248
f 3240/4764 1458/6166 3241/1245 3237/1248
f 3243/1251 351/6167 3244/2487 3242/1252
f 3244/2487 844/2486 3245/4775 3242/1252
f 3245/4775 1462/6168 3246/1249 3242/1252
f 3248/1255 324/6129 3249/4508 3247/1256
f 3249/4508 1396/4507 3250/4785 3247/1256
f 3250/4785 1464/6169 3251/1253 3247/1256
f 3253/1259 354/5793 3254/4838 3252/1260
f 3254/4838 1467/4795 3255/4794 3252/1260
f 3255/4794 1466/6170 3256/1257 3252/1260
f 3258/1263 355/6171 3259/2498 3257/1264
f 3259/2498 849/2497 3260/4805 3257/1264
f 3260/4805 1470/6172 3261/1261 3257/1264
f 3263/1267 327/6133 3264/4537 3262/1268
f 3264/4537 1403/4536 3265/4814 3262/1268
f 3265/4814 1471/6173 3266/1265 3262/1268
f 3268/1271 357/5795 3269/4867 3267/1272
f 3269/4867 1474/4824 3270/4823 3267/1272
f 3270/4823 1473/6174 3271/1269 3267/1272
f 3273/1275 358/6175 3274/2509 3272/1276
f 3274/2509 854/2508 3275/4834 3272/1276
f 3275/4834 1477/6176 3276/1273 3272/1276
f 3278/1279 330/6137 3279/4566 3277/1280
f 3279/4566 1410/4565 3280/4843 3277/1280
f 3280/4843 1478/6177 3281/1277 3277/1280
f 3283/1283 360/5797 3284/4896 3282/1284
f 3284/4896 1481/4853 3285/4852 3282/1284
f 3285/4852 1480/6178 3286/1281 3282/1284
f 3288/1287 361/6179 3289/2520 3287/1288
f 3289/2520 859/2519 3290/4863 3287/1288
f 3290/4863 1484/6180 3291/1285 3287/1288
f 3293/1291 333/6141 3294/4595 3292/1292
f 3294/4595 1417/4594 3295/4872 3292/1292
f 3295/4872 1485/6181 3296/1289 3292/1292
f 3298/1295 363/5799 3299/4925 3297/1296
f 3299/4925 1488/4882 3300/4881 3297/1296
f 3300/4881 1487/6182 3301/1293 3297/1296
f 3303/1299 364/6183 3304/2531 3302/1300
f 3304/2531 864/2530 3305/4892 3302/1300
f 3305/4892 1491/6184 3306/1297 3302/1300
f 3308/1303 336/6145 3309/4624 3307/1304
f 3309/4624 1424/4623 3310/4901 3307/1304
f 3310/4901 1492/6185 3311/1301 3307/1304
f 3313/1307 366/5801 3314/4954 3312/1308
f 3314/4954 1495/4911 3315/4910 3312/1308
f 3315/4910 1494/6186 3316/1305 3312/1308
f 3318/1311 367/6187 3319/2542 3317/1312
f 3319/2542 869/2541 3320/4921 3317/1312
f 3320/4921 1498/6188 3321/1309 3317/1312
f 3323/1315 339/6149 3324/4653 3322/1316
f 3324/4653 1431/4652 3325/4930 3322/1316
f 3325/4930 1499/6189 3326/1313 3322/1316
f 3328/1319 369/5803 3329/4983 3327/1320
f 3329/4983 1502/4940 3330/4939 3327/1320
f 3330/4939 1501/6190 3331/1317 3327/1320
f 3333/1323 370/6191 3334/2553 3332/1324
f 3334/2553 874/2552 3335/4950 3332/1324
f 3335/4950 1505/6192 3336/1321 3332/1324
f 3338/1327 342/6153 3339/4682 3337/1328
f 3339/4682 1438/4681 3340/4959 3337/1328
f 3340/4959 1506/6193 3341/1325 3337/1328
f 3343/1331 372/5805 3344/5012 3342/1332
f 3344/5012 1509/4969 3345/4968 3342/1332
f 3345/4968 1508/6194 3346/1329 3342/1332
f 3348/1335 373/6195 3349/2564 3347/1336
f 3349/2564 879/2563 3350/4979 3347/1336
f 3350/4979 1512/6196 3351/1333 3347/1336
f 3353/1339 345/6157 3354/4711 3352/1340
f 3354/4711 1445/4710 3355/4988 3352/1340
f 3355/4988 1513/6197 3356/1337 3352/1340
f 3358/1343 375/5807 3359/5042 3357/1344
f 3359/5042 1516/4998 3360/4997 3357/1344
f 3360/4997 1515/6198 3361/1341 3357/1344
f 3363/1347 376/6199 3364/2575 3362/1348
f 3364/2575 884/2574 3365/5008 3362/1348
f 3365/5008 1519/6200 3366/1345 3362/1348
f 3368/1351 348/6163 3369/4741 3367/1352
f 3369/4741 1453/4740 3370/5017 3367/1352
f 3370/5017 1520/6201 3371/1349 3367/1352
f 3373/1355 378/6202 3374/6203 3372/1356
f 3374/6203 1524/5028 3375/5027 3372/1356
f 3375/5027 1523/6204 3376/1353 3372/1356
f 3378/1359 379/6205 3379/2586 3377/1360
f 3379/2586 889/2585 3380/5038 3377/1360
f 3380/5038 1527/6206 3381/1357 3377/1360
f 3383/1363 351/6167 3384/4770 3382/1364
f 3384/4770 1460/4769 3385/5047 3382/1364
f 3385/5047 1528/6207 3386/1361 3382/1364
f 3388/1367 381/5812 3389/5101 3387/1368
f 3389/5101 1531/5057 3390/5056 3387/1368
f 3390/5056 1530/6208 3391/1365 3387/1368
f 3393/1371 382/6209 3394/2597 3392/1372
f 3394/2597 894/2596 3395/5067 3392/1372
f 3395/5067 1534/6210 3396/1369 3392/1372
f 3398/1375 355/6171 3399/4800 3397/1376
f 3399/4800 1468/4799 3400/5077 3397/1376
f 3400/5077 1536/6211 3401/1373 3397/1376
f 3403/1379 385/5814 3404/5130 3402/1380
f 3404/5130 1539/5087 3405/5086 3402/1380
f 3405/5086 1538/6212 3406/1377 3402/1380
f 3408/1383 386/6213 3409/2608 3407/1384
f 3409/2608 899/2607 3410/5097 3407/1384
f 3410/5097 1542/6214 3411/1381 3407/1384
f 3413/1387 358/6175 3414/4829 3412/1388
f 3414/4829 1475/4828 3415/5106 3412/1388
f 3415/5106 1543/6215 3416/1385 3412/1388
f 3418/1391 388/5816 3419/5159 3417/1392
f 3419/5159 1546/5116 3420/5115 3417/1392
f 3420/5115 1545/6216 3421/1389 3417/1392
f 3423/1395 389/6217 3424/2619 3422/1396
f 3424/2619 904/2618 3425/5126 3422/1396
f 3425/5126 1549/6218 3426/1393 3422/1396
f 3428/1399 361/6179 3429/4858 3427/1400
f 3429/4858 1482/4857 3430/5135 3427/1400
f 3430/5135 1550/6219 3431/1397 3427/1400
f 3433/1403 391/5818 3434/5188 3432/1404
f 3434/5188 1553/5145 3435/5144 3432/1404
f 3435/5144 1552/6220 3436/1401 3432/1404
f 3438/1407 392/6221 3439/2630 3437/1408
f 3439/2630 909/2629 3440/5155 3437/1408
f 3440/5155 1556/6222 3441/1405 3437/1408
f 3443/1411 364/6183 3444/4887 3442/1412
f 3444/4887 1489/4886 3445/5164 3442/1412
f 3445/5164 1557/6223 3446/1409 3442/1412
f 3448/1415 394/5820 3449/5217 3447/1416
f 3449/5217 1560/5174 3450/5173 3447/1416
f 3450/5173 1559/6224 3451/1413 3447/1416
f 3453/1419 395/6225 3454/2641 3452/1420
f 3454/2641 914/2640 3455/5184 3452/1420
f 3455/5184 1563/6226 3456/1417 3452/1420
f 3458/1423 367/6187 3459/4916 3457/1424
f 3459/4916 1496/4915 3460/5193 3457/1424
f 3460/5193 1564/6227 3461/1421 3457/1424
f 3463/1427 397/5822 3464/5246 3462/1428
f 3464/5246 1567/5203 3465/5202 3462/1428
f 3465/5202 1566/6228 3466/1425 3462/1428
f 3468/1431 398/6229 3469/2652 3467/1432
f 3469/2652 919/2651 3470/5213 3467/1432
f 3470/5213 1570/6230 3471/1429 3467/1432
f 3473/1435 370/6191 3474/4945 3472/1436
f 3474/4945 1503/4944 3475/5222 3472/1436
f 3475/5222 1571/6231 3476/1433 3472/1436
f 3478/1439 400/5824 3479/5275 3477/1440
f 3479/5275 1574/5232 3480/5231 3477/1440
f 3480/5231 1573/6232 3481/1437 3477/1440
f 3483/1443 401/6233 3484/2663 3482/1444
f 3484/2663 924/2662 3485/5242 3482/1444
f 3485/5242 1577/6234 3486/1441 3482/1444
f 3488/1447 373/6195 3489/4974 3487/1448
f 3489/4974 1510/4973 3490/5251 3487/1448
f 3490/5251 1578/6235 3491/1445 3487/1448
f 3493/1451 403/5826 3494/5304 3492/1452
f 3494/5304 1581/5261 3495/5260 3492/1452
f 3495/5260 1580/6236 3496/1449 3492/1452
f 3498/1455 404/6237 3499/2674 3497/1456
f 3499/2674 929/2673 3500/5271 3497/1456
f 3500/5271 1584/6238 3501/1453 3497/1456
f 3503/1459 376/6199 3504/5003 3502/1460
f 3504/5003 1517/5002 3505/5280 3502/1460
f 3505/5280 1585/6239 3506/1457 3502/1460
f 3508/1463 406/5828 3509/5334 3507/1464
f 3509/5334 1588/5290 3510/5289 3507/1464
f 3510/5289 1587/6240 3511/1461 3507/1464
f 3513/1467 407/6241 3514/2685 3512/1468
f 3514/2685 934/2684 3515/5300 3512/1468
f 3515/5300 1591/6242 3516/1465 3512/1468
f 3518/1471 379/6205 3519/5033 3517/1472
f 3519/5033 1525/5032 3520/5309 3517/1472
f 3520/5309 1592/6243 3521/1469 3517/1472
f 3523/1475 409/6244 3524/6245 3522/1476
f 3524/6245 1596/5320 3525/5319 3522/1476
f 3525/5319 1595/6246 3526/1473 3522/1476
f 3528/1479 410/6247 3529/2696 3527/1480
f 3529/2696 939/2695 3530/5330 3527/1480
f 3530/5330 1599/6248 3531/1477 3527/1480
f 3533/1483 382/6209 3534/5062 3532/1484
f 3534/5062 1532/5061 3535/5339 3532/1484
f 3535/5339 1600/6249 3536/1481 3532/1484
f 3538/1487 412/5833 3539/5395 3537/1488
f 3539/5395 1603/5349 3540/5348 3537/1488
f 3540/5348 1602/6250 3541/1485 3537/1488
f 3543/1491 413/6251 3544/6252 3542/1492
f 3544/6252 1607/5360 3545/5359 3542/1492
f 3545/5359 1606/6253 3546/1489 3542/1492
f 3548/1495 386/6213 3549/5092 3547/1496
f 3549/5092 1540/5091 3550/5370 3547/1496
f 3550/5370 1609/6254 3551/1493 3547/1496
f 3553/1499 416/5835 3554/5425 3552/1500
f 3554/5425 1612/5380 3555/5379 3552/1500
f 3555/5379 1611/6255 3556/1497 3552/1500
f 3558/1503 417/6256 3559/6257 3557/1504
f 3559/6257 1616/5391 3560/5390 3557/1504
f 3560/5390 1615/6258 3561/1501 3557/1504
f 3563/1507 389/6217 3564/5121 3562/1508
f 3564/5121 1547/5120 3565/5400 3562/1508
f 3565/5400 1617/6259 3566/1505 3562/1508
f 3568/1511 419/5837 3569/5455 3567/1512
f 3569/5455 1620/5410 3570/5409 3567/1512
f 3570/5409 1619/6260 3571/1509 3567/1512
f 3573/1515 420/6261 3574/6262 3572/1516
f 3574/6262 1624/5421 3575/5420 3572/1516
f 3575/5420 1623/6263 3576/1513 3572/1516
f 3578/1519 392/6221 3579/5150 3577/1520
f 3579/5150 1554/5149 3580/5430 3577/1520
f 3580/5430 1625/6264 3581/1517 3577/1520
f 3583/1523 422/5839 3584/5485 3582/1524
f 3584/5485 1628/5440 3585/5439 3582/1524
f 3585/5439 1627/6265 3586/1521 3582/1524
f 3588/1527 423/6266 3589/6267 3587/1528
f 3589/6267 1632/5451 3590/5450 3587/1528
f 3590/5450 1631/6268 3591/1525 3587/1528
f 3593/1531 395/6225 3594/5179 3592/1532
f 3594/5179 1561/5178 3595/5460 3592/1532
f 3595/5460 1633/6269 3596/1529 3592/1532
f 3598/1535 425/5841 3599/5515 3597/1536
f 3599/5515 1636/5470 3600/5469 3597/1536
f 3600/5469 1635/6270 3601/1533 3597/1536
f 3603/1539 426/6271 3604/6272 3602/1540
f 3604/6272 1640/5481 3605/5480 3602/1540
f 3605/5480 1639/6273 3606/1537 3602/1540
f 3608/1543 398/6229 3609/5208 3607/1544
f 3609/5208 1568/5207 3610/5490 3607/1544
f 3610/5490 1641/6274 3611/1541 3607/1544
f 3613/1547 428/5843 3614/5545 3612/1548
f 3614/5545 1644/5500 3615/5499 3612/1548
f 3615/5499 1643/6275 3616/1545 3612/1548
f 3618/1551 429/6276 3619/6277 3617/1552
f 3619/6277 1648/5511 3620/5510 3617/1552
f 3620/5510 1647/6278 3621/1549 3617/1552
f 3623/1555 401/6233 3624/5237 3622/1556
f 3624/5237 1575/5236 3625/5520 3622/1556
f 3625/5520 1649/6279 3626/1553 3622/1556
f 3628/1559 431/5845 3629/5575 3627/1560
f 3629/5575 1652/5530 3630/5529 3627/1560
f 3630/5529 1651/6280 3631/1557 3627/1560
f 3633/1563 432/6281 3634/6282 3632/1564
f 3634/6282 1656/5541 3635/5540 3632/1564
f 3635/5540 1655/6283 3636/1561 3632/1564
f 3638/1567 404/6237 3639/5266 3637/1568
f 3639/5266 1582/5265 3640/5550 3637/1568
f 3640/5550 1657/6284 3641/1565 3637/1568
f 3643/1571 434/5847 3644/5605 3642/1572
f 3644/5605 1660/5560 3645/5559 3642/1572
f 3645/5559 1659/6285 3646/1569 3642/1572
f 3648/1575 435/6286 3649/6287 3647/1576
f 3649/6287 1664/5571 3650/5570 3647/1576
f 3650/5570 1663/6288 3651/1573 3647/1576
f 3653/1579 407/6241 3654/5295 3652/1580
f 3654/5295 1589/5294 3655/5580 3652/1580
f 3655/5580 1665/6289 3656/1577 3652/1580
f 3658/1583 437/5849 3659/5636 3657/1584
f 3659/5636 1668/5590 3660/5589 3657/1584
f 3660/5589 1667/6290 3661/1581 3657/1584
f 3663/1587 438/6291 3664/6292 3662/1588
f 3664/6292 1672/5601 3665/5600 3662/1588
f 3665/5600 1671/6293 3666/1585 3662/1588
f 3668/1591 410/6247 3669/5325 3667/1592
f 3669/5325 1597/5324 3670/5610 3667/1592
f 3670/5610 1673/6294 3671/1589 3667/1592
f 3673/1595 440/6295 3674/6296 3672/1596
f 3674/6296 1677/5621 3675/5620 3672/1596
f 3675/5620 1676/6297 3676/1593 3672/1596
f 3678/1599 441/6298 3679/6299 3677/1600
f 3679/6299 1681/5632 3680/5631 3677/1600
f 3680/5631 1680/6300 3681/1597 3677/1600
f 3683/1603 1/6301 3684/6302 3682/1604
f 3684/6302 444/1606 3685/1605 3682/1604
f 3685/1605 442/5643 1685/1601 3682/1604
f 3687/1607 123/5851 2183/403 3686/1608
f 2183/403 445/402 3688/1609 3686/1608
f 3688/1609 442/5643 3685/1605 3686/1608
f 3690/1610 122/6303 3691/2730 3689/1611
f 3691/2730 446/2 1686/1 3689/1611
f 1686/1 442/5643 3688/1609 3689/1611
f 3693/1614 2/6304 3694/6305 3692/1615
f 3694/6305 449/1617 3695/1616 3692/1615
f 3695/1616 447/5645 1690/1612 3692/1615
f 3697/1618 128/5857 2198/415 3696/1619
f 2198/415 450/414 3698/1620 3696/1619
f 3698/1620 447/5645 3695/1616 3696/1619
f 3700/1621 127/6306 3701/2760 3699/1622
f 3701/2760 451/6 1691/5 3699/1622
f 1691/5 447/5645 3698/1620 3699/1622
f 3703/1625 3/6307 3704/6308 3702/1626
f 3704/6308 454/1628 3705/1627 3702/1626
f 3705/1627 452/5647 1695/1623 3702/1626
f 3707/1629 132/5863 2213/427 3706/1630
f 2213/427 455/426 3708/1631 3706/1630
f 3708/1631 452/5647 3705/1627 3706/1630
f 3710/1632 131/6309 3711/2790 3709/1633
f 3711/2790 456/10 1696/9 3709/1633
f 1696/9 452/5647 3708/1631 3709/1633
f 3713/1636 4/6310 3714/6311 3712/1637
f 3714/6311 459/1639 3715/1638 3712/1637
f 3715/1638 457/5649 1700/1634 3712/1637
f 3717/1640 136/5869 2228/439 3716/1641
f 2228/439 460/438 3718/1642 3716/1641
f 3718/1642 457/5649 3715/1638 3716/1641
f 3720/1643 135/6312 3721/2820 3719/1644
f 3721/2820 461/14 1701/13 3719/1644
f 1701/13 457/5649 3718/1642 3719/1644
f 3723/1647 5/6313 3724/6314 3722/1648
f 3724/6314 464/1650 3725/1649 3722/1648
f 3725/1649 462/5651 1705/1645 3722/1648
f 3727/1651 140/5875 2243/451 3726/1652
f 2243/451 465/450 3728/1653 3726/1652
f 3728/1653 462/5651 3725/1649 3726/1652
f 3730/1654 139/6315 3731/2850 3729/1655
f 3731/2850 466/18 1706/17 3729/1655
f 1706/17 462/5651 3728/1653 3729/1655
f 3733/1658 6/6316 3734/6317 3732/1659
f 3734/6317 469/1661 3735/1660 3732/1659
f 3735/1660 467/5653 1710/1656 3732/1659
f 3737/1662 144/5881 2258/463 3736/1663
f 2258/463 470/462 3738/1664 3736/1663
f 3738/1664 467/5653 3735/1660 3736/1663
f 3740/1665 143/6318 3741/2880 3739/1666
f 3741/2880 471/22 1711/21 3739/1666
f 1711/21 467/5653 3738/1664 3739/1666
f 3743/1669 7/6319 3744/6320 3742/1670
f 3744/6320 474/1672 3745/1671 3742/1670
f 3745/1671 472/5655 1715/1667 3742/1670
f 3747/1673 148/5887 2273/475 3746/1674
f 2273/475 475/474 3748/1675 3746/1674
f 3748/1675 472/5655 3745/1671 3746/1674
f 3750/1676 147/6321 3751/2910 3749/1677
f 3751/2910 476/26 1716/25 3749/1677
f 1716/25 472/5655 3748/1675 3749/1677
f 3753/1680 8/6322 3754/6323 3752/1681
f 3754/6323 479/1683 3755/1682 3752/1681
f 3755/1682 477/5657 1720/1678 3752/1681
f 3757/1684 152/5893 2288/487 3756/1685
f 2288/487 480/486 3758/1686 3756/1685
f 3758/1686 477/5657 3755/1682 3756/1685
f 3760/1687 151/6324 3761/2940 3759/1688
f 3761/2940 481/30 1721/29 3759/1688
f 1721/29 477/5657 3758/1686 3759/1688
f 3763/1691 9/6325 3764/6326 3762/1692
f 3764/6326 484/1694 3765/1693 3762/1692
f 3765/1693 482/5659 1725/1689 3762/1692
f 3767/1695 156/5899 2303/499 3766/1696
f 2303/499 485/498 3768/1697 3766/1696
f 3768/1697 482/5659 3765/1693 3766/1696
f 3770/1698 155/6327 3771/2970 3769/1699
f 3771/2970 486/34 1726/33 3769/1699
f 1726/33 482/5659 3768/1697 3769/1699
f 3773/1702 10/6328 3774/6329 3772/1703
f 3774/6329 489/1705 3775/1704 3772/1703
f 3775/1704 487/5661 1730/1700 3772/1703
f 3777/1706 160/5905 2318/511 3776/1707
f 2318/511 490/510 3778/1708 3776/1707
f 3778/1708 487/5661 3775/1704 3776/1707
f 3780/1709 159/6330 3781/3001 3779/1710
f 3781/3001 491/38 1731/37 3779/1710
f 1731/37 487/5661 3778/1708 3779/1710
f 3783/1713 12/6331 3784/2723 3782/1714
f 3784/2723 494/1716 3785/1715 3782/1714
f 3785/1715 492/5664 1735/1711 3782/1714
f 2194/1717 125/5855 2333/523 3786/1718
f 2333/523 495/522 3787/1719 3786/1718
f 3787/1719 492/5664 3785/1715 3786/1718
f 3789/1720 163/6332 3790/3031 3788/1721
f 3790/3031 496/42 1736/41 3788/1721
f 1736/41 492/5664 3787/1719 3788/1721
f 3792/1724 13/6333 3793/2754 3791/1725
f 3793/2754 499/1727 3794/1726 3791/1725
f 3794/1726 497/5666 1740/1722 3791/1725
f 2209/1728 130/5861 2348/535 3795/1729
f 2348/535 500/534 3796/1730 3795/1729
f 3796/1730 497/5666 3794/1726 3795/1729
f 3798/1731 167/6334 3799/3060 3797/1732
f 3799/3060 501/46 1741/45 3797/1732
f 1741/45 497/5666 3796/1730 3797/1732
f 3801/1735 14/6335 3802/2784 3800/1736
f 3802/2784 504/1738 3803/1737 3800/1736
f 3803/1737 502/5668 1745/1733 3800/1736
f 2224/1739 134/5867 2363/547 3804/1740
f 2363/547 505/546 3805/1741 3804/1740
f 3805/1741 502/5668 3803/1737 3804/1740
f 3807/1742 170/6336 3808/3089 3806/1743
f 3808/3089 506/50 1746/49 3806/1743
f 1746/49 502/5668 3805/1741 3806/1743
f 3810/1746 15/6337 3811/2814 3809/1747
f 3811/2814 509/1749 3812/1748 3809/1747
f 3812/1748 507/5670 1750/1744 3809/1747
f 2239/1750 138/5873 2378/559 3813/1751
f 2378/559 510/558 3814/1752 3813/1751
f 3814/1752 507/5670 3812/1748 3813/1751
f 3816/1753 173/6338 3817/3118 3815/1754
f 3817/3118 511/54 1751/53 3815/1754
f 1751/53 507/5670 3814/1752 3815/1754
f 3819/1757 16/6339 3820/2844 3818/1758
f 3820/2844 514/1760 3821/1759 3818/1758
f 3821/1759 512/5672 1755/1755 3818/1758
f 2254/1761 142/5879 2393/571 3822/1762
f 2393/571 515/570 3823/1763 3822/1762
f 3823/1763 512/5672 3821/1759 3822/1762
f 3825/1764 176/6340 3826/3147 3824/1765
f 3826/3147 516/58 1756/57 3824/1765
f 1756/57 512/5672 3823/1763 3824/1765
f 3828/1768 17/6341 3829/2874 3827/1769
f 3829/2874 519/1771 3830/1770 3827/1769
f 3830/1770 517/5674 1760/1766 3827/1769
f 2269/1772 146/5885 2408/583 3831/1773
f 2408/583 520/582 3832/1774 3831/1773
f 3832/1774 517/5674 3830/1770 3831/1773
f 3834/1775 179/6342 3835/3176 3833/1776
f 3835/3176 521/62 1761/61 3833/1776
f 1761/61 517/5674 3832/1774 3833/1776
f 3837/1779 18/6343 3838/2904 3836/1780
f 3838/2904 524/1782 3839/1781 3836/1780
f 3839/1781 522/5676 1765/1777 3836/1780
f 2284/1783 150/5891 2423/595 3840/1784
f 2423/595 525/594 3841/1785 3840/1784
f 3841/1785 522/5676 3839/1781 3840/1784
f 3843/1786 182/6344 3844/3205 3842/1787
f 3844/3205 526/66 1766/65 3842/1787
f 1766/65 522/5676 3841/1785 3842/1787
f 3846/1790 19/6345 3847/2934 3845/1791
f 3847/2934 529/1793 3848/1792 3845/1791
f 3848/1792 527/5678 1770/1788 3845/1791
f 2299/1794 154/5897 2438/607 3849/1795
f 2438/607 530/606 3850/1796 3849/1795
f 3850/1796 527/5678 3848/1792 3849/1795
f 3852/1797 185/6346 3853/3234 3851/1798
f 3853/3234 531/70 1771/69 3851/1798
f 1771/69 527/5678 3850/1796 3851/1798
f 3855/1801 20/6347 3856/2964 3854/1802
f 3856/2964 534/1804 3857/1803 3854/1802
f 3857/1803 532/5680 1775/1799 3854/1802
f 2314/1805 158/5903 2453/619 3858/1806
f 2453/619 535/618 3859/1807 3858/1806
f 3859/1807 532/5680 3857/1803 3858/1806
f 3861/1808 188/6348 3862/3263 3860/1809
f 3862/3263 536/74 1776/73 3860/1809
f 1776/73 532/5680 3859/1807 3860/1809
f 3864/1812 21/6349 3865/2995 3863/1813
f 3865/2995 539/1815 3866/1814 3863/1813
f 3866/1814 537/5682 1780/1810 3863/1813
f 2329/1816 162/5911 2468/631 3867/1817
f 2468/631 540/630 3868/1818 3867/1817
f 3868/1818 537/5682 3866/1814 3867/1817
f 3870/1819 191/6350 3871/3293 3869/1820
f 3871/3293 541/78 1781/77 3869/1820
f 1781/77 537/5682 3868/1818 3869/1820
f 3873/1823 23/6351 3874/3024 3872/1824
f 3874/3024 544/1826 3875/1825 3872/1824
f 3875/1825 542/5685 1785/1821 3872/1824
f 2344/1827 165/5915 2483/643 3876/1828
f 2483/643 545/642 3877/1829 3876/1828
f 3877/1829 542/5685 3875/1825 3876/1828
f 3879/1830 194/6352 3880/3323 3878/1831
f 3880/3323 546/82 1786/81 3878/1831
f 1786/81 542/5685 3877/1829 3878/1831
f 3882/1834 24/6353 3883/3054 3881/1835
f 3883/3054 549/1837 3884/1836 3881/1835
f 3884/1836 547/5687 1790/1832 3881/1835
f 2359/1838 169/5919 2498/655 3885/1839
f 2498/655 550/654 3886/1840 3885/1839
f 3886/1840 547/5687 3884/1836 3885/1839
f 3888/1841 198/6354 3889/3352 3887/1842
f 3889/3352 551/86 1791/85 3887/1842
f 1791/85 547/5687 3886/1840 3887/1842
f 3891/1845 25/6355 3892/3083 3890/1846
f 3892/3083 554/1848 3893/1847 3890/1846
f 3893/1847 552/5689 1795/1843 3890/1846
f 2374/1849 172/5923 2513/667 3894/1850
f 2513/667 555/666 3895/1851 3894/1850
f 3895/1851 552/5689 3893/1847 3894/1850
f 3897/1852 201/6356 3898/3381 3896/1853
f 3898/3381 556/90 1796/89 3896/1853
f 1796/89 552/5689 3895/1851 3896/1853
f 3900/1856 26/6357 3901/3112 3899/1857
f 3901/3112 559/1859 3902/1858 3899/1857
f 3902/1858 557/5691 1800/1854 3899/1857
f 2389/1860 175/5927 2528/679 3903/1861
f 2528/679 560/678 3904/1862 3903/1861
f 3904/1862 557/5691 3902/1858 3903/1861
f 3906/1863 204/6358 3907/3410 3905/1864
f 3907/3410 561/94 1801/93 3905/1864
f 1801/93 557/5691 3904/1862 3905/1864
f 3909/1867 27/6359 3910/3141 3908/1868
f 3910/3141 564/1870 3911/1869 3908/1868
f 3911/1869 562/5693 1805/1865 3908/1868
f 2404/1871 178/5931 2543/691 3912/1872
f 2543/691 565/690 3913/1873 3912/1872
f 3913/1873 562/5693 3911/1869 3912/1872
f 3915/1874 207/6360 3916/3439 3914/1875
f 3916/3439 566/98 1806/97 3914/1875
f 1806/97 562/5693 3913/1873 3914/1875
f 3918/1878 28/6361 3919/3170 3917/1879
f 3919/3170 569/1881 3920/1880 3917/1879
f 3920/1880 567/5695 1810/1876 3917/1879
f 2419/1882 181/5935 2558/703 3921/1883
f 2558/703 570/702 3922/1884 3921/1883
f 3922/1884 567/5695 3920/1880 3921/1883
f 3924/1885 210/6362 3925/3468 3923/1886
f 3925/3468 571/102 1811/101 3923/1886
f 1811/101 567/5695 3922/1884 3923/1886
f 3927/1889 29/6363 3928/3199 3926/1890
f 3928/3199 574/1892 3929/1891 3926/1890
f 3929/1891 572/5697 1815/1887 3926/1890
f 2434/1893 184/5939 2573/715 3930/1894
f 2573/715 575/714 3931/1895 3930/1894
f 3931/1895 572/5697 3929/1891 3930/1894
f 3933/1896 213/6364 3934/3497 3932/1897
f 3934/3497 576/106 1816/105 3932/1897
f 1816/105 572/5697 3931/1895 3932/1897
f 3936/1900 30/6365 3937/3228 3935/1901
f 3937/3228 579/1903 3938/1902 3935/1901
f 3938/1902 577/5699 1820/1898 3935/1901
f 2449/1904 187/5943 2588/727 3939/1905
f 2588/727 580/726 3940/1906 3939/1905
f 3940/1906 577/5699 3938/1902 3939/1905
f 3942/1907 216/6366 3943/3526 3941/1908
f 3943/3526 581/110 1821/109 3941/1908
f 1821/109 577/5699 3940/1906 3941/1908
f 3945/1911 31/6367 3946/3257 3944/1912
f 3946/3257 584/1914 3947/1913 3944/1912
f 3947/1913 582/5701 1825/1909 3944/1912
f 2464/1915 190/5947 2603/739 3948/1916
f 2603/739 585/738 3949/1917 3948/1916
f 3949/1917 582/5701 3947/1913 3948/1916
f 3951/1918 219/6368 3952/3555 3950/1919
f 3952/3555 586/114 1826/113 3950/1919
f 1826/113 582/5701 3949/1917 3950/1919
f 3954/1922 32/6369 3955/3287 3953/1923
f 3955/3287 589/1925 3956/1924 3953/1923
f 3956/1924 587/5703 1830/1920 3953/1923
f 2479/1926 193/5953 2618/751 3957/1927
f 2618/751 590/750 3958/1928 3957/1927
f 3958/1928 587/5703 3956/1924 3957/1927
f 3960/1929 222/6370 3961/3585 3959/1930
f 3961/3585 591/118 1831/117 3959/1930
f 1831/117 587/5703 3958/1928 3959/1930
f 3963/1933 34/6371 3964/3316 3962/1934
f 3964/3316 594/1936 3965/1935 3962/1934
f 3965/1935 592/5706 1835/1931 3962/1934
f 2494/1937 196/5957 2633/763 3966/1938
f 2633/763 595/762 3967/1939 3966/1938
f 3967/1939 592/5706 3965/1935 3966/1938
f 3969/1940 225/6372 3970/3615 3968/1941
f 3970/3615 596/122 1836/121 3968/1941
f 1836/121 592/5706 3967/1939 3968/1941
f 3972/1944 35/6373 3973/3346 3971/1945
f 3973/3346 599/1947 3974/1946 3971/1945
f 3974/1946 597/5708 1840/1942 3971/1945
f 2509/1948 200/5961 2648/775 3975/1949
f 2648/775 600/774 3976/1950 3975/1949
f 3976/1950 597/5708 3974/1946 3975/1949
f 3978/1951 229/6374 3979/3644 3977/1952
f 3979/3644 601/126 1841/125 3977/1952
f 1841/125 597/5708 3976/1950 3977/1952
f 3981/1955 36/6375 3982/3375 3980/1956
f 3982/3375 604/1958 3983/1957 3980/1956
f 3983/1957 602/5710 1845/1953 3980/1956
f 2524/1959 203/5965 2663/787 3984/1960
f 2663/787 605/786 3985/1961 3984/1960
f 3985/1961 602/5710 3983/1957 3984/1960
f 3987/1962 232/6376 3988/3673 3986/1963
f 3988/3673 606/130 1846/129 3986/1963
f 1846/129 602/5710 3985/1961 3986/1963
f 3990/1966 37/6377 3991/3404 3989/1967
f 3991/3404 609/1969 3992/1968 3989/1967
f 3992/1968 607/5712 1850/1964 3989/1967
f 2539/1970 206/5969 2678/799 3993/1971
f 2678/799 610/798 3994/1972 3993/1971
f 3994/1972 607/5712 3992/1968 3993/1971
f 3996/1973 235/6378 3997/3702 3995/1974
f 3997/3702 611/134 1851/133 3995/1974
f 1851/133 607/5712 3994/1972 3995/1974
f 3999/1977 38/6379 4000/3433 3998/1978
f 4000/3433 614/1980 4001/1979 3998/1978
f 4001/1979 612/5714 1855/1975 3998/1978
f 2554/1981 209/5973 2693/811 4002/1982
f 2693/811 615/810 4003/1983 4002/1982
f 4003/1983 612/5714 4001/1979 4002/1982
f 4005/1984 238/6380 4006/3731 4004/1985
f 4006/3731 616/138 1856/137 4004/1985
f 1856/137 612/5714 4003/1983 4004/1985
f 4008/1988 39/6381 4009/3462 4007/1989
f 4009/3462 619/1991 4010/1990 4007/1989
f 4010/1990 617/5716 1860/1986 4007/1989
f 2569/1992 212/5977 2708/823 4011/1993
f 2708/823 620/822 4012/1994 4011/1993
f 4012/1994 617/5716 4010/1990 4011/1993
f 4014/1995 241/6382 4015/3760 4013/1996
f 4015/3760 621/142 1861/141 4013/1996
f 1861/141 617/5716 4012/1994 4013/1996
f 4017/1999 40/6383 4018/3491 4016/2000
f 4018/3491 624/2002 4019/2001 4016/2000
f 4019/2001 622/5718 1865/1997 4016/2000
f 2584/2003 215/5981 2723/835 4020/2004
f 2723/835 625/834 4021/2005 4020/2004
f 4021/2005 622/5718 4019/2001 4020/2004
f 4023/2006 244/6384 4024/3789 4022/2007
f 4024/3789 626/146 1866/145 4022/2007
f 1866/145 622/5718 4021/2005 4022/2007
f 4026/2010 41/6385 4027/3520 4025/2011
f 4027/3520 629/2013 4028/2012 4025/2011
f 4028/2012 627/5720 1870/2008 4025/2011
f 2599/2014 218/5985 2738/847 4029/2015
f 2738/847 630/846 4030/2016 4029/2015
f 4030/2016 627/5720 4028/2012 4029/2015
f 4032/2017 247/6386 4033/3818 4031/2018
f 4033/3818 631/150 1871/149 4031/2018
f 1871/149 627/5720 4030/2016 4031/2018
f 4035/2021 42/6387 4036/3549 4034/2022
f 4036/3549 634/2024 4037/2023 4034/2022
f 4037/2023 632/5722 1875/2019 4034/2022
f 2614/2025 221/5989 2753/859 4038/2026
f 2753/859 635/858 4039/2027 4038/2026
f 4039/2027 632/5722 4037/2023 4038/2026
f 4041/2028 250/6388 4042/3847 4040/2029
f 4042/3847 636/154 1876/153 4040/2029
f 1876/153 632/5722 4039/2027 4040/2029
f 4044/2032 43/6389 4045/3579 4043/2033
f 4045/3579 639/2035 4046/2034 4043/2033
f 4046/2034 637/5724 1880/2030 4043/2033
f 2629/2036 224/5995 2768/871 4047/2037
f 2768/871 640/870 4048/2038 4047/2037
f 4048/2038 637/5724 4046/2034 4047/2037
f 4050/2039 253/6390 4051/3877 4049/2040
f 4051/3877 641/158 1881/157 4049/2040
f 1881/157 637/5724 4048/2038 4049/2040
f 4053/2043 45/6391 4054/3608 4052/2044
f 4054/3608 644/2046 4055/2045 4052/2044
f 4055/2045 642/5727 1885/2041 4052/2044
f 2644/2047 227/5999 2783/883 4056/2048
f 2783/883 645/882 4057/2049 4056/2048
f 4057/2049 642/5727 4055/2045 4056/2048
f 4059/2050 256/6392 4060/3907 4058/2051
f 4060/3907 646/162 1886/161 4058/2051
f 1886/161 642/5727 4057/2049 4058/2051
f 4062/2054 46/6393 4063/3638 4061/2055
f 4063/3638 649/2057 4064/2056 4061/2055
f 4064/2056 647/5729 1890/2052 4061/2055
f 2659/2058 231/6003 2798/895 4065/2059
f 2798/895 650/894 4066/2060 4065/2059
f 4066/2060 647/5729 4064/2056 4065/2059
f 4068/2061 260/6394 4069/3936 4067/2062
f 4069/3936 651/166 1891/165 4067/2062
f 1891/165 647/5729 4066/2060 4067/2062
f 4071/2065 47/6395 4072/3667 4070/2066
f 4072/3667 654/2068 4073/2067 4070/2066
f 4073/2067 652/5731 1895/2063 4070/2066
f 2674/2069 234/6007 2813/907 4074/2070
f 2813/907 655/906 4075/2071 4074/2070
f 4075/2071 652/5731 4073/2067 4074/2070
f 4077/2072 263/6396 4078/3965 4076/2073
f 4078/3965 656/170 1896/169 4076/2073
f 1896/169 652/5731 4075/2071 4076/2073
f 4080/2076 48/6397 4081/3696 4079/2077
f 4081/3696 659/2079 4082/2078 4079/2077
f 4082/2078 657/5733 1900/2074 4079/2077
f 2689/2080 237/6011 2828/919 4083/2081
f 2828/919 660/918 4084/2082 4083/2081
f 4084/2082 657/5733 4082/2078 4083/2081
f 4086/2083 266/6398 4087/3994 4085/2084
f 4087/3994 661/174 1901/173 4085/2084
f 1901/173 657/5733 4084/2082 4085/2084
f 4089/2087 49/6399 4090/3725 4088/2088
f 4090/3725 664/2090 4091/2089 4088/2088
f 4091/2089 662/5735 1905/2085 4088/2088
f 2704/2091 240/6015 2843/931 4092/2092
f 2843/931 665/930 4093/2093 4092/2092
f 4093/2093 662/5735 4091/2089 4092/2092
f 4095/2094 269/6400 4096/4023 4094/2095
f 4096/4023 666/178 1906/177 4094/2095
f 1906/177 662/5735 4093/2093 4094/2095
f 4098/2098 50/6401 4099/3754 4097/2099
f 4099/3754 669/2101 4100/2100 4097/2099
f 4100/2100 667/5737 1910/2096 4097/2099
f 2719/2102 243/6019 2858/943 4101/2103
f 2858/943 670/942 4102/2104 4101/2103
f 4102/2104 667/5737 4100/2100 4101/2103
f 4104/2105 272/6402 4105/4052 4103/2106
f 4105/4052 671/182 1911/181 4103/2106
f 1911/181 667/5737 4102/2104 4103/2106
f 4107/2109 51/6403 4108/3783 4106/2110
f 4108/3783 674/2112 4109/2111 4106/2110
f 4109/2111 672/5739 1915/2107 4106/2110
f 2734/2113 246/6023 2873/955 4110/2114
f 2873/955 675/954 4111/2115 4110/2114
f 4111/2115 672/5739 4109/2111 4110/2114
f 4113/2116 275/6404 4114/4081 4112/2117
f 4114/4081 676/186 1916/185 4112/2117
f 1916/185 672/5739 4111/2115 4112/2117
f 4116/2120 52/6405 4117/3812 4115/2121
f 4117/3812 679/2123 4118/2122 4115/2121
f 4118/2122 677/5741 1920/2118 4115/2121
f 2749/2124 249/6027 2888/967 4119/2125
f 2888/967 680/966 4120/2126 4119/2125
f 4120/2126 677/5741 4118/2122 4119/2125
f 4122/2127 278/6406 4123/4110 4121/2128
f 4123/4110 681/190 1921/189 4121/2128
f 1921/189 677/5741 4120/2126 4121/2128
f 4125/2131 53/6407 4126/3841 4124/2132
f 4126/3841 684/2134 4127/2133 4124/2132
f 4127/2133 682/5743 1925/2129 4124/2132
f 2764/2135 252/6031 2903/979 4128/2136
f 2903/979 685/978 4129/2137 4128/2136
f 4129/2137 682/5743 4127/2133 4128/2136
f 4131/2138 281/6408 4132/4139 4130/2139
f 4132/4139 686/194 1926/193 4130/2139
f 1926/193 682/5743 4129/2137 4130/2139
f 4134/2142 54/6409 4135/3871 4133/2143
f 4135/3871 689/2145 4136/2144 4133/2143
f 4136/2144 687/5745 1930/2140 4133/2143
f 2779/2146 255/6037 2918/991 4137/2147
f 2918/991 690/990 4138/2148 4137/2147
f 4138/2148 687/5745 4136/2144 4137/2147
f 4140/2149 284/6410 4141/4169 4139/2150
f 4141/4169 691/198 1931/197 4139/2150
f 1931/197 687/5745 4138/2148 4139/2150
f 4143/2153 56/6411 4144/3900 4142/2154
f 4144/3900 694/2156 4145/2155 4142/2154
f 4145/2155 692/5748 1935/2151 4142/2154
f 2794/2157 258/6041 2933/1003 4146/2158
f 2933/1003 695/1002 4147/2159 4146/2158
f 4147/2159 692/5748 4145/2155 4146/2158
f 4149/2160 287/6412 4150/4199 4148/2161
f 4150/4199 696/202 1936/201 4148/2161
f 1936/201 692/5748 4147/2159 4148/2161
f 4152/2164 57/6413 4153/3930 4151/2165
f 4153/3930 699/2167 4154/2166 4151/2165
f 4154/2166 697/5750 1940/2162 4151/2165
f 2809/2168 262/6045 2948/1015 4155/2169
f 2948/1015 700/1014 4156/2170 4155/2169
f 4156/2170 697/5750 4154/2166 4155/2169
f 4158/2171 291/6414 4159/4228 4157/2172
f 4159/4228 701/206 1941/205 4157/2172
f 1941/205 697/5750 4156/2170 4157/2172
f 4161/2175 58/6415 4162/3959 4160/2176
f 4162/3959 704/2178 4163/2177 4160/2176
f 4163/2177 702/5752 1945/2173 4160/2176
f 2824/2179 265/6049 2963/1027 4164/2180
f 2963/1027 705/1026 4165/2181 4164/2180
f 4165/2181 702/5752 4163/2177 4164/2180
f 4167/2182 294/6416 4168/4257 4166/2183
f 4168/4257 706/210 1946/209 4166/2183
f 1946/209 702/5752 4165/2181 4166/2183
f 4170/2186 59/6417 4171/3988 4169/2187
f 4171/3988 709/2189 4172/2188 4169/2187
f 4172/2188 707/5754 1950/2184 4169/2187
f 2839/2190 268/6053 2978/1039 4173/2191
f 2978/1039 710/1038 4174/2192 4173/2191
f 4174/2192 707/5754 4172/2188 4173/2191
f 4176/2193 297/6418 4177/4286 4175/2194
f 4177/4286 711/214 1951/213 4175/2194
f 1951/213 707/5754 4174/2192 4175/2194
f 4179/2197 60/6419 4180/4017 4178/2198
f 4180/4017 714/2200 4181/2199 4178/2198
f 4181/2199 712/5756 1955/2195 4178/2198
f 2854/2201 271/6057 2993/1051 4182/2202
f 2993/1051 715/1050 4183/2203 4182/2202
f 4183/2203 712/5756 4181/2199 4182/2202
f 4185/2204 300/6420 4186/4315 4184/2205
f 4186/4315 716/218 1956/217 4184/2205
f 1956/217 712/5756 4183/2203 4184/2205
f 4188/2208 61/6421 4189/4046 4187/2209
f 4189/4046 719/2211 4190/2210 4187/2209
f 4190/2210 717/5758 1960/2206 4187/2209
f 2869/2212 274/6061 3008/1063 4191/2213
f 3008/1063 720/1062 4192/2214 4191/2213
f 4192/2214 717/5758 4190/2210 4191/2213
f 4194/2215 303/6422 4195/4344 4193/2216
f 4195/4344 721/222 1961/221 4193/2216
f 1961/221 717/5758 4192/2214 4193/2216
f 4197/2219 62/6423 4198/4075 4196/2220
f 4198/4075 724/2222 4199/2221 4196/2220
f 4199/2221 722/5760 1965/2217 4196/2220
f 2884/2223 277/6065 3023/1075 4200/2224
f 3023/1075 725/1074 4201/2225 4200/2224
f 4201/2225 722/5760 4199/2221 4200/2224
f 4203/2226 306/6424 4204/4373 4202/2227
f 4204/4373 726/226 1966/225 4202/2227
f 1966/225 722/5760 4201/2225 4202/2227
f 4206/2230 63/6425 4207/4104 4205/2231
f 4207/4104 729/2233 4208/2232 4205/2231
f 4208/2232 727/5762 1970/2228 4205/2231
f 2899/2234 280/6069 3038/1087 4209/2235
f 3038/1087 730/1086 4210/2236 4209/2235
f 4210/2236 727/5762 4208/2232 4209/2235
f 4212/2237 309/6426 4213/4402 4211/2238
f 4213/4402 731/230 1971/229 4211/2238
f 1971/229 727/5762 4210/2236 4211/2238
f 4215/2241 64/6427 4216/4133 4214/2242
f 4216/4133 734/2244 4217/2243 4214/2242
f 4217/2243 732/5764 1975/2239 4214/2242
f 2914/2245 283/6073 3053/1099 4218/2246
f 3053/1099 735/1098 4219/2247 4218/2246
f 4219/2247 732/5764 4217/2243 4218/2246
f 4221/2248 312/6428 4222/4431 4220/2249
f 4222/4431 736/234 1976/233 4220/2249
f 1976/233 732/5764 4219/2247 4220/2249
f 4224/2252 65/6429 4225/4163 4223/2253
f 4225/4163 739/2255 4226/2254 4223/2253
f 4226/2254 737/5766 1980/2250 4223/2253
f 2929/2256 286/6079 3068/1111 4227/2257
f 3068/1111 740/1110 4228/2258 4227/2257
f 4228/2258 737/5766 4226/2254 4227/2257
f 4230/2259 315/6430 4231/4461 4229/2260
f 4231/4461 741/238 1981/237 4229/2260
f 1981/237 737/5766 4228/2258 4229/2260
f 4233/2263 67/6431 4234/4192 4232/2264
f 4234/4192 744/2266 4235/2265 4232/2264
f 4235/2265 742/5769 1985/2261 4232/2264
f 2944/2267 289/6083 3083/1123 4236/2268
f 3083/1123 745/1122 4237/2269 4236/2268
f 4237/2269 742/5769 4235/2265 4236/2268
f 4239/2270 318/6432 4240/4491 4238/2271
f 4240/4491 746/242 1986/241 4238/2271
f 1986/241 742/5769 4237/2269 4238/2271
f 4242/2274 68/6433 4243/4222 4241/2275
f 4243/4222 749/2277 4244/2276 4241/2275
f 4244/2276 747/5771 1990/2272 4241/2275
f 2959/2278 293/6087 3098/1135 4245/2279
f 3098/1135 750/1134 4246/2280 4245/2279
f 4246/2280 747/5771 4244/2276 4245/2279
f 4248/2281 322/6434 4249/4520 4247/2282
f 4249/4520 751/246 1991/245 4247/2282
f 1991/245 747/5771 4246/2280 4247/2282
f 4251/2285 69/6435 4252/4251 4250/2286
f 4252/4251 754/2288 4253/2287 4250/2286
f 4253/2287 752/5773 1995/2283 4250/2286
f 2974/2289 296/6091 3113/1147 4254/2290
f 3113/1147 755/1146 4255/2291 4254/2290
f 4255/2291 752/5773 4253/2287 4254/2290
f 4257/2292 325/6436 4258/4549 4256/2293
f 4258/4549 756/250 1996/249 4256/2293
f 1996/249 752/5773 4255/2291 4256/2293
f 4260/2296 70/6437 4261/4280 4259/2297
f 4261/4280 759/2299 4262/2298 4259/2297
f 4262/2298 757/5775 2000/2294 4259/2297
f 2989/2300 299/6095 3128/1159 4263/2301
f 3128/1159 760/1158 4264/2302 4263/2301
f 4264/2302 757/5775 4262/2298 4263/2301
f 4266/2303 328/6438 4267/4578 4265/2304
f 4267/4578 761/254 2001/253 4265/2304
f 2001/253 757/5775 4264/2302 4265/2304
f 4269/2307 71/6439 4270/4309 4268/2308
f 4270/4309 764/2310 4271/2309 4268/2308
f 4271/2309 762/5777 2005/2305 4268/2308
f 3004/2311 302/6099 3143/1171 4272/2312
f 3143/1171 765/1170 4273/2313 4272/2312
f 4273/2313 762/5777 4271/2309 4272/2312
f 4275/2314 331/6440 4276/4607 4274/2315
f 4276/4607 766/258 2006/257 4274/2315
f 2006/257 762/5777 4273/2313 4274/2315
f 4278/2318 72/6441 4279/4338 4277/2319
f 4279/4338 769/2321 4280/2320 4277/2319
f 4280/2320 767/5779 2010/2316 4277/2319
f 3019/2322 305/6103 3158/1183 4281/2323
f 3158/1183 770/1182 4282/2324 4281/2323
f 4282/2324 767/5779 4280/2320 4281/2323
f 4284/2325 334/6442 4285/4636 4283/2326
f 4285/4636 771/262 2011/261 4283/2326
f 2011/261 767/5779 4282/2324 4283/2326
f 4287/2329 73/6443 4288/4367 4286/2330
f 4288/4367 774/2332 4289/2331 4286/2330
f 4289/2331 772/5781 2015/2327 4286/2330
f 3034/2333 308/6107 3173/1195 4290/2334
f 3173/1195 775/1194 4291/2335 4290/2334
f 4291/2335 772/5781 4289/2331 4290/2334
f 4293/2336 337/6444 4294/4665 4292/2337
f 4294/4665 776/266 2016/265 4292/2337
f 2016/265 772/5781 4291/2335 4292/2337
f 4296/2340 74/6445 4297/4396 4295/2341
f 4297/4396 779/2343 4298/2342 4295/2341
f 4298/2342 777/5783 2020/2338 4295/2341
f 3049/2344 311/6111 3188/1207 4299/2345
f 3188/1207 780/1206 4300/2346 4299/2345
f 4300/2346 777/5783 4298/2342 4299/2345
f 4302/2347 340/6446 4303/4694 4301/2348
f 4303/4694 781/270 2021/269 4301/2348
f 2021/269 777/5783 4300/2346 4301/2348
f 4305/2351 75/6447 4306/4425 4304/2352
f 4306/4425 784/2354 4307/2353 4304/2352
f 4307/2353 782/5785 2025/2349 4304/2352
f 3064/2355 314/6115 3203/1219 4308/2356
f 3203/1219 785/1218 4309/2357 4308/2356
f 4309/2357 782/5785 4307/2353 4308/2356
f 4311/2358 343/6448 4312/4723 4310/2359
f 4312/4723 786/274 2026/273 4310/2359
f 2026/273 782/5785 4309/2357 4310/2359
f 4314/2362 76/6449 4315/4455 4313/2363
f 4315/4455 789/2365 4316/2364 4313/2363
f 4316/2364 787/5787 2030/2360 4313/2363
f 3079/2366 317/6121 3218/1231 4317/2367
f 3218/1231 790/1230 4318/2368 4317/2367
f 4318/2368 787/5787 4316/2364 4317/2367
f 4320/2369 346/6450 4321/4753 4319/2370
f 4321/4753 791/278 2031/277 4319/2370
f 2031/277 787/5787 4318/2368 4319/2370
f 4323/2373 78/6451 4324/4484 4322/2374
f 4324/4484 794/2376 4325/2375 4322/2374
f 4325/2375 792/5790 2035/2371 4322/2374
f 3094/2377 320/6125 3233/1243 4326/2378
f 3233/1243 795/1242 4327/2379 4326/2378
f 4327/2379 792/5790 4325/2375 4326/2378
f 4329/2380 349/6452 4330/4783 4328/2381
f 4330/4783 796/282 2036/281 4328/2381
f 2036/281 792/5790 4327/2379 4328/2381
f 4332/2384 79/6453 4333/4514 4331/2385
f 4333/4514 799/2387 4334/2386 4331/2385
f 4334/2386 797/5792 2040/2382 4331/2385
f 3109/2388 324/6129 3248/1255 4335/2389
f 3248/1255 800/1254 4336/2390 4335/2389
f 4336/2390 797/5792 4334/2386 4335/2389
f 4338/2391 353/6454 4339/4812 4337/2392
f 4339/4812 801/286 2041/285 4337/2392
f 2041/285 797/5792 4336/2390 4337/2392
f 4341/2395 80/6455 4342/4543 4340/2396
f 4342/4543 804/2398 4343/2397 4340/2396
f 4343/2397 802/5794 2045/2393 4340/2396
f 3124/2399 327/6133 3263/1267 4344/2400
f 3263/1267 805/1266 4345/2401 4344/2400
f 4345/2401 802/5794 4343/2397 4344/2400
f 4347/2402 356/6456 4348/4841 4346/2403
f 4348/4841 806/290 2046/289 4346/2403
f 2046/289 802/5794 4345/2401 4346/2403
f 4350/2406 81/6457 4351/4572 4349/2407
f 4351/4572 809/2409 4352/2408 4349/2407
f 4352/2408 807/5796 2050/2404 4349/2407
f 3139/2410 330/6137 3278/1279 4353/2411
f 3278/1279 810/1278 4354/2412 4353/2411
f 4354/2412 807/5796 4352/2408 4353/2411
f 4356/2413 359/6458 4357/4870 4355/2414
f 4357/4870 811/294 2051/293 4355/2414
f 2051/293 807/5796 4354/2412 4355/2414
f 4359/2417 82/6459 4360/4601 4358/2418
f 4360/4601 814/2420 4361/2419 4358/2418
f 4361/2419 812/5798 2055/2415 4358/2418
f 3154/2421 333/6141 3293/1291 4362/2422
f 3293/1291 815/1290 4363/2423 4362/2422
f 4363/2423 812/5798 4361/2419 4362/2422
f 4365/2424 362/6460 4366/4899 4364/2425
f 4366/4899 816/298 2056/297 4364/2425
f 2056/297 812/5798 4363/2423 4364/2425
f 4368/2428 83/6461 4369/4630 4367/2429
f 4369/4630 819/2431 4370/2430 4367/2429
f 4370/2430 817/5800 2060/2426 4367/2429
f 3169/2432 336/6145 3308/1303 4371/2433
f 3308/1303 820/1302 4372/2434 4371/2433
f 4372/2434 817/5800 4370/2430 4371/2433
f 4374/2435 365/6462 4375/4928 4373/2436
f 4375/4928 821/302 2061/301 4373/2436
f 2061/301 817/5800 4372/2434 4373/2436
f 4377/2439 84/6463 4378/4659 4376/2440
f 4378/4659 824/2442 4379/2441 4376/2440
f 4379/2441 822/5802 2065/2437 4376/2440
f 3184/2443 339/6149 3323/1315 4380/2444
f 3323/1315 825/1314 4381/2445 4380/2444
f 4381/2445 822/5802 4379/2441 4380/2444
f 4383/2446 368/6464 4384/4957 4382/2447
f 4384/4957 826/306 2066/305 4382/2447
f 2066/305 822/5802 4381/2445 4382/2447
f 4386/2450 85/6465 4387/4688 4385/2451
f 4387/4688 829/2453 4388/2452 4385/2451
f 4388/2452 827/5804 2070/2448 4385/2451
f 3199/2454 342/6153 3338/1327 4389/2455
f 3338/1327 830/1326 4390/2456 4389/2455
f 4390/2456 827/5804 4388/2452 4389/2455
f 4392/2457 371/6466 4393/4986 4391/2458
f 4393/4986 831/310 2071/309 4391/2458
f 2071/309 827/5804 4390/2456 4391/2458
f 4395/2461 86/6467 4396/4717 4394/2462
f 4396/4717 834/2464 4397/2463 4394/2462
f 4397/2463 832/5806 2075/2459 4394/2462
f 3214/2465 345/6157 3353/1339 4398/2466
f 3353/1339 835/1338 4399/2467 4398/2466
f 4399/2467 832/5806 4397/2463 4398/2466
f 4401/2468 374/6468 4402/5015 4400/2469
f 4402/5015 836/314 2076/313 4400/2469
f 2076/313 832/5806 4399/2467 4400/2469
f 4404/2472 87/6469 4405/4747 4403/2473
f 4405/4747 839/2475 4406/2474 4403/2473
f 4406/2474 837/5808 2080/2470 4403/2473
f 3229/2476 348/6163 3368/1351 4407/2477
f 3368/1351 840/1350 4408/2478 4407/2477
f 4408/2478 837/5808 4406/2474 4407/2477
f 4410/2479 377/6470 4411/5045 4409/2480
f 4411/5045 841/318 2081/317 4409/2480
f 2081/317 837/5808 4408/2478 4409/2480
f 4413/2483 89/6471 4414/4776 4412/2484
f 4414/4776 844/2486 4415/2485 4412/2484
f 4415/2485 842/5811 2085/2481 4412/2484
f 3244/2487 351/6167 3383/1363 4416/2488
f 3383/1363 845/1362 4417/2489 4416/2488
f 4417/2489 842/5811 4415/2485 4416/2488
f 4419/2490 380/6472 4420/5075 4418/2491
f 4420/5075 846/322 2086/321 4418/2491
f 2086/321 842/5811 4417/2489 4418/2491
f 4422/2494 90/6473 4423/4806 4421/2495
f 4423/4806 849/2497 4424/2496 4421/2495
f 4424/2496 847/5813 2090/2492 4421/2495
f 3259/2498 355/6171 3398/1375 4425/2499
f 3398/1375 850/1374 4426/2500 4425/2499
f 4426/2500 847/5813 4424/2496 4425/2499
f 4428/2501 384/6474 4429/5104 4427/2502
f 4429/5104 851/326 2091/325 4427/2502
f 2091/325 847/5813 4426/2500 4427/2502
f 4431/2505 91/6475 4432/4835 4430/2506
f 4432/4835 854/2508 4433/2507 4430/2506
f 4433/2507 852/5815 2095/2503 4430/2506
f 3274/2509 358/6175 3413/1387 4434/2510
f 3413/1387 855/1386 4435/2511 4434/2510
f 4435/2511 852/5815 4433/2507 4434/2510
f 4437/2512 387/6476 4438/5133 4436/2513
f 4438/5133 856/330 2096/329 4436/2513
f 2096/329 852/5815 4435/2511 4436/2513
f 4440/2516 92/6477 4441/4864 4439/2517
f 4441/4864 859/2519 4442/2518 4439/2517
f 4442/2518 857/5817 2100/2514 4439/2517
f 3289/2520 361/6179 3428/1399 4443/2521
f 3428/1399 860/1398 4444/2522 4443/2521
f 4444/2522 857/5817 4442/2518 4443/2521
f 4446/2523 390/6478 4447/5162 4445/2524
f 4447/5162 861/334 2101/333 4445/2524
f 2101/333 857/5817 4444/2522 4445/2524
f 4449/2527 93/6479 4450/4893 4448/2528
f 4450/4893 864/2530 4451/2529 4448/2528
f 4451/2529 862/5819 2105/2525 4448/2528
f 3304/2531 364/6183 3443/1411 4452/2532
f 3443/1411 865/1410 4453/2533 4452/2532
f 4453/2533 862/5819 4451/2529 4452/2532
f 4455/2534 393/6480 4456/5191 4454/2535
f 4456/5191 866/338 2106/337 4454/2535
f 2106/337 862/5819 4453/2533 4454/2535
f 4458/2538 94/6481 4459/4922 4457/2539
f 4459/4922 869/2541 4460/2540 4457/2539
f 4460/2540 867/5821 2110/2536 4457/2539
f 3319/2542 367/6187 3458/1423 4461/2543
f 3458/1423 870/1422 4462/2544 4461/2543
f 4462/2544 867/5821 4460/2540 4461/2543
f 4464/2545 396/6482 4465/5220 4463/2546
f 4465/5220 871/342 2111/341 4463/2546
f 2111/341 867/5821 4462/2544 4463/2546
f 4467/2549 95/6483 4468/4951 4466/2550
f 4468/4951 874/2552 4469/2551 4466/2550
f 4469/2551 872/5823 2115/2547 4466/2550
f 3334/2553 370/6191 3473/1435 4470/2554
f 3473/1435 875/1434 4471/2555 4470/2554
f 4471/2555 872/5823 4469/2551 4470/2554
f 4473/2556 399/6484 4474/5249 4472/2557
f 4474/5249 876/346 2116/345 4472/2557
f 2116/345 872/5823 4471/2555 4472/2557
f 4476/2560 96/6485 4477/4980 4475/2561
f 4477/4980 879/2563 4478/2562 4475/2561
f 4478/2562 877/5825 2120/2558 4475/2561
f 3349/2564 373/6195 3488/1447 4479/2565
f 3488/1447 880/1446 4480/2566 4479/2565
f 4480/2566 877/5825 4478/2562 4479/2565
f 4482/2567 402/6486 4483/5278 4481/2568
f 4483/5278 881/350 2121/349 4481/2568
f 2121/349 877/5825 4480/2566 4481/2568
f 4485/2571 97/6487 4486/5009 4484/2572
f 4486/5009 884/2574 4487/2573 4484/2572
f 4487/2573 882/5827 2125/2569 4484/2572
f 3364/2575 376/6199 3503/1459 4488/2576
f 3503/1459 885/1458 4489/2577 4488/2576
f 4489/2577 882/5827 4487/2573 4488/2576
f 4491/2578 405/6488 4492/5307 4490/2579
f 4492/5307 886/354 2126/353 4490/2579
f 2126/353 882/5827 4489/2577 4490/2579
f 4494/2582 98/6489 4495/5039 4493/2583
f 4495/5039 889/2585 4496/2584 4493/2583
f 4496/2584 887/5829 2130/2580 4493/2583
f 3379/2586 379/6205 3518/1471 4497/2587
f 3518/1471 890/1470 4498/2588 4497/2587
f 4498/2588 887/5829 4496/2584 4497/2587
f 4500/2589 408/6490 4501/5337 4499/2590
f 4501/5337 891/358 2131/357 4499/2590
f 2131/357 887/5829 4498/2588 4499/2590
f 4503/2593 100/6491 4504/5068 4502/2594
f 4504/5068 894/2596 4505/2595 4502/2594
f 4505/2595 892/5832 2135/2591 4502/2594
f 3394/2597 382/6209 3533/1483 4506/2598
f 3533/1483 895/1482 4507/2599 4506/2598
f 4507/2599 892/5832 4505/2595 4506/2598
f 4509/2600 411/6492 4510/5368 4508/2601
f 4510/5368 896/362 2136/361 4508/2601
f 2136/361 892/5832 4507/2599 4508/2601
f 4512/2604 101/6493 4513/5098 4511/2605
f 4513/5098 899/2607 4514/2606 4511/2605
f 4514/2606 897/5834 2140/2602 4511/2605
f 3409/2608 386/6213 3548/1495 4515/2609
f 3548/1495 900/1494 4516/2610 4515/2609
f 4516/2610 897/5834 4514/2606 4515/2609
f 4518/2611 415/6494 4519/5398 4517/2612
f 4519/5398 901/366 2141/365 4517/2612
f 2141/365 897/5834 4516/2610 4517/2612
f 4521/2615 102/6495 4522/5127 4520/2616
f 4522/5127 904/2618 4523/2617 4520/2616
f 4523/2617 902/5836 2145/2613 4520/2616
f 3424/2619 389/6217 3563/1507 4524/2620
f 3563/1507 905/1506 4525/2621 4524/2620
f 4525/2621 902/5836 4523/2617 4524/2620
f 4527/2622 418/6496 4528/5428 4526/2623
f 4528/5428 906/370 2146/369 4526/2623
f 2146/369 902/5836 4525/2621 4526/2623
f 4530/2626 103/6497 4531/5156 4529/2627
f 4531/5156 909/2629 4532/2628 4529/2627
f 4532/2628 907/5838 2150/2624 4529/2627
f 3439/2630 392/6221 3578/1519 4533/2631
f 3578/1519 910/1518 4534/2632 4533/2631
f 4534/2632 907/5838 4532/2628 4533/2631
f 4536/2633 421/6498 4537/5458 4535/2634
f 4537/5458 911/374 2151/373 4535/2634
f 2151/373 907/5838 4534/2632 4535/2634
f 4539/2637 104/6499 4540/5185 4538/2638
f 4540/5185 914/2640 4541/2639 4538/2638
f 4541/2639 912/5840 2155/2635 4538/2638
f 3454/2641 395/6225 3593/1531 4542/2642
f 3593/1531 915/1530 4543/2643 4542/2642
f 4543/2643 912/5840 4541/2639 4542/2642
f 4545/2644 424/6500 4546/5488 4544/2645
f 4546/5488 916/378 2156/377 4544/2645
f 2156/377 912/5840 4543/2643 4544/2645
f 4548/2648 105/6501 4549/5214 4547/2649
f 4549/5214 919/2651 4550/2650 4547/2649
f 4550/2650 917/5842 2160/2646 4547/2649
f 3469/2652 398/6229 3608/1543 4551/2653
f 3608/1543 920/1542 4552/2654 4551/2653
f 4552/2654 917/5842 4550/2650 4551/2653
f 4554/2655 427/6502 4555/5518 4553/2656
f 4555/5518 921/382 2161/381 4553/2656
f 2161/381 917/5842 4552/2654 4553/2656
f 4557/2659 106/6503 4558/5243 4556/2660
f 4558/5243 924/2662 4559/2661 4556/2660
f 4559/2661 922/5844 2165/2657 4556/2660
f 3484/2663 401/6233 3623/1555 4560/2664
f 3623/1555 925/1554 4561/2665 4560/2664
f 4561/2665 922/5844 4559/2661 4560/2664
f 4563/2666 430/6504 4564/5548 4562/2667
f 4564/5548 926/386 2166/385 4562/2667
f 2166/385 922/5844 4561/2665 4562/2667
f 4566/2670 107/6505 4567/5272 4565/2671
f 4567/5272 929/2673 4568/2672 4565/2671
f 4568/2672 927/5846 2170/2668 4565/2671
f 3499/2674 404/6237 3638/1567 4569/2675
f 3638/1567 930/1566 4570/2676 4569/2675
f 4570/2676 927/5846 4568/2672 4569/2675
f 4572/2677 433/6506 4573/5578 4571/2678
f 4573/5578 931/390 2171/389 4571/2678
f 2171/389 927/5846 4570/2676 4571/2678
f 4575/2681 108/6507 4576/5301 4574/2682
f 4576/5301 934/2684 4577/2683 4574/2682
f 4577/2683 932/5848 2175/2679 4574/2682
f 3514/2685 407/6241 3653/1579 4578/2686
f 3653/1579 935/1578 4579/2687 4578/2686
f 4579/2687 932/5848 4577/2683 4578/2686
f 4581/2688 436/6508 4582/5608 4580/2689
f 4582/5608 936/394 2176/393 4580/2689
f 2176/393 932/5848 4579/2687 4580/2689
f 4584/2692 109/6509 4585/5331 4583/2693
f 4585/5331 939/2695 4586/2694 4583/2693
f 4586/2694 937/5850 2180/2690 4583/2693
f 3529/2696 410/6247 3668/1591 4587/2697
f 3668/1591 940/1590 4588/2698 4587/2697
f 4588/2698 937/5850 4586/2694 4587/2697
f 4590/2699 439/6510 4591/5639 4589/2700
f 4591/5639 941/398 2181/397 4589/2700
f 2181/397 937/5850 4588/2698 4589/2700
f 4593/2703 2/6304 3693/1614 4592/2704
f 3693/1614 448/1613 4594/2705 4592/2704
f 4594/2705 942/5853 2185/2701 4592/2704
f 1689/2706 124/5644 2188/407 4595/2707
f 2188/407 944/406 4596/2708 4595/2707
f 4596/2708 942/5853 4594/2705 4595/2707
f 4598/2709 122/6303 3690/1610 4597/2710
f 3690/1610 445/402 2186/401 4597/2710
f 2186/401 942/5853 4596/2708 4597/2710
f 4600/2713 13/6333 4601/3004 4599/2714
f 4601/3004 947/2716 4602/2715 4599/2714
f 4602/2715 945/5854 2190/2711 4599/2714
f 2334/2717 125/5855 2193/411 4603/2718
f 2193/411 948/410 4604/2719 4603/2718
f 4604/2719 945/5854 4602/2715 4603/2718
f 4606/2720 122/6303 4598/2709 4605/2721
f 4598/2709 944/406 2191/405 4605/2721
f 2191/405 945/5854 4604/2719 4605/2721
f 3784/2723 12/6331 4608/6511 4607/2724
f 4608/6511 950/2726 4609/2725 4607/2724
f 4609/2725 949/5856 2195/2722 4607/2724
f 4611/2727 126/5641 1683/3 4610/2728
f 1683/3 446/2 4612/2729 4610/2728
f 4612/2729 949/5856 4609/2725 4610/2728
f 3691/2730 122/6303 4606/2720 4613/2731
f 4606/2720 948/410 2196/409 4613/2731
f 2196/409 949/5856 4612/2729 4613/2731
f 4615/2734 3/6307 3703/1625 4614/2735
f 3703/1625 453/1624 4616/2736 4614/2735
f 4616/2736 951/5859 2200/2732 4614/2735
f 1694/2737 129/5646 2203/419 4617/2738
f 2203/419 953/418 4618/2739 4617/2738
f 4618/2739 951/5859 4616/2736 4617/2738
f 4620/2740 127/6306 3700/1621 4619/2741
f 3700/1621 450/414 2201/413 4619/2741
f 2201/413 951/5859 4618/2739 4619/2741
f 4622/2744 14/6335 4623/3034 4621/2745
f 4623/3034 956/2747 4624/2746 4621/2745
f 4624/2746 954/5860 2205/2742 4621/2745
f 2349/2748 130/5861 2208/423 4625/2749
f 2208/423 957/422 4626/2750 4625/2749
f 4626/2750 954/5860 4624/2746 4625/2749
f 4628/2751 127/6306 4620/2740 4627/2752
f 4620/2740 953/418 2206/417 4627/2752
f 2206/417 954/5860 4626/2750 4627/2752
f 3793/2754 13/6333 4600/2713 4629/2755
f 4600/2713 946/2712 4630/2756 4629/2755
f 4630/2756 958/5862 2210/2753 4629/2755
f 2189/2757 124/5644 1688/7 4631/2758
f 1688/7 451/6 4632/2759 4631/2758
f 4632/2759 958/5862 4630/2756 4631/2758
f 3701/2760 127/6306 4628/2751 4633/2761
f 4628/2751 957/422 2211/421 4633/2761
f 2211/421 958/5862 4632/2759 4633/2761
f 4635/2764 4/6310 3713/1636 4634/2765
f 3713/1636 458/1635 4636/2766 4634/2765
f 4636/2766 959/5865 2215/2762 4634/2765
f 1699/2767 133/5648 2218/431 4637/2768
f 2218/431 961/430 4638/2769 4637/2768
f 4638/2769 959/5865 4636/2766 4637/2768
f 4640/2770 131/6309 3710/1632 4639/2771
f 3710/1632 455/426 2216/425 4639/2771
f 2216/425 959/5865 4638/2769 4639/2771
f 4642/2774 15/6337 4643/3063 4641/2775
f 4643/3063 964/2777 4644/2776 4641/2775
f 4644/2776 962/5866 2220/2772 4641/2775
f 2364/2778 134/5867 2223/435 4645/2779
f 2223/435 965/434 4646/2780 4645/2779
f 4646/2780 962/5866 4644/2776 4645/2779
f 4648/2781 131/6309 4640/2770 4647/2782
f 4640/2770 961/430 2221/429 4647/2782
f 2221/429 962/5866 4646/2780 4647/2782
f 3802/2784 14/6335 4622/2744 4649/2785
f 4622/2744 955/2743 4650/2786 4649/2785
f 4650/2786 966/5868 2225/2783 4649/2785
f 2204/2787 129/5646 1693/11 4651/2788
f 1693/11 456/10 4652/2789 4651/2788
f 4652/2789 966/5868 4650/2786 4651/2788
f 3711/2790 131/6309 4648/2781 4653/2791
f 4648/2781 965/434 2226/433 4653/2791
f 2226/433 966/5868 4652/2789 4653/2791
f 4655/2794 5/6313 3723/1647 4654/2795
f 3723/1647 463/1646 4656/2796 4654/2795
f 4656/2796 967/5871 2230/2792 4654/2795
f 1704/2797 137/5650 2233/443 4657/2798
f 2233/443 969/442 4658/2799 4657/2798
f 4658/2799 967/5871 4656/2796 4657/2798
f 4660/2800 135/6312 3720/1643 4659/2801
f 3720/1643 460/438 2231/437 4659/2801
f 2231/437 967/5871 4658/2799 4659/2801
f 4662/2804 16/6339 4663/3092 4661/2805
f 4663/3092 972/2807 4664/2806 4661/2805
f 4664/2806 970/5872 2235/2802 4661/2805
f 2379/2808 138/5873 2238/447 4665/2809
f 2238/447 973/446 4666/2810 4665/2809
f 4666/2810 970/5872 4664/2806 4665/2809
f 4668/2811 135/6312 4660/2800 4667/2812
f 4660/2800 969/442 2236/441 4667/2812
f 2236/441 970/5872 4666/2810 4667/2812
f 3811/2814 15/6337 4642/2774 4669/2815
f 4642/2774 963/2773 4670/2816 4669/2815
f 4670/2816 974/5874 2240/2813 4669/2815
f 2219/2817 133/5648 1698/15 4671/2818
f 1698/15 461/14 4672/2819 4671/2818
f 4672/2819 974/5874 4670/2816 4671/2818
f 3721/2820 135/6312 4668/2811 4673/2821
f 4668/2811 973/446 2241/445 4673/2821
f 2241/445 974/5874 4672/2819 4673/2821
f 4675/2824 6/6316 3733/1658 4674/2825
f 3733/1658 468/1657 4676/2826 4674/2825
f 4676/2826 975/5877 2245/2822 4674/2825
f 1709/2827 141/5652 2248/455 4677/2828
f 2248/455 977/454 4678/2829 4677/2828
f 4678/2829 975/5877 4676/2826 4677/2828
f 4680/2830 139/6315 3730/1654 4679/2831
f 3730/1654 465/450 2246/449 4679/2831
f 2246/449 975/5877 4678/2829 4679/2831
f 4682/2834 17/6341 4683/3121 4681/2835
f 4683/3121 980/2837 4684/2836 4681/2835
f 4684/2836 978/5878 2250/2832 4681/2835
f 2394/2838 142/5879 2253/459 4685/2839
f 2253/459 981/458 4686/2840 4685/2839
f 4686/2840 978/5878 4684/2836 4685/2839
f 4688/2841 139/6315 4680/2830 4687/2842
f 4680/2830 977/454 2251/453 4687/2842
f 2251/453 978/5878 4686/2840 4687/2842
f 3820/2844 16/6339 4662/2804 4689/2845
f 4662/2804 971/2803 4690/2846 4689/2845
f 4690/2846 982/5880 2255/2843 4689/2845
f 2234/2847 137/5650 1703/19 4691/2848
f 1703/19 466/18 4692/2849 4691/2848
f 4692/2849 982/5880 4690/2846 4691/2848
f 3731/2850 139/6315 4688/2841 4693/2851
f 4688/2841 981/458 2256/457 4693/2851
f 2256/457 982/5880 4692/2849 4693/2851
f 4695/2854 7/6319 3743/1669 4694/2855
f 3743/1669 473/1668 4696/2856 4694/2855
f 4696/2856 983/5883 2260/2852 4694/2855
f 1714/2857 145/5654 2263/467 4697/2858
f 2263/467 985/466 4698/2859 4697/2858
f 4698/2859 983/5883 4696/2856 4697/2858
f 4700/2860 143/6318 3740/1665 4699/2861
f 3740/1665 470/462 2261/461 4699/2861
f 2261/461 983/5883 4698/2859 4699/2861
f 4702/2864 18/6343 4703/3150 4701/2865
f 4703/3150 988/2867 4704/2866 4701/2865
f 4704/2866 986/5884 2265/2862 4701/2865
f 2409/2868 146/5885 2268/471 4705/2869
f 2268/471 989/470 4706/2870 4705/2869
f 4706/2870 986/5884 4704/2866 4705/2869
f 4708/2871 143/6318 4700/2860 4707/2872
f 4700/2860 985/466 2266/465 4707/2872
f 2266/465 986/5884 4706/2870 4707/2872
f 3829/2874 17/6341 4682/2834 4709/2875
f 4682/2834 979/2833 4710/2876 4709/2875
f 4710/2876 990/5886 2270/2873 4709/2875
f 2249/2877 141/5652 1708/23 4711/2878
f 1708/23 471/22 4712/2879 4711/2878
f 4712/2879 990/5886 4710/2876 4711/2878
f 3741/2880 143/6318 4708/2871 4713/2881
f 4708/2871 989/470 2271/469 4713/2881
f 2271/469 990/5886 4712/2879 4713/2881
f 4715/2884 8/6322 3753/1680 4714/2885
f 3753/1680 478/1679 4716/2886 4714/2885
f 4716/2886 991/5889 2275/2882 4714/2885
f 1719/2887 149/5656 2278/479 4717/2888
f 2278/479 993/478 4718/2889 4717/2888
f 4718/2889 991/5889 4716/2886 4717/2888
f 4720/2890 147/6321 3750/1676 4719/2891
f 3750/1676 475/474 2276/473 4719/2891
f 2276/473 991/5889 4718/2889 4719/2891
f 4722/2894 19/6345 4723/3179 4721/2895
f 4723/3179 996/2897 4724/2896 4721/2895
f 4724/2896 994/5890 2280/2892 4721/2895
f 2424/2898 150/5891 2283/483 4725/2899
f 2283/483 997/482 4726/2900 4725/2899
f 4726/2900 994/5890 4724/2896 4725/2899
f 4728/2901 147/6321 4720/2890 4727/2902
f 4720/2890 993/478 2281/477 4727/2902
f 2281/477 994/5890 4726/2900 4727/2902
f 3838/2904 18/6343 4702/2864 4729/2905
f 4702/2864 987/2863 4730/2906 4729/2905
f 4730/2906 998/5892 2285/2903 4729/2905
f 2264/2907 145/5654 1713/27 4731/2908
f 1713/27 476/26 4732/2909 4731/2908
f 4732/2909 998/5892 4730/2906 4731/2908
f 3751/2910 147/6321 4728/2901 4733/2911
f 4728/2901 997/482 2286/481 4733/2911
f 2286/481 998/5892 4732/2909 4733/2911
f 4735/2914 9/6325 3763/1691 4734/2915
f 3763/1691 483/1690 4736/2916 4734/2915
f 4736/2916 999/5895 2290/2912 4734/2915
f 1724/2917 153/5658 2293/491 4737/2918
f 2293/491 1001/490 4738/2919 4737/2918
f 4738/2919 999/5895 4736/2916 4737/2918
f 4740/2920 151/6324 3760/1687 4739/2921
f 3760/1687 480/486 2291/485 4739/2921
f 2291/485 999/5895 4738/2919 4739/2921
f 4742/2924 20/6347 4743/3208 4741/2925
f 4743/3208 1004/2927 4744/2926 4741/2925
f 4744/2926 1002/5896 2295/2922 4741/2925
f 2439/2928 154/5897 2298/495 4745/2929
f 2298/495 1005/494 4746/2930 4745/2929
f 4746/2930 1002/5896 4744/2926 4745/2929
f 4748/2931 151/6324 4740/2920 4747/2932
f 4740/2920 1001/490 2296/489 4747/2932
f 2296/489 1002/5896 4746/2930 4747/2932
f 3847/2934 19/6345 4722/2894 4749/2935
f 4722/2894 995/2893 4750/2936 4749/2935
f 4750/2936 1006/5898 2300/2933 4749/2935
f 2279/2937 149/5656 1718/31 4751/2938
f 1718/31 481/30 4752/2939 4751/2938
f 4752/2939 1006/5898 4750/2936 4751/2938
f 3761/2940 151/6324 4748/2931 4753/2941
f 4748/2931 1005/494 2301/493 4753/2941
f 2301/493 1006/5898 4752/2939 4753/2941
f 4755/2944 10/6328 3773/1702 4754/2945
f 3773/1702 488/1701 4756/2946 4754/2945
f 4756/2946 1007/5901 2305/2942 4754/2945
f 1729/2947 157/5660 2308/503 4757/2948
f 2308/503 1009/502 4758/2949 4757/2948
f 4758/2949 1007/5901 4756/2946 4757/2948
f 4760/2950 155/6327 3770/1698 4759/2951
f 3770/1698 485/498 2306/497 4759/2951
f 2306/497 1007/5901 4758/2949 4759/2951
f 4762/2954 21/6349 4763/3237 4761/2955
f 4763/3237 1012/2957 4764/2956 4761/2955
f 4764/2956 1010/5902 2310/2952 4761/2955
f 2454/2958 158/5903 2313/507 4765/2959
f 2313/507 1013/506 4766/2960 4765/2959
f 4766/2960 1010/5902 4764/2956 4765/2959
f 4768/2961 155/6327 4760/2950 4767/2962
f 4760/2950 1009/502 2311/501 4767/2962
f 2311/501 1010/5902 4766/2960 4767/2962
f 3856/2964 20/6347 4742/2924 4769/2965
f 4742/2924 1003/2923 4770/2966 4769/2965
f 4770/2966 1014/5904 2315/2963 4769/2965
f 2294/2967 153/5658 1723/35 4771/2968
f 1723/35 486/34 4772/2969 4771/2968
f 4772/2969 1014/5904 4770/2966 4771/2968
f 3771/2970 155/6327 4768/2961 4773/2971
f 4768/2961 1013/506 2316/505 4773/2971
f 2316/505 1014/5904 4772/2969 4773/2971
f 4775/2974 11/6512 4776/6513 4774/2975
f 4776/6513 1017/2977 4777/2976 4774/2975
f 4777/2976 1015/5907 2320/2972 4774/2975
f 4779/2978 161/5908 2323/515 4778/2979
f 2323/515 1018/514 4780/2980 4778/2979
f 4780/2980 1015/5907 4777/2976 4778/2979
f 4782/2981 159/6330 3780/1709 4781/2982
f 3780/1709 490/510 2321/509 4781/2982
f 2321/509 1015/5907 4780/2980 4781/2982
f 4784/2985 22/6514 4785/3266 4783/2986
f 4785/3266 1021/2988 4786/2987 4783/2986
f 4786/2987 1019/5910 2325/2983 4783/2986
f 2469/2989 162/5911 2328/519 4787/2990
f 2328/519 1022/518 4788/2991 4787/2990
f 4788/2991 1019/5910 4786/2987 4787/2990
f 4790/2992 159/6330 4782/2981 4789/2993
f 4782/2981 1018/514 2326/513 4789/2993
f 2326/513 1019/5910 4788/2991 4789/2993
f 3865/2995 21/6349 4762/2954 4791/2996
f 4762/2954 1011/2953 4792/2997 4791/2996
f 4792/2997 1023/5912 2330/2994 4791/2996
f 2309/2998 157/5660 1728/39 4793/2999
f 1728/39 491/38 4794/3000 4793/2999
f 4794/3000 1023/5912 4792/2997 4793/2999
f 3781/3001 159/6330 4790/2992 4795/3002
f 4790/2992 1022/518 2331/517 4795/3002
f 2331/517 1023/5912 4794/3000 4795/3002
f 4601/3004 13/6333 3792/1724 4796/3005
f 3792/1724 498/1723 4797/3006 4796/3005
f 4797/3006 1024/5913 2335/3003 4796/3005
f 1739/3007 164/5665 2338/527 4798/3008
f 2338/527 1025/526 4799/3009 4798/3008
f 4799/3009 1024/5913 4797/3006 4798/3008
f 4801/3010 163/6332 3789/1720 4800/3011
f 3789/1720 495/522 2336/521 4800/3011
f 2336/521 1024/5913 4799/3009 4800/3011
f 4803/3014 24/6353 4804/3296 4802/3015
f 4804/3296 1028/3017 4805/3016 4802/3015
f 4805/3016 1026/5914 2340/3012 4802/3015
f 2484/3018 165/5915 2343/531 4806/3019
f 2343/531 1029/530 4807/3020 4806/3019
f 4807/3020 1026/5914 4805/3016 4806/3019
f 4809/3021 163/6332 4801/3010 4808/3022
f 4801/3010 1025/526 2341/525 4808/3022
f 2341/525 1026/5914 4807/3020 4808/3022
f 3874/3024 23/6351 4811/6515 4810/3025
f 4811/6515 1031/3027 4812/3026 4810/3025
f 4812/3026 1030/5916 2345/3023 4810/3025
f 4814/3028 166/5662 1733/43 4813/3029
f 1733/43 496/42 4815/3030 4813/3029
f 4815/3030 1030/5916 4812/3026 4813/3029
f 3790/3031 163/6332 4809/3021 4816/3032
f 4809/3021 1029/530 2346/529 4816/3032
f 2346/529 1030/5916 4815/3030 4816/3032
f 4623/3034 14/6335 3801/1735 4817/3035
f 3801/1735 503/1734 4818/3036 4817/3035
f 4818/3036 1032/5917 2350/3033 4817/3035
f 1744/3037 168/5667 2353/539 4819/3038
f 2353/539 1033/538 4820/3039 4819/3038
f 4820/3039 1032/5917 4818/3036 4819/3038
f 4822/3040 167/6334 3798/1731 4821/3041
f 3798/1731 500/534 2351/533 4821/3041
f 2351/533 1032/5917 4820/3039 4821/3041
f 4824/3044 25/6355 4825/3326 4823/3045
f 4825/3326 1036/3047 4826/3046 4823/3045
f 4826/3046 1034/5918 2355/3042 4823/3045
f 2499/3048 169/5919 2358/543 4827/3049
f 2358/543 1037/542 4828/3050 4827/3049
f 4828/3050 1034/5918 4826/3046 4827/3049
f 4830/3051 167/6334 4822/3040 4829/3052
f 4822/3040 1033/538 2356/537 4829/3052
f 2356/537 1034/5918 4828/3050 4829/3052
f 3883/3054 24/6353 4803/3014 4831/3055
f 4803/3014 1027/3013 4832/3056 4831/3055
f 4832/3056 1038/5920 2360/3053 4831/3055
f 2339/3057 164/5665 1738/47 4833/3058
f 1738/47 501/46 4834/3059 4833/3058
f 4834/3059 1038/5920 4832/3056 4833/3058
f 3799/3060 167/6334 4830/3051 4835/3061
f 4830/3051 1037/542 2361/541 4835/3061
f 2361/541 1038/5920 4834/3059 4835/3061
f 4643/3063 15/6337 3810/1746 4836/3064
f 3810/1746 508/1745 4837/3065 4836/3064
f 4837/3065 1039/5921 2365/3062 4836/3064
f 1749/3066 171/5669 2368/551 4838/3067
f 2368/551 1040/550 4839/3068 4838/3067
f 4839/3068 1039/5921 4837/3065 4838/3067
f 4841/3069 170/6336 3807/1742 4840/3070
f 3807/1742 505/546 2366/545 4840/3070
f 2366/545 1039/5921 4839/3068 4840/3070
f 4843/3073 26/6357 4844/3355 4842/3074
f 4844/3355 1043/3076 4845/3075 4842/3074
f 4845/3075 1041/5922 2370/3071 4842/3074
f 2514/3077 172/5923 2373/555 4846/3078
f 2373/555 1044/554 4847/3079 4846/3078
f 4847/3079 1041/5922 4845/3075 4846/3078
f 4849/3080 170/6336 4841/3069 4848/3081
f 4841/3069 1040/550 2371/549 4848/3081
f 2371/549 1041/5922 4847/3079 4848/3081
f 3892/3083 25/6355 4824/3044 4850/3084
f 4824/3044 1035/3043 4851/3085 4850/3084
f 4851/3085 1045/5924 2375/3082 4850/3084
f 2354/3086 168/5667 1743/51 4852/3087
f 1743/51 506/50 4853/3088 4852/3087
f 4853/3088 1045/5924 4851/3085 4852/3087
f 3808/3089 170/6336 4849/3080 4854/3090
f 4849/3080 1044/554 2376/553 4854/3090
f 2376/553 1045/5924 4853/3088 4854/3090
f 4663/3092 16/6339 3819/1757 4855/3093
f 3819/1757 513/1756 4856/3094 4855/3093
f 4856/3094 1046/5925 2380/3091 4855/3093
f 1754/3095 174/5671 2383/563 4857/3096
f 2383/563 1047/562 4858/3097 4857/3096
f 4858/3097 1046/5925 4856/3094 4857/3096
f 4860/3098 173/6338 3816/1753 4859/3099
f 3816/1753 510/558 2381/557 4859/3099
f 2381/557 1046/5925 4858/3097 4859/3099
f 4862/3102 27/6359 4863/3384 4861/3103
f 4863/3384 1050/3105 4864/3104 4861/3103
f 4864/3104 1048/5926 2385/3100 4861/3103
f 2529/3106 175/5927 2388/567 4865/3107
f 2388/567 1051/566 4866/3108 4865/3107
f 4866/3108 1048/5926 4864/3104 4865/3107
f 4868/3109 173/6338 4860/3098 4867/3110
f 4860/3098 1047/562 2386/561 4867/3110
f 2386/561 1048/5926 4866/3108 4867/3110
f 3901/3112 26/6357 4843/3073 4869/3113
f 4843/3073 1042/3072 4870/3114 4869/3113
f 4870/3114 1052/5928 2390/3111 4869/3113
f 2369/3115 171/5669 1748/55 4871/3116
f 1748/55 511/54 4872/3117 4871/3116
f 4872/3117 1052/5928 4870/3114 4871/3116
f 3817/3118 173/6338 4868/3109 4873/3119
f 4868/3109 1051/566 2391/565 4873/3119
f 2391/565 1052/5928 4872/3117 4873/3119
f 4683/3121 17/6341 3828/1768 4874/3122
f 3828/1768 518/1767 4875/3123 4874/3122
f 4875/3123 1053/5929 2395/3120 4874/3122
f 1759/3124 177/5673 2398/575 4876/3125
f 2398/575 1054/574 4877/3126 4876/3125
f 4877/3126 1053/5929 4875/3123 4876/3125
f 4879/3127 176/6340 3825/1764 4878/3128
f 3825/1764 515/570 2396/569 4878/3128
f 2396/569 1053/5929 4877/3126 4878/3128
f 4881/3131 28/6361 4882/3413 4880/3132
f 4882/3413 1057/3134 4883/3133 4880/3132
f 4883/3133 1055/5930 2400/3129 4880/3132
f 2544/3135 178/5931 2403/579 4884/3136
f 2403/579 1058/578 4885/3137 4884/3136
f 4885/3137 1055/5930 4883/3133 4884/3136
f 4887/3138 176/6340 4879/3127 4886/3139
f 4879/3127 1054/574 2401/573 4886/3139
f 2401/573 1055/5930 4885/3137 4886/3139
f 3910/3141 27/6359 4862/3102 4888/3142
f 4862/3102 1049/3101 4889/3143 4888/3142
f 4889/3143 1059/5932 2405/3140 4888/3142
f 2384/3144 174/5671 1753/59 4890/3145
f 1753/59 516/58 4891/3146 4890/3145
f 4891/3146 1059/5932 4889/3143 4890/3145
f 3826/3147 176/6340 4887/3138 4892/3148
f 4887/3138 1058/578 2406/577 4892/3148
f 2406/577 1059/5932 4891/3146 4892/3148
f 4703/3150 18/6343 3837/1779 4893/3151
f 3837/1779 523/1778 4894/3152 4893/3151
f 4894/3152 1060/5933 2410/3149 4893/3151
f 1764/3153 180/5675 2413/587 4895/3154
f 2413/587 1061/586 4896/3155 4895/3154
f 4896/3155 1060/5933 4894/3152 4895/3154
f 4898/3156 179/6342 3834/1775 4897/3157
f 3834/1775 520/582 2411/581 4897/3157
f 2411/581 1060/5933 4896/3155 4897/3157
f 4900/3160 29/6363 4901/3442 4899/3161
f 4901/3442 1064/3163 4902/3162 4899/3161
f 4902/3162 1062/5934 2415/3158 4899/3161
f 2559/3164 181/5935 2418/591 4903/3165
f 2418/591 1065/590 4904/3166 4903/3165
f 4904/3166 1062/5934 4902/3162 4903/3165
f 4906/3167 179/6342 4898/3156 4905/3168
f 4898/3156 1061/586 2416/585 4905/3168
f 2416/585 1062/5934 4904/3166 4905/3168
f 3919/3170 28/6361 4881/3131 4907/3171
f 4881/3131 1056/3130 4908/3172 4907/3171
f 4908/3172 1066/5936 2420/3169 4907/3171
f 2399/3173 177/5673 1758/63 4909/3174
f 1758/63 521/62 4910/3175 4909/3174
f 4910/3175 1066/5936 4908/3172 4909/3174
f 3835/3176 179/6342 4906/3167 4911/3177
f 4906/3167 1065/590 2421/589 4911/3177
f 2421/589 1066/5936 4910/3175 4911/3177
f 4723/3179 19/6345 3846/1790 4912/3180
f 3846/1790 528/1789 4913/3181 4912/3180
f 4913/3181 1067/5937 2425/3178 4912/3180
f 1769/3182 183/5677 2428/599 4914/3183
f 2428/599 1068/598 4915/3184 4914/3183
f 4915/3184 1067/5937 4913/3181 4914/3183
f 4917/3185 182/6344 3843/1786 4916/3186
f 3843/1786 525/594 2426/593 4916/3186
f 2426/593 1067/5937 4915/3184 4916/3186
f 4919/3189 30/6365 4920/3471 4918/3190
f 4920/3471 1071/3192 4921/3191 4918/3190
f 4921/3191 1069/5938 2430/3187 4918/3190
f 2574/3193 184/5939 2433/603 4922/3194
f 2433/603 1072/602 4923/3195 4922/3194
f 4923/3195 1069/5938 4921/3191 4922/3194
f 4925/3196 182/6344 4917/3185 4924/3197
f 4917/3185 1068/598 2431/597 4924/3197
f 2431/597 1069/5938 4923/3195 4924/3197
f 3928/3199 29/6363 4900/3160 4926/3200
f 4900/3160 1063/3159 4927/3201 4926/3200
f 4927/3201 1073/5940 2435/3198 4926/3200
f 2414/3202 180/5675 1763/67 4928/3203
f 1763/67 526/66 4929/3204 4928/3203
f 4929/3204 1073/5940 4927/3201 4928/3203
f 3844/3205 182/6344 4925/3196 4930/3206
f 4925/3196 1072/602 2436/601 4930/3206
f 2436/601 1073/5940 4929/3204 4930/3206
f 4743/3208 20/6347 3855/1801 4931/3209
f 3855/1801 533/1800 4932/3210 4931/3209
f 4932/3210 1074/5941 2440/3207 4931/3209
f 1774/3211 186/5679 2443/611 4933/3212
f 2443/611 1075/610 4934/3213 4933/3212
f 4934/3213 1074/5941 4932/3210 4933/3212
f 4936/3214 185/6346 3852/1797 4935/3215
f 3852/1797 530/606 2441/605 4935/3215
f 2441/605 1074/5941 4934/3213 4935/3215
f 4938/3218 31/6367 4939/3500 4937/3219
f 4939/3500 1078/3221 4940/3220 4937/3219
f 4940/3220 1076/5942 2445/3216 4937/3219
f 2589/3222 187/5943 2448/615 4941/3223
f 2448/615 1079/614 4942/3224 4941/3223
f 4942/3224 1076/5942 4940/3220 4941/3223
f 4944/3225 185/6346 4936/3214 4943/3226
f 4936/3214 1075/610 2446/609 4943/3226
f 2446/609 1076/5942 4942/3224 4943/3226
f 3937/3228 30/6365 4919/3189 4945/3229
f 4919/3189 1070/3188 4946/3230 4945/3229
f 4946/3230 1080/5944 2450/3227 4945/3229
f 2429/3231 183/5677 1768/71 4947/3232
f 1768/71 531/70 4948/3233 4947/3232
f 4948/3233 1080/5944 4946/3230 4947/3232
f 3853/3234 185/6346 4944/3225 4949/3235
f 4944/3225 1079/614 2451/613 4949/3235
f 2451/613 1080/5944 4948/3233 4949/3235
f 4763/3237 21/6349 3864/1812 4950/3238
f 3864/1812 538/1811 4951/3239 4950/3238
f 4951/3239 1081/5945 2455/3236 4950/3238
f 1779/3240 189/5681 2458/623 4952/3241
f 2458/623 1082/622 4953/3242 4952/3241
f 4953/3242 1081/5945 4951/3239 4952/3241
f 4955/3243 188/6348 3861/1808 4954/3244
f 3861/1808 535/618 2456/617 4954/3244
f 2456/617 1081/5945 4953/3242 4954/3244
f 4957/3247 32/6369 4958/3529 4956/3248
f 4958/3529 1085/3250 4959/3249 4956/3248
f 4959/3249 1083/5946 2460/3245 4956/3248
f 2604/3251 190/5947 2463/627 4960/3252
f 2463/627 1086/626 4961/3253 4960/3252
f 4961/3253 1083/5946 4959/3249 4960/3252
f 4963/3254 188/6348 4955/3243 4962/3255
f 4955/3243 1082/622 2461/621 4962/3255
f 2461/621 1083/5946 4961/3253 4962/3255
f 3946/3257 31/6367 4938/3218 4964/3258
f 4938/3218 1077/3217 4965/3259 4964/3258
f 4965/3259 1087/5948 2465/3256 4964/3258
f 2444/3260 186/5679 1773/75 4966/3261
f 1773/75 536/74 4967/3262 4966/3261
f 4967/3262 1087/5948 4965/3259 4966/3261
f 3862/3263 188/6348 4963/3254 4968/3264
f 4963/3254 1086/626 2466/625 4968/3264
f 2466/625 1087/5948 4967/3262 4968/3264
f 4785/3266 22/6514 4970/6516 4969/3267
f 4970/6516 1089/3269 4971/3268 4969/3267
f 4971/3268 1088/5949 2470/3265 4969/3267
f 4973/3270 192/5950 2473/635 4972/3271
f 2473/635 1090/634 4974/3272 4972/3271
f 4974/3272 1088/5949 4971/3268 4972/3271
f 4976/3273 191/6350 3870/1819 4975/3274
f 3870/1819 540/630 2471/629 4975/3274
f 2471/629 1088/5949 4974/3272 4975/3274
f 4978/3277 33/6517 4979/3558 4977/3278
f 4979/3558 1093/3280 4980/3279 4977/3278
f 4980/3279 1091/5952 2475/3275 4977/3278
f 2619/3281 193/5953 2478/639 4981/3282
f 2478/639 1094/638 4982/3283 4981/3282
f 4982/3283 1091/5952 4980/3279 4981/3282
f 4984/3284 191/6350 4976/3273 4983/3285
f 4976/3273 1090/634 2476/633 4983/3285
f 2476/633 1091/5952 4982/3283 4983/3285
f 3955/3287 32/6369 4957/3247 4985/3288
f 4957/3247 1084/3246 4986/3289 4985/3288
f 4986/3289 1095/5954 2480/3286 4985/3288
f 2459/3290 189/5681 1778/79 4987/3291
f 1778/79 541/78 4988/3292 4987/3291
f 4988/3292 1095/5954 4986/3289 4987/3291
f 3871/3293 191/6350 4984/3284 4989/3294
f 4984/3284 1094/638 2481/637 4989/3294
f 2481/637 1095/5954 4988/3292 4989/3294
f 4804/3296 24/6353 3882/1834 4990/3297
f 3882/1834 548/1833 4991/3298 4990/3297
f 4991/3298 1096/5955 2485/3295 4990/3297
f 1789/3299 195/5686 2488/647 4992/3300
f 2488/647 1097/646 4993/3301 4992/3300
f 4993/3301 1096/5955 4991/3298 4992/3300
f 4995/3302 194/6352 3879/1830 4994/3303
f 3879/1830 545/642 2486/641 4994/3303
f 2486/641 1096/5955 4993/3301 4994/3303
f 4997/3306 35/6373 4998/3588 4996/3307
f 4998/3588 1100/3309 4999/3308 4996/3307
f 4999/3308 1098/5956 2490/3304 4996/3307
f 2634/3310 196/5957 2493/651 5000/3311
f 2493/651 1101/650 5001/3312 5000/3311
f 5001/3312 1098/5956 4999/3308 5000/3311
f 5003/3313 194/6352 4995/3302 5002/3314
f 4995/3302 1097/646 2491/645 5002/3314
f 2491/645 1098/5956 5001/3312 5002/3314
f 3964/3316 34/6371 5005/6518 5004/3317
f 5005/6518 1103/3319 5006/3318 5004/3317
f 5006/3318 1102/5958 2495/3315 5004/3317
f 5008/3320 197/5683 1783/83 5007/3321
f 1783/83 546/82 5009/3322 5007/3321
f 5009/3322 1102/5958 5006/3318 5007/3321
f 3880/3323 194/6352 5003/3313 5010/3324
f 5003/3313 1101/650 2496/649 5010/3324
f 2496/649 1102/5958 5009/3322 5010/3324
f 4825/3326 25/6355 3891/1845 5011/3327
f 3891/1845 553/1844 5012/3328 5011/3327
f 5012/3328 1104/5959 2500/3325 5011/3327
f 1794/3329 199/5688 2503/659 5013/3330
f 2503/659 1105/658 5014/3331 5013/3330
f 5014/3331 1104/5959 5012/3328 5013/3330
f 5016/3332 198/6354 3888/1841 5015/3333
f 3888/1841 550/654 2501/653 5015/3333
f 2501/653 1104/5959 5014/3331 5015/3333
f 5018/3336 36/6375 5019/3618 5017/3337
f 5019/3618 1108/3339 5020/3338 5017/3337
f 5020/3338 1106/5960 2505/3334 5017/3337
f 2649/3340 200/5961 2508/663 5021/3341
f 2508/663 1109/662 5022/3342 5021/3341
f 5022/3342 1106/5960 5020/3338 5021/3341
f 5024/3343 198/6354 5016/3332 5023/3344
f 5016/3332 1105/658 2506/657 5023/3344
f 2506/657 1106/5960 5022/3342 5023/3344
f 3973/3346 35/6373 4997/3306 5025/3347
f 4997/3306 1099/3305 5026/3348 5025/3347
f 5026/3348 1110/5962 2510/3345 5025/3347
f 2489/3349 195/5686 1788/87 5027/3350
f 1788/87 551/86 5028/3351 5027/3350
f 5028/3351 1110/5962 5026/3348 5027/3350
f 3889/3352 198/6354 5024/3343 5029/3353
f 5024/3343 1109/662 2511/661 5029/3353
f 2511/661 1110/5962 5028/3351 5029/3353
f 4844/3355 26/6357 3900/1856 5030/3356
f 3900/1856 558/1855 5031/3357 5030/3356
f 5031/3357 1111/5963 2515/3354 5030/3356
f 1799/3358 202/5690 2518/671 5032/3359
f 2518/671 1112/670 5033/3360 5032/3359
f 5033/3360 1111/5963 5031/3357 5032/3359
f 5035/3361 201/6356 3897/1852 5034/3362
f 3897/1852 555/666 2516/665 5034/3362
f 2516/665 1111/5963 5033/3360 5034/3362
f 5037/3365 37/6377 5038/3647 5036/3366
f 5038/3647 1115/3368 5039/3367 5036/3366
f 5039/3367 1113/5964 2520/3363 5036/3366
f 2664/3369 203/5965 2523/675 5040/3370
f 2523/675 1116/674 5041/3371 5040/3370
f 5041/3371 1113/5964 5039/3367 5040/3370
f 5043/3372 201/6356 5035/3361 5042/3373
f 5035/3361 1112/670 2521/669 5042/3373
f 2521/669 1113/5964 5041/3371 5042/3373
f 3982/3375 36/6375 5018/3336 5044/3376
f 5018/3336 1107/3335 5045/3377 5044/3376
f 5045/3377 1117/5966 2525/3374 5044/3376
f 2504/3378 199/5688 1793/91 5046/3379
f 1793/91 556/90 5047/3380 5046/3379
f 5047/3380 1117/5966 5045/3377 5046/3379
f 3898/3381 201/6356 5043/3372 5048/3382
f 5043/3372 1116/674 2526/673 5048/3382
f 2526/673 1117/5966 5047/3380 5048/3382
f 4863/3384 27/6359 3909/1867 5049/3385
f 3909/1867 563/1866 5050/3386 5049/3385
f 5050/3386 1118/5967 2530/3383 5049/3385
f 1804/3387 205/5692 2533/683 5051/3388
f 2533/683 1119/682 5052/3389 5051/3388
f 5052/3389 1118/5967 5050/3386 5051/3388
f 5054/3390 204/6358 3906/1863 5053/3391
f 3906/1863 560/678 2531/677 5053/3391
f 2531/677 1118/5967 5052/3389 5053/3391
f 5056/3394 38/6379 5057/3676 5055/3395
f 5057/3676 1122/3397 5058/3396 5055/3395
f 5058/3396 1120/5968 2535/3392 5055/3395
f 2679/3398 206/5969 2538/687 5059/3399
f 2538/687 1123/686 5060/3400 5059/3399
f 5060/3400 1120/5968 5058/3396 5059/3399
f 5062/3401 204/6358 5054/3390 5061/3402
f 5054/3390 1119/682 2536/681 5061/3402
f 2536/681 1120/5968 5060/3400 5061/3402
f 3991/3404 37/6377 5037/3365 5063/3405
f 5037/3365 1114/3364 5064/3406 5063/3405
f 5064/3406 1124/5970 2540/3403 5063/3405
f 2519/3407 202/5690 1798/95 5065/3408
f 1798/95 561/94 5066/3409 5065/3408
f 5066/3409 1124/5970 5064/3406 5065/3408
f 3907/3410 204/6358 5062/3401 5067/3411
f 5062/3401 1123/686 2541/685 5067/3411
f 2541/685 1124/5970 5066/3409 5067/3411
f 4882/3413 28/6361 3918/1878 5068/3414
f 3918/1878 568/1877 5069/3415 5068/3414
f 5069/3415 1125/5971 2545/3412 5068/3414
f 1809/3416 208/5694 2548/695 5070/3417
f 2548/695 1126/694 5071/3418 5070/3417
f 5071/3418 1125/5971 5069/3415 5070/3417
f 5073/3419 207/6360 3915/1874 5072/3420
f 3915/1874 565/690 2546/689 5072/3420
f 2546/689 1125/5971 5071/3418 5072/3420
f 5075/3423 39/6381 5076/3705 5074/3424
f 5076/3705 1129/3426 5077/3425 5074/3424
f 5077/3425 1127/5972 2550/3421 5074/3424
f 2694/3427 209/5973 2553/699 5078/3428
f 2553/699 1130/698 5079/3429 5078/3428
f 5079/3429 1127/5972 5077/3425 5078/3428
f 5081/3430 207/6360 5073/3419 5080/3431
f 5073/3419 1126/694 2551/693 5080/3431
f 2551/693 1127/5972 5079/3429 5080/3431
f 4000/3433 38/6379 5056/3394 5082/3434
f 5056/3394 1121/3393 5083/3435 5082/3434
f 5083/3435 1131/5974 2555/3432 5082/3434
f 2534/3436 205/5692 1803/99 5084/3437
f 1803/99 566/98 5085/3438 5084/3437
f 5085/3438 1131/5974 5083/3435 5084/3437
f 3916/3439 207/6360 5081/3430 5086/3440
f 5081/3430 1130/698 2556/697 5086/3440
f 2556/697 1131/5974 5085/3438 5086/3440
f 4901/3442 29/6363 3927/1889 5087/3443
f 3927/1889 573/1888 5088/3444 5087/3443
f 5088/3444 1132/5975 2560/3441 5087/3443
f 1814/3445 211/5696 2563/707 5089/3446
f 2563/707 1133/706 5090/3447 5089/3446
f 5090/3447 1132/5975 5088/3444 5089/3446
f 5092/3448 210/6362 3924/1885 5091/3449
f 3924/1885 570/702 2561/701 5091/3449
f 2561/701 1132/5975 5090/3447 5091/3449
f 5094/3452 40/6383 5095/3734 5093/3453
f 5095/3734 1136/3455 5096/3454 5093/3453
f 5096/3454 1134/5976 2565/3450 5093/3453
f 2709/3456 212/5977 2568/711 5097/3457
f 2568/711 1137/710 5098/3458 5097/3457
f 5098/3458 1134/5976 5096/3454 5097/3457
f 5100/3459 210/6362 5092/3448 5099/3460
f 5092/3448 1133/706 2566/705 5099/3460
f 2566/705 1134/5976 5098/3458 5099/3460
f 4009/3462 39/6381 5075/3423 5101/3463
f 5075/3423 1128/3422 5102/3464 5101/3463
f 5102/3464 1138/5978 2570/3461 5101/3463
f 2549/3465 208/5694 1808/103 5103/3466
f 1808/103 571/102 5104/3467 5103/3466
f 5104/3467 1138/5978 5102/3464 5103/3466
f 3925/3468 210/6362 5100/3459 5105/3469
f 5100/3459 1137/710 2571/709 5105/3469
f 2571/709 1138/5978 5104/3467 5105/3469
f 4920/3471 30/6365 3936/1900 5106/3472
f 3936/1900 578/1899 5107/3473 5106/3472
f 5107/3473 1139/5979 2575/3470 5106/3472
f 1819/3474 214/5698 2578/719 5108/3475
f 2578/719 1140/718 5109/3476 5108/3475
f 5109/3476 1139/5979 5107/3473 5108/3475
f 5111/3477 213/6364 3933/1896 5110/3478
f 3933/1896 575/714 2576/713 5110/3478
f 2576/713 1139/5979 5109/3476 5110/3478
f 5113/3481 41/6385 5114/3763 5112/3482
f 5114/3763 1143/3484 5115/3483 5112/3482
f 5115/3483 1141/5980 2580/3479 5112/3482
f 2724/3485 215/5981 2583/723 5116/3486
f 2583/723 1144/722 5117/3487 5116/3486
f 5117/3487 1141/5980 5115/3483 5116/3486
f 5119/3488 213/6364 5111/3477 5118/3489
f 5111/3477 1140/718 2581/717 5118/3489
f 2581/717 1141/5980 5117/3487 5118/3489
f 4018/3491 40/6383 5094/3452 5120/3492
f 5094/3452 1135/3451 5121/3493 5120/3492
f 5121/3493 1145/5982 2585/3490 5120/3492
f 2564/3494 211/5696 1813/107 5122/3495
f 1813/107 576/106 5123/3496 5122/3495
f 5123/3496 1145/5982 5121/3493 5122/3495
f 3934/3497 213/6364 5119/3488 5124/3498
f 5119/3488 1144/722 2586/721 5124/3498
f 2586/721 1145/5982 5123/3496 5124/3498
f 4939/3500 31/6367 3945/1911 5125/3501
f 3945/1911 583/1910 5126/3502 5125/3501
f 5126/3502 1146/5983 2590/3499 5125/3501
f 1824/3503 217/5700 2593/731 5127/3504
f 2593/731 1147/730 5128/3505 5127/3504
f 5128/3505 1146/5983 5126/3502 5127/3504
f 5130/3506 216/6366 3942/1907 5129/3507
f 3942/1907 580/726 2591/725 5129/3507
f 2591/725 1146/5983 5128/3505 5129/3507
f 5132/3510 42/6387 5133/3792 5131/3511
f 5133/3792 1150/3513 5134/3512 5131/3511
f 5134/3512 1148/5984 2595/3508 5131/3511
f 2739/3514 218/5985 2598/735 5135/3515
f 2598/735 1151/734 5136/3516 5135/3515
f 5136/3516 1148/5984 5134/3512 5135/3515
f 5138/3517 216/6366 5130/3506 5137/3518
f 5130/3506 1147/730 2596/729 5137/3518
f 2596/729 1148/5984 5136/3516 5137/3518
f 4027/3520 41/6385 5113/3481 5139/3521
f 5113/3481 1142/3480 5140/3522 5139/3521
f 5140/3522 1152/5986 2600/3519 5139/3521
f 2579/3523 214/5698 1818/111 5141/3524
f 1818/111 581/110 5142/3525 5141/3524
f 5142/3525 1152/5986 5140/3522 5141/3524
f 3943/3526 216/6366 5138/3517 5143/3527
f 5138/3517 1151/734 2601/733 5143/3527
f 2601/733 1152/5986 5142/3525 5143/3527
f 4958/3529 32/6369 3954/1922 5144/3530
f 3954/1922 588/1921 5145/3531 5144/3530
f 5145/3531 1153/5987 2605/3528 5144/3530
f 1829/3532 220/5702 2608/743 5146/3533
f 2608/743 1154/742 5147/3534 5146/3533
f 5147/3534 1153/5987 5145/3531 5146/3533
f 5149/3535 219/6368 3951/1918 5148/3536
f 3951/1918 585/738 2606/737 5148/3536
f 2606/737 1153/5987 5147/3534 5148/3536
f 5151/3539 43/6389 5152/3821 5150/3540
f 5152/3821 1157/3542 5153/3541 5150/3540
f 5153/3541 1155/5988 2610/3537 5150/3540
f 2754/3543 221/5989 2613/747 5154/3544
f 2613/747 1158/746 5155/3545 5154/3544
f 5155/3545 1155/5988 5153/3541 5154/3544
f 5157/3546 219/6368 5149/3535 5156/3547
f 5149/3535 1154/742 2611/741 5156/3547
f 2611/741 1155/5988 5155/3545 5156/3547
f 4036/3549 42/6387 5132/3510 5158/3550
f 5132/3510 1149/3509 5159/3551 5158/3550
f 5159/3551 1159/5990 2615/3548 5158/3550
f 2594/3552 217/5700 1823/115 5160/3553
f 1823/115 586/114 5161/3554 5160/3553
f 5161/3554 1159/5990 5159/3551 5160/3553
f 3952/3555 219/6368 5157/3546 5162/3556
f 5157/3546 1158/746 2616/745 5162/3556
f 2616/745 1159/5990 5161/3554 5162/3556
f 4979/3558 33/6517 5164/6519 5163/3559
f 5164/6519 1161/3561 5165/3560 5163/3559
f 5165/3560 1160/5991 2620/3557 5163/3559
f 5167/3562 223/5992 2623/755 5166/3563
f 2623/755 1162/754 5168/3564 5166/3563
f 5168/3564 1160/5991 5165/3560 5166/3563
f 5170/3565 222/6370 3960/1929 5169/3566
f 3960/1929 590/750 2621/749 5169/3566
f 2621/749 1160/5991 5168/3564 5169/3566
f 5172/3569 44/6520 5173/3850 5171/3570
f 5173/3850 1165/3572 5174/3571 5171/3570
f 5174/3571 1163/5994 2625/3567 5171/3570
f 2769/3573 224/5995 2628/759 5175/3574
f 2628/759 1166/758 5176/3575 5175/3574
f 5176/3575 1163/5994 5174/3571 5175/3574
f 5178/3576 222/6370 5170/3565 5177/3577
f 5170/3565 1162/754 2626/753 5177/3577
f 2626/753 1163/5994 5176/3575 5177/3577
f 4045/3579 43/6389 5151/3539 5179/3580
f 5151/3539 1156/3538 5180/3581 5179/3580
f 5180/3581 1167/5996 2630/3578 5179/3580
f 2609/3582 220/5702 1828/119 5181/3583
f 1828/119 591/118 5182/3584 5181/3583
f 5182/3584 1167/5996 5180/3581 5181/3583
f 3961/3585 222/6370 5178/3576 5183/3586
f 5178/3576 1166/758 2631/757 5183/3586
f 2631/757 1167/5996 5182/3584 5183/3586
f 4998/3588 35/6373 3972/1944 5184/3589
f 3972/1944 598/1943 5185/3590 5184/3589
f 5185/3590 1168/5997 2635/3587 5184/3589
f 1839/3591 226/5707 2638/767 5186/3592
f 2638/767 1169/766 5187/3593 5186/3592
f 5187/3593 1168/5997 5185/3590 5186/3592
f 5189/3594 225/6372 3969/1940 5188/3595
f 3969/1940 595/762 2636/761 5188/3595
f 2636/761 1168/5997 5187/3593 5188/3595
f 5191/3598 46/6393 5192/3880 5190/3599
f 5192/3880 1172/3601 5193/3600 5190/3599
f 5193/3600 1170/5998 2640/3596 5190/3599
f 2784/3602 227/5999 2643/771 5194/3603
f 2643/771 1173/770 5195/3604 5194/3603
f 5195/3604 1170/5998 5193/3600 5194/3603
f 5197/3605 225/6372 5189/3594 5196/3606
f 5189/3594 1169/766 2641/765 5196/3606
f 2641/765 1170/5998 5195/3604 5196/3606
f 4054/3608 45/6391 5199/6521 5198/3609
f 5199/6521 1175/3611 5200/3610 5198/3609
f 5200/3610 1174/6000 2645/3607 5198/3609
f 5202/3612 228/5704 1833/123 5201/3613
f 1833/123 596/122 5203/3614 5201/3613
f 5203/3614 1174/6000 5200/3610 5201/3613
f 3970/3615 225/6372 5197/3605 5204/3616
f 5197/3605 1173/770 2646/769 5204/3616
f 2646/769 1174/6000 5203/3614 5204/3616
f 5019/3618 36/6375 3981/1955 5205/3619
f 3981/1955 603/1954 5206/3620 5205/3619
f 5206/3620 1176/6001 2650/3617 5205/3619
f 1844/3621 230/5709 2653/779 5207/3622
f 2653/779 1177/778 5208/3623 5207/3622
f 5208/3623 1176/6001 5206/3620 5207/3622
f 5210/3624 229/6374 3978/1951 5209/3625
f 3978/1951 600/774 2651/773 5209/3625
f 2651/773 1176/6001 5208/3623 5209/3625
f 5212/3628 47/6395 5213/3910 5211/3629
f 5213/3910 1180/3631 5214/3630 5211/3629
f 5214/3630 1178/6002 2655/3626 5211/3629
f 2799/3632 231/6003 2658/783 5215/3633
f 2658/783 1181/782 5216/3634 5215/3633
f 5216/3634 1178/6002 5214/3630 5215/3633
f 5218/3635 229/6374 5210/3624 5217/3636
f 5210/3624 1177/778 2656/777 5217/3636
f 2656/777 1178/6002 5216/3634 5217/3636
f 4063/3638 46/6393 5191/3598 5219/3639
f 5191/3598 1171/3597 5220/3640 5219/3639
f 5220/3640 1182/6004 2660/3637 5219/3639
f 2639/3641 226/5707 1838/127 5221/3642
f 1838/127 601/126 5222/3643 5221/3642
f 5222/3643 1182/6004 5220/3640 5221/3642
f 3979/3644 229/6374 5218/3635 5223/3645
f 5218/3635 1181/782 2661/781 5223/3645
f 2661/781 1182/6004 5222/3643 5223/3645
f 5038/3647 37/6377 3990/1966 5224/3648
f 3990/1966 608/1965 5225/3649 5224/3648
f 5225/3649 1183/6005 2665/3646 5224/3648
f 1849/3650 233/5711 2668/791 5226/3651
f 2668/791 1184/790 5227/3652 5226/3651
f 5227/3652 1183/6005 5225/3649 5226/3651
f 5229/3653 232/6376 3987/1962 5228/3654
f 3987/1962 605/786 2666/785 5228/3654
f 2666/785 1183/6005 5227/3652 5228/3654
f 5231/3657 48/6397 5232/3939 5230/3658
f 5232/3939 1187/3660 5233/3659 5230/3658
f 5233/3659 1185/6006 2670/3655 5230/3658
f 2814/3661 234/6007 2673/795 5234/3662
f 2673/795 1188/794 5235/3663 5234/3662
f 5235/3663 1185/6006 5233/3659 5234/3662
f 5237/3664 232/6376 5229/3653 5236/3665
f 5229/3653 1184/790 2671/789 5236/3665
f 2671/789 1185/6006 5235/3663 5236/3665
f 4072/3667 47/6395 5212/3628 5238/3668
f 5212/3628 1179/3627 5239/3669 5238/3668
f 5239/3669 1189/6008 2675/3666 5238/3668
f 2654/3670 230/5709 1843/131 5240/3671
f 1843/131 606/130 5241/3672 5240/3671
f 5241/3672 1189/6008 5239/3669 5240/3671
f 3988/3673 232/6376 5237/3664 5242/3674
f 5237/3664 1188/794 2676/793 5242/3674
f 2676/793 1189/6008 5241/3672 5242/3674
f 5057/3676 38/6379 3999/1977 5243/3677
f 3999/1977 613/1976 5244/3678 5243/3677
f 5244/3678 1190/6009 2680/3675 5243/3677
f 1854/3679 236/5713 2683/803 5245/3680
f 2683/803 1191/802 5246/3681 5245/3680
f 5246/3681 1190/6009 5244/3678 5245/3680
f 5248/3682 235/6378 3996/1973 5247/3683
f 3996/1973 610/798 2681/797 5247/3683
f 2681/797 1190/6009 5246/3681 5247/3683
f 5250/3686 49/6399 5251/3968 5249/3687
f 5251/3968 1194/3689 5252/3688 5249/3687
f 5252/3688 1192/6010 2685/3684 5249/3687
f 2829/3690 237/6011 2688/807 5253/3691
f 2688/807 1195/806 5254/3692 5253/3691
f 5254/3692 1192/6010 5252/3688 5253/3691
f 5256/3693 235/6378 5248/3682 5255/3694
f 5248/3682 1191/802 2686/801 5255/3694
f 2686/801 1192/6010 5254/3692 5255/3694
f 4081/3696 48/6397 5231/3657 5257/3697
f 5231/3657 1186/3656 5258/3698 5257/3697
f 5258/3698 1196/6012 2690/3695 5257/3697
f 2669/3699 233/5711 1848/135 5259/3700
f 1848/135 611/134 5260/3701 5259/3700
f 5260/3701 1196/6012 5258/3698 5259/3700
f 3997/3702 235/6378 5256/3693 5261/3703
f 5256/3693 1195/806 2691/805 5261/3703
f 2691/805 1196/6012 5260/3701 5261/3703
f 5076/3705 39/6381 4008/1988 5262/3706
f 4008/1988 618/1987 5263/3707 5262/3706
f 5263/3707 1197/6013 2695/3704 5262/3706
f 1859/3708 239/5715 2698/815 5264/3709
f 2698/815 1198/814 5265/3710 5264/3709
f 5265/3710 1197/6013 5263/3707 5264/3709
f 5267/3711 238/6380 4005/1984 5266/3712
f 4005/1984 615/810 2696/809 5266/3712
f 2696/809 1197/6013 5265/3710 5266/3712
f 5269/3715 50/6401 5270/3997 5268/3716
f 5270/3997 1201/3718 5271/3717 5268/3716
f 5271/3717 1199/6014 2700/3713 5268/3716
f 2844/3719 240/6015 2703/819 5272/3720
f 2703/819 1202/818 5273/3721 5272/3720
f 5273/3721 1199/6014 5271/3717 5272/3720
f 5275/3722 238/6380 5267/3711 5274/3723
f 5267/3711 1198/814 2701/813 5274/3723
f 2701/813 1199/6014 5273/3721 5274/3723
f 4090/3725 49/6399 5250/3686 5276/3726
f 5250/3686 1193/3685 5277/3727 5276/3726
f 5277/3727 1203/6016 2705/3724 5276/3726
f 2684/3728 236/5713 1853/139 5278/3729
f 1853/139 616/138 5279/3730 5278/3729
f 5279/3730 1203/6016 5277/3727 5278/3729
f 4006/3731 238/6380 5275/3722 5280/3732
f 5275/3722 1202/818 2706/817 5280/3732
f 2706/817 1203/6016 5279/3730 5280/3732
f 5095/3734 40/6383 4017/1999 5281/3735
f 4017/1999 623/1998 5282/3736 5281/3735
f 5282/3736 1204/6017 2710/3733 5281/3735
f 1864/3737 242/5717 2713/827 5283/3738
f 2713/827 1205/826 5284/3739 5283/3738
f 5284/3739 1204/6017 5282/3736 5283/3738
f 5286/3740 241/6382 4014/1995 5285/3741
f 4014/1995 620/822 2711/821 5285/3741
f 2711/821 1204/6017 5284/3739 5285/3741
f 5288/3744 51/6403 5289/4026 5287/3745
f 5289/4026 1208/3747 5290/3746 5287/3745
f 5290/3746 1206/6018 2715/3742 5287/3745
f 2859/3748 243/6019 2718/831 5291/3749
f 2718/831 1209/830 5292/3750 5291/3749
f 5292/3750 1206/6018 5290/3746 5291/3749
f 5294/3751 241/6382 5286/3740 5293/3752
f 5286/3740 1205/826 2716/825 5293/3752
f 2716/825 1206/6018 5292/3750 5293/3752
f 4099/3754 50/6401 5269/3715 5295/3755
f 5269/3715 1200/3714 5296/3756 5295/3755
f 5296/3756 1210/6020 2720/3753 5295/3755
f 2699/3757 239/5715 1858/143 5297/3758
f 1858/143 621/142 5298/3759 5297/3758
f 5298/3759 1210/6020 5296/3756 5297/3758
f 4015/3760 241/6382 5294/3751 5299/3761
f 5294/3751 1209/830 2721/829 5299/3761
f 2721/829 1210/6020 5298/3759 5299/3761
f 5114/3763 41/6385 4026/2010 5300/3764
f 4026/2010 628/2009 5301/3765 5300/3764
f 5301/3765 1211/6021 2725/3762 5300/3764
f 1869/3766 245/5719 2728/839 5302/3767
f 2728/839 1212/838 5303/3768 5302/3767
f 5303/3768 1211/6021 5301/3765 5302/3767
f 5305/3769 244/6384 4023/2006 5304/3770
f 4023/2006 625/834 2726/833 5304/3770
f 2726/833 1211/6021 5303/3768 5304/3770
f 5307/3773 52/6405 5308/4055 5306/3774
f 5308/4055 1215/3776 5309/3775 5306/3774
f 5309/3775 1213/6022 2730/3771 5306/3774
f 2874/3777 246/6023 2733/843 5310/3778
f 2733/843 1216/842 5311/3779 5310/3778
f 5311/3779 1213/6022 5309/3775 5310/3778
f 5313/3780 244/6384 5305/3769 5312/3781
f 5305/3769 1212/838 2731/837 5312/3781
f 2731/837 1213/6022 5311/3779 5312/3781
f 4108/3783 51/6403 5288/3744 5314/3784
f 5288/3744 1207/3743 5315/3785 5314/3784
f 5315/3785 1217/6024 2735/3782 5314/3784
f 2714/3786 242/5717 1863/147 5316/3787
f 1863/147 626/146 5317/3788 5316/3787
f 5317/3788 1217/6024 5315/3785 5316/3787
f 4024/3789 244/6384 5313/3780 5318/3790
f 5313/3780 1216/842 2736/841 5318/3790
f 2736/841 1217/6024 5317/3788 5318/3790
f 5133/3792 42/6387 4035/2021 5319/3793
f 4035/2021 633/2020 5320/3794 5319/3793
f 5320/3794 1218/6025 2740/3791 5319/3793
f 1874/3795 248/5721 2743/851 5321/3796
f 2743/851 1219/850 5322/3797 5321/3796
f 5322/3797 1218/6025 5320/3794 5321/3796
f 5324/3798 247/6386 4032/2017 5323/3799
f 4032/2017 630/846 2741/845 5323/3799
f 2741/845 1218/6025 5322/3797 5323/3799
f 5326/3802 53/6407 5327/4084 5325/3803
f 5327/4084 1222/3805 5328/3804 5325/3803
f 5328/3804 1220/6026 2745/3800 5325/3803
f 2889/3806 249/6027 2748/855 5329/3807
f 2748/855 1223/854 5330/3808 5329/3807
f 5330/3808 1220/6026 5328/3804 5329/3807
f 5332/3809 247/6386 5324/3798 5331/3810
f 5324/3798 1219/850 2746/849 5331/3810
f 2746/849 1220/6026 5330/3808 5331/3810
f 4117/3812 52/6405 5307/3773 5333/3813
f 5307/3773 1214/3772 5334/3814 5333/3813
f 5334/3814 1224/6028 2750/3811 5333/3813
f 2729/3815 245/5719 1868/151 5335/3816
f 1868/151 631/150 5336/3817 5335/3816
f 5336/3817 1224/6028 5334/3814 5335/3816
f 4033/3818 247/6386 5332/3809 5337/3819
f 5332/3809 1223/854 2751/853 5337/3819
f 2751/853 1224/6028 5336/3817 5337/3819
f 5152/3821 43/6389 4044/2032 5338/3822
f 4044/2032 638/2031 5339/3823 5338/3822
f 5339/3823 1225/6029 2755/3820 5338/3822
f 1879/3824 251/5723 2758/863 5340/3825
f 2758/863 1226/862 5341/3826 5340/3825
f 5341/3826 1225/6029 5339/3823 5340/3825
f 5343/3827 250/6388 4041/2028 5342/3828
f 4041/2028 635/858 2756/857 5342/3828
f 2756/857 1225/6029 5341/3826 5342/3828
f 5345/3831 54/6409 5346/4113 5344/3832
f 5346/4113 1229/3834 5347/3833 5344/3832
f 5347/3833 1227/6030 2760/3829 5344/3832
f 2904/3835 252/6031 2763/867 5348/3836
f 2763/867 1230/866 5349/3837 5348/3836
f 5349/3837 1227/6030 5347/3833 5348/3836
f 5351/3838 250/6388 5343/3827 5350/3839
f 5343/3827 1226/862 2761/861 5350/3839
f 2761/861 1227/6030 5349/3837 5350/3839
f 4126/3841 53/6407 5326/3802 5352/3842
f 5326/3802 1221/3801 5353/3843 5352/3842
f 5353/3843 1231/6032 2765/3840 5352/3842
f 2744/3844 248/5721 1873/155 5354/3845
f 1873/155 636/154 5355/3846 5354/3845
f 5355/3846 1231/6032 5353/3843 5354/3845
f 4042/3847 250/6388 5351/3838 5356/3848
f 5351/3838 1230/866 2766/865 5356/3848
f 2766/865 1231/6032 5355/3846 5356/3848
f 5173/3850 44/6520 5358/6522 5357/3851
f 5358/6522 1233/3853 5359/3852 5357/3851
f 5359/3852 1232/6033 2770/3849 5357/3851
f 5361/3854 254/6034 2773/875 5360/3855
f 2773/875 1234/874 5362/3856 5360/3855
f 5362/3856 1232/6033 5359/3852 5360/3855
f 5364/3857 253/6390 4050/2039 5363/3858
f 4050/2039 640/870 2771/869 5363/3858
f 2771/869 1232/6033 5362/3856 5363/3858
f 5366/3861 55/6523 5367/4142 5365/3862
f 5367/4142 1237/3864 5368/3863 5365/3862
f 5368/3863 1235/6036 2775/3859 5365/3862
f 2919/3865 255/6037 2778/879 5369/3866
f 2778/879 1238/878 5370/3867 5369/3866
f 5370/3867 1235/6036 5368/3863 5369/3866
f 5372/3868 253/6390 5364/3857 5371/3869
f 5364/3857 1234/874 2776/873 5371/3869
f 2776/873 1235/6036 5370/3867 5371/3869
f 4135/3871 54/6409 5345/3831 5373/3872
f 5345/3831 1228/3830 5374/3873 5373/3872
f 5374/3873 1239/6038 2780/3870 5373/3872
f 2759/3874 251/5723 1878/159 5375/3875
f 1878/159 641/158 5376/3876 5375/3875
f 5376/3876 1239/6038 5374/3873 5375/3875
f 4051/3877 253/6390 5372/3868 5377/3878
f 5372/3868 1238/878 2781/877 5377/3878
f 2781/877 1239/6038 5376/3876 5377/3878
f 5192/3880 46/6393 4062/2054 5378/3881
f 4062/2054 648/2053 5379/3882 5378/3881
f 5379/3882 1240/6039 2785/3879 5378/3881
f 1889/3883 257/5728 2788/887 5380/3884
f 2788/887 1241/886 5381/3885 5380/3884
f 5381/3885 1240/6039 5379/3882 5380/3884
f 5383/3886 256/6392 4059/2050 5382/3887
f 4059/2050 645/882 2786/881 5382/3887
f 2786/881 1240/6039 5381/3885 5382/3887
f 5385/3890 57/6413 5386/4172 5384/3891
f 5386/4172 1244/3893 5387/3892 5384/3891
f 5387/3892 1242/6040 2790/3888 5384/3891
f 2934/3894 258/6041 2793/891 5388/3895
f 2793/891 1245/890 5389/3896 5388/3895
f 5389/3896 1242/6040 5387/3892 5388/3895
f 5391/3897 256/6392 5383/3886 5390/3898
f 5383/3886 1241/886 2791/885 5390/3898
f 2791/885 1242/6040 5389/3896 5390/3898
f 4144/3900 56/6411 5393/6524 5392/3901
f 5393/6524 1247/3903 5394/3902 5392/3901
f 5394/3902 1246/6042 2795/3899 5392/3901
f 5396/3904 259/5725 1883/163 5395/3905
f 1883/163 646/162 5397/3906 5395/3905
f 5397/3906 1246/6042 5394/3902 5395/3905
f 4060/3907 256/6392 5391/3897 5398/3908
f 5391/3897 1245/890 2796/889 5398/3908
f 2796/889 1246/6042 5397/3906 5398/3908
f 5213/3910 47/6395 4071/2065 5399/3911
f 4071/2065 653/2064 5400/3912 5399/3911
f 5400/3912 1248/6043 2800/3909 5399/3911
f 1894/3913 261/5730 2803/899 5401/3914
f 2803/899 1249/898 5402/3915 5401/3914
f 5402/3915 1248/6043 5400/3912 5401/3914
f 5404/3916 260/6394 4068/2061 5403/3917
f 4068/2061 650/894 2801/893 5403/3917
f 2801/893 1248/6043 5402/3915 5403/3917
f 5406/3920 58/6415 5407/4202 5405/3921
f 5407/4202 1252/3923 5408/3922 5405/3921
f 5408/3922 1250/6044 2805/3918 5405/3921
f 2949/3924 262/6045 2808/903 5409/3925
f 2808/903 1253/902 5410/3926 5409/3925
f 5410/3926 1250/6044 5408/3922 5409/3925
f 5412/3927 260/6394 5404/3916 5411/3928
f 5404/3916 1249/898 2806/897 5411/3928
f 2806/897 1250/6044 5410/3926 5411/3928
f 4153/3930 57/6413 5385/3890 5413/3931
f 5385/3890 1243/3889 5414/3932 5413/3931
f 5414/3932 1254/6046 2810/3929 5413/3931
f 2789/3933 257/5728 1888/167 5415/3934
f 1888/167 651/166 5416/3935 5415/3934
f 5416/3935 1254/6046 5414/3932 5415/3934
f 4069/3936 260/6394 5412/3927 5417/3937
f 5412/3927 1253/902 2811/901 5417/3937
f 2811/901 1254/6046 5416/3935 5417/3937
f 5232/3939 48/6397 4080/2076 5418/3940
f 4080/2076 658/2075 5419/3941 5418/3940
f 5419/3941 1255/6047 2815/3938 5418/3940
f 1899/3942 264/5732 2818/911 5420/3943
f 2818/911 1256/910 5421/3944 5420/3943
f 5421/3944 1255/6047 5419/3941 5420/3943
f 5423/3945 263/6396 4077/2072 5422/3946
f 4077/2072 655/906 2816/905 5422/3946
f 2816/905 1255/6047 5421/3944 5422/3946
f 5425/3949 59/6417 5426/4231 5424/3950
f 5426/4231 1259/3952 5427/3951 5424/3950
f 5427/3951 1257/6048 2820/3947 5424/3950
f 2964/3953 265/6049 2823/915 5428/3954
f 2823/915 1260/914 5429/3955 5428/3954
f 5429/3955 1257/6048 5427/3951 5428/3954
f 5431/3956 263/6396 5423/3945 5430/3957
f 5423/3945 1256/910 2821/909 5430/3957
f 2821/909 1257/6048 5429/3955 5430/3957
f 4162/3959 58/6415 5406/3920 5432/3960
f 5406/3920 1251/3919 5433/3961 5432/3960
f 5433/3961 1261/6050 2825/3958 5432/3960
f 2804/3962 261/5730 1893/171 5434/3963
f 1893/171 656/170 5435/3964 5434/3963
f 5435/3964 1261/6050 5433/3961 5434/3963
f 4078/3965 263/6396 5431/3956 5436/3966
f 5431/3956 1260/914 2826/913 5436/3966
f 2826/913 1261/6050 5435/3964 5436/3966
f 5251/3968 49/6399 4089/2087 5437/3969
f 4089/2087 663/2086 5438/3970 5437/3969
f 5438/3970 1262/6051 2830/3967 5437/3969
f 1904/3971 267/5734 2833/923 5439/3972
f 2833/923 1263/922 5440/3973 5439/3972
f 5440/3973 1262/6051 5438/3970 5439/3972
f 5442/3974 266/6398 4086/2083 5441/3975
f 4086/2083 660/918 2831/917 5441/3975
f 2831/917 1262/6051 5440/3973 5441/3975
f 5444/3978 60/6419 5445/4260 5443/3979
f 5445/4260 1266/3981 5446/3980 5443/3979
f 5446/3980 1264/6052 2835/3976 5443/3979
f 2979/3982 268/6053 2838/927 5447/3983
f 2838/927 1267/926 5448/3984 5447/3983
f 5448/3984 1264/6052 5446/3980 5447/3983
f 5450/3985 266/6398 5442/3974 5449/3986
f 5442/3974 1263/922 2836/921 5449/3986
f 2836/921 1264/6052 5448/3984 5449/3986
f 4171/3988 59/6417 5425/3949 5451/3989
f 5425/3949 1258/3948 5452/3990 5451/3989
f 5452/3990 1268/6054 2840/3987 5451/3989
f 2819/3991 264/5732 1898/175 5453/3992
f 1898/175 661/174 5454/3993 5453/3992
f 5454/3993 1268/6054 5452/3990 5453/3992
f 4087/3994 266/6398 5450/3985 5455/3995
f 5450/3985 1267/926 2841/925 5455/3995
f 2841/925 1268/6054 5454/3993 5455/3995
f 5270/3997 50/6401 4098/2098 5456/3998
f 4098/2098 668/2097 5457/3999 5456/3998
f 5457/3999 1269/6055 2845/3996 5456/3998
f 1909/4000 270/5736 2848/935 5458/4001
f 2848/935 1270/934 5459/4002 5458/4001
f 5459/4002 1269/6055 5457/3999 5458/4001
f 5461/4003 269/6400 4095/2094 5460/4004
f 4095/2094 665/930 2846/929 5460/4004
f 2846/929 1269/6055 5459/4002 5460/4004
f 5463/4007 61/6421 5464/4289 5462/4008
f 5464/4289 1273/4010 5465/4009 5462/4008
f 5465/4009 1271/6056 2850/4005 5462/4008
f 2994/4011 271/6057 2853/939 5466/4012
f 2853/939 1274/938 5467/4013 5466/4012
f 5467/4013 1271/6056 5465/4009 5466/4012
f 5469/4014 269/6400 5461/4003 5468/4015
f 5461/4003 1270/934 2851/933 5468/4015
f 2851/933 1271/6056 5467/4013 5468/4015
f 4180/4017 60/6419 5444/3978 5470/4018
f 5444/3978 1265/3977 5471/4019 5470/4018
f 5471/4019 1275/6058 2855/4016 5470/4018
f 2834/4020 267/5734 1903/179 5472/4021
f 1903/179 666/178 5473/4022 5472/4021
f 5473/4022 1275/6058 5471/4019 5472/4021
f 4096/4023 269/6400 5469/4014 5474/4024
f 5469/4014 1274/938 2856/937 5474/4024
f 2856/937 1275/6058 5473/4022 5474/4024
f 5289/4026 51/6403 4107/2109 5475/4027
f 4107/2109 673/2108 5476/4028 5475/4027
f 5476/4028 1276/6059 2860/4025 5475/4027
f 1914/4029 273/5738 2863/947 5477/4030
f 2863/947 1277/946 5478/4031 5477/4030
f 5478/4031 1276/6059 5476/4028 5477/4030
f 5480/4032 272/6402 4104/2105 5479/4033
f 4104/2105 670/942 2861/941 5479/4033
f 2861/941 1276/6059 5478/4031 5479/4033
f 5482/4036 62/6423 5483/4318 5481/4037
f 5483/4318 1280/4039 5484/4038 5481/4037
f 5484/4038 1278/6060 2865/4034 5481/4037
f 3009/4040 274/6061 2868/951 5485/4041
f 2868/951 1281/950 5486/4042 5485/4041
f 5486/4042 1278/6060 5484/4038 5485/4041
f 5488/4043 272/6402 5480/4032 5487/4044
f 5480/4032 1277/946 2866/945 5487/4044
f 2866/945 1278/6060 5486/4042 5487/4044
f 4189/4046 61/6421 5463/4007 5489/4047
f 5463/4007 1272/4006 5490/4048 5489/4047
f 5490/4048 1282/6062 2870/4045 5489/4047
f 2849/4049 270/5736 1908/183 5491/4050
f 1908/183 671/182 5492/4051 5491/4050
f 5492/4051 1282/6062 5490/4048 5491/4050
f 4105/4052 272/6402 5488/4043 5493/4053
f 5488/4043 1281/950 2871/949 5493/4053
f 2871/949 1282/6062 5492/4051 5493/4053
f 5308/4055 52/6405 4116/2120 5494/4056
f 4116/2120 678/2119 5495/4057 5494/4056
f 5495/4057 1283/6063 2875/4054 5494/4056
f 1919/4058 276/5740 2878/959 5496/4059
f 2878/959 1284/958 5497/4060 5496/4059
f 5497/4060 1283/6063 5495/4057 5496/4059
f 5499/4061 275/6404 4113/2116 5498/4062
f 4113/2116 675/954 2876/953 5498/4062
f 2876/953 1283/6063 5497/4060 5498/4062
f 5501/4065 63/6425 5502/4347 5500/4066
f 5502/4347 1287/4068 5503/4067 5500/4066
f 5503/4067 1285/6064 2880/4063 5500/4066
f 3024/4069 277/6065 2883/963 5504/4070
f 2883/963 1288/962 5505/4071 5504/4070
f 5505/4071 1285/6064 5503/4067 5504/4070
f 5507/4072 275/6404 5499/4061 5506/4073
f 5499/4061 1284/958 2881/957 5506/4073
f 2881/957 1285/6064 5505/4071 5506/4073
f 4198/4075 62/6423 5482/4036 5508/4076
f 5482/4036 1279/4035 5509/4077 5508/4076
f 5509/4077 1289/6066 2885/4074 5508/4076
f 2864/4078 273/5738 1913/187 5510/4079
f 1913/187 676/186 5511/4080 5510/4079
f 5511/4080 1289/6066 5509/4077 5510/4079
f 4114/4081 275/6404 5507/4072 5512/4082
f 5507/4072 1288/962 2886/961 5512/4082
f 2886/961 1289/6066 5511/4080 5512/4082
f 5327/4084 53/6407 4125/2131 5513/4085
f 4125/2131 683/2130 5514/4086 5513/4085
f 5514/4086 1290/6067 2890/4083 5513/4085
f 1924/4087 279/5742 2893/971 5515/4088
f 2893/971 1291/970 5516/4089 5515/4088
f 5516/4089 1290/6067 5514/4086 5515/4088
f 5518/4090 278/6406 4122/2127 5517/4091
f 4122/2127 680/966 2891/965 5517/4091
f 2891/965 1290/6067 5516/4089 5517/4091
f 5520/4094 64/6427 5521/4376 5519/4095
f 5521/4376 1294/4097 5522/4096 5519/4095
f 5522/4096 1292/6068 2895/4092 5519/4095
f 3039/4098 280/6069 2898/975 5523/4099
f 2898/975 1295/974 5524/4100 5523/4099
f 5524/4100 1292/6068 5522/4096 5523/4099
f 5526/4101 278/6406 5518/4090 5525/4102
f 5518/4090 1291/970 2896/969 5525/4102
f 2896/969 1292/6068 5524/4100 5525/4102
f 4207/4104 63/6425 5501/4065 5527/4105
f 5501/4065 1286/4064 5528/4106 5527/4105
f 5528/4106 1296/6070 2900/4103 5527/4105
f 2879/4107 276/5740 1918/191 5529/4108
f 1918/191 681/190 5530/4109 5529/4108
f 5530/4109 1296/6070 5528/4106 5529/4108
f 4123/4110 278/6406 5526/4101 5531/4111
f 5526/4101 1295/974 2901/973 5531/4111
f 2901/973 1296/6070 5530/4109 5531/4111
f 5346/4113 54/6409 4134/2142 5532/4114
f 4134/2142 688/2141 5533/4115 5532/4114
f 5533/4115 1297/6071 2905/4112 5532/4114
f 1929/4116 282/5744 2908/983 5534/4117
f 2908/983 1298/982 5535/4118 5534/4117
f 5535/4118 1297/6071 5533/4115 5534/4117
f 5537/4119 281/6408 4131/2138 5536/4120
f 4131/2138 685/978 2906/977 5536/4120
f 2906/977 1297/6071 5535/4118 5536/4120
f 5539/4123 65/6429 5540/4405 5538/4124
f 5540/4405 1301/4126 5541/4125 5538/4124
f 5541/4125 1299/6072 2910/4121 5538/4124
f 3054/4127 283/6073 2913/987 5542/4128
f 2913/987 1302/986 5543/4129 5542/4128
f 5543/4129 1299/6072 5541/4125 5542/4128
f 5545/4130 281/6408 5537/4119 5544/4131
f 5537/4119 1298/982 2911/981 5544/4131
f 2911/981 1299/6072 5543/4129 5544/4131
f 4216/4133 64/6427 5520/4094 5546/4134
f 5520/4094 1293/4093 5547/4135 5546/4134
f 5547/4135 1303/6074 2915/4132 5546/4134
f 2894/4136 279/5742 1923/195 5548/4137
f 1923/195 686/194 5549/4138 5548/4137
f 5549/4138 1303/6074 5547/4135 5548/4137
f 4132/4139 281/6408 5545/4130 5550/4140
f 5545/4130 1302/986 2916/985 5550/4140
f 2916/985 1303/6074 5549/4138 5550/4140
f 5367/4142 55/6523 5552/6525 5551/4143
f 5552/6525 1305/4145 5553/4144 5551/4143
f 5553/4144 1304/6075 2920/4141 5551/4143
f 5555/4146 285/6076 2923/995 5554/4147
f 2923/995 1306/994 5556/4148 5554/4147
f 5556/4148 1304/6075 5553/4144 5554/4147
f 5558/4149 284/6410 4140/2149 5557/4150
f 4140/2149 690/990 2921/989 5557/4150
f 2921/989 1304/6075 5556/4148 5557/4150
f 5560/4153 66/6526 5561/4434 5559/4154
f 5561/4434 1309/4156 5562/4155 5559/4154
f 5562/4155 1307/6078 2925/4151 5559/4154
f 3069/4157 286/6079 2928/999 5563/4158
f 2928/999 1310/998 5564/4159 5563/4158
f 5564/4159 1307/6078 5562/4155 5563/4158
f 5566/4160 284/6410 5558/4149 5565/4161
f 5558/4149 1306/994 2926/993 5565/4161
f 2926/993 1307/6078 5564/4159 5565/4161
f 4225/4163 65/6429 5539/4123 5567/4164
f 5539/4123 1300/4122 5568/4165 5567/4164
f 5568/4165 1311/6080 2930/4162 5567/4164
f 2909/4166 282/5744 1928/199 5569/4167
f 1928/199 691/198 5570/4168 5569/4167
f 5570/4168 1311/6080 5568/4165 5569/4167
f 4141/4169 284/6410 5566/4160 5571/4170
f 5566/4160 1310/998 2931/997 5571/4170
f 2931/997 1311/6080 5570/4168 5571/4170
f 5386/4172 57/6413 4152/2164 5572/4173
f 4152/2164 698/2163 5573/4174 5572/4173
f 5573/4174 1312/6081 2935/4171 5572/4173
f 1939/4175 288/5749 2938/1007 5574/4176
f 2938/1007 1313/1006 5575/4177 5574/4176
f 5575/4177 1312/6081 5573/4174 5574/4176
f 5577/4178 287/6412 4149/2160 5576/4179
f 4149/2160 695/1002 2936/1001 5576/4179
f 2936/1001 1312/6081 5575/4177 5576/4179
f 5579/4182 68/6433 5580/4464 5578/4183
f 5580/4464 1316/4185 5581/4184 5578/4183
f 5581/4184 1314/6082 2940/4180 5578/4183
f 3084/4186 289/6083 2943/1011 5582/4187
f 2943/1011 1317/1010 5583/4188 5582/4187
f 5583/4188 1314/6082 5581/4184 5582/4187
f 5585/4189 287/6412 5577/4178 5584/4190
f 5577/4178 1313/1006 2941/1005 5584/4190
f 2941/1005 1314/6082 5583/4188 5584/4190
f 4234/4192 67/6431 5587/6527 5586/4193
f 5587/6527 1319/4195 5588/4194 5586/4193
f 5588/4194 1318/6084 2945/4191 5586/4193
f 5590/4196 290/5746 1933/203 5589/4197
f 1933/203 696/202 5591/4198 5589/4197
f 5591/4198 1318/6084 5588/4194 5589/4197
f 4150/4199 287/6412 5585/4189 5592/4200
f 5585/4189 1317/1010 2946/1009 5592/4200
f 2946/1009 1318/6084 5591/4198 5592/4200
f 5407/4202 58/6415 4161/2175 5593/4203
f 4161/2175 703/2174 5594/4204 5593/4203
f 5594/4204 1320/6085 2950/4201 5593/4203
f 1944/4205 292/5751 2953/1019 5595/4206
f 2953/1019 1321/1018 5596/4207 5595/4206
f 5596/4207 1320/6085 5594/4204 5595/4206
f 5598/4208 291/6414 4158/2171 5597/4209
f 4158/2171 700/1014 2951/1013 5597/4209
f 2951/1013 1320/6085 5596/4207 5597/4209
f 5600/4212 69/6435 5601/4494 5599/4213
f 5601/4494 1324/4215 5602/4214 5599/4213
f 5602/4214 1322/6086 2955/4210 5599/4213
f 3099/4216 293/6087 2958/1023 5603/4217
f 2958/1023 1325/1022 5604/4218 5603/4217
f 5604/4218 1322/6086 5602/4214 5603/4217
f 5606/4219 291/6414 5598/4208 5605/4220
f 5598/4208 1321/1018 2956/1017 5605/4220
f 2956/1017 1322/6086 5604/4218 5605/4220
f 4243/4222 68/6433 5579/4182 5607/4223
f 5579/4182 1315/4181 5608/4224 5607/4223
f 5608/4224 1326/6088 2960/4221 5607/4223
f 2939/4225 288/5749 1938/207 5609/4226
f 1938/207 701/206 5610/4227 5609/4226
f 5610/4227 1326/6088 5608/4224 5609/4226
f 4159/4228 291/6414 5606/4219 5611/4229
f 5606/4219 1325/1022 2961/1021 5611/4229
f 2961/1021 1326/6088 5610/4227 5611/4229
f 5426/4231 59/6417 4170/2186 5612/4232
f 4170/2186 708/2185 5613/4233 5612/4232
f 5613/4233 1327/6089 2965/4230 5612/4232
f 1949/4234 295/5753 2968/1031 5614/4235
f 2968/1031 1328/1030 5615/4236 5614/4235
f 5615/4236 1327/6089 5613/4233 5614/4235
f 5617/4237 294/6416 4167/2182 5616/4238
f 4167/2182 705/1026 2966/1025 5616/4238
f 2966/1025 1327/6089 5615/4236 5616/4238
f 5619/4241 70/6437 5620/4523 5618/4242
f 5620/4523 1331/4244 5621/4243 5618/4242
f 5621/4243 1329/6090 2970/4239 5618/4242
f 3114/4245 296/6091 2973/1035 5622/4246
f 2973/1035 1332/1034 5623/4247 5622/4246
f 5623/4247 1329/6090 5621/4243 5622/4246
f 5625/4248 294/6416 5617/4237 5624/4249
f 5617/4237 1328/1030 2971/1029 5624/4249
f 2971/1029 1329/6090 5623/4247 5624/4249
f 4252/4251 69/6435 5600/4212 5626/4252
f 5600/4212 1323/4211 5627/4253 5626/4252
f 5627/4253 1333/6092 2975/4250 5626/4252
f 2954/4254 292/5751 1943/211 5628/4255
f 1943/211 706/210 5629/4256 5628/4255
f 5629/4256 1333/6092 5627/4253 5628/4255
f 4168/4257 294/6416 5625/4248 5630/4258
f 5625/4248 1332/1034 2976/1033 5630/4258
f 2976/1033 1333/6092 5629/4256 5630/4258
f 5445/4260 60/6419 4179/2197 5631/4261
f 4179/2197 713/2196 5632/4262 5631/4261
f 5632/4262 1334/6093 2980/4259 5631/4261
f 1954/4263 298/5755 2983/1043 5633/4264
f 2983/1043 1335/1042 5634/4265 5633/4264
f 5634/4265 1334/6093 5632/4262 5633/4264
f 5636/4266 297/6418 4176/2193 5635/4267
f 4176/2193 710/1038 2981/1037 5635/4267
f 2981/1037 1334/6093 5634/4265 5635/4267
f 5638/4270 71/6439 5639/4552 5637/4271
f 5639/4552 1338/4273 5640/4272 5637/4271
f 5640/4272 1336/6094 2985/4268 5637/4271
f 3129/4274 299/6095 2988/1047 5641/4275
f 2988/1047 1339/1046 5642/4276 5641/4275
f 5642/4276 1336/6094 5640/4272 5641/4275
f 5644/4277 297/6418 5636/4266 5643/4278
f 5636/4266 1335/1042 2986/1041 5643/4278
f 2986/1041 1336/6094 5642/4276 5643/4278
f 4261/4280 70/6437 5619/4241 5645/4281
f 5619/4241 1330/4240 5646/4282 5645/4281
f 5646/4282 1340/6096 2990/4279 5645/4281
f 2969/4283 295/5753 1948/215 5647/4284
f 1948/215 711/214 5648/4285 5647/4284
f 5648/4285 1340/6096 5646/4282 5647/4284
f 4177/4286 297/6418 5644/4277 5649/4287
f 5644/4277 1339/1046 2991/1045 5649/4287
f 2991/1045 1340/6096 5648/4285 5649/4287
f 5464/4289 61/6421 4188/2208 5650/4290
f 4188/2208 718/2207 5651/4291 5650/4290
f 5651/4291 1341/6097 2995/4288 5650/4290
f 1959/4292 301/5757 2998/1055 5652/4293
f 2998/1055 1342/1054 5653/4294 5652/4293
f 5653/4294 1341/6097 5651/4291 5652/4293
f 5655/4295 300/6420 4185/2204 5654/4296
f 4185/2204 715/1050 2996/1049 5654/4296
f 2996/1049 1341/6097 5653/4294 5654/4296
f 5657/4299 72/6441 5658/4581 5656/4300
f 5658/4581 1345/4302 5659/4301 5656/4300
f 5659/4301 1343/6098 3000/4297 5656/4300
f 3144/4303 302/6099 3003/1059 5660/4304
f 3003/1059 1346/1058 5661/4305 5660/4304
f 5661/4305 1343/6098 5659/4301 5660/4304
f 5663/4306 300/6420 5655/4295 5662/4307
f 5655/4295 1342/1054 3001/1053 5662/4307
f 3001/1053 1343/6098 5661/4305 5662/4307
f 4270/4309 71/6439 5638/4270 5664/4310
f 5638/4270 1337/4269 5665/4311 5664/4310
f 5665/4311 1347/6100 3005/4308 5664/4310
f 2984/4312 298/5755 1953/219 5666/4313
f 1953/219 716/218 5667/4314 5666/4313
f 5667/4314 1347/6100 5665/4311 5666/4313
f 4186/4315 300/6420 5663/4306 5668/4316
f 5663/4306 1346/1058 3006/1057 5668/4316
f 3006/1057 1347/6100 5667/4314 5668/4316
f 5483/4318 62/6423 4197/2219 5669/4319
f 4197/2219 723/2218 5670/4320 5669/4319
f 5670/4320 1348/6101 3010/4317 5669/4319
f 1964/4321 304/5759 3013/1067 5671/4322
f 3013/1067 1349/1066 5672/4323 5671/4322
f 5672/4323 1348/6101 5670/4320 5671/4322
f 5674/4324 303/6422 4194/2215 5673/4325
f 4194/2215 720/1062 3011/1061 5673/4325
f 3011/1061 1348/6101 5672/4323 5673/4325
f 5676/4328 73/6443 5677/4610 5675/4329
f 5677/4610 1352/4331 5678/4330 5675/4329
f 5678/4330 1350/6102 3015/4326 5675/4329
f 3159/4332 305/6103 3018/1071 5679/4333
f 3018/1071 1353/1070 5680/4334 5679/4333
f 5680/4334 1350/6102 5678/4330 5679/4333
f 5682/4335 303/6422 5674/4324 5681/4336
f 5674/4324 1349/1066 3016/1065 5681/4336
f 3016/1065 1350/6102 5680/4334 5681/4336
f 4279/4338 72/6441 5657/4299 5683/4339
f 5657/4299 1344/4298 5684/4340 5683/4339
f 5684/4340 1354/6104 3020/4337 5683/4339
f 2999/4341 301/5757 1958/223 5685/4342
f 1958/223 721/222 5686/4343 5685/4342
f 5686/4343 1354/6104 5684/4340 5685/4342
f 4195/4344 303/6422 5682/4335 5687/4345
f 5682/4335 1353/1070 3021/1069 5687/4345
f 3021/1069 1354/6104 5686/4343 5687/4345
f 5502/4347 63/6425 4206/2230 5688/4348
f 4206/2230 728/2229 5689/4349 5688/4348
f 5689/4349 1355/6105 3025/4346 5688/4348
f 1969/4350 307/5761 3028/1079 5690/4351
f 3028/1079 1356/1078 5691/4352 5690/4351
f 5691/4352 1355/6105 5689/4349 5690/4351
f 5693/4353 306/6424 4203/2226 5692/4354
f 4203/2226 725/1074 3026/1073 5692/4354
f 3026/1073 1355/6105 5691/4352 5692/4354
f 5695/4357 74/6445 5696/4639 5694/4358
f 5696/4639 1359/4360 5697/4359 5694/4358
f 5697/4359 1357/6106 3030/4355 5694/4358
f 3174/4361 308/6107 3033/1083 5698/4362
f 3033/1083 1360/1082 5699/4363 5698/4362
f 5699/4363 1357/6106 5697/4359 5698/4362
f 5701/4364 306/6424 5693/4353 5700/4365
f 5693/4353 1356/1078 3031/1077 5700/4365
f 3031/1077 1357/6106 5699/4363 5700/4365
f 4288/4367 73/6443 5676/4328 5702/4368
f 5676/4328 1351/4327 5703/4369 5702/4368
f 5703/4369 1361/6108 3035/4366 5702/4368
f 3014/4370 304/5759 1963/227 5704/4371
f 1963/227 726/226 5705/4372 5704/4371
f 5705/4372 1361/6108 5703/4369 5704/4371
f 4204/4373 306/6424 5701/4364 5706/4374
f 5701/4364 1360/1082 3036/1081 5706/4374
f 3036/1081 1361/6108 5705/4372 5706/4374
f 5521/4376 64/6427 4215/2241 5707/4377
f 4215/2241 733/2240 5708/4378 5707/4377
f 5708/4378 1362/6109 3040/4375 5707/4377
f 1974/4379 310/5763 3043/1091 5709/4380
f 3043/1091 1363/1090 5710/4381 5709/4380
f 5710/4381 1362/6109 5708/4378 5709/4380
f 5712/4382 309/6426 4212/2237 5711/4383
f 4212/2237 730/1086 3041/1085 5711/4383
f 3041/1085 1362/6109 5710/4381 5711/4383
f 5714/4386 75/6447 5715/4668 5713/4387
f 5715/4668 1366/4389 5716/4388 5713/4387
f 5716/4388 1364/6110 3045/4384 5713/4387
f 3189/4390 311/6111 3048/1095 5717/4391
f 3048/1095 1367/1094 5718/4392 5717/4391
f 5718/4392 1364/6110 5716/4388 5717/4391
f 5720/4393 309/6426 5712/4382 5719/4394
f 5712/4382 1363/1090 3046/1089 5719/4394
f 3046/1089 1364/6110 5718/4392 5719/4394
f 4297/4396 74/6445 5695/4357 5721/4397
f 5695/4357 1358/4356 5722/4398 5721/4397
f 5722/4398 1368/6112 3050/4395 5721/4397
f 3029/4399 307/5761 1968/231 5723/4400
f 1968/231 731/230 5724/4401 5723/4400
f 5724/4401 1368/6112 5722/4398 5723/4400
f 4213/4402 309/6426 5720/4393 5725/4403
f 5720/4393 1367/1094 3051/1093 5725/4403
f 3051/1093 1368/6112 5724/4401 5725/4403
f 5540/4405 65/6429 4224/2252 5726/4406
f 4224/2252 738/2251 5727/4407 5726/4406
f 5727/4407 1369/6113 3055/4404 5726/4406
f 1979/4408 313/5765 3058/1103 5728/4409
f 3058/1103 1370/1102 5729/4410 5728/4409
f 5729/4410 1369/6113 5727/4407 5728/4409
f 5731/4411 312/6428 4221/2248 5730/4412
f 4221/2248 735/1098 3056/1097 5730/4412
f 3056/1097 1369/6113 5729/4410 5730/4412
f 5733/4415 76/6449 5734/4697 5732/4416
f 5734/4697 1373/4418 5735/4417 5732/4416
f 5735/4417 1371/6114 3060/4413 5732/4416
f 3204/4419 314/6115 3063/1107 5736/4420
f 3063/1107 1374/1106 5737/4421 5736/4420
f 5737/4421 1371/6114 5735/4417 5736/4420
f 5739/4422 312/6428 5731/4411 5738/4423
f 5731/4411 1370/1102 3061/1101 5738/4423
f 3061/1101 1371/6114 5737/4421 5738/4423
f 4306/4425 75/6447 5714/4386 5740/4426
f 5714/4386 1365/4385 5741/4427 5740/4426
f 5741/4427 1375/6116 3065/4424 5740/4426
f 3044/4428 310/5763 1973/235 5742/4429
f 1973/235 736/234 5743/4430 5742/4429
f 5743/4430 1375/6116 5741/4427 5742/4429
f 4222/4431 312/6428 5739/4422 5744/4432
f 5739/4422 1374/1106 3066/1105 5744/4432
f 3066/1105 1375/6116 5743/4430 5744/4432
f 5561/4434 66/6526 5746/6528 5745/4435
f 5746/6528 1377/4437 5747/4436 5745/4435
f 5747/4436 1376/6117 3070/4433 5745/4435
f 5749/4438 316/6118 3073/1115 5748/4439
f 3073/1115 1378/1114 5750/4440 5748/4439
f 5750/4440 1376/6117 5747/4436 5748/4439
f 5752/4441 315/6430 4230/2259 5751/4442
f 4230/2259 740/1110 3071/1109 5751/4442
f 3071/1109 1376/6117 5750/4440 5751/4442
f 5754/4445 77/6529 5755/4726 5753/4446
f 5755/4726 1381/4448 5756/4447 5753/4446
f 5756/4447 1379/6120 3075/4443 5753/4446
f 3219/4449 317/6121 3078/1119 5757/4450
f 3078/1119 1382/1118 5758/4451 5757/4450
f 5758/4451 1379/6120 5756/4447 5757/4450
f 5760/4452 315/6430 5752/4441 5759/4453
f 5752/4441 1378/1114 3076/1113 5759/4453
f 3076/1113 1379/6120 5758/4451 5759/4453
f 4315/4455 76/6449 5733/4415 5761/4456
f 5733/4415 1372/4414 5762/4457 5761/4456
f 5762/4457 1383/6122 3080/4454 5761/4456
f 3059/4458 313/5765 1978/239 5763/4459
f 1978/239 741/238 5764/4460 5763/4459
f 5764/4460 1383/6122 5762/4457 5763/4459
f 4231/4461 315/6430 5760/4452 5765/4462
f 5760/4452 1382/1118 3081/1117 5765/4462
f 3081/1117 1383/6122 5764/4460 5765/4462
f 5580/4464 68/6433 4242/2274 5766/4465
f 4242/2274 748/2273 5767/4466 5766/4465
f 5767/4466 1384/6123 3085/4463 5766/4465
f 1989/4467 319/5770 3088/1127 5768/4468
f 3088/1127 1385/1126 5769/4469 5768/4468
f 5769/4469 1384/6123 5767/4466 5768/4468
f 5771/4470 318/6432 4239/2270 5770/4471
f 4239/2270 745/1122 3086/1121 5770/4471
f 3086/1121 1384/6123 5769/4469 5770/4471
f 5773/4474 79/6453 5774/4756 5772/4475
f 5774/4756 1388/4477 5775/4476 5772/4475
f 5775/4476 1386/6124 3090/4472 5772/4475
f 3234/4478 320/6125 3093/1131 5776/4479
f 3093/1131 1389/1130 5777/4480 5776/4479
f 5777/4480 1386/6124 5775/4476 5776/4479
f 5779/4481 318/6432 5771/4470 5778/4482
f 5771/4470 1385/1126 3091/1125 5778/4482
f 3091/1125 1386/6124 5777/4480 5778/4482
f 4324/4484 78/6451 5781/6530 5780/4485
f 5781/6530 1391/4487 5782/4486 5780/4485
f 5782/4486 1390/6126 3095/4483 5780/4485
f 5784/4488 321/5767 1983/243 5783/4489
f 1983/243 746/242 5785/4490 5783/4489
f 5785/4490 1390/6126 5782/4486 5783/4489
f 4240/4491 318/6432 5779/4481 5786/4492
f 5779/4481 1389/1130 3096/1129 5786/4492
f 3096/1129 1390/6126 5785/4490 5786/4492
f 5601/4494 69/6435 4251/2285 5787/4495
f 4251/2285 753/2284 5788/4496 5787/4495
f 5788/4496 1392/6127 3100/4493 5787/4495
f 1994/4497 323/5772 3103/1139 5789/4498
f 3103/1139 1393/1138 5790/4499 5789/4498
f 5790/4499 1392/6127 5788/4496 5789/4498
f 5792/4500 322/6434 4248/2281 5791/4501
f 4248/2281 750/1134 3101/1133 5791/4501
f 3101/1133 1392/6127 5790/4499 5791/4501
f 5794/4504 80/6455 5795/4786 5793/4505
f 5795/4786 1396/4507 5796/4506 5793/4505
f 5796/4506 1394/6128 3105/4502 5793/4505
f 3249/4508 324/6129 3108/1143 5797/4509
f 3108/1143 1397/1142 5798/4510 5797/4509
f 5798/4510 1394/6128 5796/4506 5797/4509
f 5800/4511 322/6434 5792/4500 5799/4512
f 5792/4500 1393/1138 3106/1137 5799/4512
f 3106/1137 1394/6128 5798/4510 5799/4512
f 4333/4514 79/6453 5773/4474 5801/4515
f 5773/4474 1387/4473 5802/4516 5801/4515
f 5802/4516 1398/6130 3110/4513 5801/4515
f 3089/4517 319/5770 1988/247 5803/4518
f 1988/247 751/246 5804/4519 5803/4518
f 5804/4519 1398/6130 5802/4516 5803/4518
f 4249/4520 322/6434 5800/4511 5805/4521
f 5800/4511 1397/1142 3111/1141 5805/4521
f 3111/1141 1398/6130 5804/4519 5805/4521
f 5620/4523 70/6437 4260/2296 5806/4524
f 4260/2296 758/2295 5807/4525 5806/4524
f 5807/4525 1399/6131 3115/4522 5806/4524
f 1999/4526 326/5774 3118/1151 5808/4527
f 3118/1151 1400/1150 5809/4528 5808/4527
f 5809/4528 1399/6131 5807/4525 5808/4527
f 5811/4529 325/6436 4257/2292 5810/4530
f 4257/2292 755/1146 3116/1145 5810/4530
f 3116/1145 1399/6131 5809/4528 5810/4530
f 5813/4533 81/6457 5814/4815 5812/4534
f 5814/4815 1403/4536 5815/4535 5812/4534
f 5815/4535 1401/6132 3120/4531 5812/4534
f 3264/4537 327/6133 3123/1155 5816/4538
f 3123/1155 1404/1154 5817/4539 5816/4538
f 5817/4539 1401/6132 5815/4535 5816/4538
f 5819/4540 325/6436 5811/4529 5818/4541
f 5811/4529 1400/1150 3121/1149 5818/4541
f 3121/1149 1401/6132 5817/4539 5818/4541
f 4342/4543 80/6455 5794/4504 5820/4544
f 5794/4504 1395/4503 5821/4545 5820/4544
f 5821/4545 1405/6134 3125/4542 5820/4544
f 3104/4546 323/5772 1993/251 5822/4547
f 1993/251 756/250 5823/4548 5822/4547
f 5823/4548 1405/6134 5821/4545 5822/4547
f 4258/4549 325/6436 5819/4540 5824/4550
f 5819/4540 1404/1154 3126/1153 5824/4550
f 3126/1153 1405/6134 5823/4548 5824/4550
f 5639/4552 71/6439 4269/2307 5825/4553
f 4269/2307 763/2306 5826/4554 5825/4553
f 5826/4554 1406/6135 3130/4551 5825/4553
f 2004/4555 329/5776 3133/1163 5827/4556
f 3133/1163 1407/1162 5828/4557 5827/4556
f 5828/4557 1406/6135 5826/4554 5827/4556
f 5830/4558 328/6438 4266/2303 5829/4559
f 4266/2303 760/1158 3131/1157 5829/4559
f 3131/1157 1406/6135 5828/4557 5829/4559
f 5832/4562 82/6459 5833/4844 5831/4563
f 5833/4844 1410/4565 5834/4564 5831/4563
f 5834/4564 1408/6136 3135/4560 5831/4563
f 3279/4566 330/6137 3138/1167 5835/4567
f 3138/1167 1411/1166 5836/4568 5835/4567
f 5836/4568 1408/6136 5834/4564 5835/4567
f 5838/4569 328/6438 5830/4558 5837/4570
f 5830/4558 1407/1162 3136/1161 5837/4570
f 3136/1161 1408/6136 5836/4568 5837/4570
f 4351/4572 81/6457 5813/4533 5839/4573
f 5813/4533 1402/4532 5840/4574 5839/4573
f 5840/4574 1412/6138 3140/4571 5839/4573
f 3119/4575 326/5774 1998/255 5841/4576
f 1998/255 761/254 5842/4577 5841/4576
f 5842/4577 1412/6138 5840/4574 5841/4576
f 4267/4578 328/6438 5838/4569 5843/4579
f 5838/4569 1411/1166 3141/1165 5843/4579
f 3141/1165 1412/6138 5842/4577 5843/4579
f 5658/4581 72/6441 4278/2318 5844/4582
f 4278/2318 768/2317 5845/4583 5844/4582
f 5845/4583 1413/6139 3145/4580 5844/4582
f 2009/4584 332/5778 3148/1175 5846/4585
f 3148/1175 1414/1174 5847/4586 5846/4585
f 5847/4586 1413/6139 5845/4583 5846/4585
f 5849/4587 331/6440 4275/2314 5848/4588
f 4275/2314 765/1170 3146/1169 5848/4588
f 3146/1169 1413/6139 5847/4586 5848/4588
f 5851/4591 83/6461 5852/4873 5850/4592
f 5852/4873 1417/4594 5853/4593 5850/4592
f 5853/4593 1415/6140 3150/4589 5850/4592
f 3294/4595 333/6141 3153/1179 5854/4596
f 3153/1179 1418/1178 5855/4597 5854/4596
f 5855/4597 1415/6140 5853/4593 5854/4596
f 5857/4598 331/6440 5849/4587 5856/4599
f 5849/4587 1414/1174 3151/1173 5856/4599
f 3151/1173 1415/6140 5855/4597 5856/4599
f 4360/4601 82/6459 5832/4562 5858/4602
f 5832/4562 1409/4561 5859/4603 5858/4602
f 5859/4603 1419/6142 3155/4600 5858/4602
f 3134/4604 329/5776 2003/259 5860/4605
f 2003/259 766/258 5861/4606 5860/4605
f 5861/4606 1419/6142 5859/4603 5860/4605
f 4276/4607 331/6440 5857/4598 5862/4608
f 5857/4598 1418/1178 3156/1177 5862/4608
f 3156/1177 1419/6142 5861/4606 5862/4608
f 5677/4610 73/6443 4287/2329 5863/4611
f 4287/2329 773/2328 5864/4612 5863/4611
f 5864/4612 1420/6143 3160/4609 5863/4611
f 2014/4613 335/5780 3163/1187 5865/4614
f 3163/1187 1421/1186 5866/4615 5865/4614
f 5866/4615 1420/6143 5864/4612 5865/4614
f 5868/4616 334/6442 4284/2325 5867/4617
f 4284/2325 770/1182 3161/1181 5867/4617
f 3161/1181 1420/6143 5866/4615 5867/4617
f 5870/4620 84/6463 5871/4902 5869/4621
f 5871/4902 1424/4623 5872/4622 5869/4621
f 5872/4622 1422/6144 3165/4618 5869/4621
f 3309/4624 336/6145 3168/1191 5873/4625
f 3168/1191 1425/1190 5874/4626 5873/4625
f 5874/4626 1422/6144 5872/4622 5873/4625
f 5876/4627 334/6442 5868/4616 5875/4628
f 5868/4616 1421/1186 3166/1185 5875/4628
f 3166/1185 1422/6144 5874/4626 5875/4628
f 4369/4630 83/6461 5851/4591 5877/4631
f 5851/4591 1416/4590 5878/4632 5877/4631
f 5878/4632 1426/6146 3170/4629 5877/4631
f 3149/4633 332/5778 2008/263 5879/4634
f 2008/263 771/262 5880/4635 5879/4634
f 5880/4635 1426/6146 5878/4632 5879/4634
f 4285/4636 334/6442 5876/4627 5881/4637
f 5876/4627 1425/1190 3171/1189 5881/4637
f 3171/1189 1426/6146 5880/4635 5881/4637
f 5696/4639 74/6445 4296/2340 5882/4640
f 4296/2340 778/2339 5883/4641 5882/4640
f 5883/4641 1427/6147 3175/4638 5882/4640
f 2019/4642 338/5782 3178/1199 5884/4643
f 3178/1199 1428/1198 5885/4644 5884/4643
f 5885/4644 1427/6147 5883/4641 5884/4643
f 5887/4645 337/6444 4293/2336 5886/4646
f 4293/2336 775/1194 3176/1193 5886/4646
f 3176/1193 1427/6147 5885/4644 5886/4646
f 5889/4649 85/6465 5890/4931 5888/4650
f 5890/4931 1431/4652 5891/4651 5888/4650
f 5891/4651 1429/6148 3180/4647 5888/4650
f 3324/4653 339/6149 3183/1203 5892/4654
f 3183/1203 1432/1202 5893/4655 5892/4654
f 5893/4655 1429/6148 5891/4651 5892/4654
f 5895/4656 337/6444 5887/4645 5894/4657
f 5887/4645 1428/1198 3181/1197 5894/4657
f 3181/1197 1429/6148 5893/4655 5894/4657
f 4378/4659 84/6463 5870/4620 5896/4660
f 5870/4620 1423/4619 5897/4661 5896/4660
f 5897/4661 1433/6150 3185/4658 5896/4660
f 3164/4662 335/5780 2013/267 5898/4663
f 2013/267 776/266 5899/4664 5898/4663
f 5899/4664 1433/6150 5897/4661 5898/4663
f 4294/4665 337/6444 5895/4656 5900/4666
f 5895/4656 1432/1202 3186/1201 5900/4666
f 3186/1201 1433/6150 5899/4664 5900/4666
f 5715/4668 75/6447 4305/2351 5901/4669
f 4305/2351 783/2350 5902/4670 5901/4669
f 5902/4670 1434/6151 3190/4667 5901/4669
f 2024/4671 341/5784 3193/1211 5903/4672
f 3193/1211 1435/1210 5904/4673 5903/4672
f 5904/4673 1434/6151 5902/4670 5903/4672
f 5906/4674 340/6446 4302/2347 5905/4675
f 4302/2347 780/1206 3191/1205 5905/4675
f 3191/1205 1434/6151 5904/4673 5905/4675
f 5908/4678 86/6467 5909/4960 5907/4679
f 5909/4960 1438/4681 5910/4680 5907/4679
f 5910/4680 1436/6152 3195/4676 5907/4679
f 3339/4682 342/6153 3198/1215 5911/4683
f 3198/1215 1439/1214 5912/4684 5911/4683
f 5912/4684 1436/6152 5910/4680 5911/4683
f 5914/4685 340/6446 5906/4674 5913/4686
f 5906/4674 1435/1210 3196/1209 5913/4686
f 3196/1209 1436/6152 5912/4684 5913/4686
f 4387/4688 85/6465 5889/4649 5915/4689
f 5889/4649 1430/4648 5916/4690 5915/4689
f 5916/4690 1440/6154 3200/4687 5915/4689
f 3179/4691 338/5782 2018/271 5917/4692
f 2018/271 781/270 5918/4693 5917/4692
f 5918/4693 1440/6154 5916/4690 5917/4692
f 4303/4694 340/6446 5914/4685 5919/4695
f 5914/4685 1439/1214 3201/1213 5919/4695
f 3201/1213 1440/6154 5918/4693 5919/4695
f 5734/4697 76/6449 4314/2362 5920/4698
f 4314/2362 788/2361 5921/4699 5920/4698
f 5921/4699 1441/6155 3205/4696 5920/4698
f 2029/4700 344/5786 3208/1223 5922/4701
f 3208/1223 1442/1222 5923/4702 5922/4701
f 5923/4702 1441/6155 5921/4699 5922/4701
f 5925/4703 343/6448 4311/2358 5924/4704
f 4311/2358 785/1218 3206/1217 5924/4704
f 3206/1217 1441/6155 5923/4702 5924/4704
f 5927/4707 87/6469 5928/4989 5926/4708
f 5928/4989 1445/4710 5929/4709 5926/4708
f 5929/4709 1443/6156 3210/4705 5926/4708
f 3354/4711 345/6157 3213/1227 5930/4712
f 3213/1227 1446/1226 5931/4713 5930/4712
f 5931/4713 1443/6156 5929/4709 5930/4712
f 5933/4714 343/6448 5925/4703 5932/4715
f 5925/4703 1442/1222 3211/1221 5932/4715
f 3211/1221 1443/6156 5931/4713 5932/4715
f 4396/4717 86/6467 5908/4678 5934/4718
f 5908/4678 1437/4677 5935/4719 5934/4718
f 5935/4719 1447/6158 3215/4716 5934/4718
f 3194/4720 341/5784 2023/275 5936/4721
f 2023/275 786/274 5937/4722 5936/4721
f 5937/4722 1447/6158 5935/4719 5936/4721
f 4312/4723 343/6448 5933/4714 5938/4724
f 5933/4714 1446/1226 3216/1225 5938/4724
f 3216/1225 1447/6158 5937/4722 5938/4724
f 5755/4726 77/6529 5940/6531 5939/4727
f 5940/6531 1449/4729 5941/4728 5939/4727
f 5941/4728 1448/6159 3220/4725 5939/4727
f 5943/4730 347/6160 3223/1235 5942/4731
f 3223/1235 1450/1234 5944/4732 5942/4731
f 5944/4732 1448/6159 5941/4728 5942/4731
f 5946/4733 346/6450 4320/2369 5945/4734
f 4320/2369 790/1230 3221/1229 5945/4734
f 3221/1229 1448/6159 5944/4732 5945/4734
f 5948/4737 88/6532 5949/5018 5947/4738
f 5949/5018 1453/4740 5950/4739 5947/4738
f 5950/4739 1451/6162 3225/4735 5947/4738
f 3369/4741 348/6163 3228/1239 5951/4742
f 3228/1239 1454/1238 5952/4743 5951/4742
f 5952/4743 1451/6162 5950/4739 5951/4742
f 5954/4744 346/6450 5946/4733 5953/4745
f 5946/4733 1450/1234 3226/1233 5953/4745
f 3226/1233 1451/6162 5952/4743 5953/4745
f 4405/4747 87/6469 5927/4707 5955/4748
f 5927/4707 1444/4706 5956/4749 5955/4748
f 5956/4749 1455/6164 3230/4746 5955/4748
f 3209/4750 344/5786 2028/279 5957/4751
f 2028/279 791/278 5958/4752 5957/4751
f 5958/4752 1455/6164 5956/4749 5957/4751
f 4321/4753 346/6450 5954/4744 5959/4754
f 5954/4744 1454/1238 3231/1237 5959/4754
f 3231/1237 1455/6164 5958/4752 5959/4754
f 5774/4756 79/6453 4332/2384 5960/4757
f 4332/2384 798/2383 5961/4758 5960/4757
f 5961/4758 1456/6165 3235/4755 5960/4757
f 2039/4759 350/5791 3238/1247 5962/4760
f 3238/1247 1457/1246 5963/4761 5962/4760
f 5963/4761 1456/6165 5961/4758 5962/4760
f 5965/4762 349/6452 4329/2380 5964/4763
f 4329/2380 795/1242 3236/1241 5964/4763
f 3236/1241 1456/6165 5963/4761 5964/4763
f 5967/4766 90/6473 5968/5048 5966/4767
f 5968/5048 1460/4769 5969/4768 5966/4767
f 5969/4768 1458/6166 3240/4764 5966/4767
f 3384/4770 351/6167 3243/1251 5970/4771
f 3243/1251 1461/1250 5971/4772 5970/4771
f 5971/4772 1458/6166 5969/4768 5970/4771
f 5973/4773 349/6452 5965/4762 5972/4774
f 5965/4762 1457/1246 3241/1245 5972/4774
f 3241/1245 1458/6166 5971/4772 5972/4774
f 4414/4776 89/6471 5975/6533 5974/4777
f 5975/6533 1463/4779 5976/4778 5974/4777
f 5976/4778 1462/6168 3245/4775 5974/4777
f 5978/4780 352/5788 2033/283 5977/4781
f 2033/283 796/282 5979/4782 5977/4781
f 5979/4782 1462/6168 5976/4778 5977/4781
f 4330/4783 349/6452 5973/4773 5980/4784
f 5973/4773 1461/1250 3246/1249 5980/4784
f 3246/1249 1462/6168 5979/4782 5980/4784
f 5795/4786 80/6455 4341/2395 5981/4787
f 4341/2395 803/2394 5982/4788 5981/4787
f 5982/4788 1464/6169 3250/4785 5981/4787
f 2044/4789 354/5793 3253/1259 5983/4790
f 3253/1259 1465/1258 5984/4791 5983/4790
f 5984/4791 1464/6169 5982/4788 5983/4790
f 5986/4792 353/6454 4338/2391 5985/4793
f 4338/2391 800/1254 3251/1253 5985/4793
f 3251/1253 1464/6169 5984/4791 5985/4793
f 5988/4796 91/6475 5989/5078 5987/4797
f 5989/5078 1468/4799 5990/4798 5987/4797
f 5990/4798 1466/6170 3255/4794 5987/4797
f 3399/4800 355/6171 3258/1263 5991/4801
f 3258/1263 1469/1262 5992/4802 5991/4801
f 5992/4802 1466/6170 5990/4798 5991/4801
f 5994/4803 353/6454 5986/4792 5993/4804
f 5986/4792 1465/1258 3256/1257 5993/4804
f 3256/1257 1466/6170 5992/4802 5993/4804
f 4423/4806 90/6473 5967/4766 5995/4807
f 5967/4766 1459/4765 5996/4808 5995/4807
f 5996/4808 1470/6172 3260/4805 5995/4807
f 3239/4809 350/5791 2038/287 5997/4810
f 2038/287 801/286 5998/4811 5997/4810
f 5998/4811 1470/6172 5996/4808 5997/4810
f 4339/4812 353/6454 5994/4803 5999/4813
f 5994/4803 1469/1262 3261/1261 5999/4813
f 3261/1261 1470/6172 5998/4811 5999/4813
f 5814/4815 81/6457 4350/2406 6000/4816
f 4350/2406 808/2405 6001/4817 6000/4816
f 6001/4817 1471/6173 3265/4814 6000/4816
f 2049/4818 357/5795 3268/1271 6002/4819
f 3268/1271 1472/1270 6003/4820 6002/4819
f 6003/4820 1471/6173 6001/4817 6002/4819
f 6005/4821 356/6456 4347/2402 6004/4822
f 4347/2402 805/1266 3266/1265 6004/4822
f 3266/1265 1471/6173 6003/4820 6004/4822
f 6007/4825 92/6477 6008/5107 6006/4826
f 6008/5107 1475/4828 6009/4827 6006/4826
f 6009/4827 1473/6174 3270/4823 6006/4826
f 3414/4829 358/6175 3273/1275 6010/4830
f 3273/1275 1476/1274 6011/4831 6010/4830
f 6011/4831 1473/6174 6009/4827 6010/4830
f 6013/4832 356/6456 6005/4821 6012/4833
f 6005/4821 1472/1270 3271/1269 6012/4833
f 3271/1269 1473/6174 6011/4831 6012/4833
f 4432/4835 91/6475 5988/4796 6014/4836
f 5988/4796 1467/4795 6015/4837 6014/4836
f 6015/4837 1477/6176 3275/4834 6014/4836
f 3254/4838 354/5793 2043/291 6016/4839
f 2043/291 806/290 6017/4840 6016/4839
f 6017/4840 1477/6176 6015/4837 6016/4839
f 4348/4841 356/6456 6013/4832 6018/4842
f 6013/4832 1476/1274 3276/1273 6018/4842
f 3276/1273 1477/6176 6017/4840 6018/4842
f 5833/4844 82/6459 4359/2417 6019/4845
f 4359/2417 813/2416 6020/4846 6019/4845
f 6020/4846 1478/6177 3280/4843 6019/4845
f 2054/4847 360/5797 3283/1283 6021/4848
f 3283/1283 1479/1282 6022/4849 6021/4848
f 6022/4849 1478/6177 6020/4846 6021/4848
f 6024/4850 359/6458 4356/2413 6023/4851
f 4356/2413 810/1278 3281/1277 6023/4851
f 3281/1277 1478/6177 6022/4849 6023/4851
f 6026/4854 93/6479 6027/5136 6025/4855
f 6027/5136 1482/4857 6028/4856 6025/4855
f 6028/4856 1480/6178 3285/4852 6025/4855
f 3429/4858 361/6179 3288/1287 6029/4859
f 3288/1287 1483/1286 6030/4860 6029/4859
f 6030/4860 1480/6178 6028/4856 6029/4859
f 6032/4861 359/6458 6024/4850 6031/4862
f 6024/4850 1479/1282 3286/1281 6031/4862
f 3286/1281 1480/6178 6030/4860 6031/4862
f 4441/4864 92/6477 6007/4825 6033/4865
f 6007/4825 1474/4824 6034/4866 6033/4865
f 6034/4866 1484/6180 3290/4863 6033/4865
f 3269/4867 357/5795 2048/295 6035/4868
f 2048/295 811/294 6036/4869 6035/4868
f 6036/4869 1484/6180 6034/4866 6035/4868
f 4357/4870 359/6458 6032/4861 6037/4871
f 6032/4861 1483/1286 3291/1285 6037/4871
f 3291/1285 1484/6180 6036/4869 6037/4871
f 5852/4873 83/6461 4368/2428 6038/4874
f 4368/2428 818/2427 6039/4875 6038/4874
f 6039/4875 1485/6181 3295/4872 6038/4874
f 2059/4876 363/5799 3298/1295 6040/4877
f 3298/1295 1486/1294 6041/4878 6040/4877
f 6041/4878 1485/6181 6039/4875 6040/4877
f 6043/4879 362/6460 4365/2424 6042/4880
f 4365/2424 815/1290 3296/1289 6042/4880
f 3296/1289 1485/6181 6041/4878 6042/4880
f 6045/4883 94/6481 6046/5165 6044/4884
f 6046/5165 1489/4886 6047/4885 6044/4884
f 6047/4885 1487/6182 3300/4881 6044/4884
f 3444/4887 364/6183 3303/1299 6048/4888
f 3303/1299 1490/1298 6049/4889 6048/4888
f 6049/4889 1487/6182 6047/4885 6048/4888
f 6051/4890 362/6460 6043/4879 6050/4891
f 6043/4879 1486/1294 3301/1293 6050/4891
f 3301/1293 1487/6182 6049/4889 6050/4891
f 4450/4893 93/6479 6026/4854 6052/4894
f 6026/4854 1481/4853 6053/4895 6052/4894
f 6053/4895 1491/6184 3305/4892 6052/4894
f 3284/4896 360/5797 2053/299 6054/4897
f 2053/299 816/298 6055/4898 6054/4897
f 6055/4898 1491/6184 6053/4895 6054/4897
f 4366/4899 362/6460 6051/4890 6056/4900
f 6051/4890 1490/1298 3306/1297 6056/4900
f 3306/1297 1491/6184 6055/4898 6056/4900
f 5871/4902 84/6463 4377/2439 6057/4903
f 4377/2439 823/2438 6058/4904 6057/4903
f 6058/4904 1492/6185 3310/4901 6057/4903
f 2064/4905 366/5801 3313/1307 6059/4906
f 3313/1307 1493/1306 6060/4907 6059/4906
f 6060/4907 1492/6185 6058/4904 6059/4906
f 6062/4908 365/6462 4374/2435 6061/4909
f 4374/2435 820/1302 3311/1301 6061/4909
f 3311/1301 1492/6185 6060/4907 6061/4909
f 6064/4912 95/6483 6065/5194 6063/4913
f 6065/5194 1496/4915 6066/4914 6063/4913
f 6066/4914 1494/6186 3315/4910 6063/4913
f 3459/4916 367/6187 3318/1311 6067/4917
f 3318/1311 1497/1310 6068/4918 6067/4917
f 6068/4918 1494/6186 6066/4914 6067/4917
f 6070/4919 365/6462 6062/4908 6069/4920
f 6062/4908 1493/1306 3316/1305 6069/4920
f 3316/1305 1494/6186 6068/4918 6069/4920
f 4459/4922 94/6481 6045/4883 6071/4923
f 6045/4883 1488/4882 6072/4924 6071/4923
f 6072/4924 1498/6188 3320/4921 6071/4923
f 3299/4925 363/5799 2058/303 6073/4926
f 2058/303 821/302 6074/4927 6073/4926
f 6074/4927 1498/6188 6072/4924 6073/4926
f 4375/4928 365/6462 6070/4919 6075/4929
f 6070/4919 1497/1310 3321/1309 6075/4929
f 3321/1309 1498/6188 6074/4927 6075/4929
f 5890/4931 85/6465 4386/2450 6076/4932
f 4386/2450 828/2449 6077/4933 6076/4932
f 6077/4933 1499/6189 3325/4930 6076/4932
f 2069/4934 369/5803 3328/1319 6078/4935
f 3328/1319 1500/1318 6079/4936 6078/4935
f 6079/4936 1499/6189 6077/4933 6078/4935
f 6081/4937 368/6464 4383/2446 6080/4938
f 4383/2446 825/1314 3326/1313 6080/4938
f 3326/1313 1499/6189 6079/4936 6080/4938
f 6083/4941 96/6485 6084/5223 6082/4942
f 6084/5223 1503/4944 6085/4943 6082/4942
f 6085/4943 1501/6190 3330/4939 6082/4942
f 3474/4945 370/6191 3333/1323 6086/4946
f 3333/1323 1504/1322 6087/4947 6086/4946
f 6087/4947 1501/6190 6085/4943 6086/4946
f 6089/4948 368/6464 6081/4937 6088/4949
f 6081/4937 1500/1318 3331/1317 6088/4949
f 3331/1317 1501/6190 6087/4947 6088/4949
f 4468/4951 95/6483 6064/4912 6090/4952
f 6064/4912 1495/4911 6091/4953 6090/4952
f 6091/4953 1505/6192 3335/4950 6090/4952
f 3314/4954 366/5801 2063/307 6092/4955
f 2063/307 826/306 6093/4956 6092/4955
f 6093/4956 1505/6192 6091/4953 6092/4955
f 4384/4957 368/6464 6089/4948 6094/4958
f 6089/4948 1504/1322 3336/1321 6094/4958
f 3336/1321 1505/6192 6093/4956 6094/4958
f 5909/4960 86/6467 4395/2461 6095/4961
f 4395/2461 833/2460 6096/4962 6095/4961
f 6096/4962 1506/6193 3340/4959 6095/4961
f 2074/4963 372/5805 3343/1331 6097/4964
f 3343/1331 1507/1330 6098/4965 6097/4964
f 6098/4965 1506/6193 6096/4962 6097/4964
f 6100/4966 371/6466 4392/2457 6099/4967
f 4392/2457 830/1326 3341/1325 6099/4967
f 3341/1325 1506/6193 6098/4965 6099/4967
f 6102/4970 97/6487 6103/5252 6101/4971
f 6103/5252 1510/4973 6104/4972 6101/4971
f 6104/4972 1508/6194 3345/4968 6101/4971
f 3489/4974 373/6195 3348/1335 6105/4975
f 3348/1335 1511/1334 6106/4976 6105/4975
f 6106/4976 1508/6194 6104/4972 6105/4975
f 6108/4977 371/6466 6100/4966 6107/4978
f 6100/4966 1507/1330 3346/1329 6107/4978
f 3346/1329 1508/6194 6106/4976 6107/4978
f 4477/4980 96/6485 6083/4941 6109/4981
f 6083/4941 1502/4940 6110/4982 6109/4981
f 6110/4982 1512/6196 3350/4979 6109/4981
f 3329/4983 369/5803 2068/311 6111/4984
f 2068/311 831/310 6112/4985 6111/4984
f 6112/4985 1512/6196 6110/4982 6111/4984
f 4393/4986 371/6466 6108/4977 6113/4987
f 6108/4977 1511/1334 3351/1333 6113/4987
f 3351/1333 1512/6196 6112/4985 6113/4987
f 5928/4989 87/6469 4404/2472 6114/4990
f 4404/2472 838/2471 6115/4991 6114/4990
f 6115/4991 1513/6197 3355/4988 6114/4990
f 2079/4992 375/5807 3358/1343 6116/4993
f 3358/1343 1514/1342 6117/4994 6116/4993
f 6117/4994 1513/6197 6115/4991 6116/4993
f 6119/4995 374/6468 4401/2468 6118/4996
f 4401/2468 835/1338 3356/1337 6118/4996
f 3356/1337 1513/6197 6117/4994 6118/4996
f 6121/4999 98/6489 6122/5281 6120/5000
f 6122/5281 1517/5002 6123/5001 6120/5000
f 6123/5001 1515/6198 3360/4997 6120/5000
f 3504/5003 376/6199 3363/1347 6124/5004
f 3363/1347 1518/1346 6125/5005 6124/5004
f 6125/5005 1515/6198 6123/5001 6124/5004
f 6127/5006 374/6468 6119/4995 6126/5007
f 6119/4995 1514/1342 3361/1341 6126/5007
f 3361/1341 1515/6198 6125/5005 6126/5007
f 4486/5009 97/6487 6102/4970 6128/5010
f 6102/4970 1509/4969 6129/5011 6128/5010
f 6129/5011 1519/6200 3365/5008 6128/5010
f 3344/5012 372/5805 2073/315 6130/5013
f 2073/315 836/314 6131/5014 6130/5013
f 6131/5014 1519/6200 6129/5011 6130/5013
f 4402/5015 374/6468 6127/5006 6132/5016
f 6127/5006 1518/1346 3366/1345 6132/5016
f 3366/1345 1519/6200 6131/5014 6132/5016
f 5949/5018 88/6532 6134/6534 6133/5019
f 6134/6534 1521/5021 6135/5020 6133/5019
f 6135/5020 1520/6201 3370/5017 6133/5019
f 6137/5022 378/6202 3373/1355 6136/5023
f 3373/1355 1522/1354 6138/5024 6136/5023
f 6138/5024 1520/6201 6135/5020 6136/5023
f 6140/5025 377/6470 4410/2479 6139/5026
f 4410/2479 840/1350 3371/1349 6139/5026
f 3371/1349 1520/6201 6138/5024 6139/5026
f 6142/5029 99/6535 6143/5310 6141/5030
f 6143/5310 1525/5032 6144/5031 6141/5030
f 6144/5031 1523/6204 3375/5027 6141/5030
f 3519/5033 379/6205 3378/1359 6145/5034
f 3378/1359 1526/1358 6146/5035 6145/5034
f 6146/5035 1523/6204 6144/5031 6145/5034
f 6148/5036 377/6470 6140/5025 6147/5037
f 6140/5025 1522/1354 3376/1353 6147/5037
f 3376/1353 1523/6204 6146/5035 6147/5037
f 4495/5039 98/6489 6121/4999 6149/5040
f 6121/4999 1516/4998 6150/5041 6149/5040
f 6150/5041 1527/6206 3380/5038 6149/5040
f 3359/5042 375/5807 2078/319 6151/5043
f 2078/319 841/318 6152/5044 6151/5043
f 6152/5044 1527/6206 6150/5041 6151/5043
f 4411/5045 377/6470 6148/5036 6153/5046
f 6148/5036 1526/1358 3381/1357 6153/5046
f 3381/1357 1527/6206 6152/5044 6153/5046
f 5968/5048 90/6473 4422/2494 6154/5049
f 4422/2494 848/2493 6155/5050 6154/5049
f 6155/5050 1528/6207 3385/5047 6154/5049
f 2089/5051 381/5812 3388/1367 6156/5052
f 3388/1367 1529/1366 6157/5053 6156/5052
f 6157/5053 1528/6207 6155/5050 6156/5052
f 6159/5054 380/6472 4419/2490 6158/5055
f 4419/2490 845/1362 3386/1361 6158/5055
f 3386/1361 1528/6207 6157/5053 6158/5055
f 6161/5058 101/6493 6162/5340 6160/5059
f 6162/5340 1532/5061 6163/5060 6160/5059
f 6163/5060 1530/6208 3390/5056 6160/5059
f 3534/5062 382/6209 3393/1371 6164/5063
f 3393/1371 1533/1370 6165/5064 6164/5063
f 6165/5064 1530/6208 6163/5060 6164/5063
f 6167/5065 380/6472 6159/5054 6166/5066
f 6159/5054 1529/1366 3391/1365 6166/5066
f 3391/1365 1530/6208 6165/5064 6166/5066
f 4504/5068 100/6491 6169/6536 6168/5069
f 6169/6536 1535/5071 6170/5070 6168/5069
f 6170/5070 1534/6210 3395/5067 6168/5069
f 6172/5072 383/5809 2083/323 6171/5073
f 2083/323 846/322 6173/5074 6171/5073
f 6173/5074 1534/6210 6170/5070 6171/5073
f 4420/5075 380/6472 6167/5065 6174/5076
f 6167/5065 1533/1370 3396/1369 6174/5076
f 3396/1369 1534/6210 6173/5074 6174/5076
f 5989/5078 91/6475 4431/2505 6175/5079
f 4431/2505 853/2504 6176/5080 6175/5079
f 6176/5080 1536/6211 3400/5077 6175/5079
f 2094/5081 385/5814 3403/1379 6177/5082
f 3403/1379 1537/1378 6178/5083 6177/5082
f 6178/5083 1536/6211 6176/5080 6177/5082
f 6180/5084 384/6474 4428/2501 6179/5085
f 4428/2501 850/1374 3401/1373 6179/5085
f 3401/1373 1536/6211 6178/5083 6179/5085
f 6182/5088 102/6495 6183/5371 6181/5089
f 6183/5371 1540/5091 6184/5090 6181/5089
f 6184/5090 1538/6212 3405/5086 6181/5089
f 3549/5092 386/6213 3408/1383 6185/5093
f 3408/1383 1541/1382 6186/5094 6185/5093
f 6186/5094 1538/6212 6184/5090 6185/5093
f 6188/5095 384/6474 6180/5084 6187/5096
f 6180/5084 1537/1378 3406/1377 6187/5096
f 3406/1377 1538/6212 6186/5094 6187/5096
f 4513/5098 101/6493 6161/5058 6189/5099
f 6161/5058 1531/5057 6190/5100 6189/5099
f 6190/5100 1542/6214 3410/5097 6189/5099
f 3389/5101 381/5812 2088/327 6191/5102
f 2088/327 851/326 6192/5103 6191/5102
f 6192/5103 1542/6214 6190/5100 6191/5102
f 4429/5104 384/6474 6188/5095 6193/5105
f 6188/5095 1541/1382 3411/1381 6193/5105
f 3411/1381 1542/6214 6192/5103 6193/5105
f 6008/5107 92/6477 4440/2516 6194/5108
f 4440/2516 858/2515 6195/5109 6194/5108
f 6195/5109 1543/6215 3415/5106 6194/5108
f 2099/5110 388/5816 3418/1391 6196/5111
f 3418/1391 1544/1390 6197/5112 6196/5111
f 6197/5112 1543/6215 6195/5109 6196/5111
f 6199/5113 387/6476 4437/2512 6198/5114
f 4437/2512 855/1386 3416/1385 6198/5114
f 3416/1385 1543/6215 6197/5112 6198/5114
f 6201/5117 103/6497 6202/5401 6200/5118
f 6202/5401 1547/5120 6203/5119 6200/5118
f 6203/5119 1545/6216 3420/5115 6200/5118
f 3564/5121 389/6217 3423/1395 6204/5122
f 3423/1395 1548/1394 6205/5123 6204/5122
f 6205/5123 1545/6216 6203/5119 6204/5122
f 6207/5124 387/6476 6199/5113 6206/5125
f 6199/5113 1544/1390 3421/1389 6206/5125
f 3421/1389 1545/6216 6205/5123 6206/5125
f 4522/5127 102/6495 6182/5088 6208/5128
f 6182/5088 1539/5087 6209/5129 6208/5128
f 6209/5129 1549/6218 3425/5126 6208/5128
f 3404/5130 385/5814 2093/331 6210/5131
f 2093/331 856/330 6211/5132 6210/5131
f 6211/5132 1549/6218 6209/5129 6210/5131
f 4438/5133 387/6476 6207/5124 6212/5134
f 6207/5124 1548/1394 3426/1393 6212/5134
f 3426/1393 1549/6218 6211/5132 6212/5134
f 6027/5136 93/6479 4449/2527 6213/5137
f 4449/2527 863/2526 6214/5138 6213/5137
f 6214/5138 1550/6219 3430/5135 6213/5137
f 2104/5139 391/5818 3433/1403 6215/5140
f 3433/1403 1551/1402 6216/5141 6215/5140
f 6216/5141 1550/6219 6214/5138 6215/5140
f 6218/5142 390/6478 4446/2523 6217/5143
f 4446/2523 860/1398 3431/1397 6217/5143
f 3431/1397 1550/6219 6216/5141 6217/5143
f 6220/5146 104/6499 6221/5431 6219/5147
f 6221/5431 1554/5149 6222/5148 6219/5147
f 6222/5148 1552/6220 3435/5144 6219/5147
f 3579/5150 392/6221 3438/1407 6223/5151
f 3438/1407 1555/1406 6224/5152 6223/5151
f 6224/5152 1552/6220 6222/5148 6223/5151
f 6226/5153 390/6478 6218/5142 6225/5154
f 6218/5142 1551/1402 3436/1401 6225/5154
f 3436/1401 1552/6220 6224/5152 6225/5154
f 4531/5156 103/6497 6201/5117 6227/5157
f 6201/5117 1546/5116 6228/5158 6227/5157
f 6228/5158 1556/6222 3440/5155 6227/5157
f 3419/5159 388/5816 2098/335 6229/5160
f 2098/335 861/334 6230/5161 6229/5160
f 6230/5161 1556/6222 6228/5158 6229/5160
f 4447/5162 390/6478 6226/5153 6231/5163
f 6226/5153 1555/1406 3441/1405 6231/5163
f 3441/1405 1556/6222 6230/5161 6231/5163
f 6046/5165 94/6481 4458/2538 6232/5166
f 4458/2538 868/2537 6233/5167 6232/5166
f 6233/5167 1557/6223 3445/5164 6232/5166
f 2109/5168 394/5820 3448/1415 6234/5169
f 3448/1415 1558/1414 6235/5170 6234/5169
f 6235/5170 1557/6223 6233/5167 6234/5169
f 6237/5171 393/6480 4455/2534 6236/5172
f 4455/2534 865/1410 3446/1409 6236/5172
f 3446/1409 1557/6223 6235/5170 6236/5172
f 6239/5175 105/6501 6240/5461 6238/5176
f 6240/5461 1561/5178 6241/5177 6238/5176
f 6241/5177 1559/6224 3450/5173 6238/5176
f 3594/5179 395/6225 3453/1419 6242/5180
f 3453/1419 1562/1418 6243/5181 6242/5180
f 6243/5181 1559/6224 6241/5177 6242/5180
f 6245/5182 393/6480 6237/5171 6244/5183
f 6237/5171 1558/1414 3451/1413 6244/5183
f 3451/1413 1559/6224 6243/5181 6244/5183
f 4540/5185 104/6499 6220/5146 6246/5186
f 6220/5146 1553/5145 6247/5187 6246/5186
f 6247/5187 1563/6226 3455/5184 6246/5186
f 3434/5188 391/5818 2103/339 6248/5189
f 2103/339 866/338 6249/5190 6248/5189
f 6249/5190 1563/6226 6247/5187 6248/5189
f 4456/5191 393/6480 6245/5182 6250/5192
f 6245/5182 1562/1418 3456/1417 6250/5192
f 3456/1417 1563/6226 6249/5190 6250/5192
f 6065/5194 95/6483 4467/2549 6251/5195
f 4467/2549 873/2548 6252/5196 6251/5195
f 6252/5196 1564/6227 3460/5193 6251/5195
f 2114/5197 397/5822 3463/1427 6253/5198
f 3463/1427 1565/1426 6254/5199 6253/5198
f 6254/5199 1564/6227 6252/5196 6253/5198
f 6256/5200 396/6482 4464/2545 6255/5201
f 4464/2545 870/1422 3461/1421 6255/5201
f 3461/1421 1564/6227 6254/5199 6255/5201
f 6258/5204 106/6503 6259/5491 6257/5205
f 6259/5491 1568/5207 6260/5206 6257/5205
f 6260/5206 1566/6228 3465/5202 6257/5205
f 3609/5208 398/6229 3468/1431 6261/5209
f 3468/1431 1569/1430 6262/5210 6261/5209
f 6262/5210 1566/6228 6260/5206 6261/5209
f 6264/5211 396/6482 6256/5200 6263/5212
f 6256/5200 1565/1426 3466/1425 6263/5212
f 3466/1425 1566/6228 6262/5210 6263/5212
f 4549/5214 105/6501 6239/5175 6265/5215
f 6239/5175 1560/5174 6266/5216 6265/5215
f 6266/5216 1570/6230 3470/5213 6265/5215
f 3449/5217 394/5820 2108/343 6267/5218
f 2108/343 871/342 6268/5219 6267/5218
f 6268/5219 1570/6230 6266/5216 6267/5218
f 4465/5220 396/6482 6264/5211 6269/5221
f 6264/5211 1569/1430 3471/1429 6269/5221
f 3471/1429 1570/6230 6268/5219 6269/5221
f 6084/5223 96/6485 4476/2560 6270/5224
f 4476/2560 878/2559 6271/5225 6270/5224
f 6271/5225 1571/6231 3475/5222 6270/5224
f 2119/5226 400/5824 3478/1439 6272/5227
f 3478/1439 1572/1438 6273/5228 6272/5227
f 6273/5228 1571/6231 6271/5225 6272/5227
f 6275/5229 399/6484 4473/2556 6274/5230
f 4473/2556 875/1434 3476/1433 6274/5230
f 3476/1433 1571/6231 6273/5228 6274/5230
f 6277/5233 107/6505 6278/5521 6276/5234
f 6278/5521 1575/5236 6279/5235 6276/5234
f 6279/5235 1573/6232 3480/5231 6276/5234
f 3624/5237 401/6233 3483/1443 6280/5238
f 3483/1443 1576/1442 6281/5239 6280/5238
f 6281/5239 1573/6232 6279/5235 6280/5238
f 6283/5240 399/6484 6275/5229 6282/5241
f 6275/5229 1572/1438 3481/1437 6282/5241
f 3481/1437 1573/6232 6281/5239 6282/5241
f 4558/5243 106/6503 6258/5204 6284/5244
f 6258/5204 1567/5203 6285/5245 6284/5244
f 6285/5245 1577/6234 3485/5242 6284/5244
f 3464/5246 397/5822 2113/347 6286/5247
f 2113/347 876/346 6287/5248 6286/5247
f 6287/5248 1577/6234 6285/5245 6286/5247
f 4474/5249 399/6484 6283/5240 6288/5250
f 6283/5240 1576/1442 3486/1441 6288/5250
f 3486/1441 1577/6234 6287/5248 6288/5250
f 6103/5252 97/6487 4485/2571 6289/5253
f 4485/2571 883/2570 6290/5254 6289/5253
f 6290/5254 1578/6235 3490/5251 6289/5253
f 2124/5255 403/5826 3493/1451 6291/5256
f 3493/1451 1579/1450 6292/5257 6291/5256
f 6292/5257 1578/6235 6290/5254 6291/5256
f 6294/5258 402/6486 4482/2567 6293/5259
f 4482/2567 880/1446 3491/1445 6293/5259
f 3491/1445 1578/6235 6292/5257 6293/5259
f 6296/5262 108/6507 6297/5551 6295/5263
f 6297/5551 1582/5265 6298/5264 6295/5263
f 6298/5264 1580/6236 3495/5260 6295/5263
f 3639/5266 404/6237 3498/1455 6299/5267
f 3498/1455 1583/1454 6300/5268 6299/5267
f 6300/5268 1580/6236 6298/5264 6299/5267
f 6302/5269 402/6486 6294/5258 6301/5270
f 6294/5258 1579/1450 3496/1449 6301/5270
f 3496/1449 1580/6236 6300/5268 6301/5270
f 4567/5272 107/6505 6277/5233 6303/5273
f 6277/5233 1574/5232 6304/5274 6303/5273
f 6304/5274 1584/6238 3500/5271 6303/5273
f 3479/5275 400/5824 2118/351 6305/5276
f 2118/351 881/350 6306/5277 6305/5276
f 6306/5277 1584/6238 6304/5274 6305/5276
f 4483/5278 402/6486 6302/5269 6307/5279
f 6302/5269 1583/1454 3501/1453 6307/5279
f 3501/1453 1584/6238 6306/5277 6307/5279
f 6122/5281 98/6489 4494/2582 6308/5282
f 4494/2582 888/2581 6309/5283 6308/5282
f 6309/5283 1585/6239 3505/5280 6308/5282
f 2129/5284 406/5828 3508/1463 6310/5285
f 3508/1463 1586/1462 6311/5286 6310/5285
f 6311/5286 1585/6239 6309/5283 6310/5285
f 6313/5287 405/6488 4491/2578 6312/5288
f 4491/2578 885/1458 3506/1457 6312/5288
f 3506/1457 1585/6239 6311/5286 6312/5288
f 6315/5291 109/6509 6316/5581 6314/5292
f 6316/5581 1589/5294 6317/5293 6314/5292
f 6317/5293 1587/6240 3510/5289 6314/5292
f 3654/5295 407/6241 3513/1467 6318/5296
f 3513/1467 1590/1466 6319/5297 6318/5296
f 6319/5297 1587/6240 6317/5293 6318/5296
f 6321/5298 405/6488 6313/5287 6320/5299
f 6313/5287 1586/1462 3511/1461 6320/5299
f 3511/1461 1587/6240 6319/5297 6320/5299
f 4576/5301 108/6507 6296/5262 6322/5302
f 6296/5262 1581/5261 6323/5303 6322/5302
f 6323/5303 1591/6242 3515/5300 6322/5302
f 3494/5304 403/5826 2123/355 6324/5305
f 2123/355 886/354 6325/5306 6324/5305
f 6325/5306 1591/6242 6323/5303 6324/5305
f 4492/5307 405/6488 6321/5298 6326/5308
f 6321/5298 1590/1466 3516/1465 6326/5308
f 3516/1465 1591/6242 6325/5306 6326/5308
f 6143/5310 99/6535 6328/6537 6327/5311
f 6328/6537 1593/5313 6329/5312 6327/5311
f 6329/5312 1592/6243 3520/5309 6327/5311
f 6331/5314 409/6244 3523/1475 6330/5315
f 3523/1475 1594/1474 6332/5316 6330/5315
f 6332/5316 1592/6243 6329/5312 6330/5315
f 6334/5317 408/6490 4500/2589 6333/5318
f 4500/2589 890/1470 3521/1469 6333/5318
f 3521/1469 1592/6243 6332/5316 6333/5318
f 6336/5321 110/6538 6337/5611 6335/5322
f 6337/5611 1597/5324 6338/5323 6335/5322
f 6338/5323 1595/6246 3525/5319 6335/5322
f 3669/5325 410/6247 3528/1479 6339/5326
f 3528/1479 1598/1478 6340/5327 6339/5326
f 6340/5327 1595/6246 6338/5323 6339/5326
f 6342/5328 408/6490 6334/5317 6341/5329
f 6334/5317 1594/1474 3526/1473 6341/5329
f 3526/1473 1595/6246 6340/5327 6341/5329
f 4585/5331 109/6509 6315/5291 6343/5332
f 6315/5291 1588/5290 6344/5333 6343/5332
f 6344/5333 1599/6248 3530/5330 6343/5332
f 3509/5334 406/5828 2128/359 6345/5335
f 2128/359 891/358 6346/5336 6345/5335
f 6346/5336 1599/6248 6344/5333 6345/5335
f 4501/5337 408/6490 6342/5328 6347/5338
f 6342/5328 1598/1478 3531/1477 6347/5338
f 3531/1477 1599/6248 6346/5336 6347/5338
f 6162/5340 101/6493 4512/2604 6348/5341
f 4512/2604 898/2603 6349/5342 6348/5341
f 6349/5342 1600/6249 3535/5339 6348/5341
f 2139/5343 412/5833 3538/1487 6350/5344
f 3538/1487 1601/1486 6351/5345 6350/5344
f 6351/5345 1600/6249 6349/5342 6350/5344
f 6353/5346 411/6492 4509/2600 6352/5347
f 4509/2600 895/1482 3536/1481 6352/5347
f 3536/1481 1600/6249 6351/5345 6352/5347
f 6355/5350 112/6539 6356/6540 6354/5351
f 6356/6540 1604/5353 6357/5352 6354/5351
f 6357/5352 1602/6250 3540/5348 6354/5351
f 6359/5354 413/6251 3543/1491 6358/5355
f 3543/1491 1605/1490 6360/5356 6358/5355
f 6360/5356 1602/6250 6357/5352 6358/5355
f 6362/5357 411/6492 6353/5346 6361/5358
f 6353/5346 1601/1486 3541/1485 6361/5358
f 3541/1485 1602/6250 6360/5356 6361/5358
f 6364/5361 111/6541 6365/6542 6363/5362
f 6365/6542 1608/5364 6366/5363 6363/5362
f 6366/5363 1606/6253 3545/5359 6363/5362
f 6368/5365 414/5830 2133/363 6367/5366
f 2133/363 896/362 6369/5367 6367/5366
f 6369/5367 1606/6253 6366/5363 6367/5366
f 4510/5368 411/6492 6362/5357 6370/5369
f 6362/5357 1605/1490 3546/1489 6370/5369
f 3546/1489 1606/6253 6369/5367 6370/5369
f 6183/5371 102/6495 4521/2615 6371/5372
f 4521/2615 903/2614 6372/5373 6371/5372
f 6372/5373 1609/6254 3550/5370 6371/5372
f 2144/5374 416/5835 3553/1499 6373/5375
f 3553/1499 1610/1498 6374/5376 6373/5375
f 6374/5376 1609/6254 6372/5373 6373/5375
f 6376/5377 415/6494 4518/2611 6375/5378
f 4518/2611 900/1494 3551/1493 6375/5378
f 3551/1493 1609/6254 6374/5376 6375/5378
f 6378/5381 113/6543 6379/6544 6377/5382
f 6379/6544 1613/5384 6380/5383 6377/5382
f 6380/5383 1611/6255 3555/5379 6377/5382
f 6382/5385 417/6256 3558/1503 6381/5386
f 3558/1503 1614/1502 6383/5387 6381/5386
f 6383/5387 1611/6255 6380/5383 6381/5386
f 6385/5388 415/6494 6376/5377 6384/5389
f 6376/5377 1610/1498 3556/1497 6384/5389
f 3556/1497 1611/6255 6383/5387 6384/5389
f 6387/5392 112/6539 6355/5350 6386/5393
f 6355/5350 1603/5349 6388/5394 6386/5393
f 6388/5394 1615/6258 3560/5390 6386/5393
f 3539/5395 412/5833 2138/367 6389/5396
f 2138/367 901/366 6390/5397 6389/5396
f 6390/5397 1615/6258 6388/5394 6389/5396
f 4519/5398 415/6494 6385/5388 6391/5399
f 6385/5388 1614/1502 3561/1501 6391/5399
f 3561/1501 1615/6258 6390/5397 6391/5399
f 6202/5401 103/6497 4530/2626 6392/5402
f 4530/2626 908/2625 6393/5403 6392/5402
f 6393/5403 1617/6259 3565/5400 6392/5402
f 2149/5404 419/5837 3568/1511 6394/5405
f 3568/1511 1618/1510 6395/5406 6394/5405
f 6395/5406 1617/6259 6393/5403 6394/5405
f 6397/5407 418/6496 4527/2622 6396/5408
f 4527/2622 905/1506 3566/1505 6396/5408
f 3566/1505 1617/6259 6395/5406 6396/5408
f 6399/5411 114/6545 6400/6546 6398/5412
f 6400/6546 1621/5414 6401/5413 6398/5412
f 6401/5413 1619/6260 3570/5409 6398/5412
f 6403/5415 420/6261 3573/1515 6402/5416
f 3573/1515 1622/1514 6404/5417 6402/5416
f 6404/5417 1619/6260 6401/5413 6402/5416
f 6406/5418 418/6496 6397/5407 6405/5419
f 6397/5407 1618/1510 3571/1509 6405/5419
f 3571/1509 1619/6260 6404/5417 6405/5419
f 6408/5422 113/6543 6378/5381 6407/5423
f 6378/5381 1612/5380 6409/5424 6407/5423
f 6409/5424 1623/6263 3575/5420 6407/5423
f 3554/5425 416/5835 2143/371 6410/5426
f 2143/371 906/370 6411/5427 6410/5426
f 6411/5427 1623/6263 6409/5424 6410/5426
f 4528/5428 418/6496 6406/5418 6412/5429
f 6406/5418 1622/1514 3576/1513 6412/5429
f 3576/1513 1623/6263 6411/5427 6412/5429
f 6221/5431 104/6499 4539/2637 6413/5432
f 4539/2637 913/2636 6414/5433 6413/5432
f 6414/5433 1625/6264 3580/5430 6413/5432
f 2154/5434 422/5839 3583/1523 6415/5435
f 3583/1523 1626/1522 6416/5436 6415/5435
f 6416/5436 1625/6264 6414/5433 6415/5435
f 6418/5437 421/6498 4536/2633 6417/5438
f 4536/2633 910/1518 3581/1517 6417/5438
f 3581/1517 1625/6264 6416/5436 6417/5438
f 6420/5441 115/6547 6421/6548 6419/5442
f 6421/6548 1629/5444 6422/5443 6419/5442
f 6422/5443 1627/6265 3585/5439 6419/5442
f 6424/5445 423/6266 3588/1527 6423/5446
f 3588/1527 1630/1526 6425/5447 6423/5446
f 6425/5447 1627/6265 6422/5443 6423/5446
f 6427/5448 421/6498 6418/5437 6426/5449
f 6418/5437 1626/1522 3586/1521 6426/5449
f 3586/1521 1627/6265 6425/5447 6426/5449
f 6429/5452 114/6545 6399/5411 6428/5453
f 6399/5411 1620/5410 6430/5454 6428/5453
f 6430/5454 1631/6268 3590/5450 6428/5453
f 3569/5455 419/5837 2148/375 6431/5456
f 2148/375 911/374 6432/5457 6431/5456
f 6432/5457 1631/6268 6430/5454 6431/5456
f 4537/5458 421/6498 6427/5448 6433/5459
f 6427/5448 1630/1526 3591/1525 6433/5459
f 3591/1525 1631/6268 6432/5457 6433/5459
f 6240/5461 105/6501 4548/2648 6434/5462
f 4548/2648 918/2647 6435/5463 6434/5462
f 6435/5463 1633/6269 3595/5460 6434/5462
f 2159/5464 425/5841 3598/1535 6436/5465
f 3598/1535 1634/1534 6437/5466 6436/5465
f 6437/5466 1633/6269 6435/5463 6436/5465
f 6439/5467 424/6500 4545/2644 6438/5468
f 4545/2644 915/1530 3596/1529 6438/5468
f 3596/1529 1633/6269 6437/5466 6438/5468
f 6441/5471 116/6549 6442/6550 6440/5472
f 6442/6550 1637/5474 6443/5473 6440/5472
f 6443/5473 1635/6270 3600/5469 6440/5472
f 6445/5475 426/6271 3603/1539 6444/5476
f 3603/1539 1638/1538 6446/5477 6444/5476
f 6446/5477 1635/6270 6443/5473 6444/5476
f 6448/5478 424/6500 6439/5467 6447/5479
f 6439/5467 1634/1534 3601/1533 6447/5479
f 3601/1533 1635/6270 6446/5477 6447/5479
f 6450/5482 115/6547 6420/5441 6449/5483
f 6420/5441 1628/5440 6451/5484 6449/5483
f 6451/5484 1639/6273 3605/5480 6449/5483
f 3584/5485 422/5839 2153/379 6452/5486
f 2153/379 916/378 6453/5487 6452/5486
f 6453/5487 1639/6273 6451/5484 6452/5486
f 4546/5488 424/6500 6448/5478 6454/5489
f 6448/5478 1638/1538 3606/1537 6454/5489
f 3606/1537 1639/6273 6453/5487 6454/5489
f 6259/5491 106/6503 4557/2659 6455/5492
f 4557/2659 923/2658 6456/5493 6455/5492
f 6456/5493 1641/6274 3610/5490 6455/5492
f 2164/5494 428/5843 3613/1547 6457/5495
f 3613/1547 1642/1546 6458/5496 6457/5495
f 6458/5496 1641/6274 6456/5493 6457/5495
f 6460/5497 427/6502 4554/2655 6459/5498
f 4554/2655 920/1542 3611/1541 6459/5498
f 3611/1541 1641/6274 6458/5496 6459/5498
f 6462/5501 117/6551 6463/6552 6461/5502
f 6463/6552 1645/5504 6464/5503 6461/5502
f 6464/5503 1643/6275 3615/5499 6461/5502
f 6466/5505 429/6276 3618/1551 6465/5506
f 3618/1551 1646/1550 6467/5507 6465/5506
f 6467/5507 1643/6275 6464/5503 6465/5506
f 6469/5508 427/6502 6460/5497 6468/5509
f 6460/5497 1642/1546 3616/1545 6468/5509
f 3616/1545 1643/6275 6467/5507 6468/5509
f 6471/5512 116/6549 6441/5471 6470/5513
f 6441/5471 1636/5470 6472/5514 6470/5513
f 6472/5514 1647/6278 3620/5510 6470/5513
f 3599/5515 425/5841 2158/383 6473/5516
f 2158/383 921/382 6474/5517 6473/5516
f 6474/5517 1647/6278 6472/5514 6473/5516
f 4555/5518 427/6502 6469/5508 6475/5519
f 6469/5508 1646/1550 3621/1549 6475/5519
f 3621/1549 1647/6278 6474/5517 6475/5519
f 6278/5521 107/6505 4566/2670 6476/5522
f 4566/2670 928/2669 6477/5523 6476/5522
f 6477/5523 1649/6279 3625/5520 6476/5522
f 2169/5524 431/5845 3628/1559 6478/5525
f 3628/1559 1650/1558 6479/5526 6478/5525
f 6479/5526 1649/6279 6477/5523 6478/5525
f 6481/5527 430/6504 4563/2666 6480/5528
f 4563/2666 925/1554 3626/1553 6480/5528
f 3626/1553 1649/6279 6479/5526 6480/5528
f 6483/5531 118/6553 6484/6554 6482/5532
f 6484/6554 1653/5534 6485/5533 6482/5532
f 6485/5533 1651/6280 3630/5529 6482/5532
f 6487/5535 432/6281 3633/1563 6486/5536
f 3633/1563 1654/1562 6488/5537 6486/5536
f 6488/5537 1651/6280 6485/5533 6486/5536
f 6490/5538 430/6504 6481/5527 6489/5539
f 6481/5527 1650/1558 3631/1557 6489/5539
f 3631/1557 1651/6280 6488/5537 6489/5539
f 6492/5542 117/6551 6462/5501 6491/5543
f 6462/5501 1644/5500 6493/5544 6491/5543
f 6493/5544 1655/6283 3635/5540 6491/5543
f 3614/5545 428/5843 2163/387 6494/5546
f 2163/387 926/386 6495/5547 6494/5546
f 6495/5547 1655/6283 6493/5544 6494/5546
f 4564/5548 430/6504 6490/5538 6496/5549
f 6490/5538 1654/1562 3636/1561 6496/5549
f 3636/1561 1655/6283 6495/5547 6496/5549
f 6297/5551 108/6507 4575/2681 6497/5552
f 4575/2681 933/2680 6498/5553 6497/5552
f 6498/5553 1657/6284 3640/5550 6497/5552
f 2174/5554 434/5847 3643/1571 6499/5555
f 3643/1571 1658/1570 6500/5556 6499/5555
f 6500/5556 1657/6284 6498/5553 6499/5555
f 6502/5557 433/6506 4572/2677 6501/5558
f 4572/2677 930/1566 3641/1565 6501/5558
f 3641/1565 1657/6284 6500/5556 6501/5558
f 6504/5561 119/6555 6505/6556 6503/5562
f 6505/6556 1661/5564 6506/5563 6503/5562
f 6506/5563 1659/6285 3645/5559 6503/5562
f 6508/5565 435/6286 3648/1575 6507/5566
f 3648/1575 1662/1574 6509/5567 6507/5566
f 6509/5567 1659/6285 6506/5563 6507/5566
f 6511/5568 433/6506 6502/5557 6510/5569
f 6502/5557 1658/1570 3646/1569 6510/5569
f 3646/1569 1659/6285 6509/5567 6510/5569
f 6513/5572 118/6553 6483/5531 6512/5573
f 6483/5531 1652/5530 6514/5574 6512/5573
f 6514/5574 1663/6288 3650/5570 6512/5573
f 3629/5575 431/5845 2168/391 6515/5576
f 2168/391 931/390 6516/5577 6515/5576
f 6516/5577 1663/6288 6514/5574 6515/5576
f 4573/5578 433/6506 6511/5568 6517/5579
f 6511/5568 1662/1574 3651/1573 6517/5579
f 3651/1573 1663/6288 6516/5577 6517/5579
f 6316/5581 109/6509 4584/2692 6518/5582
f 4584/2692 938/2691 6519/5583 6518/5582
f 6519/5583 1665/6289 3655/5580 6518/5582
f 2179/5584 437/5849 3658/1583 6520/5585
f 3658/1583 1666/1582 6521/5586 6520/5585
f 6521/5586 1665/6289 6519/5583 6520/5585
f 6523/5587 436/6508 4581/2688 6522/5588
f 4581/2688 935/1578 3656/1577 6522/5588
f 3656/1577 1665/6289 6521/5586 6522/5588
f 6525/5591 120/6557 6526/6558 6524/5592
f 6526/6558 1669/5594 6527/5593 6524/5592
f 6527/5593 1667/6290 3660/5589 6524/5592
f 6529/5595 438/6291 3663/1587 6528/5596
f 3663/1587 1670/1586 6530/5597 6528/5596
f 6530/5597 1667/6290 6527/5593 6528/5596
f 6532/5598 436/6508 6523/5587 6531/5599
f 6523/5587 1666/1582 3661/1581 6531/5599
f 3661/1581 1667/6290 6530/5597 6531/5599
f 6534/5602 119/6555 6504/5561 6533/5603
f 6504/5561 1660/5560 6535/5604 6533/5603
f 6535/5604 1671/6293 3665/5600 6533/5603
f 3644/5605 434/5847 2173/395 6536/5606
f 2173/395 936/394 6537/5607 6536/5606
f 6537/5607 1671/6293 6535/5604 6536/5606
f 4582/5608 436/6508 6532/5598 6538/5609
f 6532/5598 1670/1586 3666/1585 6538/5609
f 3666/1585 1671/6293 6537/5607 6538/5609
f 6337/5611 110/6538 6540/6559 6539/5612
f 6540/6559 1674/5614 6541/5613 6539/5612
f 6541/5613 1673/6294 3670/5610 6539/5612
f 6543/5615 440/6295 3673/1595 6542/5616
f 3673/1595 1675/1594 6544/5617 6542/5616
f 6544/5617 1673/6294 6541/5613 6542/5616
f 6546/5618 439/6510 4590/2699 6545/5619
f 4590/2699 940/1590 3671/1589 6545/5619
f 3671/1589 1673/6294 6544/5617 6545/5619
f 6548/5622 121/6560 6549/6561 6547/5623
f 6549/6561 1678/5625 6550/5624 6547/5623
f 6550/5624 1676/6297 3675/5620 6547/5623
f 6552/5626 441/6298 3678/1599 6551/5627
f 3678/1599 1679/1598 6553/5628 6551/5627
f 6553/5628 1676/6297 6550/5624 6551/5627
f 6555/5629 439/6510 6546/5618 6554/5630
f 6546/5618 1675/1594 3676/1593 6554/5630
f 3676/1593 1676/6297 6553/5628 6554/5630
f 6557/5633 120/6557 6525/5591 6556/5634
f 6525/5591 1668/5590 6558/5635 6556/5634
f 6558/5635 1680/6300 3680/5631 6556/5634
f 3659/5636 437/5849 2178/399 6559/5637
f 2178/399 941/398 6560/5638 6559/5637
f 6560/5638 1680/6300 6558/5635 6559/5637
f 4591/5639 439/6510 6555/5629 6561/5640
f 6555/5629 1679/1598 3681/1597 6561/5640
f 3681/1597 1680/6300 6560/5638 6561/5640
