# This file uses centimeters as units for non-parametric coordinates.

v -2.488126 4.907711 2.990604
v -0.746251 4.658768 3.186860
v 0.998463 4.905293 2.992986
v -2.273874 6.438618 3.521203
v -0.733160 6.312434 3.777100
v 0.832295 6.432942 3.532958
v -1.853705 8.043475 3.844091
v -0.733160 8.143405 4.001511
v 0.392371 8.042712 3.846725
v -1.950696 8.681873 2.909519
v -0.733160 8.997207 3.065010
v 0.547803 8.683816 2.910478
v -1.853705 9.034617 1.834090
v -0.733160 9.220342 1.817528
v 0.392371 9.036242 1.831879
v -2.273874 7.801408 0.757511
v -0.733160 7.927594 0.501615
v 0.831788 7.807711 0.746066
v -2.488126 6.448444 -0.133945
v -0.746251 6.452578 -0.450919
v 0.998463 6.448863 -0.137313
v -2.774184 5.555899 1.368084
v -2.559190 7.120014 2.139355
v -2.138276 8.635431 1.319960
v 0.691854 8.641716 1.311053
v 0.151321 7.914976 0.527205
v -0.735032 7.027836 0.029076
v -1.822761 6.460355 -0.414325
v -2.302520 6.919361 0.292714
v 0.853652 6.923812 0.282182
v 0.330257 6.460267 -0.414572
v -2.744813 6.052705 0.412806
v 1.256988 6.231383 0.266134
v -2.744813 5.100526 2.343790
v 1.256988 5.092949 2.574835
v 1.281702 7.602738 1.152745
v 1.304471 6.627175 3.120980
v 1.300217 8.155851 2.650135
v -2.586948 6.208807 1.690036
v -2.530659 7.511185 1.346075
v -2.530659 6.728840 2.932637
v -2.394922 8.025609 2.585911
v -1.822761 4.692533 3.170751
v -0.735032 5.389779 3.350995
v -1.617645 6.325051 3.751508
v -2.302520 5.532884 3.104435
v 0.330257 4.692283 3.170834
v 0.853652 5.527240 3.114379
v 0.151321 6.325051 3.751508
v -0.733160 7.290676 4.076321
v -1.413324 8.134018 3.980892
v -2.138276 7.392579 3.840418
v 0.691854 7.389339 3.850826
v -0.052997 8.134018 3.980892
v -0.733160 8.700872 3.582770
v -1.328587 8.964206 3.048737
v -1.936355 8.365335 3.511790
v 0.496502 8.363003 3.520807
v -0.137733 8.964206 3.048737
v -0.733160 9.227540 2.514707
v -1.413324 9.198269 1.822633
v -1.936355 8.966953 2.291735
v 0.496502 8.972684 2.284395
v -0.052997 9.198269 1.822633
v -0.733160 8.760538 1.095500
v -1.617645 7.914976 0.527205
v -1.646163 5.405266 3.326861
v 0.176100 5.405266 3.326861
v -1.546665 7.300109 4.052321
v 0.080340 7.300109 4.052321
v -1.337955 8.665918 3.575976
v -0.128368 8.665918 3.575976
v -1.337955 9.200871 2.491115
v -0.128368 9.200871 2.491115
v -1.546665 8.747242 1.117592
v 0.080340 8.747242 1.117592
v -1.646163 7.018120 0.056055
v 0.176100 7.018120 0.056055
v 1.249595 6.703078 0.688626
v 1.249595 5.715293 2.691817
v 1.097280 8.438795 1.777917
v 1.087311 7.628375 3.401771
v -2.558455 6.614651 0.874278
v -2.558455 5.808734 2.508641
v -2.369227 8.383454 1.855336
v -2.369227 7.663894 3.314577
v -2.540846 4.912063 3.051631
v -1.838167 4.680009 3.256506
v -1.668983 5.372191 3.438705
v -2.381519 5.520128 3.186519
v -0.746236 4.640488 3.276237
v -0.735009 5.351480 3.466632
v -0.733159 6.270222 3.890933
v -1.642960 6.286030 3.860922
v -2.355205 6.415963 3.600756
v 0.345522 4.678316 3.257097
v 0.197882 5.370733 3.439512
v 1.049080 4.900282 3.060098
v 0.923593 5.503506 3.206353
v 0.900404 6.404027 3.625689
v 0.175000 6.285306 3.862172
v -1.571961 7.293930 4.166982
v -2.213333 7.400981 3.928246
v -0.733160 7.280776 4.195325
v -0.733160 8.189050 4.110374
v -1.437702 8.181013 4.085761
v -1.913355 8.089100 3.933097
v 0.104163 7.293640 4.168102
v 0.755114 7.395779 3.948942
v 0.443979 8.088485 3.941777
v -0.029696 8.181014 4.086494
v -1.364737 8.754758 3.649647
v -2.009631 8.433954 3.572808
v -0.733160 8.792320 3.659890
v -0.733160 9.105795 3.118556
v -1.357314 9.068360 3.100097
v -2.028148 8.761771 2.948917
v -0.103275 8.755244 3.650846
v 0.556490 8.435288 3.592194
v 0.642685 8.752868 2.946673
v -0.110983 9.069605 3.100713
v -1.364737 9.313402 2.516743
v -2.009631 9.057132 2.309022
v -0.733160 9.344398 2.540302
v -0.733160 9.334492 1.787459
v -1.437702 9.310075 1.796065
v -1.913355 9.133002 1.816097
v -0.103275 9.314650 2.516397
v 0.577051 9.056907 2.293436
v 0.443979 9.139517 1.810323
v -0.029696 9.310658 1.795623
v -1.571961 8.834440 1.042885
v -2.213333 8.710221 1.273156
v -0.733160 8.848915 1.015194
v -0.733159 7.992201 0.398824
v -1.642960 7.978018 0.429636
v -2.355205 7.850728 0.691105
v 0.104163 8.835151 1.041973
v 0.749903 8.720600 1.251254
v 0.900404 7.863241 0.666458
v 0.175000 7.978567 0.428301
v -1.668983 7.086708 -0.038274
v -2.381519 6.976713 0.232621
v -0.735009 7.096257 -0.071710
v -0.746236 6.512351 -0.519833
v -1.838167 6.520760 -0.476467
v -2.540846 6.499507 -0.167647
v 0.197882 7.086463 -0.039924
v 0.923593 6.982328 0.207356
v 1.049080 6.499052 -0.182147
v 0.345522 6.520197 -0.478171
v 1.309626 6.260543 0.241299
v 1.323019 6.735841 0.648838
v 1.345058 7.640860 1.111297
v 1.309626 5.091000 2.613086
v 1.323017 5.703673 2.742032
v 1.366567 6.619467 3.177427
v 1.169231 8.506323 1.767326
v 1.323475 8.217798 2.680680
v 1.158555 7.663122 3.462792
v -2.826943 6.084390 0.411341
v -2.673190 6.643282 0.862907
v -2.862044 5.577899 1.378930
v -2.707424 6.224806 1.697926
v -2.679937 7.131330 2.144936
v -2.646026 7.534495 1.329332
v -2.826944 5.118651 2.369819
v -2.673190 5.817148 2.538278
v -2.646026 6.729750 2.961323
v -2.474795 8.435152 1.852625
v -2.506034 8.064847 2.605258
v -2.474795 7.693216 3.357240
v -1.988557 6.362907 3.674739
v -0.262941 5.389779 3.350995
v 0.251118 4.991784 3.211235
v -0.178173 4.658985 3.186827
v 0.549042 5.451728 3.254466
v 0.920451 5.158328 3.017890
v 0.719381 4.791278 3.122974
v 0.155390 5.852098 3.527510
v 0.522234 6.362907 3.674739
v 0.838996 5.960210 3.307819
v -0.276652 6.312434 3.777100
v -2.230159 6.927250 3.713407
v -1.882246 7.328399 3.980325
v -1.592549 6.816905 3.937182
v -1.154146 7.290676 4.076321
v -0.733160 6.804645 3.962046
v -1.480226 7.747112 4.064726
v -1.089157 8.143405 4.001511
v -0.733160 7.745154 4.088194
v -1.986679 7.795105 3.869879
v -1.673833 8.105855 3.919038
v -0.312175 7.290676 4.076321
v 0.126226 6.816905 3.937182
v 0.415923 7.328399 3.980325
v 0.787784 6.920611 3.724277
v 0.013902 7.747112 4.064726
v 0.207511 8.105855 3.919038
v 0.531580 7.793386 3.875809
v -0.377166 8.143405 4.001511
v -1.893335 8.202933 3.722171
v -1.646717 8.561062 3.555597
v -1.366049 8.436934 3.807321
v -1.034285 8.700872 3.582770
v -0.733160 8.460755 3.820122
v -1.328588 8.831029 3.318812
v -1.026602 8.997207 3.065010
v -0.733160 8.867429 3.328196
v -1.950696 8.524432 3.228805
v -1.647661 8.865200 2.999919
v -0.432039 8.700872 3.582770
v -0.100275 8.436934 3.807321
v 0.180393 8.561062 3.555597
v 0.438235 8.201216 3.728102
v -0.137733 8.831029 3.318812
v 0.181338 8.865200 2.999919
v 0.534142 8.523684 3.235216
v -0.439719 8.997207 3.065010
v -1.950696 8.839315 2.590233
v -1.646717 9.120866 2.420340
v -1.328588 9.097380 2.778666
v -1.034285 9.227539 2.514707
v -0.733160 9.126984 2.801828
v -1.366049 9.244992 2.168612
v -1.089157 9.220342 1.817528
v -0.733160 9.269647 2.179717
v -1.893335 9.034976 2.034816
v -1.673833 9.132055 1.837949
v -0.432039 9.227539 2.514707
v -0.137733 9.097380 2.778666
v 0.180393 9.120866 2.420340
v 0.534142 8.843945 2.585736
v -0.100275 9.244992 2.168612
v 0.207511 9.132055 1.837949
v 0.438235 9.038637 2.029844
v -0.377166 9.220342 1.817528
v -1.986679 8.903866 1.621354
v -1.882246 8.707346 1.183868
v -1.480226 9.029221 1.464655
v -1.154146 8.760538 1.095501
v -0.733160 9.046650 1.448816
v -1.592549 8.361717 0.804358
v -1.189669 7.927594 0.501615
v -0.733160 8.373979 0.779495
v -2.230159 8.251376 1.028133
v -1.988557 7.877121 0.603973
v -0.312175 8.760538 1.095501
v 0.013902 9.029221 1.464655
v 0.415923 8.707346 1.183868
v 0.531580 8.907525 1.616381
v 0.126226 8.361717 0.804358
v 0.522234 7.877121 0.603973
v 0.787333 8.258218 1.017367
v -0.276652 7.927594 0.501615
v -2.280961 7.335246 0.519743
v -2.019105 6.988974 0.136991
v -1.621712 7.449334 0.288376
v -1.207121 7.027836 0.029076
v -0.733160 7.462011 0.262667
v -1.732401 6.674659 -0.201573
v -1.314323 6.452708 -0.450701
v -0.740643 6.675675 -0.232736
v -2.389653 6.620233 0.054319
v -2.211935 6.482790 -0.306028
v -0.262941 7.027836 0.029076
v 0.155390 7.449335 0.288376
v 0.549042 6.988974 0.136991
v 0.838996 7.340869 0.507892
v 0.251118 6.674659 -0.201573
v 0.719381 6.482567 -0.306901
v 0.920451 6.622670 0.048264
v -0.178173 6.452683 -0.450727
v 1.259640 6.351867 0.451423
v 1.087683 6.806057 0.501931
v 1.176759 6.288421 0.084587
v 1.264598 7.137415 0.917774
v 1.084360 7.696075 0.965475
v 1.087683 5.629881 2.887173
v 1.259640 5.313294 2.557610
v 1.176759 4.983650 2.730611
v 1.098948 6.532543 3.307611
v 1.280212 6.159536 2.895904
v 1.197533 8.057705 1.412750
v 0.902618 8.547521 1.514050
v 0.817944 8.738446 2.063798
v 0.961547 8.387681 2.764452
v 1.216346 8.352358 2.232142
v 0.897133 7.485695 3.648896
v 1.202398 7.106852 3.321856
v 0.812632 8.041566 3.467398
v 1.209296 7.941414 3.059286
v -2.472975 6.788247 0.544059
v -2.643228 6.271837 0.615337
v -2.657629 6.285749 0.093800
v -2.586948 6.417593 1.266625
v -2.671628 5.821677 1.499140
v -2.774050 5.807303 0.858686
v -2.538926 7.043686 1.111011
v -2.559190 7.321908 1.729922
v -2.567591 6.650716 1.907944
v -2.445063 7.675226 1.013408
v -2.586948 6.000021 2.113446
v -2.643228 5.394605 2.394326
v -2.774050 5.304844 1.877654
v -2.472975 5.652457 2.847397
v -2.657629 4.989335 2.722882
v -2.538929 6.257744 2.704874
v -2.445063 6.564802 3.265303
v -2.559190 6.918119 2.548793
v -2.292141 8.526065 1.551499
v -2.479660 7.969385 1.599996
v -2.394922 8.211795 2.208336
v -2.507383 7.589313 2.370771
v -2.182660 8.718562 2.094657
v -2.204569 8.395902 2.768506
v -2.394922 7.839425 2.963486
v -2.479660 7.209237 3.141545
v -2.292141 7.509677 3.612695
v -2.182660 8.057771 3.434723
v -1.859579 4.588402 3.195522
v -2.543721 4.826304 3.010394
v -0.748114 4.548688 3.212110
v 0.363330 4.587399 3.195854
v 1.046757 4.819952 3.014305
v -1.859579 6.416609 -0.512015
v -0.748114 6.405590 -0.553620
v -2.543721 6.414583 -0.210574
v 0.363330 6.416260 -0.513014
v 1.046757 6.413817 -0.217995
v 1.313779 6.142754 0.256715
v 1.337837 6.682249 0.734655
v 1.378958 7.591243 1.199910
v 1.313779 5.031518 2.510256
v 1.337837 5.739128 2.647273
v 1.402630 6.660762 3.084710
v 1.241031 8.348427 1.785082
v 1.231723 7.581934 3.327142
v -2.814778 5.994718 0.345306
v -2.847165 5.478045 1.329691
v -2.814778 5.011673 2.338881
v -2.244737 4.787414 3.198488
v -1.753842 4.967988 3.324652
v -2.068787 5.427568 3.355308
v -2.463918 5.159617 3.094307
v -1.320088 4.642115 3.276071
v -0.740618 4.937216 3.348707
v -1.215442 5.352459 3.466582
v -0.733149 5.795877 3.667124
v -1.199439 6.270650 3.890648
v -1.645965 5.812473 3.637396
v -2.040969 6.330468 3.772896
v -2.362224 5.944742 3.376361
v -0.172348 4.641891 3.276038
v 0.272011 4.966236 3.325357
v -0.254528 5.352361 3.466547
v 0.751340 4.781762 3.201027
v 0.989190 5.144250 3.108620
v 0.594112 5.422227 3.358721
v 0.908802 5.929682 3.399778
v 0.568019 6.327622 3.777918
v 0.178222 5.811389 3.638440
v -0.266868 6.270640 3.890642
v -1.618145 6.790061 4.049476
v -1.931801 7.328185 4.084752
v -2.309631 6.916297 3.796614
v -0.733160 6.774330 4.078816
v -1.164474 7.281519 4.194923
v -0.733160 7.762122 4.205014
v -1.099943 8.189558 4.109667
v -1.504856 7.766997 4.177363
v -1.717415 8.153341 4.016878
v -2.054142 7.825255 3.959964
v 0.150184 6.789590 4.050738
v -0.301848 7.281519 4.194923
v 0.854057 6.907352 3.820660
v 0.459573 7.327027 4.089235
v 0.589340 7.822914 3.973542
v 0.246796 8.153351 4.019807
v 0.037325 7.766851 4.178227
v -0.366380 8.189558 4.109668
v -1.391367 8.507726 3.897319
v -1.696124 8.642507 3.623985
v -1.960085 8.260664 3.799231
v -0.733160 8.532237 3.913897
v -1.045829 8.792258 3.659167
v -0.733160 8.969948 3.392666
v -1.039084 9.105246 3.118285
v -1.356691 8.929742 3.380358
v -1.700153 8.959898 3.046613
v -2.027290 8.599685 3.277941
v -0.076277 8.507927 3.898293
v -0.420495 8.792258 3.659167
v 0.494701 8.260057 3.813360
v 0.223051 8.644448 3.628793
v 0.609971 8.597760 3.287407
v 0.264330 8.945471 3.039847
v -0.111535 8.930637 3.381395
v -0.427238 9.105246 3.118285
v -1.356691 9.206302 2.819503
v -1.696124 9.224704 2.443314
v -2.027290 8.924113 2.620020
v -0.733160 9.240545 2.843907
v -1.045829 9.343784 2.540695
v -0.733160 9.387559 2.179331
v -1.099943 9.334241 1.788292
v -1.391367 9.359486 2.169980
v -1.717415 9.238578 1.816053
v -1.960085 9.131257 2.033701
v -0.111535 9.207667 2.819583
v -0.420495 9.343784 2.540695
v 0.625984 8.917054 2.612179
v 0.223049 9.229699 2.441924
v 0.503937 9.134318 2.013351
v 0.246796 9.240909 1.814278
v -0.076277 9.360380 2.169547
v -0.366380 9.334241 1.788292
v -1.504856 9.130683 1.411855
v -1.931801 8.790061 1.120123
v -2.054142 8.993688 1.590428
v -0.733160 9.149651 1.391153
v -1.164474 8.849050 1.016028
v -0.733160 8.448158 0.684357
v -1.199439 7.992236 0.399337
v -1.618145 8.434458 0.714698
v -2.040969 7.935237 0.518481
v -2.309631 8.310713 0.968787
v 0.037325 9.131281 1.411212
v -0.301848 8.849050 1.016028
v 0.588736 9.000299 1.575203
v 0.459573 8.792909 1.116475
v 0.853988 8.324764 0.947259
v 0.568019 7.937491 0.513167
v 0.150184 8.435174 0.713554
v -0.266868 7.992225 0.399333
v -1.645965 7.512382 0.190041
v -2.068787 7.054266 0.056429
v -2.362224 7.385829 0.453893
v -0.733149 7.525862 0.158777
v -1.215442 7.096811 -0.070903
v -0.740618 6.750497 -0.328554
v -1.320088 6.513213 -0.518445
v -1.753842 6.750148 -0.289502
v -2.244737 6.540124 -0.355941
v -2.463918 6.684078 0.002763
v 0.178222 7.512551 0.188546
v -0.254528 7.096725 -0.070958
v 0.908802 7.395237 0.427688
v 0.594112 7.053721 0.050115
v 0.989190 6.686078 -0.018143
v 0.751340 6.538696 -0.361971
v 0.272009 6.749639 -0.291318
v -0.172348 6.513049 -0.518601
v 1.242738 6.331774 0.049154
v 1.175749 6.856119 0.440002
v 1.334150 6.387728 0.417575
v 1.164925 7.748249 0.899806
v 1.333503 7.169544 0.873736
v 1.242738 4.981935 2.786576
v 1.334150 5.308274 2.606665
v 1.175749 5.611226 2.964591
v 1.347541 6.145076 2.948652
v 1.176734 6.514658 3.390189
v 0.984485 8.619790 1.484926
v 1.261343 8.106368 1.382792
v 0.901654 8.818007 2.073626
v 1.334171 8.424352 2.249617
v 1.029492 8.486331 2.815535
v 1.264890 7.114969 3.379811
v 0.975399 7.507945 3.734861
v 1.270820 7.995641 3.104051
v 0.889474 8.099996 3.538670
v -2.727538 6.327112 0.077638
v -2.755143 6.308239 0.609411
v -2.573853 6.831287 0.509711
v -2.861203 5.832792 0.864891
v -2.790293 5.845239 1.510758
v -2.706943 6.438000 1.267409
v -2.688940 6.661343 1.913183
v -2.679492 7.337775 1.726846
v -2.654913 7.066537 1.095196
v -2.547410 7.711313 0.972736
v -2.861203 5.325286 1.894095
v -2.755143 5.412068 2.426813
v -2.706943 6.013068 2.129157
v -2.727538 5.001690 2.765536
v -2.573853 5.651411 2.902453
v -2.547410 6.554505 3.318697
v -2.654914 6.259109 2.732630
v -2.679492 6.925340 2.563250
v -2.592247 8.003653 1.588356
v -2.385895 8.589232 1.527394
v -2.625517 7.611246 2.381587
v -2.505347 8.256037 2.218637
v -2.301842 8.455887 2.798083
v -2.274889 8.790131 2.102487
v -2.592247 7.220868 3.175817
v -2.505347 7.874534 2.992314
v -2.385895 7.529012 3.677482
v -2.274889 8.107549 3.486732
v -2.389653 5.161650 3.012269
v -2.019105 5.451728 3.254466
v -1.732401 4.991784 3.211235
v -2.211935 4.792103 3.122616
v -1.207121 5.389779 3.350995
v -0.740643 4.967680 3.231016
v -1.314323 4.659019 3.186834
v -1.621712 5.852098 3.527510
v -1.189669 6.312434 3.777100
v -0.733160 5.839420 3.553219
v -2.280961 5.966186 3.296145
v -2.158096 5.050198 3.253225
v -1.267712 4.938686 3.348609
v -1.200828 5.796475 3.666973
v -2.046043 5.858109 3.549294
v -0.213483 4.938502 3.348568
v 0.674166 5.044108 3.256239
v 0.573764 5.853979 3.553571
v -0.265440 5.796434 3.666952
v -2.004656 6.833300 3.963836
v -1.186850 6.774896 4.078476
v -1.133729 7.762823 4.204461
v -1.817100 7.776713 4.098282
v -0.279473 6.774896 4.078476
v 0.531777 6.831415 3.968884
v 0.345948 7.776128 4.101735
v -0.332591 7.762823 4.204461
v -1.689619 8.432528 3.852986
v -1.068436 8.532473 3.913126
v -1.038746 8.969608 3.392118
v -1.699355 8.811506 3.347259
v -0.397888 8.532473 3.913126
v 0.218003 8.433330 3.856878
v 0.244776 8.804978 3.346605
v -0.427577 8.969608 3.392118
v -1.699355 9.108061 2.745856
v -1.038746 9.239904 2.843969
v -1.068436 9.387094 2.179990
v -1.689619 9.278534 2.137318
v -0.427577 9.239904 2.843969
v 0.254576 9.098508 2.738613
v 0.218003 9.282111 2.135584
v -0.397888 9.387094 2.179990
v -1.817100 9.073864 1.467709
v -1.133729 9.149640 1.392048
v -1.186850 8.448233 0.685011
v -2.004656 8.392842 0.801136
v -0.332591 9.149640 1.392048
v 0.345948 9.076246 1.465140
v 0.531777 8.395702 0.796570
v -0.279473 8.448233 0.685011
v -2.046043 7.470274 0.279883
v -1.200828 7.526107 0.159344
v -1.267712 6.751311 -0.327329
v -2.158096 6.743534 -0.180794
v -0.265440 7.526066 0.159324
v 0.573764 7.471153 0.274003
v 0.674166 6.742218 -0.187462
v -0.213483 6.751168 -0.327450
v 1.213291 6.538385 0.214376
v 1.170947 7.278172 0.661602
v 1.213291 5.238797 2.849897
v 1.171688 6.043822 3.164423
v 1.106691 8.213039 1.176721
v 0.767402 8.923620 1.783944
v 0.983004 8.669843 2.438425
v 1.108838 7.014762 3.589069
v 0.990227 8.282457 3.195671
v 0.763559 7.939471 3.792216
v -2.654764 6.524391 0.265152
v -2.789568 6.079384 1.038594
v -2.688535 6.868585 1.493934
v -2.555662 7.245101 0.737091
v -2.789568 5.613214 1.983968
v -2.654764 5.270557 2.807881
v -2.555662 6.083729 3.092307
v -2.688535 6.454916 2.332836
v -2.496314 8.175402 1.242098
v -2.624962 7.812213 1.974837
v -2.301038 8.633384 2.438988
v -2.199664 8.904671 1.810825
v -2.624962 7.410917 2.788651
v -2.496314 7.050741 3.522873
v -2.199664 7.945905 3.755165
v -2.301038 8.279075 3.157516
v -2.111725 5.064096 3.151898
v -1.259832 4.967680 3.231016
v -1.191769 5.839420 3.553219
v -1.994332 5.890126 3.450388
v -0.221452 4.967680 3.231016
v 0.630442 5.064096 3.151898
v 0.528008 5.890126 3.450388
v -0.274555 5.839420 3.553219
v -1.952939 6.853685 3.862590
v -1.176717 6.804645 3.962046
v -1.123195 7.745158 4.088194
v -1.771251 7.752976 3.994320
v -0.289607 6.804645 3.962046
v 0.486614 6.853685 3.862590
v 0.304926 7.752976 3.994320
v -0.343129 7.745158 4.088194
v -1.643882 8.365477 3.768925
v -1.057328 8.460755 3.820122
v -1.026602 8.867429 3.328196
v -1.647661 8.721836 3.290660
v -0.408995 8.460755 3.820122
v 0.177559 8.365477 3.768925
v 0.181338 8.721836 3.290660
v -0.439719 8.867429 3.328196
v -1.647661 9.008568 2.709179
v -1.026602 9.126984 2.801828
v -1.057328 9.269647 2.179717
v -1.643882 9.171029 2.135300
v -0.439719 9.126984 2.801828
v 0.181338 9.008568 2.709179
v 0.177559 9.171029 2.135300
v -0.408995 9.269647 2.179717
v -1.771251 8.976940 1.512168
v -1.123195 9.046650 1.448816
v -1.176717 8.373979 0.779495
v -1.952939 8.324937 0.878949
v -0.343129 9.046650 1.448816
v 0.304926 8.976940 1.512168
v 0.486614 8.324937 0.878949
v -0.289607 8.373979 0.779495
v -1.994332 7.411304 0.365498
v -1.191769 7.462011 0.262667
v -1.259832 6.675675 -0.232736
v -2.111725 6.671610 -0.108080
v -0.274555 7.462011 0.262667
v 0.528008 7.411304 0.365498
v 0.630442 6.671610 -0.108080
v -0.221452 6.675675 -0.232736
v 1.125077 6.483978 0.267980
v 1.084042 7.230974 0.729424
v 1.125077 5.248198 2.774096
v 1.086706 6.068320 3.085406
v 1.026809 8.147682 1.229531
v 0.695487 8.838698 1.802306
v 0.914775 8.573749 2.394216
v 1.030311 7.013879 3.503595
v 0.910538 8.204704 3.136209
v 0.695225 7.898747 3.707901
v -2.558029 6.474229 0.292203
v -2.671628 6.051296 1.033485
v -2.567591 6.853539 1.496625
v -2.452940 7.208481 0.776816
v -2.671628 5.592061 1.964795
v -2.558029 5.261478 2.751616
v -2.452940 6.092950 3.039069
v -2.567591 6.447893 2.319263
v -2.396493 8.128769 1.276769
v -2.507383 7.785477 1.972952
v -2.204569 8.568400 2.418690
v -2.116920 8.824063 1.822199
v -2.507383 7.393145 2.768589
v -2.396493 7.049853 3.464773
v -2.116920 7.905853 3.684294
v -2.204569 8.223407 3.118322
v -2.259478 4.700630 3.146549
v -1.335017 4.549697 3.212000
v -0.161192 4.549555 3.211980
v 0.763047 4.697325 3.147977
v -1.335017 6.406117 -0.552753
v -2.259478 6.446084 -0.393167
v 0.763047 6.445206 -0.396657
v -0.161192 6.406015 -0.552854
v 1.223272 6.243070 0.008766
v 1.339467 6.322669 0.498940
v 1.360677 7.119994 0.962605
v 1.223269 4.895891 2.740793
v 1.339468 5.333212 2.505517
v 1.378832 6.185552 2.855309
v 1.283837 8.052168 1.464084
v 1.279938 8.311577 2.185899
v 1.288114 7.147196 3.287683
v 1.262846 7.907918 3.035182
v -2.721312 6.242138 0.021399
v -2.846635 5.738285 0.803704
v -2.846635 5.219209 1.856373
v -2.721312 4.905345 2.732361
v 1.420479 7.491242 2.199319
v 1.432557 7.412670 2.366532
v 1.449495 7.539206 2.215761
v 1.448733 7.457028 2.388405
v 1.420479 7.327853 2.530666
v 1.449494 7.370100 2.558707
v 1.280198 7.909165 2.209499
v 1.331676 7.777132 2.504818
v 1.279608 7.622741 2.789112
v 1.319350 7.672325 2.826178
v 1.345573 7.829965 2.530870
v 1.347796 7.973921 2.228813
v 1.299479 7.647533 2.807646
v 1.434987 7.348977 2.544686
v 1.440645 7.434850 2.377468
v 1.434987 7.515226 2.207539
v 1.313996 7.941542 2.219157
vt 0.801153 0.534909
vt 0.818960 0.527202
vt 0.823585 0.536295
vt 0.805680 0.543438
vt 0.839926 0.521052
vt 0.844218 0.531181
vt 0.849512 0.545419
vt 0.829688 0.549216
vt 0.812108 0.555521
vt 0.864933 0.518144
vt 0.867636 0.529086
vt 0.891776 0.518627
vt 0.892127 0.529932
vt 0.892837 0.545623
vt 0.870922 0.544288
vt 0.873557 0.561240
vt 0.853886 0.561630
vt 0.893780 0.563126
vt 0.894755 0.581803
vt 0.876028 0.579337
vt 0.858096 0.579064
vt 0.835652 0.564498
vt 0.819675 0.569841
vt 0.841844 0.581144
vt 0.827949 0.585455
vt 0.917831 0.521784
vt 0.915895 0.533076
vt 0.940579 0.527130
vt 0.937207 0.538079
vt 0.933777 0.553840
vt 0.914145 0.548967
vt 0.958113 0.534011
vt 0.954677 0.544387
vt 0.971887 0.540513
vt 0.969215 0.550645
vt 0.965950 0.565894
vt 0.950917 0.559696
vt 0.948206 0.578270
vt 0.931906 0.572124
vt 0.962698 0.584994
vt 0.958981 0.606313
vt 0.945566 0.598617
vt 0.930384 0.591800
vt 0.913550 0.566909
vt 0.913217 0.586073
vt 0.848360 0.597993
vt 0.836395 0.601272
vt 0.862609 0.596798
vt 0.866529 0.613785
vt 0.854338 0.613956
vt 0.844299 0.616124
vt 0.878566 0.597791
vt 0.895420 0.600815
vt 0.895303 0.618973
vt 0.880447 0.615491
vt 0.881301 0.631722
vt 0.869484 0.629324
vt 0.894158 0.635511
vt 0.891968 0.650178
vt 0.880969 0.646256
vt 0.870963 0.643203
vt 0.859500 0.628325
vt 0.851289 0.629408
vt 0.862462 0.640941
vt 0.855787 0.638279
vt 0.912174 0.605440
vt 0.927833 0.611491
vt 0.923955 0.629732
vt 0.910140 0.623759
vt 0.941706 0.618823
vt 0.953943 0.627580
vt 0.946375 0.645761
vt 0.936020 0.636828
vt 0.928599 0.651523
vt 0.918775 0.645710
vt 0.936392 0.658970
vt 0.928512 0.666296
vt 0.921523 0.663868
vt 0.913065 0.659543
vt 0.907022 0.640272
vt 0.902993 0.654798
vt 0.861281 0.650700
vt 0.852981 0.644011
vt 0.870008 0.655083
vt 0.867198 0.665195
vt 0.857809 0.658685
vt 0.848293 0.650431
vt 0.879189 0.658988
vt 0.888764 0.662970
vt 0.884727 0.674153
vt 0.876066 0.669990
vt 0.872037 0.678673
vt 0.863232 0.673349
vt 0.880370 0.683307
vt 0.875589 0.691458
vt 0.867445 0.686246
vt 0.858650 0.680622
vt 0.853358 0.666352
vt 0.842824 0.658145
vt 0.848359 0.674043
vt 0.837043 0.666807
vt 0.898295 0.667435
vt 0.907614 0.671606
vt 0.902347 0.682650
vt 0.893261 0.678598
vt 0.916816 0.674801
vt 0.927601 0.675234
vt 0.926068 0.687070
vt 0.912946 0.685721
vt 0.908815 0.697341
vt 0.897427 0.692641
vt 0.922264 0.701490
vt 0.915114 0.716715
vt 0.903140 0.709120
vt 0.892122 0.702053
vt 0.888574 0.688037
vt 0.883656 0.696622
vt 0.843463 0.681798
vt 0.831595 0.675684
vt 0.853954 0.687824
vt 0.848198 0.694839
vt 0.838356 0.689051
vt 0.826876 0.683877
vt 0.862471 0.693582
vt 0.870162 0.699197
vt 0.863651 0.706977
vt 0.856257 0.700869
vt 0.847562 0.708316
vt 0.840182 0.701626
vt 0.855170 0.715331
vt 0.844894 0.723608
vt 0.836741 0.715271
vt 0.829789 0.707474
vt 0.832555 0.695548
vt 0.823004 0.690821
vt 0.824181 0.700710
vt 0.818974 0.695771
vt 0.877877 0.704661
vt 0.885739 0.710769
vt 0.878685 0.719388
vt 0.871236 0.712852
vt 0.895042 0.719426
vt 0.904694 0.729956
vt 0.893148 0.739796
vt 0.885850 0.727709
vt 0.877566 0.735793
vt 0.870847 0.728798
vt 0.882458 0.746027
vt 0.874772 0.749986
vt 0.869649 0.744669
vt 0.862195 0.738815
vt 0.863190 0.722100
vt 0.853687 0.731671
vt 0.811487 0.703319
vt 0.809034 0.695416
vt 0.816568 0.711959
vt 0.801227 0.715804
vt 0.796277 0.704668
vt 0.794043 0.694647
vt 0.823688 0.721677
vt 0.832502 0.731757
vt 0.817983 0.739747
vt 0.808602 0.727723
vt 0.791753 0.733450
vt 0.784166 0.719379
vt 0.801563 0.747481
vt 0.784037 0.754863
vt 0.773946 0.738893
vt 0.766181 0.722726
vt 0.779282 0.705940
vt 0.777247 0.693707
vt 0.761255 0.707099
vt 0.759347 0.692676
vt 0.842200 0.741433
vt 0.852055 0.749815
vt 0.839748 0.761240
vt 0.828538 0.751207
vt 0.861433 0.756283
vt 0.871250 0.760368
vt 0.863370 0.774874
vt 0.851238 0.769211
vt 0.837333 0.781957
vt 0.824848 0.772434
vt 0.850451 0.789400
vt 0.833288 0.802907
vt 0.820643 0.793948
vt 0.808069 0.783018
vt 0.812785 0.760754
vt 0.795659 0.769834
vt 0.743552 0.708464
vt 0.741705 0.691714
vt 0.748592 0.726221
vt 0.732047 0.729054
vt 0.727182 0.709460
vt 0.725535 0.690851
vt 0.756489 0.744245
vt 0.766683 0.761816
vt 0.750405 0.768304
vt 0.740000 0.748967
vt 0.724824 0.752360
vt 0.716905 0.730220
vt 0.735868 0.774243
vt 0.725461 0.778667
vt 0.713760 0.754496
vt 0.705911 0.730573
vt 0.712897 0.709339
vt 0.711874 0.690085
vt 0.702702 0.708955
vt 0.702233 0.689554
vt 0.778413 0.778177
vt 0.790857 0.792654
vt 0.775048 0.802019
vt 0.762382 0.786244
vt 0.803284 0.804866
vt 0.815481 0.815189
vt 0.799494 0.826147
vt 0.787561 0.815115
vt 0.775241 0.824952
vt 0.762182 0.811746
vt 0.787022 0.835516
vt 0.778946 0.842197
vt 0.767264 0.832427
vt 0.753656 0.819401
vt 0.748693 0.794499
vt 0.739258 0.800994
vt 0.796220 0.857148
vt 0.788934 0.852305
vt 0.797559 0.845839
vt 0.804766 0.854352
vt 0.810890 0.836448
vt 0.819075 0.844485
vt 0.827514 0.824697
vt 0.836467 0.832144
vt 0.846156 0.810978
vt 0.856033 0.817441
vt 0.985257 0.545330
vt 0.983015 0.555874
vt 0.992712 0.549903
vt 0.993772 0.558836
vt 0.990855 0.575977
vt 0.980099 0.571915
vt 0.976396 0.591923
vt 0.987187 0.596962
vt 0.982174 0.620848
vt 0.972030 0.614493
vt 0.864787 0.795293
vt 0.876358 0.799204
vt 0.878781 0.777781
vt 0.897830 0.776682
vt 0.883464 0.760307
vt 0.898165 0.755391
vt 0.939212 0.732409
vt 0.922881 0.756661
vt 0.913983 0.742723
vt 0.928492 0.725172
vt 0.965508 0.637860
vt 0.973934 0.646804
vt 0.962314 0.675783
vt 0.955098 0.657863
vt 0.954408 0.706811
vt 0.939422 0.704746
vt 0.942960 0.684925
vt 0.941302 0.669861
vt 0.703124 0.669964
vt 0.713097 0.670674
vt 0.707061 0.647839
vt 0.717554 0.649369
vt 0.731932 0.652257
vt 0.727053 0.672146
vt 0.716144 0.623205
vt 0.726325 0.626605
vt 0.729860 0.598258
vt 0.738858 0.604015
vt 0.751288 0.611965
vt 0.740159 0.631871
vt 0.755074 0.638734
vt 0.747567 0.657024
vt 0.765129 0.620819
vt 0.780054 0.630367
vt 0.770987 0.646431
vt 0.764276 0.662652
vt 0.743025 0.674925
vt 0.760344 0.678271
vt 0.746754 0.575347
vt 0.754112 0.583166
vt 0.765314 0.556775
vt 0.771099 0.565662
vt 0.779752 0.577504
vt 0.764693 0.593516
vt 0.783745 0.543927
vt 0.788574 0.552685
vt 0.795763 0.564739
vt 0.804985 0.578075
vt 0.790638 0.589700
vt 0.815287 0.592395
vt 0.802757 0.602513
vt 0.777178 0.604181
vt 0.790839 0.615400
vt 0.778067 0.681532
vt 0.781559 0.668208
vt 0.798183 0.673712
vt 0.794890 0.684706
vt 0.787512 0.654222
vt 0.795504 0.640250
vt 0.810526 0.649855
vt 0.803517 0.661870
vt 0.818279 0.669083
vt 0.813390 0.678927
vt 0.824449 0.658757
vt 0.810069 0.687557
vt 0.804843 0.627136
vt 0.815047 0.615873
vt 0.827020 0.628655
vt 0.818500 0.638457
vt 0.825684 0.607120
vt 0.835627 0.621059
vt 0.844584 0.633639
vt 0.838138 0.640268
vt 0.831245 0.648828
vt 0.597071 0.514552
vt 0.592178 0.523436
vt 0.575697 0.516570
vt 0.580563 0.507126
vt 0.585286 0.535869
vt 0.569222 0.529855
vt 0.550675 0.526064
vt 0.556284 0.511496
vt 0.560742 0.501069
vt 0.533627 0.509147
vt 0.536530 0.497947
vt 0.530002 0.524650
vt 0.508547 0.525508
vt 0.509662 0.509499
vt 0.510280 0.497920
vt 0.545844 0.542487
vt 0.526903 0.541794
vt 0.541142 0.559847
vt 0.523920 0.559820
vt 0.505617 0.561854
vt 0.507119 0.543219
vt 0.577225 0.550428
vt 0.562780 0.545380
vt 0.568535 0.565999
vt 0.556132 0.561972
vt 0.486346 0.511896
vt 0.484729 0.500263
vt 0.487639 0.528192
vt 0.468502 0.532262
vt 0.465526 0.516013
vt 0.462489 0.504637
vt 0.448794 0.521415
vt 0.445578 0.510573
vt 0.452183 0.537218
vt 0.438051 0.542565
vt 0.435054 0.526891
vt 0.432411 0.516338
vt 0.469868 0.550882
vt 0.454384 0.556149
vt 0.470827 0.570625
vt 0.456398 0.576588
vt 0.443735 0.583346
vt 0.440748 0.561983
vt 0.487731 0.546402
vt 0.487524 0.565579
vt 0.559916 0.581293
vt 0.549323 0.578276
vt 0.552016 0.595358
vt 0.543177 0.593403
vt 0.532000 0.593191
vt 0.536233 0.577041
vt 0.520924 0.577772
vt 0.518651 0.594675
vt 0.504139 0.597834
vt 0.504458 0.580418
vt 0.528746 0.607718
vt 0.517425 0.609908
vt 0.526908 0.620559
vt 0.517362 0.623385
vt 0.506671 0.627038
vt 0.504886 0.613408
vt 0.545115 0.607773
vt 0.537885 0.606813
vt 0.540717 0.616000
vt 0.534680 0.618491
vt 0.488039 0.584556
vt 0.489602 0.602190
vt 0.476158 0.607594
vt 0.472803 0.589972
vt 0.459603 0.596466
vt 0.464670 0.613911
vt 0.454869 0.621910
vt 0.448006 0.604189
vt 0.480873 0.622746
vt 0.471539 0.627920
vt 0.486150 0.635646
vt 0.478136 0.639484
vt 0.471550 0.641552
vt 0.464183 0.634584
vt 0.492301 0.617794
vt 0.495916 0.631315
vt 0.543019 0.621277
vt 0.535447 0.627486
vt 0.547153 0.627259
vt 0.538445 0.634894
vt 0.529773 0.640882
vt 0.527423 0.631499
vt 0.518692 0.635120
vt 0.521353 0.645331
vt 0.513002 0.649215
vt 0.509426 0.638829
vt 0.533386 0.648659
vt 0.525021 0.653597
vt 0.537689 0.655704
vt 0.529324 0.660919
vt 0.521478 0.665809
vt 0.516997 0.657931
vt 0.552241 0.634724
vt 0.542542 0.642247
vt 0.557736 0.643208
vt 0.547260 0.649737
vt 0.500168 0.642963
vt 0.504743 0.653329
vt 0.496010 0.657018
vt 0.491177 0.646763
vt 0.482473 0.649572
vt 0.485971 0.659710
vt 0.473554 0.660795
vt 0.472321 0.649786
vt 0.500589 0.666551
vt 0.490521 0.670455
vt 0.505608 0.675697
vt 0.496498 0.681373
vt 0.484969 0.688559
vt 0.477555 0.674248
vt 0.509081 0.662330
vt 0.513712 0.670647
vt 0.562941 0.651872
vt 0.551916 0.657267
vt 0.567411 0.659723
vt 0.556724 0.664179
vt 0.547531 0.669330
vt 0.542130 0.662663
vt 0.534015 0.667998
vt 0.539834 0.674926
vt 0.532679 0.680711
vt 0.526594 0.673291
vt 0.554932 0.675567
vt 0.547845 0.681808
vt 0.564536 0.680843
vt 0.557804 0.688168
vt 0.549831 0.696155
vt 0.540445 0.688491
vt 0.570968 0.666065
vt 0.562063 0.670130
vt 0.574697 0.670455
vt 0.569808 0.674778
vt 0.519164 0.678455
vt 0.525359 0.686308
vt 0.518220 0.692516
vt 0.511647 0.684212
vt 0.503731 0.691519
vt 0.511410 0.700332
vt 0.505017 0.710985
vt 0.494661 0.701464
vt 0.525321 0.701371
vt 0.518991 0.707942
vt 0.533102 0.710784
vt 0.526148 0.716286
vt 0.521411 0.721286
vt 0.514360 0.716958
vt 0.532671 0.694980
vt 0.541271 0.703928
vt 0.584021 0.670129
vt 0.581706 0.677041
vt 0.598208 0.669404
vt 0.596076 0.678199
vt 0.591356 0.688326
vt 0.576879 0.684847
vt 0.569938 0.694045
vt 0.584157 0.699657
vt 0.574945 0.711295
vt 0.561289 0.703763
vt 0.607721 0.691641
vt 0.600335 0.705064
vt 0.625320 0.694807
vt 0.617771 0.710283
vt 0.607893 0.725823
vt 0.590720 0.718683
vt 0.614317 0.668508
vt 0.612368 0.679345
vt 0.631844 0.667505
vt 0.630003 0.680415
vt 0.551826 0.713129
vt 0.564650 0.722430
vt 0.553896 0.732122
vt 0.542366 0.721208
vt 0.533634 0.727307
vt 0.543188 0.739654
vt 0.531722 0.744933
vt 0.524439 0.730975
vt 0.568224 0.742908
vt 0.556588 0.751909
vt 0.584712 0.753207
vt 0.572999 0.763545
vt 0.561334 0.771929
vt 0.544495 0.758860
vt 0.579787 0.731607
vt 0.596589 0.740433
vt 0.649650 0.666558
vt 0.647829 0.681750
vt 0.666273 0.665732
vt 0.664603 0.682804
vt 0.659849 0.701127
vt 0.642977 0.698231
vt 0.635265 0.715546
vt 0.652024 0.720313
vt 0.641811 0.739199
vt 0.625281 0.732682
vt 0.675398 0.702503
vt 0.667536 0.723881
vt 0.686723 0.703090
vt 0.678869 0.726206
vt 0.667340 0.749790
vt 0.656674 0.745245
vt 0.680471 0.665012
vt 0.679384 0.682837
vt 0.690598 0.664530
vt 0.690003 0.682624
vt 0.613893 0.748691
vt 0.630199 0.756792
vt 0.618121 0.772182
vt 0.602009 0.762758
vt 0.590458 0.774339
vt 0.606487 0.784646
vt 0.595463 0.794968
vt 0.579210 0.784004
vt 0.631399 0.782008
vt 0.619183 0.794650
vt 0.640275 0.789746
vt 0.627499 0.802314
vt 0.616526 0.811592
vt 0.608217 0.804568
vt 0.644258 0.765128
vt 0.653993 0.771701
vt 0.599475 0.825196
vt 0.591140 0.822032
vt 0.598172 0.814184
vt 0.606753 0.821011
vt 0.576883 0.812150
vt 0.584751 0.804607
vt 0.559417 0.800208
vt 0.567954 0.793010
vt 0.540009 0.786147
vt 0.549349 0.779777
vt 0.421989 0.531672
vt 0.419647 0.520961
vt 0.424659 0.547940
vt 0.414402 0.551684
vt 0.411841 0.534529
vt 0.412683 0.525650
vt 0.427639 0.568104
vt 0.431007 0.590469
vt 0.421046 0.596154
vt 0.417112 0.572612
vt 0.520331 0.768534
vt 0.531248 0.764678
vt 0.499858 0.746911
vt 0.518050 0.747607
vt 0.499974 0.726392
vt 0.513425 0.730874
vt 0.459497 0.704639
vt 0.470288 0.697745
vt 0.484244 0.715443
vt 0.476024 0.727688
vt 0.436734 0.613256
vt 0.446382 0.632778
vt 0.438991 0.649402
vt 0.428437 0.621430
vt 0.457485 0.658524
vt 0.460361 0.677500
vt 0.445575 0.679654
vt 0.459402 0.644529
vt 0.679407 0.647037
vt 0.689824 0.646252
vt 0.664932 0.648565
vt 0.660387 0.629952
vt 0.675229 0.626938
vt 0.686088 0.625269
vt 0.666795 0.604897
vt 0.677312 0.601383
vt 0.652532 0.610278
vt 0.641846 0.590780
vt 0.654726 0.582750
vt 0.664083 0.576913
vt 0.644343 0.634733
vt 0.637237 0.617154
vt 0.627473 0.640255
vt 0.621164 0.624725
vt 0.612521 0.609062
vt 0.627622 0.599647
vt 0.648517 0.651338
vt 0.631032 0.654622
vt 0.640146 0.562166
vt 0.647930 0.554268
vt 0.629037 0.572605
vt 0.614826 0.556895
vt 0.624064 0.544893
vt 0.630341 0.535878
vt 0.607854 0.532297
vt 0.613145 0.523291
vt 0.600112 0.544624
vt 0.603471 0.569198
vt 0.590396 0.558144
vt 0.591087 0.581912
vt 0.579748 0.572397
vt 0.616131 0.583312
vt 0.602257 0.594410
vt 0.613650 0.657733
vt 0.597484 0.660689
vt 0.594463 0.650687
vt 0.610486 0.645557
vt 0.604879 0.632194
vt 0.589413 0.639372
vt 0.582714 0.627640
vt 0.597259 0.618574
vt 0.580049 0.655400
vt 0.575407 0.645971
vt 0.569501 0.635875
vt 0.583112 0.663247
vt 0.588378 0.605742
vt 0.575124 0.616465
vt 0.567182 0.606954
vt 0.578845 0.594830
vt 0.569299 0.586631
vt 0.559527 0.599841
vt 0.556600 0.617818
vt 0.550900 0.611615
vt 0.563028 0.626134
vt 0.582341 0.503685
vt 0.598874 0.511232
vt 0.562343 0.497328
vt 0.817478 0.523827
vt 0.838542 0.517308
vt 0.799524 0.531811
vt 0.537571 0.493877
vt 0.510450 0.493683
vt 0.864060 0.514091
vt 0.891701 0.514442
vt 0.484047 0.496061
vt 0.461262 0.500584
vt 0.918531 0.517615
vt 0.941761 0.523126
vt 0.444231 0.506648
vt 0.431337 0.512422
vt 0.959335 0.530277
vt 0.973053 0.536955
vt 0.682984 0.727063
vt 0.671221 0.751500
vt 0.690785 0.703301
vt 0.709714 0.755404
vt 0.701932 0.730884
vt 0.721628 0.780354
vt 0.693876 0.682541
vt 0.694370 0.664373
vt 0.699017 0.709024
vt 0.698737 0.689373
vt 0.630431 0.805251
vt 0.619567 0.814281
vt 0.643376 0.792632
vt 0.764386 0.835105
vt 0.750519 0.822153
vt 0.776204 0.844751
vt 0.657464 0.774165
vt 0.735767 0.803380
vt 0.609778 0.823491
vt 0.600120 0.829151
vt 0.786125 0.855020
vt 0.795547 0.861618
vt 0.588719 0.824940
vt 0.573962 0.815003
vt 0.807118 0.857636
vt 0.821782 0.847517
vt 0.556126 0.802959
vt 0.536417 0.788397
vt 0.839496 0.834997
vt 0.859405 0.819801
vt 0.418757 0.517151
vt 0.409420 0.523326
vt 0.986540 0.541640
vt 0.996484 0.547413
vt 0.408163 0.535418
vt 0.410546 0.553067
vt 0.997741 0.559585
vt 0.994756 0.577144
vt 0.413133 0.574434
vt 0.417458 0.598479
vt 0.991082 0.598513
vt 0.985714 0.622950
vt 0.516084 0.769788
vt 0.495567 0.751427
vt 0.880415 0.800641
vt 0.901778 0.781380
vt 0.965728 0.746983
vt 0.960868 0.753440
vt 0.960250 0.752938
vt 0.964835 0.746367
vt 0.476584 0.733571
vt 0.923110 0.763366
vt 0.425456 0.624757
vt 0.433051 0.651213
vt 0.976924 0.649931
vt 0.968209 0.677381
vt 0.441235 0.676987
vt 0.969732 0.739980
vt 0.969049 0.739659
vt 0.959524 0.705087
vt 0.693626 0.646012
vt 0.689989 0.624708
vt 0.699525 0.669526
vt 0.703268 0.647134
vt 0.681143 0.600137
vt 0.667511 0.574775
vt 0.712413 0.621874
vt 0.726522 0.596123
vt 0.650734 0.551377
vt 0.632562 0.532621
vt 0.743983 0.572519
vt 0.763081 0.553629
vt 0.615033 0.519982
vt 0.781838 0.540846
vt 0.456456 0.724400
vt 0.447822 0.710789
vt 0.942418 0.753259
vt 0.942298 0.755594
vt 0.951413 0.738874
vt 0.439022 0.697455
vt 0.960754 0.724942
vt 0.438374 0.694888
vt 0.439150 0.724175
vt 0.434722 0.717996
vt 0.430806 0.711556
vt 0.962202 0.723932
vt 0.430415 0.711115
vt 0.433875 0.718587
vt 0.439356 0.724814
vt 0.458328 0.726699
s 1
f 87/1 342/2 512/3 345/4
f 342/2 88/5 343/6 512/3
f 512/3 343/6 89/7 344/8
f 345/4 512/3 344/8 90/9
f 88/5 346/10 513/11 343/6
f 346/10 91/12 347/13 513/11
f 513/11 347/13 92/14 348/15
f 343/6 513/11 348/15 89/7
f 89/7 348/15 514/16 351/17
f 348/15 92/14 349/18 514/16
f 514/16 349/18 93/19 350/20
f 351/17 514/16 350/20 94/21
f 90/9 344/8 515/22 353/23
f 344/8 89/7 351/17 515/22
f 515/22 351/17 94/21 352/24
f 353/23 515/22 352/24 95/25
f 91/12 354/26 516/27 347/13
f 354/26 96/28 355/29 516/27
f 516/27 355/29 97/30 356/31
f 347/13 516/27 356/31 92/14
f 96/28 357/32 517/33 355/29
f 357/32 98/34 358/35 517/33
f 517/33 358/35 99/36 359/37
f 355/29 517/33 359/37 97/30
f 97/30 359/37 518/38 362/39
f 359/37 99/36 360/40 518/38
f 518/38 360/40 100/41 361/42
f 362/39 518/38 361/42 101/43
f 92/14 356/31 519/44 349/18
f 356/31 97/30 362/39 519/44
f 519/44 362/39 101/43 363/45
f 349/18 519/44 363/45 93/19
f 95/25 352/24 520/46 366/47
f 352/24 94/21 364/48 520/46
f 520/46 364/48 102/49 365/50
f 366/47 520/46 365/50 103/51
f 94/21 350/20 521/52 364/48
f 350/20 93/19 367/53 521/52
f 521/52 367/53 104/54 368/55
f 364/48 521/52 368/55 102/49
f 102/49 368/55 522/56 371/57
f 368/55 104/54 369/58 522/56
f 522/56 369/58 105/59 370/60
f 371/57 522/56 370/60 106/61
f 103/51 365/50 523/62 373/63
f 365/50 102/49 371/57 523/62
f 523/62 371/57 106/61 372/64
f 373/63 523/62 372/64 107/65
f 93/19 363/45 524/66 367/53
f 363/45 101/43 374/67 524/66
f 524/66 374/67 108/68 375/69
f 367/53 524/66 375/69 104/54
f 101/43 361/42 525/70 374/67
f 361/42 100/41 376/71 525/70
f 525/70 376/71 109/72 377/73
f 374/67 525/70 377/73 108/68
f 108/68 377/73 526/74 380/75
f 377/73 109/72 378/76 526/74
f 526/74 378/76 110/77 379/78
f 380/75 526/74 379/78 111/79
f 104/54 375/69 527/80 369/58
f 375/69 108/68 380/75 527/80
f 527/80 380/75 111/79 381/81
f 369/58 527/80 381/81 105/59
f 107/65 372/64 528/82 384/83
f 372/64 106/61 382/84 528/82
f 528/82 382/84 112/85 383/86
f 384/83 528/82 383/86 113/87
f 106/61 370/60 529/88 382/84
f 370/60 105/59 385/89 529/88
f 529/88 385/89 114/90 386/91
f 382/84 529/88 386/91 112/85
f 112/85 386/91 530/92 389/93
f 386/91 114/90 387/94 530/92
f 530/92 387/94 115/95 388/96
f 389/93 530/92 388/96 116/97
f 113/87 383/86 531/98 391/99
f 383/86 112/85 389/93 531/98
f 531/98 389/93 116/97 390/100
f 391/99 531/98 390/100 117/101
f 105/59 381/81 532/102 385/89
f 381/81 111/79 392/103 532/102
f 532/102 392/103 118/104 393/105
f 385/89 532/102 393/105 114/90
f 111/79 379/78 533/106 392/103
f 379/78 110/77 394/107 533/106
f 533/106 394/107 119/108 395/109
f 392/103 533/106 395/109 118/104
f 118/104 395/109 534/110 398/111
f 395/109 119/108 396/112 534/110
f 534/110 396/112 120/113 397/114
f 398/111 534/110 397/114 121/115
f 114/90 393/105 535/116 387/94
f 393/105 118/104 398/111 535/116
f 535/116 398/111 121/115 399/117
f 387/94 535/116 399/117 115/95
f 117/101 390/100 536/118 402/119
f 390/100 116/97 400/120 536/118
f 536/118 400/120 122/121 401/122
f 402/119 536/118 401/122 123/123
f 116/97 388/96 537/124 400/120
f 388/96 115/95 403/125 537/124
f 537/124 403/125 124/126 404/127
f 400/120 537/124 404/127 122/121
f 122/121 404/127 538/128 407/129
f 404/127 124/126 405/130 538/128
f 538/128 405/130 125/131 406/132
f 407/129 538/128 406/132 126/133
f 123/123 401/122 539/134 409/135
f 401/122 122/121 407/129 539/134
f 539/134 407/129 126/133 408/136
f 409/135 539/134 408/136 127/137
f 115/95 399/117 540/138 403/125
f 399/117 121/115 410/139 540/138
f 540/138 410/139 128/140 411/141
f 403/125 540/138 411/141 124/126
f 121/115 397/114 541/142 410/139
f 397/114 120/113 412/143 541/142
f 541/142 412/143 129/144 413/145
f 410/139 541/142 413/145 128/140
f 128/140 413/145 542/146 416/147
f 413/145 129/144 414/148 542/146
f 542/146 414/148 130/149 415/150
f 416/147 542/146 415/150 131/151
f 124/126 411/141 543/152 405/130
f 411/141 128/140 416/147 543/152
f 543/152 416/147 131/151 417/153
f 405/130 543/152 417/153 125/131
f 127/137 408/136 544/154 420/155
f 408/136 126/133 418/156 544/154
f 544/154 418/156 132/157 419/158
f 420/155 544/154 419/158 133/159
f 126/133 406/132 545/160 418/156
f 406/132 125/131 421/161 545/160
f 545/160 421/161 134/162 422/163
f 418/156 545/160 422/163 132/157
f 132/157 422/163 546/164 425/165
f 422/163 134/162 423/166 546/164
f 546/164 423/166 135/167 424/168
f 425/165 546/164 424/168 136/169
f 133/159 419/158 547/170 427/171
f 419/158 132/157 425/165 547/170
f 547/170 425/165 136/169 426/172
f 427/171 547/170 426/172 137/173
f 125/131 417/153 548/174 421/161
f 417/153 131/151 428/175 548/174
f 548/174 428/175 138/176 429/177
f 421/161 548/174 429/177 134/162
f 131/151 415/150 549/178 428/175
f 415/150 130/149 430/179 549/178
f 549/178 430/179 139/180 431/181
f 428/175 549/178 431/181 138/176
f 138/176 431/181 550/182 434/183
f 431/181 139/180 432/184 550/182
f 550/182 432/184 140/185 433/186
f 434/183 550/182 433/186 141/187
f 134/162 429/177 551/188 423/166
f 429/177 138/176 434/183 551/188
f 551/188 434/183 141/187 435/189
f 423/166 551/188 435/189 135/167
f 137/173 426/172 552/190 438/191
f 426/172 136/169 436/192 552/190
f 552/190 436/192 142/193 437/194
f 438/191 552/190 437/194 143/195
f 136/169 424/168 553/196 436/192
f 424/168 135/167 439/197 553/196
f 553/196 439/197 144/198 440/199
f 436/192 553/196 440/199 142/193
f 142/193 440/199 554/200 443/201
f 440/199 144/198 441/202 554/200
f 554/200 441/202 145/203 442/204
f 443/201 554/200 442/204 146/205
f 143/195 437/194 555/206 445/207
f 437/194 142/193 443/201 555/206
f 555/206 443/201 146/205 444/208
f 445/207 555/206 444/208 147/209
f 135/167 435/189 556/210 439/197
f 435/189 141/187 446/211 556/210
f 556/210 446/211 148/212 447/213
f 439/197 556/210 447/213 144/198
f 141/187 433/186 557/214 446/211
f 433/186 140/185 448/215 557/214
f 557/214 448/215 149/216 449/217
f 446/211 557/214 449/217 148/212
f 148/212 449/217 558/218 452/219
f 449/217 149/216 450/220 558/218
f 558/218 450/220 150/221 451/222
f 452/219 558/218 451/222 151/223
f 144/198 447/213 559/224 441/202
f 447/213 148/212 452/219 559/224
f 559/224 452/219 151/223 453/225
f 441/202 559/224 453/225 145/203
f 152/226 454/227 560/228 456/229
f 454/227 150/221 450/220 560/228
f 560/228 450/220 149/216 455/230
f 456/229 560/228 455/230 153/231
f 153/231 455/230 561/232 458/233
f 455/230 149/216 448/215 561/232
f 561/232 448/215 140/185 457/234
f 458/233 561/232 457/234 154/235
f 98/34 459/236 562/237 358/35
f 459/236 155/238 460/239 562/237
f 562/237 460/239 156/240 461/241
f 358/35 562/237 461/241 99/36
f 99/36 461/241 563/242 360/40
f 461/241 156/240 462/243 563/242
f 563/242 462/243 157/244 463/245
f 360/40 563/242 463/245 100/41
f 154/235 457/234 564/246 465/247
f 457/234 140/185 432/184 564/246
f 564/246 432/184 139/180 464/248
f 465/247 564/246 464/248 158/249
f 158/249 464/248 565/250 466/251
f 464/248 139/180 430/179 565/250
f 565/250 430/179 130/149 414/148
f 466/251 565/250 414/148 129/144
f 159/252 467/253 566/254 468/255
f 467/253 158/249 466/251 566/254
f 566/254 466/251 129/144 412/143
f 468/255 566/254 412/143 120/113
f 100/41 463/245 567/256 376/71
f 463/245 157/244 469/257 567/256
f 567/256 469/257 160/258 470/259
f 376/71 567/256 470/259 109/72
f 160/258 471/260 568/261 472/262
f 471/260 159/252 468/255 568/261
f 568/261 468/255 120/113 396/112
f 472/262 568/261 396/112 119/108
f 109/72 470/259 569/263 378/76
f 470/259 160/258 472/262 569/263
f 569/263 472/262 119/108 394/107
f 378/76 569/263 394/107 110/77
f 147/209 473/264 570/265 445/207
f 473/264 161/266 474/267 570/265
f 570/265 474/267 162/268 475/269
f 445/207 570/265 475/269 143/195
f 161/266 476/270 571/271 474/267
f 476/270 163/272 477/273 571/271
f 571/271 477/273 164/274 478/275
f 474/267 571/271 478/275 162/268
f 162/268 478/275 572/276 481/277
f 478/275 164/274 479/278 572/276
f 572/276 479/278 165/279 480/280
f 481/277 572/276 480/280 166/281
f 143/195 475/269 573/282 438/191
f 475/269 162/268 481/277 573/282
f 573/282 481/277 166/281 482/283
f 438/191 573/282 482/283 137/173
f 163/272 483/284 574/285 477/273
f 483/284 167/286 484/287 574/285
f 574/285 484/287 168/288 485/289
f 477/273 574/285 485/289 164/274
f 167/286 486/290 575/291 484/287
f 486/290 87/1 345/4 575/291
f 575/291 345/4 90/9 487/292
f 484/287 575/291 487/292 168/288
f 168/288 487/292 576/293 489/294
f 487/292 90/9 353/23 576/293
f 576/293 353/23 95/25 488/295
f 489/294 576/293 488/295 169/296
f 164/274 485/289 577/297 479/278
f 485/289 168/288 489/294 577/297
f 577/297 489/294 169/296 490/298
f 479/278 577/297 490/298 165/279
f 137/173 482/283 578/299 427/171
f 482/283 166/281 491/300 578/299
f 578/299 491/300 170/301 492/302
f 427/171 578/299 492/302 133/159
f 166/281 480/280 579/303 491/300
f 480/280 165/279 493/304 579/303
f 579/303 493/304 171/305 494/306
f 491/300 579/303 494/306 170/301
f 170/301 494/306 580/307 496/308
f 494/306 171/305 495/309 580/307
f 580/307 495/309 117/101 402/119
f 496/308 580/307 402/119 123/123
f 133/159 492/302 581/310 420/155
f 492/302 170/301 496/308 581/310
f 581/310 496/308 123/123 409/135
f 420/155 581/310 409/135 127/137
f 165/279 490/298 582/311 493/304
f 490/298 169/296 497/312 582/311
f 582/311 497/312 172/313 498/314
f 493/304 582/311 498/314 171/305
f 169/296 488/295 583/315 497/312
f 488/295 95/25 366/47 583/315
f 583/315 366/47 103/51 499/316
f 497/312 583/315 499/316 172/313
f 172/313 499/316 584/317 500/318
f 499/316 103/51 373/63 584/317
f 584/317 373/63 107/65 384/83
f 500/318 584/317 384/83 113/87
f 171/305 498/314 585/319 495/309
f 498/314 172/313 500/318 585/319
f 585/319 500/318 113/87 391/99
f 495/309 585/319 391/99 117/101
f 1/320 501/321 586/322 504/323
f 501/321 46/324 502/325 586/322
f 586/322 502/325 67/326 503/327
f 504/323 586/322 503/327 43/328
f 43/328 503/327 587/329 507/330
f 503/327 67/326 505/331 587/329
f 587/329 505/331 44/332 506/333
f 507/330 587/329 506/333 2/334
f 67/326 508/335 588/336 505/331
f 508/335 45/337 509/338 588/336
f 588/336 509/338 5/339 510/340
f 505/331 588/336 510/340 44/332
f 46/324 511/341 589/342 502/325
f 511/341 4/343 173/344 589/342
f 589/342 173/344 45/337 508/335
f 502/325 589/342 508/335 67/326
f 2/334 506/333 590/345 176/346
f 506/333 44/332 174/347 590/345
f 590/345 174/347 68/348 175/349
f 176/346 590/345 175/349 47/350
f 47/350 175/349 591/351 179/352
f 175/349 68/348 177/353 591/351
f 591/351 177/353 48/354 178/355
f 179/352 591/351 178/355 3/356
f 68/348 180/357 592/358 177/353
f 180/357 49/359 181/360 592/358
f 592/358 181/360 6/361 182/362
f 177/353 592/358 182/362 48/354
f 44/332 510/340 593/363 174/347
f 510/340 5/339 183/364 593/363
f 593/363 183/364 49/359 180/357
f 174/347 593/363 180/357 68/348
f 4/343 184/365 594/366 173/344
f 184/365 52/367 185/368 594/366
f 594/366 185/368 69/369 186/370
f 173/344 594/366 186/370 45/337
f 45/337 186/370 595/371 509/338
f 186/370 69/369 187/372 595/371
f 595/371 187/372 50/373 188/374
f 509/338 595/371 188/374 5/339
f 69/369 189/375 596/376 187/372
f 189/375 51/377 190/378 596/376
f 596/376 190/378 8/379 191/380
f 187/372 596/376 191/380 50/373
f 52/367 192/381 597/382 185/368
f 192/381 7/383 193/384 597/382
f 597/382 193/384 51/377 189/375
f 185/368 597/382 189/375 69/369
f 5/339 188/374 598/385 183/364
f 188/374 50/373 194/386 598/385
f 598/385 194/386 70/387 195/388
f 183/364 598/385 195/388 49/359
f 49/359 195/388 599/389 181/360
f 195/388 70/387 196/390 599/389
f 599/389 196/390 53/391 197/392
f 181/360 599/389 197/392 6/361
f 70/387 198/393 600/394 196/390
f 198/393 54/395 199/396 600/394
f 600/394 199/396 9/397 200/398
f 196/390 600/394 200/398 53/391
f 50/373 191/380 601/399 194/386
f 191/380 8/379 201/400 601/399
f 601/399 201/400 54/395 198/393
f 194/386 601/399 198/393 70/387
f 7/383 202/401 602/402 193/384
f 202/401 57/403 203/404 602/402
f 602/402 203/404 71/405 204/406
f 193/384 602/402 204/406 51/377
f 51/377 204/406 603/407 190/378
f 204/406 71/405 205/408 603/407
f 603/407 205/408 55/409 206/410
f 190/378 603/407 206/410 8/379
f 71/405 207/411 604/412 205/408
f 207/411 56/413 208/414 604/412
f 604/412 208/414 11/415 209/416
f 205/408 604/412 209/416 55/409
f 57/403 210/417 605/418 203/404
f 210/417 10/419 211/420 605/418
f 605/418 211/420 56/413 207/411
f 203/404 605/418 207/411 71/405
f 8/379 206/410 606/421 201/400
f 206/410 55/409 212/422 606/421
f 606/421 212/422 72/423 213/424
f 201/400 606/421 213/424 54/395
f 54/395 213/424 607/425 199/396
f 213/424 72/423 214/426 607/425
f 607/425 214/426 58/427 215/428
f 199/396 607/425 215/428 9/397
f 72/423 216/429 608/430 214/426
f 216/429 59/431 217/432 608/430
f 608/430 217/432 12/433 218/434
f 214/426 608/430 218/434 58/427
f 55/409 209/416 609/435 212/422
f 209/416 11/415 219/436 609/435
f 609/435 219/436 59/431 216/429
f 212/422 609/435 216/429 72/423
f 10/419 220/437 610/438 211/420
f 220/437 62/439 221/440 610/438
f 610/438 221/440 73/441 222/442
f 211/420 610/438 222/442 56/413
f 56/413 222/442 611/443 208/414
f 222/442 73/441 223/444 611/443
f 611/443 223/444 60/445 224/446
f 208/414 611/443 224/446 11/415
f 73/441 225/447 612/448 223/444
f 225/447 61/449 226/450 612/448
f 612/448 226/450 14/451 227/452
f 223/444 612/448 227/452 60/445
f 62/439 228/453 613/454 221/440
f 228/453 13/455 229/456 613/454
f 613/454 229/456 61/449 225/447
f 221/440 613/454 225/447 73/441
f 11/415 224/446 614/457 219/436
f 224/446 60/445 230/458 614/457
f 614/457 230/458 74/459 231/460
f 219/436 614/457 231/460 59/431
f 59/431 231/460 615/461 217/432
f 231/460 74/459 232/462 615/461
f 615/461 232/462 63/463 233/464
f 217/432 615/461 233/464 12/433
f 74/459 234/465 616/466 232/462
f 234/465 64/467 235/468 616/466
f 616/466 235/468 15/469 236/470
f 232/462 616/466 236/470 63/463
f 60/445 227/452 617/471 230/458
f 227/452 14/451 237/472 617/471
f 617/471 237/472 64/467 234/465
f 230/458 617/471 234/465 74/459
f 13/455 238/473 618/474 229/456
f 238/473 24/475 239/476 618/474
f 618/474 239/476 75/477 240/478
f 229/456 618/474 240/478 61/449
f 61/449 240/478 619/479 226/450
f 240/478 75/477 241/480 619/479
f 619/479 241/480 65/481 242/482
f 226/450 619/479 242/482 14/451
f 75/477 243/483 620/484 241/480
f 243/483 66/485 244/486 620/484
f 620/484 244/486 17/487 245/488
f 241/480 620/484 245/488 65/481
f 24/475 246/489 621/490 239/476
f 246/489 16/491 247/492 621/490
f 621/490 247/492 66/485 243/483
f 239/476 621/490 243/483 75/477
f 14/451 242/482 622/493 237/472
f 242/482 65/481 248/494 622/493
f 622/493 248/494 76/495 249/496
f 237/472 622/493 249/496 64/467
f 64/467 249/496 623/497 235/468
f 249/496 76/495 250/498 623/497
f 623/497 250/498 25/499 251/500
f 235/468 623/497 251/500 15/469
f 76/495 252/501 624/502 250/498
f 252/501 26/503 253/504 624/502
f 624/502 253/504 18/505 254/506
f 250/498 624/502 254/506 25/499
f 65/481 245/488 625/507 248/494
f 245/488 17/487 255/508 625/507
f 625/507 255/508 26/503 252/501
f 248/494 625/507 252/501 76/495
f 16/491 256/509 626/510 247/492
f 256/509 29/511 257/512 626/510
f 626/510 257/512 77/513 258/514
f 247/492 626/510 258/514 66/485
f 66/485 258/514 627/515 244/486
f 258/514 77/513 259/516 627/515
f 627/515 259/516 27/517 260/518
f 244/486 627/515 260/518 17/487
f 77/513 261/519 628/520 259/516
f 261/519 28/521 262/522 628/520
f 628/520 262/522 20/523 263/524
f 259/516 628/520 263/524 27/517
f 29/511 264/525 629/526 257/512
f 264/525 19/527 265/528 629/526
f 629/526 265/528 28/521 261/519
f 257/512 629/526 261/519 77/513
f 17/487 260/518 630/529 255/508
f 260/518 27/517 266/530 630/529
f 630/529 266/530 78/531 267/532
f 255/508 630/529 267/532 26/503
f 26/503 267/532 631/533 253/504
f 267/532 78/531 268/534 631/533
f 631/533 268/534 30/535 269/536
f 253/504 631/533 269/536 18/505
f 78/531 270/537 632/538 268/534
f 270/537 31/539 271/540 632/538
f 632/538 271/540 21/541 272/542
f 268/534 632/538 272/542 30/535
f 27/517 263/524 633/543 266/530
f 263/524 20/523 273/544 633/543
f 633/543 273/544 31/539 270/537
f 266/530 633/543 270/537 78/531
f 33/545 274/546 634/547 276/548
f 274/546 79/549 275/550 634/547
f 634/547 275/550 30/535 272/542
f 276/548 634/547 272/542 21/541
f 79/549 277/551 635/552 275/550
f 277/551 36/553 278/554 635/552
f 635/552 278/554 18/505 269/536
f 275/550 635/552 269/536 30/535
f 3/356 178/355 636/555 281/556
f 178/355 48/354 279/557 636/555
f 636/555 279/557 80/558 280/559
f 281/556 636/555 280/559 35/560
f 48/354 182/362 637/561 279/557
f 182/362 6/361 282/562 637/561
f 637/561 282/562 37/563 283/564
f 279/557 637/561 283/564 80/558
f 36/553 284/565 638/566 278/554
f 284/565 81/567 285/568 638/566
f 638/566 285/568 25/499 254/506
f 278/554 638/566 254/506 18/505
f 81/567 286/569 639/570 285/568
f 286/569 63/463 236/470 639/570
f 639/570 236/470 15/469 251/500
f 285/568 639/570 251/500 25/499
f 38/571 287/572 640/573 288/574
f 287/572 12/433 233/464 640/573
f 640/573 233/464 63/463 286/569
f 288/574 640/573 286/569 81/567
f 6/361 197/392 641/575 282/562
f 197/392 53/391 289/576 641/575
f 641/575 289/576 82/577 290/578
f 282/562 641/575 290/578 37/563
f 82/577 291/579 642/580 292/581
f 291/579 58/427 218/434 642/580
f 642/580 218/434 12/433 287/572
f 292/581 642/580 287/572 38/571
f 53/391 200/398 643/582 289/576
f 200/398 9/397 215/428 643/582
f 643/582 215/428 58/427 291/579
f 289/576 643/582 291/579 82/577
f 19/527 264/525 644/583 295/584
f 264/525 29/511 293/585 644/583
f 644/583 293/585 83/586 294/587
f 295/584 644/583 294/587 32/588
f 32/588 294/587 645/589 298/590
f 294/587 83/586 296/591 645/589
f 645/589 296/591 39/592 297/593
f 298/590 645/589 297/593 22/594
f 83/586 299/595 646/596 296/591
f 299/595 40/597 300/598 646/596
f 646/596 300/598 23/599 301/600
f 296/591 646/596 301/600 39/592
f 29/511 256/509 647/601 293/585
f 256/509 16/491 302/602 647/601
f 647/601 302/602 40/597 299/595
f 293/585 647/601 299/595 83/586
f 22/594 297/593 648/603 305/604
f 297/593 39/592 303/605 648/603
f 648/603 303/605 84/606 304/607
f 305/604 648/603 304/607 34/608
f 34/608 304/607 649/609 307/610
f 304/607 84/606 306/611 649/609
f 649/609 306/611 46/324 501/321
f 307/610 649/609 501/321 1/320
f 84/606 308/612 650/613 306/611
f 308/612 41/614 309/615 650/613
f 650/613 309/615 4/343 511/341
f 306/611 650/613 511/341 46/324
f 39/592 301/600 651/616 303/605
f 301/600 23/599 310/617 651/616
f 651/616 310/617 41/614 308/612
f 303/605 651/616 308/612 84/606
f 16/491 246/489 652/618 302/602
f 246/489 24/475 311/619 652/618
f 652/618 311/619 85/620 312/621
f 302/602 652/618 312/621 40/597
f 40/597 312/621 653/622 300/598
f 312/621 85/620 313/623 653/622
f 653/622 313/623 42/624 314/625
f 300/598 653/622 314/625 23/599
f 85/620 315/626 654/627 313/623
f 315/626 62/439 220/437 654/627
f 654/627 220/437 10/419 316/628
f 313/623 654/627 316/628 42/624
f 24/475 238/473 655/629 311/619
f 238/473 13/455 228/453 655/629
f 655/629 228/453 62/439 315/626
f 311/619 655/629 315/626 85/620
f 23/599 314/625 656/630 310/617
f 314/625 42/624 317/631 656/630
f 656/630 317/631 86/632 318/633
f 310/617 656/630 318/633 41/614
f 41/614 318/633 657/634 309/615
f 318/633 86/632 319/635 657/634
f 657/634 319/635 52/367 184/365
f 309/615 657/634 184/365 4/343
f 86/632 320/636 658/637 319/635
f 320/636 57/403 202/401 658/637
f 658/637 202/401 7/383 192/381
f 319/635 658/637 192/381 52/367
f 42/624 316/628 659/638 317/631
f 316/628 10/419 210/417 659/638
f 659/638 210/417 57/403 320/636
f 317/631 659/638 320/636 86/632
f 1/320 504/323 660/639 322/640
f 504/323 43/328 321/641 660/639
f 660/642 321/643 88/5 342/2
f 322/644 660/642 342/2 87/1
f 43/328 507/330 661/645 321/641
f 507/330 2/334 323/646 661/645
f 661/647 323/648 91/12 346/10
f 321/643 661/647 346/10 88/5
f 2/334 176/346 662/649 323/646
f 176/346 47/350 324/650 662/649
f 662/651 324/652 96/28 354/26
f 323/648 662/651 354/26 91/12
f 47/350 179/352 663/653 324/650
f 179/352 3/356 325/654 663/653
f 663/655 325/656 98/34 357/32
f 324/652 663/655 357/32 96/28
f 20/523 262/522 664/657 327/658
f 262/522 28/521 326/659 664/657
f 664/660 326/661 146/205 442/204
f 327/662 664/660 442/204 145/203
f 28/521 265/528 665/663 326/659
f 265/528 19/527 328/664 665/663
f 665/665 328/666 147/209 444/208
f 326/661 665/665 444/208 146/205
f 21/541 271/540 666/667 330/668
f 271/540 31/539 329/669 666/667
f 666/670 329/671 151/223 451/222
f 330/672 666/670 451/222 150/221
f 31/539 273/544 667/673 329/669
f 273/544 20/523 327/658 667/673
f 667/674 327/662 145/203 453/225
f 329/671 667/674 453/225 151/223
f 33/545 276/548 668/675 331/676
f 276/548 21/541 330/668 668/675
f 668/677 330/672 150/221 454/227
f 331/678 668/677 454/227 152/226
f 79/549 274/546 669/679 332/680
f 274/546 33/545 331/676 669/679
f 669/681 331/678 152/226 456/229
f 332/682 669/681 456/229 153/231
f 36/553 277/551 670/683 333/684
f 277/551 79/549 332/680 670/683
f 670/685 332/682 153/231 458/233
f 333/686 670/685 458/233 154/235
f 3/356 281/556 671/687 325/654
f 281/556 35/560 334/688 671/687
f 671/689 334/690 155/238 459/236
f 325/656 671/689 459/236 98/34
f 35/560 280/559 672/691 334/688
f 280/559 80/558 335/692 672/691
f 672/693 335/694 156/240 460/239
f 334/690 672/693 460/239 155/238
f 80/558 283/564 673/695 335/692
f 283/564 37/563 336/696 673/695
f 673/697 336/698 157/244 462/243
f 335/694 673/697 462/243 156/240
f 81/567 284/565 674/699 337/700
f 284/565 36/553 333/684 674/699
f 674/701 333/686 154/235 465/247
f 337/702 674/701 465/247 158/249
f 696/703 697/704 684/705 685/706
f 288/574 81/567 337/700 675/707
f 675/708 337/702 158/249 467/253
f 37/563 290/578 676/709 336/696
f 290/578 82/577 338/710 676/709
f 676/711 338/712 160/258 469/257
f 336/698 676/711 469/257 157/244
f 82/577 292/581 677/713 338/710
f 695/714 696/703 685/706 687/715
f 338/712 677/716 471/260 160/258
f 19/527 295/584 678/717 328/664
f 295/584 32/588 339/718 678/717
f 678/719 339/720 161/266 473/264
f 328/666 678/719 473/264 147/209
f 32/588 298/590 679/721 339/718
f 298/590 22/594 340/722 679/721
f 679/723 340/724 163/272 476/270
f 339/720 679/723 476/270 161/266
f 22/594 305/604 680/725 340/722
f 305/604 34/608 341/726 680/725
f 680/727 341/728 167/286 483/284
f 340/724 680/727 483/284 163/272
f 34/608 307/610 681/729 341/726
f 307/610 1/320 322/640 681/729
f 681/730 322/644 87/1 486/290
f 341/728 681/730 486/290 167/286
f 38/571 288/574 688/731 689/732
f 693/733 698/734 675/708 467/253
f 467/253 159/252 692/735 693/733
f 292/581 38/571 689/732 690/736
f 159/252 471/260 691/737 692/735
f 690/736 694/738 677/713 292/581
f 689/732 688/731 682/739 683/740
f 690/736 689/732 683/740 686/741
f 694/742 695/714 687/715 691/737
f 692/735 691/737 687/715 685/706
f 693/733 692/735 685/706 684/705
f 697/704 698/734 693/733 684/705
f 686/741 695/743 694/738 690/736
f 686/741 683/740 696/744 695/743
f 683/740 682/739 697/745 696/744
f 682/739 688/731 698/746 697/745
f 675/707 698/746 688/731 288/574
f 677/716 694/742 691/737 471/260
v 3.160699 4.657940 -1.868400
v 1.931431 4.391131 -3.324881
v 0.030836 4.319872 -4.047300
v -2.150835 4.321647 -3.846264
v -3.858055 4.305177 -2.323657
v 2.928768 5.344785 -1.747517
v 1.698775 5.344953 -2.930001
v -0.010060 5.403372 -3.499850
v -1.723837 5.417920 -3.009864
v -3.027680 5.422524 -1.786331
v 2.601768 6.398212 -1.446319
v 1.449588 6.383859 -2.442677
v -0.034181 6.388112 -2.775948
v -1.463579 6.466180 -2.496918
v -2.638011 6.522647 -1.507593
v 1.684660 6.652437 -0.677364
v 0.919620 6.830138 -1.206741
v 0.003022 7.095723 -1.543996
v -1.067766 7.159896 -1.390600
v -1.826240 7.125248 -0.847260
v 3.462400 1.262614 -2.034611
v -3.673311 1.374730 -2.114025
v -2.049804 1.330789 -3.612617
v 0.197150 1.278396 -4.001274
v 2.025239 1.265792 -3.527630
v 4.657220 0.615279 -2.724973
v 2.777115 0.616399 -4.719820
v 2.811205 1.238560 -4.869523
v 4.734456 1.246605 -2.780549
v 1.066237 0.639278 -5.306134
v 0.892946 1.174649 -5.461691
v 3.172016 2.564931 -1.857282
v -3.878368 2.839643 -2.328288
v -2.205184 2.804853 -3.950621
v 0.208667 2.620823 -4.167136
v 2.012326 2.837152 -3.271147
v 2.430801 1.225878 -1.425168
v 2.487235 1.768897 -1.453669
v 0.611765 1.409612 -2.997527
v 1.471742 1.247584 -2.459259
v 0.659279 1.840633 -3.019449
v 1.517499 1.792286 -2.513838
v 3.812179 2.978942 -2.198852
v 3.797385 4.144974 -2.168092
v 2.756015 3.112453 -3.513803
v 2.782955 4.029598 -3.438651
v 3.025301 1.507804 -3.501871
v 3.437242 1.506114 -3.091629
v 3.805612 1.508225 -3.386111
v 3.328560 1.505831 -3.875037
v 1.010091 1.508602 -4.553084
v 1.539551 1.506008 -4.397460
v 1.751833 1.505935 -4.821795
v 1.180452 1.508035 -5.016960
v 4.340157 1.507807 -1.488874
v 4.491373 1.507335 -0.931028
v 4.955166 1.507631 -1.001290
v 4.771588 1.507712 -1.659358
v 3.848610 2.572445 -1.320707
v 3.974786 2.558331 -0.825067
v 4.034495 2.612890 -1.386586
v 4.176103 2.611401 -0.857900
v 2.726688 2.587170 -3.087940
v 3.067769 2.577365 -2.717050
v 2.905066 2.633254 -3.209242
v 3.238494 2.614930 -2.835234
v 2.391680 4.715249 -1.941586
v 1.912905 4.704371 -2.432239
v 1.842911 5.018803 -2.360295
v 2.328925 5.025158 -1.877940
v 1.995860 1.231405 -2.008281
v 2.044082 1.770102 -2.049333
v 2.610362 0.301970 -4.141439
v 4.209754 0.292675 -2.379395
v 3.216112 1.531429 -3.282269
v 3.646926 1.531135 -3.215418
v 3.596340 1.528630 -3.661100
v 3.148805 1.531535 -3.714171
v 0.993946 0.469232 -4.797301
v 0.450016 1.148798 -4.922980
v 1.265134 1.532233 -4.455113
v 1.680173 1.527519 -4.595855
v 1.477670 1.528694 -4.957848
v 1.060280 1.532770 -4.795124
v 4.396592 1.533887 -1.205493
v 4.731587 1.529861 -0.932056
v 4.906896 1.530112 -1.342562
v 4.548673 1.529293 -1.611530
v 4.228995 3.086678 -1.161511
v 3.859260 3.647457 -2.232887
v 4.188867 4.123177 -1.148206
v -3.686455 3.571214 -2.257922
v -2.213944 3.569214 -3.945140
v 0.070977 3.577250 -4.204988
v 1.057705 2.853414 -3.708009
v 1.817669 3.637086 -3.626134
v 3.248005 3.091737 -3.073020
v 2.680274 3.653390 -3.608611
v 3.245326 4.110478 -2.989229
v 3.648582 1.242206 -1.003413
v 2.806562 1.135253 -1.647898
v 3.391296 2.456473 -0.941318
v 2.753662 2.172953 -1.614543
v 1.037257 1.251914 -3.700829
v 0.467489 1.375466 -3.351239
v 1.674595 1.151663 -2.857652
v 0.523078 2.115721 -3.372209
v 1.691744 2.254284 -2.815958
v 2.686906 1.251490 -2.731944
v 2.557583 2.556845 -2.561544
v 3.912958 2.540709 -1.072272
v 3.932687 2.565552 -1.385118
v 4.130012 2.600980 -1.128979
v 4.086672 2.556678 -0.814367
v 3.528409 4.461554 -2.029010
v 2.889449 2.561385 -2.897922
v 2.798908 2.586262 -3.189216
v 3.084295 2.612567 -3.040567
v 3.175658 2.564542 -2.758286
v 2.501511 4.176087 -3.447693
v 2.404068 3.081028 -3.550421
v 2.619943 4.509363 -2.616977
v 3.444149 1.407615 -2.778075
v 2.720910 1.408668 -3.509678
v 4.174742 1.329813 -2.449742
v 4.108477 1.410531 -3.262675
v 3.220932 1.406228 -4.196086
v 2.441079 1.329502 -4.267731
v 1.668384 1.408314 -4.140967
v 0.739861 1.407668 -4.404007
v 2.056517 1.408911 -4.882710
v 1.038599 1.403216 -5.227203
v 4.342072 1.409505 -0.664880
v 4.076294 1.408314 -1.647748
v 5.163149 1.411389 -0.750611
v 4.800587 1.412997 -1.977690
v 3.660845 2.625995 -1.469332
v 3.860548 2.579788 -0.603445
v 3.531564 2.716433 -2.055201
v 4.003742 2.737742 -1.613779
v 4.251956 2.738787 -0.639042
v 2.534268 2.681447 -3.149817
v 3.091834 2.633174 -2.478534
v 2.857695 2.784896 -3.343892
v 3.414216 2.740393 -2.675974
v 1.960222 4.629501 -2.728409
v 2.697687 4.673965 -1.953592
v 1.849279 5.126223 -2.585307
v 2.586799 5.138802 -1.876099
v -2.578672 -0.266979 -0.330502
v 2.471441 -0.325134 -0.313337
v -1.497828 -0.037793 -0.674478
v 0.042918 -0.010802 -0.800002
v 1.545948 -0.051781 -0.690083
v 3.815025 0.615469 -3.852360
v 2.887320 0.930421 -4.949124
v 3.926512 1.200925 -3.991899
v 4.858564 0.931637 -2.854772
v 1.713715 0.620667 -5.245510
v 0.875352 0.878385 -5.518497
v 1.721587 1.195491 -5.431508
v -1.959126 0.703650 -3.316337
v -0.961397 1.317188 -3.767077
v 0.084825 0.628426 -4.106044
v -3.411785 0.783730 -1.895535
v -2.864407 1.382149 -2.871062
v -4.222612 1.356720 -1.127350
v 5.189249 0.615727 -1.418806
v 5.341354 1.214107 -1.458712
v 2.116531 4.676752 -2.162429
v 1.787504 4.857146 -2.409303
v 2.042556 5.047655 -2.082557
v 2.368712 4.860935 -1.826963
v 1.096368 4.342980 -4.037509
v 0.008485 4.913106 -3.811203
v 0.883248 5.392602 -3.379590
v 1.609405 4.896551 -3.218758
v -1.049078 4.295453 -3.862669
v -1.987225 4.957211 -3.499325
v -0.893453 5.401925 -3.325453
v -3.160537 4.329198 -3.273659
v -3.620742 4.993167 -2.148168
v -2.459374 5.426005 -2.499534
v -4.239228 4.303966 -1.199865
v -3.364228 5.411943 -0.937204
v 3.633893 4.715283 -0.985225
v 3.164767 4.945997 -1.612639
v 3.307817 5.379672 -0.910105
v 2.334941 5.453670 -2.367036
v 1.603895 5.879320 -2.772166
v 2.081390 6.383130 -2.014723
v 2.929678 5.921057 -1.701444
v -0.038660 5.893267 -3.240839
v 0.717322 6.368544 -2.695823
v -1.557913 5.912182 -2.695221
v -0.731199 6.373861 -2.603887
v -2.738275 5.936900 -1.616733
v -2.176299 6.545756 -2.195321
v -2.703586 6.478086 -0.767095
v 2.897575 6.440333 -0.776768
v 1.187900 6.685633 -1.841622
v 1.310238 6.697898 -0.955559
v 2.114871 6.616903 -1.076649
v -0.022268 6.747356 -2.130857
v 0.467906 6.959416 -1.390547
v -1.274934 6.953093 -2.091387
v -0.536379 7.182650 -1.562633
v -2.312621 6.990646 -1.216177
v -1.473811 7.045873 -1.166083
v -2.080954 7.270893 -0.503959
v 1.946171 6.735545 -0.402834
v 0.867286 7.070197 -0.652762
v 1.367322 6.722871 -0.340304
v -0.015760 7.323764 -0.846351
v -0.808598 7.068831 -0.750421
v -1.475999 6.974966 -0.453026
v 2.752136 1.183387 -0.740450
v 2.367483 1.432965 -1.383660
v 2.843894 1.747852 -0.753797
v -4.399382 2.855511 -1.237345
v -3.834711 2.078358 -2.261127
v -3.116310 2.818712 -3.220824
v -2.123910 2.043549 -3.781001
v -1.051956 2.793938 -4.008533
v -0.117968 1.929238 -3.773100
v 0.941375 1.310758 -2.759833
v 0.588506 1.617908 -2.970170
v 1.002438 1.834731 -2.824341
v 1.437676 1.441362 -2.386127
v 3.978106 0.928370 -4.039557
v 1.753928 0.922901 -5.497953
v -0.972736 0.697156 -3.697978
v -2.752722 0.772917 -2.671948
v -3.845901 0.732889 -1.001868
v 5.420485 0.930362 -1.486711
v 2.006954 4.849022 -2.063817
v 0.981934 4.927361 -3.746329
v -0.988782 4.901786 -3.637903
v -2.928721 4.999796 -2.994333
v -4.028367 4.986635 -1.117746
v 3.489341 4.979047 -0.923277
v 2.350446 5.911260 -2.365940
v 0.788046 5.857678 -3.050602
v -0.803037 5.879958 -2.985228
v -2.245418 5.938835 -2.274137
v -2.930955 5.910204 -0.835160
v 3.161084 5.917595 -0.878498
v 1.681297 6.602841 -1.491889
v 0.594805 6.728315 -2.045815
v -0.626106 6.841758 -2.185297
v -1.858815 6.976358 -1.746844
v -2.569095 7.032640 -0.652918
v 2.434313 6.724453 -0.628320
v 1.123128 6.887920 -0.487074
v 0.473235 7.235667 -0.791582
v -0.488470 7.248302 -0.798488
v -1.164954 6.890525 -0.634820
v -1.723679 7.158959 -0.269926
v 1.604863 6.668610 -0.207677
v 2.703393 1.403888 -0.718002
v -4.351720 2.082509 -1.205928
v -2.980290 2.078468 -3.038377
v -1.030125 2.032949 -3.800986
v 0.958923 1.529540 -2.694875
v 1.943486 1.430771 -1.948354
v 3.489583 0.294204 -3.374564
v 3.406197 1.575082 -3.474426
v 1.726440 0.339929 -4.623072
v 0.513332 0.768163 -4.904526
v 1.372473 1.573532 -4.701059
v 4.673632 0.294881 -1.237456
v 4.649756 1.573150 -1.271001
v 4.259597 3.618246 -1.175714
v -4.102066 3.580151 -1.180030
v -3.141824 3.569047 -3.273318
v -1.068837 3.575393 -3.980154
v 1.091145 3.617200 -4.139916
v 3.254341 3.654990 -3.103935
v 3.127813 1.122388 -0.854701
v 3.092812 2.153008 -0.839206
v 0.982787 1.198071 -3.175465
v 0.307600 1.755991 -3.334788
v 1.042862 2.261423 -3.158806
v 2.293985 1.144631 -2.318103
v 2.267498 2.190060 -2.280672
v 4.034226 2.527404 -1.105925
v 3.913864 4.486673 -1.068087
v 2.995458 2.539369 -2.983475
v 2.310912 3.657614 -3.656541
v 3.020906 4.381116 -2.851402
v 2.993188 1.409886 -3.051867
v 3.887723 1.419292 -2.907427
v 3.767915 1.406956 -3.834608
v 2.847523 1.415530 -3.978889
v 1.147058 1.407799 -4.144155
v 2.001920 1.418832 -4.475479
v 1.585321 1.410163 -5.195853
v 0.728169 1.400021 -4.878303
v 4.079801 1.408054 -1.119264
v 4.788832 1.422356 -0.560877
v 5.125059 1.416386 -1.402975
v 4.411280 1.417112 -1.982129
v 3.706226 2.563910 -1.020759
v 3.788432 2.662912 -1.656678
v 4.202461 2.770902 -1.147358
v 4.101956 2.656074 -0.495117
v 2.770599 2.636333 -2.788172
v 2.633776 2.749641 -3.371891
v 3.174481 2.784537 -3.065298
v 3.323283 2.662699 -2.489453
v 2.333446 4.577632 -2.363312
v 1.758357 4.878955 -2.765266
v 2.205823 5.226819 -2.228576
v 2.773636 4.894013 -1.776338
v -2.107041 -0.196661 -0.512413
v -0.752455 -0.005341 -0.758476
v 0.832787 -0.013540 -0.790637
v 2.104455 -0.229709 -0.525530
v -3.623601 0.342005 -0.881891
v -3.062678 0.082962 -1.394444
v -2.680376 0.318611 -2.432666
v -1.925451 0.250916 -3.039696
v -0.996296 0.220787 -3.415004
v -0.072144 0.184275 -3.630826
v 0.846056 0.228021 -4.147544
v 1.664978 0.080864 -4.067000
v 2.463431 0.010239 -3.655808
v 3.241762 0.008555 -2.974587
v 3.870314 0.007925 -2.087789
v 4.278878 -0.000199 -1.093977
v 2.950350 -0.308829 -1.265678
v 2.732471 -0.378298 -0.976456
v 2.567874 -0.404487 -0.652265
v 2.489360 -0.186217 -1.823925
v 2.295466 -0.164774 -1.419014
v 2.160488 -0.209205 -0.983506
v 1.855660 -0.268355 -2.267796
v 1.691281 -0.128085 -1.775494
v 1.591737 -0.071529 -1.262288
v 1.109068 -0.236135 -2.639278
v 0.951987 -0.131227 -2.039783
v 0.874944 -0.060247 -1.444811
v 0.203619 -0.098791 -3.029272
v 0.110951 -0.110097 -2.208475
v 0.067169 -0.054718 -1.505560
v -0.855556 -0.041041 -2.813432
v -0.785894 -0.095882 -2.108537
v -0.762483 -0.047062 -1.448151
v -1.760921 -0.013122 -2.485287
v -1.613613 -0.079330 -1.859458
v -1.543476 -0.052648 -1.288473
v -2.508950 0.038681 -2.010531
v -2.309345 -0.063995 -1.490802
v -2.190484 -0.116357 -1.010579
v -2.851616 -0.072837 -1.025721
v -2.692117 -0.199195 -0.668187
v -3.429109 0.079526 -0.719047
v -3.219643 -0.075365 -0.515338
v -3.023639 -0.169618 -0.325000
v 3.239322 -0.379254 -0.659251
v 3.021443 -0.410832 -0.506471
v 2.849945 -0.382123 -0.310467
v -3.247675 0.356186 -1.685014
v 1.076895 -0.026966 -3.775098
v 1.600704 -0.168121 -3.588350
v 2.295029 -0.259325 -3.183084
v 2.984397 -0.165440 -2.578332
v 3.524483 -0.157569 -1.800355
v 3.859436 -0.203843 -0.940397
v -4.292516 4.299944 -0.051777
v 3.769135 4.719190 -0.062062
v -3.491887 5.420028 -0.035184
v 3.406651 5.373748 -0.064935
v -2.749694 6.481812 -0.018387
v 3.018128 6.433572 -0.041016
v -2.189975 7.327763 -0.042401
v 2.050720 6.799374 -0.048158
v 4.021033 1.269471 -0.062388
v -4.440615 1.322091 -0.047457
v 5.368391 0.615412 -0.063222
v 5.513549 1.246240 -0.063222
v 3.633259 2.497118 -0.053342
v -4.439780 2.843302 -0.051435
v 3.110085 1.108336 -0.021510
v 3.363746 1.599600 0.007839
v 4.309703 2.977128 -0.053951
v 4.318113 4.095390 -0.048461
v -1.470307 -0.031679 -0.062825
v 2.404244 -0.213612 -0.039632
v -2.584358 -0.249760 -0.059728
v 0.031298 -0.001254 -0.063222
v 1.537906 -0.028009 -0.060434
v -4.049778 0.688374 -0.054747
v 5.610795 0.931716 -0.063222
v -4.122090 4.974254 -0.046067
v 3.608517 4.975768 -0.063222
v -3.009094 5.925488 -0.022041
v 3.167491 5.868110 -0.070007
v -2.632097 7.040801 -0.038717
v 2.595133 6.783806 -0.040158
v -1.872207 7.244112 -0.067758
v 1.722926 6.700403 -0.051764
v 3.157476 1.275243 -0.002439
v -4.441972 2.075881 -0.048344
v 4.830962 0.292942 -0.063381
v 4.386647 3.586392 -0.050646
v -4.159327 3.582969 -0.066327
v 3.383127 1.093388 -0.046925
v 3.428163 2.064188 -0.022861
v 4.052606 4.474198 -0.054248
v 4.818226 1.340277 -0.063222
v 4.060111 2.705726 -0.049997
v 2.711147 -0.242347 -0.036059
v -2.074126 -0.180043 -0.060690
v -0.749301 0.000252 -0.063213
v 0.819941 -0.001769 -0.063075
v 2.091950 -0.149959 -0.048557
v -3.771499 0.327281 -0.062110
v 4.424418 0.003776 -0.063978
v -3.566401 0.074766 -0.063174
v -3.093398 -0.140441 -0.061759
v 3.154341 -0.225801 -0.049309
v 3.385956 -0.219888 -0.053448
v 2.997419 -0.235574 -0.044575
v -3.339045 -0.066811 -0.062835
v 3.984272 -0.161486 -0.061379
v 3.160775 4.657787 1.742113
v 1.935260 4.410038 3.187932
v 0.036380 4.267583 4.089414
v -2.180835 4.334371 3.828567
v -3.700811 4.307852 2.170966
v 2.899423 5.326811 1.604450
v 1.709299 5.315235 2.795707
v -0.020590 5.417871 3.425945
v -1.925367 5.600579 3.275289
v -3.211931 5.528607 1.858505
v 2.291022 6.193932 1.192090
v 1.584198 6.571317 2.498931
v 0.016648 6.463322 2.739883
v -1.490116 6.582874 2.386199
v -2.786133 6.765328 1.540202
v 1.556582 6.758478 0.649869
v 1.208068 7.290364 1.290252
v 0.129935 7.013983 1.404977
v -0.960476 6.893112 1.235093
v -1.803560 7.131986 0.709370
v 3.463901 1.262204 1.908373
v -3.882795 1.303707 2.154454
v -2.147785 1.306764 3.703438
v 0.178327 1.270842 3.919571
v 2.025239 1.265792 3.401187
v 4.657220 0.615279 2.598530
v 2.776456 0.616170 4.593541
v 2.811205 1.238560 4.743080
v 4.734456 1.246605 2.654107
v 1.044725 0.628261 5.197892
v 0.890997 1.174793 5.336444
v 3.148057 2.531766 1.716181
v -3.679808 2.825095 2.174407
v -2.194182 2.823223 3.907875
v 0.254360 2.578523 4.077727
v 2.019830 2.832375 3.153732
v 2.485261 1.211906 1.306389
v 2.587832 1.732414 1.341733
v 0.611776 1.409606 2.871101
v 1.471742 1.247584 2.332816
v 0.665330 1.838444 2.902378
v 1.517536 1.792272 2.387468
v 3.820308 2.981603 2.075114
v 3.796799 4.143906 2.043667
v 2.756015 3.112453 3.387362
v 2.782955 4.029598 3.312207
v 3.025301 1.507804 3.375428
v 3.437242 1.506114 2.965183
v 3.805612 1.508225 3.259668
v 3.328560 1.505831 3.748595
v 1.010091 1.508602 4.426640
v 1.539551 1.506008 4.271016
v 1.751833 1.505935 4.695351
v 1.180452 1.508035 4.890516
v 4.340157 1.507807 1.362429
v 4.491373 1.507335 0.804584
v 4.955166 1.507631 0.874846
v 4.771588 1.507712 1.532910
v 3.839766 2.568735 1.189944
v 3.972525 2.561714 0.702743
v 4.034495 2.612890 1.260141
v 4.175187 2.611080 0.732546
v 2.726688 2.587170 2.961498
v 3.067769 2.577365 2.590606
v 2.905066 2.633254 3.082798
v 3.238494 2.614930 2.708791
v 2.391680 4.715249 1.815142
v 1.912905 4.704370 2.305798
v 1.842529 5.018395 2.233504
v 2.328009 5.024234 1.750749
v 1.996331 1.231299 1.881898
v 2.046423 1.769032 1.923201
v 2.607813 0.301454 4.014106
v 4.214758 0.294261 2.253955
v 3.216112 1.531429 3.155827
v 3.646926 1.531135 3.088972
v 3.596340 1.528630 3.534655
v 3.148805 1.531535 3.587728
v 0.909387 0.425745 4.742552
v 0.435008 1.148643 4.808986
v 1.265134 1.532233 4.328671
v 1.680173 1.527519 4.469414
v 1.477670 1.528694 4.831402
v 1.060280 1.532770 4.668680
v 4.396591 1.533887 1.079046
v 4.731587 1.529861 0.805612
v 4.906896 1.530112 1.216118
v 4.548673 1.529293 1.485084
v 4.232077 3.089485 1.050459
v 3.860851 3.648330 2.108949
v 4.185346 4.116760 1.038126
v -3.459332 3.596770 2.070032
v -2.204370 3.603257 3.937118
v 0.111578 3.497774 4.216188
v 1.170821 2.788073 3.705128
v 1.825046 3.628825 3.495934
v 3.249062 3.092064 2.946808
v 2.680274 3.653390 3.482167
v 3.245326 4.110478 2.862784
v 3.668819 1.236678 0.880198
v 2.831217 1.128935 1.524817
v 3.471470 2.404258 0.832557
v 2.803946 2.137783 1.494160
v 1.035779 1.251206 3.578461
v 0.466301 1.374310 3.229543
v 1.674595 1.151663 2.731209
v 0.550992 2.103473 3.276085
v 1.694662 2.252656 2.693470
v 2.686906 1.251490 2.605500
v 2.551031 2.548513 2.429075
v 3.910335 2.542139 0.945722
v 3.931906 2.565162 1.258267
v 4.130012 2.600980 1.002535
v 4.083507 2.555899 0.691892
v 3.528982 4.459953 1.904287
v 2.889449 2.561385 2.771480
v 2.798908 2.586262 3.062773
v 3.084296 2.612567 2.914124
v 3.175658 2.564542 2.631843
v 2.501886 4.178850 3.320297
v 2.403977 3.081044 3.423961
v 2.620409 4.512109 2.489597
v 3.444149 1.407615 2.651632
v 2.720910 1.408668 3.383235
v 4.174742 1.329813 2.323298
v 4.108477 1.410531 3.136232
v 3.220932 1.406228 4.069645
v 2.441079 1.329502 4.141286
v 1.668384 1.408314 4.014521
v 0.738384 1.406959 4.281639
v 2.056517 1.408911 4.756267
v 1.038599 1.403216 5.100760
v 4.342138 1.409478 0.538447
v 4.076361 1.408289 1.521310
v 5.163149 1.411389 0.624167
v 4.800587 1.412997 1.851247
v 3.628587 2.608944 1.326677
v 3.854186 2.590362 0.493031
v 3.528161 2.712698 1.926669
v 4.004837 2.738121 1.487877
v 4.248906 2.737752 0.518848
v 2.534190 2.681321 3.023262
v 3.088079 2.629380 2.350065
v 2.857695 2.784896 3.217447
v 3.415273 2.740720 2.549763
v 1.960848 4.632408 2.600742
v 2.697687 4.673965 1.827149
v 1.850129 5.121600 2.457024
v 2.583068 5.135008 1.746584
v -2.582070 -0.168798 0.210169
v 2.518822 -0.111892 0.241376
v -1.498495 -0.018479 0.548594
v 0.042918 -0.010802 0.673556
v 1.552512 -0.013662 0.575007
v 3.815025 0.615469 3.725917
v 2.887320 0.930421 4.822682
v 3.926512 1.200925 3.865457
v 4.858564 0.931637 2.728328
v 1.708176 0.618272 5.121546
v 0.862080 0.878231 5.400699
v 1.721587 1.195491 5.305064
v -2.061121 0.669159 3.390923
v -1.033949 1.305049 3.821203
v -0.015792 0.609339 4.049134
v -3.459815 0.723306 1.825943
v -3.096159 1.314584 3.064208
v -4.330175 1.301340 1.068506
v 5.189249 0.615727 1.292361
v 5.341354 1.214107 1.332267
v 2.116531 4.676752 2.035986
v 1.787504 4.857146 2.282860
v 2.041209 5.046223 1.954899
v 2.368659 4.860881 1.700477
v 1.099332 4.307093 3.900270
v -0.023178 4.909803 3.841819
v 0.886976 5.382535 3.259517
v 1.615030 4.898087 3.080158
v -1.048797 4.276618 3.890343
v -2.069915 4.999110 3.556183
v -0.951109 5.474792 3.306183
v -3.056611 4.333812 3.115121
v -3.667000 4.992642 2.128648
v -2.741887 5.619969 2.720297
v -4.093750 4.286083 1.086565
v -3.405109 5.446996 0.906189
v 3.634600 4.713839 0.860558
v 3.164447 4.945689 1.485965
v 3.282860 5.360925 0.774825
v 2.291849 5.412332 2.198587
v 1.573535 5.841278 2.624373
v 1.968116 6.364726 1.863657
v 2.649237 5.760592 1.431166
v -0.007899 5.883036 3.015635
v 0.808996 6.524963 2.707021
v -1.734097 6.125898 2.872247
v -0.754603 6.524562 2.673710
v -2.994595 6.185052 1.719397
v -2.206283 6.724015 2.121893
v -2.879862 6.604411 0.719629
v 2.712445 6.287148 0.586414
v 1.445236 7.062065 2.009011
v 1.441695 7.069881 0.991855
v 1.950791 6.569083 0.953240
v 0.065882 6.879705 2.146745
v 0.583217 7.224877 1.450022
v -1.219884 6.917359 1.878253
v -0.393912 6.891984 1.356187
v -2.305068 7.160554 1.200365
v -1.428346 7.018297 1.017619
v -2.069815 7.250507 0.356614
v 1.884393 6.700661 0.273814
v 1.032578 7.355809 0.578288
v 1.365210 6.859957 0.307462
v 0.095027 7.156363 0.647433
v -0.744556 6.811567 0.556945
v -1.451605 6.904161 0.297289
v 3.062433 1.103257 0.669265
v 2.453224 1.407650 1.269545
v 3.365489 1.566279 0.722956
v -4.086911 2.818261 1.060982
v -3.997165 2.069578 2.278354
v -3.147037 2.859018 3.209602
v -2.197834 2.046685 3.804339
v -1.069387 2.731001 4.345146
v -0.115771 1.900772 3.734485
v 0.941375 1.310758 2.633390
v 0.589099 1.617694 2.844650
v 1.003223 1.834436 2.699188
v 1.437676 1.441362 2.259685
v 3.978106 0.928370 3.913115
v 1.753928 0.922901 5.371508
v -1.038207 0.676344 3.625724
v -2.862778 0.701067 2.718808
v -3.929174 0.673215 0.919740
v 5.420485 0.930362 1.360267
v 2.006952 4.849019 1.937373
v 0.960813 4.903132 3.637173
v -1.023420 4.931239 3.613348
v -3.005479 5.022422 2.999736
v -3.982809 4.959734 1.061667
v 3.489294 4.979004 0.796802
v 2.169040 5.791564 2.084134
v 0.817945 5.880946 2.923015
v -0.865452 5.976421 2.948954
v -2.550367 6.235087 2.504405
v -3.034018 5.997192 0.811480
v 2.987337 5.785450 0.691895
v 1.762910 6.824130 1.487484
v 0.729626 6.959198 2.147287
v -0.578163 6.899178 2.091653
v -1.798241 7.058738 1.631979
v -2.569973 7.101702 0.575169
v 2.360375 6.652768 0.459653
v 1.259511 7.145426 0.458103
v 0.496847 7.362387 0.675934
v -0.276049 6.933078 0.597531
v -1.169048 6.819946 0.469188
v -1.704497 7.091694 0.115367
v 1.549015 6.694250 0.122049
v 3.160850 1.268245 0.674256
v -4.364600 2.069918 1.112382
v -3.223088 2.075463 3.215963
v -1.096616 1.978266 4.081490
v 0.958923 1.529541 2.568434
v 1.945114 1.430307 1.822135
v 3.492792 0.295299 3.246740
v 3.406197 1.575082 3.347983
v 1.688827 0.322252 4.514464
v 0.420804 0.764323 4.839357
v 1.372473 1.573532 4.574614
v 4.678097 0.296206 1.110283
v 4.649756 1.573150 1.144558
v 4.262982 3.621564 1.066373
v -3.884586 3.578717 1.016639
v -2.921196 3.613075 3.051768
v -1.085320 3.548373 4.262925
v 1.157236 3.537474 4.012798
v 3.254516 3.655044 2.977528
v 3.274177 1.084789 0.752561
v 3.415720 2.006336 0.776600
v 0.982541 1.197953 3.049699
v 0.313194 1.751481 3.217333
v 1.064942 2.250683 3.061026
v 2.294029 1.144621 2.191665
v 2.266435 2.187497 2.153082
v 4.034226 2.527404 0.979480
v 3.917301 4.477065 0.954386
v 2.995458 2.539369 2.857031
v 2.310447 3.658174 3.529834
v 3.020984 4.381573 2.724804
v 2.993188 1.409886 2.925425
v 3.887723 1.419292 2.780985
v 3.767915 1.406956 3.708164
v 2.847523 1.415530 3.852444
v 1.146811 1.407680 4.018390
v 2.001920 1.418832 4.349036
v 1.585321 1.410163 5.069409
v 0.727923 1.399904 4.752539
v 4.080206 1.407902 0.992877
v 4.788832 1.422356 0.434431
v 5.125059 1.416386 1.276532
v 4.411280 1.417112 1.855688
v 3.697480 2.566783 0.895273
v 3.783314 2.660014 1.527519
v 4.202872 2.771262 1.023123
v 4.082959 2.651399 0.395570
v 2.769519 2.634974 2.660730
v 2.633776 2.749641 3.245447
v 3.174658 2.784591 2.938894
v 3.322846 2.662142 2.362731
v 2.333521 4.578090 2.236713
v 1.759802 4.879898 2.636959
v 2.195362 5.214749 2.092292
v 2.773306 4.893694 1.649647
v -2.110866 -0.086138 0.389797
v -0.752473 -0.004848 0.632040
v 0.833454 -0.011439 0.665352
v 2.127988 -0.043390 0.433896
v -3.637702 0.331784 0.761800
v -3.062380 0.086693 1.268364
v -2.688888 0.297667 2.331444
v -1.941323 0.244492 2.946590
v -1.020837 0.220038 3.322918
v -0.128839 0.179732 3.549447
v 0.753397 0.180418 4.099142
v 1.630721 0.067924 3.963577
v 2.473209 0.033107 3.517787
v 3.264108 0.019080 2.838665
v 3.906486 0.019241 1.968578
v 4.310564 0.014233 0.964525
v 3.068928 -0.139778 1.201046
v 2.843210 -0.093801 0.928187
v 2.663315 -0.060826 0.596382
v 2.590453 -0.157047 1.788402
v 2.410471 -0.111816 1.426216
v 2.229722 -0.050707 0.931529
v 1.925347 -0.164526 2.261387
v 1.764893 -0.124904 1.795797
v 1.625942 -0.055409 1.196262
v 1.139478 -0.164529 2.620497
v 0.979241 -0.132279 2.007752
v 0.881603 -0.061886 1.336966
v 0.192085 -0.080380 2.902932
v 0.112944 -0.108489 2.092561
v 0.067580 -0.054931 1.380849
v -0.859163 -0.038763 2.689944
v -0.786066 -0.095570 1.981758
v -0.762484 -0.046981 1.321709
v -1.761073 -0.013331 2.359623
v -1.613645 -0.078408 1.733027
v -1.543774 -0.044044 1.162183
v -2.508162 0.037498 1.884694
v -2.309765 -0.051861 1.364550
v -2.192831 -0.048557 0.885465
v -2.853191 -0.027297 0.900067
v -2.696651 -0.068144 0.544906
v -3.429760 0.084832 0.592796
v -3.220917 -0.038544 0.389783
v -3.026085 -0.098886 0.201550
v 3.334711 -0.137637 0.568894
v 3.089325 -0.104567 0.421355
v 2.899779 -0.120510 0.232928
v -3.248061 0.342804 1.565865
v 1.020311 -0.032893 3.685999
v 1.581832 -0.093720 3.488846
v 2.312586 -0.123759 3.056556
v 3.011898 -0.136076 2.444343
v 3.576586 -0.136819 1.685324
v 3.901722 -0.142765 0.824671
v -1.526752 6.992734 -0.078849
v -1.290513 6.834079 -0.079117
v -1.031632 6.771815 -0.102546
v -0.644436 6.885200 -0.145512
v -0.330309 7.090069 -0.125211
v -0.013273 7.297158 -0.087132
v 0.448245 7.385602 -0.080306
v 0.948816 7.278130 -0.093127
v 1.160392 7.086361 -0.045291
v 1.292666 6.845472 -0.023403
v 1.432004 6.708067 -0.031382
v -2.835555 -0.163671 0.126904
v -2.856721 -0.215834 -0.060424
v -2.832984 -0.237961 -0.248056
v 0.493017 0.093655 -3.783209
v 0.782191 -0.097827 -3.494225
v 1.391603 -0.301320 -3.138329
v 2.080781 -0.361134 -2.733896
v 2.727729 -0.206039 -2.203077
v 3.218644 -0.236597 -1.533191
v 3.503608 -0.322403 -0.795335
v 3.638478 -0.208188 -0.057066
v 3.572765 -0.160540 0.694370
v 3.301806 -0.163961 1.434913
v 2.778187 -0.172134 2.093600
v 2.117537 -0.166820 2.647501
v 1.394604 -0.150866 3.071335
v 0.744140 -0.080717 3.383240
v 0.424601 0.075128 3.698851
v 4.797564 0.775062 2.692775
v 4.452198 0.929920 3.349991
v 3.923846 0.775062 3.857621
v 4.268502 0.615293 3.190326
v 3.450018 0.929320 4.406942
v 2.847326 0.775062 4.753607
v 3.312328 0.615723 4.196410
v 3.973534 1.071396 3.910514
v 3.433251 1.206396 4.326502
v 2.879367 1.079606 4.822765
v 4.837790 1.084472 2.715393
v 4.350556 1.210279 3.331339
v 2.309399 0.929320 5.151542
v 1.732917 0.772119 5.294279
v 2.223444 0.616937 4.909040
v 1.258572 0.908049 5.460576
v 0.926455 0.732460 5.320576
v 1.285533 0.620425 5.209701
v 1.751866 1.064752 5.369278
v 1.266731 1.186283 5.389470
v 0.854704 1.029658 5.400069
v 2.228802 1.206967 5.099433
v -1.029523 0.977727 3.723285
v -1.603944 1.307940 3.800233
v -2.108021 0.967031 3.570806
v -1.563578 0.673213 3.529195
v -0.028417 0.946487 4.060985
v -0.461379 1.288413 3.857967
v -0.523701 0.661390 3.786940
v -2.980806 0.983434 2.906630
v -3.520523 1.310303 2.635136
v -3.673387 0.986380 1.997076
v -3.179100 0.719542 2.282870
v -2.641883 1.311192 3.439201
v -2.492154 0.681358 3.104477
v -4.145639 0.956644 1.001241
v -4.426556 1.308945 0.508905
v -4.035083 0.673184 0.436084
v -4.150799 1.300155 1.624634
v -3.723631 0.698895 1.377296
v 5.348273 0.775062 1.341798
v 5.183486 0.931175 2.058871
v 4.965637 0.615526 1.959421
v 5.409911 1.079373 1.353778
v 5.105644 1.218740 1.970957
v 2.384121 4.772933 1.746394
v 2.176649 4.852408 1.796978
v 2.045480 4.755808 1.972852
v 2.268125 4.689900 1.900032
v 1.872831 4.850737 2.104705
v 1.837528 4.765473 2.300024
v 1.987999 4.683184 2.188151
v 2.005737 4.948783 1.930083
v 1.911920 5.036767 2.110686
v 1.795161 4.950678 2.259501
v 2.348112 4.954840 1.706647
v 2.198404 5.040187 1.823344
v 1.705102 4.673695 3.158641
v 1.347469 4.901439 3.371286
v 1.030863 4.626052 3.783816
v 1.513588 4.345560 3.592364
v 0.487277 4.905804 3.801375
v 0.001901 4.605464 3.984496
v 0.588319 4.281361 4.061986
v 0.918725 5.150092 3.454779
v 0.440116 5.401688 3.384278
v -0.027053 5.177832 3.646652
v 1.611220 5.102622 2.969263
v 1.305499 5.353214 3.064786
v -0.520581 4.915483 3.736444
v -1.037599 4.615451 3.743267
v -0.500658 4.264981 3.994448
v -1.548972 4.964158 3.601202
v -2.130179 4.674131 3.701968
v -1.629137 4.305005 3.890485
v -0.991733 5.214528 3.468902
v -1.442936 5.539337 3.315884
v -2.002707 5.309969 3.422376
v -0.480665 5.438272 3.371391
v -2.565942 5.017746 3.337011
v -3.067581 4.688782 3.086258
v -2.662836 4.338116 3.532160
v -3.376629 5.010353 2.597125
v -3.742531 4.664766 2.182248
v -3.406247 4.320708 2.661714
v -2.878148 5.324896 2.863408
v -3.019537 5.580812 2.311605
v -3.448455 5.262709 1.997594
v -2.367632 5.627192 3.059191
v -3.856932 4.973259 1.611270
v -4.102895 4.638966 1.092752
v -3.925079 4.293480 1.641437
v -4.075337 4.963491 0.506187
v -4.219492 4.291162 0.520573
v -3.711134 5.212941 0.987735
v -3.466892 5.428891 0.431643
v -3.329832 5.482507 1.386480
v 3.555365 4.834845 0.822673
v 3.343985 4.966744 1.190410
v 3.185998 4.797507 1.549380
v 3.448244 4.695033 1.307407
v 3.399145 5.160022 0.787338
v 3.129387 5.348211 1.190583
v 3.074003 5.121497 1.497115
v 2.789981 5.550211 1.525622
v 2.424469 5.771403 1.769366
v 2.251680 5.573792 2.162651
v 2.578810 5.396102 1.914657
v 1.889138 5.815592 2.376964
v 1.629782 5.560496 2.706779
v 2.011042 5.389317 2.479845
v 2.069407 6.072485 1.990798
v 1.804223 6.501314 2.216555
v 1.575053 6.214247 2.584678
v 2.474391 5.978198 1.315215
v 2.121573 6.253007 1.521772
v 1.210998 5.866418 2.802881
v 0.847944 5.616071 3.074279
v 0.410600 5.880207 2.993199
v -0.014664 5.638235 3.206660
v 0.814063 6.206751 2.829613
v 0.410398 6.480166 2.733449
v 0.002208 6.175394 2.888346
v 1.203190 6.570046 2.660721
v -0.434345 5.915670 2.990931
v -0.910134 5.721510 3.121441
v -1.299126 6.049893 2.925860
v -1.836459 5.871651 3.089492
v -0.815403 6.254196 2.825994
v -1.125415 6.548462 2.539944
v -1.617426 6.363065 2.633821
v -0.372802 6.487153 2.730165
v -2.168520 6.193241 2.739107
v -2.648976 5.933097 2.617387
v -2.827968 6.232630 2.148574
v -3.078179 5.848911 1.777578
v -2.395735 6.496182 2.332547
v -2.538634 6.768119 1.873581
v -2.912787 6.491541 1.644615
v -1.853589 6.651829 2.269807
v -3.043514 6.091531 1.264654
v -3.181977 5.710307 0.852264
v -3.024499 5.949541 0.388352
v -2.953519 6.301973 0.769367
v -2.819716 6.529926 0.343184
v -2.884270 6.696817 1.137094
v 3.138392 5.564740 0.739808
v 2.837152 5.764614 1.068034
v 2.851300 6.037044 0.640697
v 2.497974 6.217034 0.884763
v 2.124706 6.398694 1.076111
v 1.841011 6.675099 1.216115
v 1.875454 6.617811 1.695137
v 1.647216 6.971640 1.768540
v 1.540363 6.850327 2.298855
v 1.598561 6.977794 1.253874
v 1.367439 7.208518 1.151291
v 1.327578 7.203955 1.659877
v 1.746110 6.681515 0.807591
v 1.485438 6.901320 0.826022
v 1.082354 7.035079 2.121385
v 0.780283 6.771203 2.463126
v 0.389518 6.904833 2.154379
v 0.038620 6.706140 2.477996
v 0.658197 7.109305 1.810578
v 0.343842 7.121166 1.441821
v 0.099350 6.964495 1.782488
v 0.908976 7.288547 1.394666
v -0.252824 6.885031 2.135251
v -0.670207 6.756071 2.413634
v -0.902818 6.901311 1.995824
v -1.355932 6.783704 2.142540
v -0.483723 6.920533 1.722053
v -0.680952 6.875664 1.306997
v -1.086795 6.935980 1.568383
v -0.121943 6.937257 1.382605
v -1.516565 6.979393 1.767229
v -2.003210 6.926219 1.892527
v -2.071585 7.125629 1.443949
v -2.568015 7.003358 1.393136
v -1.603098 7.077501 1.327780
v -1.627554 7.076619 0.872019
v -2.043935 7.191845 0.958844
v -1.207784 6.948878 1.138432
v -2.467153 7.144007 0.898457
v -2.753803 6.880945 0.655470
v -2.620797 7.063392 0.265853
v -2.321018 7.224650 0.472886
v -2.154672 7.301549 0.169868
v -1.954515 7.192540 0.537409
v 2.552929 6.503392 0.529250
v 2.147158 6.579960 0.702395
v 2.122397 6.702262 0.368079
v 1.713030 6.696997 0.459462
v 1.437047 6.821347 0.479717
v 1.309263 7.003216 0.387511
v 1.331777 7.129419 0.725094
v 1.180632 7.272455 0.521584
v 1.101163 7.342132 0.935304
v 0.773485 7.387722 0.639581
v 0.539127 7.309163 1.066071
v 0.276437 7.274034 0.673336
v 0.127067 7.081013 1.024334
v -0.081735 7.038479 0.620201
v -0.317934 6.896290 0.977600
v -0.504478 6.856404 0.578600
v -0.844750 6.842299 0.900545
v -0.970728 6.803394 0.521392
v -1.284542 6.916909 0.739191
v -1.318375 6.848217 0.388661
v -1.602883 7.015733 0.492740
v -1.584288 6.992257 0.207755
v -1.865966 7.187264 0.235135
v 1.691753 6.696745 0.196148
v 1.450973 6.755318 0.218357
v 3.081495 1.169164 0.662737
v 2.838526 1.337195 0.979240
v 2.437456 1.295590 1.269084
v 2.800561 1.156596 0.994615
v 3.269914 1.398511 0.696063
v 3.009710 1.645710 1.040268
v 2.506890 1.555471 1.294363
v -3.996913 1.676498 2.248504
v -4.227603 2.068568 1.707698
v -4.398249 1.680531 1.104814
v -4.427582 2.072417 0.529865
v -4.243957 2.445192 1.093430
v -4.289832 2.829513 0.510546
v -3.864991 2.447769 2.243126
v -3.887544 2.816521 1.618404
v -2.179493 1.669070 3.767074
v -2.730279 2.066624 3.548202
v -3.180299 1.684786 3.162922
v -3.653855 2.074162 2.786895
v -3.214380 2.468056 3.236522
v -3.451767 2.844787 2.720596
v -2.197495 2.432338 3.857852
v -2.709235 2.851220 3.594059
v -0.068074 1.590745 3.736763
v -0.558511 1.945110 3.964508
v -1.067731 1.635377 3.942003
v -1.648169 2.014678 4.005101
v -1.086335 2.343258 4.235480
v -1.654154 2.783622 4.187610
v -0.008774 2.213404 3.884905
v -0.426893 2.667766 4.289213
v 1.436233 1.329384 2.262005
v 1.188881 1.480472 2.425366
v 0.944001 1.409153 2.564610
v 1.196719 1.273414 2.495317
v 0.758850 1.571570 2.702446
v 0.582932 1.494124 2.849323
v 0.731362 1.357561 2.766560
v 0.979372 1.669626 2.610829
v 0.791196 1.837434 2.814585
v 0.614215 1.738981 2.866329
v 1.465400 1.599084 2.301282
v 1.251012 1.815283 2.559730
v 2.176763 1.430904 1.554943
v 1.944193 1.315695 1.824925
v 2.230836 1.230150 1.605364
v 1.694251 1.429217 2.057826
v 1.740789 1.235330 2.126364
v 1.979692 1.584423 1.854979
v 1.785761 1.777701 2.173663
v 2.290258 1.763730 1.640969
v 3.655922 0.453589 3.499881
v 2.691780 0.456390 4.320491
v 3.063347 0.297536 3.661467
v 4.439968 0.452823 2.435391
v 3.880669 0.294195 2.774724
v 3.071473 1.524203 3.471676
v 3.280614 1.564190 3.467581
v 3.312481 1.564264 3.254048
v 3.103065 1.524156 3.276829
v 3.528088 1.563488 3.221887
v 3.532331 1.522613 3.012610
v 3.338326 1.522821 3.043165
v 3.502354 1.562142 3.442324
v 3.725903 1.522914 3.382719
v 3.747370 1.524394 3.179833
v 3.244754 1.522850 3.689121
v 3.448884 1.521113 3.666605
v 1.699041 0.467225 4.837259
v 0.961876 0.538183 5.025712
v 1.273167 0.351727 4.653586
v 2.141676 0.307594 4.299872
v 0.253810 0.700639 4.456615
v 0.374569 0.964340 4.833920
v 0.310384 1.168596 4.413559
v 0.603191 0.826922 5.173839
v 0.621152 1.156477 5.129783
v 0.612172 0.574036 4.806690
v 1.022520 1.525123 4.531881
v 1.218165 1.564284 4.622850
v 1.319670 1.563980 4.453864
v 1.115910 1.524955 4.378699
v 1.526869 1.560396 4.522954
v 1.607629 1.520877 4.353109
v 1.420056 1.523385 4.290548
v 1.425468 1.560771 4.703267
v 1.640515 1.521562 4.762360
v 1.732356 1.520985 4.596414
v 1.119797 1.524559 4.800672
v 1.308916 1.522463 4.875995
v 4.939397 0.454618 1.205934
v 4.482842 0.295520 1.692980
v 4.426958 1.522716 1.422644
v 4.601894 1.561746 1.313551
v 4.525811 1.564612 1.112448
v 4.358873 1.525433 1.239032
v 4.693386 1.561717 0.975959
v 4.595965 1.522683 0.797340
v 4.445712 1.524957 0.921038
v 4.780476 1.560891 1.180474
v 4.946128 1.523192 1.020352
v 4.864389 1.523018 0.834330
v 4.677281 1.522457 1.525225
v 4.841184 1.523071 1.403938
v 4.252542 3.342818 1.061905
v 4.094550 3.637744 1.602000
v 3.852514 3.333534 2.100758
v 4.078527 3.070791 1.543902
v 4.245665 3.882566 1.059214
v 4.019096 4.134526 1.556688
v 3.849007 3.918825 2.088248
v -3.521037 3.215575 2.103796
v -3.686062 3.587117 1.550730
v -3.944050 3.201031 1.028064
v -4.051819 3.579450 0.478996
v -3.977735 3.936536 1.048667
v -3.562349 3.956713 2.111912
v -2.195844 3.215292 3.938827
v -2.607452 3.617389 3.532518
v -3.013931 3.244802 3.120206
v -3.205573 3.605547 2.566385
v -2.971510 3.978525 3.074019
v -2.208311 3.979299 3.903876
v 0.179179 3.062348 4.210132
v -0.482324 3.515817 4.265939
v -1.078274 3.142141 4.351663
v -1.668660 3.579865 4.170385
v -1.071549 3.924194 4.086267
v 0.068458 3.898937 4.171296
v 1.874982 3.243397 3.418431
v 1.528330 3.584554 3.735449
v 1.175388 3.145143 3.915824
v 1.565077 2.832416 3.437412
v 0.671541 3.506770 4.152424
v 0.754395 2.713841 3.907667
v 1.136668 3.934512 3.992106
v 1.847229 4.010322 3.440875
v 3.570012 3.653647 2.576385
v 3.255415 3.362201 2.970908
v 3.526259 3.064453 2.577069
v 2.946849 3.653868 3.285607
v 2.702420 3.375759 3.459638
v 2.987269 3.107328 3.218084
v 3.263480 3.905464 2.931652
v 2.973158 4.078314 3.150842
v 2.719492 3.887395 3.417274
v 3.529375 4.134116 2.486381
v 3.459438 1.148042 0.814958
v 3.078724 1.105216 1.147143
v 3.094608 1.172362 1.686457
v 3.552973 1.241624 1.339457
v 3.134252 1.072498 0.701602
v 2.622308 1.149236 1.394881
v 2.947667 2.334245 1.590029
v 3.143594 2.065014 1.144251
v 3.428677 2.224814 0.803791
v 3.324646 2.440715 1.235304
v 3.492516 2.017216 0.383882
v 3.561087 2.421614 0.425592
v 3.404375 1.777855 0.749729
v 3.464771 1.556780 0.376182
v 2.685428 1.931845 1.409865
v 1.819876 1.185223 3.014027
v 1.323895 1.164892 2.912754
v 1.004840 1.205793 3.314923
v 1.473657 1.249845 3.475531
v 0.688567 1.262477 3.162733
v 0.360981 1.358635 3.518972
v 0.643555 1.268898 3.718202
v 0.957804 1.236649 2.808806
v 0.542050 1.388676 3.006589
v 1.554871 1.180396 2.496676
v 0.340077 1.549296 3.227829
v 0.149684 1.830809 3.471746
v 0.388965 1.944905 3.257788
v 0.471742 2.297648 3.643082
v 0.450106 1.679052 3.012290
v 0.607901 1.941789 3.031042
v 0.782873 2.201085 3.199104
v 1.123219 2.496811 3.384650
v 1.377528 2.265206 2.896021
v 1.830108 2.516770 2.908993
v 1.028346 2.029008 2.840895
v 1.592214 2.010643 2.518913
v 2.570941 1.140393 1.872398
v 2.491672 1.180925 2.399633
v 3.025428 1.251420 2.273238
v 1.996609 1.146642 2.484390
v 2.370232 1.253594 2.954652
v 2.120929 1.167843 2.011617
v 1.990379 2.221039 2.442754
v 2.408878 2.390956 2.290833
v 2.293202 2.631868 2.757400
v 2.524592 2.169177 1.833659
v 2.815448 2.515048 2.097140
v 2.143812 1.975123 2.026554
v 4.027533 2.555273 0.689902
v 4.065622 2.532352 0.834764
v 3.980145 2.526687 0.964393
v 3.950734 2.549754 0.803524
v 3.988364 2.537817 1.121915
v 3.881481 2.562920 1.229634
v 3.872397 2.552311 1.088741
v 4.084247 2.552480 0.991886
v 4.081244 2.602841 1.153792
v 3.989557 2.584117 1.268616
v 4.139855 2.578787 0.707615
v 4.163834 2.602600 0.847308
v 3.349920 4.561905 1.822214
v 3.746730 4.473803 1.440865
v 3.764244 4.602284 0.906051
v 4.019313 4.474977 0.453915
v 3.738166 4.719445 0.402165
v 4.066781 4.315075 1.000796
v 4.284628 4.101400 0.500670
v 3.684030 4.322448 1.980227
v 3.122285 2.565162 2.604416
v 3.090331 2.542180 2.746656
v 2.943678 2.539231 2.816418
v 2.994046 2.565491 2.667678
v 2.894542 2.551564 2.962839
v 2.750184 2.579849 3.013580
v 2.789678 2.568773 2.879260
v 3.040986 2.563775 2.889639
v 2.981698 2.618270 3.015294
v 2.853971 2.604713 3.083996
v 3.218377 2.583646 2.672442
v 3.178370 2.608605 2.801321
v 2.230115 3.008708 3.320555
v 2.329594 3.353883 3.500895
v 2.087595 3.651091 3.469809
v 2.363211 3.947250 3.472941
v 2.267977 4.258592 3.244078
v 2.488074 3.656883 3.548764
v 2.669737 4.103933 3.340378
v 2.570431 3.109660 3.451108
v 2.740471 4.310696 3.061980
v 2.823272 4.460126 2.616117
v 2.318662 4.466102 2.822792
v 3.285441 4.430266 2.335588
v 2.896726 4.570142 2.140221
v 3.163079 4.267103 2.800431
v 2.458730 1.337443 3.389067
v 2.817635 1.408938 3.142677
v 2.852786 1.331041 2.779242
v 3.209001 1.407856 2.748349
v 3.449143 1.335899 2.370587
v 3.111990 1.478325 3.048619
v 3.440222 1.468346 2.846735
v 2.908213 1.469854 3.378597
v 3.677702 1.413925 2.675455
v 4.030398 1.359712 2.564419
v 3.861522 1.317298 2.140403
v 4.052273 1.416224 2.929394
v 4.351243 1.333079 2.985709
v 4.456787 1.315576 2.489744
v 3.763353 1.479752 2.948923
v 3.927820 1.472343 3.220381
v 3.993457 1.408032 3.417047
v 3.853441 1.313730 3.793567
v 3.492552 1.405540 3.945915
v 3.094213 1.327508 4.334610
v 3.683535 1.477746 3.622566
v 3.293910 1.468789 3.876014
v 3.006615 1.411460 4.018703
v 2.655325 1.357084 4.000315
v 2.622309 1.311674 4.444164
v 2.741580 1.412733 3.630223
v 2.253982 1.318832 3.812789
v 3.008230 1.477831 3.715466
v 0.531503 1.330279 4.147596
v 0.906751 1.408081 4.119070
v 1.086429 1.325224 3.814299
v 1.415062 1.406895 3.976471
v 1.796744 1.336558 3.782799
v 1.206947 1.478407 4.186680
v 1.586327 1.468884 4.174751
v 0.899884 1.470271 4.372634
v 1.863640 1.414521 4.153759
v 2.214244 1.359787 4.257570
v 2.084303 1.414566 4.555210
v 2.334196 1.329261 4.788048
v 1.831211 1.477539 4.415545
v 1.868500 1.470745 4.723819
v 1.864281 1.409061 4.936188
v 1.657946 1.312931 5.196334
v 1.297358 1.407353 5.130372
v 0.957631 1.301688 5.227580
v 1.528091 1.480286 4.950609
v 1.117897 1.472258 4.983273
v 0.847256 1.400324 4.962265
v 0.563665 1.291789 4.783173
v 0.685205 1.403175 4.509229
v 0.895164 1.479103 4.713144
v 3.842702 1.335357 1.664148
v 4.037665 1.407352 1.266740
v 3.881103 1.325119 0.939678
v 4.182752 1.407518 0.735374
v 4.216016 1.340915 0.311784
v 3.816228 1.243865 0.441177
v 4.250045 1.479571 1.039262
v 4.434092 1.469484 0.701851
v 4.240045 1.469952 1.422344
v 4.763167 1.479988 0.631372
v 5.041956 1.472288 0.781032
v 5.009916 1.417466 0.478243
v 4.555203 1.417059 0.446314
v 5.239631 1.326586 1.305667
v 4.983607 1.414831 1.612803
v 4.803940 1.335914 2.141996
v 5.017951 1.483086 1.247407
v 4.790435 1.473038 1.654995
v 5.193216 1.413134 0.918626
v 4.607722 1.415410 1.915667
v 4.304121 1.358401 2.081704
v 4.217529 1.413139 1.720931
v 4.488967 1.477581 1.661307
v 3.572332 2.515632 0.864162
v 3.642047 2.583215 1.127074
v 3.440128 2.586909 1.464059
v 3.813130 2.565563 0.922573
v 3.763959 2.593311 1.242350
v 3.932236 2.582160 0.623625
v 3.766403 2.571468 0.669134
v 3.685580 2.632163 1.456230
v 3.660201 2.696879 1.712778
v 3.363124 2.634427 1.837445
v 3.892072 2.699645 1.552324
v 3.945205 2.840735 1.698803
v 3.680576 2.808341 2.005457
v 3.868720 2.611001 1.384741
v 4.030448 2.657695 1.346469
v 4.114583 2.762500 1.291411
v 4.219320 2.904701 1.036678
v 4.251253 2.762894 0.743212
v 4.272394 2.839865 0.319135
v 4.304797 3.064690 0.537982
v 4.171328 2.671964 1.012344
v 4.213290 2.657328 0.652593
v 4.088830 2.601282 0.554998
v 3.966196 2.616564 0.411347
v 4.185002 2.696191 0.417185
v 3.098959 2.607943 2.110266
v 2.931710 2.627356 2.478345
v 2.672791 2.623193 2.557085
v 2.621724 2.653576 2.849585
v 2.349073 2.752412 3.063058
v 2.836566 2.603834 2.725887
v 2.652718 2.621125 2.988322
v 3.080522 2.606872 2.505394
v 2.552767 2.716375 3.160112
v 2.516923 2.886318 3.336868
v 2.733532 2.772034 3.264569
v 2.811139 2.921433 3.303005
v 2.719880 2.650954 3.155528
v 2.885582 2.685044 3.141574
v 3.011920 2.789568 3.104051
v 3.218341 2.909762 2.940256
v 3.324365 2.768523 2.736485
v 3.566756 2.841000 2.383240
v 3.129417 2.685849 2.930362
v 3.308573 2.659824 2.654773
v 3.401620 2.700537 2.431658
v 3.415979 2.698581 2.155350
v 3.218393 2.639698 2.323529
v 3.247953 2.610995 2.512715
v 2.895434 4.670341 1.826667
v 2.536061 4.608920 2.017482
v 2.462857 4.546871 2.360482
v 2.135251 4.581759 2.446155
v 1.975444 4.570931 2.832247
v 2.215315 4.619450 2.126242
v 1.929056 4.673453 2.423336
v 2.519733 4.690573 1.815890
v 1.829902 4.742514 2.655411
v 1.731278 4.890444 2.840244
v 1.767926 5.012374 2.572191
v 1.833723 5.193706 2.614397
v 1.764185 4.867833 2.455721
v 1.840980 5.062623 2.327010
v 2.002260 5.189232 2.287376
v 2.264068 5.300345 2.164188
v 2.400469 5.197627 1.900809
v 2.738424 5.209464 1.729470
v 2.112747 5.132461 2.015751
v 2.436865 5.072022 1.742960
v 2.708636 5.024040 1.663287
v 2.972885 4.919396 1.614536
v 2.773212 4.772946 1.704404
v 2.569722 4.874417 1.664831
v -1.821895 -0.046362 0.477094
v -2.084933 -0.133996 0.160374
v -1.479429 -0.023083 0.241936
v -2.368618 -0.133696 0.293039
v -2.577063 -0.215305 0.069937
v -0.357240 -0.007364 0.657710
v -0.750097 0.000542 0.284326
v 0.034798 -0.002736 0.307634
v -1.137457 -0.006597 0.597952
v 1.206690 -0.010694 0.628886
v 0.823069 -0.002766 0.306081
v 1.540409 -0.016341 0.258486
v 0.442672 -0.011818 0.678174
v 2.102994 -0.089817 0.191581
v 2.462781 -0.170485 0.079784
v 2.349079 -0.070941 0.347025
v 1.861038 -0.024429 0.509949
v -3.765318 0.477817 0.840721
v -3.739664 0.327059 0.350886
v -2.007994 0.432434 3.185532
v -2.770610 0.477227 2.529362
v -2.339680 0.268843 2.665284
v -1.043740 0.423832 3.505996
v -1.492893 0.230241 3.160894
v -0.119848 0.361186 3.791062
v -0.551604 0.207832 3.447386
v 1.660836 0.186644 4.226195
v 0.835551 0.315337 4.430369
v 1.208380 0.111682 4.079445
v 2.539087 0.157101 3.754029
v 2.054416 0.044700 3.773570
v 3.371883 0.146476 3.033726
v 2.880842 0.024250 3.204588
v 4.050551 0.146157 2.104823
v 3.609806 0.018551 2.424714
v 4.484742 0.144966 1.033179
v 4.142706 0.017724 1.476096
v -0.028659 0.034985 3.260375
v -0.944223 0.064805 3.035312
v -0.366547 -0.050778 2.801721
v -1.853786 0.092971 2.666050
v -1.326239 -0.027888 2.542627
v -2.602194 0.148146 2.118205
v -2.156957 0.009737 2.140790
v -3.529963 0.196443 0.680595
v -3.530514 0.078767 0.262553
v 3.183088 -0.155851 1.319388
v 3.065506 -0.169059 1.776386
v 2.680554 -0.169019 1.940746
v 2.855324 -0.148882 1.505261
v 2.459962 -0.170748 2.385210
v 2.018696 -0.170107 2.457572
v 2.276834 -0.161287 2.039715
v 1.757611 -0.162275 2.876763
v 1.263982 -0.162609 2.860059
v 1.546869 -0.169688 2.455604
v 1.042932 -0.126361 3.229556
v 0.520877 -0.080819 3.179084
v 0.701250 -0.136815 2.754197
v 0.539778 -0.005899 3.564208
v 0.203809 0.121838 3.644235
v 3.449466 -0.151700 0.632675
v 3.466973 -0.159276 1.070532
v 3.228746 -0.132721 0.886522
v -2.738147 -0.171205 0.164541
v -2.848444 -0.186962 0.053210
v -2.739767 -0.242327 -0.059924
v -1.886329 -0.044824 1.035810
v -2.147806 -0.058643 0.636284
v -1.519631 -0.026796 0.859121
v -2.463506 -0.056684 0.719751
v -2.628094 -0.114246 0.371719
v -0.349076 -0.050557 1.363860
v -0.756433 -0.021841 0.980105
v 0.053287 -0.029081 1.029616
v -1.164939 -0.044786 1.255981
v 1.267148 -0.059585 1.280863
v 0.852212 -0.032028 1.004858
v 1.580546 -0.028226 0.886728
v 0.479777 -0.059524 1.371089
v 2.168789 -0.034491 0.680323
v 1.947517 -0.052162 1.076649
v 2.586328 -0.074904 0.417164
v 2.470402 -0.051914 0.770408
v 2.501339 -0.137799 1.621591
v 2.652591 -0.102245 1.185898
v 2.952943 -0.117920 1.071550
v 2.315107 -0.079635 1.188177
v 2.747807 -0.070946 0.768261
v 1.842022 -0.149506 2.044157
v 2.110581 -0.118882 1.630551
v 1.690129 -0.090588 1.506227
v 1.047834 -0.154376 2.329817
v 1.385376 -0.131345 1.918844
v 0.923889 -0.098378 1.674032
v 0.143920 -0.110291 2.470312
v 0.553695 -0.121779 2.070574
v 0.087483 -0.085719 1.732284
v -0.810926 -0.087555 2.333578
v -0.338804 -0.101051 2.058959
v -0.771140 -0.076801 1.650030
v -1.678871 -0.065615 2.043016
v -1.213371 -0.088145 1.872938
v -1.571862 -0.066233 1.446449
v -2.404414 -0.025445 1.625967
v -1.979823 -0.065995 1.562541
v -2.243027 -0.052929 1.122968
v -2.808950 0.066138 1.589902
v -2.955704 0.014362 1.087877
v -2.601329 -0.036962 1.142120
v -2.769264 -0.046979 0.720048
v -3.271518 0.090200 0.932031
v -3.324759 0.009981 0.494085
v -3.064031 -0.028865 0.643209
v -3.124194 -0.071175 0.285222
v -2.890561 -0.081883 0.367160
v -3.310931 -0.053201 0.158042
v -3.084081 -0.120138 0.063104
v 2.802221 -0.082476 0.412537
v 2.989713 -0.100967 0.335522
v 2.988599 -0.090119 0.671662
v 3.209493 -0.119359 0.498801
v -3.468918 0.340992 1.166707
v -3.333218 0.513278 1.690626
v -2.989864 0.325344 1.959543
v -3.158808 0.198390 1.426400
v 1.614126 -0.026380 3.717721
v 0.922316 0.034096 3.855292
v 1.250016 -0.066049 3.621740
v 2.397792 -0.060745 3.282900
v 1.942468 -0.112022 3.298186
v 3.140374 -0.074941 2.639394
v 2.672843 -0.131749 2.770760
v 3.741713 -0.075758 1.825803
v 3.318408 -0.136828 2.080844
v 4.106796 -0.082660 0.894232
v 3.770644 -0.138858 1.262840
v 5.563089 0.931019 0.651150
v 5.323562 0.615578 0.616716
v 5.480878 1.217539 0.679510
v 3.578181 4.978905 0.374070
v 3.373696 5.368574 0.356046
v 3.098914 5.825080 0.314657
v 2.904450 6.369108 0.283669
v 2.520599 6.732318 0.218909
v 2.000274 6.753257 0.111924
v -1.806238 7.187420 0.013146
v 1.647080 6.682435 0.022944
v 3.248380 1.249519 0.344829
v 3.156580 1.090919 0.329560
v 4.793704 0.294546 0.524342
v 4.358015 3.599464 0.512904
v 3.378291 1.083206 0.354246
v 4.809295 1.367221 0.195982
v 5.317945 1.334799 0.388060
v 3.757516 2.564615 0.292128
v 4.067255 2.689159 0.185105
v 2.631727 -0.171059 0.108988
v 4.402159 0.009001 0.451118
v 3.386748 -0.164458 0.255367
v 3.145957 -0.150513 0.182308
v 2.968652 -0.178578 0.071602
v 3.630938 -0.173286 0.317544
v 2.808643 -0.175154 0.105209
v 3.970958 -0.148357 0.382090
v -1.583917 7.020901 0.004034
v -1.599314 7.059186 -0.162777
v -1.407542 6.905621 -0.077690
v -1.344225 6.884428 -0.263693
v -0.839515 6.811751 -0.127593
v -0.696637 6.977509 -0.457518
v -1.061518 6.813266 -0.367798
v -1.168834 6.781465 -0.085513
v -0.182652 7.199459 -0.103393
v -0.028169 7.335608 -0.461412
v -0.411585 7.184464 -0.459757
v -0.478187 6.982326 -0.143129
v 0.714553 7.349917 -0.089383
v 0.901988 7.185327 -0.382679
v 0.460942 7.331315 -0.447404
v 0.198537 7.364833 -0.077618
v 1.123921 6.995524 -0.269070
v 1.227928 6.963820 -0.029544
v 1.303885 6.787552 -0.182108
v 1.082968 7.190449 -0.072770
v 1.487622 6.677265 -0.109299
v 1.462621 6.696712 0.039274
v 1.360995 6.755129 -0.025433
v -1.335303 6.840900 0.106717
v -1.073347 6.772584 0.183356
v -0.668078 6.828595 0.199311
v -0.281660 7.002770 0.227415
v 0.036756 7.231669 0.281970
v 0.463868 7.393161 0.295678
v 0.982565 7.336711 0.233676
v 1.204316 7.133333 0.199598
v 1.315903 6.868305 0.140456
v -2.918090 -0.132640 0.159926
v -2.846786 -0.234882 -0.174133
v -2.974022 -0.179314 -0.061075
v 0.464521 0.411632 -4.176229
v 0.609857 0.153976 -3.935023
v 0.359714 0.377045 4.130253
v 0.527299 0.121780 3.867435
v 0.957888 -0.063160 -3.667096
v 1.513699 -0.257072 -3.364255
v 2.192375 -0.335770 -2.957552
v 2.854796 -0.198441 -2.388973
v 3.366041 -0.202517 -1.664977
v 3.669999 -0.272552 -0.866194
v 3.796960 -0.194524 -0.059250
v 3.723614 -0.163144 0.758210
v 3.431461 -0.161918 1.555959
v 2.889902 -0.164814 2.261938
v 2.217331 -0.155245 2.845961
v 1.504604 -0.131562 3.277155
v 0.906900 -0.062367 3.567144
v 4.268502 0.615293 -3.316770
v 3.923846 0.775062 -3.984065
v 4.452198 0.929920 -3.476433
v 4.797564 0.775062 -2.819219
v 3.312328 0.615723 -4.322855
v 2.847326 0.775062 -4.880050
v 3.450018 0.929320 -4.533384
v 2.879367 1.079606 -4.949210
v 3.433251 1.206396 -4.452946
v 3.973534 1.071396 -4.036959
v 4.350556 1.210279 -3.457783
v 4.837790 1.084472 -2.841836
v 2.226081 0.617857 -5.034817
v 1.732917 0.772119 -5.420724
v 2.309399 0.929320 -5.277985
v 1.294500 0.625416 -5.329558
v 0.940578 0.735957 -5.436325
v 1.258572 0.908049 -5.587019
v 0.862497 1.029082 -5.521736
v 1.266731 1.186283 -5.515911
v 1.751866 1.064752 -5.495724
v 2.228802 1.206967 -5.225874
v -1.483769 0.697804 -3.528131
v -2.000076 1.000764 -3.469464
v -1.526840 1.322405 -3.729036
v -0.957519 0.992441 -3.749667
v -0.448231 0.679662 -3.867345
v -0.408975 1.299889 -3.860600
v 0.037957 0.957807 -4.126905
v -3.103983 0.788029 -2.298202
v -3.541743 1.061498 -2.007947
v -3.281311 1.383818 -2.501905
v -2.804722 1.062181 -2.775171
v -2.376607 0.736737 -3.021137
v -2.474783 1.357588 -3.283963
v -3.981686 0.708367 -0.533825
v -4.267157 0.977852 -0.050413
v -4.373021 1.339880 -0.593862
v -4.041368 1.022381 -1.066821
v -3.657511 0.761681 -1.459599
v -3.988228 1.367016 -1.644957
v 4.965637 0.615526 -2.085865
v 5.183486 0.931175 -2.185316
v 5.348273 0.775062 -1.468245
v 5.105644 1.218740 -2.097400
v 5.409911 1.079373 -1.480223
v 2.268125 4.689900 -2.026477
v 2.045482 4.755808 -2.099293
v 2.176653 4.852414 -1.923424
v 2.384121 4.772933 -1.872836
v 1.987999 4.683184 -2.314594
v 1.837528 4.765473 -2.426469
v 1.872831 4.850737 -2.231149
v 1.795162 4.950678 -2.385944
v 1.912781 5.037684 -2.237911
v 2.005744 4.948793 -2.056533
v 2.199479 5.041314 -1.950732
v 2.348328 4.955051 -1.833254
v 1.510241 4.354758 -3.747451
v 1.046330 4.653310 -3.905303
v 1.353889 4.914103 -3.509047
v 1.701732 4.663142 -3.299137
v 0.584661 4.332125 -4.108238
v 0.019022 4.632726 -3.940029
v 0.516534 4.924345 -3.831916
v 0.000107 5.164658 -3.654307
v 0.442123 5.401178 -3.480567
v 0.930156 5.167923 -3.564762
v 1.296460 5.375001 -3.195400
v 1.599283 5.113417 -3.102558
v -0.509383 4.303905 -3.942361
v -1.024002 4.613604 -3.763755
v -0.491422 4.901690 -3.729581
v -1.601333 4.305745 -3.877484
v -2.083990 4.660930 -3.702496
v -1.489185 4.925072 -3.587027
v -1.855666 5.197278 -3.251040
v -1.317514 5.409008 -3.186891
v -0.943202 5.160184 -3.488376
v -0.456445 5.401836 -3.438958
v -2.682281 4.330024 -3.628480
v -3.083335 4.689901 -3.172824
v -2.477498 4.983872 -3.297173
v -3.550469 4.317484 -2.831325
v -3.803764 4.672474 -2.271426
v -3.309608 4.999725 -2.604552
v -3.324820 5.221006 -1.964573
v -2.769470 5.425704 -2.164920
v -2.691891 5.224753 -2.742122
v -2.107645 5.423498 -2.780963
v -4.089271 4.302573 -1.772845
v -4.201178 4.668041 -1.175522
v -3.862700 4.989624 -1.645520
v -4.303035 4.303651 -0.625715
v -4.270478 4.657366 -0.048226
v -4.110631 4.981741 -0.585985
v -3.827352 5.209683 -0.041367
v -3.455635 5.413767 -0.491371
v -3.709389 5.213071 -1.027964
v -3.223752 5.416402 -1.372977
v 3.447772 4.695998 -1.432871
v 3.185998 4.797507 -1.675825
v 3.344168 4.966920 -1.316983
v 3.555365 4.834845 -0.949119
v 3.075289 5.122732 -1.624478
v 3.165222 5.370868 -1.332461
v 3.399328 5.160196 -0.913911
v 2.627967 5.431022 -2.078455
v 2.369537 5.662304 -2.399908
v 2.674484 5.918244 -2.062710
v 2.951195 5.640081 -1.738043
v 2.030540 5.429548 -2.634742
v 1.653544 5.618656 -2.867194
v 1.990282 5.896915 -2.595164
v 1.538619 6.145302 -2.638133
v 1.778041 6.384455 -2.249097
v 2.245089 6.165635 -2.226537
v 2.363651 6.386927 -1.745240
v 2.802008 6.182994 -1.597133
v 0.833458 5.618990 -3.209805
v 1.201193 5.862578 -2.918739
v -0.025953 5.645243 -3.378330
v 0.370324 5.875614 -3.183489
v -0.039266 6.150447 -3.038467
v 0.337474 6.379354 -2.766192
v 0.754267 6.119248 -2.897185
v 1.092022 6.374301 -2.589785
v -0.845733 5.640144 -3.159414
v -0.425608 5.887527 -3.146099
v -1.626272 5.655927 -2.828013
v -1.183478 5.892119 -2.844185
v -1.513719 6.187576 -2.601222
v -1.093231 6.411410 -2.552294
v -0.768374 6.126481 -2.797859
v -0.384294 6.376188 -2.700143
v -2.317694 5.664789 -2.349911
v -1.917322 5.928322 -2.510590
v -2.841010 5.664245 -1.679131
v -2.525915 5.942019 -1.969719
v -2.692939 6.231207 -1.572891
v -2.453720 6.543263 -1.880755
v -2.221102 6.245865 -2.253106
v -1.835427 6.515512 -2.389317
v -3.112870 5.647850 -0.876487
v -2.861957 5.922504 -1.234566
v -3.221318 5.661668 -0.028572
v -2.979260 5.911372 -0.430456
v -2.851060 6.198504 -0.017422
v -2.715649 6.468524 -0.391219
v -2.794122 6.188425 -0.802563
v -2.699503 6.498522 -1.137795
v 3.083315 5.922870 -1.298103
v 3.237298 5.638850 -0.900947
v 2.772686 6.419343 -1.123652
v 3.052499 6.195776 -0.834821
v 1.887275 6.521442 -1.763525
v 1.908410 6.595309 -1.287970
v 2.362531 6.539026 -1.270210
v 1.328681 6.562248 -2.163378
v 1.444705 6.640844 -1.680653
v 1.039249 6.759187 -1.518779
v 1.119707 6.759370 -1.088676
v 1.482009 6.649595 -1.218769
v 1.504613 6.659602 -0.816414
v 1.889359 6.643310 -0.873472
v 0.662409 6.570415 -2.392791
v 0.900147 6.713531 -1.962143
v -0.029828 6.577588 -2.458010
v 0.285228 6.733767 -2.096219
v -0.008033 6.926255 -1.840340
v 0.241956 7.028882 -1.476412
v 0.519792 6.845699 -1.712624
v 0.697361 6.894913 -1.304963
v -0.680973 6.616243 -2.409885
v -0.321368 6.786545 -2.167218
v -1.377384 6.732067 -2.333216
v -0.950523 6.903427 -2.165093
v -1.176033 7.097122 -1.752706
v -0.809939 7.186921 -1.496137
v -0.575004 7.038539 -1.899566
v -0.261983 7.149969 -1.576073
v -2.042555 6.798381 -2.009290
v -1.579656 6.972312 -1.948964
v -2.506505 6.786693 -1.380823
v -2.106549 6.980513 -1.494038
v -2.070560 7.101806 -1.037262
v -1.659008 7.063503 -1.015983
v -1.664025 7.052307 -1.459814
v -1.280208 7.095996 -1.284691
v -2.660563 6.774757 -0.717155
v -2.466803 7.012621 -0.938904
v -2.708232 6.777667 -0.029012
v -2.620009 7.034547 -0.349609
v -2.430606 7.228394 -0.039858
v -2.164738 7.313041 -0.279294
v -2.344054 7.196440 -0.578250
v -1.962238 7.205278 -0.679397
v 2.289508 6.666286 -0.865673
v 2.682357 6.618213 -0.711192
v 1.833015 6.684870 -0.545467
v 2.180911 6.754097 -0.518378
v 1.187266 6.783712 -0.713784
v 1.243881 6.797314 -0.410737
v 1.503104 6.678334 -0.502013
v 0.867286 6.943576 -0.922582
v 1.004716 6.979981 -0.569800
v 0.463481 7.100722 -1.095860
v 0.686455 7.158306 -0.729162
v -0.002465 7.234632 -1.210490
v 0.234758 7.295487 -0.831602
v -0.515598 7.251316 -1.183874
v -0.263791 7.305231 -0.833099
v -0.944053 7.136943 -1.047545
v -0.656661 7.166591 -0.777487
v -1.305919 6.978228 -0.892621
v -0.978954 6.962537 -0.705314
v -1.630746 7.067732 -0.649429
v -1.330561 6.905945 -0.543111
v -1.859475 7.243623 -0.380125
v -1.609798 7.068705 -0.365001
v 1.491787 6.681737 -0.276266
v 1.755197 6.697570 -0.302153
v 2.592128 1.210371 -1.091660
v 2.366969 1.314826 -1.385471
v 2.528128 1.429167 -1.060868
v 2.693214 1.276005 -0.719314
v 2.407986 1.587378 -1.406565
v 2.654171 1.770313 -1.114919
v 2.756168 1.563078 -0.729320
v -4.307767 1.710773 -1.172361
v -4.148080 2.080389 -1.762546
v -3.767353 1.715459 -2.196804
v -4.466853 1.692123 -0.047369
v -4.433184 2.080124 -0.630734
v -4.462076 2.461300 -0.048575
v -4.480220 2.852655 -0.643492
v -4.409371 2.469894 -1.232121
v -4.185482 2.849818 -1.804715
v -3.886238 2.458096 -2.311840
v -2.919811 1.722437 -2.954183
v -2.567550 2.060859 -3.462173
v -2.087757 1.679228 -3.704819
v -3.424061 2.081012 -2.662216
v -3.517868 2.829052 -2.790767
v -3.055203 2.445670 -3.137488
v -2.686020 2.809287 -3.647137
v -2.168224 2.421216 -3.876095
v -0.993868 1.666513 -3.769045
v -0.524014 1.993716 -3.812228
v -0.057272 1.608814 -3.785625
v -1.587430 2.041901 -3.842256
v -1.651979 2.809480 -4.012197
v -1.045366 2.409029 -3.908308
v -0.430650 2.728994 -4.116289
v -0.027427 2.247530 -3.939402
v 1.196719 1.273414 -2.621759
v 0.944001 1.409153 -2.691054
v 1.188881 1.480472 -2.551810
v 1.436233 1.329384 -2.388449
v 0.731362 1.357561 -2.893003
v 0.582912 1.494133 -2.975728
v 0.758850 1.571570 -2.828890
v 0.611955 1.739800 -2.989272
v 0.788806 1.838302 -2.937286
v 0.979372 1.669626 -2.737273
v 1.250863 1.815344 -2.685890
v 1.465400 1.599084 -2.427726
v 2.228955 1.230571 -1.731555
v 1.943203 1.315939 -1.951234
v 2.170250 1.432759 -1.680487
v 1.740789 1.235330 -2.252808
v 1.694251 1.429217 -2.184271
v 1.785761 1.777701 -2.300108
v 1.977416 1.585192 -1.981099
v 2.280891 1.767996 -1.766165
v 3.060800 0.296297 -3.790084
v 2.694418 0.457308 -4.446268
v 3.655922 0.453589 -3.626324
v 3.876484 0.292884 -2.901101
v 4.439968 0.452823 -2.561833
v 3.103065 1.524156 -3.403274
v 3.312481 1.564264 -3.380493
v 3.280614 1.564190 -3.594024
v 3.071473 1.524203 -3.598121
v 3.338326 1.522821 -3.169607
v 3.532331 1.522613 -3.139053
v 3.528088 1.563488 -3.348330
v 3.747370 1.524394 -3.306277
v 3.725903 1.522914 -3.509162
v 3.502354 1.562142 -3.568767
v 3.448884 1.521113 -3.793048
v 3.244754 1.522850 -3.815565
v 1.335395 0.387105 -4.733467
v 1.010281 0.562964 -5.111204
v 1.721200 0.476806 -4.953780
v 2.158503 0.314032 -4.422416
v 0.331440 1.172109 -4.514083
v 0.429678 0.962601 -4.924141
v 0.358435 0.712919 -4.510856
v 0.628947 1.155900 -5.251451
v 0.656289 0.827538 -5.265703
v 0.710672 0.599978 -4.858284
v 1.115910 1.524955 -4.505143
v 1.319670 1.563980 -4.580309
v 1.218165 1.564284 -4.749292
v 1.022520 1.525123 -4.658323
v 1.420056 1.523385 -4.416992
v 1.607629 1.520877 -4.479551
v 1.526869 1.560396 -4.649397
v 1.732356 1.520985 -4.722856
v 1.640515 1.521562 -4.888801
v 1.425468 1.560771 -4.829711
v 1.308916 1.522463 -5.002436
v 1.119797 1.524559 -4.927115
v 4.477649 0.293922 -1.819148
v 4.939397 0.454618 -1.332377
v 4.358873 1.525433 -1.365478
v 4.525811 1.564612 -1.238892
v 4.601894 1.561746 -1.439994
v 4.426958 1.522716 -1.549090
v 4.445712 1.524957 -1.047481
v 4.595965 1.522683 -0.923785
v 4.693386 1.561717 -1.102404
v 4.864389 1.523018 -0.960773
v 4.946128 1.523192 -1.146796
v 4.780475 1.560891 -1.306919
v 4.841184 1.523071 -1.530384
v 4.677281 1.522457 -1.651670
v 4.072951 3.067828 -1.660817
v 3.847713 3.331586 -2.223890
v 4.091705 3.635347 -1.719204
v 4.248384 3.338785 -1.170966
v 3.849128 3.919018 -2.212556
v 4.021442 4.138802 -1.675054
v 4.246380 3.883715 -1.168814
v -4.240415 3.221945 -1.208007
v -3.921717 3.575505 -1.723666
v -3.767543 3.207969 -2.289803
v -4.287690 3.216813 -0.060304
v -4.178671 3.582918 -0.623460
v -4.208200 3.942910 -0.060647
v -4.153932 3.941080 -1.189344
v -3.767790 3.937520 -2.294183
v -3.135369 3.192259 -3.257698
v -2.720794 3.568469 -3.683126
v -2.219273 3.187079 -3.965103
v -3.445102 3.569511 -2.786359
v -3.165123 3.951802 -3.292897
v -2.192644 3.952571 -3.916336
v -1.062263 3.186858 -4.019174
v -0.491094 3.573659 -4.085806
v 0.129979 3.130375 -4.232018
v -1.653206 3.572718 -3.988707
v -1.064232 3.947152 -3.931394
v 0.043041 3.970897 -4.139519
v 1.493853 2.872756 -3.479526
v 1.073280 3.225827 -3.971785
v 1.489579 3.628728 -3.871645
v 1.861098 3.255105 -3.534048
v 0.659503 2.773240 -3.961801
v 0.608333 3.595901 -4.237030
v 1.105073 3.993597 -4.138770
v 1.842848 4.007421 -3.578189
v 3.522035 3.063141 -2.702586
v 3.254712 3.361981 -3.097196
v 3.569307 3.653427 -2.702673
v 2.987269 3.107328 -3.344527
v 2.702420 3.375759 -3.586083
v 2.946849 3.653868 -3.412049
v 2.719492 3.887395 -3.543715
v 2.973158 4.078314 -3.277287
v 3.263480 3.905464 -3.058096
v 3.529375 4.134116 -2.612824
v 3.539480 1.245311 -1.464064
v 3.082462 1.175539 -1.811258
v 2.980999 1.130313 -1.260247
v 3.386569 1.167109 -0.929660
v 2.583339 1.159026 -1.515922
v 2.906667 1.129998 -0.788604
v 3.286201 2.489862 -1.359768
v 3.237102 2.325455 -0.890912
v 2.930297 2.168853 -1.236664
v 2.931703 2.369941 -1.719582
v 3.504884 2.452581 -0.528830
v 3.488240 2.282377 -0.039528
v 3.276845 2.113786 -0.432580
v 3.402614 1.826010 -0.004465
v 3.118606 1.677118 -0.374182
v 2.958926 1.952487 -0.791963
v 2.603983 1.968347 -1.524449
v 1.473657 1.249845 -3.601975
v 1.005826 1.206265 -3.438651
v 1.323895 1.164892 -3.039196
v 1.819876 1.185223 -3.140470
v 0.649458 1.271737 -3.828352
v 0.365833 1.363217 -3.626619
v 0.689551 1.262950 -3.286459
v 0.542028 1.388685 -3.132993
v 0.957804 1.236649 -2.935249
v 1.554871 1.180396 -2.623121
v 0.139132 1.844550 -3.580715
v 0.339902 1.551553 -3.348861
v 0.428167 2.322012 -3.753674
v 0.371389 1.953555 -3.364483
v 0.594286 1.946713 -3.136401
v 0.447741 1.679914 -3.135039
v 1.050632 2.533887 -3.422215
v 0.754473 2.213966 -3.292230
v 1.819191 2.522978 -3.021037
v 1.365544 2.271219 -3.006197
v 1.592063 2.010704 -2.645073
v 1.025200 2.030184 -2.962184
v 3.025428 1.251420 -2.399682
v 2.491672 1.180925 -2.526078
v 2.570763 1.140430 -1.998817
v 2.370232 1.253594 -3.081095
v 1.996609 1.146642 -2.610835
v 2.120750 1.167881 -2.138037
v 2.295080 2.634855 -2.886562
v 2.413438 2.397100 -2.421403
v 1.990692 2.221537 -2.569650
v 2.832273 2.533434 -2.234086
v 2.527276 2.176946 -1.962421
v 2.142576 1.976392 -2.152920
v 3.952219 2.547526 -0.928825
v 3.980145 2.526687 -1.090837
v 4.065622 2.532352 -0.961207
v 4.029900 2.554775 -0.812756
v 3.876692 2.552863 -1.216795
v 3.884603 2.564480 -1.357701
v 3.988364 2.537817 -1.248360
v 3.989557 2.584117 -1.395064
v 4.081244 2.602841 -1.280238
v 4.084247 2.552480 -1.118331
v 4.163834 2.602600 -0.973753
v 4.141916 2.579511 -0.831603
v 3.761411 4.608067 -1.025382
v 3.744437 4.480209 -1.560426
v 3.349449 4.562868 -1.947675
v 3.737695 4.720409 -0.526407
v 3.900622 4.605783 -0.058577
v 4.017021 4.481382 -0.563805
v 4.200981 4.303026 -0.050550
v 4.286975 4.105677 -0.602048
v 4.067189 4.324605 -1.111828
v 3.684098 4.324039 -2.104694
v 2.994046 2.565491 -2.794120
v 2.943678 2.539231 -2.942861
v 3.090331 2.542180 -2.873101
v 3.122285 2.565163 -2.730857
v 2.789678 2.568773 -3.005704
v 2.750184 2.579849 -3.140024
v 2.894542 2.551564 -3.089282
v 2.853971 2.604713 -3.210439
v 2.981698 2.618270 -3.141736
v 3.040986 2.563775 -3.016083
v 3.178370 2.608605 -2.927766
v 3.218377 2.583646 -2.798885
v 2.089443 3.648864 -3.597308
v 2.329954 3.353818 -3.627408
v 2.230472 3.008642 -3.447070
v 2.266480 4.247539 -3.374334
v 2.363261 3.945354 -3.600080
v 2.669737 4.103933 -3.466819
v 2.488074 3.656883 -3.675208
v 2.570431 3.109660 -3.577548
v 2.316805 4.455113 -2.952976
v 2.822962 4.458294 -2.743182
v 2.740160 4.308864 -3.189047
v 2.896726 4.570142 -2.266666
v 3.285441 4.430266 -2.462028
v 3.163079 4.267103 -2.926876
v 2.852786 1.331041 -2.905682
v 2.817635 1.408938 -3.269121
v 2.458730 1.337443 -3.515511
v 3.449143 1.335899 -2.497030
v 3.209001 1.407856 -2.874793
v 3.440222 1.468346 -2.973180
v 3.111990 1.478325 -3.175063
v 2.908213 1.469854 -3.505039
v 3.861522 1.317298 -2.266845
v 4.030398 1.359712 -2.690862
v 3.677702 1.413925 -2.801898
v 4.456787 1.315576 -2.616188
v 4.351243 1.333079 -3.112152
v 4.052273 1.416224 -3.055839
v 3.927820 1.472343 -3.346825
v 3.763353 1.479752 -3.075366
v 3.853441 1.313730 -3.920010
v 3.993455 1.408032 -3.543490
v 3.094213 1.327508 -4.461054
v 3.492552 1.405540 -4.072357
v 3.293910 1.468789 -4.002457
v 3.683535 1.477746 -3.749009
v 2.622309 1.311674 -4.570608
v 2.655325 1.357084 -4.126758
v 3.006615 1.411460 -4.145144
v 2.253982 1.318832 -3.939233
v 2.741580 1.412733 -3.756666
v 3.008230 1.477831 -3.841910
v 1.087412 1.325696 -3.938027
v 0.907737 1.408553 -4.242796
v 0.537408 1.333120 -4.257744
v 1.796744 1.336558 -3.909243
v 1.415062 1.406895 -4.102914
v 1.586327 1.468884 -4.301195
v 1.206947 1.478407 -4.313123
v 0.899884 1.470271 -4.499079
v 2.214244 1.359787 -4.384015
v 1.863640 1.414521 -4.280200
v 2.334196 1.329261 -4.914491
v 2.084303 1.414566 -4.681654
v 1.868500 1.470745 -4.850260
v 1.831211 1.477539 -4.541988
v 1.657946 1.312931 -5.322778
v 1.864281 1.409061 -5.062632
v 0.957631 1.301688 -5.354021
v 1.297358 1.407353 -5.256813
v 1.117897 1.472258 -5.109715
v 1.528091 1.480286 -5.077051
v 0.564652 1.292262 -4.906901
v 0.847256 1.400324 -5.088707
v 0.686188 1.403647 -4.632957
v 0.895164 1.479103 -4.839587
v 3.879486 1.325727 -1.065892
v 4.037395 1.407454 -1.393147
v 3.842434 1.335459 -1.790556
v 3.802738 1.247552 -0.563896
v 4.215748 1.341018 -0.438189
v 4.182481 1.407620 -0.861780
v 4.434092 1.469484 -0.828295
v 4.250045 1.479571 -1.165709
v 4.240045 1.469952 -1.548789
v 5.009916 1.417466 -0.604686
v 5.041956 1.472288 -0.907477
v 4.763167 1.479988 -0.757816
v 4.555203 1.417059 -0.572759
v 4.803940 1.335914 -2.268439
v 4.983607 1.414831 -1.739248
v 5.239631 1.326586 -1.432112
v 4.790435 1.473038 -1.781441
v 5.017951 1.483086 -1.373853
v 5.193216 1.413134 -1.045071
v 4.304121 1.358401 -2.208148
v 4.607722 1.415410 -2.042108
v 4.217529 1.413139 -1.847376
v 4.488967 1.477581 -1.787751
v 3.469677 2.613339 -1.606754
v 3.665212 2.592362 -1.263338
v 3.554897 2.532705 -0.984657
v 3.783856 2.601665 -1.378514
v 3.823616 2.559849 -1.049436
v 3.770247 2.561478 -0.786643
v 3.937322 2.574545 -0.740797
v 3.380959 2.650673 -1.973161
v 3.665070 2.700668 -1.841965
v 3.706752 2.643974 -1.593680
v 3.676352 2.807029 -2.130974
v 3.940827 2.839218 -1.823079
v 3.891369 2.699427 -1.678615
v 4.030448 2.657695 -1.472914
v 3.871840 2.612561 -1.512808
v 4.217686 2.903261 -1.154287
v 4.113726 2.762077 -1.416457
v 4.303446 3.063037 -0.646809
v 4.274297 2.840386 -0.432863
v 4.251098 2.762693 -0.867196
v 4.215350 2.658051 -0.776579
v 4.171328 2.671964 -1.138790
v 3.980402 2.613574 -0.513606
v 4.101494 2.604397 -0.665565
v 4.197358 2.700530 -0.525973
v 2.677122 2.628631 -2.687521
v 2.934477 2.630302 -2.606515
v 3.113988 2.623127 -2.244813
v 2.349386 2.752910 -3.189955
v 2.622039 2.654074 -2.976482
v 2.652718 2.621125 -3.114767
v 2.836566 2.603834 -2.852333
v 3.080522 2.606872 -2.631836
v 2.516923 2.886318 -3.463311
v 2.552767 2.716375 -3.286557
v 2.811139 2.921433 -3.429449
v 2.733532 2.772034 -3.391013
v 2.885582 2.685044 -3.268017
v 2.719880 2.650954 -3.281972
v 3.217637 2.909544 -3.066545
v 3.011920 2.789568 -3.230496
v 3.562531 2.839688 -2.508759
v 3.323659 2.768308 -2.862775
v 3.308573 2.659824 -2.781216
v 3.129417 2.685849 -3.056803
v 3.417729 2.700811 -2.282916
v 3.400916 2.700319 -2.557948
v 3.220846 2.642146 -2.451247
v 3.247953 2.610995 -2.639159
v 2.462547 4.545039 -2.487549
v 2.536061 4.608920 -2.143926
v 2.895434 4.670341 -1.953112
v 1.972947 4.559298 -2.963574
v 2.134943 4.579929 -2.573223
v 1.929056 4.673453 -2.549778
v 2.215315 4.619451 -2.252687
v 2.519733 4.690573 -1.942333
v 1.725495 4.886683 -2.974148
v 1.828952 4.740038 -2.783622
v 1.826032 5.207623 -2.744312
v 1.765655 5.013667 -2.699747
v 1.841838 5.063539 -2.454234
v 1.764185 4.867833 -2.582164
v 2.279240 5.320251 -2.305921
v 2.007655 5.198680 -2.420193
v 2.743389 5.214549 -1.860047
v 2.408813 5.206412 -2.034636
v 2.438879 5.074063 -1.871055
v 2.118090 5.138142 -2.147015
v 2.973257 4.919754 -1.741251
v 2.709954 5.025318 -1.790713
v 2.773212 4.772947 -1.830849
v 2.569914 4.874605 -1.791421
v -1.479003 -0.035341 -0.367654
v -1.784028 -0.102310 -0.061813
v -2.082575 -0.202107 -0.282102
v -1.819561 -0.113758 -0.601505
v -2.351689 -0.229096 -0.059989
v -2.575234 -0.268159 -0.189573
v -2.364707 -0.246693 -0.414179
v 0.034798 -0.002736 -0.434078
v -0.363199 0.000176 -0.063222
v -0.750086 0.000215 -0.410755
v -0.357240 -0.007364 -0.784153
v -1.121868 -0.003926 -0.063184
v -1.137389 -0.008569 -0.724358
v 1.538668 -0.040410 -0.379361
v 1.193908 -0.005459 -0.062627
v 0.822947 -0.004211 -0.432228
v 1.204025 -0.019094 -0.750690
v 0.429042 -0.001133 -0.063222
v 0.442672 -0.011818 -0.804618
v 2.308889 -0.297487 -0.427007
v 2.442777 -0.267966 -0.156242
v 2.292117 -0.195121 -0.043051
v 2.092995 -0.200008 -0.288460
v 1.848118 -0.134896 -0.614127
v 1.838900 -0.085215 -0.055048
v -3.729904 0.332902 -0.473262
v -3.891782 0.482628 -0.058972
v -3.718086 0.513373 -0.943592
v -2.326865 0.283659 -2.760827
v -2.720374 0.524755 -2.566838
v -1.947508 0.453948 -3.194215
v -1.474785 0.232346 -3.254051
v -0.997557 0.436236 -3.593178
v -0.511409 0.209078 -3.533671
v -0.038202 0.376272 -3.857401
v 1.273124 0.146490 -4.153280
v 0.931759 0.365370 -4.474795
v 1.700509 0.209433 -4.330912
v 2.062923 0.035483 -3.898771
v 2.536089 0.154563 -3.887383
v 2.862979 0.005021 -3.345329
v 3.359056 0.142108 -3.165686
v 3.579986 0.009564 -2.550815
v 4.030533 0.139816 -2.227252
v 4.105419 0.003506 -1.599274
v 4.466873 0.139664 -1.162540
v -0.357600 -0.058351 -2.930053
v -0.933269 0.061926 -3.143199
v 0.005673 0.029570 -3.369290
v -1.325145 -0.028196 -2.666327
v -1.853186 0.093807 -2.789376
v -2.157452 0.010882 -2.266856
v -2.605435 0.155396 -2.242263
v -3.530046 0.075588 -0.388870
v -3.667249 0.188990 -0.063180
v -3.528105 0.196961 -0.806664
v 2.742463 -0.232086 -1.555823
v 2.604596 -0.200068 -2.015629
v 2.997579 -0.198649 -1.881831
v 3.079165 -0.272240 -1.400931
v 2.190263 -0.219409 -2.058969
v 1.964763 -0.331374 -2.504169
v 2.416853 -0.285069 -2.486479
v 1.496045 -0.269739 -2.457226
v 1.245622 -0.285110 -2.900146
v 1.735341 -0.359628 -2.947191
v 0.692392 -0.180123 -2.825980
v 0.545578 -0.103436 -3.295294
v 1.060636 -0.206986 -3.319267
v 0.269479 0.133424 -3.727246
v 0.596008 0.004961 -3.667418
v 3.113800 -0.368268 -0.964490
v 3.383176 -0.293571 -1.167613
v 3.362778 -0.355797 -0.727626
v -2.623650 -0.242701 -0.493413
v -2.735055 -0.260646 -0.285070
v -2.915305 -0.213131 -0.282040
v -2.886732 -0.192552 -0.490381
v -1.519080 -0.042747 -0.985218
v -2.144290 -0.160180 -0.760174
v -1.885195 -0.077591 -1.161659
v -2.459748 -0.165342 -0.843839
v 0.053287 -0.029081 -1.156063
v -0.756420 -0.022171 -1.106545
v -0.349076 -0.050557 -1.490305
v -1.164927 -0.045113 -1.382423
v 1.563005 -0.060358 -0.984398
v 0.850152 -0.033195 -1.127551
v 1.248709 -0.057314 -1.367590
v 0.478136 -0.058664 -1.490598
v 1.896323 -0.124564 -1.132259
v 2.124652 -0.228804 -0.757179
v 2.382250 -0.318246 -0.822045
v 2.512014 -0.374791 -0.481342
v 2.834953 -0.345751 -1.124917
v 2.533956 -0.269563 -1.205183
v 2.385974 -0.170178 -1.625252
v 2.642404 -0.401766 -0.818103
v 2.218867 -0.182820 -1.204610
v 2.012783 -0.128456 -1.609262
v 1.764828 -0.193947 -2.024205
v 1.634040 -0.090693 -1.523755
v 1.336342 -0.131133 -1.917278
v 1.015257 -0.182096 -2.345309
v 0.907052 -0.091766 -1.744255
v 0.542253 -0.121976 -2.148168
v 0.144152 -0.121018 -2.589309
v 0.085840 -0.084862 -1.851795
v -0.338109 -0.102299 -2.186749
v -0.810232 -0.088803 -2.461366
v -0.771140 -0.076801 -1.776477
v -1.213371 -0.088145 -1.999381
v -1.678871 -0.065615 -2.169460
v -1.571733 -0.069924 -1.572840
v -1.979694 -0.069686 -1.688931
v -2.404326 -0.027964 -1.752373
v -2.241784 -0.088878 -1.248829
v -2.600289 -0.067040 -1.268068
v -2.955085 -0.003492 -1.214050
v -2.809634 0.065138 -1.715806
v -2.766034 -0.140321 -0.844695
v -3.062419 -0.075404 -0.768751
v -3.324103 -0.009003 -0.620169
v -3.271245 0.084872 -1.058214
v -3.122287 -0.126299 -0.409857
v -3.310232 -0.073350 -0.283664
v -3.456329 -0.008380 -0.063082
v -3.082889 -0.154591 -0.186628
v -3.216570 -0.106886 -0.062371
v 2.895230 -0.426448 -0.741536
v 2.930013 -0.408811 -0.416945
v 2.723626 -0.420718 -0.478558
v 3.125046 -0.399288 -0.586384
v -3.322580 0.549398 -1.793766
v -3.461309 0.352677 -1.287321
v -2.987339 0.343808 -2.070427
v -3.160625 0.201784 -1.551670
v 1.292105 -0.089227 -3.714491
v 0.995112 0.065891 -3.928944
v 1.641421 -0.050234 -3.821038
v 1.940147 -0.233492 -3.411071
v 2.384232 -0.135857 -3.418439
v 2.649949 -0.219610 -2.904818
v 3.115133 -0.095200 -2.776169
v 3.277867 -0.147910 -2.205678
v 3.697103 -0.089312 -1.943390
v 3.718372 -0.184956 -1.375849
v 4.069395 -0.113883 -1.018128
v 5.533780 0.775062 -0.063222
v 5.323562 0.615578 -0.743162
v 5.563089 0.931019 -0.777593
v 5.606534 1.084794 -0.063222
v 5.480878 1.217539 -0.805955
v 3.682245 4.835845 -0.063222
v 3.578181 4.978905 -0.500514
v 3.516516 5.158978 -0.063222
v 3.386491 5.379040 -0.487291
v 3.279331 5.608339 -0.070076
v 3.188679 5.899145 -0.468428
v 3.104054 6.158409 -0.056092
v 2.997613 6.451195 -0.405195
v 2.838826 6.647934 -0.037458
v 2.551278 6.772403 -0.337856
v 2.316029 6.823498 -0.043853
v 2.025770 6.783608 -0.228377
v -1.988801 7.311549 -0.053083
v -1.809337 7.216851 -0.160174
v 1.848411 6.743807 -0.052671
v 1.676348 6.677927 -0.125663
v 3.100032 1.173140 -0.011267
v 2.950029 1.144268 -0.380956
v 2.944495 1.339639 -0.360955
v 3.263706 1.416703 0.006220
v 5.107527 0.453358 -0.063222
v 4.791170 0.293805 -0.651425
v 4.359904 3.297631 -0.052091
v 4.355876 3.597288 -0.616524
v 4.376359 3.854411 -0.048966
v 3.634779 1.161083 -0.055913
v 3.280742 1.108264 -0.450085
v 3.206337 1.078779 -0.034429
v 4.460237 1.328352 -0.063222
v 4.809295 1.367221 -0.322425
v 5.166609 1.320707 -0.063222
v 5.317945 1.334799 -0.514503
v 3.757538 2.560389 -0.400826
v 4.199882 2.806115 -0.052018
v 4.079919 2.692275 -0.283332
v 3.877520 2.615260 -0.051711
v 4.618461 0.138211 -0.063861
v 4.384265 0.000299 -0.580611
v 3.264664 -0.223036 -0.051445
v 3.110327 -0.328260 -0.277314
v 3.333426 -0.310639 -0.356945
v 3.067174 -0.228747 -0.047130
v 2.947266 -0.303880 -0.157528
v 3.592372 -0.275918 -0.426589
v 3.506019 -0.215789 -0.055227
v 2.602136 -0.299548 -0.179297
v 2.780438 -0.319670 -0.179690
v 4.203223 -0.095755 -0.063054
v 3.947583 -0.188001 -0.502225
v 4.394340 0.775062 -3.430746
v 3.402650 0.775062 -4.470166
v 3.444800 1.075200 -4.533309
v 4.439123 1.077610 -3.467933
v 2.274441 0.775062 -5.204707
v 1.271676 0.763290 -5.504686
v 1.258089 1.051034 -5.585111
v 2.303675 1.075200 -5.276884
v -1.499870 0.994290 -3.637720
v -0.409586 0.975785 -3.893985
v -3.189887 1.069836 -2.403531
v -2.421570 1.031272 -3.156215
v -4.192837 0.999182 -0.565101
v -3.824952 1.044416 -1.555072
v 5.116946 0.775062 -2.158485
v 5.165755 1.082627 -2.174282
v 2.204441 4.763625 -1.965041
v 1.917427 4.760194 -2.257270
v 1.877025 4.945931 -2.217823
v 2.168448 4.947768 -1.923110
v 1.437910 4.653413 -3.636324
v 0.554486 4.645493 -3.983092
v 0.479529 5.170517 -3.655671
v 1.318360 5.148438 -3.354637
v -0.503423 4.617771 -3.846449
v -1.553859 4.633203 -3.753345
v -1.404952 5.176101 -3.389386
v -0.474493 5.158792 -3.587613
v -2.605380 4.681151 -3.498480
v -3.483150 4.683218 -2.757057
v -3.037646 5.225324 -2.380800
v -2.291271 5.214449 -3.033745
v -4.044120 4.669052 -1.736180
v -4.271894 4.664527 -0.613665
v -3.801061 5.211081 -0.539905
v -3.549686 5.216652 -1.508242
v 3.389157 4.818315 -1.364067
v 3.253006 5.148981 -1.317300
v 2.687897 5.654632 -2.094759
v 2.025186 5.642805 -2.653336
v 1.904721 6.156991 -2.457213
v 2.554117 6.174212 -1.935333
v 1.253311 5.612381 -3.053643
v 0.402963 5.633494 -3.332812
v 0.352475 6.135680 -3.003680
v 1.152392 6.127588 -2.780060
v -0.441081 5.643590 -3.302025
v -1.243228 5.646509 -3.006012
v -1.139650 6.149346 -2.698841
v -0.407231 6.137114 -2.940465
v -1.987560 5.661633 -2.611609
v -2.607282 5.666565 -2.036033
v -2.500199 6.246182 -1.941560
v -1.883238 6.223041 -2.462818
v -3.003570 5.655135 -1.288352
v -3.186811 5.651013 -0.456326
v -2.817655 6.183390 -0.409446
v -2.771729 6.208160 -1.191800
v 3.130361 5.638951 -1.329917
v 2.958978 6.192254 -1.225464
v 2.139947 6.520795 -1.525033
v 1.619780 6.540728 -1.980417
v 1.267582 6.699842 -1.379278
v 1.694457 6.629963 -1.047303
v 1.005202 6.569604 -2.300072
v 0.313377 6.572305 -2.443831
v 0.258070 6.882994 -1.782993
v 0.785085 6.806119 -1.627224
v -0.355147 6.588582 -2.440150
v -1.025713 6.671532 -2.386859
v -0.881086 7.080809 -1.849559
v -0.285032 6.982703 -1.887598
v -1.723997 6.775465 -2.211110
v -2.310060 6.797469 -1.716509
v -1.880512 7.064112 -1.258557
v -1.433106 7.075466 -1.623658
v -2.611887 6.780018 -1.050283
v -2.686888 6.768224 -0.373696
v -2.413839 7.217424 -0.311634
v -2.223696 7.154393 -0.816224
v 2.539775 6.576374 -1.004328
v 2.051144 6.692010 -0.705877
v 1.347384 6.718856 -0.606461
v 1.032691 6.861052 -0.820823
v 0.674546 7.023368 -1.015232
v 0.239467 7.175897 -1.165902
v -0.261820 7.259122 -1.215902
v -0.743257 7.209799 -1.123124
v -1.121673 7.045299 -0.982029
v -1.475098 6.996358 -0.775818
v -1.761853 7.161975 -0.520296
v 1.645416 6.676262 -0.404700
v 2.526357 1.303804 -1.061772
v 2.570844 1.587366 -1.078781
v -4.086467 1.713336 -1.712616
v -4.424563 1.702165 -0.615326
v -4.484601 2.467850 -0.641332
v -4.201469 2.465185 -1.799232
v -2.519596 1.701772 -3.377505
v -3.357098 1.722747 -2.585638
v -3.489019 2.452998 -2.739130
v -2.630185 2.431887 -3.563295
v -0.473282 1.641476 -3.805928
v -1.555603 1.673287 -3.785335
v -1.623582 2.423217 -3.935425
v -0.482670 2.349789 -3.961767
v 1.180280 1.363895 -2.550307
v 0.744678 1.454055 -2.828582
v 0.777441 1.696140 -2.860842
v 1.212750 1.632034 -2.596226
v 2.169957 1.317091 -1.682911
v 1.694584 1.316719 -2.187587
v 1.725151 1.586501 -2.221787
v 2.207602 1.586071 -1.708349
v 3.188683 0.454597 -4.070648
v 4.077635 0.452872 -3.120411
v 3.196949 1.554466 -3.494550
v 3.428725 1.553209 -3.265109
v 3.623656 1.552876 -3.436489
v 3.372061 1.552300 -3.689602
v 1.324140 0.503077 -5.053081
v 2.191607 0.463130 -4.746079
v 0.279148 0.951982 -4.504651
v 0.605246 0.993954 -5.282290
v 0.789484 0.677497 -5.195374
v 1.173126 1.554991 -4.626242
v 1.467743 1.551910 -4.535655
v 1.578509 1.550055 -4.772759
v 1.270488 1.552588 -4.875524
v 4.729050 0.453813 -1.959524
v 4.483184 1.553751 -1.396309
v 4.568994 1.553478 -1.082037
v 4.820648 1.551393 -1.132555
v 4.728018 1.551154 -1.478841
v 4.081219 3.337026 -1.711403
v 4.078416 3.904978 -1.707130
v -4.038978 3.216382 -1.761024
v -4.321455 3.221854 -0.633596
v -4.222248 3.943315 -0.624906
v -3.993477 3.937811 -1.748139
v -2.713586 3.187486 -3.679959
v -3.476515 3.199507 -2.791502
v -3.503768 3.944208 -2.820364
v -2.715556 3.954223 -3.678000
v -0.449354 3.150641 -4.137526
v -1.660534 3.192937 -4.019936
v -1.633961 3.947950 -3.948579
v -0.508189 3.956973 -4.021447
v 1.497223 3.241365 -3.719655
v 0.627528 3.172133 -4.159673
v 0.598326 3.982413 -4.206384
v 1.510692 4.006528 -3.853400
v 3.561415 3.344179 -2.695893
v 2.959995 3.372167 -3.397574
v 2.971105 3.890797 -3.353939
v 3.566819 3.917024 -2.670258
v 3.253932 1.171177 -1.381586
v 2.752035 1.147957 -1.160712
v 3.100409 2.349717 -1.315357
v 3.381636 2.306656 -0.465400
v 3.196035 1.894232 -0.399856
v 2.777768 1.969933 -1.168701
v 1.414322 1.188559 -3.316293
v 0.646927 1.251698 -3.557834
v 0.715342 1.296050 -3.055239
v 1.247978 1.200128 -2.796205
v 0.190749 1.579181 -3.597781
v 0.228434 2.104287 -3.684814
v 0.487915 1.828831 -3.144896
v 0.459303 1.524920 -3.145333
v 0.707847 2.461348 -3.630901
v 1.439693 2.551229 -3.233350
v 1.302197 2.027165 -2.823127
v 0.781306 2.008598 -3.071053
v 2.812106 1.178632 -2.184474
v 2.169962 1.182900 -2.860905
v 1.847509 1.171377 -2.401014
v 2.369468 1.164715 -1.842354
v 2.133278 2.458747 -2.741997
v 2.691148 2.376616 -2.084430
v 2.388985 1.969512 -1.853594
v 1.874563 1.991950 -2.419208
v 4.013897 2.533599 -0.951537
v 3.938505 2.537309 -1.228946
v 4.038645 2.559367 -1.259154
v 4.115497 2.556070 -0.974748
v 3.579798 4.592801 -1.497711
v 3.866636 4.609492 -0.544099
v 4.167439 4.312452 -0.584476
v 3.900885 4.329712 -1.622846
v 3.040571 2.543726 -2.839596
v 2.845373 2.549648 -3.045927
v 2.942527 2.573365 -3.116196
v 3.132212 2.563800 -2.908471
v 2.126639 3.303423 -3.545732
v 2.129217 3.982493 -3.541052
v 2.538451 3.909616 -3.613366
v 2.507144 3.373786 -3.651777
v 2.521756 4.387234 -3.094526
v 3.098015 4.517436 -2.361865
v 3.432407 4.303846 -2.544549
v 2.893403 4.211781 -3.236145
v 2.600091 1.332155 -3.201278
v 3.142660 1.330895 -2.644799
v 3.269654 1.473102 -3.044616
v 2.980960 1.474294 -3.332292
v 3.751669 1.350237 -2.540773
v 4.265494 1.350142 -2.862125
v 3.884905 1.476576 -3.191642
v 3.609957 1.473786 -2.992988
v 4.181936 1.320081 -3.498538
v 3.461623 1.316600 -4.275298
v 3.488677 1.472953 -3.916119
v 3.845308 1.475138 -3.545930
v 2.838943 1.345278 -4.373942
v 2.502863 1.350113 -3.832309
v 2.925400 1.473862 -3.682048
v 3.132413 1.473279 -3.963215
v 0.759132 1.332507 -4.056999
v 1.456303 1.327466 -3.870730
v 1.402738 1.473626 -4.278873
v 1.027055 1.474421 -4.384750
v 2.039670 1.351717 -4.107690
v 2.349628 1.347597 -4.656153
v 1.889751 1.474088 -4.698188
v 1.729610 1.472997 -4.399278
v 2.056321 1.318887 -5.149426
v 1.280999 1.307840 -5.396379
v 1.312267 1.476475 -5.127518
v 1.730724 1.475591 -4.980591
v 0.719990 1.292536 -5.179494
v 0.488185 1.312748 -4.570349
v 0.862254 1.474559 -4.661421
v 0.979620 1.475736 -5.001379
v 3.806273 1.327471 -1.447012
v 4.013116 1.330227 -0.706377
v 4.321778 1.474435 -0.974772
v 4.215936 1.475053 -1.365196
v 4.927560 1.476123 -0.796595
v 4.589951 1.474555 -0.762180
v 5.045039 1.328843 -1.926691
v 4.921018 1.478601 -1.612166
v 5.065175 1.477792 -1.119428
v 4.558378 1.349786 -2.323718
v 4.036926 1.349698 -2.037345
v 4.342974 1.473329 -1.692034
v 4.642270 1.475088 -1.828764
v 3.485784 2.566614 -1.324881
v 3.790557 2.579499 -1.227783
v 3.872483 2.561854 -0.876158
v 3.542530 2.653215 -1.762981
v 3.798025 2.770125 -1.892109
v 3.947839 2.634115 -1.523908
v 3.814064 2.607215 -1.468934
v 4.092906 2.885578 -1.544529
v 4.278597 2.886328 -0.750183
v 4.210939 2.669795 -0.939811
v 4.108056 2.669122 -1.330515
v 4.018291 2.586959 -0.676200
v 4.173025 2.632176 -0.692095
v 2.902331 2.612300 -2.425854
v 2.468849 2.681145 -2.953665
v 2.722106 2.610100 -2.988193
v 2.961865 2.604523 -2.722851
v 2.390615 2.826990 -3.362064
v 2.652707 2.913839 -3.487006
v 2.792464 2.669964 -3.300433
v 2.662636 2.634709 -3.216389
v 3.005389 2.920985 -3.286925
v 3.430065 2.884163 -2.775416
v 3.240976 2.676612 -2.913045
v 3.004426 2.689500 -3.180968
v 3.534893 2.770959 -2.361787
v 3.281606 2.652081 -2.220546
v 3.175059 2.605573 -2.611380
v 3.301679 2.633516 -2.692846
v 2.708186 4.593177 -2.199041
v 2.203914 4.520723 -2.764789
v 2.061738 4.628590 -2.421535
v 2.384018 4.639748 -2.086255
v 1.810300 4.699827 -3.016720
v 1.728061 5.064227 -2.885787
v 1.773030 4.974537 -2.539860
v 1.823034 4.760336 -2.594396
v 2.027453 5.292032 -2.542396
v 2.528303 5.295073 -2.060780
v 2.289404 5.124677 -1.992931
v 1.962879 5.117917 -2.312032
v 2.893231 5.076732 -1.756802
v 2.978892 4.781745 -1.803603
v 2.574334 4.773025 -1.841017
v 2.528571 4.982829 -1.802660
v -1.794707 -0.115839 -0.329226
v -2.351331 -0.250737 -0.230379
v -0.361193 -0.000528 -0.424652
v -1.126744 -0.004025 -0.393294
v 1.195660 -0.009887 -0.411778
v 0.432751 -0.002895 -0.438132
v 2.292522 -0.254154 -0.234174
v 1.839744 -0.116271 -0.337554
v -3.837247 0.495728 -0.504825
v -2.356525 0.487896 -2.905599
v -1.487619 0.441804 -3.417006
v -0.498024 0.422020 -3.741942
v 1.303066 0.268340 -4.428928
v 2.114261 0.173702 -4.147757
v 2.957756 0.145430 -3.557706
v 3.719785 0.140400 -2.718273
v 4.281896 0.139856 -1.704410
v -0.440827 0.047061 -3.258423
v -1.408641 0.075492 -2.988973
v -2.253156 0.122929 -2.538039
v -3.630048 0.191515 -0.434297
v 2.865658 -0.215517 -1.720704
v 2.299925 -0.262869 -2.275072
v 1.612230 -0.333030 -2.708051
v 0.868225 -0.204879 -3.093879
v 0.343213 0.008121 -3.510438
v 3.241176 -0.333258 -1.066936
v -2.797725 -0.235560 -0.384009
v -1.849948 -0.095874 -0.883289
v -2.404015 -0.213348 -0.624508
v -0.353393 -0.025055 -1.139808
v -1.149775 -0.023125 -1.057326
v 1.221621 -0.034799 -1.069118
v 0.457586 -0.031539 -1.154254
v 1.865315 -0.133877 -0.878826
v 2.337120 -0.318584 -0.624220
v 2.631782 -0.248966 -1.384434
v 2.449321 -0.297281 -1.016707
v 2.094354 -0.168382 -1.837142
v 1.946127 -0.118301 -1.375018
v 1.405294 -0.197251 -2.190556
v 1.285546 -0.086958 -1.646636
v 0.594232 -0.152289 -2.497586
v 0.504957 -0.089790 -1.817205
v -0.333048 -0.101475 -2.562410
v -0.343718 -0.080817 -1.834334
v -1.260261 -0.078150 -2.330666
v -1.183858 -0.071960 -1.689873
v -2.061798 -0.047302 -1.976902
v -1.924634 -0.074322 -1.423693
v -2.701733 -0.012341 -1.495250
v -2.522399 -0.117308 -1.054644
v -3.165460 -0.004463 -0.917285
v -2.972235 -0.138633 -0.622538
v -3.422268 -0.010862 -0.337919
v -3.197460 -0.117381 -0.228333
v 2.803022 -0.436355 -0.615585
v 2.998654 -0.401543 -0.856932
v -3.546778 0.534956 -1.375165
v -3.044749 0.545627 -2.193607
v -2.906903 0.183750 -1.909345
v -3.369663 0.203284 -1.181615
v 1.291554 0.021264 -3.920337
v 2.008524 -0.107286 -3.652131
v 2.759898 -0.121911 -3.124778
v 3.429531 -0.085486 -2.377625
v 3.911845 -0.103231 -1.487703
v 5.487324 0.775062 -0.768186
v 5.557145 1.082007 -0.774611
v 3.651612 4.837778 -0.511770
v 3.487195 5.161105 -0.492957
v 3.283905 5.627381 -0.481704
v 3.110051 6.187345 -0.439695
v 2.800960 6.649907 -0.374607
v 2.279755 6.807602 -0.284852
v -1.938051 7.294660 -0.217422
v 1.828697 6.728515 -0.181208
v 2.912633 1.223404 -0.365608
v 3.023954 1.491568 -0.362514
v 5.065522 0.454013 -0.699285
v 4.335663 3.315157 -0.615117
v 4.344717 3.864043 -0.612449
v 3.540411 1.164902 -0.489676
v 3.078342 1.103637 -0.411479
v 4.495972 1.358154 -0.331061
v 5.111219 1.353797 -0.349721
v 5.345674 1.327149 -0.918342
v 3.641068 2.531284 -0.653391
v 4.203454 2.771044 -0.302981
v 3.917551 2.618056 -0.296709
v 4.578472 0.138385 -0.614437
v 3.216292 -0.321937 -0.319191
v 3.022200 -0.326897 -0.229986
v 3.455057 -0.297084 -0.391904
v 2.658639 -0.369002 -0.329943
v 4.165393 -0.107902 -0.542231
v 4.394340 0.775062 3.304302
v 3.402650 0.775062 4.343722
v 3.444801 1.075200 4.406867
v 4.439123 1.077610 3.341487
v 2.274441 0.775062 5.078264
v 1.271676 0.763290 5.378243
v 1.258089 1.051034 5.458667
v 2.303675 1.075200 5.150442
v -1.583813 0.973887 3.673754
v -0.477094 0.962591 3.839295
v -3.350152 0.989321 2.468718
v -2.570225 0.973107 3.294545
v -4.252118 0.961428 0.476741
v -3.945640 0.970226 1.507969
v 5.116946 0.775062 2.032042
v 5.165755 1.082627 2.047838
v 2.204441 4.763625 1.838595
v 1.917427 4.760194 2.130825
v 1.877022 4.945927 2.091377
v 2.168428 4.947746 1.796651
v 1.432390 4.646113 3.489026
v 0.535421 4.612580 3.952462
v 0.458599 5.165053 3.602854
v 1.320672 5.131126 3.223069
v -0.513857 4.604464 3.869453
v -1.592615 4.643457 3.742189
v -1.500309 5.262925 3.466184
v -0.505573 5.190244 3.565528
v -2.637408 4.684594 3.454816
v -3.440290 4.676773 2.662219
v -3.205249 5.298953 2.455220
v -2.469664 5.329690 3.203059
v -3.954754 4.648311 1.652713
v -4.211141 4.645415 0.523178
v -3.790911 5.207878 0.470344
v -3.607417 5.232148 1.503307
v 3.389157 4.818315 1.237622
v 3.252275 5.148279 1.190339
v 2.536727 5.563246 1.859766
v 1.955611 5.564691 2.450186
v 1.845822 6.157584 2.317709
v 2.276888 6.008635 1.654291
v 1.255455 5.585753 2.916836
v 0.422560 5.627063 3.173036
v 0.409672 6.180958 2.876074
v 1.210584 6.227548 2.747793
v -0.457702 5.669091 3.168714
v -1.375538 5.797366 3.127088
v -1.217738 6.305478 2.741116
v -0.408169 6.202396 2.874795
v -2.275459 5.919356 2.912496
v -2.913446 5.905487 2.225452
v -2.706130 6.518684 2.030551
v -2.021509 6.435416 2.515748
v -3.151923 5.777027 1.315537
v -3.212313 5.676855 0.406076
v -2.904363 6.235187 0.367819
v -2.975789 6.403364 1.209593
v 2.990675 5.551837 1.144318
v 2.669825 5.991987 0.978230
v 1.985801 6.482968 1.378767
v 1.746453 6.760044 2.018736
v 1.503671 7.123637 1.477633
v 1.657612 6.808778 1.031074
v 1.159005 6.839099 2.439648
v 0.403777 6.722296 2.477583
v 0.367602 7.029399 1.805347
v 0.996798 7.182421 1.768747
v -0.318755 6.726547 2.467283
v -1.016806 6.763787 2.288374
v -0.788372 6.915861 1.657949
v -0.185597 6.932822 1.760969
v -1.683932 6.848418 2.028670
v -2.316173 6.985405 1.679865
v -1.837716 7.143880 1.160381
v -1.355525 6.998966 1.460365
v -2.703933 6.957466 1.034793
v -2.742276 6.818925 0.307417
v -2.400198 7.230586 0.221145
v -2.206307 7.215145 0.723847
v 2.330875 6.422834 0.797502
v 1.925455 6.658982 0.585382
v 1.376508 6.968643 0.608007
v 1.259099 7.260093 0.833561
v 0.831695 7.354900 1.018507
v 0.313611 7.203099 1.057731
v -0.082253 6.976057 0.999425
v -0.581269 6.851339 0.946603
v -1.080304 6.870866 0.831771
v -1.454084 6.960308 0.621729
v -1.744894 7.097855 0.365584
v 1.557148 6.731102 0.337647
v 2.788509 1.231760 0.972863
v 2.920930 1.475094 1.002840
v -4.248126 1.676914 1.691208
v -4.464619 1.685257 0.525648
v -4.376721 2.452491 0.524441
v -4.079212 2.443172 1.674112
v -2.697145 1.679996 3.512212
v -3.627264 1.681368 2.740382
v -3.583787 2.460324 2.777112
v -2.735548 2.458186 3.581800
v -0.517536 1.613348 3.886087
v -1.629038 1.654075 3.906335
v -1.650418 2.392130 4.109571
v -0.497253 2.291413 4.134099
v 1.180280 1.363895 2.423865
v 0.744678 1.454055 2.702136
v 0.777441 1.696140 2.734401
v 1.212750 1.632034 2.469783
v 2.173917 1.316107 1.557004
v 1.694584 1.316719 2.061142
v 1.725151 1.586501 2.095344
v 2.216707 1.582998 1.583197
v 3.188683 0.454597 3.944204
v 4.077635 0.452872 2.993966
v 3.196949 1.554466 3.368106
v 3.428725 1.553209 3.138664
v 3.623656 1.552876 3.310045
v 3.372061 1.552300 3.563160
v 1.288272 0.483108 4.952980
v 2.181053 0.459457 4.622303
v 0.214606 0.947408 4.427562
v 0.574066 0.996258 5.174953
v 0.732988 0.663508 5.111711
v 1.173126 1.554991 4.499798
v 1.467743 1.551910 4.409211
v 1.578509 1.550055 4.646316
v 1.270488 1.552588 4.749084
v 4.729050 0.453813 1.833080
v 4.483184 1.553751 1.269864
v 4.568994 1.553478 0.955592
v 4.820646 1.551393 1.006110
v 4.728018 1.551154 1.352396
v 4.086336 3.340443 1.595116
v 4.077939 3.904213 1.589221
v -3.737186 3.204406 1.568531
v -4.144722 3.207517 0.489351
v -4.121563 3.938254 0.497625
v -3.792103 3.944944 1.591236
v -2.650469 3.238201 3.563630
v -3.292508 3.232471 2.626908
v -3.285134 3.968520 2.602523
v -2.633516 3.982427 3.536379
v -0.440562 3.089681 4.324198
v -1.668270 3.184125 4.211036
v -1.660557 3.954322 4.047140
v -0.496252 3.904842 4.141317
v 1.559968 3.193219 3.637957
v 0.716477 3.091179 4.090281
v 0.631256 3.908127 4.135818
v 1.529220 3.980187 3.697379
v 3.564231 3.345054 2.570069
v 2.959995 3.372167 3.271131
v 2.971105 3.890797 3.227494
v 3.566819 3.917024 2.543814
v 3.302513 1.158466 1.261710
v 2.904352 1.109506 1.055412
v 3.219179 2.272095 1.206456
v 3.511143 2.241669 0.386000
v 3.492179 1.778658 0.382131
v 3.078851 1.849283 1.088128
v 1.414322 1.188559 3.189849
v 0.642992 1.249805 3.442254
v 0.715342 1.296050 2.928796
v 1.247978 1.200128 2.669760
v 0.191027 1.570320 3.492208
v 0.253509 2.086045 3.567372
v 0.496963 1.825561 3.032450
v 0.459386 1.524885 3.019046
v 0.773621 2.427235 3.562870
v 1.484609 2.528392 3.166328
v 1.302801 2.026923 2.697815
v 0.790870 2.005116 2.959581
v 2.812106 1.178632 2.058031
v 2.169962 1.182900 2.734462
v 1.847509 1.171377 2.274568
v 2.370180 1.164572 1.716001
v 2.132026 2.456753 2.613738
v 2.679162 2.361991 1.950542
v 2.393922 1.964440 1.727463
v 1.874563 1.991950 2.292765
v 4.013897 2.533599 0.825092
v 3.938505 2.537309 1.102502
v 4.038645 2.559367 1.132709
v 4.115497 2.556070 0.848304
v 3.581686 4.588947 1.375195
v 3.868524 4.605635 0.426467
v 4.167165 4.306100 0.480194
v 3.900611 4.323359 1.504297
v 3.040571 2.543726 2.713152
v 2.845373 2.549648 2.919483
v 2.942527 2.573365 2.989753
v 3.132212 2.563800 2.782027
v 2.125198 3.303686 3.419002
v 2.129016 3.990081 3.411827
v 2.538451 3.909616 3.486923
v 2.507144 3.373786 3.525334
v 2.522995 4.394560 2.965589
v 3.098015 4.517436 2.235424
v 3.432407 4.303846 2.418106
v 2.893403 4.211781 3.109700
v 2.600090 1.332155 3.074835
v 3.142660 1.330895 2.518357
v 3.269654 1.473102 2.918172
v 2.980960 1.474294 3.205846
v 3.751669 1.350237 2.414331
v 4.265494 1.350142 2.735679
v 3.884905 1.476576 3.065198
v 3.609957 1.473786 2.866545
v 4.181936 1.320081 3.372094
v 3.461623 1.316600 4.148854
v 3.488677 1.472953 3.789675
v 3.845308 1.475138 3.419487
v 2.838943 1.345278 4.247498
v 2.502863 1.350113 3.705866
v 2.925400 1.473862 3.555605
v 3.132413 1.473279 3.836774
v 0.755196 1.330614 3.941422
v 1.456303 1.327466 3.744289
v 1.402739 1.473626 4.152430
v 1.027055 1.474421 4.258309
v 2.039670 1.351717 3.981249
v 2.349626 1.347597 4.529710
v 1.889751 1.474088 4.571746
v 1.729610 1.472997 4.272835
v 2.056321 1.318887 5.022982
v 1.280999 1.307840 5.269937
v 1.312267 1.476475 5.001074
v 1.730724 1.475591 4.854149
v 0.719990 1.292536 5.053052
v 0.484248 1.310852 4.454769
v 0.862254 1.474556 4.534979
v 0.979620 1.475736 4.874934
v 3.807348 1.327064 1.320723
v 4.014192 1.329821 0.580085
v 4.321778 1.474435 0.848328
v 4.215936 1.475053 1.238751
v 4.927560 1.476123 0.670149
v 4.589951 1.474555 0.635736
v 5.045039 1.328843 1.800248
v 4.921018 1.478601 1.485721
v 5.065175 1.477792 0.992982
v 4.558378 1.349786 2.197273
v 4.036926 1.349698 1.910904
v 4.342974 1.473329 1.565589
v 4.642269 1.475088 1.702315
v 3.479036 2.541055 1.191361
v 3.773372 2.577291 1.094898
v 3.866545 2.570773 0.754294
v 3.520240 2.637181 1.624950
v 3.800841 2.771000 1.766282
v 3.947839 2.634115 1.397461
v 3.801585 2.600972 1.336001
v 4.096342 2.887266 1.423677
v 4.279216 2.887141 0.633592
v 4.210939 2.669795 0.813365
v 4.108055 2.669122 1.204071
v 4.008822 2.588950 0.564120
v 4.164785 2.629282 0.575478
v 2.891267 2.600515 2.292500
v 2.467596 2.679152 2.825408
v 2.722106 2.610100 2.861749
v 2.961865 2.604523 2.596408
v 2.390615 2.826990 3.235620
v 2.652707 2.913839 3.360565
v 2.792463 2.669964 3.173990
v 2.662636 2.634709 3.089945
v 3.005389 2.920985 3.160482
v 3.432880 2.885038 2.649591
v 3.240974 2.676612 2.786601
v 3.004426 2.689500 3.054525
v 3.537711 2.771834 2.235962
v 3.271795 2.642292 2.089001
v 3.175057 2.605573 2.484937
v 3.301679 2.633516 2.566402
v 2.708186 4.593177 2.072599
v 2.205154 4.528050 2.635852
v 2.061738 4.628590 2.295093
v 2.384018 4.639748 1.959812
v 1.814099 4.709733 2.883205
v 1.737148 5.059052 2.754887
v 1.773030 4.974537 2.413417
v 1.823034 4.760336 2.467952
v 2.023025 5.272542 2.406039
v 2.515864 5.281899 1.923219
v 2.285199 5.120266 1.862791
v 1.959447 5.114255 2.182472
v 2.891747 5.075297 1.629272
v 2.978892 4.781747 1.677157
v 2.574334 4.773025 1.714573
v 2.527802 4.982079 1.675635
v -1.796177 -0.073370 0.205370
v -2.353593 -0.185383 0.110107
v -0.361193 -0.000528 0.298206
v -1.126789 -0.002711 0.266912
v 1.196146 -0.004098 0.286522
v 0.432751 -0.002895 0.311688
v 2.311768 -0.126929 0.149034
v 1.844283 -0.048934 0.227454
v -3.869234 0.474688 0.393855
v -2.417655 0.451558 2.895234
v -1.538176 0.427199 3.368851
v -0.560226 0.410317 3.657778
v 1.233492 0.226660 4.357025
v 2.099710 0.166322 4.023554
v 2.967943 0.150390 3.422563
v 3.736520 0.145648 2.592090
v 4.302673 0.146248 1.579078
v -0.462758 0.052397 3.151345
v -1.413014 0.076725 2.873501
v -2.251184 0.118345 2.413101
v -3.631472 0.191418 0.308020
v 2.957469 -0.163285 1.641254
v 2.364904 -0.170387 2.213004
v 1.650098 -0.170888 2.673990
v 0.865214 -0.135144 3.013568
v 0.298059 0.008040 3.401169
v 3.344845 -0.149392 0.980009
v -2.730254 -0.211529 0.055236
v -1.851928 -0.038635 0.758129
v -2.408348 -0.088129 0.501937
v -0.353393 -0.025055 1.013362
v -1.149823 -0.021809 0.930901
v 1.229856 -0.030129 0.957680
v 0.457586 -0.031539 1.027811
v 1.894306 -0.028703 0.792441
v 2.401656 -0.048523 0.555865
v 2.752996 -0.127979 1.356313
v 2.556220 -0.073358 0.985510
v 2.193443 -0.144178 1.850627
v 2.024107 -0.085216 1.364288
v 1.459801 -0.156169 2.202905
v 1.320073 -0.096237 1.606374
v 0.607173 -0.134337 2.427838
v 0.511520 -0.093223 1.718501
v -0.335822 -0.096484 2.430583
v -0.343718 -0.080817 1.707888
v -1.260261 -0.078150 2.204221
v -1.183858 -0.071960 1.563428
v -2.061798 -0.047302 1.850459
v -1.925146 -0.059554 1.297469
v -2.702081 -0.002268 1.368957
v -2.524820 -0.047363 0.929432
v -3.166186 0.016590 0.791185
v -2.975098 -0.055905 0.498005
v -3.422648 0.000115 0.211790
v -3.198415 -0.089827 0.103623
v 2.890222 -0.076966 0.548405
v 3.105719 -0.110835 0.784053
v -3.575767 0.497935 1.268701
v -3.070317 0.502088 2.119338
v -2.903810 0.177683 1.784914
v -3.369967 0.201706 1.055844
v 1.236973 0.010563 3.836991
v 2.005046 -0.048212 3.530144
v 2.780414 -0.069791 2.984632
v 3.465138 -0.075779 2.251232
v 3.957106 -0.078331 1.368759
v 5.487324 0.775062 0.641743
v 5.557145 1.082007 0.648166
v 3.651612 4.837779 0.385325
v 3.487195 5.161105 0.366512
v 3.232719 5.585516 0.336053
v 3.006923 6.100411 0.299980
v 2.739198 6.588760 0.257378
v 2.258082 6.772744 0.166062
v -1.956410 7.267436 0.096462
v 1.795801 6.717098 0.069580
v 3.170826 1.152342 0.333105
v 3.364934 1.382366 0.361468
v 5.065522 0.454013 0.572842
v 4.337965 3.317699 0.509876
v 4.344239 3.863278 0.510705
v 3.588991 1.152191 0.377358
v 3.229943 1.065327 0.337461
v 4.495972 1.358154 0.204616
v 5.111219 1.353797 0.223273
v 5.345674 1.327149 0.791899
v 3.655378 2.526646 0.539769
v 4.195215 2.768151 0.198029
v 3.908082 2.620049 0.195187
v 2.548214 -0.230698 -0.036191
v 4.588612 0.141346 0.485438
v 3.262438 -0.156133 0.220758
v 3.052524 -0.152499 0.139190
v 3.503673 -0.170581 0.286948
v 2.716227 -0.117744 0.262314
v 2.880867 -0.245248 -0.040268
v 4.186262 -0.087904 0.416365
v -1.698373 7.124898 -0.079393
v -1.477347 6.970894 -0.218439
v -0.875052 6.877833 -0.422687
v -1.211492 6.824067 -0.313548
v -0.235941 7.273226 -0.461216
v -0.552215 7.083945 -0.464945
v 0.700496 7.268938 -0.421809
v 0.210911 7.355076 -0.459379
v 1.213876 6.886258 -0.221113
v 1.031913 7.094830 -0.327325
v 1.562998 6.668295 -0.043216
v 1.398353 6.717619 -0.149935
v -1.465304 6.926189 0.061144
v -1.221766 6.792329 0.150970
v -0.882413 6.785634 0.196432
v -0.465145 6.904088 0.209291
v -0.123313 7.117090 0.254594
v 0.226472 7.332035 0.299501
v 0.738268 7.388413 0.267844
v 1.129100 7.246705 0.214906
v 1.260798 7.000140 0.174274
v 1.382030 6.765327 0.097343
v -2.801581 -0.124153 0.262263
v -2.728550 -0.260801 -0.175200
v -2.966905 -0.154508 0.051067
v -2.965448 -0.196618 -0.173252
v 0.596427 0.515474 -4.501505
v 0.332726 0.276105 -3.933661
v 0.484892 0.481640 4.460559
v 0.245192 0.250975 3.872706
v 0.788287 0.042338 -3.825780
v 1.208531 -0.166872 -3.520137
v 1.846867 -0.322028 -3.178812
v 2.534565 -0.272322 -2.694222
v 3.134432 -0.180874 -2.041950
v 3.542194 -0.246271 -1.269869
v 3.756562 -0.241779 -0.463519
v 3.786275 -0.171348 0.349206
v 3.608086 -0.160803 1.164121
v 3.185506 -0.164082 1.922739
v 2.564316 -0.161633 2.571042
v 1.857526 -0.146348 3.082609
v 1.178266 -0.107511 3.425771
v 0.718890 0.015697 3.739974
vt 0.411926 0.767250
vt 0.429094 0.787775
vt 0.423587 0.793833
vt 0.406165 0.772819
vt 0.446275 0.808140
vt 0.440947 0.814873
vt 0.436709 0.819101
vt 0.419395 0.797702
vt 0.401923 0.776476
vt 0.463750 0.827779
vt 0.458128 0.835761
vt 0.482550 0.845007
vt 0.476205 0.854954
vt 0.469571 0.862365
vt 0.453249 0.841083
vt 0.448741 0.844812
vt 0.432959 0.822086
vt 0.463055 0.869545
vt 0.451169 0.872099
vt 0.442496 0.845995
vt 0.428737 0.824626
vt 0.415656 0.800720
vt 0.398103 0.779620
vt 0.412525 0.804900
vt 0.392792 0.783807
vt 0.499578 0.894912
vt 0.481968 0.911093
vt 0.474124 0.903589
vt 0.488572 0.883688
vt 0.469213 0.927271
vt 0.464018 0.922200
vt 0.460972 0.918638
vt 0.467796 0.898237
vt 0.476729 0.875149
vt 0.459134 0.939199
vt 0.454167 0.935218
vt 0.454554 0.946061
vt 0.448923 0.945733
vt 0.445162 0.944407
vt 0.450741 0.932467
vt 0.447734 0.930602
vt 0.457929 0.916530
vt 0.442336 0.942946
vt 0.439525 0.941111
vt 0.444465 0.928940
vt 0.453655 0.915648
vt 0.462054 0.895519
vt 0.455749 0.896349
vt 0.824122 0.222156
vt 0.836826 0.239837
vt 0.825988 0.245961
vt 0.811861 0.227811
vt 0.850351 0.256105
vt 0.840078 0.262702
vt 0.830004 0.270875
vt 0.815421 0.253878
vt 0.799844 0.235570
vt 0.806457 0.180288
vt 0.813452 0.202805
vt 0.798644 0.208474
vt 0.789094 0.190866
vt 0.784151 0.217287
vt 0.766830 0.197272
vt 0.879102 0.285860
vt 0.894497 0.299218
vt 0.887011 0.307302
vt 0.871049 0.293140
vt 0.910481 0.311213
vt 0.903234 0.320427
vt 0.895651 0.330677
vt 0.879271 0.316556
vt 0.862827 0.301696
vt 0.864395 0.271392
vt 0.855132 0.278166
vt 0.845806 0.286323
vt 0.944123 0.330675
vt 0.961208 0.338634
vt 0.955996 0.352107
vt 0.938084 0.342900
vt 0.978707 0.344951
vt 0.974463 0.359614
vt 0.968697 0.375134
vt 0.949625 0.366290
vt 0.931189 0.355981
vt 0.927123 0.321595
vt 0.920369 0.332289
vt 0.913051 0.343922
vt 0.377308 0.726371
vt 0.394627 0.746748
vt 0.388498 0.751969
vt 0.370654 0.731276
vt 0.384073 0.755552
vt 0.365981 0.734873
vt 0.380282 0.758764
vt 0.362280 0.738232
vt 0.375260 0.761127
vt 0.358716 0.742031
vt 0.585725 0.322140
vt 0.591017 0.322513
vt 0.590618 0.325584
vt 0.583969 0.324410
vt 0.598103 0.322783
vt 0.597615 0.326030
vt 0.597096 0.328627
vt 0.589788 0.328024
vt 0.582785 0.326980
vt 0.604932 0.322901
vt 0.604401 0.326238
vt 0.609697 0.323149
vt 0.610577 0.325882
vt 0.610575 0.328790
vt 0.604163 0.328899
vt 0.603326 0.331503
vt 0.596422 0.331265
vt 0.609450 0.331406
vt 0.607407 0.333488
vt 0.602591 0.334094
vt 0.595577 0.334073
vt 0.589391 0.330567
vt 0.582745 0.329657
vt 0.588537 0.333114
vt 0.583545 0.331954
vt 0.636736 0.302409
vt 0.655825 0.303129
vt 0.652401 0.316130
vt 0.638436 0.316261
vt 0.671713 0.305974
vt 0.667629 0.318706
vt 0.663796 0.330903
vt 0.649355 0.328136
vt 0.636575 0.327251
vt 0.687384 0.312136
vt 0.682845 0.324821
vt 0.703950 0.320668
vt 0.698842 0.333225
vt 0.693888 0.344769
vt 0.678532 0.336788
vt 0.674174 0.348142
vt 0.659472 0.342310
vt 0.688985 0.355692
vt 0.684244 0.366067
vt 0.669939 0.358998
vt 0.655111 0.353301
vt 0.644731 0.338859
vt 0.632131 0.336863
vt 0.639834 0.349176
vt 0.623346 0.346085
vt 0.720119 0.329862
vt 0.714393 0.342303
vt 0.736032 0.339473
vt 0.729681 0.351817
vt 0.723443 0.363285
vt 0.708796 0.353699
vt 0.752252 0.349249
vt 0.745198 0.361292
vt 0.768102 0.359571
vt 0.760570 0.371235
vt 0.752728 0.382860
vt 0.738120 0.372849
vt 0.730862 0.383664
vt 0.717209 0.373869
vt 0.744300 0.394117
vt 0.736010 0.404780
vt 0.723612 0.393957
vt 0.710907 0.383915
vt 0.703284 0.364358
vt 0.697820 0.374473
vt 0.783593 0.372132
vt 0.775675 0.383405
vt 0.798933 0.386311
vt 0.790473 0.397065
vt 0.781292 0.407841
vt 0.767203 0.394728
vt 0.813634 0.401033
vt 0.804629 0.411419
vt 0.827962 0.416605
vt 0.818337 0.426689
vt 0.807683 0.436793
vt 0.794682 0.421851
vt 0.783318 0.432644
vt 0.770726 0.418873
vt 0.795536 0.447138
vt 0.783204 0.456741
vt 0.771962 0.442692
vt 0.760251 0.429215
vt 0.757646 0.405980
vt 0.748238 0.416569
vt 0.841992 0.433004
vt 0.831575 0.442926
vt 0.855696 0.449817
vt 0.844310 0.459738
vt 0.832262 0.468905
vt 0.820303 0.452568
vt 0.868963 0.466716
vt 0.856342 0.476810
vt 0.882506 0.483744
vt 0.868222 0.494565
vt 0.853014 0.503547
vt 0.843093 0.485677
vt 0.828144 0.494004
vt 0.818336 0.477892
vt 0.836371 0.511191
vt 0.819200 0.517670
vt 0.812200 0.501527
vt 0.803516 0.486182
vt 0.807295 0.462256
vt 0.793744 0.471240
vt 0.530666 0.307789
vt 0.548048 0.308279
vt 0.545736 0.313868
vt 0.529631 0.313549
vt 0.566785 0.307878
vt 0.558979 0.313970
vt 0.556045 0.320456
vt 0.543785 0.320174
vt 0.528705 0.319947
vt 0.543982 0.328321
vt 0.528480 0.328085
vt 0.556692 0.328673
vt 0.561542 0.339025
vt 0.544442 0.337889
vt 0.528353 0.337682
vt 0.576764 0.346099
vt 0.574417 0.353336
vt 0.559127 0.349974
vt 0.591636 0.349389
vt 0.590023 0.355968
vt 0.587818 0.364189
vt 0.572341 0.362271
vt 0.557114 0.360460
vt 0.606735 0.349310
vt 0.605445 0.356479
vt 0.620707 0.357044
vt 0.617575 0.367793
vt 0.602790 0.365738
vt 0.599590 0.376773
vt 0.585028 0.374874
vt 0.613875 0.379190
vt 0.609734 0.390954
vt 0.595921 0.388848
vt 0.581776 0.387248
vt 0.569907 0.373172
vt 0.555052 0.371961
vt 0.567271 0.385664
vt 0.553071 0.384463
vt 0.635937 0.359861
vt 0.651111 0.364135
vt 0.647001 0.375060
vt 0.632281 0.370929
vt 0.666043 0.369386
vt 0.679835 0.375909
vt 0.675014 0.385990
vt 0.661745 0.379958
vt 0.656277 0.391271
vt 0.642310 0.386354
vt 0.668897 0.397245
vt 0.661950 0.409268
vt 0.649945 0.403148
vt 0.636937 0.398039
vt 0.628122 0.382320
vt 0.623442 0.393977
vt 0.692365 0.384144
vt 0.704487 0.393713
vt 0.697856 0.403613
vt 0.686547 0.394087
vt 0.716496 0.403709
vt 0.728379 0.414229
vt 0.720916 0.422924
vt 0.709362 0.413111
vt 0.702203 0.422454
vt 0.690923 0.413924
vt 0.713451 0.431490
vt 0.705785 0.440260
vt 0.694740 0.431845
vt 0.683535 0.424203
vt 0.679954 0.405127
vt 0.672752 0.416577
vt 0.740151 0.425418
vt 0.751602 0.437453
vt 0.743346 0.444856
vt 0.732387 0.433410
vt 0.762557 0.450521
vt 0.772742 0.464230
vt 0.762895 0.471011
vt 0.753641 0.457581
vt 0.744270 0.464656
vt 0.734548 0.452331
vt 0.752917 0.477767
vt 0.742848 0.484567
vt 0.734946 0.471751
vt 0.725925 0.459815
vt 0.724393 0.441438
vt 0.716348 0.449611
vt 0.781959 0.478331
vt 0.790308 0.492885
vt 0.777930 0.498866
vt 0.770892 0.484678
vt 0.797646 0.507779
vt 0.803665 0.523175
vt 0.789297 0.528275
vt 0.784071 0.513410
vt 0.771120 0.518627
vt 0.765822 0.504508
vt 0.775793 0.532977
vt 0.762646 0.537133
vt 0.758630 0.523394
vt 0.753877 0.509939
vt 0.759873 0.490836
vt 0.748731 0.497024
vt 0.543548 0.348641
vt 0.527857 0.348557
vt 0.542220 0.360051
vt 0.527265 0.360329
vt 0.540816 0.372070
vt 0.526592 0.372612
vt 0.539563 0.384376
vt 0.526045 0.384694
vt 0.564756 0.398406
vt 0.551374 0.397155
vt 0.578421 0.399928
vt 0.575004 0.412918
vt 0.562238 0.411264
vt 0.549712 0.409792
vt 0.591835 0.401521
vt 0.604926 0.403703
vt 0.599863 0.417125
vt 0.587570 0.414710
vt 0.583527 0.427732
vt 0.571706 0.425633
vt 0.595155 0.430299
vt 0.590215 0.442555
vt 0.579396 0.439827
vt 0.568472 0.437456
vt 0.559672 0.423568
vt 0.547912 0.421688
vt 0.557362 0.434996
vt 0.546568 0.432757
vt 0.617860 0.406919
vt 0.630556 0.411095
vt 0.623875 0.424708
vt 0.611974 0.420556
vt 0.642818 0.416143
vt 0.654498 0.421777
vt 0.646674 0.434008
vt 0.635405 0.429303
vt 0.628763 0.441204
vt 0.617939 0.437460
vt 0.639393 0.445249
vt 0.632560 0.456588
vt 0.622246 0.452701
vt 0.611765 0.449354
vt 0.606652 0.433692
vt 0.601074 0.445853
vt 0.665266 0.427717
vt 0.675811 0.434108
vt 0.668161 0.444315
vt 0.657589 0.438729
vt 0.686700 0.441299
vt 0.697248 0.449330
vt 0.688525 0.459086
vt 0.678636 0.451238
vt 0.670351 0.462705
vt 0.660374 0.455486
vt 0.679715 0.470598
vt 0.670617 0.482038
vt 0.661952 0.474359
vt 0.652708 0.467354
vt 0.650045 0.449868
vt 0.642868 0.461494
vt 0.707232 0.458297
vt 0.716474 0.468329
vt 0.706120 0.477665
vt 0.697596 0.467863
vt 0.725005 0.479915
vt 0.732424 0.492038
vt 0.721500 0.499256
vt 0.714195 0.488371
vt 0.703267 0.496031
vt 0.695815 0.486817
vt 0.710074 0.505493
vt 0.698922 0.511323
vt 0.692426 0.503427
vt 0.685518 0.495934
vt 0.688094 0.478436
vt 0.678338 0.488994
vt 0.737765 0.503588
vt 0.742132 0.515338
vt 0.731437 0.520265
vt 0.727254 0.509729
vt 0.746170 0.527748
vt 0.749355 0.540556
vt 0.736848 0.542932
vt 0.734694 0.531312
vt 0.723130 0.534041
vt 0.720152 0.523955
vt 0.724335 0.544360
vt 0.712638 0.544487
vt 0.711925 0.535394
vt 0.708910 0.526489
vt 0.715667 0.514605
vt 0.704348 0.518965
vt 0.538699 0.396606
vt 0.525929 0.396522
vt 0.537839 0.408676
vt 0.525764 0.408182
vt 0.536822 0.420230
vt 0.525460 0.419590
vt 0.536415 0.431035
vt 0.526142 0.430213
vt 0.555508 0.445243
vt 0.546017 0.442671
vt 0.565285 0.447941
vt 0.561727 0.457186
vt 0.553441 0.454070
vt 0.545476 0.451075
vt 0.584817 0.453302
vt 0.574985 0.450509
vt 0.578939 0.463200
vt 0.570136 0.460118
vt 0.595046 0.456569
vt 0.605380 0.460254
vt 0.598805 0.471213
vt 0.588643 0.466936
vt 0.625929 0.468738
vt 0.615721 0.464224
vt 0.619233 0.481368
vt 0.609113 0.476093
vt 0.635932 0.474080
vt 0.645299 0.480056
vt 0.637833 0.492751
vt 0.628927 0.486998
vt 0.661383 0.492579
vt 0.653682 0.486284
vt 0.652588 0.501956
vt 0.645419 0.497274
vt 0.668757 0.498382
vt 0.675976 0.504630
vt 0.667561 0.513141
vt 0.660146 0.507418
vt 0.689112 0.517218
vt 0.682568 0.510862
vt 0.680395 0.523285
vt 0.674049 0.518415
vt 0.694984 0.523564
vt 0.699287 0.529960
vt 0.692074 0.532860
vt 0.686677 0.528033
vt 0.537023 0.440385
vt 0.538002 0.448390
vt 0.530882 0.446380
vt 0.528415 0.439017
vt 0.539865 0.142981
vt 0.560251 0.144283
vt 0.560187 0.148700
vt 0.540346 0.147096
vt 0.579606 0.146509
vt 0.579120 0.150883
vt 0.578816 0.155207
vt 0.560108 0.153201
vt 0.540414 0.151661
vt 0.559830 0.159052
vt 0.540142 0.157627
vt 0.578404 0.161020
vt 0.577844 0.168248
vt 0.559254 0.166236
vt 0.539548 0.164944
vt 0.905427 0.354976
vt 0.887904 0.341049
vt 0.923700 0.367905
vt 0.915539 0.379868
vt 0.897412 0.366175
vt 0.879921 0.351780
vt 0.942248 0.379272
vt 0.961382 0.389706
vt 0.952737 0.404441
vt 0.933905 0.392456
vt 0.924743 0.405915
vt 0.906782 0.392316
vt 0.943138 0.419064
vt 0.932312 0.433065
vt 0.914928 0.418764
vt 0.897696 0.404365
vt 0.889064 0.377928
vt 0.871733 0.363005
vt 0.880515 0.389445
vt 0.863441 0.374047
vt 0.837206 0.295391
vt 0.820995 0.279962
vt 0.854694 0.311072
vt 0.846616 0.321257
vt 0.829015 0.305399
vt 0.812557 0.290120
vt 0.871372 0.326420
vt 0.863326 0.336904
vt 0.855137 0.347955
vt 0.838469 0.332222
vt 0.846988 0.358857
vt 0.830513 0.343344
vt 0.820926 0.316307
vt 0.804431 0.301341
vt 0.813279 0.327582
vt 0.796936 0.312971
vt 0.772318 0.228732
vt 0.756287 0.214827
vt 0.789083 0.245505
vt 0.779740 0.256947
vt 0.763104 0.241039
vt 0.747767 0.227116
vt 0.805645 0.263225
vt 0.796645 0.273950
vt 0.788310 0.286059
vt 0.770946 0.269670
vt 0.780699 0.298749
vt 0.762848 0.283391
vt 0.752933 0.253553
vt 0.737211 0.239236
vt 0.743437 0.267551
vt 0.722487 0.252463
vt 0.650986 0.160606
vt 0.666647 0.165381
vt 0.664907 0.169377
vt 0.649720 0.164690
vt 0.681112 0.170561
vt 0.678750 0.174386
vt 0.677572 0.178622
vt 0.664085 0.173528
vt 0.649140 0.168720
vt 0.693992 0.176009
vt 0.691152 0.179456
vt 0.703847 0.181058
vt 0.702598 0.184481
vt 0.700358 0.188922
vt 0.689543 0.183587
vt 0.688455 0.188283
vt 0.676948 0.183997
vt 0.698184 0.193236
vt 0.695834 0.196909
vt 0.688524 0.194437
vt 0.677024 0.191097
vt 0.663597 0.179334
vt 0.648629 0.174703
vt 0.663465 0.187037
vt 0.648259 0.182656
vt 0.598416 0.149305
vt 0.597706 0.153609
vt 0.616706 0.152582
vt 0.615808 0.156815
vt 0.615281 0.160990
vt 0.597257 0.157833
vt 0.634310 0.156349
vt 0.633254 0.160508
vt 0.632720 0.164577
vt 0.632195 0.170531
vt 0.614772 0.166840
vt 0.631748 0.178332
vt 0.614305 0.174344
vt 0.596780 0.163628
vt 0.596265 0.170943
vt 0.459514 0.786514
vt 0.475646 0.803355
vt 0.469881 0.816062
vt 0.452864 0.797893
vt 0.492598 0.817418
vt 0.488066 0.831482
vt 0.427845 0.749507
vt 0.443731 0.768260
vt 0.436279 0.778548
vt 0.419677 0.758845
vt 0.397996 0.852196
vt 0.395198 0.848382
vt 0.399694 0.845990
vt 0.402160 0.851497
vt 0.391964 0.843143
vt 0.396755 0.840821
vt 0.401209 0.838610
vt 0.404284 0.844134
vt 0.407373 0.849960
vt 0.389121 0.837673
vt 0.393755 0.835594
vt 0.387285 0.833330
vt 0.390188 0.830572
vt 0.394285 0.827482
vt 0.397881 0.833101
vt 0.402085 0.830776
vt 0.405681 0.836308
vt 0.398678 0.825010
vt 0.402228 0.823821
vt 0.405829 0.827986
vt 0.410147 0.833998
vt 0.408826 0.841975
vt 0.412250 0.847661
vt 0.413626 0.840351
vt 0.415475 0.845340
vt 0.487733 0.942858
vt 0.474937 0.953633
vt 0.466818 0.945285
vt 0.478019 0.934174
vt 0.462669 0.962000
vt 0.457285 0.952754
vt 0.520553 0.921202
vt 0.502613 0.931161
vt 0.492332 0.920607
vt 0.510830 0.908160
vt 0.427545 0.996320
vt 0.409796 0.986157
vt 0.421459 0.974965
vt 0.434426 0.979727
vt 0.392707 0.968315
vt 0.413866 0.966380
vt 0.426764 0.959913
vt 0.431688 0.964250
vt 0.439431 0.966817
vt 0.438653 0.954018
vt 0.443037 0.955175
vt 0.435098 0.951639
vt 0.450208 0.966469
vt 0.448937 0.955315
vt 0.413470 0.934944
vt 0.412854 0.930633
vt 0.417278 0.928819
vt 0.416876 0.934722
vt 0.412718 0.924746
vt 0.417396 0.923176
vt 0.421798 0.921725
vt 0.421475 0.927563
vt 0.421298 0.933706
vt 0.413085 0.918722
vt 0.417628 0.917533
vt 0.413697 0.914104
vt 0.417327 0.912027
vt 0.422153 0.910010
vt 0.422023 0.915906
vt 0.426752 0.914694
vt 0.426545 0.920393
vt 0.427142 0.908880
vt 0.430844 0.908815
vt 0.431568 0.913181
vt 0.431483 0.919208
vt 0.425820 0.926138
vt 0.425668 0.931980
vt 0.430060 0.925309
vt 0.428883 0.930035
vt 0.396292 0.712039
vt 0.411873 0.730689
vt 0.402982 0.739075
vt 0.386484 0.719430
vt 0.341793 0.778804
vt 0.337936 0.776079
vt 0.340946 0.772249
vt 0.345185 0.776726
vt 0.333207 0.772140
vt 0.336439 0.768218
vt 0.339451 0.764575
vt 0.344236 0.768954
vt 0.349163 0.773561
vt 0.328714 0.767862
vt 0.331972 0.764180
vt 0.325515 0.764357
vt 0.327108 0.760612
vt 0.329694 0.756092
vt 0.334669 0.760301
vt 0.337730 0.756479
vt 0.342707 0.760775
vt 0.332873 0.752011
vt 0.335744 0.749524
vt 0.340308 0.752364
vt 0.345952 0.757064
vt 0.347494 0.765369
vt 0.352516 0.769864
vt 0.351028 0.762409
vt 0.354295 0.766810
vt 0.534146 0.238726
vt 0.551909 0.239255
vt 0.552872 0.248803
vt 0.533993 0.247633
vt 0.571981 0.237154
vt 0.571604 0.249562
vt 0.571011 0.260592
vt 0.552410 0.259355
vt 0.533729 0.257638
vt 0.551606 0.268916
vt 0.533270 0.267240
vt 0.569774 0.269927
vt 0.568437 0.277910
vt 0.550697 0.277540
vt 0.532716 0.276268
vt 0.871055 0.401024
vt 0.854678 0.385005
vt 0.887517 0.416583
vt 0.877125 0.428269
vt 0.861716 0.412058
vt 0.846225 0.395671
vt 0.903844 0.431737
vt 0.919909 0.446795
vt 0.907478 0.459470
vt 0.892360 0.444104
vt 0.881033 0.455582
vt 0.866784 0.439195
vt 0.895527 0.471621
vt 0.852213 0.422624
vt 0.837291 0.406190
vt 0.806174 0.338783
vt 0.790008 0.324585
vt 0.822854 0.354113
vt 0.815086 0.364857
vt 0.798993 0.349976
vt 0.783000 0.336296
vt 0.838825 0.369333
vt 0.830686 0.379854
vt 0.822128 0.390523
vt 0.806988 0.375673
vt 0.791343 0.361119
vt 0.775591 0.348014
vt 0.737006 0.283885
vt 0.718157 0.273025
vt 0.755808 0.297771
vt 0.749169 0.312312
vt 0.731664 0.300899
vt 0.714077 0.291012
vt 0.773602 0.311389
vt 0.766553 0.324118
vt 0.759391 0.336833
vt 0.742559 0.326265
vt 0.725967 0.316151
vt 0.709210 0.306763
vt 0.646434 0.232944
vt 0.666112 0.239032
vt 0.667251 0.257042
vt 0.654144 0.253994
vt 0.684353 0.244178
vt 0.684005 0.262399
vt 0.681475 0.278962
vt 0.666455 0.274248
vt 0.654052 0.271137
vt 0.702453 0.249225
vt 0.700917 0.267080
vt 0.697090 0.283847
vt 0.692375 0.298579
vt 0.676856 0.292820
vt 0.661517 0.289173
vt 0.648603 0.286613
vt 0.591348 0.242303
vt 0.590051 0.251595
vt 0.606922 0.245392
vt 0.607064 0.254204
vt 0.606544 0.263652
vt 0.589402 0.261915
vt 0.619436 0.248028
vt 0.621109 0.256677
vt 0.628716 0.249144
vt 0.631383 0.257990
vt 0.631719 0.267280
vt 0.621079 0.265777
vt 0.617880 0.272816
vt 0.604029 0.271219
vt 0.628049 0.274472
vt 0.623040 0.278288
vt 0.614596 0.278244
vt 0.601340 0.277348
vt 0.587572 0.270418
vt 0.585607 0.277510
vt 0.313043 0.796344
vt 0.327885 0.807751
vt 0.320428 0.816964
vt 0.306002 0.804727
vt 0.347580 0.819073
vt 0.333822 0.829840
vt 0.323948 0.837600
vt 0.311972 0.824994
vt 0.299187 0.812822
vt 0.305056 0.831734
vt 0.293482 0.819650
vt 0.316042 0.843887
vt 0.310327 0.848457
vt 0.299996 0.836732
vt 0.289301 0.824677
vt 0.574591 0.206359
vt 0.554554 0.199927
vt 0.556557 0.192275
vt 0.575531 0.195331
vt 0.536749 0.196800
vt 0.537285 0.189786
vt 0.537938 0.181889
vt 0.557389 0.183503
vt 0.576353 0.185874
vt 0.518705 0.195732
vt 0.517620 0.188925
vt 0.497830 0.197778
vt 0.498000 0.188756
vt 0.497747 0.180862
vt 0.517732 0.181170
vt 0.517587 0.172760
vt 0.538761 0.173339
vt 0.496972 0.172396
vt 0.496278 0.164203
vt 0.517496 0.164352
vt 0.558370 0.174612
vt 0.577148 0.176691
vt 0.386693 0.889387
vt 0.383708 0.911348
vt 0.372499 0.910993
vt 0.369623 0.893537
vt 0.383733 0.929605
vt 0.373940 0.928326
vt 0.364053 0.926394
vt 0.361375 0.911670
vt 0.357434 0.896185
vt 0.386214 0.946886
vt 0.376192 0.944058
vt 0.376234 0.956481
vt 0.365801 0.949237
vt 0.366087 0.939165
vt 0.357326 0.935837
vt 0.354714 0.925072
vt 0.357951 0.944038
vt 0.353082 0.940467
vt 0.350721 0.934357
vt 0.347372 0.924708
vt 0.351529 0.912292
vt 0.347395 0.898411
vt 0.344039 0.913058
vt 0.340071 0.900229
vt 0.740704 0.205071
vt 0.743517 0.194356
vt 0.734379 0.214820
vt 0.721544 0.203970
vt 0.725781 0.197031
vt 0.727598 0.188922
vt 0.726198 0.224367
vt 0.714643 0.231150
vt 0.706621 0.214385
vt 0.715568 0.210131
vt 0.706580 0.200170
vt 0.710548 0.195545
vt 0.700280 0.203127
vt 0.713517 0.190320
vt 0.714302 0.184293
vt 0.699635 0.230911
vt 0.682667 0.227098
vt 0.680000 0.212244
vt 0.694363 0.214655
vt 0.665156 0.222805
vt 0.647576 0.217153
vt 0.647961 0.203981
vt 0.664401 0.208632
vt 0.663759 0.196755
vt 0.678006 0.200386
vt 0.648115 0.192428
vt 0.690459 0.202901
vt 0.355251 0.839939
vt 0.344211 0.845068
vt 0.363629 0.856482
vt 0.353279 0.861341
vt 0.343069 0.866195
vt 0.334149 0.851516
vt 0.373355 0.872087
vt 0.362479 0.877286
vt 0.351088 0.881069
vt 0.341583 0.884410
vt 0.334296 0.870509
vt 0.334590 0.887046
vt 0.327718 0.873848
vt 0.325777 0.856906
vt 0.319599 0.860908
vt 0.628752 0.218916
vt 0.630388 0.209978
vt 0.612331 0.211576
vt 0.612849 0.203110
vt 0.613470 0.193143
vt 0.631049 0.198480
vt 0.595127 0.207025
vt 0.594397 0.198564
vt 0.595138 0.188977
vt 0.595741 0.179582
vt 0.613907 0.183326
vt 0.631432 0.187773
vt 0.525492 0.214111
vt 0.529437 0.214364
vt 0.529724 0.216348
vt 0.524684 0.215729
vt 0.534939 0.214857
vt 0.534841 0.216943
vt 0.534804 0.218490
vt 0.529659 0.217774
vt 0.524408 0.217410
vt 0.540434 0.215709
vt 0.539998 0.217544
vt 0.544443 0.216385
vt 0.545078 0.217976
vt 0.545266 0.219660
vt 0.540039 0.219033
vt 0.539831 0.220605
vt 0.534718 0.220094
vt 0.544856 0.221472
vt 0.544060 0.222981
vt 0.540050 0.222582
vt 0.534585 0.222099
vt 0.529669 0.219407
vt 0.524558 0.219350
vt 0.529133 0.221386
vt 0.525095 0.221029
vt 0.548947 0.301640
vt 0.566775 0.300290
vt 0.531237 0.301190
vt 0.531657 0.293620
vt 0.549347 0.294019
vt 0.566985 0.292844
vt 0.513954 0.307163
vt 0.514150 0.300395
vt 0.497524 0.307021
vt 0.497359 0.300045
vt 0.497154 0.292079
vt 0.514303 0.292652
vt 0.514510 0.283893
vt 0.532160 0.285091
vt 0.496967 0.283197
vt 0.496843 0.273936
vt 0.514755 0.274761
vt 0.549936 0.285847
vt 0.567526 0.285382
vt 0.602292 0.223485
vt 0.606153 0.224137
vt 0.606158 0.225887
vt 0.601403 0.224891
vt 0.611463 0.225320
vt 0.611030 0.227076
vt 0.610695 0.228597
vt 0.605811 0.227243
vt 0.600935 0.226445
vt 0.616707 0.226819
vt 0.615997 0.228377
vt 0.620477 0.227906
vt 0.620783 0.229347
vt 0.620423 0.231072
vt 0.615633 0.229901
vt 0.615111 0.231132
vt 0.610356 0.230018
vt 0.619490 0.232379
vt 0.618265 0.233453
vt 0.614790 0.232750
vt 0.609904 0.231645
vt 0.605662 0.228726
vt 0.600953 0.228178
vt 0.605049 0.230281
vt 0.601284 0.229677
vt 0.646922 0.255469
vt 0.642668 0.242973
vt 0.646830 0.269970
vt 0.641478 0.269095
vt 0.641620 0.257737
vt 0.638615 0.247485
vt 0.641672 0.283069
vt 0.631787 0.292076
vt 0.628314 0.285650
vt 0.636877 0.279026
vt 0.633128 0.276375
vt 0.637006 0.268212
vt 0.625547 0.281470
vt 0.637057 0.258370
vt 0.634461 0.249150
vt 0.617768 0.302539
vt 0.617489 0.294813
vt 0.601156 0.302915
vt 0.600775 0.295576
vt 0.600250 0.288433
vt 0.615602 0.287735
vt 0.584628 0.304487
vt 0.583928 0.297612
vt 0.583992 0.290465
vt 0.584498 0.283942
vt 0.600284 0.282728
vt 0.614257 0.282746
vt 0.380980 0.864791
vt 0.391508 0.873172
vt 0.372562 0.852305
vt 0.380165 0.848742
vt 0.386431 0.857449
vt 0.394556 0.863446
vt 0.366256 0.838628
vt 0.364700 0.825660
vt 0.375319 0.829341
vt 0.376040 0.838937
vt 0.383439 0.838700
vt 0.386539 0.845733
vt 0.382765 0.831832
vt 0.390973 0.852095
vt 0.396701 0.856504
vt 0.361877 0.807871
vt 0.370341 0.815345
vt 0.372989 0.799178
vt 0.379614 0.807345
vt 0.385687 0.815149
vt 0.379127 0.821295
vt 0.382986 0.791408
vt 0.389013 0.801170
vt 0.399217 0.801178
vt 0.401402 0.811600
vt 0.393192 0.811131
vt 0.396083 0.818758
vt 0.390407 0.821673
vt 0.402209 0.819034
vt 0.385538 0.826076
vt 0.411192 0.811655
vt 0.423983 0.827087
vt 0.419082 0.829543
vt 0.410302 0.818883
vt 0.434021 0.844007
vt 0.436647 0.858885
vt 0.427091 0.852150
vt 0.425559 0.841329
vt 0.418986 0.840115
vt 0.414541 0.831792
vt 0.420090 0.847789
vt 0.408541 0.824171
vt 0.435036 0.876209
vt 0.429878 0.867286
vt 0.420388 0.880172
vt 0.417702 0.871601
vt 0.414216 0.863433
vt 0.422609 0.859323
vt 0.405282 0.884309
vt 0.404343 0.874516
vt 0.404329 0.865136
vt 0.403649 0.857677
vt 0.410720 0.856302
vt 0.416784 0.853106
vt 0.394967 0.943747
vt 0.401781 0.954259
vt 0.392740 0.929338
vt 0.400697 0.928057
vt 0.402335 0.938295
vt 0.407084 0.945804
vt 0.393549 0.914077
vt 0.398579 0.901074
vt 0.405774 0.907592
vt 0.401734 0.917167
vt 0.408006 0.918637
vt 0.407245 0.926430
vt 0.410748 0.911755
vt 0.408062 0.933847
vt 0.410978 0.939291
vt 0.408919 0.893319
vt 0.421668 0.888978
vt 0.422102 0.897326
vt 0.413143 0.901122
vt 0.434014 0.886212
vt 0.443772 0.889165
vt 0.437789 0.898483
vt 0.430827 0.895830
vt 0.428512 0.902988
vt 0.422200 0.904076
vt 0.433586 0.904869
vt 0.415857 0.906947
vt 0.448470 0.901029
vt 0.447850 0.916217
vt 0.441635 0.917221
vt 0.441557 0.906654
vt 0.440752 0.927694
vt 0.436405 0.938548
vt 0.433206 0.935466
vt 0.436855 0.926556
vt 0.433614 0.925709
vt 0.436351 0.918215
vt 0.430870 0.932566
vt 0.436228 0.910624
vt 0.431871 0.947802
vt 0.424052 0.954147
vt 0.422521 0.947194
vt 0.428981 0.942784
vt 0.412921 0.957419
vt 0.414601 0.948590
vt 0.416003 0.941181
vt 0.421652 0.940320
vt 0.426948 0.937568
vt 0.331614 0.797646
vt 0.344480 0.801670
vt 0.319274 0.788823
vt 0.324692 0.782261
vt 0.333546 0.788268
vt 0.343087 0.790952
vt 0.300077 0.783285
vt 0.308994 0.777886
vt 0.286758 0.766340
vt 0.303434 0.765870
vt 0.313597 0.765193
vt 0.317528 0.774269
vt 0.323998 0.771075
vt 0.329319 0.776756
vt 0.320940 0.764661
vt 0.335565 0.781246
vt 0.342247 0.783400
vt 0.318246 0.747503
vt 0.323781 0.740427
vt 0.328574 0.746856
vt 0.324385 0.751930
vt 0.331405 0.737562
vt 0.334225 0.744789
vt 0.314331 0.756009
vt 0.321449 0.758066
vt 0.368006 0.761269
vt 0.355248 0.746140
vt 0.376029 0.774653
vt 0.365801 0.770676
vt 0.360505 0.760720
vt 0.351892 0.750182
vt 0.355095 0.760980
vt 0.348901 0.753684
vt 0.358793 0.768081
vt 0.341620 0.741459
vt 0.341548 0.747596
vt 0.374218 0.784038
vt 0.366343 0.791383
vt 0.359969 0.784280
vt 0.365053 0.778308
vt 0.356268 0.798421
vt 0.352289 0.789068
vt 0.348792 0.782080
vt 0.354334 0.778497
vt 0.358102 0.773869
vt 0.549943 0.205757
vt 0.536135 0.202936
vt 0.560339 0.210311
vt 0.552500 0.213514
vt 0.545076 0.210258
vt 0.535568 0.208111
vt 0.542048 0.213366
vt 0.535186 0.211953
vt 0.547480 0.215458
vt 0.518176 0.208941
vt 0.526012 0.207362
vt 0.528302 0.211417
vt 0.522670 0.212340
vt 0.573824 0.215396
vt 0.564184 0.215768
vt 0.573228 0.222056
vt 0.564375 0.221410
vt 0.556435 0.221055
vt 0.555865 0.217288
vt 0.572593 0.228969
vt 0.563565 0.227162
vt 0.559175 0.231260
vt 0.551786 0.227642
vt 0.555451 0.224880
vt 0.549629 0.222952
vt 0.550400 0.220425
vt 0.546906 0.224807
vt 0.549967 0.217974
vt 0.548311 0.232814
vt 0.534232 0.232460
vt 0.534305 0.228051
vt 0.544038 0.228516
vt 0.516629 0.235924
vt 0.520312 0.230104
vt 0.496950 0.230742
vt 0.509602 0.226818
vt 0.516881 0.224485
vt 0.524610 0.226505
vt 0.527498 0.223695
vt 0.534435 0.224685
vt 0.521962 0.222461
vt 0.541360 0.225171
vt 0.512707 0.217622
vt 0.513994 0.212960
vt 0.519753 0.214780
vt 0.518926 0.217631
vt 0.513335 0.221575
vt 0.519411 0.220338
vt 0.598826 0.213510
vt 0.587951 0.213766
vt 0.612184 0.217309
vt 0.612089 0.221129
vt 0.602889 0.218471
vt 0.595167 0.218472
vt 0.625124 0.222619
vt 0.634513 0.229298
vt 0.627881 0.228093
vt 0.621104 0.224290
vt 0.618344 0.225618
vt 0.611831 0.223502
vt 0.623391 0.227924
vt 0.605188 0.221744
vt 0.599642 0.221685
vt 0.636066 0.236097
vt 0.633720 0.240670
vt 0.628544 0.236495
vt 0.629573 0.232987
vt 0.630487 0.242603
vt 0.625488 0.243007
vt 0.622362 0.238687
vt 0.626243 0.238204
vt 0.622842 0.234777
vt 0.624401 0.233382
vt 0.620041 0.235333
vt 0.624929 0.230990
vt 0.617673 0.242185
vt 0.607533 0.239875
vt 0.608465 0.236406
vt 0.616157 0.238124
vt 0.595279 0.237117
vt 0.585185 0.233903
vt 0.592907 0.232052
vt 0.599924 0.234349
vt 0.603161 0.232115
vt 0.609300 0.233678
vt 0.598197 0.230597
vt 0.615194 0.234956
vt 0.581781 0.229033
vt 0.582120 0.223305
vt 0.590046 0.224791
vt 0.590142 0.228642
vt 0.583297 0.217787
vt 0.591278 0.221143
vt 0.596844 0.223450
vt 0.595992 0.225767
vt 0.596158 0.228284
vt 0.586336 0.309926
vt 0.574301 0.312084
vt 0.600543 0.308916
vt 0.599524 0.314059
vt 0.588443 0.314473
vt 0.578810 0.315770
vt 0.614494 0.309059
vt 0.624926 0.311745
vt 0.617988 0.316947
vt 0.609992 0.314401
vt 0.606790 0.319013
vt 0.598723 0.318777
vt 0.613047 0.320787
vt 0.590154 0.318757
vt 0.582732 0.319427
vt 0.628723 0.318885
vt 0.627957 0.327586
vt 0.621450 0.328310
vt 0.621547 0.322220
vt 0.624158 0.335281
vt 0.616839 0.341096
vt 0.612683 0.337983
vt 0.618540 0.333729
vt 0.614014 0.332356
vt 0.615898 0.328734
vt 0.609696 0.335294
vt 0.615860 0.324606
vt 0.605745 0.344575
vt 0.592611 0.345060
vt 0.593451 0.341351
vt 0.603888 0.340773
vt 0.579772 0.341993
vt 0.569684 0.336315
vt 0.574995 0.334656
vt 0.583152 0.339093
vt 0.586296 0.335979
vt 0.594515 0.337424
vt 0.579785 0.333006
vt 0.602792 0.337159
vt 0.564490 0.328986
vt 0.563729 0.321639
vt 0.570137 0.323294
vt 0.570774 0.328926
vt 0.566855 0.315858
vt 0.572747 0.318780
vt 0.578267 0.321836
vt 0.576480 0.325159
vt 0.576781 0.328976
vt 0.960785 0.228879
vt 0.972543 0.227666
vt 0.974895 0.239713
vt 0.964471 0.241116
vt 0.984205 0.226651
vt 0.985112 0.238527
vt 0.986082 0.249777
vt 0.977620 0.250844
vt 0.968850 0.252124
vt 0.980434 0.261015
vt 0.973429 0.261774
vt 0.986997 0.260525
vt 0.987611 0.269592
vt 0.982573 0.269482
vt 0.977193 0.269751
vt 0.953801 0.171574
vt 0.967901 0.171768
vt 0.968477 0.186364
vt 0.954632 0.186455
vt 0.982135 0.171801
vt 0.982347 0.186153
vt 0.982787 0.200214
vt 0.969460 0.200695
vt 0.956085 0.201140
vt 0.970776 0.214597
vt 0.958072 0.215444
vt 0.983419 0.213827
vt 0.959280 0.115451
vt 0.971236 0.116060
vt 0.969462 0.128838
vt 0.956439 0.128275
vt 0.983473 0.116622
vt 0.982850 0.129312
vt 0.982413 0.143030
vt 0.968249 0.142649
vt 0.954465 0.142132
vt 0.967772 0.157080
vt 0.953661 0.156685
vt 0.982160 0.157312
vt 0.966648 0.093578
vt 0.970873 0.085606
vt 0.978363 0.086856
vt 0.975796 0.094564
vt 0.975646 0.079569
vt 0.981863 0.081334
vt 0.986527 0.083487
vt 0.985966 0.087845
vt 0.985140 0.095582
vt 0.962725 0.103752
vt 0.973395 0.104509
vt 0.984276 0.105303
vt 0.953012 0.315274
vt 0.968018 0.321546
vt 0.964971 0.328920
vt 0.948870 0.321904
vt 0.983232 0.326034
vt 0.981383 0.334259
vt 0.868359 0.248281
vt 0.880779 0.262677
vt 0.872694 0.266473
vt 0.859511 0.251664
vt 0.894215 0.275860
vt 0.886701 0.280277
vt 0.848005 0.215381
vt 0.857321 0.232450
vt 0.847182 0.235703
vt 0.836189 0.218447
vt 0.836566 0.180553
vt 0.840966 0.197492
vt 0.827456 0.199996
vt 0.823157 0.181584
vt 0.503779 0.959760
vt 0.488934 0.971951
vt 0.481792 0.963220
vt 0.495824 0.951817
vt 0.471858 0.985253
vt 0.466874 0.972884
vt 0.534745 0.940114
vt 0.518540 0.948754
vt 0.510791 0.940624
vt 0.527884 0.931517
vt 0.470333 0.768146
vt 0.485135 0.783186
vt 0.480464 0.792643
vt 0.465086 0.776742
vt 0.500263 0.795603
vt 0.496404 0.805854
vt 0.440645 0.733984
vt 0.455588 0.751383
vt 0.449941 0.759334
vt 0.434627 0.741388
vt 0.411651 0.699789
vt 0.425802 0.716700
vt 0.419288 0.723483
vt 0.404492 0.705812
vt 0.864860 0.167056
vt 0.868962 0.188467
vt 0.854550 0.192848
vt 0.849627 0.175906
vt 0.874754 0.207020
vt 0.860808 0.211117
vt 0.882222 0.224226
vt 0.869099 0.228332
vt 0.891018 0.240050
vt 0.879016 0.244228
vt 0.900883 0.254500
vt 0.890269 0.258644
vt 0.911702 0.267489
vt 0.902545 0.271647
vt 0.961417 0.304247
vt 0.973693 0.309302
vt 0.970936 0.315046
vt 0.957193 0.309433
vt 0.985889 0.312323
vt 0.984749 0.318762
vt 0.939155 0.061205
vt 0.927420 0.069201
vt 0.921122 0.064451
vt 0.933881 0.056324
vt 0.916694 0.078929
vt 0.909411 0.074388
vt 0.902249 0.069571
vt 0.914969 0.059325
vt 0.928755 0.050962
vt 0.907067 0.090309
vt 0.898766 0.086047
vt 0.898155 0.103045
vt 0.889085 0.098839
vt 0.880524 0.094478
vt 0.890725 0.081573
vt 0.890101 0.116794
vt 0.880531 0.112237
vt 0.882238 0.131696
vt 0.872303 0.126349
vt 0.863472 0.120665
vt 0.871689 0.107510
vt 0.874010 0.147858
vt 0.863711 0.141107
vt 0.854501 0.154073
vt 0.847070 0.144858
vt 0.855294 0.133638
vt 0.844501 0.162743
vt 0.834029 0.166623
vt 0.833020 0.157320
vt 0.838922 0.152669
vt 0.963103 0.050438
vt 0.951193 0.055089
vt 0.947191 0.050290
vt 0.960428 0.045785
vt 0.943239 0.044864
vt 0.957748 0.040406
vt 0.964268 0.274215
vt 0.970990 0.271547
vt 0.975432 0.278148
vt 0.971303 0.281684
vt 0.979203 0.275671
vt 0.980684 0.279521
vt 0.979374 0.282801
vt 0.977627 0.287222
vt 0.937167 0.231224
vt 0.948849 0.230055
vt 0.953642 0.242507
vt 0.942950 0.243989
vt 0.959294 0.253630
vt 0.949611 0.255433
vt 0.965351 0.263367
vt 0.956867 0.265537
vt 0.926310 0.170919
vt 0.939989 0.171305
vt 0.940842 0.186521
vt 0.927129 0.186555
vt 0.942619 0.201576
vt 0.929295 0.202042
vt 0.945237 0.216262
vt 0.932627 0.217091
vt 0.937219 0.113462
vt 0.947935 0.114635
vt 0.944165 0.127478
vt 0.932618 0.126395
vt 0.941440 0.141418
vt 0.929094 0.140483
vt 0.940111 0.156152
vt 0.926971 0.155445
vt 0.942685 0.101833
vt 0.952494 0.102986
vt 0.948916 0.091503
vt 0.957715 0.092725
vt 0.955758 0.082531
vt 0.963326 0.084257
vt 0.962718 0.075201
vt 0.969152 0.077541
vt 0.944659 0.065491
vt 0.933977 0.073421
vt 0.950426 0.069219
vt 0.940879 0.077087
vt 0.932032 0.086592
vt 0.924215 0.083032
vt 0.956489 0.072456
vt 0.948218 0.080149
vt 0.940297 0.089450
vt 0.915623 0.094119
vt 0.924368 0.097385
vt 0.917416 0.109575
vt 0.907681 0.106642
vt 0.933328 0.099968
vt 0.927141 0.111812
vt 0.900499 0.120375
vt 0.911227 0.123061
vt 0.905734 0.137679
vt 0.893703 0.135317
vt 0.921784 0.124992
vt 0.917367 0.139315
vt 0.887019 0.151478
vt 0.900947 0.153267
vt 0.898360 0.169651
vt 0.882966 0.168724
vt 0.914094 0.154537
vt 0.912611 0.170379
vt 0.884223 0.186822
vt 0.899422 0.186605
vt 0.903179 0.203371
vt 0.889076 0.204655
vt 0.913513 0.186557
vt 0.916356 0.202579
vt 0.895499 0.221288
vt 0.908486 0.219268
vt 0.915112 0.234095
vt 0.903194 0.236669
vt 0.920611 0.217992
vt 0.926174 0.232436
vt 0.911901 0.250765
vt 0.922818 0.247661
vt 0.931358 0.259950
vt 0.921493 0.263492
vt 0.932925 0.245570
vt 0.940524 0.257415
vt 0.931951 0.274727
vt 0.923483 0.278908
vt 0.940586 0.270901
vt 0.950308 0.280506
vt 0.943007 0.284541
vt 0.935901 0.288879
vt 0.948753 0.267941
vt 0.957389 0.277122
vt 0.954448 0.292904
vt 0.948691 0.297382
vt 0.960341 0.288752
vt 0.970028 0.295147
vt 0.965714 0.299512
vt 0.966116 0.285117
vt 0.974247 0.291203
vt 0.976296 0.304071
vt 0.978773 0.299165
vt 0.987134 0.300998
vt 0.986644 0.306486
vt 0.981139 0.294492
vt 0.982911 0.289806
vt 0.987710 0.290550
vt 0.987465 0.295702
vt 0.964472 0.066578
vt 0.969579 0.069590
vt 0.959766 0.063189
vt 0.968928 0.058616
vt 0.972287 0.062060
vt 0.976392 0.065158
vt 0.955368 0.059382
vt 0.965907 0.054735
vt 0.932826 0.313653
vt 0.916978 0.304053
vt 0.923082 0.298348
vt 0.938008 0.307516
vt 0.901538 0.292861
vt 0.908401 0.287761
vt 0.915662 0.283200
vt 0.929319 0.293392
vt 0.943254 0.302169
vt 0.845869 0.112494
vt 0.839658 0.124624
vt 0.830688 0.124571
vt 0.836040 0.110606
vt 0.836196 0.133241
vt 0.829122 0.136625
vt 0.818371 0.143023
vt 0.820515 0.125035
vt 0.825452 0.109224
vt 0.863586 0.086000
vt 0.853914 0.099439
vt 0.843834 0.096261
vt 0.853893 0.081826
vt 0.833159 0.093393
vt 0.843668 0.077654
vt 0.887803 0.059461
vt 0.874780 0.072353
vt 0.865969 0.067450
vt 0.880033 0.053972
vt 0.856793 0.062339
vt 0.872032 0.048192
vt 0.918441 0.039006
vt 0.902546 0.048331
vt 0.895840 0.042143
vt 0.912817 0.032020
vt 0.888901 0.035620
vt 0.906951 0.024662
vt 0.951862 0.026354
vt 0.935010 0.031716
vt 0.930498 0.023839
vt 0.948614 0.017745
vt 0.925834 0.015590
vt 0.945328 0.008756
vt 0.326030 0.695465
vt 0.335362 0.690032
vt 0.352580 0.710944
vt 0.347055 0.714981
vt 0.345909 0.684385
vt 0.360518 0.706033
vt 0.317037 0.711680
vt 0.321790 0.703112
vt 0.343076 0.719236
vt 0.340644 0.725144
vt 0.497589 0.319526
vt 0.497581 0.312986
vt 0.513603 0.313065
vt 0.513236 0.319564
vt 0.497659 0.337927
vt 0.497599 0.327972
vt 0.513015 0.327869
vt 0.512851 0.337677
vt 0.498059 0.360718
vt 0.497847 0.348978
vt 0.512728 0.348679
vt 0.512584 0.360519
vt 0.498936 0.384752
vt 0.498407 0.372976
vt 0.512310 0.372819
vt 0.512065 0.384652
vt 0.499983 0.407778
vt 0.499481 0.396158
vt 0.512255 0.396247
vt 0.512523 0.407948
vt 0.500839 0.432659
vt 0.500403 0.420005
vt 0.512788 0.419754
vt 0.514513 0.430664
vt 0.703656 0.543301
vt 0.702268 0.536767
vt 0.697814 0.541854
vt 0.695691 0.537842
vt 0.519542 0.445554
vt 0.514262 0.441171
vt 0.519943 0.438879
vt 0.524756 0.445882
vt 0.497517 0.150347
vt 0.497892 0.146060
vt 0.518927 0.146158
vt 0.518762 0.150546
vt 0.497800 0.143588
vt 0.518440 0.142874
vt 0.496731 0.156706
vt 0.518104 0.156748
vt 0.358649 0.678597
vt 0.371141 0.699687
vt 0.371127 0.673459
vt 0.382229 0.693310
vt 0.496853 0.254167
vt 0.496886 0.243097
vt 0.515363 0.245042
vt 0.515231 0.255463
vt 0.496822 0.264402
vt 0.515005 0.265399
vt 0.273393 0.789700
vt 0.278711 0.780556
vt 0.292570 0.791694
vt 0.286572 0.800426
vt 0.267491 0.799219
vt 0.269668 0.795838
vt 0.281895 0.806991
vt 0.278737 0.811296
vt 0.295563 0.750476
vt 0.305058 0.753887
vt 0.302667 0.737638
vt 0.310787 0.742509
vt 0.309676 0.724972
vt 0.317496 0.732119
vt 0.326939 0.727548
vt 0.340736 0.733247
vt 0.522223 0.201856
vt 0.511184 0.204164
vt 0.496933 0.222942
vt 0.505432 0.222529
vt 0.496971 0.216096
vt 0.505176 0.216830
vt 0.497260 0.208181
vt 0.506283 0.210046
vt 0.380881 0.669427
vt 0.391307 0.688070
vt 0.389206 0.665641
vt 0.399146 0.683048
vt 0.986993 0.043815
vt 0.987388 0.048612
vt 0.976538 0.051009
vt 0.974955 0.046491
vt 0.987745 0.053048
vt 0.978233 0.055120
vt 0.988000 0.056651
vt 0.980101 0.058587
vt 0.988097 0.059627
vt 0.983048 0.061590
vt 0.971949 0.036512
vt 0.973451 0.041814
vt 0.986253 0.033943
vt 0.986619 0.039102
vt 0.987770 0.071334
vt 0.981423 0.075058
vt 0.975353 0.072347
vt 0.981770 0.068100
vt 0.984882 0.002384
vt 0.985200 0.011688
vt 0.966858 0.013724
vt 0.965077 0.004420
vt 0.985533 0.020473
vt 0.968653 0.022565
vt 0.219608 0.660800
vt 0.217935 0.668673
vt 0.190893 0.665035
vt 0.193106 0.657139
vt 0.217074 0.674245
vt 0.189833 0.670653
vt 0.162524 0.667315
vt 0.163855 0.661485
vt 0.166724 0.653403
vt 0.137041 0.657998
vt 0.140804 0.649021
vt 0.135140 0.664930
vt 0.108453 0.662386
vt 0.111184 0.652872
vt 0.116201 0.642229
vt 0.161973 0.672076
vt 0.134367 0.670712
vt 0.162041 0.676999
vt 0.136634 0.676616
vt 0.109832 0.682993
vt 0.105932 0.671648
vt 0.216428 0.679188
vt 0.189250 0.675434
vt 0.215681 0.685949
vt 0.187355 0.680314
vt 0.066954 0.653109
vt 0.081726 0.657154
vt 0.071441 0.679596
vt 0.061218 0.676469
vt 0.094602 0.662999
vt 0.079051 0.682379
vt 0.065500 0.699170
vt 0.060620 0.697952
vt 0.053338 0.695707
vt 0.052277 0.712343
vt 0.046787 0.710277
vt 0.055989 0.713806
vt 0.049503 0.725782
vt 0.046162 0.723051
vt 0.043161 0.718330
vt 0.068923 0.700993
vt 0.059190 0.715329
vt 0.071535 0.704182
vt 0.062289 0.717186
vt 0.055706 0.728664
vt 0.052376 0.727324
vt 0.084202 0.685917
vt 0.086699 0.691753
vt 0.169312 0.228322
vt 0.182010 0.234084
vt 0.168182 0.252207
vt 0.156992 0.245830
vt 0.194393 0.241786
vt 0.179101 0.260180
vt 0.164227 0.277114
vt 0.154490 0.268887
vt 0.144230 0.262038
vt 0.188892 0.188894
vt 0.205593 0.198279
vt 0.195667 0.215348
vt 0.180627 0.210059
vt 0.228270 0.202570
vt 0.210368 0.223123
vt 0.112915 0.289347
vt 0.122014 0.297753
vt 0.104240 0.311037
vt 0.095600 0.301381
vt 0.130920 0.307546
vt 0.112906 0.321953
vt 0.094714 0.335535
vt 0.086208 0.323624
vt 0.078051 0.312706
vt 0.139134 0.283764
vt 0.129443 0.276293
vt 0.148308 0.292653
vt 0.044136 0.333065
vt 0.050496 0.345852
vt 0.032431 0.355113
vt 0.026897 0.341032
vt 0.057814 0.359499
vt 0.039264 0.369947
vt 0.020325 0.379316
vt 0.013808 0.362705
vt 0.009060 0.346997
vt 0.068301 0.335323
vt 0.060963 0.323486
vt 0.076330 0.347984
vt 0.272613 0.668484
vt 0.271974 0.676741
vt 0.244975 0.672587
vt 0.246157 0.664594
vt 0.271393 0.682626
vt 0.244272 0.678271
vt 0.270498 0.687561
vt 0.243548 0.683224
vt 0.269155 0.692616
vt 0.244194 0.688763
vt 0.410374 0.326589
vt 0.412212 0.328918
vt 0.405684 0.330406
vt 0.405154 0.327074
vt 0.413473 0.331643
vt 0.406616 0.333124
vt 0.399475 0.333525
vt 0.398790 0.330756
vt 0.398173 0.327290
vt 0.392052 0.330584
vt 0.391415 0.327166
vt 0.392425 0.333283
vt 0.385981 0.332929
vt 0.385866 0.330024
vt 0.386663 0.327308
vt 0.400223 0.336156
vt 0.393331 0.335945
vt 0.401157 0.338820
vt 0.394194 0.338467
vt 0.389313 0.337702
vt 0.387188 0.335569
vt 0.413667 0.334373
vt 0.407130 0.335592
vt 0.413015 0.336820
vt 0.408106 0.338164
vt 0.359253 0.306802
vt 0.357862 0.320604
vt 0.343594 0.320140
vt 0.340225 0.306898
vt 0.359958 0.331287
vt 0.346633 0.331909
vt 0.330905 0.334421
vt 0.327148 0.322207
vt 0.323437 0.308977
vt 0.310410 0.327367
vt 0.306339 0.314188
vt 0.314736 0.339652
vt 0.299164 0.347398
vt 0.294186 0.335232
vt 0.289383 0.322111
vt 0.335806 0.345778
vt 0.319993 0.351357
vt 0.340973 0.356787
vt 0.325607 0.362710
vt 0.311008 0.370105
vt 0.304902 0.358946
vt 0.364623 0.340312
vt 0.351532 0.342194
vt 0.373674 0.348657
vt 0.356731 0.352070
vt 0.279405 0.345558
vt 0.273725 0.332349
vt 0.285090 0.357680
vt 0.270820 0.368712
vt 0.264542 0.356889
vt 0.258106 0.344004
vt 0.248022 0.367306
vt 0.240839 0.355218
vt 0.255158 0.378648
vt 0.239712 0.389056
vt 0.232215 0.378093
vt 0.224847 0.367009
vt 0.277333 0.379387
vt 0.262086 0.389129
vt 0.283938 0.389504
vt 0.269053 0.399048
vt 0.254729 0.408990
vt 0.247188 0.399307
vt 0.291221 0.368849
vt 0.297556 0.379481
vt 0.217105 0.391530
vt 0.209901 0.380948
vt 0.225057 0.401888
vt 0.211046 0.416066
vt 0.203008 0.406221
vt 0.195272 0.395913
vt 0.188987 0.420917
vt 0.180589 0.411016
vt 0.197442 0.430269
vt 0.184180 0.445041
vt 0.175212 0.436055
vt 0.166038 0.426363
vt 0.219744 0.425626
vt 0.206747 0.439941
vt 0.228802 0.434884
vt 0.216690 0.449253
vt 0.205318 0.464443
vt 0.194323 0.454744
vt 0.233287 0.411696
vt 0.241585 0.421131
vt 0.161423 0.451530
vt 0.151345 0.441835
vt 0.171503 0.460539
vt 0.158904 0.477065
vt 0.147621 0.467751
vt 0.136637 0.457698
vt 0.134060 0.484598
vt 0.122098 0.473932
vt 0.146619 0.494164
vt 0.134960 0.511688
vt 0.120615 0.501761
vt 0.107326 0.490169
vt 0.171673 0.486774
vt 0.160910 0.503392
vt 0.185478 0.496146
vt 0.176369 0.512014
vt 0.168363 0.528015
vt 0.151164 0.520353
vt 0.182744 0.470382
vt 0.195064 0.480149
vt 0.464536 0.308841
vt 0.465686 0.314831
vt 0.449730 0.316014
vt 0.447325 0.310213
vt 0.466680 0.321400
vt 0.451797 0.322468
vt 0.439718 0.323563
vt 0.436619 0.317069
vt 0.428752 0.311071
vt 0.467018 0.329757
vt 0.451828 0.330878
vt 0.467291 0.339429
vt 0.451569 0.340630
vt 0.434953 0.342640
vt 0.439413 0.331965
vt 0.437282 0.353091
vt 0.422466 0.356628
vt 0.420362 0.350477
vt 0.439531 0.363956
vt 0.424612 0.365963
vt 0.409370 0.367417
vt 0.407133 0.358795
vt 0.405533 0.353301
vt 0.391505 0.358512
vt 0.390382 0.352147
vt 0.393928 0.368179
vt 0.378826 0.369995
vt 0.375973 0.359002
vt 0.412021 0.378878
vt 0.396945 0.380735
vt 0.415350 0.391429
vt 0.400365 0.393489
vt 0.387685 0.395149
vt 0.383008 0.383156
vt 0.441958 0.376195
vt 0.427146 0.377536
vt 0.444427 0.388975
vt 0.430082 0.390101
vt 0.360602 0.362518
vt 0.364201 0.373761
vt 0.349974 0.378902
vt 0.345560 0.367766
vt 0.330912 0.373665
vt 0.336107 0.384727
vt 0.322593 0.391580
vt 0.316846 0.380800
vt 0.355098 0.390916
vt 0.341537 0.396194
vt 0.360599 0.402748
vt 0.347408 0.407879
vt 0.334757 0.413998
vt 0.328494 0.402713
vt 0.368934 0.386555
vt 0.373697 0.398356
vt 0.303676 0.389855
vt 0.309705 0.400134
vt 0.297150 0.409757
vt 0.290520 0.399655
vt 0.276462 0.409050
vt 0.284283 0.419144
vt 0.271268 0.428660
vt 0.262672 0.418732
vt 0.303947 0.419591
vt 0.292166 0.429021
vt 0.311341 0.429405
vt 0.300477 0.438868
vt 0.289794 0.448830
vt 0.280410 0.438735
vt 0.315937 0.410567
vt 0.322720 0.421208
vt 0.249851 0.430322
vt 0.258486 0.439391
vt 0.247273 0.451264
vt 0.238009 0.443288
vt 0.227046 0.457289
vt 0.237598 0.464620
vt 0.228347 0.479125
vt 0.216610 0.472340
vt 0.257231 0.459251
vt 0.247552 0.471718
vt 0.268005 0.467439
vt 0.257811 0.478848
vt 0.249442 0.491360
vt 0.239106 0.485316
vt 0.268314 0.448629
vt 0.278766 0.457948
vt 0.207109 0.487818
vt 0.219283 0.494208
vt 0.211248 0.509807
vt 0.198526 0.503598
vt 0.191032 0.519009
vt 0.205191 0.524805
vt 0.199949 0.539611
vt 0.184505 0.534321
vt 0.224101 0.515124
vt 0.218866 0.529636
vt 0.237129 0.519696
vt 0.232743 0.533505
vt 0.229395 0.547204
vt 0.214794 0.543936
vt 0.231228 0.499838
vt 0.242877 0.505090
vt 0.468078 0.350026
vt 0.452619 0.351124
vt 0.469232 0.361527
vt 0.454441 0.362519
vt 0.470803 0.373876
vt 0.456508 0.374939
vt 0.472693 0.386414
vt 0.458586 0.387693
vt 0.446679 0.401293
vt 0.433106 0.402350
vt 0.448583 0.413200
vt 0.435902 0.414207
vt 0.423140 0.414986
vt 0.419245 0.403352
vt 0.405356 0.404485
vt 0.410184 0.415837
vt 0.398016 0.417082
vt 0.392628 0.405713
vt 0.426441 0.427080
vt 0.414858 0.427876
vt 0.430442 0.438663
vt 0.420522 0.439884
vt 0.410642 0.442005
vt 0.404164 0.429370
vt 0.450208 0.425081
vt 0.438396 0.426068
vt 0.451683 0.435950
vt 0.441045 0.437267
vt 0.378872 0.409615
vt 0.384719 0.421835
vt 0.372476 0.427315
vt 0.366309 0.414711
vt 0.353868 0.420204
vt 0.360922 0.432979
vt 0.350161 0.438818
vt 0.342082 0.426255
vt 0.378672 0.439919
vt 0.368129 0.445486
vt 0.385355 0.452624
vt 0.375679 0.457816
vt 0.367121 0.463318
vt 0.358612 0.451037
vt 0.391219 0.434267
vt 0.398139 0.446903
vt 0.330758 0.432854
vt 0.339524 0.444704
vt 0.328857 0.451439
vt 0.319962 0.440360
vt 0.309525 0.449248
vt 0.318502 0.459421
vt 0.308379 0.467814
vt 0.299240 0.458548
vt 0.338231 0.463069
vt 0.327768 0.470033
vt 0.347469 0.474608
vt 0.337159 0.481076
vt 0.327248 0.487939
vt 0.317661 0.477537
vt 0.348594 0.456759
vt 0.357533 0.468851
vt 0.289005 0.467015
vt 0.298722 0.475842
vt 0.289574 0.484296
vt 0.279013 0.475814
vt 0.269314 0.486208
vt 0.280813 0.493841
vt 0.273230 0.504258
vt 0.261194 0.497662
vt 0.299995 0.493367
vt 0.291977 0.502192
vt 0.310367 0.502576
vt 0.303144 0.510503
vt 0.296573 0.518582
vt 0.284833 0.511536
vt 0.308500 0.485229
vt 0.318395 0.495072
vt 0.255136 0.510424
vt 0.267313 0.515766
vt 0.262424 0.527689
vt 0.250016 0.523897
vt 0.246455 0.536628
vt 0.259055 0.539117
vt 0.257419 0.550622
vt 0.244011 0.549333
vt 0.274682 0.531227
vt 0.271608 0.540908
vt 0.286105 0.534424
vt 0.283017 0.542168
vt 0.282287 0.550443
vt 0.270451 0.550878
vt 0.279035 0.521353
vt 0.290653 0.526562
vt 0.474529 0.398492
vt 0.460505 0.399964
vt 0.475925 0.409781
vt 0.462045 0.411579
vt 0.476302 0.421141
vt 0.462856 0.423161
vt 0.475416 0.431983
vt 0.463216 0.433946
vt 0.453740 0.444749
vt 0.444247 0.446838
vt 0.456287 0.452069
vt 0.448069 0.455151
vt 0.440027 0.458246
vt 0.434824 0.449058
vt 0.426099 0.451128
vt 0.416775 0.454138
vt 0.432114 0.461532
vt 0.423773 0.465608
vt 0.405168 0.459277
vt 0.412547 0.471452
vt 0.401119 0.477650
vt 0.393302 0.465054
vt 0.383678 0.470578
vt 0.375145 0.475957
vt 0.391442 0.483345
vt 0.382610 0.488769
vt 0.366133 0.481228
vt 0.373870 0.493905
vt 0.364831 0.498932
vt 0.356562 0.486584
vt 0.346425 0.492381
vt 0.336517 0.498395
vt 0.355107 0.504083
vt 0.345307 0.509197
vt 0.327691 0.504554
vt 0.336314 0.514298
vt 0.328461 0.519343
vt 0.319958 0.510951
vt 0.313558 0.517657
vt 0.307670 0.524378
vt 0.322563 0.524546
vt 0.316943 0.529749
vt 0.301527 0.530867
vt 0.310806 0.534845
vt 0.305009 0.539965
vt 0.296109 0.537257
vt 0.463439 0.442576
vt 0.473170 0.440604
vt 0.471211 0.447413
vt 0.464005 0.449428
vt 0.459377 0.145296
vt 0.459764 0.147814
vt 0.437754 0.149695
vt 0.437731 0.146741
vt 0.460474 0.152397
vt 0.438395 0.153944
vt 0.415155 0.156508
vt 0.414990 0.152424
vt 0.415214 0.148573
vt 0.461254 0.158492
vt 0.439265 0.159841
vt 0.461625 0.165454
vt 0.439955 0.167045
vt 0.416361 0.169332
vt 0.415644 0.162209
vt 0.102885 0.346981
vt 0.084394 0.360025
vt 0.111073 0.358032
vt 0.092749 0.371794
vt 0.074318 0.385316
vt 0.065684 0.372473
vt 0.047112 0.383982
vt 0.056193 0.397996
vt 0.037893 0.410300
vt 0.028305 0.394975
vt 0.083690 0.397994
vt 0.065903 0.411432
vt 0.094060 0.410694
vt 0.076345 0.424582
vt 0.059093 0.438667
vt 0.048278 0.424846
vt 0.119811 0.369183
vt 0.101805 0.383782
vt 0.129250 0.381284
vt 0.111782 0.396267
vt 0.172776 0.286640
vt 0.156387 0.302814
vt 0.180791 0.297275
vt 0.164099 0.313860
vt 0.147035 0.329362
vt 0.139145 0.318230
vt 0.121144 0.333081
vt 0.129255 0.344057
vt 0.154963 0.340269
vt 0.137620 0.354632
vt 0.163109 0.351302
vt 0.146388 0.366002
vt 0.188945 0.308382
vt 0.171987 0.325075
vt 0.196817 0.320089
vt 0.179976 0.336421
vt 0.238836 0.218307
vt 0.221615 0.233541
vt 0.247654 0.229261
vt 0.230619 0.245286
vt 0.213826 0.262917
vt 0.204797 0.251633
vt 0.188715 0.269525
vt 0.197435 0.280004
vt 0.222852 0.274885
vt 0.205985 0.291336
vt 0.230999 0.287513
vt 0.213815 0.303584
vt 0.257948 0.240900
vt 0.240762 0.257609
vt 0.272744 0.253960
vt 0.250000 0.271042
vt 0.342807 0.162272
vt 0.344099 0.166356
vt 0.329217 0.171058
vt 0.327442 0.167069
vt 0.344710 0.170405
vt 0.330089 0.175219
vt 0.316907 0.180301
vt 0.315678 0.176074
vt 0.313274 0.172272
vt 0.303580 0.181157
vt 0.300697 0.177752
vt 0.305232 0.185254
vt 0.294731 0.190606
vt 0.292461 0.186230
vt 0.291163 0.182843
vt 0.317601 0.185673
vt 0.306362 0.189922
vt 0.317618 0.192778
vt 0.306367 0.196085
vt 0.299241 0.198609
vt 0.296904 0.194880
vt 0.345288 0.176430
vt 0.330656 0.181045
vt 0.345780 0.184446
vt 0.330899 0.188784
vt 0.395361 0.155281
vt 0.395015 0.151031
vt 0.395589 0.159414
vt 0.377889 0.162597
vt 0.377453 0.158421
vt 0.376627 0.154194
vt 0.360262 0.162143
vt 0.359210 0.157980
vt 0.360784 0.166235
vt 0.378390 0.168453
vt 0.361345 0.172229
vt 0.378973 0.175959
vt 0.361913 0.180086
vt 0.396010 0.165118
vt 0.396647 0.172322
vt 0.178087 0.630802
vt 0.171898 0.642385
vt 0.147458 0.637628
vt 0.155254 0.626067
vt 0.124655 0.630341
vt 0.134192 0.619030
vt 0.226239 0.638022
vt 0.222624 0.649736
vt 0.197106 0.646142
vt 0.201917 0.634501
vt 0.154795 0.717537
vt 0.153188 0.713644
vt 0.159181 0.712842
vt 0.159523 0.717909
vt 0.151745 0.708420
vt 0.158339 0.707978
vt 0.164671 0.707689
vt 0.165141 0.712625
vt 0.165696 0.717902
vt 0.171179 0.712427
vt 0.171857 0.717448
vt 0.171116 0.707619
vt 0.177798 0.707717
vt 0.177338 0.712819
vt 0.176524 0.716732
vt 0.164267 0.702686
vt 0.170875 0.702831
vt 0.163876 0.697686
vt 0.171270 0.698186
vt 0.176714 0.699048
vt 0.177577 0.702686
vt 0.151131 0.703077
vt 0.157779 0.702997
vt 0.151406 0.699127
vt 0.156631 0.698074
vt 0.030454 0.687693
vt 0.042791 0.691671
vt 0.038118 0.707427
vt 0.027258 0.705156
vt 0.036405 0.720041
vt 0.026463 0.720741
vt 0.034296 0.647120
vt 0.050228 0.649617
vt 0.047944 0.672121
vt 0.033812 0.668188
vt 0.015241 0.768754
vt 0.026253 0.754537
vt 0.037006 0.762680
vt 0.033159 0.778070
vt 0.034622 0.743744
vt 0.040660 0.748595
vt 0.047301 0.750262
vt 0.048740 0.764375
vt 0.057939 0.782662
vt 0.041964 0.734406
vt 0.045410 0.737125
vt 0.049711 0.738508
vt 0.038593 0.729134
vt 0.029254 0.734255
vt 0.075838 0.747741
vt 0.074104 0.744683
vt 0.078897 0.741270
vt 0.079828 0.746008
vt 0.072461 0.740299
vt 0.077605 0.737002
vt 0.082484 0.733771
vt 0.083674 0.738262
vt 0.084924 0.743060
vt 0.088408 0.735145
vt 0.089881 0.739615
vt 0.087400 0.730574
vt 0.092427 0.727403
vt 0.093308 0.732539
vt 0.093504 0.736694
vt 0.081018 0.729066
vt 0.085886 0.725952
vt 0.079383 0.724314
vt 0.084627 0.721107
vt 0.088804 0.719436
vt 0.090717 0.722599
vt 0.071421 0.735549
vt 0.076354 0.732503
vt 0.071177 0.731722
vt 0.074610 0.728365
vt 0.274811 0.644947
vt 0.273653 0.657016
vt 0.248245 0.653408
vt 0.250704 0.641598
vt 0.246927 0.726647
vt 0.246890 0.722655
vt 0.252931 0.723866
vt 0.251278 0.728471
vt 0.247463 0.717585
vt 0.253983 0.719309
vt 0.260230 0.721022
vt 0.258737 0.725531
vt 0.257123 0.730378
vt 0.264531 0.727153
vt 0.263135 0.731893
vt 0.266392 0.722785
vt 0.272605 0.724744
vt 0.270142 0.729355
vt 0.267807 0.732713
vt 0.261724 0.716229
vt 0.268009 0.718144
vt 0.263152 0.711490
vt 0.270132 0.713758
vt 0.274963 0.716104
vt 0.274377 0.719866
vt 0.248822 0.712765
vt 0.255294 0.714623
vt 0.250467 0.709625
vt 0.255933 0.710043
vt 0.459954 0.238699
vt 0.460065 0.247841
vt 0.441528 0.249280
vt 0.442487 0.239428
vt 0.460384 0.257981
vt 0.442064 0.260026
vt 0.423772 0.261739
vt 0.423103 0.250441
vt 0.422751 0.237708
vt 0.460883 0.267571
vt 0.442931 0.269691
vt 0.461508 0.276575
vt 0.443918 0.278415
vt 0.426515 0.279571
vt 0.425093 0.271326
vt 0.138868 0.393657
vt 0.121981 0.408662
vt 0.147780 0.404862
vt 0.131638 0.420097
vt 0.115387 0.435241
vt 0.104964 0.423379
vt 0.088057 0.437752
vt 0.099483 0.450203
vt 0.083805 0.464779
vt 0.071562 0.452026
vt 0.125766 0.446680
vt 0.110521 0.462255
vt 0.095136 0.477464
vt 0.156680 0.415663
vt 0.141264 0.431116
vt 0.204256 0.332118
vt 0.187870 0.347888
vt 0.211238 0.344236
vt 0.195556 0.359282
vt 0.179493 0.374602
vt 0.171648 0.363292
vt 0.155379 0.378489
vt 0.163608 0.389778
vt 0.187321 0.385313
vt 0.171939 0.400406
vt 0.217934 0.355994
vt 0.202814 0.370317
vt 0.276197 0.274586
vt 0.256313 0.286655
vt 0.279873 0.292198
vt 0.261679 0.303069
vt 0.244030 0.315869
vt 0.237652 0.301456
vt 0.220673 0.316612
vt 0.227320 0.329594
vt 0.250969 0.330155
vt 0.233727 0.342688
vt 0.284417 0.307903
vt 0.267646 0.318171
vt 0.348194 0.235694
vt 0.341036 0.257033
vt 0.328535 0.259308
vt 0.329434 0.242292
vt 0.341310 0.274427
vt 0.329503 0.276187
vt 0.314444 0.279408
vt 0.312267 0.263626
vt 0.311847 0.247287
vt 0.295028 0.267757
vt 0.294032 0.250973
vt 0.297933 0.284351
vt 0.318675 0.294504
vt 0.301938 0.299819
vt 0.346969 0.290409
vt 0.334517 0.292022
vt 0.404809 0.253111
vt 0.403417 0.243630
vt 0.405546 0.263686
vt 0.388483 0.266006
vt 0.387856 0.256364
vt 0.387883 0.247385
vt 0.373842 0.259202
vt 0.375394 0.250393
vt 0.373992 0.268458
vt 0.363374 0.270155
vt 0.363571 0.260730
vt 0.366117 0.251715
vt 0.391072 0.273752
vt 0.377267 0.275619
vt 0.393819 0.280062
vt 0.380602 0.281175
vt 0.372167 0.281308
vt 0.367131 0.277433
vt 0.407455 0.272438
vt 0.409498 0.279787
vt 0.247542 0.760075
vt 0.244911 0.769134
vt 0.226646 0.763830
vt 0.229943 0.753592
vt 0.242754 0.777157
vt 0.225089 0.773779
vt 0.206715 0.771998
vt 0.207989 0.760003
vt 0.209722 0.742991
vt 0.241264 0.783069
vt 0.223811 0.781366
vt 0.240552 0.786389
vt 0.222979 0.786295
vt 0.204709 0.788041
vt 0.205569 0.781406
vt 0.419785 0.204725
vt 0.418900 0.194705
vt 0.439538 0.191688
vt 0.440810 0.198507
vt 0.417965 0.186096
vt 0.439742 0.183560
vt 0.460289 0.181439
vt 0.459573 0.189343
vt 0.459136 0.195999
vt 0.478706 0.188739
vt 0.477187 0.195375
vt 0.478697 0.180756
vt 0.461098 0.173206
vt 0.478532 0.172339
vt 0.478395 0.164541
vt 0.417099 0.177487
vt 0.439958 0.175157
vt 0.129094 0.746597
vt 0.134633 0.763234
vt 0.118338 0.769997
vt 0.112054 0.760668
vt 0.138839 0.774962
vt 0.123667 0.779797
vt 0.109809 0.785313
vt 0.102857 0.777898
vt 0.096493 0.770224
vt 0.088166 0.784215
vt 0.080265 0.777108
vt 0.097907 0.790344
vt 0.089492 0.795874
vt 0.077475 0.790586
vt 0.115895 0.792556
vt 0.105434 0.796065
vt 0.120098 0.798586
vt 0.110182 0.800878
vt 0.103758 0.802120
vt 0.098165 0.799883
vt 0.142254 0.784650
vt 0.128355 0.788477
vt 0.144588 0.791825
vt 0.131675 0.795239
vt 0.251933 0.197336
vt 0.255275 0.207519
vt 0.267913 0.191124
vt 0.270015 0.199072
vt 0.274347 0.205722
vt 0.262000 0.216396
vt 0.270234 0.225507
vt 0.280219 0.211892
vt 0.289001 0.216325
vt 0.281698 0.232501
vt 0.284916 0.197290
vt 0.288771 0.201939
vt 0.294945 0.204983
vt 0.281018 0.186174
vt 0.281940 0.192168
vt 0.296406 0.233193
vt 0.300983 0.216647
vt 0.315051 0.214269
vt 0.312995 0.230211
vt 0.329987 0.225815
vt 0.330339 0.210730
vt 0.346461 0.206045
vt 0.347055 0.219609
vt 0.316742 0.202096
vt 0.330737 0.198554
vt 0.346095 0.194308
vt 0.304559 0.204681
vt 0.189261 0.759378
vt 0.187832 0.747361
vt 0.188995 0.771226
vt 0.171819 0.771356
vt 0.170607 0.760177
vt 0.169302 0.748883
vt 0.152197 0.760743
vt 0.150878 0.748814
vt 0.154980 0.772380
vt 0.172725 0.781038
vt 0.157144 0.782198
vt 0.173345 0.788364
vt 0.158595 0.789522
vt 0.188698 0.781066
vt 0.188474 0.788341
vt 0.363958 0.211909
vt 0.365716 0.220898
vt 0.363075 0.200372
vt 0.380348 0.194665
vt 0.381254 0.204427
vt 0.381967 0.212777
vt 0.399473 0.198870
vt 0.398990 0.207065
vt 0.398385 0.189829
vt 0.379607 0.184932
vt 0.397432 0.180776
vt 0.362437 0.189600
vt 0.469247 0.212970
vt 0.470018 0.214681
vt 0.465093 0.215271
vt 0.465392 0.213119
vt 0.470219 0.216417
vt 0.465119 0.216802
vt 0.459954 0.217458
vt 0.459955 0.215792
vt 0.459882 0.213475
vt 0.454783 0.216440
vt 0.454386 0.214312
vt 0.454710 0.218045
vt 0.449466 0.218703
vt 0.449695 0.216819
vt 0.450392 0.214907
vt 0.460012 0.219181
vt 0.454895 0.219722
vt 0.460121 0.221309
vt 0.454660 0.221806
vt 0.450645 0.222189
vt 0.449858 0.220628
vt 0.470086 0.218443
vt 0.465070 0.218527
vt 0.469581 0.220193
vt 0.465578 0.220590
vt 0.428575 0.302990
vt 0.446229 0.303182
vt 0.428204 0.295127
vt 0.445598 0.295197
vt 0.462962 0.293982
vt 0.463693 0.301869
vt 0.480621 0.300649
vt 0.481131 0.307639
vt 0.480088 0.292720
vt 0.462218 0.285383
vt 0.479562 0.283932
vt 0.479107 0.274823
vt 0.427528 0.287333
vt 0.444816 0.286841
vt 0.392191 0.224675
vt 0.393092 0.226043
vt 0.388353 0.227330
vt 0.388339 0.225535
vt 0.393576 0.227592
vt 0.388696 0.228693
vt 0.383837 0.230291
vt 0.383482 0.228778
vt 0.383082 0.227075
vt 0.378598 0.230365
vt 0.377903 0.228905
vt 0.378930 0.231833
vt 0.374177 0.233143
vt 0.373813 0.231505
vt 0.374139 0.230149
vt 0.384226 0.231749
vt 0.379484 0.233118
vt 0.384672 0.233351
vt 0.379804 0.234648
vt 0.376404 0.235511
vt 0.375183 0.234485
vt 0.393577 0.229353
vt 0.388869 0.230193
vt 0.393262 0.230905
vt 0.389502 0.231736
vt 0.351895 0.245762
vt 0.347882 0.258599
vt 0.356133 0.250243
vt 0.353435 0.260719
vt 0.353808 0.272207
vt 0.348303 0.273383
vt 0.353717 0.286754
vt 0.358396 0.282280
vt 0.367003 0.289008
vt 0.363788 0.295878
vt 0.358012 0.271166
vt 0.362075 0.279431
vt 0.369678 0.284591
vt 0.360355 0.251836
vt 0.357813 0.261273
vt 0.378047 0.298445
vt 0.378016 0.306440
vt 0.379718 0.291061
vt 0.395046 0.291591
vt 0.394676 0.298978
vt 0.394489 0.306548
vt 0.411488 0.300751
vt 0.410954 0.307927
vt 0.411285 0.293311
vt 0.394928 0.285657
vt 0.410681 0.286496
vt 0.380976 0.285846
vt 0.140352 0.734025
vt 0.153063 0.738547
vt 0.147027 0.726350
vt 0.156433 0.730088
vt 0.167166 0.730839
vt 0.168148 0.739141
vt 0.183137 0.737348
vt 0.177699 0.729212
vt 0.186251 0.724799
vt 0.195005 0.731897
vt 0.166357 0.723861
vt 0.173986 0.722809
vt 0.180189 0.719781
vt 0.151806 0.720895
vt 0.158592 0.723436
vt 0.200791 0.721686
vt 0.211628 0.724959
vt 0.191078 0.717337
vt 0.192832 0.708533
vt 0.202679 0.709587
vt 0.213119 0.710917
vt 0.202946 0.698336
vt 0.214422 0.698305
vt 0.192276 0.700036
vt 0.187537 0.693311
vt 0.197542 0.689668
vt 0.184789 0.707951
vt 0.184266 0.701599
vt 0.180794 0.696541
vt 0.183620 0.714405
vt 0.182319 0.685019
vt 0.176647 0.689593
vt 0.162947 0.687772
vt 0.162451 0.682325
vt 0.142769 0.682730
vt 0.149505 0.688482
vt 0.139477 0.692861
vt 0.128706 0.688319
vt 0.163432 0.692804
vt 0.154002 0.693409
vt 0.146883 0.696501
vt 0.173080 0.693875
vt 0.125093 0.698456
vt 0.114728 0.698786
vt 0.135722 0.700427
vt 0.136640 0.709693
vt 0.127818 0.711029
vt 0.119053 0.713256
vt 0.132400 0.723867
vt 0.123530 0.728206
vt 0.140416 0.718958
vt 0.144571 0.708912
vt 0.147134 0.715624
vt 0.144096 0.702094
vt 0.065720 0.767878
vt 0.078325 0.768073
vt 0.070214 0.758979
vt 0.079133 0.759014
vt 0.088709 0.755024
vt 0.091895 0.762442
vt 0.104449 0.753755
vt 0.097396 0.748435
vt 0.103366 0.739993
vt 0.112795 0.742665
vt 0.086513 0.748600
vt 0.092727 0.743885
vt 0.097119 0.737962
vt 0.073600 0.752201
vt 0.079789 0.751799
vt 0.113880 0.729853
vt 0.104933 0.730368
vt 0.103397 0.720810
vt 0.110812 0.716795
vt 0.106659 0.704909
vt 0.100050 0.712659
vt 0.094111 0.708164
vt 0.099026 0.698198
vt 0.097521 0.724264
vt 0.095088 0.718368
vt 0.090783 0.715063
vt 0.098466 0.731122
vt 0.086434 0.700438
vt 0.085125 0.709275
vt 0.075972 0.714876
vt 0.073898 0.709206
vt 0.065709 0.719863
vt 0.069050 0.722732
vt 0.063729 0.730616
vt 0.059636 0.729772
vt 0.077720 0.719763
vt 0.072059 0.725345
vt 0.067798 0.731254
vt 0.084416 0.715854
vt 0.054849 0.738919
vt 0.060504 0.738456
vt 0.060577 0.746592
vt 0.053960 0.749230
vt 0.057232 0.760278
vt 0.063792 0.754108
vt 0.066746 0.743533
vt 0.069206 0.748900
vt 0.066037 0.737414
vt 0.226121 0.736526
vt 0.236353 0.745371
vt 0.235946 0.732024
vt 0.243273 0.738725
vt 0.253055 0.743051
vt 0.250373 0.751193
vt 0.265118 0.753990
vt 0.265398 0.764099
vt 0.263640 0.744814
vt 0.273431 0.743236
vt 0.278272 0.752153
vt 0.255269 0.736162
vt 0.262913 0.737616
vt 0.269980 0.736748
vt 0.242788 0.728715
vt 0.248153 0.733255
vt 0.285981 0.729806
vt 0.278956 0.726999
vt 0.281037 0.720743
vt 0.289041 0.721346
vt 0.279787 0.714856
vt 0.287417 0.713373
vt 0.275308 0.732772
vt 0.280840 0.737672
vt 0.267501 0.697752
vt 0.247908 0.695012
vt 0.265845 0.702764
vt 0.252344 0.701094
vt 0.241098 0.701913
vt 0.232311 0.695337
vt 0.264458 0.707178
vt 0.254987 0.705826
vt 0.247006 0.706486
vt 0.273519 0.710153
vt 0.278689 0.706811
vt 0.225312 0.701860
vt 0.235022 0.706612
vt 0.232652 0.714108
vt 0.223254 0.712450
vt 0.222624 0.724754
vt 0.232663 0.723186
vt 0.240538 0.715825
vt 0.240439 0.722443
vt 0.242467 0.710154
vt 0.459134 0.201362
vt 0.445118 0.203589
vt 0.459362 0.206110
vt 0.449858 0.207816
vt 0.442364 0.210934
vt 0.434412 0.207851
vt 0.459637 0.210091
vt 0.452813 0.211331
vt 0.447399 0.213476
vt 0.476419 0.207752
vt 0.471963 0.211099
vt 0.466493 0.209896
vt 0.468865 0.205849
vt 0.430442 0.214072
vt 0.420661 0.214377
vt 0.438876 0.215398
vt 0.438258 0.220079
vt 0.430296 0.220744
vt 0.421404 0.221851
vt 0.431156 0.226970
vt 0.422140 0.229222
vt 0.439244 0.224285
vt 0.442893 0.227091
vt 0.435505 0.231121
vt 0.444308 0.219398
vt 0.445069 0.222170
vt 0.447786 0.224074
vt 0.444808 0.216397
vt 0.446182 0.232616
vt 0.450584 0.228023
vt 0.460283 0.227546
vt 0.460106 0.232182
vt 0.473966 0.229659
vt 0.477329 0.235721
vt 0.469972 0.225881
vt 0.477563 0.223715
vt 0.484573 0.226324
vt 0.460250 0.224018
vt 0.467193 0.222972
vt 0.472646 0.221622
vt 0.453324 0.224507
vt 0.481097 0.216222
vt 0.475248 0.216330
vt 0.474587 0.213519
vt 0.480104 0.211682
vt 0.474944 0.219258
vt 0.480724 0.220479
vt 0.406353 0.213587
vt 0.395458 0.214014
vt 0.399261 0.219203
vt 0.391533 0.219556
vt 0.382418 0.222737
vt 0.382239 0.218692
vt 0.369407 0.224691
vt 0.373463 0.226378
vt 0.366672 0.230393
vt 0.359989 0.231674
vt 0.382691 0.225176
vt 0.376212 0.227627
vt 0.371199 0.230046
vt 0.394842 0.222752
vt 0.389289 0.223051
vt 0.358480 0.238632
vt 0.365013 0.235353
vt 0.366169 0.238870
vt 0.360940 0.243220
vt 0.364238 0.245106
vt 0.368425 0.240474
vt 0.372338 0.240943
vt 0.369262 0.245406
vt 0.370247 0.235591
vt 0.371742 0.236958
vt 0.374626 0.237494
vt 0.369750 0.233223
vt 0.377081 0.244406
vt 0.378545 0.240219
vt 0.386201 0.238200
vt 0.387193 0.241751
vt 0.399405 0.238398
vt 0.394697 0.235673
vt 0.401711 0.233029
vt 0.409505 0.234730
vt 0.385325 0.235425
vt 0.391415 0.233509
vt 0.396368 0.231713
vt 0.379469 0.236970
vt 0.412900 0.229591
vt 0.404470 0.229441
vt 0.404527 0.225479
vt 0.412474 0.223580
vt 0.411147 0.217656
vt 0.403227 0.221767
vt 0.398550 0.226721
vt 0.397672 0.224420
vt 0.398402 0.229282
vt 0.421412 0.315767
vt 0.409413 0.313664
vt 0.417052 0.319774
vt 0.407461 0.318489
vt 0.396447 0.318087
vt 0.395270 0.312746
vt 0.381428 0.313065
vt 0.386051 0.318442
vt 0.378160 0.321063
vt 0.371153 0.316002
vt 0.397410 0.323034
vt 0.389411 0.323151
vt 0.383218 0.324895
vt 0.413263 0.323692
vt 0.405890 0.323041
vt 0.367574 0.323173
vt 0.374742 0.326335
vt 0.375012 0.332370
vt 0.368602 0.331693
vt 0.372590 0.339049
vt 0.378088 0.337720
vt 0.384120 0.341918
vt 0.380096 0.344612
vt 0.380583 0.332817
vt 0.382595 0.336460
vt 0.387052 0.339423
vt 0.380505 0.328700
vt 0.391244 0.348427
vt 0.392966 0.344952
vt 0.403429 0.346167
vt 0.404449 0.349871
vt 0.417463 0.347198
vt 0.413801 0.344210
vt 0.421671 0.339276
vt 0.427124 0.340708
vt 0.402272 0.342256
vt 0.410485 0.341082
vt 0.416802 0.337791
vt 0.394002 0.341514
vt 0.431794 0.332847
vt 0.425566 0.333175
vt 0.425940 0.327319
vt 0.432196 0.325263
vt 0.428889 0.319456
vt 0.423160 0.322739
vt 0.419726 0.329516
vt 0.417792 0.326093
vt 0.419608 0.333521
vt 0.031996 0.228317
vt 0.027810 0.240398
vt 0.017470 0.238526
vt 0.020349 0.226537
vt 0.023097 0.251228
vt 0.014226 0.249545
vt 0.005644 0.248351
vt 0.007266 0.237026
vt 0.008763 0.224953
vt 0.018069 0.260915
vt 0.010854 0.259773
vt 0.013797 0.268955
vt 0.008175 0.268278
vt 0.003026 0.268060
vt 0.004155 0.259078
vt 0.042404 0.170713
vt 0.040595 0.185684
vt 0.026782 0.184785
vt 0.028326 0.170039
vt 0.038232 0.200450
vt 0.024909 0.199269
vt 0.011631 0.198023
vt 0.012951 0.183724
vt 0.014119 0.169144
vt 0.035419 0.214830
vt 0.022788 0.213326
vt 0.010209 0.211884
vt 0.041524 0.113741
vt 0.043112 0.126876
vt 0.029955 0.126599
vt 0.029363 0.113626
vt 0.043890 0.141000
vt 0.030072 0.140603
vt 0.015922 0.139965
vt 0.016573 0.126076
vt 0.017131 0.113241
vt 0.043581 0.155718
vt 0.029480 0.155199
vt 0.015111 0.154441
vt 0.036794 0.091754
vt 0.027284 0.092178
vt 0.025730 0.084144
vt 0.033688 0.083213
vt 0.017785 0.092061
vt 0.017885 0.084352
vt 0.018028 0.080050
vt 0.023011 0.078228
vt 0.029692 0.076546
vt 0.028499 0.102086
vt 0.039405 0.101981
vt 0.017582 0.101820
vt 0.035202 0.316614
vt 0.039301 0.323770
vt 0.023008 0.330649
vt 0.019973 0.322605
vt 0.006269 0.335378
vt 0.004525 0.326404
vt 0.123987 0.251948
vt 0.134264 0.256673
vt 0.120030 0.270527
vt 0.110520 0.265666
vt 0.104382 0.283075
vt 0.096063 0.278090
vt 0.146294 0.220253
vt 0.157611 0.224123
vt 0.146541 0.240996
vt 0.136014 0.236655
vt 0.159329 0.187215
vt 0.172520 0.189349
vt 0.167126 0.206722
vt 0.154187 0.203283
vt 0.008314 0.681499
vt 0.018781 0.684861
vt 0.015752 0.703938
vt 0.004791 0.701704
vt 0.015206 0.722610
vt 0.001944 0.724238
vt 0.011342 0.642938
vt 0.021786 0.645200
vt 0.021662 0.665299
vt 0.011225 0.662136
vt 0.188464 0.612483
vt 0.183692 0.621170
vt 0.162097 0.616487
vt 0.167876 0.607899
vt 0.142238 0.609782
vt 0.149027 0.601555
vt 0.232800 0.620120
vt 0.229616 0.628527
vt 0.206368 0.624936
vt 0.210305 0.616381
vt 0.277399 0.626560
vt 0.275961 0.635189
vt 0.253027 0.632063
vt 0.255422 0.623639
vt 0.131023 0.171274
vt 0.146001 0.181425
vt 0.140399 0.197633
vt 0.125618 0.192256
vt 0.133292 0.215171
vt 0.119041 0.210305
vt 0.123847 0.231738
vt 0.110665 0.227067
vt 0.112749 0.247076
vt 0.100931 0.242485
vt 0.100574 0.260970
vt 0.090237 0.256531
vt 0.087555 0.273476
vt 0.078695 0.269121
vt 0.027325 0.304628
vt 0.031228 0.310226
vt 0.017287 0.315488
vt 0.014854 0.309271
vt 0.003301 0.318527
vt 0.002509 0.311610
vt 0.067483 0.057416
vt 0.072194 0.053288
vt 0.084323 0.062462
vt 0.078962 0.066082
vt 0.076799 0.048988
vt 0.089648 0.058611
vt 0.101535 0.070149
vt 0.095558 0.073567
vt 0.089595 0.076689
vt 0.105731 0.086131
vt 0.098974 0.089132
vt 0.112444 0.082842
vt 0.122239 0.096446
vt 0.114846 0.099851
vt 0.107201 0.103007
vt 0.122903 0.114420
vt 0.114381 0.117906
vt 0.130802 0.110702
vt 0.138115 0.125065
vt 0.129852 0.129663
vt 0.120446 0.133913
vt 0.135712 0.145432
vt 0.125382 0.151130
vt 0.144198 0.138997
vt 0.150355 0.150998
vt 0.142361 0.159321
vt 0.151699 0.168945
vt 0.157901 0.159581
vt 0.163939 0.164776
vt 0.162474 0.173839
vt 0.043485 0.046195
vt 0.046121 0.041910
vt 0.059335 0.046524
vt 0.055563 0.050793
vt 0.048699 0.037310
vt 0.063005 0.042035
vt 0.011449 0.274948
vt 0.007040 0.274217
vt 0.009770 0.278741
vt 0.006760 0.278986
vt 0.002250 0.278928
vt 0.002454 0.274149
vt 0.055406 0.231732
vt 0.048961 0.244344
vt 0.038454 0.242359
vt 0.043824 0.230041
vt 0.041795 0.255625
vt 0.032438 0.253326
vt 0.034295 0.265633
vt 0.026094 0.263016
vt 0.026716 0.274321
vt 0.020131 0.271228
vt 0.069913 0.171627
vt 0.068014 0.187289
vt 0.054344 0.186521
vt 0.056192 0.171256
vt 0.064904 0.202740
vt 0.051643 0.201596
vt 0.060715 0.217709
vt 0.048180 0.216278
vt 0.065583 0.112201
vt 0.068392 0.125988
vt 0.055819 0.126695
vt 0.053560 0.113293
vt 0.069975 0.140733
vt 0.057027 0.141068
vt 0.070527 0.156028
vt 0.057123 0.156017
vt 0.050310 0.101254
vt 0.061344 0.099777
vt 0.046322 0.090671
vt 0.056066 0.088817
vt 0.041815 0.081631
vt 0.050133 0.079418
vt 0.036674 0.074365
vt 0.043668 0.071805
vt 0.073090 0.069696
vt 0.062334 0.061608
vt 0.083061 0.079747
vt 0.075407 0.082836
vt 0.066386 0.073211
vt 0.056659 0.065547
vt 0.058525 0.076533
vt 0.050371 0.068910
vt 0.066085 0.086035
vt 0.091592 0.091919
vt 0.098726 0.105726
vt 0.089019 0.108146
vt 0.082988 0.094635
vt 0.072571 0.097417
vt 0.077687 0.110397
vt 0.104509 0.120685
vt 0.109026 0.136757
vt 0.096353 0.138613
vt 0.093384 0.122900
vt 0.081128 0.124695
vt 0.083207 0.139925
vt 0.112363 0.153899
vt 0.113324 0.171707
vt 0.098126 0.171796
vt 0.098160 0.154996
vt 0.084210 0.155698
vt 0.083783 0.171790
vt 0.110453 0.189750
vt 0.104755 0.207254
vt 0.090830 0.205327
vt 0.095529 0.188760
vt 0.081572 0.187994
vt 0.077767 0.203910
vt 0.097480 0.223568
vt 0.088953 0.238628
vt 0.077226 0.235554
vt 0.084652 0.220991
vt 0.072643 0.219167
vt 0.066299 0.233419
vt 0.079476 0.252382
vt 0.069196 0.264765
vt 0.059613 0.260839
vt 0.068794 0.248832
vt 0.058853 0.246337
vt 0.050671 0.257968
vt 0.066301 0.280155
vt 0.058165 0.275685
vt 0.053400 0.289788
vt 0.046664 0.285208
vt 0.039776 0.280958
vt 0.049878 0.271555
vt 0.042068 0.268350
vt 0.033188 0.277453
vt 0.040280 0.298023
vt 0.034907 0.293312
vt 0.023396 0.299640
vt 0.019452 0.295056
vt 0.029425 0.288971
vt 0.024096 0.285207
vt 0.015587 0.290875
vt 0.012537 0.286703
vt 0.019282 0.281608
vt 0.012587 0.303734
vt 0.002088 0.305414
vt 0.001944 0.299664
vt 0.010445 0.298573
vt 0.008423 0.293644
vt 0.001987 0.294187
vt 0.002109 0.288925
vt 0.006991 0.288778
vt 0.036765 0.066199
vt 0.042100 0.063143
vt 0.029895 0.062132
vt 0.034048 0.058966
vt 0.037471 0.055348
vt 0.046956 0.059616
vt 0.051439 0.055328
vt 0.040605 0.050884
vt 0.055287 0.315122
vt 0.050377 0.308830
vt 0.065633 0.299635
vt 0.071480 0.305205
vt 0.088032 0.294541
vt 0.080977 0.289366
vt 0.073800 0.284616
vt 0.059650 0.294516
vt 0.045393 0.303126
vt 0.154413 0.118509
vt 0.163560 0.117496
vt 0.168316 0.132373
vt 0.159553 0.131581
vt 0.173651 0.116970
vt 0.178380 0.133687
vt 0.180004 0.152129
vt 0.169201 0.144809
vt 0.162235 0.140656
vt 0.138200 0.089625
vt 0.147234 0.086534
vt 0.156466 0.102077
vt 0.147229 0.104273
vt 0.156910 0.083611
vt 0.166452 0.100229
vt 0.115327 0.061782
vt 0.123190 0.056960
vt 0.136097 0.071337
vt 0.127530 0.075317
vt 0.131506 0.052012
vt 0.145208 0.067374
vt 0.086852 0.038909
vt 0.092669 0.032560
vt 0.108653 0.043867
vt 0.101714 0.049448
vt 0.098811 0.025831
vt 0.115976 0.038014
vt 0.054312 0.024943
vt 0.057473 0.016939
vt 0.075433 0.023530
vt 0.070910 0.030760
vt 0.060811 0.008520
vt 0.080206 0.015900
vt 0.298298 0.688093
vt 0.298796 0.681279
vt 0.325664 0.684752
vt 0.298758 0.671961
vt 0.324859 0.672881
vt 0.293060 0.698925
vt 0.296791 0.693720
vt 0.481999 0.320276
vt 0.481601 0.313677
vt 0.482554 0.338530
vt 0.482263 0.328701
vt 0.483683 0.360974
vt 0.483043 0.349384
vt 0.486287 0.385310
vt 0.484774 0.373189
vt 0.488489 0.408463
vt 0.487571 0.397067
vt 0.487238 0.431388
vt 0.488758 0.420196
vt 0.292186 0.543612
vt 0.291199 0.549696
vt 0.300062 0.545258
vt 0.296799 0.549168
vt 0.482399 0.445857
vt 0.477770 0.446134
vt 0.482007 0.439652
vt 0.488161 0.441168
vt 0.478613 0.151222
vt 0.478652 0.146683
vt 0.478599 0.144339
vt 0.478485 0.157519
vt 0.298527 0.659612
vt 0.323035 0.659070
vt 0.298136 0.646947
vt 0.320835 0.645808
vt 0.478592 0.255568
vt 0.478472 0.245043
vt 0.478800 0.265491
vt 0.258785 0.782252
vt 0.262564 0.773954
vt 0.254970 0.790808
vt 0.256252 0.787912
vt 0.287585 0.744335
vt 0.294195 0.733414
vt 0.299442 0.722204
vt 0.298293 0.711792
vt 0.286131 0.703173
vt 0.483781 0.203395
vt 0.473072 0.200795
vt 0.488485 0.221871
vt 0.488659 0.215968
vt 0.488020 0.209259
vt 0.993578 0.075196
vt 0.987205 0.077848
vt 0.024371 0.071982
vt 0.018193 0.074736
vt 0.991682 0.081874
vt 0.297928 0.636767
vt 0.319167 0.635423
vt 0.298134 0.627832
vt 0.318018 0.626362
vt 0.019458 0.042909
vt 0.031482 0.043592
vt 0.029934 0.048286
vt 0.019205 0.047516
vt 0.028252 0.052664
vt 0.018953 0.051717
vt 0.026410 0.056134
vt 0.018752 0.055052
vt 0.023448 0.059164
vt 0.018555 0.057733
vt 0.019911 0.033314
vt 0.034318 0.034361
vt 0.032909 0.039174
vt 0.019684 0.038353
vt 0.018310 0.068743
vt 0.024451 0.065331
vt 0.030722 0.069127
vt 0.993072 0.060964
vt 0.988028 0.064435
vt 0.018356 0.062354
vt 0.994040 0.067803
vt 0.021581 0.001944
vt 0.041269 0.003978
vt 0.039309 0.012938
vt 0.020987 0.011229
vt 0.037473 0.021413
vt 0.020505 0.019983
vt 0.311928 0.542734
vt 0.306251 0.547461
vt 0.682690 0.541885
vt 0.680663 0.538233
vt 0.685031 0.535712
vt 0.689344 0.539784
vt 0.693677 0.544266
vt 0.674544 0.537102
vt 0.679168 0.532405
vt 0.668601 0.535797
vt 0.672759 0.529342
vt 0.656442 0.531670
vt 0.648168 0.527706
vt 0.653014 0.517105
vt 0.660601 0.522208
vt 0.639403 0.523288
vt 0.645047 0.511999
vt 0.662639 0.534155
vt 0.666733 0.526058
vt 0.622660 0.515290
vt 0.614174 0.511274
vt 0.621589 0.499257
vt 0.630003 0.503753
vt 0.605283 0.506870
vt 0.612429 0.494385
vt 0.630991 0.519190
vt 0.637575 0.507696
vt 0.585346 0.495591
vt 0.574913 0.488564
vt 0.581988 0.477538
vt 0.592260 0.483195
vt 0.565377 0.481955
vt 0.572491 0.472556
vt 0.595593 0.501769
vt 0.602545 0.488929
vt 0.550454 0.461633
vt 0.543958 0.457959
vt 0.557445 0.465479
vt 0.552306 0.473311
vt 0.546548 0.468544
vt 0.541274 0.463858
vt 0.558296 0.477428
vt 0.564604 0.468893
vt 0.532848 0.452864
vt 0.527760 0.452125
vt 0.476240 0.455209
vt 0.471940 0.455538
vt 0.470959 0.452582
vt 0.476630 0.450890
vt 0.482466 0.449690
vt 0.538153 0.454844
vt 0.536981 0.459949
vt 0.534008 0.457463
vt 0.324107 0.535336
vt 0.317764 0.538860
vt 0.327804 0.541681
vt 0.321628 0.543318
vt 0.315790 0.545043
vt 0.335903 0.528415
vt 0.329435 0.531971
vt 0.341188 0.538140
vt 0.334239 0.539926
vt 0.353558 0.520636
vt 0.344139 0.524664
vt 0.360145 0.532338
vt 0.350450 0.535539
vt 0.371914 0.511570
vt 0.362883 0.516231
vt 0.377761 0.524351
vt 0.369150 0.528586
vt 0.389154 0.501663
vt 0.380505 0.506756
vt 0.395452 0.514690
vt 0.386407 0.519746
vt 0.408726 0.489911
vt 0.398375 0.496084
vt 0.416396 0.502010
vt 0.405380 0.508759
vt 0.430943 0.476532
vt 0.420262 0.483136
vt 0.438485 0.486728
vt 0.427997 0.494434
vt 0.445540 0.466695
vt 0.438833 0.471178
vt 0.451676 0.474172
vt 0.445687 0.480162
vt 0.463614 0.463102
vt 0.457852 0.468364
vt 0.452554 0.462322
vt 0.459402 0.458234
vt 0.468429 0.458798
vt 0.465467 0.454970
vt 0.015309 0.277798
vt 0.011024 0.282201
vt 0.987940 0.280591
vt 0.983532 0.280069
vt 0.983391 0.275371
vt 0.987866 0.275764
vt 0.006598 0.283865
vt 0.002174 0.283850
vt 0.983542 0.284930
vt 0.987878 0.285521
vt 0.450343 0.979100
vt 0.450680 0.992222
vt 0.826627 0.152846
vt 0.823360 0.165353
vt 0.812359 0.160470
vt 0.018521 0.740546
vt 0.006883 0.746691
vt 0.173359 0.173585
vt 0.170823 0.161039
vt 0.184768 0.169718
vt 0.832847 0.145031
vt 0.840454 0.137953
vt 0.847592 0.127905
vt 0.854887 0.115969
vt 0.863058 0.103241
vt 0.872266 0.090216
vt 0.882871 0.077022
vt 0.895112 0.064609
vt 0.908844 0.053987
vt 0.923680 0.045244
vt 0.939215 0.038695
vt 0.954900 0.033915
vt 0.985876 0.027799
vt 0.970348 0.030123
vt 0.035826 0.028471
vt 0.020166 0.027253
vt 0.051417 0.031663
vt 0.066827 0.036829
vt 0.081636 0.044273
vt 0.095423 0.054303
vt 0.108130 0.066188
vt 0.119690 0.079185
vt 0.129960 0.092973
vt 0.138806 0.107226
vt 0.146125 0.121181
vt 0.151838 0.134079
vt 0.157494 0.144904
vt 0.164715 0.152733
s 1
f 724/747 2345/748 3167/749 2348/750
f 2345/748 853/751 2346/752 3167/749
f 3167/749 2346/752 928/753 2347/754
f 2348/750 3167/749 2347/754 856/755
f 853/751 2349/756 3168/757 2346/752
f 2349/756 725/758 2350/759 3168/757
f 3168/757 2350/759 854/760 2351/761
f 2346/752 3168/757 2351/761 928/753
f 928/753 2351/761 3169/762 2354/763
f 2351/761 854/760 2352/764 3169/762
f 3169/762 2352/764 726/765 2353/766
f 2354/763 3169/762 2353/766 855/767
f 856/755 2347/754 3170/768 2356/769
f 2347/754 928/753 2354/763 3170/768
f 3170/768 2354/763 855/767 2355/770
f 2356/769 3170/768 2355/770 727/771
f 725/772 2357/773 3171/774 2350/775
f 2357/773 857/776 2358/777 3171/774
f 3171/774 2358/777 929/778 2359/779
f 2350/775 3171/774 2359/779 854/780
f 857/776 2360/781 3172/782 2358/777
f 2360/781 728/783 2361/784 3172/782
f 3172/782 2361/784 858/785 2362/786
f 2358/777 3172/782 2362/786 929/778
f 929/778 2362/786 3173/787 2365/788
f 2362/786 858/785 2363/789 3173/787
f 3173/787 2363/789 729/790 2364/791
f 2365/788 3173/787 2364/791 859/792
f 854/780 2359/779 3174/793 2352/764
f 2359/779 929/778 2365/788 3174/793
f 3174/793 2365/788 859/792 2366/794
f 2352/764 3174/793 2366/794 726/765
f 930/795 2367/796 3175/797 2370/798
f 2367/796 860/799 2368/800 3175/797
f 3175/797 2368/800 721/801 2369/802
f 2370/798 3175/797 2369/802 861/803
f 862/804 2371/805 3176/806 2373/807
f 2371/805 930/795 2370/798 3176/806
f 3176/806 2370/798 861/803 2372/808
f 2373/807 3176/806 2372/808 722/809
f 931/810 2374/811 3177/812 2377/813
f 2374/811 863/814 2375/815 3177/812
f 3177/812 2375/815 720/816 2376/817
f 2377/813 3177/812 2376/817 864/818
f 860/799 2378/819 3178/820 2368/800
f 2378/819 931/810 2377/813 3178/820
f 3178/820 2377/813 864/818 2379/821
f 2368/800 3178/820 2379/821 721/801
f 932/822 2380/823 3179/824 2383/825
f 2380/823 1091/826 2381/827 3179/824
f 3179/824 2381/827 1077/828 2382/829
f 2383/825 3179/824 2382/829 865/830
f 863/814 2384/831 3180/832 2375/815
f 2384/831 932/822 2383/825 3180/832
f 3180/832 2383/825 865/830 2385/833
f 2375/815 3180/832 2385/833 720/816
f 866/834 2386/835 3181/836 2388/837
f 2386/835 724/747 2348/750 3181/836
f 3181/836 2348/750 856/755 2387/838
f 2388/837 3181/836 2387/838 933/839
f 933/839 2387/838 3182/840 2390/841
f 2387/838 856/755 2356/769 3182/840
f 3182/840 2356/769 727/771 2389/842
f 2390/841 3182/840 2389/842 867/843
f 765/844 2391/845 3183/846 2394/847
f 2391/845 868/848 2392/849 3183/846
f 3183/846 2392/849 934/850 2393/851
f 2394/847 3183/846 2393/851 871/852
f 868/848 2395/853 3184/854 2392/849
f 2395/853 766/855 2396/856 3184/854
f 3184/854 2396/856 869/857 2397/858
f 2392/849 3184/854 2397/858 934/850
f 934/850 2397/858 3185/859 2400/860
f 2397/858 869/857 2398/861 3185/859
f 3185/859 2398/861 767/862 2399/863
f 2400/860 3185/859 2399/863 870/864
f 871/852 2393/851 3186/865 2402/866
f 2393/851 934/850 2400/860 3186/865
f 3186/865 2400/860 870/864 2401/867
f 2402/866 3186/865 2401/867 768/868
f 700/869 2403/870 3187/871 2406/872
f 2403/870 872/873 2404/874 3187/871
f 3187/871 2404/874 935/875 2405/876
f 2406/872 3187/871 2405/876 875/877
f 872/873 2407/878 3188/879 2404/874
f 2407/878 701/880 2408/881 3188/879
f 3188/879 2408/881 873/882 2409/883
f 2404/874 3188/879 2409/883 935/875
f 935/875 2409/883 3189/884 2412/885
f 2409/883 873/882 2410/886 3189/884
f 3189/884 2410/886 706/887 2411/888
f 2412/885 3189/884 2411/888 874/889
f 875/877 2405/876 3190/890 2414/891
f 2405/876 935/875 2412/885 3190/890
f 3190/890 2412/885 874/889 2413/892
f 2414/891 3190/890 2413/892 705/893
f 701/880 2415/894 3191/895 2408/881
f 2415/894 876/896 2416/897 3191/895
f 3191/895 2416/897 936/898 2417/899
f 2408/881 3191/895 2417/899 873/882
f 876/896 2418/900 3192/901 2416/897
f 2418/900 702/902 2419/903 3192/901
f 3192/901 2419/903 877/904 2420/905
f 2416/897 3192/901 2420/905 936/898
f 936/898 2420/905 3193/906 2423/907
f 2420/905 877/904 2421/908 3193/906
f 3193/906 2421/908 707/909 2422/910
f 2423/907 3193/906 2422/910 878/911
f 873/882 2417/899 3194/912 2410/886
f 2417/899 936/898 2423/907 3194/912
f 3194/912 2423/907 878/911 2424/913
f 2410/886 3194/912 2424/913 706/887
f 702/902 2425/914 3195/915 2419/903
f 2425/914 879/916 2426/917 3195/915
f 3195/915 2426/917 937/918 2427/919
f 2419/903 3195/915 2427/919 877/904
f 879/916 2428/920 3196/921 2426/917
f 2428/920 703/922 2429/923 3196/921
f 3196/921 2429/923 880/924 2430/925
f 2426/917 3196/921 2430/925 937/918
f 937/918 2430/925 3197/926 2433/927
f 2430/925 880/924 2431/928 3197/926
f 3197/926 2431/928 708/929 2432/930
f 2433/927 3197/926 2432/930 881/931
f 877/904 2427/919 3198/932 2421/908
f 2427/919 937/918 2433/927 3198/932
f 3198/932 2433/927 881/931 2434/933
f 2421/908 3198/932 2434/933 707/909
f 703/922 2435/934 3199/935 2429/923
f 2435/934 882/936 2436/937 3199/935
f 3199/935 2436/937 938/938 2437/939
f 2429/923 3199/935 2437/939 880/924
f 882/936 2438/940 3200/941 2436/937
f 2438/940 1068/942 2439/943 3200/941
f 3200/941 2439/943 1093/944 2440/945
f 2436/937 3200/941 2440/945 938/938
f 938/938 2440/945 3201/946 2443/947
f 2440/945 1093/944 2441/948 3201/946
f 3201/946 2441/948 1070/949 2442/950
f 2443/947 3201/946 2442/950 883/951
f 880/924 2437/939 3202/952 2431/928
f 2437/939 938/938 2443/947 3202/952
f 3202/952 2443/947 883/951 2444/953
f 2431/928 3202/952 2444/953 708/929
f 884/954 2445/955 3203/956 2448/957
f 2445/955 699/958 2446/959 3203/956
f 3203/956 2446/959 885/960 2447/961
f 2448/957 3203/956 2447/961 939/962
f 939/962 2447/961 3204/963 2451/964
f 2447/961 885/960 2449/965 3204/963
f 3204/963 2449/965 704/966 2450/967
f 2451/964 3204/963 2450/967 886/968
f 704/966 2452/969 3205/970 2455/971
f 2452/969 887/972 2453/973 3205/970
f 3205/970 2453/973 940/974 2454/975
f 2455/971 3205/970 2454/975 890/976
f 887/972 2456/977 3206/978 2453/973
f 2456/977 705/893 2457/979 3206/978
f 3206/978 2457/979 888/980 2458/981
f 2453/973 3206/978 2458/981 940/974
f 940/974 2458/981 3207/982 2461/983
f 2458/981 888/980 2459/984 3207/982
f 3207/982 2459/984 710/985 2460/986
f 2461/983 3207/982 2460/986 889/987
f 890/976 2454/975 3208/988 2463/989
f 2454/975 940/974 2461/983 3208/988
f 3208/988 2461/983 889/987 2462/990
f 2463/989 3208/988 2462/990 709/991
f 705/893 2413/892 3209/992 2457/979
f 2413/892 874/889 2464/993 3209/992
f 3209/992 2464/993 941/994 2465/995
f 2457/979 3209/992 2465/995 888/980
f 874/889 2411/888 3210/996 2464/993
f 2411/888 706/887 2466/997 3210/996
f 3210/996 2466/997 891/998 2467/999
f 2464/993 3210/996 2467/999 941/994
f 941/994 2467/999 3211/1000 2470/1001
f 2467/999 891/998 2468/1002 3211/1000
f 3211/1000 2468/1002 711/1003 2469/1004
f 2470/1001 3211/1000 2469/1004 892/1005
f 888/980 2465/995 3212/1006 2459/984
f 2465/995 941/994 2470/1001 3212/1006
f 3212/1006 2470/1001 892/1005 2471/1007
f 2459/984 3212/1006 2471/1007 710/985
f 706/887 2424/913 3213/1008 2466/997
f 2424/913 878/911 2472/1009 3213/1008
f 3213/1008 2472/1009 942/1010 2473/1011
f 2466/997 3213/1008 2473/1011 891/998
f 878/911 2422/910 3214/1012 2472/1009
f 2422/910 707/909 2474/1013 3214/1012
f 3214/1012 2474/1013 893/1014 2475/1015
f 2472/1009 3214/1012 2475/1015 942/1010
f 942/1010 2475/1015 3215/1016 2478/1017
f 2475/1015 893/1014 2476/1018 3215/1016
f 3215/1016 2476/1018 712/1019 2477/1020
f 2478/1017 3215/1016 2477/1020 894/1021
f 891/998 2473/1011 3216/1022 2468/1002
f 2473/1011 942/1010 2478/1017 3216/1022
f 3216/1022 2478/1017 894/1021 2479/1023
f 2468/1002 3216/1022 2479/1023 711/1003
f 707/909 2434/933 3217/1024 2474/1013
f 2434/933 881/931 2480/1025 3217/1024
f 3217/1024 2480/1025 943/1026 2481/1027
f 2474/1013 3217/1024 2481/1027 893/1014
f 881/931 2432/930 3218/1028 2480/1025
f 2432/930 708/929 2482/1029 3218/1028
f 3218/1028 2482/1029 895/1030 2483/1031
f 2480/1025 3218/1028 2483/1031 943/1026
f 943/1026 2483/1031 3219/1032 2486/1033
f 2483/1031 895/1030 2484/1034 3219/1032
f 3219/1032 2484/1034 713/1035 2485/1036
f 2486/1033 3219/1032 2485/1036 896/1037
f 893/1014 2481/1027 3220/1038 2476/1018
f 2481/1027 943/1026 2486/1033 3220/1038
f 3220/1038 2486/1033 896/1037 2487/1039
f 2476/1018 3220/1038 2487/1039 712/1019
f 708/929 2444/953 3221/1040 2482/1029
f 2444/953 883/951 2488/1041 3221/1040
f 3221/1040 2488/1041 944/1042 2489/1043
f 2482/1029 3221/1040 2489/1043 895/1030
f 883/951 2442/950 3222/1044 2488/1041
f 2442/950 1070/949 2490/1045 3222/1044
f 3222/1044 2490/1045 1095/1046 2491/1047
f 2488/1041 3222/1044 2491/1047 944/1042
f 944/1042 2491/1047 3223/1048 2494/1049
f 2491/1047 1095/1046 2492/1050 3223/1048
f 3223/1048 2492/1050 1072/1051 2493/1052
f 2494/1049 3223/1048 2493/1052 897/1053
f 895/1030 2489/1043 3224/1054 2484/1034
f 2489/1043 944/1042 2494/1049 3224/1054
f 3224/1054 2494/1049 897/1053 2495/1055
f 2484/1034 3224/1054 2495/1055 713/1035
f 886/968 2450/967 3225/1056 2497/1057
f 2450/967 704/966 2455/971 3225/1056
f 3225/1056 2455/971 890/976 2496/1058
f 2497/1057 3225/1056 2496/1058 945/1059
f 945/1059 2496/1058 3226/1060 2499/1061
f 2496/1058 890/976 2463/989 3226/1060
f 3226/1060 2463/989 709/991 2498/1062
f 2499/1061 3226/1060 2498/1062 898/1063
f 709/991 2462/990 3227/1064 2502/1065
f 2462/990 889/987 2500/1066 3227/1064
f 3227/1064 2500/1066 946/1067 2501/1068
f 2502/1065 3227/1064 2501/1068 901/1069
f 889/987 2460/986 3228/1070 2500/1066
f 2460/986 710/985 2503/1071 3228/1070
f 3228/1070 2503/1071 899/1072 2504/1073
f 2500/1066 3228/1070 2504/1073 946/1067
f 946/1067 2504/1073 3229/1074 2507/1075
f 2504/1073 899/1072 2505/1076 3229/1074
f 3229/1074 2505/1076 715/1077 2506/1078
f 2507/1075 3229/1074 2506/1078 900/1079
f 901/1069 2501/1068 3230/1080 2509/1081
f 2501/1068 946/1067 2507/1075 3230/1080
f 3230/1080 2507/1075 900/1079 2508/1082
f 2509/1081 3230/1080 2508/1082 714/1083
f 710/985 2471/1007 3231/1084 2503/1071
f 2471/1007 892/1005 2510/1085 3231/1084
f 3231/1084 2510/1085 947/1086 2511/1087
f 2503/1071 3231/1084 2511/1087 899/1072
f 892/1005 2469/1004 3232/1088 2510/1085
f 2469/1004 711/1003 2512/1089 3232/1088
f 3232/1088 2512/1089 902/1090 2513/1091
f 2510/1085 3232/1088 2513/1091 947/1086
f 947/1086 2513/1091 3233/1092 2516/1093
f 2513/1091 902/1090 2514/1094 3233/1092
f 3233/1092 2514/1094 716/1095 2515/1096
f 2516/1093 3233/1092 2515/1096 903/1097
f 899/1072 2511/1087 3234/1098 2505/1076
f 2511/1087 947/1086 2516/1093 3234/1098
f 3234/1098 2516/1093 903/1097 2517/1099
f 2505/1076 3234/1098 2517/1099 715/1077
f 711/1003 2479/1023 3235/1100 2512/1089
f 2479/1023 894/1021 2518/1101 3235/1100
f 3235/1100 2518/1101 948/1102 2519/1103
f 2512/1089 3235/1100 2519/1103 902/1090
f 894/1021 2477/1020 3236/1104 2518/1101
f 2477/1020 712/1019 2520/1105 3236/1104
f 3236/1104 2520/1105 904/1106 2521/1107
f 2518/1101 3236/1104 2521/1107 948/1102
f 948/1102 2521/1107 3237/1108 2524/1109
f 2521/1107 904/1106 2522/1110 3237/1108
f 3237/1108 2522/1110 717/1111 2523/1112
f 2524/1109 3237/1108 2523/1112 905/1113
f 902/1090 2519/1103 3238/1114 2514/1094
f 2519/1103 948/1102 2524/1109 3238/1114
f 3238/1114 2524/1109 905/1113 2525/1115
f 2514/1094 3238/1114 2525/1115 716/1095
f 712/1019 2487/1039 3239/1116 2520/1105
f 2487/1039 896/1037 2526/1117 3239/1116
f 3239/1116 2526/1117 949/1118 2527/1119
f 2520/1105 3239/1116 2527/1119 904/1106
f 896/1037 2485/1036 3240/1120 2526/1117
f 2485/1036 713/1035 2528/1121 3240/1120
f 3240/1120 2528/1121 906/1122 2529/1123
f 2526/1117 3240/1120 2529/1123 949/1118
f 949/1118 2529/1123 3241/1124 2532/1125
f 2529/1123 906/1122 2530/1126 3241/1124
f 3241/1124 2530/1126 718/1127 2531/1128
f 2532/1125 3241/1124 2531/1128 907/1129
f 904/1106 2527/1119 3242/1130 2522/1110
f 2527/1119 949/1118 2532/1125 3242/1130
f 3242/1130 2532/1125 907/1129 2533/1131
f 2522/1110 3242/1130 2533/1131 717/1111
f 713/1035 2495/1055 3243/1132 2528/1121
f 2495/1055 897/1053 2534/1133 3243/1132
f 3243/1132 2534/1133 950/1134 2535/1135
f 2528/1121 3243/1132 2535/1135 906/1122
f 897/1053 2493/1052 3244/1136 2534/1133
f 2493/1052 1072/1051 2536/1137 3244/1136
f 3244/1136 2536/1137 1097/1138 2537/1139
f 2534/1133 3244/1136 2537/1139 950/1134
f 950/1134 2537/1139 3245/1140 2540/1141
f 2537/1139 1097/1138 2538/1142 3245/1140
f 3245/1140 2538/1142 1074/1143 2539/1144
f 2540/1141 3245/1140 2539/1144 908/1145
f 906/1122 2535/1135 3246/1146 2530/1126
f 2535/1135 950/1134 2540/1141 3246/1146
f 3246/1146 2540/1141 908/1145 2541/1147
f 2530/1126 3246/1146 2541/1147 718/1127
f 898/1063 2498/1062 3247/1148 2543/1149
f 2498/1062 709/991 2502/1065 3247/1148
f 3247/1148 2502/1065 901/1069 2542/1150
f 2543/1149 3247/1148 2542/1150 951/1151
f 951/1151 2542/1150 3248/1152 2545/1153
f 2542/1150 901/1069 2509/1081 3248/1152
f 3248/1152 2509/1081 714/1083 2544/1154
f 2545/1153 3248/1152 2544/1154 909/1155
f 714/1083 2508/1082 3249/1156 2548/1157
f 2508/1082 900/1079 2546/1158 3249/1156
f 3249/1156 2546/1158 952/1159 2547/1160
f 2548/1157 3249/1156 2547/1160 911/1161
f 715/1077 2549/1162 3250/1163 2506/1078
f 2549/1162 910/1164 2550/1165 3250/1163
f 3250/1163 2550/1165 952/1159 2546/1158
f 2506/1078 3250/1163 2546/1158 900/1079
f 715/1077 2517/1099 3251/1166 2549/1162
f 2517/1099 903/1097 2551/1167 3251/1166
f 3251/1166 2551/1167 953/1168 2552/1169
f 2549/1162 3251/1166 2552/1169 910/1164
f 716/1095 2553/1170 3252/1171 2515/1096
f 2553/1170 912/1172 2554/1173 3252/1171
f 3252/1171 2554/1173 953/1168 2551/1167
f 2515/1096 3252/1171 2551/1167 903/1097
f 716/1095 2525/1115 3253/1174 2553/1170
f 2525/1115 905/1113 2555/1175 3253/1174
f 3253/1174 2555/1175 954/1176 2556/1177
f 2553/1170 3253/1174 2556/1177 912/1172
f 717/1111 2557/1178 3254/1179 2523/1112
f 2557/1178 913/1180 2558/1181 3254/1179
f 3254/1179 2558/1181 954/1176 2555/1175
f 2523/1112 3254/1179 2555/1175 905/1113
f 717/1111 2533/1131 3255/1182 2557/1178
f 2533/1131 907/1129 2559/1183 3255/1182
f 3255/1182 2559/1183 955/1184 2560/1185
f 2557/1178 3255/1182 2560/1185 913/1180
f 718/1127 2561/1186 3256/1187 2531/1128
f 2561/1186 914/1188 2562/1189 3256/1187
f 3256/1187 2562/1189 955/1184 2559/1183
f 2531/1128 3256/1187 2559/1183 907/1129
f 718/1127 2541/1147 3257/1190 2561/1186
f 2541/1147 908/1145 2563/1191 3257/1190
f 3257/1190 2563/1191 956/1192 2564/1193
f 2561/1186 3257/1190 2564/1193 914/1188
f 714/1083 2548/1157 3258/1194 2544/1154
f 2548/1157 911/1161 2565/1195 3258/1194
f 3258/1194 2565/1195 957/1196 2566/1197
f 2544/1154 3258/1194 2566/1197 909/1155
f 915/1198 2567/1199 3259/1200 2570/1201
f 2567/1199 735/1202 2568/1203 3259/1200
f 3259/1200 2568/1203 916/1204 2569/1205
f 2570/1201 3259/1200 2569/1205 958/1206
f 958/1206 2569/1205 3260/1207 2573/1208
f 2569/1205 916/1204 2571/1209 3260/1207
f 3260/1207 2571/1209 736/1210 2572/1211
f 2573/1208 3260/1207 2572/1211 917/1212
f 720/816 2385/833 3261/1213 2576/1214
f 2385/833 865/830 2574/1215 3261/1213
f 3261/1213 2574/1215 959/1216 2575/1217
f 2576/1214 3261/1213 2575/1217 919/1218
f 865/830 2382/829 3262/1219 2574/1215
f 2382/829 1077/828 2577/1220 3262/1219
f 3262/1219 2577/1220 1102/1221 2578/1222
f 2574/1215 3262/1219 2578/1222 959/1216
f 959/1216 2578/1222 3263/1223 2581/1224
f 2578/1222 1102/1221 2579/1225 3263/1223
f 3263/1223 2579/1225 1081/1226 2580/1227
f 2581/1224 3263/1223 2580/1227 918/1228
f 919/1218 2575/1217 3264/1229 2583/1230
f 2575/1217 959/1216 2581/1224 3264/1229
f 3264/1229 2581/1224 918/1228 2582/1231
f 2583/1230 3264/1229 2582/1231 731/1232
f 721/801 2379/821 3265/1233 2586/1234
f 2379/821 864/818 2584/1235 3265/1233
f 3265/1233 2584/1235 960/1236 2585/1237
f 2586/1234 3265/1233 2585/1237 921/1238
f 864/818 2376/817 3266/1239 2584/1235
f 2376/817 720/816 2576/1214 3266/1239
f 3266/1239 2576/1214 919/1218 2587/1240
f 2584/1235 3266/1239 2587/1240 960/1236
f 960/1236 2587/1240 3267/1241 2589/1242
f 2587/1240 919/1218 2583/1230 3267/1241
f 3267/1241 2583/1230 731/1232 2588/1243
f 2589/1242 3267/1241 2588/1243 920/1244
f 921/1238 2585/1237 3268/1245 2591/1246
f 2585/1237 960/1236 2589/1242 3268/1245
f 3268/1245 2589/1242 920/1244 2590/1247
f 2591/1246 3268/1245 2590/1247 732/1248
f 722/809 2372/808 3269/1249 2594/1250
f 2372/808 861/803 2592/1251 3269/1249
f 3269/1249 2592/1251 961/1252 2593/1253
f 2594/1250 3269/1249 2593/1253 923/1254
f 861/803 2369/802 3270/1255 2592/1251
f 2369/802 721/801 2586/1234 3270/1255
f 3270/1255 2586/1234 921/1238 2595/1256
f 2592/1251 3270/1255 2595/1256 961/1252
f 961/1252 2595/1256 3271/1257 2597/1258
f 2595/1256 921/1238 2591/1246 3271/1257
f 3271/1257 2591/1246 732/1248 2596/1259
f 2597/1258 3271/1257 2596/1259 922/1260
f 923/1254 2593/1253 3272/1261 2599/1262
f 2593/1253 961/1252 2597/1258 3272/1261
f 3272/1261 2597/1258 922/1260 2598/1263
f 2599/1262 3272/1261 2598/1263 733/1264
f 738/1265 2600/1266 3273/1267 2603/1268
f 2600/1266 924/1269 2601/1270 3273/1267
f 3273/1267 2601/1270 962/1271 2602/1272
f 2603/1268 3273/1267 2602/1272 927/1273
f 924/1269 2604/1274 3274/1275 2601/1270
f 2604/1274 737/1276 2605/1277 3274/1275
f 3274/1275 2605/1277 925/1278 2606/1279
f 2601/1270 3274/1275 2606/1279 962/1271
f 962/1271 2606/1279 3275/1280 2609/1281
f 2606/1279 925/1278 2607/1282 3275/1280
f 3275/1280 2607/1282 739/1283 2608/1284
f 2609/1281 3275/1280 2608/1284 926/1285
f 927/1273 2602/1272 3276/1286 2611/1287
f 2602/1272 962/1271 2609/1281 3276/1286
f 3276/1286 2609/1281 926/1285 2610/1288
f 2611/1287 3276/1286 2610/1288 740/1289
f 735/1202 2612/1290 3277/1291 2568/1203
f 2612/1290 769/1292 2613/1293 3277/1291
f 3277/1291 2613/1293 963/1294 2614/1295
f 2568/1203 3277/1291 2614/1295 916/1204
f 769/1292 2615/1296 3278/1297 2613/1293
f 2615/1296 738/1265 2603/1268 3278/1297
f 3278/1297 2603/1268 927/1273 2616/1298
f 2613/1293 3278/1297 2616/1298 963/1294
f 963/1294 2616/1298 3279/1299 2618/1300
f 2616/1298 927/1273 2611/1287 3279/1299
f 3279/1299 2611/1287 740/1289 2617/1301
f 2618/1300 3279/1299 2617/1301 770/1302
f 916/1204 2614/1295 3280/1303 2571/1209
f 2614/1295 963/1294 2618/1300 3280/1303
f 3280/1303 2618/1300 770/1302 2619/1304
f 2571/1209 3280/1303 2619/1304 736/1210
f 964/1305 2620/1306 3281/1307 2622/1308
f 2620/1306 771/1309 2621/1310 3281/1307
f 3281/1307 2621/1310 725/758 2349/756
f 2622/1308 3281/1307 2349/756 853/751
f 772/1311 2623/1312 3282/1313 2624/1314
f 2623/1312 964/1305 2622/1308 3282/1313
f 3282/1313 2622/1308 853/751 2345/748
f 2624/1314 3282/1313 2345/748 724/747
f 745/1315 2625/1316 3283/1317 2628/1318
f 2625/1316 773/1319 2626/1320 3283/1317
f 3283/1317 2626/1320 965/1321 2627/1322
f 2628/1318 3283/1317 2627/1322 776/1323
f 773/1319 2629/1324 3284/1325 2626/1320
f 2629/1324 746/1326 2630/1327 3284/1325
f 3284/1325 2630/1327 774/1328 2631/1329
f 2626/1320 3284/1325 2631/1329 965/1321
f 965/1321 2631/1329 3285/1330 2634/1331
f 2631/1329 774/1328 2632/1332 3285/1330
f 3285/1330 2632/1332 747/1333 2633/1334
f 2634/1331 3285/1330 2633/1334 775/1335
f 776/1323 2627/1322 3286/1336 2636/1337
f 2627/1322 965/1321 2634/1331 3286/1336
f 3286/1336 2634/1331 775/1335 2635/1338
f 2636/1337 3286/1336 2635/1338 748/1339
f 966/1340 2637/1341 3287/1342 2639/1343
f 2637/1341 777/1344 2638/1345 3287/1342
f 3287/1342 2638/1345 728/783 2360/781
f 2639/1343 3287/1342 2360/781 857/776
f 771/1346 2640/1347 3288/1348 2621/1349
f 2640/1347 966/1340 2639/1343 3288/1348
f 3288/1348 2639/1343 857/776 2357/773
f 2621/1349 3288/1348 2357/773 725/772
f 862/1350 2373/1351 3289/1352 2643/1353
f 2373/1351 722/1354 2641/1355 3289/1352
f 3289/1352 2641/1355 778/1356 2642/1357
f 2643/1353 3289/1352 2642/1357 967/1358
f 967/1358 2642/1357 3290/1359 2645/1360
f 2642/1357 778/1356 2644/1361 3290/1359
f 3290/1359 2644/1361 729/790 2363/789
f 2645/1360 3290/1359 2363/789 858/785
f 777/1344 2646/1362 3291/1363 2638/1345
f 2646/1362 967/1358 2645/1360 3291/1363
f 3291/1363 2645/1360 858/785 2361/784
f 2638/1345 3291/1363 2361/784 728/783
f 749/1364 2647/1365 3292/1366 2650/1367
f 2647/1365 779/1368 2648/1369 3292/1366
f 3292/1366 2648/1369 968/1370 2649/1371
f 2650/1367 3292/1366 2649/1371 782/1372
f 779/1368 2651/1373 3293/1374 2648/1369
f 2651/1373 750/1375 2652/1376 3293/1374
f 3293/1374 2652/1376 780/1377 2653/1378
f 2648/1369 3293/1374 2653/1378 968/1370
f 968/1370 2653/1378 3294/1379 2656/1380
f 2653/1378 780/1377 2654/1381 3294/1379
f 3294/1379 2654/1381 751/1382 2655/1383
f 2656/1380 3294/1379 2655/1383 781/1384
f 782/1372 2649/1371 3295/1385 2658/1386
f 2649/1371 968/1370 2656/1380 3295/1385
f 3295/1385 2656/1380 781/1384 2657/1387
f 2658/1386 3295/1385 2657/1387 752/1388
f 969/1389 2659/1390 3296/1391 2660/1392
f 2659/1390 772/1311 2624/1314 3296/1391
f 3296/1391 2624/1314 724/747 2386/835
f 2660/1392 3296/1391 2386/835 866/834
f 753/1393 2661/1394 3297/1395 2664/1396
f 2661/1394 783/1397 2662/1398 3297/1395
f 3297/1395 2662/1398 970/1399 2663/1400
f 2664/1396 3297/1395 2663/1400 786/1401
f 783/1397 2665/1402 3298/1403 2662/1398
f 2665/1402 754/1404 2666/1405 3298/1403
f 3298/1403 2666/1405 784/1406 2667/1407
f 2662/1398 3298/1403 2667/1407 970/1399
f 970/1399 2667/1407 3299/1408 2670/1409
f 2667/1407 784/1406 2668/1410 3299/1408
f 3299/1408 2668/1410 755/1411 2669/1412
f 2670/1409 3299/1408 2669/1412 785/1413
f 786/1401 2663/1400 3300/1414 2672/1415
f 2663/1400 970/1399 2670/1409 3300/1414
f 3300/1414 2670/1409 785/1413 2671/1416
f 2672/1415 3300/1414 2671/1416 756/1417
f 787/1418 2673/1419 3301/1420 2676/1421
f 2673/1419 741/1422 2674/1423 3301/1420
f 3301/1420 2674/1423 788/1424 2675/1425
f 2676/1421 3301/1420 2675/1425 971/1426
f 971/1426 2675/1425 3302/1427 2679/1428
f 2675/1425 788/1424 2677/1429 3302/1427
f 3302/1427 2677/1429 742/1430 2678/1431
f 2679/1428 3302/1427 2678/1431 789/1432
f 731/1232 2582/1231 3303/1433 2682/1434
f 2582/1231 918/1228 2680/1435 3303/1433
f 3303/1433 2680/1435 972/1436 2681/1437
f 2682/1434 3303/1433 2681/1437 790/1438
f 918/1228 2580/1227 3304/1439 2680/1435
f 2580/1227 1081/1226 2683/1440 3304/1439
f 3304/1439 2683/1440 1105/1441 2684/1442
f 2680/1435 3304/1439 2684/1442 972/1436
f 972/1436 2684/1442 3305/1443 2686/1444
f 2684/1442 1105/1441 2685/1445 3305/1443
f 3305/1443 2685/1445 1068/942 2438/940
f 2686/1444 3305/1443 2438/940 882/936
f 790/1438 2681/1437 3306/1446 2687/1447
f 2681/1437 972/1436 2686/1444 3306/1446
f 3306/1446 2686/1444 882/936 2435/934
f 2687/1447 3306/1446 2435/934 703/922
f 732/1248 2590/1247 3307/1448 2690/1449
f 2590/1247 920/1244 2688/1450 3307/1448
f 3307/1448 2688/1450 973/1451 2689/1452
f 2690/1449 3307/1448 2689/1452 791/1453
f 920/1244 2588/1243 3308/1454 2688/1450
f 2588/1243 731/1232 2682/1434 3308/1454
f 3308/1454 2682/1434 790/1438 2691/1455
f 2688/1450 3308/1454 2691/1455 973/1451
f 973/1451 2691/1455 3309/1456 2692/1457
f 2691/1455 790/1438 2687/1447 3309/1456
f 3309/1456 2687/1447 703/922 2428/920
f 2692/1457 3309/1456 2428/920 879/916
f 791/1453 2689/1452 3310/1458 2693/1459
f 2689/1452 973/1451 2692/1457 3310/1458
f 3310/1458 2692/1457 879/916 2425/914
f 2693/1459 3310/1458 2425/914 702/902
f 733/1264 2598/1263 3311/1460 2696/1461
f 2598/1263 922/1260 2694/1462 3311/1460
f 3311/1460 2694/1462 974/1463 2695/1464
f 2696/1461 3311/1460 2695/1464 792/1465
f 922/1260 2596/1259 3312/1466 2694/1462
f 2596/1259 732/1248 2690/1449 3312/1466
f 3312/1466 2690/1449 791/1453 2697/1467
f 2694/1462 3312/1466 2697/1467 974/1463
f 974/1463 2697/1467 3313/1468 2698/1469
f 2697/1467 791/1453 2693/1459 3313/1468
f 3313/1468 2693/1459 702/902 2418/900
f 2698/1469 3313/1468 2418/900 876/896
f 792/1465 2695/1464 3314/1470 2699/1471
f 2695/1464 974/1463 2698/1469 3314/1470
f 3314/1470 2698/1469 876/896 2415/894
f 2699/1471 3314/1470 2415/894 701/880
f 734/1472 2700/1473 3315/1474 2703/1475
f 2700/1473 793/1476 2701/1477 3315/1474
f 3315/1474 2701/1477 975/1478 2702/1479
f 2703/1475 3315/1474 2702/1479 794/1480
f 793/1476 2704/1481 3316/1482 2701/1477
f 2704/1481 733/1264 2696/1461 3316/1482
f 3316/1482 2696/1461 792/1465 2705/1483
f 2701/1477 3316/1482 2705/1483 975/1478
f 975/1478 2705/1483 3317/1484 2706/1485
f 2705/1483 792/1465 2699/1471 3317/1484
f 3317/1484 2699/1471 701/880 2407/878
f 2706/1485 3317/1484 2407/878 872/873
f 794/1480 2702/1479 3318/1486 2707/1487
f 2702/1479 975/1478 2706/1485 3318/1486
f 3318/1486 2706/1485 872/873 2403/870
f 2707/1487 3318/1486 2403/870 700/869
f 741/1422 2708/1488 3319/1489 2674/1423
f 2708/1488 795/1490 2709/1491 3319/1489
f 3319/1489 2709/1491 976/1492 2710/1493
f 2674/1423 3319/1489 2710/1493 788/1424
f 795/1490 2711/1494 3320/1495 2709/1491
f 2711/1494 743/1496 2712/1497 3320/1495
f 3320/1495 2712/1497 796/1498 2713/1499
f 2709/1491 3320/1495 2713/1499 976/1492
f 976/1492 2713/1499 3321/1500 2716/1501
f 2713/1499 796/1498 2714/1502 3321/1500
f 3321/1500 2714/1502 744/1503 2715/1504
f 2716/1501 3321/1500 2715/1504 797/1505
f 788/1424 2710/1493 3322/1506 2677/1429
f 2710/1493 976/1492 2716/1501 3322/1506
f 3322/1506 2716/1501 797/1505 2717/1507
f 2677/1429 3322/1506 2717/1507 742/1430
f 798/1508 2718/1509 3323/1510 2721/1511
f 2718/1509 719/1512 2719/1513 3323/1510
f 3323/1510 2719/1513 799/1514 2720/1515
f 2721/1511 3323/1510 2720/1515 977/1516
f 977/1516 2720/1515 3324/1517 2723/1518
f 2720/1515 799/1514 2722/1519 3324/1517
f 3324/1517 2722/1519 735/1520 2567/1521
f 2723/1518 3324/1517 2567/1521 915/1522
f 730/1523 2724/1524 3325/1525 2727/1526
f 2724/1524 800/1527 2725/1528 3325/1525
f 3325/1525 2725/1528 978/1529 2726/1530
f 2727/1526 3325/1525 2726/1530 801/1531
f 800/1527 2728/1532 3326/1533 2725/1528
f 2728/1532 1080/1534 2729/1535 3326/1533
f 3326/1533 2729/1535 1107/1536 2730/1537
f 2725/1528 3326/1533 2730/1537 978/1529
f 978/1529 2730/1537 3327/1538 2733/1539
f 2730/1537 1107/1536 2731/1540 3327/1538
f 3327/1538 2731/1540 1083/1541 2732/1542
f 2733/1539 3327/1538 2732/1542 917/1212
f 801/1531 2726/1530 3328/1543 2734/1544
f 2726/1530 978/1529 2733/1539 3328/1543
f 3328/1543 2733/1539 917/1212 2572/1211
f 2734/1544 3328/1543 2572/1211 736/1210
f 723/1545 2735/1546 3329/1547 2738/1548
f 2735/1546 802/1549 2736/1550 3329/1547
f 3329/1547 2736/1550 979/1551 2737/1552
f 2738/1548 3329/1547 2737/1552 804/1553
f 802/1549 2739/1554 3330/1555 2736/1550
f 2739/1554 722/1354 2740/1556 3330/1555
f 3330/1555 2740/1556 803/1557 2741/1558
f 2736/1550 3330/1555 2741/1558 979/1551
f 979/1551 2741/1558 3331/1559 2743/1560
f 2741/1558 803/1557 2742/1561 3331/1559
f 3331/1559 2742/1561 737/1562 2604/1563
f 2743/1560 3331/1559 2604/1563 924/1564
f 804/1553 2737/1552 3332/1565 2744/1566
f 2737/1552 979/1551 2743/1560 3332/1565
f 3332/1565 2743/1560 924/1564 2600/1567
f 2744/1566 3332/1565 2600/1567 738/1568
f 722/809 2594/1250 3333/1569 2740/1570
f 2594/1250 923/1254 2745/1571 3333/1569
f 3333/1569 2745/1571 980/1572 2746/1573
f 2740/1570 3333/1569 2746/1573 803/1574
f 923/1254 2599/1262 3334/1575 2745/1571
f 2599/1262 733/1264 2747/1576 3334/1575
f 3334/1575 2747/1576 805/1577 2748/1578
f 2745/1571 3334/1575 2748/1578 980/1572
f 980/1572 2748/1578 3335/1579 2750/1580
f 2748/1578 805/1577 2749/1581 3335/1579
f 3335/1579 2749/1581 739/1283 2607/1282
f 2750/1580 3335/1579 2607/1282 925/1278
f 803/1574 2746/1573 3336/1582 2742/1583
f 2746/1573 980/1572 2750/1580 3336/1582
f 3336/1582 2750/1580 925/1278 2605/1277
f 2742/1583 3336/1582 2605/1277 737/1276
f 733/1264 2704/1481 3337/1584 2747/1576
f 2704/1481 793/1476 2751/1585 3337/1584
f 3337/1584 2751/1585 981/1586 2752/1587
f 2747/1576 3337/1584 2752/1587 805/1577
f 793/1476 2700/1473 3338/1588 2751/1585
f 2700/1473 734/1472 2753/1589 3338/1588
f 3338/1588 2753/1589 806/1590 2754/1591
f 2751/1585 3338/1588 2754/1591 981/1586
f 981/1586 2754/1591 3339/1592 2756/1593
f 2754/1591 806/1590 2755/1594 3339/1592
f 3339/1592 2755/1594 740/1289 2610/1288
f 2756/1593 3339/1592 2610/1288 926/1285
f 805/1577 2752/1587 3340/1595 2749/1581
f 2752/1587 981/1586 2756/1593 3340/1595
f 3340/1595 2756/1593 926/1285 2608/1284
f 2749/1581 3340/1595 2608/1284 739/1283
f 719/1512 2757/1596 3341/1597 2719/1513
f 2757/1596 807/1598 2758/1599 3341/1597
f 3341/1597 2758/1599 982/1600 2759/1601
f 2719/1513 3341/1597 2759/1601 799/1514
f 807/1598 2760/1602 3342/1603 2758/1599
f 2760/1602 723/1545 2738/1548 3342/1603
f 3342/1603 2738/1548 804/1553 2761/1604
f 2758/1599 3342/1603 2761/1604 982/1600
f 982/1600 2761/1604 3343/1605 2762/1606
f 2761/1604 804/1553 2744/1566 3343/1605
f 3343/1605 2744/1566 738/1568 2615/1607
f 2762/1606 3343/1605 2615/1607 769/1608
f 799/1514 2759/1601 3344/1609 2722/1519
f 2759/1601 982/1600 2762/1606 3344/1609
f 3344/1609 2762/1606 769/1608 2612/1610
f 2722/1519 3344/1609 2612/1610 735/1520
f 734/1472 2763/1611 3345/1612 2753/1589
f 2763/1611 808/1613 2764/1614 3345/1612
f 3345/1612 2764/1614 983/1615 2765/1616
f 2753/1589 3345/1612 2765/1616 806/1590
f 808/1613 2766/1617 3346/1618 2764/1614
f 2766/1617 730/1523 2727/1526 3346/1618
f 3346/1618 2727/1526 801/1531 2767/1619
f 2764/1614 3346/1618 2767/1619 983/1615
f 983/1615 2767/1619 3347/1620 2768/1621
f 2767/1619 801/1531 2734/1544 3347/1620
f 3347/1620 2734/1544 736/1210 2619/1304
f 2768/1621 3347/1620 2619/1304 770/1302
f 806/1590 2765/1616 3348/1622 2755/1594
f 2765/1616 983/1615 2768/1621 3348/1622
f 3348/1622 2768/1621 770/1302 2617/1301
f 2755/1594 3348/1622 2617/1301 740/1289
f 758/1623 2769/1624 3349/1625 2772/1626
f 2769/1624 809/1627 2770/1628 3349/1625
f 3349/1625 2770/1628 984/1629 2771/1630
f 2772/1626 3349/1625 2771/1630 812/1631
f 809/1627 2773/1632 3350/1633 2770/1628
f 2773/1632 757/1634 2774/1635 3350/1633
f 3350/1633 2774/1635 810/1636 2775/1637
f 2770/1628 3350/1633 2775/1637 984/1629
f 984/1629 2775/1637 3351/1638 2778/1639
f 2775/1637 810/1636 2776/1640 3351/1638
f 3351/1638 2776/1640 759/1641 2777/1642
f 2778/1639 3351/1638 2777/1642 811/1643
f 812/1631 2771/1630 3352/1644 2780/1645
f 2771/1630 984/1629 2778/1639 3352/1644
f 3352/1644 2778/1639 811/1643 2779/1646
f 2780/1645 3352/1644 2779/1646 760/1647
f 699/958 2445/955 3353/1648 2783/1649
f 2445/955 884/954 2781/1650 3353/1648
f 3353/1648 2781/1650 985/1651 2782/1652
f 2783/1649 3353/1648 2782/1652 813/1653
f 884/954 2784/1654 3354/1655 2781/1650
f 2784/1654 1069/1656 2785/1657 3354/1655
f 3354/1655 2785/1657 1108/1658 2786/1659
f 2781/1650 3354/1655 2786/1659 985/1651
f 985/1651 2786/1659 3355/1660 2789/1661
f 2786/1659 1108/1658 2787/1662 3355/1660
f 3355/1660 2787/1662 1085/1663 2788/1664
f 2789/1661 3355/1660 2788/1664 789/1432
f 813/1653 2782/1652 3356/1665 2790/1666
f 2782/1652 985/1651 2789/1661 3356/1665
f 3356/1665 2789/1661 789/1432 2678/1431
f 2790/1666 3356/1665 2678/1431 742/1430
f 762/1667 2791/1668 3357/1669 2794/1670
f 2791/1668 814/1671 2792/1672 3357/1669
f 3357/1669 2792/1672 986/1673 2793/1674
f 2794/1670 3357/1669 2793/1674 817/1675
f 814/1671 2795/1676 3358/1677 2792/1672
f 2795/1676 761/1678 2796/1679 3358/1677
f 3358/1677 2796/1679 815/1680 2797/1681
f 2792/1672 3358/1677 2797/1681 986/1673
f 986/1673 2797/1681 3359/1682 2800/1683
f 2797/1681 815/1680 2798/1684 3359/1682
f 3359/1682 2798/1684 763/1685 2799/1686
f 2800/1683 3359/1682 2799/1686 816/1687
f 817/1675 2793/1674 3360/1688 2802/1689
f 2793/1674 986/1673 2800/1683 3360/1688
f 3360/1688 2800/1683 816/1687 2801/1690
f 2802/1689 3360/1688 2801/1690 764/1691
f 734/1472 2703/1475 3361/1692 2805/1693
f 2703/1475 794/1480 2803/1694 3361/1692
f 3361/1692 2803/1694 987/1695 2804/1696
f 2805/1693 3361/1692 2804/1696 819/1697
f 794/1480 2707/1487 3362/1698 2803/1694
f 2707/1487 700/869 2806/1699 3362/1698
f 3362/1698 2806/1699 818/1700 2807/1701
f 2803/1694 3362/1698 2807/1701 987/1695
f 987/1695 2807/1701 3363/1702 2809/1703
f 2807/1701 818/1700 2808/1704 3363/1702
f 3363/1702 2808/1704 744/1503 2714/1502
f 2809/1703 3363/1702 2714/1502 796/1498
f 819/1697 2804/1696 3364/1705 2810/1706
f 2804/1696 987/1695 2809/1703 3364/1705
f 3364/1705 2809/1703 796/1498 2712/1497
f 2810/1706 3364/1705 2712/1497 743/1496
f 700/869 2811/1707 3365/1708 2806/1699
f 2811/1707 820/1709 2812/1710 3365/1708
f 3365/1708 2812/1710 988/1711 2813/1712
f 2806/1699 3365/1708 2813/1712 818/1700
f 820/1709 2814/1713 3366/1714 2812/1710
f 2814/1713 699/958 2783/1649 3366/1714
f 3366/1714 2783/1649 813/1653 2815/1715
f 2812/1710 3366/1714 2815/1715 988/1711
f 988/1711 2815/1715 3367/1716 2816/1717
f 2815/1715 813/1653 2790/1666 3367/1716
f 3367/1716 2790/1666 742/1430 2717/1507
f 2816/1717 3367/1716 2717/1507 797/1505
f 818/1700 2813/1712 3368/1718 2808/1704
f 2813/1712 988/1711 2816/1717 3368/1718
f 3368/1718 2816/1717 797/1505 2715/1504
f 2808/1704 3368/1718 2715/1504 744/1503
f 723/1545 2760/1602 3369/1719 2819/1720
f 2760/1602 807/1598 2817/1721 3369/1719
f 3369/1719 2817/1721 989/1722 2818/1723
f 2819/1720 3369/1719 2818/1723 822/1724
f 807/1598 2757/1596 3370/1725 2817/1721
f 2757/1596 719/1512 2820/1726 3370/1725
f 3370/1725 2820/1726 821/1727 2821/1728
f 2817/1721 3370/1725 2821/1728 989/1722
f 989/1722 2821/1728 3371/1729 2823/1730
f 2821/1728 821/1727 2822/1731 3371/1729
f 3371/1729 2822/1731 746/1326 2629/1324
f 2823/1730 3371/1729 2629/1324 773/1319
f 822/1724 2818/1723 3372/1732 2824/1733
f 2818/1723 989/1722 2823/1730 3372/1732
f 3372/1732 2823/1730 773/1319 2625/1316
f 2824/1733 3372/1732 2625/1316 745/1315
f 719/1512 2825/1734 3373/1735 2820/1726
f 2825/1734 823/1736 2826/1737 3373/1735
f 3373/1735 2826/1737 990/1738 2827/1739
f 2820/1726 3373/1735 2827/1739 821/1727
f 823/1736 2828/1740 3374/1741 2826/1737
f 2828/1740 727/771 2829/1742 3374/1741
f 3374/1741 2829/1742 824/1743 2830/1744
f 2826/1737 3374/1741 2830/1744 990/1738
f 990/1738 2830/1744 3375/1745 2832/1746
f 2830/1744 824/1743 2831/1747 3375/1745
f 3375/1745 2831/1747 747/1333 2632/1332
f 2832/1746 3375/1745 2632/1332 774/1328
f 821/1727 2827/1739 3376/1748 2822/1731
f 2827/1739 990/1738 2832/1746 3376/1748
f 3376/1748 2832/1746 774/1328 2630/1327
f 2822/1731 3376/1748 2630/1327 746/1326
f 727/771 2355/770 3377/1749 2829/1742
f 2355/770 855/767 2833/1750 3377/1749
f 3377/1749 2833/1750 991/1751 2834/1752
f 2829/1742 3377/1749 2834/1752 824/1743
f 855/767 2353/766 3378/1753 2833/1750
f 2353/766 726/765 2835/1754 3378/1753
f 3378/1753 2835/1754 825/1755 2836/1756
f 2833/1750 3378/1753 2836/1756 991/1751
f 991/1751 2836/1756 3379/1757 2838/1758
f 2836/1756 825/1755 2837/1759 3379/1757
f 3379/1757 2837/1759 748/1339 2635/1338
f 2838/1758 3379/1757 2635/1338 775/1335
f 824/1743 2834/1752 3380/1760 2831/1747
f 2834/1752 991/1751 2838/1758 3380/1760
f 3380/1760 2838/1758 775/1335 2633/1334
f 2831/1747 3380/1760 2633/1334 747/1333
f 726/765 2839/1761 3381/1762 2835/1754
f 2839/1761 826/1763 2840/1764 3381/1762
f 3381/1762 2840/1764 992/1765 2841/1766
f 2835/1754 3381/1762 2841/1766 825/1755
f 826/1763 2842/1767 3382/1768 2840/1764
f 2842/1767 723/1545 2819/1720 3382/1768
f 3382/1768 2819/1720 822/1724 2843/1769
f 2840/1764 3382/1768 2843/1769 992/1765
f 992/1765 2843/1769 3383/1770 2844/1771
f 2843/1769 822/1724 2824/1733 3383/1770
f 3383/1770 2824/1733 745/1315 2628/1318
f 2844/1771 3383/1770 2628/1318 776/1323
f 825/1755 2841/1766 3384/1772 2837/1759
f 2841/1766 992/1765 2844/1771 3384/1772
f 3384/1772 2844/1771 776/1323 2636/1337
f 2837/1759 3384/1772 2636/1337 748/1339
f 722/1354 2739/1554 3385/1773 2847/1774
f 2739/1554 802/1549 2845/1775 3385/1773
f 3385/1773 2845/1775 993/1776 2846/1777
f 2847/1774 3385/1773 2846/1777 828/1778
f 802/1549 2735/1546 3386/1779 2845/1775
f 2735/1546 723/1545 2848/1780 3386/1779
f 3386/1779 2848/1780 827/1781 2849/1782
f 2845/1775 3386/1779 2849/1782 993/1776
f 993/1776 2849/1782 3387/1783 2851/1784
f 2849/1782 827/1781 2850/1785 3387/1783
f 3387/1783 2850/1785 750/1375 2651/1373
f 2851/1784 3387/1783 2651/1373 779/1368
f 828/1778 2846/1777 3388/1786 2852/1787
f 2846/1777 993/1776 2851/1784 3388/1786
f 3388/1786 2851/1784 779/1368 2647/1365
f 2852/1787 3388/1786 2647/1365 749/1364
f 723/1545 2842/1767 3389/1788 2848/1780
f 2842/1767 826/1763 2853/1789 3389/1788
f 3389/1788 2853/1789 994/1790 2854/1791
f 2848/1780 3389/1788 2854/1791 827/1781
f 826/1763 2839/1761 3390/1792 2853/1789
f 2839/1761 726/765 2855/1793 3390/1792
f 3390/1792 2855/1793 829/1794 2856/1795
f 2853/1789 3390/1792 2856/1795 994/1790
f 994/1790 2856/1795 3391/1796 2858/1797
f 2856/1795 829/1794 2857/1798 3391/1796
f 3391/1796 2857/1798 751/1382 2654/1381
f 2858/1797 3391/1796 2654/1381 780/1377
f 827/1781 2854/1791 3392/1799 2850/1785
f 2854/1791 994/1790 2858/1797 3392/1799
f 3392/1799 2858/1797 780/1377 2652/1376
f 2850/1785 3392/1799 2652/1376 750/1375
f 726/765 2366/794 3393/1800 2855/1793
f 2366/794 859/792 2859/1801 3393/1800
f 3393/1800 2859/1801 995/1802 2860/1803
f 2855/1793 3393/1800 2860/1803 829/1794
f 859/792 2364/791 3394/1804 2859/1801
f 2364/791 729/790 2861/1805 3394/1804
f 3394/1804 2861/1805 830/1806 2862/1807
f 2859/1801 3394/1804 2862/1807 995/1802
f 995/1802 2862/1807 3395/1808 2864/1809
f 2862/1807 830/1806 2863/1810 3395/1808
f 3395/1808 2863/1810 752/1388 2657/1387
f 2864/1809 3395/1808 2657/1387 781/1384
f 829/1794 2860/1803 3396/1811 2857/1798
f 2860/1803 995/1802 2864/1809 3396/1811
f 3396/1811 2864/1809 781/1384 2655/1383
f 2857/1798 3396/1811 2655/1383 751/1382
f 729/790 2644/1361 3397/1812 2861/1805
f 2644/1361 778/1356 2865/1813 3397/1812
f 3397/1812 2865/1813 996/1814 2866/1815
f 2861/1805 3397/1812 2866/1815 830/1806
f 778/1356 2641/1355 3398/1816 2865/1813
f 2641/1355 722/1354 2847/1774 3398/1816
f 3398/1816 2847/1774 828/1778 2867/1817
f 2865/1813 3398/1816 2867/1817 996/1814
f 996/1814 2867/1817 3399/1818 2868/1819
f 2867/1817 828/1778 2852/1787 3399/1818
f 3399/1818 2852/1787 749/1364 2650/1367
f 2868/1819 3399/1818 2650/1367 782/1372
f 830/1806 2866/1815 3400/1820 2863/1810
f 2866/1815 996/1814 2868/1819 3400/1820
f 3400/1820 2868/1819 782/1372 2658/1386
f 2863/1810 3400/1820 2658/1386 752/1388
f 719/1512 2718/1509 3401/1821 2871/1822
f 2718/1509 798/1508 2869/1823 3401/1821
f 3401/1821 2869/1823 997/1824 2870/1825
f 2871/1822 3401/1821 2870/1825 832/1826
f 798/1508 2872/1827 3402/1828 2869/1823
f 2872/1827 1076/1829 2873/1830 3402/1828
f 3402/1828 2873/1830 831/1831 2874/1832
f 2869/1823 3402/1828 2874/1832 997/1824
f 997/1824 2874/1832 3403/1833 2876/1834
f 2874/1832 831/1831 2875/1835 3403/1833
f 3403/1833 2875/1835 754/1404 2665/1402
f 2876/1834 3403/1833 2665/1402 783/1397
f 832/1826 2870/1825 3404/1836 2877/1837
f 2870/1825 997/1824 2876/1834 3404/1836
f 3404/1836 2876/1834 783/1397 2661/1394
f 2877/1837 3404/1836 2661/1394 753/1393
f 998/1838 2878/1839 3405/1840 2880/1841
f 2878/1839 833/1842 2879/1843 3405/1840
f 3405/1840 2879/1843 755/1411 2668/1410
f 2880/1841 3405/1840 2668/1410 784/1406
f 831/1831 2881/1844 3406/1845 2875/1835
f 2881/1844 998/1838 2880/1841 3406/1845
f 3406/1845 2880/1841 784/1406 2666/1405
f 2875/1835 3406/1845 2666/1405 754/1404
f 867/843 2389/842 3407/1846 2884/1847
f 2389/842 727/771 2882/1848 3407/1846
f 3407/1846 2882/1848 834/1849 2883/1850
f 2884/1847 3407/1846 2883/1850 999/1851
f 999/1851 2883/1850 3408/1852 2886/1853
f 2883/1850 834/1849 2885/1854 3408/1852
f 3408/1852 2885/1854 756/1417 2671/1416
f 2886/1853 3408/1852 2671/1416 785/1413
f 833/1842 2887/1855 3409/1856 2879/1843
f 2887/1855 999/1851 2886/1853 3409/1856
f 3409/1856 2886/1853 785/1413 2669/1412
f 2879/1843 3409/1856 2669/1412 755/1411
f 727/771 2828/1740 3410/1857 2882/1848
f 2828/1740 823/1736 2888/1858 3410/1857
f 3410/1857 2888/1858 1000/1859 2889/1860
f 2882/1848 3410/1857 2889/1860 834/1849
f 823/1736 2825/1734 3411/1861 2888/1858
f 2825/1734 719/1512 2871/1822 3411/1861
f 3411/1861 2871/1822 832/1826 2890/1862
f 2888/1858 3411/1861 2890/1862 1000/1859
f 1000/1859 2890/1862 3412/1863 2891/1864
f 2890/1862 832/1826 2877/1837 3412/1863
f 3412/1863 2877/1837 753/1393 2664/1396
f 2891/1864 3412/1863 2664/1396 786/1401
f 834/1849 2889/1860 3413/1865 2885/1854
f 2889/1860 1000/1859 2891/1864 3413/1865
f 3413/1865 2891/1864 786/1401 2672/1415
f 2885/1854 3413/1865 2672/1415 756/1417
f 800/1527 2724/1524 3414/1866 2894/1867
f 2724/1524 730/1523 2892/1868 3414/1866
f 3414/1866 2892/1868 835/1869 2893/1870
f 2894/1867 3414/1866 2893/1870 1001/1871
f 1001/1871 2893/1870 3415/1872 2896/1873
f 2893/1870 835/1869 2895/1874 3415/1872
f 3415/1872 2895/1874 757/1634 2773/1632
f 2896/1873 3415/1872 2773/1632 809/1627
f 836/1875 2897/1876 3416/1877 2898/1878
f 2897/1876 1001/1871 2896/1873 3416/1877
f 3416/1877 2896/1873 809/1627 2769/1624
f 2898/1878 3416/1877 2769/1624 758/1623
f 730/1523 2899/1879 3417/1880 2892/1868
f 2899/1879 837/1881 2900/1882 3417/1880
f 3417/1880 2900/1882 1002/1883 2901/1884
f 2892/1868 3417/1880 2901/1884 835/1869
f 837/1881 2902/1885 3418/1886 2900/1882
f 2902/1885 741/1422 2903/1887 3418/1886
f 3418/1886 2903/1887 838/1888 2904/1889
f 2900/1882 3418/1886 2904/1889 1002/1883
f 1002/1883 2904/1889 3419/1890 2906/1891
f 2904/1889 838/1888 2905/1892 3419/1890
f 3419/1890 2905/1892 759/1641 2776/1640
f 2906/1891 3419/1890 2776/1640 810/1636
f 835/1869 2901/1884 3420/1893 2895/1874
f 2901/1884 1002/1883 2906/1891 3420/1893
f 3420/1893 2906/1891 810/1636 2774/1635
f 2895/1874 3420/1893 2774/1635 757/1634
f 741/1422 2673/1419 3421/1894 2903/1887
f 2673/1419 787/1418 2907/1895 3421/1894
f 3421/1894 2907/1895 1003/1896 2908/1897
f 2903/1887 3421/1894 2908/1897 838/1888
f 787/1418 2909/1898 3422/1899 2907/1895
f 2909/1898 1084/1900 2910/1901 3422/1899
f 3422/1899 2910/1901 839/1902 2911/1903
f 2907/1895 3422/1899 2911/1903 1003/1896
f 1003/1896 2911/1903 3423/1904 2913/1905
f 2911/1903 839/1902 2912/1906 3423/1904
f 3423/1904 2912/1906 760/1647 2779/1646
f 2913/1905 3423/1904 2779/1646 811/1643
f 838/1888 2908/1897 3424/1907 2905/1892
f 2908/1897 1003/1896 2913/1905 3424/1907
f 3424/1907 2913/1905 811/1643 2777/1642
f 2905/1892 3424/1907 2777/1642 759/1641
f 1004/1908 2914/1909 3425/1910 2915/1911
f 2914/1909 836/1875 2898/1878 3425/1910
f 3425/1910 2898/1878 758/1623 2772/1626
f 2915/1911 3425/1910 2772/1626 812/1631
f 839/1902 2916/1912 3426/1913 2912/1906
f 2916/1912 1004/1908 2915/1911 3426/1913
f 3426/1913 2915/1911 812/1631 2780/1645
f 2912/1906 3426/1913 2780/1645 760/1647
f 730/1523 2766/1617 3427/1914 2919/1915
f 2766/1617 808/1613 2917/1916 3427/1914
f 3427/1914 2917/1916 1005/1917 2918/1918
f 2919/1915 3427/1914 2918/1918 841/1919
f 808/1613 2763/1611 3428/1920 2917/1916
f 2763/1611 734/1472 2920/1921 3428/1920
f 3428/1920 2920/1921 840/1922 2921/1923
f 2917/1916 3428/1920 2921/1923 1005/1917
f 1005/1917 2921/1923 3429/1924 2923/1925
f 2921/1923 840/1922 2922/1926 3429/1924
f 3429/1924 2922/1926 761/1678 2795/1676
f 2923/1925 3429/1924 2795/1676 814/1671
f 841/1919 2918/1918 3430/1927 2924/1928
f 2918/1918 1005/1917 2923/1925 3430/1927
f 3430/1927 2923/1925 814/1671 2791/1668
f 2924/1928 3430/1927 2791/1668 762/1667
f 734/1472 2805/1693 3431/1929 2920/1921
f 2805/1693 819/1697 2925/1930 3431/1929
f 3431/1929 2925/1930 1006/1931 2926/1932
f 2920/1921 3431/1929 2926/1932 840/1922
f 819/1697 2810/1706 3432/1933 2925/1930
f 2810/1706 743/1496 2927/1934 3432/1933
f 3432/1933 2927/1934 842/1935 2928/1936
f 2925/1930 3432/1933 2928/1936 1006/1931
f 1006/1931 2928/1936 3433/1937 2930/1938
f 2928/1936 842/1935 2929/1939 3433/1937
f 3433/1937 2929/1939 763/1685 2798/1684
f 2930/1938 3433/1937 2798/1684 815/1680
f 840/1922 2926/1932 3434/1940 2922/1926
f 2926/1932 1006/1931 2930/1938 3434/1940
f 3434/1940 2930/1938 815/1680 2796/1679
f 2922/1926 3434/1940 2796/1679 761/1678
f 743/1496 2711/1494 3435/1941 2927/1934
f 2711/1494 795/1490 2931/1942 3435/1941
f 3435/1941 2931/1942 1007/1943 2932/1944
f 2927/1934 3435/1941 2932/1944 842/1935
f 795/1490 2708/1488 3436/1945 2931/1942
f 2708/1488 741/1422 2933/1946 3436/1945
f 3436/1945 2933/1946 843/1947 2934/1948
f 2931/1942 3436/1945 2934/1948 1007/1943
f 1007/1943 2934/1948 3437/1949 2936/1950
f 2934/1948 843/1947 2935/1951 3437/1949
f 3437/1949 2935/1951 764/1691 2801/1690
f 2936/1950 3437/1949 2801/1690 816/1687
f 842/1935 2932/1944 3438/1952 2929/1939
f 2932/1944 1007/1943 2936/1950 3438/1952
f 3438/1952 2936/1950 816/1687 2799/1686
f 2929/1939 3438/1952 2799/1686 763/1685
f 741/1422 2902/1885 3439/1953 2933/1946
f 2902/1885 837/1881 2937/1954 3439/1953
f 3439/1953 2937/1954 1008/1955 2938/1956
f 2933/1946 3439/1953 2938/1956 843/1947
f 837/1881 2899/1879 3440/1957 2937/1954
f 2899/1879 730/1523 2919/1915 3440/1957
f 3440/1957 2919/1915 841/1919 2939/1958
f 2937/1954 3440/1957 2939/1958 1008/1955
f 1008/1955 2939/1958 3441/1959 2940/1960
f 2939/1958 841/1919 2924/1928 3441/1959
f 3441/1959 2924/1928 762/1667 2794/1670
f 2940/1960 3441/1959 2794/1670 817/1675
f 843/1947 2938/1956 3442/1961 2935/1951
f 2938/1956 1008/1955 2940/1960 3442/1961
f 3442/1961 2940/1960 817/1675 2802/1689
f 2935/1951 3442/1961 2802/1689 764/1691
f 699/958 2814/1713 3443/1962 2943/1963
f 2814/1713 820/1709 2941/1964 3443/1962
f 3443/1962 2941/1964 1009/1965 2942/1966
f 2943/1963 3443/1962 2942/1966 845/1967
f 820/1709 2811/1707 3444/1968 2941/1964
f 2811/1707 700/869 2944/1969 3444/1968
f 3444/1968 2944/1969 844/1970 2945/1971
f 2941/1964 3444/1968 2945/1971 1009/1965
f 1009/1965 2945/1971 3445/1972 2947/1973
f 2945/1971 844/1970 2946/1974 3445/1972
f 3445/1972 2946/1974 766/855 2395/853
f 2947/1973 3445/1972 2395/853 868/848
f 845/1967 2942/1966 3446/1975 2948/1976
f 2942/1966 1009/1965 2947/1973 3446/1975
f 3446/1975 2947/1973 868/848 2391/845
f 2948/1976 3446/1975 2391/845 765/844
f 700/869 2406/872 3447/1977 2944/1969
f 2406/872 875/877 2949/1978 3447/1977
f 3447/1977 2949/1978 1010/1979 2950/1980
f 2944/1969 3447/1977 2950/1980 844/1970
f 875/877 2414/891 3448/1981 2949/1978
f 2414/891 705/893 2951/1982 3448/1981
f 3448/1981 2951/1982 846/1983 2952/1984
f 2949/1978 3448/1981 2952/1984 1010/1979
f 1010/1979 2952/1984 3449/1985 2954/1986
f 2952/1984 846/1983 2953/1987 3449/1985
f 3449/1985 2953/1987 767/862 2398/861
f 2954/1986 3449/1985 2398/861 869/857
f 844/1970 2950/1980 3450/1988 2946/1974
f 2950/1980 1010/1979 2954/1986 3450/1988
f 3450/1988 2954/1986 869/857 2396/856
f 2946/1974 3450/1988 2396/856 766/855
f 705/893 2456/977 3451/1989 2951/1982
f 2456/977 887/972 2955/1990 3451/1989
f 3451/1989 2955/1990 1011/1991 2956/1992
f 2951/1982 3451/1989 2956/1992 846/1983
f 887/972 2452/969 3452/1993 2955/1990
f 2452/969 704/966 2957/1994 3452/1993
f 3452/1993 2957/1994 847/1995 2958/1996
f 2955/1990 3452/1993 2958/1996 1011/1991
f 1011/1991 2958/1996 3453/1997 2960/1998
f 2958/1996 847/1995 2959/1999 3453/1997
f 3453/1997 2959/1999 768/868 2401/867
f 2960/1998 3453/1997 2401/867 870/864
f 846/1983 2956/1992 3454/2000 2953/1987
f 2956/1992 1011/1991 2960/1998 3454/2000
f 3454/2000 2960/1998 870/864 2399/863
f 2953/1987 3454/2000 2399/863 767/862
f 704/966 2449/965 3455/2001 2957/1994
f 2449/965 885/960 2961/2002 3455/2001
f 3455/2001 2961/2002 1012/2003 2962/2004
f 2957/1994 3455/2001 2962/2004 847/1995
f 885/960 2446/959 3456/2005 2961/2002
f 2446/959 699/958 2943/1963 3456/2005
f 3456/2005 2943/1963 845/1967 2963/2006
f 2961/2002 3456/2005 2963/2006 1012/2003
f 1012/2003 2963/2006 3457/2007 2964/2008
f 2963/2006 845/1967 2948/1976 3457/2007
f 3457/2007 2948/1976 765/844 2394/847
f 2964/2008 3457/2007 2394/847 871/852
f 847/1995 2962/2004 3458/2009 2959/1999
f 2962/2004 1012/2003 2964/2008 3458/2009
f 3458/2009 2964/2008 871/852 2402/866
f 2959/1999 3458/2009 2402/866 768/868
f 850/2010 2965/2011 3459/2012 2968/2013
f 2965/2011 1086/2014 2966/2015 3459/2012
f 3459/2012 2966/2015 1112/2016 2967/2017
f 2968/2013 3459/2012 2967/2017 1013/2018
f 1013/2018 2967/2017 3460/2019 2971/2020
f 2967/2017 1112/2016 2969/2021 3460/2019
f 3460/2019 2969/2021 1088/2022 2970/2023
f 2971/2020 3460/2019 2970/2023 848/2024
f 851/2025 2972/2026 3461/2027 2975/2028
f 2972/2026 1089/2029 2973/2030 3461/2027
f 3461/2027 2973/2030 1113/2031 2974/2032
f 2975/2028 3461/2027 2974/2032 1014/2033
f 1014/2033 2974/2032 3462/2034 2977/2035
f 2974/2032 1113/2031 2976/2036 3462/2034
f 3462/2034 2976/2036 1086/2014 2965/2011
f 2977/2035 3462/2034 2965/2011 850/2010
f 852/2037 2978/2038 3463/2039 2981/2040
f 2978/2038 1090/2041 2979/2042 3463/2039
f 3463/2039 2979/2042 1114/2043 2980/2044
f 2981/2040 3463/2039 2980/2044 1015/2045
f 1015/2045 2980/2044 3464/2046 2983/2047
f 2980/2044 1114/2043 2982/2048 3464/2046
f 3464/2046 2982/2048 1089/2029 2972/2026
f 2983/2047 3464/2046 2972/2026 851/2025
f 1016/2049 2984/2050 3465/2051 2987/2052
f 2984/2050 849/2053 2985/2054 3465/2051
f 3465/2051 2985/2054 1087/2055 2986/2056
f 2987/2052 3465/2051 2986/2056 1115/2057
f 852/2037 2988/2058 3466/2059 2978/2038
f 2988/2058 1016/2049 2987/2052 3466/2059
f 3466/2059 2987/2052 1115/2057 2989/2060
f 2978/2038 3466/2059 2989/2060 1090/2041
f 1017/2061 2990/2062 3467/2063 2992/2064
f 2990/2062 1116/2065 2991/2066 3467/2063
f 3467/2063 2991/2066 1091/826 2380/823
f 2992/2064 3467/2063 2380/823 932/822
f 1020/2067 2993/2068 3468/2069 2995/2070
f 2993/2068 1019/2071 2994/2072 3468/2069
f 3468/2069 2994/2072 931/810 2378/819
f 2995/2070 3468/2069 2378/819 860/799
f 1021/2073 2996/2074 3469/2075 2997/2076
f 2996/2074 1020/2067 2995/2070 3469/2075
f 3469/2075 2995/2070 860/799 2367/796
f 2997/2076 3469/2075 2367/796 930/795
f 1022/2077 2998/2078 3470/2079 2999/2080
f 2998/2078 1021/2073 2997/2076 3470/2079
f 3470/2079 2997/2076 930/795 2371/805
f 2999/2080 3470/2079 2371/805 862/804
f 1024/2081 3000/2082 3471/2083 3002/2084
f 3000/2082 1023/2085 3001/2086 3471/2083
f 3471/2083 3001/2086 777/1344 2637/1341
f 3002/2084 3471/2083 2637/1341 966/1340
f 1025/2087 3003/2088 3472/2089 3004/2090
f 3003/2088 1024/2081 3002/2084 3472/2089
f 3472/2089 3002/2084 966/1340 2640/1347
f 3004/2090 3472/2089 2640/1347 771/1346
f 1026/2091 3005/2092 3473/2093 3006/2094
f 3005/2092 1025/2095 3004/2096 3473/2093
f 3473/2093 3004/2096 771/1309 2620/1306
f 3006/2094 3473/2093 2620/1306 964/1305
f 1027/2097 3007/2098 3474/2099 3008/2100
f 3007/2098 1026/2091 3006/2094 3474/2099
f 3474/2099 3006/2094 964/1305 2623/1312
f 3008/2100 3474/2099 2623/1312 772/1311
f 1028/2101 3009/2102 3475/2103 3010/2104
f 3009/2102 1027/2097 3008/2100 3475/2103
f 3475/2103 3008/2100 772/1311 2659/1390
f 3010/2104 3475/2103 2659/1390 969/1389
f 1041/2105 3011/2106 3476/2107 3013/2108
f 3011/2106 1044/2109 3012/2110 3476/2107
f 3476/2107 3012/2110 1021/2073 2998/2078
f 3013/2108 3476/2107 2998/2078 1022/2077
f 1044/2109 3014/2111 3477/2112 3012/2110
f 3014/2111 1047/2113 3015/2114 3477/2112
f 3477/2112 3015/2114 1020/2067 2996/2074
f 3012/2110 3477/2112 2996/2074 1021/2073
f 1047/2113 3016/2115 3478/2116 3015/2114
f 3016/2115 1050/2117 3017/2118 3478/2116
f 3478/2116 3017/2118 1019/2071 2993/2068
f 3015/2114 3478/2116 2993/2068 1020/2067
f 1055/2119 3018/2120 3479/2121 3020/2122
f 3018/2120 1118/2123 3019/2124 3479/2121
f 3479/2121 3019/2124 1116/2065 2990/2062
f 3020/2122 3479/2121 2990/2062 1017/2061
f 1029/2125 3021/2126 3480/2127 3024/2128
f 3021/2126 1032/2129 3022/2130 3480/2127
f 3480/2127 3022/2130 1512/2131 3023/2132
f 3024/2128 3480/2127 3023/2132 1513/2133
f 1032/2129 3025/2134 3481/2135 3022/2130
f 3025/2134 1035/2136 3026/2137 3481/2135
f 3481/2135 3026/2137 1511/2138 3027/2139
f 3022/2130 3481/2135 3027/2139 1512/2131
f 1035/2136 3028/2140 3482/2141 3026/2137
f 3028/2140 1038/2142 3029/2143 3482/2141
f 3482/2141 3029/2143 1510/2144 3030/2145
f 3026/2137 3482/2141 3030/2145 1511/2138
f 1038/2142 3031/2146 3483/2147 3029/2143
f 3031/2146 1041/2105 3032/2148 3483/2147
f 3483/2147 3032/2148 1509/2149 3033/2150
f 3029/2143 3483/2147 3033/2150 1510/2144
f 1041/2105 3013/2108 3484/2151 3032/2148
f 3013/2108 1022/2077 3034/2152 3484/2151
f 3484/2151 3034/2152 1508/2153 3035/2154
f 3032/2148 3484/2151 3035/2154 1509/2149
f 1058/2155 3036/2156 3485/2157 3038/2158
f 3036/2156 1029/2125 3024/2128 3485/2157
f 3485/2157 3024/2128 1513/2133 3037/2159
f 3038/2158 3485/2157 3037/2159 1514/2160
f 1054/2161 3039/2162 3486/2163 3042/2164
f 3039/2162 848/2024 3040/2165 3486/2163
f 3486/2163 3040/2165 1507/2166 3041/2167
f 3042/2164 3486/2163 3041/2167 1057/2168
f 1049/2169 3043/2170 3487/2171 3045/2172
f 3043/2170 850/2010 2968/2013 3487/2171
f 3487/2171 2968/2013 1013/2018 3044/2173
f 3045/2172 3487/2171 3044/2173 1052/2174
f 1052/2174 3044/2173 3488/2175 3046/2176
f 3044/2173 1013/2018 2971/2020 3488/2175
f 3488/2175 2971/2020 848/2024 3039/2162
f 3046/2176 3488/2175 3039/2162 1054/2161
f 1043/2177 3047/2178 3489/2179 3049/2180
f 3047/2178 851/2025 2975/2028 3489/2179
f 3489/2179 2975/2028 1014/2033 3048/2181
f 3049/2180 3489/2179 3048/2181 1046/2182
f 1046/2182 3048/2181 3490/2183 3050/2184
f 3048/2181 1014/2033 2977/2035 3490/2183
f 3490/2183 2977/2035 850/2010 3043/2170
f 3050/2184 3490/2183 3043/2170 1049/2169
f 1037/2185 3051/2186 3491/2187 3053/2188
f 3051/2186 852/2037 2981/2040 3491/2187
f 3491/2187 2981/2040 1015/2045 3052/2189
f 3053/2188 3491/2187 3052/2189 1040/2190
f 1040/2190 3052/2189 3492/2191 3054/2192
f 3052/2189 1015/2045 2983/2047 3492/2191
f 3492/2191 2983/2047 851/2025 3047/2178
f 3054/2192 3492/2191 3047/2178 1043/2177
f 1037/2185 3055/2193 3493/2194 3051/2186
f 3055/2193 1034/2195 3056/2196 3493/2194
f 3493/2194 3056/2196 1016/2049 2988/2058
f 3051/2186 3493/2194 2988/2058 852/2037
f 1034/2195 3057/2197 3494/2198 3056/2196
f 3057/2197 1031/2199 3058/2200 3494/2198
f 3494/2198 3058/2200 849/2053 2984/2050
f 3056/2196 3494/2198 2984/2050 1016/2049
f 1029/2125 3059/2201 3495/2202 3021/2126
f 3059/2201 1030/2203 3060/2204 3495/2202
f 3495/2202 3060/2204 1033/2205 3061/2206
f 3021/2126 3495/2202 3061/2206 1032/2129
f 1030/2203 3062/2207 3496/2208 3060/2204
f 3062/2207 1031/2199 3057/2197 3496/2208
f 3496/2208 3057/2197 1034/2195 3063/2209
f 3060/2204 3496/2208 3063/2209 1033/2205
f 1032/2129 3061/2206 3497/2210 3025/2134
f 3061/2206 1033/2205 3064/2211 3497/2210
f 3497/2210 3064/2211 1036/2212 3065/2213
f 3025/2134 3497/2210 3065/2213 1035/2136
f 1033/2205 3063/2209 3498/2214 3064/2211
f 3063/2209 1034/2195 3055/2193 3498/2214
f 3498/2214 3055/2193 1037/2185 3066/2215
f 3064/2211 3498/2214 3066/2215 1036/2212
f 1035/2136 3065/2213 3499/2216 3028/2140
f 3065/2213 1036/2212 3067/2217 3499/2216
f 3499/2216 3067/2217 1039/2218 3068/2219
f 3028/2140 3499/2216 3068/2219 1038/2142
f 1036/2212 3066/2215 3500/2220 3067/2217
f 3066/2215 1037/2185 3053/2188 3500/2220
f 3500/2220 3053/2188 1040/2190 3069/2221
f 3067/2217 3500/2220 3069/2221 1039/2218
f 1038/2142 3068/2219 3501/2222 3031/2146
f 3068/2219 1039/2218 3070/2223 3501/2222
f 3501/2222 3070/2223 1042/2224 3071/2225
f 3031/2146 3501/2222 3071/2225 1041/2105
f 1039/2218 3069/2221 3502/2226 3070/2223
f 3069/2221 1040/2190 3054/2192 3502/2226
f 3502/2226 3054/2192 1043/2177 3072/2227
f 3070/2223 3502/2226 3072/2227 1042/2224
f 1041/2105 3071/2225 3503/2228 3011/2106
f 3071/2225 1042/2224 3073/2229 3503/2228
f 3503/2228 3073/2229 1045/2230 3074/2231
f 3011/2106 3503/2228 3074/2231 1044/2109
f 1042/2224 3072/2227 3504/2232 3073/2229
f 3072/2227 1043/2177 3049/2180 3504/2232
f 3504/2232 3049/2180 1046/2182 3075/2233
f 3073/2229 3504/2232 3075/2233 1045/2230
f 1044/2109 3074/2231 3505/2234 3014/2111
f 3074/2231 1045/2230 3076/2235 3505/2234
f 3505/2234 3076/2235 1048/2236 3077/2237
f 3014/2111 3505/2234 3077/2237 1047/2113
f 1045/2230 3075/2233 3506/2238 3076/2235
f 3075/2233 1046/2182 3050/2184 3506/2238
f 3506/2238 3050/2184 1049/2169 3078/2239
f 3076/2235 3506/2238 3078/2239 1048/2236
f 1047/2113 3077/2237 3507/2240 3016/2115
f 3077/2237 1048/2236 3079/2241 3507/2240
f 3507/2240 3079/2241 1051/2242 3080/2243
f 3016/2115 3507/2240 3080/2243 1050/2117
f 1048/2236 3078/2239 3508/2244 3079/2241
f 3078/2239 1049/2169 3045/2172 3508/2244
f 3508/2244 3045/2172 1052/2174 3081/2245
f 3079/2241 3508/2244 3081/2245 1051/2242
f 1050/2117 3080/2243 3509/2246 3084/2247
f 3080/2243 1051/2242 3082/2248 3509/2246
f 3509/2246 3082/2248 1053/2249 3083/2250
f 3084/2247 3509/2246 3083/2250 1018/2251
f 1051/2242 3081/2245 3510/2252 3082/2248
f 3081/2245 1052/2174 3046/2176 3510/2252
f 3510/2252 3046/2176 1054/2161 3085/2253
f 3082/2248 3510/2252 3085/2253 1053/2249
f 1018/2251 3083/2250 3511/2254 3088/2255
f 3083/2250 1053/2249 3086/2256 3511/2254
f 3511/2254 3086/2256 1056/2257 3087/2258
f 3088/2255 3511/2254 3087/2258 1055/2119
f 1053/2249 3085/2253 3512/2259 3086/2256
f 3085/2253 1054/2161 3042/2164 3512/2259
f 3512/2259 3042/2164 1057/2168 3089/2260
f 3086/2256 3512/2259 3089/2260 1056/2257
f 1055/2119 3087/2258 3513/2261 3018/2120
f 3087/2258 1056/2257 3090/2262 3513/2261
f 3513/2261 3090/2262 1123/2263 3091/2264
f 3018/2120 3513/2261 3091/2264 1118/2123
f 1056/2257 3089/2260 3514/2265 3090/2262
f 3089/2260 1057/2168 3092/2266 3514/2265
f 3514/2265 3092/2266 1119/2267 3093/2268
f 3090/2262 3514/2265 3093/2268 1123/2263
f 1031/2199 3062/2207 3515/2269 3096/2270
f 3062/2207 1030/2203 3094/2271 3515/2269
f 3515/2269 3094/2271 1059/2272 3095/2273
f 3096/2270 3515/2269 3095/2273 1060/2274
f 1030/2203 3059/2201 3516/2275 3094/2271
f 3059/2201 1029/2125 3036/2156 3516/2275
f 3516/2275 3036/2156 1058/2155 3097/2276
f 3094/2271 3516/2275 3097/2276 1059/2272
f 932/822 2384/831 3517/2277 2992/2064
f 2384/831 863/814 3098/2278 3517/2277
f 3517/2277 3098/2278 1061/2279 3099/2280
f 2992/2064 3517/2277 3099/2280 1017/2061
f 863/814 2374/811 3518/2281 3098/2278
f 2374/811 931/810 2994/2072 3518/2281
f 3518/2281 2994/2072 1019/2071 3100/2282
f 3098/2278 3518/2281 3100/2282 1061/2279
f 1050/2117 3084/2247 3519/2283 3017/2118
f 3084/2247 1018/2251 3101/2284 3519/2283
f 3519/2283 3101/2284 1061/2279 3100/2282
f 3017/2118 3519/2283 3100/2282 1019/2071
f 1018/2251 3088/2255 3520/2285 3101/2284
f 3088/2255 1055/2119 3020/2122 3520/2285
f 3520/2285 3020/2122 1017/2061 3099/2280
f 3101/2284 3520/2285 3099/2280 1061/2279
f 1063/2286 3102/2287 3521/2288 3104/2289
f 3102/2287 1062/2290 3103/2291 3521/2288
f 3521/2288 3103/2291 1023/2292 3000/2293
f 3104/2289 3521/2288 3000/2293 1024/2294
f 1064/2295 3105/2296 3522/2297 3106/2298
f 3105/2296 1063/2286 3104/2289 3522/2297
f 3522/2297 3104/2289 1024/2294 3003/2299
f 3106/2298 3522/2297 3003/2299 1025/2300
f 1065/2301 3107/2302 3523/2303 3108/2304
f 3107/2302 1064/2295 3106/2298 3523/2303
f 3523/2303 3106/2298 1025/2300 3005/2305
f 3108/2304 3523/2303 3005/2305 1026/2306
f 1066/2307 3109/2308 3524/2309 3110/2310
f 3109/2308 1065/2301 3108/2304 3524/2309
f 3524/2309 3108/2304 1026/2306 3007/2311
f 3110/2310 3524/2309 3007/2311 1027/2312
f 1067/2313 3111/2314 3525/2315 3112/2316
f 3111/2314 1066/2307 3110/2310 3525/2315
f 3525/2315 3110/2310 1027/2312 3009/2317
f 3112/2316 3525/2315 3009/2317 1028/2318
f 1092/2319 3113/2320 3526/2321 3115/2322
f 3113/2320 1078/2323 3114/2324 3526/2321
f 3526/2321 3114/2324 866/834 2388/837
f 3115/2322 3526/2321 2388/837 933/839
f 1079/2325 3116/2326 3527/2327 3117/2328
f 3116/2326 1092/2319 3115/2322 3527/2327
f 3527/2327 3115/2322 933/839 2390/841
f 3117/2328 3527/2327 2390/841 867/843
f 1094/2329 3118/2330 3528/2331 3119/2332
f 3118/2330 1069/1656 2784/1654 3528/2331
f 3528/2331 2784/1654 884/954 2448/957
f 3119/2332 3528/2331 2448/957 939/962
f 1071/2333 3120/2334 3529/2335 3121/2336
f 3120/2334 1094/2329 3119/2332 3529/2335
f 3529/2335 3119/2332 939/962 2451/964
f 3121/2336 3529/2335 2451/964 886/968
f 1096/2337 3122/2338 3530/2339 3123/2340
f 3122/2338 1071/2333 3121/2336 3530/2339
f 3530/2339 3121/2336 886/968 2497/1057
f 3123/2340 3530/2339 2497/1057 945/1059
f 1073/2341 3124/2342 3531/2343 3125/2344
f 3124/2342 1096/2337 3123/2340 3531/2343
f 3531/2343 3123/2340 945/1059 2499/1061
f 3125/2344 3531/2343 2499/1061 898/1063
f 1098/2345 3126/2346 3532/2347 3127/2348
f 3126/2346 1073/2341 3125/2344 3532/2347
f 3532/2347 3125/2344 898/1063 2543/1149
f 3127/2348 3532/2347 2543/1149 951/1151
f 1075/2349 3128/2350 3533/2351 3129/2352
f 3128/2350 1098/2345 3127/2348 3533/2351
f 3533/2351 3127/2348 951/1151 2545/1153
f 3129/2352 3533/2351 2545/1153 909/1155
f 1074/1143 3130/2353 3534/2354 2539/1144
f 3130/2353 1099/2355 3131/2356 3534/2354
f 3534/2354 3131/2356 956/1192 2563/1191
f 2539/1144 3534/2354 2563/1191 908/1145
f 1100/2357 3132/2358 3535/2359 3133/2360
f 3132/2358 1075/2349 3129/2352 3535/2359
f 3535/2359 3129/2352 909/1155 2566/1197
f 3133/2360 3535/2359 2566/1197 957/1196
f 1101/2361 3134/2362 3536/2363 3136/2364
f 3134/2362 1082/2365 3135/2366 3536/2363
f 3536/2363 3135/2366 915/1198 2570/1201
f 3136/2364 3536/2363 2570/1201 958/1206
f 1083/1541 3137/2367 3537/2368 2732/1542
f 3137/2367 1101/2361 3136/2364 3537/2368
f 3537/2368 3136/2364 958/1206 2573/1208
f 2732/1542 3537/2368 2573/1208 917/1212
f 1078/2323 3138/2369 3538/2370 3114/2324
f 3138/2369 1103/2371 3139/2372 3538/2370
f 3538/2370 3139/2372 969/1389 2660/1392
f 3114/2324 3538/2370 2660/1392 866/834
f 1104/2373 3140/2374 3539/2375 3141/2376
f 3140/2374 1084/1900 2909/1898 3539/2375
f 3539/2375 2909/1898 787/1418 2676/1421
f 3141/2376 3539/2375 2676/1421 971/1426
f 1085/1663 3142/2377 3540/2378 2788/1664
f 3142/2377 1104/2373 3141/2376 3540/2378
f 3540/2378 3141/2376 971/1426 2679/1428
f 2788/1664 3540/2378 2679/1428 789/1432
f 1106/2379 3143/2380 3541/2381 3144/2382
f 3143/2380 1076/1829 2872/1827 3541/2381
f 3541/2381 2872/1827 798/1508 2721/1511
f 3144/2382 3541/2381 2721/1511 977/1516
f 1082/2383 3145/2384 3542/2385 3135/2386
f 3145/2384 1106/2379 3144/2382 3542/2385
f 3542/2385 3144/2382 977/1516 2723/1518
f 3135/2386 3542/2385 2723/1518 915/1522
f 1076/1829 3146/2387 3543/2388 2873/1830
f 3146/2387 1109/2389 3147/2390 3543/2388
f 3543/2388 3147/2390 998/1838 2881/1844
f 2873/1830 3543/2388 2881/1844 831/1831
f 1109/2389 3148/2391 3544/2392 3147/2390
f 3148/2391 1079/2325 3149/2393 3544/2392
f 3544/2392 3149/2393 833/1842 2878/1839
f 3147/2390 3544/2392 2878/1839 998/1838
f 1079/2325 3117/2328 3545/2394 3149/2393
f 3117/2328 867/843 2884/1847 3545/2394
f 3545/2394 2884/1847 999/1851 2887/1855
f 3149/2393 3545/2394 2887/1855 833/1842
f 1080/1534 2728/1532 3546/2395 3150/2396
f 2728/1532 800/1527 2894/1867 3546/2395
f 3546/2395 2894/1867 1001/1871 2897/1876
f 3150/2396 3546/2395 2897/1876 836/1875
f 1084/1900 3151/2397 3547/2398 2910/1901
f 3151/2397 1110/2399 3152/2400 3547/2398
f 3547/2398 3152/2400 1004/1908 2916/1912
f 2910/1901 3547/2398 2916/1912 839/1902
f 1110/2399 3153/2401 3548/2402 3152/2400
f 3153/2401 1080/1534 3150/2396 3548/2402
f 3548/2402 3150/2396 836/1875 2914/1909
f 3152/2400 3548/2402 2914/1909 1004/1908
f 1103/2371 3154/2403 3549/2404 3139/2372
f 3154/2403 1117/2405 3155/2406 3549/2404
f 3549/2404 3155/2406 1028/2101 3010/2104
f 3139/2372 3549/2404 3010/2104 969/1389
f 1121/2407 3156/2408 3550/2409 3158/2410
f 3156/2408 1120/2411 3157/2412 3550/2409
f 3550/2409 3157/2412 1059/2272 3097/2276
f 3158/2410 3550/2409 3097/2276 1058/2155
f 1120/2411 3159/2413 3551/2414 3157/2412
f 3159/2413 1122/2415 3160/2416 3551/2414
f 3551/2414 3160/2416 1060/2274 3095/2273
f 3157/2412 3551/2414 3095/2273 1059/2272
f 1514/2160 3161/2417 3552/2418 3038/2158
f 3161/2417 1515/2419 3162/2420 3552/2418
f 3552/2418 3162/2420 1121/2407 3158/2410
f 3038/2158 3552/2418 3158/2410 1058/2155
f 1111/2421 3163/2422 3553/2423 3164/2424
f 3163/2422 849/2053 3058/2200 3553/2423
f 3553/2423 3058/2200 1031/2199 3096/2270
f 3164/2424 3553/2423 3096/2270 1060/2274
f 1117/2425 3165/2426 3554/2427 3155/2428
f 3165/2426 1124/2429 3166/2430 3554/2427
f 3554/2427 3166/2430 1067/2313 3112/2316
f 3155/2428 3554/2427 3112/2316 1028/2318
f 1150/2431 1523/2432 3555/2433 1526/2434
f 1523/2432 1282/2435 1524/2436 3555/2433
f 3555/2433 1524/2436 1354/2437 1525/2438
f 1526/2434 3555/2433 1525/2438 1279/2439
f 1279/2439 1525/2438 3556/2440 1529/2441
f 1525/2438 1354/2437 1527/2442 3556/2440
f 3556/2440 1527/2442 1280/2443 1528/2444
f 1529/2441 3556/2440 1528/2444 1151/2445
f 1354/2437 1530/2446 3557/2447 1527/2442
f 1530/2446 1281/2448 1531/2449 3557/2447
f 3557/2447 1531/2449 1152/2450 1532/2451
f 1527/2442 3557/2447 1532/2451 1280/2443
f 1282/2435 1533/2452 3558/2453 1524/2436
f 1533/2452 1153/2454 1534/2455 3558/2453
f 3558/2453 1534/2455 1281/2448 1530/2446
f 1524/2436 3558/2453 1530/2446 1354/2437
f 1151/2456 1528/2457 3559/2458 1537/2459
f 1528/2457 1280/2460 1535/2461 3559/2458
f 3559/2458 1535/2461 1355/2462 1536/2463
f 1537/2459 3559/2458 1536/2463 1283/2464
f 1283/2464 1536/2463 3560/2465 1540/2466
f 1536/2463 1355/2462 1538/2467 3560/2465
f 3560/2465 1538/2467 1284/2468 1539/2469
f 1540/2466 3560/2465 1539/2469 1154/2470
f 1355/2462 1541/2471 3561/2472 1538/2467
f 1541/2471 1285/2473 1542/2474 3561/2472
f 3561/2472 1542/2474 1155/2475 1543/2476
f 1538/2467 3561/2472 1543/2476 1284/2468
f 1280/2460 1532/2451 3562/2477 1535/2461
f 1532/2451 1152/2450 1544/2478 3562/2477
f 3562/2477 1544/2478 1285/2473 1541/2471
f 1535/2461 3562/2477 1541/2471 1355/2462
f 1356/2479 1545/2480 3563/2481 1548/2482
f 1545/2480 1287/2483 1546/2484 3563/2481
f 3563/2481 1546/2484 1147/2485 1547/2486
f 1548/2482 3563/2481 1547/2486 1286/2487
f 1288/2488 1549/2489 3564/2490 1551/2491
f 1549/2489 1148/2492 1550/2493 3564/2490
f 3564/2490 1550/2493 1287/2483 1545/2480
f 1551/2491 3564/2490 1545/2480 1356/2479
f 1357/2494 1552/2495 3565/2496 1555/2497
f 1552/2495 1290/2498 1553/2499 3565/2496
f 3565/2496 1553/2499 1146/2500 1554/2501
f 1555/2497 3565/2496 1554/2501 1289/2502
f 1286/2487 1547/2486 3566/2503 1557/2504
f 1547/2486 1147/2485 1556/2505 3566/2503
f 3566/2503 1556/2505 1290/2498 1552/2495
f 1557/2504 3566/2503 1552/2495 1357/2494
f 1358/2506 1558/2507 3567/2508 1560/2509
f 1558/2507 1291/2510 1559/2511 3567/2508
f 3567/2508 1559/2511 1077/2512 2381/2513
f 1560/2509 3567/2508 2381/2513 1091/2514
f 1289/2502 1554/2501 3568/2515 1562/2516
f 1554/2501 1146/2500 1561/2517 3568/2515
f 3568/2515 1561/2517 1291/2510 1558/2507
f 1562/2516 3568/2515 1558/2507 1358/2506
f 1292/2518 1563/2519 3569/2520 1565/2521
f 1563/2519 1359/2522 1564/2523 3569/2520
f 3569/2520 1564/2523 1282/2435 1523/2432
f 1565/2521 3569/2520 1523/2432 1150/2431
f 1359/2522 1566/2524 3570/2525 1564/2523
f 1566/2524 1293/2526 1567/2527 3570/2525
f 3570/2525 1567/2527 1153/2454 1533/2452
f 1564/2523 3570/2525 1533/2452 1282/2435
f 1191/2528 1568/2529 3571/2530 1571/2531
f 1568/2529 1297/2532 1569/2533 3571/2530
f 3571/2530 1569/2533 1360/2534 1570/2535
f 1571/2531 3571/2530 1570/2535 1294/2536
f 1294/2536 1570/2535 3572/2537 1574/2538
f 1570/2535 1360/2534 1572/2539 3572/2537
f 3572/2537 1572/2539 1295/2540 1573/2541
f 1574/2538 3572/2537 1573/2541 1192/2542
f 1360/2534 1575/2543 3573/2544 1572/2539
f 1575/2543 1296/2545 1576/2546 3573/2544
f 3573/2544 1576/2546 1193/2547 1577/2548
f 1572/2539 3573/2544 1577/2548 1295/2540
f 1297/2532 1578/2549 3574/2550 1569/2533
f 1578/2549 1194/2551 1579/2552 3574/2550
f 3574/2550 1579/2552 1296/2545 1575/2543
f 1569/2533 3574/2550 1575/2543 1360/2534
f 1126/2553 1580/2554 3575/2555 1583/2556
f 1580/2554 1301/2557 1581/2558 3575/2555
f 3575/2555 1581/2558 1361/2559 1582/2560
f 1583/2556 3575/2555 1582/2560 1298/2561
f 1298/2561 1582/2560 3576/2562 1586/2563
f 1582/2560 1361/2559 1584/2564 3576/2562
f 3576/2562 1584/2564 1299/2565 1585/2566
f 1586/2563 3576/2562 1585/2566 1127/2567
f 1361/2559 1587/2568 3577/2569 1584/2564
f 1587/2568 1300/2570 1588/2571 3577/2569
f 3577/2569 1588/2571 1132/2572 1589/2573
f 1584/2564 3577/2569 1589/2573 1299/2565
f 1301/2557 1590/2574 3578/2575 1581/2558
f 1590/2574 1131/2576 1591/2577 3578/2575
f 3578/2575 1591/2577 1300/2570 1587/2568
f 1581/2558 3578/2575 1587/2568 1361/2559
f 1127/2567 1585/2566 3579/2578 1594/2579
f 1585/2566 1299/2565 1592/2580 3579/2578
f 3579/2578 1592/2580 1362/2581 1593/2582
f 1594/2579 3579/2578 1593/2582 1302/2583
f 1302/2583 1593/2582 3580/2584 1597/2585
f 1593/2582 1362/2581 1595/2586 3580/2584
f 3580/2584 1595/2586 1303/2587 1596/2588
f 1597/2585 3580/2584 1596/2588 1128/2589
f 1362/2581 1598/2590 3581/2591 1595/2586
f 1598/2590 1304/2592 1599/2593 3581/2591
f 3581/2591 1599/2593 1133/2594 1600/2595
f 1595/2586 3581/2591 1600/2595 1303/2587
f 1299/2565 1589/2573 3582/2596 1592/2580
f 1589/2573 1132/2572 1601/2597 3582/2596
f 3582/2596 1601/2597 1304/2592 1598/2590
f 1592/2580 3582/2596 1598/2590 1362/2581
f 1128/2589 1596/2588 3583/2598 1604/2599
f 1596/2588 1303/2587 1602/2600 3583/2598
f 3583/2598 1602/2600 1363/2601 1603/2602
f 1604/2599 3583/2598 1603/2602 1305/2603
f 1305/2603 1603/2602 3584/2604 1607/2605
f 1603/2602 1363/2601 1605/2606 3584/2604
f 3584/2604 1605/2606 1306/2607 1606/2608
f 1607/2605 3584/2604 1606/2608 1129/2609
f 1363/2601 1608/2610 3585/2611 1605/2606
f 1608/2610 1307/2612 1609/2613 3585/2611
f 3585/2611 1609/2613 1134/2614 1610/2615
f 1605/2606 3585/2611 1610/2615 1306/2607
f 1303/2587 1600/2595 3586/2616 1602/2600
f 1600/2595 1133/2594 1611/2617 3586/2616
f 3586/2616 1611/2617 1307/2612 1608/2610
f 1602/2600 3586/2616 1608/2610 1363/2601
f 1129/2609 1606/2608 3587/2618 1614/2619
f 1606/2608 1306/2607 1612/2620 3587/2618
f 3587/2618 1612/2620 1364/2621 1613/2622
f 1614/2619 3587/2618 1613/2622 1308/2623
f 1308/2623 1613/2622 3588/2624 1616/2625
f 1613/2622 1364/2621 1615/2626 3588/2624
f 3588/2624 1615/2626 1093/2627 2439/2628
f 1616/2625 3588/2624 2439/2628 1068/2629
f 1364/2621 1617/2630 3589/2631 1615/2626
f 1617/2630 1309/2632 1618/2633 3589/2631
f 3589/2631 1618/2633 1070/2634 2441/2635
f 1615/2626 3589/2631 2441/2635 1093/2627
f 1306/2607 1610/2615 3590/2636 1612/2620
f 1610/2615 1134/2614 1619/2637 3590/2636
f 3590/2636 1619/2637 1309/2632 1617/2630
f 1612/2620 3590/2636 1617/2630 1364/2621
f 1310/2638 1620/2639 3591/2640 1623/2641
f 1620/2639 1365/2642 1621/2643 3591/2640
f 3591/2640 1621/2643 1311/2644 1622/2645
f 1623/2641 3591/2640 1622/2645 1125/2646
f 1365/2642 1624/2647 3592/2648 1621/2643
f 1624/2647 1312/2649 1625/2650 3592/2648
f 3592/2648 1625/2650 1130/2651 1626/2652
f 1621/2643 3592/2648 1626/2652 1311/2644
f 1130/2651 1627/2653 3593/2654 1630/2655
f 1627/2653 1316/2656 1628/2657 3593/2654
f 3593/2654 1628/2657 1366/2658 1629/2659
f 1630/2655 3593/2654 1629/2659 1313/2660
f 1313/2660 1629/2659 3594/2661 1633/2662
f 1629/2659 1366/2658 1631/2663 3594/2661
f 3594/2661 1631/2663 1314/2664 1632/2665
f 1633/2662 3594/2661 1632/2665 1131/2576
f 1366/2658 1634/2666 3595/2667 1631/2663
f 1634/2666 1315/2668 1635/2669 3595/2667
f 3595/2667 1635/2669 1136/2670 1636/2671
f 1631/2663 3595/2667 1636/2671 1314/2664
f 1316/2656 1637/2672 3596/2673 1628/2657
f 1637/2672 1135/2674 1638/2675 3596/2673
f 3596/2673 1638/2675 1315/2668 1634/2666
f 1628/2657 3596/2673 1634/2666 1366/2658
f 1131/2576 1632/2665 3597/2676 1591/2577
f 1632/2665 1314/2664 1639/2677 3597/2676
f 3597/2676 1639/2677 1367/2678 1640/2679
f 1591/2577 3597/2676 1640/2679 1300/2570
f 1300/2570 1640/2679 3598/2680 1588/2571
f 1640/2679 1367/2678 1641/2681 3598/2680
f 3598/2680 1641/2681 1317/2682 1642/2683
f 1588/2571 3598/2680 1642/2683 1132/2572
f 1367/2678 1643/2684 3599/2685 1641/2681
f 1643/2684 1318/2686 1644/2687 3599/2685
f 3599/2685 1644/2687 1137/2688 1645/2689
f 1641/2681 3599/2685 1645/2689 1317/2682
f 1314/2664 1636/2671 3600/2690 1639/2677
f 1636/2671 1136/2670 1646/2691 3600/2690
f 3600/2690 1646/2691 1318/2686 1643/2684
f 1639/2677 3600/2690 1643/2684 1367/2678
f 1132/2572 1642/2683 3601/2692 1601/2597
f 1642/2683 1317/2682 1647/2693 3601/2692
f 3601/2692 1647/2693 1368/2694 1648/2695
f 1601/2597 3601/2692 1648/2695 1304/2592
f 1304/2592 1648/2695 3602/2696 1599/2593
f 1648/2695 1368/2694 1649/2697 3602/2696
f 3602/2696 1649/2697 1319/2698 1650/2699
f 1599/2593 3602/2696 1650/2699 1133/2594
f 1368/2694 1651/2700 3603/2701 1649/2697
f 1651/2700 1320/2702 1652/2703 3603/2701
f 3603/2701 1652/2703 1138/2704 1653/2705
f 1649/2697 3603/2701 1653/2705 1319/2698
f 1317/2682 1645/2689 3604/2706 1647/2693
f 1645/2689 1137/2688 1654/2707 3604/2706
f 3604/2706 1654/2707 1320/2702 1651/2700
f 1647/2693 3604/2706 1651/2700 1368/2694
f 1133/2594 1650/2699 3605/2708 1611/2617
f 1650/2699 1319/2698 1655/2709 3605/2708
f 3605/2708 1655/2709 1369/2710 1656/2711
f 1611/2617 3605/2708 1656/2711 1307/2612
f 1307/2612 1656/2711 3606/2712 1609/2613
f 1656/2711 1369/2710 1657/2713 3606/2712
f 3606/2712 1657/2713 1321/2714 1658/2715
f 1609/2613 3606/2712 1658/2715 1134/2614
f 1369/2710 1659/2716 3607/2717 1657/2713
f 1659/2716 1322/2718 1660/2719 3607/2717
f 3607/2717 1660/2719 1139/2720 1661/2721
f 1657/2713 3607/2717 1661/2721 1321/2714
f 1319/2698 1653/2705 3608/2722 1655/2709
f 1653/2705 1138/2704 1662/2723 3608/2722
f 3608/2722 1662/2723 1322/2718 1659/2716
f 1655/2709 3608/2722 1659/2716 1369/2710
f 1134/2614 1658/2715 3609/2724 1619/2637
f 1658/2715 1321/2714 1663/2725 3609/2724
f 3609/2724 1663/2725 1370/2726 1664/2727
f 1619/2637 3609/2724 1664/2727 1309/2632
f 1309/2632 1664/2727 3610/2728 1618/2633
f 1664/2727 1370/2726 1665/2729 3610/2728
f 3610/2728 1665/2729 1095/2730 2490/2731
f 1618/2633 3610/2728 2490/2731 1070/2634
f 1370/2726 1666/2732 3611/2733 1665/2729
f 1666/2732 1323/2734 1667/2735 3611/2733
f 3611/2733 1667/2735 1072/2736 2492/2737
f 1665/2729 3611/2733 2492/2737 1095/2730
f 1321/2714 1661/2721 3612/2738 1663/2725
f 1661/2721 1139/2720 1668/2739 3612/2738
f 3612/2738 1668/2739 1323/2734 1666/2732
f 1663/2725 3612/2738 1666/2732 1370/2726
f 1312/2649 1669/2740 3613/2741 1625/2650
f 1669/2740 1371/2742 1670/2743 3613/2741
f 3613/2741 1670/2743 1316/2656 1627/2653
f 1625/2650 3613/2741 1627/2653 1130/2651
f 1371/2742 1671/2744 3614/2745 1670/2743
f 1671/2744 1324/2746 1672/2747 3614/2745
f 3614/2745 1672/2747 1135/2674 1637/2672
f 1670/2743 3614/2745 1637/2672 1316/2656
f 1135/2674 1673/2748 3615/2749 1638/2675
f 1673/2748 1327/2750 1674/2751 3615/2749
f 3615/2749 1674/2751 1372/2752 1675/2753
f 1638/2675 3615/2749 1675/2753 1315/2668
f 1315/2668 1675/2753 3616/2754 1635/2669
f 1675/2753 1372/2752 1676/2755 3616/2754
f 3616/2754 1676/2755 1325/2756 1677/2757
f 1635/2669 3616/2754 1677/2757 1136/2670
f 1372/2752 1678/2758 3617/2759 1676/2755
f 1678/2758 1326/2760 1679/2761 3617/2759
f 3617/2759 1679/2761 1141/2762 1680/2763
f 1676/2755 3617/2759 1680/2763 1325/2756
f 1327/2750 1681/2764 3618/2765 1674/2751
f 1681/2764 1140/2766 1682/2767 3618/2765
f 3618/2765 1682/2767 1326/2760 1678/2758
f 1674/2751 3618/2765 1678/2758 1372/2752
f 1136/2670 1677/2757 3619/2768 1646/2691
f 1677/2757 1325/2756 1683/2769 3619/2768
f 3619/2768 1683/2769 1373/2770 1684/2771
f 1646/2691 3619/2768 1684/2771 1318/2686
f 1318/2686 1684/2771 3620/2772 1644/2687
f 1684/2771 1373/2770 1685/2773 3620/2772
f 3620/2772 1685/2773 1328/2774 1686/2775
f 1644/2687 3620/2772 1686/2775 1137/2688
f 1373/2770 1687/2776 3621/2777 1685/2773
f 1687/2776 1329/2778 1688/2779 3621/2777
f 3621/2777 1688/2779 1142/2780 1689/2781
f 1685/2773 3621/2777 1689/2781 1328/2774
f 1325/2756 1680/2763 3622/2782 1683/2769
f 1680/2763 1141/2762 1690/2783 3622/2782
f 3622/2782 1690/2783 1329/2778 1687/2776
f 1683/2769 3622/2782 1687/2776 1373/2770
f 1137/2688 1686/2775 3623/2784 1654/2707
f 1686/2775 1328/2774 1691/2785 3623/2784
f 3623/2784 1691/2785 1374/2786 1692/2787
f 1654/2707 3623/2784 1692/2787 1320/2702
f 1320/2702 1692/2787 3624/2788 1652/2703
f 1692/2787 1374/2786 1693/2789 3624/2788
f 3624/2788 1693/2789 1330/2790 1694/2791
f 1652/2703 3624/2788 1694/2791 1138/2704
f 1374/2786 1695/2792 3625/2793 1693/2789
f 1695/2792 1331/2794 1696/2795 3625/2793
f 3625/2793 1696/2795 1143/2796 1697/2797
f 1693/2789 3625/2793 1697/2797 1330/2790
f 1328/2774 1689/2781 3626/2798 1691/2785
f 1689/2781 1142/2780 1698/2799 3626/2798
f 3626/2798 1698/2799 1331/2794 1695/2792
f 1691/2785 3626/2798 1695/2792 1374/2786
f 1138/2704 1694/2791 3627/2800 1662/2723
f 1694/2791 1330/2790 1699/2801 3627/2800
f 3627/2800 1699/2801 1375/2802 1700/2803
f 1662/2723 3627/2800 1700/2803 1322/2718
f 1322/2718 1700/2803 3628/2804 1660/2719
f 1700/2803 1375/2802 1701/2805 3628/2804
f 3628/2804 1701/2805 1332/2806 1702/2807
f 1660/2719 3628/2804 1702/2807 1139/2720
f 1375/2802 1703/2808 3629/2809 1701/2805
f 1703/2808 1333/2810 1704/2811 3629/2809
f 3629/2809 1704/2811 1144/2812 1705/2813
f 1701/2805 3629/2809 1705/2813 1332/2806
f 1330/2790 1697/2797 3630/2814 1699/2801
f 1697/2797 1143/2796 1706/2815 3630/2814
f 3630/2814 1706/2815 1333/2810 1703/2808
f 1699/2801 3630/2814 1703/2808 1375/2802
f 1139/2720 1702/2807 3631/2816 1668/2739
f 1702/2807 1332/2806 1707/2817 3631/2816
f 3631/2816 1707/2817 1376/2818 1708/2819
f 1668/2739 3631/2816 1708/2819 1323/2734
f 1323/2734 1708/2819 3632/2820 1667/2735
f 1708/2819 1376/2818 1709/2821 3632/2820
f 3632/2820 1709/2821 1097/2822 2536/2823
f 1667/2735 3632/2820 2536/2823 1072/2736
f 1376/2818 1710/2824 3633/2825 1709/2821
f 1710/2824 1334/2826 1711/2827 3633/2825
f 3633/2825 1711/2827 1074/2828 2538/2829
f 1709/2821 3633/2825 2538/2829 1097/2822
f 1332/2806 1705/2813 3634/2830 1707/2817
f 1705/2813 1144/2812 1712/2831 3634/2830
f 3634/2830 1712/2831 1334/2826 1710/2824
f 1707/2817 3634/2830 1710/2824 1376/2818
f 1324/2746 1713/2832 3635/2833 1672/2747
f 1713/2832 1377/2834 1714/2835 3635/2833
f 3635/2833 1714/2835 1327/2750 1673/2748
f 1672/2747 3635/2833 1673/2748 1135/2674
f 1377/2834 1715/2836 3636/2837 1714/2835
f 1715/2836 1335/2838 1716/2839 3636/2837
f 3636/2837 1716/2839 1140/2766 1681/2764
f 1714/2835 3636/2837 1681/2764 1327/2750
f 1140/2766 1717/2840 3637/2841 1682/2767
f 1717/2840 1337/2842 1718/2843 3637/2841
f 3637/2841 1718/2843 1378/2844 1719/2845
f 1682/2767 3637/2841 1719/2845 1326/2760
f 1141/2762 1679/2761 3638/2846 1721/2847
f 1679/2761 1326/2760 1719/2845 3638/2846
f 3638/2846 1719/2845 1378/2844 1720/2848
f 1721/2847 3638/2846 1720/2848 1336/2849
f 1141/2762 1721/2847 3639/2850 1690/2783
f 1721/2847 1336/2849 1722/2851 3639/2850
f 3639/2850 1722/2851 1379/2852 1723/2853
f 1690/2783 3639/2850 1723/2853 1329/2778
f 1142/2780 1688/2779 3640/2854 1725/2855
f 1688/2779 1329/2778 1723/2853 3640/2854
f 3640/2854 1723/2853 1379/2852 1724/2856
f 1725/2855 3640/2854 1724/2856 1338/2857
f 1142/2780 1725/2855 3641/2858 1698/2799
f 1725/2855 1338/2857 1726/2859 3641/2858
f 3641/2858 1726/2859 1380/2860 1727/2861
f 1698/2799 3641/2858 1727/2861 1331/2794
f 1143/2796 1696/2795 3642/2862 1729/2863
f 1696/2795 1331/2794 1727/2861 3642/2862
f 3642/2862 1727/2861 1380/2860 1728/2864
f 1729/2863 3642/2862 1728/2864 1339/2865
f 1143/2796 1729/2863 3643/2866 1706/2815
f 1729/2863 1339/2865 1730/2867 3643/2866
f 3643/2866 1730/2867 1381/2868 1731/2869
f 1706/2815 3643/2866 1731/2869 1333/2810
f 1144/2812 1704/2811 3644/2870 1733/2871
f 1704/2811 1333/2810 1731/2869 3644/2870
f 3644/2870 1731/2869 1381/2868 1732/2872
f 1733/2871 3644/2870 1732/2872 1340/2873
f 1144/2812 1733/2871 3645/2874 1712/2831
f 1733/2871 1340/2873 1734/2875 3645/2874
f 3645/2874 1734/2875 1382/2876 1735/2877
f 1712/2831 3645/2874 1735/2877 1334/2826
f 1140/2766 1716/2839 3646/2878 1717/2840
f 1716/2839 1335/2838 1736/2879 3646/2878
f 3646/2878 1736/2879 1383/2880 1737/2881
f 1717/2840 3646/2878 1737/2881 1337/2842
f 1341/2882 1738/2883 3647/2884 1741/2885
f 1738/2883 1384/2886 1739/2887 3647/2884
f 3647/2884 1739/2887 1342/2888 1740/2889
f 1741/2885 3647/2884 1740/2889 1161/2890
f 1384/2886 1742/2891 3648/2892 1739/2887
f 1742/2891 1343/2893 1743/2894 3648/2892
f 3648/2892 1743/2894 1162/2895 1744/2896
f 1739/2887 3648/2892 1744/2896 1342/2888
f 1146/2500 1745/2897 3649/2898 1561/2517
f 1745/2897 1345/2899 1746/2900 3649/2898
f 3649/2898 1746/2900 1385/2901 1747/2902
f 1561/2517 3649/2898 1747/2902 1291/2510
f 1291/2510 1747/2902 3650/2903 1559/2511
f 1747/2902 1385/2901 1748/2904 3650/2903
f 3650/2903 1748/2904 1102/2905 2577/2906
f 1559/2511 3650/2903 2577/2906 1077/2512
f 1385/2901 1749/2907 3651/2908 1748/2904
f 1749/2907 1344/2909 1750/2910 3651/2908
f 3651/2908 1750/2910 1081/2911 2579/2912
f 1748/2904 3651/2908 2579/2912 1102/2905
f 1345/2899 1751/2913 3652/2914 1746/2900
f 1751/2913 1157/2915 1752/2916 3652/2914
f 3652/2914 1752/2916 1344/2909 1749/2907
f 1746/2900 3652/2914 1749/2907 1385/2901
f 1147/2485 1753/2917 3653/2918 1556/2505
f 1753/2917 1347/2919 1754/2920 3653/2918
f 3653/2918 1754/2920 1386/2921 1755/2922
f 1556/2505 3653/2918 1755/2922 1290/2498
f 1290/2498 1755/2922 3654/2923 1553/2499
f 1755/2922 1386/2921 1756/2924 3654/2923
f 3654/2923 1756/2924 1345/2899 1745/2897
f 1553/2499 3654/2923 1745/2897 1146/2500
f 1386/2921 1757/2925 3655/2926 1756/2924
f 1757/2925 1346/2927 1758/2928 3655/2926
f 3655/2926 1758/2928 1157/2915 1751/2913
f 1756/2924 3655/2926 1751/2913 1345/2899
f 1347/2919 1759/2929 3656/2930 1754/2920
f 1759/2929 1158/2931 1760/2932 3656/2930
f 3656/2930 1760/2932 1346/2927 1757/2925
f 1754/2920 3656/2930 1757/2925 1386/2921
f 1148/2492 1761/2933 3657/2934 1550/2493
f 1761/2933 1349/2935 1762/2936 3657/2934
f 3657/2934 1762/2936 1387/2937 1763/2938
f 1550/2493 3657/2934 1763/2938 1287/2483
f 1287/2483 1763/2938 3658/2939 1546/2484
f 1763/2938 1387/2937 1764/2940 3658/2939
f 3658/2939 1764/2940 1347/2919 1753/2917
f 1546/2484 3658/2939 1753/2917 1147/2485
f 1387/2937 1765/2941 3659/2942 1764/2940
f 1765/2941 1348/2943 1766/2944 3659/2942
f 3659/2942 1766/2944 1158/2931 1759/2929
f 1764/2940 3659/2942 1759/2929 1347/2919
f 1349/2935 1767/2945 3660/2946 1762/2936
f 1767/2945 1159/2947 1768/2948 3660/2946
f 3660/2946 1768/2948 1348/2943 1765/2941
f 1762/2936 3660/2946 1765/2941 1387/2937
f 1164/2949 1769/2950 3661/2951 1772/2952
f 1769/2950 1353/2953 1770/2954 3661/2951
f 3661/2951 1770/2954 1388/2955 1771/2956
f 1772/2952 3661/2951 1771/2956 1350/2957
f 1350/2957 1771/2956 3662/2958 1775/2959
f 1771/2956 1388/2955 1773/2960 3662/2958
f 3662/2958 1773/2960 1351/2961 1774/2962
f 1775/2959 3662/2958 1774/2962 1163/2963
f 1388/2955 1776/2964 3663/2965 1773/2960
f 1776/2964 1352/2966 1777/2967 3663/2965
f 3663/2965 1777/2967 1165/2968 1778/2969
f 1773/2960 3663/2965 1778/2969 1351/2961
f 1353/2953 1779/2970 3664/2971 1770/2954
f 1779/2970 1166/2972 1780/2973 3664/2971
f 3664/2971 1780/2973 1352/2966 1776/2964
f 1770/2954 3664/2971 1776/2964 1388/2955
f 1161/2890 1740/2889 3665/2974 1783/2975
f 1740/2889 1342/2888 1781/2976 3665/2974
f 3665/2974 1781/2976 1389/2977 1782/2978
f 1783/2975 3665/2974 1782/2978 1195/2979
f 1195/2979 1782/2978 3666/2980 1785/2981
f 1782/2978 1389/2977 1784/2982 3666/2980
f 3666/2980 1784/2982 1353/2953 1769/2950
f 1785/2981 3666/2980 1769/2950 1164/2949
f 1389/2977 1786/2983 3667/2984 1784/2982
f 1786/2983 1196/2985 1787/2986 3667/2984
f 3667/2984 1787/2986 1166/2972 1779/2970
f 1784/2982 3667/2984 1779/2970 1353/2953
f 1342/2888 1744/2896 3668/2987 1781/2976
f 1744/2896 1162/2895 1788/2988 3668/2987
f 3668/2987 1788/2988 1196/2985 1786/2983
f 1781/2976 3668/2987 1786/2983 1389/2977
f 1390/2989 1789/2990 3669/2991 1791/2992
f 1789/2990 1279/2439 1529/2441 3669/2991
f 3669/2991 1529/2441 1151/2445 1790/2993
f 1791/2992 3669/2991 1790/2993 1197/2994
f 1198/2995 1792/2996 3670/2997 1793/2998
f 1792/2996 1150/2431 1526/2434 3670/2997
f 3670/2997 1526/2434 1279/2439 1789/2990
f 1793/2998 3670/2997 1789/2990 1390/2989
f 1171/2999 1794/3000 3671/3001 1797/3002
f 1794/3000 1202/3003 1795/3004 3671/3001
f 3671/3001 1795/3004 1391/3005 1796/3006
f 1797/3002 3671/3001 1796/3006 1199/3007
f 1199/3007 1796/3006 3672/3008 1800/3009
f 1796/3006 1391/3005 1798/3010 3672/3008
f 3672/3008 1798/3010 1200/3011 1799/3012
f 1800/3009 3672/3008 1799/3012 1172/3013
f 1391/3005 1801/3014 3673/3015 1798/3010
f 1801/3014 1201/3016 1802/3017 3673/3015
f 3673/3015 1802/3017 1173/3018 1803/3019
f 1798/3010 3673/3015 1803/3019 1200/3011
f 1202/3003 1804/3020 3674/3021 1795/3004
f 1804/3020 1174/3022 1805/3023 3674/3021
f 3674/3021 1805/3023 1201/3016 1801/3014
f 1795/3004 3674/3021 1801/3014 1391/3005
f 1392/3024 1806/3025 3675/3026 1808/3027
f 1806/3025 1283/2464 1540/2466 3675/3026
f 3675/3026 1540/2466 1154/2470 1807/3028
f 1808/3027 3675/3026 1807/3028 1203/3029
f 1197/3030 1790/3031 3676/3032 1809/3033
f 1790/3031 1151/2456 1537/2459 3676/3032
f 3676/3032 1537/2459 1283/2464 1806/3025
f 1809/3033 3676/3032 1806/3025 1392/3024
f 1288/3034 1810/3035 3677/3036 1549/3037
f 1810/3035 1393/3038 1811/3039 3677/3036
f 3677/3036 1811/3039 1204/3040 1812/3041
f 1549/3037 3677/3036 1812/3041 1148/3042
f 1393/3038 1813/3043 3678/3044 1811/3039
f 1813/3043 1284/2468 1543/2476 3678/3044
f 3678/3044 1543/2476 1155/2475 1814/3045
f 1811/3039 3678/3044 1814/3045 1204/3040
f 1203/3029 1807/3028 3679/3046 1815/3047
f 1807/3028 1154/2470 1539/2469 3679/3046
f 3679/3046 1539/2469 1284/2468 1813/3043
f 1815/3047 3679/3046 1813/3043 1393/3038
f 1175/3048 1816/3049 3680/3050 1819/3051
f 1816/3049 1208/3052 1817/3053 3680/3050
f 3680/3050 1817/3053 1394/3054 1818/3055
f 1819/3051 3680/3050 1818/3055 1205/3056
f 1205/3056 1818/3055 3681/3057 1822/3058
f 1818/3055 1394/3054 1820/3059 3681/3057
f 3681/3057 1820/3059 1206/3060 1821/3061
f 1822/3058 3681/3057 1821/3061 1176/3062
f 1394/3054 1823/3063 3682/3064 1820/3059
f 1823/3063 1207/3065 1824/3066 3682/3064
f 3682/3064 1824/3066 1177/3067 1825/3068
f 1820/3059 3682/3064 1825/3068 1206/3060
f 1208/3052 1826/3069 3683/3070 1817/3053
f 1826/3069 1178/3071 1827/3072 3683/3070
f 3683/3070 1827/3072 1207/3065 1823/3063
f 1817/3053 3683/3070 1823/3063 1394/3054
f 1395/3073 1828/3074 3684/3075 1829/3076
f 1828/3074 1292/2518 1565/2521 3684/3075
f 3684/3075 1565/2521 1150/2431 1792/2996
f 1829/3076 3684/3075 1792/2996 1198/2995
f 1179/3077 1830/3078 3685/3079 1833/3080
f 1830/3078 1212/3081 1831/3082 3685/3079
f 3685/3079 1831/3082 1396/3083 1832/3084
f 1833/3080 3685/3079 1832/3084 1209/3085
f 1209/3085 1832/3084 3686/3086 1836/3087
f 1832/3084 1396/3083 1834/3088 3686/3086
f 3686/3086 1834/3088 1210/3089 1835/3090
f 1836/3087 3686/3086 1835/3090 1180/3091
f 1396/3083 1837/3092 3687/3093 1834/3088
f 1837/3092 1211/3094 1838/3095 3687/3093
f 3687/3093 1838/3095 1181/3096 1839/3097
f 1834/3088 3687/3093 1839/3097 1210/3089
f 1212/3081 1840/3098 3688/3099 1831/3082
f 1840/3098 1182/3100 1841/3101 3688/3099
f 3688/3099 1841/3101 1211/3094 1837/3092
f 1831/3082 3688/3099 1837/3092 1396/3083
f 1213/3102 1842/3103 3689/3104 1845/3105
f 1842/3103 1397/3106 1843/3107 3689/3104
f 3689/3104 1843/3107 1214/3108 1844/3109
f 1845/3105 3689/3104 1844/3109 1167/3110
f 1397/3106 1846/3111 3690/3112 1843/3107
f 1846/3111 1215/3113 1847/3114 3690/3112
f 3690/3112 1847/3114 1168/3115 1848/3116
f 1843/3107 3690/3112 1848/3116 1214/3108
f 1157/2915 1849/3117 3691/3118 1752/2916
f 1849/3117 1216/3119 1850/3120 3691/3118
f 3691/3118 1850/3120 1398/3121 1851/3122
f 1752/2916 3691/3118 1851/3122 1344/2909
f 1344/2909 1851/3122 3692/3123 1750/2910
f 1851/3122 1398/3121 1852/3124 3692/3123
f 3692/3123 1852/3124 1105/3125 2683/3126
f 1750/2910 3692/3123 2683/3126 1081/2911
f 1398/3121 1853/3127 3693/3128 1852/3124
f 1853/3127 1308/2623 1616/2625 3693/3128
f 3693/3128 1616/2625 1068/2629 2685/3129
f 1852/3124 3693/3128 2685/3129 1105/3125
f 1216/3119 1854/3130 3694/3131 1850/3120
f 1854/3130 1129/2609 1614/2619 3694/3131
f 3694/3131 1614/2619 1308/2623 1853/3127
f 1850/3120 3694/3131 1853/3127 1398/3121
f 1158/2931 1855/3132 3695/3133 1760/2932
f 1855/3132 1217/3134 1856/3135 3695/3133
f 3695/3133 1856/3135 1399/3136 1857/3137
f 1760/2932 3695/3133 1857/3137 1346/2927
f 1346/2927 1857/3137 3696/3138 1758/2928
f 1857/3137 1399/3136 1858/3139 3696/3138
f 3696/3138 1858/3139 1216/3119 1849/3117
f 1758/2928 3696/3138 1849/3117 1157/2915
f 1399/3136 1859/3140 3697/3141 1858/3139
f 1859/3140 1305/2603 1607/2605 3697/3141
f 3697/3141 1607/2605 1129/2609 1854/3130
f 1858/3139 3697/3141 1854/3130 1216/3119
f 1217/3134 1860/3142 3698/3143 1856/3135
f 1860/3142 1128/2589 1604/2599 3698/3143
f 3698/3143 1604/2599 1305/2603 1859/3140
f 1856/3135 3698/3143 1859/3140 1399/3136
f 1159/2947 1861/3144 3699/3145 1768/2948
f 1861/3144 1218/3146 1862/3147 3699/3145
f 3699/3145 1862/3147 1400/3148 1863/3149
f 1768/2948 3699/3145 1863/3149 1348/2943
f 1348/2943 1863/3149 3700/3150 1766/2944
f 1863/3149 1400/3148 1864/3151 3700/3150
f 3700/3150 1864/3151 1217/3134 1855/3132
f 1766/2944 3700/3150 1855/3132 1158/2931
f 1400/3148 1865/3152 3701/3153 1864/3151
f 1865/3152 1302/2583 1597/2585 3701/3153
f 3701/3153 1597/2585 1128/2589 1860/3142
f 1864/3151 3701/3153 1860/3142 1217/3134
f 1218/3146 1866/3154 3702/3155 1862/3147
f 1866/3154 1127/2567 1594/2579 3702/3155
f 3702/3155 1594/2579 1302/2583 1865/3152
f 1862/3147 3702/3155 1865/3152 1400/3148
f 1160/3156 1867/3157 3703/3158 1870/3159
f 1867/3157 1220/3160 1868/3161 3703/3158
f 3703/3158 1868/3161 1401/3162 1869/3163
f 1870/3159 3703/3158 1869/3163 1219/3164
f 1219/3164 1869/3163 3704/3165 1872/3166
f 1869/3163 1401/3162 1871/3167 3704/3165
f 3704/3165 1871/3167 1218/3146 1861/3144
f 1872/3166 3704/3165 1861/3144 1159/2947
f 1401/3162 1873/3168 3705/3169 1871/3167
f 1873/3168 1298/2561 1586/2563 3705/3169
f 3705/3169 1586/2563 1127/2567 1866/3154
f 1871/3167 3705/3169 1866/3154 1218/3146
f 1220/3160 1874/3170 3706/3171 1868/3161
f 1874/3170 1126/2553 1583/2556 3706/3171
f 3706/3171 1583/2556 1298/2561 1873/3168
f 1868/3161 3706/3171 1873/3168 1401/3162
f 1167/3110 1844/3109 3707/3172 1877/3173
f 1844/3109 1214/3108 1875/3174 3707/3172
f 3707/3172 1875/3174 1402/3175 1876/3176
f 1877/3173 3707/3172 1876/3176 1221/3177
f 1221/3177 1876/3176 3708/3178 1880/3179
f 1876/3176 1402/3175 1878/3180 3708/3178
f 3708/3178 1878/3180 1222/3181 1879/3182
f 1880/3179 3708/3178 1879/3182 1169/3183
f 1402/3175 1881/3184 3709/3185 1878/3180
f 1881/3184 1223/3186 1882/3187 3709/3185
f 3709/3185 1882/3187 1170/3188 1883/3189
f 1878/3180 3709/3185 1883/3189 1222/3181
f 1214/3108 1848/3116 3710/3190 1875/3174
f 1848/3116 1168/3115 1884/3191 3710/3190
f 3710/3190 1884/3191 1223/3186 1881/3184
f 1875/3174 3710/3190 1881/3184 1402/3175
f 1224/3192 1885/3193 3711/3194 1888/3195
f 1885/3193 1403/3196 1886/3197 3711/3194
f 3711/3194 1886/3197 1225/3198 1887/3199
f 1888/3195 3711/3194 1887/3199 1145/3200
f 1403/3196 1889/3201 3712/3202 1886/3197
f 1889/3201 1341/3203 1741/3204 3712/3202
f 3712/3202 1741/3204 1161/3205 1890/3206
f 1886/3197 3712/3202 1890/3206 1225/3198
f 1156/3207 1891/3208 3713/3209 1894/3210
f 1891/3208 1227/3211 1892/3212 3713/3209
f 3713/3209 1892/3212 1404/3213 1893/3214
f 1894/3210 3713/3209 1893/3214 1226/3215
f 1226/3215 1893/3214 3714/3216 1896/3217
f 1893/3214 1404/3213 1895/3218 3714/3216
f 3714/3216 1895/3218 1107/1536 2729/1535
f 1896/3217 3714/3216 2729/1535 1080/1534
f 1404/3213 1897/3219 3715/3220 1895/3218
f 1897/3219 1343/2893 1898/3221 3715/3220
f 3715/3220 1898/3221 1083/1541 2731/1540
f 1895/3218 3715/3220 2731/1540 1107/1536
f 1227/3211 1899/3222 3716/3223 1892/3212
f 1899/3222 1162/2895 1743/2894 3716/3223
f 3716/3223 1743/2894 1343/2893 1897/3219
f 1892/3212 3716/3223 1897/3219 1404/3213
f 1149/3224 1900/3225 3717/3226 1903/3227
f 1900/3225 1230/3228 1901/3229 3717/3226
f 3717/3226 1901/3229 1405/3230 1902/3231
f 1903/3227 3717/3226 1902/3231 1228/3232
f 1228/3232 1902/3231 3718/3233 1906/3234
f 1902/3231 1405/3230 1904/3235 3718/3233
f 3718/3233 1904/3235 1229/3236 1905/3237
f 1906/3234 3718/3233 1905/3237 1148/3042
f 1405/3230 1907/3238 3719/3239 1904/3235
f 1907/3238 1350/3240 1775/3241 3719/3239
f 3719/3239 1775/3241 1163/3242 1908/3243
f 1904/3235 3719/3239 1908/3243 1229/3236
f 1230/3228 1909/3244 3720/3245 1901/3229
f 1909/3244 1164/3246 1772/3247 3720/3245
f 3720/3245 1772/3247 1350/3240 1907/3238
f 1901/3229 3720/3245 1907/3238 1405/3230
f 1148/2492 1905/3248 3721/3249 1761/2933
f 1905/3248 1229/3250 1910/3251 3721/3249
f 3721/3249 1910/3251 1406/3252 1911/3253
f 1761/2933 3721/3249 1911/3253 1349/2935
f 1349/2935 1911/3253 3722/3254 1767/2945
f 1911/3253 1406/3252 1912/3255 3722/3254
f 3722/3254 1912/3255 1231/3256 1913/3257
f 1767/2945 3722/3254 1913/3257 1159/2947
f 1406/3252 1914/3258 3723/3259 1912/3255
f 1914/3258 1351/2961 1778/2969 3723/3259
f 3723/3259 1778/2969 1165/2968 1915/3260
f 1912/3255 3723/3259 1915/3260 1231/3256
f 1229/3250 1908/3261 3724/3262 1910/3251
f 1908/3261 1163/2963 1774/2962 3724/3262
f 3724/3262 1774/2962 1351/2961 1914/3258
f 1910/3251 3724/3262 1914/3258 1406/3252
f 1159/2947 1913/3257 3725/3263 1872/3166
f 1913/3257 1231/3256 1916/3264 3725/3263
f 3725/3263 1916/3264 1407/3265 1917/3266
f 1872/3166 3725/3263 1917/3266 1219/3164
f 1219/3164 1917/3266 3726/3267 1870/3159
f 1917/3266 1407/3265 1918/3268 3726/3267
f 3726/3267 1918/3268 1232/3269 1919/3270
f 1870/3159 3726/3267 1919/3270 1160/3156
f 1407/3265 1920/3271 3727/3272 1918/3268
f 1920/3271 1352/2966 1780/2973 3727/3272
f 3727/3272 1780/2973 1166/2972 1921/3273
f 1918/3268 3727/3272 1921/3273 1232/3269
f 1231/3256 1915/3260 3728/3274 1916/3264
f 1915/3260 1165/2968 1777/2967 3728/3274
f 3728/3274 1777/2967 1352/2966 1920/3271
f 1916/3264 3728/3274 1920/3271 1407/3265
f 1145/3200 1887/3199 3729/3275 1924/3276
f 1887/3199 1225/3198 1922/3277 3729/3275
f 3729/3275 1922/3277 1408/3278 1923/3279
f 1924/3276 3729/3275 1923/3279 1233/3280
f 1233/3280 1923/3279 3730/3281 1926/3282
f 1923/3279 1408/3278 1925/3283 3730/3281
f 3730/3281 1925/3283 1230/3228 1900/3225
f 1926/3282 3730/3281 1900/3225 1149/3224
f 1408/3278 1927/3284 3731/3285 1925/3283
f 1927/3284 1195/3286 1785/3287 3731/3285
f 3731/3285 1785/3287 1164/3246 1909/3244
f 1925/3283 3731/3285 1909/3244 1230/3228
f 1225/3198 1890/3206 3732/3288 1922/3277
f 1890/3206 1161/3205 1783/3289 3732/3288
f 3732/3288 1783/3289 1195/3286 1927/3284
f 1922/3277 3732/3288 1927/3284 1408/3278
f 1160/3156 1919/3270 3733/3290 1930/3291
f 1919/3270 1232/3269 1928/3292 3733/3290
f 3733/3290 1928/3292 1409/3293 1929/3294
f 1930/3291 3733/3290 1929/3294 1234/3295
f 1234/3295 1929/3294 3734/3296 1932/3297
f 1929/3294 1409/3293 1931/3298 3734/3296
f 3734/3296 1931/3298 1227/3211 1891/3208
f 1932/3297 3734/3296 1891/3208 1156/3207
f 1409/3293 1933/3299 3735/3300 1931/3298
f 1933/3299 1196/2985 1788/2988 3735/3300
f 3735/3300 1788/2988 1162/2895 1899/3222
f 1931/3298 3735/3300 1899/3222 1227/3211
f 1232/3269 1921/3273 3736/3301 1928/3292
f 1921/3273 1166/2972 1787/2986 3736/3301
f 3736/3301 1787/2986 1196/2985 1933/3299
f 1928/3292 3736/3301 1933/3299 1409/3293
f 1184/3302 1934/3303 3737/3304 1937/3305
f 1934/3303 1238/3306 1935/3307 3737/3304
f 3737/3304 1935/3307 1410/3308 1936/3309
f 1937/3305 3737/3304 1936/3309 1235/3310
f 1235/3310 1936/3309 3738/3311 1940/3312
f 1936/3309 1410/3308 1938/3313 3738/3311
f 3738/3311 1938/3313 1236/3314 1939/3315
f 1940/3312 3738/3311 1939/3315 1183/3316
f 1410/3308 1941/3317 3739/3318 1938/3313
f 1941/3317 1237/3319 1942/3320 3739/3318
f 3739/3318 1942/3320 1185/3321 1943/3322
f 1938/3313 3739/3318 1943/3322 1236/3314
f 1238/3306 1944/3323 3740/3324 1935/3307
f 1944/3323 1186/3325 1945/3326 3740/3324
f 3740/3324 1945/3326 1237/3319 1941/3317
f 1935/3307 3740/3324 1941/3317 1410/3308
f 1125/2646 1946/3327 3741/3328 1623/2641
f 1946/3327 1239/3329 1947/3330 3741/3328
f 3741/3328 1947/3330 1411/3331 1948/3332
f 1623/2641 3741/3328 1948/3332 1310/2638
f 1310/2638 1948/3332 3742/3333 1950/3334
f 1948/3332 1411/3331 1949/3335 3742/3333
f 3742/3333 1949/3335 1108/1658 2785/1657
f 1950/3334 3742/3333 2785/1657 1069/1656
f 1411/3331 1951/3336 3743/3337 1949/3335
f 1951/3336 1215/3113 1952/3338 3743/3337
f 3743/3337 1952/3338 1085/1663 2787/1662
f 1949/3335 3743/3337 2787/1662 1108/1658
f 1239/3329 1953/3339 3744/3340 1947/3330
f 1953/3339 1168/3115 1847/3114 3744/3340
f 3744/3340 1847/3114 1215/3113 1951/3336
f 1947/3330 3744/3340 1951/3336 1411/3331
f 1188/3341 1954/3342 3745/3343 1957/3344
f 1954/3342 1243/3345 1955/3346 3745/3343
f 3745/3343 1955/3346 1412/3347 1956/3348
f 1957/3344 3745/3343 1956/3348 1240/3349
f 1240/3349 1956/3348 3746/3350 1960/3351
f 1956/3348 1412/3347 1958/3352 3746/3350
f 3746/3350 1958/3352 1241/3353 1959/3354
f 1960/3351 3746/3350 1959/3354 1187/3355
f 1412/3347 1961/3356 3747/3357 1958/3352
f 1961/3356 1242/3358 1962/3359 3747/3357
f 3747/3357 1962/3359 1189/3360 1963/3361
f 1958/3352 3747/3357 1963/3361 1241/3353
f 1243/3345 1964/3362 3748/3363 1955/3346
f 1964/3362 1190/3364 1965/3365 3748/3363
f 3748/3363 1965/3365 1242/3358 1961/3356
f 1955/3346 3748/3363 1961/3356 1412/3347
f 1160/3156 1966/3366 3749/3367 1867/3157
f 1966/3366 1245/3368 1967/3369 3749/3367
f 3749/3367 1967/3369 1413/3370 1968/3371
f 1867/3157 3749/3367 1968/3371 1220/3160
f 1220/3160 1968/3371 3750/3372 1874/3170
f 1968/3371 1413/3370 1969/3373 3750/3372
f 3750/3372 1969/3373 1244/3374 1970/3375
f 1874/3170 3750/3372 1970/3375 1126/2553
f 1413/3370 1971/3376 3751/3377 1969/3373
f 1971/3376 1222/3181 1883/3189 3751/3377
f 3751/3377 1883/3189 1170/3188 1972/3378
f 1969/3373 3751/3377 1972/3378 1244/3374
f 1245/3368 1973/3379 3752/3380 1967/3369
f 1973/3379 1169/3183 1879/3182 3752/3380
f 3752/3380 1879/3182 1222/3181 1971/3376
f 1967/3369 3752/3380 1971/3376 1413/3370
f 1126/2553 1970/3375 3753/3381 1976/3382
f 1970/3375 1244/3374 1974/3383 3753/3381
f 3753/3381 1974/3383 1414/3384 1975/3385
f 1976/3382 3753/3381 1975/3385 1246/3386
f 1246/3386 1975/3385 3754/3387 1978/3388
f 1975/3385 1414/3384 1977/3389 3754/3387
f 3754/3387 1977/3389 1239/3329 1946/3327
f 1978/3388 3754/3387 1946/3327 1125/2646
f 1414/3384 1979/3390 3755/3391 1977/3389
f 1979/3390 1223/3186 1884/3191 3755/3391
f 3755/3391 1884/3191 1168/3115 1953/3339
f 1977/3389 3755/3391 1953/3339 1239/3329
f 1244/3374 1972/3378 3756/3392 1974/3383
f 1972/3378 1170/3188 1882/3187 3756/3392
f 3756/3392 1882/3187 1223/3186 1979/3390
f 1974/3383 3756/3392 1979/3390 1414/3384
f 1149/3224 1980/3393 3757/3394 1926/3282
f 1980/3393 1248/3395 1981/3396 3757/3394
f 3757/3394 1981/3396 1415/3397 1982/3398
f 1926/3282 3757/3394 1982/3398 1233/3280
f 1233/3280 1982/3398 3758/3399 1924/3276
f 1982/3398 1415/3397 1983/3400 3758/3399
f 3758/3399 1983/3400 1247/3401 1984/3402
f 1924/3276 3758/3399 1984/3402 1145/3200
f 1415/3397 1985/3403 3759/3404 1983/3400
f 1985/3403 1199/3007 1800/3009 3759/3404
f 3759/3404 1800/3009 1172/3013 1986/3405
f 1983/3400 3759/3404 1986/3405 1247/3401
f 1248/3395 1987/3406 3760/3407 1981/3396
f 1987/3406 1171/2999 1797/3002 3760/3407
f 3760/3407 1797/3002 1199/3007 1985/3403
f 1981/3396 3760/3407 1985/3403 1415/3397
f 1145/3200 1984/3402 3761/3408 1990/3409
f 1984/3402 1247/3401 1988/3410 3761/3408
f 3761/3408 1988/3410 1416/3411 1989/3412
f 1990/3409 3761/3408 1989/3412 1249/3413
f 1249/3413 1989/3412 3762/3414 1993/3415
f 1989/3412 1416/3411 1991/3416 3762/3414
f 3762/3414 1991/3416 1250/3417 1992/3418
f 1993/3415 3762/3414 1992/3418 1153/2454
f 1416/3411 1994/3419 3763/3420 1991/3416
f 1994/3419 1200/3011 1803/3019 3763/3420
f 3763/3420 1803/3019 1173/3018 1995/3421
f 1991/3416 3763/3420 1995/3421 1250/3417
f 1247/3401 1986/3405 3764/3422 1988/3410
f 1986/3405 1172/3013 1799/3012 3764/3422
f 3764/3422 1799/3012 1200/3011 1994/3419
f 1988/3410 3764/3422 1994/3419 1416/3411
f 1153/2454 1992/3418 3765/3423 1534/2455
f 1992/3418 1250/3417 1996/3424 3765/3423
f 3765/3423 1996/3424 1417/3425 1997/3426
f 1534/2455 3765/3423 1997/3426 1281/2448
f 1281/2448 1997/3426 3766/3427 1531/2449
f 1997/3426 1417/3425 1998/3428 3766/3427
f 3766/3427 1998/3428 1251/3429 1999/3430
f 1531/2449 3766/3427 1999/3430 1152/2450
f 1417/3425 2000/3431 3767/3432 1998/3428
f 2000/3431 1201/3016 1805/3023 3767/3432
f 3767/3432 1805/3023 1174/3022 2001/3433
f 1998/3428 3767/3432 2001/3433 1251/3429
f 1250/3417 1995/3421 3768/3434 1996/3424
f 1995/3421 1173/3018 1802/3017 3768/3434
f 3768/3434 1802/3017 1201/3016 2000/3431
f 1996/3424 3768/3434 2000/3431 1417/3425
f 1152/2450 1999/3430 3769/3435 2004/3436
f 1999/3430 1251/3429 2002/3437 3769/3435
f 3769/3435 2002/3437 1418/3438 2003/3439
f 2004/3436 3769/3435 2003/3439 1252/3440
f 1252/3440 2003/3439 3770/3441 2006/3442
f 2003/3439 1418/3438 2005/3443 3770/3441
f 3770/3441 2005/3443 1248/3395 1980/3393
f 2006/3442 3770/3441 1980/3393 1149/3224
f 1418/3438 2007/3444 3771/3445 2005/3443
f 2007/3444 1202/3003 1794/3000 3771/3445
f 3771/3445 1794/3000 1171/2999 1987/3406
f 2005/3443 3771/3445 1987/3406 1248/3395
f 1251/3429 2001/3433 3772/3446 2002/3437
f 2001/3433 1174/3022 1804/3020 3772/3446
f 3772/3446 1804/3020 1202/3003 2007/3444
f 2002/3437 3772/3446 2007/3444 1418/3438
f 1148/3042 2008/3447 3773/3448 1906/3234
f 2008/3447 1254/3449 2009/3450 3773/3448
f 3773/3448 2009/3450 1419/3451 2010/3452
f 1906/3234 3773/3448 2010/3452 1228/3232
f 1228/3232 2010/3452 3774/3453 1903/3227
f 2010/3452 1419/3451 2011/3454 3774/3453
f 3774/3453 2011/3454 1253/3455 2012/3456
f 1903/3227 3774/3453 2012/3456 1149/3224
f 1419/3451 2013/3457 3775/3458 2011/3454
f 2013/3457 1205/3056 1822/3058 3775/3458
f 3775/3458 1822/3058 1176/3062 2014/3459
f 2011/3454 3775/3458 2014/3459 1253/3455
f 1254/3449 2015/3460 3776/3461 2009/3450
f 2015/3460 1175/3048 1819/3051 3776/3461
f 3776/3461 1819/3051 1205/3056 2013/3457
f 2009/3450 3776/3461 2013/3457 1419/3451
f 1149/3224 2012/3456 3777/3462 2006/3442
f 2012/3456 1253/3455 2016/3463 3777/3462
f 3777/3462 2016/3463 1420/3464 2017/3465
f 2006/3442 3777/3462 2017/3465 1252/3440
f 1252/3440 2017/3465 3778/3466 2004/3436
f 2017/3465 1420/3464 2018/3467 3778/3466
f 3778/3466 2018/3467 1255/3468 2019/3469
f 2004/3436 3778/3466 2019/3469 1152/2450
f 1420/3464 2020/3470 3779/3471 2018/3467
f 2020/3470 1206/3060 1825/3068 3779/3471
f 3779/3471 1825/3068 1177/3067 2021/3472
f 2018/3467 3779/3471 2021/3472 1255/3468
f 1253/3455 2014/3459 3780/3473 2016/3463
f 2014/3459 1176/3062 1821/3061 3780/3473
f 3780/3473 1821/3061 1206/3060 2020/3470
f 2016/3463 3780/3473 2020/3470 1420/3464
f 1152/2450 2019/3469 3781/3474 1544/2478
f 2019/3469 1255/3468 2022/3475 3781/3474
f 3781/3474 2022/3475 1421/3476 2023/3477
f 1544/2478 3781/3474 2023/3477 1285/2473
f 1285/2473 2023/3477 3782/3478 1542/2474
f 2023/3477 1421/3476 2024/3479 3782/3478
f 3782/3478 2024/3479 1256/3480 2025/3481
f 1542/2474 3782/3478 2025/3481 1155/2475
f 1421/3476 2026/3482 3783/3483 2024/3479
f 2026/3482 1207/3065 1827/3072 3783/3483
f 3783/3483 1827/3072 1178/3071 2027/3484
f 2024/3479 3783/3483 2027/3484 1256/3480
f 1255/3468 2021/3472 3784/3485 2022/3475
f 2021/3472 1177/3067 1824/3066 3784/3485
f 3784/3485 1824/3066 1207/3065 2026/3482
f 2022/3475 3784/3485 2026/3482 1421/3476
f 1155/2475 2025/3481 3785/3486 1814/3045
f 2025/3481 1256/3480 2028/3487 3785/3486
f 3785/3486 2028/3487 1422/3488 2029/3489
f 1814/3045 3785/3486 2029/3489 1204/3040
f 1204/3040 2029/3489 3786/3490 1812/3041
f 2029/3489 1422/3488 2030/3491 3786/3490
f 3786/3490 2030/3491 1254/3449 2008/3447
f 1812/3041 3786/3490 2008/3447 1148/3042
f 1422/3488 2031/3492 3787/3493 2030/3491
f 2031/3492 1208/3052 1816/3049 3787/3493
f 3787/3493 1816/3049 1175/3048 2015/3460
f 2030/3491 3787/3493 2015/3460 1254/3449
f 1256/3480 2027/3484 3788/3494 2028/3487
f 2027/3484 1178/3071 1826/3069 3788/3494
f 3788/3494 1826/3069 1208/3052 2031/3492
f 2028/3487 3788/3494 2031/3492 1422/3488
f 1145/3200 2032/3495 3789/3496 1888/3195
f 2032/3495 1258/3497 2033/3498 3789/3496
f 3789/3496 2033/3498 1423/3499 2034/3500
f 1888/3195 3789/3496 2034/3500 1224/3192
f 1224/3192 2034/3500 3790/3501 2037/3502
f 2034/3500 1423/3499 2035/3503 3790/3501
f 3790/3501 2035/3503 1257/3504 2036/3505
f 2037/3502 3790/3501 2036/3505 1076/1829
f 1423/3499 2038/3506 3791/3507 2035/3503
f 2038/3506 1209/3085 1836/3087 3791/3507
f 3791/3507 1836/3087 1180/3091 2039/3508
f 2035/3503 3791/3507 2039/3508 1257/3504
f 1258/3497 2040/3509 3792/3510 2033/3498
f 2040/3509 1179/3077 1833/3080 3792/3510
f 3792/3510 1833/3080 1209/3085 2038/3506
f 2033/3498 3792/3510 2038/3506 1423/3499
f 1424/3511 2041/3512 3793/3513 2043/3514
f 2041/3512 1210/3089 1839/3097 3793/3513
f 3793/3513 1839/3097 1181/3096 2042/3515
f 2043/3514 3793/3513 2042/3515 1259/3516
f 1257/3504 2039/3508 3794/3517 2044/3518
f 2039/3508 1180/3091 1835/3090 3794/3517
f 3794/3517 1835/3090 1210/3089 2041/3512
f 2044/3518 3794/3517 2041/3512 1424/3511
f 1293/2526 2045/3519 3795/3520 1567/2527
f 2045/3519 1425/3521 2046/3522 3795/3520
f 3795/3520 2046/3522 1260/3523 2047/3524
f 1567/2527 3795/3520 2047/3524 1153/2454
f 1425/3521 2048/3525 3796/3526 2046/3522
f 2048/3525 1211/3094 1841/3101 3796/3526
f 3796/3526 1841/3101 1182/3100 2049/3527
f 2046/3522 3796/3526 2049/3527 1260/3523
f 1259/3516 2042/3515 3797/3528 2050/3529
f 2042/3515 1181/3096 1838/3095 3797/3528
f 3797/3528 1838/3095 1211/3094 2048/3525
f 2050/3529 3797/3528 2048/3525 1425/3521
f 1153/2454 2047/3524 3798/3530 1993/3415
f 2047/3524 1260/3523 2051/3531 3798/3530
f 3798/3530 2051/3531 1426/3532 2052/3533
f 1993/3415 3798/3530 2052/3533 1249/3413
f 1249/3413 2052/3533 3799/3534 1990/3409
f 2052/3533 1426/3532 2053/3535 3799/3534
f 3799/3534 2053/3535 1258/3497 2032/3495
f 1990/3409 3799/3534 2032/3495 1145/3200
f 1426/3532 2054/3536 3800/3537 2053/3535
f 2054/3536 1212/3081 1830/3078 3800/3537
f 3800/3537 1830/3078 1179/3077 2040/3509
f 2053/3535 3800/3537 2040/3509 1258/3497
f 1260/3523 2049/3527 3801/3538 2051/3531
f 2049/3527 1182/3100 1840/3098 3801/3538
f 3801/3538 1840/3098 1212/3081 2054/3536
f 2051/3531 3801/3538 2054/3536 1426/3532
f 1226/3215 2055/3539 3802/3540 1894/3210
f 2055/3539 1427/3541 2056/3542 3802/3540
f 3802/3540 2056/3542 1261/3543 2057/3544
f 1894/3210 3802/3540 2057/3544 1156/3207
f 1427/3541 2058/3545 3803/3546 2056/3542
f 2058/3545 1235/3310 1940/3312 3803/3546
f 3803/3546 1940/3312 1183/3316 2059/3547
f 2056/3542 3803/3546 2059/3547 1261/3543
f 1262/3548 2060/3549 3804/3550 2061/3551
f 2060/3549 1184/3302 1937/3305 3804/3550
f 3804/3550 1937/3305 1235/3310 2058/3545
f 2061/3551 3804/3550 2058/3545 1427/3541
f 1156/3207 2057/3544 3805/3552 2064/3553
f 2057/3544 1261/3543 2062/3554 3805/3552
f 3805/3552 2062/3554 1428/3555 2063/3556
f 2064/3553 3805/3552 2063/3556 1263/3557
f 1263/3557 2063/3556 3806/3558 2067/3559
f 2063/3556 1428/3555 2065/3560 3806/3558
f 3806/3558 2065/3560 1264/3561 2066/3562
f 2067/3559 3806/3558 2066/3562 1167/3110
f 1428/3555 2068/3563 3807/3564 2065/3560
f 2068/3563 1236/3314 1943/3322 3807/3564
f 3807/3564 1943/3322 1185/3321 2069/3565
f 2065/3560 3807/3564 2069/3565 1264/3561
f 1261/3543 2059/3547 3808/3566 2062/3554
f 2059/3547 1183/3316 1939/3315 3808/3566
f 3808/3566 1939/3315 1236/3314 2068/3563
f 2062/3554 3808/3566 2068/3563 1428/3555
f 1167/3110 2066/3562 3809/3567 1845/3105
f 2066/3562 1264/3561 2070/3568 3809/3567
f 3809/3567 2070/3568 1429/3569 2071/3570
f 1845/3105 3809/3567 2071/3570 1213/3102
f 1213/3102 2071/3570 3810/3571 2074/3572
f 2071/3570 1429/3569 2072/3573 3810/3571
f 3810/3571 2072/3573 1265/3574 2073/3575
f 2074/3572 3810/3571 2073/3575 1084/1900
f 1429/3569 2075/3576 3811/3577 2072/3573
f 2075/3576 1237/3319 1945/3326 3811/3577
f 3811/3577 1945/3326 1186/3325 2076/3578
f 2072/3573 3811/3577 2076/3578 1265/3574
f 1264/3561 2069/3565 3812/3579 2070/3568
f 2069/3565 1185/3321 1942/3320 3812/3579
f 3812/3579 1942/3320 1237/3319 2075/3576
f 2070/3568 3812/3579 2075/3576 1429/3569
f 1430/3580 2077/3581 3813/3582 2078/3583
f 2077/3581 1238/3306 1934/3303 3813/3582
f 3813/3582 1934/3303 1184/3302 2060/3549
f 2078/3583 3813/3582 2060/3549 1262/3548
f 1265/3574 2076/3578 3814/3584 2079/3585
f 2076/3578 1186/3325 1944/3323 3814/3584
f 3814/3584 1944/3323 1238/3306 2077/3581
f 2079/3585 3814/3584 2077/3581 1430/3580
f 1156/3207 2080/3586 3815/3587 1932/3297
f 2080/3586 1267/3588 2081/3589 3815/3587
f 3815/3587 2081/3589 1431/3590 2082/3591
f 1932/3297 3815/3587 2082/3591 1234/3295
f 1234/3295 2082/3591 3816/3592 1930/3291
f 2082/3591 1431/3590 2083/3593 3816/3592
f 3816/3592 2083/3593 1266/3594 2084/3595
f 1930/3291 3816/3592 2084/3595 1160/3156
f 1431/3590 2085/3596 3817/3597 2083/3593
f 2085/3596 1240/3349 1960/3351 3817/3597
f 3817/3597 1960/3351 1187/3355 2086/3598
f 2083/3593 3817/3597 2086/3598 1266/3594
f 1267/3588 2087/3599 3818/3600 2081/3589
f 2087/3599 1188/3341 1957/3344 3818/3600
f 3818/3600 1957/3344 1240/3349 2085/3596
f 2081/3589 3818/3600 2085/3596 1431/3590
f 1160/3156 2084/3595 3819/3601 1966/3366
f 2084/3595 1266/3594 2088/3602 3819/3601
f 3819/3601 2088/3602 1432/3603 2089/3604
f 1966/3366 3819/3601 2089/3604 1245/3368
f 1245/3368 2089/3604 3820/3605 1973/3379
f 2089/3604 1432/3603 2090/3606 3820/3605
f 3820/3605 2090/3606 1268/3607 2091/3608
f 1973/3379 3820/3605 2091/3608 1169/3183
f 1432/3603 2092/3609 3821/3610 2090/3606
f 2092/3609 1241/3353 1963/3361 3821/3610
f 3821/3610 1963/3361 1189/3360 2093/3611
f 2090/3606 3821/3610 2093/3611 1268/3607
f 1266/3594 2086/3598 3822/3612 2088/3602
f 2086/3598 1187/3355 1959/3354 3822/3612
f 3822/3612 1959/3354 1241/3353 2092/3609
f 2088/3602 3822/3612 2092/3609 1432/3603
f 1169/3183 2091/3608 3823/3613 1880/3179
f 2091/3608 1268/3607 2094/3614 3823/3613
f 3823/3613 2094/3614 1433/3615 2095/3616
f 1880/3179 3823/3613 2095/3616 1221/3177
f 1221/3177 2095/3616 3824/3617 1877/3173
f 2095/3616 1433/3615 2096/3618 3824/3617
f 3824/3617 2096/3618 1269/3619 2097/3620
f 1877/3173 3824/3617 2097/3620 1167/3110
f 1433/3615 2098/3621 3825/3622 2096/3618
f 2098/3621 1242/3358 1965/3365 3825/3622
f 3825/3622 1965/3365 1190/3364 2099/3623
f 2096/3618 3825/3622 2099/3623 1269/3619
f 1268/3607 2093/3611 3826/3624 2094/3614
f 2093/3611 1189/3360 1962/3359 3826/3624
f 3826/3624 1962/3359 1242/3358 2098/3621
f 2094/3614 3826/3624 2098/3621 1433/3615
f 1167/3110 2097/3620 3827/3625 2067/3559
f 2097/3620 1269/3619 2100/3626 3827/3625
f 3827/3625 2100/3626 1434/3627 2101/3628
f 2067/3559 3827/3625 2101/3628 1263/3557
f 1263/3557 2101/3628 3828/3629 2064/3553
f 2101/3628 1434/3627 2102/3630 3828/3629
f 3828/3629 2102/3630 1267/3588 2080/3586
f 2064/3553 3828/3629 2080/3586 1156/3207
f 1434/3627 2103/3631 3829/3632 2102/3630
f 2103/3631 1243/3345 1954/3342 3829/3632
f 3829/3632 1954/3342 1188/3341 2087/3599
f 2102/3630 3829/3632 2087/3599 1267/3588
f 1269/3619 2099/3623 3830/3633 2100/3626
f 2099/3623 1190/3364 1964/3362 3830/3633
f 3830/3633 1964/3362 1243/3345 2103/3631
f 2100/3626 3830/3633 2103/3631 1434/3627
f 1125/2646 2104/3634 3831/3635 1978/3388
f 2104/3634 1271/3636 2105/3637 3831/3635
f 3831/3635 2105/3637 1435/3638 2106/3639
f 1978/3388 3831/3635 2106/3639 1246/3386
f 1246/3386 2106/3639 3832/3640 1976/3382
f 2106/3639 1435/3638 2107/3641 3832/3640
f 3832/3640 2107/3641 1270/3642 2108/3643
f 1976/3382 3832/3640 2108/3643 1126/2553
f 1435/3638 2109/3644 3833/3645 2107/3641
f 2109/3644 1294/2536 1574/2538 3833/3645
f 3833/3645 1574/2538 1192/2542 2110/3646
f 2107/3641 3833/3645 2110/3646 1270/3642
f 1271/3636 2111/3647 3834/3648 2105/3637
f 2111/3647 1191/2528 1571/2531 3834/3648
f 3834/3648 1571/2531 1294/2536 2109/3644
f 2105/3637 3834/3648 2109/3644 1435/3638
f 1126/2553 2108/3643 3835/3649 1580/2554
f 2108/3643 1270/3642 2112/3650 3835/3649
f 3835/3649 2112/3650 1436/3651 2113/3652
f 1580/2554 3835/3649 2113/3652 1301/2557
f 1301/2557 2113/3652 3836/3653 1590/2574
f 2113/3652 1436/3651 2114/3654 3836/3653
f 3836/3653 2114/3654 1272/3655 2115/3656
f 1590/2574 3836/3653 2115/3656 1131/2576
f 1436/3651 2116/3657 3837/3658 2114/3654
f 2116/3657 1295/2540 1577/2548 3837/3658
f 3837/3658 1577/2548 1193/2547 2117/3659
f 2114/3654 3837/3658 2117/3659 1272/3655
f 1270/3642 2110/3646 3838/3660 2112/3650
f 2110/3646 1192/2542 1573/2541 3838/3660
f 3838/3660 1573/2541 1295/2540 2116/3657
f 2112/3650 3838/3660 2116/3657 1436/3651
f 1131/2576 2115/3656 3839/3661 1633/2662
f 2115/3656 1272/3655 2118/3662 3839/3661
f 3839/3661 2118/3662 1437/3663 2119/3664
f 1633/2662 3839/3661 2119/3664 1313/2660
f 1313/2660 2119/3664 3840/3665 1630/2655
f 2119/3664 1437/3663 2120/3666 3840/3665
f 3840/3665 2120/3666 1273/3667 2121/3668
f 1630/2655 3840/3665 2121/3668 1130/2651
f 1437/3663 2122/3669 3841/3670 2120/3666
f 2122/3669 1296/2545 1579/2552 3841/3670
f 3841/3670 1579/2552 1194/2551 2123/3671
f 2120/3666 3841/3670 2123/3671 1273/3667
f 1272/3655 2117/3659 3842/3672 2118/3662
f 2117/3659 1193/2547 1576/2546 3842/3672
f 3842/3672 1576/2546 1296/2545 2122/3669
f 2118/3662 3842/3672 2122/3669 1437/3663
f 1130/2651 2121/3668 3843/3673 1626/2652
f 2121/3668 1273/3667 2124/3674 3843/3673
f 3843/3673 2124/3674 1438/3675 2125/3676
f 1626/2652 3843/3673 2125/3676 1311/2644
f 1311/2644 2125/3676 3844/3677 1622/2645
f 2125/3676 1438/3675 2126/3678 3844/3677
f 3844/3677 2126/3678 1271/3636 2104/3634
f 1622/2645 3844/3677 2104/3634 1125/2646
f 1438/3675 2127/3679 3845/3680 2126/3678
f 2127/3679 1297/2532 1568/2529 3845/3680
f 3845/3680 1568/2529 1191/2528 2111/3647
f 2126/3678 3845/3680 2111/3647 1271/3636
f 1273/3667 2123/3671 3846/3681 2124/3674
f 2123/3671 1194/2551 1578/2549 3846/3681
f 3846/3681 1578/2549 1297/2532 2127/3679
f 2124/3674 3846/3681 2127/3679 1438/3675
f 1276/3682 2128/3683 3847/3684 2130/3685
f 2128/3683 1439/3686 2129/3687 3847/3684
f 3847/3684 2129/3687 1112/3688 2966/3689
f 2130/3685 3847/3684 2966/3689 1086/3690
f 1439/3686 2131/3691 3848/3692 2129/3687
f 2131/3691 1274/3693 2132/3694 3848/3692
f 3848/3692 2132/3694 1088/3695 2969/3696
f 2129/3687 3848/3692 2969/3696 1112/3688
f 1277/3697 2133/3698 3849/3699 2135/3700
f 2133/3698 1440/3701 2134/3702 3849/3699
f 3849/3699 2134/3702 1113/3703 2973/3704
f 2135/3700 3849/3699 2973/3704 1089/3705
f 1440/3701 2136/3706 3850/3707 2134/3702
f 2136/3706 1276/3682 2130/3685 3850/3707
f 3850/3707 2130/3685 1086/3690 2976/3708
f 2134/3702 3850/3707 2976/3708 1113/3703
f 1278/3709 2137/3710 3851/3711 2139/3712
f 2137/3710 1441/3713 2138/3714 3851/3711
f 3851/3711 2138/3714 1114/3715 2979/3716
f 2139/3712 3851/3711 2979/3716 1090/3717
f 1441/3713 2140/3718 3852/3719 2138/3714
f 2140/3718 1277/3697 2135/3700 3852/3719
f 3852/3719 2135/3700 1089/3705 2982/3720
f 2138/3714 3852/3719 2982/3720 1114/3715
f 1442/3721 2141/3722 3853/3723 2143/3724
f 2141/3722 1115/3725 2986/3726 3853/3723
f 3853/3723 2986/3726 1087/3727 2142/3728
f 2143/3724 3853/3723 2142/3728 1275/3729
f 1278/3709 2139/3712 3854/3730 2144/3731
f 2139/3712 1090/3717 2989/3732 3854/3730
f 3854/3730 2989/3732 1115/3725 2141/3722
f 2144/3731 3854/3730 2141/3722 1442/3721
f 1443/3733 2145/3734 3855/3735 2146/3736
f 2145/3734 1358/2506 1560/2509 3855/3735
f 3855/3735 1560/2509 1091/2514 2991/3737
f 2146/3736 3855/3735 2991/3737 1116/3738
f 1446/3739 2147/3740 3856/3741 2149/3742
f 2147/3740 1286/2487 1557/2504 3856/3741
f 3856/3741 1557/2504 1357/2494 2148/3743
f 2149/3742 3856/3741 2148/3743 1445/3744
f 1447/3745 2150/3746 3857/3747 2151/3748
f 2150/3746 1356/2479 1548/2482 3857/3747
f 3857/3747 1548/2482 1286/2487 2147/3740
f 2151/3748 3857/3747 2147/3740 1446/3739
f 1448/3749 2152/3750 3858/3751 2153/3752
f 2152/3750 1288/2488 1551/2491 3858/3751
f 3858/3751 1551/2491 1356/2479 2150/3746
f 2153/3752 3858/3751 2150/3746 1447/3745
f 1450/3753 2154/3754 3859/3755 2156/3756
f 2154/3754 1392/3024 1808/3027 3859/3755
f 3859/3755 1808/3027 1203/3029 2155/3757
f 2156/3756 3859/3755 2155/3757 1449/3758
f 1451/3759 2157/3760 3860/3761 2158/3762
f 2157/3760 1197/3030 1809/3033 3860/3761
f 3860/3761 1809/3033 1392/3024 2154/3754
f 2158/3762 3860/3761 2154/3754 1450/3753
f 1452/3763 2159/3764 3861/3765 2160/3766
f 2159/3764 1390/2989 1791/2992 3861/3765
f 3861/3765 1791/2992 1197/2994 2157/3767
f 2160/3766 3861/3765 2157/3767 1451/3768
f 1453/3769 2161/3770 3862/3771 2162/3772
f 2161/3770 1198/2995 1793/2998 3862/3771
f 3862/3771 1793/2998 1390/2989 2159/3764
f 2162/3772 3862/3771 2159/3764 1452/3763
f 1454/3773 2163/3774 3863/3775 2164/3776
f 2163/3774 1395/3073 1829/3076 3863/3775
f 3863/3775 1829/3076 1198/2995 2161/3770
f 2164/3776 3863/3775 2161/3770 1453/3769
f 1467/3777 2165/3778 3864/3779 2167/3780
f 2165/3778 1448/3749 2153/3752 3864/3779
f 3864/3779 2153/3752 1447/3745 2166/3781
f 2167/3780 3864/3779 2166/3781 1470/3782
f 1470/3782 2166/3781 3865/3783 2169/3784
f 2166/3781 1447/3745 2151/3748 3865/3783
f 3865/3783 2151/3748 1446/3739 2168/3785
f 2169/3784 3865/3783 2168/3785 1473/3786
f 1473/3786 2168/3785 3866/3787 2171/3788
f 2168/3785 1446/3739 2149/3742 3866/3787
f 3866/3787 2149/3742 1445/3744 2170/3789
f 2171/3788 3866/3787 2170/3789 1476/3790
f 1481/3791 2172/3792 3867/3793 2173/3794
f 2172/3792 1443/3733 2146/3736 3867/3793
f 3867/3793 2146/3736 1116/3738 3019/3795
f 2173/3794 3867/3793 3019/3795 1118/3796
f 1455/3797 2174/3798 3868/3799 2177/3800
f 2174/3798 1517/3801 2175/3802 3868/3799
f 3868/3799 2175/3802 1518/3803 2176/3804
f 2177/3800 3868/3799 2176/3804 1458/3805
f 1458/3805 2176/3804 3869/3806 2180/3807
f 2176/3804 1518/3803 2178/3808 3869/3806
f 3869/3806 2178/3808 1519/3809 2179/3810
f 2180/3807 3869/3806 2179/3810 1461/3811
f 1461/3811 2179/3810 3870/3812 2183/3813
f 2179/3810 1519/3809 2181/3814 3870/3812
f 3870/3812 2181/3814 1520/3815 2182/3816
f 2183/3813 3870/3812 2182/3816 1464/3817
f 1464/3817 2182/3816 3871/3818 2186/3819
f 2182/3816 1520/3815 2184/3820 3871/3818
f 3871/3818 2184/3820 1521/3821 2185/3822
f 2186/3819 3871/3818 2185/3822 1467/3777
f 1467/3777 2185/3822 3872/3823 2165/3778
f 2185/3822 1521/3821 2187/3824 3872/3823
f 3872/3823 2187/3824 1522/3825 2188/3826
f 2165/3778 3872/3823 2188/3826 1448/3749
f 1484/3827 2189/3828 3873/3829 2191/3830
f 2189/3828 1516/3831 2190/3832 3873/3829
f 3873/3829 2190/3832 1517/3801 2174/3798
f 2191/3830 3873/3829 2174/3798 1455/3797
f 1274/3693 2192/3833 3874/3834 2132/3694
f 2192/3833 1505/3835 2193/3836 3874/3834
f 3874/3834 2193/3836 1506/3837 2194/3838
f 2132/3694 3874/3834 2194/3838 1088/3695
f 1475/3839 2195/3840 3875/3841 2197/3842
f 2195/3840 1478/3843 2196/3844 3875/3841
f 3875/3841 2196/3844 1439/3686 2128/3683
f 2197/3842 3875/3841 2128/3683 1276/3682
f 1478/3843 2198/3845 3876/3846 2196/3844
f 2198/3845 1480/3847 2199/3848 3876/3846
f 3876/3846 2199/3848 1274/3693 2131/3691
f 2196/3844 3876/3846 2131/3691 1439/3686
f 1469/3849 2200/3850 3877/3851 2202/3852
f 2200/3850 1472/3853 2201/3854 3877/3851
f 3877/3851 2201/3854 1440/3701 2133/3698
f 2202/3852 3877/3851 2133/3698 1277/3697
f 1472/3853 2203/3855 3878/3856 2201/3854
f 2203/3855 1475/3839 2197/3842 3878/3856
f 3878/3856 2197/3842 1276/3682 2136/3706
f 2201/3854 3878/3856 2136/3706 1440/3701
f 1463/3857 2204/3858 3879/3859 2206/3860
f 2204/3858 1466/3861 2205/3862 3879/3859
f 3879/3859 2205/3862 1441/3713 2137/3710
f 2206/3860 3879/3859 2137/3710 1278/3709
f 1466/3861 2207/3863 3880/3864 2205/3862
f 2207/3863 1469/3849 2202/3852 3880/3864
f 3880/3864 2202/3852 1277/3697 2140/3718
f 2205/3862 3880/3864 2140/3718 1441/3713
f 1463/3857 2206/3860 3881/3865 2209/3866
f 2206/3860 1278/3709 2144/3731 3881/3865
f 3881/3865 2144/3731 1442/3721 2208/3867
f 2209/3866 3881/3865 2208/3867 1460/3868
f 1460/3868 2208/3867 3882/3869 2211/3870
f 2208/3867 1442/3721 2143/3724 3882/3869
f 3882/3869 2143/3724 1275/3729 2210/3871
f 2211/3870 3882/3869 2210/3871 1457/3872
f 1455/3797 2177/3800 3883/3873 2214/3874
f 2177/3800 1458/3805 2212/3875 3883/3873
f 3883/3873 2212/3875 1459/3876 2213/3877
f 2214/3874 3883/3873 2213/3877 1456/3878
f 1456/3878 2213/3877 3884/3879 2216/3880
f 2213/3877 1459/3876 2215/3881 3884/3879
f 3884/3879 2215/3881 1460/3868 2211/3870
f 2216/3880 3884/3879 2211/3870 1457/3872
f 1458/3805 2180/3807 3885/3882 2212/3875
f 2180/3807 1461/3811 2217/3883 3885/3882
f 3885/3882 2217/3883 1462/3884 2218/3885
f 2212/3875 3885/3882 2218/3885 1459/3876
f 1459/3876 2218/3885 3886/3886 2215/3881
f 2218/3885 1462/3884 2219/3887 3886/3886
f 3886/3886 2219/3887 1463/3857 2209/3866
f 2215/3881 3886/3886 2209/3866 1460/3868
f 1461/3811 2183/3813 3887/3888 2217/3883
f 2183/3813 1464/3817 2220/3889 3887/3888
f 3887/3888 2220/3889 1465/3890 2221/3891
f 2217/3883 3887/3888 2221/3891 1462/3884
f 1462/3884 2221/3891 3888/3892 2219/3887
f 2221/3891 1465/3890 2222/3893 3888/3892
f 3888/3892 2222/3893 1466/3861 2204/3858
f 2219/3887 3888/3892 2204/3858 1463/3857
f 1464/3817 2186/3819 3889/3894 2220/3889
f 2186/3819 1467/3777 2223/3895 3889/3894
f 3889/3894 2223/3895 1468/3896 2224/3897
f 2220/3889 3889/3894 2224/3897 1465/3890
f 1465/3890 2224/3897 3890/3898 2222/3893
f 2224/3897 1468/3896 2225/3899 3890/3898
f 3890/3898 2225/3899 1469/3849 2207/3863
f 2222/3893 3890/3898 2207/3863 1466/3861
f 1467/3777 2167/3780 3891/3900 2223/3895
f 2167/3780 1470/3782 2226/3901 3891/3900
f 3891/3900 2226/3901 1471/3902 2227/3903
f 2223/3895 3891/3900 2227/3903 1468/3896
f 1468/3896 2227/3903 3892/3904 2225/3899
f 2227/3903 1471/3902 2228/3905 3892/3904
f 3892/3904 2228/3905 1472/3853 2200/3850
f 2225/3899 3892/3904 2200/3850 1469/3849
f 1470/3782 2169/3784 3893/3906 2226/3901
f 2169/3784 1473/3786 2229/3907 3893/3906
f 3893/3906 2229/3907 1474/3908 2230/3909
f 2226/3901 3893/3906 2230/3909 1471/3902
f 1471/3902 2230/3909 3894/3910 2228/3905
f 2230/3909 1474/3908 2231/3911 3894/3910
f 3894/3910 2231/3911 1475/3839 2203/3855
f 2228/3905 3894/3910 2203/3855 1472/3853
f 1473/3786 2171/3788 3895/3912 2229/3907
f 2171/3788 1476/3790 2232/3913 3895/3912
f 3895/3912 2232/3913 1477/3914 2233/3915
f 2229/3907 3895/3912 2233/3915 1474/3908
f 1474/3908 2233/3915 3896/3916 2231/3911
f 2233/3915 1477/3914 2234/3917 3896/3916
f 3896/3916 2234/3917 1478/3843 2195/3840
f 2231/3911 3896/3916 2195/3840 1475/3839
f 1476/3790 2235/3918 3897/3919 2232/3913
f 2235/3918 1444/3920 2236/3921 3897/3919
f 3897/3919 2236/3921 1479/3922 2237/3923
f 2232/3913 3897/3919 2237/3923 1477/3914
f 1477/3914 2237/3923 3898/3924 2234/3917
f 2237/3923 1479/3922 2238/3925 3898/3924
f 3898/3924 2238/3925 1480/3847 2198/3845
f 2234/3917 3898/3924 2198/3845 1478/3843
f 1444/3920 2239/3926 3899/3927 2236/3921
f 2239/3926 1481/3791 2240/3928 3899/3927
f 3899/3927 2240/3928 1482/3929 2241/3930
f 2236/3921 3899/3927 2241/3930 1479/3922
f 1479/3922 2241/3930 3900/3931 2238/3925
f 2241/3930 1482/3929 2242/3932 3900/3931
f 3900/3931 2242/3932 1483/3933 2243/3934
f 2238/3925 3900/3931 2243/3934 1480/3847
f 1481/3791 2173/3794 3901/3935 2240/3928
f 2173/3794 1118/3796 3091/3936 3901/3935
f 3901/3935 3091/3936 1123/3937 2244/3938
f 2240/3928 3901/3935 2244/3938 1482/3929
f 1482/3929 2244/3938 3902/3939 2242/3932
f 2244/3938 1123/3937 3093/3940 3902/3939
f 3902/3939 3093/3940 1119/3941 2245/3942
f 2242/3932 3902/3939 2245/3942 1483/3933
f 1457/3872 2246/3943 3903/3944 2216/3880
f 2246/3943 1486/3945 2247/3946 3903/3944
f 3903/3944 2247/3946 1485/3947 2248/3948
f 2216/3880 3903/3944 2248/3948 1456/3878
f 1456/3878 2248/3948 3904/3949 2214/3874
f 2248/3948 1485/3947 2249/3950 3904/3949
f 3904/3949 2249/3950 1484/3827 2191/3830
f 2214/3874 3904/3949 2191/3830 1455/3797
f 1358/2506 2145/3734 3905/3951 1562/2516
f 2145/3734 1443/3733 2250/3952 3905/3951
f 3905/3951 2250/3952 1487/3953 2251/3954
f 1562/2516 3905/3951 2251/3954 1289/2502
f 1289/2502 2251/3954 3906/3955 1555/2497
f 2251/3954 1487/3953 2252/3956 3906/3955
f 3906/3955 2252/3956 1445/3744 2148/3743
f 1555/2497 3906/3955 2148/3743 1357/2494
f 1476/3790 2170/3789 3907/3957 2235/3918
f 2170/3789 1445/3744 2252/3956 3907/3957
f 3907/3957 2252/3956 1487/3953 2253/3958
f 2235/3918 3907/3957 2253/3958 1444/3920
f 1444/3920 2253/3958 3908/3959 2239/3926
f 2253/3958 1487/3953 2250/3952 3908/3959
f 3908/3959 2250/3952 1443/3733 2172/3792
f 2239/3926 3908/3959 2172/3792 1481/3791
f 1489/3960 2254/3961 3909/3962 2256/3963
f 2254/3961 1450/3964 2156/3965 3909/3962
f 3909/3962 2156/3965 1449/3966 2255/3967
f 2256/3963 3909/3962 2255/3967 1488/3968
f 1490/3969 2257/3970 3910/3971 2258/3972
f 2257/3970 1451/3973 2158/3974 3910/3971
f 3910/3971 2158/3974 1450/3964 2254/3961
f 2258/3972 3910/3971 2254/3961 1489/3960
f 1491/3975 2259/3976 3911/3977 2260/3978
f 2259/3976 1452/3979 2160/3980 3911/3977
f 3911/3977 2160/3980 1451/3973 2257/3970
f 2260/3978 3911/3977 2257/3970 1490/3969
f 1492/3981 2261/3982 3912/3983 2262/3984
f 2261/3982 1453/3985 2162/3986 3912/3983
f 3912/3983 2162/3986 1452/3979 2259/3976
f 2262/3984 3912/3983 2259/3976 1491/3975
f 1493/3987 2263/3988 3913/3989 2264/3990
f 2263/3988 1454/3991 2164/3992 3913/3989
f 3913/3989 2164/3992 1453/3985 2261/3982
f 2264/3990 3913/3989 2261/3982 1492/3981
f 1092/2319 2265/3993 3914/3994 3113/3995
f 2265/3993 1359/2522 1563/2519 3914/3994
f 3914/3994 1563/2519 1292/2518 2266/3996
f 3113/3995 3914/3994 2266/3996 1078/3997
f 1079/2325 2267/3998 3915/3999 3116/2326
f 2267/3998 1293/2526 1566/2524 3915/3999
f 3915/3999 1566/2524 1359/2522 2265/3993
f 3116/2326 3915/3999 2265/3993 1092/2319
f 1094/2329 2268/4000 3916/4001 3118/2330
f 2268/4000 1365/2642 1620/2639 3916/4001
f 3916/4001 1620/2639 1310/2638 1950/3334
f 3118/2330 3916/4001 1950/3334 1069/1656
f 1071/2333 2269/4002 3917/4003 3120/2334
f 2269/4002 1312/2649 1624/2647 3917/4003
f 3917/4003 1624/2647 1365/2642 2268/4000
f 3120/2334 3917/4003 2268/4000 1094/2329
f 1096/2337 2270/4004 3918/4005 3122/2338
f 2270/4004 1371/2742 1669/2740 3918/4005
f 3918/4005 1669/2740 1312/2649 2269/4002
f 3122/2338 3918/4005 2269/4002 1071/2333
f 1073/2341 2271/4006 3919/4007 3124/2342
f 2271/4006 1324/2746 1671/2744 3919/4007
f 3919/4007 1671/2744 1371/2742 2270/4004
f 3124/2342 3919/4007 2270/4004 1096/2337
f 1098/2345 2272/4008 3920/4009 3126/2346
f 2272/4008 1377/2834 1713/2832 3920/4009
f 3920/4009 1713/2832 1324/2746 2271/4006
f 3126/2346 3920/4009 2271/4006 1073/2341
f 1075/2349 2273/4010 3921/4011 3128/2350
f 2273/4010 1335/2838 1715/2836 3921/4011
f 3921/4011 1715/2836 1377/2834 2272/4008
f 3128/2350 3921/4011 2272/4008 1098/2345
f 1074/2828 1711/2827 3922/4012 3130/4013
f 1711/2827 1334/2826 1735/2877 3922/4012
f 3922/4012 1735/2877 1382/2876 2274/4014
f 3130/4013 3922/4012 2274/4014 1099/4015
f 1100/4016 2275/4017 3923/4018 3132/4019
f 2275/4017 1383/2880 1736/2879 3923/4018
f 3923/4018 1736/2879 1335/2838 2273/4010
f 3132/4019 3923/4018 2273/4010 1075/2349
f 1101/2361 2276/4020 3924/4021 3134/2362
f 2276/4020 1384/2886 1738/2883 3924/4021
f 3924/4021 1738/2883 1341/2882 2277/4022
f 3134/2362 3924/4021 2277/4022 1082/2365
f 1083/1541 1898/3221 3925/4023 3137/2367
f 1898/3221 1343/2893 1742/2891 3925/4023
f 3925/4023 1742/2891 1384/2886 2276/4020
f 3137/2367 3925/4023 2276/4020 1101/2361
f 1078/3997 2266/3996 3926/4024 3138/4025
f 2266/3996 1292/2518 1828/3074 3926/4024
f 3926/4024 1828/3074 1395/3073 2278/4026
f 3138/4025 3926/4024 2278/4026 1103/4027
f 1104/2373 2279/4028 3927/4029 3140/2374
f 2279/4028 1397/3106 1842/3103 3927/4029
f 3927/4029 1842/3103 1213/3102 2074/3572
f 3140/2374 3927/4029 2074/3572 1084/1900
f 1085/1663 1952/3338 3928/4030 3142/2377
f 1952/3338 1215/3113 1846/3111 3928/4030
f 3928/4030 1846/3111 1397/3106 2279/4028
f 3142/2377 3928/4030 2279/4028 1104/2373
f 1106/2379 2280/4031 3929/4032 3143/2380
f 2280/4031 1403/3196 1885/3193 3929/4032
f 3929/4032 1885/3193 1224/3192 2037/3502
f 3143/2380 3929/4032 2037/3502 1076/1829
f 1082/2383 2277/4033 3930/4034 3145/2384
f 2277/4033 1341/3203 1889/3201 3930/4034
f 3930/4034 1889/3201 1403/3196 2280/4031
f 3145/2384 3930/4034 2280/4031 1106/2379
f 1076/1829 2036/3505 3931/4035 3146/2387
f 2036/3505 1257/3504 2044/3518 3931/4035
f 3931/4035 2044/3518 1424/3511 2281/4036
f 3146/2387 3931/4035 2281/4036 1109/2389
f 1109/2389 2281/4036 3932/4037 3148/2391
f 2281/4036 1424/3511 2043/3514 3932/4037
f 3932/4037 2043/3514 1259/3516 2282/4038
f 3148/2391 3932/4037 2282/4038 1079/2325
f 1079/2325 2282/4038 3933/4039 2267/3998
f 2282/4038 1259/3516 2050/3529 3933/4039
f 3933/4039 2050/3529 1425/3521 2045/3519
f 2267/3998 3933/4039 2045/3519 1293/2526
f 1080/1534 2283/4040 3934/4041 1896/3217
f 2283/4040 1262/3548 2061/3551 3934/4041
f 3934/4041 2061/3551 1427/3541 2055/3539
f 1896/3217 3934/4041 2055/3539 1226/3215
f 1084/1900 2073/3575 3935/4042 3151/2397
f 2073/3575 1265/3574 2079/3585 3935/4042
f 3935/4042 2079/3585 1430/3580 2284/4043
f 3151/2397 3935/4042 2284/4043 1110/2399
f 1110/2399 2284/4043 3936/4044 3153/2401
f 2284/4043 1430/3580 2078/3583 3936/4044
f 3936/4044 2078/3583 1262/3548 2283/4040
f 3153/2401 3936/4044 2283/4040 1080/1534
f 1111/2421 2285/4045 3937/4046 3163/2422
f 2285/4047 1275/3729 2142/3728 3937/4048
f 3937/4046 2142/4049 1087/2055 2985/2054
f 3163/2422 3937/4046 2985/2054 849/2053
f 1103/4027 2278/4026 3938/4050 3154/4051
f 2278/4026 1395/3073 2163/3774 3938/4050
f 3938/4050 2163/3774 1454/3773 2286/4052
f 3154/4051 3938/4050 2286/4052 1117/4053
f 1121/4054 2287/4055 3939/4056 3156/4057
f 2287/4055 1484/3827 2249/3950 3939/4056
f 3939/4056 2249/3950 1485/3947 2288/4058
f 3156/4057 3939/4056 2288/4058 1120/4059
f 1120/4059 2288/4058 3940/4060 3159/4061
f 2288/4058 1485/3947 2247/3946 3940/4060
f 3940/4060 2247/3946 1486/3945 2289/4062
f 3159/4061 3940/4060 2289/4062 1122/4063
f 1515/4064 2290/4065 3941/4066 3162/4067
f 2290/4065 1516/3831 2189/3828 3941/4066
f 3941/4066 2189/3828 1484/3827 2287/4055
f 3162/4067 3941/4066 2287/4055 1121/4054
f 1111/4068 2291/4069 3942/4070 2285/4047
f 2291/4069 1486/3945 2246/3943 3942/4070
f 3942/4070 2246/3943 1457/3872 2210/3871
f 2285/4047 3942/4070 2210/3871 1275/3729
f 1122/2415 2289/4071 3943/4072 3160/2416
f 2289/4062 1486/3945 2291/4069 3943/4073
f 3943/4072 2291/4074 1111/2421 3164/2424
f 3160/2416 3943/4072 3164/2424 1060/2274
f 1117/4075 2286/4076 3944/4077 3165/4078
f 2286/4076 1454/3991 2263/3988 3944/4077
f 3944/4077 2263/3988 1493/3987 2292/4079
f 3165/4078 3944/4077 2292/4079 1124/4080
f 1382/2876 2293/4081 3945/4082 2274/4014
f 2293/4083 1494/4084 2294/4085 3945/4086
f 3945/4086 2294/4085 956/1192 3131/2356
f 2274/4087 3945/4086 3131/2356 1099/2355
f 1494/4084 2295/4088 3946/4089 2294/4085
f 2295/4088 1495/4090 2296/4091 3946/4089
f 3946/4089 2296/4091 914/1188 2564/1193
f 2294/4085 3946/4089 2564/1193 956/1192
f 1496/4092 2297/4093 3947/4094 2299/4095
f 2297/4093 1497/4096 2298/4097 3947/4094
f 3947/4094 2298/4097 913/1180 2560/1185
f 2299/4095 3947/4094 2560/1185 955/1184
f 1495/4090 2300/4098 3948/4099 2296/4091
f 2300/4098 1496/4092 2299/4095 3948/4099
f 3948/4099 2299/4095 955/1184 2562/1189
f 2296/4091 3948/4099 2562/1189 914/1188
f 1498/4100 2301/4101 3949/4102 2303/4103
f 2301/4101 1499/4104 2302/4105 3949/4102
f 3949/4102 2302/4105 912/1172 2556/1177
f 2303/4103 3949/4102 2556/1177 954/1176
f 1497/4096 2304/4106 3950/4107 2298/4097
f 2304/4106 1498/4100 2303/4103 3950/4107
f 3950/4107 2303/4103 954/1176 2558/1181
f 2298/4097 3950/4107 2558/1181 913/1180
f 1500/4108 2305/4109 3951/4110 2307/4111
f 2305/4109 1501/4112 2306/4113 3951/4110
f 3951/4110 2306/4113 910/1164 2552/1169
f 2307/4111 3951/4110 2552/1169 953/1168
f 1499/4104 2308/4114 3952/4115 2302/4105
f 2308/4114 1500/4108 2307/4111 3952/4115
f 3952/4115 2307/4111 953/1168 2554/1173
f 2302/4105 3952/4115 2554/1173 912/1172
f 911/1161 2547/1160 3953/4116 2311/4117
f 2547/1160 952/1159 2309/4118 3953/4116
f 3953/4116 2309/4118 1502/4119 2310/4120
f 2311/4117 3953/4116 2310/4120 1503/4121
f 1501/4112 2312/4122 3954/4123 2306/4113
f 2312/4122 1502/4119 2309/4118 3954/4123
f 3954/4123 2309/4118 952/1159 2550/1165
f 2306/4113 3954/4123 2550/1165 910/1164
f 957/1196 2313/4124 3955/4125 3133/2360
f 2313/4126 1504/4127 2314/4128 3955/4129
f 3955/4129 2314/4128 1383/2880 2275/4017
f 3133/4130 3955/4129 2275/4017 1100/4016
f 911/1161 2311/4117 3956/4131 2565/1195
f 2311/4117 1503/4121 2315/4132 3956/4131
f 3956/4131 2315/4132 1504/4133 2313/4124
f 2565/1195 3956/4131 2313/4124 957/1196
f 1340/2873 2316/4134 3957/4135 1734/2875
f 2316/4134 1495/4136 2295/4137 3957/4135
f 3957/4135 2295/4137 1494/4138 2293/4081
f 1734/2875 3957/4135 2293/4081 1382/2876
f 1381/2868 2317/4139 3958/4140 1732/2872
f 2317/4139 1496/4141 2300/4142 3958/4140
f 3958/4140 2300/4142 1495/4136 2316/4134
f 1732/2872 3958/4140 2316/4134 1340/2873
f 1339/2865 2318/4143 3959/4144 1730/2867
f 2318/4143 1497/4145 2297/4146 3959/4144
f 3959/4144 2297/4146 1496/4141 2317/4139
f 1730/2867 3959/4144 2317/4139 1381/2868
f 1380/2860 2319/4147 3960/4148 1728/2864
f 2319/4147 1498/4149 2304/4150 3960/4148
f 3960/4148 2304/4150 1497/4145 2318/4143
f 1728/2864 3960/4148 2318/4143 1339/2865
f 1338/2857 2320/4151 3961/4152 1726/2859
f 2320/4151 1499/4153 2301/4154 3961/4152
f 3961/4152 2301/4154 1498/4149 2319/4147
f 1726/2859 3961/4152 2319/4147 1380/2860
f 1379/2852 2321/4155 3962/4156 1724/2856
f 2321/4155 1500/4157 2308/4158 3962/4156
f 3962/4156 2308/4158 1499/4153 2320/4151
f 1724/2856 3962/4156 2320/4151 1338/2857
f 1336/2849 2322/4159 3963/4160 1722/2851
f 2322/4159 1501/4161 2305/4162 3963/4160
f 3963/4160 2305/4162 1500/4157 2321/4155
f 1722/2851 3963/4160 2321/4155 1379/2852
f 1378/2844 2323/4163 3964/4164 1720/2848
f 2323/4163 1502/4165 2312/4166 3964/4164
f 3964/4164 2312/4166 1501/4161 2322/4159
f 1720/2848 3964/4164 2322/4159 1336/2849
f 1503/4167 2310/4168 3965/4169 2324/4170
f 2310/4168 1502/4165 2323/4163 3965/4169
f 3965/4169 2323/4163 1378/2844 1718/2843
f 2324/4170 3965/4169 1718/2843 1337/2842
f 1504/4127 2315/4171 3966/4172 2314/4128
f 2315/4171 1503/4167 2324/4170 3966/4172
f 3966/4172 2324/4170 1337/2842 1737/2881
f 2314/4128 3966/4172 1737/2881 1383/2880
f 1480/3847 2243/3934 3967/4173 2199/3848
f 2243/3934 1483/3933 2325/4174 3967/4173
f 3967/4173 2325/4174 1505/3835 2192/3833
f 2199/3848 3967/4173 2192/3833 1274/3693
f 1506/4175 2326/4176 3968/4177 2194/4178
f 2326/4176 1507/2166 3040/2165 3968/4177
f 3968/4177 3040/2165 848/2024 2970/2023
f 2194/4178 3968/4177 2970/2023 1088/2022
f 1506/3837 2193/3836 3969/4179 2327/4180
f 2193/3836 1505/3835 2325/4174 3969/4179
f 3969/4179 2325/4174 1483/3933 2245/3942
f 2327/4180 3969/4179 2245/3942 1119/3941
f 1057/2168 3041/2167 3970/4181 3092/2266
f 3041/2167 1507/2166 2326/4176 3970/4181
f 3970/4181 2326/4176 1506/4175 2327/4182
f 3092/2266 3970/4181 2327/4182 1119/2267
f 862/1350 2643/1353 3971/4183 2328/4184
f 2643/1353 967/1358 2646/1362 3971/4183
f 3971/4183 2646/1362 777/1344 3001/2086
f 2328/4184 3971/4183 3001/2086 1023/2085
f 1023/2292 2329/4185 3972/4186 2328/4187
f 2329/4185 1508/2153 3034/2152 3972/4186
f 3972/4186 3034/2152 1022/2077 2999/2080
f 2328/4187 3972/4186 2999/2080 862/804
f 1393/3038 1810/3035 3973/4188 1815/3047
f 1810/3035 1288/3034 2330/4189 3973/4188
f 3973/4188 2330/4189 1449/3758 2155/3757
f 1815/3047 3973/4188 2155/3757 1203/3029
f 1448/3749 2188/3826 3974/4190 2152/3750
f 2188/3826 1522/3825 2331/4191 3974/4190
f 3974/4190 2331/4191 1449/3966 2330/4192
f 2152/3750 3974/4190 2330/4192 1288/2488
f 1509/2149 3035/2154 3975/4193 2332/4194
f 3035/2154 1508/2153 2329/4185 3975/4193
f 3975/4193 2329/4185 1023/2292 3103/2291
f 2332/4194 3975/4193 3103/2291 1062/2290
f 1510/2144 3033/2150 3976/4195 2333/4196
f 3033/2150 1509/2149 2332/4194 3976/4195
f 3976/4195 2332/4194 1062/2290 3102/2287
f 2333/4196 3976/4195 3102/2287 1063/2286
f 1511/2138 3030/2145 3977/4197 2334/4198
f 3030/2145 1510/2144 2333/4196 3977/4197
f 3977/4197 2333/4196 1063/2286 3105/2296
f 2334/4198 3977/4197 3105/2296 1064/2295
f 1512/2131 3027/2139 3978/4199 2335/4200
f 3027/2139 1511/2138 2334/4198 3978/4199
f 3978/4199 2334/4198 1064/2295 3107/2302
f 2335/4200 3978/4199 3107/2302 1065/2301
f 1513/2133 3023/2132 3979/4201 2336/4202
f 3023/2132 1512/2131 2335/4200 3979/4201
f 3979/4201 2335/4200 1065/2301 3109/2308
f 2336/4202 3979/4201 3109/2308 1066/2307
f 1514/2160 3037/2159 3980/4203 2337/4204
f 3037/2159 1513/2133 2336/4202 3980/4203
f 3980/4203 2336/4202 1066/2307 3111/2314
f 2337/4204 3980/4203 3111/2314 1067/2313
f 1124/2429 2338/4205 3981/4206 3166/2430
f 2338/4205 1515/2419 3161/2417 3981/4206
f 3981/4206 3161/2417 1514/2160 2337/4204
f 3166/2430 3981/4206 2337/4204 1067/2313
f 1124/4080 2292/4079 3982/4207 2338/4208
f 2292/4079 1493/3987 2339/4209 3982/4207
f 3982/4207 2339/4209 1516/3831 2290/4065
f 2338/4208 3982/4207 2290/4065 1515/4064
f 1517/3801 2190/3832 3983/4210 2340/4211
f 2190/3832 1516/3831 2339/4209 3983/4210
f 3983/4210 2339/4209 1493/3987 2264/3990
f 2340/4211 3983/4210 2264/3990 1492/3981
f 1518/3803 2175/3802 3984/4212 2341/4213
f 2175/3802 1517/3801 2340/4211 3984/4212
f 3984/4212 2340/4211 1492/3981 2262/3984
f 2341/4213 3984/4212 2262/3984 1491/3975
f 1519/3809 2178/3808 3985/4214 2342/4215
f 2178/3808 1518/3803 2341/4213 3985/4214
f 3985/4214 2341/4213 1491/3975 2260/3978
f 2342/4215 3985/4214 2260/3978 1490/3969
f 1520/3815 2181/3814 3986/4216 2343/4217
f 2181/3814 1519/3809 2342/4215 3986/4216
f 3986/4216 2342/4215 1490/3969 2258/3972
f 2343/4217 3986/4216 2258/3972 1489/3960
f 1521/3821 2184/3820 3987/4218 2344/4219
f 2184/3820 1520/3815 2343/4217 3987/4218
f 3987/4218 2343/4217 1489/3960 2256/3963
f 2344/4219 3987/4218 2256/3963 1488/3968
f 1522/3825 2187/3824 3988/4220 2331/4191
f 2187/3824 1521/3821 2344/4219 3988/4220
f 3988/4220 2344/4219 1488/3968 2255/3967
f 2331/4191 3988/4220 2255/3967 1449/3966
