# This file uses centimeters as units for non-parametric coordinates.

v 18.278759 -111.902011 228.728021
v 18.420170 -111.960579 228.728021
v 18.420170 -111.902011 228.869432
v 18.420170 -111.760601 228.927987
v 18.278759 -111.760601 228.869432
v 18.220191 -111.760601 228.728021
v 18.420170 -109.960581 228.927987
v 18.278759 -109.960581 228.869432
v 18.220191 -109.960581 228.728021
v 20.661619 -111.902011 228.728021
v 20.720189 -111.760601 228.728021
v 20.661619 -111.760601 228.869432
v 20.520208 -111.760601 228.927987
v 20.520208 -111.902011 228.869432
v 20.520208 -111.960579 228.728021
v 20.520208 -109.960581 228.927987
v 20.661619 -109.960581 228.869432
v 20.720189 -109.960581 228.728021
v 18.420170 -107.960582 228.927987
v 18.278759 -107.960582 228.869432
v 18.220191 -107.960582 228.728021
v 20.520208 -107.960582 228.927987
v 20.661619 -107.960582 228.869432
v 20.720189 -107.960582 228.728021
v 18.420170 -105.960582 228.927987
v 18.278759 -105.960582 228.869432
v 18.220191 -105.960582 228.728021
v 20.520208 -105.960582 228.927987
v 20.661619 -105.960582 228.869432
v 20.720189 -105.960582 228.728021
v 18.420170 -103.960581 228.927987
v 18.278759 -103.960581 228.869432
v 18.220191 -103.960581 228.728021
v 20.520208 -103.960581 228.927987
v 20.661619 -103.960581 228.869432
v 20.720189 -103.960581 228.728021
v 18.278759 -102.019150 228.728021
v 18.220191 -102.160561 228.728021
v 18.278759 -102.160561 228.869432
v 18.420170 -102.160561 228.927987
v 18.420170 -102.019150 228.869432
v 18.420170 -101.960582 228.728021
v 20.661619 -102.019150 228.728021
v 20.520208 -101.960582 228.728021
v 20.520208 -102.019150 228.869432
v 20.520208 -102.160561 228.927987
v 20.661619 -102.160561 228.869432
v 20.720189 -102.160561 228.728021
v 18.278759 -102.160561 226.486543
v 18.220191 -102.160561 226.627954
v 18.278759 -102.019150 226.627954
v 18.420170 -101.960582 226.627954
v 18.420170 -102.019150 226.486543
v 18.420170 -102.160561 226.427987
v 20.661619 -102.160561 226.486543
v 20.520208 -102.160561 226.427987
v 20.520208 -102.019150 226.486543
v 20.520208 -101.960582 226.627954
v 20.661619 -102.019150 226.627954
v 20.720189 -102.160561 226.627954
v 18.220191 -104.160561 226.627954
v 18.278759 -104.019152 226.486543
v 18.420170 -103.960581 226.427987
v 20.520208 -103.960581 226.427987
v 20.661619 -104.019152 226.486543
v 20.720189 -104.160561 226.627954
v 18.278759 -105.902011 226.286576
v 18.420170 -105.960582 226.228021
v 18.420170 -106.019151 226.369432
v 18.420170 -106.160561 226.427987
v 18.278759 -106.101991 226.486543
v 18.220191 -105.960582 226.627954
v 18.220191 -105.760603 226.427987
v 18.220191 -105.819171 226.569417
v 18.420170 -107.960582 226.228021
v 18.278759 -108.019161 226.286576
v 18.220191 -108.160561 226.427987
v 18.220191 -107.960582 226.627954
v 18.278759 -107.819181 226.486543
v 18.420170 -107.760601 226.427987
v 18.420170 -107.902011 226.369432
v 18.220191 -108.101992 226.569417
v 20.661619 -108.019161 226.286576
v 20.520208 -107.960582 226.228021
v 20.520208 -107.902011 226.369432
v 20.520208 -107.760601 226.427987
v 20.661619 -107.819181 226.486543
v 20.720189 -107.960582 226.627954
v 20.720189 -108.160561 226.427987
v 20.720189 -108.101992 226.569417
v 20.520208 -105.960582 226.228021
v 20.661619 -105.902011 226.286576
v 20.720189 -105.760603 226.427987
v 20.720189 -105.960582 226.627954
v 20.661619 -106.101991 226.486543
v 20.520208 -106.160561 226.427987
v 20.520208 -106.019151 226.369432
v 20.720189 -105.819171 226.569417
v 18.278759 -109.902012 226.286576
v 18.420170 -109.960581 226.228021
v 18.420170 -110.019151 226.369432
v 18.420170 -110.160562 226.427987
v 18.278759 -110.101991 226.486543
v 18.220191 -109.960581 226.627954
v 18.220191 -109.760601 226.427987
v 18.220191 -109.819171 226.569417
v 18.278759 -111.902011 226.627954
v 18.220191 -111.760601 226.627954
v 18.278759 -111.760601 226.486543
v 18.420170 -111.760601 226.427987
v 18.420170 -111.902011 226.486543
v 18.420170 -111.960579 226.627954
v 20.661619 -111.902011 226.627954
v 20.520208 -111.960579 226.627954
v 20.520208 -111.902011 226.486543
v 20.520208 -111.760601 226.427987
v 20.661619 -111.760601 226.486543
v 20.720189 -111.760601 226.627954
v 20.520208 -109.960581 226.228021
v 20.661619 -109.902012 226.286576
v 20.720189 -109.760601 226.427987
v 20.720189 -109.960581 226.627954
v 20.661619 -110.101991 226.486543
v 20.520208 -110.160562 226.427987
v 20.520208 -110.019151 226.369432
v 20.720189 -109.819171 226.569417
v 18.220191 -104.160561 222.053006
v 18.278759 -104.019152 222.053006
v 18.420170 -103.960581 222.053006
v 20.520208 -103.960581 222.053006
v 20.661619 -104.019152 222.053006
v 20.720189 -104.160561 222.053006
v 20.720189 -105.760603 222.053006
v 20.661619 -105.902011 222.053006
v 20.520208 -105.960582 222.053006
v 18.420170 -105.960582 222.053006
v 18.278759 -105.902011 222.053006
v 18.220191 -105.760603 222.053006
v 18.220191 -108.160561 222.053006
v 18.278759 -108.019151 222.053006
v 18.420170 -107.960582 222.053006
v 20.520208 -107.960582 222.053006
v 20.661619 -108.019151 222.053006
v 20.720189 -108.160561 222.053006
v 20.720189 -109.760601 222.053006
v 20.661619 -109.902012 222.053006
v 20.520208 -109.960581 222.053006
v 18.420170 -109.960581 222.053006
v 18.278759 -109.902012 222.053006
v 18.220191 -109.760601 222.053006
v 18.304749 -111.876021 228.843415
v 20.635629 -111.876021 228.843415
v 18.304749 -102.045141 228.843415
v 20.635629 -102.045141 228.843415
v 18.304749 -102.045141 226.512578
v 20.635629 -102.045141 226.512578
v 18.278759 -105.960582 226.427987
v 18.278759 -107.960582 226.427987
v 20.661619 -107.960582 226.427987
v 20.661619 -105.960582 226.427987
v 18.278759 -109.960581 226.427987
v 18.304749 -111.876021 226.512578
v 20.635629 -111.876021 226.512578
v 20.661619 -109.960581 226.427987
v 18.220191 -105.760581 228.728021
v 18.278759 -105.760581 228.869432
v 18.420170 -105.760581 228.927987
v 20.520208 -105.760581 228.927987
v 20.661619 -105.760581 228.869432
v 20.720189 -105.760581 228.728021
v 20.720189 -105.860581 228.728021
v 20.661619 -105.860581 228.869432
v 20.520208 -105.860581 228.927987
v 18.420170 -105.860581 228.927987
v 18.278759 -105.860581 228.869432
v 18.220191 -105.860581 228.728021
v 20.720189 -108.160581 228.728021
v 20.661619 -108.160581 228.869432
v 20.520208 -108.160581 228.927987
v 18.420170 -108.160581 228.927987
v 18.278759 -108.160581 228.869432
v 18.220191 -108.160581 228.728021
v 18.220191 -108.060581 228.728021
v 18.278759 -108.060581 228.869432
v 18.420170 -108.060581 228.927987
v 20.520208 -108.060581 228.927987
v 20.661619 -108.060581 228.869432
v 20.720189 -108.060581 228.728021
v 20.720189 -109.780581 228.728021
v 20.661619 -109.780581 228.869432
v 20.520208 -109.780581 228.927987
v 18.420170 -109.780581 228.927987
v 18.278759 -109.780581 228.869432
v 18.220191 -109.780581 228.728021
v 20.720189 -109.852581 228.728021
v 20.661619 -109.852581 228.869432
v 20.520208 -109.852581 228.927987
v 18.420170 -109.852581 228.927987
v 18.278759 -109.852581 228.869432
v 18.220191 -109.852581 228.728021
v 18.220191 -104.160561 218.765004
v 18.420170 -103.960581 218.765004
v 20.520208 -103.960581 218.765004
v 20.720189 -104.160561 218.765004
v 20.720189 -105.760603 218.765004
v 20.520208 -105.960582 218.765004
v 18.420170 -105.960582 218.765004
v 18.220191 -105.760603 218.765004
v 18.220191 -108.160561 218.765004
v 18.420170 -107.960582 218.765004
v 20.520208 -107.960582 218.765004
v 20.720189 -108.160561 218.765004
v 20.720189 -109.760601 218.765004
v 20.520208 -109.960581 218.765004
v 18.420170 -109.960581 218.765004
v 18.220191 -109.760601 218.765004
v 18.278759 -104.019152 218.765004
v 20.661619 -104.019152 218.765004
v 20.661619 -105.902011 218.765004
v 18.278759 -105.902011 218.765004
v 18.278759 -108.019151 218.765004
v 20.661619 -108.019151 218.765004
v 20.661619 -109.902012 218.765004
v 18.278759 -109.902012 218.765004
v 18.278759 -102.160561 211.043447
v 18.220191 -102.160561 210.902036
v 18.278759 -102.019150 210.902036
v 18.420170 -101.960582 210.902036
v 18.420170 -102.019150 211.043447
v 18.420170 -102.160561 211.102002
v 20.661619 -102.160561 211.043447
v 20.520208 -102.160561 211.102002
v 20.520208 -102.019150 211.043447
v 20.520208 -101.960582 210.902036
v 20.661619 -102.019150 210.902036
v 20.720189 -102.160561 210.902036
v 18.220191 -104.160561 210.902036
v 18.278759 -104.019152 211.043447
v 18.420170 -103.960581 211.102002
v 20.520208 -103.960581 211.102002
v 20.661619 -104.019152 211.043447
v 20.720189 -104.160561 210.902036
v 18.278759 -105.902011 211.243413
v 18.420170 -105.960582 211.301969
v 18.420170 -106.019151 211.160558
v 18.420170 -106.160561 211.102002
v 18.278759 -106.101991 211.043447
v 18.220191 -105.960582 210.902036
v 18.220191 -105.760603 211.102002
v 18.220191 -105.819171 210.960591
v 18.420170 -107.960582 211.301969
v 18.278759 -108.019161 211.243413
v 18.220191 -108.160561 211.102002
v 18.220191 -107.960582 210.902036
v 18.278759 -107.819181 211.043447
v 18.420170 -107.760601 211.102002
v 18.420170 -107.902011 211.160558
v 18.220191 -108.101992 210.960591
v 20.661619 -108.019161 211.243413
v 20.520208 -107.960582 211.301969
v 20.520208 -107.902011 211.160558
v 20.520208 -107.760601 211.102002
v 20.661619 -107.819181 211.043447
v 20.720189 -107.960582 210.902036
v 20.720189 -108.160561 211.102002
v 20.720189 -108.101992 210.960591
v 20.520208 -105.960582 211.301969
v 20.661619 -105.902011 211.243413
v 20.720189 -105.760603 211.102002
v 20.720189 -105.960582 210.902036
v 20.661619 -106.101991 211.043447
v 20.520208 -106.160561 211.102002
v 20.520208 -106.019151 211.160558
v 20.720189 -105.819171 210.960591
v 18.278759 -109.902012 211.243413
v 18.420170 -109.960581 211.301969
v 18.420170 -110.019151 211.160558
v 18.420170 -110.160562 211.102002
v 18.278759 -110.101991 211.043447
v 18.220191 -109.960581 210.902036
v 18.220191 -109.760601 211.102002
v 18.220191 -109.819171 210.960591
v 18.278759 -111.902011 210.902036
v 18.220191 -111.760601 210.902036
v 18.278759 -111.760601 211.043447
v 18.420170 -111.760601 211.102002
v 18.420170 -111.902011 211.043447
v 18.420170 -111.960579 210.902036
v 20.661619 -111.902011 210.902036
v 20.520208 -111.960579 210.902036
v 20.520208 -111.902011 211.043447
v 20.520208 -111.760601 211.102002
v 20.661619 -111.760601 211.043447
v 20.720189 -111.760601 210.902036
v 20.520208 -109.960581 211.301969
v 20.661619 -109.902012 211.243413
v 20.720189 -109.760601 211.102002
v 20.720189 -109.960581 210.902036
v 20.661619 -110.101991 211.043447
v 20.520208 -110.160562 211.102002
v 20.520208 -110.019151 211.160558
v 20.720189 -109.819171 210.960591
v 18.220191 -104.160561 215.476983
v 18.278759 -104.019152 215.476983
v 18.420170 -103.960581 215.476983
v 20.520208 -103.960581 215.476983
v 20.661619 -104.019152 215.476983
v 20.720189 -104.160561 215.476983
v 20.720189 -105.760603 215.476983
v 20.661619 -105.902011 215.476983
v 20.520208 -105.960582 215.476983
v 18.420170 -105.960582 215.476983
v 18.278759 -105.902011 215.476983
v 18.220191 -105.760603 215.476983
v 18.220191 -108.160561 215.476983
v 18.278759 -108.019151 215.476983
v 18.420170 -107.960582 215.476983
v 20.520208 -107.960582 215.476983
v 20.661619 -108.019151 215.476983
v 20.720189 -108.160561 215.476983
v 20.720189 -109.760601 215.476983
v 20.661619 -109.902012 215.476983
v 20.520208 -109.960581 215.476983
v 18.420170 -109.960581 215.476983
v 18.278759 -109.902012 215.476983
v 18.220191 -109.760601 215.476983
v 18.304749 -102.045141 211.017430
v 20.635629 -102.045141 211.017430
v 18.278759 -105.960582 211.102002
v 18.278759 -107.960582 211.102002
v 20.661619 -107.960582 211.102002
v 20.661619 -105.960582 211.102002
v 18.278759 -109.960581 211.102002
v 18.304749 -111.876021 211.017430
v 20.635629 -111.876021 211.017430
v 20.661619 -109.960581 211.102002
v 18.278759 -111.902011 191.705201
v 18.420170 -111.960579 191.705201
v 18.420170 -111.902011 191.563790
v 18.420170 -111.760601 191.505235
v 18.278759 -111.760601 191.563790
v 18.220191 -111.760601 191.705201
v 18.420170 -109.960581 191.505235
v 18.278759 -109.960581 191.563790
v 18.220191 -109.960581 191.705201
v 20.661619 -111.902011 191.705201
v 20.720189 -111.760601 191.705201
v 20.661619 -111.760601 191.563790
v 20.520208 -111.760601 191.505235
v 20.520208 -111.902011 191.563790
v 20.520208 -111.960579 191.705201
v 20.520208 -109.960581 191.505235
v 20.661619 -109.960581 191.563790
v 20.720189 -109.960581 191.705201
v 18.420170 -107.960582 191.505235
v 18.278759 -107.960582 191.563790
v 18.220191 -107.960582 191.705201
v 20.520208 -107.960582 191.505235
v 20.661619 -107.960582 191.563790
v 20.720189 -107.960582 191.705201
v 18.420170 -105.960582 191.505235
v 18.278759 -105.960582 191.563790
v 18.220191 -105.960582 191.705201
v 20.520208 -105.960582 191.505235
v 20.661619 -105.960582 191.563790
v 20.720189 -105.960582 191.705201
v 18.420170 -103.960581 191.505235
v 18.278759 -103.960581 191.563790
v 18.220191 -103.960581 191.705201
v 20.520208 -103.960581 191.505235
v 20.661619 -103.960581 191.563790
v 20.720189 -103.960581 191.705201
v 18.278759 -102.019150 191.705201
v 18.220191 -102.160561 191.705201
v 18.278759 -102.160561 191.563790
v 18.420170 -102.160561 191.505235
v 18.420170 -102.019150 191.563790
v 18.420170 -101.960582 191.705201
v 20.661619 -102.019150 191.705201
v 20.520208 -101.960582 191.705201
v 20.520208 -102.019150 191.563790
v 20.520208 -102.160561 191.505235
v 20.661619 -102.160561 191.563790
v 20.720189 -102.160561 191.705201
v 18.278759 -102.160561 193.946679
v 18.220191 -102.160561 193.805268
v 18.278759 -102.019150 193.805268
v 18.420170 -101.960582 193.805268
v 18.420170 -102.019150 193.946679
v 18.420170 -102.160561 194.005235
v 20.661619 -102.160561 193.946679
v 20.520208 -102.160561 194.005235
v 20.520208 -102.019150 193.946679
v 20.520208 -101.960582 193.805268
v 20.661619 -102.019150 193.805268
v 20.720189 -102.160561 193.805268
v 18.220191 -104.160561 193.805268
v 18.278759 -104.019152 193.946679
v 18.420170 -103.960581 194.005235
v 20.520208 -103.960581 194.005235
v 20.661619 -104.019152 193.946679
v 20.720189 -104.160561 193.805268
v 18.278759 -105.902011 194.146646
v 18.420170 -105.960582 194.205201
v 18.420170 -106.019151 194.063790
v 18.420170 -106.160561 194.005235
v 18.278759 -106.101991 193.946679
v 18.220191 -105.960582 193.805268
v 18.220191 -105.760603 194.005235
v 18.220191 -105.819171 193.863824
v 18.420170 -107.960582 194.205201
v 18.278759 -108.019161 194.146646
v 18.220191 -108.160561 194.005235
v 18.220191 -107.960582 193.805268
v 18.278759 -107.819181 193.946679
v 18.420170 -107.760601 194.005235
v 18.420170 -107.902011 194.063790
v 18.220191 -108.101992 193.863824
v 20.661619 -108.019161 194.146646
v 20.520208 -107.960582 194.205201
v 20.520208 -107.902011 194.063790
v 20.520208 -107.760601 194.005235
v 20.661619 -107.819181 193.946679
v 20.720189 -107.960582 193.805268
v 20.720189 -108.160561 194.005235
v 20.720189 -108.101992 193.863824
v 20.520208 -105.960582 194.205201
v 20.661619 -105.902011 194.146646
v 20.720189 -105.760603 194.005235
v 20.720189 -105.960582 193.805268
v 20.661619 -106.101991 193.946679
v 20.520208 -106.160561 194.005235
v 20.520208 -106.019151 194.063790
v 20.720189 -105.819171 193.863824
v 18.278759 -109.902012 194.146646
v 18.420170 -109.960581 194.205201
v 18.420170 -110.019151 194.063790
v 18.420170 -110.160562 194.005235
v 18.278759 -110.101991 193.946679
v 18.220191 -109.960581 193.805268
v 18.220191 -109.760601 194.005235
v 18.220191 -109.819171 193.863824
v 18.278759 -111.902011 193.805268
v 18.220191 -111.760601 193.805268
v 18.278759 -111.760601 193.946679
v 18.420170 -111.760601 194.005235
v 18.420170 -111.902011 193.946679
v 18.420170 -111.960579 193.805268
v 20.661619 -111.902011 193.805268
v 20.520208 -111.960579 193.805268
v 20.520208 -111.902011 193.946679
v 20.520208 -111.760601 194.005235
v 20.661619 -111.760601 193.946679
v 20.720189 -111.760601 193.805268
v 20.520208 -109.960581 194.205201
v 20.661619 -109.902012 194.146646
v 20.720189 -109.760601 194.005235
v 20.720189 -109.960581 193.805268
v 20.661619 -110.101991 193.946679
v 20.520208 -110.160562 194.005235
v 20.520208 -110.019151 194.063790
v 20.720189 -109.819171 193.863824
v 18.220191 -104.160561 198.380216
v 18.278759 -104.019152 198.380216
v 18.420170 -103.960581 198.380216
v 20.520208 -103.960581 198.380216
v 20.661619 -104.019152 198.380216
v 20.720189 -104.160561 198.380216
v 20.720189 -105.760603 198.380216
v 20.661619 -105.902011 198.380216
v 20.520208 -105.960582 198.380216
v 18.420170 -105.960582 198.380216
v 18.278759 -105.902011 198.380216
v 18.220191 -105.760603 198.380216
v 18.220191 -108.160561 198.380216
v 18.278759 -108.019151 198.380216
v 18.420170 -107.960582 198.380216
v 20.520208 -107.960582 198.380216
v 20.661619 -108.019151 198.380216
v 20.720189 -108.160561 198.380216
v 20.720189 -109.760601 198.380216
v 20.661619 -109.902012 198.380216
v 20.520208 -109.960581 198.380216
v 18.420170 -109.960581 198.380216
v 18.278759 -109.902012 198.380216
v 18.220191 -109.760601 198.380216
v 18.304749 -111.876021 191.589807
v 20.635629 -111.876021 191.589807
v 18.304749 -102.045141 191.589807
v 20.635629 -102.045141 191.589807
v 18.304749 -102.045141 193.920663
v 20.635629 -102.045141 193.920663
v 18.278759 -105.960582 194.005235
v 18.278759 -107.960582 194.005235
v 20.661619 -107.960582 194.005235
v 20.661619 -105.960582 194.005235
v 18.278759 -109.960581 194.005235
v 18.304749 -111.876021 193.920663
v 20.635629 -111.876021 193.920663
v 20.661619 -109.960581 194.005235
v 18.220191 -105.760581 191.705201
v 18.278759 -105.760581 191.563790
v 18.420170 -105.760581 191.505235
v 20.520208 -105.760581 191.505235
v 20.661619 -105.760581 191.563790
v 20.720189 -105.760581 191.705201
v 20.720189 -105.860581 191.705201
v 20.661619 -105.860581 191.563790
v 20.520208 -105.860581 191.505235
v 18.420170 -105.860581 191.505235
v 18.278759 -105.860581 191.563790
v 18.220191 -105.860581 191.705201
v 20.720189 -108.160581 191.705201
v 20.661619 -108.160581 191.563790
v 20.520208 -108.160581 191.505235
v 18.420170 -108.160581 191.505235
v 18.278759 -108.160581 191.563790
v 18.220191 -108.160581 191.705201
v 18.220191 -108.060581 191.705201
v 18.278759 -108.060581 191.563790
v 18.420170 -108.060581 191.505235
v 20.520208 -108.060581 191.505235
v 20.661619 -108.060581 191.563790
v 20.720189 -108.060581 191.705201
v 20.720189 -109.780581 191.705201
v 20.661619 -109.780581 191.563790
v 20.520208 -109.780581 191.505235
v 18.420170 -109.780581 191.505235
v 18.278759 -109.780581 191.563790
v 18.220191 -109.780581 191.705201
v 20.720189 -109.852581 191.705201
v 20.661619 -109.852581 191.563790
v 20.520208 -109.852581 191.505235
v 18.420170 -109.852581 191.505235
v 18.278759 -109.852581 191.563790
v 18.220191 -109.852581 191.705201
v 18.220191 -104.160561 201.668237
v 18.420170 -103.960581 201.668237
v 20.520208 -103.960581 201.668237
v 20.720189 -104.160561 201.668237
v 20.720189 -105.760603 201.668237
v 20.520208 -105.960582 201.668237
v 18.420170 -105.960582 201.668237
v 18.220191 -105.760603 201.668237
v 18.220191 -108.160561 201.668237
v 18.420170 -107.960582 201.668237
v 20.520208 -107.960582 201.668237
v 20.720189 -108.160561 201.668237
v 20.720189 -109.760601 201.668237
v 20.520208 -109.960581 201.668237
v 18.420170 -109.960581 201.668237
v 18.220191 -109.760601 201.668237
v 18.278759 -104.019152 201.668237
v 20.661619 -104.019152 201.668237
v 20.661619 -105.902011 201.668237
v 18.278759 -105.902011 201.668237
v 18.278759 -108.019151 201.668237
v 20.661619 -108.019151 201.668237
v 20.661619 -109.902012 201.668237
v 18.278759 -109.902012 201.668237
v 18.278759 -102.160561 209.389775
v 18.220191 -102.160561 209.531186
v 18.278759 -102.019150 209.531186
v 18.420170 -101.960582 209.531186
v 18.420170 -102.019150 209.389775
v 18.420170 -102.160561 209.331220
v 20.661619 -102.160561 209.389775
v 20.520208 -102.160561 209.331220
v 20.520208 -102.019150 209.389775
v 20.520208 -101.960582 209.531186
v 20.661619 -102.019150 209.531186
v 20.720189 -102.160561 209.531186
v 18.220191 -104.160561 209.531186
v 18.278759 -104.019152 209.389775
v 18.420170 -103.960581 209.331220
v 20.520208 -103.960581 209.331220
v 20.661619 -104.019152 209.389775
v 20.720189 -104.160561 209.531186
v 18.278759 -105.902011 209.189809
v 18.420170 -105.960582 209.131253
v 18.420170 -106.019151 209.272664
v 18.420170 -106.160561 209.331220
v 18.278759 -106.101991 209.389775
v 18.220191 -105.960582 209.531186
v 18.220191 -105.760603 209.331220
v 18.220191 -105.819171 209.472631
v 18.420170 -107.960582 209.131253
v 18.278759 -108.019161 209.189809
v 18.220191 -108.160561 209.331220
v 18.220191 -107.960582 209.531186
v 18.278759 -107.819181 209.389775
v 18.420170 -107.760601 209.331220
v 18.420170 -107.902011 209.272664
v 18.220191 -108.101992 209.472631
v 20.661619 -108.019161 209.189809
v 20.520208 -107.960582 209.131253
v 20.520208 -107.902011 209.272664
v 20.520208 -107.760601 209.331220
v 20.661619 -107.819181 209.389775
v 20.720189 -107.960582 209.531186
v 20.720189 -108.160561 209.331220
v 20.720189 -108.101992 209.472631
v 20.520208 -105.960582 209.131253
v 20.661619 -105.902011 209.189809
v 20.720189 -105.760603 209.331220
v 20.720189 -105.960582 209.531186
v 20.661619 -106.101991 209.389775
v 20.520208 -106.160561 209.331220
v 20.520208 -106.019151 209.272664
v 20.720189 -105.819171 209.472631
v 18.278759 -109.902012 209.189809
v 18.420170 -109.960581 209.131253
v 18.420170 -110.019151 209.272664
v 18.420170 -110.160562 209.331220
v 18.278759 -110.101991 209.389775
v 18.220191 -109.960581 209.531186
v 18.220191 -109.760601 209.331220
v 18.220191 -109.819171 209.472631
v 18.278759 -111.902011 209.531186
v 18.220191 -111.760601 209.531186
v 18.278759 -111.760601 209.389775
v 18.420170 -111.760601 209.331220
v 18.420170 -111.902011 209.389775
v 18.420170 -111.960579 209.531186
v 20.661619 -111.902011 209.531186
v 20.520208 -111.960579 209.531186
v 20.520208 -111.902011 209.389775
v 20.520208 -111.760601 209.331220
v 20.661619 -111.760601 209.389775
v 20.720189 -111.760601 209.531186
v 20.520208 -109.960581 209.131253
v 20.661619 -109.902012 209.189809
v 20.720189 -109.760601 209.331220
v 20.720189 -109.960581 209.531186
v 20.661619 -110.101991 209.389775
v 20.520208 -110.160562 209.331220
v 20.520208 -110.019151 209.272664
v 20.720189 -109.819171 209.472631
v 18.220191 -104.160561 204.956239
v 18.278759 -104.019152 204.956239
v 18.420170 -103.960581 204.956239
v 20.520208 -103.960581 204.956239
v 20.661619 -104.019152 204.956239
v 20.720189 -104.160561 204.956239
v 20.720189 -105.760603 204.956239
v 20.661619 -105.902011 204.956239
v 20.520208 -105.960582 204.956239
v 18.420170 -105.960582 204.956239
v 18.278759 -105.902011 204.956239
v 18.220191 -105.760603 204.956239
v 18.220191 -108.160561 204.956239
v 18.278759 -108.019151 204.956239
v 18.420170 -107.960582 204.956239
v 20.520208 -107.960582 204.956239
v 20.661619 -108.019151 204.956239
v 20.720189 -108.160561 204.956239
v 20.720189 -109.760601 204.956239
v 20.661619 -109.902012 204.956239
v 20.520208 -109.960581 204.956239
v 18.420170 -109.960581 204.956239
v 18.278759 -109.902012 204.956239
v 18.220191 -109.760601 204.956239
v 18.304749 -102.045141 209.415792
v 20.635629 -102.045141 209.415792
v 18.278759 -105.960582 209.331220
v 18.278759 -107.960582 209.331220
v 20.661619 -107.960582 209.331220
v 20.661619 -105.960582 209.331220
v 18.278759 -109.960581 209.331220
v 18.304749 -111.876021 209.415792
v 20.635629 -111.876021 209.415792
v 20.661619 -109.960581 209.331220
vt 0.650315 0.790617
vt 0.635672 0.791406
vt 0.634671 0.772220
vt 0.649316 0.771483
vt 0.977086 0.033140
vt 0.976353 0.036753
vt 0.924184 0.034662
vt 0.923817 0.030994
vt 0.976047 0.040364
vt 0.923987 0.038259
vt 0.154733 0.897027
vt 0.156123 0.896846
vt 0.158311 0.914863
vt 0.157077 0.915026
vt 0.157517 0.896675
vt 0.159545 0.914713
vt 0.040531 0.350814
vt 0.040225 0.347203
vt 0.092395 0.345126
vt 0.092592 0.348720
vt 0.039493 0.343590
vt 0.092761 0.341461
vt 0.033274 0.350071
vt 0.036910 0.350650
vt 0.038869 0.395401
vt 0.035043 0.395409
vt 0.042666 0.395472
vt 0.973180 0.233848
vt 0.977083 0.233962
vt 0.978064 0.278746
vt 0.974440 0.278520
vt 0.980934 0.234009
vt 0.981692 0.279391
vt 0.974700 0.282141
vt 0.922513 0.283380
vt 0.922341 0.279750
vt 0.975383 0.285766
vt 0.922109 0.287056
vt 0.069781 0.911480
vt 0.071092 0.911222
vt 0.074509 0.929049
vt 0.073222 0.929300
vt 0.072405 0.910967
vt 0.075796 0.928799
vt 0.041094 0.596196
vt 0.041778 0.592572
vt 0.093964 0.593829
vt 0.094368 0.597506
vt 0.042040 0.588950
vt 0.094139 0.590202
vt 0.918889 0.280247
vt 0.916689 0.233697
vt 0.920354 0.229802
vt 0.915374 0.281215
vt 0.914136 0.236444
vt 0.049346 0.915450
vt 0.050649 0.915194
vt 0.054118 0.933010
vt 0.052824 0.933264
vt 0.051953 0.914939
vt 0.055411 0.932757
vt 0.101103 0.591670
vt 0.097591 0.590700
vt 0.099813 0.544153
vt 0.102366 0.546902
vt 0.096151 0.540255
vt 0.652279 0.771331
vt 0.651854 0.769919
vt 0.690298 0.767949
vt 0.690357 0.769342
vt 0.911342 0.185677
vt 0.915106 0.189545
vt 0.805803 0.189241
vt 0.805672 0.185365
vt 0.650802 0.771379
vt 0.651803 0.790566
vt 0.653279 0.790462
vt 0.920138 0.184185
vt 0.916265 0.180612
vt 0.916377 0.137728
vt 0.920278 0.134191
vt 0.649600 0.770033
vt 0.634100 0.770814
vt 0.915289 0.128798
vt 0.911482 0.132633
vt 0.805803 0.132408
vt 0.805956 0.128527
vt 0.945088 0.753519
vt 0.944696 0.754982
vt 0.906648 0.757271
vt 0.906561 0.755877
vt 0.946101 0.754962
vt 0.947236 0.774018
vt 0.945838 0.774164
vt 0.633269 0.772359
vt 0.634264 0.791414
vt 0.946400 0.775572
vt 0.907865 0.777800
vt 0.907788 0.776408
vt 0.105064 0.443091
vt 0.101259 0.439253
vt 0.210587 0.439040
vt 0.210740 0.442924
vt 0.096268 0.444644
vt 0.100169 0.448183
vt 0.100253 0.491065
vt 0.096383 0.494637
vt 0.635251 0.792864
vt 0.650748 0.792029
vt 0.101415 0.500000
vt 0.105179 0.496132
vt 0.210849 0.495878
vt 0.210721 0.499751
vt 0.653003 0.791909
vt 0.691360 0.788484
vt 0.691446 0.789876
vt 0.910167 0.081155
vt 0.912124 0.084694
vt 0.806161 0.084754
vt 0.806126 0.080939
vt 0.915800 0.088535
vt 0.806164 0.088570
vt 0.192361 0.893376
vt 0.193785 0.893279
vt 0.194853 0.911398
vt 0.193638 0.911482
vt 0.195209 0.893199
vt 0.196068 0.911328
vt 0.921508 0.083087
vt 0.917938 0.079214
vt 0.920540 0.037808
vt 0.914546 0.076973
vt 0.917025 0.036854
vt 0.175650 0.894712
vt 0.177060 0.894569
vt 0.178726 0.912642
vt 0.177504 0.912768
vt 0.178473 0.894441
vt 0.179948 0.912531
vt 0.096038 0.348272
vt 0.098632 0.389675
vt 0.095060 0.393548
vt 0.099554 0.347318
vt 0.102025 0.387436
vt 0.100764 0.398996
vt 0.104438 0.395155
vt 0.210401 0.395267
vt 0.210398 0.399083
vt 0.106398 0.391616
vt 0.210439 0.391451
vt 0.141732 0.917101
vt 0.139242 0.899122
vt 0.140873 0.917231
vt 0.138253 0.899270
vt 0.121876 0.901881
vt 0.124943 0.919770
vt 0.107958 0.922739
vt 0.104804 0.904865
vt 0.103032 0.905199
vt 0.106327 0.923047
vt 0.091063 0.925902
vt 0.087709 0.908064
vt 0.037558 0.936248
vt 0.034075 0.918435
vt 0.043035 0.399665
vt 0.043773 0.440002
vt 0.043790 0.444859
vt 0.043907 0.494697
vt 0.043934 0.499533
vt 0.043322 0.544278
vt 0.973901 0.085025
vt 0.972756 0.134423
vt 0.972616 0.184264
vt 0.972372 0.895564
vt 0.974823 0.913548
vt 0.937350 0.918656
vt 0.934912 0.900670
vt 0.210715 0.539705
vt 0.805787 0.229198
vt 0.723528 0.228908
vt 0.723579 0.188971
vt 0.720288 0.767768
vt 0.721295 0.786915
vt 0.292944 0.499533
vt 0.292977 0.539470
vt 0.909172 0.922458
vt 0.906762 0.904467
vt 0.723700 0.128374
vt 0.723839 0.088425
vt 0.232009 0.909832
vt 0.231375 0.891693
vt 0.259905 0.890882
vt 0.260289 0.909028
vt 0.292720 0.398990
vt 0.292840 0.438939
vt 0.877848 0.778205
vt 0.876712 0.759067
vt 0.972587 0.189099
vt 0.919676 0.086788
vt 0.973677 0.087545
vt 0.979669 0.040206
vt 0.977701 0.084957
vt 0.983301 0.039626
vt 0.981527 0.084968
vt 0.038987 0.398028
vt 0.035144 0.398085
vt 0.042888 0.397990
vt 0.977581 0.087586
vt 0.981421 0.087644
vt 0.036095 0.444906
vt 0.039930 0.444884
vt 0.040042 0.494714
vt 0.036204 0.494725
vt 0.976618 0.134448
vt 0.976482 0.184280
vt 0.980453 0.134469
vt 0.980317 0.184291
vt 0.036215 0.499541
vt 0.040053 0.499544
vt 0.039419 0.544393
vt 0.035568 0.544440
vt 0.976468 0.189110
vt 0.980306 0.189110
vt 0.038416 0.589177
vt 0.034786 0.589822
vt 0.805710 0.233014
vt 0.805609 0.236830
vt 0.210795 0.543519
vt 0.210893 0.547334
vt 0.723560 0.232727
vt 0.723563 0.236543
vt 0.292947 0.543289
vt 0.292942 0.547107
vt 0.292983 0.495692
vt 0.721369 0.788310
vt 0.720214 0.766373
vt 0.723539 0.185130
vt 0.723653 0.132231
vt 0.876632 0.757672
vt 0.877929 0.779599
vt 0.292890 0.442793
vt 0.292668 0.395169
vt 0.292646 0.391348
vt 0.723891 0.084601
vt 0.723916 0.080783
vt 0.979141 0.037404
vt 0.981224 0.035411
vt 0.035357 0.345856
vt 0.037440 0.347851
vt 0.979546 0.283565
vt 0.977496 0.281535
vt 0.038984 0.591965
vt 0.036932 0.593993
vt 0.917842 0.285183
vt 0.919712 0.282997
vt 0.096766 0.593449
vt 0.098635 0.595636
vt 0.918668 0.187831
vt 0.914830 0.184174
vt 0.650726 0.769877
vt 0.946445 0.753544
vt 0.918835 0.130536
vt 0.914961 0.134158
vt 0.632759 0.770998
vt 0.097711 0.440989
vt 0.101584 0.444613
vt 0.947744 0.775385
vt 0.633898 0.792820
vt 0.651884 0.792067
vt 0.097851 0.498284
vt 0.101688 0.494626
vt 0.915994 0.082948
vt 0.913190 0.079957
vt 0.919512 0.032864
vt 0.921374 0.035048
vt 0.095205 0.345511
vt 0.097069 0.343327
vt 0.103378 0.390418
vt 0.100573 0.393409
vt 0.096889 0.397246
vt 0.972603 0.186683
vt 0.976474 0.186696
vt 0.980308 0.186705
vt 0.107142 0.922892
vt 0.103918 0.905029
vt 0.040050 0.497130
vt 0.036213 0.497135
vt 0.043918 0.497116
vt 0.043784 0.442432
vt 0.039916 0.442470
vt 0.036081 0.442511
vt 0.122778 0.901720
vt 0.125746 0.919627
vt 0.976629 0.132034
vt 0.980467 0.132075
vt 0.972764 0.131993
vt 0.972775 0.129563
vt 0.976657 0.129623
vt 0.980494 0.129686
vt 0.123683 0.901566
vt 0.126547 0.919489
vt 0.036054 0.440125
vt 0.039894 0.440062
vt 0.039080 0.399734
vt 0.035220 0.399807
vt 0.137574 0.899380
vt 0.140321 0.917321
vt 0.977485 0.089295
vt 0.981344 0.089369
vt 0.973527 0.089224
vt 0.792231 0.783166
vt 0.791177 0.764038
vt 0.805814 0.763227
vt 0.806883 0.782354
vt 0.526499 0.278314
vt 0.526800 0.228441
vt 0.530487 0.232194
vt 0.530039 0.278746
vt 0.533048 0.234853
vt 0.533603 0.279596
vt 0.825742 0.915070
vt 0.827993 0.933080
vt 0.826643 0.933249
vt 0.824465 0.915230
vt 0.825292 0.933413
vt 0.823187 0.915385
vt 0.482937 0.590268
vt 0.483465 0.545522
vt 0.486029 0.542865
vt 0.486502 0.589415
vt 0.489724 0.539110
vt 0.490041 0.588983
vt 0.788274 0.764194
vt 0.750214 0.766194
vt 0.750126 0.764803
vt 0.788547 0.762746
vt 0.535653 0.184682
vt 0.641381 0.184920
vt 0.641332 0.188749
vt 0.531829 0.188421
vt 0.790763 0.783273
vt 0.789722 0.764090
vt 0.789296 0.783323
vt 0.526726 0.183192
vt 0.526753 0.133256
vt 0.530774 0.136785
vt 0.530697 0.179650
vt 0.790730 0.762630
vt 0.806101 0.761777
vt 0.531856 0.128021
vt 0.641406 0.128196
vt 0.641474 0.132042
vt 0.535738 0.131752
vt 0.808294 0.761654
vt 0.846718 0.759456
vt 0.846786 0.760847
vt 0.808727 0.763063
vt 0.809830 0.782187
vt 0.808358 0.782298
vt 0.807269 0.763119
vt 0.847907 0.779983
vt 0.848001 0.781376
vt 0.809561 0.783636
vt 0.480805 0.442427
vt 0.375066 0.442651
vt 0.375132 0.438810
vt 0.484681 0.438693
vt 0.489784 0.443927
vt 0.489804 0.493864
vt 0.485826 0.490321
vt 0.485769 0.447456
vt 0.807331 0.783763
vt 0.791941 0.784615
vt 0.484700 0.499090
vt 0.375195 0.499355
vt 0.375143 0.495528
vt 0.480871 0.495353
vt 0.789725 0.784734
vt 0.751286 0.786727
vt 0.751226 0.785334
vt 0.537774 0.080906
vt 0.641725 0.080627
vt 0.641635 0.084443
vt 0.535738 0.084372
vt 0.641501 0.088259
vt 0.531875 0.087991
vt 0.327597 0.890582
vt 0.326879 0.908718
vt 0.325698 0.908679
vt 0.326136 0.890534
vt 0.324517 0.908660
vt 0.324674 0.890511
vt 0.526630 0.082685
vt 0.526466 0.037841
vt 0.529998 0.037488
vt 0.530290 0.078902
vt 0.533570 0.036693
vt 0.533759 0.076809
vt 0.344458 0.891457
vt 0.342918 0.909541
vt 0.341736 0.909445
vt 0.343004 0.891340
vt 0.340553 0.909368
vt 0.341549 0.891245
vt 0.490052 0.348518
vt 0.489905 0.393359
vt 0.486247 0.389579
vt 0.486518 0.348165
vt 0.482779 0.387485
vt 0.482946 0.347370
vt 0.484665 0.398665
vt 0.375053 0.398873
vt 0.374919 0.395057
vt 0.480811 0.395046
vt 0.374831 0.391238
vt 0.478774 0.391583
vt 0.841143 0.913111
vt 0.843461 0.931112
vt 0.356386 0.892567
vt 0.354584 0.910627
vt 0.492424 0.082693
vt 0.492564 0.037849
vt 0.492331 0.183190
vt 0.492307 0.133259
vt 0.492572 0.278320
vt 0.492258 0.228444
vt 0.878611 0.908215
vt 0.880983 0.926210
vt 0.375239 0.539284
vt 0.641272 0.228676
vt 0.288571 0.908629
vt 0.288452 0.890478
vt 0.487228 0.188421
vt 0.528185 0.086299
vt 0.490875 0.086307
vt 0.641427 0.232489
vt 0.641526 0.236302
vt 0.374984 0.546919
vt 0.375086 0.543100
vt 0.531274 0.283628
vt 0.529325 0.281502
vt 0.526529 0.281966
vt 0.527065 0.285629
vt 0.490011 0.592632
vt 0.487215 0.592170
vt 0.485266 0.594297
vt 0.489475 0.596298
vt 0.528185 0.186789
vt 0.532127 0.183190
vt 0.789636 0.762592
vt 0.807189 0.761620
vt 0.532209 0.133242
vt 0.528205 0.129664
vt 0.488333 0.440333
vt 0.484334 0.443914
vt 0.808447 0.783798
vt 0.790840 0.784772
vt 0.484397 0.493864
vt 0.488347 0.497458
vt 0.532018 0.082603
vt 0.534912 0.079722
vt 0.531277 0.032612
vt 0.529309 0.034717
vt 0.526513 0.034217
vt 0.527059 0.030568
vt 0.487207 0.345394
vt 0.490003 0.344894
vt 0.485239 0.343292
vt 0.489456 0.341244
vt 0.481628 0.390396
vt 0.484525 0.393277
vt 0.488352 0.396973
vt 0.490872 0.186789
vt 0.490856 0.129664
vt 0.487204 0.128024
vt 0.487182 0.087999
vt 0.222731 0.724766
vt 0.222601 0.743923
vt 0.207928 0.743816
vt 0.208072 0.724660
vt 0.041961 0.033104
vt 0.095229 0.030945
vt 0.094863 0.034613
vt 0.042696 0.036718
vt 0.095062 0.038210
vt 0.043005 0.040329
vt 0.541899 0.925010
vt 0.539463 0.942997
vt 0.538079 0.942796
vt 0.540667 0.924830
vt 0.536699 0.942582
vt 0.539436 0.924639
vt 0.973497 0.350809
vt 0.921440 0.348706
vt 0.921637 0.345109
vt 0.973803 0.347195
vt 0.921268 0.341444
vt 0.974539 0.343584
vt 0.980754 0.350065
vt 0.978975 0.395407
vt 0.975148 0.395396
vt 0.977119 0.350645
vt 0.971352 0.395467
vt 0.045886 0.233807
vt 0.044645 0.278479
vt 0.041020 0.278708
vt 0.041982 0.233924
vt 0.037393 0.279356
vt 0.038134 0.233971
vt 0.096743 0.279689
vt 0.096574 0.283319
vt 0.044385 0.282100
vt 0.096978 0.286996
vt 0.043707 0.285728
vt 0.625892 0.930702
vt 0.626133 0.948850
vt 0.624696 0.948861
vt 0.624682 0.930710
vt 0.623259 0.948853
vt 0.623473 0.930704
vt 0.972926 0.596194
vt 0.919655 0.597509
vt 0.920057 0.593829
vt 0.972243 0.592567
vt 0.919879 0.590205
vt 0.971980 0.588947
vt 0.098703 0.229742
vt 0.102369 0.233635
vt 0.100198 0.280184
vt 0.104922 0.236382
vt 0.103711 0.281152
vt 0.646349 0.930252
vt 0.647260 0.948379
vt 0.645828 0.948445
vt 0.645138 0.930308
vt 0.644393 0.948492
vt 0.643927 0.930349
vt 0.912917 0.591673
vt 0.911643 0.546902
vt 0.914196 0.544153
vt 0.916427 0.590702
vt 0.917862 0.540255
vt 0.225538 0.743941
vt 0.263662 0.744134
vt 0.263668 0.745530
vt 0.225178 0.745370
vt 0.107715 0.185628
vt 0.213383 0.185327
vt 0.213257 0.189198
vt 0.103949 0.189493
vt 0.224188 0.724749
vt 0.224071 0.743960
vt 0.225640 0.724786
vt 0.098919 0.184138
vt 0.098780 0.134141
vt 0.102683 0.137681
vt 0.102787 0.180565
vt 0.222960 0.745356
vt 0.207548 0.745245
vt 0.103774 0.128748
vt 0.213101 0.128489
vt 0.213257 0.132373
vt 0.107579 0.132586
vt 0.205320 0.745226
vt 0.166819 0.744843
vt 0.166844 0.743449
vt 0.204981 0.743792
vt 0.205149 0.724636
vt 0.206610 0.724621
vt 0.206454 0.743831
vt 0.167025 0.724282
vt 0.167024 0.722889
vt 0.205512 0.723208
vt 0.908945 0.443091
vt 0.803267 0.442924
vt 0.803423 0.439040
vt 0.912750 0.439250
vt 0.917739 0.444644
vt 0.917624 0.494637
vt 0.913753 0.491067
vt 0.913841 0.448183
vt 0.207713 0.723226
vt 0.223110 0.723337
vt 0.912594 0.500000
vt 0.803289 0.499759
vt 0.803160 0.495883
vt 0.908831 0.496135
vt 0.225296 0.723352
vt 0.263774 0.723574
vt 0.263752 0.724968
vt 0.108896 0.081103
vt 0.212937 0.080895
vt 0.212899 0.084713
vt 0.106936 0.084645
vt 0.212899 0.088529
vt 0.103262 0.088486
vt 0.505504 0.918998
vt 0.502325 0.936868
vt 0.500989 0.936616
vt 0.504240 0.918759
vt 0.499655 0.936360
vt 0.502976 0.918516
vt 0.097555 0.083035
vt 0.098509 0.037756
vt 0.101125 0.079162
vt 0.102024 0.036803
vt 0.104517 0.076921
vt 0.521572 0.921827
vt 0.518704 0.939750
vt 0.517345 0.939519
vt 0.520325 0.921615
vt 0.515990 0.939279
vt 0.519077 0.921393
vt 0.918955 0.393534
vt 0.915385 0.389661
vt 0.917993 0.348256
vt 0.911993 0.387420
vt 0.914478 0.347302
vt 0.913251 0.398985
vt 0.803614 0.399080
vt 0.803611 0.395262
vt 0.909571 0.395141
vt 0.803573 0.391446
vt 0.907614 0.391602
vt 0.557238 0.927028
vt 0.554970 0.945036
vt 0.558072 0.927135
vt 0.555984 0.945166
vt 0.573945 0.928731
vt 0.591086 0.929875
vt 0.589989 0.947992
vt 0.572638 0.946834
vt 0.592593 0.929954
vt 0.608031 0.930425
vt 0.607592 0.948569
vt 0.591932 0.948092
vt 0.661775 0.929380
vt 0.662902 0.947495
vt 0.970977 0.399663
vt 0.970236 0.439999
vt 0.970220 0.444856
vt 0.970100 0.494697
vt 0.970072 0.499530
vt 0.970690 0.544276
vt 0.045162 0.084989
vt 0.046438 0.184223
vt 0.046301 0.134382
vt 0.699403 0.926813
vt 0.700727 0.944915
vt 0.803291 0.539716
vt 0.213268 0.229149
vt 0.295478 0.188949
vt 0.295524 0.228887
vt 0.293718 0.725091
vt 0.293637 0.744264
vt 0.721030 0.539476
vt 0.721065 0.499538
vt 0.727649 0.924599
vt 0.729146 0.942688
vt 0.295226 0.088398
vt 0.295360 0.128347
vt 0.464181 0.929676
vt 0.436274 0.924436
vt 0.439575 0.906590
vt 0.467530 0.911836
vt 0.721166 0.438936
vt 0.721289 0.398985
vt 0.136855 0.743152
vt 0.137045 0.723980
vt 0.046468 0.189058
vt 0.099387 0.086739
vt 0.045386 0.087510
vt 0.041365 0.084921
vt 0.039386 0.040170
vt 0.037538 0.084932
vt 0.035750 0.039591
vt 0.978874 0.398085
vt 0.975031 0.398025
vt 0.971127 0.397984
vt 0.041482 0.087551
vt 0.037642 0.087608
vt 0.977914 0.444903
vt 0.977802 0.494725
vt 0.973967 0.494711
vt 0.974079 0.444881
vt 0.042573 0.184242
vt 0.042442 0.134409
vt 0.038738 0.184253
vt 0.038610 0.134431
vt 0.977794 0.499541
vt 0.978445 0.544437
vt 0.974593 0.544391
vt 0.973954 0.499541
vt 0.042589 0.189072
vt 0.038749 0.189072
vt 0.979235 0.589817
vt 0.975608 0.589172
vt 0.213345 0.232962
vt 0.213446 0.236781
vt 0.803117 0.547348
vt 0.803215 0.543532
vt 0.295497 0.232705
vt 0.295491 0.236524
vt 0.721065 0.547110
vt 0.721060 0.543291
vt 0.721024 0.495695
vt 0.293724 0.723694
vt 0.293630 0.745661
vt 0.295516 0.185106
vt 0.295407 0.132206
vt 0.136842 0.744548
vt 0.137057 0.722583
vt 0.721120 0.442793
vt 0.721341 0.395164
vt 0.721363 0.391342
vt 0.295150 0.080753
vt 0.295174 0.084574
vt 0.039911 0.037371
vt 0.037825 0.035376
vt 0.978674 0.345853
vt 0.976592 0.347846
vt 0.039539 0.283527
vt 0.041592 0.281496
vt 0.975036 0.591960
vt 0.977089 0.593991
vt 0.101245 0.285121
vt 0.099376 0.282937
vt 0.917255 0.593452
vt 0.915385 0.595639
vt 0.100387 0.187782
vt 0.104222 0.184124
vt 0.224067 0.745460
vt 0.206437 0.745332
vt 0.104099 0.134111
vt 0.100223 0.130487
vt 0.916296 0.440989
vt 0.912425 0.444613
vt 0.206618 0.723120
vt 0.224202 0.723248
vt 0.912318 0.494629
vt 0.916156 0.498286
vt 0.103068 0.082896
vt 0.105873 0.079905
vt 0.099537 0.032812
vt 0.097675 0.034996
vt 0.918827 0.345495
vt 0.916965 0.343311
vt 0.910637 0.390402
vt 0.913442 0.393395
vt 0.917126 0.397235
vt 0.046452 0.186642
vt 0.042581 0.186658
vt 0.038746 0.186666
vt 0.591839 0.929919
vt 0.590961 0.948049
vt 0.977794 0.497133
vt 0.973959 0.497127
vt 0.970089 0.497113
vt 0.970225 0.442432
vt 0.974093 0.442470
vt 0.977928 0.442509
vt 0.573187 0.928668
vt 0.571677 0.946755
vt 0.042431 0.131993
vt 0.038593 0.132037
vt 0.046296 0.131955
vt 0.046285 0.129525
vt 0.042406 0.129585
vt 0.038569 0.129648
vt 0.572429 0.928594
vt 0.570717 0.946664
vt 0.977955 0.440122
vt 0.974115 0.440062
vt 0.974935 0.399731
vt 0.978795 0.399805
vt 0.558596 0.927200
vt 0.556691 0.945251
vt 0.041578 0.089256
vt 0.037718 0.089330
vt 0.045533 0.089185
vt 0.364787 0.725374
vt 0.379452 0.725406
vt 0.379374 0.744618
vt 0.364711 0.744534
vt 0.489032 0.278752
vt 0.488568 0.232202
vt 0.485468 0.279605
vt 0.486006 0.234859
vt 0.808908 0.917016
vt 0.810181 0.916878
vt 0.812123 0.934925
vt 0.810763 0.935071
vt 0.811455 0.916734
vt 0.813481 0.934771
vt 0.531072 0.590268
vt 0.527508 0.589415
vt 0.527981 0.542865
vt 0.530545 0.545522
vt 0.523968 0.588983
vt 0.524285 0.539110
vt 0.361742 0.744520
vt 0.362089 0.745953
vt 0.323593 0.745770
vt 0.323612 0.744375
vt 0.483402 0.184682
vt 0.377726 0.188738
vt 0.377676 0.184906
vt 0.363222 0.744554
vt 0.363298 0.725341
vt 0.361820 0.725364
vt 0.488357 0.179650
vt 0.488286 0.136785
vt 0.364347 0.745965
vt 0.379866 0.746055
vt 0.483322 0.131755
vt 0.377584 0.132029
vt 0.377652 0.128188
vt 0.068258 0.743915
vt 0.068750 0.742482
vt 0.106864 0.742838
vt 0.106856 0.744233
vt 0.067347 0.742405
vt 0.067536 0.723316
vt 0.068941 0.723267
vt 0.380782 0.744558
vt 0.380858 0.725478
vt 0.068477 0.721824
vt 0.107074 0.722272
vt 0.107056 0.723669
vt 0.533204 0.442427
vt 0.529331 0.438693
vt 0.638878 0.438813
vt 0.638943 0.442654
vt 0.524225 0.443927
vt 0.528238 0.447456
vt 0.528183 0.490321
vt 0.524206 0.493861
vt 0.379954 0.723973
vt 0.364434 0.723940
vt 0.529307 0.499090
vt 0.533139 0.495351
vt 0.638867 0.495531
vt 0.638815 0.499360
vt 0.362177 0.723934
vt 0.323690 0.725208
vt 0.323683 0.723813
vt 0.481286 0.080919
vt 0.483322 0.084383
vt 0.377428 0.084443
vt 0.377338 0.080627
vt 0.377562 0.088256
vt 0.373089 0.894788
vt 0.374510 0.895007
vt 0.371731 0.912943
vt 0.370537 0.912758
vt 0.375926 0.895245
vt 0.372922 0.913145
vt 0.488765 0.078913
vt 0.489029 0.037499
vt 0.485293 0.076822
vt 0.485457 0.036704
vt 0.357828 0.892726
vt 0.355770 0.910759
vt 0.359266 0.892908
vt 0.356956 0.910911
vt 0.523955 0.348518
vt 0.527486 0.348165
vt 0.527762 0.389576
vt 0.524105 0.393359
vt 0.531059 0.347370
vt 0.531231 0.387485
vt 0.529345 0.398662
vt 0.533202 0.395046
vt 0.639093 0.395065
vt 0.638957 0.398875
vt 0.535235 0.391580
vt 0.639178 0.391247
vt 0.795235 0.936634
vt 0.793474 0.918569
vt 0.757531 0.940210
vt 0.755888 0.922133
vt 0.638768 0.539290
vt 0.377783 0.228668
vt 0.408378 0.919331
vt 0.411565 0.901463
vt 0.377630 0.232484
vt 0.377529 0.236297
vt 0.638924 0.543103
vt 0.639025 0.546919
vt 0.487797 0.283634
vt 0.489746 0.281507
vt 0.492542 0.281969
vt 0.492006 0.285632
vt 0.523998 0.592632
vt 0.526795 0.592170
vt 0.528744 0.594297
vt 0.524534 0.596298
vt 0.486928 0.183190
vt 0.363213 0.746058
vt 0.066906 0.743795
vt 0.486851 0.133242
vt 0.381216 0.745945
vt 0.525677 0.440333
vt 0.529676 0.443914
vt 0.067123 0.721917
vt 0.381303 0.724094
vt 0.363302 0.723839
vt 0.525663 0.497458
vt 0.529613 0.493861
vt 0.487040 0.082612
vt 0.484142 0.079733
vt 0.487748 0.032623
vt 0.491965 0.030576
vt 0.492515 0.034228
vt 0.489718 0.034728
vt 0.524001 0.344894
vt 0.526800 0.345394
vt 0.524548 0.341242
vt 0.528765 0.343289
vt 0.532382 0.390396
vt 0.529487 0.393275
vt 0.525657 0.396973
f 96/1 86/2 80/3 70/4
f 2/5 1/6 107/7 112/8
f 1/6 6/9 108/10 107/7
f 4/11 3/12 14/13 13/14
f 3/12 2/15 15/16 14/13
f 11/17 10/18 113/19 118/20
f 10/18 15/21 114/22 113/19
f 13/23 12/24 17/25 16/26
f 12/24 11/17 18/27 17/25
f 33/28 32/29 39/30 38/31
f 32/29 31/32 40/33 39/30
f 38/31 37/34 51/35 50/36
f 37/34 42/37 52/38 51/35
f 42/39 41/40 45/41 44/42
f 41/40 40/43 46/44 45/41
f 44/45 43/46 59/47 58/48
f 43/46 48/49 60/50 59/47
f 50/36 49/51 62/52 61/53
f 49/51 54/54 63/55 62/52
f 54/56 53/57 57/58 56/59
f 53/57 52/60 58/61 57/58
f 56/62 55/63 65/64 64/65
f 55/63 60/50 66/66 65/64
f 68/67 67/68 137/69 136/70
f 67/71 73/72 138/73 137/74
f 70/4 69/75 97/76 96/1
f 69/75 68/67 91/77 97/76
f 72/78 71/79 79/80 78/81
f 71/82 70/4 80/3 79/83
f 77/84 76/85 140/86 139/87
f 76/88 75/89 141/90 140/91
f 75/89 81/92 85/93 84/94
f 81/95 80/3 86/2 85/96
f 84/94 83/97 143/98 142/99
f 83/100 89/101 144/102 143/103
f 88/104 87/105 95/106 94/107
f 87/108 86/2 96/1 95/109
f 93/110 92/111 134/112 133/113
f 92/114 91/77 135/115 134/116
f 100/117 99/118 149/119 148/120
f 99/118 105/121 150/122 149/119
f 102/123 101/124 125/125 124/126
f 101/124 100/127 119/128 125/125
f 104/129 103/130 109/131 108/10
f 103/130 102/132 110/133 109/131
f 112/134 111/135 115/136 114/137
f 111/135 110/138 116/139 115/136
f 118/20 117/140 123/141 122/142
f 117/140 116/143 124/144 123/141
f 121/145 120/146 146/147 145/148
f 120/146 119/149 147/150 146/147
f 4/11 13/14 16/151 7/152
f 7/152 16/151 197/153 198/154
f 19/155 22/156 28/157 25/158
f 167/159 168/160 34/161 31/162
f 31/162 34/161 46/44 40/43
f 42/39 44/42 58/61 52/60
f 54/56 56/59 64/163 63/164
f 112/134 114/137 15/16 2/15
f 11/17 118/20 122/142 18/27
f 189/165 121/145 89/101 177/166
f 24/167 88/104 94/107 30/168
f 170/169 93/110 66/66 36/170
f 36/170 66/66 60/50 48/49
f 108/10 6/9 9/171 104/129
f 72/78 78/81 21/172 27/173
f 61/53 33/28 38/31 50/36
f 63/174 64/175 130/176 129/177
f 66/66 93/110 133/113 132/178
f 138/73 73/72 61/53 127/179
f 144/102 89/101 121/145 145/148
f 150/122 105/121 77/84 139/87
f 138/73 127/179 201/180 208/181
f 135/115 136/70 207/182 206/183
f 132/178 133/113 205/184 204/185
f 129/177 130/176 203/186 202/187
f 150/122 139/87 209/188 216/189
f 147/190 148/191 215/192 214/193
f 144/102 145/148 213/194 212/195
f 141/90 142/99 211/196 210/197
f 73/72 165/198 33/28 61/53
f 106/199 104/129 9/171 200/200
f 135/115 91/77 68/67 136/70
f 141/90 75/89 84/94 142/99
f 147/190 119/128 100/127 148/191
f 110/138 102/123 124/126 116/139
f 6/9 5/201 8/202 9/171
f 5/201 4/203 7/204 8/202
f 16/26 17/25 196/205 197/206
f 17/25 18/27 195/207 196/205
f 9/171 8/202 199/208 200/200
f 8/202 7/204 198/209 199/208
f 22/210 23/211 29/212 28/213
f 23/211 24/167 30/168 29/212
f 21/172 20/214 26/215 27/173
f 20/214 19/216 25/217 26/215
f 168/218 169/219 35/220 34/221
f 169/219 170/169 36/170 35/220
f 165/198 166/222 32/29 33/28
f 166/222 167/223 31/32 32/29
f 34/221 35/220 47/224 46/225
f 35/220 36/170 48/49 47/224
f 61/53 62/52 128/226 127/179
f 62/52 63/55 129/227 128/226
f 64/65 65/64 131/228 130/229
f 65/64 66/66 132/178 131/228
f 127/179 128/226 217/230 201/180
f 128/226 129/227 202/231 217/230
f 130/229 131/228 218/232 203/233
f 131/228 132/178 204/185 218/232
f 133/113 134/112 219/234 205/184
f 134/116 135/115 206/183 219/235
f 136/70 137/69 220/236 207/182
f 137/74 138/73 208/181 220/237
f 139/87 140/86 221/238 209/188
f 140/91 141/90 210/197 221/239
f 142/99 143/98 222/240 211/196
f 143/103 144/102 212/195 222/241
f 145/148 146/147 223/242 213/194
f 146/147 147/150 214/243 223/242
f 148/120 149/119 224/244 215/245
f 149/119 150/122 216/189 224/244
f 5/201 6/9 1/6 151/246
f 1/6 2/5 3/247 151/246
f 3/247 4/203 5/201 151/246
f 14/248 15/21 10/18 152/249
f 10/18 11/17 12/24 152/249
f 12/24 13/23 14/248 152/249
f 41/250 42/37 37/34 153/251
f 37/34 38/31 39/30 153/251
f 39/30 40/33 41/250 153/251
f 47/224 48/49 43/46 154/252
f 43/46 44/45 45/253 154/252
f 45/253 46/225 47/224 154/252
f 53/254 54/54 49/51 155/255
f 49/51 50/36 51/35 155/255
f 51/35 52/38 53/254 155/255
f 59/47 60/50 55/63 156/256
f 55/63 56/62 57/257 156/256
f 57/257 58/48 59/47 156/256
f 74/258 73/72 67/71 157/259
f 67/68 68/67 69/75 157/260
f 69/75 70/4 71/82 157/260
f 71/79 72/78 74/258 157/259
f 81/92 75/89 76/88 158/261
f 76/85 77/84 82/262 158/263
f 82/262 78/81 79/80 158/263
f 79/83 80/3 81/95 158/264
f 90/265 89/101 83/100 159/266
f 83/97 84/94 85/93 159/267
f 85/96 86/2 87/108 159/268
f 87/105 88/104 90/265 159/266
f 97/76 91/77 92/114 160/269
f 92/111 93/110 98/270 160/271
f 98/270 94/107 95/106 160/271
f 95/109 96/1 97/76 160/269
f 106/199 105/121 99/118 161/272
f 99/118 100/117 101/273 161/272
f 101/273 102/132 103/130 161/272
f 103/130 104/129 106/199 161/272
f 111/274 112/8 107/7 162/275
f 107/7 108/10 109/131 162/275
f 109/131 110/133 111/274 162/275
f 117/140 118/20 113/19 163/276
f 113/19 114/22 115/277 163/276
f 115/277 116/143 117/140 163/276
f 125/278 119/149 120/146 164/279
f 120/146 121/145 126/280 164/279
f 126/280 122/142 123/141 164/279
f 123/141 124/144 125/278 164/279
f 73/72 74/258 176/281 165/198
f 27/173 26/215 175/282 176/281
f 26/215 25/217 174/283 175/282
f 25/158 28/157 173/284 174/285
f 28/213 29/212 172/286 173/287
f 29/212 30/168 171/288 172/286
f 30/168 94/107 98/270 171/288
f 172/286 171/288 170/169 169/219
f 173/287 172/286 169/219 168/218
f 174/285 173/284 168/160 167/159
f 175/282 174/283 167/223 166/222
f 176/281 175/282 166/222 165/198
f 176/281 74/258 72/78 27/173
f 171/288 98/270 93/110 170/169
f 177/166 89/101 90/265 188/289
f 187/290 188/289 24/167 23/211
f 186/291 187/290 23/211 22/210
f 185/292 186/293 22/156 19/155
f 184/294 185/295 19/216 20/214
f 183/296 184/294 20/214 21/172
f 82/262 183/296 21/172 78/81
f 182/297 181/298 184/294 183/296
f 181/298 180/299 185/295 184/294
f 180/300 179/301 186/293 185/292
f 179/302 178/303 187/290 186/291
f 178/303 177/166 188/289 187/290
f 77/84 182/297 183/296 82/262
f 188/289 90/265 88/104 24/167
f 190/304 189/165 177/166 178/303
f 191/305 190/304 178/303 179/302
f 192/306 191/307 179/301 180/300
f 193/308 192/309 180/299 181/298
f 194/310 193/308 181/298 182/297
f 195/207 126/280 121/145 189/165
f 196/205 195/207 189/165 190/304
f 197/206 196/205 190/304 191/305
f 198/154 197/153 191/307 192/306
f 199/208 198/209 192/309 193/308
f 200/200 199/208 193/308 194/310
f 18/27 122/142 126/280 195/207
f 105/121 194/310 182/297 77/84
f 106/199 200/200 194/310 105/121
f 272/311 246/312 256/313 262/314
f 226/315 237/316 238/317 225/318
f 225/318 238/317 239/319 230/320
f 230/321 232/322 233/323 229/324
f 229/324 233/323 234/325 228/326
f 232/327 240/328 241/329 231/330
f 231/330 241/329 242/331 236/332
f 244/333 312/334 313/335 243/336
f 243/337 313/338 314/339 249/340
f 246/312 272/311 273/341 245/342
f 245/342 273/341 267/343 244/333
f 248/344 254/345 255/346 247/347
f 247/348 255/349 256/313 246/312
f 253/350 315/351 316/352 252/353
f 252/354 316/355 317/356 251/357
f 251/357 260/358 261/359 257/360
f 257/360 261/359 262/314 256/313
f 260/358 318/361 319/362 259/363
f 259/364 319/365 320/366 265/367
f 264/368 270/369 271/370 263/371
f 263/372 271/373 272/311 262/314
f 269/374 309/375 310/376 268/377
f 268/378 310/379 311/380 267/343
f 276/381 324/382 325/383 275/384
f 275/384 325/383 326/385 281/386
f 278/387 300/388 301/389 277/390
f 277/390 301/389 295/391 276/392
f 280/393 284/394 285/395 279/396
f 279/396 285/395 286/397 278/398
f 288/399 290/400 291/401 287/402
f 287/402 291/401 292/403 286/404
f 294/405 298/406 299/407 293/408
f 293/408 299/407 300/409 292/410
f 297/411 321/412 322/413 296/414
f 296/414 322/413 323/415 295/416
f 230/321 239/417 240/418 232/322
f 290/400 288/399 624/419 626/420
f 284/394 280/393 616/421 620/422
f 254/345 248/344 584/423 590/424
f 237/316 226/315 562/425 573/426
f 239/417 305/427 306/428 240/418
f 242/331 308/429 309/375 269/374
f 314/339 303/430 237/316 249/340
f 320/366 321/412 297/411 265/367
f 326/385 315/351 253/350 281/386
f 314/339 208/181 201/180 303/430
f 311/380 206/183 207/182 312/334
f 308/429 204/185 205/184 309/375
f 305/427 202/187 203/186 306/428
f 326/385 216/189 209/188 315/351
f 323/431 214/193 215/192 324/432
f 320/366 212/195 213/194 321/412
f 317/356 210/197 211/196 318/361
f 249/340 237/316 573/426 585/433
f 280/393 282/434 618/435 616/421
f 311/380 312/334 244/333 267/343
f 317/356 318/361 260/358 251/357
f 323/431 324/432 276/392 295/391
f 286/404 292/403 300/388 278/387
f 237/316 303/430 304/436 238/317
f 238/317 304/436 305/437 239/319
f 240/328 306/438 307/439 241/329
f 241/329 307/439 308/429 242/331
f 303/430 201/180 217/230 304/436
f 304/436 217/230 202/231 305/437
f 306/438 203/233 218/232 307/439
f 307/439 218/232 204/185 308/429
f 309/375 205/184 219/234 310/376
f 310/379 219/235 206/183 311/380
f 312/334 207/182 220/236 313/335
f 313/338 220/237 208/181 314/339
f 315/351 209/188 221/238 316/352
f 316/355 221/239 210/197 317/356
f 318/361 211/196 222/240 319/362
f 319/365 222/241 212/195 320/366
f 321/412 213/194 223/242 322/413
f 322/413 223/242 214/243 323/415
f 324/382 215/245 224/244 325/383
f 325/383 224/244 216/189 326/385
f 229/440 327/441 225/318 230/320
f 225/318 327/441 227/442 226/315
f 227/442 327/441 229/440 228/443
f 235/444 328/445 231/330 236/332
f 231/330 328/445 233/446 232/327
f 233/446 328/445 235/444 234/447
f 250/448 329/449 243/337 249/340
f 243/336 329/450 245/342 244/333
f 245/342 329/450 247/348 246/312
f 247/347 329/449 250/448 248/344
f 257/360 330/451 252/354 251/357
f 252/353 330/452 258/453 253/350
f 258/453 330/452 255/346 254/345
f 255/349 330/451 257/360 256/313
f 266/454 331/455 259/364 265/367
f 259/363 331/456 261/359 260/358
f 261/359 331/456 263/372 262/314
f 263/371 331/455 266/454 264/368
f 273/341 332/457 268/378 267/343
f 268/377 332/458 274/459 269/374
f 274/459 332/458 271/370 270/369
f 271/373 332/457 273/341 272/311
f 282/434 333/460 275/384 281/386
f 275/384 333/460 277/461 276/381
f 277/461 333/460 279/396 278/398
f 279/396 333/460 282/434 280/393
f 287/462 334/463 283/464 288/465
f 283/464 334/463 285/395 284/394
f 285/395 334/463 287/462 286/397
f 293/408 335/466 289/467 294/405
f 289/467 335/466 291/468 290/469
f 291/468 335/466 293/408 292/410
f 301/470 336/471 296/414 295/416
f 296/414 336/471 302/472 297/411
f 302/472 336/471 299/407 298/406
f 299/407 336/471 301/470 300/409
f 250/448 249/340 585/433 586/473
f 258/453 254/345 590/424 594/474
f 253/350 258/453 594/474 589/475
f 281/386 253/350 589/475 617/476
f 282/434 281/386 617/476 618/435
f 432/477 406/478 416/479 422/480
f 338/481 448/482 443/483 337/484
f 337/484 443/483 444/485 342/486
f 340/487 349/488 350/489 339/490
f 339/490 350/489 351/491 338/492
f 347/493 454/494 449/495 346/496
f 346/496 449/495 450/497 351/498
f 349/499 352/500 353/501 348/502
f 348/502 353/501 354/503 347/493
f 369/504 374/505 375/506 368/507
f 368/507 375/506 376/508 367/509
f 374/505 386/510 387/511 373/512
f 373/512 387/511 388/513 378/514
f 378/515 380/516 381/517 377/518
f 377/518 381/517 382/519 376/520
f 380/521 394/522 395/523 379/524
f 379/524 395/523 396/525 384/526
f 386/510 397/527 398/528 385/529
f 385/529 398/528 399/530 390/531
f 390/532 392/533 393/534 389/535
f 389/535 393/534 394/536 388/537
f 392/538 400/539 401/540 391/541
f 391/541 401/540 402/542 396/525
f 404/543 472/544 473/545 403/546
f 403/547 473/548 474/549 409/550
f 406/478 432/477 433/551 405/552
f 405/552 433/551 427/553 404/543
f 408/554 414/555 415/556 407/557
f 407/558 415/559 416/479 406/478
f 413/560 475/561 476/562 412/563
f 412/564 476/565 477/566 411/567
f 411/567 420/568 421/569 417/570
f 417/570 421/569 422/480 416/479
f 420/568 478/571 479/572 419/573
f 419/574 479/575 480/576 425/577
f 424/578 430/579 431/580 423/581
f 423/582 431/583 432/477 422/480
f 429/584 469/585 470/586 428/587
f 428/588 470/589 471/590 427/553
f 436/591 484/592 485/593 435/594
f 435/594 485/593 486/595 441/596
f 438/597 460/598 461/599 437/600
f 437/600 461/599 455/601 436/602
f 440/603 444/485 445/604 439/605
f 439/605 445/604 446/606 438/607
f 448/608 450/609 451/610 447/611
f 447/611 451/610 452/612 446/613
f 454/494 458/614 459/615 453/616
f 453/616 459/615 460/617 452/618
f 457/619 481/620 482/621 456/622
f 456/622 482/621 483/623 455/624
f 340/487 343/625 352/626 349/488
f 343/625 534/627 533/628 352/626
f 355/629 361/630 364/631 358/632
f 503/633 367/634 370/635 504/636
f 367/634 376/520 382/519 370/635
f 378/515 388/537 394/536 380/516
f 390/532 399/637 400/638 392/533
f 448/608 338/492 351/491 450/609
f 347/493 354/503 458/614 454/494
f 525/639 513/640 425/577 457/619
f 360/641 366/642 430/579 424/578
f 506/643 372/644 402/542 429/584
f 372/644 384/526 396/525 402/542
f 444/485 440/603 345/645 342/486
f 408/554 363/646 357/647 414/555
f 397/527 386/510 374/505 369/504
f 399/637 465/648 466/649 400/638
f 402/542 468/650 469/585 429/584
f 474/549 463/651 397/527 409/550
f 480/576 481/620 457/619 425/577
f 486/595 475/561 413/560 441/596
f 474/549 544/652 537/653 463/651
f 471/590 542/654 543/655 472/544
f 468/650 540/656 541/657 469/585
f 465/648 538/658 539/659 466/649
f 486/595 552/660 545/661 475/561
f 483/662 550/663 551/664 484/665
f 480/576 548/666 549/667 481/620
f 477/566 546/668 547/669 478/571
f 409/550 397/527 369/504 501/670
f 442/671 536/672 345/645 440/603
f 471/590 472/544 404/543 427/553
f 477/566 478/571 420/568 411/567
f 483/662 484/665 436/602 455/601
f 446/613 452/612 460/598 438/597
f 342/486 345/645 344/673 341/674
f 341/674 344/673 343/675 340/676
f 352/500 533/677 532/678 353/501
f 353/501 532/678 531/679 354/503
f 345/645 536/672 535/680 344/673
f 344/673 535/680 534/681 343/675
f 358/682 364/683 365/684 359/685
f 359/685 365/684 366/642 360/641
f 357/647 363/646 362/686 356/687
f 356/687 362/686 361/688 355/689
f 504/690 370/691 371/692 505/693
f 505/693 371/692 372/644 506/643
f 501/670 369/504 368/507 502/694
f 502/694 368/507 367/509 503/695
f 370/691 382/696 383/697 371/692
f 371/692 383/697 384/526 372/644
f 397/527 463/651 464/698 398/528
f 398/528 464/698 465/699 399/530
f 400/539 466/700 467/701 401/540
f 401/540 467/701 468/650 402/542
f 463/651 537/653 553/702 464/698
f 464/698 553/702 538/703 465/699
f 466/700 539/704 554/705 467/701
f 467/701 554/705 540/656 468/650
f 469/585 541/657 555/706 470/586
f 470/589 555/707 542/654 471/590
f 472/544 543/655 556/708 473/545
f 473/548 556/709 544/652 474/549
f 475/561 545/661 557/710 476/562
f 476/565 557/711 546/668 477/566
f 478/571 547/669 558/712 479/572
f 479/575 558/713 548/666 480/576
f 481/620 549/667 559/714 482/621
f 482/621 559/714 550/715 483/623
f 484/592 551/716 560/717 485/593
f 485/593 560/717 552/660 486/595
f 341/674 487/718 337/484 342/486
f 337/484 487/718 339/719 338/481
f 339/719 487/718 341/674 340/676
f 350/720 488/721 346/496 351/498
f 346/496 488/721 348/502 347/493
f 348/502 488/721 350/720 349/499
f 377/722 489/723 373/512 378/514
f 373/512 489/723 375/506 374/505
f 375/506 489/723 377/722 376/508
f 383/697 490/724 379/524 384/526
f 379/524 490/724 381/725 380/521
f 381/725 490/724 383/697 382/696
f 389/726 491/727 385/529 390/531
f 385/529 491/727 387/511 386/510
f 387/511 491/727 389/726 388/513
f 395/523 492/728 391/541 396/525
f 391/541 492/728 393/729 392/538
f 393/729 492/728 395/523 394/522
f 410/730 493/731 403/547 409/550
f 403/546 493/732 405/552 404/543
f 405/552 493/732 407/558 406/478
f 407/557 493/731 410/730 408/554
f 417/570 494/733 412/564 411/567
f 412/563 494/734 418/735 413/560
f 418/735 494/734 415/556 414/555
f 415/559 494/733 417/570 416/479
f 426/736 495/737 419/574 425/577
f 419/573 495/738 421/569 420/568
f 421/569 495/738 423/582 422/480
f 423/581 495/737 426/736 424/578
f 433/551 496/739 428/588 427/553
f 428/587 496/740 434/741 429/584
f 434/741 496/740 431/580 430/579
f 431/583 496/739 433/551 432/477
f 442/671 497/742 435/594 441/596
f 435/594 497/742 437/743 436/591
f 437/743 497/742 439/605 438/607
f 439/605 497/742 442/671 440/603
f 447/744 498/745 443/483 448/482
f 443/483 498/745 445/604 444/485
f 445/604 498/745 447/744 446/606
f 453/616 499/746 449/495 454/494
f 449/495 499/746 451/747 450/497
f 451/747 499/746 453/616 452/618
f 461/748 500/749 456/622 455/624
f 456/622 500/749 462/750 457/619
f 462/750 500/749 459/615 458/614
f 459/615 500/749 461/748 460/617
f 409/550 501/670 512/751 410/730
f 363/646 512/751 511/752 362/686
f 362/686 511/752 510/753 361/688
f 361/630 510/754 509/755 364/631
f 364/683 509/756 508/757 365/684
f 365/684 508/757 507/758 366/642
f 366/642 507/758 434/741 430/579
f 508/757 505/693 506/643 507/758
f 509/756 504/690 505/693 508/757
f 510/754 503/633 504/636 509/755
f 511/752 502/694 503/695 510/753
f 512/751 501/670 502/694 511/752
f 512/751 363/646 408/554 410/730
f 507/758 506/643 429/584 434/741
f 513/640 524/759 426/736 425/577
f 523/760 359/685 360/641 524/759
f 522/761 358/682 359/685 523/760
f 521/762 355/629 358/632 522/763
f 520/764 356/687 355/689 521/765
f 519/766 357/647 356/687 520/764
f 418/735 414/555 357/647 519/766
f 518/767 519/766 520/764 517/768
f 517/768 520/764 521/765 516/769
f 516/770 521/762 522/763 515/771
f 515/772 522/761 523/760 514/773
f 514/773 523/760 524/759 513/640
f 413/560 418/735 519/766 518/767
f 524/759 360/641 424/578 426/736
f 526/774 514/773 513/640 525/639
f 527/775 515/772 514/773 526/774
f 528/776 516/770 515/771 527/777
f 529/778 517/768 516/769 528/779
f 530/780 518/767 517/768 529/778
f 531/679 525/639 457/619 462/750
f 532/678 526/774 525/639 531/679
f 533/677 527/775 526/774 532/678
f 534/627 528/776 527/777 533/628
f 535/680 529/778 528/779 534/681
f 536/672 530/780 529/778 535/680
f 354/503 531/679 462/750 458/614
f 441/596 413/560 518/767 530/780
f 442/671 441/596 530/780 536/672
f 608/781 598/782 592/783 582/784
f 562/425 561/785 574/786 573/426
f 561/785 566/787 575/788 574/786
f 566/789 565/790 569/791 568/792
f 565/790 564/793 570/794 569/791
f 568/795 567/796 577/797 576/798
f 567/796 572/799 578/800 577/797
f 580/801 579/802 649/803 648/804
f 579/805 585/433 650/806 649/807
f 582/784 581/808 609/809 608/781
f 581/808 580/801 603/810 609/809
f 584/423 583/811 591/812 590/424
f 583/813 582/784 592/783 591/814
f 589/475 588/815 652/816 651/817
f 588/818 587/819 653/820 652/821
f 587/819 593/822 597/823 596/824
f 593/825 592/783 598/782 597/826
f 596/824 595/827 655/828 654/829
f 595/830 601/831 656/832 655/833
f 600/834 599/835 607/836 606/837
f 599/838 598/782 608/781 607/839
f 605/840 604/841 646/842 645/843
f 604/844 603/810 647/845 646/846
f 612/847 611/848 661/849 660/850
f 611/848 617/476 662/851 661/849
f 614/852 613/853 637/854 636/855
f 613/853 612/856 631/857 637/854
f 616/421 615/858 621/859 620/422
f 615/858 614/860 622/861 621/859
f 624/419 623/862 627/863 626/420
f 623/862 622/864 628/865 627/863
f 630/866 629/867 635/868 634/869
f 629/867 628/870 636/871 635/868
f 633/872 632/873 658/874 657/875
f 632/873 631/876 659/877 658/874
f 566/789 568/792 576/878 575/879
f 575/879 576/878 642/880 641/881
f 578/800 605/840 645/843 644/882
f 650/806 585/433 573/426 639/883
f 656/832 601/831 633/872 657/875
f 662/851 617/476 589/475 651/817
f 650/806 639/883 537/653 544/652
f 647/845 648/804 543/655 542/654
f 644/882 645/843 541/657 540/656
f 641/881 642/880 539/659 538/658
f 662/851 651/817 545/661 552/660
f 659/884 660/885 551/664 550/663
f 656/832 657/875 549/667 548/666
f 653/820 654/829 547/669 546/668
f 647/845 603/810 580/801 648/804
f 653/820 587/819 596/824 654/829
f 659/884 631/857 612/856 660/885
f 622/864 614/852 636/855 628/865
f 573/426 574/786 640/886 639/883
f 574/786 575/788 641/887 640/886
f 576/798 577/797 643/888 642/889
f 577/797 578/800 644/882 643/888
f 639/883 640/886 553/702 537/653
f 640/886 641/887 538/703 553/702
f 642/889 643/888 554/705 539/704
f 643/888 644/882 540/656 554/705
f 645/843 646/842 555/706 541/657
f 646/846 647/845 542/654 555/707
f 648/804 649/803 556/708 543/655
f 649/807 650/806 544/652 556/709
f 651/817 652/816 557/710 545/661
f 652/821 653/820 546/668 557/711
f 654/829 655/828 558/712 547/669
f 655/833 656/832 548/666 558/713
f 657/875 658/874 559/714 549/667
f 658/874 659/877 550/715 559/714
f 660/850 661/849 560/717 551/716
f 661/849 662/851 552/660 560/717
f 565/890 566/787 561/785 663/891
f 561/785 562/425 563/892 663/891
f 563/892 564/893 565/890 663/891
f 571/894 572/799 567/796 664/895
f 567/796 568/795 569/896 664/895
f 569/896 570/897 571/894 664/895
f 586/473 585/433 579/805 665/898
f 579/802 580/801 581/808 665/899
f 581/808 582/784 583/813 665/899
f 583/811 584/423 586/473 665/898
f 593/822 587/819 588/818 666/900
f 588/815 589/475 594/474 666/901
f 594/474 590/424 591/812 666/901
f 591/814 592/783 593/825 666/902
f 602/903 601/831 595/830 667/904
f 595/827 596/824 597/823 667/905
f 597/826 598/782 599/838 667/906
f 599/835 600/834 602/903 667/904
f 609/809 603/810 604/844 668/907
f 604/841 605/840 610/908 668/909
f 610/908 606/837 607/836 668/909
f 607/839 608/781 609/809 668/907
f 618/435 617/476 611/848 669/910
f 611/848 612/847 613/911 669/910
f 613/911 614/860 615/858 669/910
f 615/858 616/421 618/435 669/910
f 623/912 624/913 619/914 670/915
f 619/914 620/422 621/859 670/915
f 621/859 622/861 623/912 670/915
f 629/867 630/866 625/916 671/917
f 625/916 626/918 627/919 671/917
f 627/919 628/870 629/867 671/917
f 637/920 631/876 632/873 672/921
f 632/873 633/872 638/922 672/921
f 638/922 634/869 635/868 672/921
f 635/868 636/871 637/920 672/921
f 283/464 619/914 624/913 288/465
f 284/394 620/422 619/914 283/464
f 289/467 625/916 630/866 294/405
f 290/469 626/918 625/916 289/467
f 227/442 563/892 562/425 226/315
f 228/443 564/893 563/892 227/442
f 235/444 571/894 570/897 234/447
f 236/332 572/799 571/894 235/444
f 234/325 570/794 564/793 228/326
f 294/405 630/866 634/869 298/406
f 297/411 633/872 601/831 265/367
f 264/368 600/834 606/837 270/369
f 269/374 605/840 578/800 242/331
f 242/331 578/800 572/799 236/332
f 270/369 606/837 610/908 274/459
f 250/448 586/473 584/423 248/344
f 274/459 610/908 605/840 269/374
f 265/367 601/831 602/903 266/454
f 266/454 602/903 600/834 264/368
f 302/472 638/922 633/872 297/411
f 298/406 634/869 638/922 302/472
v 18.278759 -111.902011 191.527008
v 18.420170 -111.960579 191.527008
v 18.420170 -111.902011 191.668419
v 18.420170 -111.760601 191.726975
v 18.278759 -111.760601 191.668419
v 18.220191 -111.760601 191.527008
v 18.420170 -109.960581 191.726975
v 18.278759 -109.960581 191.668419
v 18.220191 -109.960581 191.527008
v 20.661619 -111.902011 191.527008
v 20.720189 -111.760601 191.527008
v 20.661619 -111.760601 191.668419
v 20.520208 -111.760601 191.726975
v 20.520208 -111.902011 191.668419
v 20.520208 -111.960579 191.527008
v 20.520208 -109.960581 191.726975
v 20.661619 -109.960581 191.668419
v 20.720189 -109.960581 191.527008
v 18.420170 -107.960582 191.726975
v 18.278759 -107.960582 191.668419
v 18.220191 -107.960582 191.527008
v 20.520208 -107.960582 191.726975
v 20.661619 -107.960582 191.668419
v 20.720189 -107.960582 191.527008
v 18.420170 -105.960582 191.726975
v 18.278759 -105.960582 191.668419
v 18.220191 -105.960582 191.527008
v 20.520208 -105.960582 191.726975
v 20.661619 -105.960582 191.668419
v 20.720189 -105.960582 191.527008
v 18.420170 -103.960581 191.726975
v 18.278759 -103.960581 191.668419
v 18.220191 -103.960581 191.527008
v 20.520208 -103.960581 191.726975
v 20.661619 -103.960581 191.668419
v 20.720189 -103.960581 191.527008
v 18.278759 -102.019150 191.527008
v 18.220191 -102.160561 191.527008
v 18.278759 -102.160561 191.668419
v 18.420170 -102.160561 191.726975
v 18.420170 -102.019150 191.668419
v 18.420170 -101.960582 191.527008
v 20.661619 -102.019150 191.527008
v 20.520208 -101.960582 191.527008
v 20.520208 -102.019150 191.668419
v 20.520208 -102.160561 191.726975
v 20.661619 -102.160561 191.668419
v 20.720189 -102.160561 191.527008
v 18.278759 -102.160561 189.285530
v 18.220191 -102.160561 189.426941
v 18.278759 -102.019150 189.426941
v 18.420170 -101.960582 189.426941
v 18.420170 -102.019150 189.285530
v 18.420170 -102.160561 189.226975
v 20.661619 -102.160561 189.285530
v 20.520208 -102.160561 189.226975
v 20.520208 -102.019150 189.285530
v 20.520208 -101.960582 189.426941
v 20.661619 -102.019150 189.426941
v 20.720189 -102.160561 189.426941
v 18.220191 -104.160561 189.426941
v 18.278759 -104.019152 189.285530
v 18.420170 -103.960581 189.226975
v 20.520208 -103.960581 189.226975
v 20.661619 -104.019152 189.285530
v 20.720189 -104.160561 189.426941
v 18.278759 -105.902011 189.085564
v 18.420170 -105.960582 189.027008
v 18.420170 -106.019151 189.168419
v 18.420170 -106.160561 189.226975
v 18.278759 -106.101991 189.285530
v 18.220191 -105.960582 189.426941
v 18.220191 -105.760603 189.226975
v 18.220191 -105.819171 189.368405
v 18.420170 -107.960582 189.027008
v 18.278759 -108.019161 189.085564
v 18.220191 -108.160561 189.226975
v 18.220191 -107.960582 189.426941
v 18.278759 -107.819181 189.285530
v 18.420170 -107.760601 189.226975
v 18.420170 -107.902011 189.168419
v 18.220191 -108.101992 189.368405
v 20.661619 -108.019161 189.085564
v 20.520208 -107.960582 189.027008
v 20.520208 -107.902011 189.168419
v 20.520208 -107.760601 189.226975
v 20.661619 -107.819181 189.285530
v 20.720189 -107.960582 189.426941
v 20.720189 -108.160561 189.226975
v 20.720189 -108.101992 189.368405
v 20.520208 -105.960582 189.027008
v 20.661619 -105.902011 189.085564
v 20.720189 -105.760603 189.226975
v 20.720189 -105.960582 189.426941
v 20.661619 -106.101991 189.285530
v 20.520208 -106.160561 189.226975
v 20.520208 -106.019151 189.168419
v 20.720189 -105.819171 189.368405
v 18.278759 -109.902012 189.085564
v 18.420170 -109.960581 189.027008
v 18.420170 -110.019151 189.168419
v 18.420170 -110.160562 189.226975
v 18.278759 -110.101991 189.285530
v 18.220191 -109.960581 189.426941
v 18.220191 -109.760601 189.226975
v 18.220191 -109.819171 189.368405
v 18.278759 -111.902011 189.426941
v 18.220191 -111.760601 189.426941
v 18.278759 -111.760601 189.285530
v 18.420170 -111.760601 189.226975
v 18.420170 -111.902011 189.285530
v 18.420170 -111.960579 189.426941
v 20.661619 -111.902011 189.426941
v 20.520208 -111.960579 189.426941
v 20.520208 -111.902011 189.285530
v 20.520208 -111.760601 189.226975
v 20.661619 -111.760601 189.285530
v 20.720189 -111.760601 189.426941
v 20.520208 -109.960581 189.027008
v 20.661619 -109.902012 189.085564
v 20.720189 -109.760601 189.226975
v 20.720189 -109.960581 189.426941
v 20.661619 -110.101991 189.285530
v 20.520208 -110.160562 189.226975
v 20.520208 -110.019151 189.168419
v 20.720189 -109.819171 189.368405
v 18.220191 -104.160561 184.851994
v 18.278759 -104.019152 184.851994
v 18.420170 -103.960581 184.851994
v 20.520208 -103.960581 184.851994
v 20.661619 -104.019152 184.851994
v 20.720189 -104.160561 184.851994
v 20.720189 -105.760603 184.851994
v 20.661619 -105.902011 184.851994
v 20.520208 -105.960582 184.851994
v 18.420170 -105.960582 184.851994
v 18.278759 -105.902011 184.851994
v 18.220191 -105.760603 184.851994
v 18.220191 -108.160561 184.851994
v 18.278759 -108.019151 184.851994
v 18.420170 -107.960582 184.851994
v 20.520208 -107.960582 184.851994
v 20.661619 -108.019151 184.851994
v 20.720189 -108.160561 184.851994
v 20.720189 -109.760601 184.851994
v 20.661619 -109.902012 184.851994
v 20.520208 -109.960581 184.851994
v 18.420170 -109.960581 184.851994
v 18.278759 -109.902012 184.851994
v 18.220191 -109.760601 184.851994
v 18.304749 -111.876021 191.642403
v 20.635629 -111.876021 191.642403
v 18.304749 -102.045141 191.642403
v 20.635629 -102.045141 191.642403
v 18.304749 -102.045141 189.311566
v 20.635629 -102.045141 189.311566
v 18.278759 -105.960582 189.226975
v 18.278759 -107.960582 189.226975
v 20.661619 -107.960582 189.226975
v 20.661619 -105.960582 189.226975
v 18.278759 -109.960581 189.226975
v 18.304749 -111.876021 189.311566
v 20.635629 -111.876021 189.311566
v 20.661619 -109.960581 189.226975
v 18.220191 -105.760581 191.527008
v 18.278759 -105.760581 191.668419
v 18.420170 -105.760581 191.726975
v 20.520208 -105.760581 191.726975
v 20.661619 -105.760581 191.668419
v 20.720189 -105.760581 191.527008
v 20.720189 -105.860581 191.527008
v 20.661619 -105.860581 191.668419
v 20.520208 -105.860581 191.726975
v 18.420170 -105.860581 191.726975
v 18.278759 -105.860581 191.668419
v 18.220191 -105.860581 191.527008
v 20.720189 -108.160581 191.527008
v 20.661619 -108.160581 191.668419
v 20.520208 -108.160581 191.726975
v 18.420170 -108.160581 191.726975
v 18.278759 -108.160581 191.668419
v 18.220191 -108.160581 191.527008
v 18.220191 -108.060581 191.527008
v 18.278759 -108.060581 191.668419
v 18.420170 -108.060581 191.726975
v 20.520208 -108.060581 191.726975
v 20.661619 -108.060581 191.668419
v 20.720189 -108.060581 191.527008
v 20.720189 -109.780581 191.527008
v 20.661619 -109.780581 191.668419
v 20.520208 -109.780581 191.726975
v 18.420170 -109.780581 191.726975
v 18.278759 -109.780581 191.668419
v 18.220191 -109.780581 191.527008
v 20.720189 -109.852581 191.527008
v 20.661619 -109.852581 191.668419
v 20.520208 -109.852581 191.726975
v 18.420170 -109.852581 191.726975
v 18.278759 -109.852581 191.668419
v 18.220191 -109.852581 191.527008
v 18.220191 -104.160561 181.563992
v 18.420170 -103.960581 181.563992
v 20.520208 -103.960581 181.563992
v 20.720189 -104.160561 181.563992
v 20.720189 -105.760603 181.563992
v 20.520208 -105.960582 181.563992
v 18.420170 -105.960582 181.563992
v 18.220191 -105.760603 181.563992
v 18.220191 -108.160561 181.563992
v 18.420170 -107.960582 181.563992
v 20.520208 -107.960582 181.563992
v 20.720189 -108.160561 181.563992
v 20.720189 -109.760601 181.563992
v 20.520208 -109.960581 181.563992
v 18.420170 -109.960581 181.563992
v 18.220191 -109.760601 181.563992
v 18.278759 -104.019152 181.563992
v 20.661619 -104.019152 181.563992
v 20.661619 -105.902011 181.563992
v 18.278759 -105.902011 181.563992
v 18.278759 -108.019151 181.563992
v 20.661619 -108.019151 181.563992
v 20.661619 -109.902012 181.563992
v 18.278759 -109.902012 181.563992
v 18.278759 -102.160561 173.842434
v 18.220191 -102.160561 173.701023
v 18.278759 -102.019150 173.701023
v 18.420170 -101.960582 173.701023
v 18.420170 -102.019150 173.842434
v 18.420170 -102.160561 173.900990
v 20.661619 -102.160561 173.842434
v 20.520208 -102.160561 173.900990
v 20.520208 -102.019150 173.842434
v 20.520208 -101.960582 173.701023
v 20.661619 -102.019150 173.701023
v 20.720189 -102.160561 173.701023
v 18.220191 -104.160561 173.701023
v 18.278759 -104.019152 173.842434
v 18.420170 -103.960581 173.900990
v 20.520208 -103.960581 173.900990
v 20.661619 -104.019152 173.842434
v 20.720189 -104.160561 173.701023
v 18.278759 -105.902011 174.042401
v 18.420170 -105.960582 174.100956
v 18.420170 -106.019151 173.959545
v 18.420170 -106.160561 173.900990
v 18.278759 -106.101991 173.842434
v 18.220191 -105.960582 173.701023
v 18.220191 -105.760603 173.900990
v 18.220191 -105.819171 173.759579
v 18.420170 -107.960582 174.100956
v 18.278759 -108.019161 174.042401
v 18.220191 -108.160561 173.900990
v 18.220191 -107.960582 173.701023
v 18.278759 -107.819181 173.842434
v 18.420170 -107.760601 173.900990
v 18.420170 -107.902011 173.959545
v 18.220191 -108.101992 173.759579
v 20.661619 -108.019161 174.042401
v 20.520208 -107.960582 174.100956
v 20.520208 -107.902011 173.959545
v 20.520208 -107.760601 173.900990
v 20.661619 -107.819181 173.842434
v 20.720189 -107.960582 173.701023
v 20.720189 -108.160561 173.900990
v 20.720189 -108.101992 173.759579
v 20.520208 -105.960582 174.100956
v 20.661619 -105.902011 174.042401
v 20.720189 -105.760603 173.900990
v 20.720189 -105.960582 173.701023
v 20.661619 -106.101991 173.842434
v 20.520208 -106.160561 173.900990
v 20.520208 -106.019151 173.959545
v 20.720189 -105.819171 173.759579
v 18.278759 -109.902012 174.042401
v 18.420170 -109.960581 174.100956
v 18.420170 -110.019151 173.959545
v 18.420170 -110.160562 173.900990
v 18.278759 -110.101991 173.842434
v 18.220191 -109.960581 173.701023
v 18.220191 -109.760601 173.900990
v 18.220191 -109.819171 173.759579
v 18.278759 -111.902011 173.701023
v 18.220191 -111.760601 173.701023
v 18.278759 -111.760601 173.842434
v 18.420170 -111.760601 173.900990
v 18.420170 -111.902011 173.842434
v 18.420170 -111.960579 173.701023
v 20.661619 -111.902011 173.701023
v 20.520208 -111.960579 173.701023
v 20.520208 -111.902011 173.842434
v 20.520208 -111.760601 173.900990
v 20.661619 -111.760601 173.842434
v 20.720189 -111.760601 173.701023
v 20.520208 -109.960581 174.100956
v 20.661619 -109.902012 174.042401
v 20.720189 -109.760601 173.900990
v 20.720189 -109.960581 173.701023
v 20.661619 -110.101991 173.842434
v 20.520208 -110.160562 173.900990
v 20.520208 -110.019151 173.959545
v 20.720189 -109.819171 173.759579
v 18.220191 -104.160561 178.275971
v 18.278759 -104.019152 178.275971
v 18.420170 -103.960581 178.275971
v 20.520208 -103.960581 178.275971
v 20.661619 -104.019152 178.275971
v 20.720189 -104.160561 178.275971
v 20.720189 -105.760603 178.275971
v 20.661619 -105.902011 178.275971
v 20.520208 -105.960582 178.275971
v 18.420170 -105.960582 178.275971
v 18.278759 -105.902011 178.275971
v 18.220191 -105.760603 178.275971
v 18.220191 -108.160561 178.275971
v 18.278759 -108.019151 178.275971
v 18.420170 -107.960582 178.275971
v 20.520208 -107.960582 178.275971
v 20.661619 -108.019151 178.275971
v 20.720189 -108.160561 178.275971
v 20.720189 -109.760601 178.275971
v 20.661619 -109.902012 178.275971
v 20.520208 -109.960581 178.275971
v 18.420170 -109.960581 178.275971
v 18.278759 -109.902012 178.275971
v 18.220191 -109.760601 178.275971
v 18.304749 -102.045141 173.816418
v 20.635629 -102.045141 173.816418
v 18.278759 -105.960582 173.900990
v 18.278759 -107.960582 173.900990
v 20.661619 -107.960582 173.900990
v 20.661619 -105.960582 173.900990
v 18.278759 -109.960581 173.900990
v 18.304749 -111.876021 173.816418
v 20.635629 -111.876021 173.816418
v 20.661619 -109.960581 173.900990
v 18.278759 -111.902011 154.504189
v 18.420170 -111.960579 154.504189
v 18.420170 -111.902011 154.362778
v 18.420170 -111.760601 154.304222
v 18.278759 -111.760601 154.362778
v 18.220191 -111.760601 154.504189
v 18.420170 -109.960581 154.304222
v 18.278759 -109.960581 154.362778
v 18.220191 -109.960581 154.504189
v 20.661619 -111.902011 154.504189
v 20.720189 -111.760601 154.504189
v 20.661619 -111.760601 154.362778
v 20.520208 -111.760601 154.304222
v 20.520208 -111.902011 154.362778
v 20.520208 -111.960579 154.504189
v 20.520208 -109.960581 154.304222
v 20.661619 -109.960581 154.362778
v 20.720189 -109.960581 154.504189
v 18.420170 -107.960582 154.304222
v 18.278759 -107.960582 154.362778
v 18.220191 -107.960582 154.504189
v 20.520208 -107.960582 154.304222
v 20.661619 -107.960582 154.362778
v 20.720189 -107.960582 154.504189
v 18.420170 -105.960582 154.304222
v 18.278759 -105.960582 154.362778
v 18.220191 -105.960582 154.504189
v 20.520208 -105.960582 154.304222
v 20.661619 -105.960582 154.362778
v 20.720189 -105.960582 154.504189
v 18.420170 -103.960581 154.304222
v 18.278759 -103.960581 154.362778
v 18.220191 -103.960581 154.504189
v 20.520208 -103.960581 154.304222
v 20.661619 -103.960581 154.362778
v 20.720189 -103.960581 154.504189
v 18.278759 -102.019150 154.504189
v 18.220191 -102.160561 154.504189
v 18.278759 -102.160561 154.362778
v 18.420170 -102.160561 154.304222
v 18.420170 -102.019150 154.362778
v 18.420170 -101.960582 154.504189
v 20.661619 -102.019150 154.504189
v 20.520208 -101.960582 154.504189
v 20.520208 -102.019150 154.362778
v 20.520208 -102.160561 154.304222
v 20.661619 -102.160561 154.362778
v 20.720189 -102.160561 154.504189
v 18.278759 -102.160561 156.745667
v 18.220191 -102.160561 156.604256
v 18.278759 -102.019150 156.604256
v 18.420170 -101.960582 156.604256
v 18.420170 -102.019150 156.745667
v 18.420170 -102.160561 156.804222
v 20.661619 -102.160561 156.745667
v 20.520208 -102.160561 156.804222
v 20.520208 -102.019150 156.745667
v 20.520208 -101.960582 156.604256
v 20.661619 -102.019150 156.604256
v 20.720189 -102.160561 156.604256
v 18.220191 -104.160561 156.604256
v 18.278759 -104.019152 156.745667
v 18.420170 -103.960581 156.804222
v 20.520208 -103.960581 156.804222
v 20.661619 -104.019152 156.745667
v 20.720189 -104.160561 156.604256
v 18.278759 -105.902011 156.945633
v 18.420170 -105.960582 157.004189
v 18.420170 -106.019151 156.862778
v 18.420170 -106.160561 156.804222
v 18.278759 -106.101991 156.745667
v 18.220191 -105.960582 156.604256
v 18.220191 -105.760603 156.804222
v 18.220191 -105.819171 156.662812
v 18.420170 -107.960582 157.004189
v 18.278759 -108.019161 156.945633
v 18.220191 -108.160561 156.804222
v 18.220191 -107.960582 156.604256
v 18.278759 -107.819181 156.745667
v 18.420170 -107.760601 156.804222
v 18.420170 -107.902011 156.862778
v 18.220191 -108.101992 156.662812
v 20.661619 -108.019161 156.945633
v 20.520208 -107.960582 157.004189
v 20.520208 -107.902011 156.862778
v 20.520208 -107.760601 156.804222
v 20.661619 -107.819181 156.745667
v 20.720189 -107.960582 156.604256
v 20.720189 -108.160561 156.804222
v 20.720189 -108.101992 156.662812
v 20.520208 -105.960582 157.004189
v 20.661619 -105.902011 156.945633
v 20.720189 -105.760603 156.804222
v 20.720189 -105.960582 156.604256
v 20.661619 -106.101991 156.745667
v 20.520208 -106.160561 156.804222
v 20.520208 -106.019151 156.862778
v 20.720189 -105.819171 156.662812
v 18.278759 -109.902012 156.945633
v 18.420170 -109.960581 157.004189
v 18.420170 -110.019151 156.862778
v 18.420170 -110.160562 156.804222
v 18.278759 -110.101991 156.745667
v 18.220191 -109.960581 156.604256
v 18.220191 -109.760601 156.804222
v 18.220191 -109.819171 156.662812
v 18.278759 -111.902011 156.604256
v 18.220191 -111.760601 156.604256
v 18.278759 -111.760601 156.745667
v 18.420170 -111.760601 156.804222
v 18.420170 -111.902011 156.745667
v 18.420170 -111.960579 156.604256
v 20.661619 -111.902011 156.604256
v 20.520208 -111.960579 156.604256
v 20.520208 -111.902011 156.745667
v 20.520208 -111.760601 156.804222
v 20.661619 -111.760601 156.745667
v 20.720189 -111.760601 156.604256
v 20.520208 -109.960581 157.004189
v 20.661619 -109.902012 156.945633
v 20.720189 -109.760601 156.804222
v 20.720189 -109.960581 156.604256
v 20.661619 -110.101991 156.745667
v 20.520208 -110.160562 156.804222
v 20.520208 -110.019151 156.862778
v 20.720189 -109.819171 156.662812
v 18.220191 -104.160561 161.179203
v 18.278759 -104.019152 161.179203
v 18.420170 -103.960581 161.179203
v 20.520208 -103.960581 161.179203
v 20.661619 -104.019152 161.179203
v 20.720189 -104.160561 161.179203
v 20.720189 -105.760603 161.179203
v 20.661619 -105.902011 161.179203
v 20.520208 -105.960582 161.179203
v 18.420170 -105.960582 161.179203
v 18.278759 -105.902011 161.179203
v 18.220191 -105.760603 161.179203
v 18.220191 -108.160561 161.179203
v 18.278759 -108.019151 161.179203
v 18.420170 -107.960582 161.179203
v 20.520208 -107.960582 161.179203
v 20.661619 -108.019151 161.179203
v 20.720189 -108.160561 161.179203
v 20.720189 -109.760601 161.179203
v 20.661619 -109.902012 161.179203
v 20.520208 -109.960581 161.179203
v 18.420170 -109.960581 161.179203
v 18.278759 -109.902012 161.179203
v 18.220191 -109.760601 161.179203
v 18.304749 -111.876021 154.388794
v 20.635629 -111.876021 154.388794
v 18.304749 -102.045141 154.388794
v 20.635629 -102.045141 154.388794
v 18.304749 -102.045141 156.719650
v 20.635629 -102.045141 156.719650
v 18.278759 -105.960582 156.804222
v 18.278759 -107.960582 156.804222
v 20.661619 -107.960582 156.804222
v 20.661619 -105.960582 156.804222
v 18.278759 -109.960581 156.804222
v 18.304749 -111.876021 156.719650
v 20.635629 -111.876021 156.719650
v 20.661619 -109.960581 156.804222
v 18.220191 -105.760581 154.504189
v 18.278759 -105.760581 154.362778
v 18.420170 -105.760581 154.304222
v 20.520208 -105.760581 154.304222
v 20.661619 -105.760581 154.362778
v 20.720189 -105.760581 154.504189
v 20.720189 -105.860581 154.504189
v 20.661619 -105.860581 154.362778
v 20.520208 -105.860581 154.304222
v 18.420170 -105.860581 154.304222
v 18.278759 -105.860581 154.362778
v 18.220191 -105.860581 154.504189
v 20.720189 -108.160581 154.504189
v 20.661619 -108.160581 154.362778
v 20.520208 -108.160581 154.304222
v 18.420170 -108.160581 154.304222
v 18.278759 -108.160581 154.362778
v 18.220191 -108.160581 154.504189
v 18.220191 -108.060581 154.504189
v 18.278759 -108.060581 154.362778
v 18.420170 -108.060581 154.304222
v 20.520208 -108.060581 154.304222
v 20.661619 -108.060581 154.362778
v 20.720189 -108.060581 154.504189
v 20.720189 -109.780581 154.504189
v 20.661619 -109.780581 154.362778
v 20.520208 -109.780581 154.304222
v 18.420170 -109.780581 154.304222
v 18.278759 -109.780581 154.362778
v 18.220191 -109.780581 154.504189
v 20.720189 -109.852581 154.504189
v 20.661619 -109.852581 154.362778
v 20.520208 -109.852581 154.304222
v 18.420170 -109.852581 154.304222
v 18.278759 -109.852581 154.362778
v 18.220191 -109.852581 154.504189
v 18.220191 -104.160561 164.467224
v 18.420170 -103.960581 164.467224
v 20.520208 -103.960581 164.467224
v 20.720189 -104.160561 164.467224
v 20.720189 -105.760603 164.467224
v 20.520208 -105.960582 164.467224
v 18.420170 -105.960582 164.467224
v 18.220191 -105.760603 164.467224
v 18.220191 -108.160561 164.467224
v 18.420170 -107.960582 164.467224
v 20.520208 -107.960582 164.467224
v 20.720189 -108.160561 164.467224
v 20.720189 -109.760601 164.467224
v 20.520208 -109.960581 164.467224
v 18.420170 -109.960581 164.467224
v 18.220191 -109.760601 164.467224
v 18.278759 -104.019152 164.467224
v 20.661619 -104.019152 164.467224
v 20.661619 -105.902011 164.467224
v 18.278759 -105.902011 164.467224
v 18.278759 -108.019151 164.467224
v 20.661619 -108.019151 164.467224
v 20.661619 -109.902012 164.467224
v 18.278759 -109.902012 164.467224
v 18.278759 -102.160561 172.188763
v 18.220191 -102.160561 172.330174
v 18.278759 -102.019150 172.330174
v 18.420170 -101.960582 172.330174
v 18.420170 -102.019150 172.188763
v 18.420170 -102.160561 172.130207
v 20.661619 -102.160561 172.188763
v 20.520208 -102.160561 172.130207
v 20.520208 -102.019150 172.188763
v 20.520208 -101.960582 172.330174
v 20.661619 -102.019150 172.330174
v 20.720189 -102.160561 172.330174
v 18.220191 -104.160561 172.330174
v 18.278759 -104.019152 172.188763
v 18.420170 -103.960581 172.130207
v 20.520208 -103.960581 172.130207
v 20.661619 -104.019152 172.188763
v 20.720189 -104.160561 172.330174
v 18.278759 -105.902011 171.988796
v 18.420170 -105.960582 171.930241
v 18.420170 -106.019151 172.071652
v 18.420170 -106.160561 172.130207
v 18.278759 -106.101991 172.188763
v 18.220191 -105.960582 172.330174
v 18.220191 -105.760603 172.130207
v 18.220191 -105.819171 172.271618
v 18.420170 -107.960582 171.930241
v 18.278759 -108.019161 171.988796
v 18.220191 -108.160561 172.130207
v 18.220191 -107.960582 172.330174
v 18.278759 -107.819181 172.188763
v 18.420170 -107.760601 172.130207
v 18.420170 -107.902011 172.071652
v 18.220191 -108.101992 172.271618
v 20.661619 -108.019161 171.988796
v 20.520208 -107.960582 171.930241
v 20.520208 -107.902011 172.071652
v 20.520208 -107.760601 172.130207
v 20.661619 -107.819181 172.188763
v 20.720189 -107.960582 172.330174
v 20.720189 -108.160561 172.130207
v 20.720189 -108.101992 172.271618
v 20.520208 -105.960582 171.930241
v 20.661619 -105.902011 171.988796
v 20.720189 -105.760603 172.130207
v 20.720189 -105.960582 172.330174
v 20.661619 -106.101991 172.188763
v 20.520208 -106.160561 172.130207
v 20.520208 -106.019151 172.071652
v 20.720189 -105.819171 172.271618
v 18.278759 -109.902012 171.988796
v 18.420170 -109.960581 171.930241
v 18.420170 -110.019151 172.071652
v 18.420170 -110.160562 172.130207
v 18.278759 -110.101991 172.188763
v 18.220191 -109.960581 172.330174
v 18.220191 -109.760601 172.130207
v 18.220191 -109.819171 172.271618
v 18.278759 -111.902011 172.330174
v 18.220191 -111.760601 172.330174
v 18.278759 -111.760601 172.188763
v 18.420170 -111.760601 172.130207
v 18.420170 -111.902011 172.188763
v 18.420170 -111.960579 172.330174
v 20.661619 -111.902011 172.330174
v 20.520208 -111.960579 172.330174
v 20.520208 -111.902011 172.188763
v 20.520208 -111.760601 172.130207
v 20.661619 -111.760601 172.188763
v 20.720189 -111.760601 172.330174
v 20.520208 -109.960581 171.930241
v 20.661619 -109.902012 171.988796
v 20.720189 -109.760601 172.130207
v 20.720189 -109.960581 172.330174
v 20.661619 -110.101991 172.188763
v 20.520208 -110.160562 172.130207
v 20.520208 -110.019151 172.071652
v 20.720189 -109.819171 172.271618
v 18.220191 -104.160561 167.755226
v 18.278759 -104.019152 167.755226
v 18.420170 -103.960581 167.755226
v 20.520208 -103.960581 167.755226
v 20.661619 -104.019152 167.755226
v 20.720189 -104.160561 167.755226
v 20.720189 -105.760603 167.755226
v 20.661619 -105.902011 167.755226
v 20.520208 -105.960582 167.755226
v 18.420170 -105.960582 167.755226
v 18.278759 -105.902011 167.755226
v 18.220191 -105.760603 167.755226
v 18.220191 -108.160561 167.755226
v 18.278759 -108.019151 167.755226
v 18.420170 -107.960582 167.755226
v 20.520208 -107.960582 167.755226
v 20.661619 -108.019151 167.755226
v 20.720189 -108.160561 167.755226
v 20.720189 -109.760601 167.755226
v 20.661619 -109.902012 167.755226
v 20.520208 -109.960581 167.755226
v 18.420170 -109.960581 167.755226
v 18.278759 -109.902012 167.755226
v 18.220191 -109.760601 167.755226
v 18.304749 -102.045141 172.214779
v 20.635629 -102.045141 172.214779
v 18.278759 -105.960582 172.130207
v 18.278759 -107.960582 172.130207
v 20.661619 -107.960582 172.130207
v 20.661619 -105.960582 172.130207
v 18.278759 -109.960581 172.130207
v 18.304749 -111.876021 172.214779
v 20.635629 -111.876021 172.214779
v 20.661619 -109.960581 172.130207
vt 0.650315 0.790617
vt 0.635672 0.791406
vt 0.634671 0.772220
vt 0.649316 0.771483
vt 0.977086 0.033140
vt 0.976353 0.036753
vt 0.924184 0.034662
vt 0.923817 0.030994
vt 0.976047 0.040364
vt 0.923987 0.038259
vt 0.154733 0.897027
vt 0.156123 0.896846
vt 0.158311 0.914863
vt 0.157077 0.915026
vt 0.157517 0.896675
vt 0.159545 0.914713
vt 0.040531 0.350814
vt 0.040225 0.347203
vt 0.092395 0.345126
vt 0.092592 0.348720
vt 0.039493 0.343590
vt 0.092761 0.341461
vt 0.033274 0.350071
vt 0.036910 0.350650
vt 0.038869 0.395401
vt 0.035043 0.395409
vt 0.042666 0.395472
vt 0.973180 0.233848
vt 0.977083 0.233962
vt 0.978064 0.278746
vt 0.974440 0.278520
vt 0.980934 0.234009
vt 0.981692 0.279391
vt 0.974700 0.282141
vt 0.922513 0.283380
vt 0.922341 0.279750
vt 0.975383 0.285766
vt 0.922109 0.287056
vt 0.069781 0.911480
vt 0.071092 0.911222
vt 0.074509 0.929049
vt 0.073222 0.929300
vt 0.072405 0.910967
vt 0.075796 0.928799
vt 0.041094 0.596196
vt 0.041778 0.592572
vt 0.093964 0.593829
vt 0.094368 0.597506
vt 0.042040 0.588950
vt 0.094139 0.590202
vt 0.918889 0.280247
vt 0.916689 0.233697
vt 0.920354 0.229802
vt 0.915374 0.281215
vt 0.914136 0.236444
vt 0.049346 0.915450
vt 0.050649 0.915194
vt 0.054118 0.933010
vt 0.052824 0.933264
vt 0.051953 0.914939
vt 0.055411 0.932757
vt 0.101103 0.591670
vt 0.097591 0.590700
vt 0.099813 0.544153
vt 0.102366 0.546902
vt 0.096151 0.540255
vt 0.652279 0.771331
vt 0.651854 0.769919
vt 0.690298 0.767949
vt 0.690357 0.769342
vt 0.911342 0.185677
vt 0.915106 0.189545
vt 0.805803 0.189241
vt 0.805672 0.185365
vt 0.650802 0.771379
vt 0.651803 0.790566
vt 0.653279 0.790462
vt 0.920138 0.184185
vt 0.916265 0.180612
vt 0.916377 0.137728
vt 0.920278 0.134191
vt 0.649600 0.770033
vt 0.634100 0.770814
vt 0.915289 0.128798
vt 0.911482 0.132633
vt 0.805803 0.132408
vt 0.805956 0.128527
vt 0.945088 0.753519
vt 0.944696 0.754982
vt 0.906648 0.757271
vt 0.906561 0.755877
vt 0.946101 0.754962
vt 0.947236 0.774018
vt 0.945838 0.774164
vt 0.633269 0.772359
vt 0.634264 0.791414
vt 0.946400 0.775572
vt 0.907865 0.777800
vt 0.907788 0.776408
vt 0.105064 0.443091
vt 0.101259 0.439253
vt 0.210587 0.439040
vt 0.210740 0.442924
vt 0.096268 0.444644
vt 0.100169 0.448183
vt 0.100253 0.491065
vt 0.096383 0.494637
vt 0.635251 0.792864
vt 0.650748 0.792029
vt 0.101415 0.500000
vt 0.105179 0.496132
vt 0.210849 0.495878
vt 0.210721 0.499751
vt 0.653003 0.791909
vt 0.691360 0.788484
vt 0.691446 0.789876
vt 0.910167 0.081155
vt 0.912124 0.084694
vt 0.806161 0.084754
vt 0.806126 0.080939
vt 0.915800 0.088535
vt 0.806164 0.088570
vt 0.192361 0.893376
vt 0.193785 0.893279
vt 0.194853 0.911398
vt 0.193638 0.911482
vt 0.195209 0.893199
vt 0.196068 0.911328
vt 0.921508 0.083087
vt 0.917938 0.079214
vt 0.920540 0.037808
vt 0.914546 0.076973
vt 0.917025 0.036854
vt 0.175650 0.894712
vt 0.177060 0.894569
vt 0.178726 0.912642
vt 0.177504 0.912768
vt 0.178473 0.894441
vt 0.179948 0.912531
vt 0.096038 0.348272
vt 0.098632 0.389675
vt 0.095060 0.393548
vt 0.099554 0.347318
vt 0.102025 0.387436
vt 0.100764 0.398996
vt 0.104438 0.395155
vt 0.210401 0.395267
vt 0.210398 0.399083
vt 0.106398 0.391616
vt 0.210439 0.391451
vt 0.141732 0.917101
vt 0.139242 0.899122
vt 0.140873 0.917231
vt 0.138253 0.899270
vt 0.121876 0.901881
vt 0.124943 0.919770
vt 0.107958 0.922739
vt 0.104804 0.904865
vt 0.103032 0.905199
vt 0.106327 0.923047
vt 0.091063 0.925902
vt 0.087709 0.908064
vt 0.037558 0.936248
vt 0.034075 0.918435
vt 0.043035 0.399665
vt 0.043773 0.440002
vt 0.043790 0.444859
vt 0.043907 0.494697
vt 0.043934 0.499533
vt 0.043322 0.544278
vt 0.973901 0.085025
vt 0.972756 0.134423
vt 0.972616 0.184264
vt 0.972372 0.895564
vt 0.974823 0.913548
vt 0.937350 0.918656
vt 0.934912 0.900670
vt 0.210715 0.539705
vt 0.805787 0.229198
vt 0.723528 0.228908
vt 0.723579 0.188971
vt 0.720288 0.767768
vt 0.721295 0.786915
vt 0.292944 0.499533
vt 0.292977 0.539470
vt 0.909172 0.922458
vt 0.906762 0.904467
vt 0.723700 0.128374
vt 0.723839 0.088425
vt 0.232009 0.909832
vt 0.231375 0.891693
vt 0.259905 0.890882
vt 0.260289 0.909028
vt 0.292720 0.398990
vt 0.292840 0.438939
vt 0.877848 0.778205
vt 0.876712 0.759067
vt 0.972587 0.189099
vt 0.919676 0.086788
vt 0.973677 0.087545
vt 0.979669 0.040206
vt 0.977701 0.084957
vt 0.983301 0.039626
vt 0.981527 0.084968
vt 0.038987 0.398028
vt 0.035144 0.398085
vt 0.042888 0.397990
vt 0.977581 0.087586
vt 0.981421 0.087644
vt 0.036095 0.444906
vt 0.039930 0.444884
vt 0.040042 0.494714
vt 0.036204 0.494725
vt 0.976618 0.134448
vt 0.976482 0.184280
vt 0.980453 0.134469
vt 0.980317 0.184291
vt 0.036215 0.499541
vt 0.040053 0.499544
vt 0.039419 0.544393
vt 0.035568 0.544440
vt 0.976468 0.189110
vt 0.980306 0.189110
vt 0.038416 0.589177
vt 0.034786 0.589822
vt 0.805710 0.233014
vt 0.805609 0.236830
vt 0.210795 0.543519
vt 0.210893 0.547334
vt 0.723560 0.232727
vt 0.723563 0.236543
vt 0.292947 0.543289
vt 0.292942 0.547107
vt 0.292983 0.495692
vt 0.721369 0.788310
vt 0.720214 0.766373
vt 0.723539 0.185130
vt 0.723653 0.132231
vt 0.876632 0.757672
vt 0.877929 0.779599
vt 0.292890 0.442793
vt 0.292668 0.395169
vt 0.292646 0.391348
vt 0.723891 0.084601
vt 0.723916 0.080783
vt 0.979141 0.037404
vt 0.981224 0.035411
vt 0.035357 0.345856
vt 0.037440 0.347851
vt 0.979546 0.283565
vt 0.977496 0.281535
vt 0.038984 0.591965
vt 0.036932 0.593993
vt 0.917842 0.285183
vt 0.919712 0.282997
vt 0.096766 0.593449
vt 0.098635 0.595636
vt 0.918668 0.187831
vt 0.914830 0.184174
vt 0.650726 0.769877
vt 0.946445 0.753544
vt 0.918835 0.130536
vt 0.914961 0.134158
vt 0.632759 0.770998
vt 0.097711 0.440989
vt 0.101584 0.444613
vt 0.947744 0.775385
vt 0.633898 0.792820
vt 0.651884 0.792067
vt 0.097851 0.498284
vt 0.101688 0.494626
vt 0.915994 0.082948
vt 0.913190 0.079957
vt 0.919512 0.032864
vt 0.921374 0.035048
vt 0.095205 0.345511
vt 0.097069 0.343327
vt 0.103378 0.390418
vt 0.100573 0.393409
vt 0.096889 0.397246
vt 0.972603 0.186683
vt 0.976474 0.186696
vt 0.980308 0.186705
vt 0.107142 0.922892
vt 0.103918 0.905029
vt 0.040050 0.497130
vt 0.036213 0.497135
vt 0.043918 0.497116
vt 0.043784 0.442432
vt 0.039916 0.442470
vt 0.036081 0.442511
vt 0.122778 0.901720
vt 0.125746 0.919627
vt 0.976629 0.132034
vt 0.980467 0.132075
vt 0.972764 0.131993
vt 0.972775 0.129563
vt 0.976657 0.129623
vt 0.980494 0.129686
vt 0.123683 0.901566
vt 0.126547 0.919489
vt 0.036054 0.440125
vt 0.039894 0.440062
vt 0.039080 0.399734
vt 0.035220 0.399807
vt 0.137574 0.899380
vt 0.140321 0.917321
vt 0.977485 0.089295
vt 0.981344 0.089369
vt 0.973527 0.089224
vt 0.792231 0.783166
vt 0.791177 0.764038
vt 0.805814 0.763227
vt 0.806883 0.782354
vt 0.526499 0.278314
vt 0.526800 0.228441
vt 0.530487 0.232194
vt 0.530039 0.278746
vt 0.533048 0.234853
vt 0.533603 0.279596
vt 0.825742 0.915070
vt 0.827993 0.933080
vt 0.826643 0.933249
vt 0.824465 0.915230
vt 0.825292 0.933413
vt 0.823187 0.915385
vt 0.482937 0.590268
vt 0.483465 0.545522
vt 0.486029 0.542865
vt 0.486502 0.589415
vt 0.489724 0.539110
vt 0.490041 0.588983
vt 0.788274 0.764194
vt 0.750214 0.766194
vt 0.750126 0.764803
vt 0.788547 0.762746
vt 0.535653 0.184682
vt 0.641381 0.184920
vt 0.641332 0.188749
vt 0.531829 0.188421
vt 0.790763 0.783273
vt 0.789722 0.764090
vt 0.789296 0.783323
vt 0.526726 0.183192
vt 0.526753 0.133256
vt 0.530774 0.136785
vt 0.530697 0.179650
vt 0.790730 0.762630
vt 0.806101 0.761777
vt 0.531856 0.128021
vt 0.641406 0.128196
vt 0.641474 0.132042
vt 0.535738 0.131752
vt 0.808294 0.761654
vt 0.846718 0.759456
vt 0.846786 0.760847
vt 0.808727 0.763063
vt 0.809830 0.782187
vt 0.808358 0.782298
vt 0.807269 0.763119
vt 0.847907 0.779983
vt 0.848001 0.781376
vt 0.809561 0.783636
vt 0.480805 0.442427
vt 0.375066 0.442651
vt 0.375132 0.438810
vt 0.484681 0.438693
vt 0.489784 0.443927
vt 0.489804 0.493864
vt 0.485826 0.490321
vt 0.485769 0.447456
vt 0.807331 0.783763
vt 0.791941 0.784615
vt 0.484700 0.499090
vt 0.375195 0.499355
vt 0.375143 0.495528
vt 0.480871 0.495353
vt 0.789725 0.784734
vt 0.751286 0.786727
vt 0.751226 0.785334
vt 0.537774 0.080906
vt 0.641725 0.080627
vt 0.641635 0.084443
vt 0.535738 0.084372
vt 0.641501 0.088259
vt 0.531875 0.087991
vt 0.327597 0.890582
vt 0.326879 0.908718
vt 0.325698 0.908679
vt 0.326136 0.890534
vt 0.324517 0.908660
vt 0.324674 0.890511
vt 0.526630 0.082685
vt 0.526466 0.037841
vt 0.529998 0.037488
vt 0.530290 0.078902
vt 0.533570 0.036693
vt 0.533759 0.076809
vt 0.344458 0.891457
vt 0.342918 0.909541
vt 0.341736 0.909445
vt 0.343004 0.891340
vt 0.340553 0.909368
vt 0.341549 0.891245
vt 0.490052 0.348518
vt 0.489905 0.393359
vt 0.486247 0.389579
vt 0.486518 0.348165
vt 0.482779 0.387485
vt 0.482946 0.347370
vt 0.484665 0.398665
vt 0.375053 0.398873
vt 0.374919 0.395057
vt 0.480811 0.395046
vt 0.374831 0.391238
vt 0.478774 0.391583
vt 0.841143 0.913111
vt 0.843461 0.931112
vt 0.356386 0.892567
vt 0.354584 0.910627
vt 0.492424 0.082693
vt 0.492564 0.037849
vt 0.492331 0.183190
vt 0.492307 0.133259
vt 0.492572 0.278320
vt 0.492258 0.228444
vt 0.878611 0.908215
vt 0.880983 0.926210
vt 0.375239 0.539284
vt 0.641272 0.228676
vt 0.288571 0.908629
vt 0.288452 0.890478
vt 0.487228 0.188421
vt 0.528185 0.086299
vt 0.490875 0.086307
vt 0.641427 0.232489
vt 0.641526 0.236302
vt 0.374984 0.546919
vt 0.375086 0.543100
vt 0.531274 0.283628
vt 0.529325 0.281502
vt 0.526529 0.281966
vt 0.527065 0.285629
vt 0.490011 0.592632
vt 0.487215 0.592170
vt 0.485266 0.594297
vt 0.489475 0.596298
vt 0.528185 0.186789
vt 0.532127 0.183190
vt 0.789636 0.762592
vt 0.807189 0.761620
vt 0.532209 0.133242
vt 0.528205 0.129664
vt 0.488333 0.440333
vt 0.484334 0.443914
vt 0.808447 0.783798
vt 0.790840 0.784772
vt 0.484397 0.493864
vt 0.488347 0.497458
vt 0.532018 0.082603
vt 0.534912 0.079722
vt 0.531277 0.032612
vt 0.529309 0.034717
vt 0.526513 0.034217
vt 0.527059 0.030568
vt 0.487207 0.345394
vt 0.490003 0.344894
vt 0.485239 0.343292
vt 0.489456 0.341244
vt 0.481628 0.390396
vt 0.484525 0.393277
vt 0.488352 0.396973
vt 0.490872 0.186789
vt 0.490856 0.129664
vt 0.487204 0.128024
vt 0.487182 0.087999
vt 0.222731 0.724766
vt 0.222601 0.743923
vt 0.207928 0.743816
vt 0.208072 0.724660
vt 0.041961 0.033104
vt 0.095229 0.030945
vt 0.094863 0.034613
vt 0.042696 0.036718
vt 0.095062 0.038210
vt 0.043005 0.040329
vt 0.541899 0.925010
vt 0.539463 0.942997
vt 0.538079 0.942796
vt 0.540667 0.924830
vt 0.536699 0.942582
vt 0.539436 0.924639
vt 0.973497 0.350809
vt 0.921440 0.348706
vt 0.921637 0.345109
vt 0.973803 0.347195
vt 0.921268 0.341444
vt 0.974539 0.343584
vt 0.980754 0.350065
vt 0.978975 0.395407
vt 0.975148 0.395396
vt 0.977119 0.350645
vt 0.971352 0.395467
vt 0.045886 0.233807
vt 0.044645 0.278479
vt 0.041020 0.278708
vt 0.041982 0.233924
vt 0.037393 0.279356
vt 0.038134 0.233971
vt 0.096743 0.279689
vt 0.096574 0.283319
vt 0.044385 0.282100
vt 0.096978 0.286996
vt 0.043707 0.285728
vt 0.625892 0.930702
vt 0.626133 0.948850
vt 0.624696 0.948861
vt 0.624682 0.930710
vt 0.623259 0.948853
vt 0.623473 0.930704
vt 0.972926 0.596194
vt 0.919655 0.597509
vt 0.920057 0.593829
vt 0.972243 0.592567
vt 0.919879 0.590205
vt 0.971980 0.588947
vt 0.098703 0.229742
vt 0.102369 0.233635
vt 0.100198 0.280184
vt 0.104922 0.236382
vt 0.103711 0.281152
vt 0.646349 0.930252
vt 0.647260 0.948379
vt 0.645828 0.948445
vt 0.645138 0.930308
vt 0.644393 0.948492
vt 0.643927 0.930349
vt 0.912917 0.591673
vt 0.911643 0.546902
vt 0.914196 0.544153
vt 0.916427 0.590702
vt 0.917862 0.540255
vt 0.225538 0.743941
vt 0.263662 0.744134
vt 0.263668 0.745530
vt 0.225178 0.745370
vt 0.107715 0.185628
vt 0.213383 0.185327
vt 0.213257 0.189198
vt 0.103949 0.189493
vt 0.224188 0.724749
vt 0.224071 0.743960
vt 0.225640 0.724786
vt 0.098919 0.184138
vt 0.098780 0.134141
vt 0.102683 0.137681
vt 0.102787 0.180565
vt 0.222960 0.745356
vt 0.207548 0.745245
vt 0.103774 0.128748
vt 0.213101 0.128489
vt 0.213257 0.132373
vt 0.107579 0.132586
vt 0.205320 0.745226
vt 0.166819 0.744843
vt 0.166844 0.743449
vt 0.204981 0.743792
vt 0.205149 0.724636
vt 0.206610 0.724621
vt 0.206454 0.743831
vt 0.167025 0.724282
vt 0.167024 0.722889
vt 0.205512 0.723208
vt 0.908945 0.443091
vt 0.803267 0.442924
vt 0.803423 0.439040
vt 0.912750 0.439250
vt 0.917739 0.444644
vt 0.917624 0.494637
vt 0.913753 0.491067
vt 0.913841 0.448183
vt 0.207713 0.723226
vt 0.223110 0.723337
vt 0.912594 0.500000
vt 0.803289 0.499759
vt 0.803160 0.495883
vt 0.908831 0.496135
vt 0.225296 0.723352
vt 0.263774 0.723574
vt 0.263752 0.724968
vt 0.108896 0.081103
vt 0.212937 0.080895
vt 0.212899 0.084713
vt 0.106936 0.084645
vt 0.212899 0.088529
vt 0.103262 0.088486
vt 0.505504 0.918998
vt 0.502325 0.936868
vt 0.500989 0.936616
vt 0.504240 0.918759
vt 0.499655 0.936360
vt 0.502976 0.918516
vt 0.097555 0.083035
vt 0.098509 0.037756
vt 0.101125 0.079162
vt 0.102024 0.036803
vt 0.104517 0.076921
vt 0.521572 0.921827
vt 0.518704 0.939750
vt 0.517345 0.939519
vt 0.520325 0.921615
vt 0.515990 0.939279
vt 0.519077 0.921393
vt 0.918955 0.393534
vt 0.915385 0.389661
vt 0.917993 0.348256
vt 0.911993 0.387420
vt 0.914478 0.347302
vt 0.913251 0.398985
vt 0.803614 0.399080
vt 0.803611 0.395262
vt 0.909571 0.395141
vt 0.803573 0.391446
vt 0.907614 0.391602
vt 0.557238 0.927028
vt 0.554970 0.945036
vt 0.558072 0.927135
vt 0.555984 0.945166
vt 0.573945 0.928731
vt 0.591086 0.929875
vt 0.589989 0.947992
vt 0.572638 0.946834
vt 0.592593 0.929954
vt 0.608031 0.930425
vt 0.607592 0.948569
vt 0.591932 0.948092
vt 0.661775 0.929380
vt 0.662902 0.947495
vt 0.970977 0.399663
vt 0.970236 0.439999
vt 0.970220 0.444856
vt 0.970100 0.494697
vt 0.970072 0.499530
vt 0.970690 0.544276
vt 0.045162 0.084989
vt 0.046438 0.184223
vt 0.046301 0.134382
vt 0.699403 0.926813
vt 0.700727 0.944915
vt 0.803291 0.539716
vt 0.213268 0.229149
vt 0.295478 0.188949
vt 0.295524 0.228887
vt 0.293718 0.725091
vt 0.293637 0.744264
vt 0.721030 0.539476
vt 0.721065 0.499538
vt 0.727649 0.924599
vt 0.729146 0.942688
vt 0.295226 0.088398
vt 0.295360 0.128347
vt 0.464181 0.929676
vt 0.436274 0.924436
vt 0.439575 0.906590
vt 0.467530 0.911836
vt 0.721166 0.438936
vt 0.721289 0.398985
vt 0.136855 0.743152
vt 0.137045 0.723980
vt 0.046468 0.189058
vt 0.099387 0.086739
vt 0.045386 0.087510
vt 0.041365 0.084921
vt 0.039386 0.040170
vt 0.037538 0.084932
vt 0.035750 0.039591
vt 0.978874 0.398085
vt 0.975031 0.398025
vt 0.971127 0.397984
vt 0.041482 0.087551
vt 0.037642 0.087608
vt 0.977914 0.444903
vt 0.977802 0.494725
vt 0.973967 0.494711
vt 0.974079 0.444881
vt 0.042573 0.184242
vt 0.042442 0.134409
vt 0.038738 0.184253
vt 0.038610 0.134431
vt 0.977794 0.499541
vt 0.978445 0.544437
vt 0.974593 0.544391
vt 0.973954 0.499541
vt 0.042589 0.189072
vt 0.038749 0.189072
vt 0.979235 0.589817
vt 0.975608 0.589172
vt 0.213345 0.232962
vt 0.213446 0.236781
vt 0.803117 0.547348
vt 0.803215 0.543532
vt 0.295497 0.232705
vt 0.295491 0.236524
vt 0.721065 0.547110
vt 0.721060 0.543291
vt 0.721024 0.495695
vt 0.293724 0.723694
vt 0.293630 0.745661
vt 0.295516 0.185106
vt 0.295407 0.132206
vt 0.136842 0.744548
vt 0.137057 0.722583
vt 0.721120 0.442793
vt 0.721341 0.395164
vt 0.721363 0.391342
vt 0.295150 0.080753
vt 0.295174 0.084574
vt 0.039911 0.037371
vt 0.037825 0.035376
vt 0.978674 0.345853
vt 0.976592 0.347846
vt 0.039539 0.283527
vt 0.041592 0.281496
vt 0.975036 0.591960
vt 0.977089 0.593991
vt 0.101245 0.285121
vt 0.099376 0.282937
vt 0.917255 0.593452
vt 0.915385 0.595639
vt 0.100387 0.187782
vt 0.104222 0.184124
vt 0.224067 0.745460
vt 0.206437 0.745332
vt 0.104099 0.134111
vt 0.100223 0.130487
vt 0.916296 0.440989
vt 0.912425 0.444613
vt 0.206618 0.723120
vt 0.224202 0.723248
vt 0.912318 0.494629
vt 0.916156 0.498286
vt 0.103068 0.082896
vt 0.105873 0.079905
vt 0.099537 0.032812
vt 0.097675 0.034996
vt 0.918827 0.345495
vt 0.916965 0.343311
vt 0.910637 0.390402
vt 0.913442 0.393395
vt 0.917126 0.397235
vt 0.046452 0.186642
vt 0.042581 0.186658
vt 0.038746 0.186666
vt 0.591839 0.929919
vt 0.590961 0.948049
vt 0.977794 0.497133
vt 0.973959 0.497127
vt 0.970089 0.497113
vt 0.970225 0.442432
vt 0.974093 0.442470
vt 0.977928 0.442509
vt 0.573187 0.928668
vt 0.571677 0.946755
vt 0.042431 0.131993
vt 0.038593 0.132037
vt 0.046296 0.131955
vt 0.046285 0.129525
vt 0.042406 0.129585
vt 0.038569 0.129648
vt 0.572429 0.928594
vt 0.570717 0.946664
vt 0.977955 0.440122
vt 0.974115 0.440062
vt 0.974935 0.399731
vt 0.978795 0.399805
vt 0.558596 0.927200
vt 0.556691 0.945251
vt 0.041578 0.089256
vt 0.037718 0.089330
vt 0.045533 0.089185
vt 0.364787 0.725374
vt 0.379452 0.725406
vt 0.379374 0.744618
vt 0.364711 0.744534
vt 0.489032 0.278752
vt 0.488568 0.232202
vt 0.485468 0.279605
vt 0.486006 0.234859
vt 0.808908 0.917016
vt 0.810181 0.916878
vt 0.812123 0.934925
vt 0.810763 0.935071
vt 0.811455 0.916734
vt 0.813481 0.934771
vt 0.531072 0.590268
vt 0.527508 0.589415
vt 0.527981 0.542865
vt 0.530545 0.545522
vt 0.523968 0.588983
vt 0.524285 0.539110
vt 0.361742 0.744520
vt 0.362089 0.745953
vt 0.323593 0.745770
vt 0.323612 0.744375
vt 0.483402 0.184682
vt 0.377726 0.188738
vt 0.377676 0.184906
vt 0.363222 0.744554
vt 0.363298 0.725341
vt 0.361820 0.725364
vt 0.488357 0.179650
vt 0.488286 0.136785
vt 0.364347 0.745965
vt 0.379866 0.746055
vt 0.483322 0.131755
vt 0.377584 0.132029
vt 0.377652 0.128188
vt 0.068258 0.743915
vt 0.068750 0.742482
vt 0.106864 0.742838
vt 0.106856 0.744233
vt 0.067347 0.742405
vt 0.067536 0.723316
vt 0.068941 0.723267
vt 0.380782 0.744558
vt 0.380858 0.725478
vt 0.068477 0.721824
vt 0.107074 0.722272
vt 0.107056 0.723669
vt 0.533204 0.442427
vt 0.529331 0.438693
vt 0.638878 0.438813
vt 0.638943 0.442654
vt 0.524225 0.443927
vt 0.528238 0.447456
vt 0.528183 0.490321
vt 0.524206 0.493861
vt 0.379954 0.723973
vt 0.364434 0.723940
vt 0.529307 0.499090
vt 0.533139 0.495351
vt 0.638867 0.495531
vt 0.638815 0.499360
vt 0.362177 0.723934
vt 0.323690 0.725208
vt 0.323683 0.723813
vt 0.481286 0.080919
vt 0.483322 0.084383
vt 0.377428 0.084443
vt 0.377338 0.080627
vt 0.377562 0.088256
vt 0.373089 0.894788
vt 0.374510 0.895007
vt 0.371731 0.912943
vt 0.370537 0.912758
vt 0.375926 0.895245
vt 0.372922 0.913145
vt 0.488765 0.078913
vt 0.489029 0.037499
vt 0.485293 0.076822
vt 0.485457 0.036704
vt 0.357828 0.892726
vt 0.355770 0.910759
vt 0.359266 0.892908
vt 0.356956 0.910911
vt 0.523955 0.348518
vt 0.527486 0.348165
vt 0.527762 0.389576
vt 0.524105 0.393359
vt 0.531059 0.347370
vt 0.531231 0.387485
vt 0.529345 0.398662
vt 0.533202 0.395046
vt 0.639093 0.395065
vt 0.638957 0.398875
vt 0.535235 0.391580
vt 0.639178 0.391247
vt 0.795235 0.936634
vt 0.793474 0.918569
vt 0.757531 0.940210
vt 0.755888 0.922133
vt 0.638768 0.539290
vt 0.377783 0.228668
vt 0.408378 0.919331
vt 0.411565 0.901463
vt 0.377630 0.232484
vt 0.377529 0.236297
vt 0.638924 0.543103
vt 0.639025 0.546919
vt 0.487797 0.283634
vt 0.489746 0.281507
vt 0.492542 0.281969
vt 0.492006 0.285632
vt 0.523998 0.592632
vt 0.526795 0.592170
vt 0.528744 0.594297
vt 0.524534 0.596298
vt 0.486928 0.183190
vt 0.363213 0.746058
vt 0.066906 0.743795
vt 0.486851 0.133242
vt 0.381216 0.745945
vt 0.525677 0.440333
vt 0.529676 0.443914
vt 0.067123 0.721917
vt 0.381303 0.724094
vt 0.363302 0.723839
vt 0.525663 0.497458
vt 0.529613 0.493861
vt 0.487040 0.082612
vt 0.484142 0.079733
vt 0.487748 0.032623
vt 0.491965 0.030576
vt 0.492515 0.034228
vt 0.489718 0.034728
vt 0.524001 0.344894
vt 0.526800 0.345394
vt 0.524548 0.341242
vt 0.528765 0.343289
vt 0.532382 0.390396
vt 0.529487 0.393275
vt 0.525657 0.396973
f 768/923 758/924 752/925 742/926
f 674/927 673/928 779/929 784/930
f 673/928 678/931 780/932 779/929
f 676/933 675/934 686/935 685/936
f 675/934 674/937 687/938 686/935
f 683/939 682/940 785/941 790/942
f 682/940 687/943 786/944 785/941
f 685/945 684/946 689/947 688/948
f 684/946 683/939 690/949 689/947
f 705/950 704/951 711/952 710/953
f 704/951 703/954 712/955 711/952
f 710/953 709/956 723/957 722/958
f 709/956 714/959 724/960 723/957
f 714/961 713/962 717/963 716/964
f 713/962 712/965 718/966 717/963
f 716/967 715/968 731/969 730/970
f 715/968 720/971 732/972 731/969
f 722/958 721/973 734/974 733/975
f 721/973 726/976 735/977 734/974
f 726/978 725/979 729/980 728/981
f 725/979 724/982 730/983 729/980
f 728/984 727/985 737/986 736/987
f 727/985 732/972 738/988 737/986
f 740/989 739/990 809/991 808/992
f 739/993 745/994 810/995 809/996
f 742/926 741/997 769/998 768/923
f 741/997 740/989 763/999 769/998
f 744/1000 743/1001 751/1002 750/1003
f 743/1004 742/926 752/925 751/1005
f 749/1006 748/1007 812/1008 811/1009
f 748/1010 747/1011 813/1012 812/1013
f 747/1011 753/1014 757/1015 756/1016
f 753/1017 752/925 758/924 757/1018
f 756/1016 755/1019 815/1020 814/1021
f 755/1022 761/1023 816/1024 815/1025
f 760/1026 759/1027 767/1028 766/1029
f 759/1030 758/924 768/923 767/1031
f 765/1032 764/1033 806/1034 805/1035
f 764/1036 763/999 807/1037 806/1038
f 772/1039 771/1040 821/1041 820/1042
f 771/1040 777/1043 822/1044 821/1041
f 774/1045 773/1046 797/1047 796/1048
f 773/1046 772/1049 791/1050 797/1047
f 776/1051 775/1052 781/1053 780/932
f 775/1052 774/1054 782/1055 781/1053
f 784/1056 783/1057 787/1058 786/1059
f 783/1057 782/1060 788/1061 787/1058
f 790/942 789/1062 795/1063 794/1064
f 789/1062 788/1065 796/1066 795/1063
f 793/1067 792/1068 818/1069 817/1070
f 792/1068 791/1071 819/1072 818/1069
f 676/933 685/936 688/1073 679/1074
f 679/1074 688/1073 869/1075 870/1076
f 691/1077 694/1078 700/1079 697/1080
f 839/1081 840/1082 706/1083 703/1084
f 703/1084 706/1083 718/966 712/965
f 714/961 716/964 730/983 724/982
f 726/978 728/981 736/1085 735/1086
f 784/1056 786/1059 687/938 674/937
f 683/939 790/942 794/1064 690/949
f 861/1087 793/1067 761/1023 849/1088
f 696/1089 760/1026 766/1029 702/1090
f 842/1091 765/1032 738/988 708/1092
f 708/1092 738/988 732/972 720/971
f 780/932 678/931 681/1093 776/1051
f 744/1000 750/1003 693/1094 699/1095
f 733/975 705/950 710/953 722/958
f 735/1096 736/1097 802/1098 801/1099
f 738/988 765/1032 805/1035 804/1100
f 810/995 745/994 733/975 799/1101
f 816/1024 761/1023 793/1067 817/1070
f 822/1044 777/1043 749/1006 811/1009
f 810/995 799/1101 873/1102 880/1103
f 807/1037 808/992 879/1104 878/1105
f 804/1100 805/1035 877/1106 876/1107
f 801/1099 802/1098 875/1108 874/1109
f 822/1044 811/1009 881/1110 888/1111
f 819/1112 820/1113 887/1114 886/1115
f 816/1024 817/1070 885/1116 884/1117
f 813/1012 814/1021 883/1118 882/1119
f 745/994 837/1120 705/950 733/975
f 778/1121 776/1051 681/1093 872/1122
f 807/1037 763/999 740/989 808/992
f 813/1012 747/1011 756/1016 814/1021
f 819/1112 791/1050 772/1049 820/1113
f 782/1060 774/1045 796/1048 788/1061
f 678/931 677/1123 680/1124 681/1093
f 677/1123 676/1125 679/1126 680/1124
f 688/948 689/947 868/1127 869/1128
f 689/947 690/949 867/1129 868/1127
f 681/1093 680/1124 871/1130 872/1122
f 680/1124 679/1126 870/1131 871/1130
f 694/1132 695/1133 701/1134 700/1135
f 695/1133 696/1089 702/1090 701/1134
f 693/1094 692/1136 698/1137 699/1095
f 692/1136 691/1138 697/1139 698/1137
f 840/1140 841/1141 707/1142 706/1143
f 841/1141 842/1091 708/1092 707/1142
f 837/1120 838/1144 704/951 705/950
f 838/1144 839/1145 703/954 704/951
f 706/1143 707/1142 719/1146 718/1147
f 707/1142 708/1092 720/971 719/1146
f 733/975 734/974 800/1148 799/1101
f 734/974 735/977 801/1149 800/1148
f 736/987 737/986 803/1150 802/1151
f 737/986 738/988 804/1100 803/1150
f 799/1101 800/1148 889/1152 873/1102
f 800/1148 801/1149 874/1153 889/1152
f 802/1151 803/1150 890/1154 875/1155
f 803/1150 804/1100 876/1107 890/1154
f 805/1035 806/1034 891/1156 877/1106
f 806/1038 807/1037 878/1105 891/1157
f 808/992 809/991 892/1158 879/1104
f 809/996 810/995 880/1103 892/1159
f 811/1009 812/1008 893/1160 881/1110
f 812/1013 813/1012 882/1119 893/1161
f 814/1021 815/1020 894/1162 883/1118
f 815/1025 816/1024 884/1117 894/1163
f 817/1070 818/1069 895/1164 885/1116
f 818/1069 819/1072 886/1165 895/1164
f 820/1042 821/1041 896/1166 887/1167
f 821/1041 822/1044 888/1111 896/1166
f 677/1123 678/931 673/928 823/1168
f 673/928 674/927 675/1169 823/1168
f 675/1169 676/1125 677/1123 823/1168
f 686/1170 687/943 682/940 824/1171
f 682/940 683/939 684/946 824/1171
f 684/946 685/945 686/1170 824/1171
f 713/1172 714/959 709/956 825/1173
f 709/956 710/953 711/952 825/1173
f 711/952 712/955 713/1172 825/1173
f 719/1146 720/971 715/968 826/1174
f 715/968 716/967 717/1175 826/1174
f 717/1175 718/1147 719/1146 826/1174
f 725/1176 726/976 721/973 827/1177
f 721/973 722/958 723/957 827/1177
f 723/957 724/960 725/1176 827/1177
f 731/969 732/972 727/985 828/1178
f 727/985 728/984 729/1179 828/1178
f 729/1179 730/970 731/969 828/1178
f 746/1180 745/994 739/993 829/1181
f 739/990 740/989 741/997 829/1182
f 741/997 742/926 743/1004 829/1182
f 743/1001 744/1000 746/1180 829/1181
f 753/1014 747/1011 748/1010 830/1183
f 748/1007 749/1006 754/1184 830/1185
f 754/1184 750/1003 751/1002 830/1185
f 751/1005 752/925 753/1017 830/1186
f 762/1187 761/1023 755/1022 831/1188
f 755/1019 756/1016 757/1015 831/1189
f 757/1018 758/924 759/1030 831/1190
f 759/1027 760/1026 762/1187 831/1188
f 769/998 763/999 764/1036 832/1191
f 764/1033 765/1032 770/1192 832/1193
f 770/1192 766/1029 767/1028 832/1193
f 767/1031 768/923 769/998 832/1191
f 778/1121 777/1043 771/1040 833/1194
f 771/1040 772/1039 773/1195 833/1194
f 773/1195 774/1054 775/1052 833/1194
f 775/1052 776/1051 778/1121 833/1194
f 783/1196 784/930 779/929 834/1197
f 779/929 780/932 781/1053 834/1197
f 781/1053 782/1055 783/1196 834/1197
f 789/1062 790/942 785/941 835/1198
f 785/941 786/944 787/1199 835/1198
f 787/1199 788/1065 789/1062 835/1198
f 797/1200 791/1071 792/1068 836/1201
f 792/1068 793/1067 798/1202 836/1201
f 798/1202 794/1064 795/1063 836/1201
f 795/1063 796/1066 797/1200 836/1201
f 745/994 746/1180 848/1203 837/1120
f 699/1095 698/1137 847/1204 848/1203
f 698/1137 697/1139 846/1205 847/1204
f 697/1080 700/1079 845/1206 846/1207
f 700/1135 701/1134 844/1208 845/1209
f 701/1134 702/1090 843/1210 844/1208
f 702/1090 766/1029 770/1192 843/1210
f 844/1208 843/1210 842/1091 841/1141
f 845/1209 844/1208 841/1141 840/1140
f 846/1207 845/1206 840/1082 839/1081
f 847/1204 846/1205 839/1145 838/1144
f 848/1203 847/1204 838/1144 837/1120
f 848/1203 746/1180 744/1000 699/1095
f 843/1210 770/1192 765/1032 842/1091
f 849/1088 761/1023 762/1187 860/1211
f 859/1212 860/1211 696/1089 695/1133
f 858/1213 859/1212 695/1133 694/1132
f 857/1214 858/1215 694/1078 691/1077
f 856/1216 857/1217 691/1138 692/1136
f 855/1218 856/1216 692/1136 693/1094
f 754/1184 855/1218 693/1094 750/1003
f 854/1219 853/1220 856/1216 855/1218
f 853/1220 852/1221 857/1217 856/1216
f 852/1222 851/1223 858/1215 857/1214
f 851/1224 850/1225 859/1212 858/1213
f 850/1225 849/1088 860/1211 859/1212
f 749/1006 854/1219 855/1218 754/1184
f 860/1211 762/1187 760/1026 696/1089
f 862/1226 861/1087 849/1088 850/1225
f 863/1227 862/1226 850/1225 851/1224
f 864/1228 863/1229 851/1223 852/1222
f 865/1230 864/1231 852/1221 853/1220
f 866/1232 865/1230 853/1220 854/1219
f 867/1129 798/1202 793/1067 861/1087
f 868/1127 867/1129 861/1087 862/1226
f 869/1128 868/1127 862/1226 863/1227
f 870/1076 869/1075 863/1229 864/1228
f 871/1130 870/1131 864/1231 865/1230
f 872/1122 871/1130 865/1230 866/1232
f 690/949 794/1064 798/1202 867/1129
f 777/1043 866/1232 854/1219 749/1006
f 778/1121 872/1122 866/1232 777/1043
f 944/1233 918/1234 928/1235 934/1236
f 898/1237 909/1238 910/1239 897/1240
f 897/1240 910/1239 911/1241 902/1242
f 902/1243 904/1244 905/1245 901/1246
f 901/1246 905/1245 906/1247 900/1248
f 904/1249 912/1250 913/1251 903/1252
f 903/1252 913/1251 914/1253 908/1254
f 916/1255 984/1256 985/1257 915/1258
f 915/1259 985/1260 986/1261 921/1262
f 918/1234 944/1233 945/1263 917/1264
f 917/1264 945/1263 939/1265 916/1255
f 920/1266 926/1267 927/1268 919/1269
f 919/1270 927/1271 928/1235 918/1234
f 925/1272 987/1273 988/1274 924/1275
f 924/1276 988/1277 989/1278 923/1279
f 923/1279 932/1280 933/1281 929/1282
f 929/1282 933/1281 934/1236 928/1235
f 932/1280 990/1283 991/1284 931/1285
f 931/1286 991/1287 992/1288 937/1289
f 936/1290 942/1291 943/1292 935/1293
f 935/1294 943/1295 944/1233 934/1236
f 941/1296 981/1297 982/1298 940/1299
f 940/1300 982/1301 983/1302 939/1265
f 948/1303 996/1304 997/1305 947/1306
f 947/1306 997/1305 998/1307 953/1308
f 950/1309 972/1310 973/1311 949/1312
f 949/1312 973/1311 967/1313 948/1314
f 952/1315 956/1316 957/1317 951/1318
f 951/1318 957/1317 958/1319 950/1320
f 960/1321 962/1322 963/1323 959/1324
f 959/1324 963/1323 964/1325 958/1326
f 966/1327 970/1328 971/1329 965/1330
f 965/1330 971/1329 972/1331 964/1332
f 969/1333 993/1334 994/1335 968/1336
f 968/1336 994/1335 995/1337 967/1338
f 902/1243 911/1339 912/1340 904/1244
f 962/1322 960/1321 1296/1341 1298/1342
f 956/1316 952/1315 1288/1343 1292/1344
f 926/1267 920/1266 1256/1345 1262/1346
f 909/1238 898/1237 1234/1347 1245/1348
f 911/1339 977/1349 978/1350 912/1340
f 914/1253 980/1351 981/1297 941/1296
f 986/1261 975/1352 909/1238 921/1262
f 992/1288 993/1334 969/1333 937/1289
f 998/1307 987/1273 925/1272 953/1308
f 986/1261 880/1103 873/1102 975/1352
f 983/1302 878/1105 879/1104 984/1256
f 980/1351 876/1107 877/1106 981/1297
f 977/1349 874/1109 875/1108 978/1350
f 998/1307 888/1111 881/1110 987/1273
f 995/1353 886/1115 887/1114 996/1354
f 992/1288 884/1117 885/1116 993/1334
f 989/1278 882/1119 883/1118 990/1283
f 921/1262 909/1238 1245/1348 1257/1355
f 952/1315 954/1356 1290/1357 1288/1343
f 983/1302 984/1256 916/1255 939/1265
f 989/1278 990/1283 932/1280 923/1279
f 995/1353 996/1354 948/1314 967/1313
f 958/1326 964/1325 972/1310 950/1309
f 909/1238 975/1352 976/1358 910/1239
f 910/1239 976/1358 977/1359 911/1241
f 912/1250 978/1360 979/1361 913/1251
f 913/1251 979/1361 980/1351 914/1253
f 975/1352 873/1102 889/1152 976/1358
f 976/1358 889/1152 874/1153 977/1359
f 978/1360 875/1155 890/1154 979/1361
f 979/1361 890/1154 876/1107 980/1351
f 981/1297 877/1106 891/1156 982/1298
f 982/1301 891/1157 878/1105 983/1302
f 984/1256 879/1104 892/1158 985/1257
f 985/1260 892/1159 880/1103 986/1261
f 987/1273 881/1110 893/1160 988/1274
f 988/1277 893/1161 882/1119 989/1278
f 990/1283 883/1118 894/1162 991/1284
f 991/1287 894/1163 884/1117 992/1288
f 993/1334 885/1116 895/1164 994/1335
f 994/1335 895/1164 886/1165 995/1337
f 996/1304 887/1167 896/1166 997/1305
f 997/1305 896/1166 888/1111 998/1307
f 901/1362 999/1363 897/1240 902/1242
f 897/1240 999/1363 899/1364 898/1237
f 899/1364 999/1363 901/1362 900/1365
f 907/1366 1000/1367 903/1252 908/1254
f 903/1252 1000/1367 905/1368 904/1249
f 905/1368 1000/1367 907/1366 906/1369
f 922/1370 1001/1371 915/1259 921/1262
f 915/1258 1001/1372 917/1264 916/1255
f 917/1264 1001/1372 919/1270 918/1234
f 919/1269 1001/1371 922/1370 920/1266
f 929/1282 1002/1373 924/1276 923/1279
f 924/1275 1002/1374 930/1375 925/1272
f 930/1375 1002/1374 927/1268 926/1267
f 927/1271 1002/1373 929/1282 928/1235
f 938/1376 1003/1377 931/1286 937/1289
f 931/1285 1003/1378 933/1281 932/1280
f 933/1281 1003/1378 935/1294 934/1236
f 935/1293 1003/1377 938/1376 936/1290
f 945/1263 1004/1379 940/1300 939/1265
f 940/1299 1004/1380 946/1381 941/1296
f 946/1381 1004/1380 943/1292 942/1291
f 943/1295 1004/1379 945/1263 944/1233
f 954/1356 1005/1382 947/1306 953/1308
f 947/1306 1005/1382 949/1383 948/1303
f 949/1383 1005/1382 951/1318 950/1320
f 951/1318 1005/1382 954/1356 952/1315
f 959/1384 1006/1385 955/1386 960/1387
f 955/1386 1006/1385 957/1317 956/1316
f 957/1317 1006/1385 959/1384 958/1319
f 965/1330 1007/1388 961/1389 966/1327
f 961/1389 1007/1388 963/1390 962/1391
f 963/1390 1007/1388 965/1330 964/1332
f 973/1392 1008/1393 968/1336 967/1338
f 968/1336 1008/1393 974/1394 969/1333
f 974/1394 1008/1393 971/1329 970/1328
f 971/1329 1008/1393 973/1392 972/1331
f 922/1370 921/1262 1257/1355 1258/1395
f 930/1375 926/1267 1262/1346 1266/1396
f 925/1272 930/1375 1266/1396 1261/1397
f 953/1308 925/1272 1261/1397 1289/1398
f 954/1356 953/1308 1289/1398 1290/1357
f 1104/1399 1078/1400 1088/1401 1094/1402
f 1010/1403 1120/1404 1115/1405 1009/1406
f 1009/1406 1115/1405 1116/1407 1014/1408
f 1012/1409 1021/1410 1022/1411 1011/1412
f 1011/1412 1022/1411 1023/1413 1010/1414
f 1019/1415 1126/1416 1121/1417 1018/1418
f 1018/1418 1121/1417 1122/1419 1023/1420
f 1021/1421 1024/1422 1025/1423 1020/1424
f 1020/1424 1025/1423 1026/1425 1019/1415
f 1041/1426 1046/1427 1047/1428 1040/1429
f 1040/1429 1047/1428 1048/1430 1039/1431
f 1046/1427 1058/1432 1059/1433 1045/1434
f 1045/1434 1059/1433 1060/1435 1050/1436
f 1050/1437 1052/1438 1053/1439 1049/1440
f 1049/1440 1053/1439 1054/1441 1048/1442
f 1052/1443 1066/1444 1067/1445 1051/1446
f 1051/1446 1067/1445 1068/1447 1056/1448
f 1058/1432 1069/1449 1070/1450 1057/1451
f 1057/1451 1070/1450 1071/1452 1062/1453
f 1062/1454 1064/1455 1065/1456 1061/1457
f 1061/1457 1065/1456 1066/1458 1060/1459
f 1064/1460 1072/1461 1073/1462 1063/1463
f 1063/1463 1073/1462 1074/1464 1068/1447
f 1076/1465 1144/1466 1145/1467 1075/1468
f 1075/1469 1145/1470 1146/1471 1081/1472
f 1078/1400 1104/1399 1105/1473 1077/1474
f 1077/1474 1105/1473 1099/1475 1076/1465
f 1080/1476 1086/1477 1087/1478 1079/1479
f 1079/1480 1087/1481 1088/1401 1078/1400
f 1085/1482 1147/1483 1148/1484 1084/1485
f 1084/1486 1148/1487 1149/1488 1083/1489
f 1083/1489 1092/1490 1093/1491 1089/1492
f 1089/1492 1093/1491 1094/1402 1088/1401
f 1092/1490 1150/1493 1151/1494 1091/1495
f 1091/1496 1151/1497 1152/1498 1097/1499
f 1096/1500 1102/1501 1103/1502 1095/1503
f 1095/1504 1103/1505 1104/1399 1094/1402
f 1101/1506 1141/1507 1142/1508 1100/1509
f 1100/1510 1142/1511 1143/1512 1099/1475
f 1108/1513 1156/1514 1157/1515 1107/1516
f 1107/1516 1157/1515 1158/1517 1113/1518
f 1110/1519 1132/1520 1133/1521 1109/1522
f 1109/1522 1133/1521 1127/1523 1108/1524
f 1112/1525 1116/1407 1117/1526 1111/1527
f 1111/1527 1117/1526 1118/1528 1110/1529
f 1120/1530 1122/1531 1123/1532 1119/1533
f 1119/1533 1123/1532 1124/1534 1118/1535
f 1126/1416 1130/1536 1131/1537 1125/1538
f 1125/1538 1131/1537 1132/1539 1124/1540
f 1129/1541 1153/1542 1154/1543 1128/1544
f 1128/1544 1154/1543 1155/1545 1127/1546
f 1012/1409 1015/1547 1024/1548 1021/1410
f 1015/1547 1206/1549 1205/1550 1024/1548
f 1027/1551 1033/1552 1036/1553 1030/1554
f 1175/1555 1039/1556 1042/1557 1176/1558
f 1039/1556 1048/1442 1054/1441 1042/1557
f 1050/1437 1060/1459 1066/1458 1052/1438
f 1062/1454 1071/1559 1072/1560 1064/1455
f 1120/1530 1010/1414 1023/1413 1122/1531
f 1019/1415 1026/1425 1130/1536 1126/1416
f 1197/1561 1185/1562 1097/1499 1129/1541
f 1032/1563 1038/1564 1102/1501 1096/1500
f 1178/1565 1044/1566 1074/1464 1101/1506
f 1044/1566 1056/1448 1068/1447 1074/1464
f 1116/1407 1112/1525 1017/1567 1014/1408
f 1080/1476 1035/1568 1029/1569 1086/1477
f 1069/1449 1058/1432 1046/1427 1041/1426
f 1071/1559 1137/1570 1138/1571 1072/1560
f 1074/1464 1140/1572 1141/1507 1101/1506
f 1146/1471 1135/1573 1069/1449 1081/1472
f 1152/1498 1153/1542 1129/1541 1097/1499
f 1158/1517 1147/1483 1085/1482 1113/1518
f 1146/1471 1216/1574 1209/1575 1135/1573
f 1143/1512 1214/1576 1215/1577 1144/1466
f 1140/1572 1212/1578 1213/1579 1141/1507
f 1137/1570 1210/1580 1211/1581 1138/1571
f 1158/1517 1224/1582 1217/1583 1147/1483
f 1155/1584 1222/1585 1223/1586 1156/1587
f 1152/1498 1220/1588 1221/1589 1153/1542
f 1149/1488 1218/1590 1219/1591 1150/1493
f 1081/1472 1069/1449 1041/1426 1173/1592
f 1114/1593 1208/1594 1017/1567 1112/1525
f 1143/1512 1144/1466 1076/1465 1099/1475
f 1149/1488 1150/1493 1092/1490 1083/1489
f 1155/1584 1156/1587 1108/1524 1127/1523
f 1118/1535 1124/1534 1132/1520 1110/1519
f 1014/1408 1017/1567 1016/1595 1013/1596
f 1013/1596 1016/1595 1015/1597 1012/1598
f 1024/1422 1205/1599 1204/1600 1025/1423
f 1025/1423 1204/1600 1203/1601 1026/1425
f 1017/1567 1208/1594 1207/1602 1016/1595
f 1016/1595 1207/1602 1206/1603 1015/1597
f 1030/1604 1036/1605 1037/1606 1031/1607
f 1031/1607 1037/1606 1038/1564 1032/1563
f 1029/1569 1035/1568 1034/1608 1028/1609
f 1028/1609 1034/1608 1033/1610 1027/1611
f 1176/1612 1042/1613 1043/1614 1177/1615
f 1177/1615 1043/1614 1044/1566 1178/1565
f 1173/1592 1041/1426 1040/1429 1174/1616
f 1174/1616 1040/1429 1039/1431 1175/1617
f 1042/1613 1054/1618 1055/1619 1043/1614
f 1043/1614 1055/1619 1056/1448 1044/1566
f 1069/1449 1135/1573 1136/1620 1070/1450
f 1070/1450 1136/1620 1137/1621 1071/1452
f 1072/1461 1138/1622 1139/1623 1073/1462
f 1073/1462 1139/1623 1140/1572 1074/1464
f 1135/1573 1209/1575 1225/1624 1136/1620
f 1136/1620 1225/1624 1210/1625 1137/1621
f 1138/1622 1211/1626 1226/1627 1139/1623
f 1139/1623 1226/1627 1212/1578 1140/1572
f 1141/1507 1213/1579 1227/1628 1142/1508
f 1142/1511 1227/1629 1214/1576 1143/1512
f 1144/1466 1215/1577 1228/1630 1145/1467
f 1145/1470 1228/1631 1216/1574 1146/1471
f 1147/1483 1217/1583 1229/1632 1148/1484
f 1148/1487 1229/1633 1218/1590 1149/1488
f 1150/1493 1219/1591 1230/1634 1151/1494
f 1151/1497 1230/1635 1220/1588 1152/1498
f 1153/1542 1221/1589 1231/1636 1154/1543
f 1154/1543 1231/1636 1222/1637 1155/1545
f 1156/1514 1223/1638 1232/1639 1157/1515
f 1157/1515 1232/1639 1224/1582 1158/1517
f 1013/1596 1159/1640 1009/1406 1014/1408
f 1009/1406 1159/1640 1011/1641 1010/1403
f 1011/1641 1159/1640 1013/1596 1012/1598
f 1022/1642 1160/1643 1018/1418 1023/1420
f 1018/1418 1160/1643 1020/1424 1019/1415
f 1020/1424 1160/1643 1022/1642 1021/1421
f 1049/1644 1161/1645 1045/1434 1050/1436
f 1045/1434 1161/1645 1047/1428 1046/1427
f 1047/1428 1161/1645 1049/1644 1048/1430
f 1055/1619 1162/1646 1051/1446 1056/1448
f 1051/1446 1162/1646 1053/1647 1052/1443
f 1053/1647 1162/1646 1055/1619 1054/1618
f 1061/1648 1163/1649 1057/1451 1062/1453
f 1057/1451 1163/1649 1059/1433 1058/1432
f 1059/1433 1163/1649 1061/1648 1060/1435
f 1067/1445 1164/1650 1063/1463 1068/1447
f 1063/1463 1164/1650 1065/1651 1064/1460
f 1065/1651 1164/1650 1067/1445 1066/1444
f 1082/1652 1165/1653 1075/1469 1081/1472
f 1075/1468 1165/1654 1077/1474 1076/1465
f 1077/1474 1165/1654 1079/1480 1078/1400
f 1079/1479 1165/1653 1082/1652 1080/1476
f 1089/1492 1166/1655 1084/1486 1083/1489
f 1084/1485 1166/1656 1090/1657 1085/1482
f 1090/1657 1166/1656 1087/1478 1086/1477
f 1087/1481 1166/1655 1089/1492 1088/1401
f 1098/1658 1167/1659 1091/1496 1097/1499
f 1091/1495 1167/1660 1093/1491 1092/1490
f 1093/1491 1167/1660 1095/1504 1094/1402
f 1095/1503 1167/1659 1098/1658 1096/1500
f 1105/1473 1168/1661 1100/1510 1099/1475
f 1100/1509 1168/1662 1106/1663 1101/1506
f 1106/1663 1168/1662 1103/1502 1102/1501
f 1103/1505 1168/1661 1105/1473 1104/1399
f 1114/1593 1169/1664 1107/1516 1113/1518
f 1107/1516 1169/1664 1109/1665 1108/1513
f 1109/1665 1169/1664 1111/1527 1110/1529
f 1111/1527 1169/1664 1114/1593 1112/1525
f 1119/1666 1170/1667 1115/1405 1120/1404
f 1115/1405 1170/1667 1117/1526 1116/1407
f 1117/1526 1170/1667 1119/1666 1118/1528
f 1125/1538 1171/1668 1121/1417 1126/1416
f 1121/1417 1171/1668 1123/1669 1122/1419
f 1123/1669 1171/1668 1125/1538 1124/1540
f 1133/1670 1172/1671 1128/1544 1127/1546
f 1128/1544 1172/1671 1134/1672 1129/1541
f 1134/1672 1172/1671 1131/1537 1130/1536
f 1131/1537 1172/1671 1133/1670 1132/1539
f 1081/1472 1173/1592 1184/1673 1082/1652
f 1035/1568 1184/1673 1183/1674 1034/1608
f 1034/1608 1183/1674 1182/1675 1033/1610
f 1033/1552 1182/1676 1181/1677 1036/1553
f 1036/1605 1181/1678 1180/1679 1037/1606
f 1037/1606 1180/1679 1179/1680 1038/1564
f 1038/1564 1179/1680 1106/1663 1102/1501
f 1180/1679 1177/1615 1178/1565 1179/1680
f 1181/1678 1176/1612 1177/1615 1180/1679
f 1182/1676 1175/1555 1176/1558 1181/1677
f 1183/1674 1174/1616 1175/1617 1182/1675
f 1184/1673 1173/1592 1174/1616 1183/1674
f 1184/1673 1035/1568 1080/1476 1082/1652
f 1179/1680 1178/1565 1101/1506 1106/1663
f 1185/1562 1196/1681 1098/1658 1097/1499
f 1195/1682 1031/1607 1032/1563 1196/1681
f 1194/1683 1030/1604 1031/1607 1195/1682
f 1193/1684 1027/1551 1030/1554 1194/1685
f 1192/1686 1028/1609 1027/1611 1193/1687
f 1191/1688 1029/1569 1028/1609 1192/1686
f 1090/1657 1086/1477 1029/1569 1191/1688
f 1190/1689 1191/1688 1192/1686 1189/1690
f 1189/1690 1192/1686 1193/1687 1188/1691
f 1188/1692 1193/1684 1194/1685 1187/1693
f 1187/1694 1194/1683 1195/1682 1186/1695
f 1186/1695 1195/1682 1196/1681 1185/1562
f 1085/1482 1090/1657 1191/1688 1190/1689
f 1196/1681 1032/1563 1096/1500 1098/1658
f 1198/1696 1186/1695 1185/1562 1197/1561
f 1199/1697 1187/1694 1186/1695 1198/1696
f 1200/1698 1188/1692 1187/1693 1199/1699
f 1201/1700 1189/1690 1188/1691 1200/1701
f 1202/1702 1190/1689 1189/1690 1201/1700
f 1203/1601 1197/1561 1129/1541 1134/1672
f 1204/1600 1198/1696 1197/1561 1203/1601
f 1205/1599 1199/1697 1198/1696 1204/1600
f 1206/1549 1200/1698 1199/1699 1205/1550
f 1207/1602 1201/1700 1200/1701 1206/1603
f 1208/1594 1202/1702 1201/1700 1207/1602
f 1026/1425 1203/1601 1134/1672 1130/1536
f 1113/1518 1085/1482 1190/1689 1202/1702
f 1114/1593 1113/1518 1202/1702 1208/1594
f 1280/1703 1270/1704 1264/1705 1254/1706
f 1234/1347 1233/1707 1246/1708 1245/1348
f 1233/1707 1238/1709 1247/1710 1246/1708
f 1238/1711 1237/1712 1241/1713 1240/1714
f 1237/1712 1236/1715 1242/1716 1241/1713
f 1240/1717 1239/1718 1249/1719 1248/1720
f 1239/1718 1244/1721 1250/1722 1249/1719
f 1252/1723 1251/1724 1321/1725 1320/1726
f 1251/1727 1257/1355 1322/1728 1321/1729
f 1254/1706 1253/1730 1281/1731 1280/1703
f 1253/1730 1252/1723 1275/1732 1281/1731
f 1256/1345 1255/1733 1263/1734 1262/1346
f 1255/1735 1254/1706 1264/1705 1263/1736
f 1261/1397 1260/1737 1324/1738 1323/1739
f 1260/1740 1259/1741 1325/1742 1324/1743
f 1259/1741 1265/1744 1269/1745 1268/1746
f 1265/1747 1264/1705 1270/1704 1269/1748
f 1268/1746 1267/1749 1327/1750 1326/1751
f 1267/1752 1273/1753 1328/1754 1327/1755
f 1272/1756 1271/1757 1279/1758 1278/1759
f 1271/1760 1270/1704 1280/1703 1279/1761
f 1277/1762 1276/1763 1318/1764 1317/1765
f 1276/1766 1275/1732 1319/1767 1318/1768
f 1284/1769 1283/1770 1333/1771 1332/1772
f 1283/1770 1289/1398 1334/1773 1333/1771
f 1286/1774 1285/1775 1309/1776 1308/1777
f 1285/1775 1284/1778 1303/1779 1309/1776
f 1288/1343 1287/1780 1293/1781 1292/1344
f 1287/1780 1286/1782 1294/1783 1293/1781
f 1296/1341 1295/1784 1299/1785 1298/1342
f 1295/1784 1294/1786 1300/1787 1299/1785
f 1302/1788 1301/1789 1307/1790 1306/1791
f 1301/1789 1300/1792 1308/1793 1307/1790
f 1305/1794 1304/1795 1330/1796 1329/1797
f 1304/1795 1303/1798 1331/1799 1330/1796
f 1238/1711 1240/1714 1248/1800 1247/1801
f 1247/1801 1248/1800 1314/1802 1313/1803
f 1250/1722 1277/1762 1317/1765 1316/1804
f 1322/1728 1257/1355 1245/1348 1311/1805
f 1328/1754 1273/1753 1305/1794 1329/1797
f 1334/1773 1289/1398 1261/1397 1323/1739
f 1322/1728 1311/1805 1209/1575 1216/1574
f 1319/1767 1320/1726 1215/1577 1214/1576
f 1316/1804 1317/1765 1213/1579 1212/1578
f 1313/1803 1314/1802 1211/1581 1210/1580
f 1334/1773 1323/1739 1217/1583 1224/1582
f 1331/1806 1332/1807 1223/1586 1222/1585
f 1328/1754 1329/1797 1221/1589 1220/1588
f 1325/1742 1326/1751 1219/1591 1218/1590
f 1319/1767 1275/1732 1252/1723 1320/1726
f 1325/1742 1259/1741 1268/1746 1326/1751
f 1331/1806 1303/1779 1284/1778 1332/1807
f 1294/1786 1286/1774 1308/1777 1300/1787
f 1245/1348 1246/1708 1312/1808 1311/1805
f 1246/1708 1247/1710 1313/1809 1312/1808
f 1248/1720 1249/1719 1315/1810 1314/1811
f 1249/1719 1250/1722 1316/1804 1315/1810
f 1311/1805 1312/1808 1225/1624 1209/1575
f 1312/1808 1313/1809 1210/1625 1225/1624
f 1314/1811 1315/1810 1226/1627 1211/1626
f 1315/1810 1316/1804 1212/1578 1226/1627
f 1317/1765 1318/1764 1227/1628 1213/1579
f 1318/1768 1319/1767 1214/1576 1227/1629
f 1320/1726 1321/1725 1228/1630 1215/1577
f 1321/1729 1322/1728 1216/1574 1228/1631
f 1323/1739 1324/1738 1229/1632 1217/1583
f 1324/1743 1325/1742 1218/1590 1229/1633
f 1326/1751 1327/1750 1230/1634 1219/1591
f 1327/1755 1328/1754 1220/1588 1230/1635
f 1329/1797 1330/1796 1231/1636 1221/1589
f 1330/1796 1331/1799 1222/1637 1231/1636
f 1332/1772 1333/1771 1232/1639 1223/1638
f 1333/1771 1334/1773 1224/1582 1232/1639
f 1237/1812 1238/1709 1233/1707 1335/1813
f 1233/1707 1234/1347 1235/1814 1335/1813
f 1235/1814 1236/1815 1237/1812 1335/1813
f 1243/1816 1244/1721 1239/1718 1336/1817
f 1239/1718 1240/1717 1241/1818 1336/1817
f 1241/1818 1242/1819 1243/1816 1336/1817
f 1258/1395 1257/1355 1251/1727 1337/1820
f 1251/1724 1252/1723 1253/1730 1337/1821
f 1253/1730 1254/1706 1255/1735 1337/1821
f 1255/1733 1256/1345 1258/1395 1337/1820
f 1265/1744 1259/1741 1260/1740 1338/1822
f 1260/1737 1261/1397 1266/1396 1338/1823
f 1266/1396 1262/1346 1263/1734 1338/1823
f 1263/1736 1264/1705 1265/1747 1338/1824
f 1274/1825 1273/1753 1267/1752 1339/1826
f 1267/1749 1268/1746 1269/1745 1339/1827
f 1269/1748 1270/1704 1271/1760 1339/1828
f 1271/1757 1272/1756 1274/1825 1339/1826
f 1281/1731 1275/1732 1276/1766 1340/1829
f 1276/1763 1277/1762 1282/1830 1340/1831
f 1282/1830 1278/1759 1279/1758 1340/1831
f 1279/1761 1280/1703 1281/1731 1340/1829
f 1290/1357 1289/1398 1283/1770 1341/1832
f 1283/1770 1284/1769 1285/1833 1341/1832
f 1285/1833 1286/1782 1287/1780 1341/1832
f 1287/1780 1288/1343 1290/1357 1341/1832
f 1295/1834 1296/1835 1291/1836 1342/1837
f 1291/1836 1292/1344 1293/1781 1342/1837
f 1293/1781 1294/1783 1295/1834 1342/1837
f 1301/1789 1302/1788 1297/1838 1343/1839
f 1297/1838 1298/1840 1299/1841 1343/1839
f 1299/1841 1300/1792 1301/1789 1343/1839
f 1309/1842 1303/1798 1304/1795 1344/1843
f 1304/1795 1305/1794 1310/1844 1344/1843
f 1310/1844 1306/1791 1307/1790 1344/1843
f 1307/1790 1308/1793 1309/1842 1344/1843
f 955/1386 1291/1836 1296/1835 960/1387
f 956/1316 1292/1344 1291/1836 955/1386
f 961/1389 1297/1838 1302/1788 966/1327
f 962/1391 1298/1840 1297/1838 961/1389
f 899/1364 1235/1814 1234/1347 898/1237
f 900/1365 1236/1815 1235/1814 899/1364
f 907/1366 1243/1816 1242/1819 906/1369
f 908/1254 1244/1721 1243/1816 907/1366
f 906/1247 1242/1716 1236/1715 900/1248
f 966/1327 1302/1788 1306/1791 970/1328
f 969/1333 1305/1794 1273/1753 937/1289
f 936/1290 1272/1756 1278/1759 942/1291
f 941/1296 1277/1762 1250/1722 914/1253
f 914/1253 1250/1722 1244/1721 908/1254
f 942/1291 1278/1759 1282/1830 946/1381
f 922/1370 1258/1395 1256/1345 920/1266
f 946/1381 1282/1830 1277/1762 941/1296
f 937/1289 1273/1753 1274/1825 938/1376
f 938/1376 1274/1825 1272/1756 936/1290
f 974/1394 1310/1844 1305/1794 969/1333
f 970/1328 1306/1791 1310/1844 974/1394
v 20.040686 -111.902011 50.654205
v 20.182097 -111.960579 50.654205
v 20.182097 -111.902011 50.795616
v 20.182097 -111.760601 50.854172
v 20.040686 -111.760601 50.795616
v 19.982119 -111.760601 50.654205
v 20.182097 -109.960581 50.854172
v 20.040686 -109.960581 50.795616
v 19.982119 -109.960581 50.654205
v 22.423546 -111.902011 50.654205
v 22.482116 -111.760601 50.654205
v 22.423546 -111.760601 50.795616
v 22.282135 -111.760601 50.854172
v 22.282135 -111.902011 50.795616
v 22.282135 -111.960579 50.654205
v 22.282135 -109.960581 50.854172
v 22.423546 -109.960581 50.795616
v 22.482116 -109.960581 50.654205
v 20.182097 -107.960582 50.854172
v 20.040686 -107.960582 50.795616
v 19.982119 -107.960582 50.654205
v 22.282135 -107.960582 50.854172
v 22.423546 -107.960582 50.795616
v 22.482116 -107.960582 50.654205
v 20.182097 -105.960582 50.854172
v 20.040686 -105.960582 50.795616
v 19.982119 -105.960582 50.654205
v 22.282135 -105.960582 50.854172
v 22.423546 -105.960582 50.795616
v 22.482116 -105.960582 50.654205
v 20.182097 -103.960581 50.854172
v 20.040686 -103.960581 50.795616
v 19.982119 -103.960581 50.654205
v 22.282135 -103.960581 50.854172
v 22.423546 -103.960581 50.795616
v 22.482116 -103.960581 50.654205
v 20.040686 -102.019150 50.654205
v 19.982119 -102.160561 50.654205
v 20.040686 -102.160561 50.795616
v 20.182097 -102.160561 50.854172
v 20.182097 -102.019150 50.795616
v 20.182097 -101.960582 50.654205
v 22.423546 -102.019150 50.654205
v 22.282135 -101.960582 50.654205
v 22.282135 -102.019150 50.795616
v 22.282135 -102.160561 50.854172
v 22.423546 -102.160561 50.795616
v 22.482116 -102.160561 50.654205
v 20.040686 -102.160561 48.412727
v 19.982119 -102.160561 48.554138
v 20.040686 -102.019150 48.554138
v 20.182097 -101.960582 48.554138
v 20.182097 -102.019150 48.412727
v 20.182097 -102.160561 48.354172
v 22.423546 -102.160561 48.412727
v 22.282135 -102.160561 48.354172
v 22.282135 -102.019150 48.412727
v 22.282135 -101.960582 48.554138
v 22.423546 -102.019150 48.554138
v 22.482116 -102.160561 48.554138
v 19.982119 -104.160561 48.554138
v 20.040686 -104.019152 48.412727
v 20.182097 -103.960581 48.354172
v 22.282135 -103.960581 48.354172
v 22.423546 -104.019152 48.412727
v 22.482116 -104.160561 48.554138
v 20.040686 -105.902011 48.212761
v 20.182097 -105.960582 48.154205
v 20.182097 -106.019151 48.295616
v 20.182097 -106.160561 48.354172
v 20.040686 -106.101991 48.412727
v 19.982119 -105.960582 48.554138
v 19.982119 -105.760603 48.354172
v 19.982119 -105.819171 48.495601
v 20.182097 -107.960582 48.154205
v 20.040686 -108.019161 48.212761
v 19.982119 -108.160561 48.354172
v 19.982119 -107.960582 48.554138
v 20.040686 -107.819181 48.412727
v 20.182097 -107.760601 48.354172
v 20.182097 -107.902011 48.295616
v 19.982119 -108.101992 48.495601
v 22.423546 -108.019161 48.212761
v 22.282135 -107.960582 48.154205
v 22.282135 -107.902011 48.295616
v 22.282135 -107.760601 48.354172
v 22.423546 -107.819181 48.412727
v 22.482116 -107.960582 48.554138
v 22.482116 -108.160561 48.354172
v 22.482116 -108.101992 48.495601
v 22.282135 -105.960582 48.154205
v 22.423546 -105.902011 48.212761
v 22.482116 -105.760603 48.354172
v 22.482116 -105.960582 48.554138
v 22.423546 -106.101991 48.412727
v 22.282135 -106.160561 48.354172
v 22.282135 -106.019151 48.295616
v 22.482116 -105.819171 48.495601
v 20.040686 -109.902012 48.212761
v 20.182097 -109.960581 48.154205
v 20.182097 -110.019151 48.295616
v 20.182097 -110.160562 48.354172
v 20.040686 -110.101991 48.412727
v 19.982119 -109.960581 48.554138
v 19.982119 -109.760601 48.354172
v 19.982119 -109.819171 48.495601
v 20.040686 -111.902011 48.554138
v 19.982119 -111.760601 48.554138
v 20.040686 -111.760601 48.412727
v 20.182097 -111.760601 48.354172
v 20.182097 -111.902011 48.412727
v 20.182097 -111.960579 48.554138
v 22.423546 -111.902011 48.554138
v 22.282135 -111.960579 48.554138
v 22.282135 -111.902011 48.412727
v 22.282135 -111.760601 48.354172
v 22.423546 -111.760601 48.412727
v 22.482116 -111.760601 48.554138
v 22.282135 -109.960581 48.154205
v 22.423546 -109.902012 48.212761
v 22.482116 -109.760601 48.354172
v 22.482116 -109.960581 48.554138
v 22.423546 -110.101991 48.412727
v 22.282135 -110.160562 48.354172
v 22.282135 -110.019151 48.295616
v 22.482116 -109.819171 48.495601
v 19.982119 -104.160561 43.979191
v 20.040686 -104.019152 43.979191
v 20.182097 -103.960581 43.979191
v 22.282135 -103.960581 43.979191
v 22.423546 -104.019152 43.979191
v 22.482116 -104.160561 43.979191
v 22.482116 -105.760603 43.979191
v 22.423546 -105.902011 43.979191
v 22.282135 -105.960582 43.979191
v 20.182097 -105.960582 43.979191
v 20.040686 -105.902011 43.979191
v 19.982119 -105.760603 43.979191
v 19.982119 -108.160561 43.979191
v 20.040686 -108.019151 43.979191
v 20.182097 -107.960582 43.979191
v 22.282135 -107.960582 43.979191
v 22.423546 -108.019151 43.979191
v 22.482116 -108.160561 43.979191
v 22.482116 -109.760601 43.979191
v 22.423546 -109.902012 43.979191
v 22.282135 -109.960581 43.979191
v 20.182097 -109.960581 43.979191
v 20.040686 -109.902012 43.979191
v 19.982119 -109.760601 43.979191
v 20.066676 -111.876021 50.769600
v 22.397556 -111.876021 50.769600
v 20.066676 -102.045141 50.769600
v 22.397556 -102.045141 50.769600
v 20.066676 -102.045141 48.438763
v 22.397556 -102.045141 48.438763
v 20.040686 -105.960582 48.354172
v 20.040686 -107.960582 48.354172
v 22.423546 -107.960582 48.354172
v 22.423546 -105.960582 48.354172
v 20.040686 -109.960581 48.354172
v 20.066676 -111.876021 48.438763
v 22.397556 -111.876021 48.438763
v 22.423546 -109.960581 48.354172
v 19.982119 -105.760581 50.654205
v 20.040686 -105.760581 50.795616
v 20.182097 -105.760581 50.854172
v 22.282135 -105.760581 50.854172
v 22.423546 -105.760581 50.795616
v 22.482116 -105.760581 50.654205
v 22.482116 -105.860581 50.654205
v 22.423546 -105.860581 50.795616
v 22.282135 -105.860581 50.854172
v 20.182097 -105.860581 50.854172
v 20.040686 -105.860581 50.795616
v 19.982119 -105.860581 50.654205
v 22.482116 -108.160581 50.654205
v 22.423546 -108.160581 50.795616
v 22.282135 -108.160581 50.854172
v 20.182097 -108.160581 50.854172
v 20.040686 -108.160581 50.795616
v 19.982119 -108.160581 50.654205
v 19.982119 -108.060581 50.654205
v 20.040686 -108.060581 50.795616
v 20.182097 -108.060581 50.854172
v 22.282135 -108.060581 50.854172
v 22.423546 -108.060581 50.795616
v 22.482116 -108.060581 50.654205
v 22.482116 -109.780581 50.654205
v 22.423546 -109.780581 50.795616
v 22.282135 -109.780581 50.854172
v 20.182097 -109.780581 50.854172
v 20.040686 -109.780581 50.795616
v 19.982119 -109.780581 50.654205
v 22.482116 -109.852581 50.654205
v 22.423546 -109.852581 50.795616
v 22.282135 -109.852581 50.854172
v 20.182097 -109.852581 50.854172
v 20.040686 -109.852581 50.795616
v 19.982119 -109.852581 50.654205
v 19.982119 -104.160561 40.691189
v 20.182097 -103.960581 40.691189
v 22.282135 -103.960581 40.691189
v 22.482116 -104.160561 40.691189
v 22.482116 -105.760603 40.691189
v 22.282135 -105.960582 40.691189
v 20.182097 -105.960582 40.691189
v 19.982119 -105.760603 40.691189
v 19.982119 -108.160561 40.691189
v 20.182097 -107.960582 40.691189
v 22.282135 -107.960582 40.691189
v 22.482116 -108.160561 40.691189
v 22.482116 -109.760601 40.691189
v 22.282135 -109.960581 40.691189
v 20.182097 -109.960581 40.691189
v 19.982119 -109.760601 40.691189
v 20.040686 -104.019152 40.691189
v 22.423546 -104.019152 40.691189
v 22.423546 -105.902011 40.691189
v 20.040686 -105.902011 40.691189
v 20.040686 -108.019151 40.691189
v 22.423546 -108.019151 40.691189
v 22.423546 -109.902012 40.691189
v 20.040686 -109.902012 40.691189
v 20.040686 -102.160561 32.969631
v 19.982119 -102.160561 32.828220
v 20.040686 -102.019150 32.828220
v 20.182097 -101.960582 32.828220
v 20.182097 -102.019150 32.969631
v 20.182097 -102.160561 33.028187
v 22.423546 -102.160561 32.969631
v 22.282135 -102.160561 33.028187
v 22.282135 -102.019150 32.969631
v 22.282135 -101.960582 32.828220
v 22.423546 -102.019150 32.828220
v 22.482116 -102.160561 32.828220
v 19.982119 -104.160561 32.828220
v 20.040686 -104.019152 32.969631
v 20.182097 -103.960581 33.028187
v 22.282135 -103.960581 33.028187
v 22.423546 -104.019152 32.969631
v 22.482116 -104.160561 32.828220
v 20.040686 -105.902011 33.169597
v 20.182097 -105.960582 33.228153
v 20.182097 -106.019151 33.086742
v 20.182097 -106.160561 33.028187
v 20.040686 -106.101991 32.969631
v 19.982119 -105.960582 32.828220
v 19.982119 -105.760603 33.028187
v 19.982119 -105.819171 32.886776
v 20.182097 -107.960582 33.228153
v 20.040686 -108.019161 33.169597
v 19.982119 -108.160561 33.028187
v 19.982119 -107.960582 32.828220
v 20.040686 -107.819181 32.969631
v 20.182097 -107.760601 33.028187
v 20.182097 -107.902011 33.086742
v 19.982119 -108.101992 32.886776
v 22.423546 -108.019161 33.169597
v 22.282135 -107.960582 33.228153
v 22.282135 -107.902011 33.086742
v 22.282135 -107.760601 33.028187
v 22.423546 -107.819181 32.969631
v 22.482116 -107.960582 32.828220
v 22.482116 -108.160561 33.028187
v 22.482116 -108.101992 32.886776
v 22.282135 -105.960582 33.228153
v 22.423546 -105.902011 33.169597
v 22.482116 -105.760603 33.028187
v 22.482116 -105.960582 32.828220
v 22.423546 -106.101991 32.969631
v 22.282135 -106.160561 33.028187
v 22.282135 -106.019151 33.086742
v 22.482116 -105.819171 32.886776
v 20.040686 -109.902012 33.169597
v 20.182097 -109.960581 33.228153
v 20.182097 -110.019151 33.086742
v 20.182097 -110.160562 33.028187
v 20.040686 -110.101991 32.969631
v 19.982119 -109.960581 32.828220
v 19.982119 -109.760601 33.028187
v 19.982119 -109.819171 32.886776
v 20.040686 -111.902011 32.828220
v 19.982119 -111.760601 32.828220
v 20.040686 -111.760601 32.969631
v 20.182097 -111.760601 33.028187
v 20.182097 -111.902011 32.969631
v 20.182097 -111.960579 32.828220
v 22.423546 -111.902011 32.828220
v 22.282135 -111.960579 32.828220
v 22.282135 -111.902011 32.969631
v 22.282135 -111.760601 33.028187
v 22.423546 -111.760601 32.969631
v 22.482116 -111.760601 32.828220
v 22.282135 -109.960581 33.228153
v 22.423546 -109.902012 33.169597
v 22.482116 -109.760601 33.028187
v 22.482116 -109.960581 32.828220
v 22.423546 -110.101991 32.969631
v 22.282135 -110.160562 33.028187
v 22.282135 -110.019151 33.086742
v 22.482116 -109.819171 32.886776
v 19.982119 -104.160561 37.403168
v 20.040686 -104.019152 37.403168
v 20.182097 -103.960581 37.403168
v 22.282135 -103.960581 37.403168
v 22.423546 -104.019152 37.403168
v 22.482116 -104.160561 37.403168
v 22.482116 -105.760603 37.403168
v 22.423546 -105.902011 37.403168
v 22.282135 -105.960582 37.403168
v 20.182097 -105.960582 37.403168
v 20.040686 -105.902011 37.403168
v 19.982119 -105.760603 37.403168
v 19.982119 -108.160561 37.403168
v 20.040686 -108.019151 37.403168
v 20.182097 -107.960582 37.403168
v 22.282135 -107.960582 37.403168
v 22.423546 -108.019151 37.403168
v 22.482116 -108.160561 37.403168
v 22.482116 -109.760601 37.403168
v 22.423546 -109.902012 37.403168
v 22.282135 -109.960581 37.403168
v 20.182097 -109.960581 37.403168
v 20.040686 -109.902012 37.403168
v 19.982119 -109.760601 37.403168
v 20.066676 -102.045141 32.943615
v 22.397556 -102.045141 32.943615
v 20.040686 -105.960582 33.028187
v 20.040686 -107.960582 33.028187
v 22.423546 -107.960582 33.028187
v 22.423546 -105.960582 33.028187
v 20.040686 -109.960581 33.028187
v 20.066676 -111.876021 32.943615
v 22.397556 -111.876021 32.943615
v 22.423546 -109.960581 33.028187
v 20.040686 -111.902011 13.631386
v 20.182097 -111.960579 13.631386
v 20.182097 -111.902011 13.489975
v 20.182097 -111.760601 13.431419
v 20.040686 -111.760601 13.489975
v 19.982119 -111.760601 13.631386
v 20.182097 -109.960581 13.431419
v 20.040686 -109.960581 13.489975
v 19.982119 -109.960581 13.631386
v 22.423546 -111.902011 13.631386
v 22.482116 -111.760601 13.631386
v 22.423546 -111.760601 13.489975
v 22.282135 -111.760601 13.431419
v 22.282135 -111.902011 13.489975
v 22.282135 -111.960579 13.631386
v 22.282135 -109.960581 13.431419
v 22.423546 -109.960581 13.489975
v 22.482116 -109.960581 13.631386
v 20.182097 -107.960582 13.431419
v 20.040686 -107.960582 13.489975
v 19.982119 -107.960582 13.631386
v 22.282135 -107.960582 13.431419
v 22.423546 -107.960582 13.489975
v 22.482116 -107.960582 13.631386
v 20.182097 -105.960582 13.431419
v 20.040686 -105.960582 13.489975
v 19.982119 -105.960582 13.631386
v 22.282135 -105.960582 13.431419
v 22.423546 -105.960582 13.489975
v 22.482116 -105.960582 13.631386
v 20.182097 -103.960581 13.431419
v 20.040686 -103.960581 13.489975
v 19.982119 -103.960581 13.631386
v 22.282135 -103.960581 13.431419
v 22.423546 -103.960581 13.489975
v 22.482116 -103.960581 13.631386
v 20.040686 -102.019150 13.631386
v 19.982119 -102.160561 13.631386
v 20.040686 -102.160561 13.489975
v 20.182097 -102.160561 13.431419
v 20.182097 -102.019150 13.489975
v 20.182097 -101.960582 13.631386
v 22.423546 -102.019150 13.631386
v 22.282135 -101.960582 13.631386
v 22.282135 -102.019150 13.489975
v 22.282135 -102.160561 13.431419
v 22.423546 -102.160561 13.489975
v 22.482116 -102.160561 13.631386
v 20.040686 -102.160561 15.872864
v 19.982119 -102.160561 15.731453
v 20.040686 -102.019150 15.731453
v 20.182097 -101.960582 15.731453
v 20.182097 -102.019150 15.872864
v 20.182097 -102.160561 15.931419
v 22.423546 -102.160561 15.872864
v 22.282135 -102.160561 15.931419
v 22.282135 -102.019150 15.872864
v 22.282135 -101.960582 15.731453
v 22.423546 -102.019150 15.731453
v 22.482116 -102.160561 15.731453
v 19.982119 -104.160561 15.731453
v 20.040686 -104.019152 15.872864
v 20.182097 -103.960581 15.931419
v 22.282135 -103.960581 15.931419
v 22.423546 -104.019152 15.872864
v 22.482116 -104.160561 15.731453
v 20.040686 -105.902011 16.072830
v 20.182097 -105.960582 16.131386
v 20.182097 -106.019151 15.989975
v 20.182097 -106.160561 15.931419
v 20.040686 -106.101991 15.872864
v 19.982119 -105.960582 15.731453
v 19.982119 -105.760603 15.931419
v 19.982119 -105.819171 15.790008
v 20.182097 -107.960582 16.131386
v 20.040686 -108.019161 16.072830
v 19.982119 -108.160561 15.931419
v 19.982119 -107.960582 15.731453
v 20.040686 -107.819181 15.872864
v 20.182097 -107.760601 15.931419
v 20.182097 -107.902011 15.989975
v 19.982119 -108.101992 15.790008
v 22.423546 -108.019161 16.072830
v 22.282135 -107.960582 16.131386
v 22.282135 -107.902011 15.989975
v 22.282135 -107.760601 15.931419
v 22.423546 -107.819181 15.872864
v 22.482116 -107.960582 15.731453
v 22.482116 -108.160561 15.931419
v 22.482116 -108.101992 15.790008
v 22.282135 -105.960582 16.131386
v 22.423546 -105.902011 16.072830
v 22.482116 -105.760603 15.931419
v 22.482116 -105.960582 15.731453
v 22.423546 -106.101991 15.872864
v 22.282135 -106.160561 15.931419
v 22.282135 -106.019151 15.989975
v 22.482116 -105.819171 15.790008
v 20.040686 -109.902012 16.072830
v 20.182097 -109.960581 16.131386
v 20.182097 -110.019151 15.989975
v 20.182097 -110.160562 15.931419
v 20.040686 -110.101991 15.872864
v 19.982119 -109.960581 15.731453
v 19.982119 -109.760601 15.931419
v 19.982119 -109.819171 15.790008
v 20.040686 -111.902011 15.731453
v 19.982119 -111.760601 15.731453
v 20.040686 -111.760601 15.872864
v 20.182097 -111.760601 15.931419
v 20.182097 -111.902011 15.872864
v 20.182097 -111.960579 15.731453
v 22.423546 -111.902011 15.731453
v 22.282135 -111.960579 15.731453
v 22.282135 -111.902011 15.872864
v 22.282135 -111.760601 15.931419
v 22.423546 -111.760601 15.872864
v 22.482116 -111.760601 15.731453
v 22.282135 -109.960581 16.131386
v 22.423546 -109.902012 16.072830
v 22.482116 -109.760601 15.931419
v 22.482116 -109.960581 15.731453
v 22.423546 -110.101991 15.872864
v 22.282135 -110.160562 15.931419
v 22.282135 -110.019151 15.989975
v 22.482116 -109.819171 15.790008
v 19.982119 -104.160561 20.306400
v 20.040686 -104.019152 20.306400
v 20.182097 -103.960581 20.306400
v 22.282135 -103.960581 20.306400
v 22.423546 -104.019152 20.306400
v 22.482116 -104.160561 20.306400
v 22.482116 -105.760603 20.306400
v 22.423546 -105.902011 20.306400
v 22.282135 -105.960582 20.306400
v 20.182097 -105.960582 20.306400
v 20.040686 -105.902011 20.306400
v 19.982119 -105.760603 20.306400
v 19.982119 -108.160561 20.306400
v 20.040686 -108.019151 20.306400
v 20.182097 -107.960582 20.306400
v 22.282135 -107.960582 20.306400
v 22.423546 -108.019151 20.306400
v 22.482116 -108.160561 20.306400
v 22.482116 -109.760601 20.306400
v 22.423546 -109.902012 20.306400
v 22.282135 -109.960581 20.306400
v 20.182097 -109.960581 20.306400
v 20.040686 -109.902012 20.306400
v 19.982119 -109.760601 20.306400
v 20.066676 -111.876021 13.515991
v 22.397556 -111.876021 13.515991
v 20.066676 -102.045141 13.515991
v 22.397556 -102.045141 13.515991
v 20.066676 -102.045141 15.846847
v 22.397556 -102.045141 15.846847
v 20.040686 -105.960582 15.931419
v 20.040686 -107.960582 15.931419
v 22.423546 -107.960582 15.931419
v 22.423546 -105.960582 15.931419
v 20.040686 -109.960581 15.931419
v 20.066676 -111.876021 15.846847
v 22.397556 -111.876021 15.846847
v 22.423546 -109.960581 15.931419
v 19.982119 -105.760581 13.631386
v 20.040686 -105.760581 13.489975
v 20.182097 -105.760581 13.431419
v 22.282135 -105.760581 13.431419
v 22.423546 -105.760581 13.489975
v 22.482116 -105.760581 13.631386
v 22.482116 -105.860581 13.631386
v 22.423546 -105.860581 13.489975
v 22.282135 -105.860581 13.431419
v 20.182097 -105.860581 13.431419
v 20.040686 -105.860581 13.489975
v 19.982119 -105.860581 13.631386
v 22.482116 -108.160581 13.631386
v 22.423546 -108.160581 13.489975
v 22.282135 -108.160581 13.431419
v 20.182097 -108.160581 13.431419
v 20.040686 -108.160581 13.489975
v 19.982119 -108.160581 13.631386
v 19.982119 -108.060581 13.631386
v 20.040686 -108.060581 13.489975
v 20.182097 -108.060581 13.431419
v 22.282135 -108.060581 13.431419
v 22.423546 -108.060581 13.489975
v 22.482116 -108.060581 13.631386
v 22.482116 -109.780581 13.631386
v 22.423546 -109.780581 13.489975
v 22.282135 -109.780581 13.431419
v 20.182097 -109.780581 13.431419
v 20.040686 -109.780581 13.489975
v 19.982119 -109.780581 13.631386
v 22.482116 -109.852581 13.631386
v 22.423546 -109.852581 13.489975
v 22.282135 -109.852581 13.431419
v 20.182097 -109.852581 13.431419
v 20.040686 -109.852581 13.489975
v 19.982119 -109.852581 13.631386
v 19.982119 -104.160561 23.594421
v 20.182097 -103.960581 23.594421
v 22.282135 -103.960581 23.594421
v 22.482116 -104.160561 23.594421
v 22.482116 -105.760603 23.594421
v 22.282135 -105.960582 23.594421
v 20.182097 -105.960582 23.594421
v 19.982119 -105.760603 23.594421
v 19.982119 -108.160561 23.594421
v 20.182097 -107.960582 23.594421
v 22.282135 -107.960582 23.594421
v 22.482116 -108.160561 23.594421
v 22.482116 -109.760601 23.594421
v 22.282135 -109.960581 23.594421
v 20.182097 -109.960581 23.594421
v 19.982119 -109.760601 23.594421
v 20.040686 -104.019152 23.594421
v 22.423546 -104.019152 23.594421
v 22.423546 -105.902011 23.594421
v 20.040686 -105.902011 23.594421
v 20.040686 -108.019151 23.594421
v 22.423546 -108.019151 23.594421
v 22.423546 -109.902012 23.594421
v 20.040686 -109.902012 23.594421
v 20.040686 -102.160561 31.315960
v 19.982119 -102.160561 31.457371
v 20.040686 -102.019150 31.457371
v 20.182097 -101.960582 31.457371
v 20.182097 -102.019150 31.315960
v 20.182097 -102.160561 31.257404
v 22.423546 -102.160561 31.315960
v 22.282135 -102.160561 31.257404
v 22.282135 -102.019150 31.315960
v 22.282135 -101.960582 31.457371
v 22.423546 -102.019150 31.457371
v 22.482116 -102.160561 31.457371
v 19.982119 -104.160561 31.457371
v 20.040686 -104.019152 31.315960
v 20.182097 -103.960581 31.257404
v 22.282135 -103.960581 31.257404
v 22.423546 -104.019152 31.315960
v 22.482116 -104.160561 31.457371
v 20.040686 -105.902011 31.115993
v 20.182097 -105.960582 31.057438
v 20.182097 -106.019151 31.198849
v 20.182097 -106.160561 31.257404
v 20.040686 -106.101991 31.315960
v 19.982119 -105.960582 31.457371
v 19.982119 -105.760603 31.257404
v 19.982119 -105.819171 31.398815
v 20.182097 -107.960582 31.057438
v 20.040686 -108.019161 31.115993
v 19.982119 -108.160561 31.257404
v 19.982119 -107.960582 31.457371
v 20.040686 -107.819181 31.315960
v 20.182097 -107.760601 31.257404
v 20.182097 -107.902011 31.198849
v 19.982119 -108.101992 31.398815
v 22.423546 -108.019161 31.115993
v 22.282135 -107.960582 31.057438
v 22.282135 -107.902011 31.198849
v 22.282135 -107.760601 31.257404
v 22.423546 -107.819181 31.315960
v 22.482116 -107.960582 31.457371
v 22.482116 -108.160561 31.257404
v 22.482116 -108.101992 31.398815
v 22.282135 -105.960582 31.057438
v 22.423546 -105.902011 31.115993
v 22.482116 -105.760603 31.257404
v 22.482116 -105.960582 31.457371
v 22.423546 -106.101991 31.315960
v 22.282135 -106.160561 31.257404
v 22.282135 -106.019151 31.198849
v 22.482116 -105.819171 31.398815
v 20.040686 -109.902012 31.115993
v 20.182097 -109.960581 31.057438
v 20.182097 -110.019151 31.198849
v 20.182097 -110.160562 31.257404
v 20.040686 -110.101991 31.315960
v 19.982119 -109.960581 31.457371
v 19.982119 -109.760601 31.257404
v 19.982119 -109.819171 31.398815
v 20.040686 -111.902011 31.457371
v 19.982119 -111.760601 31.457371
v 20.040686 -111.760601 31.315960
v 20.182097 -111.760601 31.257404
v 20.182097 -111.902011 31.315960
v 20.182097 -111.960579 31.457371
v 22.423546 -111.902011 31.457371
v 22.282135 -111.960579 31.457371
v 22.282135 -111.902011 31.315960
v 22.282135 -111.760601 31.257404
v 22.423546 -111.760601 31.315960
v 22.482116 -111.760601 31.457371
v 22.282135 -109.960581 31.057438
v 22.423546 -109.902012 31.115993
v 22.482116 -109.760601 31.257404
v 22.482116 -109.960581 31.457371
v 22.423546 -110.101991 31.315960
v 22.282135 -110.160562 31.257404
v 22.282135 -110.019151 31.198849
v 22.482116 -109.819171 31.398815
v 19.982119 -104.160561 26.882423
v 20.040686 -104.019152 26.882423
v 20.182097 -103.960581 26.882423
v 22.282135 -103.960581 26.882423
v 22.423546 -104.019152 26.882423
v 22.482116 -104.160561 26.882423
v 22.482116 -105.760603 26.882423
v 22.423546 -105.902011 26.882423
v 22.282135 -105.960582 26.882423
v 20.182097 -105.960582 26.882423
v 20.040686 -105.902011 26.882423
v 19.982119 -105.760603 26.882423
v 19.982119 -108.160561 26.882423
v 20.040686 -108.019151 26.882423
v 20.182097 -107.960582 26.882423
v 22.282135 -107.960582 26.882423
v 22.423546 -108.019151 26.882423
v 22.482116 -108.160561 26.882423
v 22.482116 -109.760601 26.882423
v 22.423546 -109.902012 26.882423
v 22.282135 -109.960581 26.882423
v 20.182097 -109.960581 26.882423
v 20.040686 -109.902012 26.882423
v 19.982119 -109.760601 26.882423
v 20.066676 -102.045141 31.341976
v 22.397556 -102.045141 31.341976
v 20.040686 -105.960582 31.257404
v 20.040686 -107.960582 31.257404
v 22.423546 -107.960582 31.257404
v 22.423546 -105.960582 31.257404
v 20.040686 -109.960581 31.257404
v 20.066676 -111.876021 31.341976
v 22.397556 -111.876021 31.341976
v 22.423546 -109.960581 31.257404
vt 0.650315 0.790617
vt 0.635672 0.791406
vt 0.634671 0.772220
vt 0.649316 0.771483
vt 0.977086 0.033140
vt 0.976353 0.036753
vt 0.924184 0.034662
vt 0.923817 0.030994
vt 0.976047 0.040364
vt 0.923987 0.038259
vt 0.154733 0.897027
vt 0.156123 0.896846
vt 0.158311 0.914863
vt 0.157077 0.915026
vt 0.157517 0.896675
vt 0.159545 0.914713
vt 0.040531 0.350814
vt 0.040225 0.347203
vt 0.092395 0.345126
vt 0.092592 0.348720
vt 0.039493 0.343590
vt 0.092761 0.341461
vt 0.033274 0.350071
vt 0.036910 0.350650
vt 0.038869 0.395401
vt 0.035043 0.395409
vt 0.042666 0.395472
vt 0.973180 0.233848
vt 0.977083 0.233962
vt 0.978064 0.278746
vt 0.974440 0.278520
vt 0.980934 0.234009
vt 0.981692 0.279391
vt 0.974700 0.282141
vt 0.922513 0.283380
vt 0.922341 0.279750
vt 0.975383 0.285766
vt 0.922109 0.287056
vt 0.069781 0.911480
vt 0.071092 0.911222
vt 0.074509 0.929049
vt 0.073222 0.929300
vt 0.072405 0.910967
vt 0.075796 0.928799
vt 0.041094 0.596196
vt 0.041778 0.592572
vt 0.093964 0.593829
vt 0.094368 0.597506
vt 0.042040 0.588950
vt 0.094139 0.590202
vt 0.918889 0.280247
vt 0.916689 0.233697
vt 0.920354 0.229802
vt 0.915374 0.281215
vt 0.914136 0.236444
vt 0.049346 0.915450
vt 0.050649 0.915194
vt 0.054118 0.933010
vt 0.052824 0.933264
vt 0.051953 0.914939
vt 0.055411 0.932757
vt 0.101103 0.591670
vt 0.097591 0.590700
vt 0.099813 0.544153
vt 0.102366 0.546902
vt 0.096151 0.540255
vt 0.652279 0.771331
vt 0.651854 0.769919
vt 0.690298 0.767949
vt 0.690357 0.769342
vt 0.911342 0.185677
vt 0.915106 0.189545
vt 0.805803 0.189241
vt 0.805672 0.185365
vt 0.650802 0.771379
vt 0.651803 0.790566
vt 0.653279 0.790462
vt 0.920138 0.184185
vt 0.916265 0.180612
vt 0.916377 0.137728
vt 0.920278 0.134191
vt 0.649600 0.770033
vt 0.634100 0.770814
vt 0.915289 0.128798
vt 0.911482 0.132633
vt 0.805803 0.132408
vt 0.805956 0.128527
vt 0.945088 0.753519
vt 0.944696 0.754982
vt 0.906648 0.757271
vt 0.906561 0.755877
vt 0.946101 0.754962
vt 0.947236 0.774018
vt 0.945838 0.774164
vt 0.633269 0.772359
vt 0.634264 0.791414
vt 0.946400 0.775572
vt 0.907865 0.777800
vt 0.907788 0.776408
vt 0.105064 0.443091
vt 0.101259 0.439253
vt 0.210587 0.439040
vt 0.210740 0.442924
vt 0.096268 0.444644
vt 0.100169 0.448183
vt 0.100253 0.491065
vt 0.096383 0.494637
vt 0.635251 0.792864
vt 0.650748 0.792029
vt 0.101415 0.500000
vt 0.105179 0.496132
vt 0.210849 0.495878
vt 0.210721 0.499751
vt 0.653003 0.791909
vt 0.691360 0.788484
vt 0.691446 0.789876
vt 0.910167 0.081155
vt 0.912124 0.084694
vt 0.806161 0.084754
vt 0.806126 0.080939
vt 0.915800 0.088535
vt 0.806164 0.088570
vt 0.192361 0.893376
vt 0.193785 0.893279
vt 0.194853 0.911398
vt 0.193638 0.911482
vt 0.195209 0.893199
vt 0.196068 0.911328
vt 0.921508 0.083087
vt 0.917938 0.079214
vt 0.920540 0.037808
vt 0.914546 0.076973
vt 0.917025 0.036854
vt 0.175650 0.894712
vt 0.177060 0.894569
vt 0.178726 0.912642
vt 0.177504 0.912768
vt 0.178473 0.894441
vt 0.179948 0.912531
vt 0.096038 0.348272
vt 0.098632 0.389675
vt 0.095060 0.393548
vt 0.099554 0.347318
vt 0.102025 0.387436
vt 0.100764 0.398996
vt 0.104438 0.395155
vt 0.210401 0.395267
vt 0.210398 0.399083
vt 0.106398 0.391616
vt 0.210439 0.391451
vt 0.141732 0.917101
vt 0.139242 0.899122
vt 0.140873 0.917231
vt 0.138253 0.899270
vt 0.121876 0.901881
vt 0.124943 0.919770
vt 0.107958 0.922739
vt 0.104804 0.904865
vt 0.103032 0.905199
vt 0.106327 0.923047
vt 0.091063 0.925902
vt 0.087709 0.908064
vt 0.037558 0.936248
vt 0.034075 0.918435
vt 0.043035 0.399665
vt 0.043773 0.440002
vt 0.043790 0.444859
vt 0.043907 0.494697
vt 0.043934 0.499533
vt 0.043322 0.544278
vt 0.973901 0.085025
vt 0.972756 0.134423
vt 0.972616 0.184264
vt 0.972372 0.895564
vt 0.974823 0.913548
vt 0.937350 0.918656
vt 0.934912 0.900670
vt 0.210715 0.539705
vt 0.805787 0.229198
vt 0.723528 0.228908
vt 0.723579 0.188971
vt 0.720288 0.767768
vt 0.721295 0.786915
vt 0.292944 0.499533
vt 0.292977 0.539470
vt 0.909172 0.922458
vt 0.906762 0.904467
vt 0.723700 0.128374
vt 0.723839 0.088425
vt 0.232009 0.909832
vt 0.231375 0.891693
vt 0.259905 0.890882
vt 0.260289 0.909028
vt 0.292720 0.398990
vt 0.292840 0.438939
vt 0.877848 0.778205
vt 0.876712 0.759067
vt 0.972587 0.189099
vt 0.919676 0.086788
vt 0.973677 0.087545
vt 0.979669 0.040206
vt 0.977701 0.084957
vt 0.983301 0.039626
vt 0.981527 0.084968
vt 0.038987 0.398028
vt 0.035144 0.398085
vt 0.042888 0.397990
vt 0.977581 0.087586
vt 0.981421 0.087644
vt 0.036095 0.444906
vt 0.039930 0.444884
vt 0.040042 0.494714
vt 0.036204 0.494725
vt 0.976618 0.134448
vt 0.976482 0.184280
vt 0.980453 0.134469
vt 0.980317 0.184291
vt 0.036215 0.499541
vt 0.040053 0.499544
vt 0.039419 0.544393
vt 0.035568 0.544440
vt 0.976468 0.189110
vt 0.980306 0.189110
vt 0.038416 0.589177
vt 0.034786 0.589822
vt 0.805710 0.233014
vt 0.805609 0.236830
vt 0.210795 0.543519
vt 0.210893 0.547334
vt 0.723560 0.232727
vt 0.723563 0.236543
vt 0.292947 0.543289
vt 0.292942 0.547107
vt 0.292983 0.495692
vt 0.721369 0.788310
vt 0.720214 0.766373
vt 0.723539 0.185130
vt 0.723653 0.132231
vt 0.876632 0.757672
vt 0.877929 0.779599
vt 0.292890 0.442793
vt 0.292668 0.395169
vt 0.292646 0.391348
vt 0.723891 0.084601
vt 0.723916 0.080783
vt 0.979141 0.037404
vt 0.981224 0.035411
vt 0.035357 0.345856
vt 0.037440 0.347851
vt 0.979546 0.283565
vt 0.977496 0.281535
vt 0.038984 0.591965
vt 0.036932 0.593993
vt 0.917842 0.285183
vt 0.919712 0.282997
vt 0.096766 0.593449
vt 0.098635 0.595636
vt 0.918668 0.187831
vt 0.914830 0.184174
vt 0.650726 0.769877
vt 0.946445 0.753544
vt 0.918835 0.130536
vt 0.914961 0.134158
vt 0.632759 0.770998
vt 0.097711 0.440989
vt 0.101584 0.444613
vt 0.947744 0.775385
vt 0.633898 0.792820
vt 0.651884 0.792067
vt 0.097851 0.498284
vt 0.101688 0.494626
vt 0.915994 0.082948
vt 0.913190 0.079957
vt 0.919512 0.032864
vt 0.921374 0.035048
vt 0.095205 0.345511
vt 0.097069 0.343327
vt 0.103378 0.390418
vt 0.100573 0.393409
vt 0.096889 0.397246
vt 0.972603 0.186683
vt 0.976474 0.186696
vt 0.980308 0.186705
vt 0.107142 0.922892
vt 0.103918 0.905029
vt 0.040050 0.497130
vt 0.036213 0.497135
vt 0.043918 0.497116
vt 0.043784 0.442432
vt 0.039916 0.442470
vt 0.036081 0.442511
vt 0.122778 0.901720
vt 0.125746 0.919627
vt 0.976629 0.132034
vt 0.980467 0.132075
vt 0.972764 0.131993
vt 0.972775 0.129563
vt 0.976657 0.129623
vt 0.980494 0.129686
vt 0.123683 0.901566
vt 0.126547 0.919489
vt 0.036054 0.440125
vt 0.039894 0.440062
vt 0.039080 0.399734
vt 0.035220 0.399807
vt 0.137574 0.899380
vt 0.140321 0.917321
vt 0.977485 0.089295
vt 0.981344 0.089369
vt 0.973527 0.089224
vt 0.792231 0.783166
vt 0.791177 0.764038
vt 0.805814 0.763227
vt 0.806883 0.782354
vt 0.526499 0.278314
vt 0.526800 0.228441
vt 0.530487 0.232194
vt 0.530039 0.278746
vt 0.533048 0.234853
vt 0.533603 0.279596
vt 0.825742 0.915070
vt 0.827993 0.933080
vt 0.826643 0.933249
vt 0.824465 0.915230
vt 0.825292 0.933413
vt 0.823187 0.915385
vt 0.482937 0.590268
vt 0.483465 0.545522
vt 0.486029 0.542865
vt 0.486502 0.589415
vt 0.489724 0.539110
vt 0.490041 0.588983
vt 0.788274 0.764194
vt 0.750214 0.766194
vt 0.750126 0.764803
vt 0.788547 0.762746
vt 0.535653 0.184682
vt 0.641381 0.184920
vt 0.641332 0.188749
vt 0.531829 0.188421
vt 0.790763 0.783273
vt 0.789722 0.764090
vt 0.789296 0.783323
vt 0.526726 0.183192
vt 0.526753 0.133256
vt 0.530774 0.136785
vt 0.530697 0.179650
vt 0.790730 0.762630
vt 0.806101 0.761777
vt 0.531856 0.128021
vt 0.641406 0.128196
vt 0.641474 0.132042
vt 0.535738 0.131752
vt 0.808294 0.761654
vt 0.846718 0.759456
vt 0.846786 0.760847
vt 0.808727 0.763063
vt 0.809830 0.782187
vt 0.808358 0.782298
vt 0.807269 0.763119
vt 0.847907 0.779983
vt 0.848001 0.781376
vt 0.809561 0.783636
vt 0.480805 0.442427
vt 0.375066 0.442651
vt 0.375132 0.438810
vt 0.484681 0.438693
vt 0.489784 0.443927
vt 0.489804 0.493864
vt 0.485826 0.490321
vt 0.485769 0.447456
vt 0.807331 0.783763
vt 0.791941 0.784615
vt 0.484700 0.499090
vt 0.375195 0.499355
vt 0.375143 0.495528
vt 0.480871 0.495353
vt 0.789725 0.784734
vt 0.751286 0.786727
vt 0.751226 0.785334
vt 0.537774 0.080906
vt 0.641725 0.080627
vt 0.641635 0.084443
vt 0.535738 0.084372
vt 0.641501 0.088259
vt 0.531875 0.087991
vt 0.327597 0.890582
vt 0.326879 0.908718
vt 0.325698 0.908679
vt 0.326136 0.890534
vt 0.324517 0.908660
vt 0.324674 0.890511
vt 0.526630 0.082685
vt 0.526466 0.037841
vt 0.529998 0.037488
vt 0.530290 0.078902
vt 0.533570 0.036693
vt 0.533759 0.076809
vt 0.344458 0.891457
vt 0.342918 0.909541
vt 0.341736 0.909445
vt 0.343004 0.891340
vt 0.340553 0.909368
vt 0.341549 0.891245
vt 0.490052 0.348518
vt 0.489905 0.393359
vt 0.486247 0.389579
vt 0.486518 0.348165
vt 0.482779 0.387485
vt 0.482946 0.347370
vt 0.484665 0.398665
vt 0.375053 0.398873
vt 0.374919 0.395057
vt 0.480811 0.395046
vt 0.374831 0.391238
vt 0.478774 0.391583
vt 0.841143 0.913111
vt 0.843461 0.931112
vt 0.356386 0.892567
vt 0.354584 0.910627
vt 0.492424 0.082693
vt 0.492564 0.037849
vt 0.492331 0.183190
vt 0.492307 0.133259
vt 0.492572 0.278320
vt 0.492258 0.228444
vt 0.878611 0.908215
vt 0.880983 0.926210
vt 0.375239 0.539284
vt 0.641272 0.228676
vt 0.288571 0.908629
vt 0.288452 0.890478
vt 0.487228 0.188421
vt 0.528185 0.086299
vt 0.490875 0.086307
vt 0.641427 0.232489
vt 0.641526 0.236302
vt 0.374984 0.546919
vt 0.375086 0.543100
vt 0.531274 0.283628
vt 0.529325 0.281502
vt 0.526529 0.281966
vt 0.527065 0.285629
vt 0.490011 0.592632
vt 0.487215 0.592170
vt 0.485266 0.594297
vt 0.489475 0.596298
vt 0.528185 0.186789
vt 0.532127 0.183190
vt 0.789636 0.762592
vt 0.807189 0.761620
vt 0.532209 0.133242
vt 0.528205 0.129664
vt 0.488333 0.440333
vt 0.484334 0.443914
vt 0.808447 0.783798
vt 0.790840 0.784772
vt 0.484397 0.493864
vt 0.488347 0.497458
vt 0.532018 0.082603
vt 0.534912 0.079722
vt 0.531277 0.032612
vt 0.529309 0.034717
vt 0.526513 0.034217
vt 0.527059 0.030568
vt 0.487207 0.345394
vt 0.490003 0.344894
vt 0.485239 0.343292
vt 0.489456 0.341244
vt 0.481628 0.390396
vt 0.484525 0.393277
vt 0.488352 0.396973
vt 0.490872 0.186789
vt 0.490856 0.129664
vt 0.487204 0.128024
vt 0.487182 0.087999
vt 0.222731 0.724766
vt 0.222601 0.743923
vt 0.207928 0.743816
vt 0.208072 0.724660
vt 0.041961 0.033104
vt 0.095229 0.030945
vt 0.094863 0.034613
vt 0.042696 0.036718
vt 0.095062 0.038210
vt 0.043005 0.040329
vt 0.541899 0.925010
vt 0.539463 0.942997
vt 0.538079 0.942796
vt 0.540667 0.924830
vt 0.536699 0.942582
vt 0.539436 0.924639
vt 0.973497 0.350809
vt 0.921440 0.348706
vt 0.921637 0.345109
vt 0.973803 0.347195
vt 0.921268 0.341444
vt 0.974539 0.343584
vt 0.980754 0.350065
vt 0.978975 0.395407
vt 0.975148 0.395396
vt 0.977119 0.350645
vt 0.971352 0.395467
vt 0.045886 0.233807
vt 0.044645 0.278479
vt 0.041020 0.278708
vt 0.041982 0.233924
vt 0.037393 0.279356
vt 0.038134 0.233971
vt 0.096743 0.279689
vt 0.096574 0.283319
vt 0.044385 0.282100
vt 0.096978 0.286996
vt 0.043707 0.285728
vt 0.625892 0.930702
vt 0.626133 0.948850
vt 0.624696 0.948861
vt 0.624682 0.930710
vt 0.623259 0.948853
vt 0.623473 0.930704
vt 0.972926 0.596194
vt 0.919655 0.597509
vt 0.920057 0.593829
vt 0.972243 0.592567
vt 0.919879 0.590205
vt 0.971980 0.588947
vt 0.098703 0.229742
vt 0.102369 0.233635
vt 0.100198 0.280184
vt 0.104922 0.236382
vt 0.103711 0.281152
vt 0.646349 0.930252
vt 0.647260 0.948379
vt 0.645828 0.948445
vt 0.645138 0.930308
vt 0.644393 0.948492
vt 0.643927 0.930349
vt 0.912917 0.591673
vt 0.911643 0.546902
vt 0.914196 0.544153
vt 0.916427 0.590702
vt 0.917862 0.540255
vt 0.225538 0.743941
vt 0.263662 0.744134
vt 0.263668 0.745530
vt 0.225178 0.745370
vt 0.107715 0.185628
vt 0.213383 0.185327
vt 0.213257 0.189198
vt 0.103949 0.189493
vt 0.224188 0.724749
vt 0.224071 0.743960
vt 0.225640 0.724786
vt 0.098919 0.184138
vt 0.098780 0.134141
vt 0.102683 0.137681
vt 0.102787 0.180565
vt 0.222960 0.745356
vt 0.207548 0.745245
vt 0.103774 0.128748
vt 0.213101 0.128489
vt 0.213257 0.132373
vt 0.107579 0.132586
vt 0.205320 0.745226
vt 0.166819 0.744843
vt 0.166844 0.743449
vt 0.204981 0.743792
vt 0.205149 0.724636
vt 0.206610 0.724621
vt 0.206454 0.743831
vt 0.167025 0.724282
vt 0.167024 0.722889
vt 0.205512 0.723208
vt 0.908945 0.443091
vt 0.803267 0.442924
vt 0.803423 0.439040
vt 0.912750 0.439250
vt 0.917739 0.444644
vt 0.917624 0.494637
vt 0.913753 0.491067
vt 0.913841 0.448183
vt 0.207713 0.723226
vt 0.223110 0.723337
vt 0.912594 0.500000
vt 0.803289 0.499759
vt 0.803160 0.495883
vt 0.908831 0.496135
vt 0.225296 0.723352
vt 0.263774 0.723574
vt 0.263752 0.724968
vt 0.108896 0.081103
vt 0.212937 0.080895
vt 0.212899 0.084713
vt 0.106936 0.084645
vt 0.212899 0.088529
vt 0.103262 0.088486
vt 0.505504 0.918998
vt 0.502325 0.936868
vt 0.500989 0.936616
vt 0.504240 0.918759
vt 0.499655 0.936360
vt 0.502976 0.918516
vt 0.097555 0.083035
vt 0.098509 0.037756
vt 0.101125 0.079162
vt 0.102024 0.036803
vt 0.104517 0.076921
vt 0.521572 0.921827
vt 0.518704 0.939750
vt 0.517345 0.939519
vt 0.520325 0.921615
vt 0.515990 0.939279
vt 0.519077 0.921393
vt 0.918955 0.393534
vt 0.915385 0.389661
vt 0.917993 0.348256
vt 0.911993 0.387420
vt 0.914478 0.347302
vt 0.913251 0.398985
vt 0.803614 0.399080
vt 0.803611 0.395262
vt 0.909571 0.395141
vt 0.803573 0.391446
vt 0.907614 0.391602
vt 0.557238 0.927028
vt 0.554970 0.945036
vt 0.558072 0.927135
vt 0.555984 0.945166
vt 0.573945 0.928731
vt 0.591086 0.929875
vt 0.589989 0.947992
vt 0.572638 0.946834
vt 0.592593 0.929954
vt 0.608031 0.930425
vt 0.607592 0.948569
vt 0.591932 0.948092
vt 0.661775 0.929380
vt 0.662902 0.947495
vt 0.970977 0.399663
vt 0.970236 0.439999
vt 0.970220 0.444856
vt 0.970100 0.494697
vt 0.970072 0.499530
vt 0.970690 0.544276
vt 0.045162 0.084989
vt 0.046438 0.184223
vt 0.046301 0.134382
vt 0.699403 0.926813
vt 0.700727 0.944915
vt 0.803291 0.539716
vt 0.213268 0.229149
vt 0.295478 0.188949
vt 0.295524 0.228887
vt 0.293718 0.725091
vt 0.293637 0.744264
vt 0.721030 0.539476
vt 0.721065 0.499538
vt 0.727649 0.924599
vt 0.729146 0.942688
vt 0.295226 0.088398
vt 0.295360 0.128347
vt 0.464181 0.929676
vt 0.436274 0.924436
vt 0.439575 0.906590
vt 0.467530 0.911836
vt 0.721166 0.438936
vt 0.721289 0.398985
vt 0.136855 0.743152
vt 0.137045 0.723980
vt 0.046468 0.189058
vt 0.099387 0.086739
vt 0.045386 0.087510
vt 0.041365 0.084921
vt 0.039386 0.040170
vt 0.037538 0.084932
vt 0.035750 0.039591
vt 0.978874 0.398085
vt 0.975031 0.398025
vt 0.971127 0.397984
vt 0.041482 0.087551
vt 0.037642 0.087608
vt 0.977914 0.444903
vt 0.977802 0.494725
vt 0.973967 0.494711
vt 0.974079 0.444881
vt 0.042573 0.184242
vt 0.042442 0.134409
vt 0.038738 0.184253
vt 0.038610 0.134431
vt 0.977794 0.499541
vt 0.978445 0.544437
vt 0.974593 0.544391
vt 0.973954 0.499541
vt 0.042589 0.189072
vt 0.038749 0.189072
vt 0.979235 0.589817
vt 0.975608 0.589172
vt 0.213345 0.232962
vt 0.213446 0.236781
vt 0.803117 0.547348
vt 0.803215 0.543532
vt 0.295497 0.232705
vt 0.295491 0.236524
vt 0.721065 0.547110
vt 0.721060 0.543291
vt 0.721024 0.495695
vt 0.293724 0.723694
vt 0.293630 0.745661
vt 0.295516 0.185106
vt 0.295407 0.132206
vt 0.136842 0.744548
vt 0.137057 0.722583
vt 0.721120 0.442793
vt 0.721341 0.395164
vt 0.721363 0.391342
vt 0.295150 0.080753
vt 0.295174 0.084574
vt 0.039911 0.037371
vt 0.037825 0.035376
vt 0.978674 0.345853
vt 0.976592 0.347846
vt 0.039539 0.283527
vt 0.041592 0.281496
vt 0.975036 0.591960
vt 0.977089 0.593991
vt 0.101245 0.285121
vt 0.099376 0.282937
vt 0.917255 0.593452
vt 0.915385 0.595639
vt 0.100387 0.187782
vt 0.104222 0.184124
vt 0.224067 0.745460
vt 0.206437 0.745332
vt 0.104099 0.134111
vt 0.100223 0.130487
vt 0.916296 0.440989
vt 0.912425 0.444613
vt 0.206618 0.723120
vt 0.224202 0.723248
vt 0.912318 0.494629
vt 0.916156 0.498286
vt 0.103068 0.082896
vt 0.105873 0.079905
vt 0.099537 0.032812
vt 0.097675 0.034996
vt 0.918827 0.345495
vt 0.916965 0.343311
vt 0.910637 0.390402
vt 0.913442 0.393395
vt 0.917126 0.397235
vt 0.046452 0.186642
vt 0.042581 0.186658
vt 0.038746 0.186666
vt 0.591839 0.929919
vt 0.590961 0.948049
vt 0.977794 0.497133
vt 0.973959 0.497127
vt 0.970089 0.497113
vt 0.970225 0.442432
vt 0.974093 0.442470
vt 0.977928 0.442509
vt 0.573187 0.928668
vt 0.571677 0.946755
vt 0.042431 0.131993
vt 0.038593 0.132037
vt 0.046296 0.131955
vt 0.046285 0.129525
vt 0.042406 0.129585
vt 0.038569 0.129648
vt 0.572429 0.928594
vt 0.570717 0.946664
vt 0.977955 0.440122
vt 0.974115 0.440062
vt 0.974935 0.399731
vt 0.978795 0.399805
vt 0.558596 0.927200
vt 0.556691 0.945251
vt 0.041578 0.089256
vt 0.037718 0.089330
vt 0.045533 0.089185
vt 0.364787 0.725374
vt 0.379452 0.725406
vt 0.379374 0.744618
vt 0.364711 0.744534
vt 0.489032 0.278752
vt 0.488568 0.232202
vt 0.485468 0.279605
vt 0.486006 0.234859
vt 0.808908 0.917016
vt 0.810181 0.916878
vt 0.812123 0.934925
vt 0.810763 0.935071
vt 0.811455 0.916734
vt 0.813481 0.934771
vt 0.531072 0.590268
vt 0.527508 0.589415
vt 0.527981 0.542865
vt 0.530545 0.545522
vt 0.523968 0.588983
vt 0.524285 0.539110
vt 0.361742 0.744520
vt 0.362089 0.745953
vt 0.323593 0.745770
vt 0.323612 0.744375
vt 0.483402 0.184682
vt 0.377726 0.188738
vt 0.377676 0.184906
vt 0.363222 0.744554
vt 0.363298 0.725341
vt 0.361820 0.725364
vt 0.488357 0.179650
vt 0.488286 0.136785
vt 0.364347 0.745965
vt 0.379866 0.746055
vt 0.483322 0.131755
vt 0.377584 0.132029
vt 0.377652 0.128188
vt 0.068258 0.743915
vt 0.068750 0.742482
vt 0.106864 0.742838
vt 0.106856 0.744233
vt 0.067347 0.742405
vt 0.067536 0.723316
vt 0.068941 0.723267
vt 0.380782 0.744558
vt 0.380858 0.725478
vt 0.068477 0.721824
vt 0.107074 0.722272
vt 0.107056 0.723669
vt 0.533204 0.442427
vt 0.529331 0.438693
vt 0.638878 0.438813
vt 0.638943 0.442654
vt 0.524225 0.443927
vt 0.528238 0.447456
vt 0.528183 0.490321
vt 0.524206 0.493861
vt 0.379954 0.723973
vt 0.364434 0.723940
vt 0.529307 0.499090
vt 0.533139 0.495351
vt 0.638867 0.495531
vt 0.638815 0.499360
vt 0.362177 0.723934
vt 0.323690 0.725208
vt 0.323683 0.723813
vt 0.481286 0.080919
vt 0.483322 0.084383
vt 0.377428 0.084443
vt 0.377338 0.080627
vt 0.377562 0.088256
vt 0.373089 0.894788
vt 0.374510 0.895007
vt 0.371731 0.912943
vt 0.370537 0.912758
vt 0.375926 0.895245
vt 0.372922 0.913145
vt 0.488765 0.078913
vt 0.489029 0.037499
vt 0.485293 0.076822
vt 0.485457 0.036704
vt 0.357828 0.892726
vt 0.355770 0.910759
vt 0.359266 0.892908
vt 0.356956 0.910911
vt 0.523955 0.348518
vt 0.527486 0.348165
vt 0.527762 0.389576
vt 0.524105 0.393359
vt 0.531059 0.347370
vt 0.531231 0.387485
vt 0.529345 0.398662
vt 0.533202 0.395046
vt 0.639093 0.395065
vt 0.638957 0.398875
vt 0.535235 0.391580
vt 0.639178 0.391247
vt 0.795235 0.936634
vt 0.793474 0.918569
vt 0.757531 0.940210
vt 0.755888 0.922133
vt 0.638768 0.539290
vt 0.377783 0.228668
vt 0.408378 0.919331
vt 0.411565 0.901463
vt 0.377630 0.232484
vt 0.377529 0.236297
vt 0.638924 0.543103
vt 0.639025 0.546919
vt 0.487797 0.283634
vt 0.489746 0.281507
vt 0.492542 0.281969
vt 0.492006 0.285632
vt 0.523998 0.592632
vt 0.526795 0.592170
vt 0.528744 0.594297
vt 0.524534 0.596298
vt 0.486928 0.183190
vt 0.363213 0.746058
vt 0.066906 0.743795
vt 0.486851 0.133242
vt 0.381216 0.745945
vt 0.525677 0.440333
vt 0.529676 0.443914
vt 0.067123 0.721917
vt 0.381303 0.724094
vt 0.363302 0.723839
vt 0.525663 0.497458
vt 0.529613 0.493861
vt 0.487040 0.082612
vt 0.484142 0.079733
vt 0.487748 0.032623
vt 0.491965 0.030576
vt 0.492515 0.034228
vt 0.489718 0.034728
vt 0.524001 0.344894
vt 0.526800 0.345394
vt 0.524548 0.341242
vt 0.528765 0.343289
vt 0.532382 0.390396
vt 0.529487 0.393275
vt 0.525657 0.396973
f 1440/1845 1430/1846 1424/1847 1414/1848
f 1346/1849 1345/1850 1451/1851 1456/1852
f 1345/1850 1350/1853 1452/1854 1451/1851
f 1348/1855 1347/1856 1358/1857 1357/1858
f 1347/1856 1346/1859 1359/1860 1358/1857
f 1355/1861 1354/1862 1457/1863 1462/1864
f 1354/1862 1359/1865 1458/1866 1457/1863
f 1357/1867 1356/1868 1361/1869 1360/1870
f 1356/1868 1355/1861 1362/1871 1361/1869
f 1377/1872 1376/1873 1383/1874 1382/1875
f 1376/1873 1375/1876 1384/1877 1383/1874
f 1382/1875 1381/1878 1395/1879 1394/1880
f 1381/1878 1386/1881 1396/1882 1395/1879
f 1386/1883 1385/1884 1389/1885 1388/1886
f 1385/1884 1384/1887 1390/1888 1389/1885
f 1388/1889 1387/1890 1403/1891 1402/1892
f 1387/1890 1392/1893 1404/1894 1403/1891
f 1394/1880 1393/1895 1406/1896 1405/1897
f 1393/1895 1398/1898 1407/1899 1406/1896
f 1398/1900 1397/1901 1401/1902 1400/1903
f 1397/1901 1396/1904 1402/1905 1401/1902
f 1400/1906 1399/1907 1409/1908 1408/1909
f 1399/1907 1404/1894 1410/1910 1409/1908
f 1412/1911 1411/1912 1481/1913 1480/1914
f 1411/1915 1417/1916 1482/1917 1481/1918
f 1414/1848 1413/1919 1441/1920 1440/1845
f 1413/1919 1412/1911 1435/1921 1441/1920
f 1416/1922 1415/1923 1423/1924 1422/1925
f 1415/1926 1414/1848 1424/1847 1423/1927
f 1421/1928 1420/1929 1484/1930 1483/1931
f 1420/1932 1419/1933 1485/1934 1484/1935
f 1419/1933 1425/1936 1429/1937 1428/1938
f 1425/1939 1424/1847 1430/1846 1429/1940
f 1428/1938 1427/1941 1487/1942 1486/1943
f 1427/1944 1433/1945 1488/1946 1487/1947
f 1432/1948 1431/1949 1439/1950 1438/1951
f 1431/1952 1430/1846 1440/1845 1439/1953
f 1437/1954 1436/1955 1478/1956 1477/1957
f 1436/1958 1435/1921 1479/1959 1478/1960
f 1444/1961 1443/1962 1493/1963 1492/1964
f 1443/1962 1449/1965 1494/1966 1493/1963
f 1446/1967 1445/1968 1469/1969 1468/1970
f 1445/1968 1444/1971 1463/1972 1469/1969
f 1448/1973 1447/1974 1453/1975 1452/1854
f 1447/1974 1446/1976 1454/1977 1453/1975
f 1456/1978 1455/1979 1459/1980 1458/1981
f 1455/1979 1454/1982 1460/1983 1459/1980
f 1462/1864 1461/1984 1467/1985 1466/1986
f 1461/1984 1460/1987 1468/1988 1467/1985
f 1465/1989 1464/1990 1490/1991 1489/1992
f 1464/1990 1463/1993 1491/1994 1490/1991
f 1348/1855 1357/1858 1360/1995 1351/1996
f 1351/1996 1360/1995 1541/1997 1542/1998
f 1363/1999 1366/2000 1372/2001 1369/2002
f 1511/2003 1512/2004 1378/2005 1375/2006
f 1375/2006 1378/2005 1390/1888 1384/1887
f 1386/1883 1388/1886 1402/1905 1396/1904
f 1398/1900 1400/1903 1408/2007 1407/2008
f 1456/1978 1458/1981 1359/1860 1346/1859
f 1355/1861 1462/1864 1466/1986 1362/1871
f 1533/2009 1465/1989 1433/1945 1521/2010
f 1368/2011 1432/1948 1438/1951 1374/2012
f 1514/2013 1437/1954 1410/1910 1380/2014
f 1380/2014 1410/1910 1404/1894 1392/1893
f 1452/1854 1350/1853 1353/2015 1448/1973
f 1416/1922 1422/1925 1365/2016 1371/2017
f 1405/1897 1377/1872 1382/1875 1394/1880
f 1407/2018 1408/2019 1474/2020 1473/2021
f 1410/1910 1437/1954 1477/1957 1476/2022
f 1482/1917 1417/1916 1405/1897 1471/2023
f 1488/1946 1433/1945 1465/1989 1489/1992
f 1494/1966 1449/1965 1421/1928 1483/1931
f 1482/1917 1471/2023 1545/2024 1552/2025
f 1479/1959 1480/1914 1551/2026 1550/2027
f 1476/2022 1477/1957 1549/2028 1548/2029
f 1473/2021 1474/2020 1547/2030 1546/2031
f 1494/1966 1483/1931 1553/2032 1560/2033
f 1491/2034 1492/2035 1559/2036 1558/2037
f 1488/1946 1489/1992 1557/2038 1556/2039
f 1485/1934 1486/1943 1555/2040 1554/2041
f 1417/1916 1509/2042 1377/1872 1405/1897
f 1450/2043 1448/1973 1353/2015 1544/2044
f 1479/1959 1435/1921 1412/1911 1480/1914
f 1485/1934 1419/1933 1428/1938 1486/1943
f 1491/2034 1463/1972 1444/1971 1492/2035
f 1454/1982 1446/1967 1468/1970 1460/1983
f 1350/1853 1349/2045 1352/2046 1353/2015
f 1349/2045 1348/2047 1351/2048 1352/2046
f 1360/1870 1361/1869 1540/2049 1541/2050
f 1361/1869 1362/1871 1539/2051 1540/2049
f 1353/2015 1352/2046 1543/2052 1544/2044
f 1352/2046 1351/2048 1542/2053 1543/2052
f 1366/2054 1367/2055 1373/2056 1372/2057
f 1367/2055 1368/2011 1374/2012 1373/2056
f 1365/2016 1364/2058 1370/2059 1371/2017
f 1364/2058 1363/2060 1369/2061 1370/2059
f 1512/2062 1513/2063 1379/2064 1378/2065
f 1513/2063 1514/2013 1380/2014 1379/2064
f 1509/2042 1510/2066 1376/1873 1377/1872
f 1510/2066 1511/2067 1375/1876 1376/1873
f 1378/2065 1379/2064 1391/2068 1390/2069
f 1379/2064 1380/2014 1392/1893 1391/2068
f 1405/1897 1406/1896 1472/2070 1471/2023
f 1406/1896 1407/1899 1473/2071 1472/2070
f 1408/1909 1409/1908 1475/2072 1474/2073
f 1409/1908 1410/1910 1476/2022 1475/2072
f 1471/2023 1472/2070 1561/2074 1545/2024
f 1472/2070 1473/2071 1546/2075 1561/2074
f 1474/2073 1475/2072 1562/2076 1547/2077
f 1475/2072 1476/2022 1548/2029 1562/2076
f 1477/1957 1478/1956 1563/2078 1549/2028
f 1478/1960 1479/1959 1550/2027 1563/2079
f 1480/1914 1481/1913 1564/2080 1551/2026
f 1481/1918 1482/1917 1552/2025 1564/2081
f 1483/1931 1484/1930 1565/2082 1553/2032
f 1484/1935 1485/1934 1554/2041 1565/2083
f 1486/1943 1487/1942 1566/2084 1555/2040
f 1487/1947 1488/1946 1556/2039 1566/2085
f 1489/1992 1490/1991 1567/2086 1557/2038
f 1490/1991 1491/1994 1558/2087 1567/2086
f 1492/1964 1493/1963 1568/2088 1559/2089
f 1493/1963 1494/1966 1560/2033 1568/2088
f 1349/2045 1350/1853 1345/1850 1495/2090
f 1345/1850 1346/1849 1347/2091 1495/2090
f 1347/2091 1348/2047 1349/2045 1495/2090
f 1358/2092 1359/1865 1354/1862 1496/2093
f 1354/1862 1355/1861 1356/1868 1496/2093
f 1356/1868 1357/1867 1358/2092 1496/2093
f 1385/2094 1386/1881 1381/1878 1497/2095
f 1381/1878 1382/1875 1383/1874 1497/2095
f 1383/1874 1384/1877 1385/2094 1497/2095
f 1391/2068 1392/1893 1387/1890 1498/2096
f 1387/1890 1388/1889 1389/2097 1498/2096
f 1389/2097 1390/2069 1391/2068 1498/2096
f 1397/2098 1398/1898 1393/1895 1499/2099
f 1393/1895 1394/1880 1395/1879 1499/2099
f 1395/1879 1396/1882 1397/2098 1499/2099
f 1403/1891 1404/1894 1399/1907 1500/2100
f 1399/1907 1400/1906 1401/2101 1500/2100
f 1401/2101 1402/1892 1403/1891 1500/2100
f 1418/2102 1417/1916 1411/1915 1501/2103
f 1411/1912 1412/1911 1413/1919 1501/2104
f 1413/1919 1414/1848 1415/1926 1501/2104
f 1415/1923 1416/1922 1418/2102 1501/2103
f 1425/1936 1419/1933 1420/1932 1502/2105
f 1420/1929 1421/1928 1426/2106 1502/2107
f 1426/2106 1422/1925 1423/1924 1502/2107
f 1423/1927 1424/1847 1425/1939 1502/2108
f 1434/2109 1433/1945 1427/1944 1503/2110
f 1427/1941 1428/1938 1429/1937 1503/2111
f 1429/1940 1430/1846 1431/1952 1503/2112
f 1431/1949 1432/1948 1434/2109 1503/2110
f 1441/1920 1435/1921 1436/1958 1504/2113
f 1436/1955 1437/1954 1442/2114 1504/2115
f 1442/2114 1438/1951 1439/1950 1504/2115
f 1439/1953 1440/1845 1441/1920 1504/2113
f 1450/2043 1449/1965 1443/1962 1505/2116
f 1443/1962 1444/1961 1445/2117 1505/2116
f 1445/2117 1446/1976 1447/1974 1505/2116
f 1447/1974 1448/1973 1450/2043 1505/2116
f 1455/2118 1456/1852 1451/1851 1506/2119
f 1451/1851 1452/1854 1453/1975 1506/2119
f 1453/1975 1454/1977 1455/2118 1506/2119
f 1461/1984 1462/1864 1457/1863 1507/2120
f 1457/1863 1458/1866 1459/2121 1507/2120
f 1459/2121 1460/1987 1461/1984 1507/2120
f 1469/2122 1463/1993 1464/1990 1508/2123
f 1464/1990 1465/1989 1470/2124 1508/2123
f 1470/2124 1466/1986 1467/1985 1508/2123
f 1467/1985 1468/1988 1469/2122 1508/2123
f 1417/1916 1418/2102 1520/2125 1509/2042
f 1371/2017 1370/2059 1519/2126 1520/2125
f 1370/2059 1369/2061 1518/2127 1519/2126
f 1369/2002 1372/2001 1517/2128 1518/2129
f 1372/2057 1373/2056 1516/2130 1517/2131
f 1373/2056 1374/2012 1515/2132 1516/2130
f 1374/2012 1438/1951 1442/2114 1515/2132
f 1516/2130 1515/2132 1514/2013 1513/2063
f 1517/2131 1516/2130 1513/2063 1512/2062
f 1518/2129 1517/2128 1512/2004 1511/2003
f 1519/2126 1518/2127 1511/2067 1510/2066
f 1520/2125 1519/2126 1510/2066 1509/2042
f 1520/2125 1418/2102 1416/1922 1371/2017
f 1515/2132 1442/2114 1437/1954 1514/2013
f 1521/2010 1433/1945 1434/2109 1532/2133
f 1531/2134 1532/2133 1368/2011 1367/2055
f 1530/2135 1531/2134 1367/2055 1366/2054
f 1529/2136 1530/2137 1366/2000 1363/1999
f 1528/2138 1529/2139 1363/2060 1364/2058
f 1527/2140 1528/2138 1364/2058 1365/2016
f 1426/2106 1527/2140 1365/2016 1422/1925
f 1526/2141 1525/2142 1528/2138 1527/2140
f 1525/2142 1524/2143 1529/2139 1528/2138
f 1524/2144 1523/2145 1530/2137 1529/2136
f 1523/2146 1522/2147 1531/2134 1530/2135
f 1522/2147 1521/2010 1532/2133 1531/2134
f 1421/1928 1526/2141 1527/2140 1426/2106
f 1532/2133 1434/2109 1432/1948 1368/2011
f 1534/2148 1533/2009 1521/2010 1522/2147
f 1535/2149 1534/2148 1522/2147 1523/2146
f 1536/2150 1535/2151 1523/2145 1524/2144
f 1537/2152 1536/2153 1524/2143 1525/2142
f 1538/2154 1537/2152 1525/2142 1526/2141
f 1539/2051 1470/2124 1465/1989 1533/2009
f 1540/2049 1539/2051 1533/2009 1534/2148
f 1541/2050 1540/2049 1534/2148 1535/2149
f 1542/1998 1541/1997 1535/2151 1536/2150
f 1543/2052 1542/2053 1536/2153 1537/2152
f 1544/2044 1543/2052 1537/2152 1538/2154
f 1362/1871 1466/1986 1470/2124 1539/2051
f 1449/1965 1538/2154 1526/2141 1421/1928
f 1450/2043 1544/2044 1538/2154 1449/1965
f 1616/2155 1590/2156 1600/2157 1606/2158
f 1570/2159 1581/2160 1582/2161 1569/2162
f 1569/2162 1582/2161 1583/2163 1574/2164
f 1574/2165 1576/2166 1577/2167 1573/2168
f 1573/2168 1577/2167 1578/2169 1572/2170
f 1576/2171 1584/2172 1585/2173 1575/2174
f 1575/2174 1585/2173 1586/2175 1580/2176
f 1588/2177 1656/2178 1657/2179 1587/2180
f 1587/2181 1657/2182 1658/2183 1593/2184
f 1590/2156 1616/2155 1617/2185 1589/2186
f 1589/2186 1617/2185 1611/2187 1588/2177
f 1592/2188 1598/2189 1599/2190 1591/2191
f 1591/2192 1599/2193 1600/2157 1590/2156
f 1597/2194 1659/2195 1660/2196 1596/2197
f 1596/2198 1660/2199 1661/2200 1595/2201
f 1595/2201 1604/2202 1605/2203 1601/2204
f 1601/2204 1605/2203 1606/2158 1600/2157
f 1604/2202 1662/2205 1663/2206 1603/2207
f 1603/2208 1663/2209 1664/2210 1609/2211
f 1608/2212 1614/2213 1615/2214 1607/2215
f 1607/2216 1615/2217 1616/2155 1606/2158
f 1613/2218 1653/2219 1654/2220 1612/2221
f 1612/2222 1654/2223 1655/2224 1611/2187
f 1620/2225 1668/2226 1669/2227 1619/2228
f 1619/2228 1669/2227 1670/2229 1625/2230
f 1622/2231 1644/2232 1645/2233 1621/2234
f 1621/2234 1645/2233 1639/2235 1620/2236
f 1624/2237 1628/2238 1629/2239 1623/2240
f 1623/2240 1629/2239 1630/2241 1622/2242
f 1632/2243 1634/2244 1635/2245 1631/2246
f 1631/2246 1635/2245 1636/2247 1630/2248
f 1638/2249 1642/2250 1643/2251 1637/2252
f 1637/2252 1643/2251 1644/2253 1636/2254
f 1641/2255 1665/2256 1666/2257 1640/2258
f 1640/2258 1666/2257 1667/2259 1639/2260
f 1574/2165 1583/2261 1584/2262 1576/2166
f 1634/2244 1632/2243 1968/2263 1970/2264
f 1628/2238 1624/2237 1960/2265 1964/2266
f 1598/2189 1592/2188 1928/2267 1934/2268
f 1581/2160 1570/2159 1906/2269 1917/2270
f 1583/2261 1649/2271 1650/2272 1584/2262
f 1586/2175 1652/2273 1653/2219 1613/2218
f 1658/2183 1647/2274 1581/2160 1593/2184
f 1664/2210 1665/2256 1641/2255 1609/2211
f 1670/2229 1659/2195 1597/2194 1625/2230
f 1658/2183 1552/2025 1545/2024 1647/2274
f 1655/2224 1550/2027 1551/2026 1656/2178
f 1652/2273 1548/2029 1549/2028 1653/2219
f 1649/2271 1546/2031 1547/2030 1650/2272
f 1670/2229 1560/2033 1553/2032 1659/2195
f 1667/2275 1558/2037 1559/2036 1668/2276
f 1664/2210 1556/2039 1557/2038 1665/2256
f 1661/2200 1554/2041 1555/2040 1662/2205
f 1593/2184 1581/2160 1917/2270 1929/2277
f 1624/2237 1626/2278 1962/2279 1960/2265
f 1655/2224 1656/2178 1588/2177 1611/2187
f 1661/2200 1662/2205 1604/2202 1595/2201
f 1667/2275 1668/2276 1620/2236 1639/2235
f 1630/2248 1636/2247 1644/2232 1622/2231
f 1581/2160 1647/2274 1648/2280 1582/2161
f 1582/2161 1648/2280 1649/2281 1583/2163
f 1584/2172 1650/2282 1651/2283 1585/2173
f 1585/2173 1651/2283 1652/2273 1586/2175
f 1647/2274 1545/2024 1561/2074 1648/2280
f 1648/2280 1561/2074 1546/2075 1649/2281
f 1650/2282 1547/2077 1562/2076 1651/2283
f 1651/2283 1562/2076 1548/2029 1652/2273
f 1653/2219 1549/2028 1563/2078 1654/2220
f 1654/2223 1563/2079 1550/2027 1655/2224
f 1656/2178 1551/2026 1564/2080 1657/2179
f 1657/2182 1564/2081 1552/2025 1658/2183
f 1659/2195 1553/2032 1565/2082 1660/2196
f 1660/2199 1565/2083 1554/2041 1661/2200
f 1662/2205 1555/2040 1566/2084 1663/2206
f 1663/2209 1566/2085 1556/2039 1664/2210
f 1665/2256 1557/2038 1567/2086 1666/2257
f 1666/2257 1567/2086 1558/2087 1667/2259
f 1668/2226 1559/2089 1568/2088 1669/2227
f 1669/2227 1568/2088 1560/2033 1670/2229
f 1573/2284 1671/2285 1569/2162 1574/2164
f 1569/2162 1671/2285 1571/2286 1570/2159
f 1571/2286 1671/2285 1573/2284 1572/2287
f 1579/2288 1672/2289 1575/2174 1580/2176
f 1575/2174 1672/2289 1577/2290 1576/2171
f 1577/2290 1672/2289 1579/2288 1578/2291
f 1594/2292 1673/2293 1587/2181 1593/2184
f 1587/2180 1673/2294 1589/2186 1588/2177
f 1589/2186 1673/2294 1591/2192 1590/2156
f 1591/2191 1673/2293 1594/2292 1592/2188
f 1601/2204 1674/2295 1596/2198 1595/2201
f 1596/2197 1674/2296 1602/2297 1597/2194
f 1602/2297 1674/2296 1599/2190 1598/2189
f 1599/2193 1674/2295 1601/2204 1600/2157
f 1610/2298 1675/2299 1603/2208 1609/2211
f 1603/2207 1675/2300 1605/2203 1604/2202
f 1605/2203 1675/2300 1607/2216 1606/2158
f 1607/2215 1675/2299 1610/2298 1608/2212
f 1617/2185 1676/2301 1612/2222 1611/2187
f 1612/2221 1676/2302 1618/2303 1613/2218
f 1618/2303 1676/2302 1615/2214 1614/2213
f 1615/2217 1676/2301 1617/2185 1616/2155
f 1626/2278 1677/2304 1619/2228 1625/2230
f 1619/2228 1677/2304 1621/2305 1620/2225
f 1621/2305 1677/2304 1623/2240 1622/2242
f 1623/2240 1677/2304 1626/2278 1624/2237
f 1631/2306 1678/2307 1627/2308 1632/2309
f 1627/2308 1678/2307 1629/2239 1628/2238
f 1629/2239 1678/2307 1631/2306 1630/2241
f 1637/2252 1679/2310 1633/2311 1638/2249
f 1633/2311 1679/2310 1635/2312 1634/2313
f 1635/2312 1679/2310 1637/2252 1636/2254
f 1645/2314 1680/2315 1640/2258 1639/2260
f 1640/2258 1680/2315 1646/2316 1641/2255
f 1646/2316 1680/2315 1643/2251 1642/2250
f 1643/2251 1680/2315 1645/2314 1644/2253
f 1594/2292 1593/2184 1929/2277 1930/2317
f 1602/2297 1598/2189 1934/2268 1938/2318
f 1597/2194 1602/2297 1938/2318 1933/2319
f 1625/2230 1597/2194 1933/2319 1961/2320
f 1626/2278 1625/2230 1961/2320 1962/2279
f 1776/2321 1750/2322 1760/2323 1766/2324
f 1682/2325 1792/2326 1787/2327 1681/2328
f 1681/2328 1787/2327 1788/2329 1686/2330
f 1684/2331 1693/2332 1694/2333 1683/2334
f 1683/2334 1694/2333 1695/2335 1682/2336
f 1691/2337 1798/2338 1793/2339 1690/2340
f 1690/2340 1793/2339 1794/2341 1695/2342
f 1693/2343 1696/2344 1697/2345 1692/2346
f 1692/2346 1697/2345 1698/2347 1691/2337
f 1713/2348 1718/2349 1719/2350 1712/2351
f 1712/2351 1719/2350 1720/2352 1711/2353
f 1718/2349 1730/2354 1731/2355 1717/2356
f 1717/2356 1731/2355 1732/2357 1722/2358
f 1722/2359 1724/2360 1725/2361 1721/2362
f 1721/2362 1725/2361 1726/2363 1720/2364
f 1724/2365 1738/2366 1739/2367 1723/2368
f 1723/2368 1739/2367 1740/2369 1728/2370
f 1730/2354 1741/2371 1742/2372 1729/2373
f 1729/2373 1742/2372 1743/2374 1734/2375
f 1734/2376 1736/2377 1737/2378 1733/2379
f 1733/2379 1737/2378 1738/2380 1732/2381
f 1736/2382 1744/2383 1745/2384 1735/2385
f 1735/2385 1745/2384 1746/2386 1740/2369
f 1748/2387 1816/2388 1817/2389 1747/2390
f 1747/2391 1817/2392 1818/2393 1753/2394
f 1750/2322 1776/2321 1777/2395 1749/2396
f 1749/2396 1777/2395 1771/2397 1748/2387
f 1752/2398 1758/2399 1759/2400 1751/2401
f 1751/2402 1759/2403 1760/2323 1750/2322
f 1757/2404 1819/2405 1820/2406 1756/2407
f 1756/2408 1820/2409 1821/2410 1755/2411
f 1755/2411 1764/2412 1765/2413 1761/2414
f 1761/2414 1765/2413 1766/2324 1760/2323
f 1764/2412 1822/2415 1823/2416 1763/2417
f 1763/2418 1823/2419 1824/2420 1769/2421
f 1768/2422 1774/2423 1775/2424 1767/2425
f 1767/2426 1775/2427 1776/2321 1766/2324
f 1773/2428 1813/2429 1814/2430 1772/2431
f 1772/2432 1814/2433 1815/2434 1771/2397
f 1780/2435 1828/2436 1829/2437 1779/2438
f 1779/2438 1829/2437 1830/2439 1785/2440
f 1782/2441 1804/2442 1805/2443 1781/2444
f 1781/2444 1805/2443 1799/2445 1780/2446
f 1784/2447 1788/2329 1789/2448 1783/2449
f 1783/2449 1789/2448 1790/2450 1782/2451
f 1792/2452 1794/2453 1795/2454 1791/2455
f 1791/2455 1795/2454 1796/2456 1790/2457
f 1798/2338 1802/2458 1803/2459 1797/2460
f 1797/2460 1803/2459 1804/2461 1796/2462
f 1801/2463 1825/2464 1826/2465 1800/2466
f 1800/2466 1826/2465 1827/2467 1799/2468
f 1684/2331 1687/2469 1696/2470 1693/2332
f 1687/2469 1878/2471 1877/2472 1696/2470
f 1699/2473 1705/2474 1708/2475 1702/2476
f 1847/2477 1711/2478 1714/2479 1848/2480
f 1711/2478 1720/2364 1726/2363 1714/2479
f 1722/2359 1732/2381 1738/2380 1724/2360
f 1734/2376 1743/2481 1744/2482 1736/2377
f 1792/2452 1682/2336 1695/2335 1794/2453
f 1691/2337 1698/2347 1802/2458 1798/2338
f 1869/2483 1857/2484 1769/2421 1801/2463
f 1704/2485 1710/2486 1774/2423 1768/2422
f 1850/2487 1716/2488 1746/2386 1773/2428
f 1716/2488 1728/2370 1740/2369 1746/2386
f 1788/2329 1784/2447 1689/2489 1686/2330
f 1752/2398 1707/2490 1701/2491 1758/2399
f 1741/2371 1730/2354 1718/2349 1713/2348
f 1743/2481 1809/2492 1810/2493 1744/2482
f 1746/2386 1812/2494 1813/2429 1773/2428
f 1818/2393 1807/2495 1741/2371 1753/2394
f 1824/2420 1825/2464 1801/2463 1769/2421
f 1830/2439 1819/2405 1757/2404 1785/2440
f 1818/2393 1888/2496 1881/2497 1807/2495
f 1815/2434 1886/2498 1887/2499 1816/2388
f 1812/2494 1884/2500 1885/2501 1813/2429
f 1809/2492 1882/2502 1883/2503 1810/2493
f 1830/2439 1896/2504 1889/2505 1819/2405
f 1827/2506 1894/2507 1895/2508 1828/2509
f 1824/2420 1892/2510 1893/2511 1825/2464
f 1821/2410 1890/2512 1891/2513 1822/2415
f 1753/2394 1741/2371 1713/2348 1845/2514
f 1786/2515 1880/2516 1689/2489 1784/2447
f 1815/2434 1816/2388 1748/2387 1771/2397
f 1821/2410 1822/2415 1764/2412 1755/2411
f 1827/2506 1828/2509 1780/2446 1799/2445
f 1790/2457 1796/2456 1804/2442 1782/2441
f 1686/2330 1689/2489 1688/2517 1685/2518
f 1685/2518 1688/2517 1687/2519 1684/2520
f 1696/2344 1877/2521 1876/2522 1697/2345
f 1697/2345 1876/2522 1875/2523 1698/2347
f 1689/2489 1880/2516 1879/2524 1688/2517
f 1688/2517 1879/2524 1878/2525 1687/2519
f 1702/2526 1708/2527 1709/2528 1703/2529
f 1703/2529 1709/2528 1710/2486 1704/2485
f 1701/2491 1707/2490 1706/2530 1700/2531
f 1700/2531 1706/2530 1705/2532 1699/2533
f 1848/2534 1714/2535 1715/2536 1849/2537
f 1849/2537 1715/2536 1716/2488 1850/2487
f 1845/2514 1713/2348 1712/2351 1846/2538
f 1846/2538 1712/2351 1711/2353 1847/2539
f 1714/2535 1726/2540 1727/2541 1715/2536
f 1715/2536 1727/2541 1728/2370 1716/2488
f 1741/2371 1807/2495 1808/2542 1742/2372
f 1742/2372 1808/2542 1809/2543 1743/2374
f 1744/2383 1810/2544 1811/2545 1745/2384
f 1745/2384 1811/2545 1812/2494 1746/2386
f 1807/2495 1881/2497 1897/2546 1808/2542
f 1808/2542 1897/2546 1882/2547 1809/2543
f 1810/2544 1883/2548 1898/2549 1811/2545
f 1811/2545 1898/2549 1884/2500 1812/2494
f 1813/2429 1885/2501 1899/2550 1814/2430
f 1814/2433 1899/2551 1886/2498 1815/2434
f 1816/2388 1887/2499 1900/2552 1817/2389
f 1817/2392 1900/2553 1888/2496 1818/2393
f 1819/2405 1889/2505 1901/2554 1820/2406
f 1820/2409 1901/2555 1890/2512 1821/2410
f 1822/2415 1891/2513 1902/2556 1823/2416
f 1823/2419 1902/2557 1892/2510 1824/2420
f 1825/2464 1893/2511 1903/2558 1826/2465
f 1826/2465 1903/2558 1894/2559 1827/2467
f 1828/2436 1895/2560 1904/2561 1829/2437
f 1829/2437 1904/2561 1896/2504 1830/2439
f 1685/2518 1831/2562 1681/2328 1686/2330
f 1681/2328 1831/2562 1683/2563 1682/2325
f 1683/2563 1831/2562 1685/2518 1684/2520
f 1694/2564 1832/2565 1690/2340 1695/2342
f 1690/2340 1832/2565 1692/2346 1691/2337
f 1692/2346 1832/2565 1694/2564 1693/2343
f 1721/2566 1833/2567 1717/2356 1722/2358
f 1717/2356 1833/2567 1719/2350 1718/2349
f 1719/2350 1833/2567 1721/2566 1720/2352
f 1727/2541 1834/2568 1723/2368 1728/2370
f 1723/2368 1834/2568 1725/2569 1724/2365
f 1725/2569 1834/2568 1727/2541 1726/2540
f 1733/2570 1835/2571 1729/2373 1734/2375
f 1729/2373 1835/2571 1731/2355 1730/2354
f 1731/2355 1835/2571 1733/2570 1732/2357
f 1739/2367 1836/2572 1735/2385 1740/2369
f 1735/2385 1836/2572 1737/2573 1736/2382
f 1737/2573 1836/2572 1739/2367 1738/2366
f 1754/2574 1837/2575 1747/2391 1753/2394
f 1747/2390 1837/2576 1749/2396 1748/2387
f 1749/2396 1837/2576 1751/2402 1750/2322
f 1751/2401 1837/2575 1754/2574 1752/2398
f 1761/2414 1838/2577 1756/2408 1755/2411
f 1756/2407 1838/2578 1762/2579 1757/2404
f 1762/2579 1838/2578 1759/2400 1758/2399
f 1759/2403 1838/2577 1761/2414 1760/2323
f 1770/2580 1839/2581 1763/2418 1769/2421
f 1763/2417 1839/2582 1765/2413 1764/2412
f 1765/2413 1839/2582 1767/2426 1766/2324
f 1767/2425 1839/2581 1770/2580 1768/2422
f 1777/2395 1840/2583 1772/2432 1771/2397
f 1772/2431 1840/2584 1778/2585 1773/2428
f 1778/2585 1840/2584 1775/2424 1774/2423
f 1775/2427 1840/2583 1777/2395 1776/2321
f 1786/2515 1841/2586 1779/2438 1785/2440
f 1779/2438 1841/2586 1781/2587 1780/2435
f 1781/2587 1841/2586 1783/2449 1782/2451
f 1783/2449 1841/2586 1786/2515 1784/2447
f 1791/2588 1842/2589 1787/2327 1792/2326
f 1787/2327 1842/2589 1789/2448 1788/2329
f 1789/2448 1842/2589 1791/2588 1790/2450
f 1797/2460 1843/2590 1793/2339 1798/2338
f 1793/2339 1843/2590 1795/2591 1794/2341
f 1795/2591 1843/2590 1797/2460 1796/2462
f 1805/2592 1844/2593 1800/2466 1799/2468
f 1800/2466 1844/2593 1806/2594 1801/2463
f 1806/2594 1844/2593 1803/2459 1802/2458
f 1803/2459 1844/2593 1805/2592 1804/2461
f 1753/2394 1845/2514 1856/2595 1754/2574
f 1707/2490 1856/2595 1855/2596 1706/2530
f 1706/2530 1855/2596 1854/2597 1705/2532
f 1705/2474 1854/2598 1853/2599 1708/2475
f 1708/2527 1853/2600 1852/2601 1709/2528
f 1709/2528 1852/2601 1851/2602 1710/2486
f 1710/2486 1851/2602 1778/2585 1774/2423
f 1852/2601 1849/2537 1850/2487 1851/2602
f 1853/2600 1848/2534 1849/2537 1852/2601
f 1854/2598 1847/2477 1848/2480 1853/2599
f 1855/2596 1846/2538 1847/2539 1854/2597
f 1856/2595 1845/2514 1846/2538 1855/2596
f 1856/2595 1707/2490 1752/2398 1754/2574
f 1851/2602 1850/2487 1773/2428 1778/2585
f 1857/2484 1868/2603 1770/2580 1769/2421
f 1867/2604 1703/2529 1704/2485 1868/2603
f 1866/2605 1702/2526 1703/2529 1867/2604
f 1865/2606 1699/2473 1702/2476 1866/2607
f 1864/2608 1700/2531 1699/2533 1865/2609
f 1863/2610 1701/2491 1700/2531 1864/2608
f 1762/2579 1758/2399 1701/2491 1863/2610
f 1862/2611 1863/2610 1864/2608 1861/2612
f 1861/2612 1864/2608 1865/2609 1860/2613
f 1860/2614 1865/2606 1866/2607 1859/2615
f 1859/2616 1866/2605 1867/2604 1858/2617
f 1858/2617 1867/2604 1868/2603 1857/2484
f 1757/2404 1762/2579 1863/2610 1862/2611
f 1868/2603 1704/2485 1768/2422 1770/2580
f 1870/2618 1858/2617 1857/2484 1869/2483
f 1871/2619 1859/2616 1858/2617 1870/2618
f 1872/2620 1860/2614 1859/2615 1871/2621
f 1873/2622 1861/2612 1860/2613 1872/2623
f 1874/2624 1862/2611 1861/2612 1873/2622
f 1875/2523 1869/2483 1801/2463 1806/2594
f 1876/2522 1870/2618 1869/2483 1875/2523
f 1877/2521 1871/2619 1870/2618 1876/2522
f 1878/2471 1872/2620 1871/2621 1877/2472
f 1879/2524 1873/2622 1872/2623 1878/2525
f 1880/2516 1874/2624 1873/2622 1879/2524
f 1698/2347 1875/2523 1806/2594 1802/2458
f 1785/2440 1757/2404 1862/2611 1874/2624
f 1786/2515 1785/2440 1874/2624 1880/2516
f 1952/2625 1942/2626 1936/2627 1926/2628
f 1906/2269 1905/2629 1918/2630 1917/2270
f 1905/2629 1910/2631 1919/2632 1918/2630
f 1910/2633 1909/2634 1913/2635 1912/2636
f 1909/2634 1908/2637 1914/2638 1913/2635
f 1912/2639 1911/2640 1921/2641 1920/2642
f 1911/2640 1916/2643 1922/2644 1921/2641
f 1924/2645 1923/2646 1993/2647 1992/2648
f 1923/2649 1929/2277 1994/2650 1993/2651
f 1926/2628 1925/2652 1953/2653 1952/2625
f 1925/2652 1924/2645 1947/2654 1953/2653
f 1928/2267 1927/2655 1935/2656 1934/2268
f 1927/2657 1926/2628 1936/2627 1935/2658
f 1933/2319 1932/2659 1996/2660 1995/2661
f 1932/2662 1931/2663 1997/2664 1996/2665
f 1931/2663 1937/2666 1941/2667 1940/2668
f 1937/2669 1936/2627 1942/2626 1941/2670
f 1940/2668 1939/2671 1999/2672 1998/2673
f 1939/2674 1945/2675 2000/2676 1999/2677
f 1944/2678 1943/2679 1951/2680 1950/2681
f 1943/2682 1942/2626 1952/2625 1951/2683
f 1949/2684 1948/2685 1990/2686 1989/2687
f 1948/2688 1947/2654 1991/2689 1990/2690
f 1956/2691 1955/2692 2005/2693 2004/2694
f 1955/2692 1961/2320 2006/2695 2005/2693
f 1958/2696 1957/2697 1981/2698 1980/2699
f 1957/2697 1956/2700 1975/2701 1981/2698
f 1960/2265 1959/2702 1965/2703 1964/2266
f 1959/2702 1958/2704 1966/2705 1965/2703
f 1968/2263 1967/2706 1971/2707 1970/2264
f 1967/2706 1966/2708 1972/2709 1971/2707
f 1974/2710 1973/2711 1979/2712 1978/2713
f 1973/2711 1972/2714 1980/2715 1979/2712
f 1977/2716 1976/2717 2002/2718 2001/2719
f 1976/2717 1975/2720 2003/2721 2002/2718
f 1910/2633 1912/2636 1920/2722 1919/2723
f 1919/2723 1920/2722 1986/2724 1985/2725
f 1922/2644 1949/2684 1989/2687 1988/2726
f 1994/2650 1929/2277 1917/2270 1983/2727
f 2000/2676 1945/2675 1977/2716 2001/2719
f 2006/2695 1961/2320 1933/2319 1995/2661
f 1994/2650 1983/2727 1881/2497 1888/2496
f 1991/2689 1992/2648 1887/2499 1886/2498
f 1988/2726 1989/2687 1885/2501 1884/2500
f 1985/2725 1986/2724 1883/2503 1882/2502
f 2006/2695 1995/2661 1889/2505 1896/2504
f 2003/2728 2004/2729 1895/2508 1894/2507
f 2000/2676 2001/2719 1893/2511 1892/2510
f 1997/2664 1998/2673 1891/2513 1890/2512
f 1991/2689 1947/2654 1924/2645 1992/2648
f 1997/2664 1931/2663 1940/2668 1998/2673
f 2003/2728 1975/2701 1956/2700 2004/2729
f 1966/2708 1958/2696 1980/2699 1972/2709
f 1917/2270 1918/2630 1984/2730 1983/2727
f 1918/2630 1919/2632 1985/2731 1984/2730
f 1920/2642 1921/2641 1987/2732 1986/2733
f 1921/2641 1922/2644 1988/2726 1987/2732
f 1983/2727 1984/2730 1897/2546 1881/2497
f 1984/2730 1985/2731 1882/2547 1897/2546
f 1986/2733 1987/2732 1898/2549 1883/2548
f 1987/2732 1988/2726 1884/2500 1898/2549
f 1989/2687 1990/2686 1899/2550 1885/2501
f 1990/2690 1991/2689 1886/2498 1899/2551
f 1992/2648 1993/2647 1900/2552 1887/2499
f 1993/2651 1994/2650 1888/2496 1900/2553
f 1995/2661 1996/2660 1901/2554 1889/2505
f 1996/2665 1997/2664 1890/2512 1901/2555
f 1998/2673 1999/2672 1902/2556 1891/2513
f 1999/2677 2000/2676 1892/2510 1902/2557
f 2001/2719 2002/2718 1903/2558 1893/2511
f 2002/2718 2003/2721 1894/2559 1903/2558
f 2004/2694 2005/2693 1904/2561 1895/2560
f 2005/2693 2006/2695 1896/2504 1904/2561
f 1909/2734 1910/2631 1905/2629 2007/2735
f 1905/2629 1906/2269 1907/2736 2007/2735
f 1907/2736 1908/2737 1909/2734 2007/2735
f 1915/2738 1916/2643 1911/2640 2008/2739
f 1911/2640 1912/2639 1913/2740 2008/2739
f 1913/2740 1914/2741 1915/2738 2008/2739
f 1930/2317 1929/2277 1923/2649 2009/2742
f 1923/2646 1924/2645 1925/2652 2009/2743
f 1925/2652 1926/2628 1927/2657 2009/2743
f 1927/2655 1928/2267 1930/2317 2009/2742
f 1937/2666 1931/2663 1932/2662 2010/2744
f 1932/2659 1933/2319 1938/2318 2010/2745
f 1938/2318 1934/2268 1935/2656 2010/2745
f 1935/2658 1936/2627 1937/2669 2010/2746
f 1946/2747 1945/2675 1939/2674 2011/2748
f 1939/2671 1940/2668 1941/2667 2011/2749
f 1941/2670 1942/2626 1943/2682 2011/2750
f 1943/2679 1944/2678 1946/2747 2011/2748
f 1953/2653 1947/2654 1948/2688 2012/2751
f 1948/2685 1949/2684 1954/2752 2012/2753
f 1954/2752 1950/2681 1951/2680 2012/2753
f 1951/2683 1952/2625 1953/2653 2012/2751
f 1962/2279 1961/2320 1955/2692 2013/2754
f 1955/2692 1956/2691 1957/2755 2013/2754
f 1957/2755 1958/2704 1959/2702 2013/2754
f 1959/2702 1960/2265 1962/2279 2013/2754
f 1967/2756 1968/2757 1963/2758 2014/2759
f 1963/2758 1964/2266 1965/2703 2014/2759
f 1965/2703 1966/2705 1967/2756 2014/2759
f 1973/2711 1974/2710 1969/2760 2015/2761
f 1969/2760 1970/2762 1971/2763 2015/2761
f 1971/2763 1972/2714 1973/2711 2015/2761
f 1981/2764 1975/2720 1976/2717 2016/2765
f 1976/2717 1977/2716 1982/2766 2016/2765
f 1982/2766 1978/2713 1979/2712 2016/2765
f 1979/2712 1980/2715 1981/2764 2016/2765
f 1627/2308 1963/2758 1968/2757 1632/2309
f 1628/2238 1964/2266 1963/2758 1627/2308
f 1633/2311 1969/2760 1974/2710 1638/2249
f 1634/2313 1970/2762 1969/2760 1633/2311
f 1571/2286 1907/2736 1906/2269 1570/2159
f 1572/2287 1908/2737 1907/2736 1571/2286
f 1579/2288 1915/2738 1914/2741 1578/2291
f 1580/2176 1916/2643 1915/2738 1579/2288
f 1578/2169 1914/2638 1908/2637 1572/2170
f 1638/2249 1974/2710 1978/2713 1642/2250
f 1641/2255 1977/2716 1945/2675 1609/2211
f 1608/2212 1944/2678 1950/2681 1614/2213
f 1613/2218 1949/2684 1922/2644 1586/2175
f 1586/2175 1922/2644 1916/2643 1580/2176
f 1614/2213 1950/2681 1954/2752 1618/2303
f 1594/2292 1930/2317 1928/2267 1592/2188
f 1618/2303 1954/2752 1949/2684 1613/2218
f 1609/2211 1945/2675 1946/2747 1610/2298
f 1610/2298 1946/2747 1944/2678 1608/2212
f 1646/2316 1982/2766 1977/2716 1641/2255
f 1642/2250 1978/2713 1982/2766 1646/2316
v 20.040686 -111.987252 13.230242
v 20.182097 -112.045818 13.229937
v 20.182097 -111.987822 13.369857
v 20.182097 -111.846671 13.428453
v 20.040686 -111.846419 13.370620
v 19.982119 -111.845849 13.230948
v 20.182097 -110.046717 13.438153
v 20.040686 -110.046463 13.380034
v 19.982119 -110.045890 13.239636
v 22.423546 -111.987252 13.230242
v 22.482116 -111.845849 13.230948
v 22.423546 -111.846419 13.370620
v 22.282135 -111.846671 13.428453
v 22.282135 -111.987822 13.369857
v 22.282135 -112.045818 13.229937
v 22.282135 -110.046717 13.438153
v 22.423546 -110.046463 13.380034
v 22.482116 -110.045890 13.239636
v 20.182097 -108.046762 13.447908
v 20.040686 -108.046507 13.389445
v 19.982119 -108.045930 13.248284
v 22.282135 -108.046762 13.447908
v 22.423546 -108.046507 13.389445
v 22.482116 -108.045930 13.248284
v 20.182097 -106.046776 13.456593
v 20.040686 -106.046519 13.397805
v 19.982119 -106.045939 13.255841
v 22.282135 -106.046776 13.456593
v 22.423546 -106.046519 13.397805
v 22.482116 -106.045939 13.255841
v 20.182097 -104.046758 13.464206
v 20.040686 -104.046500 13.405093
v 19.982119 -104.045918 13.262346
v 22.282135 -104.046758 13.464206
v 22.423546 -104.046500 13.405093
v 22.482116 -104.045918 13.262346
v 20.040686 -102.104440 13.267630
v 19.982119 -102.245856 13.267268
v 20.040686 -102.246439 13.410740
v 20.182097 -102.246698 13.470139
v 20.182097 -102.105025 13.411140
v 20.182097 -102.045870 13.267762
v 22.423546 -102.104440 13.267630
v 22.282135 -102.045870 13.267762
v 22.282135 -102.105025 13.411140
v 22.282135 -102.246698 13.470139
v 22.423546 -102.246439 13.410740
v 22.482116 -102.245856 13.267268
v 20.040686 -102.244177 10.993671
v 19.982119 -102.243861 11.137081
v 20.040686 -102.102447 11.136603
v 20.182097 -102.043877 11.136411
v 20.182097 -102.102762 10.993135
v 20.182097 -102.244324 10.934291
v 22.423546 -102.244177 10.993671
v 22.282135 -102.244324 10.934291
v 22.282135 -102.102762 10.993135
v 22.282135 -102.043877 11.136411
v 22.423546 -102.102447 11.136603
v 22.482116 -102.243861 11.137081
v 19.982119 -104.243904 11.143275
v 20.040686 -104.102806 11.000188
v 20.182097 -104.044380 10.940903
v 22.282135 -104.044380 10.940903
v 22.423546 -104.102806 11.000188
v 22.482116 -104.243904 11.143275
v 20.040686 -105.986221 10.805120
v 20.182097 -106.044970 10.746545
v 20.182097 -106.103125 10.888653
v 20.182097 -106.244381 10.947804
v 20.040686 -106.185665 11.006381
v 19.982119 -106.043944 11.147919
v 19.982119 -105.844422 10.946636
v 19.982119 -105.902655 11.088805
v 20.182097 -108.044964 10.752928
v 20.040686 -108.103365 10.811524
v 19.982119 -108.244375 10.952964
v 19.982119 -108.043944 11.152068
v 20.040686 -107.902853 11.010624
v 20.182097 -107.844418 10.952007
v 20.182097 -107.985981 10.893907
v 19.982119 -108.185475 11.093910
v 22.423546 -108.103365 10.811524
v 22.282135 -108.044964 10.752928
v 22.282135 -107.985981 10.893907
v 22.282135 -107.844418 10.952007
v 22.423546 -107.902853 11.010624
v 22.482116 -108.043944 11.152068
v 22.482116 -108.244375 10.952964
v 22.482116 -108.185475 11.093910
v 22.282135 -106.044970 10.746545
v 22.423546 -105.986221 10.805120
v 22.482116 -105.844422 10.946636
v 22.482116 -106.043944 11.147919
v 22.423546 -106.185665 11.006381
v 22.282135 -106.244381 10.947804
v 22.282135 -106.103125 10.888653
v 22.482116 -105.902655 11.088805
v 20.040686 -109.986190 10.816204
v 20.182097 -110.044933 10.758240
v 20.182097 -110.103093 10.898687
v 20.182097 -110.244348 10.957035
v 20.040686 -110.185634 11.015020
v 19.982119 -110.043919 11.155127
v 19.982119 -109.844394 10.956307
v 19.982119 -109.902632 11.096834
v 20.040686 -111.985302 11.157096
v 19.982119 -111.843897 11.156981
v 20.040686 -111.844204 11.017351
v 20.182097 -111.844347 10.959537
v 20.182097 -111.985609 11.017523
v 20.182097 -112.043869 11.157134
v 22.423546 -111.985302 11.157096
v 22.282135 -112.043869 11.157134
v 22.282135 -111.985609 11.017523
v 22.282135 -111.844347 10.959537
v 22.423546 -111.844204 11.017351
v 22.482116 -111.843897 11.156981
v 22.282135 -110.044933 10.758240
v 22.423546 -109.986190 10.816204
v 22.482116 -109.844394 10.956307
v 22.482116 -110.043919 11.155127
v 22.423546 -110.185634 11.015020
v 22.282135 -110.244348 10.957035
v 22.282135 -110.103093 10.898687
v 22.482116 -109.902632 11.096834
v 19.982119 -104.282682 6.530446
v 20.040686 -104.141287 6.528250
v 20.182097 -104.082722 6.527333
v 22.282135 -104.082722 6.527333
v 22.423546 -104.141287 6.528250
v 22.482116 -104.282682 6.530446
v 22.482116 -105.882557 6.555035
v 22.423546 -106.023949 6.557173
v 22.282135 -106.082514 6.558052
v 20.182097 -106.082514 6.558052
v 20.040686 -106.023949 6.557173
v 19.982119 -105.882557 6.555035
v 19.982119 -108.282252 6.590624
v 20.040686 -108.140857 6.588581
v 20.182097 -108.082295 6.587721
v 22.282135 -108.082295 6.587721
v 22.423546 -108.140857 6.588581
v 22.482116 -108.282252 6.590624
v 22.482116 -109.882109 6.613493
v 22.423546 -110.023503 6.615498
v 22.282135 -110.082065 6.616320
v 20.182097 -110.082065 6.616320
v 20.040686 -110.023503 6.615498
v 19.982119 -109.882109 6.613493
v 20.066676 -111.961725 13.344297
v 22.397556 -111.961725 13.344297
v 20.066676 -102.130904 13.384655
v 22.397556 -102.130904 13.384655
v 20.066676 -102.128692 11.019641
v 22.397556 -102.128692 11.019641
v 20.040686 -106.044401 10.947230
v 20.040686 -108.044398 10.952486
v 22.423546 -108.044398 10.952486
v 22.423546 -106.044401 10.947230
v 20.040686 -110.044370 10.956690
v 20.066676 -111.959559 11.043199
v 22.397556 -111.959559 11.043199
v 22.423546 -110.044370 10.956690
v 19.982119 -105.845937 13.256545
v 20.040686 -105.846518 13.398585
v 20.182097 -105.846775 13.457392
v 22.282135 -105.846775 13.457392
v 22.423546 -105.846518 13.398585
v 22.482116 -105.845937 13.256545
v 22.482116 -105.945937 13.256202
v 22.423546 -105.946517 13.398204
v 22.282135 -105.946775 13.456992
v 20.182097 -105.946775 13.456992
v 20.040686 -105.946517 13.398204
v 19.982119 -105.945937 13.256202
v 22.482116 -108.245926 13.247465
v 22.423546 -108.246503 13.388550
v 22.282135 -108.246758 13.446975
v 20.182097 -108.246758 13.446975
v 20.040686 -108.246503 13.388550
v 19.982119 -108.245926 13.247465
v 19.982119 -108.145928 13.247865
v 20.040686 -108.146504 13.389007
v 20.182097 -108.146759 13.447451
v 22.282135 -108.146759 13.447451
v 22.423546 -108.146504 13.389007
v 22.482116 -108.145928 13.247865
v 22.482116 -109.865895 13.240459
v 22.423546 -109.866468 13.380914
v 22.282135 -109.866722 13.439072
v 20.182097 -109.866722 13.439072
v 20.040686 -109.866468 13.380914
v 19.982119 -109.865895 13.240459
v 22.482116 -109.937893 13.240130
v 22.423546 -109.938466 13.380566
v 22.282135 -109.938720 13.438705
v 20.182097 -109.938720 13.438705
v 20.040686 -109.938466 13.380566
v 19.982119 -109.937893 13.240130
v 19.982119 -104.347029 3.217463
v 20.182097 -104.147107 3.212499
v 22.282135 -104.147107 3.212499
v 22.482116 -104.347029 3.217463
v 22.482116 -105.946610 3.256703
v 22.282135 -106.146530 3.261571
v 20.182097 -106.146530 3.261571
v 19.982119 -105.946610 3.256703
v 19.982119 -108.345875 3.314307
v 20.182097 -108.145953 3.309573
v 22.282135 -108.145953 3.309573
v 22.482116 -108.345875 3.314307
v 22.482116 -109.945453 3.351848
v 22.282135 -110.145376 3.356487
v 20.182097 -110.145376 3.356487
v 19.982119 -109.945453 3.351848
v 20.040686 -104.205661 3.213951
v 22.423546 -104.205661 3.213951
v 22.423546 -106.087977 3.260139
v 20.040686 -106.087977 3.260139
v 20.040686 -108.204506 3.310948
v 22.423546 -108.204506 3.310948
v 22.423546 -110.086823 3.355131
v 20.040686 -110.086823 3.355131
v 20.040686 -102.620010 -4.646801
v 19.982119 -102.626571 -4.789778
v 20.040686 -102.485314 -4.796455
v 20.182097 -102.426809 -4.799221
v 20.182097 -102.478750 -4.653420
v 20.182097 -102.617309 -4.587601
v 22.423546 -102.620010 -4.646801
v 22.282135 -102.617309 -4.587601
v 22.282135 -102.478750 -4.653420
v 22.282135 -102.426809 -4.799221
v 22.423546 -102.485314 -4.796455
v 22.482116 -102.626571 -4.789778
v 19.982119 -104.624411 -4.695928
v 20.040686 -104.476626 -4.560274
v 20.182097 -104.415431 -4.504089
v 22.282135 -104.415431 -4.504089
v 22.423546 -104.476626 -4.560274
v 22.482116 -104.624411 -4.695928
v 20.040686 -106.348421 -4.273474
v 20.182097 -106.404292 -4.212229
v 20.182097 -106.469191 -4.351054
v 20.182097 -106.613116 -4.403178
v 20.040686 -106.557278 -4.464421
v 19.982119 -106.422507 -4.612359
v 19.982119 -106.213573 -4.421435
v 19.982119 -106.278551 -4.560294
v 20.182097 -108.402279 -4.122630
v 20.040686 -108.463424 -4.178283
v 19.982119 -108.611055 -4.312588
v 19.982119 -108.420393 -4.520550
v 20.040686 -108.272682 -4.386249
v 20.182097 -108.211505 -4.330616
v 20.182097 -108.350121 -4.265959
v 19.982119 -108.558975 -4.455856
v 22.423546 -108.463424 -4.178283
v 22.282135 -108.402279 -4.122630
v 22.282135 -108.350121 -4.265959
v 22.282135 -108.211505 -4.330616
v 22.423546 -108.272682 -4.386249
v 22.482116 -108.420393 -4.520550
v 22.482116 -108.611055 -4.312588
v 22.482116 -108.558975 -4.455856
v 22.282135 -106.404292 -4.212229
v 22.423546 -106.348421 -4.273474
v 22.482116 -106.213573 -4.421435
v 22.482116 -106.422507 -4.612359
v 22.423546 -106.557278 -4.464421
v 22.282135 -106.613116 -4.403178
v 22.282135 -106.469191 -4.351054
v 22.482116 -106.278551 -4.560294
v 20.040686 -110.344386 -4.094638
v 20.182097 -110.400287 -4.034118
v 20.182097 -110.465117 -4.171418
v 20.182097 -110.609016 -4.223047
v 20.040686 -110.553146 -4.283565
v 19.982119 -110.418300 -4.429789
v 19.982119 -110.209461 -4.240865
v 19.982119 -110.274371 -4.378219
v 20.040686 -112.357722 -4.342711
v 19.982119 -112.216458 -4.349025
v 20.040686 -112.210070 -4.209840
v 20.182097 -112.207441 -4.152202
v 20.182097 -112.351336 -4.203583
v 20.182097 -112.416230 -4.340116
v 22.423546 -112.357722 -4.342711
v 22.282135 -112.416230 -4.340116
v 22.282135 -112.351336 -4.203583
v 22.282135 -112.207441 -4.152202
v 22.423546 -112.210070 -4.209840
v 22.482116 -112.216458 -4.349025
v 22.282135 -110.400287 -4.034118
v 22.423546 -110.344386 -4.094638
v 22.482116 -110.209461 -4.240865
v 22.482116 -110.418300 -4.429789
v 22.423546 -110.553146 -4.283565
v 22.282135 -110.609016 -4.223047
v 22.282135 -110.465117 -4.171418
v 22.482116 -110.274371 -4.378219
v 19.982119 -104.441848 -0.093372
v 20.040686 -104.300519 -0.098180
v 20.182097 -104.241980 -0.100166
v 22.282135 -104.241980 -0.100166
v 22.423546 -104.300519 -0.098180
v 22.482116 -104.441848 -0.093372
v 22.482116 -106.041000 -0.039468
v 22.423546 -106.182330 -0.034735
v 22.282135 -106.240868 -0.032769
v 20.182097 -106.240868 -0.032769
v 20.040686 -106.182330 -0.034735
v 19.982119 -106.041000 -0.039468
v 19.982119 -108.439635 0.040123
v 20.040686 -108.298302 0.035486
v 20.182097 -108.239765 0.033558
v 22.282135 -108.239765 0.033558
v 22.423546 -108.298302 0.035486
v 22.482116 -108.439635 0.040123
v 22.482116 -110.038800 0.092329
v 22.423546 -110.180134 0.096908
v 22.282135 -110.238670 0.098817
v 20.182097 -110.238670 0.098817
v 20.040686 -110.180134 0.096908
v 19.982119 -110.038800 0.092329
v 20.066676 -102.505916 -4.678527
v 22.397556 -102.505916 -4.678527
v 20.040686 -106.413344 -4.412297
v 20.040686 -108.411280 -4.321592
v 22.423546 -108.411280 -4.321592
v 22.423546 -106.413344 -4.412297
v 20.040686 -110.409238 -4.231956
v 20.066676 -112.326544 -4.230340
v 22.397556 -112.326544 -4.230340
v 22.423546 -110.409238 -4.231956
v 20.040686 -113.733666 -23.173242
v 20.182097 -113.791950 -23.167507
v 20.182097 -113.747541 -23.311476
v 20.182097 -113.612586 -23.382641
v 20.040686 -113.606823 -23.325383
v 19.982119 -113.592943 -23.187111
v 20.182097 -111.821435 -23.560494
v 20.040686 -111.815643 -23.502951
v 19.982119 -111.801694 -23.363975
v 22.423546 -113.733666 -23.173242
v 22.482116 -113.592943 -23.187111
v 22.423546 -113.606823 -23.325383
v 22.282135 -113.612586 -23.382641
v 22.282135 -113.747541 -23.311476
v 22.282135 -113.791950 -23.167507
v 22.282135 -111.821435 -23.560494
v 22.423546 -111.815643 -23.502951
v 22.482116 -111.801694 -23.363975
v 20.182097 -109.831368 -23.759131
v 20.040686 -109.825544 -23.701264
v 19.982119 -109.811516 -23.561490
v 22.282135 -109.831368 -23.759131
v 22.423546 -109.825544 -23.701264
v 22.482116 -109.811516 -23.561490
v 20.182097 -107.841381 -23.958832
v 20.040686 -107.835524 -23.900643
v 19.982119 -107.821418 -23.760090
v 22.282135 -107.841381 -23.958832
v 22.423546 -107.835524 -23.900643
v 22.482116 -107.821418 -23.760090
v 20.182097 -105.851475 -24.159600
v 20.040686 -105.845585 -24.101087
v 19.982119 -105.831399 -23.959736
v 22.282135 -105.851475 -24.159600
v 22.423546 -105.845585 -24.101087
v 22.482116 -105.831399 -23.959736
v 20.040686 -103.899737 -24.154579
v 19.982119 -104.040434 -24.140349
v 20.040686 -104.054691 -24.282403
v 20.182097 -104.060611 -24.341220
v 20.182097 -103.914000 -24.296672
v 20.182097 -103.841465 -24.160467
v 22.423546 -103.899737 -24.154579
v 22.282135 -103.841465 -24.160467
v 22.282135 -103.914000 -24.296672
v 22.282135 -104.060611 -24.341220
v 22.423546 -104.054691 -24.282403
v 22.482116 -104.040434 -24.140349
v 20.040686 -103.821934 -21.887753
v 19.982119 -103.835303 -22.029926
v 20.040686 -103.694525 -22.043320
v 20.182097 -103.636219 -22.048865
v 20.182097 -103.681151 -21.901090
v 20.182097 -103.816415 -21.828879
v 22.423546 -103.821934 -21.887753
v 22.282135 -103.816415 -21.828879
v 22.282135 -103.681151 -21.901090
v 22.282135 -103.636219 -22.048865
v 22.423546 -103.694525 -22.043320
v 22.482116 -103.835303 -22.029926
v 19.982119 -105.826388 -21.840960
v 20.040686 -105.672307 -21.712827
v 20.182097 -105.608502 -21.659746
v 22.282135 -105.608502 -21.659746
v 22.423546 -105.672307 -21.712827
v 22.482116 -105.826388 -21.840960
v 20.040686 -107.528295 -21.337609
v 20.182097 -107.581184 -21.273911
v 20.182097 -107.652626 -21.409156
v 20.182097 -107.798871 -21.454237
v 20.040686 -107.746014 -21.517915
v 19.982119 -107.618450 -21.671791
v 19.982119 -107.400654 -21.491507
v 19.982119 -107.472177 -21.626787
v 20.182097 -109.572620 -21.089186
v 20.040686 -109.636346 -21.141718
v 19.982119 -109.790210 -21.268506
v 19.982119 -109.609679 -21.484861
v 20.040686 -109.455737 -21.358096
v 20.182097 -109.391976 -21.305566
v 20.182097 -109.527354 -21.234515
v 19.982119 -109.745019 -21.413773
v 22.423546 -109.636346 -21.141718
v 22.282135 -109.572620 -21.089186
v 22.282135 -109.527354 -21.234515
v 22.282135 -109.391976 -21.305566
v 22.423546 -109.455737 -21.358096
v 22.482116 -109.609679 -21.484861
v 22.482116 -109.790210 -21.268506
v 22.482116 -109.745019 -21.413773
v 22.282135 -107.581184 -21.273911
v 22.423546 -107.528295 -21.337609
v 22.482116 -107.400654 -21.491507
v 22.482116 -107.618450 -21.671791
v 22.423546 -107.746014 -21.517915
v 22.282135 -107.798871 -21.454237
v 22.282135 -107.652626 -21.409156
v 22.482116 -107.472177 -21.626787
v 20.040686 -111.511175 -20.968523
v 20.182097 -111.564128 -20.905547
v 20.182097 -111.635429 -21.039291
v 20.182097 -111.781625 -21.083859
v 20.040686 -111.728702 -21.146833
v 19.982119 -111.600980 -21.298998
v 19.982119 -111.383376 -21.120710
v 19.982119 -111.454757 -21.254470
v 20.040686 -113.534038 -21.119593
v 19.982119 -113.393236 -21.132626
v 20.040686 -113.380221 -20.994235
v 20.182097 -113.374848 -20.936920
v 20.182097 -113.521028 -20.981240
v 20.182097 -113.592355 -21.114200
v 22.423546 -113.534038 -21.119593
v 22.282135 -113.592355 -21.114200
v 22.282135 -113.521028 -20.981240
v 22.282135 -113.374848 -20.936920
v 22.423546 -113.380221 -20.994235
v 22.482116 -113.393236 -21.132626
v 22.282135 -111.564128 -20.905547
v 22.423546 -111.511175 -20.968523
v 22.482116 -111.383376 -21.120710
v 22.482116 -111.600980 -21.298998
v 22.423546 -111.728702 -21.146833
v 22.282135 -111.781625 -21.083859
v 22.282135 -111.635429 -21.039291
v 22.482116 -111.454757 -21.254470
v 19.982119 -105.424595 -17.262854
v 20.040686 -105.283655 -17.274385
v 20.182097 -105.225278 -17.279151
v 22.282135 -105.225278 -17.279151
v 22.423546 -105.283655 -17.274385
v 22.482116 -105.424595 -17.262854
v 22.482116 -107.019351 -17.132780
v 22.423546 -107.160293 -17.121306
v 22.282135 -107.218671 -17.116560
v 20.182097 -107.218671 -17.116560
v 20.040686 -107.160293 -17.121306
v 19.982119 -107.019351 -17.132780
v 19.982119 -109.411454 -16.938968
v 20.040686 -109.270504 -16.950346
v 20.182097 -109.212126 -16.955054
v 22.282135 -109.212126 -16.955054
v 22.423546 -109.270504 -16.950346
v 22.482116 -109.411454 -16.938968
v 22.482116 -111.006305 -16.810607
v 22.423546 -111.147259 -16.799285
v 22.282135 -111.205640 -16.794615
v 20.182097 -111.205640 -16.794615
v 20.040686 -111.147259 -16.799285
v 19.982119 -111.006305 -16.810607
v 20.066676 -113.719122 -23.288607
v 22.397556 -113.719122 -23.288607
v 20.066676 -103.937230 -24.267908
v 22.397556 -103.937230 -24.267908
v 20.066676 -103.709482 -21.924804
v 22.397556 -103.709482 -21.924804
v 20.040686 -107.599762 -21.472853
v 20.040686 -109.591095 -21.287046
v 22.423546 -109.591095 -21.287046
v 22.423546 -107.599762 -21.472853
v 20.040686 -111.582500 -21.102285
v 20.066676 -113.497539 -21.009081
v 22.397556 -113.497539 -21.009081
v 22.423546 -111.582500 -21.102285
v 19.982119 -107.622411 -23.779999
v 20.040686 -107.636525 -23.920629
v 20.182097 -107.642386 -23.978856
v 22.282135 -107.642386 -23.978856
v 22.423546 -107.636525 -23.920629
v 22.482116 -107.622411 -23.779999
v 22.482116 -107.721913 -23.770035
v 22.423546 -107.736024 -23.910626
v 22.282135 -107.741883 -23.968854
v 20.182097 -107.741883 -23.968854
v 20.040686 -107.736024 -23.910626
v 19.982119 -107.721913 -23.770035
v 22.482116 -110.010529 -23.541695
v 22.423546 -110.024549 -23.681374
v 22.282135 -110.030371 -23.739221
v 20.182097 -110.030371 -23.739221
v 20.040686 -110.024549 -23.681374
v 19.982119 -110.010529 -23.541695
v 19.982119 -109.911022 -23.551583
v 20.040686 -109.925046 -23.691319
v 20.182097 -109.930869 -23.749186
v 22.282135 -109.930869 -23.749186
v 22.423546 -109.925046 -23.691319
v 22.482116 -109.911022 -23.551583
v 22.482116 -111.622574 -23.381709
v 22.423546 -111.636531 -23.520761
v 22.282135 -111.642327 -23.578342
v 20.182097 -111.642327 -23.578342
v 20.040686 -111.636531 -23.520761
v 19.982119 -111.622574 -23.381709
v 22.482116 -111.694222 -23.374608
v 22.423546 -111.708176 -23.513641
v 22.282135 -111.713970 -23.571203
v 20.182097 -111.713970 -23.571203
v 20.040686 -111.708176 -23.513641
v 19.982119 -111.694222 -23.374608
v 19.982119 -105.171946 -13.967836
v 20.182097 -104.972489 -13.982325
v 22.282135 -104.972489 -13.982325
v 22.482116 -105.171946 -13.967836
v 22.482116 -106.767829 -13.852391
v 22.282135 -106.967291 -13.838017
v 20.182097 -106.967291 -13.838017
v 19.982119 -106.767829 -13.852391
v 19.982119 -109.161612 -13.680535
v 20.182097 -108.962145 -13.694795
v 22.282135 -108.962145 -13.694795
v 22.482116 -109.161612 -13.680535
v 22.482116 -110.757574 -13.566786
v 22.282135 -110.957047 -13.552621
v 20.182097 -110.957047 -13.552621
v 19.982119 -110.757574 -13.566786
v 20.040686 -105.030906 -13.978073
v 22.423546 -105.030906 -13.978073
v 22.423546 -106.908872 -13.842231
v 20.040686 -106.908872 -13.842231
v 20.040686 -109.020564 -13.690619
v 22.423546 -109.020564 -13.690619
v 22.423546 -110.898627 -13.556777
v 20.040686 -110.898627 -13.556777
v 20.040686 -102.700273 -6.318402
v 19.982119 -102.693107 -6.175492
v 20.040686 -102.551876 -6.182702
v 20.182097 -102.493383 -6.185697
v 20.182097 -102.559046 -6.325688
v 20.182097 -102.703257 -6.377588
v 22.423546 -102.700273 -6.318402
v 22.282135 -102.703257 -6.377588
v 22.282135 -102.559046 -6.325688
v 22.282135 -102.493383 -6.185697
v 22.423546 -102.551876 -6.182702
v 22.482116 -102.693107 -6.175492
v 19.982119 -104.690573 -6.074002
v 20.040686 -104.556470 -6.223322
v 20.182097 -104.500942 -6.285180
v 22.282135 -104.500942 -6.285180
v 22.423546 -104.556470 -6.223322
v 22.482116 -104.690573 -6.074002
v 20.040686 -106.447051 -6.327935
v 20.182097 -106.508531 -6.383515
v 20.182097 -106.559834 -6.239138
v 20.182097 -106.698102 -6.173448
v 20.040686 -106.636656 -6.117866
v 19.982119 -106.488337 -5.983575
v 19.982119 -106.298654 -6.193667
v 19.982119 -106.350032 -6.049230
v 20.182097 -108.505937 -6.281818
v 20.040686 -108.561474 -6.220647
v 19.982119 -108.695567 -6.072970
v 19.982119 -108.485855 -5.884107
v 20.040686 -108.351681 -6.031788
v 20.182097 -108.296112 -6.092979
v 20.182097 -108.440289 -6.144136
v 19.982119 -108.630002 -5.935323
v 22.423546 -108.561474 -6.220647
v 22.282135 -108.505937 -6.281818
v 22.282135 -108.440289 -6.144136
v 22.282135 -108.296112 -6.092979
v 22.423546 -108.351681 -6.031788
v 22.482116 -108.485855 -5.884107
v 22.482116 -108.695567 -6.072970
v 22.482116 -108.630002 -5.935323
v 22.282135 -106.508531 -6.383515
v 22.423546 -106.447051 -6.327935
v 22.482116 -106.298654 -6.193667
v 22.482116 -106.488337 -5.983575
v 22.423546 -106.636656 -6.117866
v 22.282135 -106.698102 -6.173448
v 22.282135 -106.559834 -6.239138
v 22.482116 -106.350032 -6.049230
v 20.040686 -110.441925 -6.126218
v 20.182097 -110.503372 -6.181208
v 20.182097 -110.554756 -6.038469
v 20.182097 -110.693062 -5.973579
v 20.040686 -110.631646 -5.918588
v 19.982119 -110.483401 -5.785726
v 19.982119 -110.293601 -5.993379
v 19.982119 -110.345061 -5.850580
v 20.040686 -112.422474 -5.691236
v 19.982119 -112.281235 -5.698084
v 20.040686 -112.288211 -5.837222
v 20.182097 -112.291116 -5.894827
v 20.182097 -112.429448 -5.830317
v 20.182097 -112.480972 -5.688412
v 22.423546 -112.422474 -5.691236
v 22.282135 -112.480972 -5.688412
v 22.282135 -112.429448 -5.830317
v 22.282135 -112.291116 -5.894827
v 22.423546 -112.288211 -5.837222
v 22.482116 -112.281235 -5.698084
v 22.282135 -110.503372 -6.181208
v 22.423546 -110.441925 -6.126218
v 22.482116 -110.293601 -5.993379
v 22.482116 -110.483401 -5.785726
v 22.423546 -110.631646 -5.918588
v 22.282135 -110.693062 -5.973579
v 22.282135 -110.554756 -6.038469
v 22.482116 -110.345061 -5.850580
v 19.982119 -104.949564 -10.669227
v 20.040686 -104.808435 -10.678170
v 20.182097 -104.749981 -10.681870
v 22.282135 -104.749981 -10.681870
v 22.423546 -104.808435 -10.678170
v 22.482116 -104.949564 -10.669227
v 22.482116 -106.546440 -10.568420
v 22.423546 -106.687569 -10.559553
v 22.282135 -106.746025 -10.555872
v 20.182097 -106.746025 -10.555872
v 20.040686 -106.687569 -10.559553
v 19.982119 -106.546440 -10.568420
v 19.982119 -108.941699 -10.418509
v 20.040686 -108.800565 -10.427300
v 20.182097 -108.742109 -10.430942
v 22.282135 -108.742109 -10.430942
v 22.423546 -108.800565 -10.427300
v 22.482116 -108.941699 -10.418509
v 22.482116 -110.538640 -10.319417
v 22.423546 -110.679778 -10.310684
v 22.282135 -110.738234 -10.307079
v 20.182097 -110.738234 -10.307079
v 20.040686 -110.679778 -10.310684
v 19.982119 -110.538640 -10.319417
v 20.066676 -102.583679 -6.298041
v 22.397556 -102.583679 -6.298041
v 20.040686 -106.498377 -6.183538
v 20.040686 -108.495840 -6.082965
v 22.423546 -108.495840 -6.082965
v 22.423546 -106.498377 -6.183538
v 20.040686 -110.493330 -5.983460
v 20.066676 -112.402202 -5.805997
v 22.397556 -112.402202 -5.805997
v 22.423546 -110.493330 -5.983460
vt 0.650315 0.790617
vt 0.635672 0.791406
vt 0.634671 0.772220
vt 0.649316 0.771483
vt 0.977086 0.033140
vt 0.976353 0.036753
vt 0.924184 0.034662
vt 0.923817 0.030994
vt 0.976047 0.040364
vt 0.923987 0.038259
vt 0.154733 0.897027
vt 0.156123 0.896846
vt 0.158311 0.914863
vt 0.157077 0.915026
vt 0.157517 0.896675
vt 0.159545 0.914713
vt 0.040531 0.350814
vt 0.040225 0.347203
vt 0.092395 0.345126
vt 0.092592 0.348720
vt 0.039493 0.343590
vt 0.092761 0.341461
vt 0.033274 0.350071
vt 0.036910 0.350650
vt 0.038869 0.395401
vt 0.035043 0.395409
vt 0.042666 0.395472
vt 0.973180 0.233848
vt 0.977083 0.233962
vt 0.978064 0.278746
vt 0.974440 0.278520
vt 0.980934 0.234009
vt 0.981692 0.279391
vt 0.974700 0.282141
vt 0.922513 0.283380
vt 0.922341 0.279750
vt 0.975383 0.285766
vt 0.922109 0.287056
vt 0.069781 0.911480
vt 0.071092 0.911222
vt 0.074509 0.929049
vt 0.073222 0.929300
vt 0.072405 0.910967
vt 0.075796 0.928799
vt 0.041094 0.596196
vt 0.041778 0.592572
vt 0.093964 0.593829
vt 0.094368 0.597506
vt 0.042040 0.588950
vt 0.094139 0.590202
vt 0.918889 0.280247
vt 0.916689 0.233697
vt 0.920354 0.229802
vt 0.915374 0.281215
vt 0.914136 0.236444
vt 0.049346 0.915450
vt 0.050649 0.915194
vt 0.054118 0.933010
vt 0.052824 0.933264
vt 0.051953 0.914939
vt 0.055411 0.932757
vt 0.101103 0.591670
vt 0.097591 0.590700
vt 0.099813 0.544153
vt 0.102366 0.546902
vt 0.096151 0.540255
vt 0.652279 0.771331
vt 0.651854 0.769919
vt 0.690298 0.767949
vt 0.690357 0.769342
vt 0.911342 0.185677
vt 0.915106 0.189545
vt 0.805803 0.189241
vt 0.805672 0.185365
vt 0.650802 0.771379
vt 0.651803 0.790566
vt 0.653279 0.790462
vt 0.920138 0.184185
vt 0.916265 0.180612
vt 0.916377 0.137728
vt 0.920278 0.134191
vt 0.649600 0.770033
vt 0.634100 0.770814
vt 0.915289 0.128798
vt 0.911482 0.132633
vt 0.805803 0.132408
vt 0.805956 0.128527
vt 0.945088 0.753519
vt 0.944696 0.754982
vt 0.906648 0.757271
vt 0.906561 0.755877
vt 0.946101 0.754962
vt 0.947236 0.774018
vt 0.945838 0.774164
vt 0.633269 0.772359
vt 0.634264 0.791414
vt 0.946400 0.775572
vt 0.907865 0.777800
vt 0.907788 0.776408
vt 0.105064 0.443091
vt 0.101259 0.439253
vt 0.210587 0.439040
vt 0.210740 0.442924
vt 0.096268 0.444644
vt 0.100169 0.448183
vt 0.100253 0.491065
vt 0.096383 0.494637
vt 0.635251 0.792864
vt 0.650748 0.792029
vt 0.101415 0.500000
vt 0.105179 0.496132
vt 0.210849 0.495878
vt 0.210721 0.499751
vt 0.653003 0.791909
vt 0.691360 0.788484
vt 0.691446 0.789876
vt 0.910167 0.081155
vt 0.912124 0.084694
vt 0.806161 0.084754
vt 0.806126 0.080939
vt 0.915800 0.088535
vt 0.806164 0.088570
vt 0.192361 0.893376
vt 0.193785 0.893279
vt 0.194853 0.911398
vt 0.193638 0.911482
vt 0.195209 0.893199
vt 0.196068 0.911328
vt 0.921508 0.083087
vt 0.917938 0.079214
vt 0.920540 0.037808
vt 0.914546 0.076973
vt 0.917025 0.036854
vt 0.175650 0.894712
vt 0.177060 0.894569
vt 0.178726 0.912642
vt 0.177504 0.912768
vt 0.178473 0.894441
vt 0.179948 0.912531
vt 0.096038 0.348272
vt 0.098632 0.389675
vt 0.095060 0.393548
vt 0.099554 0.347318
vt 0.102025 0.387436
vt 0.100764 0.398996
vt 0.104438 0.395155
vt 0.210401 0.395267
vt 0.210398 0.399083
vt 0.106398 0.391616
vt 0.210439 0.391451
vt 0.141732 0.917101
vt 0.139242 0.899122
vt 0.140873 0.917231
vt 0.138253 0.899270
vt 0.121876 0.901881
vt 0.124943 0.919770
vt 0.107958 0.922739
vt 0.104804 0.904865
vt 0.103032 0.905199
vt 0.106327 0.923047
vt 0.091063 0.925902
vt 0.087709 0.908064
vt 0.037558 0.936248
vt 0.034075 0.918435
vt 0.043035 0.399665
vt 0.043773 0.440002
vt 0.043790 0.444859
vt 0.043907 0.494697
vt 0.043934 0.499533
vt 0.043322 0.544278
vt 0.973901 0.085025
vt 0.972756 0.134423
vt 0.972616 0.184264
vt 0.972372 0.895564
vt 0.974823 0.913548
vt 0.937350 0.918656
vt 0.934912 0.900670
vt 0.210715 0.539705
vt 0.805787 0.229198
vt 0.723528 0.228908
vt 0.723579 0.188971
vt 0.720288 0.767768
vt 0.721295 0.786915
vt 0.292944 0.499533
vt 0.292977 0.539470
vt 0.909172 0.922458
vt 0.906762 0.904467
vt 0.723700 0.128374
vt 0.723839 0.088425
vt 0.232009 0.909832
vt 0.231375 0.891693
vt 0.259905 0.890882
vt 0.260289 0.909028
vt 0.292720 0.398990
vt 0.292840 0.438939
vt 0.877848 0.778205
vt 0.876712 0.759067
vt 0.972587 0.189099
vt 0.919676 0.086788
vt 0.973677 0.087545
vt 0.979669 0.040206
vt 0.977701 0.084957
vt 0.983301 0.039626
vt 0.981527 0.084968
vt 0.038987 0.398028
vt 0.035144 0.398085
vt 0.042888 0.397990
vt 0.977581 0.087586
vt 0.981421 0.087644
vt 0.036095 0.444906
vt 0.039930 0.444884
vt 0.040042 0.494714
vt 0.036204 0.494725
vt 0.976618 0.134448
vt 0.976482 0.184280
vt 0.980453 0.134469
vt 0.980317 0.184291
vt 0.036215 0.499541
vt 0.040053 0.499544
vt 0.039419 0.544393
vt 0.035568 0.544440
vt 0.976468 0.189110
vt 0.980306 0.189110
vt 0.038416 0.589177
vt 0.034786 0.589822
vt 0.805710 0.233014
vt 0.805609 0.236830
vt 0.210795 0.543519
vt 0.210893 0.547334
vt 0.723560 0.232727
vt 0.723563 0.236543
vt 0.292947 0.543289
vt 0.292942 0.547107
vt 0.292983 0.495692
vt 0.721369 0.788310
vt 0.720214 0.766373
vt 0.723539 0.185130
vt 0.723653 0.132231
vt 0.876632 0.757672
vt 0.877929 0.779599
vt 0.292890 0.442793
vt 0.292668 0.395169
vt 0.292646 0.391348
vt 0.723891 0.084601
vt 0.723916 0.080783
vt 0.979141 0.037404
vt 0.981224 0.035411
vt 0.035357 0.345856
vt 0.037440 0.347851
vt 0.979546 0.283565
vt 0.977496 0.281535
vt 0.038984 0.591965
vt 0.036932 0.593993
vt 0.917842 0.285183
vt 0.919712 0.282997
vt 0.096766 0.593449
vt 0.098635 0.595636
vt 0.918668 0.187831
vt 0.914830 0.184174
vt 0.650726 0.769877
vt 0.946445 0.753544
vt 0.918835 0.130536
vt 0.914961 0.134158
vt 0.632759 0.770998
vt 0.097711 0.440989
vt 0.101584 0.444613
vt 0.947744 0.775385
vt 0.633898 0.792820
vt 0.651884 0.792067
vt 0.097851 0.498284
vt 0.101688 0.494626
vt 0.915994 0.082948
vt 0.913190 0.079957
vt 0.919512 0.032864
vt 0.921374 0.035048
vt 0.095205 0.345511
vt 0.097069 0.343327
vt 0.103378 0.390418
vt 0.100573 0.393409
vt 0.096889 0.397246
vt 0.972603 0.186683
vt 0.976474 0.186696
vt 0.980308 0.186705
vt 0.107142 0.922892
vt 0.103918 0.905029
vt 0.040050 0.497130
vt 0.036213 0.497135
vt 0.043918 0.497116
vt 0.043784 0.442432
vt 0.039916 0.442470
vt 0.036081 0.442511
vt 0.122778 0.901720
vt 0.125746 0.919627
vt 0.976629 0.132034
vt 0.980467 0.132075
vt 0.972764 0.131993
vt 0.972775 0.129563
vt 0.976657 0.129623
vt 0.980494 0.129686
vt 0.123683 0.901566
vt 0.126547 0.919489
vt 0.036054 0.440125
vt 0.039894 0.440062
vt 0.039080 0.399734
vt 0.035220 0.399807
vt 0.137574 0.899380
vt 0.140321 0.917321
vt 0.977485 0.089295
vt 0.981344 0.089369
vt 0.973527 0.089224
vt 0.792231 0.783166
vt 0.791177 0.764038
vt 0.805814 0.763227
vt 0.806883 0.782354
vt 0.526499 0.278314
vt 0.526800 0.228441
vt 0.530487 0.232194
vt 0.530039 0.278746
vt 0.533048 0.234853
vt 0.533603 0.279596
vt 0.825742 0.915070
vt 0.827993 0.933080
vt 0.826643 0.933249
vt 0.824465 0.915230
vt 0.825292 0.933413
vt 0.823187 0.915385
vt 0.482937 0.590268
vt 0.483465 0.545522
vt 0.486029 0.542865
vt 0.486502 0.589415
vt 0.489724 0.539110
vt 0.490041 0.588983
vt 0.788274 0.764194
vt 0.750214 0.766194
vt 0.750126 0.764803
vt 0.788547 0.762746
vt 0.535653 0.184682
vt 0.641381 0.184920
vt 0.641332 0.188749
vt 0.531829 0.188421
vt 0.790763 0.783273
vt 0.789722 0.764090
vt 0.789296 0.783323
vt 0.526726 0.183192
vt 0.526753 0.133256
vt 0.530774 0.136785
vt 0.530697 0.179650
vt 0.790730 0.762630
vt 0.806101 0.761777
vt 0.531856 0.128021
vt 0.641406 0.128196
vt 0.641474 0.132042
vt 0.535738 0.131752
vt 0.808294 0.761654
vt 0.846718 0.759456
vt 0.846786 0.760847
vt 0.808727 0.763063
vt 0.809830 0.782187
vt 0.808358 0.782298
vt 0.807269 0.763119
vt 0.847907 0.779983
vt 0.848001 0.781376
vt 0.809561 0.783636
vt 0.480805 0.442427
vt 0.375066 0.442651
vt 0.375132 0.438810
vt 0.484681 0.438693
vt 0.489784 0.443927
vt 0.489804 0.493864
vt 0.485826 0.490321
vt 0.485769 0.447456
vt 0.807331 0.783763
vt 0.791941 0.784615
vt 0.484700 0.499090
vt 0.375195 0.499355
vt 0.375143 0.495528
vt 0.480871 0.495353
vt 0.789725 0.784734
vt 0.751286 0.786727
vt 0.751226 0.785334
vt 0.537774 0.080906
vt 0.641725 0.080627
vt 0.641635 0.084443
vt 0.535738 0.084372
vt 0.641501 0.088259
vt 0.531875 0.087991
vt 0.327597 0.890582
vt 0.326879 0.908718
vt 0.325698 0.908679
vt 0.326136 0.890534
vt 0.324517 0.908660
vt 0.324674 0.890511
vt 0.526630 0.082685
vt 0.526466 0.037841
vt 0.529998 0.037488
vt 0.530290 0.078902
vt 0.533570 0.036693
vt 0.533759 0.076809
vt 0.344458 0.891457
vt 0.342918 0.909541
vt 0.341736 0.909445
vt 0.343004 0.891340
vt 0.340553 0.909368
vt 0.341549 0.891245
vt 0.490052 0.348518
vt 0.489905 0.393359
vt 0.486247 0.389579
vt 0.486518 0.348165
vt 0.482779 0.387485
vt 0.482946 0.347370
vt 0.484665 0.398665
vt 0.375053 0.398873
vt 0.374919 0.395057
vt 0.480811 0.395046
vt 0.374831 0.391238
vt 0.478774 0.391583
vt 0.841143 0.913111
vt 0.843461 0.931112
vt 0.356386 0.892567
vt 0.354584 0.910627
vt 0.492424 0.082693
vt 0.492564 0.037849
vt 0.492331 0.183190
vt 0.492307 0.133259
vt 0.492572 0.278320
vt 0.492258 0.228444
vt 0.878611 0.908215
vt 0.880983 0.926210
vt 0.375239 0.539284
vt 0.641272 0.228676
vt 0.288571 0.908629
vt 0.288452 0.890478
vt 0.487228 0.188421
vt 0.528185 0.086299
vt 0.490875 0.086307
vt 0.641427 0.232489
vt 0.641526 0.236302
vt 0.374984 0.546919
vt 0.375086 0.543100
vt 0.531274 0.283628
vt 0.529325 0.281502
vt 0.526529 0.281966
vt 0.527065 0.285629
vt 0.490011 0.592632
vt 0.487215 0.592170
vt 0.485266 0.594297
vt 0.489475 0.596298
vt 0.528185 0.186789
vt 0.532127 0.183190
vt 0.789636 0.762592
vt 0.807189 0.761620
vt 0.532209 0.133242
vt 0.528205 0.129664
vt 0.488333 0.440333
vt 0.484334 0.443914
vt 0.808447 0.783798
vt 0.790840 0.784772
vt 0.484397 0.493864
vt 0.488347 0.497458
vt 0.532018 0.082603
vt 0.534912 0.079722
vt 0.531277 0.032612
vt 0.529309 0.034717
vt 0.526513 0.034217
vt 0.527059 0.030568
vt 0.487207 0.345394
vt 0.490003 0.344894
vt 0.485239 0.343292
vt 0.489456 0.341244
vt 0.481628 0.390396
vt 0.484525 0.393277
vt 0.488352 0.396973
vt 0.490872 0.186789
vt 0.490856 0.129664
vt 0.487204 0.128024
vt 0.487182 0.087999
vt 0.222731 0.724766
vt 0.222601 0.743923
vt 0.207928 0.743816
vt 0.208072 0.724660
vt 0.041961 0.033104
vt 0.095229 0.030945
vt 0.094863 0.034613
vt 0.042696 0.036718
vt 0.095062 0.038210
vt 0.043005 0.040329
vt 0.541899 0.925010
vt 0.539463 0.942997
vt 0.538079 0.942796
vt 0.540667 0.924830
vt 0.536699 0.942582
vt 0.539436 0.924639
vt 0.973497 0.350809
vt 0.921440 0.348706
vt 0.921637 0.345109
vt 0.973803 0.347195
vt 0.921268 0.341444
vt 0.974539 0.343584
vt 0.980754 0.350065
vt 0.978975 0.395407
vt 0.975148 0.395396
vt 0.977119 0.350645
vt 0.971352 0.395467
vt 0.045886 0.233807
vt 0.044645 0.278479
vt 0.041020 0.278708
vt 0.041982 0.233924
vt 0.037393 0.279356
vt 0.038134 0.233971
vt 0.096743 0.279689
vt 0.096574 0.283319
vt 0.044385 0.282100
vt 0.096978 0.286996
vt 0.043707 0.285728
vt 0.625892 0.930702
vt 0.626133 0.948850
vt 0.624696 0.948861
vt 0.624682 0.930710
vt 0.623259 0.948853
vt 0.623473 0.930704
vt 0.972926 0.596194
vt 0.919655 0.597509
vt 0.920057 0.593829
vt 0.972243 0.592567
vt 0.919879 0.590205
vt 0.971980 0.588947
vt 0.098703 0.229742
vt 0.102369 0.233635
vt 0.100198 0.280184
vt 0.104922 0.236382
vt 0.103711 0.281152
vt 0.646349 0.930252
vt 0.647260 0.948379
vt 0.645828 0.948445
vt 0.645138 0.930308
vt 0.644393 0.948492
vt 0.643927 0.930349
vt 0.912917 0.591673
vt 0.911643 0.546902
vt 0.914196 0.544153
vt 0.916427 0.590702
vt 0.917862 0.540255
vt 0.225538 0.743941
vt 0.263662 0.744134
vt 0.263668 0.745530
vt 0.225178 0.745370
vt 0.107715 0.185628
vt 0.213383 0.185327
vt 0.213257 0.189198
vt 0.103949 0.189493
vt 0.224188 0.724749
vt 0.224071 0.743960
vt 0.225640 0.724786
vt 0.098919 0.184138
vt 0.098780 0.134141
vt 0.102683 0.137681
vt 0.102787 0.180565
vt 0.222960 0.745356
vt 0.207548 0.745245
vt 0.103774 0.128748
vt 0.213101 0.128489
vt 0.213257 0.132373
vt 0.107579 0.132586
vt 0.205320 0.745226
vt 0.166819 0.744843
vt 0.166844 0.743449
vt 0.204981 0.743792
vt 0.205149 0.724636
vt 0.206610 0.724621
vt 0.206454 0.743831
vt 0.167025 0.724282
vt 0.167024 0.722889
vt 0.205512 0.723208
vt 0.908945 0.443091
vt 0.803267 0.442924
vt 0.803423 0.439040
vt 0.912750 0.439250
vt 0.917739 0.444644
vt 0.917624 0.494637
vt 0.913753 0.491067
vt 0.913841 0.448183
vt 0.207713 0.723226
vt 0.223110 0.723337
vt 0.912594 0.500000
vt 0.803289 0.499759
vt 0.803160 0.495883
vt 0.908831 0.496135
vt 0.225296 0.723352
vt 0.263774 0.723574
vt 0.263752 0.724968
vt 0.108896 0.081103
vt 0.212937 0.080895
vt 0.212899 0.084713
vt 0.106936 0.084645
vt 0.212899 0.088529
vt 0.103262 0.088486
vt 0.505504 0.918998
vt 0.502325 0.936868
vt 0.500989 0.936616
vt 0.504240 0.918759
vt 0.499655 0.936360
vt 0.502976 0.918516
vt 0.097555 0.083035
vt 0.098509 0.037756
vt 0.101125 0.079162
vt 0.102024 0.036803
vt 0.104517 0.076921
vt 0.521572 0.921827
vt 0.518704 0.939750
vt 0.517345 0.939519
vt 0.520325 0.921615
vt 0.515990 0.939279
vt 0.519077 0.921393
vt 0.918955 0.393534
vt 0.915385 0.389661
vt 0.917993 0.348256
vt 0.911993 0.387420
vt 0.914478 0.347302
vt 0.913251 0.398985
vt 0.803614 0.399080
vt 0.803611 0.395262
vt 0.909571 0.395141
vt 0.803573 0.391446
vt 0.907614 0.391602
vt 0.557238 0.927028
vt 0.554970 0.945036
vt 0.558072 0.927135
vt 0.555984 0.945166
vt 0.573945 0.928731
vt 0.591086 0.929875
vt 0.589989 0.947992
vt 0.572638 0.946834
vt 0.592593 0.929954
vt 0.608031 0.930425
vt 0.607592 0.948569
vt 0.591932 0.948092
vt 0.661775 0.929380
vt 0.662902 0.947495
vt 0.970977 0.399663
vt 0.970236 0.439999
vt 0.970220 0.444856
vt 0.970100 0.494697
vt 0.970072 0.499530
vt 0.970690 0.544276
vt 0.045162 0.084989
vt 0.046438 0.184223
vt 0.046301 0.134382
vt 0.699403 0.926813
vt 0.700727 0.944915
vt 0.803291 0.539716
vt 0.213268 0.229149
vt 0.295478 0.188949
vt 0.295524 0.228887
vt 0.293718 0.725091
vt 0.293637 0.744264
vt 0.721030 0.539476
vt 0.721065 0.499538
vt 0.727649 0.924599
vt 0.729146 0.942688
vt 0.295226 0.088398
vt 0.295360 0.128347
vt 0.464181 0.929676
vt 0.436274 0.924436
vt 0.439575 0.906590
vt 0.467530 0.911836
vt 0.721166 0.438936
vt 0.721289 0.398985
vt 0.136855 0.743152
vt 0.137045 0.723980
vt 0.046468 0.189058
vt 0.099387 0.086739
vt 0.045386 0.087510
vt 0.041365 0.084921
vt 0.039386 0.040170
vt 0.037538 0.084932
vt 0.035750 0.039591
vt 0.978874 0.398085
vt 0.975031 0.398025
vt 0.971127 0.397984
vt 0.041482 0.087551
vt 0.037642 0.087608
vt 0.977914 0.444903
vt 0.977802 0.494725
vt 0.973967 0.494711
vt 0.974079 0.444881
vt 0.042573 0.184242
vt 0.042442 0.134409
vt 0.038738 0.184253
vt 0.038610 0.134431
vt 0.977794 0.499541
vt 0.978445 0.544437
vt 0.974593 0.544391
vt 0.973954 0.499541
vt 0.042589 0.189072
vt 0.038749 0.189072
vt 0.979235 0.589817
vt 0.975608 0.589172
vt 0.213345 0.232962
vt 0.213446 0.236781
vt 0.803117 0.547348
vt 0.803215 0.543532
vt 0.295497 0.232705
vt 0.295491 0.236524
vt 0.721065 0.547110
vt 0.721060 0.543291
vt 0.721024 0.495695
vt 0.293724 0.723694
vt 0.293630 0.745661
vt 0.295516 0.185106
vt 0.295407 0.132206
vt 0.136842 0.744548
vt 0.137057 0.722583
vt 0.721120 0.442793
vt 0.721341 0.395164
vt 0.721363 0.391342
vt 0.295150 0.080753
vt 0.295174 0.084574
vt 0.039911 0.037371
vt 0.037825 0.035376
vt 0.978674 0.345853
vt 0.976592 0.347846
vt 0.039539 0.283527
vt 0.041592 0.281496
vt 0.975036 0.591960
vt 0.977089 0.593991
vt 0.101245 0.285121
vt 0.099376 0.282937
vt 0.917255 0.593452
vt 0.915385 0.595639
vt 0.100387 0.187782
vt 0.104222 0.184124
vt 0.224067 0.745460
vt 0.206437 0.745332
vt 0.104099 0.134111
vt 0.100223 0.130487
vt 0.916296 0.440989
vt 0.912425 0.444613
vt 0.206618 0.723120
vt 0.224202 0.723248
vt 0.912318 0.494629
vt 0.916156 0.498286
vt 0.103068 0.082896
vt 0.105873 0.079905
vt 0.099537 0.032812
vt 0.097675 0.034996
vt 0.918827 0.345495
vt 0.916965 0.343311
vt 0.910637 0.390402
vt 0.913442 0.393395
vt 0.917126 0.397235
vt 0.046452 0.186642
vt 0.042581 0.186658
vt 0.038746 0.186666
vt 0.591839 0.929919
vt 0.590961 0.948049
vt 0.977794 0.497133
vt 0.973959 0.497127
vt 0.970089 0.497113
vt 0.970225 0.442432
vt 0.974093 0.442470
vt 0.977928 0.442509
vt 0.573187 0.928668
vt 0.571677 0.946755
vt 0.042431 0.131993
vt 0.038593 0.132037
vt 0.046296 0.131955
vt 0.046285 0.129525
vt 0.042406 0.129585
vt 0.038569 0.129648
vt 0.572429 0.928594
vt 0.570717 0.946664
vt 0.977955 0.440122
vt 0.974115 0.440062
vt 0.974935 0.399731
vt 0.978795 0.399805
vt 0.558596 0.927200
vt 0.556691 0.945251
vt 0.041578 0.089256
vt 0.037718 0.089330
vt 0.045533 0.089185
vt 0.364787 0.725374
vt 0.379452 0.725406
vt 0.379374 0.744618
vt 0.364711 0.744534
vt 0.489032 0.278752
vt 0.488568 0.232202
vt 0.485468 0.279605
vt 0.486006 0.234859
vt 0.808908 0.917016
vt 0.810181 0.916878
vt 0.812123 0.934925
vt 0.810763 0.935071
vt 0.811455 0.916734
vt 0.813481 0.934771
vt 0.531072 0.590268
vt 0.527508 0.589415
vt 0.527981 0.542865
vt 0.530545 0.545522
vt 0.523968 0.588983
vt 0.524285 0.539110
vt 0.361742 0.744520
vt 0.362089 0.745953
vt 0.323593 0.745770
vt 0.323612 0.744375
vt 0.483402 0.184682
vt 0.377726 0.188738
vt 0.377676 0.184906
vt 0.363222 0.744554
vt 0.363298 0.725341
vt 0.361820 0.725364
vt 0.488357 0.179650
vt 0.488286 0.136785
vt 0.364347 0.745965
vt 0.379866 0.746055
vt 0.483322 0.131755
vt 0.377584 0.132029
vt 0.377652 0.128188
vt 0.068258 0.743915
vt 0.068750 0.742482
vt 0.106864 0.742838
vt 0.106856 0.744233
vt 0.067347 0.742405
vt 0.067536 0.723316
vt 0.068941 0.723267
vt 0.380782 0.744558
vt 0.380858 0.725478
vt 0.068477 0.721824
vt 0.107074 0.722272
vt 0.107056 0.723669
vt 0.533204 0.442427
vt 0.529331 0.438693
vt 0.638878 0.438813
vt 0.638943 0.442654
vt 0.524225 0.443927
vt 0.528238 0.447456
vt 0.528183 0.490321
vt 0.524206 0.493861
vt 0.379954 0.723973
vt 0.364434 0.723940
vt 0.529307 0.499090
vt 0.533139 0.495351
vt 0.638867 0.495531
vt 0.638815 0.499360
vt 0.362177 0.723934
vt 0.323690 0.725208
vt 0.323683 0.723813
vt 0.481286 0.080919
vt 0.483322 0.084383
vt 0.377428 0.084443
vt 0.377338 0.080627
vt 0.377562 0.088256
vt 0.373089 0.894788
vt 0.374510 0.895007
vt 0.371731 0.912943
vt 0.370537 0.912758
vt 0.375926 0.895245
vt 0.372922 0.913145
vt 0.488765 0.078913
vt 0.489029 0.037499
vt 0.485293 0.076822
vt 0.485457 0.036704
vt 0.357828 0.892726
vt 0.355770 0.910759
vt 0.359266 0.892908
vt 0.356956 0.910911
vt 0.523955 0.348518
vt 0.527486 0.348165
vt 0.527762 0.389576
vt 0.524105 0.393359
vt 0.531059 0.347370
vt 0.531231 0.387485
vt 0.529345 0.398662
vt 0.533202 0.395046
vt 0.639093 0.395065
vt 0.638957 0.398875
vt 0.535235 0.391580
vt 0.639178 0.391247
vt 0.795235 0.936634
vt 0.793474 0.918569
vt 0.757531 0.940210
vt 0.755888 0.922133
vt 0.638768 0.539290
vt 0.377783 0.228668
vt 0.408378 0.919331
vt 0.411565 0.901463
vt 0.377630 0.232484
vt 0.377529 0.236297
vt 0.638924 0.543103
vt 0.639025 0.546919
vt 0.487797 0.283634
vt 0.489746 0.281507
vt 0.492542 0.281969
vt 0.492006 0.285632
vt 0.523998 0.592632
vt 0.526795 0.592170
vt 0.528744 0.594297
vt 0.524534 0.596298
vt 0.486928 0.183190
vt 0.363213 0.746058
vt 0.066906 0.743795
vt 0.486851 0.133242
vt 0.381216 0.745945
vt 0.525677 0.440333
vt 0.529676 0.443914
vt 0.067123 0.721917
vt 0.381303 0.724094
vt 0.363302 0.723839
vt 0.525663 0.497458
vt 0.529613 0.493861
vt 0.487040 0.082612
vt 0.484142 0.079733
vt 0.487748 0.032623
vt 0.491965 0.030576
vt 0.492515 0.034228
vt 0.489718 0.034728
vt 0.524001 0.344894
vt 0.526800 0.345394
vt 0.524548 0.341242
vt 0.528765 0.343289
vt 0.532382 0.390396
vt 0.529487 0.393275
vt 0.525657 0.396973
f 2112/2767 2102/2768 2096/2769 2086/2770
f 2018/2771 2017/2772 2123/2773 2128/2774
f 2017/2772 2022/2775 2124/2776 2123/2773
f 2020/2777 2019/2778 2030/2779 2029/2780
f 2019/2778 2018/2781 2031/2782 2030/2779
f 2027/2783 2026/2784 2129/2785 2134/2786
f 2026/2784 2031/2787 2130/2788 2129/2785
f 2029/2789 2028/2790 2033/2791 2032/2792
f 2028/2790 2027/2783 2034/2793 2033/2791
f 2049/2794 2048/2795 2055/2796 2054/2797
f 2048/2795 2047/2798 2056/2799 2055/2796
f 2054/2797 2053/2800 2067/2801 2066/2802
f 2053/2800 2058/2803 2068/2804 2067/2801
f 2058/2805 2057/2806 2061/2807 2060/2808
f 2057/2806 2056/2809 2062/2810 2061/2807
f 2060/2811 2059/2812 2075/2813 2074/2814
f 2059/2812 2064/2815 2076/2816 2075/2813
f 2066/2802 2065/2817 2078/2818 2077/2819
f 2065/2817 2070/2820 2079/2821 2078/2818
f 2070/2822 2069/2823 2073/2824 2072/2825
f 2069/2823 2068/2826 2074/2827 2073/2824
f 2072/2828 2071/2829 2081/2830 2080/2831
f 2071/2829 2076/2816 2082/2832 2081/2830
f 2084/2833 2083/2834 2153/2835 2152/2836
f 2083/2837 2089/2838 2154/2839 2153/2840
f 2086/2770 2085/2841 2113/2842 2112/2767
f 2085/2841 2084/2833 2107/2843 2113/2842
f 2088/2844 2087/2845 2095/2846 2094/2847
f 2087/2848 2086/2770 2096/2769 2095/2849
f 2093/2850 2092/2851 2156/2852 2155/2853
f 2092/2854 2091/2855 2157/2856 2156/2857
f 2091/2855 2097/2858 2101/2859 2100/2860
f 2097/2861 2096/2769 2102/2768 2101/2862
f 2100/2860 2099/2863 2159/2864 2158/2865
f 2099/2866 2105/2867 2160/2868 2159/2869
f 2104/2870 2103/2871 2111/2872 2110/2873
f 2103/2874 2102/2768 2112/2767 2111/2875
f 2109/2876 2108/2877 2150/2878 2149/2879
f 2108/2880 2107/2843 2151/2881 2150/2882
f 2116/2883 2115/2884 2165/2885 2164/2886
f 2115/2884 2121/2887 2166/2888 2165/2885
f 2118/2889 2117/2890 2141/2891 2140/2892
f 2117/2890 2116/2893 2135/2894 2141/2891
f 2120/2895 2119/2896 2125/2897 2124/2776
f 2119/2896 2118/2898 2126/2899 2125/2897
f 2128/2900 2127/2901 2131/2902 2130/2903
f 2127/2901 2126/2904 2132/2905 2131/2902
f 2134/2786 2133/2906 2139/2907 2138/2908
f 2133/2906 2132/2909 2140/2910 2139/2907
f 2137/2911 2136/2912 2162/2913 2161/2914
f 2136/2912 2135/2915 2163/2916 2162/2913
f 2020/2777 2029/2780 2032/2917 2023/2918
f 2023/2918 2032/2917 2213/2919 2214/2920
f 2035/2921 2038/2922 2044/2923 2041/2924
f 2183/2925 2184/2926 2050/2927 2047/2928
f 2047/2928 2050/2927 2062/2810 2056/2809
f 2058/2805 2060/2808 2074/2827 2068/2826
f 2070/2822 2072/2825 2080/2929 2079/2930
f 2128/2900 2130/2903 2031/2782 2018/2781
f 2027/2783 2134/2786 2138/2908 2034/2793
f 2205/2931 2137/2911 2105/2867 2193/2932
f 2040/2933 2104/2870 2110/2873 2046/2934
f 2186/2935 2109/2876 2082/2832 2052/2936
f 2052/2936 2082/2832 2076/2816 2064/2815
f 2124/2776 2022/2775 2025/2937 2120/2895
f 2088/2844 2094/2847 2037/2938 2043/2939
f 2077/2819 2049/2794 2054/2797 2066/2802
f 2079/2940 2080/2941 2146/2942 2145/2943
f 2082/2832 2109/2876 2149/2879 2148/2944
f 2154/2839 2089/2838 2077/2819 2143/2945
f 2160/2868 2105/2867 2137/2911 2161/2914
f 2166/2888 2121/2887 2093/2850 2155/2853
f 2154/2839 2143/2945 2217/2946 2224/2947
f 2151/2881 2152/2836 2223/2948 2222/2949
f 2148/2944 2149/2879 2221/2950 2220/2951
f 2145/2943 2146/2942 2219/2952 2218/2953
f 2166/2888 2155/2853 2225/2954 2232/2955
f 2163/2956 2164/2957 2231/2958 2230/2959
f 2160/2868 2161/2914 2229/2960 2228/2961
f 2157/2856 2158/2865 2227/2962 2226/2963
f 2089/2838 2181/2964 2049/2794 2077/2819
f 2122/2965 2120/2895 2025/2937 2216/2966
f 2151/2881 2107/2843 2084/2833 2152/2836
f 2157/2856 2091/2855 2100/2860 2158/2865
f 2163/2956 2135/2894 2116/2893 2164/2957
f 2126/2904 2118/2889 2140/2892 2132/2905
f 2022/2775 2021/2967 2024/2968 2025/2937
f 2021/2967 2020/2969 2023/2970 2024/2968
f 2032/2792 2033/2791 2212/2971 2213/2972
f 2033/2791 2034/2793 2211/2973 2212/2971
f 2025/2937 2024/2968 2215/2974 2216/2966
f 2024/2968 2023/2970 2214/2975 2215/2974
f 2038/2976 2039/2977 2045/2978 2044/2979
f 2039/2977 2040/2933 2046/2934 2045/2978
f 2037/2938 2036/2980 2042/2981 2043/2939
f 2036/2980 2035/2982 2041/2983 2042/2981
f 2184/2984 2185/2985 2051/2986 2050/2987
f 2185/2985 2186/2935 2052/2936 2051/2986
f 2181/2964 2182/2988 2048/2795 2049/2794
f 2182/2988 2183/2989 2047/2798 2048/2795
f 2050/2987 2051/2986 2063/2990 2062/2991
f 2051/2986 2052/2936 2064/2815 2063/2990
f 2077/2819 2078/2818 2144/2992 2143/2945
f 2078/2818 2079/2821 2145/2993 2144/2992
f 2080/2831 2081/2830 2147/2994 2146/2995
f 2081/2830 2082/2832 2148/2944 2147/2994
f 2143/2945 2144/2992 2233/2996 2217/2946
f 2144/2992 2145/2993 2218/2997 2233/2996
f 2146/2995 2147/2994 2234/2998 2219/2999
f 2147/2994 2148/2944 2220/2951 2234/2998
f 2149/2879 2150/2878 2235/3000 2221/2950
f 2150/2882 2151/2881 2222/2949 2235/3001
f 2152/2836 2153/2835 2236/3002 2223/2948
f 2153/2840 2154/2839 2224/2947 2236/3003
f 2155/2853 2156/2852 2237/3004 2225/2954
f 2156/2857 2157/2856 2226/2963 2237/3005
f 2158/2865 2159/2864 2238/3006 2227/2962
f 2159/2869 2160/2868 2228/2961 2238/3007
f 2161/2914 2162/2913 2239/3008 2229/2960
f 2162/2913 2163/2916 2230/3009 2239/3008
f 2164/2886 2165/2885 2240/3010 2231/3011
f 2165/2885 2166/2888 2232/2955 2240/3010
f 2021/2967 2022/2775 2017/2772 2167/3012
f 2017/2772 2018/2771 2019/3013 2167/3012
f 2019/3013 2020/2969 2021/2967 2167/3012
f 2030/3014 2031/2787 2026/2784 2168/3015
f 2026/2784 2027/2783 2028/2790 2168/3015
f 2028/2790 2029/2789 2030/3014 2168/3015
f 2057/3016 2058/2803 2053/2800 2169/3017
f 2053/2800 2054/2797 2055/2796 2169/3017
f 2055/2796 2056/2799 2057/3016 2169/3017
f 2063/2990 2064/2815 2059/2812 2170/3018
f 2059/2812 2060/2811 2061/3019 2170/3018
f 2061/3019 2062/2991 2063/2990 2170/3018
f 2069/3020 2070/2820 2065/2817 2171/3021
f 2065/2817 2066/2802 2067/2801 2171/3021
f 2067/2801 2068/2804 2069/3020 2171/3021
f 2075/2813 2076/2816 2071/2829 2172/3022
f 2071/2829 2072/2828 2073/3023 2172/3022
f 2073/3023 2074/2814 2075/2813 2172/3022
f 2090/3024 2089/2838 2083/2837 2173/3025
f 2083/2834 2084/2833 2085/2841 2173/3026
f 2085/2841 2086/2770 2087/2848 2173/3026
f 2087/2845 2088/2844 2090/3024 2173/3025
f 2097/2858 2091/2855 2092/2854 2174/3027
f 2092/2851 2093/2850 2098/3028 2174/3029
f 2098/3028 2094/2847 2095/2846 2174/3029
f 2095/2849 2096/2769 2097/2861 2174/3030
f 2106/3031 2105/2867 2099/2866 2175/3032
f 2099/2863 2100/2860 2101/2859 2175/3033
f 2101/2862 2102/2768 2103/2874 2175/3034
f 2103/2871 2104/2870 2106/3031 2175/3032
f 2113/2842 2107/2843 2108/2880 2176/3035
f 2108/2877 2109/2876 2114/3036 2176/3037
f 2114/3036 2110/2873 2111/2872 2176/3037
f 2111/2875 2112/2767 2113/2842 2176/3035
f 2122/2965 2121/2887 2115/2884 2177/3038
f 2115/2884 2116/2883 2117/3039 2177/3038
f 2117/3039 2118/2898 2119/2896 2177/3038
f 2119/2896 2120/2895 2122/2965 2177/3038
f 2127/3040 2128/2774 2123/2773 2178/3041
f 2123/2773 2124/2776 2125/2897 2178/3041
f 2125/2897 2126/2899 2127/3040 2178/3041
f 2133/2906 2134/2786 2129/2785 2179/3042
f 2129/2785 2130/2788 2131/3043 2179/3042
f 2131/3043 2132/2909 2133/2906 2179/3042
f 2141/3044 2135/2915 2136/2912 2180/3045
f 2136/2912 2137/2911 2142/3046 2180/3045
f 2142/3046 2138/2908 2139/2907 2180/3045
f 2139/2907 2140/2910 2141/3044 2180/3045
f 2089/2838 2090/3024 2192/3047 2181/2964
f 2043/2939 2042/2981 2191/3048 2192/3047
f 2042/2981 2041/2983 2190/3049 2191/3048
f 2041/2924 2044/2923 2189/3050 2190/3051
f 2044/2979 2045/2978 2188/3052 2189/3053
f 2045/2978 2046/2934 2187/3054 2188/3052
f 2046/2934 2110/2873 2114/3036 2187/3054
f 2188/3052 2187/3054 2186/2935 2185/2985
f 2189/3053 2188/3052 2185/2985 2184/2984
f 2190/3051 2189/3050 2184/2926 2183/2925
f 2191/3048 2190/3049 2183/2989 2182/2988
f 2192/3047 2191/3048 2182/2988 2181/2964
f 2192/3047 2090/3024 2088/2844 2043/2939
f 2187/3054 2114/3036 2109/2876 2186/2935
f 2193/2932 2105/2867 2106/3031 2204/3055
f 2203/3056 2204/3055 2040/2933 2039/2977
f 2202/3057 2203/3056 2039/2977 2038/2976
f 2201/3058 2202/3059 2038/2922 2035/2921
f 2200/3060 2201/3061 2035/2982 2036/2980
f 2199/3062 2200/3060 2036/2980 2037/2938
f 2098/3028 2199/3062 2037/2938 2094/2847
f 2198/3063 2197/3064 2200/3060 2199/3062
f 2197/3064 2196/3065 2201/3061 2200/3060
f 2196/3066 2195/3067 2202/3059 2201/3058
f 2195/3068 2194/3069 2203/3056 2202/3057
f 2194/3069 2193/2932 2204/3055 2203/3056
f 2093/2850 2198/3063 2199/3062 2098/3028
f 2204/3055 2106/3031 2104/2870 2040/2933
f 2206/3070 2205/2931 2193/2932 2194/3069
f 2207/3071 2206/3070 2194/3069 2195/3068
f 2208/3072 2207/3073 2195/3067 2196/3066
f 2209/3074 2208/3075 2196/3065 2197/3064
f 2210/3076 2209/3074 2197/3064 2198/3063
f 2211/2973 2142/3046 2137/2911 2205/2931
f 2212/2971 2211/2973 2205/2931 2206/3070
f 2213/2972 2212/2971 2206/3070 2207/3071
f 2214/2920 2213/2919 2207/3073 2208/3072
f 2215/2974 2214/2975 2208/3075 2209/3074
f 2216/2966 2215/2974 2209/3074 2210/3076
f 2034/2793 2138/2908 2142/3046 2211/2973
f 2121/2887 2210/3076 2198/3063 2093/2850
f 2122/2965 2216/2966 2210/3076 2121/2887
f 2288/3077 2262/3078 2272/3079 2278/3080
f 2242/3081 2253/3082 2254/3083 2241/3084
f 2241/3084 2254/3083 2255/3085 2246/3086
f 2246/3087 2248/3088 2249/3089 2245/3090
f 2245/3090 2249/3089 2250/3091 2244/3092
f 2248/3093 2256/3094 2257/3095 2247/3096
f 2247/3096 2257/3095 2258/3097 2252/3098
f 2260/3099 2328/3100 2329/3101 2259/3102
f 2259/3103 2329/3104 2330/3105 2265/3106
f 2262/3078 2288/3077 2289/3107 2261/3108
f 2261/3108 2289/3107 2283/3109 2260/3099
f 2264/3110 2270/3111 2271/3112 2263/3113
f 2263/3114 2271/3115 2272/3079 2262/3078
f 2269/3116 2331/3117 2332/3118 2268/3119
f 2268/3120 2332/3121 2333/3122 2267/3123
f 2267/3123 2276/3124 2277/3125 2273/3126
f 2273/3126 2277/3125 2278/3080 2272/3079
f 2276/3124 2334/3127 2335/3128 2275/3129
f 2275/3130 2335/3131 2336/3132 2281/3133
f 2280/3134 2286/3135 2287/3136 2279/3137
f 2279/3138 2287/3139 2288/3077 2278/3080
f 2285/3140 2325/3141 2326/3142 2284/3143
f 2284/3144 2326/3145 2327/3146 2283/3109
f 2292/3147 2340/3148 2341/3149 2291/3150
f 2291/3150 2341/3149 2342/3151 2297/3152
f 2294/3153 2316/3154 2317/3155 2293/3156
f 2293/3156 2317/3155 2311/3157 2292/3158
f 2296/3159 2300/3160 2301/3161 2295/3162
f 2295/3162 2301/3161 2302/3163 2294/3164
f 2304/3165 2306/3166 2307/3167 2303/3168
f 2303/3168 2307/3167 2308/3169 2302/3170
f 2310/3171 2314/3172 2315/3173 2309/3174
f 2309/3174 2315/3173 2316/3175 2308/3176
f 2313/3177 2337/3178 2338/3179 2312/3180
f 2312/3180 2338/3179 2339/3181 2311/3182
f 2246/3087 2255/3183 2256/3184 2248/3088
f 2306/3166 2304/3165 2640/3185 2642/3186
f 2300/3160 2296/3159 2632/3187 2636/3188
f 2270/3111 2264/3110 2600/3189 2606/3190
f 2253/3082 2242/3081 2578/3191 2589/3192
f 2255/3183 2321/3193 2322/3194 2256/3184
f 2258/3097 2324/3195 2325/3141 2285/3140
f 2330/3105 2319/3196 2253/3082 2265/3106
f 2336/3132 2337/3178 2313/3177 2281/3133
f 2342/3151 2331/3117 2269/3116 2297/3152
f 2330/3105 2224/2947 2217/2946 2319/3196
f 2327/3146 2222/2949 2223/2948 2328/3100
f 2324/3195 2220/2951 2221/2950 2325/3141
f 2321/3193 2218/2953 2219/2952 2322/3194
f 2342/3151 2232/2955 2225/2954 2331/3117
f 2339/3197 2230/2959 2231/2958 2340/3198
f 2336/3132 2228/2961 2229/2960 2337/3178
f 2333/3122 2226/2963 2227/2962 2334/3127
f 2265/3106 2253/3082 2589/3192 2601/3199
f 2296/3159 2298/3200 2634/3201 2632/3187
f 2327/3146 2328/3100 2260/3099 2283/3109
f 2333/3122 2334/3127 2276/3124 2267/3123
f 2339/3197 2340/3198 2292/3158 2311/3157
f 2302/3170 2308/3169 2316/3154 2294/3153
f 2253/3082 2319/3196 2320/3202 2254/3083
f 2254/3083 2320/3202 2321/3203 2255/3085
f 2256/3094 2322/3204 2323/3205 2257/3095
f 2257/3095 2323/3205 2324/3195 2258/3097
f 2319/3196 2217/2946 2233/2996 2320/3202
f 2320/3202 2233/2996 2218/2997 2321/3203
f 2322/3204 2219/2999 2234/2998 2323/3205
f 2323/3205 2234/2998 2220/2951 2324/3195
f 2325/3141 2221/2950 2235/3000 2326/3142
f 2326/3145 2235/3001 2222/2949 2327/3146
f 2328/3100 2223/2948 2236/3002 2329/3101
f 2329/3104 2236/3003 2224/2947 2330/3105
f 2331/3117 2225/2954 2237/3004 2332/3118
f 2332/3121 2237/3005 2226/2963 2333/3122
f 2334/3127 2227/2962 2238/3006 2335/3128
f 2335/3131 2238/3007 2228/2961 2336/3132
f 2337/3178 2229/2960 2239/3008 2338/3179
f 2338/3179 2239/3008 2230/3009 2339/3181
f 2340/3148 2231/3011 2240/3010 2341/3149
f 2341/3149 2240/3010 2232/2955 2342/3151
f 2245/3206 2343/3207 2241/3084 2246/3086
f 2241/3084 2343/3207 2243/3208 2242/3081
f 2243/3208 2343/3207 2245/3206 2244/3209
f 2251/3210 2344/3211 2247/3096 2252/3098
f 2247/3096 2344/3211 2249/3212 2248/3093
f 2249/3212 2344/3211 2251/3210 2250/3213
f 2266/3214 2345/3215 2259/3103 2265/3106
f 2259/3102 2345/3216 2261/3108 2260/3099
f 2261/3108 2345/3216 2263/3114 2262/3078
f 2263/3113 2345/3215 2266/3214 2264/3110
f 2273/3126 2346/3217 2268/3120 2267/3123
f 2268/3119 2346/3218 2274/3219 2269/3116
f 2274/3219 2346/3218 2271/3112 2270/3111
f 2271/3115 2346/3217 2273/3126 2272/3079
f 2282/3220 2347/3221 2275/3130 2281/3133
f 2275/3129 2347/3222 2277/3125 2276/3124
f 2277/3125 2347/3222 2279/3138 2278/3080
f 2279/3137 2347/3221 2282/3220 2280/3134
f 2289/3107 2348/3223 2284/3144 2283/3109
f 2284/3143 2348/3224 2290/3225 2285/3140
f 2290/3225 2348/3224 2287/3136 2286/3135
f 2287/3139 2348/3223 2289/3107 2288/3077
f 2298/3200 2349/3226 2291/3150 2297/3152
f 2291/3150 2349/3226 2293/3227 2292/3147
f 2293/3227 2349/3226 2295/3162 2294/3164
f 2295/3162 2349/3226 2298/3200 2296/3159
f 2303/3228 2350/3229 2299/3230 2304/3231
f 2299/3230 2350/3229 2301/3161 2300/3160
f 2301/3161 2350/3229 2303/3228 2302/3163
f 2309/3174 2351/3232 2305/3233 2310/3171
f 2305/3233 2351/3232 2307/3234 2306/3235
f 2307/3234 2351/3232 2309/3174 2308/3176
f 2317/3236 2352/3237 2312/3180 2311/3182
f 2312/3180 2352/3237 2318/3238 2313/3177
f 2318/3238 2352/3237 2315/3173 2314/3172
f 2315/3173 2352/3237 2317/3236 2316/3175
f 2266/3214 2265/3106 2601/3199 2602/3239
f 2274/3219 2270/3111 2606/3190 2610/3240
f 2269/3116 2274/3219 2610/3240 2605/3241
f 2297/3152 2269/3116 2605/3241 2633/3242
f 2298/3200 2297/3152 2633/3242 2634/3201
f 2448/3243 2422/3244 2432/3245 2438/3246
f 2354/3247 2464/3248 2459/3249 2353/3250
f 2353/3250 2459/3249 2460/3251 2358/3252
f 2356/3253 2365/3254 2366/3255 2355/3256
f 2355/3256 2366/3255 2367/3257 2354/3258
f 2363/3259 2470/3260 2465/3261 2362/3262
f 2362/3262 2465/3261 2466/3263 2367/3264
f 2365/3265 2368/3266 2369/3267 2364/3268
f 2364/3268 2369/3267 2370/3269 2363/3259
f 2385/3270 2390/3271 2391/3272 2384/3273
f 2384/3273 2391/3272 2392/3274 2383/3275
f 2390/3271 2402/3276 2403/3277 2389/3278
f 2389/3278 2403/3277 2404/3279 2394/3280
f 2394/3281 2396/3282 2397/3283 2393/3284
f 2393/3284 2397/3283 2398/3285 2392/3286
f 2396/3287 2410/3288 2411/3289 2395/3290
f 2395/3290 2411/3289 2412/3291 2400/3292
f 2402/3276 2413/3293 2414/3294 2401/3295
f 2401/3295 2414/3294 2415/3296 2406/3297
f 2406/3298 2408/3299 2409/3300 2405/3301
f 2405/3301 2409/3300 2410/3302 2404/3303
f 2408/3304 2416/3305 2417/3306 2407/3307
f 2407/3307 2417/3306 2418/3308 2412/3291
f 2420/3309 2488/3310 2489/3311 2419/3312
f 2419/3313 2489/3314 2490/3315 2425/3316
f 2422/3244 2448/3243 2449/3317 2421/3318
f 2421/3318 2449/3317 2443/3319 2420/3309
f 2424/3320 2430/3321 2431/3322 2423/3323
f 2423/3324 2431/3325 2432/3245 2422/3244
f 2429/3326 2491/3327 2492/3328 2428/3329
f 2428/3330 2492/3331 2493/3332 2427/3333
f 2427/3333 2436/3334 2437/3335 2433/3336
f 2433/3336 2437/3335 2438/3246 2432/3245
f 2436/3334 2494/3337 2495/3338 2435/3339
f 2435/3340 2495/3341 2496/3342 2441/3343
f 2440/3344 2446/3345 2447/3346 2439/3347
f 2439/3348 2447/3349 2448/3243 2438/3246
f 2445/3350 2485/3351 2486/3352 2444/3353
f 2444/3354 2486/3355 2487/3356 2443/3319
f 2452/3357 2500/3358 2501/3359 2451/3360
f 2451/3360 2501/3359 2502/3361 2457/3362
f 2454/3363 2476/3364 2477/3365 2453/3366
f 2453/3366 2477/3365 2471/3367 2452/3368
f 2456/3369 2460/3251 2461/3370 2455/3371
f 2455/3371 2461/3370 2462/3372 2454/3373
f 2464/3374 2466/3375 2467/3376 2463/3377
f 2463/3377 2467/3376 2468/3378 2462/3379
f 2470/3260 2474/3380 2475/3381 2469/3382
f 2469/3382 2475/3381 2476/3383 2468/3384
f 2473/3385 2497/3386 2498/3387 2472/3388
f 2472/3388 2498/3387 2499/3389 2471/3390
f 2356/3253 2359/3391 2368/3392 2365/3254
f 2359/3391 2550/3393 2549/3394 2368/3392
f 2371/3395 2377/3396 2380/3397 2374/3398
f 2519/3399 2383/3400 2386/3401 2520/3402
f 2383/3400 2392/3286 2398/3285 2386/3401
f 2394/3281 2404/3303 2410/3302 2396/3282
f 2406/3298 2415/3403 2416/3404 2408/3299
f 2464/3374 2354/3258 2367/3257 2466/3375
f 2363/3259 2370/3269 2474/3380 2470/3260
f 2541/3405 2529/3406 2441/3343 2473/3385
f 2376/3407 2382/3408 2446/3345 2440/3344
f 2522/3409 2388/3410 2418/3308 2445/3350
f 2388/3410 2400/3292 2412/3291 2418/3308
f 2460/3251 2456/3369 2361/3411 2358/3252
f 2424/3320 2379/3412 2373/3413 2430/3321
f 2413/3293 2402/3276 2390/3271 2385/3270
f 2415/3403 2481/3414 2482/3415 2416/3404
f 2418/3308 2484/3416 2485/3351 2445/3350
f 2490/3315 2479/3417 2413/3293 2425/3316
f 2496/3342 2497/3386 2473/3385 2441/3343
f 2502/3361 2491/3327 2429/3326 2457/3362
f 2490/3315 2560/3418 2553/3419 2479/3417
f 2487/3356 2558/3420 2559/3421 2488/3310
f 2484/3416 2556/3422 2557/3423 2485/3351
f 2481/3414 2554/3424 2555/3425 2482/3415
f 2502/3361 2568/3426 2561/3427 2491/3327
f 2499/3428 2566/3429 2567/3430 2500/3431
f 2496/3342 2564/3432 2565/3433 2497/3386
f 2493/3332 2562/3434 2563/3435 2494/3337
f 2425/3316 2413/3293 2385/3270 2517/3436
f 2458/3437 2552/3438 2361/3411 2456/3369
f 2487/3356 2488/3310 2420/3309 2443/3319
f 2493/3332 2494/3337 2436/3334 2427/3333
f 2499/3428 2500/3431 2452/3368 2471/3367
f 2462/3379 2468/3378 2476/3364 2454/3363
f 2358/3252 2361/3411 2360/3439 2357/3440
f 2357/3440 2360/3439 2359/3441 2356/3442
f 2368/3266 2549/3443 2548/3444 2369/3267
f 2369/3267 2548/3444 2547/3445 2370/3269
f 2361/3411 2552/3438 2551/3446 2360/3439
f 2360/3439 2551/3446 2550/3447 2359/3441
f 2374/3448 2380/3449 2381/3450 2375/3451
f 2375/3451 2381/3450 2382/3408 2376/3407
f 2373/3413 2379/3412 2378/3452 2372/3453
f 2372/3453 2378/3452 2377/3454 2371/3455
f 2520/3456 2386/3457 2387/3458 2521/3459
f 2521/3459 2387/3458 2388/3410 2522/3409
f 2517/3436 2385/3270 2384/3273 2518/3460
f 2518/3460 2384/3273 2383/3275 2519/3461
f 2386/3457 2398/3462 2399/3463 2387/3458
f 2387/3458 2399/3463 2400/3292 2388/3410
f 2413/3293 2479/3417 2480/3464 2414/3294
f 2414/3294 2480/3464 2481/3465 2415/3296
f 2416/3305 2482/3466 2483/3467 2417/3306
f 2417/3306 2483/3467 2484/3416 2418/3308
f 2479/3417 2553/3419 2569/3468 2480/3464
f 2480/3464 2569/3468 2554/3469 2481/3465
f 2482/3466 2555/3470 2570/3471 2483/3467
f 2483/3467 2570/3471 2556/3422 2484/3416
f 2485/3351 2557/3423 2571/3472 2486/3352
f 2486/3355 2571/3473 2558/3420 2487/3356
f 2488/3310 2559/3421 2572/3474 2489/3311
f 2489/3314 2572/3475 2560/3418 2490/3315
f 2491/3327 2561/3427 2573/3476 2492/3328
f 2492/3331 2573/3477 2562/3434 2493/3332
f 2494/3337 2563/3435 2574/3478 2495/3338
f 2495/3341 2574/3479 2564/3432 2496/3342
f 2497/3386 2565/3433 2575/3480 2498/3387
f 2498/3387 2575/3480 2566/3481 2499/3389
f 2500/3358 2567/3482 2576/3483 2501/3359
f 2501/3359 2576/3483 2568/3426 2502/3361
f 2357/3440 2503/3484 2353/3250 2358/3252
f 2353/3250 2503/3484 2355/3485 2354/3247
f 2355/3485 2503/3484 2357/3440 2356/3442
f 2366/3486 2504/3487 2362/3262 2367/3264
f 2362/3262 2504/3487 2364/3268 2363/3259
f 2364/3268 2504/3487 2366/3486 2365/3265
f 2393/3488 2505/3489 2389/3278 2394/3280
f 2389/3278 2505/3489 2391/3272 2390/3271
f 2391/3272 2505/3489 2393/3488 2392/3274
f 2399/3463 2506/3490 2395/3290 2400/3292
f 2395/3290 2506/3490 2397/3491 2396/3287
f 2397/3491 2506/3490 2399/3463 2398/3462
f 2405/3492 2507/3493 2401/3295 2406/3297
f 2401/3295 2507/3493 2403/3277 2402/3276
f 2403/3277 2507/3493 2405/3492 2404/3279
f 2411/3289 2508/3494 2407/3307 2412/3291
f 2407/3307 2508/3494 2409/3495 2408/3304
f 2409/3495 2508/3494 2411/3289 2410/3288
f 2426/3496 2509/3497 2419/3313 2425/3316
f 2419/3312 2509/3498 2421/3318 2420/3309
f 2421/3318 2509/3498 2423/3324 2422/3244
f 2423/3323 2509/3497 2426/3496 2424/3320
f 2433/3336 2510/3499 2428/3330 2427/3333
f 2428/3329 2510/3500 2434/3501 2429/3326
f 2434/3501 2510/3500 2431/3322 2430/3321
f 2431/3325 2510/3499 2433/3336 2432/3245
f 2442/3502 2511/3503 2435/3340 2441/3343
f 2435/3339 2511/3504 2437/3335 2436/3334
f 2437/3335 2511/3504 2439/3348 2438/3246
f 2439/3347 2511/3503 2442/3502 2440/3344
f 2449/3317 2512/3505 2444/3354 2443/3319
f 2444/3353 2512/3506 2450/3507 2445/3350
f 2450/3507 2512/3506 2447/3346 2446/3345
f 2447/3349 2512/3505 2449/3317 2448/3243
f 2458/3437 2513/3508 2451/3360 2457/3362
f 2451/3360 2513/3508 2453/3509 2452/3357
f 2453/3509 2513/3508 2455/3371 2454/3373
f 2455/3371 2513/3508 2458/3437 2456/3369
f 2463/3510 2514/3511 2459/3249 2464/3248
f 2459/3249 2514/3511 2461/3370 2460/3251
f 2461/3370 2514/3511 2463/3510 2462/3372
f 2469/3382 2515/3512 2465/3261 2470/3260
f 2465/3261 2515/3512 2467/3513 2466/3263
f 2467/3513 2515/3512 2469/3382 2468/3384
f 2477/3514 2516/3515 2472/3388 2471/3390
f 2472/3388 2516/3515 2478/3516 2473/3385
f 2478/3516 2516/3515 2475/3381 2474/3380
f 2475/3381 2516/3515 2477/3514 2476/3383
f 2425/3316 2517/3436 2528/3517 2426/3496
f 2379/3412 2528/3517 2527/3518 2378/3452
f 2378/3452 2527/3518 2526/3519 2377/3454
f 2377/3396 2526/3520 2525/3521 2380/3397
f 2380/3449 2525/3522 2524/3523 2381/3450
f 2381/3450 2524/3523 2523/3524 2382/3408
f 2382/3408 2523/3524 2450/3507 2446/3345
f 2524/3523 2521/3459 2522/3409 2523/3524
f 2525/3522 2520/3456 2521/3459 2524/3523
f 2526/3520 2519/3399 2520/3402 2525/3521
f 2527/3518 2518/3460 2519/3461 2526/3519
f 2528/3517 2517/3436 2518/3460 2527/3518
f 2528/3517 2379/3412 2424/3320 2426/3496
f 2523/3524 2522/3409 2445/3350 2450/3507
f 2529/3406 2540/3525 2442/3502 2441/3343
f 2539/3526 2375/3451 2376/3407 2540/3525
f 2538/3527 2374/3448 2375/3451 2539/3526
f 2537/3528 2371/3395 2374/3398 2538/3529
f 2536/3530 2372/3453 2371/3455 2537/3531
f 2535/3532 2373/3413 2372/3453 2536/3530
f 2434/3501 2430/3321 2373/3413 2535/3532
f 2534/3533 2535/3532 2536/3530 2533/3534
f 2533/3534 2536/3530 2537/3531 2532/3535
f 2532/3536 2537/3528 2538/3529 2531/3537
f 2531/3538 2538/3527 2539/3526 2530/3539
f 2530/3539 2539/3526 2540/3525 2529/3406
f 2429/3326 2434/3501 2535/3532 2534/3533
f 2540/3525 2376/3407 2440/3344 2442/3502
f 2542/3540 2530/3539 2529/3406 2541/3405
f 2543/3541 2531/3538 2530/3539 2542/3540
f 2544/3542 2532/3536 2531/3537 2543/3543
f 2545/3544 2533/3534 2532/3535 2544/3545
f 2546/3546 2534/3533 2533/3534 2545/3544
f 2547/3445 2541/3405 2473/3385 2478/3516
f 2548/3444 2542/3540 2541/3405 2547/3445
f 2549/3443 2543/3541 2542/3540 2548/3444
f 2550/3393 2544/3542 2543/3543 2549/3394
f 2551/3446 2545/3544 2544/3545 2550/3447
f 2552/3438 2546/3546 2545/3544 2551/3446
f 2370/3269 2547/3445 2478/3516 2474/3380
f 2457/3362 2429/3326 2534/3533 2546/3546
f 2458/3437 2457/3362 2546/3546 2552/3438
f 2624/3547 2614/3548 2608/3549 2598/3550
f 2578/3191 2577/3551 2590/3552 2589/3192
f 2577/3551 2582/3553 2591/3554 2590/3552
f 2582/3555 2581/3556 2585/3557 2584/3558
f 2581/3556 2580/3559 2586/3560 2585/3557
f 2584/3561 2583/3562 2593/3563 2592/3564
f 2583/3562 2588/3565 2594/3566 2593/3563
f 2596/3567 2595/3568 2665/3569 2664/3570
f 2595/3571 2601/3199 2666/3572 2665/3573
f 2598/3550 2597/3574 2625/3575 2624/3547
f 2597/3574 2596/3567 2619/3576 2625/3575
f 2600/3189 2599/3577 2607/3578 2606/3190
f 2599/3579 2598/3550 2608/3549 2607/3580
f 2605/3241 2604/3581 2668/3582 2667/3583
f 2604/3584 2603/3585 2669/3586 2668/3587
f 2603/3585 2609/3588 2613/3589 2612/3590
f 2609/3591 2608/3549 2614/3548 2613/3592
f 2612/3590 2611/3593 2671/3594 2670/3595
f 2611/3596 2617/3597 2672/3598 2671/3599
f 2616/3600 2615/3601 2623/3602 2622/3603
f 2615/3604 2614/3548 2624/3547 2623/3605
f 2621/3606 2620/3607 2662/3608 2661/3609
f 2620/3610 2619/3576 2663/3611 2662/3612
f 2628/3613 2627/3614 2677/3615 2676/3616
f 2627/3614 2633/3242 2678/3617 2677/3615
f 2630/3618 2629/3619 2653/3620 2652/3621
f 2629/3619 2628/3622 2647/3623 2653/3620
f 2632/3187 2631/3624 2637/3625 2636/3188
f 2631/3624 2630/3626 2638/3627 2637/3625
f 2640/3185 2639/3628 2643/3629 2642/3186
f 2639/3628 2638/3630 2644/3631 2643/3629
f 2646/3632 2645/3633 2651/3634 2650/3635
f 2645/3633 2644/3636 2652/3637 2651/3634
f 2649/3638 2648/3639 2674/3640 2673/3641
f 2648/3639 2647/3642 2675/3643 2674/3640
f 2582/3555 2584/3558 2592/3644 2591/3645
f 2591/3645 2592/3644 2658/3646 2657/3647
f 2594/3566 2621/3606 2661/3609 2660/3648
f 2666/3572 2601/3199 2589/3192 2655/3649
f 2672/3598 2617/3597 2649/3638 2673/3641
f 2678/3617 2633/3242 2605/3241 2667/3583
f 2666/3572 2655/3649 2553/3419 2560/3418
f 2663/3611 2664/3570 2559/3421 2558/3420
f 2660/3648 2661/3609 2557/3423 2556/3422
f 2657/3647 2658/3646 2555/3425 2554/3424
f 2678/3617 2667/3583 2561/3427 2568/3426
f 2675/3650 2676/3651 2567/3430 2566/3429
f 2672/3598 2673/3641 2565/3433 2564/3432
f 2669/3586 2670/3595 2563/3435 2562/3434
f 2663/3611 2619/3576 2596/3567 2664/3570
f 2669/3586 2603/3585 2612/3590 2670/3595
f 2675/3650 2647/3623 2628/3622 2676/3651
f 2638/3630 2630/3618 2652/3621 2644/3631
f 2589/3192 2590/3552 2656/3652 2655/3649
f 2590/3552 2591/3554 2657/3653 2656/3652
f 2592/3564 2593/3563 2659/3654 2658/3655
f 2593/3563 2594/3566 2660/3648 2659/3654
f 2655/3649 2656/3652 2569/3468 2553/3419
f 2656/3652 2657/3653 2554/3469 2569/3468
f 2658/3655 2659/3654 2570/3471 2555/3470
f 2659/3654 2660/3648 2556/3422 2570/3471
f 2661/3609 2662/3608 2571/3472 2557/3423
f 2662/3612 2663/3611 2558/3420 2571/3473
f 2664/3570 2665/3569 2572/3474 2559/3421
f 2665/3573 2666/3572 2560/3418 2572/3475
f 2667/3583 2668/3582 2573/3476 2561/3427
f 2668/3587 2669/3586 2562/3434 2573/3477
f 2670/3595 2671/3594 2574/3478 2563/3435
f 2671/3599 2672/3598 2564/3432 2574/3479
f 2673/3641 2674/3640 2575/3480 2565/3433
f 2674/3640 2675/3643 2566/3481 2575/3480
f 2676/3616 2677/3615 2576/3483 2567/3482
f 2677/3615 2678/3617 2568/3426 2576/3483
f 2581/3656 2582/3553 2577/3551 2679/3657
f 2577/3551 2578/3191 2579/3658 2679/3657
f 2579/3658 2580/3659 2581/3656 2679/3657
f 2587/3660 2588/3565 2583/3562 2680/3661
f 2583/3562 2584/3561 2585/3662 2680/3661
f 2585/3662 2586/3663 2587/3660 2680/3661
f 2602/3239 2601/3199 2595/3571 2681/3664
f 2595/3568 2596/3567 2597/3574 2681/3665
f 2597/3574 2598/3550 2599/3579 2681/3665
f 2599/3577 2600/3189 2602/3239 2681/3664
f 2609/3588 2603/3585 2604/3584 2682/3666
f 2604/3581 2605/3241 2610/3240 2682/3667
f 2610/3240 2606/3190 2607/3578 2682/3667
f 2607/3580 2608/3549 2609/3591 2682/3668
f 2618/3669 2617/3597 2611/3596 2683/3670
f 2611/3593 2612/3590 2613/3589 2683/3671
f 2613/3592 2614/3548 2615/3604 2683/3672
f 2615/3601 2616/3600 2618/3669 2683/3670
f 2625/3575 2619/3576 2620/3610 2684/3673
f 2620/3607 2621/3606 2626/3674 2684/3675
f 2626/3674 2622/3603 2623/3602 2684/3675
f 2623/3605 2624/3547 2625/3575 2684/3673
f 2634/3201 2633/3242 2627/3614 2685/3676
f 2627/3614 2628/3613 2629/3677 2685/3676
f 2629/3677 2630/3626 2631/3624 2685/3676
f 2631/3624 2632/3187 2634/3201 2685/3676
f 2639/3678 2640/3679 2635/3680 2686/3681
f 2635/3680 2636/3188 2637/3625 2686/3681
f 2637/3625 2638/3627 2639/3678 2686/3681
f 2645/3633 2646/3632 2641/3682 2687/3683
f 2641/3682 2642/3684 2643/3685 2687/3683
f 2643/3685 2644/3636 2645/3633 2687/3683
f 2653/3686 2647/3642 2648/3639 2688/3687
f 2648/3639 2649/3638 2654/3688 2688/3687
f 2654/3688 2650/3635 2651/3634 2688/3687
f 2651/3634 2652/3637 2653/3686 2688/3687
f 2299/3230 2635/3680 2640/3679 2304/3231
f 2300/3160 2636/3188 2635/3680 2299/3230
f 2305/3233 2641/3682 2646/3632 2310/3171
f 2306/3235 2642/3684 2641/3682 2305/3233
f 2243/3208 2579/3658 2578/3191 2242/3081
f 2244/3209 2580/3659 2579/3658 2243/3208
f 2251/3210 2587/3660 2586/3663 2250/3213
f 2252/3098 2588/3565 2587/3660 2251/3210
f 2250/3091 2586/3560 2580/3559 2244/3092
f 2310/3171 2646/3632 2650/3635 2314/3172
f 2313/3177 2649/3638 2617/3597 2281/3133
f 2280/3134 2616/3600 2622/3603 2286/3135
f 2285/3140 2621/3606 2594/3566 2258/3097
f 2258/3097 2594/3566 2588/3565 2252/3098
f 2286/3135 2622/3603 2626/3674 2290/3225
f 2266/3214 2602/3239 2600/3189 2264/3110
f 2290/3225 2626/3674 2621/3606 2285/3140
f 2281/3133 2617/3597 2618/3669 2282/3220
f 2282/3220 2618/3669 2616/3600 2280/3134
f 2318/3238 2654/3688 2649/3638 2313/3177
f 2314/3172 2650/3635 2654/3688 2318/3238
v 19.963086 -114.295573 -23.263728
v 20.104804 -114.351140 -23.251838
v 20.103247 -114.280993 -23.123692
v 20.102112 -114.136950 -23.093839
v 19.961183 -114.144092 -23.152002
v 19.903910 -114.157531 -23.291937
v 20.094674 -112.369449 -23.451011
v 19.953766 -112.376633 -23.509400
v 19.896548 -112.390188 -23.649974
v 22.347057 -114.263044 -23.259438
v 22.405081 -114.123419 -23.287521
v 22.345171 -114.111339 -23.147770
v 22.203147 -114.107999 -23.090110
v 22.204273 -114.252117 -23.119904
v 22.205818 -114.322465 -23.248019
v 22.195785 -112.340651 -23.448148
v 22.337837 -112.344053 -23.506148
v 22.397807 -112.356260 -23.646594
v 20.086486 -110.405680 -23.848726
v 19.945600 -110.412904 -23.907341
v 19.888444 -110.426594 -24.048649
v 22.187684 -110.377048 -23.846805
v 22.329769 -110.380523 -23.905199
v 22.389805 -110.392873 -24.046417
v 20.078382 -108.442011 -24.247341
v 19.937518 -108.449280 -24.306200
v 19.880424 -108.463102 -24.448222
v 22.179661 -108.413556 -24.246399
v 22.321780 -108.417096 -24.305150
v 22.381885 -108.429589 -24.447138
v 20.070360 -106.478444 -24.646855
v 19.929514 -106.485764 -24.705977
v 19.872484 -106.499718 -24.848713
v 22.171721 -106.450163 -24.646872
v 22.313874 -106.453773 -24.706000
v 22.374046 -106.466411 -24.848758
v 19.923463 -104.593151 -25.238354
v 19.865408 -104.732743 -25.209925
v 19.922383 -104.718665 -25.066531
v 20.063210 -104.711307 -25.007202
v 20.063331 -104.577948 -25.094953
v 20.064738 -104.533780 -25.250193
v 22.307904 -104.561602 -25.239464
v 22.166173 -104.505979 -25.251191
v 22.164772 -104.549931 -25.095927
v 22.164648 -104.683184 -25.008085
v 22.306826 -104.686858 -25.067550
v 22.367058 -104.699627 -25.211004
v 19.948423 -104.965512 -27.478905
v 19.888363 -104.950201 -27.335965
v 19.946480 -104.810852 -27.365178
v 20.087776 -104.751762 -27.377359
v 20.089438 -104.825214 -27.508223
v 20.090518 -104.970539 -27.538142
v 22.332704 -104.937830 -27.480207
v 22.191806 -104.946236 -27.539307
v 22.190733 -104.800834 -27.509447
v 22.189083 -104.727172 -27.378598
v 22.330775 -104.782945 -27.366557
v 22.389860 -104.920904 -27.337326
v 19.895275 -106.911303 -26.923595
v 19.954782 -106.787801 -27.094942
v 20.096645 -106.735331 -27.165932
v 22.197859 -106.710851 -27.166236
v 22.338974 -106.759917 -27.095251
v 22.396672 -106.881774 -26.923814
v 19.963167 -108.656504 -26.906831
v 20.105395 -108.718932 -26.953256
v 20.104282 -108.760325 -26.799730
v 20.104225 -108.892397 -26.712034
v 19.961989 -108.830091 -26.665597
v 19.901562 -108.676421 -26.553231
v 19.902756 -108.502591 -26.794527
v 19.901621 -108.544232 -26.640899
v 20.112269 -110.679816 -26.540410
v 19.970479 -110.732328 -26.470197
v 19.911122 -110.855893 -26.300488
v 19.908626 -110.637759 -26.142592
v 19.967997 -110.513947 -26.312345
v 20.109797 -110.461318 -26.382589
v 20.110815 -110.606507 -26.411774
v 19.909654 -110.782849 -26.171823
v 22.354469 -110.704344 -26.468346
v 22.213304 -110.655246 -26.538808
v 22.211859 -110.581730 -26.410185
v 22.210851 -110.436465 -26.381059
v 22.352011 -110.485642 -26.310577
v 22.409837 -110.607794 -26.140639
v 22.412312 -110.826264 -26.298449
v 22.410855 -110.752975 -26.169807
v 22.206511 -108.694556 -26.952608
v 22.347257 -108.628751 -26.906122
v 22.404063 -108.473238 -26.793855
v 22.402873 -108.646684 -26.552421
v 22.346084 -108.801975 -26.664765
v 22.205346 -108.867700 -26.711271
v 22.205405 -108.735734 -26.799059
v 22.402935 -108.514617 -26.640175
v 19.977057 -112.578541 -26.082724
v 20.119226 -112.640822 -26.128459
v 20.118244 -112.682533 -25.976486
v 20.118251 -112.814747 -25.889521
v 19.976075 -112.752584 -25.843776
v 19.915769 -112.599216 -25.732849
v 19.916766 -112.424927 -25.971841
v 19.915764 -112.466885 -25.819765
v 19.981372 -114.502625 -25.335846
v 19.922268 -114.364646 -25.364827
v 19.982011 -114.379198 -25.504063
v 20.123951 -114.383863 -25.561522
v 20.123987 -114.516168 -25.474888
v 20.123055 -114.558340 -25.323644
v 22.365205 -114.473642 -25.331850
v 22.223947 -114.532790 -25.320087
v 22.224874 -114.490834 -25.471374
v 22.224841 -114.358629 -25.558081
v 22.365839 -114.350469 -25.500159
v 22.423291 -114.334250 -25.360700
v 22.220178 -112.616059 -26.125902
v 22.360959 -112.550349 -26.079844
v 22.417874 -112.395114 -25.968884
v 22.416883 -112.569019 -25.729734
v 22.359982 -112.724033 -25.840771
v 22.219207 -112.789666 -25.886848
v 22.219203 -112.657553 -25.973886
v 22.416880 -112.436812 -25.816757
v 19.934762 -107.509646 -31.506041
v 19.993005 -107.370866 -31.536881
v 20.134335 -107.312383 -31.549694
v 22.235272 -107.294586 -31.550413
v 22.376885 -107.350664 -31.537664
v 22.435820 -107.488428 -31.506770
v 22.439702 -109.052885 -31.157440
v 22.381454 -109.191653 -31.126604
v 22.240131 -109.250130 -31.113851
v 20.139272 -109.268157 -31.114077
v 19.997659 -109.212102 -31.126840
v 19.938717 -109.074324 -31.157619
v 19.944744 -111.421423 -30.636068
v 20.002975 -111.282611 -30.666739
v 20.144289 -111.224089 -30.679365
v 22.245066 -111.205829 -30.678175
v 22.386672 -111.261884 -30.665353
v 22.445614 -111.399658 -30.634535
v 22.449620 -112.964367 -30.286637
v 22.391388 -113.103175 -30.255987
v 22.250080 -113.161687 -30.243403
v 20.149381 -113.180173 -30.245539
v 20.007777 -113.124142 -30.258375
v 19.948826 -112.986350 -30.289079
v 19.987907 -114.259380 -23.154784
v 22.319882 -114.227371 -23.150578
v 19.948237 -104.607446 -25.116085
v 22.280669 -104.576389 -25.117148
v 19.973769 -104.849085 -27.476474
v 22.306044 -104.821975 -27.477806
v 19.962046 -108.697981 -26.753284
v 19.969017 -110.659098 -26.341560
v 22.353022 -110.630880 -26.339730
v 22.346144 -108.669983 -26.752540
v 19.976068 -112.620334 -25.930731
v 20.008216 -114.489259 -25.454766
v 22.340040 -114.461098 -25.450874
v 22.359979 -112.591893 -25.927796
v 19.879627 -108.266758 -24.488233
v 19.936712 -108.252922 -24.346136
v 20.077577 -108.245645 -24.287239
v 22.178864 -108.217208 -24.286391
v 22.320986 -108.220760 -24.345199
v 22.381096 -108.233266 -24.487262
v 22.381492 -108.331428 -24.467200
v 22.321384 -108.318928 -24.325175
v 22.179263 -108.315379 -24.266386
v 20.077980 -108.343828 -24.267290
v 19.937115 -108.351101 -24.326168
v 19.880025 -108.364930 -24.468228
v 22.390602 -110.589205 -24.006389
v 22.330573 -110.576869 -23.865247
v 22.188489 -110.573405 -23.806909
v 20.087302 -110.602049 -23.808905
v 19.946413 -110.609270 -23.867501
v 19.889252 -110.622946 -24.008734
v 19.888849 -110.524772 -24.028700
v 19.946005 -110.511089 -23.887431
v 20.086894 -110.503864 -23.828816
v 22.188087 -110.475227 -23.826857
v 22.330170 -110.478694 -23.885214
v 22.390203 -110.491036 -24.026394
v 22.397084 -112.179551 -23.682541
v 22.337108 -112.167329 -23.542019
v 22.195053 -112.163921 -23.483982
v 20.093935 -112.192706 -23.486769
v 19.953027 -112.199893 -23.545177
v 19.895816 -112.213457 -23.685808
v 22.397373 -112.250234 -23.668159
v 22.337401 -112.238020 -23.527674
v 22.195344 -112.234610 -23.469638
v 20.094230 -112.263402 -23.472462
v 19.953322 -112.270585 -23.530852
v 19.896107 -112.284151 -23.671482
v 19.955916 -108.048974 -34.777320
v 20.155611 -107.852641 -34.822704
v 22.256339 -107.839892 -34.823666
v 22.456722 -108.033769 -34.778360
v 22.459464 -109.594617 -34.415345
v 22.259772 -109.790929 -34.370006
v 20.159123 -109.803934 -34.369983
v 19.958732 -109.610069 -34.415207
v 19.963047 -111.951826 -33.873130
v 20.162714 -111.755410 -33.918161
v 22.263284 -111.742150 -33.917245
v 22.463670 -111.936009 -33.871924
v 22.466533 -113.497148 -33.510331
v 22.266872 -113.693550 -33.465363
v 20.166380 -113.707069 -33.467236
v 19.965987 -113.513213 -33.512458
v 20.014255 -107.910650 -34.809363
v 22.397895 -107.896178 -34.810431
v 22.401123 -109.732924 -34.383288
v 20.017567 -109.747673 -34.383232
v 20.021372 -111.813468 -33.905023
v 22.404833 -111.798410 -33.903938
v 22.408206 -113.635501 -33.478459
v 20.024829 -113.650832 -33.480557
v 20.039763 -107.734858 -42.875065
v 19.981394 -107.769555 -43.013946
v 20.039959 -107.632493 -43.048952
v 20.181382 -107.575704 -43.063576
v 20.181177 -107.597752 -42.910123
v 20.181103 -107.720501 -42.817687
v 22.422891 -107.734288 -42.877574
v 22.281380 -107.719904 -42.819887
v 22.281456 -107.597269 -42.912392
v 22.281651 -107.575454 -43.065885
v 22.423079 -107.632196 -43.051529
v 22.481658 -107.769216 -43.016572
v 19.981577 -109.707976 -42.520083
v 20.039983 -109.536449 -42.416760
v 20.181329 -109.465383 -42.374005
v 22.281542 -109.464498 -42.375373
v 22.423031 -109.535535 -42.418275
v 22.481754 -109.707253 -42.521607
v 20.040109 -111.313685 -41.758607
v 20.181491 -111.356355 -41.687272
v 20.181618 -111.447053 -41.810510
v 20.181687 -111.598241 -41.832704
v 20.040302 -111.555655 -41.904038
v 19.981804 -111.452786 -42.076361
v 19.981627 -111.210591 -41.930988
v 19.981742 -111.301521 -42.054225
v 20.181966 -113.295918 -41.197035
v 20.040593 -113.366772 -41.239412
v 19.982109 -113.537640 -41.341604
v 19.982123 -113.391671 -41.584171
v 20.040624 -113.220578 -41.482037
v 20.182004 -113.149650 -41.439699
v 20.182011 -113.272780 -41.348307
v 19.982135 -113.514700 -41.492766
v 22.423489 -113.364785 -41.238818
v 22.282042 -113.294081 -41.196521
v 22.282081 -113.271172 -41.347833
v 22.282073 -113.148155 -41.439294
v 22.423513 -113.218976 -41.481561
v 22.482133 -113.390222 -41.583597
v 22.482126 -113.535783 -41.340898
v 22.482145 -113.513116 -41.492108
v 22.281642 -111.354838 -41.687700
v 22.423096 -111.312080 -41.759136
v 22.481751 -111.209193 -41.931621
v 22.481902 -111.451719 -42.076890
v 22.423263 -111.554360 -41.904449
v 22.281816 -111.597006 -41.833060
v 22.281756 -111.445743 -41.810904
v 22.481852 -111.300368 -42.054816
v 20.041091 -115.192873 -40.778492
v 20.182514 -115.235719 -40.707682
v 20.182531 -115.325933 -40.829528
v 20.182564 -115.476951 -40.851255
v 20.041134 -115.434185 -40.922063
v 19.982517 -115.330797 -41.092865
v 19.982488 -115.089264 -40.949370
v 19.982493 -115.179704 -41.071197
v 20.041530 -117.213312 -40.616728
v 19.982932 -117.076238 -40.651443
v 20.041566 -117.042706 -40.515906
v 20.182996 -117.028740 -40.459648
v 20.183008 -117.179706 -40.481152
v 20.182948 -117.269972 -40.602216
v 22.424238 -117.211212 -40.614076
v 22.282848 -117.268113 -40.599857
v 22.282920 -117.177644 -40.478825
v 22.282917 -117.026610 -40.457378
v 22.424288 -117.040389 -40.513330
v 22.482774 -117.074064 -40.648750
v 22.282517 -115.233568 -40.706245
v 22.423909 -115.190546 -40.776902
v 22.482436 -115.087105 -40.947777
v 22.482438 -115.328964 -41.091169
v 22.423928 -115.432164 -40.920356
v 22.282543 -115.475073 -40.849727
v 22.282522 -115.323987 -40.828057
v 22.482426 -115.177792 -41.069580
v 19.970953 -108.679475 -38.029206
v 20.029385 -108.541644 -38.062460
v 20.170767 -108.484122 -38.076307
v 22.271276 -108.476446 -38.077466
v 22.412777 -108.532927 -38.063748
v 22.471502 -108.670303 -38.030472
v 22.473133 -110.227160 -37.653890
v 22.414696 -110.364973 -37.620620
v 22.273321 -110.422492 -37.606833
v 20.172887 -110.430452 -37.606606
v 20.031388 -110.373991 -37.620319
v 19.972656 -110.236599 -37.653500
v 19.975300 -112.572430 -37.091026
v 20.033717 -112.434556 -37.124115
v 20.175085 -112.376984 -37.137778
v 22.275441 -112.368744 -37.137073
v 22.416935 -112.425197 -37.123283
v 22.475667 -112.562588 -37.090082
v 22.477415 -114.119771 -36.714893
v 22.418995 -114.257634 -36.681807
v 22.277634 -114.315204 -36.668204
v 20.177355 -114.323724 -36.669841
v 20.035861 -114.267296 -36.683645
v 19.977121 -114.129886 -36.716752
v 20.065784 -107.629351 -42.929161
v 22.396927 -107.628857 -42.931670
v 20.040233 -111.404445 -41.881849
v 20.040634 -113.343676 -41.390653
v 22.423520 -113.341945 -41.390093
v 22.423205 -111.403075 -41.882337
v 20.041106 -115.283147 -40.900342
v 20.067575 -117.160766 -40.512563
v 22.398312 -117.158524 -40.509987
v 22.423909 -115.281051 -40.898713
v 19.924099 -123.267647 -58.616293
v 20.065212 -123.325066 -58.598967
v 20.063739 -123.325170 -58.745704
v 20.063522 -123.214153 -58.840865
v 19.922907 -123.189169 -58.787350
v 19.866049 -123.132718 -58.657782
v 20.069649 -121.507094 -59.369505
v 19.929011 -121.481942 -59.315678
v 19.872107 -121.425147 -59.185470
v 22.305236 -123.299090 -58.613634
v 22.364242 -123.165743 -58.655053
v 22.304037 -123.220900 -58.784755
v 22.162030 -123.242205 -58.838563
v 22.162247 -123.353101 -58.743354
v 22.163730 -123.352763 -58.596599
v 22.168212 -121.535577 -59.368018
v 22.310204 -121.514160 -59.314003
v 22.370367 -121.458683 -59.183713
v 20.076513 -119.610754 -59.957690
v 19.935853 -119.585417 -59.903517
v 19.878898 -119.528238 -59.772600
v 22.175140 -119.639708 -59.957067
v 22.317116 -119.618168 -59.902827
v 22.377233 -119.562334 -59.771881
v 20.083439 -117.714798 -60.546702
v 19.942756 -117.689274 -60.492184
v 19.885750 -117.631710 -60.360558
v 22.182128 -117.744232 -60.546980
v 22.324090 -117.722571 -60.492516
v 22.384160 -117.666373 -60.360894
v 20.090430 -115.819231 -61.136560
v 19.949720 -115.793524 -61.081714
v 19.892666 -115.735570 -60.949361
v 22.189181 -115.849143 -61.137719
v 22.331126 -115.827358 -61.083031
v 22.391150 -115.770801 -60.950753
v 19.957972 -113.896160 -61.521764
v 19.898942 -114.029359 -61.480009
v 19.956043 -114.087656 -61.612983
v 20.096774 -114.113537 -61.668158
v 20.097871 -113.955687 -61.654895
v 20.099506 -113.842666 -61.539187
v 22.339458 -113.930273 -61.524092
v 22.198336 -113.872746 -61.541268
v 22.196686 -113.985973 -61.656924
v 22.195580 -114.143880 -61.670113
v 22.337511 -114.121988 -61.615235
v 22.397494 -114.065102 -61.482353
v 19.978566 -113.141265 -59.366550
v 19.918790 -113.195381 -59.500180
v 19.977772 -113.061707 -59.541230
v 20.119297 -113.007828 -59.558358
v 20.120349 -113.008599 -59.407637
v 20.120418 -113.120364 -59.311319
v 22.360251 -113.171289 -59.368921
v 22.219424 -113.146730 -59.313407
v 22.219355 -113.035092 -59.409790
v 22.218294 -113.034559 -59.560529
v 22.359447 -113.092023 -59.543665
v 22.417538 -113.227153 -59.502675
v 19.912543 -115.096629 -58.920878
v 19.972804 -114.908394 -58.828785
v 20.114851 -114.831908 -58.790706
v 22.213800 -114.857861 -58.791993
v 22.354419 -114.937932 -58.830218
v 22.411215 -115.127847 -58.922294
v 19.968884 -116.622584 -58.097450
v 20.110583 -116.657702 -58.025745
v 20.109093 -116.767300 -58.141307
v 20.108116 -116.924159 -58.155335
v 19.966412 -116.889120 -58.227020
v 19.906974 -116.808087 -58.400208
v 19.909465 -116.541333 -58.270714
v 19.907961 -116.651163 -58.386255
v 20.104592 -118.560623 -57.449913
v 19.962523 -118.636849 -57.487665
v 19.902196 -118.824244 -57.578654
v 19.900846 -118.710038 -57.822497
v 19.961190 -118.522421 -57.731566
v 20.103266 -118.446129 -57.693869
v 20.103405 -118.558432 -57.598556
v 19.900992 -118.822242 -57.727190
v 22.344012 -118.664990 -57.487073
v 22.203426 -118.585348 -57.449428
v 22.202232 -118.583392 -57.598090
v 22.202091 -118.471209 -57.693451
v 22.342670 -118.550974 -57.731084
v 22.399378 -118.740217 -57.821895
v 22.400737 -118.853998 -57.577964
v 22.399521 -118.852271 -57.726508
v 22.209485 -116.682882 -58.026148
v 22.350450 -116.651276 -58.097937
v 22.408097 -116.571739 -58.271294
v 22.405579 -116.838811 -58.400667
v 22.347951 -116.918115 -58.227390
v 22.206993 -116.949605 -58.155630
v 22.207980 -116.792688 -58.141676
v 22.406578 -116.681816 -58.386792
v 19.956927 -120.428539 -56.946130
v 20.098662 -120.463911 -56.874932
v 20.097077 -120.572818 -56.989154
v 20.096066 -120.729431 -57.002714
v 19.954326 -120.694134 -57.073893
v 19.894783 -120.612361 -57.245637
v 19.897401 -120.346548 -57.117949
v 19.895804 -120.455680 -57.232134
v 19.947488 -122.460007 -56.686423
v 19.889381 -122.324786 -56.727180
v 19.949388 -122.272328 -56.596747
v 20.091317 -122.251992 -56.542613
v 20.090289 -122.408514 -56.555940
v 20.088634 -122.517365 -56.669409
v 22.328806 -122.487748 -56.683847
v 22.187312 -122.541799 -56.667108
v 22.188981 -122.432748 -56.553691
v 22.190015 -122.276164 -56.540419
v 22.330723 -122.299860 -56.594264
v 22.387767 -122.353931 -56.724559
v 22.197433 -120.488178 -56.873540
v 22.338345 -120.456199 -56.944598
v 22.395880 -120.375861 -57.116388
v 22.393239 -120.641994 -57.243974
v 22.335720 -120.722094 -57.072245
v 22.194817 -120.753967 -57.001234
v 22.195835 -120.597297 -56.987748
v 22.394269 -120.485243 -57.230547
v 19.948096 -113.417269 -54.594754
v 20.006967 -113.282562 -54.634119
v 20.148463 -113.227825 -54.650521
v 22.247748 -113.246864 -54.651945
v 22.388971 -113.304159 -54.635735
v 22.447190 -113.439886 -54.596344
v 22.443478 -114.969736 -54.150659
v 22.384605 -115.104426 -54.111279
v 22.243116 -115.159167 -54.094935
v 20.143895 -115.140550 -54.094407
v 20.002673 -115.083287 -54.110648
v 19.944448 -114.947519 -54.149911
v 19.939055 -117.243202 -53.483720
v 19.997914 -117.108425 -53.522927
v 20.139396 -117.053612 -53.539151
v 22.238548 -117.071809 -53.538783
v 22.379766 -117.129056 -53.522466
v 22.437990 -117.264813 -53.483167
v 22.434385 -118.795200 -53.038840
v 22.375524 -118.929967 -52.999637
v 22.234046 -118.984784 -52.983470
v 20.134962 -118.967006 -52.984736
v 19.993744 -118.909782 -53.001046
v 19.935513 -118.773991 -53.040256
v 19.948797 -123.288743 -58.729635
v 22.277982 -123.319701 -58.727022
v 19.982688 -113.968068 -61.622643
v 22.312214 -114.001634 -61.624895
v 20.004678 -113.041948 -59.424612
v 22.334409 -113.071389 -59.426975
v 19.967391 -116.732246 -58.213015
v 19.961333 -118.634692 -57.636260
v 22.342811 -118.663101 -57.635698
v 22.348943 -116.761173 -58.213462
v 19.955337 -120.537507 -57.060357
v 19.974749 -122.392220 -56.587521
v 22.304130 -122.419167 -56.585029
v 22.336743 -120.565400 -57.058785
v 19.886439 -117.442079 -60.419405
v 19.943449 -117.499680 -60.551100
v 20.084136 -117.525224 -60.605653
v 22.182832 -117.554705 -60.606017
v 22.324791 -117.533032 -60.551536
v 22.384856 -117.476798 -60.419845
v 22.384508 -117.571585 -60.390370
v 22.324440 -117.627801 -60.522026
v 22.182481 -117.649470 -60.576508
v 20.083787 -117.620010 -60.576178
v 19.943101 -117.594476 -60.521642
v 19.886096 -117.536894 -60.389982
v 22.376544 -119.751953 -59.713036
v 22.316422 -119.807751 -59.843914
v 22.174444 -119.829279 -59.898137
v 20.075824 -119.800368 -59.898827
v 19.935164 -119.775049 -59.844689
v 19.878216 -119.717908 -59.713841
v 19.878557 -119.623070 -59.743212
v 19.935508 -119.680235 -59.874113
v 20.076168 -119.705558 -59.928250
v 22.174792 -119.734495 -59.927611
v 22.316768 -119.712959 -59.873371
v 22.376888 -119.657143 -59.742459
v 22.370982 -121.287994 -59.236606
v 22.310824 -121.343501 -59.366947
v 22.168834 -121.364933 -59.420998
v 20.070264 -121.336405 -59.422398
v 19.929626 -121.311240 -59.368555
v 19.872715 -121.254409 -59.238278
v 22.370737 -121.356272 -59.215456
v 22.310576 -121.411763 -59.345762
v 22.168584 -121.433187 -59.399795
v 20.070016 -121.404682 -59.401248
v 19.929380 -121.379521 -59.347404
v 19.872472 -121.322706 -59.217162
v 19.965878 -112.317063 -51.456459
v 20.166144 -112.126377 -51.510595
v 22.265677 -112.140243 -51.512084
v 22.465265 -112.333520 -51.458111
v 22.462521 -113.869370 -51.025498
v 22.262256 -114.060041 -50.971405
v 20.162792 -114.046574 -50.970838
v 19.963200 -113.853286 -51.024696
v 19.959266 -116.157901 -50.378131
v 20.159507 -115.967080 -50.431928
v 22.258902 -115.980153 -50.431592
v 22.458489 -116.173416 -50.377623
v 22.455854 -117.709769 -49.946397
v 22.255616 -117.900577 -49.892643
v 20.156291 -117.887897 -49.893883
v 19.956696 -117.694624 -49.947756
v 20.024669 -112.181684 -51.494677
v 22.406952 -112.197406 -51.496340
v 22.403727 -114.004736 -50.987283
v 20.021517 -113.989439 -50.986594
v 20.018044 -116.022457 -50.416189
v 22.400172 -116.037278 -50.415779
v 22.397075 -117.845201 -49.908343
v 20.015020 -117.830798 -49.909709
v 20.041423 -108.150938 -44.497205
v 19.982772 -108.114414 -44.358655
v 20.041373 -107.977589 -44.394152
v 20.182805 -107.921020 -44.408995
v 20.182874 -108.014218 -44.532853
v 20.182869 -108.166230 -44.554699
v 22.424417 -108.153303 -44.499769
v 22.283022 -108.168406 -44.556957
v 22.283037 -108.016328 -44.535187
v 22.282977 -107.922912 -44.411326
v 22.424383 -107.979726 -44.396775
v 22.482922 -108.116626 -44.361317
v 19.982405 -110.050333 -43.857813
v 20.041025 -109.949722 -44.031074
v 20.182459 -109.908202 -44.102903
v 22.282546 -109.910075 -44.104332
v 22.423942 -109.951730 -44.032647
v 22.482467 -110.052152 -43.859395
v 20.040627 -111.823388 -43.753485
v 20.182002 -111.895235 -43.795588
v 20.182040 -111.915624 -43.643858
v 20.182033 -112.037521 -43.551699
v 20.040650 -111.965797 -43.509585
v 19.982135 -111.792901 -43.407814
v 19.982128 -111.650251 -43.651775
v 19.982145 -111.670879 -43.499946
v 20.181603 -113.830864 -43.294289
v 20.040236 -113.872537 -43.223209
v 19.981754 -113.973451 -43.051564
v 19.981904 -113.729303 -42.908640
v 20.040402 -113.628147 -43.080347
v 20.181780 -113.586358 -43.151457
v 20.181718 -113.738130 -43.172597
v 19.981854 -113.880985 -42.929842
v 22.422972 -113.874140 -43.222700
v 22.281530 -113.832375 -43.293862
v 22.281659 -113.739430 -43.172185
v 22.281728 -113.587595 -43.151120
v 22.423162 -113.629438 -43.079938
v 22.481802 -113.730366 -42.908112
v 22.481625 -113.974842 -43.050932
v 22.481742 -113.882127 -42.929235
v 22.282002 -111.897079 -43.796080
v 22.423451 -111.825390 -43.754075
v 22.482104 -111.652121 -43.652478
v 22.482119 -111.794359 -43.408385
v 22.423482 -111.967408 -43.510058
v 22.282040 -112.039024 -43.552102
v 22.282047 -111.917237 -43.644311
v 22.482131 -111.672474 -43.500600
v 20.039954 -115.695154 -42.752450
v 20.181277 -115.766748 -42.793870
v 20.181434 -115.787678 -42.643636
v 20.181484 -115.909830 -42.552200
v 20.040154 -115.838350 -42.510751
v 19.981744 -115.665957 -42.410347
v 19.981563 -115.522520 -42.652109
v 19.981697 -115.543684 -42.501756
v 20.040219 -117.546135 -41.927406
v 19.981663 -117.409178 -41.962622
v 20.040030 -117.444408 -42.097605
v 20.181344 -117.459073 -42.153369
v 20.181417 -117.581366 -42.062251
v 20.181613 -117.602865 -41.912698
v 22.422822 -117.546412 -41.924834
v 22.281420 -117.603097 -41.910394
v 22.281220 -117.581825 -42.059987
v 22.281146 -117.459641 -42.151157
v 22.422628 -117.444954 -42.095103
v 22.481394 -117.409491 -41.959982
v 22.281132 -115.767927 -42.792524
v 22.422612 -115.696396 -42.750931
v 22.481365 -115.523594 -42.650593
v 22.481554 -115.666622 -42.408700
v 22.422819 -115.839204 -42.509114
v 22.281344 -115.910661 -42.550727
v 22.281294 -115.788624 -42.642232
v 22.481511 -115.544490 -42.500211
v 19.977221 -111.306544 -48.294700
v 20.035932 -111.170528 -48.331762
v 20.177386 -111.114667 -48.347192
v 22.277162 -111.123375 -48.348683
v 22.418489 -111.180397 -48.333428
v 22.476895 -111.316866 -48.296368
v 22.475150 -112.858331 -47.876927
v 22.416437 -112.994334 -47.839868
v 22.274985 -113.050196 -47.824497
v 20.175283 -113.041857 -47.823916
v 20.033956 -112.984861 -47.839183
v 19.975543 -112.848362 -47.876133
v 19.973109 -115.161336 -47.249361
v 20.031805 -115.025256 -47.286243
v 20.173247 -114.969335 -47.301511
v 22.272880 -114.977301 -47.301164
v 22.414203 -115.034284 -47.285821
v 22.472615 -115.170775 -47.248834
v 22.470980 -116.712702 -46.830790
v 22.412281 -116.848767 -46.793893
v 22.270844 -116.904690 -46.778683
v 20.171282 -116.897094 -46.779960
v 20.029960 -116.840132 -46.795297
v 19.971540 -116.703609 -46.832174
v 20.067427 -108.032540 -44.500733
v 22.398443 -108.034823 -44.503279
v 20.040660 -111.843860 -43.601734
v 20.040345 -113.779883 -43.101516
v 22.423096 -113.781244 -43.101010
v 22.423491 -111.845603 -43.602292
v 20.040104 -115.716159 -42.602178
v 20.066049 -117.549692 -42.044019
v 22.396667 -117.550157 -42.041498
v 22.422771 -115.717145 -42.600626
vt 0.650315 0.790617
vt 0.635672 0.791406
vt 0.634671 0.772220
vt 0.649316 0.771483
vt 0.977086 0.033140
vt 0.976353 0.036753
vt 0.924184 0.034662
vt 0.923817 0.030994
vt 0.976047 0.040364
vt 0.923987 0.038259
vt 0.154733 0.897027
vt 0.156123 0.896846
vt 0.158311 0.914863
vt 0.157077 0.915026
vt 0.157517 0.896675
vt 0.159545 0.914713
vt 0.040531 0.350814
vt 0.040225 0.347203
vt 0.092395 0.345126
vt 0.092592 0.348720
vt 0.039493 0.343590
vt 0.092761 0.341461
vt 0.033274 0.350071
vt 0.036910 0.350650
vt 0.038869 0.395401
vt 0.035043 0.395409
vt 0.042666 0.395472
vt 0.973180 0.233848
vt 0.977083 0.233962
vt 0.978064 0.278746
vt 0.974440 0.278520
vt 0.980934 0.234009
vt 0.981692 0.279391
vt 0.974700 0.282141
vt 0.922513 0.283380
vt 0.922341 0.279750
vt 0.975383 0.285766
vt 0.922109 0.287056
vt 0.069781 0.911480
vt 0.071092 0.911222
vt 0.074509 0.929049
vt 0.073222 0.929300
vt 0.072405 0.910967
vt 0.075796 0.928799
vt 0.041094 0.596196
vt 0.041778 0.592572
vt 0.093964 0.593829
vt 0.094368 0.597506
vt 0.042040 0.588950
vt 0.094139 0.590202
vt 0.918889 0.280247
vt 0.916689 0.233697
vt 0.920354 0.229802
vt 0.915374 0.281215
vt 0.914136 0.236444
vt 0.049346 0.915450
vt 0.050649 0.915194
vt 0.054118 0.933010
vt 0.052824 0.933264
vt 0.051953 0.914939
vt 0.055411 0.932757
vt 0.101103 0.591670
vt 0.097591 0.590700
vt 0.099813 0.544153
vt 0.102366 0.546902
vt 0.096151 0.540255
vt 0.652279 0.771331
vt 0.651854 0.769919
vt 0.690298 0.767949
vt 0.690357 0.769342
vt 0.911342 0.185677
vt 0.915106 0.189545
vt 0.805803 0.189241
vt 0.805672 0.185365
vt 0.650802 0.771379
vt 0.651803 0.790566
vt 0.653279 0.790462
vt 0.920138 0.184185
vt 0.916265 0.180612
vt 0.916377 0.137728
vt 0.920278 0.134191
vt 0.649600 0.770033
vt 0.634100 0.770814
vt 0.915289 0.128798
vt 0.911482 0.132633
vt 0.805803 0.132408
vt 0.805956 0.128527
vt 0.945088 0.753519
vt 0.944696 0.754982
vt 0.906648 0.757271
vt 0.906561 0.755877
vt 0.946101 0.754962
vt 0.947236 0.774018
vt 0.945838 0.774164
vt 0.633269 0.772359
vt 0.634264 0.791414
vt 0.946400 0.775572
vt 0.907865 0.777800
vt 0.907788 0.776408
vt 0.105064 0.443091
vt 0.101259 0.439253
vt 0.210587 0.439040
vt 0.210740 0.442924
vt 0.096268 0.444644
vt 0.100169 0.448183
vt 0.100253 0.491065
vt 0.096383 0.494637
vt 0.635251 0.792864
vt 0.650748 0.792029
vt 0.101415 0.500000
vt 0.105179 0.496132
vt 0.210849 0.495878
vt 0.210721 0.499751
vt 0.653003 0.791909
vt 0.691360 0.788484
vt 0.691446 0.789876
vt 0.910167 0.081155
vt 0.912124 0.084694
vt 0.806161 0.084754
vt 0.806126 0.080939
vt 0.915800 0.088535
vt 0.806164 0.088570
vt 0.192361 0.893376
vt 0.193785 0.893279
vt 0.194853 0.911398
vt 0.193638 0.911482
vt 0.195209 0.893199
vt 0.196068 0.911328
vt 0.921508 0.083087
vt 0.917938 0.079214
vt 0.920540 0.037808
vt 0.914546 0.076973
vt 0.917025 0.036854
vt 0.175650 0.894712
vt 0.177060 0.894569
vt 0.178726 0.912642
vt 0.177504 0.912768
vt 0.178473 0.894441
vt 0.179948 0.912531
vt 0.096038 0.348272
vt 0.098632 0.389675
vt 0.095060 0.393548
vt 0.099554 0.347318
vt 0.102025 0.387436
vt 0.100764 0.398996
vt 0.104438 0.395155
vt 0.210401 0.395267
vt 0.210398 0.399083
vt 0.106398 0.391616
vt 0.210439 0.391451
vt 0.141732 0.917101
vt 0.139242 0.899122
vt 0.140873 0.917231
vt 0.138253 0.899270
vt 0.121876 0.901881
vt 0.124943 0.919770
vt 0.107958 0.922739
vt 0.104804 0.904865
vt 0.103032 0.905199
vt 0.106327 0.923047
vt 0.091063 0.925902
vt 0.087709 0.908064
vt 0.037558 0.936248
vt 0.034075 0.918435
vt 0.043035 0.399665
vt 0.043773 0.440002
vt 0.043790 0.444859
vt 0.043907 0.494697
vt 0.043934 0.499533
vt 0.043322 0.544278
vt 0.973901 0.085025
vt 0.972756 0.134423
vt 0.972616 0.184264
vt 0.972372 0.895564
vt 0.974823 0.913548
vt 0.937350 0.918656
vt 0.934912 0.900670
vt 0.210715 0.539705
vt 0.805787 0.229198
vt 0.723528 0.228908
vt 0.723579 0.188971
vt 0.720288 0.767768
vt 0.721295 0.786915
vt 0.292944 0.499533
vt 0.292977 0.539470
vt 0.909172 0.922458
vt 0.906762 0.904467
vt 0.723700 0.128374
vt 0.723839 0.088425
vt 0.232009 0.909832
vt 0.231375 0.891693
vt 0.259905 0.890882
vt 0.260289 0.909028
vt 0.292720 0.398990
vt 0.292840 0.438939
vt 0.877848 0.778205
vt 0.876712 0.759067
vt 0.972587 0.189099
vt 0.919676 0.086788
vt 0.973677 0.087545
vt 0.979669 0.040206
vt 0.977701 0.084957
vt 0.983301 0.039626
vt 0.981527 0.084968
vt 0.038987 0.398028
vt 0.035144 0.398085
vt 0.042888 0.397990
vt 0.977581 0.087586
vt 0.981421 0.087644
vt 0.036095 0.444906
vt 0.039930 0.444884
vt 0.040042 0.494714
vt 0.036204 0.494725
vt 0.976618 0.134448
vt 0.976482 0.184280
vt 0.980453 0.134469
vt 0.980317 0.184291
vt 0.036215 0.499541
vt 0.040053 0.499544
vt 0.039419 0.544393
vt 0.035568 0.544440
vt 0.976468 0.189110
vt 0.980306 0.189110
vt 0.038416 0.589177
vt 0.034786 0.589822
vt 0.805710 0.233014
vt 0.805609 0.236830
vt 0.210795 0.543519
vt 0.210893 0.547334
vt 0.723560 0.232727
vt 0.723563 0.236543
vt 0.292947 0.543289
vt 0.292942 0.547107
vt 0.292983 0.495692
vt 0.721369 0.788310
vt 0.720214 0.766373
vt 0.723539 0.185130
vt 0.723653 0.132231
vt 0.876632 0.757672
vt 0.877929 0.779599
vt 0.292890 0.442793
vt 0.292668 0.395169
vt 0.292646 0.391348
vt 0.723891 0.084601
vt 0.723916 0.080783
vt 0.979141 0.037404
vt 0.981224 0.035411
vt 0.035357 0.345856
vt 0.037440 0.347851
vt 0.979546 0.283565
vt 0.977496 0.281535
vt 0.038984 0.591965
vt 0.036932 0.593993
vt 0.917842 0.285183
vt 0.919712 0.282997
vt 0.096766 0.593449
vt 0.098635 0.595636
vt 0.918668 0.187831
vt 0.914830 0.184174
vt 0.650726 0.769877
vt 0.946445 0.753544
vt 0.918835 0.130536
vt 0.914961 0.134158
vt 0.632759 0.770998
vt 0.097711 0.440989
vt 0.101584 0.444613
vt 0.947744 0.775385
vt 0.633898 0.792820
vt 0.651884 0.792067
vt 0.097851 0.498284
vt 0.101688 0.494626
vt 0.915994 0.082948
vt 0.913190 0.079957
vt 0.919512 0.032864
vt 0.921374 0.035048
vt 0.095205 0.345511
vt 0.097069 0.343327
vt 0.103378 0.390418
vt 0.100573 0.393409
vt 0.096889 0.397246
vt 0.972603 0.186683
vt 0.976474 0.186696
vt 0.980308 0.186705
vt 0.107142 0.922892
vt 0.103918 0.905029
vt 0.040050 0.497130
vt 0.036213 0.497135
vt 0.043918 0.497116
vt 0.043784 0.442432
vt 0.039916 0.442470
vt 0.036081 0.442511
vt 0.122778 0.901720
vt 0.125746 0.919627
vt 0.976629 0.132034
vt 0.980467 0.132075
vt 0.972764 0.131993
vt 0.972775 0.129563
vt 0.976657 0.129623
vt 0.980494 0.129686
vt 0.123683 0.901566
vt 0.126547 0.919489
vt 0.036054 0.440125
vt 0.039894 0.440062
vt 0.039080 0.399734
vt 0.035220 0.399807
vt 0.137574 0.899380
vt 0.140321 0.917321
vt 0.977485 0.089295
vt 0.981344 0.089369
vt 0.973527 0.089224
vt 0.792231 0.783166
vt 0.791177 0.764038
vt 0.805814 0.763227
vt 0.806883 0.782354
vt 0.526499 0.278314
vt 0.526800 0.228441
vt 0.530487 0.232194
vt 0.530039 0.278746
vt 0.533048 0.234853
vt 0.533603 0.279596
vt 0.825742 0.915070
vt 0.827993 0.933080
vt 0.826643 0.933249
vt 0.824465 0.915230
vt 0.825292 0.933413
vt 0.823187 0.915385
vt 0.482937 0.590268
vt 0.483465 0.545522
vt 0.486029 0.542865
vt 0.486502 0.589415
vt 0.489724 0.539110
vt 0.490041 0.588983
vt 0.788274 0.764194
vt 0.750214 0.766194
vt 0.750126 0.764803
vt 0.788547 0.762746
vt 0.535653 0.184682
vt 0.641381 0.184920
vt 0.641332 0.188749
vt 0.531829 0.188421
vt 0.790763 0.783273
vt 0.789722 0.764090
vt 0.789296 0.783323
vt 0.526726 0.183192
vt 0.526753 0.133256
vt 0.530774 0.136785
vt 0.530697 0.179650
vt 0.790730 0.762630
vt 0.806101 0.761777
vt 0.531856 0.128021
vt 0.641406 0.128196
vt 0.641474 0.132042
vt 0.535738 0.131752
vt 0.808294 0.761654
vt 0.846718 0.759456
vt 0.846786 0.760847
vt 0.808727 0.763063
vt 0.809830 0.782187
vt 0.808358 0.782298
vt 0.807269 0.763119
vt 0.847907 0.779983
vt 0.848001 0.781376
vt 0.809561 0.783636
vt 0.480805 0.442427
vt 0.375066 0.442651
vt 0.375132 0.438810
vt 0.484681 0.438693
vt 0.489784 0.443927
vt 0.489804 0.493864
vt 0.485826 0.490321
vt 0.485769 0.447456
vt 0.807331 0.783763
vt 0.791941 0.784615
vt 0.484700 0.499090
vt 0.375195 0.499355
vt 0.375143 0.495528
vt 0.480871 0.495353
vt 0.789725 0.784734
vt 0.751286 0.786727
vt 0.751226 0.785334
vt 0.537774 0.080906
vt 0.641725 0.080627
vt 0.641635 0.084443
vt 0.535738 0.084372
vt 0.641501 0.088259
vt 0.531875 0.087991
vt 0.327597 0.890582
vt 0.326879 0.908718
vt 0.325698 0.908679
vt 0.326136 0.890534
vt 0.324517 0.908660
vt 0.324674 0.890511
vt 0.526630 0.082685
vt 0.526466 0.037841
vt 0.529998 0.037488
vt 0.530290 0.078902
vt 0.533570 0.036693
vt 0.533759 0.076809
vt 0.344458 0.891457
vt 0.342918 0.909541
vt 0.341736 0.909445
vt 0.343004 0.891340
vt 0.340553 0.909368
vt 0.341549 0.891245
vt 0.490052 0.348518
vt 0.489905 0.393359
vt 0.486247 0.389579
vt 0.486518 0.348165
vt 0.482779 0.387485
vt 0.482946 0.347370
vt 0.484665 0.398665
vt 0.375053 0.398873
vt 0.374919 0.395057
vt 0.480811 0.395046
vt 0.374831 0.391238
vt 0.478774 0.391583
vt 0.841143 0.913111
vt 0.843461 0.931112
vt 0.356386 0.892567
vt 0.354584 0.910627
vt 0.492424 0.082693
vt 0.492564 0.037849
vt 0.492331 0.183190
vt 0.492307 0.133259
vt 0.492572 0.278320
vt 0.492258 0.228444
vt 0.878611 0.908215
vt 0.880983 0.926210
vt 0.375239 0.539284
vt 0.641272 0.228676
vt 0.288571 0.908629
vt 0.288452 0.890478
vt 0.487228 0.188421
vt 0.528185 0.086299
vt 0.490875 0.086307
vt 0.641427 0.232489
vt 0.641526 0.236302
vt 0.374984 0.546919
vt 0.375086 0.543100
vt 0.531274 0.283628
vt 0.529325 0.281502
vt 0.526529 0.281966
vt 0.527065 0.285629
vt 0.490011 0.592632
vt 0.487215 0.592170
vt 0.485266 0.594297
vt 0.489475 0.596298
vt 0.528185 0.186789
vt 0.532127 0.183190
vt 0.789636 0.762592
vt 0.807189 0.761620
vt 0.532209 0.133242
vt 0.528205 0.129664
vt 0.488333 0.440333
vt 0.484334 0.443914
vt 0.808447 0.783798
vt 0.790840 0.784772
vt 0.484397 0.493864
vt 0.488347 0.497458
vt 0.532018 0.082603
vt 0.534912 0.079722
vt 0.531277 0.032612
vt 0.529309 0.034717
vt 0.526513 0.034217
vt 0.527059 0.030568
vt 0.487207 0.345394
vt 0.490003 0.344894
vt 0.485239 0.343292
vt 0.489456 0.341244
vt 0.481628 0.390396
vt 0.484525 0.393277
vt 0.488352 0.396973
vt 0.490872 0.186789
vt 0.490856 0.129664
vt 0.487204 0.128024
vt 0.487182 0.087999
vt 0.222731 0.724766
vt 0.222601 0.743923
vt 0.207928 0.743816
vt 0.208072 0.724660
vt 0.041961 0.033104
vt 0.095229 0.030945
vt 0.094863 0.034613
vt 0.042696 0.036718
vt 0.095062 0.038210
vt 0.043005 0.040329
vt 0.541899 0.925010
vt 0.539463 0.942997
vt 0.538079 0.942796
vt 0.540667 0.924830
vt 0.536699 0.942582
vt 0.539436 0.924639
vt 0.973497 0.350809
vt 0.921440 0.348706
vt 0.921637 0.345109
vt 0.973803 0.347195
vt 0.921268 0.341444
vt 0.974539 0.343584
vt 0.980754 0.350065
vt 0.978975 0.395407
vt 0.975148 0.395396
vt 0.977119 0.350645
vt 0.971352 0.395467
vt 0.045886 0.233807
vt 0.044645 0.278479
vt 0.041020 0.278708
vt 0.041982 0.233924
vt 0.037393 0.279356
vt 0.038134 0.233971
vt 0.096743 0.279689
vt 0.096574 0.283319
vt 0.044385 0.282100
vt 0.096978 0.286996
vt 0.043707 0.285728
vt 0.625892 0.930702
vt 0.626133 0.948850
vt 0.624696 0.948861
vt 0.624682 0.930710
vt 0.623259 0.948853
vt 0.623473 0.930704
vt 0.972926 0.596194
vt 0.919655 0.597509
vt 0.920057 0.593829
vt 0.972243 0.592567
vt 0.919879 0.590205
vt 0.971980 0.588947
vt 0.098703 0.229742
vt 0.102369 0.233635
vt 0.100198 0.280184
vt 0.104922 0.236382
vt 0.103711 0.281152
vt 0.646349 0.930252
vt 0.647260 0.948379
vt 0.645828 0.948445
vt 0.645138 0.930308
vt 0.644393 0.948492
vt 0.643927 0.930349
vt 0.912917 0.591673
vt 0.911643 0.546902
vt 0.914196 0.544153
vt 0.916427 0.590702
vt 0.917862 0.540255
vt 0.225538 0.743941
vt 0.263662 0.744134
vt 0.263668 0.745530
vt 0.225178 0.745370
vt 0.107715 0.185628
vt 0.213383 0.185327
vt 0.213257 0.189198
vt 0.103949 0.189493
vt 0.224188 0.724749
vt 0.224071 0.743960
vt 0.225640 0.724786
vt 0.098919 0.184138
vt 0.098780 0.134141
vt 0.102683 0.137681
vt 0.102787 0.180565
vt 0.222960 0.745356
vt 0.207548 0.745245
vt 0.103774 0.128748
vt 0.213101 0.128489
vt 0.213257 0.132373
vt 0.107579 0.132586
vt 0.205320 0.745226
vt 0.166819 0.744843
vt 0.166844 0.743449
vt 0.204981 0.743792
vt 0.205149 0.724636
vt 0.206610 0.724621
vt 0.206454 0.743831
vt 0.167025 0.724282
vt 0.167024 0.722889
vt 0.205512 0.723208
vt 0.908945 0.443091
vt 0.803267 0.442924
vt 0.803423 0.439040
vt 0.912750 0.439250
vt 0.917739 0.444644
vt 0.917624 0.494637
vt 0.913753 0.491067
vt 0.913841 0.448183
vt 0.207713 0.723226
vt 0.223110 0.723337
vt 0.912594 0.500000
vt 0.803289 0.499759
vt 0.803160 0.495883
vt 0.908831 0.496135
vt 0.225296 0.723352
vt 0.263774 0.723574
vt 0.263752 0.724968
vt 0.108896 0.081103
vt 0.212937 0.080895
vt 0.212899 0.084713
vt 0.106936 0.084645
vt 0.212899 0.088529
vt 0.103262 0.088486
vt 0.505504 0.918998
vt 0.502325 0.936868
vt 0.500989 0.936616
vt 0.504240 0.918759
vt 0.499655 0.936360
vt 0.502976 0.918516
vt 0.097555 0.083035
vt 0.098509 0.037756
vt 0.101125 0.079162
vt 0.102024 0.036803
vt 0.104517 0.076921
vt 0.521572 0.921827
vt 0.518704 0.939750
vt 0.517345 0.939519
vt 0.520325 0.921615
vt 0.515990 0.939279
vt 0.519077 0.921393
vt 0.918955 0.393534
vt 0.915385 0.389661
vt 0.917993 0.348256
vt 0.911993 0.387420
vt 0.914478 0.347302
vt 0.913251 0.398985
vt 0.803614 0.399080
vt 0.803611 0.395262
vt 0.909571 0.395141
vt 0.803573 0.391446
vt 0.907614 0.391602
vt 0.557238 0.927028
vt 0.554970 0.945036
vt 0.558072 0.927135
vt 0.555984 0.945166
vt 0.573945 0.928731
vt 0.591086 0.929875
vt 0.589989 0.947992
vt 0.572638 0.946834
vt 0.592593 0.929954
vt 0.608031 0.930425
vt 0.607592 0.948569
vt 0.591932 0.948092
vt 0.661775 0.929380
vt 0.662902 0.947495
vt 0.970977 0.399663
vt 0.970236 0.439999
vt 0.970220 0.444856
vt 0.970100 0.494697
vt 0.970072 0.499530
vt 0.970690 0.544276
vt 0.045162 0.084989
vt 0.046438 0.184223
vt 0.046301 0.134382
vt 0.699403 0.926813
vt 0.700727 0.944915
vt 0.803291 0.539716
vt 0.213268 0.229149
vt 0.295478 0.188949
vt 0.295524 0.228887
vt 0.293718 0.725091
vt 0.293637 0.744264
vt 0.721030 0.539476
vt 0.721065 0.499538
vt 0.727649 0.924599
vt 0.729146 0.942688
vt 0.295226 0.088398
vt 0.295360 0.128347
vt 0.464181 0.929676
vt 0.436274 0.924436
vt 0.439575 0.906590
vt 0.467530 0.911836
vt 0.721166 0.438936
vt 0.721289 0.398985
vt 0.136855 0.743152
vt 0.137045 0.723980
vt 0.046468 0.189058
vt 0.099387 0.086739
vt 0.045386 0.087510
vt 0.041365 0.084921
vt 0.039386 0.040170
vt 0.037538 0.084932
vt 0.035750 0.039591
vt 0.978874 0.398085
vt 0.975031 0.398025
vt 0.971127 0.397984
vt 0.041482 0.087551
vt 0.037642 0.087608
vt 0.977914 0.444903
vt 0.977802 0.494725
vt 0.973967 0.494711
vt 0.974079 0.444881
vt 0.042573 0.184242
vt 0.042442 0.134409
vt 0.038738 0.184253
vt 0.038610 0.134431
vt 0.977794 0.499541
vt 0.978445 0.544437
vt 0.974593 0.544391
vt 0.973954 0.499541
vt 0.042589 0.189072
vt 0.038749 0.189072
vt 0.979235 0.589817
vt 0.975608 0.589172
vt 0.213345 0.232962
vt 0.213446 0.236781
vt 0.803117 0.547348
vt 0.803215 0.543532
vt 0.295497 0.232705
vt 0.295491 0.236524
vt 0.721065 0.547110
vt 0.721060 0.543291
vt 0.721024 0.495695
vt 0.293724 0.723694
vt 0.293630 0.745661
vt 0.295516 0.185106
vt 0.295407 0.132206
vt 0.136842 0.744548
vt 0.137057 0.722583
vt 0.721120 0.442793
vt 0.721341 0.395164
vt 0.721363 0.391342
vt 0.295150 0.080753
vt 0.295174 0.084574
vt 0.039911 0.037371
vt 0.037825 0.035376
vt 0.978674 0.345853
vt 0.976592 0.347846
vt 0.039539 0.283527
vt 0.041592 0.281496
vt 0.975036 0.591960
vt 0.977089 0.593991
vt 0.101245 0.285121
vt 0.099376 0.282937
vt 0.917255 0.593452
vt 0.915385 0.595639
vt 0.100387 0.187782
vt 0.104222 0.184124
vt 0.224067 0.745460
vt 0.206437 0.745332
vt 0.104099 0.134111
vt 0.100223 0.130487
vt 0.916296 0.440989
vt 0.912425 0.444613
vt 0.206618 0.723120
vt 0.224202 0.723248
vt 0.912318 0.494629
vt 0.916156 0.498286
vt 0.103068 0.082896
vt 0.105873 0.079905
vt 0.099537 0.032812
vt 0.097675 0.034996
vt 0.918827 0.345495
vt 0.916965 0.343311
vt 0.910637 0.390402
vt 0.913442 0.393395
vt 0.917126 0.397235
vt 0.046452 0.186642
vt 0.042581 0.186658
vt 0.038746 0.186666
vt 0.591839 0.929919
vt 0.590961 0.948049
vt 0.977794 0.497133
vt 0.973959 0.497127
vt 0.970089 0.497113
vt 0.970225 0.442432
vt 0.974093 0.442470
vt 0.977928 0.442509
vt 0.573187 0.928668
vt 0.571677 0.946755
vt 0.042431 0.131993
vt 0.038593 0.132037
vt 0.046296 0.131955
vt 0.046285 0.129525
vt 0.042406 0.129585
vt 0.038569 0.129648
vt 0.572429 0.928594
vt 0.570717 0.946664
vt 0.977955 0.440122
vt 0.974115 0.440062
vt 0.974935 0.399731
vt 0.978795 0.399805
vt 0.558596 0.927200
vt 0.556691 0.945251
vt 0.041578 0.089256
vt 0.037718 0.089330
vt 0.045533 0.089185
vt 0.364787 0.725374
vt 0.379452 0.725406
vt 0.379374 0.744618
vt 0.364711 0.744534
vt 0.489032 0.278752
vt 0.488568 0.232202
vt 0.485468 0.279605
vt 0.486006 0.234859
vt 0.808908 0.917016
vt 0.810181 0.916878
vt 0.812123 0.934925
vt 0.810763 0.935071
vt 0.811455 0.916734
vt 0.813481 0.934771
vt 0.531072 0.590268
vt 0.527508 0.589415
vt 0.527981 0.542865
vt 0.530545 0.545522
vt 0.523968 0.588983
vt 0.524285 0.539110
vt 0.361742 0.744520
vt 0.362089 0.745953
vt 0.323593 0.745770
vt 0.323612 0.744375
vt 0.483402 0.184682
vt 0.377726 0.188738
vt 0.377676 0.184906
vt 0.363222 0.744554
vt 0.363298 0.725341
vt 0.361820 0.725364
vt 0.488357 0.179650
vt 0.488286 0.136785
vt 0.364347 0.745965
vt 0.379866 0.746055
vt 0.483322 0.131755
vt 0.377584 0.132029
vt 0.377652 0.128188
vt 0.068258 0.743915
vt 0.068750 0.742482
vt 0.106864 0.742838
vt 0.106856 0.744233
vt 0.067347 0.742405
vt 0.067536 0.723316
vt 0.068941 0.723267
vt 0.380782 0.744558
vt 0.380858 0.725478
vt 0.068477 0.721824
vt 0.107074 0.722272
vt 0.107056 0.723669
vt 0.533204 0.442427
vt 0.529331 0.438693
vt 0.638878 0.438813
vt 0.638943 0.442654
vt 0.524225 0.443927
vt 0.528238 0.447456
vt 0.528183 0.490321
vt 0.524206 0.493861
vt 0.379954 0.723973
vt 0.364434 0.723940
vt 0.529307 0.499090
vt 0.533139 0.495351
vt 0.638867 0.495531
vt 0.638815 0.499360
vt 0.362177 0.723934
vt 0.323690 0.725208
vt 0.323683 0.723813
vt 0.481286 0.080919
vt 0.483322 0.084383
vt 0.377428 0.084443
vt 0.377338 0.080627
vt 0.377562 0.088256
vt 0.373089 0.894788
vt 0.374510 0.895007
vt 0.371731 0.912943
vt 0.370537 0.912758
vt 0.375926 0.895245
vt 0.372922 0.913145
vt 0.488765 0.078913
vt 0.489029 0.037499
vt 0.485293 0.076822
vt 0.485457 0.036704
vt 0.357828 0.892726
vt 0.355770 0.910759
vt 0.359266 0.892908
vt 0.356956 0.910911
vt 0.523955 0.348518
vt 0.527486 0.348165
vt 0.527762 0.389576
vt 0.524105 0.393359
vt 0.531059 0.347370
vt 0.531231 0.387485
vt 0.529345 0.398662
vt 0.533202 0.395046
vt 0.639093 0.395065
vt 0.638957 0.398875
vt 0.535235 0.391580
vt 0.639178 0.391247
vt 0.795235 0.936634
vt 0.793474 0.918569
vt 0.757531 0.940210
vt 0.755888 0.922133
vt 0.638768 0.539290
vt 0.377783 0.228668
vt 0.408378 0.919331
vt 0.411565 0.901463
vt 0.377630 0.232484
vt 0.377529 0.236297
vt 0.638924 0.543103
vt 0.639025 0.546919
vt 0.487797 0.283634
vt 0.489746 0.281507
vt 0.492542 0.281969
vt 0.492006 0.285632
vt 0.523998 0.592632
vt 0.526795 0.592170
vt 0.528744 0.594297
vt 0.524534 0.596298
vt 0.486928 0.183190
vt 0.363213 0.746058
vt 0.066906 0.743795
vt 0.486851 0.133242
vt 0.381216 0.745945
vt 0.525677 0.440333
vt 0.529676 0.443914
vt 0.067123 0.721917
vt 0.381303 0.724094
vt 0.363302 0.723839
vt 0.525663 0.497458
vt 0.529613 0.493861
vt 0.487040 0.082612
vt 0.484142 0.079733
vt 0.487748 0.032623
vt 0.491965 0.030576
vt 0.492515 0.034228
vt 0.489718 0.034728
vt 0.524001 0.344894
vt 0.526800 0.345394
vt 0.524548 0.341242
vt 0.528765 0.343289
vt 0.532382 0.390396
vt 0.529487 0.393275
vt 0.525657 0.396973
f 2784/3689 2774/3690 2768/3691 2758/3692
f 2690/3693 2689/3694 2795/3695 2800/3696
f 2689/3694 2694/3697 2796/3698 2795/3695
f 2692/3699 2691/3700 2702/3701 2701/3702
f 2691/3700 2690/3703 2703/3704 2702/3701
f 2699/3705 2698/3706 2801/3707 2806/3708
f 2698/3706 2703/3709 2802/3710 2801/3707
f 2701/3711 2700/3712 2705/3713 2704/3714
f 2700/3712 2699/3705 2706/3715 2705/3713
f 2721/3716 2720/3717 2727/3718 2726/3719
f 2720/3717 2719/3720 2728/3721 2727/3718
f 2726/3719 2725/3722 2739/3723 2738/3724
f 2725/3722 2730/3725 2740/3726 2739/3723
f 2730/3727 2729/3728 2733/3729 2732/3730
f 2729/3728 2728/3731 2734/3732 2733/3729
f 2732/3733 2731/3734 2747/3735 2746/3736
f 2731/3734 2736/3737 2748/3738 2747/3735
f 2738/3724 2737/3739 2750/3740 2749/3741
f 2737/3739 2742/3742 2751/3743 2750/3740
f 2742/3744 2741/3745 2745/3746 2744/3747
f 2741/3745 2740/3748 2746/3749 2745/3746
f 2744/3750 2743/3751 2753/3752 2752/3753
f 2743/3751 2748/3738 2754/3754 2753/3752
f 2756/3755 2755/3756 2825/3757 2824/3758
f 2755/3759 2761/3760 2826/3761 2825/3762
f 2758/3692 2757/3763 2785/3764 2784/3689
f 2757/3763 2756/3755 2779/3765 2785/3764
f 2760/3766 2759/3767 2767/3768 2766/3769
f 2759/3770 2758/3692 2768/3691 2767/3771
f 2765/3772 2764/3773 2828/3774 2827/3775
f 2764/3776 2763/3777 2829/3778 2828/3779
f 2763/3777 2769/3780 2773/3781 2772/3782
f 2769/3783 2768/3691 2774/3690 2773/3784
f 2772/3782 2771/3785 2831/3786 2830/3787
f 2771/3788 2777/3789 2832/3790 2831/3791
f 2776/3792 2775/3793 2783/3794 2782/3795
f 2775/3796 2774/3690 2784/3689 2783/3797
f 2781/3798 2780/3799 2822/3800 2821/3801
f 2780/3802 2779/3765 2823/3803 2822/3804
f 2788/3805 2787/3806 2837/3807 2836/3808
f 2787/3806 2793/3809 2838/3810 2837/3807
f 2790/3811 2789/3812 2813/3813 2812/3814
f 2789/3812 2788/3815 2807/3816 2813/3813
f 2792/3817 2791/3818 2797/3819 2796/3698
f 2791/3818 2790/3820 2798/3821 2797/3819
f 2800/3822 2799/3823 2803/3824 2802/3825
f 2799/3823 2798/3826 2804/3827 2803/3824
f 2806/3708 2805/3828 2811/3829 2810/3830
f 2805/3828 2804/3831 2812/3832 2811/3829
f 2809/3833 2808/3834 2834/3835 2833/3836
f 2808/3834 2807/3837 2835/3838 2834/3835
f 2692/3699 2701/3702 2704/3839 2695/3840
f 2695/3840 2704/3839 2885/3841 2886/3842
f 2707/3843 2710/3844 2716/3845 2713/3846
f 2855/3847 2856/3848 2722/3849 2719/3850
f 2719/3850 2722/3849 2734/3732 2728/3731
f 2730/3727 2732/3730 2746/3749 2740/3748
f 2742/3744 2744/3747 2752/3851 2751/3852
f 2800/3822 2802/3825 2703/3704 2690/3703
f 2699/3705 2806/3708 2810/3830 2706/3715
f 2877/3853 2809/3833 2777/3789 2865/3854
f 2712/3855 2776/3792 2782/3795 2718/3856
f 2858/3857 2781/3798 2754/3754 2724/3858
f 2724/3858 2754/3754 2748/3738 2736/3737
f 2796/3698 2694/3697 2697/3859 2792/3817
f 2760/3766 2766/3769 2709/3860 2715/3861
f 2749/3741 2721/3716 2726/3719 2738/3724
f 2751/3862 2752/3863 2818/3864 2817/3865
f 2754/3754 2781/3798 2821/3801 2820/3866
f 2826/3761 2761/3760 2749/3741 2815/3867
f 2832/3790 2777/3789 2809/3833 2833/3836
f 2838/3810 2793/3809 2765/3772 2827/3775
f 2826/3761 2815/3867 2889/3868 2896/3869
f 2823/3803 2824/3758 2895/3870 2894/3871
f 2820/3866 2821/3801 2893/3872 2892/3873
f 2817/3865 2818/3864 2891/3874 2890/3875
f 2838/3810 2827/3775 2897/3876 2904/3877
f 2835/3878 2836/3879 2903/3880 2902/3881
f 2832/3790 2833/3836 2901/3882 2900/3883
f 2829/3778 2830/3787 2899/3884 2898/3885
f 2761/3760 2853/3886 2721/3716 2749/3741
f 2794/3887 2792/3817 2697/3859 2888/3888
f 2823/3803 2779/3765 2756/3755 2824/3758
f 2829/3778 2763/3777 2772/3782 2830/3787
f 2835/3878 2807/3816 2788/3815 2836/3879
f 2798/3826 2790/3811 2812/3814 2804/3827
f 2694/3697 2693/3889 2696/3890 2697/3859
f 2693/3889 2692/3891 2695/3892 2696/3890
f 2704/3714 2705/3713 2884/3893 2885/3894
f 2705/3713 2706/3715 2883/3895 2884/3893
f 2697/3859 2696/3890 2887/3896 2888/3888
f 2696/3890 2695/3892 2886/3897 2887/3896
f 2710/3898 2711/3899 2717/3900 2716/3901
f 2711/3899 2712/3855 2718/3856 2717/3900
f 2709/3860 2708/3902 2714/3903 2715/3861
f 2708/3902 2707/3904 2713/3905 2714/3903
f 2856/3906 2857/3907 2723/3908 2722/3909
f 2857/3907 2858/3857 2724/3858 2723/3908
f 2853/3886 2854/3910 2720/3717 2721/3716
f 2854/3910 2855/3911 2719/3720 2720/3717
f 2722/3909 2723/3908 2735/3912 2734/3913
f 2723/3908 2724/3858 2736/3737 2735/3912
f 2749/3741 2750/3740 2816/3914 2815/3867
f 2750/3740 2751/3743 2817/3915 2816/3914
f 2752/3753 2753/3752 2819/3916 2818/3917
f 2753/3752 2754/3754 2820/3866 2819/3916
f 2815/3867 2816/3914 2905/3918 2889/3868
f 2816/3914 2817/3915 2890/3919 2905/3918
f 2818/3917 2819/3916 2906/3920 2891/3921
f 2819/3916 2820/3866 2892/3873 2906/3920
f 2821/3801 2822/3800 2907/3922 2893/3872
f 2822/3804 2823/3803 2894/3871 2907/3923
f 2824/3758 2825/3757 2908/3924 2895/3870
f 2825/3762 2826/3761 2896/3869 2908/3925
f 2827/3775 2828/3774 2909/3926 2897/3876
f 2828/3779 2829/3778 2898/3885 2909/3927
f 2830/3787 2831/3786 2910/3928 2899/3884
f 2831/3791 2832/3790 2900/3883 2910/3929
f 2833/3836 2834/3835 2911/3930 2901/3882
f 2834/3835 2835/3838 2902/3931 2911/3930
f 2836/3808 2837/3807 2912/3932 2903/3933
f 2837/3807 2838/3810 2904/3877 2912/3932
f 2693/3889 2694/3697 2689/3694 2839/3934
f 2689/3694 2690/3693 2691/3935 2839/3934
f 2691/3935 2692/3891 2693/3889 2839/3934
f 2702/3936 2703/3709 2698/3706 2840/3937
f 2698/3706 2699/3705 2700/3712 2840/3937
f 2700/3712 2701/3711 2702/3936 2840/3937
f 2729/3938 2730/3725 2725/3722 2841/3939
f 2725/3722 2726/3719 2727/3718 2841/3939
f 2727/3718 2728/3721 2729/3938 2841/3939
f 2735/3912 2736/3737 2731/3734 2842/3940
f 2731/3734 2732/3733 2733/3941 2842/3940
f 2733/3941 2734/3913 2735/3912 2842/3940
f 2741/3942 2742/3742 2737/3739 2843/3943
f 2737/3739 2738/3724 2739/3723 2843/3943
f 2739/3723 2740/3726 2741/3942 2843/3943
f 2747/3735 2748/3738 2743/3751 2844/3944
f 2743/3751 2744/3750 2745/3945 2844/3944
f 2745/3945 2746/3736 2747/3735 2844/3944
f 2762/3946 2761/3760 2755/3759 2845/3947
f 2755/3756 2756/3755 2757/3763 2845/3948
f 2757/3763 2758/3692 2759/3770 2845/3948
f 2759/3767 2760/3766 2762/3946 2845/3947
f 2769/3780 2763/3777 2764/3776 2846/3949
f 2764/3773 2765/3772 2770/3950 2846/3951
f 2770/3950 2766/3769 2767/3768 2846/3951
f 2767/3771 2768/3691 2769/3783 2846/3952
f 2778/3953 2777/3789 2771/3788 2847/3954
f 2771/3785 2772/3782 2773/3781 2847/3955
f 2773/3784 2774/3690 2775/3796 2847/3956
f 2775/3793 2776/3792 2778/3953 2847/3954
f 2785/3764 2779/3765 2780/3802 2848/3957
f 2780/3799 2781/3798 2786/3958 2848/3959
f 2786/3958 2782/3795 2783/3794 2848/3959
f 2783/3797 2784/3689 2785/3764 2848/3957
f 2794/3887 2793/3809 2787/3806 2849/3960
f 2787/3806 2788/3805 2789/3961 2849/3960
f 2789/3961 2790/3820 2791/3818 2849/3960
f 2791/3818 2792/3817 2794/3887 2849/3960
f 2799/3962 2800/3696 2795/3695 2850/3963
f 2795/3695 2796/3698 2797/3819 2850/3963
f 2797/3819 2798/3821 2799/3962 2850/3963
f 2805/3828 2806/3708 2801/3707 2851/3964
f 2801/3707 2802/3710 2803/3965 2851/3964
f 2803/3965 2804/3831 2805/3828 2851/3964
f 2813/3966 2807/3837 2808/3834 2852/3967
f 2808/3834 2809/3833 2814/3968 2852/3967
f 2814/3968 2810/3830 2811/3829 2852/3967
f 2811/3829 2812/3832 2813/3966 2852/3967
f 2761/3760 2762/3946 2864/3969 2853/3886
f 2715/3861 2714/3903 2863/3970 2864/3969
f 2714/3903 2713/3905 2862/3971 2863/3970
f 2713/3846 2716/3845 2861/3972 2862/3973
f 2716/3901 2717/3900 2860/3974 2861/3975
f 2717/3900 2718/3856 2859/3976 2860/3974
f 2718/3856 2782/3795 2786/3958 2859/3976
f 2860/3974 2859/3976 2858/3857 2857/3907
f 2861/3975 2860/3974 2857/3907 2856/3906
f 2862/3973 2861/3972 2856/3848 2855/3847
f 2863/3970 2862/3971 2855/3911 2854/3910
f 2864/3969 2863/3970 2854/3910 2853/3886
f 2864/3969 2762/3946 2760/3766 2715/3861
f 2859/3976 2786/3958 2781/3798 2858/3857
f 2865/3854 2777/3789 2778/3953 2876/3977
f 2875/3978 2876/3977 2712/3855 2711/3899
f 2874/3979 2875/3978 2711/3899 2710/3898
f 2873/3980 2874/3981 2710/3844 2707/3843
f 2872/3982 2873/3983 2707/3904 2708/3902
f 2871/3984 2872/3982 2708/3902 2709/3860
f 2770/3950 2871/3984 2709/3860 2766/3769
f 2870/3985 2869/3986 2872/3982 2871/3984
f 2869/3986 2868/3987 2873/3983 2872/3982
f 2868/3988 2867/3989 2874/3981 2873/3980
f 2867/3990 2866/3991 2875/3978 2874/3979
f 2866/3991 2865/3854 2876/3977 2875/3978
f 2765/3772 2870/3985 2871/3984 2770/3950
f 2876/3977 2778/3953 2776/3792 2712/3855
f 2878/3992 2877/3853 2865/3854 2866/3991
f 2879/3993 2878/3992 2866/3991 2867/3990
f 2880/3994 2879/3995 2867/3989 2868/3988
f 2881/3996 2880/3997 2868/3987 2869/3986
f 2882/3998 2881/3996 2869/3986 2870/3985
f 2883/3895 2814/3968 2809/3833 2877/3853
f 2884/3893 2883/3895 2877/3853 2878/3992
f 2885/3894 2884/3893 2878/3992 2879/3993
f 2886/3842 2885/3841 2879/3995 2880/3994
f 2887/3896 2886/3897 2880/3997 2881/3996
f 2888/3888 2887/3896 2881/3996 2882/3998
f 2706/3715 2810/3830 2814/3968 2883/3895
f 2793/3809 2882/3998 2870/3985 2765/3772
f 2794/3887 2888/3888 2882/3998 2793/3809
f 2960/3999 2934/4000 2944/4001 2950/4002
f 2914/4003 2925/4004 2926/4005 2913/4006
f 2913/4006 2926/4005 2927/4007 2918/4008
f 2918/4009 2920/4010 2921/4011 2917/4012
f 2917/4012 2921/4011 2922/4013 2916/4014
f 2920/4015 2928/4016 2929/4017 2919/4018
f 2919/4018 2929/4017 2930/4019 2924/4020
f 2932/4021 3000/4022 3001/4023 2931/4024
f 2931/4025 3001/4026 3002/4027 2937/4028
f 2934/4000 2960/3999 2961/4029 2933/4030
f 2933/4030 2961/4029 2955/4031 2932/4021
f 2936/4032 2942/4033 2943/4034 2935/4035
f 2935/4036 2943/4037 2944/4001 2934/4000
f 2941/4038 3003/4039 3004/4040 2940/4041
f 2940/4042 3004/4043 3005/4044 2939/4045
f 2939/4045 2948/4046 2949/4047 2945/4048
f 2945/4048 2949/4047 2950/4002 2944/4001
f 2948/4046 3006/4049 3007/4050 2947/4051
f 2947/4052 3007/4053 3008/4054 2953/4055
f 2952/4056 2958/4057 2959/4058 2951/4059
f 2951/4060 2959/4061 2960/3999 2950/4002
f 2957/4062 2997/4063 2998/4064 2956/4065
f 2956/4066 2998/4067 2999/4068 2955/4031
f 2964/4069 3012/4070 3013/4071 2963/4072
f 2963/4072 3013/4071 3014/4073 2969/4074
f 2966/4075 2988/4076 2989/4077 2965/4078
f 2965/4078 2989/4077 2983/4079 2964/4080
f 2968/4081 2972/4082 2973/4083 2967/4084
f 2967/4084 2973/4083 2974/4085 2966/4086
f 2976/4087 2978/4088 2979/4089 2975/4090
f 2975/4090 2979/4089 2980/4091 2974/4092
f 2982/4093 2986/4094 2987/4095 2981/4096
f 2981/4096 2987/4095 2988/4097 2980/4098
f 2985/4099 3009/4100 3010/4101 2984/4102
f 2984/4102 3010/4101 3011/4103 2983/4104
f 2918/4009 2927/4105 2928/4106 2920/4010
f 2978/4088 2976/4087 3312/4107 3314/4108
f 2972/4082 2968/4081 3304/4109 3308/4110
f 2942/4033 2936/4032 3272/4111 3278/4112
f 2925/4004 2914/4003 3250/4113 3261/4114
f 2927/4105 2993/4115 2994/4116 2928/4106
f 2930/4019 2996/4117 2997/4063 2957/4062
f 3002/4027 2991/4118 2925/4004 2937/4028
f 3008/4054 3009/4100 2985/4099 2953/4055
f 3014/4073 3003/4039 2941/4038 2969/4074
f 3002/4027 2896/3869 2889/3868 2991/4118
f 2999/4068 2894/3871 2895/3870 3000/4022
f 2996/4117 2892/3873 2893/3872 2997/4063
f 2993/4115 2890/3875 2891/3874 2994/4116
f 3014/4073 2904/3877 2897/3876 3003/4039
f 3011/4119 2902/3881 2903/3880 3012/4120
f 3008/4054 2900/3883 2901/3882 3009/4100
f 3005/4044 2898/3885 2899/3884 3006/4049
f 2937/4028 2925/4004 3261/4114 3273/4121
f 2968/4081 2970/4122 3306/4123 3304/4109
f 2999/4068 3000/4022 2932/4021 2955/4031
f 3005/4044 3006/4049 2948/4046 2939/4045
f 3011/4119 3012/4120 2964/4080 2983/4079
f 2974/4092 2980/4091 2988/4076 2966/4075
f 2925/4004 2991/4118 2992/4124 2926/4005
f 2926/4005 2992/4124 2993/4125 2927/4007
f 2928/4016 2994/4126 2995/4127 2929/4017
f 2929/4017 2995/4127 2996/4117 2930/4019
f 2991/4118 2889/3868 2905/3918 2992/4124
f 2992/4124 2905/3918 2890/3919 2993/4125
f 2994/4126 2891/3921 2906/3920 2995/4127
f 2995/4127 2906/3920 2892/3873 2996/4117
f 2997/4063 2893/3872 2907/3922 2998/4064
f 2998/4067 2907/3923 2894/3871 2999/4068
f 3000/4022 2895/3870 2908/3924 3001/4023
f 3001/4026 2908/3925 2896/3869 3002/4027
f 3003/4039 2897/3876 2909/3926 3004/4040
f 3004/4043 2909/3927 2898/3885 3005/4044
f 3006/4049 2899/3884 2910/3928 3007/4050
f 3007/4053 2910/3929 2900/3883 3008/4054
f 3009/4100 2901/3882 2911/3930 3010/4101
f 3010/4101 2911/3930 2902/3931 3011/4103
f 3012/4070 2903/3933 2912/3932 3013/4071
f 3013/4071 2912/3932 2904/3877 3014/4073
f 2917/4128 3015/4129 2913/4006 2918/4008
f 2913/4006 3015/4129 2915/4130 2914/4003
f 2915/4130 3015/4129 2917/4128 2916/4131
f 2923/4132 3016/4133 2919/4018 2924/4020
f 2919/4018 3016/4133 2921/4134 2920/4015
f 2921/4134 3016/4133 2923/4132 2922/4135
f 2938/4136 3017/4137 2931/4025 2937/4028
f 2931/4024 3017/4138 2933/4030 2932/4021
f 2933/4030 3017/4138 2935/4036 2934/4000
f 2935/4035 3017/4137 2938/4136 2936/4032
f 2945/4048 3018/4139 2940/4042 2939/4045
f 2940/4041 3018/4140 2946/4141 2941/4038
f 2946/4141 3018/4140 2943/4034 2942/4033
f 2943/4037 3018/4139 2945/4048 2944/4001
f 2954/4142 3019/4143 2947/4052 2953/4055
f 2947/4051 3019/4144 2949/4047 2948/4046
f 2949/4047 3019/4144 2951/4060 2950/4002
f 2951/4059 3019/4143 2954/4142 2952/4056
f 2961/4029 3020/4145 2956/4066 2955/4031
f 2956/4065 3020/4146 2962/4147 2957/4062
f 2962/4147 3020/4146 2959/4058 2958/4057
f 2959/4061 3020/4145 2961/4029 2960/3999
f 2970/4122 3021/4148 2963/4072 2969/4074
f 2963/4072 3021/4148 2965/4149 2964/4069
f 2965/4149 3021/4148 2967/4084 2966/4086
f 2967/4084 3021/4148 2970/4122 2968/4081
f 2975/4150 3022/4151 2971/4152 2976/4153
f 2971/4152 3022/4151 2973/4083 2972/4082
f 2973/4083 3022/4151 2975/4150 2974/4085
f 2981/4096 3023/4154 2977/4155 2982/4093
f 2977/4155 3023/4154 2979/4156 2978/4157
f 2979/4156 3023/4154 2981/4096 2980/4098
f 2989/4158 3024/4159 2984/4102 2983/4104
f 2984/4102 3024/4159 2990/4160 2985/4099
f 2990/4160 3024/4159 2987/4095 2986/4094
f 2987/4095 3024/4159 2989/4158 2988/4097
f 2938/4136 2937/4028 3273/4121 3274/4161
f 2946/4141 2942/4033 3278/4112 3282/4162
f 2941/4038 2946/4141 3282/4162 3277/4163
f 2969/4074 2941/4038 3277/4163 3305/4164
f 2970/4122 2969/4074 3305/4164 3306/4123
f 3120/4165 3094/4166 3104/4167 3110/4168
f 3026/4169 3136/4170 3131/4171 3025/4172
f 3025/4172 3131/4171 3132/4173 3030/4174
f 3028/4175 3037/4176 3038/4177 3027/4178
f 3027/4178 3038/4177 3039/4179 3026/4180
f 3035/4181 3142/4182 3137/4183 3034/4184
f 3034/4184 3137/4183 3138/4185 3039/4186
f 3037/4187 3040/4188 3041/4189 3036/4190
f 3036/4190 3041/4189 3042/4191 3035/4181
f 3057/4192 3062/4193 3063/4194 3056/4195
f 3056/4195 3063/4194 3064/4196 3055/4197
f 3062/4193 3074/4198 3075/4199 3061/4200
f 3061/4200 3075/4199 3076/4201 3066/4202
f 3066/4203 3068/4204 3069/4205 3065/4206
f 3065/4206 3069/4205 3070/4207 3064/4208
f 3068/4209 3082/4210 3083/4211 3067/4212
f 3067/4212 3083/4211 3084/4213 3072/4214
f 3074/4198 3085/4215 3086/4216 3073/4217
f 3073/4217 3086/4216 3087/4218 3078/4219
f 3078/4220 3080/4221 3081/4222 3077/4223
f 3077/4223 3081/4222 3082/4224 3076/4225
f 3080/4226 3088/4227 3089/4228 3079/4229
f 3079/4229 3089/4228 3090/4230 3084/4213
f 3092/4231 3160/4232 3161/4233 3091/4234
f 3091/4235 3161/4236 3162/4237 3097/4238
f 3094/4166 3120/4165 3121/4239 3093/4240
f 3093/4240 3121/4239 3115/4241 3092/4231
f 3096/4242 3102/4243 3103/4244 3095/4245
f 3095/4246 3103/4247 3104/4167 3094/4166
f 3101/4248 3163/4249 3164/4250 3100/4251
f 3100/4252 3164/4253 3165/4254 3099/4255
f 3099/4255 3108/4256 3109/4257 3105/4258
f 3105/4258 3109/4257 3110/4168 3104/4167
f 3108/4256 3166/4259 3167/4260 3107/4261
f 3107/4262 3167/4263 3168/4264 3113/4265
f 3112/4266 3118/4267 3119/4268 3111/4269
f 3111/4270 3119/4271 3120/4165 3110/4168
f 3117/4272 3157/4273 3158/4274 3116/4275
f 3116/4276 3158/4277 3159/4278 3115/4241
f 3124/4279 3172/4280 3173/4281 3123/4282
f 3123/4282 3173/4281 3174/4283 3129/4284
f 3126/4285 3148/4286 3149/4287 3125/4288
f 3125/4288 3149/4287 3143/4289 3124/4290
f 3128/4291 3132/4173 3133/4292 3127/4293
f 3127/4293 3133/4292 3134/4294 3126/4295
f 3136/4296 3138/4297 3139/4298 3135/4299
f 3135/4299 3139/4298 3140/4300 3134/4301
f 3142/4182 3146/4302 3147/4303 3141/4304
f 3141/4304 3147/4303 3148/4305 3140/4306
f 3145/4307 3169/4308 3170/4309 3144/4310
f 3144/4310 3170/4309 3171/4311 3143/4312
f 3028/4175 3031/4313 3040/4314 3037/4176
f 3031/4313 3222/4315 3221/4316 3040/4314
f 3043/4317 3049/4318 3052/4319 3046/4320
f 3191/4321 3055/4322 3058/4323 3192/4324
f 3055/4322 3064/4208 3070/4207 3058/4323
f 3066/4203 3076/4225 3082/4224 3068/4204
f 3078/4220 3087/4325 3088/4326 3080/4221
f 3136/4296 3026/4180 3039/4179 3138/4297
f 3035/4181 3042/4191 3146/4302 3142/4182
f 3213/4327 3201/4328 3113/4265 3145/4307
f 3048/4329 3054/4330 3118/4267 3112/4266
f 3194/4331 3060/4332 3090/4230 3117/4272
f 3060/4332 3072/4214 3084/4213 3090/4230
f 3132/4173 3128/4291 3033/4333 3030/4174
f 3096/4242 3051/4334 3045/4335 3102/4243
f 3085/4215 3074/4198 3062/4193 3057/4192
f 3087/4325 3153/4336 3154/4337 3088/4326
f 3090/4230 3156/4338 3157/4273 3117/4272
f 3162/4237 3151/4339 3085/4215 3097/4238
f 3168/4264 3169/4308 3145/4307 3113/4265
f 3174/4283 3163/4249 3101/4248 3129/4284
f 3162/4237 3232/4340 3225/4341 3151/4339
f 3159/4278 3230/4342 3231/4343 3160/4232
f 3156/4338 3228/4344 3229/4345 3157/4273
f 3153/4336 3226/4346 3227/4347 3154/4337
f 3174/4283 3240/4348 3233/4349 3163/4249
f 3171/4350 3238/4351 3239/4352 3172/4353
f 3168/4264 3236/4354 3237/4355 3169/4308
f 3165/4254 3234/4356 3235/4357 3166/4259
f 3097/4238 3085/4215 3057/4192 3189/4358
f 3130/4359 3224/4360 3033/4333 3128/4291
f 3159/4278 3160/4232 3092/4231 3115/4241
f 3165/4254 3166/4259 3108/4256 3099/4255
f 3171/4350 3172/4353 3124/4290 3143/4289
f 3134/4301 3140/4300 3148/4286 3126/4285
f 3030/4174 3033/4333 3032/4361 3029/4362
f 3029/4362 3032/4361 3031/4363 3028/4364
f 3040/4188 3221/4365 3220/4366 3041/4189
f 3041/4189 3220/4366 3219/4367 3042/4191
f 3033/4333 3224/4360 3223/4368 3032/4361
f 3032/4361 3223/4368 3222/4369 3031/4363
f 3046/4370 3052/4371 3053/4372 3047/4373
f 3047/4373 3053/4372 3054/4330 3048/4329
f 3045/4335 3051/4334 3050/4374 3044/4375
f 3044/4375 3050/4374 3049/4376 3043/4377
f 3192/4378 3058/4379 3059/4380 3193/4381
f 3193/4381 3059/4380 3060/4332 3194/4331
f 3189/4358 3057/4192 3056/4195 3190/4382
f 3190/4382 3056/4195 3055/4197 3191/4383
f 3058/4379 3070/4384 3071/4385 3059/4380
f 3059/4380 3071/4385 3072/4214 3060/4332
f 3085/4215 3151/4339 3152/4386 3086/4216
f 3086/4216 3152/4386 3153/4387 3087/4218
f 3088/4227 3154/4388 3155/4389 3089/4228
f 3089/4228 3155/4389 3156/4338 3090/4230
f 3151/4339 3225/4341 3241/4390 3152/4386
f 3152/4386 3241/4390 3226/4391 3153/4387
f 3154/4388 3227/4392 3242/4393 3155/4389
f 3155/4389 3242/4393 3228/4344 3156/4338
f 3157/4273 3229/4345 3243/4394 3158/4274
f 3158/4277 3243/4395 3230/4342 3159/4278
f 3160/4232 3231/4343 3244/4396 3161/4233
f 3161/4236 3244/4397 3232/4340 3162/4237
f 3163/4249 3233/4349 3245/4398 3164/4250
f 3164/4253 3245/4399 3234/4356 3165/4254
f 3166/4259 3235/4357 3246/4400 3167/4260
f 3167/4263 3246/4401 3236/4354 3168/4264
f 3169/4308 3237/4355 3247/4402 3170/4309
f 3170/4309 3247/4402 3238/4403 3171/4311
f 3172/4280 3239/4404 3248/4405 3173/4281
f 3173/4281 3248/4405 3240/4348 3174/4283
f 3029/4362 3175/4406 3025/4172 3030/4174
f 3025/4172 3175/4406 3027/4407 3026/4169
f 3027/4407 3175/4406 3029/4362 3028/4364
f 3038/4408 3176/4409 3034/4184 3039/4186
f 3034/4184 3176/4409 3036/4190 3035/4181
f 3036/4190 3176/4409 3038/4408 3037/4187
f 3065/4410 3177/4411 3061/4200 3066/4202
f 3061/4200 3177/4411 3063/4194 3062/4193
f 3063/4194 3177/4411 3065/4410 3064/4196
f 3071/4385 3178/4412 3067/4212 3072/4214
f 3067/4212 3178/4412 3069/4413 3068/4209
f 3069/4413 3178/4412 3071/4385 3070/4384
f 3077/4414 3179/4415 3073/4217 3078/4219
f 3073/4217 3179/4415 3075/4199 3074/4198
f 3075/4199 3179/4415 3077/4414 3076/4201
f 3083/4211 3180/4416 3079/4229 3084/4213
f 3079/4229 3180/4416 3081/4417 3080/4226
f 3081/4417 3180/4416 3083/4211 3082/4210
f 3098/4418 3181/4419 3091/4235 3097/4238
f 3091/4234 3181/4420 3093/4240 3092/4231
f 3093/4240 3181/4420 3095/4246 3094/4166
f 3095/4245 3181/4419 3098/4418 3096/4242
f 3105/4258 3182/4421 3100/4252 3099/4255
f 3100/4251 3182/4422 3106/4423 3101/4248
f 3106/4423 3182/4422 3103/4244 3102/4243
f 3103/4247 3182/4421 3105/4258 3104/4167
f 3114/4424 3183/4425 3107/4262 3113/4265
f 3107/4261 3183/4426 3109/4257 3108/4256
f 3109/4257 3183/4426 3111/4270 3110/4168
f 3111/4269 3183/4425 3114/4424 3112/4266
f 3121/4239 3184/4427 3116/4276 3115/4241
f 3116/4275 3184/4428 3122/4429 3117/4272
f 3122/4429 3184/4428 3119/4268 3118/4267
f 3119/4271 3184/4427 3121/4239 3120/4165
f 3130/4359 3185/4430 3123/4282 3129/4284
f 3123/4282 3185/4430 3125/4431 3124/4279
f 3125/4431 3185/4430 3127/4293 3126/4295
f 3127/4293 3185/4430 3130/4359 3128/4291
f 3135/4432 3186/4433 3131/4171 3136/4170
f 3131/4171 3186/4433 3133/4292 3132/4173
f 3133/4292 3186/4433 3135/4432 3134/4294
f 3141/4304 3187/4434 3137/4183 3142/4182
f 3137/4183 3187/4434 3139/4435 3138/4185
f 3139/4435 3187/4434 3141/4304 3140/4306
f 3149/4436 3188/4437 3144/4310 3143/4312
f 3144/4310 3188/4437 3150/4438 3145/4307
f 3150/4438 3188/4437 3147/4303 3146/4302
f 3147/4303 3188/4437 3149/4436 3148/4305
f 3097/4238 3189/4358 3200/4439 3098/4418
f 3051/4334 3200/4439 3199/4440 3050/4374
f 3050/4374 3199/4440 3198/4441 3049/4376
f 3049/4318 3198/4442 3197/4443 3052/4319
f 3052/4371 3197/4444 3196/4445 3053/4372
f 3053/4372 3196/4445 3195/4446 3054/4330
f 3054/4330 3195/4446 3122/4429 3118/4267
f 3196/4445 3193/4381 3194/4331 3195/4446
f 3197/4444 3192/4378 3193/4381 3196/4445
f 3198/4442 3191/4321 3192/4324 3197/4443
f 3199/4440 3190/4382 3191/4383 3198/4441
f 3200/4439 3189/4358 3190/4382 3199/4440
f 3200/4439 3051/4334 3096/4242 3098/4418
f 3195/4446 3194/4331 3117/4272 3122/4429
f 3201/4328 3212/4447 3114/4424 3113/4265
f 3211/4448 3047/4373 3048/4329 3212/4447
f 3210/4449 3046/4370 3047/4373 3211/4448
f 3209/4450 3043/4317 3046/4320 3210/4451
f 3208/4452 3044/4375 3043/4377 3209/4453
f 3207/4454 3045/4335 3044/4375 3208/4452
f 3106/4423 3102/4243 3045/4335 3207/4454
f 3206/4455 3207/4454 3208/4452 3205/4456
f 3205/4456 3208/4452 3209/4453 3204/4457
f 3204/4458 3209/4450 3210/4451 3203/4459
f 3203/4460 3210/4449 3211/4448 3202/4461
f 3202/4461 3211/4448 3212/4447 3201/4328
f 3101/4248 3106/4423 3207/4454 3206/4455
f 3212/4447 3048/4329 3112/4266 3114/4424
f 3214/4462 3202/4461 3201/4328 3213/4327
f 3215/4463 3203/4460 3202/4461 3214/4462
f 3216/4464 3204/4458 3203/4459 3215/4465
f 3217/4466 3205/4456 3204/4457 3216/4467
f 3218/4468 3206/4455 3205/4456 3217/4466
f 3219/4367 3213/4327 3145/4307 3150/4438
f 3220/4366 3214/4462 3213/4327 3219/4367
f 3221/4365 3215/4463 3214/4462 3220/4366
f 3222/4315 3216/4464 3215/4465 3221/4316
f 3223/4368 3217/4466 3216/4467 3222/4369
f 3224/4360 3218/4468 3217/4466 3223/4368
f 3042/4191 3219/4367 3150/4438 3146/4302
f 3129/4284 3101/4248 3206/4455 3218/4468
f 3130/4359 3129/4284 3218/4468 3224/4360
f 3296/4469 3286/4470 3280/4471 3270/4472
f 3250/4113 3249/4473 3262/4474 3261/4114
f 3249/4473 3254/4475 3263/4476 3262/4474
f 3254/4477 3253/4478 3257/4479 3256/4480
f 3253/4478 3252/4481 3258/4482 3257/4479
f 3256/4483 3255/4484 3265/4485 3264/4486
f 3255/4484 3260/4487 3266/4488 3265/4485
f 3268/4489 3267/4490 3337/4491 3336/4492
f 3267/4493 3273/4121 3338/4494 3337/4495
f 3270/4472 3269/4496 3297/4497 3296/4469
f 3269/4496 3268/4489 3291/4498 3297/4497
f 3272/4111 3271/4499 3279/4500 3278/4112
f 3271/4501 3270/4472 3280/4471 3279/4502
f 3277/4163 3276/4503 3340/4504 3339/4505
f 3276/4506 3275/4507 3341/4508 3340/4509
f 3275/4507 3281/4510 3285/4511 3284/4512
f 3281/4513 3280/4471 3286/4470 3285/4514
f 3284/4512 3283/4515 3343/4516 3342/4517
f 3283/4518 3289/4519 3344/4520 3343/4521
f 3288/4522 3287/4523 3295/4524 3294/4525
f 3287/4526 3286/4470 3296/4469 3295/4527
f 3293/4528 3292/4529 3334/4530 3333/4531
f 3292/4532 3291/4498 3335/4533 3334/4534
f 3300/4535 3299/4536 3349/4537 3348/4538
f 3299/4536 3305/4164 3350/4539 3349/4537
f 3302/4540 3301/4541 3325/4542 3324/4543
f 3301/4541 3300/4544 3319/4545 3325/4542
f 3304/4109 3303/4546 3309/4547 3308/4110
f 3303/4546 3302/4548 3310/4549 3309/4547
f 3312/4107 3311/4550 3315/4551 3314/4108
f 3311/4550 3310/4552 3316/4553 3315/4551
f 3318/4554 3317/4555 3323/4556 3322/4557
f 3317/4555 3316/4558 3324/4559 3323/4556
f 3321/4560 3320/4561 3346/4562 3345/4563
f 3320/4561 3319/4564 3347/4565 3346/4562
f 3254/4477 3256/4480 3264/4566 3263/4567
f 3263/4567 3264/4566 3330/4568 3329/4569
f 3266/4488 3293/4528 3333/4531 3332/4570
f 3338/4494 3273/4121 3261/4114 3327/4571
f 3344/4520 3289/4519 3321/4560 3345/4563
f 3350/4539 3305/4164 3277/4163 3339/4505
f 3338/4494 3327/4571 3225/4341 3232/4340
f 3335/4533 3336/4492 3231/4343 3230/4342
f 3332/4570 3333/4531 3229/4345 3228/4344
f 3329/4569 3330/4568 3227/4347 3226/4346
f 3350/4539 3339/4505 3233/4349 3240/4348
f 3347/4572 3348/4573 3239/4352 3238/4351
f 3344/4520 3345/4563 3237/4355 3236/4354
f 3341/4508 3342/4517 3235/4357 3234/4356
f 3335/4533 3291/4498 3268/4489 3336/4492
f 3341/4508 3275/4507 3284/4512 3342/4517
f 3347/4572 3319/4545 3300/4544 3348/4573
f 3310/4552 3302/4540 3324/4543 3316/4553
f 3261/4114 3262/4474 3328/4574 3327/4571
f 3262/4474 3263/4476 3329/4575 3328/4574
f 3264/4486 3265/4485 3331/4576 3330/4577
f 3265/4485 3266/4488 3332/4570 3331/4576
f 3327/4571 3328/4574 3241/4390 3225/4341
f 3328/4574 3329/4575 3226/4391 3241/4390
f 3330/4577 3331/4576 3242/4393 3227/4392
f 3331/4576 3332/4570 3228/4344 3242/4393
f 3333/4531 3334/4530 3243/4394 3229/4345
f 3334/4534 3335/4533 3230/4342 3243/4395
f 3336/4492 3337/4491 3244/4396 3231/4343
f 3337/4495 3338/4494 3232/4340 3244/4397
f 3339/4505 3340/4504 3245/4398 3233/4349
f 3340/4509 3341/4508 3234/4356 3245/4399
f 3342/4517 3343/4516 3246/4400 3235/4357
f 3343/4521 3344/4520 3236/4354 3246/4401
f 3345/4563 3346/4562 3247/4402 3237/4355
f 3346/4562 3347/4565 3238/4403 3247/4402
f 3348/4538 3349/4537 3248/4405 3239/4404
f 3349/4537 3350/4539 3240/4348 3248/4405
f 3253/4578 3254/4475 3249/4473 3351/4579
f 3249/4473 3250/4113 3251/4580 3351/4579
f 3251/4580 3252/4581 3253/4578 3351/4579
f 3259/4582 3260/4487 3255/4484 3352/4583
f 3255/4484 3256/4483 3257/4584 3352/4583
f 3257/4584 3258/4585 3259/4582 3352/4583
f 3274/4161 3273/4121 3267/4493 3353/4586
f 3267/4490 3268/4489 3269/4496 3353/4587
f 3269/4496 3270/4472 3271/4501 3353/4587
f 3271/4499 3272/4111 3274/4161 3353/4586
f 3281/4510 3275/4507 3276/4506 3354/4588
f 3276/4503 3277/4163 3282/4162 3354/4589
f 3282/4162 3278/4112 3279/4500 3354/4589
f 3279/4502 3280/4471 3281/4513 3354/4590
f 3290/4591 3289/4519 3283/4518 3355/4592
f 3283/4515 3284/4512 3285/4511 3355/4593
f 3285/4514 3286/4470 3287/4526 3355/4594
f 3287/4523 3288/4522 3290/4591 3355/4592
f 3297/4497 3291/4498 3292/4532 3356/4595
f 3292/4529 3293/4528 3298/4596 3356/4597
f 3298/4596 3294/4525 3295/4524 3356/4597
f 3295/4527 3296/4469 3297/4497 3356/4595
f 3306/4123 3305/4164 3299/4536 3357/4598
f 3299/4536 3300/4535 3301/4599 3357/4598
f 3301/4599 3302/4548 3303/4546 3357/4598
f 3303/4546 3304/4109 3306/4123 3357/4598
f 3311/4600 3312/4601 3307/4602 3358/4603
f 3307/4602 3308/4110 3309/4547 3358/4603
f 3309/4547 3310/4549 3311/4600 3358/4603
f 3317/4555 3318/4554 3313/4604 3359/4605
f 3313/4604 3314/4606 3315/4607 3359/4605
f 3315/4607 3316/4558 3317/4555 3359/4605
f 3325/4608 3319/4564 3320/4561 3360/4609
f 3320/4561 3321/4560 3326/4610 3360/4609
f 3326/4610 3322/4557 3323/4556 3360/4609
f 3323/4556 3324/4559 3325/4608 3360/4609
f 2971/4152 3307/4602 3312/4601 2976/4153
f 2972/4082 3308/4110 3307/4602 2971/4152
f 2977/4155 3313/4604 3318/4554 2982/4093
f 2978/4157 3314/4606 3313/4604 2977/4155
f 2915/4130 3251/4580 3250/4113 2914/4003
f 2916/4131 3252/4581 3251/4580 2915/4130
f 2923/4132 3259/4582 3258/4585 2922/4135
f 2924/4020 3260/4487 3259/4582 2923/4132
f 2922/4013 3258/4482 3252/4481 2916/4014
f 2982/4093 3318/4554 3322/4557 2986/4094
f 2985/4099 3321/4560 3289/4519 2953/4055
f 2952/4056 3288/4522 3294/4525 2958/4057
f 2957/4062 3293/4528 3266/4488 2930/4019
f 2930/4019 3266/4488 3260/4487 2924/4020
f 2958/4057 3294/4525 3298/4596 2962/4147
f 2938/4136 3274/4161 3272/4111 2936/4032
f 2962/4147 3298/4596 3293/4528 2957/4062
f 2953/4055 3289/4519 3290/4591 2954/4142
f 2954/4142 3290/4591 3288/4522 2952/4056
f 2990/4160 3326/4610 3321/4560 2985/4099
f 2986/4094 3322/4557 3326/4610 2990/4160
v -49.271767 -111.902011 214.862728
v -49.130356 -111.960579 214.862728
v -49.130356 -111.902011 215.004139
v -49.130356 -111.760601 215.062695
v -49.271767 -111.760601 215.004139
v -49.330334 -111.760601 214.862728
v -49.130356 -109.960581 215.062695
v -49.271767 -109.960581 215.004139
v -49.330334 -109.960581 214.862728
v -46.888907 -111.902011 214.862728
v -46.830337 -111.760601 214.862728
v -46.888907 -111.760601 215.004139
v -47.030317 -111.760601 215.062695
v -47.030317 -111.902011 215.004139
v -47.030317 -111.960579 214.862728
v -47.030317 -109.960581 215.062695
v -46.888907 -109.960581 215.004139
v -46.830337 -109.960581 214.862728
v -49.130356 -107.960582 215.062695
v -49.271767 -107.960582 215.004139
v -49.330334 -107.960582 214.862728
v -47.030317 -107.960582 215.062695
v -46.888907 -107.960582 215.004139
v -46.830337 -107.960582 214.862728
v -49.130356 -105.960582 215.062695
v -49.271767 -105.960582 215.004139
v -49.330334 -105.960582 214.862728
v -47.030317 -105.960582 215.062695
v -46.888907 -105.960582 215.004139
v -46.830337 -105.960582 214.862728
v -49.130356 -103.960581 215.062695
v -49.271767 -103.960581 215.004139
v -49.330334 -103.960581 214.862728
v -47.030317 -103.960581 215.062695
v -46.888907 -103.960581 215.004139
v -46.830337 -103.960581 214.862728
v -49.271767 -102.019150 214.862728
v -49.330334 -102.160561 214.862728
v -49.271767 -102.160561 215.004139
v -49.130356 -102.160561 215.062695
v -49.130356 -102.019150 215.004139
v -49.130356 -101.960582 214.862728
v -46.888907 -102.019150 214.862728
v -47.030317 -101.960582 214.862728
v -47.030317 -102.019150 215.004139
v -47.030317 -102.160561 215.062695
v -46.888907 -102.160561 215.004139
v -46.830337 -102.160561 214.862728
v -49.271767 -102.160561 212.621250
v -49.330334 -102.160561 212.762661
v -49.271767 -102.019150 212.762661
v -49.130356 -101.960582 212.762661
v -49.130356 -102.019150 212.621250
v -49.130356 -102.160561 212.562695
v -46.888907 -102.160561 212.621250
v -47.030317 -102.160561 212.562695
v -47.030317 -102.019150 212.621250
v -47.030317 -101.960582 212.762661
v -46.888907 -102.019150 212.762661
v -46.830337 -102.160561 212.762661
v -49.330334 -104.160561 212.762661
v -49.271767 -104.019152 212.621250
v -49.130356 -103.960581 212.562695
v -47.030317 -103.960581 212.562695
v -46.888907 -104.019152 212.621250
v -46.830337 -104.160561 212.762661
v -49.271767 -105.902011 212.421284
v -49.130356 -105.960582 212.362728
v -49.130356 -106.019151 212.504139
v -49.130356 -106.160561 212.562695
v -49.271767 -106.101991 212.621250
v -49.330334 -105.960582 212.762661
v -49.330334 -105.760603 212.562695
v -49.330334 -105.819171 212.704124
v -49.130356 -107.960582 212.362728
v -49.271767 -108.019161 212.421284
v -49.330334 -108.160561 212.562695
v -49.330334 -107.960582 212.762661
v -49.271767 -107.819181 212.621250
v -49.130356 -107.760601 212.562695
v -49.130356 -107.902011 212.504139
v -49.330334 -108.101992 212.704124
v -46.888907 -108.019161 212.421284
v -47.030317 -107.960582 212.362728
v -47.030317 -107.902011 212.504139
v -47.030317 -107.760601 212.562695
v -46.888907 -107.819181 212.621250
v -46.830337 -107.960582 212.762661
v -46.830337 -108.160561 212.562695
v -46.830337 -108.101992 212.704124
v -47.030317 -105.960582 212.362728
v -46.888907 -105.902011 212.421284
v -46.830337 -105.760603 212.562695
v -46.830337 -105.960582 212.762661
v -46.888907 -106.101991 212.621250
v -47.030317 -106.160561 212.562695
v -47.030317 -106.019151 212.504139
v -46.830337 -105.819171 212.704124
v -49.271767 -109.902012 212.421284
v -49.130356 -109.960581 212.362728
v -49.130356 -110.019151 212.504139
v -49.130356 -110.160562 212.562695
v -49.271767 -110.101991 212.621250
v -49.330334 -109.960581 212.762661
v -49.330334 -109.760601 212.562695
v -49.330334 -109.819171 212.704124
v -49.271767 -111.902011 212.762661
v -49.330334 -111.760601 212.762661
v -49.271767 -111.760601 212.621250
v -49.130356 -111.760601 212.562695
v -49.130356 -111.902011 212.621250
v -49.130356 -111.960579 212.762661
v -46.888907 -111.902011 212.762661
v -47.030317 -111.960579 212.762661
v -47.030317 -111.902011 212.621250
v -47.030317 -111.760601 212.562695
v -46.888907 -111.760601 212.621250
v -46.830337 -111.760601 212.762661
v -47.030317 -109.960581 212.362728
v -46.888907 -109.902012 212.421284
v -46.830337 -109.760601 212.562695
v -46.830337 -109.960581 212.762661
v -46.888907 -110.101991 212.621250
v -47.030317 -110.160562 212.562695
v -47.030317 -110.019151 212.504139
v -46.830337 -109.819171 212.704124
v -49.330334 -104.160561 208.187714
v -49.271767 -104.019152 208.187714
v -49.130356 -103.960581 208.187714
v -47.030317 -103.960581 208.187714
v -46.888907 -104.019152 208.187714
v -46.830337 -104.160561 208.187714
v -46.830337 -105.760603 208.187714
v -46.888907 -105.902011 208.187714
v -47.030317 -105.960582 208.187714
v -49.130356 -105.960582 208.187714
v -49.271767 -105.902011 208.187714
v -49.330334 -105.760603 208.187714
v -49.330334 -108.160561 208.187714
v -49.271767 -108.019151 208.187714
v -49.130356 -107.960582 208.187714
v -47.030317 -107.960582 208.187714
v -46.888907 -108.019151 208.187714
v -46.830337 -108.160561 208.187714
v -46.830337 -109.760601 208.187714
v -46.888907 -109.902012 208.187714
v -47.030317 -109.960581 208.187714
v -49.130356 -109.960581 208.187714
v -49.271767 -109.902012 208.187714
v -49.330334 -109.760601 208.187714
v -49.245777 -111.876021 214.978123
v -46.914897 -111.876021 214.978123
v -49.245777 -102.045141 214.978123
v -46.914897 -102.045141 214.978123
v -49.245777 -102.045141 212.647285
v -46.914897 -102.045141 212.647285
v -49.271767 -105.960582 212.562695
v -49.271767 -107.960582 212.562695
v -46.888907 -107.960582 212.562695
v -46.888907 -105.960582 212.562695
v -49.271767 -109.960581 212.562695
v -49.245777 -111.876021 212.647285
v -46.914897 -111.876021 212.647285
v -46.888907 -109.960581 212.562695
v -49.330334 -105.760581 214.862728
v -49.271767 -105.760581 215.004139
v -49.130356 -105.760581 215.062695
v -47.030317 -105.760581 215.062695
v -46.888907 -105.760581 215.004139
v -46.830337 -105.760581 214.862728
v -46.830337 -105.860581 214.862728
v -46.888907 -105.860581 215.004139
v -47.030317 -105.860581 215.062695
v -49.130356 -105.860581 215.062695
v -49.271767 -105.860581 215.004139
v -49.330334 -105.860581 214.862728
v -46.830337 -108.160581 214.862728
v -46.888907 -108.160581 215.004139
v -47.030317 -108.160581 215.062695
v -49.130356 -108.160581 215.062695
v -49.271767 -108.160581 215.004139
v -49.330334 -108.160581 214.862728
v -49.330334 -108.060581 214.862728
v -49.271767 -108.060581 215.004139
v -49.130356 -108.060581 215.062695
v -47.030317 -108.060581 215.062695
v -46.888907 -108.060581 215.004139
v -46.830337 -108.060581 214.862728
v -46.830337 -109.780581 214.862728
v -46.888907 -109.780581 215.004139
v -47.030317 -109.780581 215.062695
v -49.130356 -109.780581 215.062695
v -49.271767 -109.780581 215.004139
v -49.330334 -109.780581 214.862728
v -46.830337 -109.852581 214.862728
v -46.888907 -109.852581 215.004139
v -47.030317 -109.852581 215.062695
v -49.130356 -109.852581 215.062695
v -49.271767 -109.852581 215.004139
v -49.330334 -109.852581 214.862728
v -49.330334 -104.160561 204.899712
v -49.130356 -103.960581 204.899712
v -47.030317 -103.960581 204.899712
v -46.830337 -104.160561 204.899712
v -46.830337 -105.760603 204.899712
v -47.030317 -105.960582 204.899712
v -49.130356 -105.960582 204.899712
v -49.330334 -105.760603 204.899712
v -49.330334 -108.160561 204.899712
v -49.130356 -107.960582 204.899712
v -47.030317 -107.960582 204.899712
v -46.830337 -108.160561 204.899712
v -46.830337 -109.760601 204.899712
v -47.030317 -109.960581 204.899712
v -49.130356 -109.960581 204.899712
v -49.330334 -109.760601 204.899712
v -49.271767 -104.019152 204.899712
v -46.888907 -104.019152 204.899712
v -46.888907 -105.902011 204.899712
v -49.271767 -105.902011 204.899712
v -49.271767 -108.019151 204.899712
v -46.888907 -108.019151 204.899712
v -46.888907 -109.902012 204.899712
v -49.271767 -109.902012 204.899712
v -49.271767 -102.160561 197.178154
v -49.330334 -102.160561 197.036743
v -49.271767 -102.019150 197.036743
v -49.130356 -101.960582 197.036743
v -49.130356 -102.019150 197.178154
v -49.130356 -102.160561 197.236710
v -46.888907 -102.160561 197.178154
v -47.030317 -102.160561 197.236710
v -47.030317 -102.019150 197.178154
v -47.030317 -101.960582 197.036743
v -46.888907 -102.019150 197.036743
v -46.830337 -102.160561 197.036743
v -49.330334 -104.160561 197.036743
v -49.271767 -104.019152 197.178154
v -49.130356 -103.960581 197.236710
v -47.030317 -103.960581 197.236710
v -46.888907 -104.019152 197.178154
v -46.830337 -104.160561 197.036743
v -49.271767 -105.902011 197.378120
v -49.130356 -105.960582 197.436676
v -49.130356 -106.019151 197.295265
v -49.130356 -106.160561 197.236710
v -49.271767 -106.101991 197.178154
v -49.330334 -105.960582 197.036743
v -49.330334 -105.760603 197.236710
v -49.330334 -105.819171 197.095299
v -49.130356 -107.960582 197.436676
v -49.271767 -108.019161 197.378120
v -49.330334 -108.160561 197.236710
v -49.330334 -107.960582 197.036743
v -49.271767 -107.819181 197.178154
v -49.130356 -107.760601 197.236710
v -49.130356 -107.902011 197.295265
v -49.330334 -108.101992 197.095299
v -46.888907 -108.019161 197.378120
v -47.030317 -107.960582 197.436676
v -47.030317 -107.902011 197.295265
v -47.030317 -107.760601 197.236710
v -46.888907 -107.819181 197.178154
v -46.830337 -107.960582 197.036743
v -46.830337 -108.160561 197.236710
v -46.830337 -108.101992 197.095299
v -47.030317 -105.960582 197.436676
v -46.888907 -105.902011 197.378120
v -46.830337 -105.760603 197.236710
v -46.830337 -105.960582 197.036743
v -46.888907 -106.101991 197.178154
v -47.030317 -106.160561 197.236710
v -47.030317 -106.019151 197.295265
v -46.830337 -105.819171 197.095299
v -49.271767 -109.902012 197.378120
v -49.130356 -109.960581 197.436676
v -49.130356 -110.019151 197.295265
v -49.130356 -110.160562 197.236710
v -49.271767 -110.101991 197.178154
v -49.330334 -109.960581 197.036743
v -49.330334 -109.760601 197.236710
v -49.330334 -109.819171 197.095299
v -49.271767 -111.902011 197.036743
v -49.330334 -111.760601 197.036743
v -49.271767 -111.760601 197.178154
v -49.130356 -111.760601 197.236710
v -49.130356 -111.902011 197.178154
v -49.130356 -111.960579 197.036743
v -46.888907 -111.902011 197.036743
v -47.030317 -111.960579 197.036743
v -47.030317 -111.902011 197.178154
v -47.030317 -111.760601 197.236710
v -46.888907 -111.760601 197.178154
v -46.830337 -111.760601 197.036743
v -47.030317 -109.960581 197.436676
v -46.888907 -109.902012 197.378120
v -46.830337 -109.760601 197.236710
v -46.830337 -109.960581 197.036743
v -46.888907 -110.101991 197.178154
v -47.030317 -110.160562 197.236710
v -47.030317 -110.019151 197.295265
v -46.830337 -109.819171 197.095299
v -49.330334 -104.160561 201.611690
v -49.271767 -104.019152 201.611690
v -49.130356 -103.960581 201.611690
v -47.030317 -103.960581 201.611690
v -46.888907 -104.019152 201.611690
v -46.830337 -104.160561 201.611690
v -46.830337 -105.760603 201.611690
v -46.888907 -105.902011 201.611690
v -47.030317 -105.960582 201.611690
v -49.130356 -105.960582 201.611690
v -49.271767 -105.902011 201.611690
v -49.330334 -105.760603 201.611690
v -49.330334 -108.160561 201.611690
v -49.271767 -108.019151 201.611690
v -49.130356 -107.960582 201.611690
v -47.030317 -107.960582 201.611690
v -46.888907 -108.019151 201.611690
v -46.830337 -108.160561 201.611690
v -46.830337 -109.760601 201.611690
v -46.888907 -109.902012 201.611690
v -47.030317 -109.960581 201.611690
v -49.130356 -109.960581 201.611690
v -49.271767 -109.902012 201.611690
v -49.330334 -109.760601 201.611690
v -49.245777 -102.045141 197.152138
v -46.914897 -102.045141 197.152138
v -49.271767 -105.960582 197.236710
v -49.271767 -107.960582 197.236710
v -46.888907 -107.960582 197.236710
v -46.888907 -105.960582 197.236710
v -49.271767 -109.960581 197.236710
v -49.245777 -111.876021 197.152138
v -46.914897 -111.876021 197.152138
v -46.888907 -109.960581 197.236710
v -49.271767 -111.902011 177.839909
v -49.130356 -111.960579 177.839909
v -49.130356 -111.902011 177.698498
v -49.130356 -111.760601 177.639942
v -49.271767 -111.760601 177.698498
v -49.330334 -111.760601 177.839909
v -49.130356 -109.960581 177.639942
v -49.271767 -109.960581 177.698498
v -49.330334 -109.960581 177.839909
v -46.888907 -111.902011 177.839909
v -46.830337 -111.760601 177.839909
v -46.888907 -111.760601 177.698498
v -47.030317 -111.760601 177.639942
v -47.030317 -111.902011 177.698498
v -47.030317 -111.960579 177.839909
v -47.030317 -109.960581 177.639942
v -46.888907 -109.960581 177.698498
v -46.830337 -109.960581 177.839909
v -49.130356 -107.960582 177.639942
v -49.271767 -107.960582 177.698498
v -49.330334 -107.960582 177.839909
v -47.030317 -107.960582 177.639942
v -46.888907 -107.960582 177.698498
v -46.830337 -107.960582 177.839909
v -49.130356 -105.960582 177.639942
v -49.271767 -105.960582 177.698498
v -49.330334 -105.960582 177.839909
v -47.030317 -105.960582 177.639942
v -46.888907 -105.960582 177.698498
v -46.830337 -105.960582 177.839909
v -49.130356 -103.960581 177.639942
v -49.271767 -103.960581 177.698498
v -49.330334 -103.960581 177.839909
v -47.030317 -103.960581 177.639942
v -46.888907 -103.960581 177.698498
v -46.830337 -103.960581 177.839909
v -49.271767 -102.019150 177.839909
v -49.330334 -102.160561 177.839909
v -49.271767 -102.160561 177.698498
v -49.130356 -102.160561 177.639942
v -49.130356 -102.019150 177.698498
v -49.130356 -101.960582 177.839909
v -46.888907 -102.019150 177.839909
v -47.030317 -101.960582 177.839909
v -47.030317 -102.019150 177.698498
v -47.030317 -102.160561 177.639942
v -46.888907 -102.160561 177.698498
v -46.830337 -102.160561 177.839909
v -49.271767 -102.160561 180.081387
v -49.330334 -102.160561 179.939976
v -49.271767 -102.019150 179.939976
v -49.130356 -101.960582 179.939976
v -49.130356 -102.019150 180.081387
v -49.130356 -102.160561 180.139942
v -46.888907 -102.160561 180.081387
v -47.030317 -102.160561 180.139942
v -47.030317 -102.019150 180.081387
v -47.030317 -101.960582 179.939976
v -46.888907 -102.019150 179.939976
v -46.830337 -102.160561 179.939976
v -49.330334 -104.160561 179.939976
v -49.271767 -104.019152 180.081387
v -49.130356 -103.960581 180.139942
v -47.030317 -103.960581 180.139942
v -46.888907 -104.019152 180.081387
v -46.830337 -104.160561 179.939976
v -49.271767 -105.902011 180.281353
v -49.130356 -105.960582 180.339909
v -49.130356 -106.019151 180.198498
v -49.130356 -106.160561 180.139942
v -49.271767 -106.101991 180.081387
v -49.330334 -105.960582 179.939976
v -49.330334 -105.760603 180.139942
v -49.330334 -105.819171 179.998531
v -49.130356 -107.960582 180.339909
v -49.271767 -108.019161 180.281353
v -49.330334 -108.160561 180.139942
v -49.330334 -107.960582 179.939976
v -49.271767 -107.819181 180.081387
v -49.130356 -107.760601 180.139942
v -49.130356 -107.902011 180.198498
v -49.330334 -108.101992 179.998531
v -46.888907 -108.019161 180.281353
v -47.030317 -107.960582 180.339909
v -47.030317 -107.902011 180.198498
v -47.030317 -107.760601 180.139942
v -46.888907 -107.819181 180.081387
v -46.830337 -107.960582 179.939976
v -46.830337 -108.160561 180.139942
v -46.830337 -108.101992 179.998531
v -47.030317 -105.960582 180.339909
v -46.888907 -105.902011 180.281353
v -46.830337 -105.760603 180.139942
v -46.830337 -105.960582 179.939976
v -46.888907 -106.101991 180.081387
v -47.030317 -106.160561 180.139942
v -47.030317 -106.019151 180.198498
v -46.830337 -105.819171 179.998531
v -49.271767 -109.902012 180.281353
v -49.130356 -109.960581 180.339909
v -49.130356 -110.019151 180.198498
v -49.130356 -110.160562 180.139942
v -49.271767 -110.101991 180.081387
v -49.330334 -109.960581 179.939976
v -49.330334 -109.760601 180.139942
v -49.330334 -109.819171 179.998531
v -49.271767 -111.902011 179.939976
v -49.330334 -111.760601 179.939976
v -49.271767 -111.760601 180.081387
v -49.130356 -111.760601 180.139942
v -49.130356 -111.902011 180.081387
v -49.130356 -111.960579 179.939976
v -46.888907 -111.902011 179.939976
v -47.030317 -111.960579 179.939976
v -47.030317 -111.902011 180.081387
v -47.030317 -111.760601 180.139942
v -46.888907 -111.760601 180.081387
v -46.830337 -111.760601 179.939976
v -47.030317 -109.960581 180.339909
v -46.888907 -109.902012 180.281353
v -46.830337 -109.760601 180.139942
v -46.830337 -109.960581 179.939976
v -46.888907 -110.101991 180.081387
v -47.030317 -110.160562 180.139942
v -47.030317 -110.019151 180.198498
v -46.830337 -109.819171 179.998531
v -49.330334 -104.160561 184.514923
v -49.271767 -104.019152 184.514923
v -49.130356 -103.960581 184.514923
v -47.030317 -103.960581 184.514923
v -46.888907 -104.019152 184.514923
v -46.830337 -104.160561 184.514923
v -46.830337 -105.760603 184.514923
v -46.888907 -105.902011 184.514923
v -47.030317 -105.960582 184.514923
v -49.130356 -105.960582 184.514923
v -49.271767 -105.902011 184.514923
v -49.330334 -105.760603 184.514923
v -49.330334 -108.160561 184.514923
v -49.271767 -108.019151 184.514923
v -49.130356 -107.960582 184.514923
v -47.030317 -107.960582 184.514923
v -46.888907 -108.019151 184.514923
v -46.830337 -108.160561 184.514923
v -46.830337 -109.760601 184.514923
v -46.888907 -109.902012 184.514923
v -47.030317 -109.960581 184.514923
v -49.130356 -109.960581 184.514923
v -49.271767 -109.902012 184.514923
v -49.330334 -109.760601 184.514923
v -49.245777 -111.876021 177.724514
v -46.914897 -111.876021 177.724514
v -49.245777 -102.045141 177.724514
v -46.914897 -102.045141 177.724514
v -49.245777 -102.045141 180.055370
v -46.914897 -102.045141 180.055370
v -49.271767 -105.960582 180.139942
v -49.271767 -107.960582 180.139942
v -46.888907 -107.960582 180.139942
v -46.888907 -105.960582 180.139942
v -49.271767 -109.960581 180.139942
v -49.245777 -111.876021 180.055370
v -46.914897 -111.876021 180.055370
v -46.888907 -109.960581 180.139942
v -49.330334 -105.760581 177.839909
v -49.271767 -105.760581 177.698498
v -49.130356 -105.760581 177.639942
v -47.030317 -105.760581 177.639942
v -46.888907 -105.760581 177.698498
v -46.830337 -105.760581 177.839909
v -46.830337 -105.860581 177.839909
v -46.888907 -105.860581 177.698498
v -47.030317 -105.860581 177.639942
v -49.130356 -105.860581 177.639942
v -49.271767 -105.860581 177.698498
v -49.330334 -105.860581 177.839909
v -46.830337 -108.160581 177.839909
v -46.888907 -108.160581 177.698498
v -47.030317 -108.160581 177.639942
v -49.130356 -108.160581 177.639942
v -49.271767 -108.160581 177.698498
v -49.330334 -108.160581 177.839909
v -49.330334 -108.060581 177.839909
v -49.271767 -108.060581 177.698498
v -49.130356 -108.060581 177.639942
v -47.030317 -108.060581 177.639942
v -46.888907 -108.060581 177.698498
v -46.830337 -108.060581 177.839909
v -46.830337 -109.780581 177.839909
v -46.888907 -109.780581 177.698498
v -47.030317 -109.780581 177.639942
v -49.130356 -109.780581 177.639942
v -49.271767 -109.780581 177.698498
v -49.330334 -109.780581 177.839909
v -46.830337 -109.852581 177.839909
v -46.888907 -109.852581 177.698498
v -47.030317 -109.852581 177.639942
v -49.130356 -109.852581 177.639942
v -49.271767 -109.852581 177.698498
v -49.330334 -109.852581 177.839909
v -49.330334 -104.160561 187.802944
v -49.130356 -103.960581 187.802944
v -47.030317 -103.960581 187.802944
v -46.830337 -104.160561 187.802944
v -46.830337 -105.760603 187.802944
v -47.030317 -105.960582 187.802944
v -49.130356 -105.960582 187.802944
v -49.330334 -105.760603 187.802944
v -49.330334 -108.160561 187.802944
v -49.130356 -107.960582 187.802944
v -47.030317 -107.960582 187.802944
v -46.830337 -108.160561 187.802944
v -46.830337 -109.760601 187.802944
v -47.030317 -109.960581 187.802944
v -49.130356 -109.960581 187.802944
v -49.330334 -109.760601 187.802944
v -49.271767 -104.019152 187.802944
v -46.888907 -104.019152 187.802944
v -46.888907 -105.902011 187.802944
v -49.271767 -105.902011 187.802944
v -49.271767 -108.019151 187.802944
v -46.888907 -108.019151 187.802944
v -46.888907 -109.902012 187.802944
v -49.271767 -109.902012 187.802944
v -49.271767 -102.160561 195.524483
v -49.330334 -102.160561 195.665894
v -49.271767 -102.019150 195.665894
v -49.130356 -101.960582 195.665894
v -49.130356 -102.019150 195.524483
v -49.130356 -102.160561 195.465927
v -46.888907 -102.160561 195.524483
v -47.030317 -102.160561 195.465927
v -47.030317 -102.019150 195.524483
v -47.030317 -101.960582 195.665894
v -46.888907 -102.019150 195.665894
v -46.830337 -102.160561 195.665894
v -49.330334 -104.160561 195.665894
v -49.271767 -104.019152 195.524483
v -49.130356 -103.960581 195.465927
v -47.030317 -103.960581 195.465927
v -46.888907 -104.019152 195.524483
v -46.830337 -104.160561 195.665894
v -49.271767 -105.902011 195.324516
v -49.130356 -105.960582 195.265961
v -49.130356 -106.019151 195.407371
v -49.130356 -106.160561 195.465927
v -49.271767 -106.101991 195.524483
v -49.330334 -105.960582 195.665894
v -49.330334 -105.760603 195.465927
v -49.330334 -105.819171 195.607338
v -49.130356 -107.960582 195.265961
v -49.271767 -108.019161 195.324516
v -49.330334 -108.160561 195.465927
v -49.330334 -107.960582 195.665894
v -49.271767 -107.819181 195.524483
v -49.130356 -107.760601 195.465927
v -49.130356 -107.902011 195.407371
v -49.330334 -108.101992 195.607338
v -46.888907 -108.019161 195.324516
v -47.030317 -107.960582 195.265961
v -47.030317 -107.902011 195.407371
v -47.030317 -107.760601 195.465927
v -46.888907 -107.819181 195.524483
v -46.830337 -107.960582 195.665894
v -46.830337 -108.160561 195.465927
v -46.830337 -108.101992 195.607338
v -47.030317 -105.960582 195.265961
v -46.888907 -105.902011 195.324516
v -46.830337 -105.760603 195.465927
v -46.830337 -105.960582 195.665894
v -46.888907 -106.101991 195.524483
v -47.030317 -106.160561 195.465927
v -47.030317 -106.019151 195.407371
v -46.830337 -105.819171 195.607338
v -49.271767 -109.902012 195.324516
v -49.130356 -109.960581 195.265961
v -49.130356 -110.019151 195.407371
v -49.130356 -110.160562 195.465927
v -49.271767 -110.101991 195.524483
v -49.330334 -109.960581 195.665894
v -49.330334 -109.760601 195.465927
v -49.330334 -109.819171 195.607338
v -49.271767 -111.902011 195.665894
v -49.330334 -111.760601 195.665894
v -49.271767 -111.760601 195.524483
v -49.130356 -111.760601 195.465927
v -49.130356 -111.902011 195.524483
v -49.130356 -111.960579 195.665894
v -46.888907 -111.902011 195.665894
v -47.030317 -111.960579 195.665894
v -47.030317 -111.902011 195.524483
v -47.030317 -111.760601 195.465927
v -46.888907 -111.760601 195.524483
v -46.830337 -111.760601 195.665894
v -47.030317 -109.960581 195.265961
v -46.888907 -109.902012 195.324516
v -46.830337 -109.760601 195.465927
v -46.830337 -109.960581 195.665894
v -46.888907 -110.101991 195.524483
v -47.030317 -110.160562 195.465927
v -47.030317 -110.019151 195.407371
v -46.830337 -109.819171 195.607338
v -49.330334 -104.160561 191.090946
v -49.271767 -104.019152 191.090946
v -49.130356 -103.960581 191.090946
v -47.030317 -103.960581 191.090946
v -46.888907 -104.019152 191.090946
v -46.830337 -104.160561 191.090946
v -46.830337 -105.760603 191.090946
v -46.888907 -105.902011 191.090946
v -47.030317 -105.960582 191.090946
v -49.130356 -105.960582 191.090946
v -49.271767 -105.902011 191.090946
v -49.330334 -105.760603 191.090946
v -49.330334 -108.160561 191.090946
v -49.271767 -108.019151 191.090946
v -49.130356 -107.960582 191.090946
v -47.030317 -107.960582 191.090946
v -46.888907 -108.019151 191.090946
v -46.830337 -108.160561 191.090946
v -46.830337 -109.760601 191.090946
v -46.888907 -109.902012 191.090946
v -47.030317 -109.960581 191.090946
v -49.130356 -109.960581 191.090946
v -49.271767 -109.902012 191.090946
v -49.330334 -109.760601 191.090946
v -49.245777 -102.045141 195.550499
v -46.914897 -102.045141 195.550499
v -49.271767 -105.960582 195.465927
v -49.271767 -107.960582 195.465927
v -46.888907 -107.960582 195.465927
v -46.888907 -105.960582 195.465927
v -49.271767 -109.960581 195.465927
v -49.245777 -111.876021 195.550499
v -46.914897 -111.876021 195.550499
v -46.888907 -109.960581 195.465927
vt 0.650315 0.790617
vt 0.635672 0.791406
vt 0.634671 0.772220
vt 0.649316 0.771483
vt 0.977086 0.033140
vt 0.976353 0.036753
vt 0.924184 0.034662
vt 0.923817 0.030994
vt 0.976047 0.040364
vt 0.923987 0.038259
vt 0.154733 0.897027
vt 0.156123 0.896846
vt 0.158311 0.914863
vt 0.157077 0.915026
vt 0.157517 0.896675
vt 0.159545 0.914713
vt 0.040531 0.350814
vt 0.040225 0.347203
vt 0.092395 0.345126
vt 0.092592 0.348720
vt 0.039493 0.343590
vt 0.092761 0.341461
vt 0.033274 0.350071
vt 0.036910 0.350650
vt 0.038869 0.395401
vt 0.035043 0.395409
vt 0.042666 0.395472
vt 0.973180 0.233848
vt 0.977083 0.233962
vt 0.978064 0.278746
vt 0.974440 0.278520
vt 0.980934 0.234009
vt 0.981692 0.279391
vt 0.974700 0.282141
vt 0.922513 0.283380
vt 0.922341 0.279750
vt 0.975383 0.285766
vt 0.922109 0.287056
vt 0.069781 0.911480
vt 0.071092 0.911222
vt 0.074509 0.929049
vt 0.073222 0.929300
vt 0.072405 0.910967
vt 0.075796 0.928799
vt 0.041094 0.596196
vt 0.041778 0.592572
vt 0.093964 0.593829
vt 0.094368 0.597506
vt 0.042040 0.588950
vt 0.094139 0.590202
vt 0.918889 0.280247
vt 0.916689 0.233697
vt 0.920354 0.229802
vt 0.915374 0.281215
vt 0.914136 0.236444
vt 0.049346 0.915450
vt 0.050649 0.915194
vt 0.054118 0.933010
vt 0.052824 0.933264
vt 0.051953 0.914939
vt 0.055411 0.932757
vt 0.101103 0.591670
vt 0.097591 0.590700
vt 0.099813 0.544153
vt 0.102366 0.546902
vt 0.096151 0.540255
vt 0.652279 0.771331
vt 0.651854 0.769919
vt 0.690298 0.767949
vt 0.690357 0.769342
vt 0.911342 0.185677
vt 0.915106 0.189545
vt 0.805803 0.189241
vt 0.805672 0.185365
vt 0.650802 0.771379
vt 0.651803 0.790566
vt 0.653279 0.790462
vt 0.920138 0.184185
vt 0.916265 0.180612
vt 0.916377 0.137728
vt 0.920278 0.134191
vt 0.649600 0.770033
vt 0.634100 0.770814
vt 0.915289 0.128798
vt 0.911482 0.132633
vt 0.805803 0.132408
vt 0.805956 0.128527
vt 0.945088 0.753519
vt 0.944696 0.754982
vt 0.906648 0.757271
vt 0.906561 0.755877
vt 0.946101 0.754962
vt 0.947236 0.774018
vt 0.945838 0.774164
vt 0.633269 0.772359
vt 0.634264 0.791414
vt 0.946400 0.775572
vt 0.907865 0.777800
vt 0.907788 0.776408
vt 0.105064 0.443091
vt 0.101259 0.439253
vt 0.210587 0.439040
vt 0.210740 0.442924
vt 0.096268 0.444644
vt 0.100169 0.448183
vt 0.100253 0.491065
vt 0.096383 0.494637
vt 0.635251 0.792864
vt 0.650748 0.792029
vt 0.101415 0.500000
vt 0.105179 0.496132
vt 0.210849 0.495878
vt 0.210721 0.499751
vt 0.653003 0.791909
vt 0.691360 0.788484
vt 0.691446 0.789876
vt 0.910167 0.081155
vt 0.912124 0.084694
vt 0.806161 0.084754
vt 0.806126 0.080939
vt 0.915800 0.088535
vt 0.806164 0.088570
vt 0.192361 0.893376
vt 0.193785 0.893279
vt 0.194853 0.911398
vt 0.193638 0.911482
vt 0.195209 0.893199
vt 0.196068 0.911328
vt 0.921508 0.083087
vt 0.917938 0.079214
vt 0.920540 0.037808
vt 0.914546 0.076973
vt 0.917025 0.036854
vt 0.175650 0.894712
vt 0.177060 0.894569
vt 0.178726 0.912642
vt 0.177504 0.912768
vt 0.178473 0.894441
vt 0.179948 0.912531
vt 0.096038 0.348272
vt 0.098632 0.389675
vt 0.095060 0.393548
vt 0.099554 0.347318
vt 0.102025 0.387436
vt 0.100764 0.398996
vt 0.104438 0.395155
vt 0.210401 0.395267
vt 0.210398 0.399083
vt 0.106398 0.391616
vt 0.210439 0.391451
vt 0.141732 0.917101
vt 0.139242 0.899122
vt 0.140873 0.917231
vt 0.138253 0.899270
vt 0.121876 0.901881
vt 0.124943 0.919770
vt 0.107958 0.922739
vt 0.104804 0.904865
vt 0.103032 0.905199
vt 0.106327 0.923047
vt 0.091063 0.925902
vt 0.087709 0.908064
vt 0.037558 0.936248
vt 0.034075 0.918435
vt 0.043035 0.399665
vt 0.043773 0.440002
vt 0.043790 0.444859
vt 0.043907 0.494697
vt 0.043934 0.499533
vt 0.043322 0.544278
vt 0.973901 0.085025
vt 0.972756 0.134423
vt 0.972616 0.184264
vt 0.972372 0.895564
vt 0.974823 0.913548
vt 0.937350 0.918656
vt 0.934912 0.900670
vt 0.210715 0.539705
vt 0.805787 0.229198
vt 0.723528 0.228908
vt 0.723579 0.188971
vt 0.720288 0.767768
vt 0.721295 0.786915
vt 0.292944 0.499533
vt 0.292977 0.539470
vt 0.909172 0.922458
vt 0.906762 0.904467
vt 0.723700 0.128374
vt 0.723839 0.088425
vt 0.232009 0.909832
vt 0.231375 0.891693
vt 0.259905 0.890882
vt 0.260289 0.909028
vt 0.292720 0.398990
vt 0.292840 0.438939
vt 0.877848 0.778205
vt 0.876712 0.759067
vt 0.972587 0.189099
vt 0.919676 0.086788
vt 0.973677 0.087545
vt 0.979669 0.040206
vt 0.977701 0.084957
vt 0.983301 0.039626
vt 0.981527 0.084968
vt 0.038987 0.398028
vt 0.035144 0.398085
vt 0.042888 0.397990
vt 0.977581 0.087586
vt 0.981421 0.087644
vt 0.036095 0.444906
vt 0.039930 0.444884
vt 0.040042 0.494714
vt 0.036204 0.494725
vt 0.976618 0.134448
vt 0.976482 0.184280
vt 0.980453 0.134469
vt 0.980317 0.184291
vt 0.036215 0.499541
vt 0.040053 0.499544
vt 0.039419 0.544393
vt 0.035568 0.544440
vt 0.976468 0.189110
vt 0.980306 0.189110
vt 0.038416 0.589177
vt 0.034786 0.589822
vt 0.805710 0.233014
vt 0.805609 0.236830
vt 0.210795 0.543519
vt 0.210893 0.547334
vt 0.723560 0.232727
vt 0.723563 0.236543
vt 0.292947 0.543289
vt 0.292942 0.547107
vt 0.292983 0.495692
vt 0.721369 0.788310
vt 0.720214 0.766373
vt 0.723539 0.185130
vt 0.723653 0.132231
vt 0.876632 0.757672
vt 0.877929 0.779599
vt 0.292890 0.442793
vt 0.292668 0.395169
vt 0.292646 0.391348
vt 0.723891 0.084601
vt 0.723916 0.080783
vt 0.979141 0.037404
vt 0.981224 0.035411
vt 0.035357 0.345856
vt 0.037440 0.347851
vt 0.979546 0.283565
vt 0.977496 0.281535
vt 0.038984 0.591965
vt 0.036932 0.593993
vt 0.917842 0.285183
vt 0.919712 0.282997
vt 0.096766 0.593449
vt 0.098635 0.595636
vt 0.918668 0.187831
vt 0.914830 0.184174
vt 0.650726 0.769877
vt 0.946445 0.753544
vt 0.918835 0.130536
vt 0.914961 0.134158
vt 0.632759 0.770998
vt 0.097711 0.440989
vt 0.101584 0.444613
vt 0.947744 0.775385
vt 0.633898 0.792820
vt 0.651884 0.792067
vt 0.097851 0.498284
vt 0.101688 0.494626
vt 0.915994 0.082948
vt 0.913190 0.079957
vt 0.919512 0.032864
vt 0.921374 0.035048
vt 0.095205 0.345511
vt 0.097069 0.343327
vt 0.103378 0.390418
vt 0.100573 0.393409
vt 0.096889 0.397246
vt 0.972603 0.186683
vt 0.976474 0.186696
vt 0.980308 0.186705
vt 0.107142 0.922892
vt 0.103918 0.905029
vt 0.040050 0.497130
vt 0.036213 0.497135
vt 0.043918 0.497116
vt 0.043784 0.442432
vt 0.039916 0.442470
vt 0.036081 0.442511
vt 0.122778 0.901720
vt 0.125746 0.919627
vt 0.976629 0.132034
vt 0.980467 0.132075
vt 0.972764 0.131993
vt 0.972775 0.129563
vt 0.976657 0.129623
vt 0.980494 0.129686
vt 0.123683 0.901566
vt 0.126547 0.919489
vt 0.036054 0.440125
vt 0.039894 0.440062
vt 0.039080 0.399734
vt 0.035220 0.399807
vt 0.137574 0.899380
vt 0.140321 0.917321
vt 0.977485 0.089295
vt 0.981344 0.089369
vt 0.973527 0.089224
vt 0.792231 0.783166
vt 0.791177 0.764038
vt 0.805814 0.763227
vt 0.806883 0.782354
vt 0.526499 0.278314
vt 0.526800 0.228441
vt 0.530487 0.232194
vt 0.530039 0.278746
vt 0.533048 0.234853
vt 0.533603 0.279596
vt 0.825742 0.915070
vt 0.827993 0.933080
vt 0.826643 0.933249
vt 0.824465 0.915230
vt 0.825292 0.933413
vt 0.823187 0.915385
vt 0.482937 0.590268
vt 0.483465 0.545522
vt 0.486029 0.542865
vt 0.486502 0.589415
vt 0.489724 0.539110
vt 0.490041 0.588983
vt 0.788274 0.764194
vt 0.750214 0.766194
vt 0.750126 0.764803
vt 0.788547 0.762746
vt 0.535653 0.184682
vt 0.641381 0.184920
vt 0.641332 0.188749
vt 0.531829 0.188421
vt 0.790763 0.783273
vt 0.789722 0.764090
vt 0.789296 0.783323
vt 0.526726 0.183192
vt 0.526753 0.133256
vt 0.530774 0.136785
vt 0.530697 0.179650
vt 0.790730 0.762630
vt 0.806101 0.761777
vt 0.531856 0.128021
vt 0.641406 0.128196
vt 0.641474 0.132042
vt 0.535738 0.131752
vt 0.808294 0.761654
vt 0.846718 0.759456
vt 0.846786 0.760847
vt 0.808727 0.763063
vt 0.809830 0.782187
vt 0.808358 0.782298
vt 0.807269 0.763119
vt 0.847907 0.779983
vt 0.848001 0.781376
vt 0.809561 0.783636
vt 0.480805 0.442427
vt 0.375066 0.442651
vt 0.375132 0.438810
vt 0.484681 0.438693
vt 0.489784 0.443927
vt 0.489804 0.493864
vt 0.485826 0.490321
vt 0.485769 0.447456
vt 0.807331 0.783763
vt 0.791941 0.784615
vt 0.484700 0.499090
vt 0.375195 0.499355
vt 0.375143 0.495528
vt 0.480871 0.495353
vt 0.789725 0.784734
vt 0.751286 0.786727
vt 0.751226 0.785334
vt 0.537774 0.080906
vt 0.641725 0.080627
vt 0.641635 0.084443
vt 0.535738 0.084372
vt 0.641501 0.088259
vt 0.531875 0.087991
vt 0.327597 0.890582
vt 0.326879 0.908718
vt 0.325698 0.908679
vt 0.326136 0.890534
vt 0.324517 0.908660
vt 0.324674 0.890511
vt 0.526630 0.082685
vt 0.526466 0.037841
vt 0.529998 0.037488
vt 0.530290 0.078902
vt 0.533570 0.036693
vt 0.533759 0.076809
vt 0.344458 0.891457
vt 0.342918 0.909541
vt 0.341736 0.909445
vt 0.343004 0.891340
vt 0.340553 0.909368
vt 0.341549 0.891245
vt 0.490052 0.348518
vt 0.489905 0.393359
vt 0.486247 0.389579
vt 0.486518 0.348165
vt 0.482779 0.387485
vt 0.482946 0.347370
vt 0.484665 0.398665
vt 0.375053 0.398873
vt 0.374919 0.395057
vt 0.480811 0.395046
vt 0.374831 0.391238
vt 0.478774 0.391583
vt 0.841143 0.913111
vt 0.843461 0.931112
vt 0.356386 0.892567
vt 0.354584 0.910627
vt 0.492424 0.082693
vt 0.492564 0.037849
vt 0.492331 0.183190
vt 0.492307 0.133259
vt 0.492572 0.278320
vt 0.492258 0.228444
vt 0.878611 0.908215
vt 0.880983 0.926210
vt 0.375239 0.539284
vt 0.641272 0.228676
vt 0.288571 0.908629
vt 0.288452 0.890478
vt 0.487228 0.188421
vt 0.528185 0.086299
vt 0.490875 0.086307
vt 0.641427 0.232489
vt 0.641526 0.236302
vt 0.374984 0.546919
vt 0.375086 0.543100
vt 0.531274 0.283628
vt 0.529325 0.281502
vt 0.526529 0.281966
vt 0.527065 0.285629
vt 0.490011 0.592632
vt 0.487215 0.592170
vt 0.485266 0.594297
vt 0.489475 0.596298
vt 0.528185 0.186789
vt 0.532127 0.183190
vt 0.789636 0.762592
vt 0.807189 0.761620
vt 0.532209 0.133242
vt 0.528205 0.129664
vt 0.488333 0.440333
vt 0.484334 0.443914
vt 0.808447 0.783798
vt 0.790840 0.784772
vt 0.484397 0.493864
vt 0.488347 0.497458
vt 0.532018 0.082603
vt 0.534912 0.079722
vt 0.531277 0.032612
vt 0.529309 0.034717
vt 0.526513 0.034217
vt 0.527059 0.030568
vt 0.487207 0.345394
vt 0.490003 0.344894
vt 0.485239 0.343292
vt 0.489456 0.341244
vt 0.481628 0.390396
vt 0.484525 0.393277
vt 0.488352 0.396973
vt 0.490872 0.186789
vt 0.490856 0.129664
vt 0.487204 0.128024
vt 0.487182 0.087999
vt 0.222731 0.724766
vt 0.222601 0.743923
vt 0.207928 0.743816
vt 0.208072 0.724660
vt 0.041961 0.033104
vt 0.095229 0.030945
vt 0.094863 0.034613
vt 0.042696 0.036718
vt 0.095062 0.038210
vt 0.043005 0.040329
vt 0.541899 0.925010
vt 0.539463 0.942997
vt 0.538079 0.942796
vt 0.540667 0.924830
vt 0.536699 0.942582
vt 0.539436 0.924639
vt 0.973497 0.350809
vt 0.921440 0.348706
vt 0.921637 0.345109
vt 0.973803 0.347195
vt 0.921268 0.341444
vt 0.974539 0.343584
vt 0.980754 0.350065
vt 0.978975 0.395407
vt 0.975148 0.395396
vt 0.977119 0.350645
vt 0.971352 0.395467
vt 0.045886 0.233807
vt 0.044645 0.278479
vt 0.041020 0.278708
vt 0.041982 0.233924
vt 0.037393 0.279356
vt 0.038134 0.233971
vt 0.096743 0.279689
vt 0.096574 0.283319
vt 0.044385 0.282100
vt 0.096978 0.286996
vt 0.043707 0.285728
vt 0.625892 0.930702
vt 0.626133 0.948850
vt 0.624696 0.948861
vt 0.624682 0.930710
vt 0.623259 0.948853
vt 0.623473 0.930704
vt 0.972926 0.596194
vt 0.919655 0.597509
vt 0.920057 0.593829
vt 0.972243 0.592567
vt 0.919879 0.590205
vt 0.971980 0.588947
vt 0.098703 0.229742
vt 0.102369 0.233635
vt 0.100198 0.280184
vt 0.104922 0.236382
vt 0.103711 0.281152
vt 0.646349 0.930252
vt 0.647260 0.948379
vt 0.645828 0.948445
vt 0.645138 0.930308
vt 0.644393 0.948492
vt 0.643927 0.930349
vt 0.912917 0.591673
vt 0.911643 0.546902
vt 0.914196 0.544153
vt 0.916427 0.590702
vt 0.917862 0.540255
vt 0.225538 0.743941
vt 0.263662 0.744134
vt 0.263668 0.745530
vt 0.225178 0.745370
vt 0.107715 0.185628
vt 0.213383 0.185327
vt 0.213257 0.189198
vt 0.103949 0.189493
vt 0.224188 0.724749
vt 0.224071 0.743960
vt 0.225640 0.724786
vt 0.098919 0.184138
vt 0.098780 0.134141
vt 0.102683 0.137681
vt 0.102787 0.180565
vt 0.222960 0.745356
vt 0.207548 0.745245
vt 0.103774 0.128748
vt 0.213101 0.128489
vt 0.213257 0.132373
vt 0.107579 0.132586
vt 0.205320 0.745226
vt 0.166819 0.744843
vt 0.166844 0.743449
vt 0.204981 0.743792
vt 0.205149 0.724636
vt 0.206610 0.724621
vt 0.206454 0.743831
vt 0.167025 0.724282
vt 0.167024 0.722889
vt 0.205512 0.723208
vt 0.908945 0.443091
vt 0.803267 0.442924
vt 0.803423 0.439040
vt 0.912750 0.439250
vt 0.917739 0.444644
vt 0.917624 0.494637
vt 0.913753 0.491067
vt 0.913841 0.448183
vt 0.207713 0.723226
vt 0.223110 0.723337
vt 0.912594 0.500000
vt 0.803289 0.499759
vt 0.803160 0.495883
vt 0.908831 0.496135
vt 0.225296 0.723352
vt 0.263774 0.723574
vt 0.263752 0.724968
vt 0.108896 0.081103
vt 0.212937 0.080895
vt 0.212899 0.084713
vt 0.106936 0.084645
vt 0.212899 0.088529
vt 0.103262 0.088486
vt 0.505504 0.918998
vt 0.502325 0.936868
vt 0.500989 0.936616
vt 0.504240 0.918759
vt 0.499655 0.936360
vt 0.502976 0.918516
vt 0.097555 0.083035
vt 0.098509 0.037756
vt 0.101125 0.079162
vt 0.102024 0.036803
vt 0.104517 0.076921
vt 0.521572 0.921827
vt 0.518704 0.939750
vt 0.517345 0.939519
vt 0.520325 0.921615
vt 0.515990 0.939279
vt 0.519077 0.921393
vt 0.918955 0.393534
vt 0.915385 0.389661
vt 0.917993 0.348256
vt 0.911993 0.387420
vt 0.914478 0.347302
vt 0.913251 0.398985
vt 0.803614 0.399080
vt 0.803611 0.395262
vt 0.909571 0.395141
vt 0.803573 0.391446
vt 0.907614 0.391602
vt 0.557238 0.927028
vt 0.554970 0.945036
vt 0.558072 0.927135
vt 0.555984 0.945166
vt 0.573945 0.928731
vt 0.591086 0.929875
vt 0.589989 0.947992
vt 0.572638 0.946834
vt 0.592593 0.929954
vt 0.608031 0.930425
vt 0.607592 0.948569
vt 0.591932 0.948092
vt 0.661775 0.929380
vt 0.662902 0.947495
vt 0.970977 0.399663
vt 0.970236 0.439999
vt 0.970220 0.444856
vt 0.970100 0.494697
vt 0.970072 0.499530
vt 0.970690 0.544276
vt 0.045162 0.084989
vt 0.046438 0.184223
vt 0.046301 0.134382
vt 0.699403 0.926813
vt 0.700727 0.944915
vt 0.803291 0.539716
vt 0.213268 0.229149
vt 0.295478 0.188949
vt 0.295524 0.228887
vt 0.293718 0.725091
vt 0.293637 0.744264
vt 0.721030 0.539476
vt 0.721065 0.499538
vt 0.727649 0.924599
vt 0.729146 0.942688
vt 0.295226 0.088398
vt 0.295360 0.128347
vt 0.464181 0.929676
vt 0.436274 0.924436
vt 0.439575 0.906590
vt 0.467530 0.911836
vt 0.721166 0.438936
vt 0.721289 0.398985
vt 0.136855 0.743152
vt 0.137045 0.723980
vt 0.046468 0.189058
vt 0.099387 0.086739
vt 0.045386 0.087510
vt 0.041365 0.084921
vt 0.039386 0.040170
vt 0.037538 0.084932
vt 0.035750 0.039591
vt 0.978874 0.398085
vt 0.975031 0.398025
vt 0.971127 0.397984
vt 0.041482 0.087551
vt 0.037642 0.087608
vt 0.977914 0.444903
vt 0.977802 0.494725
vt 0.973967 0.494711
vt 0.974079 0.444881
vt 0.042573 0.184242
vt 0.042442 0.134409
vt 0.038738 0.184253
vt 0.038610 0.134431
vt 0.977794 0.499541
vt 0.978445 0.544437
vt 0.974593 0.544391
vt 0.973954 0.499541
vt 0.042589 0.189072
vt 0.038749 0.189072
vt 0.979235 0.589817
vt 0.975608 0.589172
vt 0.213345 0.232962
vt 0.213446 0.236781
vt 0.803117 0.547348
vt 0.803215 0.543532
vt 0.295497 0.232705
vt 0.295491 0.236524
vt 0.721065 0.547110
vt 0.721060 0.543291
vt 0.721024 0.495695
vt 0.293724 0.723694
vt 0.293630 0.745661
vt 0.295516 0.185106
vt 0.295407 0.132206
vt 0.136842 0.744548
vt 0.137057 0.722583
vt 0.721120 0.442793
vt 0.721341 0.395164
vt 0.721363 0.391342
vt 0.295150 0.080753
vt 0.295174 0.084574
vt 0.039911 0.037371
vt 0.037825 0.035376
vt 0.978674 0.345853
vt 0.976592 0.347846
vt 0.039539 0.283527
vt 0.041592 0.281496
vt 0.975036 0.591960
vt 0.977089 0.593991
vt 0.101245 0.285121
vt 0.099376 0.282937
vt 0.917255 0.593452
vt 0.915385 0.595639
vt 0.100387 0.187782
vt 0.104222 0.184124
vt 0.224067 0.745460
vt 0.206437 0.745332
vt 0.104099 0.134111
vt 0.100223 0.130487
vt 0.916296 0.440989
vt 0.912425 0.444613
vt 0.206618 0.723120
vt 0.224202 0.723248
vt 0.912318 0.494629
vt 0.916156 0.498286
vt 0.103068 0.082896
vt 0.105873 0.079905
vt 0.099537 0.032812
vt 0.097675 0.034996
vt 0.918827 0.345495
vt 0.916965 0.343311
vt 0.910637 0.390402
vt 0.913442 0.393395
vt 0.917126 0.397235
vt 0.046452 0.186642
vt 0.042581 0.186658
vt 0.038746 0.186666
vt 0.591839 0.929919
vt 0.590961 0.948049
vt 0.977794 0.497133
vt 0.973959 0.497127
vt 0.970089 0.497113
vt 0.970225 0.442432
vt 0.974093 0.442470
vt 0.977928 0.442509
vt 0.573187 0.928668
vt 0.571677 0.946755
vt 0.042431 0.131993
vt 0.038593 0.132037
vt 0.046296 0.131955
vt 0.046285 0.129525
vt 0.042406 0.129585
vt 0.038569 0.129648
vt 0.572429 0.928594
vt 0.570717 0.946664
vt 0.977955 0.440122
vt 0.974115 0.440062
vt 0.974935 0.399731
vt 0.978795 0.399805
vt 0.558596 0.927200
vt 0.556691 0.945251
vt 0.041578 0.089256
vt 0.037718 0.089330
vt 0.045533 0.089185
vt 0.364787 0.725374
vt 0.379452 0.725406
vt 0.379374 0.744618
vt 0.364711 0.744534
vt 0.489032 0.278752
vt 0.488568 0.232202
vt 0.485468 0.279605
vt 0.486006 0.234859
vt 0.808908 0.917016
vt 0.810181 0.916878
vt 0.812123 0.934925
vt 0.810763 0.935071
vt 0.811455 0.916734
vt 0.813481 0.934771
vt 0.531072 0.590268
vt 0.527508 0.589415
vt 0.527981 0.542865
vt 0.530545 0.545522
vt 0.523968 0.588983
vt 0.524285 0.539110
vt 0.361742 0.744520
vt 0.362089 0.745953
vt 0.323593 0.745770
vt 0.323612 0.744375
vt 0.483402 0.184682
vt 0.377726 0.188738
vt 0.377676 0.184906
vt 0.363222 0.744554
vt 0.363298 0.725341
vt 0.361820 0.725364
vt 0.488357 0.179650
vt 0.488286 0.136785
vt 0.364347 0.745965
vt 0.379866 0.746055
vt 0.483322 0.131755
vt 0.377584 0.132029
vt 0.377652 0.128188
vt 0.068258 0.743915
vt 0.068750 0.742482
vt 0.106864 0.742838
vt 0.106856 0.744233
vt 0.067347 0.742405
vt 0.067536 0.723316
vt 0.068941 0.723267
vt 0.380782 0.744558
vt 0.380858 0.725478
vt 0.068477 0.721824
vt 0.107074 0.722272
vt 0.107056 0.723669
vt 0.533204 0.442427
vt 0.529331 0.438693
vt 0.638878 0.438813
vt 0.638943 0.442654
vt 0.524225 0.443927
vt 0.528238 0.447456
vt 0.528183 0.490321
vt 0.524206 0.493861
vt 0.379954 0.723973
vt 0.364434 0.723940
vt 0.529307 0.499090
vt 0.533139 0.495351
vt 0.638867 0.495531
vt 0.638815 0.499360
vt 0.362177 0.723934
vt 0.323690 0.725208
vt 0.323683 0.723813
vt 0.481286 0.080919
vt 0.483322 0.084383
vt 0.377428 0.084443
vt 0.377338 0.080627
vt 0.377562 0.088256
vt 0.373089 0.894788
vt 0.374510 0.895007
vt 0.371731 0.912943
vt 0.370537 0.912758
vt 0.375926 0.895245
vt 0.372922 0.913145
vt 0.488765 0.078913
vt 0.489029 0.037499
vt 0.485293 0.076822
vt 0.485457 0.036704
vt 0.357828 0.892726
vt 0.355770 0.910759
vt 0.359266 0.892908
vt 0.356956 0.910911
vt 0.523955 0.348518
vt 0.527486 0.348165
vt 0.527762 0.389576
vt 0.524105 0.393359
vt 0.531059 0.347370
vt 0.531231 0.387485
vt 0.529345 0.398662
vt 0.533202 0.395046
vt 0.639093 0.395065
vt 0.638957 0.398875
vt 0.535235 0.391580
vt 0.639178 0.391247
vt 0.795235 0.936634
vt 0.793474 0.918569
vt 0.757531 0.940210
vt 0.755888 0.922133
vt 0.638768 0.539290
vt 0.377783 0.228668
vt 0.408378 0.919331
vt 0.411565 0.901463
vt 0.377630 0.232484
vt 0.377529 0.236297
vt 0.638924 0.543103
vt 0.639025 0.546919
vt 0.487797 0.283634
vt 0.489746 0.281507
vt 0.492542 0.281969
vt 0.492006 0.285632
vt 0.523998 0.592632
vt 0.526795 0.592170
vt 0.528744 0.594297
vt 0.524534 0.596298
vt 0.486928 0.183190
vt 0.363213 0.746058
vt 0.066906 0.743795
vt 0.486851 0.133242
vt 0.381216 0.745945
vt 0.525677 0.440333
vt 0.529676 0.443914
vt 0.067123 0.721917
vt 0.381303 0.724094
vt 0.363302 0.723839
vt 0.525663 0.497458
vt 0.529613 0.493861
vt 0.487040 0.082612
vt 0.484142 0.079733
vt 0.487748 0.032623
vt 0.491965 0.030576
vt 0.492515 0.034228
vt 0.489718 0.034728
vt 0.524001 0.344894
vt 0.526800 0.345394
vt 0.524548 0.341242
vt 0.528765 0.343289
vt 0.532382 0.390396
vt 0.529487 0.393275
vt 0.525657 0.396973
f 3456/4611 3446/4612 3440/4613 3430/4614
f 3362/4615 3361/4616 3467/4617 3472/4618
f 3361/4616 3366/4619 3468/4620 3467/4617
f 3364/4621 3363/4622 3374/4623 3373/4624
f 3363/4622 3362/4625 3375/4626 3374/4623
f 3371/4627 3370/4628 3473/4629 3478/4630
f 3370/4628 3375/4631 3474/4632 3473/4629
f 3373/4633 3372/4634 3377/4635 3376/4636
f 3372/4634 3371/4627 3378/4637 3377/4635
f 3393/4638 3392/4639 3399/4640 3398/4641
f 3392/4639 3391/4642 3400/4643 3399/4640
f 3398/4641 3397/4644 3411/4645 3410/4646
f 3397/4644 3402/4647 3412/4648 3411/4645
f 3402/4649 3401/4650 3405/4651 3404/4652
f 3401/4650 3400/4653 3406/4654 3405/4651
f 3404/4655 3403/4656 3419/4657 3418/4658
f 3403/4656 3408/4659 3420/4660 3419/4657
f 3410/4646 3409/4661 3422/4662 3421/4663
f 3409/4661 3414/4664 3423/4665 3422/4662
f 3414/4666 3413/4667 3417/4668 3416/4669
f 3413/4667 3412/4670 3418/4671 3417/4668
f 3416/4672 3415/4673 3425/4674 3424/4675
f 3415/4673 3420/4660 3426/4676 3425/4674
f 3428/4677 3427/4678 3497/4679 3496/4680
f 3427/4681 3433/4682 3498/4683 3497/4684
f 3430/4614 3429/4685 3457/4686 3456/4611
f 3429/4685 3428/4677 3451/4687 3457/4686
f 3432/4688 3431/4689 3439/4690 3438/4691
f 3431/4692 3430/4614 3440/4613 3439/4693
f 3437/4694 3436/4695 3500/4696 3499/4697
f 3436/4698 3435/4699 3501/4700 3500/4701
f 3435/4699 3441/4702 3445/4703 3444/4704
f 3441/4705 3440/4613 3446/4612 3445/4706
f 3444/4704 3443/4707 3503/4708 3502/4709
f 3443/4710 3449/4711 3504/4712 3503/4713
f 3448/4714 3447/4715 3455/4716 3454/4717
f 3447/4718 3446/4612 3456/4611 3455/4719
f 3453/4720 3452/4721 3494/4722 3493/4723
f 3452/4724 3451/4687 3495/4725 3494/4726
f 3460/4727 3459/4728 3509/4729 3508/4730
f 3459/4728 3465/4731 3510/4732 3509/4729
f 3462/4733 3461/4734 3485/4735 3484/4736
f 3461/4734 3460/4737 3479/4738 3485/4735
f 3464/4739 3463/4740 3469/4741 3468/4620
f 3463/4740 3462/4742 3470/4743 3469/4741
f 3472/4744 3471/4745 3475/4746 3474/4747
f 3471/4745 3470/4748 3476/4749 3475/4746
f 3478/4630 3477/4750 3483/4751 3482/4752
f 3477/4750 3476/4753 3484/4754 3483/4751
f 3481/4755 3480/4756 3506/4757 3505/4758
f 3480/4756 3479/4759 3507/4760 3506/4757
f 3364/4621 3373/4624 3376/4761 3367/4762
f 3367/4762 3376/4761 3557/4763 3558/4764
f 3379/4765 3382/4766 3388/4767 3385/4768
f 3527/4769 3528/4770 3394/4771 3391/4772
f 3391/4772 3394/4771 3406/4654 3400/4653
f 3402/4649 3404/4652 3418/4671 3412/4670
f 3414/4666 3416/4669 3424/4773 3423/4774
f 3472/4744 3474/4747 3375/4626 3362/4625
f 3371/4627 3478/4630 3482/4752 3378/4637
f 3549/4775 3481/4755 3449/4711 3537/4776
f 3384/4777 3448/4714 3454/4717 3390/4778
f 3530/4779 3453/4720 3426/4676 3396/4780
f 3396/4780 3426/4676 3420/4660 3408/4659
f 3468/4620 3366/4619 3369/4781 3464/4739
f 3432/4688 3438/4691 3381/4782 3387/4783
f 3421/4663 3393/4638 3398/4641 3410/4646
f 3423/4784 3424/4785 3490/4786 3489/4787
f 3426/4676 3453/4720 3493/4723 3492/4788
f 3498/4683 3433/4682 3421/4663 3487/4789
f 3504/4712 3449/4711 3481/4755 3505/4758
f 3510/4732 3465/4731 3437/4694 3499/4697
f 3498/4683 3487/4789 3561/4790 3568/4791
f 3495/4725 3496/4680 3567/4792 3566/4793
f 3492/4788 3493/4723 3565/4794 3564/4795
f 3489/4787 3490/4786 3563/4796 3562/4797
f 3510/4732 3499/4697 3569/4798 3576/4799
f 3507/4800 3508/4801 3575/4802 3574/4803
f 3504/4712 3505/4758 3573/4804 3572/4805
f 3501/4700 3502/4709 3571/4806 3570/4807
f 3433/4682 3525/4808 3393/4638 3421/4663
f 3466/4809 3464/4739 3369/4781 3560/4810
f 3495/4725 3451/4687 3428/4677 3496/4680
f 3501/4700 3435/4699 3444/4704 3502/4709
f 3507/4800 3479/4738 3460/4737 3508/4801
f 3470/4748 3462/4733 3484/4736 3476/4749
f 3366/4619 3365/4811 3368/4812 3369/4781
f 3365/4811 3364/4813 3367/4814 3368/4812
f 3376/4636 3377/4635 3556/4815 3557/4816
f 3377/4635 3378/4637 3555/4817 3556/4815
f 3369/4781 3368/4812 3559/4818 3560/4810
f 3368/4812 3367/4814 3558/4819 3559/4818
f 3382/4820 3383/4821 3389/4822 3388/4823
f 3383/4821 3384/4777 3390/4778 3389/4822
f 3381/4782 3380/4824 3386/4825 3387/4783
f 3380/4824 3379/4826 3385/4827 3386/4825
f 3528/4828 3529/4829 3395/4830 3394/4831
f 3529/4829 3530/4779 3396/4780 3395/4830
f 3525/4808 3526/4832 3392/4639 3393/4638
f 3526/4832 3527/4833 3391/4642 3392/4639
f 3394/4831 3395/4830 3407/4834 3406/4835
f 3395/4830 3396/4780 3408/4659 3407/4834
f 3421/4663 3422/4662 3488/4836 3487/4789
f 3422/4662 3423/4665 3489/4837 3488/4836
f 3424/4675 3425/4674 3491/4838 3490/4839
f 3425/4674 3426/4676 3492/4788 3491/4838
f 3487/4789 3488/4836 3577/4840 3561/4790
f 3488/4836 3489/4837 3562/4841 3577/4840
f 3490/4839 3491/4838 3578/4842 3563/4843
f 3491/4838 3492/4788 3564/4795 3578/4842
f 3493/4723 3494/4722 3579/4844 3565/4794
f 3494/4726 3495/4725 3566/4793 3579/4845
f 3496/4680 3497/4679 3580/4846 3567/4792
f 3497/4684 3498/4683 3568/4791 3580/4847
f 3499/4697 3500/4696 3581/4848 3569/4798
f 3500/4701 3501/4700 3570/4807 3581/4849
f 3502/4709 3503/4708 3582/4850 3571/4806
f 3503/4713 3504/4712 3572/4805 3582/4851
f 3505/4758 3506/4757 3583/4852 3573/4804
f 3506/4757 3507/4760 3574/4853 3583/4852
f 3508/4730 3509/4729 3584/4854 3575/4855
f 3509/4729 3510/4732 3576/4799 3584/4854
f 3365/4811 3366/4619 3361/4616 3511/4856
f 3361/4616 3362/4615 3363/4857 3511/4856
f 3363/4857 3364/4813 3365/4811 3511/4856
f 3374/4858 3375/4631 3370/4628 3512/4859
f 3370/4628 3371/4627 3372/4634 3512/4859
f 3372/4634 3373/4633 3374/4858 3512/4859
f 3401/4860 3402/4647 3397/4644 3513/4861
f 3397/4644 3398/4641 3399/4640 3513/4861
f 3399/4640 3400/4643 3401/4860 3513/4861
f 3407/4834 3408/4659 3403/4656 3514/4862
f 3403/4656 3404/4655 3405/4863 3514/4862
f 3405/4863 3406/4835 3407/4834 3514/4862
f 3413/4864 3414/4664 3409/4661 3515/4865
f 3409/4661 3410/4646 3411/4645 3515/4865
f 3411/4645 3412/4648 3413/4864 3515/4865
f 3419/4657 3420/4660 3415/4673 3516/4866
f 3415/4673 3416/4672 3417/4867 3516/4866
f 3417/4867 3418/4658 3419/4657 3516/4866
f 3434/4868 3433/4682 3427/4681 3517/4869
f 3427/4678 3428/4677 3429/4685 3517/4870
f 3429/4685 3430/4614 3431/4692 3517/4870
f 3431/4689 3432/4688 3434/4868 3517/4869
f 3441/4702 3435/4699 3436/4698 3518/4871
f 3436/4695 3437/4694 3442/4872 3518/4873
f 3442/4872 3438/4691 3439/4690 3518/4873
f 3439/4693 3440/4613 3441/4705 3518/4874
f 3450/4875 3449/4711 3443/4710 3519/4876
f 3443/4707 3444/4704 3445/4703 3519/4877
f 3445/4706 3446/4612 3447/4718 3519/4878
f 3447/4715 3448/4714 3450/4875 3519/4876
f 3457/4686 3451/4687 3452/4724 3520/4879
f 3452/4721 3453/4720 3458/4880 3520/4881
f 3458/4880 3454/4717 3455/4716 3520/4881
f 3455/4719 3456/4611 3457/4686 3520/4879
f 3466/4809 3465/4731 3459/4728 3521/4882
f 3459/4728 3460/4727 3461/4883 3521/4882
f 3461/4883 3462/4742 3463/4740 3521/4882
f 3463/4740 3464/4739 3466/4809 3521/4882
f 3471/4884 3472/4618 3467/4617 3522/4885
f 3467/4617 3468/4620 3469/4741 3522/4885
f 3469/4741 3470/4743 3471/4884 3522/4885
f 3477/4750 3478/4630 3473/4629 3523/4886
f 3473/4629 3474/4632 3475/4887 3523/4886
f 3475/4887 3476/4753 3477/4750 3523/4886
f 3485/4888 3479/4759 3480/4756 3524/4889
f 3480/4756 3481/4755 3486/4890 3524/4889
f 3486/4890 3482/4752 3483/4751 3524/4889
f 3483/4751 3484/4754 3485/4888 3524/4889
f 3433/4682 3434/4868 3536/4891 3525/4808
f 3387/4783 3386/4825 3535/4892 3536/4891
f 3386/4825 3385/4827 3534/4893 3535/4892
f 3385/4768 3388/4767 3533/4894 3534/4895
f 3388/4823 3389/4822 3532/4896 3533/4897
f 3389/4822 3390/4778 3531/4898 3532/4896
f 3390/4778 3454/4717 3458/4880 3531/4898
f 3532/4896 3531/4898 3530/4779 3529/4829
f 3533/4897 3532/4896 3529/4829 3528/4828
f 3534/4895 3533/4894 3528/4770 3527/4769
f 3535/4892 3534/4893 3527/4833 3526/4832
f 3536/4891 3535/4892 3526/4832 3525/4808
f 3536/4891 3434/4868 3432/4688 3387/4783
f 3531/4898 3458/4880 3453/4720 3530/4779
f 3537/4776 3449/4711 3450/4875 3548/4899
f 3547/4900 3548/4899 3384/4777 3383/4821
f 3546/4901 3547/4900 3383/4821 3382/4820
f 3545/4902 3546/4903 3382/4766 3379/4765
f 3544/4904 3545/4905 3379/4826 3380/4824
f 3543/4906 3544/4904 3380/4824 3381/4782
f 3442/4872 3543/4906 3381/4782 3438/4691
f 3542/4907 3541/4908 3544/4904 3543/4906
f 3541/4908 3540/4909 3545/4905 3544/4904
f 3540/4910 3539/4911 3546/4903 3545/4902
f 3539/4912 3538/4913 3547/4900 3546/4901
f 3538/4913 3537/4776 3548/4899 3547/4900
f 3437/4694 3542/4907 3543/4906 3442/4872
f 3548/4899 3450/4875 3448/4714 3384/4777
f 3550/4914 3549/4775 3537/4776 3538/4913
f 3551/4915 3550/4914 3538/4913 3539/4912
f 3552/4916 3551/4917 3539/4911 3540/4910
f 3553/4918 3552/4919 3540/4909 3541/4908
f 3554/4920 3553/4918 3541/4908 3542/4907
f 3555/4817 3486/4890 3481/4755 3549/4775
f 3556/4815 3555/4817 3549/4775 3550/4914
f 3557/4816 3556/4815 3550/4914 3551/4915
f 3558/4764 3557/4763 3551/4917 3552/4916
f 3559/4818 3558/4819 3552/4919 3553/4918
f 3560/4810 3559/4818 3553/4918 3554/4920
f 3378/4637 3482/4752 3486/4890 3555/4817
f 3465/4731 3554/4920 3542/4907 3437/4694
f 3466/4809 3560/4810 3554/4920 3465/4731
f 3632/4921 3606/4922 3616/4923 3622/4924
f 3586/4925 3597/4926 3598/4927 3585/4928
f 3585/4928 3598/4927 3599/4929 3590/4930
f 3590/4931 3592/4932 3593/4933 3589/4934
f 3589/4934 3593/4933 3594/4935 3588/4936
f 3592/4937 3600/4938 3601/4939 3591/4940
f 3591/4940 3601/4939 3602/4941 3596/4942
f 3604/4943 3672/4944 3673/4945 3603/4946
f 3603/4947 3673/4948 3674/4949 3609/4950
f 3606/4922 3632/4921 3633/4951 3605/4952
f 3605/4952 3633/4951 3627/4953 3604/4943
f 3608/4954 3614/4955 3615/4956 3607/4957
f 3607/4958 3615/4959 3616/4923 3606/4922
f 3613/4960 3675/4961 3676/4962 3612/4963
f 3612/4964 3676/4965 3677/4966 3611/4967
f 3611/4967 3620/4968 3621/4969 3617/4970
f 3617/4970 3621/4969 3622/4924 3616/4923
f 3620/4968 3678/4971 3679/4972 3619/4973
f 3619/4974 3679/4975 3680/4976 3625/4977
f 3624/4978 3630/4979 3631/4980 3623/4981
f 3623/4982 3631/4983 3632/4921 3622/4924
f 3629/4984 3669/4985 3670/4986 3628/4987
f 3628/4988 3670/4989 3671/4990 3627/4953
f 3636/4991 3684/4992 3685/4993 3635/4994
f 3635/4994 3685/4993 3686/4995 3641/4996
f 3638/4997 3660/4998 3661/4999 3637/5000
f 3637/5000 3661/4999 3655/5001 3636/5002
f 3640/5003 3644/5004 3645/5005 3639/5006
f 3639/5006 3645/5005 3646/5007 3638/5008
f 3648/5009 3650/5010 3651/5011 3647/5012
f 3647/5012 3651/5011 3652/5013 3646/5014
f 3654/5015 3658/5016 3659/5017 3653/5018
f 3653/5018 3659/5017 3660/5019 3652/5020
f 3657/5021 3681/5022 3682/5023 3656/5024
f 3656/5024 3682/5023 3683/5025 3655/5026
f 3590/4931 3599/5027 3600/5028 3592/4932
f 3650/5010 3648/5009 3984/5029 3986/5030
f 3644/5004 3640/5003 3976/5031 3980/5032
f 3614/4955 3608/4954 3944/5033 3950/5034
f 3597/4926 3586/4925 3922/5035 3933/5036
f 3599/5027 3665/5037 3666/5038 3600/5028
f 3602/4941 3668/5039 3669/4985 3629/4984
f 3674/4949 3663/5040 3597/4926 3609/4950
f 3680/4976 3681/5022 3657/5021 3625/4977
f 3686/4995 3675/4961 3613/4960 3641/4996
f 3674/4949 3568/4791 3561/4790 3663/5040
f 3671/4990 3566/4793 3567/4792 3672/4944
f 3668/5039 3564/4795 3565/4794 3669/4985
f 3665/5037 3562/4797 3563/4796 3666/5038
f 3686/4995 3576/4799 3569/4798 3675/4961
f 3683/5041 3574/4803 3575/4802 3684/5042
f 3680/4976 3572/4805 3573/4804 3681/5022
f 3677/4966 3570/4807 3571/4806 3678/4971
f 3609/4950 3597/4926 3933/5036 3945/5043
f 3640/5003 3642/5044 3978/5045 3976/5031
f 3671/4990 3672/4944 3604/4943 3627/4953
f 3677/4966 3678/4971 3620/4968 3611/4967
f 3683/5041 3684/5042 3636/5002 3655/5001
f 3646/5014 3652/5013 3660/4998 3638/4997
f 3597/4926 3663/5040 3664/5046 3598/4927
f 3598/4927 3664/5046 3665/5047 3599/4929
f 3600/4938 3666/5048 3667/5049 3601/4939
f 3601/4939 3667/5049 3668/5039 3602/4941
f 3663/5040 3561/4790 3577/4840 3664/5046
f 3664/5046 3577/4840 3562/4841 3665/5047
f 3666/5048 3563/4843 3578/4842 3667/5049
f 3667/5049 3578/4842 3564/4795 3668/5039
f 3669/4985 3565/4794 3579/4844 3670/4986
f 3670/4989 3579/4845 3566/4793 3671/4990
f 3672/4944 3567/4792 3580/4846 3673/4945
f 3673/4948 3580/4847 3568/4791 3674/4949
f 3675/4961 3569/4798 3581/4848 3676/4962
f 3676/4965 3581/4849 3570/4807 3677/4966
f 3678/4971 3571/4806 3582/4850 3679/4972
f 3679/4975 3582/4851 3572/4805 3680/4976
f 3681/5022 3573/4804 3583/4852 3682/5023
f 3682/5023 3583/4852 3574/4853 3683/5025
f 3684/4992 3575/4855 3584/4854 3685/4993
f 3685/4993 3584/4854 3576/4799 3686/4995
f 3589/5050 3687/5051 3585/4928 3590/4930
f 3585/4928 3687/5051 3587/5052 3586/4925
f 3587/5052 3687/5051 3589/5050 3588/5053
f 3595/5054 3688/5055 3591/4940 3596/4942
f 3591/4940 3688/5055 3593/5056 3592/4937
f 3593/5056 3688/5055 3595/5054 3594/5057
f 3610/5058 3689/5059 3603/4947 3609/4950
f 3603/4946 3689/5060 3605/4952 3604/4943
f 3605/4952 3689/5060 3607/4958 3606/4922
f 3607/4957 3689/5059 3610/5058 3608/4954
f 3617/4970 3690/5061 3612/4964 3611/4967
f 3612/4963 3690/5062 3618/5063 3613/4960
f 3618/5063 3690/5062 3615/4956 3614/4955
f 3615/4959 3690/5061 3617/4970 3616/4923
f 3626/5064 3691/5065 3619/4974 3625/4977
f 3619/4973 3691/5066 3621/4969 3620/4968
f 3621/4969 3691/5066 3623/4982 3622/4924
f 3623/4981 3691/5065 3626/5064 3624/4978
f 3633/4951 3692/5067 3628/4988 3627/4953
f 3628/4987 3692/5068 3634/5069 3629/4984
f 3634/5069 3692/5068 3631/4980 3630/4979
f 3631/4983 3692/5067 3633/4951 3632/4921
f 3642/5044 3693/5070 3635/4994 3641/4996
f 3635/4994 3693/5070 3637/5071 3636/4991
f 3637/5071 3693/5070 3639/5006 3638/5008
f 3639/5006 3693/5070 3642/5044 3640/5003
f 3647/5072 3694/5073 3643/5074 3648/5075
f 3643/5074 3694/5073 3645/5005 3644/5004
f 3645/5005 3694/5073 3647/5072 3646/5007
f 3653/5018 3695/5076 3649/5077 3654/5015
f 3649/5077 3695/5076 3651/5078 3650/5079
f 3651/5078 3695/5076 3653/5018 3652/5020
f 3661/5080 3696/5081 3656/5024 3655/5026
f 3656/5024 3696/5081 3662/5082 3657/5021
f 3662/5082 3696/5081 3659/5017 3658/5016
f 3659/5017 3696/5081 3661/5080 3660/5019
f 3610/5058 3609/4950 3945/5043 3946/5083
f 3618/5063 3614/4955 3950/5034 3954/5084
f 3613/4960 3618/5063 3954/5084 3949/5085
f 3641/4996 3613/4960 3949/5085 3977/5086
f 3642/5044 3641/4996 3977/5086 3978/5045
f 3792/5087 3766/5088 3776/5089 3782/5090
f 3698/5091 3808/5092 3803/5093 3697/5094
f 3697/5094 3803/5093 3804/5095 3702/5096
f 3700/5097 3709/5098 3710/5099 3699/5100
f 3699/5100 3710/5099 3711/5101 3698/5102
f 3707/5103 3814/5104 3809/5105 3706/5106
f 3706/5106 3809/5105 3810/5107 3711/5108
f 3709/5109 3712/5110 3713/5111 3708/5112
f 3708/5112 3713/5111 3714/5113 3707/5103
f 3729/5114 3734/5115 3735/5116 3728/5117
f 3728/5117 3735/5116 3736/5118 3727/5119
f 3734/5115 3746/5120 3747/5121 3733/5122
f 3733/5122 3747/5121 3748/5123 3738/5124
f 3738/5125 3740/5126 3741/5127 3737/5128
f 3737/5128 3741/5127 3742/5129 3736/5130
f 3740/5131 3754/5132 3755/5133 3739/5134
f 3739/5134 3755/5133 3756/5135 3744/5136
f 3746/5120 3757/5137 3758/5138 3745/5139
f 3745/5139 3758/5138 3759/5140 3750/5141
f 3750/5142 3752/5143 3753/5144 3749/5145
f 3749/5145 3753/5144 3754/5146 3748/5147
f 3752/5148 3760/5149 3761/5150 3751/5151
f 3751/5151 3761/5150 3762/5152 3756/5135
f 3764/5153 3832/5154 3833/5155 3763/5156
f 3763/5157 3833/5158 3834/5159 3769/5160
f 3766/5088 3792/5087 3793/5161 3765/5162
f 3765/5162 3793/5161 3787/5163 3764/5153
f 3768/5164 3774/5165 3775/5166 3767/5167
f 3767/5168 3775/5169 3776/5089 3766/5088
f 3773/5170 3835/5171 3836/5172 3772/5173
f 3772/5174 3836/5175 3837/5176 3771/5177
f 3771/5177 3780/5178 3781/5179 3777/5180
f 3777/5180 3781/5179 3782/5090 3776/5089
f 3780/5178 3838/5181 3839/5182 3779/5183
f 3779/5184 3839/5185 3840/5186 3785/5187
f 3784/5188 3790/5189 3791/5190 3783/5191
f 3783/5192 3791/5193 3792/5087 3782/5090
f 3789/5194 3829/5195 3830/5196 3788/5197
f 3788/5198 3830/5199 3831/5200 3787/5163
f 3796/5201 3844/5202 3845/5203 3795/5204
f 3795/5204 3845/5203 3846/5205 3801/5206
f 3798/5207 3820/5208 3821/5209 3797/5210
f 3797/5210 3821/5209 3815/5211 3796/5212
f 3800/5213 3804/5095 3805/5214 3799/5215
f 3799/5215 3805/5214 3806/5216 3798/5217
f 3808/5218 3810/5219 3811/5220 3807/5221
f 3807/5221 3811/5220 3812/5222 3806/5223
f 3814/5104 3818/5224 3819/5225 3813/5226
f 3813/5226 3819/5225 3820/5227 3812/5228
f 3817/5229 3841/5230 3842/5231 3816/5232
f 3816/5232 3842/5231 3843/5233 3815/5234
f 3700/5097 3703/5235 3712/5236 3709/5098
f 3703/5235 3894/5237 3893/5238 3712/5236
f 3715/5239 3721/5240 3724/5241 3718/5242
f 3863/5243 3727/5244 3730/5245 3864/5246
f 3727/5244 3736/5130 3742/5129 3730/5245
f 3738/5125 3748/5147 3754/5146 3740/5126
f 3750/5142 3759/5247 3760/5248 3752/5143
f 3808/5218 3698/5102 3711/5101 3810/5219
f 3707/5103 3714/5113 3818/5224 3814/5104
f 3885/5249 3873/5250 3785/5187 3817/5229
f 3720/5251 3726/5252 3790/5189 3784/5188
f 3866/5253 3732/5254 3762/5152 3789/5194
f 3732/5254 3744/5136 3756/5135 3762/5152
f 3804/5095 3800/5213 3705/5255 3702/5096
f 3768/5164 3723/5256 3717/5257 3774/5165
f 3757/5137 3746/5120 3734/5115 3729/5114
f 3759/5247 3825/5258 3826/5259 3760/5248
f 3762/5152 3828/5260 3829/5195 3789/5194
f 3834/5159 3823/5261 3757/5137 3769/5160
f 3840/5186 3841/5230 3817/5229 3785/5187
f 3846/5205 3835/5171 3773/5170 3801/5206
f 3834/5159 3904/5262 3897/5263 3823/5261
f 3831/5200 3902/5264 3903/5265 3832/5154
f 3828/5260 3900/5266 3901/5267 3829/5195
f 3825/5258 3898/5268 3899/5269 3826/5259
f 3846/5205 3912/5270 3905/5271 3835/5171
f 3843/5272 3910/5273 3911/5274 3844/5275
f 3840/5186 3908/5276 3909/5277 3841/5230
f 3837/5176 3906/5278 3907/5279 3838/5181
f 3769/5160 3757/5137 3729/5114 3861/5280
f 3802/5281 3896/5282 3705/5255 3800/5213
f 3831/5200 3832/5154 3764/5153 3787/5163
f 3837/5176 3838/5181 3780/5178 3771/5177
f 3843/5272 3844/5275 3796/5212 3815/5211
f 3806/5223 3812/5222 3820/5208 3798/5207
f 3702/5096 3705/5255 3704/5283 3701/5284
f 3701/5284 3704/5283 3703/5285 3700/5286
f 3712/5110 3893/5287 3892/5288 3713/5111
f 3713/5111 3892/5288 3891/5289 3714/5113
f 3705/5255 3896/5282 3895/5290 3704/5283
f 3704/5283 3895/5290 3894/5291 3703/5285
f 3718/5292 3724/5293 3725/5294 3719/5295
f 3719/5295 3725/5294 3726/5252 3720/5251
f 3717/5257 3723/5256 3722/5296 3716/5297
f 3716/5297 3722/5296 3721/5298 3715/5299
f 3864/5300 3730/5301 3731/5302 3865/5303
f 3865/5303 3731/5302 3732/5254 3866/5253
f 3861/5280 3729/5114 3728/5117 3862/5304
f 3862/5304 3728/5117 3727/5119 3863/5305
f 3730/5301 3742/5306 3743/5307 3731/5302
f 3731/5302 3743/5307 3744/5136 3732/5254
f 3757/5137 3823/5261 3824/5308 3758/5138
f 3758/5138 3824/5308 3825/5309 3759/5140
f 3760/5149 3826/5310 3827/5311 3761/5150
f 3761/5150 3827/5311 3828/5260 3762/5152
f 3823/5261 3897/5263 3913/5312 3824/5308
f 3824/5308 3913/5312 3898/5313 3825/5309
f 3826/5310 3899/5314 3914/5315 3827/5311
f 3827/5311 3914/5315 3900/5266 3828/5260
f 3829/5195 3901/5267 3915/5316 3830/5196
f 3830/5199 3915/5317 3902/5264 3831/5200
f 3832/5154 3903/5265 3916/5318 3833/5155
f 3833/5158 3916/5319 3904/5262 3834/5159
f 3835/5171 3905/5271 3917/5320 3836/5172
f 3836/5175 3917/5321 3906/5278 3837/5176
f 3838/5181 3907/5279 3918/5322 3839/5182
f 3839/5185 3918/5323 3908/5276 3840/5186
f 3841/5230 3909/5277 3919/5324 3842/5231
f 3842/5231 3919/5324 3910/5325 3843/5233
f 3844/5202 3911/5326 3920/5327 3845/5203
f 3845/5203 3920/5327 3912/5270 3846/5205
f 3701/5284 3847/5328 3697/5094 3702/5096
f 3697/5094 3847/5328 3699/5329 3698/5091
f 3699/5329 3847/5328 3701/5284 3700/5286
f 3710/5330 3848/5331 3706/5106 3711/5108
f 3706/5106 3848/5331 3708/5112 3707/5103
f 3708/5112 3848/5331 3710/5330 3709/5109
f 3737/5332 3849/5333 3733/5122 3738/5124
f 3733/5122 3849/5333 3735/5116 3734/5115
f 3735/5116 3849/5333 3737/5332 3736/5118
f 3743/5307 3850/5334 3739/5134 3744/5136
f 3739/5134 3850/5334 3741/5335 3740/5131
f 3741/5335 3850/5334 3743/5307 3742/5306
f 3749/5336 3851/5337 3745/5139 3750/5141
f 3745/5139 3851/5337 3747/5121 3746/5120
f 3747/5121 3851/5337 3749/5336 3748/5123
f 3755/5133 3852/5338 3751/5151 3756/5135
f 3751/5151 3852/5338 3753/5339 3752/5148
f 3753/5339 3852/5338 3755/5133 3754/5132
f 3770/5340 3853/5341 3763/5157 3769/5160
f 3763/5156 3853/5342 3765/5162 3764/5153
f 3765/5162 3853/5342 3767/5168 3766/5088
f 3767/5167 3853/5341 3770/5340 3768/5164
f 3777/5180 3854/5343 3772/5174 3771/5177
f 3772/5173 3854/5344 3778/5345 3773/5170
f 3778/5345 3854/5344 3775/5166 3774/5165
f 3775/5169 3854/5343 3777/5180 3776/5089
f 3786/5346 3855/5347 3779/5184 3785/5187
f 3779/5183 3855/5348 3781/5179 3780/5178
f 3781/5179 3855/5348 3783/5192 3782/5090
f 3783/5191 3855/5347 3786/5346 3784/5188
f 3793/5161 3856/5349 3788/5198 3787/5163
f 3788/5197 3856/5350 3794/5351 3789/5194
f 3794/5351 3856/5350 3791/5190 3790/5189
f 3791/5193 3856/5349 3793/5161 3792/5087
f 3802/5281 3857/5352 3795/5204 3801/5206
f 3795/5204 3857/5352 3797/5353 3796/5201
f 3797/5353 3857/5352 3799/5215 3798/5217
f 3799/5215 3857/5352 3802/5281 3800/5213
f 3807/5354 3858/5355 3803/5093 3808/5092
f 3803/5093 3858/5355 3805/5214 3804/5095
f 3805/5214 3858/5355 3807/5354 3806/5216
f 3813/5226 3859/5356 3809/5105 3814/5104
f 3809/5105 3859/5356 3811/5357 3810/5107
f 3811/5357 3859/5356 3813/5226 3812/5228
f 3821/5358 3860/5359 3816/5232 3815/5234
f 3816/5232 3860/5359 3822/5360 3817/5229
f 3822/5360 3860/5359 3819/5225 3818/5224
f 3819/5225 3860/5359 3821/5358 3820/5227
f 3769/5160 3861/5280 3872/5361 3770/5340
f 3723/5256 3872/5361 3871/5362 3722/5296
f 3722/5296 3871/5362 3870/5363 3721/5298
f 3721/5240 3870/5364 3869/5365 3724/5241
f 3724/5293 3869/5366 3868/5367 3725/5294
f 3725/5294 3868/5367 3867/5368 3726/5252
f 3726/5252 3867/5368 3794/5351 3790/5189
f 3868/5367 3865/5303 3866/5253 3867/5368
f 3869/5366 3864/5300 3865/5303 3868/5367
f 3870/5364 3863/5243 3864/5246 3869/5365
f 3871/5362 3862/5304 3863/5305 3870/5363
f 3872/5361 3861/5280 3862/5304 3871/5362
f 3872/5361 3723/5256 3768/5164 3770/5340
f 3867/5368 3866/5253 3789/5194 3794/5351
f 3873/5250 3884/5369 3786/5346 3785/5187
f 3883/5370 3719/5295 3720/5251 3884/5369
f 3882/5371 3718/5292 3719/5295 3883/5370
f 3881/5372 3715/5239 3718/5242 3882/5373
f 3880/5374 3716/5297 3715/5299 3881/5375
f 3879/5376 3717/5257 3716/5297 3880/5374
f 3778/5345 3774/5165 3717/5257 3879/5376
f 3878/5377 3879/5376 3880/5374 3877/5378
f 3877/5378 3880/5374 3881/5375 3876/5379
f 3876/5380 3881/5372 3882/5373 3875/5381
f 3875/5382 3882/5371 3883/5370 3874/5383
f 3874/5383 3883/5370 3884/5369 3873/5250
f 3773/5170 3778/5345 3879/5376 3878/5377
f 3884/5369 3720/5251 3784/5188 3786/5346
f 3886/5384 3874/5383 3873/5250 3885/5249
f 3887/5385 3875/5382 3874/5383 3886/5384
f 3888/5386 3876/5380 3875/5381 3887/5387
f 3889/5388 3877/5378 3876/5379 3888/5389
f 3890/5390 3878/5377 3877/5378 3889/5388
f 3891/5289 3885/5249 3817/5229 3822/5360
f 3892/5288 3886/5384 3885/5249 3891/5289
f 3893/5287 3887/5385 3886/5384 3892/5288
f 3894/5237 3888/5386 3887/5387 3893/5238
f 3895/5290 3889/5388 3888/5389 3894/5291
f 3896/5282 3890/5390 3889/5388 3895/5290
f 3714/5113 3891/5289 3822/5360 3818/5224
f 3801/5206 3773/5170 3878/5377 3890/5390
f 3802/5281 3801/5206 3890/5390 3896/5282
f 3968/5391 3958/5392 3952/5393 3942/5394
f 3922/5035 3921/5395 3934/5396 3933/5036
f 3921/5395 3926/5397 3935/5398 3934/5396
f 3926/5399 3925/5400 3929/5401 3928/5402
f 3925/5400 3924/5403 3930/5404 3929/5401
f 3928/5405 3927/5406 3937/5407 3936/5408
f 3927/5406 3932/5409 3938/5410 3937/5407
f 3940/5411 3939/5412 4009/5413 4008/5414
f 3939/5415 3945/5043 4010/5416 4009/5417
f 3942/5394 3941/5418 3969/5419 3968/5391
f 3941/5418 3940/5411 3963/5420 3969/5419
f 3944/5033 3943/5421 3951/5422 3950/5034
f 3943/5423 3942/5394 3952/5393 3951/5424
f 3949/5085 3948/5425 4012/5426 4011/5427
f 3948/5428 3947/5429 4013/5430 4012/5431
f 3947/5429 3953/5432 3957/5433 3956/5434
f 3953/5435 3952/5393 3958/5392 3957/5436
f 3956/5434 3955/5437 4015/5438 4014/5439
f 3955/5440 3961/5441 4016/5442 4015/5443
f 3960/5444 3959/5445 3967/5446 3966/5447
f 3959/5448 3958/5392 3968/5391 3967/5449
f 3965/5450 3964/5451 4006/5452 4005/5453
f 3964/5454 3963/5420 4007/5455 4006/5456
f 3972/5457 3971/5458 4021/5459 4020/5460
f 3971/5458 3977/5086 4022/5461 4021/5459
f 3974/5462 3973/5463 3997/5464 3996/5465
f 3973/5463 3972/5466 3991/5467 3997/5464
f 3976/5031 3975/5468 3981/5469 3980/5032
f 3975/5468 3974/5470 3982/5471 3981/5469
f 3984/5029 3983/5472 3987/5473 3986/5030
f 3983/5472 3982/5474 3988/5475 3987/5473
f 3990/5476 3989/5477 3995/5478 3994/5479
f 3989/5477 3988/5480 3996/5481 3995/5478
f 3993/5482 3992/5483 4018/5484 4017/5485
f 3992/5483 3991/5486 4019/5487 4018/5484
f 3926/5399 3928/5402 3936/5488 3935/5489
f 3935/5489 3936/5488 4002/5490 4001/5491
f 3938/5410 3965/5450 4005/5453 4004/5492
f 4010/5416 3945/5043 3933/5036 3999/5493
f 4016/5442 3961/5441 3993/5482 4017/5485
f 4022/5461 3977/5086 3949/5085 4011/5427
f 4010/5416 3999/5493 3897/5263 3904/5262
f 4007/5455 4008/5414 3903/5265 3902/5264
f 4004/5492 4005/5453 3901/5267 3900/5266
f 4001/5491 4002/5490 3899/5269 3898/5268
f 4022/5461 4011/5427 3905/5271 3912/5270
f 4019/5494 4020/5495 3911/5274 3910/5273
f 4016/5442 4017/5485 3909/5277 3908/5276
f 4013/5430 4014/5439 3907/5279 3906/5278
f 4007/5455 3963/5420 3940/5411 4008/5414
f 4013/5430 3947/5429 3956/5434 4014/5439
f 4019/5494 3991/5467 3972/5466 4020/5495
f 3982/5474 3974/5462 3996/5465 3988/5475
f 3933/5036 3934/5396 4000/5496 3999/5493
f 3934/5396 3935/5398 4001/5497 4000/5496
f 3936/5408 3937/5407 4003/5498 4002/5499
f 3937/5407 3938/5410 4004/5492 4003/5498
f 3999/5493 4000/5496 3913/5312 3897/5263
f 4000/5496 4001/5497 3898/5313 3913/5312
f 4002/5499 4003/5498 3914/5315 3899/5314
f 4003/5498 4004/5492 3900/5266 3914/5315
f 4005/5453 4006/5452 3915/5316 3901/5267
f 4006/5456 4007/5455 3902/5264 3915/5317
f 4008/5414 4009/5413 3916/5318 3903/5265
f 4009/5417 4010/5416 3904/5262 3916/5319
f 4011/5427 4012/5426 3917/5320 3905/5271
f 4012/5431 4013/5430 3906/5278 3917/5321
f 4014/5439 4015/5438 3918/5322 3907/5279
f 4015/5443 4016/5442 3908/5276 3918/5323
f 4017/5485 4018/5484 3919/5324 3909/5277
f 4018/5484 4019/5487 3910/5325 3919/5324
f 4020/5460 4021/5459 3920/5327 3911/5326
f 4021/5459 4022/5461 3912/5270 3920/5327
f 3925/5500 3926/5397 3921/5395 4023/5501
f 3921/5395 3922/5035 3923/5502 4023/5501
f 3923/5502 3924/5503 3925/5500 4023/5501
f 3931/5504 3932/5409 3927/5406 4024/5505
f 3927/5406 3928/5405 3929/5506 4024/5505
f 3929/5506 3930/5507 3931/5504 4024/5505
f 3946/5083 3945/5043 3939/5415 4025/5508
f 3939/5412 3940/5411 3941/5418 4025/5509
f 3941/5418 3942/5394 3943/5423 4025/5509
f 3943/5421 3944/5033 3946/5083 4025/5508
f 3953/5432 3947/5429 3948/5428 4026/5510
f 3948/5425 3949/5085 3954/5084 4026/5511
f 3954/5084 3950/5034 3951/5422 4026/5511
f 3951/5424 3952/5393 3953/5435 4026/5512
f 3962/5513 3961/5441 3955/5440 4027/5514
f 3955/5437 3956/5434 3957/5433 4027/5515
f 3957/5436 3958/5392 3959/5448 4027/5516
f 3959/5445 3960/5444 3962/5513 4027/5514
f 3969/5419 3963/5420 3964/5454 4028/5517
f 3964/5451 3965/5450 3970/5518 4028/5519
f 3970/5518 3966/5447 3967/5446 4028/5519
f 3967/5449 3968/5391 3969/5419 4028/5517
f 3978/5045 3977/5086 3971/5458 4029/5520
f 3971/5458 3972/5457 3973/5521 4029/5520
f 3973/5521 3974/5470 3975/5468 4029/5520
f 3975/5468 3976/5031 3978/5045 4029/5520
f 3983/5522 3984/5523 3979/5524 4030/5525
f 3979/5524 3980/5032 3981/5469 4030/5525
f 3981/5469 3982/5471 3983/5522 4030/5525
f 3989/5477 3990/5476 3985/5526 4031/5527
f 3985/5526 3986/5528 3987/5529 4031/5527
f 3987/5529 3988/5480 3989/5477 4031/5527
f 3997/5530 3991/5486 3992/5483 4032/5531
f 3992/5483 3993/5482 3998/5532 4032/5531
f 3998/5532 3994/5479 3995/5478 4032/5531
f 3995/5478 3996/5481 3997/5530 4032/5531
f 3643/5074 3979/5524 3984/5523 3648/5075
f 3644/5004 3980/5032 3979/5524 3643/5074
f 3649/5077 3985/5526 3990/5476 3654/5015
f 3650/5079 3986/5528 3985/5526 3649/5077
f 3587/5052 3923/5502 3922/5035 3586/4925
f 3588/5053 3924/5503 3923/5502 3587/5052
f 3595/5054 3931/5504 3930/5507 3594/5057
f 3596/4942 3932/5409 3931/5504 3595/5054
f 3594/4935 3930/5404 3924/5403 3588/4936
f 3654/5015 3990/5476 3994/5479 3658/5016
f 3657/5021 3993/5482 3961/5441 3625/4977
f 3624/4978 3960/5444 3966/5447 3630/4979
f 3629/4984 3965/5450 3938/5410 3602/4941
f 3602/4941 3938/5410 3932/5409 3596/4942
f 3630/4979 3966/5447 3970/5518 3634/5069
f 3610/5058 3946/5083 3944/5033 3608/4954
f 3634/5069 3970/5518 3965/5450 3629/4984
f 3625/4977 3961/5441 3962/5513 3626/5064
f 3626/5064 3962/5513 3960/5444 3624/4978
f 3662/5082 3998/5532 3993/5482 3657/5021
f 3658/5016 3994/5479 3998/5532 3662/5082
v -49.271767 -111.902011 139.553383
v -49.130356 -111.960579 139.553383
v -49.130356 -111.902011 139.694794
v -49.130356 -111.760601 139.753350
v -49.271767 -111.760601 139.694794
v -49.330334 -111.760601 139.553383
v -49.130356 -109.960581 139.753350
v -49.271767 -109.960581 139.694794
v -49.330334 -109.960581 139.553383
v -46.888907 -111.902011 139.553383
v -46.830337 -111.760601 139.553383
v -46.888907 -111.760601 139.694794
v -47.030317 -111.760601 139.753350
v -47.030317 -111.902011 139.694794
v -47.030317 -111.960579 139.553383
v -47.030317 -109.960581 139.753350
v -46.888907 -109.960581 139.694794
v -46.830337 -109.960581 139.553383
v -49.130356 -107.960582 139.753350
v -49.271767 -107.960582 139.694794
v -49.330334 -107.960582 139.553383
v -47.030317 -107.960582 139.753350
v -46.888907 -107.960582 139.694794
v -46.830337 -107.960582 139.553383
v -49.130356 -105.960582 139.753350
v -49.271767 -105.960582 139.694794
v -49.330334 -105.960582 139.553383
v -47.030317 -105.960582 139.753350
v -46.888907 -105.960582 139.694794
v -46.830337 -105.960582 139.553383
v -49.130356 -103.960581 139.753350
v -49.271767 -103.960581 139.694794
v -49.330334 -103.960581 139.553383
v -47.030317 -103.960581 139.753350
v -46.888907 -103.960581 139.694794
v -46.830337 -103.960581 139.553383
v -49.271767 -102.019150 139.553383
v -49.330334 -102.160561 139.553383
v -49.271767 -102.160561 139.694794
v -49.130356 -102.160561 139.753350
v -49.130356 -102.019150 139.694794
v -49.130356 -101.960582 139.553383
v -46.888907 -102.019150 139.553383
v -47.030317 -101.960582 139.553383
v -47.030317 -102.019150 139.694794
v -47.030317 -102.160561 139.753350
v -46.888907 -102.160561 139.694794
v -46.830337 -102.160561 139.553383
v -49.271767 -102.160561 137.311905
v -49.330334 -102.160561 137.453316
v -49.271767 -102.019150 137.453316
v -49.130356 -101.960582 137.453316
v -49.130356 -102.019150 137.311905
v -49.130356 -102.160561 137.253350
v -46.888907 -102.160561 137.311905
v -47.030317 -102.160561 137.253350
v -47.030317 -102.019150 137.311905
v -47.030317 -101.960582 137.453316
v -46.888907 -102.019150 137.453316
v -46.830337 -102.160561 137.453316
v -49.330334 -104.160561 137.453316
v -49.271767 -104.019152 137.311905
v -49.130356 -103.960581 137.253350
v -47.030317 -103.960581 137.253350
v -46.888907 -104.019152 137.311905
v -46.830337 -104.160561 137.453316
v -49.271767 -105.902011 137.111939
v -49.130356 -105.960582 137.053383
v -49.130356 -106.019151 137.194794
v -49.130356 -106.160561 137.253350
v -49.271767 -106.101991 137.311905
v -49.330334 -105.960582 137.453316
v -49.330334 -105.760603 137.253350
v -49.330334 -105.819171 137.394779
v -49.130356 -107.960582 137.053383
v -49.271767 -108.019161 137.111939
v -49.330334 -108.160561 137.253350
v -49.330334 -107.960582 137.453316
v -49.271767 -107.819181 137.311905
v -49.130356 -107.760601 137.253350
v -49.130356 -107.902011 137.194794
v -49.330334 -108.101992 137.394779
v -46.888907 -108.019161 137.111939
v -47.030317 -107.960582 137.053383
v -47.030317 -107.902011 137.194794
v -47.030317 -107.760601 137.253350
v -46.888907 -107.819181 137.311905
v -46.830337 -107.960582 137.453316
v -46.830337 -108.160561 137.253350
v -46.830337 -108.101992 137.394779
v -47.030317 -105.960582 137.053383
v -46.888907 -105.902011 137.111939
v -46.830337 -105.760603 137.253350
v -46.830337 -105.960582 137.453316
v -46.888907 -106.101991 137.311905
v -47.030317 -106.160561 137.253350
v -47.030317 -106.019151 137.194794
v -46.830337 -105.819171 137.394779
v -49.271767 -109.902012 137.111939
v -49.130356 -109.960581 137.053383
v -49.130356 -110.019151 137.194794
v -49.130356 -110.160562 137.253350
v -49.271767 -110.101991 137.311905
v -49.330334 -109.960581 137.453316
v -49.330334 -109.760601 137.253350
v -49.330334 -109.819171 137.394779
v -49.271767 -111.902011 137.453316
v -49.330334 -111.760601 137.453316
v -49.271767 -111.760601 137.311905
v -49.130356 -111.760601 137.253350
v -49.130356 -111.902011 137.311905
v -49.130356 -111.960579 137.453316
v -46.888907 -111.902011 137.453316
v -47.030317 -111.960579 137.453316
v -47.030317 -111.902011 137.311905
v -47.030317 -111.760601 137.253350
v -46.888907 -111.760601 137.311905
v -46.830337 -111.760601 137.453316
v -47.030317 -109.960581 137.053383
v -46.888907 -109.902012 137.111939
v -46.830337 -109.760601 137.253350
v -46.830337 -109.960581 137.453316
v -46.888907 -110.101991 137.311905
v -47.030317 -110.160562 137.253350
v -47.030317 -110.019151 137.194794
v -46.830337 -109.819171 137.394779
v -49.330334 -104.160561 132.878369
v -49.271767 -104.019152 132.878369
v -49.130356 -103.960581 132.878369
v -47.030317 -103.960581 132.878369
v -46.888907 -104.019152 132.878369
v -46.830337 -104.160561 132.878369
v -46.830337 -105.760603 132.878369
v -46.888907 -105.902011 132.878369
v -47.030317 -105.960582 132.878369
v -49.130356 -105.960582 132.878369
v -49.271767 -105.902011 132.878369
v -49.330334 -105.760603 132.878369
v -49.330334 -108.160561 132.878369
v -49.271767 -108.019151 132.878369
v -49.130356 -107.960582 132.878369
v -47.030317 -107.960582 132.878369
v -46.888907 -108.019151 132.878369
v -46.830337 -108.160561 132.878369
v -46.830337 -109.760601 132.878369
v -46.888907 -109.902012 132.878369
v -47.030317 -109.960581 132.878369
v -49.130356 -109.960581 132.878369
v -49.271767 -109.902012 132.878369
v -49.330334 -109.760601 132.878369
v -49.245777 -111.876021 139.668778
v -46.914897 -111.876021 139.668778
v -49.245777 -102.045141 139.668778
v -46.914897 -102.045141 139.668778
v -49.245777 -102.045141 137.337940
v -46.914897 -102.045141 137.337940
v -49.271767 -105.960582 137.253350
v -49.271767 -107.960582 137.253350
v -46.888907 -107.960582 137.253350
v -46.888907 -105.960582 137.253350
v -49.271767 -109.960581 137.253350
v -49.245777 -111.876021 137.337940
v -46.914897 -111.876021 137.337940
v -46.888907 -109.960581 137.253350
v -49.330334 -105.760581 139.553383
v -49.271767 -105.760581 139.694794
v -49.130356 -105.760581 139.753350
v -47.030317 -105.760581 139.753350
v -46.888907 -105.760581 139.694794
v -46.830337 -105.760581 139.553383
v -46.830337 -105.860581 139.553383
v -46.888907 -105.860581 139.694794
v -47.030317 -105.860581 139.753350
v -49.130356 -105.860581 139.753350
v -49.271767 -105.860581 139.694794
v -49.330334 -105.860581 139.553383
v -46.830337 -108.160581 139.553383
v -46.888907 -108.160581 139.694794
v -47.030317 -108.160581 139.753350
v -49.130356 -108.160581 139.753350
v -49.271767 -108.160581 139.694794
v -49.330334 -108.160581 139.553383
v -49.330334 -108.060581 139.553383
v -49.271767 -108.060581 139.694794
v -49.130356 -108.060581 139.753350
v -47.030317 -108.060581 139.753350
v -46.888907 -108.060581 139.694794
v -46.830337 -108.060581 139.553383
v -46.830337 -109.780581 139.553383
v -46.888907 -109.780581 139.694794
v -47.030317 -109.780581 139.753350
v -49.130356 -109.780581 139.753350
v -49.271767 -109.780581 139.694794
v -49.330334 -109.780581 139.553383
v -46.830337 -109.852581 139.553383
v -46.888907 -109.852581 139.694794
v -47.030317 -109.852581 139.753350
v -49.130356 -109.852581 139.753350
v -49.271767 -109.852581 139.694794
v -49.330334 -109.852581 139.553383
v -49.330334 -104.160561 129.590367
v -49.130356 -103.960581 129.590367
v -47.030317 -103.960581 129.590367
v -46.830337 -104.160561 129.590367
v -46.830337 -105.760603 129.590367
v -47.030317 -105.960582 129.590367
v -49.130356 -105.960582 129.590367
v -49.330334 -105.760603 129.590367
v -49.330334 -108.160561 129.590367
v -49.130356 -107.960582 129.590367
v -47.030317 -107.960582 129.590367
v -46.830337 -108.160561 129.590367
v -46.830337 -109.760601 129.590367
v -47.030317 -109.960581 129.590367
v -49.130356 -109.960581 129.590367
v -49.330334 -109.760601 129.590367
v -49.271767 -104.019152 129.590367
v -46.888907 -104.019152 129.590367
v -46.888907 -105.902011 129.590367
v -49.271767 -105.902011 129.590367
v -49.271767 -108.019151 129.590367
v -46.888907 -108.019151 129.590367
v -46.888907 -109.902012 129.590367
v -49.271767 -109.902012 129.590367
v -49.271767 -102.160561 121.868809
v -49.330334 -102.160561 121.727398
v -49.271767 -102.019150 121.727398
v -49.130356 -101.960582 121.727398
v -49.130356 -102.019150 121.868809
v -49.130356 -102.160561 121.927365
v -46.888907 -102.160561 121.868809
v -47.030317 -102.160561 121.927365
v -47.030317 -102.019150 121.868809
v -47.030317 -101.960582 121.727398
v -46.888907 -102.019150 121.727398
v -46.830337 -102.160561 121.727398
v -49.330334 -104.160561 121.727398
v -49.271767 -104.019152 121.868809
v -49.130356 -103.960581 121.927365
v -47.030317 -103.960581 121.927365
v -46.888907 -104.019152 121.868809
v -46.830337 -104.160561 121.727398
v -49.271767 -105.902011 122.068775
v -49.130356 -105.960582 122.127331
v -49.130356 -106.019151 121.985920
v -49.130356 -106.160561 121.927365
v -49.271767 -106.101991 121.868809
v -49.330334 -105.960582 121.727398
v -49.330334 -105.760603 121.927365
v -49.330334 -105.819171 121.785954
v -49.130356 -107.960582 122.127331
v -49.271767 -108.019161 122.068775
v -49.330334 -108.160561 121.927365
v -49.330334 -107.960582 121.727398
v -49.271767 -107.819181 121.868809
v -49.130356 -107.760601 121.927365
v -49.130356 -107.902011 121.985920
v -49.330334 -108.101992 121.785954
v -46.888907 -108.019161 122.068775
v -47.030317 -107.960582 122.127331
v -47.030317 -107.902011 121.985920
v -47.030317 -107.760601 121.927365
v -46.888907 -107.819181 121.868809
v -46.830337 -107.960582 121.727398
v -46.830337 -108.160561 121.927365
v -46.830337 -108.101992 121.785954
v -47.030317 -105.960582 122.127331
v -46.888907 -105.902011 122.068775
v -46.830337 -105.760603 121.927365
v -46.830337 -105.960582 121.727398
v -46.888907 -106.101991 121.868809
v -47.030317 -106.160561 121.927365
v -47.030317 -106.019151 121.985920
v -46.830337 -105.819171 121.785954
v -49.271767 -109.902012 122.068775
v -49.130356 -109.960581 122.127331
v -49.130356 -110.019151 121.985920
v -49.130356 -110.160562 121.927365
v -49.271767 -110.101991 121.868809
v -49.330334 -109.960581 121.727398
v -49.330334 -109.760601 121.927365
v -49.330334 -109.819171 121.785954
v -49.271767 -111.902011 121.727398
v -49.330334 -111.760601 121.727398
v -49.271767 -111.760601 121.868809
v -49.130356 -111.760601 121.927365
v -49.130356 -111.902011 121.868809
v -49.130356 -111.960579 121.727398
v -46.888907 -111.902011 121.727398
v -47.030317 -111.960579 121.727398
v -47.030317 -111.902011 121.868809
v -47.030317 -111.760601 121.927365
v -46.888907 -111.760601 121.868809
v -46.830337 -111.760601 121.727398
v -47.030317 -109.960581 122.127331
v -46.888907 -109.902012 122.068775
v -46.830337 -109.760601 121.927365
v -46.830337 -109.960581 121.727398
v -46.888907 -110.101991 121.868809
v -47.030317 -110.160562 121.927365
v -47.030317 -110.019151 121.985920
v -46.830337 -109.819171 121.785954
v -49.330334 -104.160561 126.302346
v -49.271767 -104.019152 126.302346
v -49.130356 -103.960581 126.302346
v -47.030317 -103.960581 126.302346
v -46.888907 -104.019152 126.302346
v -46.830337 -104.160561 126.302346
v -46.830337 -105.760603 126.302346
v -46.888907 -105.902011 126.302346
v -47.030317 -105.960582 126.302346
v -49.130356 -105.960582 126.302346
v -49.271767 -105.902011 126.302346
v -49.330334 -105.760603 126.302346
v -49.330334 -108.160561 126.302346
v -49.271767 -108.019151 126.302346
v -49.130356 -107.960582 126.302346
v -47.030317 -107.960582 126.302346
v -46.888907 -108.019151 126.302346
v -46.830337 -108.160561 126.302346
v -46.830337 -109.760601 126.302346
v -46.888907 -109.902012 126.302346
v -47.030317 -109.960581 126.302346
v -49.130356 -109.960581 126.302346
v -49.271767 -109.902012 126.302346
v -49.330334 -109.760601 126.302346
v -49.245777 -102.045141 121.842793
v -46.914897 -102.045141 121.842793
v -49.271767 -105.960582 121.927365
v -49.271767 -107.960582 121.927365
v -46.888907 -107.960582 121.927365
v -46.888907 -105.960582 121.927365
v -49.271767 -109.960581 121.927365
v -49.245777 -111.876021 121.842793
v -46.914897 -111.876021 121.842793
v -46.888907 -109.960581 121.927365
v -49.271767 -111.902011 102.530564
v -49.130356 -111.960579 102.530564
v -49.130356 -111.902011 102.389153
v -49.130356 -111.760601 102.330597
v -49.271767 -111.760601 102.389153
v -49.330334 -111.760601 102.530564
v -49.130356 -109.960581 102.330597
v -49.271767 -109.960581 102.389153
v -49.330334 -109.960581 102.530564
v -46.888907 -111.902011 102.530564
v -46.830337 -111.760601 102.530564
v -46.888907 -111.760601 102.389153
v -47.030317 -111.760601 102.330597
v -47.030317 -111.902011 102.389153
v -47.030317 -111.960579 102.530564
v -47.030317 -109.960581 102.330597
v -46.888907 -109.960581 102.389153
v -46.830337 -109.960581 102.530564
v -49.130356 -107.960582 102.330597
v -49.271767 -107.960582 102.389153
v -49.330334 -107.960582 102.530564
v -47.030317 -107.960582 102.330597
v -46.888907 -107.960582 102.389153
v -46.830337 -107.960582 102.530564
v -49.130356 -105.960582 102.330597
v -49.271767 -105.960582 102.389153
v -49.330334 -105.960582 102.530564
v -47.030317 -105.960582 102.330597
v -46.888907 -105.960582 102.389153
v -46.830337 -105.960582 102.530564
v -49.130356 -103.960581 102.330597
v -49.271767 -103.960581 102.389153
v -49.330334 -103.960581 102.530564
v -47.030317 -103.960581 102.330597
v -46.888907 -103.960581 102.389153
v -46.830337 -103.960581 102.530564
v -49.271767 -102.019150 102.530564
v -49.330334 -102.160561 102.530564
v -49.271767 -102.160561 102.389153
v -49.130356 -102.160561 102.330597
v -49.130356 -102.019150 102.389153
v -49.130356 -101.960582 102.530564
v -46.888907 -102.019150 102.530564
v -47.030317 -101.960582 102.530564
v -47.030317 -102.019150 102.389153
v -47.030317 -102.160561 102.330597
v -46.888907 -102.160561 102.389153
v -46.830337 -102.160561 102.530564
v -49.271767 -102.160561 104.772042
v -49.330334 -102.160561 104.630631
v -49.271767 -102.019150 104.630631
v -49.130356 -101.960582 104.630631
v -49.130356 -102.019150 104.772042
v -49.130356 -102.160561 104.830597
v -46.888907 -102.160561 104.772042
v -47.030317 -102.160561 104.830597
v -47.030317 -102.019150 104.772042
v -47.030317 -101.960582 104.630631
v -46.888907 -102.019150 104.630631
v -46.830337 -102.160561 104.630631
v -49.330334 -104.160561 104.630631
v -49.271767 -104.019152 104.772042
v -49.130356 -103.960581 104.830597
v -47.030317 -103.960581 104.830597
v -46.888907 -104.019152 104.772042
v -46.830337 -104.160561 104.630631
v -49.271767 -105.902011 104.972008
v -49.130356 -105.960582 105.030564
v -49.130356 -106.019151 104.889153
v -49.130356 -106.160561 104.830597
v -49.271767 -106.101991 104.772042
v -49.330334 -105.960582 104.630631
v -49.330334 -105.760603 104.830597
v -49.330334 -105.819171 104.689186
v -49.130356 -107.960582 105.030564
v -49.271767 -108.019161 104.972008
v -49.330334 -108.160561 104.830597
v -49.330334 -107.960582 104.630631
v -49.271767 -107.819181 104.772042
v -49.130356 -107.760601 104.830597
v -49.130356 -107.902011 104.889153
v -49.330334 -108.101992 104.689186
v -46.888907 -108.019161 104.972008
v -47.030317 -107.960582 105.030564
v -47.030317 -107.902011 104.889153
v -47.030317 -107.760601 104.830597
v -46.888907 -107.819181 104.772042
v -46.830337 -107.960582 104.630631
v -46.830337 -108.160561 104.830597
v -46.830337 -108.101992 104.689186
v -47.030317 -105.960582 105.030564
v -46.888907 -105.902011 104.972008
v -46.830337 -105.760603 104.830597
v -46.830337 -105.960582 104.630631
v -46.888907 -106.101991 104.772042
v -47.030317 -106.160561 104.830597
v -47.030317 -106.019151 104.889153
v -46.830337 -105.819171 104.689186
v -49.271767 -109.902012 104.972008
v -49.130356 -109.960581 105.030564
v -49.130356 -110.019151 104.889153
v -49.130356 -110.160562 104.830597
v -49.271767 -110.101991 104.772042
v -49.330334 -109.960581 104.630631
v -49.330334 -109.760601 104.830597
v -49.330334 -109.819171 104.689186
v -49.271767 -111.902011 104.630631
v -49.330334 -111.760601 104.630631
v -49.271767 -111.760601 104.772042
v -49.130356 -111.760601 104.830597
v -49.130356 -111.902011 104.772042
v -49.130356 -111.960579 104.630631
v -46.888907 -111.902011 104.630631
v -47.030317 -111.960579 104.630631
v -47.030317 -111.902011 104.772042
v -47.030317 -111.760601 104.830597
v -46.888907 -111.760601 104.772042
v -46.830337 -111.760601 104.630631
v -47.030317 -109.960581 105.030564
v -46.888907 -109.902012 104.972008
v -46.830337 -109.760601 104.830597
v -46.830337 -109.960581 104.630631
v -46.888907 -110.101991 104.772042
v -47.030317 -110.160562 104.830597
v -47.030317 -110.019151 104.889153
v -46.830337 -109.819171 104.689186
v -49.330334 -104.160561 109.205578
v -49.271767 -104.019152 109.205578
v -49.130356 -103.960581 109.205578
v -47.030317 -103.960581 109.205578
v -46.888907 -104.019152 109.205578
v -46.830337 -104.160561 109.205578
v -46.830337 -105.760603 109.205578
v -46.888907 -105.902011 109.205578
v -47.030317 -105.960582 109.205578
v -49.130356 -105.960582 109.205578
v -49.271767 -105.902011 109.205578
v -49.330334 -105.760603 109.205578
v -49.330334 -108.160561 109.205578
v -49.271767 -108.019151 109.205578
v -49.130356 -107.960582 109.205578
v -47.030317 -107.960582 109.205578
v -46.888907 -108.019151 109.205578
v -46.830337 -108.160561 109.205578
v -46.830337 -109.760601 109.205578
v -46.888907 -109.902012 109.205578
v -47.030317 -109.960581 109.205578
v -49.130356 -109.960581 109.205578
v -49.271767 -109.902012 109.205578
v -49.330334 -109.760601 109.205578
v -49.245777 -111.876021 102.415169
v -46.914897 -111.876021 102.415169
v -49.245777 -102.045141 102.415169
v -46.914897 -102.045141 102.415169
v -49.245777 -102.045141 104.746025
v -46.914897 -102.045141 104.746025
v -49.271767 -105.960582 104.830597
v -49.271767 -107.960582 104.830597
v -46.888907 -107.960582 104.830597
v -46.888907 -105.960582 104.830597
v -49.271767 -109.960581 104.830597
v -49.245777 -111.876021 104.746025
v -46.914897 -111.876021 104.746025
v -46.888907 -109.960581 104.830597
v -49.330334 -105.760581 102.530564
v -49.271767 -105.760581 102.389153
v -49.130356 -105.760581 102.330597
v -47.030317 -105.760581 102.330597
v -46.888907 -105.760581 102.389153
v -46.830337 -105.760581 102.530564
v -46.830337 -105.860581 102.530564
v -46.888907 -105.860581 102.389153
v -47.030317 -105.860581 102.330597
v -49.130356 -105.860581 102.330597
v -49.271767 -105.860581 102.389153
v -49.330334 -105.860581 102.530564
v -46.830337 -108.160581 102.530564
v -46.888907 -108.160581 102.389153
v -47.030317 -108.160581 102.330597
v -49.130356 -108.160581 102.330597
v -49.271767 -108.160581 102.389153
v -49.330334 -108.160581 102.530564
v -49.330334 -108.060581 102.530564
v -49.271767 -108.060581 102.389153
v -49.130356 -108.060581 102.330597
v -47.030317 -108.060581 102.330597
v -46.888907 -108.060581 102.389153
v -46.830337 -108.060581 102.530564
v -46.830337 -109.780581 102.530564
v -46.888907 -109.780581 102.389153
v -47.030317 -109.780581 102.330597
v -49.130356 -109.780581 102.330597
v -49.271767 -109.780581 102.389153
v -49.330334 -109.780581 102.530564
v -46.830337 -109.852581 102.530564
v -46.888907 -109.852581 102.389153
v -47.030317 -109.852581 102.330597
v -49.130356 -109.852581 102.330597
v -49.271767 -109.852581 102.389153
v -49.330334 -109.852581 102.530564
v -49.330334 -104.160561 112.493599
v -49.130356 -103.960581 112.493599
v -47.030317 -103.960581 112.493599
v -46.830337 -104.160561 112.493599
v -46.830337 -105.760603 112.493599
v -47.030317 -105.960582 112.493599
v -49.130356 -105.960582 112.493599
v -49.330334 -105.760603 112.493599
v -49.330334 -108.160561 112.493599
v -49.130356 -107.960582 112.493599
v -47.030317 -107.960582 112.493599
v -46.830337 -108.160561 112.493599
v -46.830337 -109.760601 112.493599
v -47.030317 -109.960581 112.493599
v -49.130356 -109.960581 112.493599
v -49.330334 -109.760601 112.493599
v -49.271767 -104.019152 112.493599
v -46.888907 -104.019152 112.493599
v -46.888907 -105.902011 112.493599
v -49.271767 -105.902011 112.493599
v -49.271767 -108.019151 112.493599
v -46.888907 -108.019151 112.493599
v -46.888907 -109.902012 112.493599
v -49.271767 -109.902012 112.493599
v -49.271767 -102.160561 120.215138
v -49.330334 -102.160561 120.356549
v -49.271767 -102.019150 120.356549
v -49.130356 -101.960582 120.356549
v -49.130356 -102.019150 120.215138
v -49.130356 -102.160561 120.156582
v -46.888907 -102.160561 120.215138
v -47.030317 -102.160561 120.156582
v -47.030317 -102.019150 120.215138
v -47.030317 -101.960582 120.356549
v -46.888907 -102.019150 120.356549
v -46.830337 -102.160561 120.356549
v -49.330334 -104.160561 120.356549
v -49.271767 -104.019152 120.215138
v -49.130356 -103.960581 120.156582
v -47.030317 -103.960581 120.156582
v -46.888907 -104.019152 120.215138
v -46.830337 -104.160561 120.356549
v -49.271767 -105.902011 120.015171
v -49.130356 -105.960582 119.956616
v -49.130356 -106.019151 120.098027
v -49.130356 -106.160561 120.156582
v -49.271767 -106.101991 120.215138
v -49.330334 -105.960582 120.356549
v -49.330334 -105.760603 120.156582
v -49.330334 -105.819171 120.297993
v -49.130356 -107.960582 119.956616
v -49.271767 -108.019161 120.015171
v -49.330334 -108.160561 120.156582
v -49.330334 -107.960582 120.356549
v -49.271767 -107.819181 120.215138
v -49.130356 -107.760601 120.156582
v -49.130356 -107.902011 120.098027
v -49.330334 -108.101992 120.297993
v -46.888907 -108.019161 120.015171
v -47.030317 -107.960582 119.956616
v -47.030317 -107.902011 120.098027
v -47.030317 -107.760601 120.156582
v -46.888907 -107.819181 120.215138
v -46.830337 -107.960582 120.356549
v -46.830337 -108.160561 120.156582
v -46.830337 -108.101992 120.297993
v -47.030317 -105.960582 119.956616
v -46.888907 -105.902011 120.015171
v -46.830337 -105.760603 120.156582
v -46.830337 -105.960582 120.356549
v -46.888907 -106.101991 120.215138
v -47.030317 -106.160561 120.156582
v -47.030317 -106.019151 120.098027
v -46.830337 -105.819171 120.297993
v -49.271767 -109.902012 120.015171
v -49.130356 -109.960581 119.956616
v -49.130356 -110.019151 120.098027
v -49.130356 -110.160562 120.156582
v -49.271767 -110.101991 120.215138
v -49.330334 -109.960581 120.356549
v -49.330334 -109.760601 120.156582
v -49.330334 -109.819171 120.297993
v -49.271767 -111.902011 120.356549
v -49.330334 -111.760601 120.356549
v -49.271767 -111.760601 120.215138
v -49.130356 -111.760601 120.156582
v -49.130356 -111.902011 120.215138
v -49.130356 -111.960579 120.356549
v -46.888907 -111.902011 120.356549
v -47.030317 -111.960579 120.356549
v -47.030317 -111.902011 120.215138
v -47.030317 -111.760601 120.156582
v -46.888907 -111.760601 120.215138
v -46.830337 -111.760601 120.356549
v -47.030317 -109.960581 119.956616
v -46.888907 -109.902012 120.015171
v -46.830337 -109.760601 120.156582
v -46.830337 -109.960581 120.356549
v -46.888907 -110.101991 120.215138
v -47.030317 -110.160562 120.156582
v -47.030317 -110.019151 120.098027
v -46.830337 -109.819171 120.297993
v -49.330334 -104.160561 115.781601
v -49.271767 -104.019152 115.781601
v -49.130356 -103.960581 115.781601
v -47.030317 -103.960581 115.781601
v -46.888907 -104.019152 115.781601
v -46.830337 -104.160561 115.781601
v -46.830337 -105.760603 115.781601
v -46.888907 -105.902011 115.781601
v -47.030317 -105.960582 115.781601
v -49.130356 -105.960582 115.781601
v -49.271767 -105.902011 115.781601
v -49.330334 -105.760603 115.781601
v -49.330334 -108.160561 115.781601
v -49.271767 -108.019151 115.781601
v -49.130356 -107.960582 115.781601
v -47.030317 -107.960582 115.781601
v -46.888907 -108.019151 115.781601
v -46.830337 -108.160561 115.781601
v -46.830337 -109.760601 115.781601
v -46.888907 -109.902012 115.781601
v -47.030317 -109.960581 115.781601
v -49.130356 -109.960581 115.781601
v -49.271767 -109.902012 115.781601
v -49.330334 -109.760601 115.781601
v -49.245777 -102.045141 120.241154
v -46.914897 -102.045141 120.241154
v -49.271767 -105.960582 120.156582
v -49.271767 -107.960582 120.156582
v -46.888907 -107.960582 120.156582
v -46.888907 -105.960582 120.156582
v -49.271767 -109.960581 120.156582
v -49.245777 -111.876021 120.241154
v -46.914897 -111.876021 120.241154
v -46.888907 -109.960581 120.156582
vt 0.650315 0.790617
vt 0.635672 0.791406
vt 0.634671 0.772220
vt 0.649316 0.771483
vt 0.977086 0.033140
vt 0.976353 0.036753
vt 0.924184 0.034662
vt 0.923817 0.030994
vt 0.976047 0.040364
vt 0.923987 0.038259
vt 0.154733 0.897027
vt 0.156123 0.896846
vt 0.158311 0.914863
vt 0.157077 0.915026
vt 0.157517 0.896675
vt 0.159545 0.914713
vt 0.040531 0.350814
vt 0.040225 0.347203
vt 0.092395 0.345126
vt 0.092592 0.348720
vt 0.039493 0.343590
vt 0.092761 0.341461
vt 0.033274 0.350071
vt 0.036910 0.350650
vt 0.038869 0.395401
vt 0.035043 0.395409
vt 0.042666 0.395472
vt 0.973180 0.233848
vt 0.977083 0.233962
vt 0.978064 0.278746
vt 0.974440 0.278520
vt 0.980934 0.234009
vt 0.981692 0.279391
vt 0.974700 0.282141
vt 0.922513 0.283380
vt 0.922341 0.279750
vt 0.975383 0.285766
vt 0.922109 0.287056
vt 0.069781 0.911480
vt 0.071092 0.911222
vt 0.074509 0.929049
vt 0.073222 0.929300
vt 0.072405 0.910967
vt 0.075796 0.928799
vt 0.041094 0.596196
vt 0.041778 0.592572
vt 0.093964 0.593829
vt 0.094368 0.597506
vt 0.042040 0.588950
vt 0.094139 0.590202
vt 0.918889 0.280247
vt 0.916689 0.233697
vt 0.920354 0.229802
vt 0.915374 0.281215
vt 0.914136 0.236444
vt 0.049346 0.915450
vt 0.050649 0.915194
vt 0.054118 0.933010
vt 0.052824 0.933264
vt 0.051953 0.914939
vt 0.055411 0.932757
vt 0.101103 0.591670
vt 0.097591 0.590700
vt 0.099813 0.544153
vt 0.102366 0.546902
vt 0.096151 0.540255
vt 0.652279 0.771331
vt 0.651854 0.769919
vt 0.690298 0.767949
vt 0.690357 0.769342
vt 0.911342 0.185677
vt 0.915106 0.189545
vt 0.805803 0.189241
vt 0.805672 0.185365
vt 0.650802 0.771379
vt 0.651803 0.790566
vt 0.653279 0.790462
vt 0.920138 0.184185
vt 0.916265 0.180612
vt 0.916377 0.137728
vt 0.920278 0.134191
vt 0.649600 0.770033
vt 0.634100 0.770814
vt 0.915289 0.128798
vt 0.911482 0.132633
vt 0.805803 0.132408
vt 0.805956 0.128527
vt 0.945088 0.753519
vt 0.944696 0.754982
vt 0.906648 0.757271
vt 0.906561 0.755877
vt 0.946101 0.754962
vt 0.947236 0.774018
vt 0.945838 0.774164
vt 0.633269 0.772359
vt 0.634264 0.791414
vt 0.946400 0.775572
vt 0.907865 0.777800
vt 0.907788 0.776408
vt 0.105064 0.443091
vt 0.101259 0.439253
vt 0.210587 0.439040
vt 0.210740 0.442924
vt 0.096268 0.444644
vt 0.100169 0.448183
vt 0.100253 0.491065
vt 0.096383 0.494637
vt 0.635251 0.792864
vt 0.650748 0.792029
vt 0.101415 0.500000
vt 0.105179 0.496132
vt 0.210849 0.495878
vt 0.210721 0.499751
vt 0.653003 0.791909
vt 0.691360 0.788484
vt 0.691446 0.789876
vt 0.910167 0.081155
vt 0.912124 0.084694
vt 0.806161 0.084754
vt 0.806126 0.080939
vt 0.915800 0.088535
vt 0.806164 0.088570
vt 0.192361 0.893376
vt 0.193785 0.893279
vt 0.194853 0.911398
vt 0.193638 0.911482
vt 0.195209 0.893199
vt 0.196068 0.911328
vt 0.921508 0.083087
vt 0.917938 0.079214
vt 0.920540 0.037808
vt 0.914546 0.076973
vt 0.917025 0.036854
vt 0.175650 0.894712
vt 0.177060 0.894569
vt 0.178726 0.912642
vt 0.177504 0.912768
vt 0.178473 0.894441
vt 0.179948 0.912531
vt 0.096038 0.348272
vt 0.098632 0.389675
vt 0.095060 0.393548
vt 0.099554 0.347318
vt 0.102025 0.387436
vt 0.100764 0.398996
vt 0.104438 0.395155
vt 0.210401 0.395267
vt 0.210398 0.399083
vt 0.106398 0.391616
vt 0.210439 0.391451
vt 0.141732 0.917101
vt 0.139242 0.899122
vt 0.140873 0.917231
vt 0.138253 0.899270
vt 0.121876 0.901881
vt 0.124943 0.919770
vt 0.107958 0.922739
vt 0.104804 0.904865
vt 0.103032 0.905199
vt 0.106327 0.923047
vt 0.091063 0.925902
vt 0.087709 0.908064
vt 0.037558 0.936248
vt 0.034075 0.918435
vt 0.043035 0.399665
vt 0.043773 0.440002
vt 0.043790 0.444859
vt 0.043907 0.494697
vt 0.043934 0.499533
vt 0.043322 0.544278
vt 0.973901 0.085025
vt 0.972756 0.134423
vt 0.972616 0.184264
vt 0.972372 0.895564
vt 0.974823 0.913548
vt 0.937350 0.918656
vt 0.934912 0.900670
vt 0.210715 0.539705
vt 0.805787 0.229198
vt 0.723528 0.228908
vt 0.723579 0.188971
vt 0.720288 0.767768
vt 0.721295 0.786915
vt 0.292944 0.499533
vt 0.292977 0.539470
vt 0.909172 0.922458
vt 0.906762 0.904467
vt 0.723700 0.128374
vt 0.723839 0.088425
vt 0.232009 0.909832
vt 0.231375 0.891693
vt 0.259905 0.890882
vt 0.260289 0.909028
vt 0.292720 0.398990
vt 0.292840 0.438939
vt 0.877848 0.778205
vt 0.876712 0.759067
vt 0.972587 0.189099
vt 0.919676 0.086788
vt 0.973677 0.087545
vt 0.979669 0.040206
vt 0.977701 0.084957
vt 0.983301 0.039626
vt 0.981527 0.084968
vt 0.038987 0.398028
vt 0.035144 0.398085
vt 0.042888 0.397990
vt 0.977581 0.087586
vt 0.981421 0.087644
vt 0.036095 0.444906
vt 0.039930 0.444884
vt 0.040042 0.494714
vt 0.036204 0.494725
vt 0.976618 0.134448
vt 0.976482 0.184280
vt 0.980453 0.134469
vt 0.980317 0.184291
vt 0.036215 0.499541
vt 0.040053 0.499544
vt 0.039419 0.544393
vt 0.035568 0.544440
vt 0.976468 0.189110
vt 0.980306 0.189110
vt 0.038416 0.589177
vt 0.034786 0.589822
vt 0.805710 0.233014
vt 0.805609 0.236830
vt 0.210795 0.543519
vt 0.210893 0.547334
vt 0.723560 0.232727
vt 0.723563 0.236543
vt 0.292947 0.543289
vt 0.292942 0.547107
vt 0.292983 0.495692
vt 0.721369 0.788310
vt 0.720214 0.766373
vt 0.723539 0.185130
vt 0.723653 0.132231
vt 0.876632 0.757672
vt 0.877929 0.779599
vt 0.292890 0.442793
vt 0.292668 0.395169
vt 0.292646 0.391348
vt 0.723891 0.084601
vt 0.723916 0.080783
vt 0.979141 0.037404
vt 0.981224 0.035411
vt 0.035357 0.345856
vt 0.037440 0.347851
vt 0.979546 0.283565
vt 0.977496 0.281535
vt 0.038984 0.591965
vt 0.036932 0.593993
vt 0.917842 0.285183
vt 0.919712 0.282997
vt 0.096766 0.593449
vt 0.098635 0.595636
vt 0.918668 0.187831
vt 0.914830 0.184174
vt 0.650726 0.769877
vt 0.946445 0.753544
vt 0.918835 0.130536
vt 0.914961 0.134158
vt 0.632759 0.770998
vt 0.097711 0.440989
vt 0.101584 0.444613
vt 0.947744 0.775385
vt 0.633898 0.792820
vt 0.651884 0.792067
vt 0.097851 0.498284
vt 0.101688 0.494626
vt 0.915994 0.082948
vt 0.913190 0.079957
vt 0.919512 0.032864
vt 0.921374 0.035048
vt 0.095205 0.345511
vt 0.097069 0.343327
vt 0.103378 0.390418
vt 0.100573 0.393409
vt 0.096889 0.397246
vt 0.972603 0.186683
vt 0.976474 0.186696
vt 0.980308 0.186705
vt 0.107142 0.922892
vt 0.103918 0.905029
vt 0.040050 0.497130
vt 0.036213 0.497135
vt 0.043918 0.497116
vt 0.043784 0.442432
vt 0.039916 0.442470
vt 0.036081 0.442511
vt 0.122778 0.901720
vt 0.125746 0.919627
vt 0.976629 0.132034
vt 0.980467 0.132075
vt 0.972764 0.131993
vt 0.972775 0.129563
vt 0.976657 0.129623
vt 0.980494 0.129686
vt 0.123683 0.901566
vt 0.126547 0.919489
vt 0.036054 0.440125
vt 0.039894 0.440062
vt 0.039080 0.399734
vt 0.035220 0.399807
vt 0.137574 0.899380
vt 0.140321 0.917321
vt 0.977485 0.089295
vt 0.981344 0.089369
vt 0.973527 0.089224
vt 0.792231 0.783166
vt 0.791177 0.764038
vt 0.805814 0.763227
vt 0.806883 0.782354
vt 0.526499 0.278314
vt 0.526800 0.228441
vt 0.530487 0.232194
vt 0.530039 0.278746
vt 0.533048 0.234853
vt 0.533603 0.279596
vt 0.825742 0.915070
vt 0.827993 0.933080
vt 0.826643 0.933249
vt 0.824465 0.915230
vt 0.825292 0.933413
vt 0.823187 0.915385
vt 0.482937 0.590268
vt 0.483465 0.545522
vt 0.486029 0.542865
vt 0.486502 0.589415
vt 0.489724 0.539110
vt 0.490041 0.588983
vt 0.788274 0.764194
vt 0.750214 0.766194
vt 0.750126 0.764803
vt 0.788547 0.762746
vt 0.535653 0.184682
vt 0.641381 0.184920
vt 0.641332 0.188749
vt 0.531829 0.188421
vt 0.790763 0.783273
vt 0.789722 0.764090
vt 0.789296 0.783323
vt 0.526726 0.183192
vt 0.526753 0.133256
vt 0.530774 0.136785
vt 0.530697 0.179650
vt 0.790730 0.762630
vt 0.806101 0.761777
vt 0.531856 0.128021
vt 0.641406 0.128196
vt 0.641474 0.132042
vt 0.535738 0.131752
vt 0.808294 0.761654
vt 0.846718 0.759456
vt 0.846786 0.760847
vt 0.808727 0.763063
vt 0.809830 0.782187
vt 0.808358 0.782298
vt 0.807269 0.763119
vt 0.847907 0.779983
vt 0.848001 0.781376
vt 0.809561 0.783636
vt 0.480805 0.442427
vt 0.375066 0.442651
vt 0.375132 0.438810
vt 0.484681 0.438693
vt 0.489784 0.443927
vt 0.489804 0.493864
vt 0.485826 0.490321
vt 0.485769 0.447456
vt 0.807331 0.783763
vt 0.791941 0.784615
vt 0.484700 0.499090
vt 0.375195 0.499355
vt 0.375143 0.495528
vt 0.480871 0.495353
vt 0.789725 0.784734
vt 0.751286 0.786727
vt 0.751226 0.785334
vt 0.537774 0.080906
vt 0.641725 0.080627
vt 0.641635 0.084443
vt 0.535738 0.084372
vt 0.641501 0.088259
vt 0.531875 0.087991
vt 0.327597 0.890582
vt 0.326879 0.908718
vt 0.325698 0.908679
vt 0.326136 0.890534
vt 0.324517 0.908660
vt 0.324674 0.890511
vt 0.526630 0.082685
vt 0.526466 0.037841
vt 0.529998 0.037488
vt 0.530290 0.078902
vt 0.533570 0.036693
vt 0.533759 0.076809
vt 0.344458 0.891457
vt 0.342918 0.909541
vt 0.341736 0.909445
vt 0.343004 0.891340
vt 0.340553 0.909368
vt 0.341549 0.891245
vt 0.490052 0.348518
vt 0.489905 0.393359
vt 0.486247 0.389579
vt 0.486518 0.348165
vt 0.482779 0.387485
vt 0.482946 0.347370
vt 0.484665 0.398665
vt 0.375053 0.398873
vt 0.374919 0.395057
vt 0.480811 0.395046
vt 0.374831 0.391238
vt 0.478774 0.391583
vt 0.841143 0.913111
vt 0.843461 0.931112
vt 0.356386 0.892567
vt 0.354584 0.910627
vt 0.492424 0.082693
vt 0.492564 0.037849
vt 0.492331 0.183190
vt 0.492307 0.133259
vt 0.492572 0.278320
vt 0.492258 0.228444
vt 0.878611 0.908215
vt 0.880983 0.926210
vt 0.375239 0.539284
vt 0.641272 0.228676
vt 0.288571 0.908629
vt 0.288452 0.890478
vt 0.487228 0.188421
vt 0.528185 0.086299
vt 0.490875 0.086307
vt 0.641427 0.232489
vt 0.641526 0.236302
vt 0.374984 0.546919
vt 0.375086 0.543100
vt 0.531274 0.283628
vt 0.529325 0.281502
vt 0.526529 0.281966
vt 0.527065 0.285629
vt 0.490011 0.592632
vt 0.487215 0.592170
vt 0.485266 0.594297
vt 0.489475 0.596298
vt 0.528185 0.186789
vt 0.532127 0.183190
vt 0.789636 0.762592
vt 0.807189 0.761620
vt 0.532209 0.133242
vt 0.528205 0.129664
vt 0.488333 0.440333
vt 0.484334 0.443914
vt 0.808447 0.783798
vt 0.790840 0.784772
vt 0.484397 0.493864
vt 0.488347 0.497458
vt 0.532018 0.082603
vt 0.534912 0.079722
vt 0.531277 0.032612
vt 0.529309 0.034717
vt 0.526513 0.034217
vt 0.527059 0.030568
vt 0.487207 0.345394
vt 0.490003 0.344894
vt 0.485239 0.343292
vt 0.489456 0.341244
vt 0.481628 0.390396
vt 0.484525 0.393277
vt 0.488352 0.396973
vt 0.490872 0.186789
vt 0.490856 0.129664
vt 0.487204 0.128024
vt 0.487182 0.087999
vt 0.222731 0.724766
vt 0.222601 0.743923
vt 0.207928 0.743816
vt 0.208072 0.724660
vt 0.041961 0.033104
vt 0.095229 0.030945
vt 0.094863 0.034613
vt 0.042696 0.036718
vt 0.095062 0.038210
vt 0.043005 0.040329
vt 0.541899 0.925010
vt 0.539463 0.942997
vt 0.538079 0.942796
vt 0.540667 0.924830
vt 0.536699 0.942582
vt 0.539436 0.924639
vt 0.973497 0.350809
vt 0.921440 0.348706
vt 0.921637 0.345109
vt 0.973803 0.347195
vt 0.921268 0.341444
vt 0.974539 0.343584
vt 0.980754 0.350065
vt 0.978975 0.395407
vt 0.975148 0.395396
vt 0.977119 0.350645
vt 0.971352 0.395467
vt 0.045886 0.233807
vt 0.044645 0.278479
vt 0.041020 0.278708
vt 0.041982 0.233924
vt 0.037393 0.279356
vt 0.038134 0.233971
vt 0.096743 0.279689
vt 0.096574 0.283319
vt 0.044385 0.282100
vt 0.096978 0.286996
vt 0.043707 0.285728
vt 0.625892 0.930702
vt 0.626133 0.948850
vt 0.624696 0.948861
vt 0.624682 0.930710
vt 0.623259 0.948853
vt 0.623473 0.930704
vt 0.972926 0.596194
vt 0.919655 0.597509
vt 0.920057 0.593829
vt 0.972243 0.592567
vt 0.919879 0.590205
vt 0.971980 0.588947
vt 0.098703 0.229742
vt 0.102369 0.233635
vt 0.100198 0.280184
vt 0.104922 0.236382
vt 0.103711 0.281152
vt 0.646349 0.930252
vt 0.647260 0.948379
vt 0.645828 0.948445
vt 0.645138 0.930308
vt 0.644393 0.948492
vt 0.643927 0.930349
vt 0.912917 0.591673
vt 0.911643 0.546902
vt 0.914196 0.544153
vt 0.916427 0.590702
vt 0.917862 0.540255
vt 0.225538 0.743941
vt 0.263662 0.744134
vt 0.263668 0.745530
vt 0.225178 0.745370
vt 0.107715 0.185628
vt 0.213383 0.185327
vt 0.213257 0.189198
vt 0.103949 0.189493
vt 0.224188 0.724749
vt 0.224071 0.743960
vt 0.225640 0.724786
vt 0.098919 0.184138
vt 0.098780 0.134141
vt 0.102683 0.137681
vt 0.102787 0.180565
vt 0.222960 0.745356
vt 0.207548 0.745245
vt 0.103774 0.128748
vt 0.213101 0.128489
vt 0.213257 0.132373
vt 0.107579 0.132586
vt 0.205320 0.745226
vt 0.166819 0.744843
vt 0.166844 0.743449
vt 0.204981 0.743792
vt 0.205149 0.724636
vt 0.206610 0.724621
vt 0.206454 0.743831
vt 0.167025 0.724282
vt 0.167024 0.722889
vt 0.205512 0.723208
vt 0.908945 0.443091
vt 0.803267 0.442924
vt 0.803423 0.439040
vt 0.912750 0.439250
vt 0.917739 0.444644
vt 0.917624 0.494637
vt 0.913753 0.491067
vt 0.913841 0.448183
vt 0.207713 0.723226
vt 0.223110 0.723337
vt 0.912594 0.500000
vt 0.803289 0.499759
vt 0.803160 0.495883
vt 0.908831 0.496135
vt 0.225296 0.723352
vt 0.263774 0.723574
vt 0.263752 0.724968
vt 0.108896 0.081103
vt 0.212937 0.080895
vt 0.212899 0.084713
vt 0.106936 0.084645
vt 0.212899 0.088529
vt 0.103262 0.088486
vt 0.505504 0.918998
vt 0.502325 0.936868
vt 0.500989 0.936616
vt 0.504240 0.918759
vt 0.499655 0.936360
vt 0.502976 0.918516
vt 0.097555 0.083035
vt 0.098509 0.037756
vt 0.101125 0.079162
vt 0.102024 0.036803
vt 0.104517 0.076921
vt 0.521572 0.921827
vt 0.518704 0.939750
vt 0.517345 0.939519
vt 0.520325 0.921615
vt 0.515990 0.939279
vt 0.519077 0.921393
vt 0.918955 0.393534
vt 0.915385 0.389661
vt 0.917993 0.348256
vt 0.911993 0.387420
vt 0.914478 0.347302
vt 0.913251 0.398985
vt 0.803614 0.399080
vt 0.803611 0.395262
vt 0.909571 0.395141
vt 0.803573 0.391446
vt 0.907614 0.391602
vt 0.557238 0.927028
vt 0.554970 0.945036
vt 0.558072 0.927135
vt 0.555984 0.945166
vt 0.573945 0.928731
vt 0.591086 0.929875
vt 0.589989 0.947992
vt 0.572638 0.946834
vt 0.592593 0.929954
vt 0.608031 0.930425
vt 0.607592 0.948569
vt 0.591932 0.948092
vt 0.661775 0.929380
vt 0.662902 0.947495
vt 0.970977 0.399663
vt 0.970236 0.439999
vt 0.970220 0.444856
vt 0.970100 0.494697
vt 0.970072 0.499530
vt 0.970690 0.544276
vt 0.045162 0.084989
vt 0.046438 0.184223
vt 0.046301 0.134382
vt 0.699403 0.926813
vt 0.700727 0.944915
vt 0.803291 0.539716
vt 0.213268 0.229149
vt 0.295478 0.188949
vt 0.295524 0.228887
vt 0.293718 0.725091
vt 0.293637 0.744264
vt 0.721030 0.539476
vt 0.721065 0.499538
vt 0.727649 0.924599
vt 0.729146 0.942688
vt 0.295226 0.088398
vt 0.295360 0.128347
vt 0.464181 0.929676
vt 0.436274 0.924436
vt 0.439575 0.906590
vt 0.467530 0.911836
vt 0.721166 0.438936
vt 0.721289 0.398985
vt 0.136855 0.743152
vt 0.137045 0.723980
vt 0.046468 0.189058
vt 0.099387 0.086739
vt 0.045386 0.087510
vt 0.041365 0.084921
vt 0.039386 0.040170
vt 0.037538 0.084932
vt 0.035750 0.039591
vt 0.978874 0.398085
vt 0.975031 0.398025
vt 0.971127 0.397984
vt 0.041482 0.087551
vt 0.037642 0.087608
vt 0.977914 0.444903
vt 0.977802 0.494725
vt 0.973967 0.494711
vt 0.974079 0.444881
vt 0.042573 0.184242
vt 0.042442 0.134409
vt 0.038738 0.184253
vt 0.038610 0.134431
vt 0.977794 0.499541
vt 0.978445 0.544437
vt 0.974593 0.544391
vt 0.973954 0.499541
vt 0.042589 0.189072
vt 0.038749 0.189072
vt 0.979235 0.589817
vt 0.975608 0.589172
vt 0.213345 0.232962
vt 0.213446 0.236781
vt 0.803117 0.547348
vt 0.803215 0.543532
vt 0.295497 0.232705
vt 0.295491 0.236524
vt 0.721065 0.547110
vt 0.721060 0.543291
vt 0.721024 0.495695
vt 0.293724 0.723694
vt 0.293630 0.745661
vt 0.295516 0.185106
vt 0.295407 0.132206
vt 0.136842 0.744548
vt 0.137057 0.722583
vt 0.721120 0.442793
vt 0.721341 0.395164
vt 0.721363 0.391342
vt 0.295150 0.080753
vt 0.295174 0.084574
vt 0.039911 0.037371
vt 0.037825 0.035376
vt 0.978674 0.345853
vt 0.976592 0.347846
vt 0.039539 0.283527
vt 0.041592 0.281496
vt 0.975036 0.591960
vt 0.977089 0.593991
vt 0.101245 0.285121
vt 0.099376 0.282937
vt 0.917255 0.593452
vt 0.915385 0.595639
vt 0.100387 0.187782
vt 0.104222 0.184124
vt 0.224067 0.745460
vt 0.206437 0.745332
vt 0.104099 0.134111
vt 0.100223 0.130487
vt 0.916296 0.440989
vt 0.912425 0.444613
vt 0.206618 0.723120
vt 0.224202 0.723248
vt 0.912318 0.494629
vt 0.916156 0.498286
vt 0.103068 0.082896
vt 0.105873 0.079905
vt 0.099537 0.032812
vt 0.097675 0.034996
vt 0.918827 0.345495
vt 0.916965 0.343311
vt 0.910637 0.390402
vt 0.913442 0.393395
vt 0.917126 0.397235
vt 0.046452 0.186642
vt 0.042581 0.186658
vt 0.038746 0.186666
vt 0.591839 0.929919
vt 0.590961 0.948049
vt 0.977794 0.497133
vt 0.973959 0.497127
vt 0.970089 0.497113
vt 0.970225 0.442432
vt 0.974093 0.442470
vt 0.977928 0.442509
vt 0.573187 0.928668
vt 0.571677 0.946755
vt 0.042431 0.131993
vt 0.038593 0.132037
vt 0.046296 0.131955
vt 0.046285 0.129525
vt 0.042406 0.129585
vt 0.038569 0.129648
vt 0.572429 0.928594
vt 0.570717 0.946664
vt 0.977955 0.440122
vt 0.974115 0.440062
vt 0.974935 0.399731
vt 0.978795 0.399805
vt 0.558596 0.927200
vt 0.556691 0.945251
vt 0.041578 0.089256
vt 0.037718 0.089330
vt 0.045533 0.089185
vt 0.364787 0.725374
vt 0.379452 0.725406
vt 0.379374 0.744618
vt 0.364711 0.744534
vt 0.489032 0.278752
vt 0.488568 0.232202
vt 0.485468 0.279605
vt 0.486006 0.234859
vt 0.808908 0.917016
vt 0.810181 0.916878
vt 0.812123 0.934925
vt 0.810763 0.935071
vt 0.811455 0.916734
vt 0.813481 0.934771
vt 0.531072 0.590268
vt 0.527508 0.589415
vt 0.527981 0.542865
vt 0.530545 0.545522
vt 0.523968 0.588983
vt 0.524285 0.539110
vt 0.361742 0.744520
vt 0.362089 0.745953
vt 0.323593 0.745770
vt 0.323612 0.744375
vt 0.483402 0.184682
vt 0.377726 0.188738
vt 0.377676 0.184906
vt 0.363222 0.744554
vt 0.363298 0.725341
vt 0.361820 0.725364
vt 0.488357 0.179650
vt 0.488286 0.136785
vt 0.364347 0.745965
vt 0.379866 0.746055
vt 0.483322 0.131755
vt 0.377584 0.132029
vt 0.377652 0.128188
vt 0.068258 0.743915
vt 0.068750 0.742482
vt 0.106864 0.742838
vt 0.106856 0.744233
vt 0.067347 0.742405
vt 0.067536 0.723316
vt 0.068941 0.723267
vt 0.380782 0.744558
vt 0.380858 0.725478
vt 0.068477 0.721824
vt 0.107074 0.722272
vt 0.107056 0.723669
vt 0.533204 0.442427
vt 0.529331 0.438693
vt 0.638878 0.438813
vt 0.638943 0.442654
vt 0.524225 0.443927
vt 0.528238 0.447456
vt 0.528183 0.490321
vt 0.524206 0.493861
vt 0.379954 0.723973
vt 0.364434 0.723940
vt 0.529307 0.499090
vt 0.533139 0.495351
vt 0.638867 0.495531
vt 0.638815 0.499360
vt 0.362177 0.723934
vt 0.323690 0.725208
vt 0.323683 0.723813
vt 0.481286 0.080919
vt 0.483322 0.084383
vt 0.377428 0.084443
vt 0.377338 0.080627
vt 0.377562 0.088256
vt 0.373089 0.894788
vt 0.374510 0.895007
vt 0.371731 0.912943
vt 0.370537 0.912758
vt 0.375926 0.895245
vt 0.372922 0.913145
vt 0.488765 0.078913
vt 0.489029 0.037499
vt 0.485293 0.076822
vt 0.485457 0.036704
vt 0.357828 0.892726
vt 0.355770 0.910759
vt 0.359266 0.892908
vt 0.356956 0.910911
vt 0.523955 0.348518
vt 0.527486 0.348165
vt 0.527762 0.389576
vt 0.524105 0.393359
vt 0.531059 0.347370
vt 0.531231 0.387485
vt 0.529345 0.398662
vt 0.533202 0.395046
vt 0.639093 0.395065
vt 0.638957 0.398875
vt 0.535235 0.391580
vt 0.639178 0.391247
vt 0.795235 0.936634
vt 0.793474 0.918569
vt 0.757531 0.940210
vt 0.755888 0.922133
vt 0.638768 0.539290
vt 0.377783 0.228668
vt 0.408378 0.919331
vt 0.411565 0.901463
vt 0.377630 0.232484
vt 0.377529 0.236297
vt 0.638924 0.543103
vt 0.639025 0.546919
vt 0.487797 0.283634
vt 0.489746 0.281507
vt 0.492542 0.281969
vt 0.492006 0.285632
vt 0.523998 0.592632
vt 0.526795 0.592170
vt 0.528744 0.594297
vt 0.524534 0.596298
vt 0.486928 0.183190
vt 0.363213 0.746058
vt 0.066906 0.743795
vt 0.486851 0.133242
vt 0.381216 0.745945
vt 0.525677 0.440333
vt 0.529676 0.443914
vt 0.067123 0.721917
vt 0.381303 0.724094
vt 0.363302 0.723839
vt 0.525663 0.497458
vt 0.529613 0.493861
vt 0.487040 0.082612
vt 0.484142 0.079733
vt 0.487748 0.032623
vt 0.491965 0.030576
vt 0.492515 0.034228
vt 0.489718 0.034728
vt 0.524001 0.344894
vt 0.526800 0.345394
vt 0.524548 0.341242
vt 0.528765 0.343289
vt 0.532382 0.390396
vt 0.529487 0.393275
vt 0.525657 0.396973
f 4128/5533 4118/5534 4112/5535 4102/5536
f 4034/5537 4033/5538 4139/5539 4144/5540
f 4033/5538 4038/5541 4140/5542 4139/5539
f 4036/5543 4035/5544 4046/5545 4045/5546
f 4035/5544 4034/5547 4047/5548 4046/5545
f 4043/5549 4042/5550 4145/5551 4150/5552
f 4042/5550 4047/5553 4146/5554 4145/5551
f 4045/5555 4044/5556 4049/5557 4048/5558
f 4044/5556 4043/5549 4050/5559 4049/5557
f 4065/5560 4064/5561 4071/5562 4070/5563
f 4064/5561 4063/5564 4072/5565 4071/5562
f 4070/5563 4069/5566 4083/5567 4082/5568
f 4069/5566 4074/5569 4084/5570 4083/5567
f 4074/5571 4073/5572 4077/5573 4076/5574
f 4073/5572 4072/5575 4078/5576 4077/5573
f 4076/5577 4075/5578 4091/5579 4090/5580
f 4075/5578 4080/5581 4092/5582 4091/5579
f 4082/5568 4081/5583 4094/5584 4093/5585
f 4081/5583 4086/5586 4095/5587 4094/5584
f 4086/5588 4085/5589 4089/5590 4088/5591
f 4085/5589 4084/5592 4090/5593 4089/5590
f 4088/5594 4087/5595 4097/5596 4096/5597
f 4087/5595 4092/5582 4098/5598 4097/5596
f 4100/5599 4099/5600 4169/5601 4168/5602
f 4099/5603 4105/5604 4170/5605 4169/5606
f 4102/5536 4101/5607 4129/5608 4128/5533
f 4101/5607 4100/5599 4123/5609 4129/5608
f 4104/5610 4103/5611 4111/5612 4110/5613
f 4103/5614 4102/5536 4112/5535 4111/5615
f 4109/5616 4108/5617 4172/5618 4171/5619
f 4108/5620 4107/5621 4173/5622 4172/5623
f 4107/5621 4113/5624 4117/5625 4116/5626
f 4113/5627 4112/5535 4118/5534 4117/5628
f 4116/5626 4115/5629 4175/5630 4174/5631
f 4115/5632 4121/5633 4176/5634 4175/5635
f 4120/5636 4119/5637 4127/5638 4126/5639
f 4119/5640 4118/5534 4128/5533 4127/5641
f 4125/5642 4124/5643 4166/5644 4165/5645
f 4124/5646 4123/5609 4167/5647 4166/5648
f 4132/5649 4131/5650 4181/5651 4180/5652
f 4131/5650 4137/5653 4182/5654 4181/5651
f 4134/5655 4133/5656 4157/5657 4156/5658
f 4133/5656 4132/5659 4151/5660 4157/5657
f 4136/5661 4135/5662 4141/5663 4140/5542
f 4135/5662 4134/5664 4142/5665 4141/5663
f 4144/5666 4143/5667 4147/5668 4146/5669
f 4143/5667 4142/5670 4148/5671 4147/5668
f 4150/5552 4149/5672 4155/5673 4154/5674
f 4149/5672 4148/5675 4156/5676 4155/5673
f 4153/5677 4152/5678 4178/5679 4177/5680
f 4152/5678 4151/5681 4179/5682 4178/5679
f 4036/5543 4045/5546 4048/5683 4039/5684
f 4039/5684 4048/5683 4229/5685 4230/5686
f 4051/5687 4054/5688 4060/5689 4057/5690
f 4199/5691 4200/5692 4066/5693 4063/5694
f 4063/5694 4066/5693 4078/5576 4072/5575
f 4074/5571 4076/5574 4090/5593 4084/5592
f 4086/5588 4088/5591 4096/5695 4095/5696
f 4144/5666 4146/5669 4047/5548 4034/5547
f 4043/5549 4150/5552 4154/5674 4050/5559
f 4221/5697 4153/5677 4121/5633 4209/5698
f 4056/5699 4120/5636 4126/5639 4062/5700
f 4202/5701 4125/5642 4098/5598 4068/5702
f 4068/5702 4098/5598 4092/5582 4080/5581
f 4140/5542 4038/5541 4041/5703 4136/5661
f 4104/5610 4110/5613 4053/5704 4059/5705
f 4093/5585 4065/5560 4070/5563 4082/5568
f 4095/5706 4096/5707 4162/5708 4161/5709
f 4098/5598 4125/5642 4165/5645 4164/5710
f 4170/5605 4105/5604 4093/5585 4159/5711
f 4176/5634 4121/5633 4153/5677 4177/5680
f 4182/5654 4137/5653 4109/5616 4171/5619
f 4170/5605 4159/5711 4233/5712 4240/5713
f 4167/5647 4168/5602 4239/5714 4238/5715
f 4164/5710 4165/5645 4237/5716 4236/5717
f 4161/5709 4162/5708 4235/5718 4234/5719
f 4182/5654 4171/5619 4241/5720 4248/5721
f 4179/5722 4180/5723 4247/5724 4246/5725
f 4176/5634 4177/5680 4245/5726 4244/5727
f 4173/5622 4174/5631 4243/5728 4242/5729
f 4105/5604 4197/5730 4065/5560 4093/5585
f 4138/5731 4136/5661 4041/5703 4232/5732
f 4167/5647 4123/5609 4100/5599 4168/5602
f 4173/5622 4107/5621 4116/5626 4174/5631
f 4179/5722 4151/5660 4132/5659 4180/5723
f 4142/5670 4134/5655 4156/5658 4148/5671
f 4038/5541 4037/5733 4040/5734 4041/5703
f 4037/5733 4036/5735 4039/5736 4040/5734
f 4048/5558 4049/5557 4228/5737 4229/5738
f 4049/5557 4050/5559 4227/5739 4228/5737
f 4041/5703 4040/5734 4231/5740 4232/5732
f 4040/5734 4039/5736 4230/5741 4231/5740
f 4054/5742 4055/5743 4061/5744 4060/5745
f 4055/5743 4056/5699 4062/5700 4061/5744
f 4053/5704 4052/5746 4058/5747 4059/5705
f 4052/5746 4051/5748 4057/5749 4058/5747
f 4200/5750 4201/5751 4067/5752 4066/5753
f 4201/5751 4202/5701 4068/5702 4067/5752
f 4197/5730 4198/5754 4064/5561 4065/5560
f 4198/5754 4199/5755 4063/5564 4064/5561
f 4066/5753 4067/5752 4079/5756 4078/5757
f 4067/5752 4068/5702 4080/5581 4079/5756
f 4093/5585 4094/5584 4160/5758 4159/5711
f 4094/5584 4095/5587 4161/5759 4160/5758
f 4096/5597 4097/5596 4163/5760 4162/5761
f 4097/5596 4098/5598 4164/5710 4163/5760
f 4159/5711 4160/5758 4249/5762 4233/5712
f 4160/5758 4161/5759 4234/5763 4249/5762
f 4162/5761 4163/5760 4250/5764 4235/5765
f 4163/5760 4164/5710 4236/5717 4250/5764
f 4165/5645 4166/5644 4251/5766 4237/5716
f 4166/5648 4167/5647 4238/5715 4251/5767
f 4168/5602 4169/5601 4252/5768 4239/5714
f 4169/5606 4170/5605 4240/5713 4252/5769
f 4171/5619 4172/5618 4253/5770 4241/5720
f 4172/5623 4173/5622 4242/5729 4253/5771
f 4174/5631 4175/5630 4254/5772 4243/5728
f 4175/5635 4176/5634 4244/5727 4254/5773
f 4177/5680 4178/5679 4255/5774 4245/5726
f 4178/5679 4179/5682 4246/5775 4255/5774
f 4180/5652 4181/5651 4256/5776 4247/5777
f 4181/5651 4182/5654 4248/5721 4256/5776
f 4037/5733 4038/5541 4033/5538 4183/5778
f 4033/5538 4034/5537 4035/5779 4183/5778
f 4035/5779 4036/5735 4037/5733 4183/5778
f 4046/5780 4047/5553 4042/5550 4184/5781
f 4042/5550 4043/5549 4044/5556 4184/5781
f 4044/5556 4045/5555 4046/5780 4184/5781
f 4073/5782 4074/5569 4069/5566 4185/5783
f 4069/5566 4070/5563 4071/5562 4185/5783
f 4071/5562 4072/5565 4073/5782 4185/5783
f 4079/5756 4080/5581 4075/5578 4186/5784
f 4075/5578 4076/5577 4077/5785 4186/5784
f 4077/5785 4078/5757 4079/5756 4186/5784
f 4085/5786 4086/5586 4081/5583 4187/5787
f 4081/5583 4082/5568 4083/5567 4187/5787
f 4083/5567 4084/5570 4085/5786 4187/5787
f 4091/5579 4092/5582 4087/5595 4188/5788
f 4087/5595 4088/5594 4089/5789 4188/5788
f 4089/5789 4090/5580 4091/5579 4188/5788
f 4106/5790 4105/5604 4099/5603 4189/5791
f 4099/5600 4100/5599 4101/5607 4189/5792
f 4101/5607 4102/5536 4103/5614 4189/5792
f 4103/5611 4104/5610 4106/5790 4189/5791
f 4113/5624 4107/5621 4108/5620 4190/5793
f 4108/5617 4109/5616 4114/5794 4190/5795
f 4114/5794 4110/5613 4111/5612 4190/5795
f 4111/5615 4112/5535 4113/5627 4190/5796
f 4122/5797 4121/5633 4115/5632 4191/5798
f 4115/5629 4116/5626 4117/5625 4191/5799
f 4117/5628 4118/5534 4119/5640 4191/5800
f 4119/5637 4120/5636 4122/5797 4191/5798
f 4129/5608 4123/5609 4124/5646 4192/5801
f 4124/5643 4125/5642 4130/5802 4192/5803
f 4130/5802 4126/5639 4127/5638 4192/5803
f 4127/5641 4128/5533 4129/5608 4192/5801
f 4138/5731 4137/5653 4131/5650 4193/5804
f 4131/5650 4132/5649 4133/5805 4193/5804
f 4133/5805 4134/5664 4135/5662 4193/5804
f 4135/5662 4136/5661 4138/5731 4193/5804
f 4143/5806 4144/5540 4139/5539 4194/5807
f 4139/5539 4140/5542 4141/5663 4194/5807
f 4141/5663 4142/5665 4143/5806 4194/5807
f 4149/5672 4150/5552 4145/5551 4195/5808
f 4145/5551 4146/5554 4147/5809 4195/5808
f 4147/5809 4148/5675 4149/5672 4195/5808
f 4157/5810 4151/5681 4152/5678 4196/5811
f 4152/5678 4153/5677 4158/5812 4196/5811
f 4158/5812 4154/5674 4155/5673 4196/5811
f 4155/5673 4156/5676 4157/5810 4196/5811
f 4105/5604 4106/5790 4208/5813 4197/5730
f 4059/5705 4058/5747 4207/5814 4208/5813
f 4058/5747 4057/5749 4206/5815 4207/5814
f 4057/5690 4060/5689 4205/5816 4206/5817
f 4060/5745 4061/5744 4204/5818 4205/5819
f 4061/5744 4062/5700 4203/5820 4204/5818
f 4062/5700 4126/5639 4130/5802 4203/5820
f 4204/5818 4203/5820 4202/5701 4201/5751
f 4205/5819 4204/5818 4201/5751 4200/5750
f 4206/5817 4205/5816 4200/5692 4199/5691
f 4207/5814 4206/5815 4199/5755 4198/5754
f 4208/5813 4207/5814 4198/5754 4197/5730
f 4208/5813 4106/5790 4104/5610 4059/5705
f 4203/5820 4130/5802 4125/5642 4202/5701
f 4209/5698 4121/5633 4122/5797 4220/5821
f 4219/5822 4220/5821 4056/5699 4055/5743
f 4218/5823 4219/5822 4055/5743 4054/5742
f 4217/5824 4218/5825 4054/5688 4051/5687
f 4216/5826 4217/5827 4051/5748 4052/5746
f 4215/5828 4216/5826 4052/5746 4053/5704
f 4114/5794 4215/5828 4053/5704 4110/5613
f 4214/5829 4213/5830 4216/5826 4215/5828
f 4213/5830 4212/5831 4217/5827 4216/5826
f 4212/5832 4211/5833 4218/5825 4217/5824
f 4211/5834 4210/5835 4219/5822 4218/5823
f 4210/5835 4209/5698 4220/5821 4219/5822
f 4109/5616 4214/5829 4215/5828 4114/5794
f 4220/5821 4122/5797 4120/5636 4056/5699
f 4222/5836 4221/5697 4209/5698 4210/5835
f 4223/5837 4222/5836 4210/5835 4211/5834
f 4224/5838 4223/5839 4211/5833 4212/5832
f 4225/5840 4224/5841 4212/5831 4213/5830
f 4226/5842 4225/5840 4213/5830 4214/5829
f 4227/5739 4158/5812 4153/5677 4221/5697
f 4228/5737 4227/5739 4221/5697 4222/5836
f 4229/5738 4228/5737 4222/5836 4223/5837
f 4230/5686 4229/5685 4223/5839 4224/5838
f 4231/5740 4230/5741 4224/5841 4225/5840
f 4232/5732 4231/5740 4225/5840 4226/5842
f 4050/5559 4154/5674 4158/5812 4227/5739
f 4137/5653 4226/5842 4214/5829 4109/5616
f 4138/5731 4232/5732 4226/5842 4137/5653
f 4304/5843 4278/5844 4288/5845 4294/5846
f 4258/5847 4269/5848 4270/5849 4257/5850
f 4257/5850 4270/5849 4271/5851 4262/5852
f 4262/5853 4264/5854 4265/5855 4261/5856
f 4261/5856 4265/5855 4266/5857 4260/5858
f 4264/5859 4272/5860 4273/5861 4263/5862
f 4263/5862 4273/5861 4274/5863 4268/5864
f 4276/5865 4344/5866 4345/5867 4275/5868
f 4275/5869 4345/5870 4346/5871 4281/5872
f 4278/5844 4304/5843 4305/5873 4277/5874
f 4277/5874 4305/5873 4299/5875 4276/5865
f 4280/5876 4286/5877 4287/5878 4279/5879
f 4279/5880 4287/5881 4288/5845 4278/5844
f 4285/5882 4347/5883 4348/5884 4284/5885
f 4284/5886 4348/5887 4349/5888 4283/5889
f 4283/5889 4292/5890 4293/5891 4289/5892
f 4289/5892 4293/5891 4294/5846 4288/5845
f 4292/5890 4350/5893 4351/5894 4291/5895
f 4291/5896 4351/5897 4352/5898 4297/5899
f 4296/5900 4302/5901 4303/5902 4295/5903
f 4295/5904 4303/5905 4304/5843 4294/5846
f 4301/5906 4341/5907 4342/5908 4300/5909
f 4300/5910 4342/5911 4343/5912 4299/5875
f 4308/5913 4356/5914 4357/5915 4307/5916
f 4307/5916 4357/5915 4358/5917 4313/5918
f 4310/5919 4332/5920 4333/5921 4309/5922
f 4309/5922 4333/5921 4327/5923 4308/5924
f 4312/5925 4316/5926 4317/5927 4311/5928
f 4311/5928 4317/5927 4318/5929 4310/5930
f 4320/5931 4322/5932 4323/5933 4319/5934
f 4319/5934 4323/5933 4324/5935 4318/5936
f 4326/5937 4330/5938 4331/5939 4325/5940
f 4325/5940 4331/5939 4332/5941 4324/5942
f 4329/5943 4353/5944 4354/5945 4328/5946
f 4328/5946 4354/5945 4355/5947 4327/5948
f 4262/5853 4271/5949 4272/5950 4264/5854
f 4322/5932 4320/5931 4656/5951 4658/5952
f 4316/5926 4312/5925 4648/5953 4652/5954
f 4286/5877 4280/5876 4616/5955 4622/5956
f 4269/5848 4258/5847 4594/5957 4605/5958
f 4271/5949 4337/5959 4338/5960 4272/5950
f 4274/5863 4340/5961 4341/5907 4301/5906
f 4346/5871 4335/5962 4269/5848 4281/5872
f 4352/5898 4353/5944 4329/5943 4297/5899
f 4358/5917 4347/5883 4285/5882 4313/5918
f 4346/5871 4240/5713 4233/5712 4335/5962
f 4343/5912 4238/5715 4239/5714 4344/5866
f 4340/5961 4236/5717 4237/5716 4341/5907
f 4337/5959 4234/5719 4235/5718 4338/5960
f 4358/5917 4248/5721 4241/5720 4347/5883
f 4355/5963 4246/5725 4247/5724 4356/5964
f 4352/5898 4244/5727 4245/5726 4353/5944
f 4349/5888 4242/5729 4243/5728 4350/5893
f 4281/5872 4269/5848 4605/5958 4617/5965
f 4312/5925 4314/5966 4650/5967 4648/5953
f 4343/5912 4344/5866 4276/5865 4299/5875
f 4349/5888 4350/5893 4292/5890 4283/5889
f 4355/5963 4356/5964 4308/5924 4327/5923
f 4318/5936 4324/5935 4332/5920 4310/5919
f 4269/5848 4335/5962 4336/5968 4270/5849
f 4270/5849 4336/5968 4337/5969 4271/5851
f 4272/5860 4338/5970 4339/5971 4273/5861
f 4273/5861 4339/5971 4340/5961 4274/5863
f 4335/5962 4233/5712 4249/5762 4336/5968
f 4336/5968 4249/5762 4234/5763 4337/5969
f 4338/5970 4235/5765 4250/5764 4339/5971
f 4339/5971 4250/5764 4236/5717 4340/5961
f 4341/5907 4237/5716 4251/5766 4342/5908
f 4342/5911 4251/5767 4238/5715 4343/5912
f 4344/5866 4239/5714 4252/5768 4345/5867
f 4345/5870 4252/5769 4240/5713 4346/5871
f 4347/5883 4241/5720 4253/5770 4348/5884
f 4348/5887 4253/5771 4242/5729 4349/5888
f 4350/5893 4243/5728 4254/5772 4351/5894
f 4351/5897 4254/5773 4244/5727 4352/5898
f 4353/5944 4245/5726 4255/5774 4354/5945
f 4354/5945 4255/5774 4246/5775 4355/5947
f 4356/5914 4247/5777 4256/5776 4357/5915
f 4357/5915 4256/5776 4248/5721 4358/5917
f 4261/5972 4359/5973 4257/5850 4262/5852
f 4257/5850 4359/5973 4259/5974 4258/5847
f 4259/5974 4359/5973 4261/5972 4260/5975
f 4267/5976 4360/5977 4263/5862 4268/5864
f 4263/5862 4360/5977 4265/5978 4264/5859
f 4265/5978 4360/5977 4267/5976 4266/5979
f 4282/5980 4361/5981 4275/5869 4281/5872
f 4275/5868 4361/5982 4277/5874 4276/5865
f 4277/5874 4361/5982 4279/5880 4278/5844
f 4279/5879 4361/5981 4282/5980 4280/5876
f 4289/5892 4362/5983 4284/5886 4283/5889
f 4284/5885 4362/5984 4290/5985 4285/5882
f 4290/5985 4362/5984 4287/5878 4286/5877
f 4287/5881 4362/5983 4289/5892 4288/5845
f 4298/5986 4363/5987 4291/5896 4297/5899
f 4291/5895 4363/5988 4293/5891 4292/5890
f 4293/5891 4363/5988 4295/5904 4294/5846
f 4295/5903 4363/5987 4298/5986 4296/5900
f 4305/5873 4364/5989 4300/5910 4299/5875
f 4300/5909 4364/5990 4306/5991 4301/5906
f 4306/5991 4364/5990 4303/5902 4302/5901
f 4303/5905 4364/5989 4305/5873 4304/5843
f 4314/5966 4365/5992 4307/5916 4313/5918
f 4307/5916 4365/5992 4309/5993 4308/5913
f 4309/5993 4365/5992 4311/5928 4310/5930
f 4311/5928 4365/5992 4314/5966 4312/5925
f 4319/5994 4366/5995 4315/5996 4320/5997
f 4315/5996 4366/5995 4317/5927 4316/5926
f 4317/5927 4366/5995 4319/5994 4318/5929
f 4325/5940 4367/5998 4321/5999 4326/5937
f 4321/5999 4367/5998 4323/6000 4322/6001
f 4323/6000 4367/5998 4325/5940 4324/5942
f 4333/6002 4368/6003 4328/5946 4327/5948
f 4328/5946 4368/6003 4334/6004 4329/5943
f 4334/6004 4368/6003 4331/5939 4330/5938
f 4331/5939 4368/6003 4333/6002 4332/5941
f 4282/5980 4281/5872 4617/5965 4618/6005
f 4290/5985 4286/5877 4622/5956 4626/6006
f 4285/5882 4290/5985 4626/6006 4621/6007
f 4313/5918 4285/5882 4621/6007 4649/6008
f 4314/5966 4313/5918 4649/6008 4650/5967
f 4464/6009 4438/6010 4448/6011 4454/6012
f 4370/6013 4480/6014 4475/6015 4369/6016
f 4369/6016 4475/6015 4476/6017 4374/6018
f 4372/6019 4381/6020 4382/6021 4371/6022
f 4371/6022 4382/6021 4383/6023 4370/6024
f 4379/6025 4486/6026 4481/6027 4378/6028
f 4378/6028 4481/6027 4482/6029 4383/6030
f 4381/6031 4384/6032 4385/6033 4380/6034
f 4380/6034 4385/6033 4386/6035 4379/6025
f 4401/6036 4406/6037 4407/6038 4400/6039
f 4400/6039 4407/6038 4408/6040 4399/6041
f 4406/6037 4418/6042 4419/6043 4405/6044
f 4405/6044 4419/6043 4420/6045 4410/6046
f 4410/6047 4412/6048 4413/6049 4409/6050
f 4409/6050 4413/6049 4414/6051 4408/6052
f 4412/6053 4426/6054 4427/6055 4411/6056
f 4411/6056 4427/6055 4428/6057 4416/6058
f 4418/6042 4429/6059 4430/6060 4417/6061
f 4417/6061 4430/6060 4431/6062 4422/6063
f 4422/6064 4424/6065 4425/6066 4421/6067
f 4421/6067 4425/6066 4426/6068 4420/6069
f 4424/6070 4432/6071 4433/6072 4423/6073
f 4423/6073 4433/6072 4434/6074 4428/6057
f 4436/6075 4504/6076 4505/6077 4435/6078
f 4435/6079 4505/6080 4506/6081 4441/6082
f 4438/6010 4464/6009 4465/6083 4437/6084
f 4437/6084 4465/6083 4459/6085 4436/6075
f 4440/6086 4446/6087 4447/6088 4439/6089
f 4439/6090 4447/6091 4448/6011 4438/6010
f 4445/6092 4507/6093 4508/6094 4444/6095
f 4444/6096 4508/6097 4509/6098 4443/6099
f 4443/6099 4452/6100 4453/6101 4449/6102
f 4449/6102 4453/6101 4454/6012 4448/6011
f 4452/6100 4510/6103 4511/6104 4451/6105
f 4451/6106 4511/6107 4512/6108 4457/6109
f 4456/6110 4462/6111 4463/6112 4455/6113
f 4455/6114 4463/6115 4464/6009 4454/6012
f 4461/6116 4501/6117 4502/6118 4460/6119
f 4460/6120 4502/6121 4503/6122 4459/6085
f 4468/6123 4516/6124 4517/6125 4467/6126
f 4467/6126 4517/6125 4518/6127 4473/6128
f 4470/6129 4492/6130 4493/6131 4469/6132
f 4469/6132 4493/6131 4487/6133 4468/6134
f 4472/6135 4476/6017 4477/6136 4471/6137
f 4471/6137 4477/6136 4478/6138 4470/6139
f 4480/6140 4482/6141 4483/6142 4479/6143
f 4479/6143 4483/6142 4484/6144 4478/6145
f 4486/6026 4490/6146 4491/6147 4485/6148
f 4485/6148 4491/6147 4492/6149 4484/6150
f 4489/6151 4513/6152 4514/6153 4488/6154
f 4488/6154 4514/6153 4515/6155 4487/6156
f 4372/6019 4375/6157 4384/6158 4381/6020
f 4375/6157 4566/6159 4565/6160 4384/6158
f 4387/6161 4393/6162 4396/6163 4390/6164
f 4535/6165 4399/6166 4402/6167 4536/6168
f 4399/6166 4408/6052 4414/6051 4402/6167
f 4410/6047 4420/6069 4426/6068 4412/6048
f 4422/6064 4431/6169 4432/6170 4424/6065
f 4480/6140 4370/6024 4383/6023 4482/6141
f 4379/6025 4386/6035 4490/6146 4486/6026
f 4557/6171 4545/6172 4457/6109 4489/6151
f 4392/6173 4398/6174 4462/6111 4456/6110
f 4538/6175 4404/6176 4434/6074 4461/6116
f 4404/6176 4416/6058 4428/6057 4434/6074
f 4476/6017 4472/6135 4377/6177 4374/6018
f 4440/6086 4395/6178 4389/6179 4446/6087
f 4429/6059 4418/6042 4406/6037 4401/6036
f 4431/6169 4497/6180 4498/6181 4432/6170
f 4434/6074 4500/6182 4501/6117 4461/6116
f 4506/6081 4495/6183 4429/6059 4441/6082
f 4512/6108 4513/6152 4489/6151 4457/6109
f 4518/6127 4507/6093 4445/6092 4473/6128
f 4506/6081 4576/6184 4569/6185 4495/6183
f 4503/6122 4574/6186 4575/6187 4504/6076
f 4500/6182 4572/6188 4573/6189 4501/6117
f 4497/6180 4570/6190 4571/6191 4498/6181
f 4518/6127 4584/6192 4577/6193 4507/6093
f 4515/6194 4582/6195 4583/6196 4516/6197
f 4512/6108 4580/6198 4581/6199 4513/6152
f 4509/6098 4578/6200 4579/6201 4510/6103
f 4441/6082 4429/6059 4401/6036 4533/6202
f 4474/6203 4568/6204 4377/6177 4472/6135
f 4503/6122 4504/6076 4436/6075 4459/6085
f 4509/6098 4510/6103 4452/6100 4443/6099
f 4515/6194 4516/6197 4468/6134 4487/6133
f 4478/6145 4484/6144 4492/6130 4470/6129
f 4374/6018 4377/6177 4376/6205 4373/6206
f 4373/6206 4376/6205 4375/6207 4372/6208
f 4384/6032 4565/6209 4564/6210 4385/6033
f 4385/6033 4564/6210 4563/6211 4386/6035
f 4377/6177 4568/6204 4567/6212 4376/6205
f 4376/6205 4567/6212 4566/6213 4375/6207
f 4390/6214 4396/6215 4397/6216 4391/6217
f 4391/6217 4397/6216 4398/6174 4392/6173
f 4389/6179 4395/6178 4394/6218 4388/6219
f 4388/6219 4394/6218 4393/6220 4387/6221
f 4536/6222 4402/6223 4403/6224 4537/6225
f 4537/6225 4403/6224 4404/6176 4538/6175
f 4533/6202 4401/6036 4400/6039 4534/6226
f 4534/6226 4400/6039 4399/6041 4535/6227
f 4402/6223 4414/6228 4415/6229 4403/6224
f 4403/6224 4415/6229 4416/6058 4404/6176
f 4429/6059 4495/6183 4496/6230 4430/6060
f 4430/6060 4496/6230 4497/6231 4431/6062
f 4432/6071 4498/6232 4499/6233 4433/6072
f 4433/6072 4499/6233 4500/6182 4434/6074
f 4495/6183 4569/6185 4585/6234 4496/6230
f 4496/6230 4585/6234 4570/6235 4497/6231
f 4498/6232 4571/6236 4586/6237 4499/6233
f 4499/6233 4586/6237 4572/6188 4500/6182
f 4501/6117 4573/6189 4587/6238 4502/6118
f 4502/6121 4587/6239 4574/6186 4503/6122
f 4504/6076 4575/6187 4588/6240 4505/6077
f 4505/6080 4588/6241 4576/6184 4506/6081
f 4507/6093 4577/6193 4589/6242 4508/6094
f 4508/6097 4589/6243 4578/6200 4509/6098
f 4510/6103 4579/6201 4590/6244 4511/6104
f 4511/6107 4590/6245 4580/6198 4512/6108
f 4513/6152 4581/6199 4591/6246 4514/6153
f 4514/6153 4591/6246 4582/6247 4515/6155
f 4516/6124 4583/6248 4592/6249 4517/6125
f 4517/6125 4592/6249 4584/6192 4518/6127
f 4373/6206 4519/6250 4369/6016 4374/6018
f 4369/6016 4519/6250 4371/6251 4370/6013
f 4371/6251 4519/6250 4373/6206 4372/6208
f 4382/6252 4520/6253 4378/6028 4383/6030
f 4378/6028 4520/6253 4380/6034 4379/6025
f 4380/6034 4520/6253 4382/6252 4381/6031
f 4409/6254 4521/6255 4405/6044 4410/6046
f 4405/6044 4521/6255 4407/6038 4406/6037
f 4407/6038 4521/6255 4409/6254 4408/6040
f 4415/6229 4522/6256 4411/6056 4416/6058
f 4411/6056 4522/6256 4413/6257 4412/6053
f 4413/6257 4522/6256 4415/6229 4414/6228
f 4421/6258 4523/6259 4417/6061 4422/6063
f 4417/6061 4523/6259 4419/6043 4418/6042
f 4419/6043 4523/6259 4421/6258 4420/6045
f 4427/6055 4524/6260 4423/6073 4428/6057
f 4423/6073 4524/6260 4425/6261 4424/6070
f 4425/6261 4524/6260 4427/6055 4426/6054
f 4442/6262 4525/6263 4435/6079 4441/6082
f 4435/6078 4525/6264 4437/6084 4436/6075
f 4437/6084 4525/6264 4439/6090 4438/6010
f 4439/6089 4525/6263 4442/6262 4440/6086
f 4449/6102 4526/6265 4444/6096 4443/6099
f 4444/6095 4526/6266 4450/6267 4445/6092
f 4450/6267 4526/6266 4447/6088 4446/6087
f 4447/6091 4526/6265 4449/6102 4448/6011
f 4458/6268 4527/6269 4451/6106 4457/6109
f 4451/6105 4527/6270 4453/6101 4452/6100
f 4453/6101 4527/6270 4455/6114 4454/6012
f 4455/6113 4527/6269 4458/6268 4456/6110
f 4465/6083 4528/6271 4460/6120 4459/6085
f 4460/6119 4528/6272 4466/6273 4461/6116
f 4466/6273 4528/6272 4463/6112 4462/6111
f 4463/6115 4528/6271 4465/6083 4464/6009
f 4474/6203 4529/6274 4467/6126 4473/6128
f 4467/6126 4529/6274 4469/6275 4468/6123
f 4469/6275 4529/6274 4471/6137 4470/6139
f 4471/6137 4529/6274 4474/6203 4472/6135
f 4479/6276 4530/6277 4475/6015 4480/6014
f 4475/6015 4530/6277 4477/6136 4476/6017
f 4477/6136 4530/6277 4479/6276 4478/6138
f 4485/6148 4531/6278 4481/6027 4486/6026
f 4481/6027 4531/6278 4483/6279 4482/6029
f 4483/6279 4531/6278 4485/6148 4484/6150
f 4493/6280 4532/6281 4488/6154 4487/6156
f 4488/6154 4532/6281 4494/6282 4489/6151
f 4494/6282 4532/6281 4491/6147 4490/6146
f 4491/6147 4532/6281 4493/6280 4492/6149
f 4441/6082 4533/6202 4544/6283 4442/6262
f 4395/6178 4544/6283 4543/6284 4394/6218
f 4394/6218 4543/6284 4542/6285 4393/6220
f 4393/6162 4542/6286 4541/6287 4396/6163
f 4396/6215 4541/6288 4540/6289 4397/6216
f 4397/6216 4540/6289 4539/6290 4398/6174
f 4398/6174 4539/6290 4466/6273 4462/6111
f 4540/6289 4537/6225 4538/6175 4539/6290
f 4541/6288 4536/6222 4537/6225 4540/6289
f 4542/6286 4535/6165 4536/6168 4541/6287
f 4543/6284 4534/6226 4535/6227 4542/6285
f 4544/6283 4533/6202 4534/6226 4543/6284
f 4544/6283 4395/6178 4440/6086 4442/6262
f 4539/6290 4538/6175 4461/6116 4466/6273
f 4545/6172 4556/6291 4458/6268 4457/6109
f 4555/6292 4391/6217 4392/6173 4556/6291
f 4554/6293 4390/6214 4391/6217 4555/6292
f 4553/6294 4387/6161 4390/6164 4554/6295
f 4552/6296 4388/6219 4387/6221 4553/6297
f 4551/6298 4389/6179 4388/6219 4552/6296
f 4450/6267 4446/6087 4389/6179 4551/6298
f 4550/6299 4551/6298 4552/6296 4549/6300
f 4549/6300 4552/6296 4553/6297 4548/6301
f 4548/6302 4553/6294 4554/6295 4547/6303
f 4547/6304 4554/6293 4555/6292 4546/6305
f 4546/6305 4555/6292 4556/6291 4545/6172
f 4445/6092 4450/6267 4551/6298 4550/6299
f 4556/6291 4392/6173 4456/6110 4458/6268
f 4558/6306 4546/6305 4545/6172 4557/6171
f 4559/6307 4547/6304 4546/6305 4558/6306
f 4560/6308 4548/6302 4547/6303 4559/6309
f 4561/6310 4549/6300 4548/6301 4560/6311
f 4562/6312 4550/6299 4549/6300 4561/6310
f 4563/6211 4557/6171 4489/6151 4494/6282
f 4564/6210 4558/6306 4557/6171 4563/6211
f 4565/6209 4559/6307 4558/6306 4564/6210
f 4566/6159 4560/6308 4559/6309 4565/6160
f 4567/6212 4561/6310 4560/6311 4566/6213
f 4568/6204 4562/6312 4561/6310 4567/6212
f 4386/6035 4563/6211 4494/6282 4490/6146
f 4473/6128 4445/6092 4550/6299 4562/6312
f 4474/6203 4473/6128 4562/6312 4568/6204
f 4640/6313 4630/6314 4624/6315 4614/6316
f 4594/5957 4593/6317 4606/6318 4605/5958
f 4593/6317 4598/6319 4607/6320 4606/6318
f 4598/6321 4597/6322 4601/6323 4600/6324
f 4597/6322 4596/6325 4602/6326 4601/6323
f 4600/6327 4599/6328 4609/6329 4608/6330
f 4599/6328 4604/6331 4610/6332 4609/6329
f 4612/6333 4611/6334 4681/6335 4680/6336
f 4611/6337 4617/5965 4682/6338 4681/6339
f 4614/6316 4613/6340 4641/6341 4640/6313
f 4613/6340 4612/6333 4635/6342 4641/6341
f 4616/5955 4615/6343 4623/6344 4622/5956
f 4615/6345 4614/6316 4624/6315 4623/6346
f 4621/6007 4620/6347 4684/6348 4683/6349
f 4620/6350 4619/6351 4685/6352 4684/6353
f 4619/6351 4625/6354 4629/6355 4628/6356
f 4625/6357 4624/6315 4630/6314 4629/6358
f 4628/6356 4627/6359 4687/6360 4686/6361
f 4627/6362 4633/6363 4688/6364 4687/6365
f 4632/6366 4631/6367 4639/6368 4638/6369
f 4631/6370 4630/6314 4640/6313 4639/6371
f 4637/6372 4636/6373 4678/6374 4677/6375
f 4636/6376 4635/6342 4679/6377 4678/6378
f 4644/6379 4643/6380 4693/6381 4692/6382
f 4643/6380 4649/6008 4694/6383 4693/6381
f 4646/6384 4645/6385 4669/6386 4668/6387
f 4645/6385 4644/6388 4663/6389 4669/6386
f 4648/5953 4647/6390 4653/6391 4652/5954
f 4647/6390 4646/6392 4654/6393 4653/6391
f 4656/5951 4655/6394 4659/6395 4658/5952
f 4655/6394 4654/6396 4660/6397 4659/6395
f 4662/6398 4661/6399 4667/6400 4666/6401
f 4661/6399 4660/6402 4668/6403 4667/6400
f 4665/6404 4664/6405 4690/6406 4689/6407
f 4664/6405 4663/6408 4691/6409 4690/6406
f 4598/6321 4600/6324 4608/6410 4607/6411
f 4607/6411 4608/6410 4674/6412 4673/6413
f 4610/6332 4637/6372 4677/6375 4676/6414
f 4682/6338 4617/5965 4605/5958 4671/6415
f 4688/6364 4633/6363 4665/6404 4689/6407
f 4694/6383 4649/6008 4621/6007 4683/6349
f 4682/6338 4671/6415 4569/6185 4576/6184
f 4679/6377 4680/6336 4575/6187 4574/6186
f 4676/6414 4677/6375 4573/6189 4572/6188
f 4673/6413 4674/6412 4571/6191 4570/6190
f 4694/6383 4683/6349 4577/6193 4584/6192
f 4691/6416 4692/6417 4583/6196 4582/6195
f 4688/6364 4689/6407 4581/6199 4580/6198
f 4685/6352 4686/6361 4579/6201 4578/6200
f 4679/6377 4635/6342 4612/6333 4680/6336
f 4685/6352 4619/6351 4628/6356 4686/6361
f 4691/6416 4663/6389 4644/6388 4692/6417
f 4654/6396 4646/6384 4668/6387 4660/6397
f 4605/5958 4606/6318 4672/6418 4671/6415
f 4606/6318 4607/6320 4673/6419 4672/6418
f 4608/6330 4609/6329 4675/6420 4674/6421
f 4609/6329 4610/6332 4676/6414 4675/6420
f 4671/6415 4672/6418 4585/6234 4569/6185
f 4672/6418 4673/6419 4570/6235 4585/6234
f 4674/6421 4675/6420 4586/6237 4571/6236
f 4675/6420 4676/6414 4572/6188 4586/6237
f 4677/6375 4678/6374 4587/6238 4573/6189
f 4678/6378 4679/6377 4574/6186 4587/6239
f 4680/6336 4681/6335 4588/6240 4575/6187
f 4681/6339 4682/6338 4576/6184 4588/6241
f 4683/6349 4684/6348 4589/6242 4577/6193
f 4684/6353 4685/6352 4578/6200 4589/6243
f 4686/6361 4687/6360 4590/6244 4579/6201
f 4687/6365 4688/6364 4580/6198 4590/6245
f 4689/6407 4690/6406 4591/6246 4581/6199
f 4690/6406 4691/6409 4582/6247 4591/6246
f 4692/6382 4693/6381 4592/6249 4583/6248
f 4693/6381 4694/6383 4584/6192 4592/6249
f 4597/6422 4598/6319 4593/6317 4695/6423
f 4593/6317 4594/5957 4595/6424 4695/6423
f 4595/6424 4596/6425 4597/6422 4695/6423
f 4603/6426 4604/6331 4599/6328 4696/6427
f 4599/6328 4600/6327 4601/6428 4696/6427
f 4601/6428 4602/6429 4603/6426 4696/6427
f 4618/6005 4617/5965 4611/6337 4697/6430
f 4611/6334 4612/6333 4613/6340 4697/6431
f 4613/6340 4614/6316 4615/6345 4697/6431
f 4615/6343 4616/5955 4618/6005 4697/6430
f 4625/6354 4619/6351 4620/6350 4698/6432
f 4620/6347 4621/6007 4626/6006 4698/6433
f 4626/6006 4622/5956 4623/6344 4698/6433
f 4623/6346 4624/6315 4625/6357 4698/6434
f 4634/6435 4633/6363 4627/6362 4699/6436
f 4627/6359 4628/6356 4629/6355 4699/6437
f 4629/6358 4630/6314 4631/6370 4699/6438
f 4631/6367 4632/6366 4634/6435 4699/6436
f 4641/6341 4635/6342 4636/6376 4700/6439
f 4636/6373 4637/6372 4642/6440 4700/6441
f 4642/6440 4638/6369 4639/6368 4700/6441
f 4639/6371 4640/6313 4641/6341 4700/6439
f 4650/5967 4649/6008 4643/6380 4701/6442
f 4643/6380 4644/6379 4645/6443 4701/6442
f 4645/6443 4646/6392 4647/6390 4701/6442
f 4647/6390 4648/5953 4650/5967 4701/6442
f 4655/6444 4656/6445 4651/6446 4702/6447
f 4651/6446 4652/5954 4653/6391 4702/6447
f 4653/6391 4654/6393 4655/6444 4702/6447
f 4661/6399 4662/6398 4657/6448 4703/6449
f 4657/6448 4658/6450 4659/6451 4703/6449
f 4659/6451 4660/6402 4661/6399 4703/6449
f 4669/6452 4663/6408 4664/6405 4704/6453
f 4664/6405 4665/6404 4670/6454 4704/6453
f 4670/6454 4666/6401 4667/6400 4704/6453
f 4667/6400 4668/6403 4669/6452 4704/6453
f 4315/5996 4651/6446 4656/6445 4320/5997
f 4316/5926 4652/5954 4651/6446 4315/5996
f 4321/5999 4657/6448 4662/6398 4326/5937
f 4322/6001 4658/6450 4657/6448 4321/5999
f 4259/5974 4595/6424 4594/5957 4258/5847
f 4260/5975 4596/6425 4595/6424 4259/5974
f 4267/5976 4603/6426 4602/6429 4266/5979
f 4268/5864 4604/6331 4603/6426 4267/5976
f 4266/5857 4602/6326 4596/6325 4260/5858
f 4326/5937 4662/6398 4666/6401 4330/5938
f 4329/5943 4665/6404 4633/6363 4297/5899
f 4296/5900 4632/6366 4638/6369 4302/5901
f 4301/5906 4637/6372 4610/6332 4274/5863
f 4274/5863 4610/6332 4604/6331 4268/5864
f 4302/5901 4638/6369 4642/6440 4306/5991
f 4282/5980 4618/6005 4616/5955 4280/5876
f 4306/5991 4642/6440 4637/6372 4301/5906
f 4297/5899 4633/6363 4634/6435 4298/5986
f 4298/5986 4634/6435 4632/6366 4296/5900
f 4334/6004 4670/6454 4665/6404 4329/5943
f 4330/5938 4666/6401 4670/6454 4334/6004
v -49.271767 -111.902011 102.286919
v -49.130356 -111.960579 102.286919
v -49.130356 -111.902011 102.428330
v -49.130356 -111.760601 102.486885
v -49.271767 -111.760601 102.428330
v -49.330334 -111.760601 102.286919
v -49.130356 -109.960581 102.486885
v -49.271767 -109.960581 102.428330
v -49.330334 -109.960581 102.286919
v -46.888907 -111.902011 102.286919
v -46.830337 -111.760601 102.286919
v -46.888907 -111.760601 102.428330
v -47.030317 -111.760601 102.486885
v -47.030317 -111.902011 102.428330
v -47.030317 -111.960579 102.286919
v -47.030317 -109.960581 102.486885
v -46.888907 -109.960581 102.428330
v -46.830337 -109.960581 102.286919
v -49.130356 -107.960582 102.486885
v -49.271767 -107.960582 102.428330
v -49.330334 -107.960582 102.286919
v -47.030317 -107.960582 102.486885
v -46.888907 -107.960582 102.428330
v -46.830337 -107.960582 102.286919
v -49.130356 -105.960582 102.486885
v -49.271767 -105.960582 102.428330
v -49.330334 -105.960582 102.286919
v -47.030317 -105.960582 102.486885
v -46.888907 -105.960582 102.428330
v -46.830337 -105.960582 102.286919
v -49.130356 -103.960581 102.486885
v -49.271767 -103.960581 102.428330
v -49.330334 -103.960581 102.286919
v -47.030317 -103.960581 102.486885
v -46.888907 -103.960581 102.428330
v -46.830337 -103.960581 102.286919
v -49.271767 -102.019150 102.286919
v -49.330334 -102.160561 102.286919
v -49.271767 -102.160561 102.428330
v -49.130356 -102.160561 102.486885
v -49.130356 -102.019150 102.428330
v -49.130356 -101.960582 102.286919
v -46.888907 -102.019150 102.286919
v -47.030317 -101.960582 102.286919
v -47.030317 -102.019150 102.428330
v -47.030317 -102.160561 102.486885
v -46.888907 -102.160561 102.428330
v -46.830337 -102.160561 102.286919
v -49.271767 -102.160561 100.045441
v -49.330334 -102.160561 100.186852
v -49.271767 -102.019150 100.186852
v -49.130356 -101.960582 100.186852
v -49.130356 -102.019150 100.045441
v -49.130356 -102.160561 99.986885
v -46.888907 -102.160561 100.045441
v -47.030317 -102.160561 99.986885
v -47.030317 -102.019150 100.045441
v -47.030317 -101.960582 100.186852
v -46.888907 -102.019150 100.186852
v -46.830337 -102.160561 100.186852
v -49.330334 -104.160561 100.186852
v -49.271767 -104.019152 100.045441
v -49.130356 -103.960581 99.986885
v -47.030317 -103.960581 99.986885
v -46.888907 -104.019152 100.045441
v -46.830337 -104.160561 100.186852
v -49.271767 -105.902011 99.845474
v -49.130356 -105.960582 99.786919
v -49.130356 -106.019151 99.928330
v -49.130356 -106.160561 99.986885
v -49.271767 -106.101991 100.045441
v -49.330334 -105.960582 100.186852
v -49.330334 -105.760603 99.986885
v -49.330334 -105.819171 100.128315
v -49.130356 -107.960582 99.786919
v -49.271767 -108.019161 99.845474
v -49.330334 -108.160561 99.986885
v -49.330334 -107.960582 100.186852
v -49.271767 -107.819181 100.045441
v -49.130356 -107.760601 99.986885
v -49.130356 -107.902011 99.928330
v -49.330334 -108.101992 100.128315
v -46.888907 -108.019161 99.845474
v -47.030317 -107.960582 99.786919
v -47.030317 -107.902011 99.928330
v -47.030317 -107.760601 99.986885
v -46.888907 -107.819181 100.045441
v -46.830337 -107.960582 100.186852
v -46.830337 -108.160561 99.986885
v -46.830337 -108.101992 100.128315
v -47.030317 -105.960582 99.786919
v -46.888907 -105.902011 99.845474
v -46.830337 -105.760603 99.986885
v -46.830337 -105.960582 100.186852
v -46.888907 -106.101991 100.045441
v -47.030317 -106.160561 99.986885
v -47.030317 -106.019151 99.928330
v -46.830337 -105.819171 100.128315
v -49.271767 -109.902012 99.845474
v -49.130356 -109.960581 99.786919
v -49.130356 -110.019151 99.928330
v -49.130356 -110.160562 99.986885
v -49.271767 -110.101991 100.045441
v -49.330334 -109.960581 100.186852
v -49.330334 -109.760601 99.986885
v -49.330334 -109.819171 100.128315
v -49.271767 -111.902011 100.186852
v -49.330334 -111.760601 100.186852
v -49.271767 -111.760601 100.045441
v -49.130356 -111.760601 99.986885
v -49.130356 -111.902011 100.045441
v -49.130356 -111.960579 100.186852
v -46.888907 -111.902011 100.186852
v -47.030317 -111.960579 100.186852
v -47.030317 -111.902011 100.045441
v -47.030317 -111.760601 99.986885
v -46.888907 -111.760601 100.045441
v -46.830337 -111.760601 100.186852
v -47.030317 -109.960581 99.786919
v -46.888907 -109.902012 99.845474
v -46.830337 -109.760601 99.986885
v -46.830337 -109.960581 100.186852
v -46.888907 -110.101991 100.045441
v -47.030317 -110.160562 99.986885
v -47.030317 -110.019151 99.928330
v -46.830337 -109.819171 100.128315
v -49.330334 -104.160561 95.611904
v -49.271767 -104.019152 95.611904
v -49.130356 -103.960581 95.611904
v -47.030317 -103.960581 95.611904
v -46.888907 -104.019152 95.611904
v -46.830337 -104.160561 95.611904
v -46.830337 -105.760603 95.611904
v -46.888907 -105.902011 95.611904
v -47.030317 -105.960582 95.611904
v -49.130356 -105.960582 95.611904
v -49.271767 -105.902011 95.611904
v -49.330334 -105.760603 95.611904
v -49.330334 -108.160561 95.611904
v -49.271767 -108.019151 95.611904
v -49.130356 -107.960582 95.611904
v -47.030317 -107.960582 95.611904
v -46.888907 -108.019151 95.611904
v -46.830337 -108.160561 95.611904
v -46.830337 -109.760601 95.611904
v -46.888907 -109.902012 95.611904
v -47.030317 -109.960581 95.611904
v -49.130356 -109.960581 95.611904
v -49.271767 -109.902012 95.611904
v -49.330334 -109.760601 95.611904
v -49.245777 -111.876021 102.402313
v -46.914897 -111.876021 102.402313
v -49.245777 -102.045141 102.402313
v -46.914897 -102.045141 102.402313
v -49.245777 -102.045141 100.071476
v -46.914897 -102.045141 100.071476
v -49.271767 -105.960582 99.986885
v -49.271767 -107.960582 99.986885
v -46.888907 -107.960582 99.986885
v -46.888907 -105.960582 99.986885
v -49.271767 -109.960581 99.986885
v -49.245777 -111.876021 100.071476
v -46.914897 -111.876021 100.071476
v -46.888907 -109.960581 99.986885
v -49.330334 -105.760581 102.286919
v -49.271767 -105.760581 102.428330
v -49.130356 -105.760581 102.486885
v -47.030317 -105.760581 102.486885
v -46.888907 -105.760581 102.428330
v -46.830337 -105.760581 102.286919
v -46.830337 -105.860581 102.286919
v -46.888907 -105.860581 102.428330
v -47.030317 -105.860581 102.486885
v -49.130356 -105.860581 102.486885
v -49.271767 -105.860581 102.428330
v -49.330334 -105.860581 102.286919
v -46.830337 -108.160581 102.286919
v -46.888907 -108.160581 102.428330
v -47.030317 -108.160581 102.486885
v -49.130356 -108.160581 102.486885
v -49.271767 -108.160581 102.428330
v -49.330334 -108.160581 102.286919
v -49.330334 -108.060581 102.286919
v -49.271767 -108.060581 102.428330
v -49.130356 -108.060581 102.486885
v -47.030317 -108.060581 102.486885
v -46.888907 -108.060581 102.428330
v -46.830337 -108.060581 102.286919
v -46.830337 -109.780581 102.286919
v -46.888907 -109.780581 102.428330
v -47.030317 -109.780581 102.486885
v -49.130356 -109.780581 102.486885
v -49.271767 -109.780581 102.428330
v -49.330334 -109.780581 102.286919
v -46.830337 -109.852581 102.286919
v -46.888907 -109.852581 102.428330
v -47.030317 -109.852581 102.486885
v -49.130356 -109.852581 102.486885
v -49.271767 -109.852581 102.428330
v -49.330334 -109.852581 102.286919
v -49.330334 -104.160561 92.323902
v -49.130356 -103.960581 92.323902
v -47.030317 -103.960581 92.323902
v -46.830337 -104.160561 92.323902
v -46.830337 -105.760603 92.323902
v -47.030317 -105.960582 92.323902
v -49.130356 -105.960582 92.323902
v -49.330334 -105.760603 92.323902
v -49.330334 -108.160561 92.323902
v -49.130356 -107.960582 92.323902
v -47.030317 -107.960582 92.323902
v -46.830337 -108.160561 92.323902
v -46.830337 -109.760601 92.323902
v -47.030317 -109.960581 92.323902
v -49.130356 -109.960581 92.323902
v -49.330334 -109.760601 92.323902
v -49.271767 -104.019152 92.323902
v -46.888907 -104.019152 92.323902
v -46.888907 -105.902011 92.323902
v -49.271767 -105.902011 92.323902
v -49.271767 -108.019151 92.323902
v -46.888907 -108.019151 92.323902
v -46.888907 -109.902012 92.323902
v -49.271767 -109.902012 92.323902
v -49.271767 -102.160561 84.602345
v -49.330334 -102.160561 84.460934
v -49.271767 -102.019150 84.460934
v -49.130356 -101.960582 84.460934
v -49.130356 -102.019150 84.602345
v -49.130356 -102.160561 84.660900
v -46.888907 -102.160561 84.602345
v -47.030317 -102.160561 84.660900
v -47.030317 -102.019150 84.602345
v -47.030317 -101.960582 84.460934
v -46.888907 -102.019150 84.460934
v -46.830337 -102.160561 84.460934
v -49.330334 -104.160561 84.460934
v -49.271767 -104.019152 84.602345
v -49.130356 -103.960581 84.660900
v -47.030317 -103.960581 84.660900
v -46.888907 -104.019152 84.602345
v -46.830337 -104.160561 84.460934
v -49.271767 -105.902011 84.802311
v -49.130356 -105.960582 84.860867
v -49.130356 -106.019151 84.719456
v -49.130356 -106.160561 84.660900
v -49.271767 -106.101991 84.602345
v -49.330334 -105.960582 84.460934
v -49.330334 -105.760603 84.660900
v -49.330334 -105.819171 84.519489
v -49.130356 -107.960582 84.860867
v -49.271767 -108.019161 84.802311
v -49.330334 -108.160561 84.660900
v -49.330334 -107.960582 84.460934
v -49.271767 -107.819181 84.602345
v -49.130356 -107.760601 84.660900
v -49.130356 -107.902011 84.719456
v -49.330334 -108.101992 84.519489
v -46.888907 -108.019161 84.802311
v -47.030317 -107.960582 84.860867
v -47.030317 -107.902011 84.719456
v -47.030317 -107.760601 84.660900
v -46.888907 -107.819181 84.602345
v -46.830337 -107.960582 84.460934
v -46.830337 -108.160561 84.660900
v -46.830337 -108.101992 84.519489
v -47.030317 -105.960582 84.860867
v -46.888907 -105.902011 84.802311
v -46.830337 -105.760603 84.660900
v -46.830337 -105.960582 84.460934
v -46.888907 -106.101991 84.602345
v -47.030317 -106.160561 84.660900
v -47.030317 -106.019151 84.719456
v -46.830337 -105.819171 84.519489
v -49.271767 -109.902012 84.802311
v -49.130356 -109.960581 84.860867
v -49.130356 -110.019151 84.719456
v -49.130356 -110.160562 84.660900
v -49.271767 -110.101991 84.602345
v -49.330334 -109.960581 84.460934
v -49.330334 -109.760601 84.660900
v -49.330334 -109.819171 84.519489
v -49.271767 -111.902011 84.460934
v -49.330334 -111.760601 84.460934
v -49.271767 -111.760601 84.602345
v -49.130356 -111.760601 84.660900
v -49.130356 -111.902011 84.602345
v -49.130356 -111.960579 84.460934
v -46.888907 -111.902011 84.460934
v -47.030317 -111.960579 84.460934
v -47.030317 -111.902011 84.602345
v -47.030317 -111.760601 84.660900
v -46.888907 -111.760601 84.602345
v -46.830337 -111.760601 84.460934
v -47.030317 -109.960581 84.860867
v -46.888907 -109.902012 84.802311
v -46.830337 -109.760601 84.660900
v -46.830337 -109.960581 84.460934
v -46.888907 -110.101991 84.602345
v -47.030317 -110.160562 84.660900
v -47.030317 -110.019151 84.719456
v -46.830337 -109.819171 84.519489
v -49.330334 -104.160561 89.035881
v -49.271767 -104.019152 89.035881
v -49.130356 -103.960581 89.035881
v -47.030317 -103.960581 89.035881
v -46.888907 -104.019152 89.035881
v -46.830337 -104.160561 89.035881
v -46.830337 -105.760603 89.035881
v -46.888907 -105.902011 89.035881
v -47.030317 -105.960582 89.035881
v -49.130356 -105.960582 89.035881
v -49.271767 -105.902011 89.035881
v -49.330334 -105.760603 89.035881
v -49.330334 -108.160561 89.035881
v -49.271767 -108.019151 89.035881
v -49.130356 -107.960582 89.035881
v -47.030317 -107.960582 89.035881
v -46.888907 -108.019151 89.035881
v -46.830337 -108.160561 89.035881
v -46.830337 -109.760601 89.035881
v -46.888907 -109.902012 89.035881
v -47.030317 -109.960581 89.035881
v -49.130356 -109.960581 89.035881
v -49.271767 -109.902012 89.035881
v -49.330334 -109.760601 89.035881
v -49.245777 -102.045141 84.576328
v -46.914897 -102.045141 84.576328
v -49.271767 -105.960582 84.660900
v -49.271767 -107.960582 84.660900
v -46.888907 -107.960582 84.660900
v -46.888907 -105.960582 84.660900
v -49.271767 -109.960581 84.660900
v -49.245777 -111.876021 84.576328
v -46.914897 -111.876021 84.576328
v -46.888907 -109.960581 84.660900
v -49.271767 -111.902011 65.264099
v -49.130356 -111.960579 65.264099
v -49.130356 -111.902011 65.122688
v -49.130356 -111.760601 65.064133
v -49.271767 -111.760601 65.122688
v -49.330334 -111.760601 65.264099
v -49.130356 -109.960581 65.064133
v -49.271767 -109.960581 65.122688
v -49.330334 -109.960581 65.264099
v -46.888907 -111.902011 65.264099
v -46.830337 -111.760601 65.264099
v -46.888907 -111.760601 65.122688
v -47.030317 -111.760601 65.064133
v -47.030317 -111.902011 65.122688
v -47.030317 -111.960579 65.264099
v -47.030317 -109.960581 65.064133
v -46.888907 -109.960581 65.122688
v -46.830337 -109.960581 65.264099
v -49.130356 -107.960582 65.064133
v -49.271767 -107.960582 65.122688
v -49.330334 -107.960582 65.264099
v -47.030317 -107.960582 65.064133
v -46.888907 -107.960582 65.122688
v -46.830337 -107.960582 65.264099
v -49.130356 -105.960582 65.064133
v -49.271767 -105.960582 65.122688
v -49.330334 -105.960582 65.264099
v -47.030317 -105.960582 65.064133
v -46.888907 -105.960582 65.122688
v -46.830337 -105.960582 65.264099
v -49.130356 -103.960581 65.064133
v -49.271767 -103.960581 65.122688
v -49.330334 -103.960581 65.264099
v -47.030317 -103.960581 65.064133
v -46.888907 -103.960581 65.122688
v -46.830337 -103.960581 65.264099
v -49.271767 -102.019150 65.264099
v -49.330334 -102.160561 65.264099
v -49.271767 -102.160561 65.122688
v -49.130356 -102.160561 65.064133
v -49.130356 -102.019150 65.122688
v -49.130356 -101.960582 65.264099
v -46.888907 -102.019150 65.264099
v -47.030317 -101.960582 65.264099
v -47.030317 -102.019150 65.122688
v -47.030317 -102.160561 65.064133
v -46.888907 -102.160561 65.122688
v -46.830337 -102.160561 65.264099
v -49.271767 -102.160561 67.505577
v -49.330334 -102.160561 67.364166
v -49.271767 -102.019150 67.364166
v -49.130356 -101.960582 67.364166
v -49.130356 -102.019150 67.505577
v -49.130356 -102.160561 67.564133
v -46.888907 -102.160561 67.505577
v -47.030317 -102.160561 67.564133
v -47.030317 -102.019150 67.505577
v -47.030317 -101.960582 67.364166
v -46.888907 -102.019150 67.364166
v -46.830337 -102.160561 67.364166
v -49.330334 -104.160561 67.364166
v -49.271767 -104.019152 67.505577
v -49.130356 -103.960581 67.564133
v -47.030317 -103.960581 67.564133
v -46.888907 -104.019152 67.505577
v -46.830337 -104.160561 67.364166
v -49.271767 -105.902011 67.705544
v -49.130356 -105.960582 67.764099
v -49.130356 -106.019151 67.622688
v -49.130356 -106.160561 67.564133
v -49.271767 -106.101991 67.505577
v -49.330334 -105.960582 67.364166
v -49.330334 -105.760603 67.564133
v -49.330334 -105.819171 67.422722
v -49.130356 -107.960582 67.764099
v -49.271767 -108.019161 67.705544
v -49.330334 -108.160561 67.564133
v -49.330334 -107.960582 67.364166
v -49.271767 -107.819181 67.505577
v -49.130356 -107.760601 67.564133
v -49.130356 -107.902011 67.622688
v -49.330334 -108.101992 67.422722
v -46.888907 -108.019161 67.705544
v -47.030317 -107.960582 67.764099
v -47.030317 -107.902011 67.622688
v -47.030317 -107.760601 67.564133
v -46.888907 -107.819181 67.505577
v -46.830337 -107.960582 67.364166
v -46.830337 -108.160561 67.564133
v -46.830337 -108.101992 67.422722
v -47.030317 -105.960582 67.764099
v -46.888907 -105.902011 67.705544
v -46.830337 -105.760603 67.564133
v -46.830337 -105.960582 67.364166
v -46.888907 -106.101991 67.505577
v -47.030317 -106.160561 67.564133
v -47.030317 -106.019151 67.622688
v -46.830337 -105.819171 67.422722
v -49.271767 -109.902012 67.705544
v -49.130356 -109.960581 67.764099
v -49.130356 -110.019151 67.622688
v -49.130356 -110.160562 67.564133
v -49.271767 -110.101991 67.505577
v -49.330334 -109.960581 67.364166
v -49.330334 -109.760601 67.564133
v -49.330334 -109.819171 67.422722
v -49.271767 -111.902011 67.364166
v -49.330334 -111.760601 67.364166
v -49.271767 -111.760601 67.505577
v -49.130356 -111.760601 67.564133
v -49.130356 -111.902011 67.505577
v -49.130356 -111.960579 67.364166
v -46.888907 -111.902011 67.364166
v -47.030317 -111.960579 67.364166
v -47.030317 -111.902011 67.505577
v -47.030317 -111.760601 67.564133
v -46.888907 -111.760601 67.505577
v -46.830337 -111.760601 67.364166
v -47.030317 -109.960581 67.764099
v -46.888907 -109.902012 67.705544
v -46.830337 -109.760601 67.564133
v -46.830337 -109.960581 67.364166
v -46.888907 -110.101991 67.505577
v -47.030317 -110.160562 67.564133
v -47.030317 -110.019151 67.622688
v -46.830337 -109.819171 67.422722
v -49.330334 -104.160561 71.939114
v -49.271767 -104.019152 71.939114
v -49.130356 -103.960581 71.939114
v -47.030317 -103.960581 71.939114
v -46.888907 -104.019152 71.939114
v -46.830337 -104.160561 71.939114
v -46.830337 -105.760603 71.939114
v -46.888907 -105.902011 71.939114
v -47.030317 -105.960582 71.939114
v -49.130356 -105.960582 71.939114
v -49.271767 -105.902011 71.939114
v -49.330334 -105.760603 71.939114
v -49.330334 -108.160561 71.939114
v -49.271767 -108.019151 71.939114
v -49.130356 -107.960582 71.939114
v -47.030317 -107.960582 71.939114
v -46.888907 -108.019151 71.939114
v -46.830337 -108.160561 71.939114
v -46.830337 -109.760601 71.939114
v -46.888907 -109.902012 71.939114
v -47.030317 -109.960581 71.939114
v -49.130356 -109.960581 71.939114
v -49.271767 -109.902012 71.939114
v -49.330334 -109.760601 71.939114
v -49.245777 -111.876021 65.148705
v -46.914897 -111.876021 65.148705
v -49.245777 -102.045141 65.148705
v -46.914897 -102.045141 65.148705
v -49.245777 -102.045141 67.479561
v -46.914897 -102.045141 67.479561
v -49.271767 -105.960582 67.564133
v -49.271767 -107.960582 67.564133
v -46.888907 -107.960582 67.564133
v -46.888907 -105.960582 67.564133
v -49.271767 -109.960581 67.564133
v -49.245777 -111.876021 67.479561
v -46.914897 -111.876021 67.479561
v -46.888907 -109.960581 67.564133
v -49.330334 -105.760581 65.264099
v -49.271767 -105.760581 65.122688
v -49.130356 -105.760581 65.064133
v -47.030317 -105.760581 65.064133
v -46.888907 -105.760581 65.122688
v -46.830337 -105.760581 65.264099
v -46.830337 -105.860581 65.264099
v -46.888907 -105.860581 65.122688
v -47.030317 -105.860581 65.064133
v -49.130356 -105.860581 65.064133
v -49.271767 -105.860581 65.122688
v -49.330334 -105.860581 65.264099
v -46.830337 -108.160581 65.264099
v -46.888907 -108.160581 65.122688
v -47.030317 -108.160581 65.064133
v -49.130356 -108.160581 65.064133
v -49.271767 -108.160581 65.122688
v -49.330334 -108.160581 65.264099
v -49.330334 -108.060581 65.264099
v -49.271767 -108.060581 65.122688
v -49.130356 -108.060581 65.064133
v -47.030317 -108.060581 65.064133
v -46.888907 -108.060581 65.122688
v -46.830337 -108.060581 65.264099
v -46.830337 -109.780581 65.264099
v -46.888907 -109.780581 65.122688
v -47.030317 -109.780581 65.064133
v -49.130356 -109.780581 65.064133
v -49.271767 -109.780581 65.122688
v -49.330334 -109.780581 65.264099
v -46.830337 -109.852581 65.264099
v -46.888907 -109.852581 65.122688
v -47.030317 -109.852581 65.064133
v -49.130356 -109.852581 65.064133
v -49.271767 -109.852581 65.122688
v -49.330334 -109.852581 65.264099
v -49.330334 -104.160561 75.227135
v -49.130356 -103.960581 75.227135
v -47.030317 -103.960581 75.227135
v -46.830337 -104.160561 75.227135
v -46.830337 -105.760603 75.227135
v -47.030317 -105.960582 75.227135
v -49.130356 -105.960582 75.227135
v -49.330334 -105.760603 75.227135
v -49.330334 -108.160561 75.227135
v -49.130356 -107.960582 75.227135
v -47.030317 -107.960582 75.227135
v -46.830337 -108.160561 75.227135
v -46.830337 -109.760601 75.227135
v -47.030317 -109.960581 75.227135
v -49.130356 -109.960581 75.227135
v -49.330334 -109.760601 75.227135
v -49.271767 -104.019152 75.227135
v -46.888907 -104.019152 75.227135
v -46.888907 -105.902011 75.227135
v -49.271767 -105.902011 75.227135
v -49.271767 -108.019151 75.227135
v -46.888907 -108.019151 75.227135
v -46.888907 -109.902012 75.227135
v -49.271767 -109.902012 75.227135
v -49.271767 -102.160561 82.948673
v -49.330334 -102.160561 83.090084
v -49.271767 -102.019150 83.090084
v -49.130356 -101.960582 83.090084
v -49.130356 -102.019150 82.948673
v -49.130356 -102.160561 82.890118
v -46.888907 -102.160561 82.948673
v -47.030317 -102.160561 82.890118
v -47.030317 -102.019150 82.948673
v -47.030317 -101.960582 83.090084
v -46.888907 -102.019150 83.090084
v -46.830337 -102.160561 83.090084
v -49.330334 -104.160561 83.090084
v -49.271767 -104.019152 82.948673
v -49.130356 -103.960581 82.890118
v -47.030317 -103.960581 82.890118
v -46.888907 -104.019152 82.948673
v -46.830337 -104.160561 83.090084
v -49.271767 -105.902011 82.748707
v -49.130356 -105.960582 82.690151
v -49.130356 -106.019151 82.831562
v -49.130356 -106.160561 82.890118
v -49.271767 -106.101991 82.948673
v -49.330334 -105.960582 83.090084
v -49.330334 -105.760603 82.890118
v -49.330334 -105.819171 83.031529
v -49.130356 -107.960582 82.690151
v -49.271767 -108.019161 82.748707
v -49.330334 -108.160561 82.890118
v -49.330334 -107.960582 83.090084
v -49.271767 -107.819181 82.948673
v -49.130356 -107.760601 82.890118
v -49.130356 -107.902011 82.831562
v -49.330334 -108.101992 83.031529
v -46.888907 -108.019161 82.748707
v -47.030317 -107.960582 82.690151
v -47.030317 -107.902011 82.831562
v -47.030317 -107.760601 82.890118
v -46.888907 -107.819181 82.948673
v -46.830337 -107.960582 83.090084
v -46.830337 -108.160561 82.890118
v -46.830337 -108.101992 83.031529
v -47.030317 -105.960582 82.690151
v -46.888907 -105.902011 82.748707
v -46.830337 -105.760603 82.890118
v -46.830337 -105.960582 83.090084
v -46.888907 -106.101991 82.948673
v -47.030317 -106.160561 82.890118
v -47.030317 -106.019151 82.831562
v -46.830337 -105.819171 83.031529
v -49.271767 -109.902012 82.748707
v -49.130356 -109.960581 82.690151
v -49.130356 -110.019151 82.831562
v -49.130356 -110.160562 82.890118
v -49.271767 -110.101991 82.948673
v -49.330334 -109.960581 83.090084
v -49.330334 -109.760601 82.890118
v -49.330334 -109.819171 83.031529
v -49.271767 -111.902011 83.090084
v -49.330334 -111.760601 83.090084
v -49.271767 -111.760601 82.948673
v -49.130356 -111.760601 82.890118
v -49.130356 -111.902011 82.948673
v -49.130356 -111.960579 83.090084
v -46.888907 -111.902011 83.090084
v -47.030317 -111.960579 83.090084
v -47.030317 -111.902011 82.948673
v -47.030317 -111.760601 82.890118
v -46.888907 -111.760601 82.948673
v -46.830337 -111.760601 83.090084
v -47.030317 -109.960581 82.690151
v -46.888907 -109.902012 82.748707
v -46.830337 -109.760601 82.890118
v -46.830337 -109.960581 83.090084
v -46.888907 -110.101991 82.948673
v -47.030317 -110.160562 82.890118
v -47.030317 -110.019151 82.831562
v -46.830337 -109.819171 83.031529
v -49.330334 -104.160561 78.515137
v -49.271767 -104.019152 78.515137
v -49.130356 -103.960581 78.515137
v -47.030317 -103.960581 78.515137
v -46.888907 -104.019152 78.515137
v -46.830337 -104.160561 78.515137
v -46.830337 -105.760603 78.515137
v -46.888907 -105.902011 78.515137
v -47.030317 -105.960582 78.515137
v -49.130356 -105.960582 78.515137
v -49.271767 -105.902011 78.515137
v -49.330334 -105.760603 78.515137
v -49.330334 -108.160561 78.515137
v -49.271767 -108.019151 78.515137
v -49.130356 -107.960582 78.515137
v -47.030317 -107.960582 78.515137
v -46.888907 -108.019151 78.515137
v -46.830337 -108.160561 78.515137
v -46.830337 -109.760601 78.515137
v -46.888907 -109.902012 78.515137
v -47.030317 -109.960581 78.515137
v -49.130356 -109.960581 78.515137
v -49.271767 -109.902012 78.515137
v -49.330334 -109.760601 78.515137
v -49.245777 -102.045141 82.974690
v -46.914897 -102.045141 82.974690
v -49.271767 -105.960582 82.890118
v -49.271767 -107.960582 82.890118
v -46.888907 -107.960582 82.890118
v -46.888907 -105.960582 82.890118
v -49.271767 -109.960581 82.890118
v -49.245777 -111.876021 82.974690
v -46.914897 -111.876021 82.974690
v -46.888907 -109.960581 82.890118
vt 0.650315 0.790617
vt 0.635672 0.791406
vt 0.634671 0.772220
vt 0.649316 0.771483
vt 0.977086 0.033140
vt 0.976353 0.036753
vt 0.924184 0.034662
vt 0.923817 0.030994
vt 0.976047 0.040364
vt 0.923987 0.038259
vt 0.154733 0.897027
vt 0.156123 0.896846
vt 0.158311 0.914863
vt 0.157077 0.915026
vt 0.157517 0.896675
vt 0.159545 0.914713
vt 0.040531 0.350814
vt 0.040225 0.347203
vt 0.092395 0.345126
vt 0.092592 0.348720
vt 0.039493 0.343590
vt 0.092761 0.341461
vt 0.033274 0.350071
vt 0.036910 0.350650
vt 0.038869 0.395401
vt 0.035043 0.395409
vt 0.042666 0.395472
vt 0.973180 0.233848
vt 0.977083 0.233962
vt 0.978064 0.278746
vt 0.974440 0.278520
vt 0.980934 0.234009
vt 0.981692 0.279391
vt 0.974700 0.282141
vt 0.922513 0.283380
vt 0.922341 0.279750
vt 0.975383 0.285766
vt 0.922109 0.287056
vt 0.069781 0.911480
vt 0.071092 0.911222
vt 0.074509 0.929049
vt 0.073222 0.929300
vt 0.072405 0.910967
vt 0.075796 0.928799
vt 0.041094 0.596196
vt 0.041778 0.592572
vt 0.093964 0.593829
vt 0.094368 0.597506
vt 0.042040 0.588950
vt 0.094139 0.590202
vt 0.918889 0.280247
vt 0.916689 0.233697
vt 0.920354 0.229802
vt 0.915374 0.281215
vt 0.914136 0.236444
vt 0.049346 0.915450
vt 0.050649 0.915194
vt 0.054118 0.933010
vt 0.052824 0.933264
vt 0.051953 0.914939
vt 0.055411 0.932757
vt 0.101103 0.591670
vt 0.097591 0.590700
vt 0.099813 0.544153
vt 0.102366 0.546902
vt 0.096151 0.540255
vt 0.652279 0.771331
vt 0.651854 0.769919
vt 0.690298 0.767949
vt 0.690357 0.769342
vt 0.911342 0.185677
vt 0.915106 0.189545
vt 0.805803 0.189241
vt 0.805672 0.185365
vt 0.650802 0.771379
vt 0.651803 0.790566
vt 0.653279 0.790462
vt 0.920138 0.184185
vt 0.916265 0.180612
vt 0.916377 0.137728
vt 0.920278 0.134191
vt 0.649600 0.770033
vt 0.634100 0.770814
vt 0.915289 0.128798
vt 0.911482 0.132633
vt 0.805803 0.132408
vt 0.805956 0.128527
vt 0.945088 0.753519
vt 0.944696 0.754982
vt 0.906648 0.757271
vt 0.906561 0.755877
vt 0.946101 0.754962
vt 0.947236 0.774018
vt 0.945838 0.774164
vt 0.633269 0.772359
vt 0.634264 0.791414
vt 0.946400 0.775572
vt 0.907865 0.777800
vt 0.907788 0.776408
vt 0.105064 0.443091
vt 0.101259 0.439253
vt 0.210587 0.439040
vt 0.210740 0.442924
vt 0.096268 0.444644
vt 0.100169 0.448183
vt 0.100253 0.491065
vt 0.096383 0.494637
vt 0.635251 0.792864
vt 0.650748 0.792029
vt 0.101415 0.500000
vt 0.105179 0.496132
vt 0.210849 0.495878
vt 0.210721 0.499751
vt 0.653003 0.791909
vt 0.691360 0.788484
vt 0.691446 0.789876
vt 0.910167 0.081155
vt 0.912124 0.084694
vt 0.806161 0.084754
vt 0.806126 0.080939
vt 0.915800 0.088535
vt 0.806164 0.088570
vt 0.192361 0.893376
vt 0.193785 0.893279
vt 0.194853 0.911398
vt 0.193638 0.911482
vt 0.195209 0.893199
vt 0.196068 0.911328
vt 0.921508 0.083087
vt 0.917938 0.079214
vt 0.920540 0.037808
vt 0.914546 0.076973
vt 0.917025 0.036854
vt 0.175650 0.894712
vt 0.177060 0.894569
vt 0.178726 0.912642
vt 0.177504 0.912768
vt 0.178473 0.894441
vt 0.179948 0.912531
vt 0.096038 0.348272
vt 0.098632 0.389675
vt 0.095060 0.393548
vt 0.099554 0.347318
vt 0.102025 0.387436
vt 0.100764 0.398996
vt 0.104438 0.395155
vt 0.210401 0.395267
vt 0.210398 0.399083
vt 0.106398 0.391616
vt 0.210439 0.391451
vt 0.141732 0.917101
vt 0.139242 0.899122
vt 0.140873 0.917231
vt 0.138253 0.899270
vt 0.121876 0.901881
vt 0.124943 0.919770
vt 0.107958 0.922739
vt 0.104804 0.904865
vt 0.103032 0.905199
vt 0.106327 0.923047
vt 0.091063 0.925902
vt 0.087709 0.908064
vt 0.037558 0.936248
vt 0.034075 0.918435
vt 0.043035 0.399665
vt 0.043773 0.440002
vt 0.043790 0.444859
vt 0.043907 0.494697
vt 0.043934 0.499533
vt 0.043322 0.544278
vt 0.973901 0.085025
vt 0.972756 0.134423
vt 0.972616 0.184264
vt 0.972372 0.895564
vt 0.974823 0.913548
vt 0.937350 0.918656
vt 0.934912 0.900670
vt 0.210715 0.539705
vt 0.805787 0.229198
vt 0.723528 0.228908
vt 0.723579 0.188971
vt 0.720288 0.767768
vt 0.721295 0.786915
vt 0.292944 0.499533
vt 0.292977 0.539470
vt 0.909172 0.922458
vt 0.906762 0.904467
vt 0.723700 0.128374
vt 0.723839 0.088425
vt 0.232009 0.909832
vt 0.231375 0.891693
vt 0.259905 0.890882
vt 0.260289 0.909028
vt 0.292720 0.398990
vt 0.292840 0.438939
vt 0.877848 0.778205
vt 0.876712 0.759067
vt 0.972587 0.189099
vt 0.919676 0.086788
vt 0.973677 0.087545
vt 0.979669 0.040206
vt 0.977701 0.084957
vt 0.983301 0.039626
vt 0.981527 0.084968
vt 0.038987 0.398028
vt 0.035144 0.398085
vt 0.042888 0.397990
vt 0.977581 0.087586
vt 0.981421 0.087644
vt 0.036095 0.444906
vt 0.039930 0.444884
vt 0.040042 0.494714
vt 0.036204 0.494725
vt 0.976618 0.134448
vt 0.976482 0.184280
vt 0.980453 0.134469
vt 0.980317 0.184291
vt 0.036215 0.499541
vt 0.040053 0.499544
vt 0.039419 0.544393
vt 0.035568 0.544440
vt 0.976468 0.189110
vt 0.980306 0.189110
vt 0.038416 0.589177
vt 0.034786 0.589822
vt 0.805710 0.233014
vt 0.805609 0.236830
vt 0.210795 0.543519
vt 0.210893 0.547334
vt 0.723560 0.232727
vt 0.723563 0.236543
vt 0.292947 0.543289
vt 0.292942 0.547107
vt 0.292983 0.495692
vt 0.721369 0.788310
vt 0.720214 0.766373
vt 0.723539 0.185130
vt 0.723653 0.132231
vt 0.876632 0.757672
vt 0.877929 0.779599
vt 0.292890 0.442793
vt 0.292668 0.395169
vt 0.292646 0.391348
vt 0.723891 0.084601
vt 0.723916 0.080783
vt 0.979141 0.037404
vt 0.981224 0.035411
vt 0.035357 0.345856
vt 0.037440 0.347851
vt 0.979546 0.283565
vt 0.977496 0.281535
vt 0.038984 0.591965
vt 0.036932 0.593993
vt 0.917842 0.285183
vt 0.919712 0.282997
vt 0.096766 0.593449
vt 0.098635 0.595636
vt 0.918668 0.187831
vt 0.914830 0.184174
vt 0.650726 0.769877
vt 0.946445 0.753544
vt 0.918835 0.130536
vt 0.914961 0.134158
vt 0.632759 0.770998
vt 0.097711 0.440989
vt 0.101584 0.444613
vt 0.947744 0.775385
vt 0.633898 0.792820
vt 0.651884 0.792067
vt 0.097851 0.498284
vt 0.101688 0.494626
vt 0.915994 0.082948
vt 0.913190 0.079957
vt 0.919512 0.032864
vt 0.921374 0.035048
vt 0.095205 0.345511
vt 0.097069 0.343327
vt 0.103378 0.390418
vt 0.100573 0.393409
vt 0.096889 0.397246
vt 0.972603 0.186683
vt 0.976474 0.186696
vt 0.980308 0.186705
vt 0.107142 0.922892
vt 0.103918 0.905029
vt 0.040050 0.497130
vt 0.036213 0.497135
vt 0.043918 0.497116
vt 0.043784 0.442432
vt 0.039916 0.442470
vt 0.036081 0.442511
vt 0.122778 0.901720
vt 0.125746 0.919627
vt 0.976629 0.132034
vt 0.980467 0.132075
vt 0.972764 0.131993
vt 0.972775 0.129563
vt 0.976657 0.129623
vt 0.980494 0.129686
vt 0.123683 0.901566
vt 0.126547 0.919489
vt 0.036054 0.440125
vt 0.039894 0.440062
vt 0.039080 0.399734
vt 0.035220 0.399807
vt 0.137574 0.899380
vt 0.140321 0.917321
vt 0.977485 0.089295
vt 0.981344 0.089369
vt 0.973527 0.089224
vt 0.792231 0.783166
vt 0.791177 0.764038
vt 0.805814 0.763227
vt 0.806883 0.782354
vt 0.526499 0.278314
vt 0.526800 0.228441
vt 0.530487 0.232194
vt 0.530039 0.278746
vt 0.533048 0.234853
vt 0.533603 0.279596
vt 0.825742 0.915070
vt 0.827993 0.933080
vt 0.826643 0.933249
vt 0.824465 0.915230
vt 0.825292 0.933413
vt 0.823187 0.915385
vt 0.482937 0.590268
vt 0.483465 0.545522
vt 0.486029 0.542865
vt 0.486502 0.589415
vt 0.489724 0.539110
vt 0.490041 0.588983
vt 0.788274 0.764194
vt 0.750214 0.766194
vt 0.750126 0.764803
vt 0.788547 0.762746
vt 0.535653 0.184682
vt 0.641381 0.184920
vt 0.641332 0.188749
vt 0.531829 0.188421
vt 0.790763 0.783273
vt 0.789722 0.764090
vt 0.789296 0.783323
vt 0.526726 0.183192
vt 0.526753 0.133256
vt 0.530774 0.136785
vt 0.530697 0.179650
vt 0.790730 0.762630
vt 0.806101 0.761777
vt 0.531856 0.128021
vt 0.641406 0.128196
vt 0.641474 0.132042
vt 0.535738 0.131752
vt 0.808294 0.761654
vt 0.846718 0.759456
vt 0.846786 0.760847
vt 0.808727 0.763063
vt 0.809830 0.782187
vt 0.808358 0.782298
vt 0.807269 0.763119
vt 0.847907 0.779983
vt 0.848001 0.781376
vt 0.809561 0.783636
vt 0.480805 0.442427
vt 0.375066 0.442651
vt 0.375132 0.438810
vt 0.484681 0.438693
vt 0.489784 0.443927
vt 0.489804 0.493864
vt 0.485826 0.490321
vt 0.485769 0.447456
vt 0.807331 0.783763
vt 0.791941 0.784615
vt 0.484700 0.499090
vt 0.375195 0.499355
vt 0.375143 0.495528
vt 0.480871 0.495353
vt 0.789725 0.784734
vt 0.751286 0.786727
vt 0.751226 0.785334
vt 0.537774 0.080906
vt 0.641725 0.080627
vt 0.641635 0.084443
vt 0.535738 0.084372
vt 0.641501 0.088259
vt 0.531875 0.087991
vt 0.327597 0.890582
vt 0.326879 0.908718
vt 0.325698 0.908679
vt 0.326136 0.890534
vt 0.324517 0.908660
vt 0.324674 0.890511
vt 0.526630 0.082685
vt 0.526466 0.037841
vt 0.529998 0.037488
vt 0.530290 0.078902
vt 0.533570 0.036693
vt 0.533759 0.076809
vt 0.344458 0.891457
vt 0.342918 0.909541
vt 0.341736 0.909445
vt 0.343004 0.891340
vt 0.340553 0.909368
vt 0.341549 0.891245
vt 0.490052 0.348518
vt 0.489905 0.393359
vt 0.486247 0.389579
vt 0.486518 0.348165
vt 0.482779 0.387485
vt 0.482946 0.347370
vt 0.484665 0.398665
vt 0.375053 0.398873
vt 0.374919 0.395057
vt 0.480811 0.395046
vt 0.374831 0.391238
vt 0.478774 0.391583
vt 0.841143 0.913111
vt 0.843461 0.931112
vt 0.356386 0.892567
vt 0.354584 0.910627
vt 0.492424 0.082693
vt 0.492564 0.037849
vt 0.492331 0.183190
vt 0.492307 0.133259
vt 0.492572 0.278320
vt 0.492258 0.228444
vt 0.878611 0.908215
vt 0.880983 0.926210
vt 0.375239 0.539284
vt 0.641272 0.228676
vt 0.288571 0.908629
vt 0.288452 0.890478
vt 0.487228 0.188421
vt 0.528185 0.086299
vt 0.490875 0.086307
vt 0.641427 0.232489
vt 0.641526 0.236302
vt 0.374984 0.546919
vt 0.375086 0.543100
vt 0.531274 0.283628
vt 0.529325 0.281502
vt 0.526529 0.281966
vt 0.527065 0.285629
vt 0.490011 0.592632
vt 0.487215 0.592170
vt 0.485266 0.594297
vt 0.489475 0.596298
vt 0.528185 0.186789
vt 0.532127 0.183190
vt 0.789636 0.762592
vt 0.807189 0.761620
vt 0.532209 0.133242
vt 0.528205 0.129664
vt 0.488333 0.440333
vt 0.484334 0.443914
vt 0.808447 0.783798
vt 0.790840 0.784772
vt 0.484397 0.493864
vt 0.488347 0.497458
vt 0.532018 0.082603
vt 0.534912 0.079722
vt 0.531277 0.032612
vt 0.529309 0.034717
vt 0.526513 0.034217
vt 0.527059 0.030568
vt 0.487207 0.345394
vt 0.490003 0.344894
vt 0.485239 0.343292
vt 0.489456 0.341244
vt 0.481628 0.390396
vt 0.484525 0.393277
vt 0.488352 0.396973
vt 0.490872 0.186789
vt 0.490856 0.129664
vt 0.487204 0.128024
vt 0.487182 0.087999
vt 0.222731 0.724766
vt 0.222601 0.743923
vt 0.207928 0.743816
vt 0.208072 0.724660
vt 0.041961 0.033104
vt 0.095229 0.030945
vt 0.094863 0.034613
vt 0.042696 0.036718
vt 0.095062 0.038210
vt 0.043005 0.040329
vt 0.541899 0.925010
vt 0.539463 0.942997
vt 0.538079 0.942796
vt 0.540667 0.924830
vt 0.536699 0.942582
vt 0.539436 0.924639
vt 0.973497 0.350809
vt 0.921440 0.348706
vt 0.921637 0.345109
vt 0.973803 0.347195
vt 0.921268 0.341444
vt 0.974539 0.343584
vt 0.980754 0.350065
vt 0.978975 0.395407
vt 0.975148 0.395396
vt 0.977119 0.350645
vt 0.971352 0.395467
vt 0.045886 0.233807
vt 0.044645 0.278479
vt 0.041020 0.278708
vt 0.041982 0.233924
vt 0.037393 0.279356
vt 0.038134 0.233971
vt 0.096743 0.279689
vt 0.096574 0.283319
vt 0.044385 0.282100
vt 0.096978 0.286996
vt 0.043707 0.285728
vt 0.625892 0.930702
vt 0.626133 0.948850
vt 0.624696 0.948861
vt 0.624682 0.930710
vt 0.623259 0.948853
vt 0.623473 0.930704
vt 0.972926 0.596194
vt 0.919655 0.597509
vt 0.920057 0.593829
vt 0.972243 0.592567
vt 0.919879 0.590205
vt 0.971980 0.588947
vt 0.098703 0.229742
vt 0.102369 0.233635
vt 0.100198 0.280184
vt 0.104922 0.236382
vt 0.103711 0.281152
vt 0.646349 0.930252
vt 0.647260 0.948379
vt 0.645828 0.948445
vt 0.645138 0.930308
vt 0.644393 0.948492
vt 0.643927 0.930349
vt 0.912917 0.591673
vt 0.911643 0.546902
vt 0.914196 0.544153
vt 0.916427 0.590702
vt 0.917862 0.540255
vt 0.225538 0.743941
vt 0.263662 0.744134
vt 0.263668 0.745530
vt 0.225178 0.745370
vt 0.107715 0.185628
vt 0.213383 0.185327
vt 0.213257 0.189198
vt 0.103949 0.189493
vt 0.224188 0.724749
vt 0.224071 0.743960
vt 0.225640 0.724786
vt 0.098919 0.184138
vt 0.098780 0.134141
vt 0.102683 0.137681
vt 0.102787 0.180565
vt 0.222960 0.745356
vt 0.207548 0.745245
vt 0.103774 0.128748
vt 0.213101 0.128489
vt 0.213257 0.132373
vt 0.107579 0.132586
vt 0.205320 0.745226
vt 0.166819 0.744843
vt 0.166844 0.743449
vt 0.204981 0.743792
vt 0.205149 0.724636
vt 0.206610 0.724621
vt 0.206454 0.743831
vt 0.167025 0.724282
vt 0.167024 0.722889
vt 0.205512 0.723208
vt 0.908945 0.443091
vt 0.803267 0.442924
vt 0.803423 0.439040
vt 0.912750 0.439250
vt 0.917739 0.444644
vt 0.917624 0.494637
vt 0.913753 0.491067
vt 0.913841 0.448183
vt 0.207713 0.723226
vt 0.223110 0.723337
vt 0.912594 0.500000
vt 0.803289 0.499759
vt 0.803160 0.495883
vt 0.908831 0.496135
vt 0.225296 0.723352
vt 0.263774 0.723574
vt 0.263752 0.724968
vt 0.108896 0.081103
vt 0.212937 0.080895
vt 0.212899 0.084713
vt 0.106936 0.084645
vt 0.212899 0.088529
vt 0.103262 0.088486
vt 0.505504 0.918998
vt 0.502325 0.936868
vt 0.500989 0.936616
vt 0.504240 0.918759
vt 0.499655 0.936360
vt 0.502976 0.918516
vt 0.097555 0.083035
vt 0.098509 0.037756
vt 0.101125 0.079162
vt 0.102024 0.036803
vt 0.104517 0.076921
vt 0.521572 0.921827
vt 0.518704 0.939750
vt 0.517345 0.939519
vt 0.520325 0.921615
vt 0.515990 0.939279
vt 0.519077 0.921393
vt 0.918955 0.393534
vt 0.915385 0.389661
vt 0.917993 0.348256
vt 0.911993 0.387420
vt 0.914478 0.347302
vt 0.913251 0.398985
vt 0.803614 0.399080
vt 0.803611 0.395262
vt 0.909571 0.395141
vt 0.803573 0.391446
vt 0.907614 0.391602
vt 0.557238 0.927028
vt 0.554970 0.945036
vt 0.558072 0.927135
vt 0.555984 0.945166
vt 0.573945 0.928731
vt 0.591086 0.929875
vt 0.589989 0.947992
vt 0.572638 0.946834
vt 0.592593 0.929954
vt 0.608031 0.930425
vt 0.607592 0.948569
vt 0.591932 0.948092
vt 0.661775 0.929380
vt 0.662902 0.947495
vt 0.970977 0.399663
vt 0.970236 0.439999
vt 0.970220 0.444856
vt 0.970100 0.494697
vt 0.970072 0.499530
vt 0.970690 0.544276
vt 0.045162 0.084989
vt 0.046438 0.184223
vt 0.046301 0.134382
vt 0.699403 0.926813
vt 0.700727 0.944915
vt 0.803291 0.539716
vt 0.213268 0.229149
vt 0.295478 0.188949
vt 0.295524 0.228887
vt 0.293718 0.725091
vt 0.293637 0.744264
vt 0.721030 0.539476
vt 0.721065 0.499538
vt 0.727649 0.924599
vt 0.729146 0.942688
vt 0.295226 0.088398
vt 0.295360 0.128347
vt 0.464181 0.929676
vt 0.436274 0.924436
vt 0.439575 0.906590
vt 0.467530 0.911836
vt 0.721166 0.438936
vt 0.721289 0.398985
vt 0.136855 0.743152
vt 0.137045 0.723980
vt 0.046468 0.189058
vt 0.099387 0.086739
vt 0.045386 0.087510
vt 0.041365 0.084921
vt 0.039386 0.040170
vt 0.037538 0.084932
vt 0.035750 0.039591
vt 0.978874 0.398085
vt 0.975031 0.398025
vt 0.971127 0.397984
vt 0.041482 0.087551
vt 0.037642 0.087608
vt 0.977914 0.444903
vt 0.977802 0.494725
vt 0.973967 0.494711
vt 0.974079 0.444881
vt 0.042573 0.184242
vt 0.042442 0.134409
vt 0.038738 0.184253
vt 0.038610 0.134431
vt 0.977794 0.499541
vt 0.978445 0.544437
vt 0.974593 0.544391
vt 0.973954 0.499541
vt 0.042589 0.189072
vt 0.038749 0.189072
vt 0.979235 0.589817
vt 0.975608 0.589172
vt 0.213345 0.232962
vt 0.213446 0.236781
vt 0.803117 0.547348
vt 0.803215 0.543532
vt 0.295497 0.232705
vt 0.295491 0.236524
vt 0.721065 0.547110
vt 0.721060 0.543291
vt 0.721024 0.495695
vt 0.293724 0.723694
vt 0.293630 0.745661
vt 0.295516 0.185106
vt 0.295407 0.132206
vt 0.136842 0.744548
vt 0.137057 0.722583
vt 0.721120 0.442793
vt 0.721341 0.395164
vt 0.721363 0.391342
vt 0.295150 0.080753
vt 0.295174 0.084574
vt 0.039911 0.037371
vt 0.037825 0.035376
vt 0.978674 0.345853
vt 0.976592 0.347846
vt 0.039539 0.283527
vt 0.041592 0.281496
vt 0.975036 0.591960
vt 0.977089 0.593991
vt 0.101245 0.285121
vt 0.099376 0.282937
vt 0.917255 0.593452
vt 0.915385 0.595639
vt 0.100387 0.187782
vt 0.104222 0.184124
vt 0.224067 0.745460
vt 0.206437 0.745332
vt 0.104099 0.134111
vt 0.100223 0.130487
vt 0.916296 0.440989
vt 0.912425 0.444613
vt 0.206618 0.723120
vt 0.224202 0.723248
vt 0.912318 0.494629
vt 0.916156 0.498286
vt 0.103068 0.082896
vt 0.105873 0.079905
vt 0.099537 0.032812
vt 0.097675 0.034996
vt 0.918827 0.345495
vt 0.916965 0.343311
vt 0.910637 0.390402
vt 0.913442 0.393395
vt 0.917126 0.397235
vt 0.046452 0.186642
vt 0.042581 0.186658
vt 0.038746 0.186666
vt 0.591839 0.929919
vt 0.590961 0.948049
vt 0.977794 0.497133
vt 0.973959 0.497127
vt 0.970089 0.497113
vt 0.970225 0.442432
vt 0.974093 0.442470
vt 0.977928 0.442509
vt 0.573187 0.928668
vt 0.571677 0.946755
vt 0.042431 0.131993
vt 0.038593 0.132037
vt 0.046296 0.131955
vt 0.046285 0.129525
vt 0.042406 0.129585
vt 0.038569 0.129648
vt 0.572429 0.928594
vt 0.570717 0.946664
vt 0.977955 0.440122
vt 0.974115 0.440062
vt 0.974935 0.399731
vt 0.978795 0.399805
vt 0.558596 0.927200
vt 0.556691 0.945251
vt 0.041578 0.089256
vt 0.037718 0.089330
vt 0.045533 0.089185
vt 0.364787 0.725374
vt 0.379452 0.725406
vt 0.379374 0.744618
vt 0.364711 0.744534
vt 0.489032 0.278752
vt 0.488568 0.232202
vt 0.485468 0.279605
vt 0.486006 0.234859
vt 0.808908 0.917016
vt 0.810181 0.916878
vt 0.812123 0.934925
vt 0.810763 0.935071
vt 0.811455 0.916734
vt 0.813481 0.934771
vt 0.531072 0.590268
vt 0.527508 0.589415
vt 0.527981 0.542865
vt 0.530545 0.545522
vt 0.523968 0.588983
vt 0.524285 0.539110
vt 0.361742 0.744520
vt 0.362089 0.745953
vt 0.323593 0.745770
vt 0.323612 0.744375
vt 0.483402 0.184682
vt 0.377726 0.188738
vt 0.377676 0.184906
vt 0.363222 0.744554
vt 0.363298 0.725341
vt 0.361820 0.725364
vt 0.488357 0.179650
vt 0.488286 0.136785
vt 0.364347 0.745965
vt 0.379866 0.746055
vt 0.483322 0.131755
vt 0.377584 0.132029
vt 0.377652 0.128188
vt 0.068258 0.743915
vt 0.068750 0.742482
vt 0.106864 0.742838
vt 0.106856 0.744233
vt 0.067347 0.742405
vt 0.067536 0.723316
vt 0.068941 0.723267
vt 0.380782 0.744558
vt 0.380858 0.725478
vt 0.068477 0.721824
vt 0.107074 0.722272
vt 0.107056 0.723669
vt 0.533204 0.442427
vt 0.529331 0.438693
vt 0.638878 0.438813
vt 0.638943 0.442654
vt 0.524225 0.443927
vt 0.528238 0.447456
vt 0.528183 0.490321
vt 0.524206 0.493861
vt 0.379954 0.723973
vt 0.364434 0.723940
vt 0.529307 0.499090
vt 0.533139 0.495351
vt 0.638867 0.495531
vt 0.638815 0.499360
vt 0.362177 0.723934
vt 0.323690 0.725208
vt 0.323683 0.723813
vt 0.481286 0.080919
vt 0.483322 0.084383
vt 0.377428 0.084443
vt 0.377338 0.080627
vt 0.377562 0.088256
vt 0.373089 0.894788
vt 0.374510 0.895007
vt 0.371731 0.912943
vt 0.370537 0.912758
vt 0.375926 0.895245
vt 0.372922 0.913145
vt 0.488765 0.078913
vt 0.489029 0.037499
vt 0.485293 0.076822
vt 0.485457 0.036704
vt 0.357828 0.892726
vt 0.355770 0.910759
vt 0.359266 0.892908
vt 0.356956 0.910911
vt 0.523955 0.348518
vt 0.527486 0.348165
vt 0.527762 0.389576
vt 0.524105 0.393359
vt 0.531059 0.347370
vt 0.531231 0.387485
vt 0.529345 0.398662
vt 0.533202 0.395046
vt 0.639093 0.395065
vt 0.638957 0.398875
vt 0.535235 0.391580
vt 0.639178 0.391247
vt 0.795235 0.936634
vt 0.793474 0.918569
vt 0.757531 0.940210
vt 0.755888 0.922133
vt 0.638768 0.539290
vt 0.377783 0.228668
vt 0.408378 0.919331
vt 0.411565 0.901463
vt 0.377630 0.232484
vt 0.377529 0.236297
vt 0.638924 0.543103
vt 0.639025 0.546919
vt 0.487797 0.283634
vt 0.489746 0.281507
vt 0.492542 0.281969
vt 0.492006 0.285632
vt 0.523998 0.592632
vt 0.526795 0.592170
vt 0.528744 0.594297
vt 0.524534 0.596298
vt 0.486928 0.183190
vt 0.363213 0.746058
vt 0.066906 0.743795
vt 0.486851 0.133242
vt 0.381216 0.745945
vt 0.525677 0.440333
vt 0.529676 0.443914
vt 0.067123 0.721917
vt 0.381303 0.724094
vt 0.363302 0.723839
vt 0.525663 0.497458
vt 0.529613 0.493861
vt 0.487040 0.082612
vt 0.484142 0.079733
vt 0.487748 0.032623
vt 0.491965 0.030576
vt 0.492515 0.034228
vt 0.489718 0.034728
vt 0.524001 0.344894
vt 0.526800 0.345394
vt 0.524548 0.341242
vt 0.528765 0.343289
vt 0.532382 0.390396
vt 0.529487 0.393275
vt 0.525657 0.396973
f 4800/6455 4790/6456 4784/6457 4774/6458
f 4706/6459 4705/6460 4811/6461 4816/6462
f 4705/6460 4710/6463 4812/6464 4811/6461
f 4708/6465 4707/6466 4718/6467 4717/6468
f 4707/6466 4706/6469 4719/6470 4718/6467
f 4715/6471 4714/6472 4817/6473 4822/6474
f 4714/6472 4719/6475 4818/6476 4817/6473
f 4717/6477 4716/6478 4721/6479 4720/6480
f 4716/6478 4715/6471 4722/6481 4721/6479
f 4737/6482 4736/6483 4743/6484 4742/6485
f 4736/6483 4735/6486 4744/6487 4743/6484
f 4742/6485 4741/6488 4755/6489 4754/6490
f 4741/6488 4746/6491 4756/6492 4755/6489
f 4746/6493 4745/6494 4749/6495 4748/6496
f 4745/6494 4744/6497 4750/6498 4749/6495
f 4748/6499 4747/6500 4763/6501 4762/6502
f 4747/6500 4752/6503 4764/6504 4763/6501
f 4754/6490 4753/6505 4766/6506 4765/6507
f 4753/6505 4758/6508 4767/6509 4766/6506
f 4758/6510 4757/6511 4761/6512 4760/6513
f 4757/6511 4756/6514 4762/6515 4761/6512
f 4760/6516 4759/6517 4769/6518 4768/6519
f 4759/6517 4764/6504 4770/6520 4769/6518
f 4772/6521 4771/6522 4841/6523 4840/6524
f 4771/6525 4777/6526 4842/6527 4841/6528
f 4774/6458 4773/6529 4801/6530 4800/6455
f 4773/6529 4772/6521 4795/6531 4801/6530
f 4776/6532 4775/6533 4783/6534 4782/6535
f 4775/6536 4774/6458 4784/6457 4783/6537
f 4781/6538 4780/6539 4844/6540 4843/6541
f 4780/6542 4779/6543 4845/6544 4844/6545
f 4779/6543 4785/6546 4789/6547 4788/6548
f 4785/6549 4784/6457 4790/6456 4789/6550
f 4788/6548 4787/6551 4847/6552 4846/6553
f 4787/6554 4793/6555 4848/6556 4847/6557
f 4792/6558 4791/6559 4799/6560 4798/6561
f 4791/6562 4790/6456 4800/6455 4799/6563
f 4797/6564 4796/6565 4838/6566 4837/6567
f 4796/6568 4795/6531 4839/6569 4838/6570
f 4804/6571 4803/6572 4853/6573 4852/6574
f 4803/6572 4809/6575 4854/6576 4853/6573
f 4806/6577 4805/6578 4829/6579 4828/6580
f 4805/6578 4804/6581 4823/6582 4829/6579
f 4808/6583 4807/6584 4813/6585 4812/6464
f 4807/6584 4806/6586 4814/6587 4813/6585
f 4816/6588 4815/6589 4819/6590 4818/6591
f 4815/6589 4814/6592 4820/6593 4819/6590
f 4822/6474 4821/6594 4827/6595 4826/6596
f 4821/6594 4820/6597 4828/6598 4827/6595
f 4825/6599 4824/6600 4850/6601 4849/6602
f 4824/6600 4823/6603 4851/6604 4850/6601
f 4708/6465 4717/6468 4720/6605 4711/6606
f 4711/6606 4720/6605 4901/6607 4902/6608
f 4723/6609 4726/6610 4732/6611 4729/6612
f 4871/6613 4872/6614 4738/6615 4735/6616
f 4735/6616 4738/6615 4750/6498 4744/6497
f 4746/6493 4748/6496 4762/6515 4756/6514
f 4758/6510 4760/6513 4768/6617 4767/6618
f 4816/6588 4818/6591 4719/6470 4706/6469
f 4715/6471 4822/6474 4826/6596 4722/6481
f 4893/6619 4825/6599 4793/6555 4881/6620
f 4728/6621 4792/6558 4798/6561 4734/6622
f 4874/6623 4797/6564 4770/6520 4740/6624
f 4740/6624 4770/6520 4764/6504 4752/6503
f 4812/6464 4710/6463 4713/6625 4808/6583
f 4776/6532 4782/6535 4725/6626 4731/6627
f 4765/6507 4737/6482 4742/6485 4754/6490
f 4767/6628 4768/6629 4834/6630 4833/6631
f 4770/6520 4797/6564 4837/6567 4836/6632
f 4842/6527 4777/6526 4765/6507 4831/6633
f 4848/6556 4793/6555 4825/6599 4849/6602
f 4854/6576 4809/6575 4781/6538 4843/6541
f 4842/6527 4831/6633 4905/6634 4912/6635
f 4839/6569 4840/6524 4911/6636 4910/6637
f 4836/6632 4837/6567 4909/6638 4908/6639
f 4833/6631 4834/6630 4907/6640 4906/6641
f 4854/6576 4843/6541 4913/6642 4920/6643
f 4851/6644 4852/6645 4919/6646 4918/6647
f 4848/6556 4849/6602 4917/6648 4916/6649
f 4845/6544 4846/6553 4915/6650 4914/6651
f 4777/6526 4869/6652 4737/6482 4765/6507
f 4810/6653 4808/6583 4713/6625 4904/6654
f 4839/6569 4795/6531 4772/6521 4840/6524
f 4845/6544 4779/6543 4788/6548 4846/6553
f 4851/6644 4823/6582 4804/6581 4852/6645
f 4814/6592 4806/6577 4828/6580 4820/6593
f 4710/6463 4709/6655 4712/6656 4713/6625
f 4709/6655 4708/6657 4711/6658 4712/6656
f 4720/6480 4721/6479 4900/6659 4901/6660
f 4721/6479 4722/6481 4899/6661 4900/6659
f 4713/6625 4712/6656 4903/6662 4904/6654
f 4712/6656 4711/6658 4902/6663 4903/6662
f 4726/6664 4727/6665 4733/6666 4732/6667
f 4727/6665 4728/6621 4734/6622 4733/6666
f 4725/6626 4724/6668 4730/6669 4731/6627
f 4724/6668 4723/6670 4729/6671 4730/6669
f 4872/6672 4873/6673 4739/6674 4738/6675
f 4873/6673 4874/6623 4740/6624 4739/6674
f 4869/6652 4870/6676 4736/6483 4737/6482
f 4870/6676 4871/6677 4735/6486 4736/6483
f 4738/6675 4739/6674 4751/6678 4750/6679
f 4739/6674 4740/6624 4752/6503 4751/6678
f 4765/6507 4766/6506 4832/6680 4831/6633
f 4766/6506 4767/6509 4833/6681 4832/6680
f 4768/6519 4769/6518 4835/6682 4834/6683
f 4769/6518 4770/6520 4836/6632 4835/6682
f 4831/6633 4832/6680 4921/6684 4905/6634
f 4832/6680 4833/6681 4906/6685 4921/6684
f 4834/6683 4835/6682 4922/6686 4907/6687
f 4835/6682 4836/6632 4908/6639 4922/6686
f 4837/6567 4838/6566 4923/6688 4909/6638
f 4838/6570 4839/6569 4910/6637 4923/6689
f 4840/6524 4841/6523 4924/6690 4911/6636
f 4841/6528 4842/6527 4912/6635 4924/6691
f 4843/6541 4844/6540 4925/6692 4913/6642
f 4844/6545 4845/6544 4914/6651 4925/6693
f 4846/6553 4847/6552 4926/6694 4915/6650
f 4847/6557 4848/6556 4916/6649 4926/6695
f 4849/6602 4850/6601 4927/6696 4917/6648
f 4850/6601 4851/6604 4918/6697 4927/6696
f 4852/6574 4853/6573 4928/6698 4919/6699
f 4853/6573 4854/6576 4920/6643 4928/6698
f 4709/6655 4710/6463 4705/6460 4855/6700
f 4705/6460 4706/6459 4707/6701 4855/6700
f 4707/6701 4708/6657 4709/6655 4855/6700
f 4718/6702 4719/6475 4714/6472 4856/6703
f 4714/6472 4715/6471 4716/6478 4856/6703
f 4716/6478 4717/6477 4718/6702 4856/6703
f 4745/6704 4746/6491 4741/6488 4857/6705
f 4741/6488 4742/6485 4743/6484 4857/6705
f 4743/6484 4744/6487 4745/6704 4857/6705
f 4751/6678 4752/6503 4747/6500 4858/6706
f 4747/6500 4748/6499 4749/6707 4858/6706
f 4749/6707 4750/6679 4751/6678 4858/6706
f 4757/6708 4758/6508 4753/6505 4859/6709
f 4753/6505 4754/6490 4755/6489 4859/6709
f 4755/6489 4756/6492 4757/6708 4859/6709
f 4763/6501 4764/6504 4759/6517 4860/6710
f 4759/6517 4760/6516 4761/6711 4860/6710
f 4761/6711 4762/6502 4763/6501 4860/6710
f 4778/6712 4777/6526 4771/6525 4861/6713
f 4771/6522 4772/6521 4773/6529 4861/6714
f 4773/6529 4774/6458 4775/6536 4861/6714
f 4775/6533 4776/6532 4778/6712 4861/6713
f 4785/6546 4779/6543 4780/6542 4862/6715
f 4780/6539 4781/6538 4786/6716 4862/6717
f 4786/6716 4782/6535 4783/6534 4862/6717
f 4783/6537 4784/6457 4785/6549 4862/6718
f 4794/6719 4793/6555 4787/6554 4863/6720
f 4787/6551 4788/6548 4789/6547 4863/6721
f 4789/6550 4790/6456 4791/6562 4863/6722
f 4791/6559 4792/6558 4794/6719 4863/6720
f 4801/6530 4795/6531 4796/6568 4864/6723
f 4796/6565 4797/6564 4802/6724 4864/6725
f 4802/6724 4798/6561 4799/6560 4864/6725
f 4799/6563 4800/6455 4801/6530 4864/6723
f 4810/6653 4809/6575 4803/6572 4865/6726
f 4803/6572 4804/6571 4805/6727 4865/6726
f 4805/6727 4806/6586 4807/6584 4865/6726
f 4807/6584 4808/6583 4810/6653 4865/6726
f 4815/6728 4816/6462 4811/6461 4866/6729
f 4811/6461 4812/6464 4813/6585 4866/6729
f 4813/6585 4814/6587 4815/6728 4866/6729
f 4821/6594 4822/6474 4817/6473 4867/6730
f 4817/6473 4818/6476 4819/6731 4867/6730
f 4819/6731 4820/6597 4821/6594 4867/6730
f 4829/6732 4823/6603 4824/6600 4868/6733
f 4824/6600 4825/6599 4830/6734 4868/6733
f 4830/6734 4826/6596 4827/6595 4868/6733
f 4827/6595 4828/6598 4829/6732 4868/6733
f 4777/6526 4778/6712 4880/6735 4869/6652
f 4731/6627 4730/6669 4879/6736 4880/6735
f 4730/6669 4729/6671 4878/6737 4879/6736
f 4729/6612 4732/6611 4877/6738 4878/6739
f 4732/6667 4733/6666 4876/6740 4877/6741
f 4733/6666 4734/6622 4875/6742 4876/6740
f 4734/6622 4798/6561 4802/6724 4875/6742
f 4876/6740 4875/6742 4874/6623 4873/6673
f 4877/6741 4876/6740 4873/6673 4872/6672
f 4878/6739 4877/6738 4872/6614 4871/6613
f 4879/6736 4878/6737 4871/6677 4870/6676
f 4880/6735 4879/6736 4870/6676 4869/6652
f 4880/6735 4778/6712 4776/6532 4731/6627
f 4875/6742 4802/6724 4797/6564 4874/6623
f 4881/6620 4793/6555 4794/6719 4892/6743
f 4891/6744 4892/6743 4728/6621 4727/6665
f 4890/6745 4891/6744 4727/6665 4726/6664
f 4889/6746 4890/6747 4726/6610 4723/6609
f 4888/6748 4889/6749 4723/6670 4724/6668
f 4887/6750 4888/6748 4724/6668 4725/6626
f 4786/6716 4887/6750 4725/6626 4782/6535
f 4886/6751 4885/6752 4888/6748 4887/6750
f 4885/6752 4884/6753 4889/6749 4888/6748
f 4884/6754 4883/6755 4890/6747 4889/6746
f 4883/6756 4882/6757 4891/6744 4890/6745
f 4882/6757 4881/6620 4892/6743 4891/6744
f 4781/6538 4886/6751 4887/6750 4786/6716
f 4892/6743 4794/6719 4792/6558 4728/6621
f 4894/6758 4893/6619 4881/6620 4882/6757
f 4895/6759 4894/6758 4882/6757 4883/6756
f 4896/6760 4895/6761 4883/6755 4884/6754
f 4897/6762 4896/6763 4884/6753 4885/6752
f 4898/6764 4897/6762 4885/6752 4886/6751
f 4899/6661 4830/6734 4825/6599 4893/6619
f 4900/6659 4899/6661 4893/6619 4894/6758
f 4901/6660 4900/6659 4894/6758 4895/6759
f 4902/6608 4901/6607 4895/6761 4896/6760
f 4903/6662 4902/6663 4896/6763 4897/6762
f 4904/6654 4903/6662 4897/6762 4898/6764
f 4722/6481 4826/6596 4830/6734 4899/6661
f 4809/6575 4898/6764 4886/6751 4781/6538
f 4810/6653 4904/6654 4898/6764 4809/6575
f 4976/6765 4950/6766 4960/6767 4966/6768
f 4930/6769 4941/6770 4942/6771 4929/6772
f 4929/6772 4942/6771 4943/6773 4934/6774
f 4934/6775 4936/6776 4937/6777 4933/6778
f 4933/6778 4937/6777 4938/6779 4932/6780
f 4936/6781 4944/6782 4945/6783 4935/6784
f 4935/6784 4945/6783 4946/6785 4940/6786
f 4948/6787 5016/6788 5017/6789 4947/6790
f 4947/6791 5017/6792 5018/6793 4953/6794
f 4950/6766 4976/6765 4977/6795 4949/6796
f 4949/6796 4977/6795 4971/6797 4948/6787
f 4952/6798 4958/6799 4959/6800 4951/6801
f 4951/6802 4959/6803 4960/6767 4950/6766
f 4957/6804 5019/6805 5020/6806 4956/6807
f 4956/6808 5020/6809 5021/6810 4955/6811
f 4955/6811 4964/6812 4965/6813 4961/6814
f 4961/6814 4965/6813 4966/6768 4960/6767
f 4964/6812 5022/6815 5023/6816 4963/6817
f 4963/6818 5023/6819 5024/6820 4969/6821
f 4968/6822 4974/6823 4975/6824 4967/6825
f 4967/6826 4975/6827 4976/6765 4966/6768
f 4973/6828 5013/6829 5014/6830 4972/6831
f 4972/6832 5014/6833 5015/6834 4971/6797
f 4980/6835 5028/6836 5029/6837 4979/6838
f 4979/6838 5029/6837 5030/6839 4985/6840
f 4982/6841 5004/6842 5005/6843 4981/6844
f 4981/6844 5005/6843 4999/6845 4980/6846
f 4984/6847 4988/6848 4989/6849 4983/6850
f 4983/6850 4989/6849 4990/6851 4982/6852
f 4992/6853 4994/6854 4995/6855 4991/6856
f 4991/6856 4995/6855 4996/6857 4990/6858
f 4998/6859 5002/6860 5003/6861 4997/6862
f 4997/6862 5003/6861 5004/6863 4996/6864
f 5001/6865 5025/6866 5026/6867 5000/6868
f 5000/6868 5026/6867 5027/6869 4999/6870
f 4934/6775 4943/6871 4944/6872 4936/6776
f 4994/6854 4992/6853 5328/6873 5330/6874
f 4988/6848 4984/6847 5320/6875 5324/6876
f 4958/6799 4952/6798 5288/6877 5294/6878
f 4941/6770 4930/6769 5266/6879 5277/6880
f 4943/6871 5009/6881 5010/6882 4944/6872
f 4946/6785 5012/6883 5013/6829 4973/6828
f 5018/6793 5007/6884 4941/6770 4953/6794
f 5024/6820 5025/6866 5001/6865 4969/6821
f 5030/6839 5019/6805 4957/6804 4985/6840
f 5018/6793 4912/6635 4905/6634 5007/6884
f 5015/6834 4910/6637 4911/6636 5016/6788
f 5012/6883 4908/6639 4909/6638 5013/6829
f 5009/6881 4906/6641 4907/6640 5010/6882
f 5030/6839 4920/6643 4913/6642 5019/6805
f 5027/6885 4918/6647 4919/6646 5028/6886
f 5024/6820 4916/6649 4917/6648 5025/6866
f 5021/6810 4914/6651 4915/6650 5022/6815
f 4953/6794 4941/6770 5277/6880 5289/6887
f 4984/6847 4986/6888 5322/6889 5320/6875
f 5015/6834 5016/6788 4948/6787 4971/6797
f 5021/6810 5022/6815 4964/6812 4955/6811
f 5027/6885 5028/6886 4980/6846 4999/6845
f 4990/6858 4996/6857 5004/6842 4982/6841
f 4941/6770 5007/6884 5008/6890 4942/6771
f 4942/6771 5008/6890 5009/6891 4943/6773
f 4944/6782 5010/6892 5011/6893 4945/6783
f 4945/6783 5011/6893 5012/6883 4946/6785
f 5007/6884 4905/6634 4921/6684 5008/6890
f 5008/6890 4921/6684 4906/6685 5009/6891
f 5010/6892 4907/6687 4922/6686 5011/6893
f 5011/6893 4922/6686 4908/6639 5012/6883
f 5013/6829 4909/6638 4923/6688 5014/6830
f 5014/6833 4923/6689 4910/6637 5015/6834
f 5016/6788 4911/6636 4924/6690 5017/6789
f 5017/6792 4924/6691 4912/6635 5018/6793
f 5019/6805 4913/6642 4925/6692 5020/6806
f 5020/6809 4925/6693 4914/6651 5021/6810
f 5022/6815 4915/6650 4926/6694 5023/6816
f 5023/6819 4926/6695 4916/6649 5024/6820
f 5025/6866 4917/6648 4927/6696 5026/6867
f 5026/6867 4927/6696 4918/6697 5027/6869
f 5028/6836 4919/6699 4928/6698 5029/6837
f 5029/6837 4928/6698 4920/6643 5030/6839
f 4933/6894 5031/6895 4929/6772 4934/6774
f 4929/6772 5031/6895 4931/6896 4930/6769
f 4931/6896 5031/6895 4933/6894 4932/6897
f 4939/6898 5032/6899 4935/6784 4940/6786
f 4935/6784 5032/6899 4937/6900 4936/6781
f 4937/6900 5032/6899 4939/6898 4938/6901
f 4954/6902 5033/6903 4947/6791 4953/6794
f 4947/6790 5033/6904 4949/6796 4948/6787
f 4949/6796 5033/6904 4951/6802 4950/6766
f 4951/6801 5033/6903 4954/6902 4952/6798
f 4961/6814 5034/6905 4956/6808 4955/6811
f 4956/6807 5034/6906 4962/6907 4957/6804
f 4962/6907 5034/6906 4959/6800 4958/6799
f 4959/6803 5034/6905 4961/6814 4960/6767
f 4970/6908 5035/6909 4963/6818 4969/6821
f 4963/6817 5035/6910 4965/6813 4964/6812
f 4965/6813 5035/6910 4967/6826 4966/6768
f 4967/6825 5035/6909 4970/6908 4968/6822
f 4977/6795 5036/6911 4972/6832 4971/6797
f 4972/6831 5036/6912 4978/6913 4973/6828
f 4978/6913 5036/6912 4975/6824 4974/6823
f 4975/6827 5036/6911 4977/6795 4976/6765
f 4986/6888 5037/6914 4979/6838 4985/6840
f 4979/6838 5037/6914 4981/6915 4980/6835
f 4981/6915 5037/6914 4983/6850 4982/6852
f 4983/6850 5037/6914 4986/6888 4984/6847
f 4991/6916 5038/6917 4987/6918 4992/6919
f 4987/6918 5038/6917 4989/6849 4988/6848
f 4989/6849 5038/6917 4991/6916 4990/6851
f 4997/6862 5039/6920 4993/6921 4998/6859
f 4993/6921 5039/6920 4995/6922 4994/6923
f 4995/6922 5039/6920 4997/6862 4996/6864
f 5005/6924 5040/6925 5000/6868 4999/6870
f 5000/6868 5040/6925 5006/6926 5001/6865
f 5006/6926 5040/6925 5003/6861 5002/6860
f 5003/6861 5040/6925 5005/6924 5004/6863
f 4954/6902 4953/6794 5289/6887 5290/6927
f 4962/6907 4958/6799 5294/6878 5298/6928
f 4957/6804 4962/6907 5298/6928 5293/6929
f 4985/6840 4957/6804 5293/6929 5321/6930
f 4986/6888 4985/6840 5321/6930 5322/6889
f 5136/6931 5110/6932 5120/6933 5126/6934
f 5042/6935 5152/6936 5147/6937 5041/6938
f 5041/6938 5147/6937 5148/6939 5046/6940
f 5044/6941 5053/6942 5054/6943 5043/6944
f 5043/6944 5054/6943 5055/6945 5042/6946
f 5051/6947 5158/6948 5153/6949 5050/6950
f 5050/6950 5153/6949 5154/6951 5055/6952
f 5053/6953 5056/6954 5057/6955 5052/6956
f 5052/6956 5057/6955 5058/6957 5051/6947
f 5073/6958 5078/6959 5079/6960 5072/6961
f 5072/6961 5079/6960 5080/6962 5071/6963
f 5078/6959 5090/6964 5091/6965 5077/6966
f 5077/6966 5091/6965 5092/6967 5082/6968
f 5082/6969 5084/6970 5085/6971 5081/6972
f 5081/6972 5085/6971 5086/6973 5080/6974
f 5084/6975 5098/6976 5099/6977 5083/6978
f 5083/6978 5099/6977 5100/6979 5088/6980
f 5090/6964 5101/6981 5102/6982 5089/6983
f 5089/6983 5102/6982 5103/6984 5094/6985
f 5094/6986 5096/6987 5097/6988 5093/6989
f 5093/6989 5097/6988 5098/6990 5092/6991
f 5096/6992 5104/6993 5105/6994 5095/6995
f 5095/6995 5105/6994 5106/6996 5100/6979
f 5108/6997 5176/6998 5177/6999 5107/7000
f 5107/7001 5177/7002 5178/7003 5113/7004
f 5110/6932 5136/6931 5137/7005 5109/7006
f 5109/7006 5137/7005 5131/7007 5108/6997
f 5112/7008 5118/7009 5119/7010 5111/7011
f 5111/7012 5119/7013 5120/6933 5110/6932
f 5117/7014 5179/7015 5180/7016 5116/7017
f 5116/7018 5180/7019 5181/7020 5115/7021
f 5115/7021 5124/7022 5125/7023 5121/7024
f 5121/7024 5125/7023 5126/6934 5120/6933
f 5124/7022 5182/7025 5183/7026 5123/7027
f 5123/7028 5183/7029 5184/7030 5129/7031
f 5128/7032 5134/7033 5135/7034 5127/7035
f 5127/7036 5135/7037 5136/6931 5126/6934
f 5133/7038 5173/7039 5174/7040 5132/7041
f 5132/7042 5174/7043 5175/7044 5131/7007
f 5140/7045 5188/7046 5189/7047 5139/7048
f 5139/7048 5189/7047 5190/7049 5145/7050
f 5142/7051 5164/7052 5165/7053 5141/7054
f 5141/7054 5165/7053 5159/7055 5140/7056
f 5144/7057 5148/6939 5149/7058 5143/7059
f 5143/7059 5149/7058 5150/7060 5142/7061
f 5152/7062 5154/7063 5155/7064 5151/7065
f 5151/7065 5155/7064 5156/7066 5150/7067
f 5158/6948 5162/7068 5163/7069 5157/7070
f 5157/7070 5163/7069 5164/7071 5156/7072
f 5161/7073 5185/7074 5186/7075 5160/7076
f 5160/7076 5186/7075 5187/7077 5159/7078
f 5044/6941 5047/7079 5056/7080 5053/6942
f 5047/7079 5238/7081 5237/7082 5056/7080
f 5059/7083 5065/7084 5068/7085 5062/7086
f 5207/7087 5071/7088 5074/7089 5208/7090
f 5071/7088 5080/6974 5086/6973 5074/7089
f 5082/6969 5092/6991 5098/6990 5084/6970
f 5094/6986 5103/7091 5104/7092 5096/6987
f 5152/7062 5042/6946 5055/6945 5154/7063
f 5051/6947 5058/6957 5162/7068 5158/6948
f 5229/7093 5217/7094 5129/7031 5161/7073
f 5064/7095 5070/7096 5134/7033 5128/7032
f 5210/7097 5076/7098 5106/6996 5133/7038
f 5076/7098 5088/6980 5100/6979 5106/6996
f 5148/6939 5144/7057 5049/7099 5046/6940
f 5112/7008 5067/7100 5061/7101 5118/7009
f 5101/6981 5090/6964 5078/6959 5073/6958
f 5103/7091 5169/7102 5170/7103 5104/7092
f 5106/6996 5172/7104 5173/7039 5133/7038
f 5178/7003 5167/7105 5101/6981 5113/7004
f 5184/7030 5185/7074 5161/7073 5129/7031
f 5190/7049 5179/7015 5117/7014 5145/7050
f 5178/7003 5248/7106 5241/7107 5167/7105
f 5175/7044 5246/7108 5247/7109 5176/6998
f 5172/7104 5244/7110 5245/7111 5173/7039
f 5169/7102 5242/7112 5243/7113 5170/7103
f 5190/7049 5256/7114 5249/7115 5179/7015
f 5187/7116 5254/7117 5255/7118 5188/7119
f 5184/7030 5252/7120 5253/7121 5185/7074
f 5181/7020 5250/7122 5251/7123 5182/7025
f 5113/7004 5101/6981 5073/6958 5205/7124
f 5146/7125 5240/7126 5049/7099 5144/7057
f 5175/7044 5176/6998 5108/6997 5131/7007
f 5181/7020 5182/7025 5124/7022 5115/7021
f 5187/7116 5188/7119 5140/7056 5159/7055
f 5150/7067 5156/7066 5164/7052 5142/7051
f 5046/6940 5049/7099 5048/7127 5045/7128
f 5045/7128 5048/7127 5047/7129 5044/7130
f 5056/6954 5237/7131 5236/7132 5057/6955
f 5057/6955 5236/7132 5235/7133 5058/6957
f 5049/7099 5240/7126 5239/7134 5048/7127
f 5048/7127 5239/7134 5238/7135 5047/7129
f 5062/7136 5068/7137 5069/7138 5063/7139
f 5063/7139 5069/7138 5070/7096 5064/7095
f 5061/7101 5067/7100 5066/7140 5060/7141
f 5060/7141 5066/7140 5065/7142 5059/7143
f 5208/7144 5074/7145 5075/7146 5209/7147
f 5209/7147 5075/7146 5076/7098 5210/7097
f 5205/7124 5073/6958 5072/6961 5206/7148
f 5206/7148 5072/6961 5071/6963 5207/7149
f 5074/7145 5086/7150 5087/7151 5075/7146
f 5075/7146 5087/7151 5088/6980 5076/7098
f 5101/6981 5167/7105 5168/7152 5102/6982
f 5102/6982 5168/7152 5169/7153 5103/6984
f 5104/6993 5170/7154 5171/7155 5105/6994
f 5105/6994 5171/7155 5172/7104 5106/6996
f 5167/7105 5241/7107 5257/7156 5168/7152
f 5168/7152 5257/7156 5242/7157 5169/7153
f 5170/7154 5243/7158 5258/7159 5171/7155
f 5171/7155 5258/7159 5244/7110 5172/7104
f 5173/7039 5245/7111 5259/7160 5174/7040
f 5174/7043 5259/7161 5246/7108 5175/7044
f 5176/6998 5247/7109 5260/7162 5177/6999
f 5177/7002 5260/7163 5248/7106 5178/7003
f 5179/7015 5249/7115 5261/7164 5180/7016
f 5180/7019 5261/7165 5250/7122 5181/7020
f 5182/7025 5251/7123 5262/7166 5183/7026
f 5183/7029 5262/7167 5252/7120 5184/7030
f 5185/7074 5253/7121 5263/7168 5186/7075
f 5186/7075 5263/7168 5254/7169 5187/7077
f 5188/7046 5255/7170 5264/7171 5189/7047
f 5189/7047 5264/7171 5256/7114 5190/7049
f 5045/7128 5191/7172 5041/6938 5046/6940
f 5041/6938 5191/7172 5043/7173 5042/6935
f 5043/7173 5191/7172 5045/7128 5044/7130
f 5054/7174 5192/7175 5050/6950 5055/6952
f 5050/6950 5192/7175 5052/6956 5051/6947
f 5052/6956 5192/7175 5054/7174 5053/6953
f 5081/7176 5193/7177 5077/6966 5082/6968
f 5077/6966 5193/7177 5079/6960 5078/6959
f 5079/6960 5193/7177 5081/7176 5080/6962
f 5087/7151 5194/7178 5083/6978 5088/6980
f 5083/6978 5194/7178 5085/7179 5084/6975
f 5085/7179 5194/7178 5087/7151 5086/7150
f 5093/7180 5195/7181 5089/6983 5094/6985
f 5089/6983 5195/7181 5091/6965 5090/6964
f 5091/6965 5195/7181 5093/7180 5092/6967
f 5099/6977 5196/7182 5095/6995 5100/6979
f 5095/6995 5196/7182 5097/7183 5096/6992
f 5097/7183 5196/7182 5099/6977 5098/6976
f 5114/7184 5197/7185 5107/7001 5113/7004
f 5107/7000 5197/7186 5109/7006 5108/6997
f 5109/7006 5197/7186 5111/7012 5110/6932
f 5111/7011 5197/7185 5114/7184 5112/7008
f 5121/7024 5198/7187 5116/7018 5115/7021
f 5116/7017 5198/7188 5122/7189 5117/7014
f 5122/7189 5198/7188 5119/7010 5118/7009
f 5119/7013 5198/7187 5121/7024 5120/6933
f 5130/7190 5199/7191 5123/7028 5129/7031
f 5123/7027 5199/7192 5125/7023 5124/7022
f 5125/7023 5199/7192 5127/7036 5126/6934
f 5127/7035 5199/7191 5130/7190 5128/7032
f 5137/7005 5200/7193 5132/7042 5131/7007
f 5132/7041 5200/7194 5138/7195 5133/7038
f 5138/7195 5200/7194 5135/7034 5134/7033
f 5135/7037 5200/7193 5137/7005 5136/6931
f 5146/7125 5201/7196 5139/7048 5145/7050
f 5139/7048 5201/7196 5141/7197 5140/7045
f 5141/7197 5201/7196 5143/7059 5142/7061
f 5143/7059 5201/7196 5146/7125 5144/7057
f 5151/7198 5202/7199 5147/6937 5152/6936
f 5147/6937 5202/7199 5149/7058 5148/6939
f 5149/7058 5202/7199 5151/7198 5150/7060
f 5157/7070 5203/7200 5153/6949 5158/6948
f 5153/6949 5203/7200 5155/7201 5154/6951
f 5155/7201 5203/7200 5157/7070 5156/7072
f 5165/7202 5204/7203 5160/7076 5159/7078
f 5160/7076 5204/7203 5166/7204 5161/7073
f 5166/7204 5204/7203 5163/7069 5162/7068
f 5163/7069 5204/7203 5165/7202 5164/7071
f 5113/7004 5205/7124 5216/7205 5114/7184
f 5067/7100 5216/7205 5215/7206 5066/7140
f 5066/7140 5215/7206 5214/7207 5065/7142
f 5065/7084 5214/7208 5213/7209 5068/7085
f 5068/7137 5213/7210 5212/7211 5069/7138
f 5069/7138 5212/7211 5211/7212 5070/7096
f 5070/7096 5211/7212 5138/7195 5134/7033
f 5212/7211 5209/7147 5210/7097 5211/7212
f 5213/7210 5208/7144 5209/7147 5212/7211
f 5214/7208 5207/7087 5208/7090 5213/7209
f 5215/7206 5206/7148 5207/7149 5214/7207
f 5216/7205 5205/7124 5206/7148 5215/7206
f 5216/7205 5067/7100 5112/7008 5114/7184
f 5211/7212 5210/7097 5133/7038 5138/7195
f 5217/7094 5228/7213 5130/7190 5129/7031
f 5227/7214 5063/7139 5064/7095 5228/7213
f 5226/7215 5062/7136 5063/7139 5227/7214
f 5225/7216 5059/7083 5062/7086 5226/7217
f 5224/7218 5060/7141 5059/7143 5225/7219
f 5223/7220 5061/7101 5060/7141 5224/7218
f 5122/7189 5118/7009 5061/7101 5223/7220
f 5222/7221 5223/7220 5224/7218 5221/7222
f 5221/7222 5224/7218 5225/7219 5220/7223
f 5220/7224 5225/7216 5226/7217 5219/7225
f 5219/7226 5226/7215 5227/7214 5218/7227
f 5218/7227 5227/7214 5228/7213 5217/7094
f 5117/7014 5122/7189 5223/7220 5222/7221
f 5228/7213 5064/7095 5128/7032 5130/7190
f 5230/7228 5218/7227 5217/7094 5229/7093
f 5231/7229 5219/7226 5218/7227 5230/7228
f 5232/7230 5220/7224 5219/7225 5231/7231
f 5233/7232 5221/7222 5220/7223 5232/7233
f 5234/7234 5222/7221 5221/7222 5233/7232
f 5235/7133 5229/7093 5161/7073 5166/7204
f 5236/7132 5230/7228 5229/7093 5235/7133
f 5237/7131 5231/7229 5230/7228 5236/7132
f 5238/7081 5232/7230 5231/7231 5237/7082
f 5239/7134 5233/7232 5232/7233 5238/7135
f 5240/7126 5234/7234 5233/7232 5239/7134
f 5058/6957 5235/7133 5166/7204 5162/7068
f 5145/7050 5117/7014 5222/7221 5234/7234
f 5146/7125 5145/7050 5234/7234 5240/7126
f 5312/7235 5302/7236 5296/7237 5286/7238
f 5266/6879 5265/7239 5278/7240 5277/6880
f 5265/7239 5270/7241 5279/7242 5278/7240
f 5270/7243 5269/7244 5273/7245 5272/7246
f 5269/7244 5268/7247 5274/7248 5273/7245
f 5272/7249 5271/7250 5281/7251 5280/7252
f 5271/7250 5276/7253 5282/7254 5281/7251
f 5284/7255 5283/7256 5353/7257 5352/7258
f 5283/7259 5289/6887 5354/7260 5353/7261
f 5286/7238 5285/7262 5313/7263 5312/7235
f 5285/7262 5284/7255 5307/7264 5313/7263
f 5288/6877 5287/7265 5295/7266 5294/6878
f 5287/7267 5286/7238 5296/7237 5295/7268
f 5293/6929 5292/7269 5356/7270 5355/7271
f 5292/7272 5291/7273 5357/7274 5356/7275
f 5291/7273 5297/7276 5301/7277 5300/7278
f 5297/7279 5296/7237 5302/7236 5301/7280
f 5300/7278 5299/7281 5359/7282 5358/7283
f 5299/7284 5305/7285 5360/7286 5359/7287
f 5304/7288 5303/7289 5311/7290 5310/7291
f 5303/7292 5302/7236 5312/7235 5311/7293
f 5309/7294 5308/7295 5350/7296 5349/7297
f 5308/7298 5307/7264 5351/7299 5350/7300
f 5316/7301 5315/7302 5365/7303 5364/7304
f 5315/7302 5321/6930 5366/7305 5365/7303
f 5318/7306 5317/7307 5341/7308 5340/7309
f 5317/7307 5316/7310 5335/7311 5341/7308
f 5320/6875 5319/7312 5325/7313 5324/6876
f 5319/7312 5318/7314 5326/7315 5325/7313
f 5328/6873 5327/7316 5331/7317 5330/6874
f 5327/7316 5326/7318 5332/7319 5331/7317
f 5334/7320 5333/7321 5339/7322 5338/7323
f 5333/7321 5332/7324 5340/7325 5339/7322
f 5337/7326 5336/7327 5362/7328 5361/7329
f 5336/7327 5335/7330 5363/7331 5362/7328
f 5270/7243 5272/7246 5280/7332 5279/7333
f 5279/7333 5280/7332 5346/7334 5345/7335
f 5282/7254 5309/7294 5349/7297 5348/7336
f 5354/7260 5289/6887 5277/6880 5343/7337
f 5360/7286 5305/7285 5337/7326 5361/7329
f 5366/7305 5321/6930 5293/6929 5355/7271
f 5354/7260 5343/7337 5241/7107 5248/7106
f 5351/7299 5352/7258 5247/7109 5246/7108
f 5348/7336 5349/7297 5245/7111 5244/7110
f 5345/7335 5346/7334 5243/7113 5242/7112
f 5366/7305 5355/7271 5249/7115 5256/7114
f 5363/7338 5364/7339 5255/7118 5254/7117
f 5360/7286 5361/7329 5253/7121 5252/7120
f 5357/7274 5358/7283 5251/7123 5250/7122
f 5351/7299 5307/7264 5284/7255 5352/7258
f 5357/7274 5291/7273 5300/7278 5358/7283
f 5363/7338 5335/7311 5316/7310 5364/7339
f 5326/7318 5318/7306 5340/7309 5332/7319
f 5277/6880 5278/7240 5344/7340 5343/7337
f 5278/7240 5279/7242 5345/7341 5344/7340
f 5280/7252 5281/7251 5347/7342 5346/7343
f 5281/7251 5282/7254 5348/7336 5347/7342
f 5343/7337 5344/7340 5257/7156 5241/7107
f 5344/7340 5345/7341 5242/7157 5257/7156
f 5346/7343 5347/7342 5258/7159 5243/7158
f 5347/7342 5348/7336 5244/7110 5258/7159
f 5349/7297 5350/7296 5259/7160 5245/7111
f 5350/7300 5351/7299 5246/7108 5259/7161
f 5352/7258 5353/7257 5260/7162 5247/7109
f 5353/7261 5354/7260 5248/7106 5260/7163
f 5355/7271 5356/7270 5261/7164 5249/7115
f 5356/7275 5357/7274 5250/7122 5261/7165
f 5358/7283 5359/7282 5262/7166 5251/7123
f 5359/7287 5360/7286 5252/7120 5262/7167
f 5361/7329 5362/7328 5263/7168 5253/7121
f 5362/7328 5363/7331 5254/7169 5263/7168
f 5364/7304 5365/7303 5264/7171 5255/7170
f 5365/7303 5366/7305 5256/7114 5264/7171
f 5269/7344 5270/7241 5265/7239 5367/7345
f 5265/7239 5266/6879 5267/7346 5367/7345
f 5267/7346 5268/7347 5269/7344 5367/7345
f 5275/7348 5276/7253 5271/7250 5368/7349
f 5271/7250 5272/7249 5273/7350 5368/7349
f 5273/7350 5274/7351 5275/7348 5368/7349
f 5290/6927 5289/6887 5283/7259 5369/7352
f 5283/7256 5284/7255 5285/7262 5369/7353
f 5285/7262 5286/7238 5287/7267 5369/7353
f 5287/7265 5288/6877 5290/6927 5369/7352
f 5297/7276 5291/7273 5292/7272 5370/7354
f 5292/7269 5293/6929 5298/6928 5370/7355
f 5298/6928 5294/6878 5295/7266 5370/7355
f 5295/7268 5296/7237 5297/7279 5370/7356
f 5306/7357 5305/7285 5299/7284 5371/7358
f 5299/7281 5300/7278 5301/7277 5371/7359
f 5301/7280 5302/7236 5303/7292 5371/7360
f 5303/7289 5304/7288 5306/7357 5371/7358
f 5313/7263 5307/7264 5308/7298 5372/7361
f 5308/7295 5309/7294 5314/7362 5372/7363
f 5314/7362 5310/7291 5311/7290 5372/7363
f 5311/7293 5312/7235 5313/7263 5372/7361
f 5322/6889 5321/6930 5315/7302 5373/7364
f 5315/7302 5316/7301 5317/7365 5373/7364
f 5317/7365 5318/7314 5319/7312 5373/7364
f 5319/7312 5320/6875 5322/6889 5373/7364
f 5327/7366 5328/7367 5323/7368 5374/7369
f 5323/7368 5324/6876 5325/7313 5374/7369
f 5325/7313 5326/7315 5327/7366 5374/7369
f 5333/7321 5334/7320 5329/7370 5375/7371
f 5329/7370 5330/7372 5331/7373 5375/7371
f 5331/7373 5332/7324 5333/7321 5375/7371
f 5341/7374 5335/7330 5336/7327 5376/7375
f 5336/7327 5337/7326 5342/7376 5376/7375
f 5342/7376 5338/7323 5339/7322 5376/7375
f 5339/7322 5340/7325 5341/7374 5376/7375
f 4987/6918 5323/7368 5328/7367 4992/6919
f 4988/6848 5324/6876 5323/7368 4987/6918
f 4993/6921 5329/7370 5334/7320 4998/6859
f 4994/6923 5330/7372 5329/7370 4993/6921
f 4931/6896 5267/7346 5266/6879 4930/6769
f 4932/6897 5268/7347 5267/7346 4931/6896
f 4939/6898 5275/7348 5274/7351 4938/6901
f 4940/6786 5276/7253 5275/7348 4939/6898
f 4938/6779 5274/7248 5268/7247 4932/6780
f 4998/6859 5334/7320 5338/7323 5002/6860
f 5001/6865 5337/7326 5305/7285 4969/6821
f 4968/6822 5304/7288 5310/7291 4974/6823
f 4973/6828 5309/7294 5282/7254 4946/6785
f 4946/6785 5282/7254 5276/7253 4940/6786
f 4974/6823 5310/7291 5314/7362 4978/6913
f 4954/6902 5290/6927 5288/6877 4952/6798
f 4978/6913 5314/7362 5309/7294 4973/6828
f 4969/6821 5305/7285 5306/7357 4970/6908
f 4970/6908 5306/7357 5304/7288 4968/6822
f 5006/6926 5342/7376 5337/7326 5001/6865
f 5002/6860 5338/7323 5342/7376 5006/6926
v 18.278759 -111.902011 265.835599
v 18.420170 -111.960579 265.835599
v 18.420170 -111.902011 265.977010
v 18.420170 -111.760601 266.035566
v 18.278759 -111.760601 265.977010
v 18.220191 -111.760601 265.835599
v 18.420170 -109.960581 266.035566
v 18.278759 -109.960581 265.977010
v 18.220191 -109.960581 265.835599
v 20.661619 -111.902011 265.835599
v 20.720189 -111.760601 265.835599
v 20.661619 -111.760601 265.977010
v 20.520208 -111.760601 266.035566
v 20.520208 -111.902011 265.977010
v 20.520208 -111.960579 265.835599
v 20.520208 -109.960581 266.035566
v 20.661619 -109.960581 265.977010
v 20.720189 -109.960581 265.835599
v 18.420170 -107.960582 266.035566
v 18.278759 -107.960582 265.977010
v 18.220191 -107.960582 265.835599
v 20.520208 -107.960582 266.035566
v 20.661619 -107.960582 265.977010
v 20.720189 -107.960582 265.835599
v 18.420170 -105.960582 266.035566
v 18.278759 -105.960582 265.977010
v 18.220191 -105.960582 265.835599
v 20.520208 -105.960582 266.035566
v 20.661619 -105.960582 265.977010
v 20.720189 -105.960582 265.835599
v 18.420170 -103.960581 266.035566
v 18.278759 -103.960581 265.977010
v 18.220191 -103.960581 265.835599
v 20.520208 -103.960581 266.035566
v 20.661619 -103.960581 265.977010
v 20.720189 -103.960581 265.835599
v 18.278759 -102.019150 265.835599
v 18.220191 -102.160561 265.835599
v 18.278759 -102.160561 265.977010
v 18.420170 -102.160561 266.035566
v 18.420170 -102.019150 265.977010
v 18.420170 -101.960582 265.835599
v 20.661619 -102.019150 265.835599
v 20.520208 -101.960582 265.835599
v 20.520208 -102.019150 265.977010
v 20.520208 -102.160561 266.035566
v 20.661619 -102.160561 265.977010
v 20.720189 -102.160561 265.835599
v 18.278759 -102.160561 263.594121
v 18.220191 -102.160561 263.735532
v 18.278759 -102.019150 263.735532
v 18.420170 -101.960582 263.735532
v 18.420170 -102.019150 263.594121
v 18.420170 -102.160561 263.535566
v 20.661619 -102.160561 263.594121
v 20.520208 -102.160561 263.535566
v 20.520208 -102.019150 263.594121
v 20.520208 -101.960582 263.735532
v 20.661619 -102.019150 263.735532
v 20.720189 -102.160561 263.735532
v 18.220191 -104.160561 263.735532
v 18.278759 -104.019152 263.594121
v 18.420170 -103.960581 263.535566
v 20.520208 -103.960581 263.535566
v 20.661619 -104.019152 263.594121
v 20.720189 -104.160561 263.735532
v 18.278759 -105.902011 263.394155
v 18.420170 -105.960582 263.335599
v 18.420170 -106.019151 263.477010
v 18.420170 -106.160561 263.535566
v 18.278759 -106.101991 263.594121
v 18.220191 -105.960582 263.735532
v 18.220191 -105.760603 263.535566
v 18.220191 -105.819171 263.676995
v 18.420170 -107.960582 263.335599
v 18.278759 -108.019161 263.394155
v 18.220191 -108.160561 263.535566
v 18.220191 -107.960582 263.735532
v 18.278759 -107.819181 263.594121
v 18.420170 -107.760601 263.535566
v 18.420170 -107.902011 263.477010
v 18.220191 -108.101992 263.676995
v 20.661619 -108.019161 263.394155
v 20.520208 -107.960582 263.335599
v 20.520208 -107.902011 263.477010
v 20.520208 -107.760601 263.535566
v 20.661619 -107.819181 263.594121
v 20.720189 -107.960582 263.735532
v 20.720189 -108.160561 263.535566
v 20.720189 -108.101992 263.676995
v 20.520208 -105.960582 263.335599
v 20.661619 -105.902011 263.394155
v 20.720189 -105.760603 263.535566
v 20.720189 -105.960582 263.735532
v 20.661619 -106.101991 263.594121
v 20.520208 -106.160561 263.535566
v 20.520208 -106.019151 263.477010
v 20.720189 -105.819171 263.676995
v 18.278759 -109.902012 263.394155
v 18.420170 -109.960581 263.335599
v 18.420170 -110.019151 263.477010
v 18.420170 -110.160562 263.535566
v 18.278759 -110.101991 263.594121
v 18.220191 -109.960581 263.735532
v 18.220191 -109.760601 263.535566
v 18.220191 -109.819171 263.676995
v 18.278759 -111.902011 263.735532
v 18.220191 -111.760601 263.735532
v 18.278759 -111.760601 263.594121
v 18.420170 -111.760601 263.535566
v 18.420170 -111.902011 263.594121
v 18.420170 -111.960579 263.735532
v 20.661619 -111.902011 263.735532
v 20.520208 -111.960579 263.735532
v 20.520208 -111.902011 263.594121
v 20.520208 -111.760601 263.535566
v 20.661619 -111.760601 263.594121
v 20.720189 -111.760601 263.735532
v 20.520208 -109.960581 263.335599
v 20.661619 -109.902012 263.394155
v 20.720189 -109.760601 263.535566
v 20.720189 -109.960581 263.735532
v 20.661619 -110.101991 263.594121
v 20.520208 -110.160562 263.535566
v 20.520208 -110.019151 263.477010
v 20.720189 -109.819171 263.676995
v 18.220191 -104.160561 259.160585
v 18.278759 -104.019152 259.160585
v 18.420170 -103.960581 259.160585
v 20.520208 -103.960581 259.160585
v 20.661619 -104.019152 259.160585
v 20.720189 -104.160561 259.160585
v 20.720189 -105.760603 259.160585
v 20.661619 -105.902011 259.160585
v 20.520208 -105.960582 259.160585
v 18.420170 -105.960582 259.160585
v 18.278759 -105.902011 259.160585
v 18.220191 -105.760603 259.160585
v 18.220191 -108.160561 259.160585
v 18.278759 -108.019151 259.160585
v 18.420170 -107.960582 259.160585
v 20.520208 -107.960582 259.160585
v 20.661619 -108.019151 259.160585
v 20.720189 -108.160561 259.160585
v 20.720189 -109.760601 259.160585
v 20.661619 -109.902012 259.160585
v 20.520208 -109.960581 259.160585
v 18.420170 -109.960581 259.160585
v 18.278759 -109.902012 259.160585
v 18.220191 -109.760601 259.160585
v 18.304749 -111.876021 265.950994
v 20.635629 -111.876021 265.950994
v 18.304749 -102.045141 265.950994
v 20.635629 -102.045141 265.950994
v 18.304749 -102.045141 263.620156
v 20.635629 -102.045141 263.620156
v 18.278759 -105.960582 263.535566
v 18.278759 -107.960582 263.535566
v 20.661619 -107.960582 263.535566
v 20.661619 -105.960582 263.535566
v 18.278759 -109.960581 263.535566
v 18.304749 -111.876021 263.620156
v 20.635629 -111.876021 263.620156
v 20.661619 -109.960581 263.535566
v 18.220191 -105.760581 265.835599
v 18.278759 -105.760581 265.977010
v 18.420170 -105.760581 266.035566
v 20.520208 -105.760581 266.035566
v 20.661619 -105.760581 265.977010
v 20.720189 -105.760581 265.835599
v 20.720189 -105.860581 265.835599
v 20.661619 -105.860581 265.977010
v 20.520208 -105.860581 266.035566
v 18.420170 -105.860581 266.035566
v 18.278759 -105.860581 265.977010
v 18.220191 -105.860581 265.835599
v 20.720189 -108.160581 265.835599
v 20.661619 -108.160581 265.977010
v 20.520208 -108.160581 266.035566
v 18.420170 -108.160581 266.035566
v 18.278759 -108.160581 265.977010
v 18.220191 -108.160581 265.835599
v 18.220191 -108.060581 265.835599
v 18.278759 -108.060581 265.977010
v 18.420170 -108.060581 266.035566
v 20.520208 -108.060581 266.035566
v 20.661619 -108.060581 265.977010
v 20.720189 -108.060581 265.835599
v 20.720189 -109.780581 265.835599
v 20.661619 -109.780581 265.977010
v 20.520208 -109.780581 266.035566
v 18.420170 -109.780581 266.035566
v 18.278759 -109.780581 265.977010
v 18.220191 -109.780581 265.835599
v 20.720189 -109.852581 265.835599
v 20.661619 -109.852581 265.977010
v 20.520208 -109.852581 266.035566
v 18.420170 -109.852581 266.035566
v 18.278759 -109.852581 265.977010
v 18.220191 -109.852581 265.835599
v 18.220191 -104.160561 255.872583
v 18.420170 -103.960581 255.872583
v 20.520208 -103.960581 255.872583
v 20.720189 -104.160561 255.872583
v 20.720189 -105.760603 255.872583
v 20.520208 -105.960582 255.872583
v 18.420170 -105.960582 255.872583
v 18.220191 -105.760603 255.872583
v 18.220191 -108.160561 255.872583
v 18.420170 -107.960582 255.872583
v 20.520208 -107.960582 255.872583
v 20.720189 -108.160561 255.872583
v 20.720189 -109.760601 255.872583
v 20.520208 -109.960581 255.872583
v 18.420170 -109.960581 255.872583
v 18.220191 -109.760601 255.872583
v 18.278759 -104.019152 255.872583
v 20.661619 -104.019152 255.872583
v 20.661619 -105.902011 255.872583
v 18.278759 -105.902011 255.872583
v 18.278759 -108.019151 255.872583
v 20.661619 -108.019151 255.872583
v 20.661619 -109.902012 255.872583
v 18.278759 -109.902012 255.872583
v 18.278759 -102.160561 248.151025
v 18.220191 -102.160561 248.009614
v 18.278759 -102.019150 248.009614
v 18.420170 -101.960582 248.009614
v 18.420170 -102.019150 248.151025
v 18.420170 -102.160561 248.209581
v 20.661619 -102.160561 248.151025
v 20.520208 -102.160561 248.209581
v 20.520208 -102.019150 248.151025
v 20.520208 -101.960582 248.009614
v 20.661619 -102.019150 248.009614
v 20.720189 -102.160561 248.009614
v 18.220191 -104.160561 248.009614
v 18.278759 -104.019152 248.151025
v 18.420170 -103.960581 248.209581
v 20.520208 -103.960581 248.209581
v 20.661619 -104.019152 248.151025
v 20.720189 -104.160561 248.009614
v 18.278759 -105.902011 248.350991
v 18.420170 -105.960582 248.409547
v 18.420170 -106.019151 248.268136
v 18.420170 -106.160561 248.209581
v 18.278759 -106.101991 248.151025
v 18.220191 -105.960582 248.009614
v 18.220191 -105.760603 248.209581
v 18.220191 -105.819171 248.068170
v 18.420170 -107.960582 248.409547
v 18.278759 -108.019161 248.350991
v 18.220191 -108.160561 248.209581
v 18.220191 -107.960582 248.009614
v 18.278759 -107.819181 248.151025
v 18.420170 -107.760601 248.209581
v 18.420170 -107.902011 248.268136
v 18.220191 -108.101992 248.068170
v 20.661619 -108.019161 248.350991
v 20.520208 -107.960582 248.409547
v 20.520208 -107.902011 248.268136
v 20.520208 -107.760601 248.209581
v 20.661619 -107.819181 248.151025
v 20.720189 -107.960582 248.009614
v 20.720189 -108.160561 248.209581
v 20.720189 -108.101992 248.068170
v 20.520208 -105.960582 248.409547
v 20.661619 -105.902011 248.350991
v 20.720189 -105.760603 248.209581
v 20.720189 -105.960582 248.009614
v 20.661619 -106.101991 248.151025
v 20.520208 -106.160561 248.209581
v 20.520208 -106.019151 248.268136
v 20.720189 -105.819171 248.068170
v 18.278759 -109.902012 248.350991
v 18.420170 -109.960581 248.409547
v 18.420170 -110.019151 248.268136
v 18.420170 -110.160562 248.209581
v 18.278759 -110.101991 248.151025
v 18.220191 -109.960581 248.009614
v 18.220191 -109.760601 248.209581
v 18.220191 -109.819171 248.068170
v 18.278759 -111.902011 248.009614
v 18.220191 -111.760601 248.009614
v 18.278759 -111.760601 248.151025
v 18.420170 -111.760601 248.209581
v 18.420170 -111.902011 248.151025
v 18.420170 -111.960579 248.009614
v 20.661619 -111.902011 248.009614
v 20.520208 -111.960579 248.009614
v 20.520208 -111.902011 248.151025
v 20.520208 -111.760601 248.209581
v 20.661619 -111.760601 248.151025
v 20.720189 -111.760601 248.009614
v 20.520208 -109.960581 248.409547
v 20.661619 -109.902012 248.350991
v 20.720189 -109.760601 248.209581
v 20.720189 -109.960581 248.009614
v 20.661619 -110.101991 248.151025
v 20.520208 -110.160562 248.209581
v 20.520208 -110.019151 248.268136
v 20.720189 -109.819171 248.068170
v 18.220191 -104.160561 252.584562
v 18.278759 -104.019152 252.584562
v 18.420170 -103.960581 252.584562
v 20.520208 -103.960581 252.584562
v 20.661619 -104.019152 252.584562
v 20.720189 -104.160561 252.584562
v 20.720189 -105.760603 252.584562
v 20.661619 -105.902011 252.584562
v 20.520208 -105.960582 252.584562
v 18.420170 -105.960582 252.584562
v 18.278759 -105.902011 252.584562
v 18.220191 -105.760603 252.584562
v 18.220191 -108.160561 252.584562
v 18.278759 -108.019151 252.584562
v 18.420170 -107.960582 252.584562
v 20.520208 -107.960582 252.584562
v 20.661619 -108.019151 252.584562
v 20.720189 -108.160561 252.584562
v 20.720189 -109.760601 252.584562
v 20.661619 -109.902012 252.584562
v 20.520208 -109.960581 252.584562
v 18.420170 -109.960581 252.584562
v 18.278759 -109.902012 252.584562
v 18.220191 -109.760601 252.584562
v 18.304749 -102.045141 248.125009
v 20.635629 -102.045141 248.125009
v 18.278759 -105.960582 248.209581
v 18.278759 -107.960582 248.209581
v 20.661619 -107.960582 248.209581
v 20.661619 -105.960582 248.209581
v 18.278759 -109.960581 248.209581
v 18.304749 -111.876021 248.125009
v 20.635629 -111.876021 248.125009
v 20.661619 -109.960581 248.209581
v 18.278759 -111.902011 228.812780
v 18.420170 -111.960579 228.812780
v 18.420170 -111.902011 228.671369
v 18.420170 -111.760601 228.612813
v 18.278759 -111.760601 228.671369
v 18.220191 -111.760601 228.812780
v 18.420170 -109.960581 228.612813
v 18.278759 -109.960581 228.671369
v 18.220191 -109.960581 228.812780
v 20.661619 -111.902011 228.812780
v 20.720189 -111.760601 228.812780
v 20.661619 -111.760601 228.671369
v 20.520208 -111.760601 228.612813
v 20.520208 -111.902011 228.671369
v 20.520208 -111.960579 228.812780
v 20.520208 -109.960581 228.612813
v 20.661619 -109.960581 228.671369
v 20.720189 -109.960581 228.812780
v 18.420170 -107.960582 228.612813
v 18.278759 -107.960582 228.671369
v 18.220191 -107.960582 228.812780
v 20.520208 -107.960582 228.612813
v 20.661619 -107.960582 228.671369
v 20.720189 -107.960582 228.812780
v 18.420170 -105.960582 228.612813
v 18.278759 -105.960582 228.671369
v 18.220191 -105.960582 228.812780
v 20.520208 -105.960582 228.612813
v 20.661619 -105.960582 228.671369
v 20.720189 -105.960582 228.812780
v 18.420170 -103.960581 228.612813
v 18.278759 -103.960581 228.671369
v 18.220191 -103.960581 228.812780
v 20.520208 -103.960581 228.612813
v 20.661619 -103.960581 228.671369
v 20.720189 -103.960581 228.812780
v 18.278759 -102.019150 228.812780
v 18.220191 -102.160561 228.812780
v 18.278759 -102.160561 228.671369
v 18.420170 -102.160561 228.612813
v 18.420170 -102.019150 228.671369
v 18.420170 -101.960582 228.812780
v 20.661619 -102.019150 228.812780
v 20.520208 -101.960582 228.812780
v 20.520208 -102.019150 228.671369
v 20.520208 -102.160561 228.612813
v 20.661619 -102.160561 228.671369
v 20.720189 -102.160561 228.812780
v 18.278759 -102.160561 231.054258
v 18.220191 -102.160561 230.912847
v 18.278759 -102.019150 230.912847
v 18.420170 -101.960582 230.912847
v 18.420170 -102.019150 231.054258
v 18.420170 -102.160561 231.112813
v 20.661619 -102.160561 231.054258
v 20.520208 -102.160561 231.112813
v 20.520208 -102.019150 231.054258
v 20.520208 -101.960582 230.912847
v 20.661619 -102.019150 230.912847
v 20.720189 -102.160561 230.912847
v 18.220191 -104.160561 230.912847
v 18.278759 -104.019152 231.054258
v 18.420170 -103.960581 231.112813
v 20.520208 -103.960581 231.112813
v 20.661619 -104.019152 231.054258
v 20.720189 -104.160561 230.912847
v 18.278759 -105.902011 231.254224
v 18.420170 -105.960582 231.312780
v 18.420170 -106.019151 231.171369
v 18.420170 -106.160561 231.112813
v 18.278759 -106.101991 231.054258
v 18.220191 -105.960582 230.912847
v 18.220191 -105.760603 231.112813
v 18.220191 -105.819171 230.971402
v 18.420170 -107.960582 231.312780
v 18.278759 -108.019161 231.254224
v 18.220191 -108.160561 231.112813
v 18.220191 -107.960582 230.912847
v 18.278759 -107.819181 231.054258
v 18.420170 -107.760601 231.112813
v 18.420170 -107.902011 231.171369
v 18.220191 -108.101992 230.971402
v 20.661619 -108.019161 231.254224
v 20.520208 -107.960582 231.312780
v 20.520208 -107.902011 231.171369
v 20.520208 -107.760601 231.112813
v 20.661619 -107.819181 231.054258
v 20.720189 -107.960582 230.912847
v 20.720189 -108.160561 231.112813
v 20.720189 -108.101992 230.971402
v 20.520208 -105.960582 231.312780
v 20.661619 -105.902011 231.254224
v 20.720189 -105.760603 231.112813
v 20.720189 -105.960582 230.912847
v 20.661619 -106.101991 231.054258
v 20.520208 -106.160561 231.112813
v 20.520208 -106.019151 231.171369
v 20.720189 -105.819171 230.971402
v 18.278759 -109.902012 231.254224
v 18.420170 -109.960581 231.312780
v 18.420170 -110.019151 231.171369
v 18.420170 -110.160562 231.112813
v 18.278759 -110.101991 231.054258
v 18.220191 -109.960581 230.912847
v 18.220191 -109.760601 231.112813
v 18.220191 -109.819171 230.971402
v 18.278759 -111.902011 230.912847
v 18.220191 -111.760601 230.912847
v 18.278759 -111.760601 231.054258
v 18.420170 -111.760601 231.112813
v 18.420170 -111.902011 231.054258
v 18.420170 -111.960579 230.912847
v 20.661619 -111.902011 230.912847
v 20.520208 -111.960579 230.912847
v 20.520208 -111.902011 231.054258
v 20.520208 -111.760601 231.112813
v 20.661619 -111.760601 231.054258
v 20.720189 -111.760601 230.912847
v 20.520208 -109.960581 231.312780
v 20.661619 -109.902012 231.254224
v 20.720189 -109.760601 231.112813
v 20.720189 -109.960581 230.912847
v 20.661619 -110.101991 231.054258
v 20.520208 -110.160562 231.112813
v 20.520208 -110.019151 231.171369
v 20.720189 -109.819171 230.971402
v 18.220191 -104.160561 235.487794
v 18.278759 -104.019152 235.487794
v 18.420170 -103.960581 235.487794
v 20.520208 -103.960581 235.487794
v 20.661619 -104.019152 235.487794
v 20.720189 -104.160561 235.487794
v 20.720189 -105.760603 235.487794
v 20.661619 -105.902011 235.487794
v 20.520208 -105.960582 235.487794
v 18.420170 -105.960582 235.487794
v 18.278759 -105.902011 235.487794
v 18.220191 -105.760603 235.487794
v 18.220191 -108.160561 235.487794
v 18.278759 -108.019151 235.487794
v 18.420170 -107.960582 235.487794
v 20.520208 -107.960582 235.487794
v 20.661619 -108.019151 235.487794
v 20.720189 -108.160561 235.487794
v 20.720189 -109.760601 235.487794
v 20.661619 -109.902012 235.487794
v 20.520208 -109.960581 235.487794
v 18.420170 -109.960581 235.487794
v 18.278759 -109.902012 235.487794
v 18.220191 -109.760601 235.487794
v 18.304749 -111.876021 228.697385
v 20.635629 -111.876021 228.697385
v 18.304749 -102.045141 228.697385
v 20.635629 -102.045141 228.697385
v 18.304749 -102.045141 231.028241
v 20.635629 -102.045141 231.028241
v 18.278759 -105.960582 231.112813
v 18.278759 -107.960582 231.112813
v 20.661619 -107.960582 231.112813
v 20.661619 -105.960582 231.112813
v 18.278759 -109.960581 231.112813
v 18.304749 -111.876021 231.028241
v 20.635629 -111.876021 231.028241
v 20.661619 -109.960581 231.112813
v 18.220191 -105.760581 228.812780
v 18.278759 -105.760581 228.671369
v 18.420170 -105.760581 228.612813
v 20.520208 -105.760581 228.612813
v 20.661619 -105.760581 228.671369
v 20.720189 -105.760581 228.812780
v 20.720189 -105.860581 228.812780
v 20.661619 -105.860581 228.671369
v 20.520208 -105.860581 228.612813
v 18.420170 -105.860581 228.612813
v 18.278759 -105.860581 228.671369
v 18.220191 -105.860581 228.812780
v 20.720189 -108.160581 228.812780
v 20.661619 -108.160581 228.671369
v 20.520208 -108.160581 228.612813
v 18.420170 -108.160581 228.612813
v 18.278759 -108.160581 228.671369
v 18.220191 -108.160581 228.812780
v 18.220191 -108.060581 228.812780
v 18.278759 -108.060581 228.671369
v 18.420170 -108.060581 228.612813
v 20.520208 -108.060581 228.612813
v 20.661619 -108.060581 228.671369
v 20.720189 -108.060581 228.812780
v 20.720189 -109.780581 228.812780
v 20.661619 -109.780581 228.671369
v 20.520208 -109.780581 228.612813
v 18.420170 -109.780581 228.612813
v 18.278759 -109.780581 228.671369
v 18.220191 -109.780581 228.812780
v 20.720189 -109.852581 228.812780
v 20.661619 -109.852581 228.671369
v 20.520208 -109.852581 228.612813
v 18.420170 -109.852581 228.612813
v 18.278759 -109.852581 228.671369
v 18.220191 -109.852581 228.812780
v 18.220191 -104.160561 238.775815
v 18.420170 -103.960581 238.775815
v 20.520208 -103.960581 238.775815
v 20.720189 -104.160561 238.775815
v 20.720189 -105.760603 238.775815
v 20.520208 -105.960582 238.775815
v 18.420170 -105.960582 238.775815
v 18.220191 -105.760603 238.775815
v 18.220191 -108.160561 238.775815
v 18.420170 -107.960582 238.775815
v 20.520208 -107.960582 238.775815
v 20.720189 -108.160561 238.775815
v 20.720189 -109.760601 238.775815
v 20.520208 -109.960581 238.775815
v 18.420170 -109.960581 238.775815
v 18.220191 -109.760601 238.775815
v 18.278759 -104.019152 238.775815
v 20.661619 -104.019152 238.775815
v 20.661619 -105.902011 238.775815
v 18.278759 -105.902011 238.775815
v 18.278759 -108.019151 238.775815
v 20.661619 -108.019151 238.775815
v 20.661619 -109.902012 238.775815
v 18.278759 -109.902012 238.775815
v 18.278759 -102.160561 246.497354
v 18.220191 -102.160561 246.638765
v 18.278759 -102.019150 246.638765
v 18.420170 -101.960582 246.638765
v 18.420170 -102.019150 246.497354
v 18.420170 -102.160561 246.438798
v 20.661619 -102.160561 246.497354
v 20.520208 -102.160561 246.438798
v 20.520208 -102.019150 246.497354
v 20.520208 -101.960582 246.638765
v 20.661619 -102.019150 246.638765
v 20.720189 -102.160561 246.638765
v 18.220191 -104.160561 246.638765
v 18.278759 -104.019152 246.497354
v 18.420170 -103.960581 246.438798
v 20.520208 -103.960581 246.438798
v 20.661619 -104.019152 246.497354
v 20.720189 -104.160561 246.638765
v 18.278759 -105.902011 246.297387
v 18.420170 -105.960582 246.238832
v 18.420170 -106.019151 246.380243
v 18.420170 -106.160561 246.438798
v 18.278759 -106.101991 246.497354
v 18.220191 -105.960582 246.638765
v 18.220191 -105.760603 246.438798
v 18.220191 -105.819171 246.580209
v 18.420170 -107.960582 246.238832
v 18.278759 -108.019161 246.297387
v 18.220191 -108.160561 246.438798
v 18.220191 -107.960582 246.638765
v 18.278759 -107.819181 246.497354
v 18.420170 -107.760601 246.438798
v 18.420170 -107.902011 246.380243
v 18.220191 -108.101992 246.580209
v 20.661619 -108.019161 246.297387
v 20.520208 -107.960582 246.238832
v 20.520208 -107.902011 246.380243
v 20.520208 -107.760601 246.438798
v 20.661619 -107.819181 246.497354
v 20.720189 -107.960582 246.638765
v 20.720189 -108.160561 246.438798
v 20.720189 -108.101992 246.580209
v 20.520208 -105.960582 246.238832
v 20.661619 -105.902011 246.297387
v 20.720189 -105.760603 246.438798
v 20.720189 -105.960582 246.638765
v 20.661619 -106.101991 246.497354
v 20.520208 -106.160561 246.438798
v 20.520208 -106.019151 246.380243
v 20.720189 -105.819171 246.580209
v 18.278759 -109.902012 246.297387
v 18.420170 -109.960581 246.238832
v 18.420170 -110.019151 246.380243
v 18.420170 -110.160562 246.438798
v 18.278759 -110.101991 246.497354
v 18.220191 -109.960581 246.638765
v 18.220191 -109.760601 246.438798
v 18.220191 -109.819171 246.580209
v 18.278759 -111.902011 246.638765
v 18.220191 -111.760601 246.638765
v 18.278759 -111.760601 246.497354
v 18.420170 -111.760601 246.438798
v 18.420170 -111.902011 246.497354
v 18.420170 -111.960579 246.638765
v 20.661619 -111.902011 246.638765
v 20.520208 -111.960579 246.638765
v 20.520208 -111.902011 246.497354
v 20.520208 -111.760601 246.438798
v 20.661619 -111.760601 246.497354
v 20.720189 -111.760601 246.638765
v 20.520208 -109.960581 246.238832
v 20.661619 -109.902012 246.297387
v 20.720189 -109.760601 246.438798
v 20.720189 -109.960581 246.638765
v 20.661619 -110.101991 246.497354
v 20.520208 -110.160562 246.438798
v 20.520208 -110.019151 246.380243
v 20.720189 -109.819171 246.580209
v 18.220191 -104.160561 242.063817
v 18.278759 -104.019152 242.063817
v 18.420170 -103.960581 242.063817
v 20.520208 -103.960581 242.063817
v 20.661619 -104.019152 242.063817
v 20.720189 -104.160561 242.063817
v 20.720189 -105.760603 242.063817
v 20.661619 -105.902011 242.063817
v 20.520208 -105.960582 242.063817
v 18.420170 -105.960582 242.063817
v 18.278759 -105.902011 242.063817
v 18.220191 -105.760603 242.063817
v 18.220191 -108.160561 242.063817
v 18.278759 -108.019151 242.063817
v 18.420170 -107.960582 242.063817
v 20.520208 -107.960582 242.063817
v 20.661619 -108.019151 242.063817
v 20.720189 -108.160561 242.063817
v 20.720189 -109.760601 242.063817
v 20.661619 -109.902012 242.063817
v 20.520208 -109.960581 242.063817
v 18.420170 -109.960581 242.063817
v 18.278759 -109.902012 242.063817
v 18.220191 -109.760601 242.063817
v 18.304749 -102.045141 246.523370
v 20.635629 -102.045141 246.523370
v 18.278759 -105.960582 246.438798
v 18.278759 -107.960582 246.438798
v 20.661619 -107.960582 246.438798
v 20.661619 -105.960582 246.438798
v 18.278759 -109.960581 246.438798
v 18.304749 -111.876021 246.523370
v 20.635629 -111.876021 246.523370
v 20.661619 -109.960581 246.438798
vt 0.650315 0.790617
vt 0.635672 0.791406
vt 0.634671 0.772220
vt 0.649316 0.771483
vt 0.977086 0.033140
vt 0.976353 0.036753
vt 0.924184 0.034662
vt 0.923817 0.030994
vt 0.976047 0.040364
vt 0.923987 0.038259
vt 0.154733 0.897027
vt 0.156123 0.896846
vt 0.158311 0.914863
vt 0.157077 0.915026
vt 0.157517 0.896675
vt 0.159545 0.914713
vt 0.040531 0.350814
vt 0.040225 0.347203
vt 0.092395 0.345126
vt 0.092592 0.348720
vt 0.039493 0.343590
vt 0.092761 0.341461
vt 0.033274 0.350071
vt 0.036910 0.350650
vt 0.038869 0.395401
vt 0.035043 0.395409
vt 0.042666 0.395472
vt 0.973180 0.233848
vt 0.977083 0.233962
vt 0.978064 0.278746
vt 0.974440 0.278520
vt 0.980934 0.234009
vt 0.981692 0.279391
vt 0.974700 0.282141
vt 0.922513 0.283380
vt 0.922341 0.279750
vt 0.975383 0.285766
vt 0.922109 0.287056
vt 0.069781 0.911480
vt 0.071092 0.911222
vt 0.074509 0.929049
vt 0.073222 0.929300
vt 0.072405 0.910967
vt 0.075796 0.928799
vt 0.041094 0.596196
vt 0.041778 0.592572
vt 0.093964 0.593829
vt 0.094368 0.597506
vt 0.042040 0.588950
vt 0.094139 0.590202
vt 0.918889 0.280247
vt 0.916689 0.233697
vt 0.920354 0.229802
vt 0.915374 0.281215
vt 0.914136 0.236444
vt 0.049346 0.915450
vt 0.050649 0.915194
vt 0.054118 0.933010
vt 0.052824 0.933264
vt 0.051953 0.914939
vt 0.055411 0.932757
vt 0.101103 0.591670
vt 0.097591 0.590700
vt 0.099813 0.544153
vt 0.102366 0.546902
vt 0.096151 0.540255
vt 0.652279 0.771331
vt 0.651854 0.769919
vt 0.690298 0.767949
vt 0.690357 0.769342
vt 0.911342 0.185677
vt 0.915106 0.189545
vt 0.805803 0.189241
vt 0.805672 0.185365
vt 0.650802 0.771379
vt 0.651803 0.790566
vt 0.653279 0.790462
vt 0.920138 0.184185
vt 0.916265 0.180612
vt 0.916377 0.137728
vt 0.920278 0.134191
vt 0.649600 0.770033
vt 0.634100 0.770814
vt 0.915289 0.128798
vt 0.911482 0.132633
vt 0.805803 0.132408
vt 0.805956 0.128527
vt 0.945088 0.753519
vt 0.944696 0.754982
vt 0.906648 0.757271
vt 0.906561 0.755877
vt 0.946101 0.754962
vt 0.947236 0.774018
vt 0.945838 0.774164
vt 0.633269 0.772359
vt 0.634264 0.791414
vt 0.946400 0.775572
vt 0.907865 0.777800
vt 0.907788 0.776408
vt 0.105064 0.443091
vt 0.101259 0.439253
vt 0.210587 0.439040
vt 0.210740 0.442924
vt 0.096268 0.444644
vt 0.100169 0.448183
vt 0.100253 0.491065
vt 0.096383 0.494637
vt 0.635251 0.792864
vt 0.650748 0.792029
vt 0.101415 0.500000
vt 0.105179 0.496132
vt 0.210849 0.495878
vt 0.210721 0.499751
vt 0.653003 0.791909
vt 0.691360 0.788484
vt 0.691446 0.789876
vt 0.910167 0.081155
vt 0.912124 0.084694
vt 0.806161 0.084754
vt 0.806126 0.080939
vt 0.915800 0.088535
vt 0.806164 0.088570
vt 0.192361 0.893376
vt 0.193785 0.893279
vt 0.194853 0.911398
vt 0.193638 0.911482
vt 0.195209 0.893199
vt 0.196068 0.911328
vt 0.921508 0.083087
vt 0.917938 0.079214
vt 0.920540 0.037808
vt 0.914546 0.076973
vt 0.917025 0.036854
vt 0.175650 0.894712
vt 0.177060 0.894569
vt 0.178726 0.912642
vt 0.177504 0.912768
vt 0.178473 0.894441
vt 0.179948 0.912531
vt 0.096038 0.348272
vt 0.098632 0.389675
vt 0.095060 0.393548
vt 0.099554 0.347318
vt 0.102025 0.387436
vt 0.100764 0.398996
vt 0.104438 0.395155
vt 0.210401 0.395267
vt 0.210398 0.399083
vt 0.106398 0.391616
vt 0.210439 0.391451
vt 0.141732 0.917101
vt 0.139242 0.899122
vt 0.140873 0.917231
vt 0.138253 0.899270
vt 0.121876 0.901881
vt 0.124943 0.919770
vt 0.107958 0.922739
vt 0.104804 0.904865
vt 0.103032 0.905199
vt 0.106327 0.923047
vt 0.091063 0.925902
vt 0.087709 0.908064
vt 0.037558 0.936248
vt 0.034075 0.918435
vt 0.043035 0.399665
vt 0.043773 0.440002
vt 0.043790 0.444859
vt 0.043907 0.494697
vt 0.043934 0.499533
vt 0.043322 0.544278
vt 0.973901 0.085025
vt 0.972756 0.134423
vt 0.972616 0.184264
vt 0.972372 0.895564
vt 0.974823 0.913548
vt 0.937350 0.918656
vt 0.934912 0.900670
vt 0.210715 0.539705
vt 0.805787 0.229198
vt 0.723528 0.228908
vt 0.723579 0.188971
vt 0.720288 0.767768
vt 0.721295 0.786915
vt 0.292944 0.499533
vt 0.292977 0.539470
vt 0.909172 0.922458
vt 0.906762 0.904467
vt 0.723700 0.128374
vt 0.723839 0.088425
vt 0.232009 0.909832
vt 0.231375 0.891693
vt 0.259905 0.890882
vt 0.260289 0.909028
vt 0.292720 0.398990
vt 0.292840 0.438939
vt 0.877848 0.778205
vt 0.876712 0.759067
vt 0.972587 0.189099
vt 0.919676 0.086788
vt 0.973677 0.087545
vt 0.979669 0.040206
vt 0.977701 0.084957
vt 0.983301 0.039626
vt 0.981527 0.084968
vt 0.038987 0.398028
vt 0.035144 0.398085
vt 0.042888 0.397990
vt 0.977581 0.087586
vt 0.981421 0.087644
vt 0.036095 0.444906
vt 0.039930 0.444884
vt 0.040042 0.494714
vt 0.036204 0.494725
vt 0.976618 0.134448
vt 0.976482 0.184280
vt 0.980453 0.134469
vt 0.980317 0.184291
vt 0.036215 0.499541
vt 0.040053 0.499544
vt 0.039419 0.544393
vt 0.035568 0.544440
vt 0.976468 0.189110
vt 0.980306 0.189110
vt 0.038416 0.589177
vt 0.034786 0.589822
vt 0.805710 0.233014
vt 0.805609 0.236830
vt 0.210795 0.543519
vt 0.210893 0.547334
vt 0.723560 0.232727
vt 0.723563 0.236543
vt 0.292947 0.543289
vt 0.292942 0.547107
vt 0.292983 0.495692
vt 0.721369 0.788310
vt 0.720214 0.766373
vt 0.723539 0.185130
vt 0.723653 0.132231
vt 0.876632 0.757672
vt 0.877929 0.779599
vt 0.292890 0.442793
vt 0.292668 0.395169
vt 0.292646 0.391348
vt 0.723891 0.084601
vt 0.723916 0.080783
vt 0.979141 0.037404
vt 0.981224 0.035411
vt 0.035357 0.345856
vt 0.037440 0.347851
vt 0.979546 0.283565
vt 0.977496 0.281535
vt 0.038984 0.591965
vt 0.036932 0.593993
vt 0.917842 0.285183
vt 0.919712 0.282997
vt 0.096766 0.593449
vt 0.098635 0.595636
vt 0.918668 0.187831
vt 0.914830 0.184174
vt 0.650726 0.769877
vt 0.946445 0.753544
vt 0.918835 0.130536
vt 0.914961 0.134158
vt 0.632759 0.770998
vt 0.097711 0.440989
vt 0.101584 0.444613
vt 0.947744 0.775385
vt 0.633898 0.792820
vt 0.651884 0.792067
vt 0.097851 0.498284
vt 0.101688 0.494626
vt 0.915994 0.082948
vt 0.913190 0.079957
vt 0.919512 0.032864
vt 0.921374 0.035048
vt 0.095205 0.345511
vt 0.097069 0.343327
vt 0.103378 0.390418
vt 0.100573 0.393409
vt 0.096889 0.397246
vt 0.972603 0.186683
vt 0.976474 0.186696
vt 0.980308 0.186705
vt 0.107142 0.922892
vt 0.103918 0.905029
vt 0.040050 0.497130
vt 0.036213 0.497135
vt 0.043918 0.497116
vt 0.043784 0.442432
vt 0.039916 0.442470
vt 0.036081 0.442511
vt 0.122778 0.901720
vt 0.125746 0.919627
vt 0.976629 0.132034
vt 0.980467 0.132075
vt 0.972764 0.131993
vt 0.972775 0.129563
vt 0.976657 0.129623
vt 0.980494 0.129686
vt 0.123683 0.901566
vt 0.126547 0.919489
vt 0.036054 0.440125
vt 0.039894 0.440062
vt 0.039080 0.399734
vt 0.035220 0.399807
vt 0.137574 0.899380
vt 0.140321 0.917321
vt 0.977485 0.089295
vt 0.981344 0.089369
vt 0.973527 0.089224
vt 0.792231 0.783166
vt 0.791177 0.764038
vt 0.805814 0.763227
vt 0.806883 0.782354
vt 0.526499 0.278314
vt 0.526800 0.228441
vt 0.530487 0.232194
vt 0.530039 0.278746
vt 0.533048 0.234853
vt 0.533603 0.279596
vt 0.825742 0.915070
vt 0.827993 0.933080
vt 0.826643 0.933249
vt 0.824465 0.915230
vt 0.825292 0.933413
vt 0.823187 0.915385
vt 0.482937 0.590268
vt 0.483465 0.545522
vt 0.486029 0.542865
vt 0.486502 0.589415
vt 0.489724 0.539110
vt 0.490041 0.588983
vt 0.788274 0.764194
vt 0.750214 0.766194
vt 0.750126 0.764803
vt 0.788547 0.762746
vt 0.535653 0.184682
vt 0.641381 0.184920
vt 0.641332 0.188749
vt 0.531829 0.188421
vt 0.790763 0.783273
vt 0.789722 0.764090
vt 0.789296 0.783323
vt 0.526726 0.183192
vt 0.526753 0.133256
vt 0.530774 0.136785
vt 0.530697 0.179650
vt 0.790730 0.762630
vt 0.806101 0.761777
vt 0.531856 0.128021
vt 0.641406 0.128196
vt 0.641474 0.132042
vt 0.535738 0.131752
vt 0.808294 0.761654
vt 0.846718 0.759456
vt 0.846786 0.760847
vt 0.808727 0.763063
vt 0.809830 0.782187
vt 0.808358 0.782298
vt 0.807269 0.763119
vt 0.847907 0.779983
vt 0.848001 0.781376
vt 0.809561 0.783636
vt 0.480805 0.442427
vt 0.375066 0.442651
vt 0.375132 0.438810
vt 0.484681 0.438693
vt 0.489784 0.443927
vt 0.489804 0.493864
vt 0.485826 0.490321
vt 0.485769 0.447456
vt 0.807331 0.783763
vt 0.791941 0.784615
vt 0.484700 0.499090
vt 0.375195 0.499355
vt 0.375143 0.495528
vt 0.480871 0.495353
vt 0.789725 0.784734
vt 0.751286 0.786727
vt 0.751226 0.785334
vt 0.537774 0.080906
vt 0.641725 0.080627
vt 0.641635 0.084443
vt 0.535738 0.084372
vt 0.641501 0.088259
vt 0.531875 0.087991
vt 0.327597 0.890582
vt 0.326879 0.908718
vt 0.325698 0.908679
vt 0.326136 0.890534
vt 0.324517 0.908660
vt 0.324674 0.890511
vt 0.526630 0.082685
vt 0.526466 0.037841
vt 0.529998 0.037488
vt 0.530290 0.078902
vt 0.533570 0.036693
vt 0.533759 0.076809
vt 0.344458 0.891457
vt 0.342918 0.909541
vt 0.341736 0.909445
vt 0.343004 0.891340
vt 0.340553 0.909368
vt 0.341549 0.891245
vt 0.490052 0.348518
vt 0.489905 0.393359
vt 0.486247 0.389579
vt 0.486518 0.348165
vt 0.482779 0.387485
vt 0.482946 0.347370
vt 0.484665 0.398665
vt 0.375053 0.398873
vt 0.374919 0.395057
vt 0.480811 0.395046
vt 0.374831 0.391238
vt 0.478774 0.391583
vt 0.841143 0.913111
vt 0.843461 0.931112
vt 0.356386 0.892567
vt 0.354584 0.910627
vt 0.492424 0.082693
vt 0.492564 0.037849
vt 0.492331 0.183190
vt 0.492307 0.133259
vt 0.492572 0.278320
vt 0.492258 0.228444
vt 0.878611 0.908215
vt 0.880983 0.926210
vt 0.375239 0.539284
vt 0.641272 0.228676
vt 0.288571 0.908629
vt 0.288452 0.890478
vt 0.487228 0.188421
vt 0.528185 0.086299
vt 0.490875 0.086307
vt 0.641427 0.232489
vt 0.641526 0.236302
vt 0.374984 0.546919
vt 0.375086 0.543100
vt 0.531274 0.283628
vt 0.529325 0.281502
vt 0.526529 0.281966
vt 0.527065 0.285629
vt 0.490011 0.592632
vt 0.487215 0.592170
vt 0.485266 0.594297
vt 0.489475 0.596298
vt 0.528185 0.186789
vt 0.532127 0.183190
vt 0.789636 0.762592
vt 0.807189 0.761620
vt 0.532209 0.133242
vt 0.528205 0.129664
vt 0.488333 0.440333
vt 0.484334 0.443914
vt 0.808447 0.783798
vt 0.790840 0.784772
vt 0.484397 0.493864
vt 0.488347 0.497458
vt 0.532018 0.082603
vt 0.534912 0.079722
vt 0.531277 0.032612
vt 0.529309 0.034717
vt 0.526513 0.034217
vt 0.527059 0.030568
vt 0.487207 0.345394
vt 0.490003 0.344894
vt 0.485239 0.343292
vt 0.489456 0.341244
vt 0.481628 0.390396
vt 0.484525 0.393277
vt 0.488352 0.396973
vt 0.490872 0.186789
vt 0.490856 0.129664
vt 0.487204 0.128024
vt 0.487182 0.087999
vt 0.222731 0.724766
vt 0.222601 0.743923
vt 0.207928 0.743816
vt 0.208072 0.724660
vt 0.041961 0.033104
vt 0.095229 0.030945
vt 0.094863 0.034613
vt 0.042696 0.036718
vt 0.095062 0.038210
vt 0.043005 0.040329
vt 0.541899 0.925010
vt 0.539463 0.942997
vt 0.538079 0.942796
vt 0.540667 0.924830
vt 0.536699 0.942582
vt 0.539436 0.924639
vt 0.973497 0.350809
vt 0.921440 0.348706
vt 0.921637 0.345109
vt 0.973803 0.347195
vt 0.921268 0.341444
vt 0.974539 0.343584
vt 0.980754 0.350065
vt 0.978975 0.395407
vt 0.975148 0.395396
vt 0.977119 0.350645
vt 0.971352 0.395467
vt 0.045886 0.233807
vt 0.044645 0.278479
vt 0.041020 0.278708
vt 0.041982 0.233924
vt 0.037393 0.279356
vt 0.038134 0.233971
vt 0.096743 0.279689
vt 0.096574 0.283319
vt 0.044385 0.282100
vt 0.096978 0.286996
vt 0.043707 0.285728
vt 0.625892 0.930702
vt 0.626133 0.948850
vt 0.624696 0.948861
vt 0.624682 0.930710
vt 0.623259 0.948853
vt 0.623473 0.930704
vt 0.972926 0.596194
vt 0.919655 0.597509
vt 0.920057 0.593829
vt 0.972243 0.592567
vt 0.919879 0.590205
vt 0.971980 0.588947
vt 0.098703 0.229742
vt 0.102369 0.233635
vt 0.100198 0.280184
vt 0.104922 0.236382
vt 0.103711 0.281152
vt 0.646349 0.930252
vt 0.647260 0.948379
vt 0.645828 0.948445
vt 0.645138 0.930308
vt 0.644393 0.948492
vt 0.643927 0.930349
vt 0.912917 0.591673
vt 0.911643 0.546902
vt 0.914196 0.544153
vt 0.916427 0.590702
vt 0.917862 0.540255
vt 0.225538 0.743941
vt 0.263662 0.744134
vt 0.263668 0.745530
vt 0.225178 0.745370
vt 0.107715 0.185628
vt 0.213383 0.185327
vt 0.213257 0.189198
vt 0.103949 0.189493
vt 0.224188 0.724749
vt 0.224071 0.743960
vt 0.225640 0.724786
vt 0.098919 0.184138
vt 0.098780 0.134141
vt 0.102683 0.137681
vt 0.102787 0.180565
vt 0.222960 0.745356
vt 0.207548 0.745245
vt 0.103774 0.128748
vt 0.213101 0.128489
vt 0.213257 0.132373
vt 0.107579 0.132586
vt 0.205320 0.745226
vt 0.166819 0.744843
vt 0.166844 0.743449
vt 0.204981 0.743792
vt 0.205149 0.724636
vt 0.206610 0.724621
vt 0.206454 0.743831
vt 0.167025 0.724282
vt 0.167024 0.722889
vt 0.205512 0.723208
vt 0.908945 0.443091
vt 0.803267 0.442924
vt 0.803423 0.439040
vt 0.912750 0.439250
vt 0.917739 0.444644
vt 0.917624 0.494637
vt 0.913753 0.491067
vt 0.913841 0.448183
vt 0.207713 0.723226
vt 0.223110 0.723337
vt 0.912594 0.500000
vt 0.803289 0.499759
vt 0.803160 0.495883
vt 0.908831 0.496135
vt 0.225296 0.723352
vt 0.263774 0.723574
vt 0.263752 0.724968
vt 0.108896 0.081103
vt 0.212937 0.080895
vt 0.212899 0.084713
vt 0.106936 0.084645
vt 0.212899 0.088529
vt 0.103262 0.088486
vt 0.505504 0.918998
vt 0.502325 0.936868
vt 0.500989 0.936616
vt 0.504240 0.918759
vt 0.499655 0.936360
vt 0.502976 0.918516
vt 0.097555 0.083035
vt 0.098509 0.037756
vt 0.101125 0.079162
vt 0.102024 0.036803
vt 0.104517 0.076921
vt 0.521572 0.921827
vt 0.518704 0.939750
vt 0.517345 0.939519
vt 0.520325 0.921615
vt 0.515990 0.939279
vt 0.519077 0.921393
vt 0.918955 0.393534
vt 0.915385 0.389661
vt 0.917993 0.348256
vt 0.911993 0.387420
vt 0.914478 0.347302
vt 0.913251 0.398985
vt 0.803614 0.399080
vt 0.803611 0.395262
vt 0.909571 0.395141
vt 0.803573 0.391446
vt 0.907614 0.391602
vt 0.557238 0.927028
vt 0.554970 0.945036
vt 0.558072 0.927135
vt 0.555984 0.945166
vt 0.573945 0.928731
vt 0.591086 0.929875
vt 0.589989 0.947992
vt 0.572638 0.946834
vt 0.592593 0.929954
vt 0.608031 0.930425
vt 0.607592 0.948569
vt 0.591932 0.948092
vt 0.661775 0.929380
vt 0.662902 0.947495
vt 0.970977 0.399663
vt 0.970236 0.439999
vt 0.970220 0.444856
vt 0.970100 0.494697
vt 0.970072 0.499530
vt 0.970690 0.544276
vt 0.045162 0.084989
vt 0.046438 0.184223
vt 0.046301 0.134382
vt 0.699403 0.926813
vt 0.700727 0.944915
vt 0.803291 0.539716
vt 0.213268 0.229149
vt 0.295478 0.188949
vt 0.295524 0.228887
vt 0.293718 0.725091
vt 0.293637 0.744264
vt 0.721030 0.539476
vt 0.721065 0.499538
vt 0.727649 0.924599
vt 0.729146 0.942688
vt 0.295226 0.088398
vt 0.295360 0.128347
vt 0.464181 0.929676
vt 0.436274 0.924436
vt 0.439575 0.906590
vt 0.467530 0.911836
vt 0.721166 0.438936
vt 0.721289 0.398985
vt 0.136855 0.743152
vt 0.137045 0.723980
vt 0.046468 0.189058
vt 0.099387 0.086739
vt 0.045386 0.087510
vt 0.041365 0.084921
vt 0.039386 0.040170
vt 0.037538 0.084932
vt 0.035750 0.039591
vt 0.978874 0.398085
vt 0.975031 0.398025
vt 0.971127 0.397984
vt 0.041482 0.087551
vt 0.037642 0.087608
vt 0.977914 0.444903
vt 0.977802 0.494725
vt 0.973967 0.494711
vt 0.974079 0.444881
vt 0.042573 0.184242
vt 0.042442 0.134409
vt 0.038738 0.184253
vt 0.038610 0.134431
vt 0.977794 0.499541
vt 0.978445 0.544437
vt 0.974593 0.544391
vt 0.973954 0.499541
vt 0.042589 0.189072
vt 0.038749 0.189072
vt 0.979235 0.589817
vt 0.975608 0.589172
vt 0.213345 0.232962
vt 0.213446 0.236781
vt 0.803117 0.547348
vt 0.803215 0.543532
vt 0.295497 0.232705
vt 0.295491 0.236524
vt 0.721065 0.547110
vt 0.721060 0.543291
vt 0.721024 0.495695
vt 0.293724 0.723694
vt 0.293630 0.745661
vt 0.295516 0.185106
vt 0.295407 0.132206
vt 0.136842 0.744548
vt 0.137057 0.722583
vt 0.721120 0.442793
vt 0.721341 0.395164
vt 0.721363 0.391342
vt 0.295150 0.080753
vt 0.295174 0.084574
vt 0.039911 0.037371
vt 0.037825 0.035376
vt 0.978674 0.345853
vt 0.976592 0.347846
vt 0.039539 0.283527
vt 0.041592 0.281496
vt 0.975036 0.591960
vt 0.977089 0.593991
vt 0.101245 0.285121
vt 0.099376 0.282937
vt 0.917255 0.593452
vt 0.915385 0.595639
vt 0.100387 0.187782
vt 0.104222 0.184124
vt 0.224067 0.745460
vt 0.206437 0.745332
vt 0.104099 0.134111
vt 0.100223 0.130487
vt 0.916296 0.440989
vt 0.912425 0.444613
vt 0.206618 0.723120
vt 0.224202 0.723248
vt 0.912318 0.494629
vt 0.916156 0.498286
vt 0.103068 0.082896
vt 0.105873 0.079905
vt 0.099537 0.032812
vt 0.097675 0.034996
vt 0.918827 0.345495
vt 0.916965 0.343311
vt 0.910637 0.390402
vt 0.913442 0.393395
vt 0.917126 0.397235
vt 0.046452 0.186642
vt 0.042581 0.186658
vt 0.038746 0.186666
vt 0.591839 0.929919
vt 0.590961 0.948049
vt 0.977794 0.497133
vt 0.973959 0.497127
vt 0.970089 0.497113
vt 0.970225 0.442432
vt 0.974093 0.442470
vt 0.977928 0.442509
vt 0.573187 0.928668
vt 0.571677 0.946755
vt 0.042431 0.131993
vt 0.038593 0.132037
vt 0.046296 0.131955
vt 0.046285 0.129525
vt 0.042406 0.129585
vt 0.038569 0.129648
vt 0.572429 0.928594
vt 0.570717 0.946664
vt 0.977955 0.440122
vt 0.974115 0.440062
vt 0.974935 0.399731
vt 0.978795 0.399805
vt 0.558596 0.927200
vt 0.556691 0.945251
vt 0.041578 0.089256
vt 0.037718 0.089330
vt 0.045533 0.089185
vt 0.364787 0.725374
vt 0.379452 0.725406
vt 0.379374 0.744618
vt 0.364711 0.744534
vt 0.489032 0.278752
vt 0.488568 0.232202
vt 0.485468 0.279605
vt 0.486006 0.234859
vt 0.808908 0.917016
vt 0.810181 0.916878
vt 0.812123 0.934925
vt 0.810763 0.935071
vt 0.811455 0.916734
vt 0.813481 0.934771
vt 0.531072 0.590268
vt 0.527508 0.589415
vt 0.527981 0.542865
vt 0.530545 0.545522
vt 0.523968 0.588983
vt 0.524285 0.539110
vt 0.361742 0.744520
vt 0.362089 0.745953
vt 0.323593 0.745770
vt 0.323612 0.744375
vt 0.483402 0.184682
vt 0.377726 0.188738
vt 0.377676 0.184906
vt 0.363222 0.744554
vt 0.363298 0.725341
vt 0.361820 0.725364
vt 0.488357 0.179650
vt 0.488286 0.136785
vt 0.364347 0.745965
vt 0.379866 0.746055
vt 0.483322 0.131755
vt 0.377584 0.132029
vt 0.377652 0.128188
vt 0.068258 0.743915
vt 0.068750 0.742482
vt 0.106864 0.742838
vt 0.106856 0.744233
vt 0.067347 0.742405
vt 0.067536 0.723316
vt 0.068941 0.723267
vt 0.380782 0.744558
vt 0.380858 0.725478
vt 0.068477 0.721824
vt 0.107074 0.722272
vt 0.107056 0.723669
vt 0.533204 0.442427
vt 0.529331 0.438693
vt 0.638878 0.438813
vt 0.638943 0.442654
vt 0.524225 0.443927
vt 0.528238 0.447456
vt 0.528183 0.490321
vt 0.524206 0.493861
vt 0.379954 0.723973
vt 0.364434 0.723940
vt 0.529307 0.499090
vt 0.533139 0.495351
vt 0.638867 0.495531
vt 0.638815 0.499360
vt 0.362177 0.723934
vt 0.323690 0.725208
vt 0.323683 0.723813
vt 0.481286 0.080919
vt 0.483322 0.084383
vt 0.377428 0.084443
vt 0.377338 0.080627
vt 0.377562 0.088256
vt 0.373089 0.894788
vt 0.374510 0.895007
vt 0.371731 0.912943
vt 0.370537 0.912758
vt 0.375926 0.895245
vt 0.372922 0.913145
vt 0.488765 0.078913
vt 0.489029 0.037499
vt 0.485293 0.076822
vt 0.485457 0.036704
vt 0.357828 0.892726
vt 0.355770 0.910759
vt 0.359266 0.892908
vt 0.356956 0.910911
vt 0.523955 0.348518
vt 0.527486 0.348165
vt 0.527762 0.389576
vt 0.524105 0.393359
vt 0.531059 0.347370
vt 0.531231 0.387485
vt 0.529345 0.398662
vt 0.533202 0.395046
vt 0.639093 0.395065
vt 0.638957 0.398875
vt 0.535235 0.391580
vt 0.639178 0.391247
vt 0.795235 0.936634
vt 0.793474 0.918569
vt 0.757531 0.940210
vt 0.755888 0.922133
vt 0.638768 0.539290
vt 0.377783 0.228668
vt 0.408378 0.919331
vt 0.411565 0.901463
vt 0.377630 0.232484
vt 0.377529 0.236297
vt 0.638924 0.543103
vt 0.639025 0.546919
vt 0.487797 0.283634
vt 0.489746 0.281507
vt 0.492542 0.281969
vt 0.492006 0.285632
vt 0.523998 0.592632
vt 0.526795 0.592170
vt 0.528744 0.594297
vt 0.524534 0.596298
vt 0.486928 0.183190
vt 0.363213 0.746058
vt 0.066906 0.743795
vt 0.486851 0.133242
vt 0.381216 0.745945
vt 0.525677 0.440333
vt 0.529676 0.443914
vt 0.067123 0.721917
vt 0.381303 0.724094
vt 0.363302 0.723839
vt 0.525663 0.497458
vt 0.529613 0.493861
vt 0.487040 0.082612
vt 0.484142 0.079733
vt 0.487748 0.032623
vt 0.491965 0.030576
vt 0.492515 0.034228
vt 0.489718 0.034728
vt 0.524001 0.344894
vt 0.526800 0.345394
vt 0.524548 0.341242
vt 0.528765 0.343289
vt 0.532382 0.390396
vt 0.529487 0.393275
vt 0.525657 0.396973
f 5472/7377 5462/7378 5456/7379 5446/7380
f 5378/7381 5377/7382 5483/7383 5488/7384
f 5377/7382 5382/7385 5484/7386 5483/7383
f 5380/7387 5379/7388 5390/7389 5389/7390
f 5379/7388 5378/7391 5391/7392 5390/7389
f 5387/7393 5386/7394 5489/7395 5494/7396
f 5386/7394 5391/7397 5490/7398 5489/7395
f 5389/7399 5388/7400 5393/7401 5392/7402
f 5388/7400 5387/7393 5394/7403 5393/7401
f 5409/7404 5408/7405 5415/7406 5414/7407
f 5408/7405 5407/7408 5416/7409 5415/7406
f 5414/7407 5413/7410 5427/7411 5426/7412
f 5413/7410 5418/7413 5428/7414 5427/7411
f 5418/7415 5417/7416 5421/7417 5420/7418
f 5417/7416 5416/7419 5422/7420 5421/7417
f 5420/7421 5419/7422 5435/7423 5434/7424
f 5419/7422 5424/7425 5436/7426 5435/7423
f 5426/7412 5425/7427 5438/7428 5437/7429
f 5425/7427 5430/7430 5439/7431 5438/7428
f 5430/7432 5429/7433 5433/7434 5432/7435
f 5429/7433 5428/7436 5434/7437 5433/7434
f 5432/7438 5431/7439 5441/7440 5440/7441
f 5431/7439 5436/7426 5442/7442 5441/7440
f 5444/7443 5443/7444 5513/7445 5512/7446
f 5443/7447 5449/7448 5514/7449 5513/7450
f 5446/7380 5445/7451 5473/7452 5472/7377
f 5445/7451 5444/7443 5467/7453 5473/7452
f 5448/7454 5447/7455 5455/7456 5454/7457
f 5447/7458 5446/7380 5456/7379 5455/7459
f 5453/7460 5452/7461 5516/7462 5515/7463
f 5452/7464 5451/7465 5517/7466 5516/7467
f 5451/7465 5457/7468 5461/7469 5460/7470
f 5457/7471 5456/7379 5462/7378 5461/7472
f 5460/7470 5459/7473 5519/7474 5518/7475
f 5459/7476 5465/7477 5520/7478 5519/7479
f 5464/7480 5463/7481 5471/7482 5470/7483
f 5463/7484 5462/7378 5472/7377 5471/7485
f 5469/7486 5468/7487 5510/7488 5509/7489
f 5468/7490 5467/7453 5511/7491 5510/7492
f 5476/7493 5475/7494 5525/7495 5524/7496
f 5475/7494 5481/7497 5526/7498 5525/7495
f 5478/7499 5477/7500 5501/7501 5500/7502
f 5477/7500 5476/7503 5495/7504 5501/7501
f 5480/7505 5479/7506 5485/7507 5484/7386
f 5479/7506 5478/7508 5486/7509 5485/7507
f 5488/7510 5487/7511 5491/7512 5490/7513
f 5487/7511 5486/7514 5492/7515 5491/7512
f 5494/7396 5493/7516 5499/7517 5498/7518
f 5493/7516 5492/7519 5500/7520 5499/7517
f 5497/7521 5496/7522 5522/7523 5521/7524
f 5496/7522 5495/7525 5523/7526 5522/7523
f 5380/7387 5389/7390 5392/7527 5383/7528
f 5383/7528 5392/7527 5573/7529 5574/7530
f 5395/7531 5398/7532 5404/7533 5401/7534
f 5543/7535 5544/7536 5410/7537 5407/7538
f 5407/7538 5410/7537 5422/7420 5416/7419
f 5418/7415 5420/7418 5434/7437 5428/7436
f 5430/7432 5432/7435 5440/7539 5439/7540
f 5488/7510 5490/7513 5391/7392 5378/7391
f 5387/7393 5494/7396 5498/7518 5394/7403
f 5565/7541 5497/7521 5465/7477 5553/7542
f 5400/7543 5464/7480 5470/7483 5406/7544
f 5546/7545 5469/7486 5442/7442 5412/7546
f 5412/7546 5442/7442 5436/7426 5424/7425
f 5484/7386 5382/7385 5385/7547 5480/7505
f 5448/7454 5454/7457 5397/7548 5403/7549
f 5437/7429 5409/7404 5414/7407 5426/7412
f 5439/7550 5440/7551 5506/7552 5505/7553
f 5442/7442 5469/7486 5509/7489 5508/7554
f 5514/7449 5449/7448 5437/7429 5503/7555
f 5520/7478 5465/7477 5497/7521 5521/7524
f 5526/7498 5481/7497 5453/7460 5515/7463
f 5514/7449 5503/7555 5577/7556 5584/7557
f 5511/7491 5512/7446 5583/7558 5582/7559
f 5508/7554 5509/7489 5581/7560 5580/7561
f 5505/7553 5506/7552 5579/7562 5578/7563
f 5526/7498 5515/7463 5585/7564 5592/7565
f 5523/7566 5524/7567 5591/7568 5590/7569
f 5520/7478 5521/7524 5589/7570 5588/7571
f 5517/7466 5518/7475 5587/7572 5586/7573
f 5449/7448 5541/7574 5409/7404 5437/7429
f 5482/7575 5480/7505 5385/7547 5576/7576
f 5511/7491 5467/7453 5444/7443 5512/7446
f 5517/7466 5451/7465 5460/7470 5518/7475
f 5523/7566 5495/7504 5476/7503 5524/7567
f 5486/7514 5478/7499 5500/7502 5492/7515
f 5382/7385 5381/7577 5384/7578 5385/7547
f 5381/7577 5380/7579 5383/7580 5384/7578
f 5392/7402 5393/7401 5572/7581 5573/7582
f 5393/7401 5394/7403 5571/7583 5572/7581
f 5385/7547 5384/7578 5575/7584 5576/7576
f 5384/7578 5383/7580 5574/7585 5575/7584
f 5398/7586 5399/7587 5405/7588 5404/7589
f 5399/7587 5400/7543 5406/7544 5405/7588
f 5397/7548 5396/7590 5402/7591 5403/7549
f 5396/7590 5395/7592 5401/7593 5402/7591
f 5544/7594 5545/7595 5411/7596 5410/7597
f 5545/7595 5546/7545 5412/7546 5411/7596
f 5541/7574 5542/7598 5408/7405 5409/7404
f 5542/7598 5543/7599 5407/7408 5408/7405
f 5410/7597 5411/7596 5423/7600 5422/7601
f 5411/7596 5412/7546 5424/7425 5423/7600
f 5437/7429 5438/7428 5504/7602 5503/7555
f 5438/7428 5439/7431 5505/7603 5504/7602
f 5440/7441 5441/7440 5507/7604 5506/7605
f 5441/7440 5442/7442 5508/7554 5507/7604
f 5503/7555 5504/7602 5593/7606 5577/7556
f 5504/7602 5505/7603 5578/7607 5593/7606
f 5506/7605 5507/7604 5594/7608 5579/7609
f 5507/7604 5508/7554 5580/7561 5594/7608
f 5509/7489 5510/7488 5595/7610 5581/7560
f 5510/7492 5511/7491 5582/7559 5595/7611
f 5512/7446 5513/7445 5596/7612 5583/7558
f 5513/7450 5514/7449 5584/7557 5596/7613
f 5515/7463 5516/7462 5597/7614 5585/7564
f 5516/7467 5517/7466 5586/7573 5597/7615
f 5518/7475 5519/7474 5598/7616 5587/7572
f 5519/7479 5520/7478 5588/7571 5598/7617
f 5521/7524 5522/7523 5599/7618 5589/7570
f 5522/7523 5523/7526 5590/7619 5599/7618
f 5524/7496 5525/7495 5600/7620 5591/7621
f 5525/7495 5526/7498 5592/7565 5600/7620
f 5381/7577 5382/7385 5377/7382 5527/7622
f 5377/7382 5378/7381 5379/7623 5527/7622
f 5379/7623 5380/7579 5381/7577 5527/7622
f 5390/7624 5391/7397 5386/7394 5528/7625
f 5386/7394 5387/7393 5388/7400 5528/7625
f 5388/7400 5389/7399 5390/7624 5528/7625
f 5417/7626 5418/7413 5413/7410 5529/7627
f 5413/7410 5414/7407 5415/7406 5529/7627
f 5415/7406 5416/7409 5417/7626 5529/7627
f 5423/7600 5424/7425 5419/7422 5530/7628
f 5419/7422 5420/7421 5421/7629 5530/7628
f 5421/7629 5422/7601 5423/7600 5530/7628
f 5429/7630 5430/7430 5425/7427 5531/7631
f 5425/7427 5426/7412 5427/7411 5531/7631
f 5427/7411 5428/7414 5429/7630 5531/7631
f 5435/7423 5436/7426 5431/7439 5532/7632
f 5431/7439 5432/7438 5433/7633 5532/7632
f 5433/7633 5434/7424 5435/7423 5532/7632
f 5450/7634 5449/7448 5443/7447 5533/7635
f 5443/7444 5444/7443 5445/7451 5533/7636
f 5445/7451 5446/7380 5447/7458 5533/7636
f 5447/7455 5448/7454 5450/7634 5533/7635
f 5457/7468 5451/7465 5452/7464 5534/7637
f 5452/7461 5453/7460 5458/7638 5534/7639
f 5458/7638 5454/7457 5455/7456 5534/7639
f 5455/7459 5456/7379 5457/7471 5534/7640
f 5466/7641 5465/7477 5459/7476 5535/7642
f 5459/7473 5460/7470 5461/7469 5535/7643
f 5461/7472 5462/7378 5463/7484 5535/7644
f 5463/7481 5464/7480 5466/7641 5535/7642
f 5473/7452 5467/7453 5468/7490 5536/7645
f 5468/7487 5469/7486 5474/7646 5536/7647
f 5474/7646 5470/7483 5471/7482 5536/7647
f 5471/7485 5472/7377 5473/7452 5536/7645
f 5482/7575 5481/7497 5475/7494 5537/7648
f 5475/7494 5476/7493 5477/7649 5537/7648
f 5477/7649 5478/7508 5479/7506 5537/7648
f 5479/7506 5480/7505 5482/7575 5537/7648
f 5487/7650 5488/7384 5483/7383 5538/7651
f 5483/7383 5484/7386 5485/7507 5538/7651
f 5485/7507 5486/7509 5487/7650 5538/7651
f 5493/7516 5494/7396 5489/7395 5539/7652
f 5489/7395 5490/7398 5491/7653 5539/7652
f 5491/7653 5492/7519 5493/7516 5539/7652
f 5501/7654 5495/7525 5496/7522 5540/7655
f 5496/7522 5497/7521 5502/7656 5540/7655
f 5502/7656 5498/7518 5499/7517 5540/7655
f 5499/7517 5500/7520 5501/7654 5540/7655
f 5449/7448 5450/7634 5552/7657 5541/7574
f 5403/7549 5402/7591 5551/7658 5552/7657
f 5402/7591 5401/7593 5550/7659 5551/7658
f 5401/7534 5404/7533 5549/7660 5550/7661
f 5404/7589 5405/7588 5548/7662 5549/7663
f 5405/7588 5406/7544 5547/7664 5548/7662
f 5406/7544 5470/7483 5474/7646 5547/7664
f 5548/7662 5547/7664 5546/7545 5545/7595
f 5549/7663 5548/7662 5545/7595 5544/7594
f 5550/7661 5549/7660 5544/7536 5543/7535
f 5551/7658 5550/7659 5543/7599 5542/7598
f 5552/7657 5551/7658 5542/7598 5541/7574
f 5552/7657 5450/7634 5448/7454 5403/7549
f 5547/7664 5474/7646 5469/7486 5546/7545
f 5553/7542 5465/7477 5466/7641 5564/7665
f 5563/7666 5564/7665 5400/7543 5399/7587
f 5562/7667 5563/7666 5399/7587 5398/7586
f 5561/7668 5562/7669 5398/7532 5395/7531
f 5560/7670 5561/7671 5395/7592 5396/7590
f 5559/7672 5560/7670 5396/7590 5397/7548
f 5458/7638 5559/7672 5397/7548 5454/7457
f 5558/7673 5557/7674 5560/7670 5559/7672
f 5557/7674 5556/7675 5561/7671 5560/7670
f 5556/7676 5555/7677 5562/7669 5561/7668
f 5555/7678 5554/7679 5563/7666 5562/7667
f 5554/7679 5553/7542 5564/7665 5563/7666
f 5453/7460 5558/7673 5559/7672 5458/7638
f 5564/7665 5466/7641 5464/7480 5400/7543
f 5566/7680 5565/7541 5553/7542 5554/7679
f 5567/7681 5566/7680 5554/7679 5555/7678
f 5568/7682 5567/7683 5555/7677 5556/7676
f 5569/7684 5568/7685 5556/7675 5557/7674
f 5570/7686 5569/7684 5557/7674 5558/7673
f 5571/7583 5502/7656 5497/7521 5565/7541
f 5572/7581 5571/7583 5565/7541 5566/7680
f 5573/7582 5572/7581 5566/7680 5567/7681
f 5574/7530 5573/7529 5567/7683 5568/7682
f 5575/7584 5574/7585 5568/7685 5569/7684
f 5576/7576 5575/7584 5569/7684 5570/7686
f 5394/7403 5498/7518 5502/7656 5571/7583
f 5481/7497 5570/7686 5558/7673 5453/7460
f 5482/7575 5576/7576 5570/7686 5481/7497
f 5648/7687 5622/7688 5632/7689 5638/7690
f 5602/7691 5613/7692 5614/7693 5601/7694
f 5601/7694 5614/7693 5615/7695 5606/7696
f 5606/7697 5608/7698 5609/7699 5605/7700
f 5605/7700 5609/7699 5610/7701 5604/7702
f 5608/7703 5616/7704 5617/7705 5607/7706
f 5607/7706 5617/7705 5618/7707 5612/7708
f 5620/7709 5688/7710 5689/7711 5619/7712
f 5619/7713 5689/7714 5690/7715 5625/7716
f 5622/7688 5648/7687 5649/7717 5621/7718
f 5621/7718 5649/7717 5643/7719 5620/7709
f 5624/7720 5630/7721 5631/7722 5623/7723
f 5623/7724 5631/7725 5632/7689 5622/7688
f 5629/7726 5691/7727 5692/7728 5628/7729
f 5628/7730 5692/7731 5693/7732 5627/7733
f 5627/7733 5636/7734 5637/7735 5633/7736
f 5633/7736 5637/7735 5638/7690 5632/7689
f 5636/7734 5694/7737 5695/7738 5635/7739
f 5635/7740 5695/7741 5696/7742 5641/7743
f 5640/7744 5646/7745 5647/7746 5639/7747
f 5639/7748 5647/7749 5648/7687 5638/7690
f 5645/7750 5685/7751 5686/7752 5644/7753
f 5644/7754 5686/7755 5687/7756 5643/7719
f 5652/7757 5700/7758 5701/7759 5651/7760
f 5651/7760 5701/7759 5702/7761 5657/7762
f 5654/7763 5676/7764 5677/7765 5653/7766
f 5653/7766 5677/7765 5671/7767 5652/7768
f 5656/7769 5660/7770 5661/7771 5655/7772
f 5655/7772 5661/7771 5662/7773 5654/7774
f 5664/7775 5666/7776 5667/7777 5663/7778
f 5663/7778 5667/7777 5668/7779 5662/7780
f 5670/7781 5674/7782 5675/7783 5669/7784
f 5669/7784 5675/7783 5676/7785 5668/7786
f 5673/7787 5697/7788 5698/7789 5672/7790
f 5672/7790 5698/7789 5699/7791 5671/7792
f 5606/7697 5615/7793 5616/7794 5608/7698
f 5666/7776 5664/7775 6000/7795 6002/7796
f 5660/7770 5656/7769 5992/7797 5996/7798
f 5630/7721 5624/7720 5960/7799 5966/7800
f 5613/7692 5602/7691 5938/7801 5949/7802
f 5615/7793 5681/7803 5682/7804 5616/7794
f 5618/7707 5684/7805 5685/7751 5645/7750
f 5690/7715 5679/7806 5613/7692 5625/7716
f 5696/7742 5697/7788 5673/7787 5641/7743
f 5702/7761 5691/7727 5629/7726 5657/7762
f 5690/7715 5584/7557 5577/7556 5679/7806
f 5687/7756 5582/7559 5583/7558 5688/7710
f 5684/7805 5580/7561 5581/7560 5685/7751
f 5681/7803 5578/7563 5579/7562 5682/7804
f 5702/7761 5592/7565 5585/7564 5691/7727
f 5699/7807 5590/7569 5591/7568 5700/7808
f 5696/7742 5588/7571 5589/7570 5697/7788
f 5693/7732 5586/7573 5587/7572 5694/7737
f 5625/7716 5613/7692 5949/7802 5961/7809
f 5656/7769 5658/7810 5994/7811 5992/7797
f 5687/7756 5688/7710 5620/7709 5643/7719
f 5693/7732 5694/7737 5636/7734 5627/7733
f 5699/7807 5700/7808 5652/7768 5671/7767
f 5662/7780 5668/7779 5676/7764 5654/7763
f 5613/7692 5679/7806 5680/7812 5614/7693
f 5614/7693 5680/7812 5681/7813 5615/7695
f 5616/7704 5682/7814 5683/7815 5617/7705
f 5617/7705 5683/7815 5684/7805 5618/7707
f 5679/7806 5577/7556 5593/7606 5680/7812
f 5680/7812 5593/7606 5578/7607 5681/7813
f 5682/7814 5579/7609 5594/7608 5683/7815
f 5683/7815 5594/7608 5580/7561 5684/7805
f 5685/7751 5581/7560 5595/7610 5686/7752
f 5686/7755 5595/7611 5582/7559 5687/7756
f 5688/7710 5583/7558 5596/7612 5689/7711
f 5689/7714 5596/7613 5584/7557 5690/7715
f 5691/7727 5585/7564 5597/7614 5692/7728
f 5692/7731 5597/7615 5586/7573 5693/7732
f 5694/7737 5587/7572 5598/7616 5695/7738
f 5695/7741 5598/7617 5588/7571 5696/7742
f 5697/7788 5589/7570 5599/7618 5698/7789
f 5698/7789 5599/7618 5590/7619 5699/7791
f 5700/7758 5591/7621 5600/7620 5701/7759
f 5701/7759 5600/7620 5592/7565 5702/7761
f 5605/7816 5703/7817 5601/7694 5606/7696
f 5601/7694 5703/7817 5603/7818 5602/7691
f 5603/7818 5703/7817 5605/7816 5604/7819
f 5611/7820 5704/7821 5607/7706 5612/7708
f 5607/7706 5704/7821 5609/7822 5608/7703
f 5609/7822 5704/7821 5611/7820 5610/7823
f 5626/7824 5705/7825 5619/7713 5625/7716
f 5619/7712 5705/7826 5621/7718 5620/7709
f 5621/7718 5705/7826 5623/7724 5622/7688
f 5623/7723 5705/7825 5626/7824 5624/7720
f 5633/7736 5706/7827 5628/7730 5627/7733
f 5628/7729 5706/7828 5634/7829 5629/7726
f 5634/7829 5706/7828 5631/7722 5630/7721
f 5631/7725 5706/7827 5633/7736 5632/7689
f 5642/7830 5707/7831 5635/7740 5641/7743
f 5635/7739 5707/7832 5637/7735 5636/7734
f 5637/7735 5707/7832 5639/7748 5638/7690
f 5639/7747 5707/7831 5642/7830 5640/7744
f 5649/7717 5708/7833 5644/7754 5643/7719
f 5644/7753 5708/7834 5650/7835 5645/7750
f 5650/7835 5708/7834 5647/7746 5646/7745
f 5647/7749 5708/7833 5649/7717 5648/7687
f 5658/7810 5709/7836 5651/7760 5657/7762
f 5651/7760 5709/7836 5653/7837 5652/7757
f 5653/7837 5709/7836 5655/7772 5654/7774
f 5655/7772 5709/7836 5658/7810 5656/7769
f 5663/7838 5710/7839 5659/7840 5664/7841
f 5659/7840 5710/7839 5661/7771 5660/7770
f 5661/7771 5710/7839 5663/7838 5662/7773
f 5669/7784 5711/7842 5665/7843 5670/7781
f 5665/7843 5711/7842 5667/7844 5666/7845
f 5667/7844 5711/7842 5669/7784 5668/7786
f 5677/7846 5712/7847 5672/7790 5671/7792
f 5672/7790 5712/7847 5678/7848 5673/7787
f 5678/7848 5712/7847 5675/7783 5674/7782
f 5675/7783 5712/7847 5677/7846 5676/7785
f 5626/7824 5625/7716 5961/7809 5962/7849
f 5634/7829 5630/7721 5966/7800 5970/7850
f 5629/7726 5634/7829 5970/7850 5965/7851
f 5657/7762 5629/7726 5965/7851 5993/7852
f 5658/7810 5657/7762 5993/7852 5994/7811
f 5808/7853 5782/7854 5792/7855 5798/7856
f 5714/7857 5824/7858 5819/7859 5713/7860
f 5713/7860 5819/7859 5820/7861 5718/7862
f 5716/7863 5725/7864 5726/7865 5715/7866
f 5715/7866 5726/7865 5727/7867 5714/7868
f 5723/7869 5830/7870 5825/7871 5722/7872
f 5722/7872 5825/7871 5826/7873 5727/7874
f 5725/7875 5728/7876 5729/7877 5724/7878
f 5724/7878 5729/7877 5730/7879 5723/7869
f 5745/7880 5750/7881 5751/7882 5744/7883
f 5744/7883 5751/7882 5752/7884 5743/7885
f 5750/7881 5762/7886 5763/7887 5749/7888
f 5749/7888 5763/7887 5764/7889 5754/7890
f 5754/7891 5756/7892 5757/7893 5753/7894
f 5753/7894 5757/7893 5758/7895 5752/7896
f 5756/7897 5770/7898 5771/7899 5755/7900
f 5755/7900 5771/7899 5772/7901 5760/7902
f 5762/7886 5773/7903 5774/7904 5761/7905
f 5761/7905 5774/7904 5775/7906 5766/7907
f 5766/7908 5768/7909 5769/7910 5765/7911
f 5765/7911 5769/7910 5770/7912 5764/7913
f 5768/7914 5776/7915 5777/7916 5767/7917
f 5767/7917 5777/7916 5778/7918 5772/7901
f 5780/7919 5848/7920 5849/7921 5779/7922
f 5779/7923 5849/7924 5850/7925 5785/7926
f 5782/7854 5808/7853 5809/7927 5781/7928
f 5781/7928 5809/7927 5803/7929 5780/7919
f 5784/7930 5790/7931 5791/7932 5783/7933
f 5783/7934 5791/7935 5792/7855 5782/7854
f 5789/7936 5851/7937 5852/7938 5788/7939
f 5788/7940 5852/7941 5853/7942 5787/7943
f 5787/7943 5796/7944 5797/7945 5793/7946
f 5793/7946 5797/7945 5798/7856 5792/7855
f 5796/7944 5854/7947 5855/7948 5795/7949
f 5795/7950 5855/7951 5856/7952 5801/7953
f 5800/7954 5806/7955 5807/7956 5799/7957
f 5799/7958 5807/7959 5808/7853 5798/7856
f 5805/7960 5845/7961 5846/7962 5804/7963
f 5804/7964 5846/7965 5847/7966 5803/7929
f 5812/7967 5860/7968 5861/7969 5811/7970
f 5811/7970 5861/7969 5862/7971 5817/7972
f 5814/7973 5836/7974 5837/7975 5813/7976
f 5813/7976 5837/7975 5831/7977 5812/7978
f 5816/7979 5820/7861 5821/7980 5815/7981
f 5815/7981 5821/7980 5822/7982 5814/7983
f 5824/7984 5826/7985 5827/7986 5823/7987
f 5823/7987 5827/7986 5828/7988 5822/7989
f 5830/7870 5834/7990 5835/7991 5829/7992
f 5829/7992 5835/7991 5836/7993 5828/7994
f 5833/7995 5857/7996 5858/7997 5832/7998
f 5832/7998 5858/7997 5859/7999 5831/8000
f 5716/7863 5719/8001 5728/8002 5725/7864
f 5719/8001 5910/8003 5909/8004 5728/8002
f 5731/8005 5737/8006 5740/8007 5734/8008
f 5879/8009 5743/8010 5746/8011 5880/8012
f 5743/8010 5752/7896 5758/7895 5746/8011
f 5754/7891 5764/7913 5770/7912 5756/7892
f 5766/7908 5775/8013 5776/8014 5768/7909
f 5824/7984 5714/7868 5727/7867 5826/7985
f 5723/7869 5730/7879 5834/7990 5830/7870
f 5901/8015 5889/8016 5801/7953 5833/7995
f 5736/8017 5742/8018 5806/7955 5800/7954
f 5882/8019 5748/8020 5778/7918 5805/7960
f 5748/8020 5760/7902 5772/7901 5778/7918
f 5820/7861 5816/7979 5721/8021 5718/7862
f 5784/7930 5739/8022 5733/8023 5790/7931
f 5773/7903 5762/7886 5750/7881 5745/7880
f 5775/8013 5841/8024 5842/8025 5776/8014
f 5778/7918 5844/8026 5845/7961 5805/7960
f 5850/7925 5839/8027 5773/7903 5785/7926
f 5856/7952 5857/7996 5833/7995 5801/7953
f 5862/7971 5851/7937 5789/7936 5817/7972
f 5850/7925 5920/8028 5913/8029 5839/8027
f 5847/7966 5918/8030 5919/8031 5848/7920
f 5844/8026 5916/8032 5917/8033 5845/7961
f 5841/8024 5914/8034 5915/8035 5842/8025
f 5862/7971 5928/8036 5921/8037 5851/7937
f 5859/8038 5926/8039 5927/8040 5860/8041
f 5856/7952 5924/8042 5925/8043 5857/7996
f 5853/7942 5922/8044 5923/8045 5854/7947
f 5785/7926 5773/7903 5745/7880 5877/8046
f 5818/8047 5912/8048 5721/8021 5816/7979
f 5847/7966 5848/7920 5780/7919 5803/7929
f 5853/7942 5854/7947 5796/7944 5787/7943
f 5859/8038 5860/8041 5812/7978 5831/7977
f 5822/7989 5828/7988 5836/7974 5814/7973
f 5718/7862 5721/8021 5720/8049 5717/8050
f 5717/8050 5720/8049 5719/8051 5716/8052
f 5728/7876 5909/8053 5908/8054 5729/7877
f 5729/7877 5908/8054 5907/8055 5730/7879
f 5721/8021 5912/8048 5911/8056 5720/8049
f 5720/8049 5911/8056 5910/8057 5719/8051
f 5734/8058 5740/8059 5741/8060 5735/8061
f 5735/8061 5741/8060 5742/8018 5736/8017
f 5733/8023 5739/8022 5738/8062 5732/8063
f 5732/8063 5738/8062 5737/8064 5731/8065
f 5880/8066 5746/8067 5747/8068 5881/8069
f 5881/8069 5747/8068 5748/8020 5882/8019
f 5877/8046 5745/7880 5744/7883 5878/8070
f 5878/8070 5744/7883 5743/7885 5879/8071
f 5746/8067 5758/8072 5759/8073 5747/8068
f 5747/8068 5759/8073 5760/7902 5748/8020
f 5773/7903 5839/8027 5840/8074 5774/7904
f 5774/7904 5840/8074 5841/8075 5775/7906
f 5776/7915 5842/8076 5843/8077 5777/7916
f 5777/7916 5843/8077 5844/8026 5778/7918
f 5839/8027 5913/8029 5929/8078 5840/8074
f 5840/8074 5929/8078 5914/8079 5841/8075
f 5842/8076 5915/8080 5930/8081 5843/8077
f 5843/8077 5930/8081 5916/8032 5844/8026
f 5845/7961 5917/8033 5931/8082 5846/7962
f 5846/7965 5931/8083 5918/8030 5847/7966
f 5848/7920 5919/8031 5932/8084 5849/7921
f 5849/7924 5932/8085 5920/8028 5850/7925
f 5851/7937 5921/8037 5933/8086 5852/7938
f 5852/7941 5933/8087 5922/8044 5853/7942
f 5854/7947 5923/8045 5934/8088 5855/7948
f 5855/7951 5934/8089 5924/8042 5856/7952
f 5857/7996 5925/8043 5935/8090 5858/7997
f 5858/7997 5935/8090 5926/8091 5859/7999
f 5860/7968 5927/8092 5936/8093 5861/7969
f 5861/7969 5936/8093 5928/8036 5862/7971
f 5717/8050 5863/8094 5713/7860 5718/7862
f 5713/7860 5863/8094 5715/8095 5714/7857
f 5715/8095 5863/8094 5717/8050 5716/8052
f 5726/8096 5864/8097 5722/7872 5727/7874
f 5722/7872 5864/8097 5724/7878 5723/7869
f 5724/7878 5864/8097 5726/8096 5725/7875
f 5753/8098 5865/8099 5749/7888 5754/7890
f 5749/7888 5865/8099 5751/7882 5750/7881
f 5751/7882 5865/8099 5753/8098 5752/7884
f 5759/8073 5866/8100 5755/7900 5760/7902
f 5755/7900 5866/8100 5757/8101 5756/7897
f 5757/8101 5866/8100 5759/8073 5758/8072
f 5765/8102 5867/8103 5761/7905 5766/7907
f 5761/7905 5867/8103 5763/7887 5762/7886
f 5763/7887 5867/8103 5765/8102 5764/7889
f 5771/7899 5868/8104 5767/7917 5772/7901
f 5767/7917 5868/8104 5769/8105 5768/7914
f 5769/8105 5868/8104 5771/7899 5770/7898
f 5786/8106 5869/8107 5779/7923 5785/7926
f 5779/7922 5869/8108 5781/7928 5780/7919
f 5781/7928 5869/8108 5783/7934 5782/7854
f 5783/7933 5869/8107 5786/8106 5784/7930
f 5793/7946 5870/8109 5788/7940 5787/7943
f 5788/7939 5870/8110 5794/8111 5789/7936
f 5794/8111 5870/8110 5791/7932 5790/7931
f 5791/7935 5870/8109 5793/7946 5792/7855
f 5802/8112 5871/8113 5795/7950 5801/7953
f 5795/7949 5871/8114 5797/7945 5796/7944
f 5797/7945 5871/8114 5799/7958 5798/7856
f 5799/7957 5871/8113 5802/8112 5800/7954
f 5809/7927 5872/8115 5804/7964 5803/7929
f 5804/7963 5872/8116 5810/8117 5805/7960
f 5810/8117 5872/8116 5807/7956 5806/7955
f 5807/7959 5872/8115 5809/7927 5808/7853
f 5818/8047 5873/8118 5811/7970 5817/7972
f 5811/7970 5873/8118 5813/8119 5812/7967
f 5813/8119 5873/8118 5815/7981 5814/7983
f 5815/7981 5873/8118 5818/8047 5816/7979
f 5823/8120 5874/8121 5819/7859 5824/7858
f 5819/7859 5874/8121 5821/7980 5820/7861
f 5821/7980 5874/8121 5823/8120 5822/7982
f 5829/7992 5875/8122 5825/7871 5830/7870
f 5825/7871 5875/8122 5827/8123 5826/7873
f 5827/8123 5875/8122 5829/7992 5828/7994
f 5837/8124 5876/8125 5832/7998 5831/8000
f 5832/7998 5876/8125 5838/8126 5833/7995
f 5838/8126 5876/8125 5835/7991 5834/7990
f 5835/7991 5876/8125 5837/8124 5836/7993
f 5785/7926 5877/8046 5888/8127 5786/8106
f 5739/8022 5888/8127 5887/8128 5738/8062
f 5738/8062 5887/8128 5886/8129 5737/8064
f 5737/8006 5886/8130 5885/8131 5740/8007
f 5740/8059 5885/8132 5884/8133 5741/8060
f 5741/8060 5884/8133 5883/8134 5742/8018
f 5742/8018 5883/8134 5810/8117 5806/7955
f 5884/8133 5881/8069 5882/8019 5883/8134
f 5885/8132 5880/8066 5881/8069 5884/8133
f 5886/8130 5879/8009 5880/8012 5885/8131
f 5887/8128 5878/8070 5879/8071 5886/8129
f 5888/8127 5877/8046 5878/8070 5887/8128
f 5888/8127 5739/8022 5784/7930 5786/8106
f 5883/8134 5882/8019 5805/7960 5810/8117
f 5889/8016 5900/8135 5802/8112 5801/7953
f 5899/8136 5735/8061 5736/8017 5900/8135
f 5898/8137 5734/8058 5735/8061 5899/8136
f 5897/8138 5731/8005 5734/8008 5898/8139
f 5896/8140 5732/8063 5731/8065 5897/8141
f 5895/8142 5733/8023 5732/8063 5896/8140
f 5794/8111 5790/7931 5733/8023 5895/8142
f 5894/8143 5895/8142 5896/8140 5893/8144
f 5893/8144 5896/8140 5897/8141 5892/8145
f 5892/8146 5897/8138 5898/8139 5891/8147
f 5891/8148 5898/8137 5899/8136 5890/8149
f 5890/8149 5899/8136 5900/8135 5889/8016
f 5789/7936 5794/8111 5895/8142 5894/8143
f 5900/8135 5736/8017 5800/7954 5802/8112
f 5902/8150 5890/8149 5889/8016 5901/8015
f 5903/8151 5891/8148 5890/8149 5902/8150
f 5904/8152 5892/8146 5891/8147 5903/8153
f 5905/8154 5893/8144 5892/8145 5904/8155
f 5906/8156 5894/8143 5893/8144 5905/8154
f 5907/8055 5901/8015 5833/7995 5838/8126
f 5908/8054 5902/8150 5901/8015 5907/8055
f 5909/8053 5903/8151 5902/8150 5908/8054
f 5910/8003 5904/8152 5903/8153 5909/8004
f 5911/8056 5905/8154 5904/8155 5910/8057
f 5912/8048 5906/8156 5905/8154 5911/8056
f 5730/7879 5907/8055 5838/8126 5834/7990
f 5817/7972 5789/7936 5894/8143 5906/8156
f 5818/8047 5817/7972 5906/8156 5912/8048
f 5984/8157 5974/8158 5968/8159 5958/8160
f 5938/7801 5937/8161 5950/8162 5949/7802
f 5937/8161 5942/8163 5951/8164 5950/8162
f 5942/8165 5941/8166 5945/8167 5944/8168
f 5941/8166 5940/8169 5946/8170 5945/8167
f 5944/8171 5943/8172 5953/8173 5952/8174
f 5943/8172 5948/8175 5954/8176 5953/8173
f 5956/8177 5955/8178 6025/8179 6024/8180
f 5955/8181 5961/7809 6026/8182 6025/8183
f 5958/8160 5957/8184 5985/8185 5984/8157
f 5957/8184 5956/8177 5979/8186 5985/8185
f 5960/7799 5959/8187 5967/8188 5966/7800
f 5959/8189 5958/8160 5968/8159 5967/8190
f 5965/7851 5964/8191 6028/8192 6027/8193
f 5964/8194 5963/8195 6029/8196 6028/8197
f 5963/8195 5969/8198 5973/8199 5972/8200
f 5969/8201 5968/8159 5974/8158 5973/8202
f 5972/8200 5971/8203 6031/8204 6030/8205
f 5971/8206 5977/8207 6032/8208 6031/8209
f 5976/8210 5975/8211 5983/8212 5982/8213
f 5975/8214 5974/8158 5984/8157 5983/8215
f 5981/8216 5980/8217 6022/8218 6021/8219
f 5980/8220 5979/8186 6023/8221 6022/8222
f 5988/8223 5987/8224 6037/8225 6036/8226
f 5987/8224 5993/7852 6038/8227 6037/8225
f 5990/8228 5989/8229 6013/8230 6012/8231
f 5989/8229 5988/8232 6007/8233 6013/8230
f 5992/7797 5991/8234 5997/8235 5996/7798
f 5991/8234 5990/8236 5998/8237 5997/8235
f 6000/7795 5999/8238 6003/8239 6002/7796
f 5999/8238 5998/8240 6004/8241 6003/8239
f 6006/8242 6005/8243 6011/8244 6010/8245
f 6005/8243 6004/8246 6012/8247 6011/8244
f 6009/8248 6008/8249 6034/8250 6033/8251
f 6008/8249 6007/8252 6035/8253 6034/8250
f 5942/8165 5944/8168 5952/8254 5951/8255
f 5951/8255 5952/8254 6018/8256 6017/8257
f 5954/8176 5981/8216 6021/8219 6020/8258
f 6026/8182 5961/7809 5949/7802 6015/8259
f 6032/8208 5977/8207 6009/8248 6033/8251
f 6038/8227 5993/7852 5965/7851 6027/8193
f 6026/8182 6015/8259 5913/8029 5920/8028
f 6023/8221 6024/8180 5919/8031 5918/8030
f 6020/8258 6021/8219 5917/8033 5916/8032
f 6017/8257 6018/8256 5915/8035 5914/8034
f 6038/8227 6027/8193 5921/8037 5928/8036
f 6035/8260 6036/8261 5927/8040 5926/8039
f 6032/8208 6033/8251 5925/8043 5924/8042
f 6029/8196 6030/8205 5923/8045 5922/8044
f 6023/8221 5979/8186 5956/8177 6024/8180
f 6029/8196 5963/8195 5972/8200 6030/8205
f 6035/8260 6007/8233 5988/8232 6036/8261
f 5998/8240 5990/8228 6012/8231 6004/8241
f 5949/7802 5950/8162 6016/8262 6015/8259
f 5950/8162 5951/8164 6017/8263 6016/8262
f 5952/8174 5953/8173 6019/8264 6018/8265
f 5953/8173 5954/8176 6020/8258 6019/8264
f 6015/8259 6016/8262 5929/8078 5913/8029
f 6016/8262 6017/8263 5914/8079 5929/8078
f 6018/8265 6019/8264 5930/8081 5915/8080
f 6019/8264 6020/8258 5916/8032 5930/8081
f 6021/8219 6022/8218 5931/8082 5917/8033
f 6022/8222 6023/8221 5918/8030 5931/8083
f 6024/8180 6025/8179 5932/8084 5919/8031
f 6025/8183 6026/8182 5920/8028 5932/8085
f 6027/8193 6028/8192 5933/8086 5921/8037
f 6028/8197 6029/8196 5922/8044 5933/8087
f 6030/8205 6031/8204 5934/8088 5923/8045
f 6031/8209 6032/8208 5924/8042 5934/8089
f 6033/8251 6034/8250 5935/8090 5925/8043
f 6034/8250 6035/8253 5926/8091 5935/8090
f 6036/8226 6037/8225 5936/8093 5927/8092
f 6037/8225 6038/8227 5928/8036 5936/8093
f 5941/8266 5942/8163 5937/8161 6039/8267
f 5937/8161 5938/7801 5939/8268 6039/8267
f 5939/8268 5940/8269 5941/8266 6039/8267
f 5947/8270 5948/8175 5943/8172 6040/8271
f 5943/8172 5944/8171 5945/8272 6040/8271
f 5945/8272 5946/8273 5947/8270 6040/8271
f 5962/7849 5961/7809 5955/8181 6041/8274
f 5955/8178 5956/8177 5957/8184 6041/8275
f 5957/8184 5958/8160 5959/8189 6041/8275
f 5959/8187 5960/7799 5962/7849 6041/8274
f 5969/8198 5963/8195 5964/8194 6042/8276
f 5964/8191 5965/7851 5970/7850 6042/8277
f 5970/7850 5966/7800 5967/8188 6042/8277
f 5967/8190 5968/8159 5969/8201 6042/8278
f 5978/8279 5977/8207 5971/8206 6043/8280
f 5971/8203 5972/8200 5973/8199 6043/8281
f 5973/8202 5974/8158 5975/8214 6043/8282
f 5975/8211 5976/8210 5978/8279 6043/8280
f 5985/8185 5979/8186 5980/8220 6044/8283
f 5980/8217 5981/8216 5986/8284 6044/8285
f 5986/8284 5982/8213 5983/8212 6044/8285
f 5983/8215 5984/8157 5985/8185 6044/8283
f 5994/7811 5993/7852 5987/8224 6045/8286
f 5987/8224 5988/8223 5989/8287 6045/8286
f 5989/8287 5990/8236 5991/8234 6045/8286
f 5991/8234 5992/7797 5994/7811 6045/8286
f 5999/8288 6000/8289 5995/8290 6046/8291
f 5995/8290 5996/7798 5997/8235 6046/8291
f 5997/8235 5998/8237 5999/8288 6046/8291
f 6005/8243 6006/8242 6001/8292 6047/8293
f 6001/8292 6002/8294 6003/8295 6047/8293
f 6003/8295 6004/8246 6005/8243 6047/8293
f 6013/8296 6007/8252 6008/8249 6048/8297
f 6008/8249 6009/8248 6014/8298 6048/8297
f 6014/8298 6010/8245 6011/8244 6048/8297
f 6011/8244 6012/8247 6013/8296 6048/8297
f 5659/7840 5995/8290 6000/8289 5664/7841
f 5660/7770 5996/7798 5995/8290 5659/7840
f 5665/7843 6001/8292 6006/8242 5670/7781
f 5666/7845 6002/8294 6001/8292 5665/7843
f 5603/7818 5939/8268 5938/7801 5602/7691
f 5604/7819 5940/8269 5939/8268 5603/7818
f 5611/7820 5947/8270 5946/8273 5610/7823
f 5612/7708 5948/8175 5947/8270 5611/7820
f 5610/7701 5946/8170 5940/8169 5604/7702
f 5670/7781 6006/8242 6010/8245 5674/7782
f 5673/7787 6009/8248 5977/8207 5641/7743
f 5640/7744 5976/8210 5982/8213 5646/7745
f 5645/7750 5981/8216 5954/8176 5618/7707
f 5618/7707 5954/8176 5948/8175 5612/7708
f 5646/7745 5982/8213 5986/8284 5650/7835
f 5626/7824 5962/7849 5960/7799 5624/7720
f 5650/7835 5986/8284 5981/8216 5645/7750
f 5641/7743 5977/8207 5978/8279 5642/7830
f 5642/7830 5978/8279 5976/8210 5640/7744
f 5678/7848 6014/8298 6009/8248 5673/7787
f 5674/7782 6010/8245 6014/8298 5678/7848
