# This file uses centimeters as units for non-parametric coordinates.

v -18.281160 -0.708190 3.127130
v -18.241610 -0.705200 3.080280
v -18.235161 -0.640860 3.093350
v -18.231550 -0.581830 3.100280
v -18.268829 -0.582000 3.143500
v -18.322990 -0.576380 3.171120
v -18.327700 -0.641840 3.165180
v -18.335670 -0.705200 3.155200
v -18.740561 -0.662460 3.258410
v -18.680031 -0.670780 3.253300
v -18.672920 -0.604730 3.264800
v -18.665131 -0.547750 3.270410
v -18.721451 -0.537580 3.274940
v -18.777531 -0.522830 3.256260
v -18.787830 -0.585830 3.250560
v -18.797791 -0.650130 3.240170
v -18.186819 0.457320 3.154920
v -18.202841 0.516470 3.137430
v -18.242870 0.531450 3.179230
v -18.295950 0.519190 3.205060
v -18.279539 0.457400 3.225480
v -18.276011 0.389440 3.229620
v -18.222990 0.403320 3.200600
v -18.182430 0.389440 3.155060
v -18.615740 0.339450 3.299750
v -18.641399 0.284060 3.299200
v -18.587980 0.254970 3.316700
v -18.526381 0.263020 3.310060
v -18.532690 0.325020 3.307980
v -18.565809 0.379710 3.289670
v -18.393980 0.957900 2.890300
v -18.434160 0.949090 2.840350
v -18.477470 0.971800 2.880760
v -18.528391 0.947150 2.913280
v -18.487141 0.957040 2.964400
v -18.453739 0.920270 3.005210
v -18.403770 0.943710 2.973040
v -18.361410 0.920260 2.931660
v -18.871670 0.579130 3.076310
v -18.897900 0.516720 3.073180
v -18.864290 0.517480 3.125500
v -18.825121 0.487920 3.164520
v -18.802780 0.551810 3.162720
v -18.767349 0.602850 3.148680
v -18.803671 0.630190 3.113180
v -18.834490 0.629460 3.064420
v -19.161209 -0.552230 3.024680
v -19.115801 -0.566690 3.063140
v -19.106380 -0.502900 3.072230
v -19.093161 -0.445010 3.078230
v -19.134781 -0.429450 3.041810
v -19.161030 -0.412980 2.989320
v -19.176901 -0.475750 2.982140
v -19.188540 -0.537840 2.971820
v -18.726770 0.671260 2.477130
v -18.745350 0.612530 2.448370
v -18.794050 0.629410 2.483620
v -18.839230 0.612020 2.523020
v -18.815140 0.671180 2.547510
v -18.783569 0.712630 2.584440
v -18.742470 0.728540 2.548000
v -18.697769 0.712630 2.516110
v -19.041790 0.432900 2.748660
v -19.030781 0.435970 2.812080
v -19.008650 0.494120 2.808100
v -18.974670 0.541750 2.776400
v -18.998480 0.509680 2.723420
v -19.016670 0.457330 2.694570
v -19.064501 -0.397750 2.143720
v -19.104040 -0.400700 2.190590
v -19.090780 -0.337090 2.202240
v -19.076759 -0.281300 2.217480
v -19.038780 -0.276510 2.175140
v -18.983841 -0.277200 2.148480
v -18.998650 -0.338670 2.129910
v -19.009970 -0.400700 2.115660
v -19.295071 -0.442720 2.562310
v -19.290091 -0.455040 2.622140
v -19.278770 -0.388910 2.632000
v -19.265120 -0.334060 2.641990
v -19.268749 -0.320350 2.586320
v -19.249001 -0.310000 2.529710
v -19.264771 -0.370510 2.517070
v -19.276550 -0.434380 2.504440
v -18.184231 -0.552230 2.246460
v -18.229639 -0.537840 2.208000
v -18.219650 -0.475350 2.223300
v -18.215130 -0.418090 2.239540
v -18.172911 -0.429660 2.276720
v -18.145990 -0.441810 2.330050
v -18.149429 -0.504580 2.312980
v -18.156910 -0.566690 2.299320
v -18.050470 -0.662460 2.708730
v -18.055450 -0.650140 2.648880
v -18.046520 -0.584740 2.664420
v -18.043100 -0.528600 2.675860
v -18.038780 -0.537770 2.732410
v -18.057819 -0.543510 2.789910
v -18.061090 -0.606430 2.778790
v -18.068979 -0.670780 2.766580
v -18.198750 0.579120 2.540150
v -18.218580 0.629460 2.573800
v -18.178089 0.631080 2.618140
v -18.152130 0.603050 2.664810
v -18.129690 0.550810 2.630460
v -18.123070 0.487850 2.605320
v -18.152020 0.517320 2.558860
v -18.195841 0.516720 2.513960
v -18.047661 0.326020 2.920580
v -18.046160 0.265150 2.926780
v -18.027390 0.255520 2.867100
v -18.034149 0.282830 2.811230
v -18.038679 0.339320 2.837340
v -18.059139 0.379790 2.886060
v -18.604971 -0.442700 2.012610
v -18.665489 -0.434380 2.017730
v -18.652620 -0.369940 2.031420
v -18.643101 -0.314940 2.047450
v -18.586090 -0.320610 2.043770
v -18.529270 -0.330630 2.063370
v -18.538031 -0.391450 2.045150
v -18.547750 -0.455040 2.030860
v -18.512310 0.510480 2.337660
v -18.467939 0.541810 2.372840
v -18.431231 0.495850 2.346320
v -18.422930 0.438650 2.324850
v -18.479469 0.435990 2.301160
v -18.535110 0.458930 2.312940
v -19.192619 -3.599990 2.691130
v -19.249500 -3.587300 2.672990
v -19.237391 -3.645580 2.645310
v -19.190519 -3.669730 2.600650
v -19.031219 -3.691120 2.584430
v -18.888241 -3.698690 2.509750
v -19.064260 -3.670690 2.630400
v -19.132660 -3.608480 2.686090
v -18.732771 -3.642040 2.560190
v -18.788839 -3.639280 2.588980
v -18.800791 -3.694490 2.550480
v -18.791031 -3.709250 2.487050
v -18.727020 -3.694490 2.491750
v -18.692181 -3.639280 2.511990
v -18.890970 -3.669660 2.361580
v -18.843941 -3.669660 2.324120
v -18.806330 -3.689980 2.399520
v -18.818220 -3.698490 2.452900
v -18.872900 -3.689990 2.452570
v -18.938000 -3.669660 2.399050
v -18.502310 -3.599990 2.141240
v -18.520620 -3.608480 2.198560
v -18.590120 -3.670660 2.252650
v -18.746861 -3.698670 2.397010
v -18.642540 -3.691040 2.274400
v -18.591410 -3.669670 2.123060
v -18.537140 -3.645530 2.087300
v -18.507271 -3.587300 2.081750
v -19.401690 -3.454030 1.652060
v -19.336599 -3.474390 1.705580
v -19.383640 -3.474390 1.743050
v -19.430679 -3.474390 1.780510
v -19.468281 -3.454040 1.705100
v -19.456390 -3.445560 1.651740
v -19.090281 -3.572000 2.014870
v -19.053909 -3.586440 2.060520
v -19.100941 -3.586440 2.097980
v -19.147980 -3.586440 2.135470
v -19.184349 -3.572000 2.089790
v -19.220720 -3.557610 2.044130
v -19.173679 -3.557610 2.006660
v -19.126650 -3.557610 1.969190
v -19.613279 -3.490200 2.457320
v -19.640381 -3.475870 2.404910
v -19.628380 -3.533660 2.376620
v -19.581280 -3.557550 2.331040
v -19.553761 -3.571940 2.383750
v -19.507690 -3.586560 2.422640
v -19.555590 -3.562460 2.467740
v -19.568251 -3.504460 2.495460
v -19.747089 -3.380230 1.995010
v -19.728840 -3.372190 1.937620
v -19.677441 -3.427680 1.860820
v -19.527740 -3.445370 1.707600
v -19.632050 -3.453010 1.830230
v -19.683170 -3.474370 1.981580
v -19.730040 -3.450280 2.026640
v -19.742001 -3.392090 2.054670
v -19.056789 -3.380230 1.445140
v -18.999781 -3.392090 1.463440
v -19.029800 -3.450240 1.468630
v -19.084101 -3.474300 1.503990
v -19.243380 -3.452930 1.520200
v -19.386391 -3.445350 1.594910
v -19.203329 -3.427680 1.483050
v -19.116819 -3.372190 1.450090
v -19.515650 -3.331740 1.577320
v -19.459669 -3.335090 1.548430
v -19.466419 -3.401440 1.563440
v -19.483561 -3.434780 1.617580
v -19.540171 -3.401420 1.622180
v -19.556330 -3.335090 1.625430
v -18.636141 -3.490200 1.678940
v -18.609039 -3.504460 1.731360
v -18.638840 -3.562430 1.737310
v -18.693319 -3.586480 1.773610
v -18.720840 -3.572080 1.720900
v -18.766899 -3.557470 1.682010
v -18.711620 -3.533630 1.646170
v -18.681160 -3.475870 1.640820
v -19.236719 -0.345520 2.099910
v -19.197020 -0.349420 2.053260
v -19.213440 -0.287470 2.037620
v -19.230289 -0.233540 2.018850
v -19.268530 -0.227990 2.060870
v -19.323410 -0.229760 2.087600
v -19.305531 -0.289100 2.110040
v -19.291090 -0.349420 2.128200
v -19.693600 -0.405320 2.234380
v -19.633551 -0.394260 2.228660
v -19.649820 -0.331290 2.210820
v -19.661961 -0.278240 2.191420
v -19.718611 -0.286570 2.195530
v -19.774811 -0.300680 2.176700
v -19.763000 -0.359690 2.198750
v -19.750090 -0.421660 2.217070
v -19.539511 0.681540 1.629150
v -19.573000 0.718800 1.589750
v -19.618780 0.735610 1.624310
v -19.666531 0.718320 1.656850
v -19.632010 0.680230 1.700000
v -19.606310 0.625770 1.731960
v -19.558929 0.643040 1.695870
v -19.512720 0.625770 1.657420
v -19.914129 0.499470 1.842170
v -19.919680 0.443940 1.866840
v -19.861120 0.444560 1.890850
v -19.805429 0.469140 1.876760
v -19.831909 0.518500 1.849370
v -19.879900 0.545930 1.812380
v -19.881260 0.923940 1.195580
v -19.912270 0.882140 1.157130
v -19.963610 0.903790 1.187450
v -20.005690 0.879610 1.231080
v -19.974119 0.923180 1.270050
v -19.933559 0.920400 1.319840
v -19.891991 0.943380 1.277100
v -19.841240 0.920400 1.246300
v -20.217670 0.522610 1.558950
v -20.221210 0.459880 1.584280
v -20.193859 0.493680 1.628740
v -20.150169 0.498180 1.673500
v -20.150370 0.558830 1.643370
v -20.133060 0.607840 1.606560
v -20.173639 0.603910 1.565730
v -20.198629 0.572550 1.524250
v -20.107870 -0.550770 2.008650
v -20.063299 -0.531660 2.046060
v -20.076450 -0.470870 2.026810
v -20.083830 -0.415050 2.006960
v -20.125351 -0.431100 1.970650
v -20.151529 -0.447980 1.918250
v -20.144911 -0.509280 1.939290
v -20.134340 -0.569910 1.956870
v -20.066790 0.397580 0.967250
v -20.062441 0.329730 0.967290
v -20.116510 0.342480 0.995790
v -20.156160 0.329230 1.042150
v -20.155130 0.397500 1.037660
v -20.142120 0.458520 1.051290
v -20.106060 0.470400 1.008540
v -20.056330 0.458520 0.982950
v -20.303749 0.204990 1.336770
v -20.299240 0.237870 1.392010
v -20.297590 0.292690 1.362360
v -20.279150 0.330930 1.311130
v -20.286770 0.273690 1.278450
v -20.284180 0.211310 1.275690
v -20.001699 -0.757440 1.139550
v -20.041430 -0.753470 1.186190
v -20.051121 -0.690490 1.169050
v -20.057711 -0.632310 1.158370
v -20.020420 -0.633340 1.115180
v -19.966551 -0.626740 1.087190
v -19.958521 -0.691370 1.097270
v -19.947371 -0.753470 1.111260
v -20.235090 -0.696900 1.554580
v -20.230850 -0.680550 1.613510
v -20.243040 -0.616820 1.593840
v -20.249310 -0.561760 1.578840
v -20.253059 -0.574740 1.523000
v -20.233669 -0.583160 1.465960
v -20.227310 -0.644800 1.481100
v -20.216089 -0.707940 1.497350
v -19.130880 -0.550770 1.230430
v -19.175440 -0.569910 1.193040
v -19.188070 -0.507400 1.179920
v -19.204201 -0.450740 1.170260
v -19.163490 -0.430820 1.205550
v -19.138189 -0.409720 1.256840
v -19.119160 -0.471020 1.267980
v -19.104401 -0.531660 1.282250
v -19.003500 -0.405320 1.684700
v -19.007750 -0.421660 1.625770
v -19.022390 -0.356960 1.611730
v -19.038799 -0.303630 1.598280
v -19.035971 -0.286210 1.652960
v -19.056299 -0.273300 1.708820
v -19.037500 -0.332170 1.725400
v -19.022511 -0.394260 1.741940
v -19.544710 0.522560 1.022810
v -19.582689 0.572550 1.033640
v -19.548580 0.606030 1.070010
v -19.518379 0.610600 1.122000
v -19.477221 0.559600 1.111120
v -19.448071 0.498140 1.114270
v -19.481569 0.493840 1.062080
v -19.519140 0.459870 1.025050
v -19.347099 0.518900 1.461620
v -19.325830 0.470620 1.492640
v -19.300440 0.443710 1.441260
v -19.311661 0.441100 1.379790
v -19.336781 0.498220 1.380060
v -19.373230 0.545960 1.408710
v -19.545000 -0.696900 1.004870
v -19.605030 -0.707950 1.010600
v -19.615511 -0.643500 0.995000
v -19.626141 -0.587170 0.985700
v -19.570410 -0.574460 0.980440
v -19.515169 -0.555720 0.998050
v -19.501699 -0.617620 1.007740
v -19.488501 -0.680550 1.022190
v -19.800989 0.275000 0.892210
v -19.772440 0.330990 0.907560
v -19.720591 0.293350 0.900020
v -19.692051 0.238840 0.903960
v -19.742491 0.207800 0.887930
v -19.803320 0.213500 0.893190
v -19.094061 -3.273920 2.987320
v -19.150360 -3.289790 2.969880
v -19.117411 -3.346550 2.968380
v -19.061920 -3.370020 2.934540
v -18.903900 -3.341660 2.916720
v -18.761330 -3.331620 2.841450
v -18.945230 -3.316170 2.952250
v -19.034519 -3.263150 2.981740
v -18.638029 -3.210700 2.851540
v -18.693821 -3.215030 2.880690
v -18.683680 -3.281770 2.869920
v -18.664761 -3.317580 2.818000
v -18.609909 -3.281760 2.811190
v -18.597151 -3.215030 2.803690
v -18.762341 -3.370140 2.695470
v -18.715321 -3.370140 2.658010
v -18.678909 -3.343140 2.731900
v -18.691320 -3.331880 2.784650
v -18.745489 -3.343130 2.784950
v -18.809389 -3.370140 2.732940
v -18.403730 -3.273920 2.437420
v -18.422461 -3.263150 2.494240
v -18.471090 -3.316170 2.574500
v -18.619970 -3.331640 2.728760
v -18.515190 -3.341770 2.606700
v -18.462799 -3.370120 2.456950
v -18.417150 -3.346600 2.410350
v -18.408119 -3.289790 2.378650
v -19.260330 -3.656220 2.001980
v -19.196440 -3.629230 2.054010
v -19.243469 -3.629230 2.091460
v -19.290501 -3.629230 2.128920
v -19.326900 -3.656220 2.055020
v -19.314510 -3.667490 2.002270
v -18.955879 -3.499690 2.356010
v -18.920349 -3.480560 2.400590
v -18.967400 -3.480560 2.438070
v -19.014429 -3.480560 2.475520
v -19.049950 -3.499690 2.430930
v -19.085461 -3.518820 2.386340
v -19.038420 -3.518820 2.348870
v -18.991400 -3.518820 2.311410
v -19.508169 -3.419790 2.761680
v -19.534451 -3.438720 2.710310
v -19.501720 -3.495360 2.708040
v -19.446030 -3.518900 2.673250
v -19.419371 -3.499770 2.724890
v -19.374180 -3.480400 2.762690
v -19.430660 -3.457150 2.797030
v -19.464020 -3.400790 2.798740
v -19.635521 -3.565510 2.307530
v -19.616711 -3.576680 2.250840
v -19.544041 -3.638570 2.200710
v -19.385839 -3.667720 2.058170
v -19.490620 -3.657610 2.180220
v -19.543011 -3.629250 2.329990
v -19.598511 -3.605680 2.364210
v -19.631310 -3.548800 2.366080
v -18.945210 -3.565510 1.757640
v -18.889080 -3.548800 1.774840
v -18.898239 -3.605720 1.806200
v -18.943911 -3.629350 1.852380
v -19.101910 -3.657710 1.870210
v -19.244471 -3.667740 1.945470
v -19.069920 -3.638610 1.822970
v -19.004669 -3.576680 1.763300
v -19.402540 -3.622420 1.891750
v -19.346640 -3.618650 1.862760
v -19.331940 -3.670620 1.904670
v -19.341061 -3.681790 1.968950
v -19.405729 -3.670620 1.963410
v -19.443300 -3.618650 1.939760
v -18.531031 -3.419790 1.983330
v -18.504780 -3.400790 2.034650
v -18.513880 -3.457190 2.066620
v -18.559790 -3.480480 2.113670
v -18.586439 -3.499610 2.062030
v -18.631651 -3.518980 2.024230
v -18.584949 -3.495410 1.977610
v -18.575230 -3.438720 1.946230
v -19.464510 -0.606690 3.446220
v -19.427170 -0.583890 3.403160
v -19.445789 -0.523680 3.422680
v -19.464840 -0.468730 3.435390
v -19.500959 -0.487650 3.475330
v -19.554350 -0.505640 3.498950
v -19.533960 -0.567070 3.486520
v -19.517210 -0.627270 3.470030
v -19.912300 -0.748960 3.544240
v -19.852921 -0.733760 3.543210
v -19.871510 -0.671560 3.561390
v -19.885860 -0.616800 3.572940
v -19.942020 -0.628680 3.573910
v -19.998770 -0.633540 3.552290
v -19.984489 -0.694770 3.539900
v -19.969219 -0.756520 3.522750
v -19.814819 0.499850 3.590900
v -19.851151 0.550590 3.577810
v -19.895460 0.544790 3.617530
v -19.941040 0.510900 3.637780
v -19.903481 0.457560 3.653560
v -19.874910 0.395690 3.651520
v -19.829870 0.431400 3.628270
v -19.785320 0.438850 3.585010
v -20.173620 0.216300 3.689400
v -20.176611 0.155840 3.681580
v -20.116911 0.146620 3.700500
v -20.062599 0.177500 3.699560
v -20.091591 0.232610 3.702830
v -20.142050 0.273010 3.687140
v -20.183990 0.916270 3.358840
v -20.215981 0.899200 3.305240
v -20.266171 0.899480 3.344030
v -20.305370 0.854190 3.369940
v -20.272850 0.872530 3.424890
v -20.229719 0.846130 3.464570
v -20.190950 0.889910 3.438820
v -20.141340 0.888700 3.398950
v -20.491850 0.369300 3.469790
v -20.492630 0.302440 3.458740
v -20.463791 0.309400 3.513400
v -20.417980 0.291990 3.552480
v -20.421141 0.359360 3.558490
v -20.406891 0.421130 3.552160
v -20.449421 0.437120 3.516600
v -20.475760 0.430810 3.465670
v -20.334209 -0.774790 3.289160
v -20.288231 -0.775900 3.329580
v -20.303749 -0.714660 3.345350
v -20.313410 -0.657100 3.357800
v -20.356390 -0.653830 3.319810
v -20.384840 -0.642160 3.267160
v -20.375740 -0.705060 3.252880
v -20.362881 -0.765400 3.235880
v -20.368860 0.577680 2.895410
v -20.362961 0.520020 2.859870
v -20.415739 0.513540 2.892560
v -20.452650 0.476230 2.926420
v -20.453430 0.536840 2.958210
v -20.441151 0.582380 3.001260
v -20.407619 0.616430 2.969880
v -20.359011 0.621950 2.940270
v -20.581930 0.210110 3.117380
v -20.575350 0.209600 3.181460
v -20.576460 0.271840 3.184750
v -20.561600 0.331960 3.160470
v -20.569599 0.299830 3.102990
v -20.565701 0.248210 3.067990
v -20.268290 -0.493720 2.437150
v -20.305630 -0.516460 2.480240
v -20.317671 -0.454290 2.498830
v -20.326151 -0.399440 2.520320
v -20.291100 -0.376090 2.481770
v -20.238930 -0.353380 2.459630
v -20.228901 -0.413360 2.434220
v -20.215611 -0.473080 2.413380
v -20.481279 -0.668980 2.829950
v -20.474400 -0.685520 2.888580
v -20.489080 -0.621520 2.905480
v -20.497360 -0.567060 2.921640
v -20.503700 -0.549240 2.867400
v -20.487080 -0.525810 2.813760
v -20.478510 -0.585960 2.794270
v -20.465010 -0.647730 2.774800
v -19.398951 -0.324180 2.594650
v -19.444920 -0.323130 2.554220
v -19.459660 -0.263600 2.576070
v -19.477570 -0.211020 2.597930
v -19.435551 -0.210500 2.637120
v -19.408140 -0.218030 2.691030
v -19.387150 -0.275200 2.667910
v -19.370279 -0.333630 2.647930
v -19.251690 -0.430680 3.053670
v -19.258600 -0.414160 2.995040
v -19.275410 -0.352360 3.017310
v -19.293739 -0.300650 3.034230
v -19.288490 -0.314130 3.089820
v -19.306200 -0.333160 3.144810
v -19.285231 -0.391090 3.127610
v -19.267950 -0.451930 3.108820
v -19.847630 0.679700 2.991320
v -19.886169 0.714900 3.027860
v -19.850990 0.726120 3.075240
v -19.818260 0.704360 3.120980
v -19.776569 0.668440 3.083770
v -19.745871 0.615770 3.053450
v -19.781931 0.637710 3.007780
v -19.820530 0.626270 2.959690
v -19.627621 0.457360 3.357060
v -19.603670 0.401060 3.357610
v -19.580330 0.406060 3.298970
v -19.594681 0.435290 3.245560
v -19.621031 0.482680 3.276420
v -19.657061 0.506780 3.326940
v -19.820681 -0.350690 2.339370
v -19.880051 -0.365890 2.340400
v -19.892820 -0.303320 2.361090
v -19.905220 -0.250950 2.382910
v -19.850140 -0.234770 2.383270
v -19.794519 -0.225390 2.406300
v -19.779140 -0.282580 2.381810
v -19.763769 -0.343130 2.360880
v -20.104530 0.524620 2.758950
v -20.076521 0.565720 2.800340
v -20.024269 0.539970 2.772610
v -19.994301 0.492770 2.746600
v -20.044781 0.472290 2.718350
v -20.105379 0.471580 2.727750
v -19.208611 -3.558650 2.669120
v -19.265360 -3.565730 2.647790
v -19.231239 -3.611800 2.615810
v -19.177019 -3.611620 2.572960
v -19.020821 -3.570790 2.567520
v -18.882589 -3.516390 2.504050
v -19.060850 -3.569480 2.612430
v -19.149700 -3.543790 2.668110
v -18.761780 -3.412810 2.571830
v -18.815870 -3.434250 2.596200
v -18.804750 -3.485090 2.551880
v -18.787710 -3.487700 2.488300
v -18.734150 -3.451070 2.499450
v -18.723339 -3.389680 2.527490
v -18.890289 -3.473320 2.359580
v -18.845240 -3.451620 2.326140
v -18.805731 -3.465360 2.402060
v -18.815651 -3.483800 2.453290
v -18.869459 -3.496070 2.449400
v -18.935301 -3.495010 2.393010
v -18.547779 -3.240240 2.178380
v -18.563789 -3.261490 2.233010
v -18.606979 -3.350750 2.275320
v -18.747299 -3.451170 2.403480
v -18.648760 -3.391390 2.290810
v -18.603531 -3.335170 2.146700
v -18.560890 -3.288740 2.117800
v -18.554831 -3.223380 2.120150
v -19.416639 -3.379490 1.635060
v -19.350790 -3.380560 1.691440
v -19.395809 -3.402250 1.724880
v -19.440809 -3.423950 1.758310
v -19.480360 -3.410200 1.682400
v -19.470430 -3.391740 1.631170
v -19.098030 -3.416090 2.008780
v -19.060730 -3.421330 2.055630
v -19.105761 -3.443030 2.089080
v -19.150780 -3.464720 2.122500
v -19.188089 -3.459470 2.075650
v -19.225420 -3.454230 2.028790
v -19.180389 -3.432540 1.995360
v -19.135370 -3.410840 1.961920
v -19.630360 -3.584880 2.413920
v -19.658791 -3.575510 2.361100
v -19.624910 -3.621090 2.328540
v -19.570560 -3.620460 2.284820
v -19.541740 -3.629780 2.337970
v -19.495090 -3.630840 2.378850
v -19.550261 -3.631520 2.422080
v -19.584789 -3.585910 2.454010
v -19.777571 -3.478680 1.954860
v -19.761431 -3.457820 1.900120
v -19.690069 -3.481100 1.822740
v -19.538820 -3.424410 1.680990
v -19.637350 -3.484190 1.793640
v -19.682581 -3.540400 1.937750
v -19.736759 -3.540700 1.981010
v -19.770729 -3.494710 2.013360
v -19.116730 -3.160250 1.464110
v -19.060200 -3.152330 1.485700
v -19.066420 -3.217640 1.482990
v -19.109079 -3.263950 1.511480
v -19.265261 -3.304770 1.516910
v -19.403460 -3.359160 1.580370
v -19.236179 -3.262400 1.485620
v -19.175550 -3.175510 1.465000
v -19.565100 -3.299920 1.563320
v -19.510880 -3.279000 1.538780
v -19.492870 -3.344430 1.546910
v -19.498381 -3.387840 1.596130
v -19.563490 -3.378450 1.599330
v -19.603420 -3.323570 1.607500
v -18.694950 -3.134180 1.719270
v -18.666531 -3.143480 1.772110
v -18.672649 -3.208620 1.770180
v -18.715521 -3.255110 1.799610
v -18.744360 -3.245790 1.746470
v -18.790991 -3.244730 1.705580
v -18.747330 -3.198190 1.676650
v -18.740540 -3.133050 1.679200
v -16.941570 0.110150 0.194280
v -16.993799 0.138550 0.178950
v -16.960291 0.195350 0.180700
v -16.933201 0.248060 0.186430
v -16.883789 0.223960 0.201780
v -16.840429 0.203780 0.239760
v -16.868710 0.144600 0.233330
v -16.898689 0.087360 0.231840
v -16.664181 -0.034880 0.558150
v -16.690981 -0.021160 0.504750
v -16.658400 0.037840 0.506880
v -16.634569 0.090430 0.509030
v -16.608910 0.079920 0.559300
v -16.601820 0.079910 0.619830
v -16.627190 0.021060 0.618740
v -16.657249 -0.037570 0.619030
v -16.509171 1.188240 0.331760
v -16.497070 1.241260 0.365030
v -16.442329 1.230350 0.386450
v -16.407600 1.194800 0.420620
v -16.418261 1.138750 0.385270
v -16.441339 1.077300 0.366860
v -16.478220 1.115130 0.334390
v -16.535959 1.128220 0.314240
v -16.291149 0.901490 0.630280
v -16.304310 0.843110 0.642280
v -16.316971 0.829580 0.581740
v -16.339300 0.858890 0.531280
v -16.315790 0.913450 0.550130
v -16.300659 0.957050 0.598050
v -16.485550 1.644870 0.724780
v -16.519590 1.637250 0.779290
v -16.462120 1.632610 0.805760
v -16.426889 1.584790 0.832770
v -16.391781 1.593430 0.777030
v -16.380690 1.560060 0.723210
v -16.415770 1.606380 0.696660
v -16.474039 1.610300 0.671310
v -16.314289 1.094870 0.997630
v -16.332130 1.030640 1.009760
v -16.296980 1.028180 0.958520
v -16.286551 1.003720 0.901770
v -16.271200 1.069330 0.895360
v -16.275490 1.130980 0.879810
v -16.284571 1.153410 0.932190
v -16.317530 1.155850 0.979490
v -16.692579 -0.009910 1.050390
v -16.678961 -0.018490 0.991320
v -16.650070 0.039850 0.991940
v -16.627270 0.094960 0.989290
v -16.639910 0.105220 1.044380
v -16.671070 0.125730 1.092580
v -16.695890 0.065670 1.097120
v -16.724510 0.008460 1.099310
v -16.847281 1.388190 1.133310
v -16.888491 1.336760 1.149930
v -16.835991 1.326490 1.182130
v -16.793871 1.285240 1.202680
v -16.757971 1.340060 1.183010
v -16.720270 1.377900 1.148020
v -16.759060 1.415650 1.129610
v -16.807020 1.424610 1.099770
v -16.600439 0.995510 1.254360
v -16.547569 0.984730 1.219130
v -16.536200 1.045690 1.212690
v -16.556690 1.108520 1.204990
v -16.607309 1.086040 1.241540
v -16.646330 1.040510 1.259110
v -17.432110 0.400340 1.357170
v -17.379850 0.371980 1.372510
v -17.350010 0.430720 1.368650
v -17.320230 0.481710 1.361040
v -17.367350 0.509980 1.345610
v -17.408270 0.534620 1.307550
v -17.442850 0.479170 1.316080
v -17.474970 0.423190 1.319620
v -17.011400 0.170540 1.381330
v -16.965530 0.144800 1.349850
v -16.935671 0.205670 1.348940
v -16.910690 0.257060 1.343650
v -16.952841 0.283370 1.372480
v -17.004511 0.314560 1.380240
v -17.033270 0.258050 1.387380
v -17.064510 0.199820 1.390290
v -17.680361 0.521740 0.501060
v -17.694031 0.530290 0.560140
v -17.660391 0.585970 0.557430
v -17.626141 0.634870 0.558200
v -17.611530 0.628180 0.503040
v -17.578230 0.611570 0.454760
v -17.615601 0.558270 0.452320
v -17.648460 0.503320 0.452150
v -17.361879 0.340670 0.170120
v -17.407770 0.366410 0.201600
v -17.372490 0.424290 0.200340
v -17.342510 0.473120 0.203810
v -17.298100 0.450910 0.174900
v -17.244160 0.423870 0.167060
v -17.276480 0.368900 0.161960
v -17.308781 0.311380 0.161150
v -16.994761 1.461100 0.619320
v -16.940250 1.491030 0.633190
v -16.913900 1.493780 0.579300
v -16.892059 1.464290 0.531420
v -16.948730 1.433690 0.515130
v -16.996380 1.385740 0.506990
v -17.016569 1.415450 0.557750
v -17.041950 1.412680 0.615050
v -16.806740 1.178640 0.278030
v -16.824711 1.122370 0.261990
v -16.886250 1.135990 0.267880
v -16.922461 1.173610 0.302330
v -16.877060 1.216170 0.306900
v -16.812941 1.232870 0.313180
v -17.709129 0.546090 0.993290
v -17.682329 0.532340 1.046690
v -17.650270 0.591180 1.042490
v -17.618660 0.639740 1.038430
v -17.642090 0.654320 0.988080
v -17.646851 0.658590 0.927490
v -17.682791 0.605630 0.930610
v -17.716080 0.548780 0.932440
v -17.097250 1.350910 0.967750
v -17.068930 1.384300 0.920080
v -17.120979 1.361950 0.889130
v -17.163780 1.318740 0.879140
v -17.167440 1.304190 0.938640
v -17.130899 1.303500 0.987880
v -18.118771 -2.687640 0.606560
v -18.111710 -2.689890 0.667140
v -18.161560 -2.731150 0.656100
v -18.224409 -2.725530 0.627920
v -18.297159 -2.688150 0.488620
v -18.410480 -2.627810 0.390590
v -18.238979 -2.692960 0.503200
v -18.145380 -2.674250 0.553590
v -18.394630 -2.539180 0.242890
v -18.350719 -2.562890 0.281490
v -18.401190 -2.606320 0.296900
v -18.465059 -2.599320 0.311330
v -18.475750 -2.566200 0.255410
v -18.448450 -2.510280 0.227140
v -18.527630 -2.562310 0.459700
v -18.575190 -2.536710 0.433250
v -18.529140 -2.563190 0.364750
v -18.482080 -2.589250 0.351710
v -18.461821 -2.599440 0.402180
v -18.480080 -2.587900 0.486140
v -18.816710 -2.311950 0.218410
v -18.764179 -2.341170 0.209450
v -18.718390 -2.434910 0.236630
v -18.553471 -2.550840 0.311160
v -18.690479 -2.476460 0.270260
v -18.830429 -2.399330 0.291230
v -18.869720 -2.349980 0.262460
v -18.862141 -2.285970 0.249820
v -18.901979 -2.342660 1.248620
v -18.883711 -2.354200 1.164670
v -18.836161 -2.379790 1.191100
v -18.788610 -2.405390 1.217540
v -18.834660 -2.378890 1.286040
v -18.881710 -2.352850 1.299090
v -18.729460 -2.445450 0.798950
v -18.706680 -2.458930 0.744950
v -18.659130 -2.484520 0.771400
v -18.611570 -2.510120 0.797860
v -18.634350 -2.496640 0.851840
v -18.657129 -2.483170 0.905830
v -18.704679 -2.457580 0.879390
v -18.752230 -2.431960 0.852940
v -18.147421 -2.663030 1.098770
v -18.179041 -2.644750 1.147260
v -18.229219 -2.685440 1.136680
v -18.292810 -2.679240 1.108720
v -18.261089 -2.697530 1.059710
v -18.247360 -2.706150 0.999850
v -18.183821 -2.712300 1.028760
v -18.133881 -2.671460 1.040190
v -18.465981 -2.482220 1.429700
v -18.518709 -2.453380 1.438650
v -18.622770 -2.465900 1.413410
v -18.810329 -2.391250 1.339640
v -18.673321 -2.465630 1.380530
v -18.533369 -2.542760 1.359560
v -18.470200 -2.548560 1.387550
v -18.420111 -2.507430 1.398290
v -19.163910 -2.106570 1.041530
v -19.170530 -2.103520 0.980930
v -19.178341 -2.167400 0.993890
v -19.139380 -2.216560 1.022860
v -19.066629 -2.253930 1.162160
v -18.953329 -2.314280 1.260200
v -19.102200 -2.207880 1.146840
v -19.137501 -2.120320 1.094520
v -18.884871 -2.249170 1.405100
v -18.929041 -2.225980 1.366510
v -18.938780 -2.292290 1.353100
v -18.898741 -2.342770 1.339460
v -18.864210 -2.332420 1.394610
v -18.831329 -2.278580 1.420860
v -19.135330 -2.131290 0.549330
v -19.103670 -2.149490 0.500830
v -19.110821 -2.213350 0.513340
v -19.070971 -2.262850 0.542070
v -19.102690 -2.244560 0.591080
v -19.116409 -2.235930 0.650950
v -19.156219 -2.186490 0.621260
v -19.148830 -2.122770 0.607910
v -17.395901 0.402930 1.538830
v -17.450600 0.425070 1.521890
v -17.435720 0.479980 1.555300
v -17.426411 0.528330 1.588770
v -17.375610 0.509410 1.606640
v -17.335560 0.482540 1.644110
v -17.344021 0.428650 1.607130
v -17.355490 0.373870 1.574780
v -17.156200 0.162380 1.878060
v -17.176109 0.193630 1.829210
v -17.162800 0.250110 1.863570
v -17.155880 0.299360 1.892960
v -17.137440 0.272140 1.939980
v -17.141291 0.246010 1.994890
v -17.148029 0.190520 1.963570
v -17.159479 0.133720 1.932150
v -17.323410 1.360390 2.206740
v -17.333099 1.393810 2.260170
v -17.282129 1.384610 2.290050
v -17.245119 1.344500 2.315700
v -17.232870 1.309660 2.259650
v -17.233669 1.260150 2.212780
v -17.273640 1.301110 2.188910
v -17.328279 1.311080 2.160150
v -17.087410 1.014940 2.416090
v -17.085060 0.956170 2.399820
v -17.082541 0.969460 2.337970
v -17.103239 1.013800 2.299130
v -17.100140 1.057200 2.343790
v -17.106760 1.076280 2.407160
v -17.501190 1.585020 2.737300
v -17.540541 1.547410 2.772340
v -17.489679 1.541950 2.809870
v -17.447420 1.494430 2.824550
v -17.407160 1.533640 2.789160
v -17.377729 1.530950 2.732060
v -17.419500 1.576990 2.717240
v -17.471069 1.581190 2.680150
v -17.228861 1.012970 2.807090
v -17.229250 0.948160 2.787300
v -17.186529 0.975680 2.751450
v -17.159781 0.981970 2.695110
v -17.163130 1.044940 2.719770
v -17.182230 1.104960 2.729300
v -17.206369 1.099130 2.781390
v -17.246349 1.073790 2.814390
v -17.275801 -0.044100 2.310230
v -17.250240 -0.022320 2.259040
v -17.239941 0.033590 2.290780
v -17.233891 0.087050 2.316650
v -17.258341 0.068720 2.365290
v -17.301979 0.059060 2.406740
v -17.308821 0.000060 2.379980
v -17.319670 -0.056090 2.351230
v -17.838869 1.109680 2.891000
v -17.865730 1.049710 2.873580
v -17.818939 1.035780 2.912510
v -17.770981 0.998190 2.926080
v -17.749540 1.061530 2.940640
v -17.718870 1.117310 2.935660
v -17.763081 1.151490 2.923520
v -17.805620 1.164010 2.887420
v -17.514320 0.757480 2.911500
v -17.455299 0.773740 2.891370
v -17.461050 0.831920 2.913020
v -17.497110 0.886460 2.925310
v -17.544661 0.841010 2.934100
v -17.571341 0.786180 2.920470
v -18.143770 0.039220 2.531580
v -18.089069 0.017130 2.548550
v -18.077230 0.075590 2.576810
v -18.062559 0.128960 2.598670
v -18.112391 0.151980 2.583030
v -18.151409 0.183230 2.547940
v -18.169460 0.124650 2.523740
v -18.184170 0.068320 2.495680
v -17.685600 -0.095080 2.580790
v -17.629511 -0.094860 2.556060
v -17.618780 -0.035870 2.587740
v -17.609150 0.015960 2.610450
v -17.661449 0.018120 2.634140
v -17.720430 0.032330 2.638640
v -17.732450 -0.025470 2.614450
v -17.745609 -0.083330 2.585180
v -18.263571 0.487560 1.760880
v -18.289150 0.465730 1.812050
v -18.273069 0.521700 1.841170
v -18.255060 0.570290 1.870810
v -18.229780 0.592120 1.824090
v -18.185240 0.605620 1.784710
v -18.204630 0.553390 1.750960
v -18.219709 0.499490 1.719860
v -17.853920 0.537920 1.490010
v -17.910021 0.537690 1.514740
v -17.893270 0.595220 1.546440
v -17.879709 0.641750 1.577230
v -17.826469 0.643620 1.555720
v -17.766520 0.633480 1.553440
v -17.780199 0.581900 1.518140
v -17.793909 0.526170 1.485630
v -17.909340 1.379160 2.428730
v -17.869049 1.408950 2.468060
v -17.835649 1.440630 2.429450
v -17.798260 1.440590 2.382140
v -17.839970 1.410880 2.339820
v -17.869600 1.364010 2.300320
v -17.906010 1.363250 2.350700
v -17.939070 1.330200 2.392530
v -17.591499 1.321820 2.071950
v -17.589399 1.276710 2.030620
v -17.652300 1.274640 2.023770
v -17.703230 1.285230 2.058500
v -17.673550 1.328580 2.092130
v -17.619070 1.352080 2.122320
v -18.383310 0.280460 2.192750
v -18.363411 0.249200 2.241590
v -18.349421 0.308300 2.270190
v -18.332970 0.358300 2.294730
v -18.350479 0.389530 2.249850
v -18.345650 0.419840 2.197220
v -18.364771 0.365630 2.168890
v -18.380030 0.309100 2.138660
v -18.034700 1.106370 2.660910
v -18.009380 1.162270 2.640400
v -18.046539 1.147260 2.589870
v -18.072670 1.106240 2.551950
v -18.082270 1.065930 2.597200
v -18.056231 1.049690 2.650290
v -17.769670 -2.440470 0.462320
v -17.772921 -2.468590 0.516400
v -17.806040 -2.508730 0.476390
v -17.861931 -2.502570 0.436210
v -17.916981 -2.420190 0.308630
v -18.024010 -2.343890 0.214740
v -17.863340 -2.420330 0.335900
v -17.789360 -2.409660 0.413790
v -18.008930 -2.196740 0.125090
v -17.967470 -2.226860 0.161860
v -18.005159 -2.281010 0.143930
v -18.069830 -2.293130 0.141280
v -18.079700 -2.240860 0.102440
v -18.065201 -2.174260 0.107500
v -18.165239 -2.339520 0.267940
v -18.212799 -2.313930 0.241490
v -18.149879 -2.297560 0.184140
v -18.095791 -2.305750 0.175750
v -18.082560 -2.333790 0.221570
v -18.117689 -2.365120 0.294380
v -18.467600 -2.064780 0.074160
v -18.408150 -2.076570 0.069640
v -18.342751 -2.162280 0.069330
v -18.167021 -2.266930 0.135300
v -18.310350 -2.208640 0.090210
v -18.468010 -2.176510 0.099470
v -18.514231 -2.127620 0.082700
v -18.523331 -2.064660 0.099040
v -18.718300 -2.574010 0.938710
v -18.683161 -2.542690 0.865900
v -18.635611 -2.568290 0.892340
v -18.588060 -2.593880 0.918790
v -18.650970 -2.610240 0.976140
v -18.705059 -2.602060 0.984540
v -18.447969 -2.428320 0.553690
v -18.413219 -2.411430 0.507590
v -18.365690 -2.437020 0.534040
v -18.318140 -2.462620 0.560480
v -18.352850 -2.479510 0.606580
v -18.387590 -2.496390 0.652670
v -18.435141 -2.470800 0.626230
v -18.482691 -2.445200 0.599780
v -17.889380 -2.647300 0.894280
v -17.932880 -2.659130 0.934960
v -17.966539 -2.699020 0.895470
v -18.023350 -2.692600 0.855520
v -17.979679 -2.680540 0.814410
v -17.953850 -2.658410 0.762540
v -17.897289 -2.665220 0.803320
v -17.864010 -2.625640 0.843580
v -18.299021 -2.697910 1.165030
v -18.358561 -2.686470 1.169360
v -18.448561 -2.705010 1.112950
v -18.633881 -2.640830 1.024960
v -18.490530 -2.699150 1.070070
v -18.332840 -2.731290 1.060780
v -18.276560 -2.737430 1.100800
v -18.243139 -2.697260 1.140570
v -18.996981 -2.322240 0.776870
v -18.993549 -2.293340 0.723210
v -18.984720 -2.356370 0.707120
v -18.938919 -2.405250 0.724050
v -18.883869 -2.487620 0.851650
v -18.776831 -2.563930 0.945540
v -18.927971 -2.447020 0.846380
v -18.977360 -2.353400 0.825210
v -18.756371 -2.560210 1.117230
v -18.797951 -2.530600 1.080170
v -18.785650 -2.584160 1.039520
v -18.731030 -2.614670 1.019000
v -18.711100 -2.624300 1.081030
v -18.700220 -2.583200 1.134520
v -18.877310 -2.115540 0.344850
v -18.833811 -2.103640 0.304200
v -18.824310 -2.166310 0.287890
v -18.777519 -2.215220 0.304730
v -18.821190 -2.227290 0.345840
v -18.847019 -2.249410 0.397710
v -18.893579 -2.200120 0.380040
v -18.902660 -2.137130 0.395610
v -16.249760 -0.273020 1.136110
v -16.290529 -0.228460 1.125150
v -16.244980 -0.185390 1.145750
v -16.207199 -0.145370 1.168420
v -16.168100 -0.185190 1.180380
v -16.137329 -0.225370 1.214560
v -16.177710 -0.270890 1.189260
v -16.220030 -0.315410 1.169110
v -16.075670 -0.575350 1.465770
v -16.089720 -0.541820 1.416410
v -16.044600 -0.496550 1.437900
v -16.009399 -0.454840 1.456860
v -15.995180 -0.484290 1.504040
v -15.997810 -0.501470 1.562440
v -16.036160 -0.548820 1.542600
v -16.079149 -0.595050 1.523720
v -15.596530 0.574020 1.609340
v -15.577300 0.611540 1.657170
v -15.530870 0.580970 1.679110
v -15.511470 0.529850 1.704580
v -15.529730 0.489650 1.654020
v -15.563820 0.443590 1.617070
v -15.584950 0.496980 1.593700
v -15.633960 0.530090 1.573360
v -15.503410 0.172950 1.831410
v -15.531980 0.119370 1.825210
v -15.537960 0.125510 1.762490
v -15.544420 0.171540 1.720730
v -15.511650 0.211000 1.756180
v -15.494100 0.235230 1.815580
v -15.524730 0.892490 2.116270
v -15.567650 0.881050 2.163330
v -15.517840 0.854330 2.192100
v -15.499870 0.793460 2.207280
v -15.455460 0.805840 2.159440
v -15.444540 0.785360 2.099480
v -15.462810 0.844670 2.084330
v -15.513730 0.870690 2.056340
v -15.535980 0.266410 2.235260
v -15.570490 0.208650 2.227140
v -15.529450 0.209600 2.180430
v -15.516530 0.198310 2.120130
v -15.484970 0.256600 2.133930
v -15.471780 0.318860 2.136190
v -15.483220 0.329020 2.191830
v -15.521550 0.328460 2.234950
v -16.173450 -0.668130 1.940730
v -16.153299 -0.664980 1.882980
v -16.111610 -0.618940 1.902540
v -16.076059 -0.573410 1.917540
v -16.094271 -0.574250 1.972020
v -16.126640 -0.558780 2.021280
v -16.165609 -0.608840 2.006500
v -16.207199 -0.654610 1.989980
v -15.996740 0.651010 2.403500
v -16.051220 0.610400 2.401340
v -16.008430 0.578330 2.433580
v -15.981280 0.523320 2.445030
v -15.930580 0.569270 2.444770
v -15.879860 0.602840 2.425250
v -15.905030 0.653170 2.415130
v -15.944160 0.682150 2.385150
v -15.874020 0.188280 2.428400
v -15.820520 0.172610 2.396100
v -15.793880 0.227680 2.408200
v -15.797140 0.293550 2.416950
v -15.856730 0.277400 2.441260
v -15.907840 0.241470 2.441870
v -16.830400 -0.161300 2.288290
v -16.789560 -0.205800 2.299270
v -16.746189 -0.158520 2.314740
v -16.704170 -0.117500 2.324410
v -16.740080 -0.074430 2.313750
v -16.767389 -0.030750 2.280970
v -16.815241 -0.074860 2.270500
v -16.860069 -0.118870 2.255320
v -16.486679 -0.496260 2.281370
v -16.444059 -0.524840 2.247830
v -16.400631 -0.476330 2.266730
v -16.363449 -0.434150 2.278340
v -16.401960 -0.405400 2.309820
v -16.445129 -0.364220 2.321760
v -16.487410 -0.410560 2.310140
v -16.531870 -0.456740 2.293810
v -16.905670 0.234900 1.484120
v -16.925890 0.231720 1.541830
v -16.879789 0.274820 1.557860
v -16.835300 0.310590 1.575310
v -16.814350 0.314250 1.521940
v -16.778950 0.301820 1.473900
v -16.827230 0.263250 1.453310
v -16.871950 0.221340 1.434860
v -16.592920 0.062520 1.143260
v -16.635550 0.091100 1.176800
v -16.587580 0.135440 1.194960
v -16.547609 0.171620 1.214630
v -16.505951 0.146090 1.184420
v -16.459579 0.108160 1.173800
v -16.503010 0.067290 1.150610
v -16.547741 0.022990 1.130830
v -16.040461 0.888460 1.920810
v -15.983170 0.897760 1.947110
v -15.948890 0.906620 1.898600
v -15.927650 0.885280 1.846350
v -15.986800 0.876570 1.817360
v -16.042740 0.847200 1.791990
v -16.062790 0.867580 1.847210
v -16.096680 0.857580 1.899030
v -15.875550 0.660430 1.530410
v -15.903830 0.617180 1.497630
v -15.960400 0.645260 1.501970
v -15.991350 0.681460 1.542510
v -15.938320 0.707330 1.562750
v -15.873820 0.703630 1.578840
v -17.003941 0.141610 1.958850
v -16.989889 0.108080 2.008220
v -16.944300 0.154910 2.023590
v -16.901680 0.192310 2.036110
v -16.912781 0.224940 1.990200
v -16.906891 0.245440 1.933110
v -16.954571 0.205390 1.918090
v -17.000481 0.161320 1.900900
v -16.219431 0.726760 2.213830
v -16.176840 0.761930 2.180120
v -16.227280 0.763280 2.139890
v -16.277180 0.737460 2.114510
v -16.293430 0.710020 2.166910
v -16.266270 0.686930 2.216820
v -18.117290 -2.649500 0.638090
v -18.120501 -2.668770 0.695900
v -18.176491 -2.690560 0.669500
v -18.230949 -2.661000 0.638910
v -18.269951 -2.571310 0.510360
v -18.348640 -2.459510 0.424350
v -18.217649 -2.595440 0.527790
v -18.131300 -2.616440 0.589050
v -18.289080 -2.344470 0.309690
v -18.258770 -2.388240 0.343510
v -18.319981 -2.418570 0.341700
v -18.381720 -2.398130 0.352130
v -18.375259 -2.350390 0.307210
v -18.331190 -2.298900 0.298350
v -18.455799 -2.383870 0.499140
v -18.491051 -2.340400 0.477160
v -18.442690 -2.360430 0.408060
v -18.401871 -2.394250 0.392140
v -18.392780 -2.421970 0.439160
v -18.420549 -2.427350 0.521120
v -18.634680 -2.011420 0.315450
v -18.590031 -2.050710 0.303010
v -18.573030 -2.157120 0.306220
v -18.454679 -2.328770 0.358340
v -18.561569 -2.211800 0.328900
v -18.680250 -2.107030 0.359110
v -18.701490 -2.043200 0.342320
v -18.676800 -1.982690 0.349020
v -18.883980 -2.275500 1.283780
v -18.856239 -2.270120 1.201820
v -18.820990 -2.313600 1.223800
v -18.785740 -2.357070 1.245780
v -18.834101 -2.337050 1.314890
v -18.874910 -2.303200 1.330800
v -18.673651 -2.305260 0.839510
v -18.646690 -2.310450 0.785990
v -18.611441 -2.353920 0.807990
v -18.576191 -2.397390 0.829950
v -18.603149 -2.392210 0.883450
v -18.630100 -2.387020 0.936950
v -18.665359 -2.343540 0.914990
v -18.700609 -2.300070 0.893010
v -18.215349 -2.742560 1.112860
v -18.248779 -2.729110 1.161720
v -18.305000 -2.750410 1.135870
v -18.360081 -2.720140 1.105630
v -18.326490 -2.733510 1.056260
v -18.306110 -2.730240 0.997770
v -18.251240 -2.760670 1.028940
v -18.195311 -2.739390 1.055640
v -18.528271 -2.570410 1.453640
v -18.573210 -2.531400 1.465960
v -18.671970 -2.508070 1.429600
v -18.822090 -2.368710 1.364630
v -18.715210 -2.485670 1.394040
v -18.596540 -2.590430 1.363830
v -18.541790 -2.620220 1.394200
v -18.485559 -2.598510 1.420310
v -19.045670 -1.932320 1.131010
v -19.041849 -1.912440 1.073430
v -19.066780 -1.972830 1.067060
v -19.045851 -2.036440 1.084030
v -19.006861 -2.126140 1.212580
v -18.928160 -2.237940 1.298580
v -19.027411 -2.069780 1.208030
v -19.031940 -1.965660 1.179920
v -18.869381 -2.232800 1.461230
v -18.900101 -2.189420 1.427250
v -18.923349 -2.244920 1.394810
v -18.895060 -2.299320 1.370820
v -18.868050 -2.313090 1.429300
v -18.827650 -2.278770 1.472420
v -18.947720 -1.839340 0.656190
v -18.914240 -1.852750 0.607340
v -18.938459 -1.913200 0.600570
v -18.916710 -1.977320 0.617320
v -18.950300 -1.963950 0.666670
v -18.970690 -1.967210 0.725160
v -18.992229 -1.902930 0.707500
v -18.967699 -1.842480 0.713430
v -15.892900 -0.757930 -14.873860
v -15.927190 -0.793550 -14.837490
v -15.964830 -0.740650 -14.825660
v -15.997120 -0.693230 -14.809850
v -15.966060 -0.657980 -14.842260
v -15.922570 -0.617110 -14.855230
v -15.886170 -0.668660 -14.874240
v -15.847830 -0.718770 -14.888210
v -15.519690 -0.456630 -14.891630
v -15.568140 -0.492950 -14.901200
v -15.607150 -0.439690 -14.887420
v -15.642030 -0.396320 -14.871940
v -15.598120 -0.360720 -14.861890
v -15.555880 -0.331520 -14.829140
v -15.515820 -0.378480 -14.846410
v -15.475270 -0.428610 -14.860000
v -16.547371 0.121850 -14.466760
v -16.561819 0.167990 -14.425210
v -16.535730 0.215740 -14.449980
v -16.484360 0.241360 -14.468450
v -16.469070 0.194230 -14.513730
v -16.438971 0.141250 -14.544310
v -16.490959 0.115570 -14.522340
v -16.517920 0.066850 -14.493860
v -16.120960 0.287110 -14.565390
v -16.071461 0.255300 -14.581590
v -16.104321 0.215600 -14.618340
v -16.161680 0.190930 -14.620400
v -16.186529 0.241400 -14.593480
v -16.183849 0.291500 -14.549810
v -16.603279 0.495360 -13.996740
v -16.562269 0.485610 -13.947650
v -16.537060 0.540300 -13.967610
v -16.481741 0.558080 -13.997300
v -16.524260 0.568700 -14.047220
v -16.536720 0.542030 -14.104370
v -16.590630 0.523870 -14.075290
v -16.614611 0.468640 -14.054600
v -16.007910 0.496440 -14.224380
v -15.954380 0.458290 -14.240860
v -15.985840 0.465760 -14.294000
v -16.006760 0.441330 -14.347810
v -16.057489 0.480330 -14.325620
v -16.112890 0.498060 -14.299640
v -16.093430 0.520960 -14.250390
v -16.064581 0.513740 -14.200950
v -15.199380 -0.277650 -14.561340
v -15.233160 -0.293350 -14.609940
v -15.272940 -0.243930 -14.595280
v -15.313040 -0.202150 -14.580790
v -15.283160 -0.186490 -14.534290
v -15.266600 -0.183900 -14.475690
v -15.221740 -0.228770 -14.490520
v -15.180810 -0.276380 -14.503000
v -16.158800 0.247790 -13.673070
v -16.112860 0.198160 -13.666350
v -16.079910 0.248560 -13.682890
v -16.033381 0.272340 -13.717020
v -16.084200 0.317960 -13.720750
v -16.133301 0.351650 -13.743910
v -16.175640 0.329840 -13.712270
v -16.205669 0.283440 -13.697640
v -15.776870 0.320650 -13.953460
v -15.790140 0.344960 -14.011640
v -15.837810 0.378640 -13.989640
v -15.889640 0.386870 -13.948770
v -15.851370 0.350170 -13.908880
v -15.808880 0.305290 -13.899670
v -15.329200 -0.575220 -13.722330
v -15.294920 -0.539550 -13.758700
v -15.338030 -0.490940 -13.747120
v -15.378130 -0.447270 -13.741950
v -15.412100 -0.478860 -13.708680
v -15.458710 -0.515800 -13.694800
v -15.415040 -0.564990 -13.699000
v -15.374280 -0.614340 -13.707980
v -15.120670 -0.327290 -14.076480
v -15.121010 -0.313790 -14.136300
v -15.163610 -0.263070 -14.121780
v -15.202730 -0.222190 -14.112140
v -15.204410 -0.233450 -14.055840
v -15.224730 -0.258430 -14.004230
v -15.180890 -0.303900 -14.013260
v -15.138890 -0.353810 -14.024320
v -16.023640 -1.054340 -14.034600
v -15.989840 -1.038700 -13.986010
v -16.029699 -0.987920 -13.977570
v -16.062269 -0.938310 -13.971000
v -16.094620 -0.950850 -14.016770
v -16.113930 -0.949980 -14.074580
v -16.079580 -1.004730 -14.082720
v -16.042170 -1.055660 -14.092940
v -16.101910 -1.005250 -14.519550
v -16.101570 -1.018760 -14.459760
v -16.141930 -0.965130 -14.450220
v -16.172850 -0.917940 -14.439550
v -16.174049 -0.903070 -14.495030
v -16.156601 -0.874440 -14.545800
v -16.122561 -0.926860 -14.559410
v -16.083691 -0.978730 -14.571730
v -16.575670 -0.038620 -13.861460
v -16.584230 0.024080 -13.868890
v -16.621811 0.025690 -13.915720
v -16.632259 0.011750 -13.973460
v -16.625031 -0.053920 -13.966590
v -16.599091 -0.116830 -13.969320
v -16.586710 -0.100330 -13.910660
v -16.546721 -0.099850 -13.862350
v -16.596189 -0.143880 -14.330620
v -16.567869 -0.189520 -14.359960
v -16.577459 -0.230970 -14.313090
v -16.583040 -0.230260 -14.250800
v -16.607679 -0.172950 -14.251820
v -16.611370 -0.111270 -14.276560
v -15.702880 -0.875910 -13.704430
v -15.654430 -0.839580 -13.694860
v -15.697690 -0.789260 -13.684730
v -15.733520 -0.743830 -13.679750
v -15.780240 -0.775860 -13.688970
v -15.825490 -0.801310 -13.720880
v -15.787420 -0.852580 -13.726260
v -15.747300 -0.903930 -13.736070
v -16.261990 -0.035070 -13.647820
v -16.317190 -0.015920 -13.675630
v -16.325720 -0.079880 -13.676010
v -16.304199 -0.137510 -13.680150
v -16.252831 -0.123800 -13.649480
v -16.216009 -0.075460 -13.641190
v -13.666520 -2.787390 -15.428930
v -13.622620 -2.759180 -15.397300
v -13.603620 -2.822020 -15.396930
v -13.631070 -2.881270 -15.374360
v -13.758760 -2.977630 -15.396810
v -13.877050 -3.080580 -15.358110
v -13.741600 -2.927040 -15.424540
v -13.714430 -2.823530 -15.438530
v -14.041940 -3.085880 -15.410130
v -13.995450 -3.045880 -15.424940
v -13.956660 -3.099930 -15.409230
v -13.955740 -3.142880 -15.359310
v -14.018900 -3.158570 -15.369480
v -14.077000 -3.122730 -15.372810
v -13.883820 -3.119550 -15.212390
v -13.923500 -3.156960 -15.187040
v -13.948870 -3.158010 -15.269920
v -13.936170 -3.136540 -15.319330
v -13.892700 -3.105060 -15.305820
v -13.844140 -3.082180 -15.237750
v -14.248930 -3.336200 -15.056740
v -14.230780 -3.310110 -15.108540
v -14.141640 -3.304000 -15.168830
v -13.996320 -3.193010 -15.281790
v -14.086720 -3.286760 -15.186850
v -14.136540 -3.357690 -15.050970
v -14.194430 -3.378800 -15.019170
v -14.248800 -3.349240 -14.997120
v -13.520430 -3.019130 -14.394700
v -13.568970 -3.042020 -14.462790
v -13.529290 -3.004650 -14.488140
v -13.489620 -2.967250 -14.513490
v -13.464260 -2.966200 -14.430610
v -13.476940 -2.987680 -14.381210
v -13.746240 -3.099500 -14.824900
v -13.772410 -3.107980 -14.878380
v -13.732730 -3.070590 -14.903730
v -13.693050 -3.033200 -14.929080
v -13.666870 -3.024720 -14.875630
v -13.640700 -3.016230 -14.822160
v -13.680380 -3.053630 -14.796800
v -13.720060 -3.091020 -14.771450
v -13.345970 -2.608760 -15.098700
v -13.327610 -2.607450 -15.040850
v -13.308760 -2.670120 -15.039710
v -13.336510 -2.729650 -15.016250
v -13.355210 -2.731080 -15.074480
v -13.389500 -2.747030 -15.123640
v -13.361160 -2.687140 -15.146470
v -13.379510 -2.624270 -15.146880
v -13.267510 -2.658060 -14.613840
v -13.285390 -2.684460 -14.562120
v -13.300320 -2.783950 -14.523340
v -13.416800 -2.931210 -14.418750
v -13.326410 -2.837460 -14.513690
v -13.276570 -2.766530 -14.649560
v -13.249120 -2.707150 -14.672550
v -13.268180 -2.644300 -14.673300
v -13.849930 -3.206870 -14.241650
v -13.894390 -3.234380 -14.273130
v -13.839930 -3.263930 -14.294790
v -13.782050 -3.242920 -14.326190
v -13.654350 -3.146560 -14.303720
v -13.536070 -3.043620 -14.342440
v -13.700350 -3.160920 -14.267640
v -13.801770 -3.171030 -14.232140
v -13.478570 -2.903260 -14.259280
v -13.524700 -2.943700 -14.244580
v -13.486810 -2.986080 -14.282520
v -13.457370 -2.981320 -14.341230
v -13.424580 -2.927460 -14.322260
v -13.443160 -2.866860 -14.296690
v -14.170370 -3.385610 -14.571890
v -14.188780 -3.386860 -14.629730
v -14.134600 -3.416050 -14.652040
v -14.076600 -3.394560 -14.684280
v -14.057900 -3.393110 -14.626040
v -14.023630 -3.377190 -14.576880
v -14.082220 -3.399010 -14.545280
v -14.136890 -3.370040 -14.523700
v -15.203280 -0.474350 -13.631300
v -15.234380 -0.515360 -13.597810
v -15.249910 -0.466090 -13.556780
v -15.261020 -0.424190 -13.515970
v -15.231870 -0.384550 -13.544890
v -15.184140 -0.349510 -13.559810
v -15.171380 -0.394540 -13.606230
v -15.155000 -0.440580 -13.648530
v -14.780680 -0.255330 -13.693100
v -14.838190 -0.276540 -13.694560
v -14.854290 -0.227480 -13.651190
v -14.869060 -0.188710 -13.610980
v -14.815780 -0.167610 -13.607630
v -14.759270 -0.160990 -13.585820
v -14.741380 -0.203130 -13.630680
v -14.722870 -0.249670 -13.673480
v -15.426960 0.266810 -12.754500
v -15.414710 0.294480 -12.698400
v -15.384260 0.343210 -12.714890
v -15.335320 0.365330 -12.742320
v -15.348180 0.338110 -12.802310
v -15.344960 0.297370 -12.856900
v -15.393460 0.273910 -12.826180
v -15.423920 0.222980 -12.806430
v -15.018740 0.386070 -12.949430
v -14.987510 0.355660 -12.992160
v -15.039650 0.339590 -13.024250
v -15.099720 0.327380 -13.012150
v -15.099920 0.366430 -12.963520
v -15.070300 0.394080 -12.910770
v -15.233310 0.428190 -12.206770
v -15.184500 0.393340 -12.182480
v -15.151440 0.446590 -12.192250
v -15.104430 0.465440 -12.233410
v -15.154620 0.501640 -12.257600
v -15.190280 0.502080 -12.311080
v -15.236280 0.482920 -12.271090
v -15.268170 0.428690 -12.261300
v -14.756040 0.422460 -12.629210
v -14.723060 0.385810 -12.675680
v -14.764970 0.418600 -12.707820
v -14.806760 0.421190 -12.754490
v -14.835290 0.455900 -12.703830
v -14.873130 0.470690 -12.654770
v -14.834460 0.468790 -12.611990
v -14.795900 0.438070 -12.582020
v -14.340860 -0.275740 -13.469800
v -14.390310 -0.265270 -13.504350
v -14.408010 -0.219920 -13.461120
v -14.428260 -0.181370 -13.420310
v -14.382980 -0.190360 -13.386120
v -14.350120 -0.213860 -13.340470
v -14.326540 -0.255850 -13.384330
v -14.306640 -0.300610 -13.425530
v -14.805890 0.004500 -12.169510
v -14.776410 -0.050500 -12.196470
v -14.736550 -0.003730 -12.207540
v -14.697120 0.023690 -12.247400
v -14.731320 0.074690 -12.217210
v -14.773030 0.122240 -12.208370
v -14.808790 0.096890 -12.171660
v -14.845410 0.054030 -12.162100
v -14.517740 0.119110 -12.535050
v -14.539660 0.166220 -12.573160
v -14.566970 0.195710 -12.525500
v -14.600020 0.195430 -12.467760
v -14.564190 0.140290 -12.458880
v -14.535780 0.089180 -12.480890
v -14.302260 -0.854910 -12.782520
v -14.271190 -0.813860 -12.815970
v -14.293050 -0.767470 -12.774420
v -14.315460 -0.723510 -12.741130
v -14.345960 -0.759700 -12.709220
v -14.395150 -0.791040 -12.691110
v -14.370810 -0.840920 -12.726620
v -14.350560 -0.888640 -12.765240
v -14.142870 -0.524730 -13.092270
v -14.156600 -0.488860 -13.140060
v -14.176530 -0.441820 -13.095480
v -14.197570 -0.402310 -13.059550
v -14.186020 -0.434440 -13.013350
v -14.196850 -0.474110 -12.968510
v -14.172680 -0.518770 -13.007130
v -14.152040 -0.566360 -13.048200
v -15.165120 -1.052420 -12.943060
v -15.115650 -1.062930 -12.908540
v -15.134860 -1.013870 -12.870270
v -15.148230 -0.966320 -12.836760
v -15.194670 -0.954340 -12.868390
v -15.228790 -0.927620 -12.911250
v -15.215700 -0.979470 -12.948410
v -15.199320 -1.027580 -12.987360
v -15.362900 -0.803930 -13.321040
v -15.349170 -0.839810 -13.273270
v -15.367650 -0.788510 -13.232950
v -15.379050 -0.745040 -13.197260
v -15.391920 -0.709500 -13.240520
v -15.382450 -0.666400 -13.282390
v -15.370530 -0.713950 -13.323480
v -15.353720 -0.762310 -13.365110
v -15.323760 -0.112620 -12.266310
v -15.315530 -0.051590 -12.249950
v -15.362920 -0.025560 -12.276120
v -15.393250 -0.013690 -12.326880
v -15.403700 -0.076960 -12.344170
v -15.399100 -0.136980 -12.376010
v -15.366000 -0.147210 -12.324370
v -15.315370 -0.172360 -12.297160
v -15.509080 -0.019340 -12.700550
v -15.504990 -0.053620 -12.751080
v -15.512170 -0.108050 -12.719580
v -15.498990 -0.131100 -12.662950
v -15.505130 -0.074870 -12.636600
v -15.497780 -0.008710 -12.637510
v -14.725110 -1.073340 -12.720210
v -14.667590 -1.052140 -12.718760
v -14.689520 -1.003600 -12.677900
v -14.707550 -0.958660 -12.645840
v -14.762150 -0.976410 -12.646280
v -14.820040 -0.979510 -12.665020
v -14.801760 -1.029930 -12.700090
v -14.782900 -1.079000 -12.739820
v -14.974720 -0.244570 -12.197100
v -15.027570 -0.207320 -12.194560
v -15.054010 -0.263630 -12.211680
v -15.052280 -0.317600 -12.241450
v -14.992590 -0.325640 -12.229770
v -14.942580 -0.291170 -12.221290
v -13.922370 -2.451710 -15.589050
v -13.864970 -2.445800 -15.569180
v -13.865770 -2.505860 -15.595670
v -13.901450 -2.563920 -15.584180
v -14.052350 -2.621480 -15.585810
v -14.178870 -2.710700 -15.539710
v -14.030070 -2.567570 -15.600630
v -13.979320 -2.472840 -15.590650
v -14.345870 -2.668220 -15.524610
v -14.296170 -2.633750 -15.542520
v -14.271910 -2.695120 -15.560340
v -14.269060 -2.753810 -15.530610
v -14.334160 -2.753740 -15.520600
v -14.377720 -2.710580 -15.490390
v -14.154100 -2.802340 -15.422310
v -14.193770 -2.839730 -15.396950
v -14.241240 -2.803860 -15.459980
v -14.237760 -2.767010 -15.501130
v -14.185080 -2.750910 -15.495890
v -14.114410 -2.764950 -15.447670
v -14.504760 -3.000500 -15.216850
v -14.495680 -2.959430 -15.260670
v -14.430070 -2.944560 -15.344930
v -14.298130 -2.823160 -15.463400
v -14.380220 -2.930740 -15.375910
v -14.406820 -3.040450 -15.260880
v -14.456520 -3.062710 -15.217950
v -14.491150 -3.035890 -15.169000
v -13.556400 -3.093130 -14.814880
v -13.627070 -3.079110 -14.863120
v -13.587380 -3.041720 -14.888480
v -13.547700 -3.004310 -14.913830
v -13.500230 -3.040200 -14.850790
v -13.503710 -3.077040 -14.809660
v -13.910420 -2.959420 -15.130020
v -13.952260 -2.941740 -15.169440
v -13.912570 -2.904330 -15.194790
v -13.872890 -2.866950 -15.220140
v -13.831060 -2.884630 -15.180740
v -13.789220 -2.902300 -15.141330
v -13.828910 -2.939700 -15.115970
v -13.868600 -2.977070 -15.090610
v -13.482440 -2.472440 -15.366010
v -13.448550 -2.497050 -15.322070
v -13.449200 -2.557250 -15.347790
v -13.484970 -2.615850 -15.335500
v -13.519330 -2.591140 -15.379680
v -13.569480 -2.580580 -15.414610
v -13.532870 -2.522030 -15.426470
v -13.531500 -2.462010 -15.400230
v -13.284570 -2.721100 -14.988230
v -13.293550 -2.762470 -14.944670
v -13.324780 -2.865350 -14.936370
v -13.443370 -3.020930 -14.847370
v -13.361260 -2.913310 -14.934870
v -13.334660 -2.803630 -15.049900
v -13.299050 -2.745310 -15.061720
v -13.298430 -2.685080 -15.035530
v -13.866970 -3.269890 -14.616050
v -13.924640 -3.275150 -14.635350
v -13.889820 -3.302150 -14.684000
v -13.840050 -3.280150 -14.726590
v -13.689140 -3.222590 -14.724980
v -13.562640 -3.133380 -14.771060
v -13.724770 -3.242310 -14.680690
v -13.809910 -3.249050 -14.614680
v -13.445370 -3.048560 -14.676310
v -13.494910 -3.083470 -14.658760
v -13.483640 -3.112970 -14.719390
v -13.472440 -3.090280 -14.780180
v -13.421410 -3.054330 -14.759140
v -13.413340 -3.006630 -14.710890
v -14.306850 -3.249270 -14.839170
v -14.340780 -3.224610 -14.883060
v -14.306300 -3.250980 -14.932060
v -14.256520 -3.228210 -14.975290
v -14.222150 -3.252930 -14.931110
v -14.172000 -3.263490 -14.896180
v -14.222630 -3.286190 -14.853380
v -14.257820 -3.259650 -14.804910
v -14.922940 -0.002650 -14.908650
v -14.965170 -0.020170 -14.867670
v -14.979120 0.043690 -14.858730
v -14.989910 0.100750 -14.845610
v -14.950530 0.119410 -14.882460
v -14.896040 0.139760 -14.901060
v -14.883250 0.077160 -14.917220
v -14.867760 0.015440 -14.928550
v -14.466530 0.132270 -14.970930
v -14.525670 0.116590 -14.974910
v -14.540590 0.181430 -14.963980
v -14.555340 0.235700 -14.950730
v -14.500640 0.252470 -14.946000
v -14.448110 0.265410 -14.918020
v -14.430090 0.205750 -14.932980
v -14.412520 0.143220 -14.944070
v -15.165270 1.083750 -14.549340
v -15.158040 1.134440 -14.511360
v -15.117960 1.167010 -14.541480
v -15.062340 1.169940 -14.564600
v -15.069450 1.117790 -14.606250
v -15.063930 1.055520 -14.633470
v -15.119870 1.052990 -14.606810
v -15.160860 1.020090 -14.572890
v -14.717110 1.067810 -14.682650
v -14.684610 1.018600 -14.698380
v -14.732720 0.992160 -14.729850
v -14.795130 0.991090 -14.726960
v -14.797010 1.048800 -14.703420
v -14.772330 1.096770 -14.664500
v -15.039920 1.479290 -14.111860
v -15.001860 1.457790 -14.064140
v -14.959620 1.497410 -14.090020
v -14.904170 1.490910 -14.123810
v -14.943360 1.513730 -14.172360
v -14.969340 1.490250 -14.226270
v -15.023670 1.495840 -14.193120
v -15.064930 1.455310 -14.166500
v -14.507460 1.239460 -14.367280
v -14.473630 1.182860 -14.382900
v -14.504020 1.198350 -14.434890
v -14.536730 1.180410 -14.485290
v -14.567210 1.237070 -14.464180
v -14.609680 1.276150 -14.437230
v -14.579260 1.292970 -14.391180
v -14.551470 1.278450 -14.342730
v -14.077720 0.196400 -14.673560
v -14.118620 0.191690 -14.718910
v -14.135640 0.253350 -14.706730
v -14.155870 0.308070 -14.694060
v -14.118740 0.314110 -14.650630
v -14.097890 0.313860 -14.593350
v -14.074470 0.254470 -14.606330
v -14.055520 0.194190 -14.616550
v -14.697070 1.102200 -13.789590
v -14.672730 1.039360 -13.780730
v -14.624690 1.072290 -13.803230
v -14.575440 1.074370 -13.841540
v -14.605550 1.135590 -13.846800
v -14.640050 1.183860 -13.870410
v -14.684870 1.181840 -13.834970
v -14.728910 1.151380 -13.814890
v -14.338920 1.006440 -14.093460
v -14.346590 1.030280 -14.152830
v -14.376230 1.080840 -14.131600
v -14.417830 1.110750 -14.089140
v -14.393140 1.064850 -14.048090
v -14.370030 1.007860 -14.037040
v -14.243750 0.024130 -13.806320
v -14.201550 0.041710 -13.847300
v -14.222200 0.103690 -13.837970
v -14.242440 0.159570 -13.834720
v -14.283070 0.145440 -13.797200
v -14.338900 0.129960 -13.777880
v -14.317360 0.067710 -13.779850
v -14.298950 0.006100 -13.786420
v -13.985750 0.151220 -14.190630
v -13.985680 0.160050 -14.251300
v -14.004850 0.223960 -14.239240
v -14.024870 0.277170 -14.231370
v -14.026240 0.270960 -14.174280
v -14.050360 0.258900 -14.119740
v -14.027660 0.199690 -14.126850
v -14.008470 0.136980 -14.135480
v -15.089400 -0.173460 -14.041220
v -15.048490 -0.168820 -13.995890
v -15.065590 -0.106270 -13.990030
v -15.076520 -0.047700 -13.986280
v -15.114700 -0.049840 -14.029150
v -15.136730 -0.045340 -14.085810
v -15.126190 -0.109440 -14.090750
v -15.111560 -0.171300 -14.098230
v -15.181160 -0.128970 -14.524270
v -15.181240 -0.137800 -14.463600
v -15.197650 -0.072360 -14.456880
v -15.207610 -0.016390 -14.448920
v -15.207470 -0.005710 -14.505370
v -15.184590 0.010870 -14.559250
v -15.173880 -0.051320 -14.569820
v -15.158440 -0.114750 -14.579390
v -15.204310 0.984640 -13.931600
v -15.189250 1.045280 -13.944070
v -15.227010 1.058110 -13.989010
v -15.246420 1.045570 -14.044720
v -15.263850 0.982670 -14.032460
v -15.263730 0.914590 -14.030890
v -15.241520 0.928810 -13.974590
v -15.200630 0.917080 -13.928500
v -15.299470 0.865740 -14.388140
v -15.292740 0.811010 -14.414700
v -15.313500 0.779370 -14.363950
v -15.313510 0.786070 -14.301760
v -15.314850 0.848270 -14.306630
v -15.297020 0.905010 -14.336500
v -14.700370 -0.110020 -13.743970
v -14.641240 -0.094340 -13.739980
v -14.661510 -0.030810 -13.732260
v -14.677130 0.025050 -13.729560
v -14.733040 0.012700 -13.733640
v -14.786880 0.004410 -13.760960
v -14.771400 -0.057730 -13.763640
v -14.754380 -0.120970 -13.770820
v -14.896620 0.882070 -13.734560
v -14.942580 0.918990 -13.761240
v -14.974500 0.863210 -13.755580
v -14.976560 0.801570 -13.755660
v -14.921620 0.796630 -13.728840
v -14.868800 0.827730 -13.726640
v -13.672120 -2.757070 -15.390180
v -13.618490 -2.745760 -15.363320
v -13.624530 -2.810960 -15.358340
v -13.670370 -2.853770 -15.329340
v -13.826260 -2.895500 -15.337020
v -13.971140 -2.943060 -15.283710
v -13.793560 -2.857120 -15.369890
v -13.730670 -2.772800 -15.394230
v -14.129430 -2.888480 -15.327010
v -14.072640 -2.870200 -15.347520
v -14.055880 -2.933820 -15.329020
v -14.067260 -2.970670 -15.275620
v -14.132280 -2.961740 -15.281300
v -14.172740 -2.906800 -15.284960
v -13.980610 -2.967240 -15.134980
v -14.029320 -2.985030 -15.104560
v -14.059600 -2.981600 -15.185700
v -14.043680 -2.969730 -15.237350
v -13.990680 -2.956390 -15.228810
v -13.931910 -2.949440 -15.165440
v -14.386980 -3.018430 -14.943390
v -14.364480 -3.004500 -14.998100
v -14.284540 -3.036600 -15.062950
v -14.117480 -2.996560 -15.192140
v -14.228770 -3.042710 -15.085050
v -14.290800 -3.080640 -14.941200
v -14.349710 -3.076070 -14.904890
v -14.387130 -3.026750 -14.882920
v -13.543380 -2.961260 -14.347870
v -13.602140 -2.968220 -14.411240
v -13.553430 -2.950410 -14.441680
v -13.504720 -2.932610 -14.472120
v -13.474430 -2.936060 -14.390970
v -13.490350 -2.947930 -14.339310
v -13.815720 -2.976640 -14.757890
v -13.847260 -2.977890 -14.809060
v -13.798550 -2.960080 -14.839520
v -13.749850 -2.942260 -14.869960
v -13.718310 -2.941030 -14.818780
v -13.686780 -2.939790 -14.767590
v -13.735490 -2.957580 -14.737140
v -13.784180 -2.975400 -14.706710
v -13.283210 -2.693390 -15.092870
v -13.261240 -2.695510 -15.036310
v -13.267270 -2.760440 -15.030560
v -13.313430 -2.803330 -15.000650
v -13.335780 -2.801200 -15.057550
v -13.377280 -2.805950 -15.103410
v -13.330390 -2.762960 -15.132760
v -13.323770 -2.697980 -15.137810
v -13.191370 -2.738150 -14.609910
v -13.213750 -2.752450 -14.555270
v -13.261850 -2.836110 -14.507210
v -13.416530 -2.921050 -14.384550
v -13.305280 -2.874960 -14.491640
v -13.243260 -2.837010 -14.635480
v -13.197390 -2.794150 -14.664890
v -13.191470 -2.728950 -14.670250
v -13.906200 -2.999460 -14.163120
v -13.960060 -3.009920 -14.189860
v -13.922540 -3.059260 -14.211450
v -13.863680 -3.063880 -14.247320
v -13.707820 -3.022160 -14.239640
v -13.562950 -2.974610 -14.292940
v -13.752850 -3.015620 -14.200260
v -13.847550 -2.984130 -14.159130
v -13.450640 -2.861730 -14.225320
v -13.507270 -2.880550 -14.204900
v -13.491160 -2.936490 -14.240770
v -13.466770 -2.947000 -14.301030
v -13.414780 -2.908550 -14.288490
v -13.407180 -2.843980 -14.267480
v -14.295070 -3.063300 -14.460440
v -14.317070 -3.061120 -14.516980
v -14.279740 -3.110040 -14.539230
v -14.220630 -3.114330 -14.576010
v -14.198260 -3.116450 -14.519110
v -14.156760 -3.111690 -14.473250
v -14.216610 -3.107540 -14.437060
v -14.254530 -3.058650 -14.415480
v -17.284309 -1.505100 -11.293400
v -17.324350 -1.526810 -11.252250
v -17.349541 -1.465930 -11.248600
v -17.370550 -1.410880 -11.240160
v -17.333651 -1.388240 -11.277350
v -17.282869 -1.360000 -11.296140
v -17.258810 -1.420360 -11.307110
v -17.232401 -1.479030 -11.313270
v -16.856279 -1.296690 -11.354610
v -16.911600 -1.322780 -11.358830
v -16.937969 -1.260950 -11.353310
v -16.962410 -1.209330 -11.344620
v -16.911680 -1.182900 -11.339850
v -16.863260 -1.158950 -11.311650
v -16.834620 -1.215390 -11.321560
v -16.806040 -1.274500 -11.327350
v -17.725100 -0.455540 -11.024700
v -17.728230 -0.401790 -10.990550
v -17.693331 -0.364910 -11.022100
v -17.638210 -0.353880 -11.043990
v -17.634581 -0.409310 -11.081680
v -17.617300 -0.471410 -11.103880
v -17.672920 -0.481840 -11.078510
v -17.708790 -0.518940 -11.043170
v -17.276310 -0.401790 -11.145340
v -17.235170 -0.445480 -11.156420
v -17.276739 -0.482170 -11.186960
v -17.338079 -0.494000 -11.185520
v -17.350840 -0.435990 -11.166520
v -17.336361 -0.381780 -11.130820
v -17.686991 -0.013930 -10.615950
v -17.647600 -0.024940 -10.565800
v -17.611940 0.019550 -10.593600
v -17.554970 0.020540 -10.625420
v -17.595671 0.032570 -10.676520
v -17.615129 0.001100 -10.729090
v -17.670839 -0.000620 -10.697810
v -17.705400 -0.045790 -10.669190
v -17.111700 -0.173860 -10.839010
v -17.067989 -0.224560 -10.849400
v -17.098640 -0.218430 -10.903180
v -17.125799 -0.245380 -10.952820
v -17.166439 -0.193620 -10.936880
v -17.216040 -0.160800 -10.914060
v -17.190769 -0.135670 -10.868710
v -17.162729 -0.141560 -10.818640
v -16.495970 -1.144030 -11.053580
v -16.533689 -1.159070 -11.099410
v -16.561640 -1.100680 -11.092440
v -16.591520 -1.049610 -11.084500
v -16.557680 -1.034040 -11.040760
v -16.539270 -1.026530 -10.983140
v -16.505421 -1.081640 -10.990930
v -16.475910 -1.138220 -10.996020
v -17.296209 -0.300770 -10.257320
v -17.261690 -0.357560 -10.243060
v -17.219271 -0.318370 -10.266830
v -17.169720 -0.310390 -10.303970
v -17.209801 -0.255960 -10.314640
v -17.251261 -0.216330 -10.342760
v -17.296350 -0.223680 -10.308370
v -17.335119 -0.259900 -10.287100
v -16.915670 -0.353380 -10.544030
v -16.925119 -0.335570 -10.605240
v -16.963881 -0.289630 -10.588680
v -17.011629 -0.264580 -10.549700
v -16.980890 -0.302360 -10.504630
v -16.948660 -0.353450 -10.488670
v -16.662100 -1.280510 -10.180040
v -16.622080 -1.258760 -10.221180
v -16.653530 -1.200880 -10.217160
v -16.683281 -1.149350 -10.218710
v -16.722231 -1.167690 -10.181230
v -16.775200 -1.191360 -10.162150
v -16.743111 -1.248820 -10.158800
v -16.714041 -1.306530 -10.160160
v -16.415831 -1.137730 -10.566480
v -16.415020 -1.133380 -10.627640
v -16.445419 -1.073150 -10.621010
v -16.474680 -1.023870 -10.617740
v -16.477100 -1.026130 -10.560380
v -16.500790 -1.038330 -10.505690
v -16.467890 -1.092960 -10.507670
v -16.437780 -1.151770 -10.511000
v -17.451080 -1.640220 -10.419760
v -17.413340 -1.625230 -10.373930
v -17.441259 -1.566410 -10.373330
v -17.462351 -1.510570 -10.374350
v -17.497919 -1.522450 -10.417860
v -17.518250 -1.525960 -10.475220
v -17.496550 -1.587380 -10.474960
v -17.471121 -1.646070 -10.477330
v -17.530899 -1.647170 -10.906910
v -17.531740 -1.651520 -10.845760
v -17.559490 -1.589680 -10.844500
v -17.579340 -1.535920 -10.841100
v -17.578930 -1.529430 -10.898190
v -17.557280 -1.512970 -10.952610
v -17.535530 -1.572890 -10.958100
v -17.508961 -1.633120 -10.962410
v -17.769581 -0.515650 -10.402310
v -17.764830 -0.454370 -10.419060
v -17.802540 -0.451620 -10.465750
v -17.817350 -0.471310 -10.520790
v -17.824030 -0.535270 -10.504170
v -17.812130 -0.601980 -10.497380
v -17.794870 -0.580090 -10.441800
v -17.754339 -0.581120 -10.393930
v -17.825350 -0.681720 -10.850560
v -17.808210 -0.736150 -10.872660
v -17.825050 -0.767250 -10.820160
v -17.828581 -0.756230 -10.758700
v -17.840500 -0.695770 -10.768350
v -17.831711 -0.639050 -10.802050
v -17.090500 -1.488200 -10.118770
v -17.035160 -1.462120 -10.114560
v -17.066441 -1.402760 -10.112250
v -17.091619 -1.350460 -10.114230
v -17.144360 -1.372750 -10.118730
v -17.194851 -1.392310 -10.146640
v -17.168720 -1.450780 -10.144160
v -17.140730 -1.510400 -10.146040
v -17.456369 -0.548100 -10.190460
v -17.507010 -0.521850 -10.221020
v -17.528940 -0.581840 -10.211870
v -17.520250 -0.642710 -10.207280
v -17.466320 -0.636000 -10.178810
v -17.419849 -0.595990 -10.177700
v -15.556520 -4.023410 -11.530940
v -15.506730 -4.000930 -11.503730
v -15.501530 -4.065640 -11.493890
v -15.540290 -4.113680 -11.462830
v -15.686120 -4.182650 -11.471110
v -15.822420 -4.251050 -11.417890
v -15.659390 -4.141550 -11.506020
v -15.611250 -4.049460 -11.535220
v -15.986090 -4.228440 -11.469140
v -15.932620 -4.201960 -11.489590
v -15.905770 -4.260170 -11.465840
v -15.912570 -4.294520 -11.410070
v -15.977870 -4.297620 -11.418020
v -16.027100 -4.251050 -11.426880
v -15.833180 -4.265870 -11.268020
v -15.879160 -4.289750 -11.237510
v -15.906530 -4.297490 -11.319410
v -15.890950 -4.286720 -11.371410
v -15.841430 -4.263680 -11.362610
v -15.787200 -4.241960 -11.298540
v -16.231400 -4.374010 -11.083110
v -16.209629 -4.360300 -11.138150
v -16.122940 -4.382350 -11.198350
v -15.960660 -4.322860 -11.326080
v -16.066160 -4.380100 -11.218540
v -16.126030 -4.418000 -11.073770
v -16.186150 -4.421310 -11.039390
v -16.232349 -4.377910 -11.022200
v -15.433600 -4.126800 -10.473180
v -15.487830 -4.148500 -10.537260
v -15.441850 -4.124610 -10.567770
v -15.395870 -4.100730 -10.598290
v -15.368530 -4.092990 -10.516390
v -15.384070 -4.103760 -10.464380
v -15.683500 -4.219140 -10.887380
v -15.712380 -4.229560 -10.939080
v -15.666410 -4.205680 -10.969590
v -15.620430 -4.181790 -11.000100
v -15.591540 -4.171360 -10.948410
v -15.562660 -4.160930 -10.896710
v -15.608630 -4.184820 -10.866200
v -15.654630 -4.208710 -10.835690
v -15.196080 -3.871170 -11.229950
v -15.176220 -3.865340 -11.172870
v -15.171080 -3.929740 -11.162310
v -15.210170 -3.977840 -11.130310
v -15.230400 -3.983770 -11.187760
v -15.268680 -3.999000 -11.234120
v -15.228910 -3.950630 -11.265520
v -15.233500 -3.886020 -11.275390
v -15.116110 -3.864460 -10.742850
v -15.137720 -3.878540 -10.687840
v -15.172330 -3.965720 -10.634690
v -15.314410 -4.067630 -10.509710
v -15.208900 -4.010390 -10.617260
v -15.149030 -3.972510 -10.762020
v -15.110240 -3.924420 -10.793510
v -15.115540 -3.859750 -10.803710
v -15.790970 -4.215060 -10.295020
v -15.841150 -4.236720 -10.322180
v -15.794830 -4.280100 -10.339000
v -15.734740 -4.276820 -10.372960
v -15.588910 -4.207840 -10.364680
v -15.452600 -4.139420 -10.417910
v -15.635840 -4.206550 -10.327040
v -15.736070 -4.189390 -10.290770
v -15.364250 -4.004020 -10.356430
v -15.417490 -4.031030 -10.336030
v -15.390560 -4.085660 -10.367070
v -15.362470 -4.095980 -10.425730
v -15.318450 -4.048200 -10.414890
v -15.322990 -3.981940 -10.398730
v -16.151360 -4.367440 -10.596010
v -16.171240 -4.373190 -10.653080
v -16.125160 -4.416230 -10.670590
v -16.064859 -4.412660 -10.705460
v -16.044621 -4.406730 -10.648020
v -16.006359 -4.391490 -10.601670
v -16.067350 -4.395370 -10.567380
v -16.113951 -4.352510 -10.550560
v -16.515100 -1.196710 -10.104620
v -16.553209 -1.224750 -10.065500
v -16.556740 -1.167810 -10.032350
v -16.557550 -1.118990 -9.998290
v -16.521481 -1.091190 -10.032710
v -16.467831 -1.069780 -10.052520
v -16.466270 -1.122780 -10.091640
v -16.461250 -1.176970 -10.126530
v -16.057570 -1.084850 -10.196890
v -16.118259 -1.093220 -10.195380
v -16.122360 -1.036040 -10.159890
v -16.127390 -0.989530 -10.125980
v -16.070770 -0.980070 -10.125620
v -16.013540 -0.982580 -10.104860
v -16.006310 -1.033690 -10.142830
v -15.999340 -1.088900 -10.178140
v -16.551201 -0.304480 -9.349190
v -16.531771 -0.272160 -9.297800
v -16.492130 -0.234040 -9.321270
v -16.440411 -0.227170 -9.351530
v -16.460461 -0.259510 -9.406830
v -16.467520 -0.307550 -9.454700
v -16.518999 -0.315310 -9.421010
v -16.559010 -0.355070 -9.393990
v -16.132690 -0.305380 -9.558250
v -16.109880 -0.347700 -9.595840
v -16.165119 -0.356760 -9.625360
v -16.226061 -0.353890 -9.611790
v -16.216579 -0.309010 -9.569550
v -16.180250 -0.280930 -9.521420
v -16.312170 -0.109790 -8.831010
v -16.271219 -0.150330 -8.801600
v -16.227900 -0.107430 -8.819090
v -16.179131 -0.105360 -8.862440
v -16.221149 -0.063190 -8.891940
v -16.257410 -0.062950 -8.945010
v -16.305281 -0.065740 -8.902790
v -16.347670 -0.109840 -8.885120
v -15.859210 -0.279550 -9.246090
v -15.836120 -0.328840 -9.286430
v -15.871020 -0.292890 -9.323280
v -15.912600 -0.288300 -9.369940
v -15.931650 -0.241240 -9.325150
v -15.964080 -0.211670 -9.279000
v -15.925490 -0.215500 -9.236270
v -15.893500 -0.249040 -9.201900
v -15.625920 -1.166000 -9.971430
v -15.672980 -1.150380 -10.007350
v -15.679410 -1.096450 -9.971450
v -15.689840 -1.048880 -9.936920
v -15.646550 -1.062270 -9.901610
v -15.618140 -1.085300 -9.852840
v -15.605270 -1.137340 -9.889850
v -15.596520 -1.190880 -9.923830
v -15.983610 -0.605060 -8.729310
v -15.967270 -0.668460 -8.747650
v -15.918720 -0.633440 -8.765430
v -15.875520 -0.621250 -8.808790
v -15.897220 -0.560270 -8.786680
v -15.927610 -0.504100 -8.785200
v -15.966890 -0.515540 -8.745250
v -16.011490 -0.547690 -8.729540
v -15.688220 -0.609720 -9.106810
v -15.700710 -0.565130 -9.151610
v -15.719790 -0.523800 -9.108990
v -15.750460 -0.508520 -9.051980
v -15.726920 -0.568140 -9.034830
v -15.710650 -0.626820 -9.048860
v -15.691680 -1.632830 -9.205230
v -15.653580 -1.604750 -9.244320
v -15.663890 -1.549170 -9.210240
v -15.675490 -1.497040 -9.183980
v -15.712080 -1.520770 -9.147130
v -15.766280 -1.537840 -9.124730
v -15.754080 -1.596450 -9.152300
v -15.745540 -1.652520 -9.183290
v -15.474670 -1.393550 -9.560240
v -15.481820 -1.362970 -9.612890
v -15.490030 -1.306710 -9.575920
v -15.501160 -1.258770 -9.546370
v -15.495400 -1.285530 -9.495850
v -15.513110 -1.314940 -9.445620
v -15.500100 -1.368920 -9.477050
v -15.491220 -1.425310 -9.510490
v -16.581020 -1.662210 -9.337620
v -16.533951 -1.677890 -9.301730
v -16.541189 -1.620780 -9.271310
v -16.543221 -1.567080 -9.245320
v -16.586929 -1.550200 -9.278550
v -16.615810 -1.523370 -9.325050
v -16.615089 -1.581730 -9.354000
v -16.610420 -1.637380 -9.385260
v -16.732189 -1.435340 -9.749180
v -16.725040 -1.465920 -9.696540
v -16.731060 -1.406510 -9.664430
v -16.731930 -1.356820 -9.635650
v -16.738190 -1.326110 -9.683790
v -16.720970 -1.292630 -9.731590
v -16.720610 -1.347170 -9.765080
v -16.715660 -1.403570 -9.798950
v -16.517080 -0.621400 -8.809430
v -16.495630 -0.561830 -8.802330
v -16.537130 -0.530370 -8.832270
v -16.565670 -0.519860 -8.884350
v -16.589821 -0.581260 -8.892030
v -16.598961 -0.644880 -8.914530
v -16.567341 -0.654270 -8.861820
v -16.522461 -0.685390 -8.830970
v -16.690660 -0.555300 -9.253420
v -16.695400 -0.596690 -9.298250
v -16.713070 -0.643110 -9.259000
v -16.703470 -0.659860 -9.199510
v -16.696791 -0.600380 -9.181890
v -16.675579 -0.538210 -9.192630
v -16.149321 -1.744000 -9.112540
v -16.088619 -1.735620 -9.114060
v -16.098551 -1.678060 -9.080990
v -16.105709 -1.626120 -9.056060
v -16.162809 -1.631630 -9.054050
v -16.220560 -1.624960 -9.072330
v -16.214411 -1.682710 -9.099410
v -16.207560 -1.739970 -9.131300
v -16.202209 -0.813460 -8.720010
v -16.245850 -0.765790 -8.723250
v -16.284140 -0.817010 -8.731870
v -16.294741 -0.873870 -8.753230
v -16.237829 -0.892710 -8.740260
v -16.181410 -0.868890 -8.736840
v -15.739670 -3.667910 -11.740340
v -15.681790 -3.671590 -11.721370
v -15.696080 -3.733300 -11.738600
v -15.742930 -3.780040 -11.718710
v -15.902630 -3.803530 -11.712270
v -16.043859 -3.855830 -11.653820
v -15.869840 -3.758430 -11.734880
v -15.799850 -3.676350 -11.739000
v -16.197491 -3.776790 -11.645840
v -16.142130 -3.756780 -11.668510
v -16.131981 -3.823860 -11.676890
v -16.140829 -3.876780 -11.638710
v -16.204100 -3.861300 -11.629050
v -16.236650 -3.805870 -11.605810
v -16.035761 -3.932420 -11.523970
v -16.081739 -3.956310 -11.493450
v -16.122299 -3.920740 -11.561330
v -16.112230 -3.891920 -11.607490
v -16.057211 -3.886920 -11.604520
v -15.989810 -3.908530 -11.554480
v -16.414530 -4.018510 -11.292490
v -16.398170 -3.987200 -11.341930
v -16.333330 -3.999260 -11.427220
v -16.182020 -3.927670 -11.562020
v -16.282591 -4.001160 -11.459750
v -16.328600 -4.084520 -11.329700
v -16.380659 -4.089060 -11.284110
v -16.407391 -4.048560 -11.239850
v -15.496430 -4.252200 -10.877720
v -15.563850 -4.230590 -10.927770
v -15.517870 -4.206700 -10.958280
v -15.471890 -4.182820 -10.988790
v -15.431350 -4.218380 -10.920920
v -15.441400 -4.247200 -10.874760
v -15.822800 -4.093450 -11.210610
v -15.861050 -4.073200 -11.252360
v -15.815050 -4.049310 -11.282880
v -15.769090 -4.025430 -11.313390
v -15.730840 -4.045670 -11.271630
v -15.692610 -4.065920 -11.229870
v -15.738580 -4.089810 -11.199350
v -15.784580 -4.113700 -11.168850
v -15.308030 -3.749480 -11.515100
v -15.278910 -3.774070 -11.467860
v -15.293040 -3.835830 -11.484300
v -15.340110 -3.882950 -11.463530
v -15.369660 -3.858210 -11.511030
v -15.417410 -3.842390 -11.547330
v -15.369540 -3.795430 -11.567660
v -15.354710 -3.733920 -11.550670
v -15.156820 -3.976590 -11.103710
v -15.173130 -4.008250 -11.054480
v -15.225250 -4.099670 -11.031020
v -15.371620 -4.211450 -10.920210
v -15.271040 -4.137970 -11.022500
v -15.225030 -4.054610 -11.152550
v -15.178200 -4.007650 -11.172800
v -15.164060 -3.945780 -11.155890
v -15.831680 -4.327190 -10.655850
v -15.889670 -4.322750 -10.674360
v -15.862790 -4.363420 -10.718300
v -15.810700 -4.359090 -10.763530
v -15.651020 -4.335590 -10.769970
v -15.509800 -4.283300 -10.828420
v -15.688780 -4.340530 -10.723370
v -15.771480 -4.319110 -10.657390
v -15.374560 -4.212630 -10.746960
v -15.429860 -4.233140 -10.724580
v -15.426860 -4.272950 -10.780070
v -15.412820 -4.262340 -10.843530
v -15.354740 -4.235500 -10.827890
v -15.335360 -4.184050 -10.787300
v -16.263300 -4.245730 -10.881170
v -16.292450 -4.221090 -10.928370
v -16.265770 -4.261130 -10.972760
v -16.213560 -4.256170 -11.018720
v -16.183969 -4.280910 -10.971220
v -16.136230 -4.296730 -10.934920
v -16.189301 -4.301530 -10.889390
v -16.216640 -4.261230 -10.845560
v -16.177441 -0.988640 -11.437070
v -16.221230 -0.990500 -11.394090
v -16.221060 -0.924530 -11.394850
v -16.219101 -0.865190 -11.390430
v -16.177710 -0.861000 -11.429520
v -16.120689 -0.855770 -11.450770
v -16.121960 -0.921330 -11.457330
v -16.120260 -0.985920 -11.459250
v -15.704750 -0.965280 -11.517130
v -15.765960 -0.968320 -11.518940
v -15.766450 -0.900900 -11.517890
v -15.768950 -0.843390 -11.512930
v -15.711850 -0.838230 -11.510560
v -15.656950 -0.832900 -11.484630
v -15.652470 -0.896560 -11.490470
v -15.648910 -0.962330 -11.492010
v -16.173130 0.165110 -11.244950
v -16.154230 0.218090 -11.214930
v -16.109039 0.236520 -11.249450
v -16.054729 0.224050 -11.272530
v -16.073940 0.169100 -11.305950
v -16.082550 0.103790 -11.323540
v -16.136971 0.117240 -11.297030
v -16.183001 0.099230 -11.258720
v -15.742590 0.034120 -11.372760
v -15.721730 -0.022660 -11.380830
v -15.775240 -0.042510 -11.408190
v -15.836340 -0.029740 -11.405390
v -15.825270 0.029840 -11.390730
v -15.789850 0.076580 -11.359330
v -15.954270 0.584390 -10.871010
v -15.920310 0.562450 -10.820470
v -15.871340 0.587870 -10.851820
v -15.819540 0.564770 -10.884060
v -15.854350 0.588070 -10.935610
v -15.886240 0.563070 -10.985500
v -15.937180 0.584970 -10.953760
v -15.985330 0.558560 -10.921550
v -15.492360 0.201210 -11.085780
v -15.471790 0.137020 -11.092640
v -15.499670 0.150860 -11.146500
v -15.536850 0.133160 -11.193750
v -15.553990 0.197500 -11.181450
v -15.586410 0.248300 -11.160790
v -15.551810 0.264780 -11.117660
v -15.526370 0.251900 -11.067510
v -15.302860 -0.943060 -11.231260
v -15.345090 -0.945480 -11.275520
v -15.348300 -0.880510 -11.272780
v -15.356060 -0.821480 -11.268480
v -15.317290 -0.817220 -11.226300
v -15.295360 -0.813530 -11.169560
v -15.285460 -0.877800 -11.173430
v -15.280040 -0.941580 -11.174460
v -15.690280 0.194040 -10.494760
v -15.679600 0.129420 -10.476530
v -15.626320 0.147630 -10.503510
v -15.578870 0.133470 -10.541530
v -15.595430 0.198270 -10.555980
v -15.619540 0.248820 -10.586680
v -15.662730 0.261670 -10.551490
v -15.711640 0.244630 -10.527240
v -15.369420 -0.019740 -10.779600
v -15.373550 -0.003800 -10.841900
v -15.391160 0.054500 -10.828580
v -15.424230 0.098500 -10.791220
v -15.408700 0.054920 -10.743670
v -15.397910 -0.003440 -10.724140
v -15.476950 -0.946640 -10.348650
v -15.433160 -0.944710 -10.391630
v -15.439900 -0.879060 -10.391740
v -15.447710 -0.820290 -10.396940
v -15.489340 -0.819720 -10.357890
v -15.546600 -0.819870 -10.336680
v -15.538840 -0.884900 -10.329250
v -15.534140 -0.949300 -10.326470
v -15.208900 -0.935540 -10.746650
v -15.208670 -0.935940 -10.807950
v -15.213480 -0.868330 -10.805650
v -15.221520 -0.811510 -10.805890
v -15.222550 -0.808840 -10.748510
v -15.247130 -0.807320 -10.692870
v -15.237710 -0.870390 -10.690980
v -15.232540 -0.936350 -10.690080
v -16.351641 -0.990690 -10.554470
v -16.309389 -0.988310 -10.510190
v -16.312639 -0.923400 -10.513810
v -16.310770 -0.863950 -10.518890
v -16.349739 -0.864110 -10.561100
v -16.371910 -0.863360 -10.617880
v -16.375389 -0.928250 -10.613140
v -16.374439 -0.992230 -10.611270
v -16.445530 -0.998930 -11.039080
v -16.445770 -0.998540 -10.977780
v -16.447680 -0.930840 -10.980970
v -16.445320 -0.873480 -10.981490
v -16.444540 -0.871470 -11.038900
v -16.420179 -0.868270 -11.094570
v -16.423229 -0.932170 -11.095700
v -16.421900 -0.998120 -11.095640
v -16.214769 0.168370 -10.619480
v -16.187540 0.221870 -10.640840
v -16.222960 0.235750 -10.687310
v -16.246180 0.219650 -10.740590
v -16.276199 0.164430 -10.719140
v -16.290501 0.098890 -10.707430
v -16.264179 0.116110 -10.653800
v -16.225420 0.102790 -10.606310
v -16.345949 0.006980 -11.053490
v -16.351749 -0.051210 -11.071540
v -16.377310 -0.069880 -11.016720
v -16.374130 -0.054300 -10.956230
v -16.362350 0.005350 -10.970330
v -16.333740 0.051950 -11.008280
v -15.949690 -0.969190 -10.268600
v -15.888480 -0.966130 -10.266790
v -15.894570 -0.899310 -10.268720
v -15.897890 -0.841620 -10.274450
v -15.955240 -0.842160 -10.276850
v -16.010361 -0.842640 -10.302820
v -16.008539 -0.906340 -10.296130
v -16.005560 -0.972130 -10.293720
v -15.930370 0.032280 -10.408200
v -15.968180 0.073870 -10.440270
v -16.011061 0.027670 -10.426450
v -16.026150 -0.031410 -10.417350
v -15.972780 -0.044040 -10.389880
v -15.914530 -0.024990 -10.392140
v -15.554460 -3.987240 -11.497180
v -15.498910 -3.983890 -11.472120
v -15.518510 -4.044800 -11.457480
v -15.571550 -4.072080 -11.422580
v -15.732870 -4.080110 -11.424520
v -15.882950 -4.087170 -11.365240
v -15.693730 -4.054860 -11.462620
v -15.615120 -3.990500 -11.499050
v -16.027260 -4.006890 -11.416790
v -15.968490 -4.004410 -11.439580
v -15.965110 -4.066720 -11.411720
v -15.982530 -4.092040 -11.353470
v -16.044310 -4.070330 -11.360640
v -16.072269 -4.009130 -11.372620
v -15.893150 -4.086690 -11.214600
v -15.943640 -4.088970 -11.182020
v -15.974800 -4.091070 -11.262880
v -15.958200 -4.090580 -11.315680
v -15.903340 -4.087820 -11.309020
v -15.842660 -4.084400 -11.247180
v -16.295481 -4.020940 -11.018980
v -16.272110 -4.020350 -11.075060
v -16.202709 -4.077970 -11.134100
v -16.034731 -4.094070 -11.267200
v -16.150160 -4.099070 -11.154830
v -16.214701 -4.101300 -11.007160
v -16.270229 -4.078960 -10.972170
v -16.295660 -4.020090 -10.957940
v -15.442390 -4.059140 -10.435610
v -15.503070 -4.062570 -10.497450
v -15.452580 -4.060270 -10.530030
v -15.402110 -4.057960 -10.562600
v -15.370930 -4.055900 -10.481740
v -15.387530 -4.056370 -10.428950
v -15.723370 -4.075770 -10.839730
v -15.755880 -4.077730 -10.890270
v -15.705390 -4.075430 -10.922850
v -15.654900 -4.073140 -10.955430
v -15.622380 -4.071190 -10.904890
v -15.589880 -4.069240 -10.854350
v -15.640350 -4.071530 -10.821770
v -15.690830 -4.073820 -10.789190
v -15.152590 -3.965480 -11.211310
v -15.129960 -3.963950 -11.154980
v -15.149480 -4.024510 -11.139640
v -15.202820 -4.051650 -11.103810
v -15.225860 -4.053170 -11.160480
v -15.268680 -4.055590 -11.205260
v -15.214580 -4.028410 -11.240520
v -15.194460 -3.967810 -11.255210
v -15.058630 -3.957550 -10.726750
v -15.081980 -3.958540 -10.670660
v -15.145390 -4.021980 -10.610810
v -15.311020 -4.052890 -10.477410
v -15.195610 -4.047900 -10.589780
v -15.131050 -4.045670 -10.737450
v -15.077980 -4.018400 -10.772770
v -15.058500 -3.957490 -10.787780
v -15.799650 -3.991190 -10.248550
v -15.855270 -3.993680 -10.273620
v -15.829690 -4.052540 -10.287470
v -15.774190 -4.074880 -10.322040
v -15.612870 -4.066850 -10.320100
v -15.462790 -4.059780 -10.379380
v -15.654340 -4.045110 -10.282310
v -15.738980 -3.988380 -10.246680
v -15.327180 -3.964930 -10.328980
v -15.385930 -3.967970 -10.306180
v -15.383090 -4.030710 -10.333220
v -15.363220 -4.054910 -10.391150
v -15.303910 -4.027100 -10.384290
v -15.282170 -3.963270 -10.373140
v -16.201509 -4.013130 -10.534420
v -16.224140 -4.014590 -10.590740
v -16.198700 -4.073120 -10.605300
v -16.142910 -4.095310 -10.640800
v -16.119890 -4.093790 -10.584140
v -16.077070 -4.091360 -10.539360
v -16.133600 -4.069220 -10.504410
v -16.159639 -4.010720 -10.490520
v -33.416279 9.649360 -33.400829
v -33.440140 9.640860 -33.344910
v -33.392220 9.679810 -33.321430
v -33.347099 9.710400 -33.297729
v -33.322559 9.718960 -33.348751
v -33.283970 9.708650 -33.394798
v -33.333160 9.675690 -33.422649
v -33.379581 9.638240 -33.448761
v -31.078239 8.483460 -35.735119
v -31.121679 8.512070 -35.702690
v -31.073669 8.550270 -35.677269
v -31.031969 8.582310 -35.650982
v -30.989550 8.556330 -35.679821
v -30.944960 8.516350 -35.690170
v -30.989740 8.480490 -35.720451
v -31.034790 8.441990 -35.747410
v -27.138830 13.466730 -29.769979
v -27.083960 13.469500 -29.740780
v -27.046129 13.480540 -29.785219
v -27.022181 13.463390 -29.837740
v -27.080750 13.462060 -29.871691
v -27.136209 13.440210 -29.903299
v -27.158960 13.456080 -29.847731
v -27.196461 13.442820 -29.799971
v -26.428539 12.027530 -32.439579
v -26.457790 11.989000 -32.478390
v -26.511909 12.021330 -32.475460
v -26.543470 12.055740 -32.433701
v -26.489710 12.075950 -32.407742
v -26.427860 12.065150 -32.387508
v -23.153179 12.825730 -27.427280
v -23.139099 12.763010 -27.417521
v -23.092430 12.775870 -27.459070
v -23.080080 12.758110 -27.520941
v -23.094009 12.822540 -27.530050
v -23.141951 12.855730 -27.558189
v -23.154449 12.872220 -27.497561
v -23.201401 12.858300 -27.456249
v -23.740681 10.714020 -31.497931
v -23.774799 10.671550 -31.539900
v -23.792440 10.728280 -31.558640
v -23.837080 10.766890 -31.578621
v -23.800461 10.805460 -31.535089
v -23.781370 10.835880 -31.484100
v -23.740129 10.800300 -31.465710
v -23.723869 10.747940 -31.448351
v -28.675381 5.807320 -35.810909
v -28.712370 5.855220 -35.820301
v -28.666790 5.892910 -35.792751
v -28.628500 5.928020 -35.763599
v -28.592630 5.884130 -35.753189
v -28.566500 5.838550 -35.722511
v -28.606880 5.799240 -35.754292
v -28.650070 5.759930 -35.781559
v -23.691469 8.193740 -27.626440
v -23.727791 8.137240 -27.643160
v -23.683760 8.140110 -27.686810
v -23.667749 8.134310 -27.746960
v -23.634541 8.189300 -27.725071
v -23.618280 8.250590 -27.714920
v -23.632959 8.255730 -27.660120
v -23.673519 8.252990 -27.620190
v -23.685930 7.697150 -30.719259
v -23.687611 7.749270 -30.757050
v -23.654091 7.782840 -30.715500
v -23.639170 7.799680 -30.653500
v -23.652201 7.735820 -30.643400
v -23.685040 7.683590 -30.656340
v -28.521749 2.162870 -30.357441
v -28.497881 2.171370 -30.413370
v -28.454559 2.212880 -30.385670
v -28.418051 2.254260 -30.363590
v -28.439289 2.248630 -30.310711
v -28.474369 2.262020 -30.262690
v -28.514910 2.215860 -30.285170
v -28.558451 2.173990 -30.309509
v -27.616779 3.188910 -33.582779
v -27.626591 3.228920 -33.628189
v -27.581079 3.268630 -33.599529
v -27.544460 3.306150 -33.573959
v -27.534290 3.270470 -33.530048
v -27.540680 3.246420 -33.474640
v -27.580709 3.203410 -33.501961
v -27.624229 3.162490 -33.527962
v -33.261662 6.005790 -27.946831
v -33.224689 5.957890 -27.937450
v -33.180168 5.999640 -27.914440
v -33.136620 6.036700 -27.897680
v -33.169601 6.083120 -27.906500
v -33.192719 6.131360 -27.935480
v -33.241138 6.092380 -27.953501
v -33.286991 6.053170 -27.976170
v -34.320759 8.623780 -30.175180
v -34.310940 8.583750 -30.129780
v -34.264099 8.625480 -30.106649
v -34.220379 8.658820 -30.087160
v -34.227360 8.697310 -30.129280
v -34.217628 8.724280 -30.182819
v -34.266800 8.688650 -30.205530
v -34.313301 8.650190 -30.230009
v -26.970751 10.853790 -25.959311
v -26.918600 10.886190 -25.970341
v -26.939690 10.941220 -25.979940
v -26.975189 10.978530 -26.011141
v -27.032579 10.946070 -25.998720
v -27.087330 10.907530 -26.005510
v -27.048800 10.869230 -25.975050
v -27.025000 10.812200 -25.966749
v -29.086241 12.188200 -27.952650
v -29.135700 12.168300 -27.984409
v -29.157669 12.134090 -27.936159
v -29.134680 12.101300 -27.887890
v -29.085541 12.140570 -27.883080
v -29.038719 12.178130 -27.910480
v -30.859270 3.329220 -28.022881
v -30.815840 3.300600 -28.055330
v -30.772141 3.343260 -28.029320
v -30.732880 3.382650 -28.010170
v -30.772100 3.411430 -27.979540
v -30.813320 3.454370 -27.967300
v -30.857821 3.411520 -27.987101
v -30.902731 3.370690 -28.010590
v -26.249741 7.849650 -26.188959
v -26.250099 7.912740 -26.176531
v -26.309690 7.897210 -26.158251
v -26.361740 7.864010 -26.165010
v -26.330700 7.813070 -26.179470
v -26.278440 7.797900 -26.207760
v -46.708199 -5.299310 -44.502731
v -46.664719 -5.340410 -44.514751
v -46.719761 -5.376170 -44.515030
v -46.769550 -5.389710 -44.469051
v -46.884079 -5.314870 -44.382530
v -46.979721 -5.287650 -44.254799
v -46.844818 -5.295150 -44.422459
v -46.751480 -5.271080 -44.470749
v -49.043831 -4.131640 -42.166908
v -49.006142 -4.143080 -42.216190
v -49.044319 -4.200130 -42.220451
v -49.065590 -4.244090 -42.176750
v -49.092159 -4.198060 -42.138432
v -49.068390 -4.140390 -42.109459
v -48.361462 -5.321100 -41.738941
v -48.391750 -5.319790 -41.687012
v -48.426929 -5.252790 -41.729610
v -48.423771 -5.225800 -41.777660
v -48.384102 -5.254650 -41.803051
v -48.331181 -5.322410 -41.790871
v -49.950859 -5.158980 -38.942539
v -49.943741 -5.132940 -38.996979
v -49.948292 -5.160860 -39.100868
v -49.868881 -5.162670 -39.300640
v -49.933159 -5.183150 -39.153889
v -49.953419 -5.252150 -39.009270
v -49.968811 -5.235690 -38.943691
v -49.940811 -5.198630 -38.897251
v -44.930302 -10.601110 -39.555431
v -44.983231 -10.533330 -39.567612
v -44.952950 -10.534660 -39.619541
v -44.922661 -10.535960 -39.671471
v -44.887482 -10.602950 -39.628868
v -44.890652 -10.629950 -39.580799
v -46.687489 -7.926550 -40.627312
v -46.718639 -7.878910 -40.646679
v -46.688358 -7.880230 -40.698608
v -46.658081 -7.881540 -40.750542
v -46.626919 -7.929180 -40.731171
v -46.595772 -7.976820 -40.711800
v -46.626060 -7.975520 -40.659882
v -46.656342 -7.974210 -40.607929
v -44.305740 -7.975710 -44.578678
v -44.280621 -8.022700 -44.549568
v -44.335251 -8.058760 -44.549240
v -44.384979 -8.072700 -44.502361
v -44.410431 -8.025240 -44.531570
v -44.447910 -7.976800 -44.540920
v -44.397541 -7.963570 -44.587811
v -44.342381 -7.928220 -44.587978
v -43.246769 -10.593810 -42.350441
v -43.254330 -10.620240 -42.296230
v -43.333382 -10.666030 -42.239239
v -43.445530 -10.693070 -42.057819
v -43.381260 -10.672620 -42.204590
v -43.360989 -10.603600 -42.349209
v -43.311272 -10.589780 -42.395519
v -43.256359 -10.553740 -42.395458
v -46.489429 -10.453480 -36.790249
v -46.532440 -10.411960 -36.777962
v -46.560299 -10.449280 -36.824188
v -46.544861 -10.466040 -36.889439
v -46.430321 -10.540890 -36.975960
v -46.334690 -10.568110 -37.103680
v -46.436859 -10.531740 -36.917660
v -46.446579 -10.482070 -36.822479
v -44.149700 -11.617540 -39.123760
v -44.187431 -11.606140 -39.074501
v -44.236130 -11.625690 -39.118969
v -44.248810 -11.611670 -39.181709
v -44.188301 -11.627760 -39.200989
v -44.125191 -11.608830 -39.181229
v -48.892109 -7.777240 -36.714420
v -48.917210 -7.730250 -36.743500
v -48.945030 -7.766890 -36.790100
v -48.929440 -7.783060 -36.856129
v -48.903992 -7.830510 -36.826908
v -48.866508 -7.878950 -36.817570
v -48.882729 -7.862060 -36.751518
v -48.855450 -7.824730 -36.705101
v -29.025780 0.083080 -31.490419
v -29.047150 0.077690 -31.433121
v -29.013100 0.132310 -31.418131
v -28.979309 0.178270 -31.401421
v -28.957390 0.184730 -31.453951
v -28.916670 0.178360 -31.498819
v -28.953581 0.128300 -31.519091
v -28.986561 0.075080 -31.536989
v -26.407440 -0.734330 -33.670071
v -26.457920 -0.714460 -33.641510
v -26.423611 -0.660230 -33.624489
v -26.393560 -0.613460 -33.605358
v -26.344891 -0.630520 -33.630779
v -26.290400 -0.656980 -33.635689
v -26.322210 -0.708920 -33.658009
v -26.353550 -0.762850 -33.676601
v -24.202000 6.120990 -28.763411
v -24.150860 6.144520 -28.736919
v -24.117100 6.158320 -28.783779
v -24.088240 6.140160 -28.833420
v -24.143259 6.116080 -28.864719
v -24.189341 6.074010 -28.890350
v -24.216730 6.091840 -28.837540
v -24.249599 6.076610 -28.787010
v -23.054520 4.516120 -31.173840
v -23.070530 4.464720 -31.204599
v -23.131769 4.479940 -31.205391
v -23.172741 4.510300 -31.169029
v -23.127710 4.549390 -31.148640
v -23.065769 4.560640 -31.128910
v -20.245850 7.075500 -26.478170
v -20.214270 7.022210 -26.458441
v -20.172630 7.040770 -26.503071
v -20.154530 7.017070 -26.561420
v -20.186480 7.072110 -26.580820
v -20.241501 7.084640 -26.612570
v -20.259380 7.106870 -26.555210
v -20.300949 7.087210 -26.510630
v -20.117870 4.221100 -30.112801
v -20.137350 4.164030 -30.145870
v -20.170441 4.209120 -30.173321
v -20.224030 4.229080 -30.198059
v -20.201040 4.283480 -30.162889
v -20.192600 4.326380 -30.118410
v -20.143101 4.307980 -30.095631
v -20.112591 4.266390 -30.070240
v -23.327379 -2.568930 -33.372150
v -23.376539 -2.536180 -33.388248
v -23.344440 -2.482760 -33.368999
v -23.318600 -2.433590 -33.347439
v -23.271700 -2.462710 -33.330959
v -23.233931 -2.492780 -33.293911
v -23.260530 -2.546970 -33.317249
v -23.289850 -2.601180 -33.336071
v -19.405581 2.524080 -25.875410
v -19.423550 2.457480 -25.881161
v -19.381491 2.465520 -25.926100
v -19.363400 2.454420 -25.984900
v -19.348080 2.519580 -25.973700
v -19.350590 2.583750 -25.974581
v -19.367140 2.593680 -25.920971
v -19.405840 2.586150 -25.879841
v -19.199440 1.529640 -28.838671
v -19.215570 1.571770 -28.884621
v -19.194071 1.620200 -28.850479
v -19.185829 1.650990 -28.792730
v -19.179840 1.588810 -28.771561
v -19.195780 1.527870 -28.774429
v -22.215919 -5.023690 -27.390141
v -22.194550 -5.018310 -27.447439
v -22.165751 -4.961900 -27.428579
v -22.143311 -4.908570 -27.415001
v -22.162939 -4.911000 -27.361259
v -22.201260 -4.900380 -27.315069
v -22.226139 -4.959460 -27.328091
v -22.255131 -5.015690 -27.343580
v -21.591419 -4.345940 -30.770260
v -21.611650 -4.318880 -30.821409
v -21.580240 -4.263370 -30.801371
v -21.556620 -4.213050 -30.783689
v -21.537279 -4.236190 -30.734760
v -21.537390 -4.251220 -30.675911
v -21.562630 -4.308010 -30.694260
v -21.591829 -4.363620 -30.711550
v -27.913639 -2.370450 -25.508060
v -27.864491 -2.403210 -25.491940
v -27.834499 -2.347030 -25.477791
v -27.803989 -2.296640 -25.468960
v -27.848921 -2.264020 -25.484390
v -27.884569 -2.230270 -25.520321
v -27.919170 -2.284110 -25.529921
v -27.951170 -2.338210 -25.544140
v -29.649929 -0.594030 -28.110130
v -29.629700 -0.621090 -28.058981
v -29.597490 -0.564270 -28.044760
v -29.565760 -0.516840 -28.032610
v -29.582911 -0.489820 -28.080370
v -29.580509 -0.470760 -28.137980
v -29.616720 -0.522460 -28.152740
v -29.649521 -0.576360 -28.168840
v -23.347931 4.360840 -24.574190
v -23.307310 4.404620 -24.592230
v -23.343370 4.448680 -24.610291
v -23.387630 4.468160 -24.646151
v -23.433270 4.423050 -24.626551
v -23.474270 4.369700 -24.624941
v -23.426790 4.350040 -24.589741
v -23.387550 4.304670 -24.572729
v -25.724270 4.662120 -26.693569
v -25.765190 4.623590 -26.719879
v -25.777090 4.593250 -26.665840
v -25.746410 4.577290 -26.613529
v -25.710960 4.629370 -26.617020
v -25.676649 4.673660 -26.651890
v -24.833929 -4.205620 -25.210329
v -24.783440 -4.225470 -25.238890
v -24.754589 -4.168200 -25.221889
v -24.728870 -4.116440 -25.210970
v -24.775330 -4.095490 -25.184349
v -24.827499 -4.064930 -25.178190
v -24.857189 -4.121590 -25.189011
v -24.887810 -4.177100 -25.203800
v -21.777800 1.702650 -24.317360
v -21.796770 1.764080 -24.315741
v -21.849560 1.735260 -24.293171
v -21.889530 1.687730 -24.292509
v -21.844721 1.646310 -24.299179
v -21.789801 1.642360 -24.326220
v -37.174728 -19.749069 -39.469761
v -37.120930 -19.777189 -39.476089
v -37.163139 -19.826910 -39.468529
v -37.207619 -19.846251 -39.419319
v -37.340549 -19.794270 -39.342960
v -37.442268 -19.774599 -39.218578
v -37.308022 -19.771130 -39.386909
v -37.224930 -19.729610 -39.441589
v -39.791340 -18.929001 -37.289028
v -39.751060 -18.937250 -37.336880
v -39.770851 -19.002781 -37.330200
v -39.779160 -19.042879 -37.279049
v -39.818691 -19.000710 -37.248180
v -39.813309 -18.934549 -37.230148
v -38.799480 -19.777550 -36.689171
v -38.829769 -19.776220 -36.637241
v -38.882191 -19.730659 -36.689362
v -38.886169 -19.712549 -36.741371
v -38.839359 -19.732519 -36.762798
v -38.769199 -19.778860 -36.741089
v -40.417412 -19.608721 -33.909580
v -40.417221 -19.591450 -33.967850
v -40.411541 -19.636820 -34.065331
v -40.331451 -19.649599 -34.264420
v -40.389599 -19.662460 -34.114281
v -40.391460 -19.708611 -33.959518
v -40.412170 -19.686371 -33.897190
v -40.397049 -19.635410 -33.858601
v -34.017269 -23.378929 -33.760078
v -34.087429 -23.332590 -33.781761
v -34.057140 -23.333900 -33.833710
v -34.026852 -23.335211 -33.885639
v -33.974430 -23.380791 -33.833511
v -33.970470 -23.398899 -33.781509
v -36.458580 -21.554411 -35.209499
v -36.501919 -21.521919 -35.235619
v -36.471642 -21.523211 -35.287552
v -36.441349 -21.524540 -35.339481
v -36.398010 -21.557039 -35.313381
v -36.354671 -21.589540 -35.287281
v -36.384960 -21.588221 -35.235352
v -36.415241 -21.586920 -35.183430
v -34.094978 -21.584049 -39.171951
v -34.057770 -21.616030 -39.136169
v -34.099510 -21.665791 -39.127972
v -34.143848 -21.685350 -39.077801
v -34.181511 -21.653049 -39.113762
v -34.231312 -21.619930 -39.129910
v -34.186138 -21.600870 -39.179981
v -34.143719 -21.551580 -39.187920
v -32.358768 -23.360630 -36.569962
v -32.359268 -23.378450 -36.511879
v -32.422539 -23.434790 -36.445412
v -32.525188 -23.461840 -36.258430
v -32.467030 -23.448971 -36.408588
v -32.465172 -23.402821 -36.563370
v -32.420799 -23.383289 -36.612942
v -32.378819 -23.333389 -36.620770
v -35.601429 -23.220310 -31.009790
v -35.654888 -23.191620 -31.003260
v -35.669800 -23.242760 -31.041620
v -35.648972 -23.265209 -31.103571
v -35.516048 -23.317181 -31.179939
v -35.414322 -23.336849 -31.304300
v -35.526009 -23.300501 -31.123831
v -35.551521 -23.240311 -31.038120
v -32.982029 -24.035410 -33.189011
v -33.022331 -24.027210 -33.141171
v -33.062389 -24.067369 -33.180099
v -33.077480 -24.068569 -33.243851
v -33.014561 -24.069441 -33.262119
v -32.960091 -24.029909 -33.247910
v -38.681351 -21.385571 -31.307690
v -38.718540 -21.353600 -31.343460
v -38.733601 -21.404131 -31.382250
v -38.712791 -21.426109 -31.445089
v -38.675121 -21.458389 -31.409130
v -38.625320 -21.491529 -31.392981
v -38.646961 -21.469049 -31.330250
v -38.632599 -21.418051 -31.291710
v -28.067440 5.681040 -39.892769
v -28.091669 5.674930 -39.836700
v -28.053040 5.724960 -39.817429
v -28.015591 5.766340 -39.796970
v -27.990940 5.773230 -39.848190
v -27.949150 5.765080 -39.891800
v -27.989950 5.720110 -39.916168
v -28.027250 5.671500 -39.938202
v -25.452209 4.715030 -42.014591
v -25.501640 4.738420 -41.986881
v -25.462879 4.787980 -41.965618
v -25.429180 4.830410 -41.942822
v -25.381411 4.809840 -41.967300
v -25.329651 4.778270 -41.971630
v -25.365471 4.731020 -41.997952
v -25.401190 4.681570 -42.020660
v -22.789591 11.051340 -36.657669
v -22.737551 11.068180 -36.628021
v -22.700609 11.080860 -36.672760
v -22.671600 11.062440 -36.722191
v -22.727350 11.045690 -36.756828
v -22.776220 11.009880 -36.786442
v -22.803949 11.027670 -36.733799
v -22.840309 11.013290 -36.685459
v -21.704861 9.463900 -39.108372
v -21.724560 9.416050 -39.142509
v -21.783890 9.437400 -39.144749
v -21.823170 9.469870 -39.108330
v -21.775391 9.503080 -39.084129
v -21.713551 9.506990 -39.061508
v -18.859739 11.481700 -34.176601
v -18.834480 11.424540 -34.158699
v -18.789330 11.441040 -34.200642
v -18.771170 11.418650 -34.259499
v -18.796659 11.477580 -34.277000
v -18.848761 11.497210 -34.310051
v -18.866779 11.518190 -34.252251
v -18.911961 11.500580 -34.210419
v -18.860100 8.818810 -37.955978
v -18.883720 8.765780 -37.992851
v -18.910959 8.815330 -38.019001
v -18.961201 8.841870 -38.044590
v -18.934460 8.891780 -38.005619
v -18.923679 8.931280 -37.958569
v -18.877300 8.906820 -37.935001
v -18.852180 8.861090 -37.910820
v -22.584999 2.564850 -41.703259
v -22.629930 2.603200 -41.719372
v -22.593550 2.652040 -41.695999
v -22.563890 2.697160 -41.670818
v -22.520870 2.662630 -41.654209
v -22.487909 2.627030 -41.617481
v -22.518721 2.577080 -41.644772
v -22.552429 2.527160 -41.667641
v -18.501829 6.843690 -33.795071
v -18.526039 6.779630 -33.805168
v -18.481501 6.785650 -33.847980
v -18.462099 6.775810 -33.906582
v -18.440889 6.838430 -33.891251
v -18.436979 6.902480 -33.888672
v -18.454741 6.911280 -33.835251
v -18.495720 6.905610 -33.796082
v -18.268669 5.986470 -36.798908
v -18.278561 6.032320 -36.843048
v -18.253830 6.076510 -36.805500
v -18.245070 6.103310 -36.745869
v -18.246201 6.039840 -36.727959
v -18.267950 5.981070 -36.734760
v -21.979750 -0.292880 -35.828510
v -21.955521 -0.286760 -35.884579
v -21.922091 -0.234630 -35.861568
v -21.895069 -0.184600 -35.844231
v -21.917120 -0.187770 -35.791481
v -21.956150 -0.175700 -35.746250
v -21.986200 -0.231200 -35.763439
v -22.019920 -0.283340 -35.783081
v -21.146919 0.490200 -39.140282
v -21.162161 0.521730 -39.190590
v -21.126280 0.572690 -39.166340
v -21.098570 0.619400 -39.145050
v -21.083710 0.591940 -39.096771
v -21.087839 0.573990 -39.038891
v -21.117790 0.521080 -39.061279
v -21.151600 0.469680 -39.082699
v -27.461420 2.824380 -34.017559
v -27.416479 2.786040 -34.001438
v -27.381720 2.838090 -33.983089
v -27.346741 2.884590 -33.970360
v -27.387510 2.922340 -33.985641
v -27.418060 2.961350 -34.020950
v -27.457390 2.911840 -34.034801
v -27.493959 2.862080 -34.053169
v -28.899839 4.898530 -36.580750
v -28.884600 4.866970 -36.530449
v -28.847561 4.919450 -36.511909
v -28.811819 4.962710 -36.495998
v -28.824141 4.993750 -36.542801
v -28.817390 5.015400 -36.599140
v -28.857901 4.968450 -36.618080
v -28.895170 4.919050 -36.638340
v -22.294531 9.001610 -32.542969
v -22.249041 9.041900 -32.557030
v -22.279730 9.090250 -32.573971
v -22.320271 9.115920 -32.610340
v -22.370960 9.074740 -32.594978
v -22.417080 9.025810 -32.597870
v -22.373341 8.999660 -32.562038
v -22.339560 8.949740 -32.546101
v -24.536289 9.650280 -34.730011
v -24.579670 9.617490 -34.759941
v -24.596830 9.585790 -34.708149
v -24.570150 9.564150 -34.655682
v -24.529600 9.612470 -34.654961
v -24.489599 9.654780 -34.686001
v -24.594561 0.673700 -33.706451
v -24.545130 0.650300 -33.734161
v -24.511480 0.703420 -33.712959
v -24.481230 0.751690 -33.698238
v -24.526480 0.775840 -33.672272
v -24.575590 0.811180 -33.666382
v -24.610260 0.758450 -33.681419
v -24.645559 0.707160 -33.700371
v -21.008341 6.188290 -32.374710
v -21.021179 6.251150 -32.370411
v -21.077480 6.226730 -32.351452
v -21.121950 6.183520 -32.354919
v -21.081230 6.138170 -32.362190
v -21.025869 6.130080 -32.387321
v -37.794811 -12.788410 -49.254749
v -37.743851 -12.821480 -49.260609
v -37.791069 -12.866980 -49.257389
v -37.839329 -12.884200 -49.211029
v -37.969589 -12.822990 -49.136929
v -38.074089 -12.799510 -49.015572
v -37.933090 -12.801050 -49.178299
v -37.844009 -12.765420 -49.227459
v -40.408081 -11.820050 -47.131618
v -40.366810 -11.829880 -47.178310
v -40.393280 -11.893330 -47.176010
v -40.407700 -11.934940 -47.127499
v -40.444130 -11.890620 -47.095840
v -40.432999 -11.826360 -47.074009
v -39.531929 -12.794340 -46.542801
v -39.564129 -12.792630 -46.492050
v -39.609489 -12.739360 -46.543480
v -39.609409 -12.718300 -46.594528
v -39.563938 -12.741790 -46.615269
v -39.499722 -12.796060 -46.593552
v -41.242630 -12.604900 -43.820702
v -41.238220 -12.584770 -43.877869
v -41.232922 -12.625430 -43.977428
v -41.146030 -12.636050 -44.173801
v -41.211540 -12.650620 -44.026878
v -41.224609 -12.704210 -43.875069
v -41.245651 -12.683200 -43.812431
v -41.227211 -12.636070 -43.770550
v -35.260448 -17.007111 -43.639999
v -35.324680 -16.952841 -43.661709
v -35.292480 -16.954550 -43.712460
v -35.260281 -16.956280 -43.763222
v -35.214920 -17.009541 -43.711781
v -35.214989 -17.030600 -43.660728
v -37.444401 -14.872740 -45.076889
v -37.483131 -14.834720 -45.102749
v -37.450932 -14.836430 -45.153500
v -37.418739 -14.838150 -45.204262
v -37.379990 -14.876170 -45.178391
v -37.341251 -14.914190 -45.152519
v -37.373440 -14.912460 -45.101780
v -37.405659 -14.910750 -45.051022
v -34.927891 -14.938960 -48.943581
v -34.895599 -14.976320 -48.908260
v -34.942390 -15.021950 -48.904388
v -34.990559 -15.039450 -48.857071
v -35.023251 -15.001710 -48.892570
v -35.068779 -14.962920 -48.908718
v -35.019852 -14.946000 -48.955929
v -34.972439 -14.900920 -48.959549
v -33.489559 -17.013210 -46.380482
v -33.494308 -17.033831 -46.323521
v -33.565639 -17.086800 -46.262680
v -33.678371 -17.112829 -46.081478
v -33.612850 -17.098261 -46.228390
v -33.599789 -17.044670 -46.380211
v -33.551628 -17.027229 -46.426941
v -33.504601 -16.981501 -46.430408
v -36.937351 -16.829700 -40.946411
v -36.987930 -16.796101 -40.940331
v -37.006210 -16.843451 -40.981972
v -36.985069 -16.864670 -41.044239
v -36.854801 -16.925880 -41.118328
v -36.750301 -16.949381 -41.239700
v -36.865459 -16.911180 -41.061798
v -36.888519 -16.853170 -40.973911
v -34.320850 -17.793461 -43.067661
v -34.362160 -17.783701 -43.020981
v -34.404301 -17.817539 -43.063530
v -34.416691 -17.813950 -43.127769
v -34.353451 -17.820240 -43.143688
v -34.295979 -17.787230 -43.125290
v -39.804440 -14.679390 -41.257690
v -39.836720 -14.642000 -41.292999
v -39.855042 -14.688710 -41.335072
v -39.833839 -14.709440 -41.398201
v -39.801128 -14.747180 -41.362701
v -39.755611 -14.785970 -41.346550
v -39.777569 -14.764660 -41.283520
v -39.759880 -14.717410 -41.241718
v 29.572920 -2.455490 -30.374510
v 29.559740 -2.481910 -30.320690
v 29.532141 -2.424740 -30.302370
v 29.511330 -2.372840 -30.282200
v 29.523451 -2.345830 -30.331230
v 29.555849 -2.311450 -30.369749
v 29.578650 -2.367880 -30.393780
v 29.605980 -2.423100 -30.414850
v 31.921680 -0.548570 -32.141338
v 31.874359 -0.581630 -32.120689
v 31.846979 -0.524650 -32.100342
v 31.823200 -0.475610 -32.078300
v 31.866890 -0.442760 -32.096169
v 31.919531 -0.412590 -32.092682
v 31.946920 -0.465680 -32.117981
v 31.975830 -0.519880 -32.139481
v 27.002270 4.623260 -27.142719
v 27.008650 4.675700 -27.109850
v 27.020741 4.715960 -27.151800
v 27.056740 4.734440 -27.196400
v 27.049129 4.679010 -27.234560
v 27.060760 4.620150 -27.265400
v 27.025539 4.602360 -27.217449
v 27.014759 4.561650 -27.171721
v 29.205561 4.904840 -29.326469
v 29.242130 4.865870 -29.357901
v 29.195601 4.824400 -29.367720
v 29.144119 4.804240 -29.338261
v 29.134880 4.861100 -29.312691
v 29.158079 4.916150 -29.284691
v 28.186880 8.166820 -24.345490
v 28.246450 8.160570 -24.320190
v 28.258751 8.209740 -24.358931
v 28.294210 8.217190 -24.413540
v 28.232960 8.224100 -24.438610
v 28.195200 8.189360 -24.478109
v 28.161169 8.181390 -24.424410
v 28.149820 8.131660 -24.385691
v 30.976339 7.033950 -27.854080
v 31.015900 6.989180 -27.888149
v 30.963039 6.990370 -27.921110
v 30.919230 6.960300 -27.953650
v 30.883631 7.006210 -27.916941
v 30.848480 7.032780 -27.872789
v 30.888901 7.060590 -27.842791
v 30.937660 7.059470 -27.812330
v 35.118641 0.907180 -31.365919
v 35.065891 0.887090 -31.389610
v 35.037739 0.941550 -31.367340
v 35.009399 0.988260 -31.343580
v 35.057869 1.008530 -31.319920
v 35.099972 1.018650 -31.277180
v 35.132221 0.968680 -31.302691
v 35.162510 0.916000 -31.324129
v 32.348850 6.223070 -23.518021
v 32.394379 6.171350 -23.524611
v 32.415630 6.214960 -23.563330
v 32.440731 6.229570 -23.618690
v 32.394379 6.277740 -23.607059
v 32.340111 6.312010 -23.609859
v 32.317360 6.298550 -23.559389
v 32.297951 6.258370 -23.523970
v 33.580200 6.135330 -26.396959
v 33.541080 6.150640 -26.445749
v 33.509670 6.192080 -26.410120
v 33.483082 6.210260 -26.352560
v 33.535591 6.177880 -26.329241
v 33.577271 6.130730 -26.332821
v 37.163891 -0.184130 -25.228201
v 37.177059 -0.157700 -25.282021
v 37.144680 -0.104200 -25.260670
v 37.111790 -0.057110 -25.245390
v 37.097511 -0.080080 -25.194910
v 37.062809 -0.110230 -25.154881
v 37.099010 -0.162620 -25.169830
v 37.130821 -0.216510 -25.187851
v 37.290100 1.057760 -28.501789
v 37.261639 1.061730 -28.555929
v 37.231312 1.116730 -28.533020
v 37.201160 1.162670 -28.513439
v 37.226120 1.160410 -28.461720
v 37.232559 1.145780 -28.403120
v 37.267220 1.094930 -28.423441
v 37.298580 1.041400 -28.443319
v 31.617491 -3.545600 -24.236340
v 31.670259 -3.525480 -24.212641
v 31.639170 -3.470690 -24.195770
v 31.613701 -3.418140 -24.183969
v 31.563330 -3.434930 -24.206390
v 31.519251 -3.441380 -24.247810
v 31.545389 -3.499120 -24.260880
v 31.573641 -3.554410 -24.278151
v 29.446341 -3.696720 -27.100691
v 29.474800 -3.700700 -27.046539
v 29.444410 -3.643710 -27.029320
v 29.421721 -3.592200 -27.013981
v 29.394680 -3.586080 -27.064329
v 29.386030 -3.567410 -27.121481
v 29.410030 -3.624740 -27.139931
v 29.437860 -3.680380 -27.159170
v 28.510509 3.897850 -22.832750
v 28.498800 3.957670 -22.845940
v 28.444210 3.954880 -22.869989
v 28.407101 3.933320 -22.912220
v 28.416969 3.868450 -22.898161
v 28.438009 3.804600 -22.901051
v 28.477110 3.828750 -22.859011
v 28.534679 3.833520 -22.835501
v 27.152109 2.340000 -25.273491
v 27.163759 2.287440 -25.304371
v 27.176769 2.255010 -25.251829
v 27.201759 2.265740 -25.195320
v 27.178869 2.324530 -25.195061
v 27.164900 2.381220 -25.225800
v 34.814781 -2.090400 -23.461161
v 34.862110 -2.057340 -23.481800
v 34.829201 -2.003110 -23.462311
v 34.799702 -1.953940 -23.449141
v 34.753922 -1.982900 -23.429890
v 34.699081 -2.009000 -23.431919
v 34.730389 -2.064190 -23.445419
v 34.760632 -2.119090 -23.463011
v 31.551210 3.656360 -22.291121
v 31.489820 3.675310 -22.293711
v 31.481970 3.613510 -22.278120
v 31.498880 3.553880 -22.281960
v 31.558649 3.567870 -22.281200
v 31.595131 3.613400 -22.300091
v 42.199188 -19.505421 -38.934151
v 42.252941 -19.476589 -38.932129
v 42.269730 -19.539989 -38.929371
v 42.256020 -19.592421 -38.886478
v 42.131561 -19.679779 -38.830971
v 42.046310 -19.764759 -38.722752
v 42.134949 -19.635571 -38.870449
v 42.152382 -19.538441 -38.913849
v 39.849129 -21.409531 -37.166000
v 39.883129 -21.376280 -37.207481
v 39.925522 -21.430161 -37.202049
v 39.948860 -21.464870 -37.151619
v 39.889000 -21.476620 -37.127701
v 39.835609 -21.436710 -37.110722
v 41.040909 -21.138109 -36.411259
v 41.017792 -21.167509 -36.364182
v 40.956242 -21.179340 -36.424278
v 40.944290 -21.167021 -36.476761
v 40.988941 -21.137760 -36.490871
v 41.064018 -21.108700 -36.458351
v 39.723770 -22.653721 -33.893280
v 39.715439 -22.637810 -33.951321
v 39.765781 -22.648741 -34.045891
v 39.840778 -22.569889 -34.231281
v 39.804031 -22.640221 -34.090599
v 39.825588 -22.683741 -33.936550
v 39.789490 -22.694540 -33.878361
v 39.751999 -22.657339 -33.839291
v 46.379169 -19.556681 -32.747799
v 46.304070 -19.585720 -32.780319
v 46.327202 -19.556330 -32.827412
v 46.350311 -19.526930 -32.874481
v 46.411861 -19.515100 -32.814388
v 46.423828 -19.527420 -32.761909
v 43.660938 -20.376640 -34.572262
v 43.612629 -20.391081 -34.605011
v 43.635750 -20.361691 -34.652088
v 43.658859 -20.332279 -34.699169
v 43.707169 -20.317820 -34.666420
v 43.755489 -20.303370 -34.633671
v 43.732361 -20.332781 -34.586590
v 43.709251 -20.362169 -34.539501
v 45.396332 -18.050060 -38.158890
v 45.439819 -18.041330 -38.117451
v 45.456848 -18.104441 -38.113998
v 45.443291 -18.156950 -38.070141
v 45.399300 -18.165859 -38.111839
v 45.345890 -18.186279 -38.135658
v 45.360291 -18.133381 -38.179321
v 45.344028 -18.070000 -38.182388
v 47.567551 -17.899090 -35.294659
v 47.576160 -17.915529 -35.236778
v 47.580811 -18.005989 -35.178570
v 47.527321 -18.124550 -35.007389
v 47.564060 -18.054211 -35.148071
v 47.542519 -18.010710 -35.302132
v 47.556019 -17.958260 -35.345409
v 47.538990 -17.894880 -35.348438
v 45.092129 -21.047390 -30.253750
v 45.038071 -21.075649 -30.255590
v 45.075809 -21.112801 -30.294371
v 45.112099 -21.102039 -30.352180
v 45.236549 -21.014660 -30.407690
v 45.321800 -20.929680 -30.515909
v 45.211651 -21.019190 -30.353991
v 45.139229 -21.014900 -30.274260
v 47.439499 -19.138330 -32.020119
v 47.405540 -19.171631 -31.978661
v 47.420269 -19.223101 -32.021839
v 47.419250 -19.229561 -32.087051
v 47.456779 -19.176649 -32.096218
v 47.453049 -19.111200 -32.075439
v 41.895111 -22.502991 -31.029110
v 41.851608 -22.511730 -31.070580
v 41.888802 -22.548599 -31.109850
v 41.924789 -22.537491 -31.168550
v 41.968788 -22.528589 -31.126850
v 42.022209 -22.508169 -31.103010
v 41.985359 -22.519650 -31.044531
v 41.947418 -22.483061 -31.005630
v 39.215488 -1.285630 -25.892080
v 39.199829 -1.308750 -25.837400
v 39.155788 -1.259750 -25.832260
v 39.119240 -1.213720 -25.823490
v 39.132858 -1.189860 -25.873739
v 39.161968 -1.152230 -25.911840
v 39.202278 -1.202420 -25.923401
v 39.246071 -1.249950 -25.931570
v 41.287182 0.992660 -27.563000
v 41.246799 0.950280 -27.544781
v 41.202671 0.999370 -27.537571
v 41.163658 1.042060 -27.527000
v 41.200111 1.083530 -27.543011
v 41.241852 1.127220 -27.536440
v 41.285931 1.081320 -27.549070
v 41.331032 1.035160 -27.557581
v 34.393021 5.117590 -24.188000
v 34.379829 5.172970 -24.162901
v 34.388779 5.210260 -24.208241
v 34.426441 5.233040 -24.249340
v 34.440201 5.173890 -24.279329
v 34.471760 5.117560 -24.298809
v 34.434040 5.096010 -24.254419
v 34.425758 5.059050 -24.205139
v 36.813648 5.758270 -26.040730
v 36.863991 5.727710 -26.060160
v 36.832062 5.674240 -26.070290
v 36.782871 5.643990 -26.046021
v 36.755058 5.698520 -26.031000
v 36.758072 5.760490 -26.008610
v 34.111969 9.128900 -21.818380
v 34.165531 9.142010 -21.783920
v 34.171848 9.188220 -21.827459
v 34.213612 9.199230 -21.876751
v 34.158249 9.186310 -21.911310
v 34.138359 9.138510 -21.950190
v 34.098251 9.127280 -21.901520
v 34.092991 9.080800 -21.857790
v 37.688980 8.437240 -24.664650
v 37.744099 8.401670 -24.685320
v 37.699600 8.384760 -24.725491
v 37.671520 8.340490 -24.759180
v 37.619362 8.378510 -24.735510
v 37.571201 8.398970 -24.701580
v 37.597111 8.439860 -24.670540
v 37.638168 8.455440 -24.633421
v 43.815022 3.345670 -26.555820
v 43.774311 3.309420 -26.583700
v 43.729721 3.356110 -26.574341
v 43.686649 3.395490 -26.562389
v 43.723259 3.430730 -26.535200
v 43.752880 3.456540 -26.488770
v 43.800838 3.414950 -26.501369
v 43.846851 3.370620 -26.509840
v 38.407001 8.504630 -20.101471
v 38.464539 8.467030 -20.093340
v 38.480782 8.510390 -20.134680
v 38.511028 8.525310 -20.187309
v 38.452679 8.559830 -20.190090
v 38.392979 8.577360 -20.206011
v 38.365540 8.563650 -20.158001
v 38.350800 8.523730 -20.120140
v 40.124409 8.450690 -22.720591
v 40.092258 8.449340 -22.776381
v 40.045429 8.484120 -22.752460
v 40.005058 8.500340 -22.702890
v 40.058891 8.486350 -22.667440
v 40.111069 8.452360 -22.657640
v 44.914440 3.523180 -20.090090
v 44.930080 3.546290 -20.144770
v 44.881889 3.590780 -20.136820
v 44.835941 3.628370 -20.133869
v 44.818970 3.607910 -20.083151
v 44.786320 3.573870 -20.044550
v 44.836700 3.532150 -20.045870
v 44.883839 3.487480 -20.050619
v 45.317539 4.393540 -23.459761
v 45.299358 4.383710 -23.517469
v 45.252449 4.430370 -23.507910
v 45.208630 4.468090 -23.500200
v 45.223469 4.478330 -23.445610
v 45.222618 4.472410 -23.385170
v 45.272099 4.431180 -23.392200
v 45.319061 4.386520 -23.398870
v 40.313869 -1.107120 -19.426220
v 40.354591 -1.070860 -19.398340
v 40.308109 -1.025220 -19.394760
v 40.268471 -0.980760 -19.394960
v 40.228958 -1.013050 -19.421740
v 40.196259 -1.035780 -19.467739
v 40.238079 -1.085150 -19.467880
v 40.282051 -1.132070 -19.472179
v 38.811840 -2.155500 -22.522350
v 38.830009 -2.145660 -22.464630
v 38.783569 -2.097700 -22.460930
v 38.746189 -2.053080 -22.457121
v 38.728130 -2.060070 -22.511240
v 38.725620 -2.050740 -22.571211
v 38.766289 -2.100890 -22.576990
v 38.810310 -2.148470 -22.583241
v 35.223148 5.301140 -19.643299
v 35.199310 5.353670 -19.667009
v 35.152538 5.333410 -19.698130
v 35.130440 5.298080 -19.741590
v 35.153648 5.240320 -19.716530
v 35.190331 5.184790 -19.706560
v 35.213711 5.223130 -19.663380
v 35.262901 5.246020 -19.632669
v 34.771820 3.177560 -21.991949
v 34.801819 3.127240 -22.012421
v 34.812790 3.105460 -21.954229
v 34.823528 3.128620 -21.896950
v 34.786861 3.178540 -21.909000
v 34.764858 3.225580 -21.949720
v 42.842220 1.245380 -18.419100
v 42.882599 1.287770 -18.437330
v 42.834061 1.332630 -18.431379
v 42.791199 1.372890 -18.430321
v 42.751511 1.334720 -18.413839
v 42.706360 1.294480 -18.419930
v 42.752548 1.248890 -18.420120
v 42.798359 1.202890 -18.424520
v 38.074451 5.964420 -18.629610
v 38.011791 5.965400 -18.644070
v 38.017139 5.905850 -18.620590
v 38.048988 5.853110 -18.612780
v 38.102100 5.882990 -18.605370
v 38.128700 5.934510 -18.625389
v 57.086029 -15.022640 -29.807280
v 57.129452 -14.980100 -29.801781
v 57.160931 -15.035770 -29.786961
v 57.153332 -15.085030 -29.739090
v 57.047058 -15.196770 -29.689890
v 56.967812 -15.289810 -29.583759
v 57.046280 -15.157820 -29.734690
v 57.046219 -15.064880 -29.789310
v 55.012169 -17.298500 -28.135710
v 55.043629 -17.261829 -28.176291
v 55.096531 -17.301081 -28.156561
v 55.118301 -17.322420 -28.098551
v 55.060032 -17.347530 -28.082199
v 54.996109 -17.322269 -28.079540
v 55.938148 -16.630610 -27.263870
v 55.915031 -16.660000 -27.216780
v 55.870510 -16.694691 -27.282789
v 55.865608 -16.691830 -27.337721
v 55.903210 -16.653090 -27.349369
v 55.961281 -16.601210 -27.310930
v 54.610611 -18.170950 -24.766411
v 54.609268 -18.164261 -24.826799
v 54.677101 -18.171009 -24.910139
v 54.762241 -18.094919 -25.092291
v 54.719452 -18.157141 -24.949499
v 54.722832 -18.176270 -24.789160
v 54.680630 -18.190281 -24.735950
v 54.628502 -18.160870 -24.708941
v 59.941818 -13.259260 -23.137880
v 59.883759 -13.311160 -23.176310
v 59.906872 -13.281760 -23.223379
v 59.929989 -13.252350 -23.270460
v 59.974522 -13.217680 -23.204460
v 59.979408 -13.220550 -23.149530
v 57.899380 -14.985600 -25.196550
v 57.863110 -15.016200 -25.233471
v 57.886230 -14.986800 -25.280550
v 57.909351 -14.957390 -25.327629
v 57.945629 -14.926790 -25.290710
v 57.981899 -14.896180 -25.253780
v 57.958778 -14.925590 -25.206699
v 57.935650 -14.954990 -25.159620
v 59.614208 -12.670000 -28.800140
v 59.645760 -12.645250 -28.754560
v 59.677280 -12.700500 -28.739090
v 59.669682 -12.749710 -28.690220
v 59.637741 -12.774780 -28.736099
v 59.596489 -12.811530 -28.764170
v 59.604759 -12.761710 -28.812740
v 59.573841 -12.705950 -28.827780
v 61.116379 -11.621780 -25.704081
v 61.118160 -11.628920 -25.643761
v 61.134830 -11.707840 -25.572420
v 61.082771 -11.817480 -25.394960
v 61.125561 -11.755250 -25.537741
v 61.122181 -11.736120 -25.698090
v 61.129631 -11.686920 -25.746380
v 61.098011 -11.631380 -25.761480
v 58.640949 -14.770090 -20.663200
v 58.597050 -14.812140 -20.668640
v 58.649380 -14.841430 -20.695339
v 58.691681 -14.827350 -20.748140
v 58.797970 -14.715610 -20.797340
v 58.877201 -14.622570 -20.903500
v 58.765652 -14.721020 -20.747841
v 58.681198 -14.728290 -20.681231
v 60.710670 -12.490030 -22.334181
v 60.679260 -12.526740 -22.293610
v 60.714149 -12.576500 -22.325821
v 60.726711 -12.589960 -22.388710
v 60.750671 -12.530060 -22.400181
v 60.726780 -12.466310 -22.390369
v 56.112991 -17.122940 -21.670370
v 56.081429 -17.147680 -21.715960
v 56.133240 -17.176880 -21.743259
v 56.175350 -17.162689 -21.797020
v 56.207298 -17.137609 -21.751141
v 56.248531 -17.100861 -21.723080
v 56.205750 -17.115690 -21.669600
v 56.153351 -17.086990 -21.642731
v 36.433399 1.526390 -35.230541
v 36.417881 1.500370 -35.177151
v 36.378368 1.552190 -35.166389
v 36.346149 1.600200 -35.152569
v 36.359879 1.626810 -35.201389
v 36.390629 1.664860 -35.237728
v 36.426121 1.612630 -35.254829
v 36.465420 1.562520 -35.268478
v 38.626751 3.754540 -36.811420
v 38.583649 3.714270 -36.794731
v 38.544109 3.766040 -36.781898
v 38.509251 3.810790 -36.766441
v 38.548458 3.850320 -36.780819
v 38.593941 3.889810 -36.772751
v 38.633492 3.841620 -36.790730
v 38.674198 3.792770 -36.804680
v 32.234020 8.144270 -32.836712
v 32.226471 8.198360 -32.806931
v 32.236858 8.238290 -32.849659
v 32.274769 8.261130 -32.890499
v 32.282360 8.203640 -32.925461
v 32.308338 8.146650 -32.950531
v 32.270599 8.124770 -32.906319
v 32.261059 8.084810 -32.859669
v 34.630051 8.731500 -34.738480
v 34.676880 8.698600 -34.762321
v 34.640202 8.648870 -34.775120
v 34.589561 8.620880 -34.751122
v 34.567032 8.676110 -34.730801
v 34.576069 8.735660 -34.703899
v 32.379662 11.964210 -30.158760
v 32.435371 11.970150 -30.125759
v 32.443958 12.019010 -30.165890
v 32.484661 12.030470 -30.215960
v 32.427158 12.024870 -30.248970
v 32.401901 11.982080 -30.290480
v 32.362789 11.970320 -30.241110
v 32.355251 11.921090 -30.200840
v 35.778252 11.212790 -33.201710
v 35.829380 11.174630 -33.227402
v 35.782162 11.164620 -33.266781
v 35.749222 11.125600 -33.302502
v 35.701370 11.165720 -33.273750
v 35.656391 11.187260 -33.236320
v 35.686771 11.223320 -33.203411
v 35.730339 11.232540 -33.167019
v 41.379360 5.807170 -35.738602
v 41.334751 5.776670 -35.767342
v 41.294628 5.825920 -35.752548
v 41.255501 5.867590 -35.735779
v 41.295921 5.897480 -35.707588
v 41.329330 5.917040 -35.660671
v 41.373100 5.872810 -35.678471
v 41.414871 5.825730 -35.692261
v 36.667160 10.859000 -28.682079
v 36.721588 10.816320 -28.679331
v 36.739880 10.861370 -28.717920
v 36.769321 10.877920 -28.770531
v 36.714031 10.917180 -28.768141
v 36.655472 10.940710 -28.780090
v 36.628780 10.925500 -28.732109
v 36.612122 10.884010 -28.696779
v 38.276161 10.874080 -31.369659
v 38.241982 10.879770 -31.423950
v 38.199150 10.916220 -31.395439
v 38.162159 10.931690 -31.343069
v 38.215881 10.910590 -31.311159
v 38.265339 10.871820 -31.306231
v 42.727501 5.380700 -29.331841
v 42.743019 5.406730 -29.385229
v 42.699070 5.454220 -29.371830
v 42.656601 5.495070 -29.364040
v 42.639851 5.472080 -29.314329
v 42.605888 5.437840 -29.277050
v 42.652470 5.392410 -29.283730
v 42.695492 5.344580 -29.293900
v 43.078011 6.480380 -32.639778
v 43.056961 6.476670 -32.697239
v 43.014542 6.526090 -32.682129
v 42.974350 6.566490 -32.669659
v 42.992008 6.571130 -32.615170
v 42.992882 6.560520 -32.555351
v 43.038429 6.516090 -32.567661
v 43.081181 6.468440 -32.579731
v 37.780640 1.100990 -28.823530
v 37.825272 1.131500 -28.794769
v 37.782970 1.180320 -28.785709
v 37.747219 1.227740 -28.780800
v 37.704170 1.200990 -28.808241
v 37.667999 1.184720 -28.854361
v 37.705479 1.132270 -28.860090
v 37.745152 1.082430 -28.869850
v 36.082439 0.427270 -31.922461
v 36.103489 0.430990 -31.865000
v 36.061432 0.482080 -31.855659
v 36.028111 0.529170 -31.846840
v 36.007542 0.527970 -31.900499
v 36.003620 0.542230 -31.959431
v 36.039669 0.489560 -31.970760
v 36.079269 0.439220 -31.982510
v 33.243690 7.898250 -28.331499
v 33.223492 7.954270 -28.350090
v 33.174061 7.940400 -28.380600
v 33.147469 7.910560 -28.425619
v 33.166641 7.849300 -28.406071
v 33.198860 7.790360 -28.401951
v 33.226959 7.823110 -28.357031
v 33.279011 7.839440 -28.326839
v 32.528641 6.011610 -30.813169
v 32.553520 5.960800 -30.838690
v 32.564770 5.933650 -30.782850
v 32.579510 5.951260 -30.724489
v 32.546761 6.004770 -30.731091
v 32.527309 6.056520 -30.767139
v 40.533699 3.153090 -27.750820
v 40.576790 3.193370 -27.767500
v 40.532471 3.241410 -27.756050
v 40.493221 3.284830 -27.750080
v 40.451092 3.248790 -27.734840
v 40.402519 3.212950 -27.742020
v 40.444649 3.163950 -27.747669
v 40.486240 3.114860 -27.757561
v 36.176182 8.245310 -27.394770
v 36.113338 8.252500 -27.406380
v 36.114498 8.191050 -27.387760
v 36.142059 8.135440 -27.385370
v 36.197731 8.160240 -27.378019
v 36.227829 8.210850 -27.395189
v 52.925838 -13.261170 -40.950489
v 52.972858 -13.222880 -40.943649
v 53.000061 -13.281920 -40.934502
v 52.990108 -13.334040 -40.890240
v 52.876678 -13.440340 -40.845119
v 52.793831 -13.534790 -40.743031
v 52.877541 -13.398030 -40.886761
v 52.883289 -13.301340 -40.934078
v 50.730579 -15.486760 -39.368679
v 50.763481 -15.449660 -39.407661
v 50.813599 -15.494530 -39.393291
v 50.835602 -15.522100 -39.338070
v 50.776058 -15.543620 -39.321171
v 50.714630 -15.513530 -39.313820
v 51.741070 -14.967620 -38.489479
v 51.717300 -14.998700 -38.443802
v 51.667610 -15.024290 -38.510262
v 51.660938 -15.016680 -38.564560
v 51.701221 -14.980340 -38.574860
v 51.764832 -14.936540 -38.535141
v 50.381401 -16.588619 -36.061310
v 50.378422 -16.577061 -36.120899
v 50.442310 -16.582661 -36.207371
v 50.526810 -16.499491 -36.386730
v 50.484211 -16.569170 -36.247372
v 50.491879 -16.601200 -36.089249
v 50.450630 -16.615931 -36.035480
v 50.402199 -16.584610 -36.004070
v 56.164082 -12.270770 -34.296261
v 56.100449 -12.314560 -34.335991
v 56.124241 -12.283480 -34.381641
v 56.147991 -12.252400 -34.427319
v 56.197681 -12.226820 -34.360851
v 56.204350 -12.234420 -34.306568
v 53.908901 -13.656630 -36.389889
v 53.868851 -13.681170 -36.427422
v 53.892601 -13.650090 -36.473099
v 53.916382 -13.619000 -36.518749
v 53.956421 -13.594470 -36.481209
v 53.996490 -13.569960 -36.443668
v 53.972729 -13.601030 -36.398022
v 53.948959 -13.632110 -36.352348
v 55.678741 -11.208950 -39.877739
v 55.713928 -11.190540 -39.831810
v 55.741199 -11.249220 -39.821972
v 55.731300 -11.301370 -39.776711
v 55.695690 -11.320050 -39.822948
v 55.650490 -11.350990 -39.851891
v 55.661129 -11.298310 -39.896851
v 55.634491 -11.239190 -39.906250
v 57.377071 -10.535360 -36.778889
v 57.380459 -10.547380 -36.719421
v 57.393028 -10.632820 -36.655079
v 57.338501 -10.751620 -36.484402
v 57.381088 -10.681930 -36.623749
v 57.373421 -10.649910 -36.781872
v 57.383240 -10.597800 -36.826561
v 57.355839 -10.538850 -36.836010
v 54.832630 -13.862810 -31.889709
v 54.785172 -13.900590 -31.896420
v 54.833832 -13.931820 -31.927530
v 54.875198 -13.917080 -31.980881
v 54.988628 -13.810780 -32.026001
v 55.071449 -13.716340 -32.128090
v 54.957809 -13.817460 -31.975679
v 54.875561 -13.823120 -31.906240
v 57.024158 -11.632760 -33.470428
v 56.991280 -11.669900 -33.431461
v 57.020649 -11.719610 -33.468842
v 57.029701 -11.729000 -33.533051
v 57.058170 -11.670530 -33.540958
v 57.040131 -11.606030 -33.525299
v 52.079922 -15.915250 -32.962528
v 52.044720 -15.933630 -33.008461
v 52.092850 -15.964710 -33.040131
v 52.133999 -15.949740 -33.094421
v 52.169601 -15.931060 -33.048180
v 52.214809 -15.900120 -33.019230
v 52.172939 -15.915640 -32.965240
v 52.124149 -15.885000 -32.934010
v -14.820140 -1.694780 3.109980
v -14.832150 -1.691790 3.049850
v -14.817910 -1.627440 3.052940
v -14.810230 -1.568420 3.054450
v -14.799660 -1.568590 3.110540
v -14.811790 -1.562960 3.170100
v -14.819380 -1.628430 3.170090
v -14.832150 -1.691790 3.170100
v -15.003670 -1.649050 3.551110
v -14.969960 -1.657380 3.500590
v -14.956530 -1.591310 3.502180
v -14.947280 -1.534340 3.499590
v -14.978850 -1.524170 3.546460
v -15.028390 -1.509420 3.578690
v -15.039260 -1.572420 3.583190
v -15.053590 -1.636720 3.584510
v -14.739630 -0.529270 3.053510
v -14.763280 -0.470090 3.055140
v -14.755520 -0.455120 3.112490
v -14.768400 -0.467390 3.170100
v -14.742180 -0.529180 3.169990
v -14.736760 -0.597150 3.169800
v -14.726420 -0.583260 3.110260
v -14.736760 -0.597150 3.050160
v -14.893570 -0.647140 3.479230
v -14.909980 -0.702520 3.498950
v -14.863000 -0.731610 3.468080
v -14.829850 -0.723560 3.415750
v -14.835400 -0.661570 3.419400
v -14.870360 -0.606870 3.433880
v -15.075680 -0.028710 3.050670
v -15.139790 -0.037510 3.050970
v -15.135160 -0.014810 3.110020
v -15.141440 -0.039450 3.170100
v -15.075750 -0.029560 3.169690
v -15.023040 -0.066360 3.168990
v -15.017070 -0.042900 3.109860
v -15.023040 -0.066360 3.050970
v -15.227820 -0.407460 3.540210
v -15.246590 -0.469870 3.558760
v -15.184730 -0.469120 3.565060
v -15.129800 -0.498670 3.558760
v -15.117270 -0.434780 3.540160
v -15.106190 -0.383760 3.503690
v -15.156610 -0.356410 3.509990
v -15.213950 -0.357130 3.503690
v -15.448600 -1.538810 3.734490
v -15.390210 -1.553250 3.722930
v -15.377230 -1.489470 3.721210
v -15.364300 -1.431570 3.714630
v -15.418720 -1.416030 3.724490
v -15.476130 -1.399560 3.712320
v -15.491640 -1.462320 3.720260
v -15.506960 -1.524420 3.722930
v -15.606210 -0.315320 3.053540
v -15.640290 -0.374050 3.050160
v -15.643050 -0.357180 3.110210
v -15.640400 -0.374570 3.170100
v -15.606220 -0.315400 3.166500
v -15.557670 -0.273950 3.164800
v -15.560570 -0.258050 3.109980
v -15.557670 -0.273950 3.055140
v -15.590090 -0.553690 3.469110
v -15.533640 -0.550600 3.500010
v -15.522940 -0.492440 3.480220
v -15.526570 -0.444840 3.433880
v -15.582850 -0.476900 3.419500
v -15.616740 -0.529260 3.415760
v -16.077419 -1.384320 3.109980
v -16.065390 -1.387260 3.170100
v -16.048059 -1.323640 3.167010
v -16.027361 -1.267870 3.165510
v -16.036819 -1.263080 3.109450
v -16.023439 -1.263770 3.049850
v -16.047199 -1.325220 3.049860
v -16.065390 -1.387260 3.049850
v -15.893670 -1.429280 3.551110
v -15.843780 -1.441600 3.584510
v -15.829020 -1.375480 3.581810
v -15.812670 -1.320630 3.577350
v -15.858470 -1.306890 3.545500
v -15.890450 -1.296570 3.494780
v -15.910160 -1.357070 3.499240
v -15.927390 -1.420940 3.500590
v -15.448600 -1.538810 2.485460
v -15.506960 -1.524420 2.497010
v -15.488760 -1.461930 2.498720
v -15.473260 -1.404670 2.505320
v -15.417860 -1.416240 2.495460
v -15.359390 -1.428390 2.507630
v -15.374890 -1.491160 2.499690
v -15.390210 -1.553250 2.497020
v -15.003670 -1.649050 2.668850
v -15.053590 -1.636720 2.635460
v -15.035890 -1.571310 2.638160
v -15.024790 -1.515190 2.642610
v -14.977880 -1.524360 2.674470
v -14.944750 -1.530100 2.725180
v -14.955480 -1.593020 2.720800
v -14.969960 -1.657380 2.719370
v -15.227920 -0.407480 2.679800
v -15.213950 -0.357130 2.716270
v -15.154040 -0.355510 2.712230
v -15.101370 -0.383540 2.721010
v -15.114260 -0.435770 2.682050
v -15.129790 -0.498720 2.661200
v -15.184180 -0.469270 2.654900
v -15.246590 -0.469870 2.661200
v -14.836210 -0.660560 2.798640
v -14.830430 -0.721430 2.801330
v -14.865420 -0.731060 2.749450
v -14.913320 -0.703770 2.719950
v -14.895720 -0.647270 2.739760
v -14.870390 -0.606800 2.786110
v -15.893670 -1.429280 2.668850
v -15.927390 -1.420940 2.719370
v -15.908650 -1.356510 2.717850
v -15.890190 -1.301510 2.720390
v -15.857540 -1.307190 2.673500
v -15.806830 -1.317200 2.641270
v -15.826530 -1.378020 2.636770
v -15.843780 -1.441600 2.635460
v -15.581670 -0.476100 2.798900
v -15.526500 -0.444780 2.786110
v -15.524390 -0.490740 2.740880
v -15.536000 -0.547940 2.721010
v -15.589750 -0.550580 2.750470
v -15.615220 -0.527650 2.801330
v -15.729070 -4.586600 3.551250
v -15.778690 -4.573890 3.584440
v -15.792800 -4.632170 3.557720
v -15.798520 -4.656340 3.493240
v -15.711970 -4.677700 3.358540
v -15.681310 -4.685280 3.200130
v -15.696590 -4.657280 3.413010
v -15.695650 -4.595070 3.501220
v -15.544980 -4.628640 3.109980
v -15.557390 -4.625870 3.171760
v -15.594950 -4.681080 3.157130
v -15.638480 -4.695860 3.109980
v -15.594920 -4.681080 3.062840
v -15.557390 -4.625870 3.048190
v -15.798900 -4.656240 3.109980
v -15.798900 -4.656240 3.049850
v -15.716470 -4.676600 3.067420
v -15.682130 -4.685080 3.109980
v -15.716460 -4.676600 3.152530
v -15.798900 -4.656240 3.170100
v -15.729070 -4.586600 2.668710
v -15.695650 -4.595070 2.718740
v -15.696640 -4.657250 2.806820
v -15.681390 -4.685260 3.019350
v -15.712300 -4.677620 2.861360
v -15.798830 -4.656260 2.727070
v -15.792970 -4.632130 2.662340
v -15.778690 -4.573890 2.635520
v -16.672100 -4.440630 3.067430
v -16.589670 -4.460990 3.049850
v -16.589670 -4.460990 3.109980
v -16.589670 -4.460990 3.170100
v -16.672079 -4.440640 3.152530
v -16.706430 -4.432160 3.109980
v -16.194290 -4.558620 3.049850
v -16.135910 -4.573030 3.049850
v -16.135910 -4.573030 3.109980
v -16.135910 -4.573030 3.170100
v -16.194290 -4.558620 3.170100
v -16.252640 -4.544190 3.170100
v -16.252640 -4.544190 3.109980
v -16.252640 -4.544190 3.049850
v -16.174061 -4.476800 3.734570
v -16.231930 -4.462470 3.723140
v -16.246599 -4.520260 3.696120
v -16.252911 -4.544150 3.630890
v -16.194521 -4.558560 3.642210
v -16.135401 -4.573160 3.630410
v -16.129971 -4.549060 3.695980
v -16.116171 -4.491060 3.723140
v -16.619040 -4.366850 3.551250
v -16.652559 -4.358790 3.501220
v -16.680630 -4.414280 3.413160
v -16.707170 -4.431970 3.200620
v -16.676260 -4.439610 3.358610
v -16.589729 -4.460970 3.492890
v -16.583679 -4.436880 3.557620
v -16.569201 -4.378700 3.584440
v -16.619040 -4.366850 2.668710
v -16.569201 -4.378690 2.635520
v -16.583851 -4.436840 2.662240
v -16.590031 -4.460900 2.726720
v -16.676580 -4.439530 2.861420
v -16.707251 -4.431950 3.019820
v -16.680691 -4.414280 2.806950
v -16.652559 -4.358790 2.718740
v -16.801550 -4.318360 3.109980
v -16.789280 -4.321690 3.048190
v -16.781731 -4.388040 3.062830
v -16.750080 -4.421380 3.109980
v -16.781750 -4.388000 3.157110
v -16.789280 -4.321690 3.171760
v -16.174061 -4.476800 2.485360
v -16.116171 -4.491060 2.496810
v -16.130119 -4.549030 2.523830
v -16.135651 -4.573090 2.589060
v -16.194040 -4.558680 2.577760
v -16.253139 -4.544090 2.589540
v -16.246731 -4.520230 2.523970
v -16.231930 -4.462470 2.496810
v -16.219000 -1.332080 3.217390
v -16.230740 -1.336000 3.157260
v -16.253220 -1.274020 3.160350
v -16.278379 -1.220110 3.161850
v -16.269350 -1.214550 3.217940
v -16.282619 -1.216330 3.277520
v -16.253941 -1.275650 3.277510
v -16.230740 -1.336000 3.277520
v -16.398470 -1.391880 3.658520
v -16.365540 -1.380830 3.608010
v -16.389620 -1.317870 3.609600
v -16.412359 -1.264820 3.607010
v -16.444441 -1.273140 3.653880
v -16.494181 -1.287270 3.686110
v -16.469580 -1.346270 3.690620
v -16.447210 -1.408240 3.691930
v -16.775850 -0.305060 3.160910
v -16.827560 -0.267800 3.162540
v -16.829041 -0.250990 3.219900
v -16.833330 -0.268260 3.277520
v -16.778070 -0.306370 3.277400
v -16.737061 -0.360830 3.277210
v -16.735769 -0.343570 3.217670
v -16.737061 -0.360830 3.157570
v -16.842640 -0.487100 3.586650
v -16.826811 -0.542650 3.606370
v -16.771549 -0.542020 3.575500
v -16.747860 -0.517440 3.523170
v -16.785780 -0.468090 3.526820
v -16.844620 -0.440660 3.541310
v -17.327921 -0.062660 3.158080
v -17.377331 -0.104460 3.158380
v -17.385599 -0.082810 3.217420
v -17.377680 -0.107000 3.277520
v -17.327530 -0.063430 3.277110
v -17.263309 -0.066200 3.276410
v -17.270840 -0.043220 3.217270
v -17.263309 -0.066200 3.158380
v -17.253290 -0.463950 3.647630
v -17.235680 -0.526700 3.666180
v -17.183889 -0.492900 3.672490
v -17.121660 -0.488400 3.666180
v -17.145350 -0.427750 3.647580
v -17.163340 -0.378730 3.611110
v -17.220560 -0.382690 3.617410
v -17.268570 -0.414030 3.611110
v -16.833130 -1.537340 3.841930
v -16.776110 -1.518240 3.830370
v -16.799351 -1.457440 3.828660
v -16.819481 -1.401620 3.822070
v -16.873751 -1.417680 3.831930
v -16.931040 -1.434560 3.819760
v -16.910480 -1.495860 3.827700
v -16.890129 -1.556490 3.830370
v -17.622101 -0.589000 3.160950
v -17.619381 -0.656850 3.157570
v -17.630760 -0.644090 3.217620
v -17.619200 -0.657350 3.277520
v -17.622070 -0.589080 3.273910
v -17.603300 -0.528070 3.272240
v -17.614269 -0.516180 3.217390
v -17.603300 -0.528070 3.162540
v -17.480709 -0.781580 3.576530
v -17.434700 -0.748690 3.607430
v -17.456860 -0.693900 3.587640
v -17.485439 -0.655650 3.541310
v -17.515760 -0.712880 3.526920
v -17.516310 -0.775250 3.523170
v -17.446770 -1.744040 3.217390
v -17.435049 -1.740070 3.277520
v -17.454491 -1.677070 3.274430
v -17.466949 -1.618900 3.272930
v -17.477501 -1.619930 3.216850
v -17.465839 -1.613330 3.157260
v -17.452950 -1.677960 3.157270
v -17.435049 -1.740070 3.157260
v -17.267570 -1.683490 3.658520
v -17.218821 -1.667130 3.691930
v -17.241810 -1.603410 3.689220
v -17.257441 -1.548350 3.684770
v -17.303450 -1.561320 3.652910
v -17.335991 -1.569740 3.602200
v -17.320190 -1.631390 3.606660
v -17.300489 -1.694540 3.608010
v -16.833130 -1.537340 2.592890
v -16.890129 -1.556490 2.604450
v -16.908270 -1.493980 2.606170
v -16.925890 -1.437330 2.612750
v -16.872900 -1.417400 2.602890
v -16.817020 -1.396300 2.615070
v -16.796450 -1.457600 2.607120
v -16.776110 -1.518240 2.604450
v -16.398460 -1.391880 2.776270
v -16.447210 -1.408240 2.742880
v -16.467310 -1.343540 2.745580
v -16.488050 -1.290200 2.750040
v -16.443541 -1.272770 2.781890
v -16.412500 -1.259880 2.832600
v -16.387819 -1.318750 2.828220
v -16.365540 -1.380830 2.826790
v -17.253370 -0.464020 2.787220
v -17.268570 -0.414030 2.823690
v -17.218870 -0.380550 2.819660
v -17.159380 -0.375980 2.828420
v -17.142269 -0.426980 2.789470
v -17.121620 -0.488440 2.768620
v -17.183319 -0.492740 2.762320
v -17.235680 -0.526700 2.768620
v -16.787020 -0.467680 2.906070
v -16.749531 -0.515960 2.908760
v -16.773880 -0.542850 2.856880
v -16.828960 -0.545480 2.827380
v -16.844391 -0.488370 2.847180
v -16.844681 -0.440600 2.893540
v -17.267570 -1.683490 2.776270
v -17.300489 -1.694540 2.826790
v -17.319220 -1.630090 2.825270
v -17.333120 -1.573760 2.827810
v -17.302509 -1.561050 2.780920
v -17.254320 -1.542310 2.748690
v -17.238350 -1.604190 2.744190
v -17.218821 -1.667130 2.742880
v -17.515200 -0.711570 2.906340
v -17.485420 -0.655570 2.893540
v -17.458990 -0.693230 2.848300
v -17.438129 -0.747740 2.828430
v -17.482100 -0.778760 2.857910
v -17.515881 -0.773060 2.908760
v -15.435990 -4.260520 3.658670
v -15.484690 -4.276390 3.691860
v -15.465360 -4.333150 3.665130
v -15.457230 -4.356620 3.600660
v -15.372710 -4.328240 3.465940
v -15.342760 -4.318210 3.307530
v -15.370680 -4.302750 3.520410
v -15.403230 -4.249730 3.608640
v -15.258060 -4.197310 3.217390
v -15.270020 -4.201630 3.279160
v -15.272150 -4.268370 3.264550
v -15.300950 -4.304180 3.217390
v -15.272120 -4.268360 3.170250
v -15.270020 -4.201630 3.155600
v -15.457580 -4.356740 3.217390
v -15.457580 -4.356740 3.157260
v -15.377110 -4.329740 3.174830
v -15.343570 -4.318460 3.217390
v -15.377090 -4.329730 3.259950
v -15.457580 -4.356740 3.277520
v -15.435990 -4.260520 2.776130
v -15.403230 -4.249730 2.826170
v -15.370740 -4.302750 2.914230
v -15.342860 -4.318240 3.126800
v -15.373020 -4.328370 2.968790
v -15.457530 -4.356720 2.834500
v -15.465520 -4.333200 2.769760
v -15.484690 -4.276390 2.742950
v -16.310289 -4.642830 3.174840
v -16.229820 -4.615830 3.157260
v -16.229820 -4.615830 3.217390
v -16.229820 -4.615830 3.277520
v -16.310280 -4.642830 3.259950
v -16.343809 -4.654090 3.217390
v -15.843700 -4.486280 3.157260
v -15.786690 -4.467160 3.157260
v -15.786690 -4.467160 3.217390
v -15.786690 -4.467160 3.277520
v -15.843700 -4.486280 3.277520
v -15.900700 -4.505410 3.277520
v -15.900700 -4.505410 3.217390
v -15.900700 -4.505410 3.157260
v -15.870520 -4.406380 3.842030
v -15.927060 -4.425310 3.830570
v -15.908440 -4.481960 3.803560
v -15.900940 -4.505490 3.738330
v -15.843940 -4.486360 3.749630
v -15.786210 -4.466990 3.737840
v -15.794540 -4.443740 3.803420
v -15.813990 -4.387380 3.830570
v -16.305059 -4.552110 3.658670
v -16.337681 -4.563280 3.608640
v -16.331619 -4.625160 3.520560
v -16.344540 -4.654330 3.308030
v -16.314360 -4.644210 3.466020
v -16.229879 -4.615850 3.600310
v -16.237659 -4.592260 3.665050
v -16.256660 -4.535390 3.691860
v -16.305059 -4.552110 2.776130
v -16.256660 -4.535390 2.742950
v -16.237841 -4.592330 2.769660
v -16.230150 -4.615950 2.834140
v -16.314671 -4.644310 2.968850
v -16.344620 -4.654350 3.127240
v -16.331671 -4.625200 2.914370
v -16.337681 -4.563280 2.826160
v -16.485109 -4.609000 3.217390
v -16.472960 -4.605250 3.155600
v -16.431030 -4.657210 3.170230
v -16.386440 -4.668390 3.217390
v -16.431061 -4.657210 3.264520
v -16.472960 -4.605250 3.279160
v -15.870520 -4.406380 2.592810
v -15.813990 -4.387380 2.604250
v -15.794670 -4.443780 2.631260
v -15.786450 -4.467070 2.696490
v -15.843450 -4.486200 2.685180
v -15.901180 -4.505570 2.696980
v -15.908580 -4.481980 2.631410
v -15.927060 -4.425310 2.604250
v -15.307820 -1.593280 4.234380
v -15.318250 -1.570480 4.178340
v -15.314590 -1.510260 4.205060
v -15.316500 -1.455320 4.227900
v -15.307780 -1.474240 4.281020
v -15.322560 -1.492230 4.337500
v -15.319570 -1.553660 4.313810
v -15.322050 -1.613860 4.290440
v -15.510160 -1.735550 4.645730
v -15.473970 -1.720350 4.598640
v -15.471330 -1.658140 4.624510
v -15.471240 -1.603380 4.642930
v -15.505460 -1.615260 4.687470
v -15.557740 -1.620110 4.718390
v -15.558530 -1.681350 4.699490
v -15.562430 -1.743110 4.676860
v -15.412920 -0.486730 4.598540
v -15.445790 -0.436000 4.618810
v -15.442340 -0.441810 4.678210
v -15.454910 -0.475690 4.726490
v -15.419160 -0.529040 4.706930
v -15.402930 -0.590900 4.683320
v -15.393070 -0.555190 4.633600
v -15.399150 -0.547740 4.571800
v -15.559460 -0.770270 4.940570
v -15.567420 -0.830730 4.938060
v -15.515440 -0.839940 4.903130
v -15.482360 -0.809070 4.860070
v -15.497860 -0.753970 4.884770
v -15.541540 -0.713560 4.914480
v -15.824450 -0.070330 4.742720
v -15.886320 -0.087390 4.734340
v -15.887230 -0.087110 4.797770
v -15.891390 -0.132420 4.844570
v -15.828150 -0.114070 4.853370
v -15.770230 -0.140490 4.844360
v -15.766230 -0.096690 4.798000
v -15.766520 -0.097890 4.734340
v -15.929480 -0.617290 5.052650
v -15.938610 -0.684140 5.046370
v -15.877900 -0.677180 5.057880
v -15.818780 -0.694590 5.046390
v -15.816050 -0.627220 5.052600
v -15.812120 -0.565460 5.037510
v -15.866430 -0.549460 5.048620
v -15.922700 -0.555770 5.037510
v -15.972570 -1.761360 4.816810
v -15.912300 -1.762480 4.806020
v -15.909620 -1.701230 4.827980
v -15.905910 -1.643670 4.843320
v -15.962400 -1.640400 4.853250
v -16.021290 -1.628730 4.842710
v -16.026819 -1.691610 4.826690
v -16.032080 -1.751990 4.806020
v -16.302139 -0.408900 4.598560
v -16.326269 -0.466550 4.571800
v -16.333590 -0.473030 4.633470
v -16.330090 -0.510320 4.683400
v -16.305710 -0.449730 4.703840
v -16.264400 -0.404190 4.721060
v -16.268049 -0.370140 4.675270
v -16.260910 -0.364630 4.618810
v -16.261280 -0.776470 4.903530
v -16.207041 -0.776980 4.938320
v -16.205151 -0.714730 4.941250
v -16.214870 -0.654610 4.914480
v -16.264830 -0.686760 4.884910
v -16.289780 -0.738360 4.860070
v -16.597919 -1.480300 4.234380
v -16.587490 -1.503040 4.290440
v -16.580429 -1.440870 4.311420
v -16.568911 -1.386020 4.331420
v -16.577240 -1.362680 4.280020
v -16.562040 -1.339960 4.225390
v -16.575661 -1.399940 4.201740
v -16.583691 -1.459660 4.178340
v -16.423389 -1.655560 4.645730
v -16.373230 -1.672100 4.676860
v -16.369150 -1.608100 4.698870
v -16.361670 -1.553630 4.715400
v -16.408051 -1.535820 4.686580
v -16.439671 -1.512400 4.640160
v -16.449560 -1.572540 4.621330
v -16.456390 -1.634310 4.598640
v -15.933080 -1.310750 3.652520
v -15.993350 -1.309700 3.663300
v -15.985440 -1.250170 3.688440
v -15.979520 -1.197590 3.716070
v -15.922680 -1.197060 3.707620
v -15.863430 -1.204600 3.719770
v -15.868430 -1.261770 3.688950
v -15.873570 -1.320200 3.663300
v -15.482310 -1.417240 3.823340
v -15.532480 -1.400710 3.792200
v -15.525540 -1.338930 3.819260
v -15.523720 -1.287220 3.844120
v -15.476960 -1.300710 3.874660
v -15.444970 -1.319710 3.922780
v -15.445360 -1.377660 3.895650
v -15.449310 -1.438500 3.870430
v -15.902380 -0.306910 4.250630
v -15.897820 -0.271700 4.303540
v -15.838840 -0.260480 4.305540
v -15.782650 -0.282240 4.308430
v -15.785800 -0.318140 4.252640
v -15.790380 -0.370820 4.209730
v -15.848580 -0.348890 4.209480
v -15.910240 -0.360320 4.209730
v -15.479210 -0.529200 4.306410
v -15.463880 -0.585530 4.288020
v -15.495200 -0.580520 4.233240
v -15.545900 -0.551300 4.211180
v -15.538190 -0.503900 4.251020
v -15.521130 -0.479800 4.310680
v -16.395519 -1.337270 3.823340
v -16.431709 -1.352450 3.870430
v -16.423470 -1.289890 3.893300
v -16.414141 -1.237530 3.916600
v -16.379530 -1.221350 3.873740
v -16.326860 -1.211960 3.844580
v -16.336430 -1.269140 3.817290
v -16.343250 -1.329690 3.792200
v -16.244200 -0.461950 4.306770
v -16.194361 -0.420850 4.310680
v -16.183519 -0.446620 4.252510
v -16.185181 -0.493820 4.212890
v -16.238729 -0.514300 4.234770
v -16.269119 -0.515010 4.288020
v -15.756230 -4.545240 3.550040
v -15.808270 -4.552330 3.581140
v -15.812030 -4.598400 3.534520
v -15.811790 -4.598210 3.465420
v -15.718710 -4.557390 3.339870
v -15.682240 -4.503000 3.192210
v -15.708520 -4.556080 3.399130
v -15.720320 -4.530390 3.503330
v -15.553940 -4.399420 3.139920
v -15.568600 -4.420880 3.197420
v -15.596340 -4.471700 3.161090
v -15.635440 -4.474320 3.108180
v -15.593340 -4.437670 3.073220
v -15.564680 -4.376290 3.082230
v -15.800060 -4.459910 3.108180
v -15.798140 -4.438210 3.052130
v -15.714130 -4.451960 3.068510
v -15.680240 -4.470400 3.108180
v -15.716820 -4.482670 3.147840
v -15.801940 -4.481600 3.164220
v -15.728370 -4.226840 2.727410
v -15.695600 -4.248090 2.773970
v -15.689420 -4.337350 2.834120
v -15.676610 -4.437770 3.023700
v -15.703340 -4.377990 2.876440
v -15.787880 -4.321770 2.751260
v -15.783910 -4.275340 2.699920
v -15.778290 -4.209960 2.696640
v -16.694691 -4.366090 3.068520
v -16.609560 -4.367150 3.052130
v -16.611460 -4.388850 3.108180
v -16.613350 -4.410540 3.164220
v -16.697359 -4.396790 3.147850
v -16.731260 -4.378350 3.108180
v -16.203859 -4.402690 3.052130
v -16.143950 -4.407930 3.052130
v -16.145849 -4.429630 3.108180
v -16.147739 -4.451320 3.164220
v -16.207640 -4.446070 3.164220
v -16.267550 -4.440830 3.164220
v -16.265659 -4.419130 3.108180
v -16.263750 -4.397440 3.052130
v -16.218620 -4.571470 3.720910
v -16.277651 -4.562100 3.710260
v -16.282030 -4.607680 3.663480
v -16.282351 -4.607050 3.593730
v -16.222820 -4.616380 3.604280
v -16.161791 -4.617430 3.593280
v -16.162350 -4.618110 3.663340
v -16.158871 -4.572500 3.710260
v -16.669420 -4.465270 3.550040
v -16.702209 -4.444400 3.503330
v -16.718241 -4.467680 3.399300
v -16.734890 -4.410990 3.192670
v -16.708160 -4.470770 3.339930
v -16.623610 -4.526980 3.465090
v -16.623541 -4.527290 3.534430
v -16.619410 -4.481290 3.581140
v -16.641560 -4.146870 2.727410
v -16.589451 -4.138950 2.696640
v -16.595440 -4.204220 2.699820
v -16.599739 -4.250550 2.750940
v -16.692789 -4.291360 2.876480
v -16.729271 -4.345740 3.024120
v -16.699169 -4.248990 2.834230
v -16.677509 -4.162100 2.773970
v -16.843309 -4.286480 3.139920
v -16.828711 -4.265590 3.082230
v -16.811140 -4.331000 3.073210
v -16.776060 -4.374430 3.108180
v -16.814131 -4.365040 3.161090
v -16.832609 -4.310170 3.197410
v -16.179159 -4.120750 2.556490
v -16.120131 -4.130070 2.567180
v -16.125450 -4.195210 2.570760
v -16.129150 -4.241710 2.622620
v -16.188681 -4.232380 2.612070
v -16.249710 -4.231320 2.623070
v -16.245150 -4.184780 2.570890
v -16.238920 -4.119660 2.567180
v 18.033350 -0.083660 -0.155430
v 18.082790 -0.080680 -0.119150
v 18.070200 -0.016310 -0.111840
v 18.063520 0.042710 -0.107760
v 18.017839 0.042540 -0.141990
v 17.986610 0.048170 -0.194170
v 17.992210 -0.017300 -0.199280
v 18.001619 -0.080680 -0.207900
v 17.871040 -0.037920 -0.604820
v 17.880251 -0.046250 -0.544790
v 17.869280 0.019810 -0.536900
v 17.864210 0.076790 -0.528750
v 17.855850 0.086960 -0.584620
v 17.870661 0.101710 -0.641860
v 17.875641 0.038710 -0.652510
v 17.885309 -0.025590 -0.663150
v 18.012060 1.081880 -0.059410
v 18.028419 1.141050 -0.076590
v 17.983971 1.156020 -0.113670
v 17.954599 1.143750 -0.164880
v 17.935320 1.081940 -0.147100
v 17.931459 1.013990 -0.143300
v 17.964010 1.027880 -0.092380
v 18.012199 1.013990 -0.055010
v 17.838310 0.964000 -0.477470
v 17.837111 0.908620 -0.503100
v 17.823280 0.879520 -0.448610
v 17.834120 0.887570 -0.387610
v 17.835760 0.949570 -0.394050
v 17.851770 1.004270 -0.428340
v 18.261959 1.582460 -0.284150
v 18.309059 1.573630 -0.327640
v 18.265791 1.596370 -0.368090
v 18.229860 1.571690 -0.416670
v 18.181660 1.581610 -0.372030
v 18.143230 1.544830 -0.335910
v 18.178749 1.568270 -0.288270
v 18.222910 1.544830 -0.248840
v 18.043770 1.203690 -0.748060
v 18.045111 1.141280 -0.774420
v 17.995211 1.142030 -0.737320
v 17.958910 1.112480 -0.695590
v 17.962240 1.176370 -0.673420
v 17.978680 1.227410 -0.639030
v 18.011620 1.254750 -0.677680
v 18.058189 1.254020 -0.711760
v 18.075550 0.072320 -1.040410
v 18.040270 0.057880 -0.992490
v 18.031839 0.121660 -0.982470
v 18.026770 0.179560 -0.968870
v 18.060270 0.195100 -1.012890
v 18.110840 0.211560 -1.042660
v 18.116899 0.148800 -1.058980
v 18.126431 0.086710 -1.071300
v 18.651480 1.295810 -0.644330
v 18.678890 1.237100 -0.664830
v 18.640400 1.253970 -0.711010
v 18.598021 1.236580 -0.753400
v 18.575230 1.295750 -0.727700
v 18.540541 1.337200 -0.693690
v 18.579700 1.353100 -0.655170
v 18.614580 1.337200 -0.612750
v 18.359091 1.057470 -0.940100
v 18.296570 1.060560 -0.924790
v 18.302040 1.118700 -0.902980
v 18.335979 1.166310 -0.871240
v 18.387230 1.134250 -0.898610
v 18.414770 1.081890 -0.918720
v 18.961060 0.226790 -1.004020
v 18.911591 0.223860 -1.040270
v 18.900881 0.287440 -1.026270
v 18.886629 0.343240 -1.011220
v 18.931480 0.348030 -0.976220
v 18.961821 0.347350 -0.923220
v 18.979340 0.285860 -0.939260
v 18.992769 0.223860 -0.951530
v 18.527740 0.181850 -1.205500
v 18.468380 0.169530 -1.196460
v 18.459311 0.235650 -1.184500
v 18.450279 0.290500 -1.170200
v 18.505569 0.304220 -1.177610
v 18.563391 0.314550 -1.161770
v 18.574921 0.254040 -1.178370
v 18.586729 0.190170 -1.190990
v 18.918560 0.072320 -0.118780
v 18.953850 0.086710 -0.166710
v 18.939270 0.149200 -0.155680
v 18.923380 0.206470 -0.150090
v 18.889160 0.194870 -0.105400
v 18.837790 0.182740 -0.074940
v 18.854589 0.119970 -0.079530
v 18.867701 0.057880 -0.087910
v 18.466530 -0.037920 0.046190
v 18.525890 -0.025590 0.037140
v 18.511009 0.039800 0.047100
v 18.499821 0.095950 0.051290
v 18.443701 0.086770 0.059460
v 18.385019 0.081030 0.044390
v 18.395910 0.018110 0.040380
v 18.407551 -0.046250 0.031660
v 18.624590 1.203680 -0.113240
v 18.589680 1.254020 -0.130730
v 18.548210 1.255640 -0.087310
v 18.503410 1.227610 -0.058230
v 18.539221 1.175370 -0.038190
v 18.564751 1.112430 -0.033290
v 18.609131 1.141880 -0.065350
v 18.650930 1.141280 -0.112120
v 18.255360 0.950580 0.063450
v 18.249269 0.889700 0.065370
v 18.310110 0.880060 0.080040
v 18.365379 0.907380 0.069470
v 18.339020 0.963870 0.066730
v 18.289030 1.004340 0.049640
v 19.123220 0.181850 -0.554500
v 19.114000 0.190170 -0.614540
v 19.101200 0.254620 -0.600770
v 19.085890 0.309600 -0.590170
v 19.093430 0.303930 -0.533540
v 19.077730 0.293930 -0.475520
v 19.095310 0.233110 -0.485500
v 19.108931 0.169530 -0.496170
v 18.805241 1.135050 -0.439880
v 18.773161 1.166370 -0.393220
v 18.802130 1.120410 -0.358400
v 18.824120 1.063210 -0.351580
v 18.843889 1.060570 -0.409610
v 18.828329 1.083500 -0.464320
v 18.406179 -2.975430 -1.094530
v 18.420410 -2.962720 -1.152500
v 18.448851 -3.020980 -1.142320
v 18.496599 -3.045170 -1.098590
v 18.523640 -3.066520 -0.940790
v 18.607929 -3.074120 -0.803190
v 18.475540 -3.046110 -0.970600
v 18.415300 -2.983900 -1.035040
v 18.568190 -3.017490 -0.644660
v 18.535629 -3.014720 -0.698630
v 18.573240 -3.069930 -0.713180
v 18.637180 -3.084700 -0.707770
v 18.636860 -3.069930 -0.643590
v 18.619061 -3.014720 -0.607450
v 18.755550 -3.045060 -0.816030
v 18.796141 -3.045060 -0.771640
v 18.723471 -3.065430 -0.729000
v 18.669390 -3.073920 -0.737230
v 18.666000 -3.065440 -0.791800
v 18.714970 -3.045060 -0.860390
v 19.001860 -2.975430 -0.443300
v 18.943430 -2.983900 -0.457660
v 18.884729 -3.046060 -0.523320
v 18.730021 -3.074080 -0.669850
v 18.859470 -3.066450 -0.574130
v 19.013950 -3.045070 -0.533430
v 19.053320 -3.020950 -0.481730
v 19.060881 -2.962720 -0.452310
v 19.428560 -2.829480 -1.373990
v 19.379610 -2.849830 -1.305390
v 19.339020 -2.849830 -1.349750
v 19.298429 -2.849830 -1.394120
v 19.371099 -2.829490 -1.436790
v 19.425171 -2.821010 -1.428560
v 19.087879 -2.947450 -1.038520
v 19.044800 -2.961870 -0.999120
v 19.004219 -2.961870 -1.043490
v 18.963631 -2.961870 -1.087850
v 19.006701 -2.947450 -1.127260
v 19.049780 -2.933040 -1.166660
v 19.090370 -2.933040 -1.122290
v 19.130951 -2.933040 -1.077910
v 18.610800 -2.865630 -1.530160
v 18.661230 -2.851280 -1.560760
v 18.690290 -2.909080 -1.550710
v 18.738960 -2.932980 -1.506830
v 18.688240 -2.947390 -1.475790
v 18.652590 -2.961980 -1.427190
v 18.604321 -2.937890 -1.471900
v 18.575809 -2.879890 -1.482620
v 19.062870 -2.755680 -1.695180
v 19.121380 -2.747630 -1.680880
v 19.201521 -2.803130 -1.634850
v 19.364540 -2.820820 -1.495930
v 19.235090 -2.828460 -1.591650
v 19.080641 -2.849820 -1.632330
v 19.032480 -2.825730 -1.676010
v 19.003700 -2.767540 -1.686020
v 19.658541 -2.755680 -1.043970
v 19.644159 -2.767540 -0.985840
v 19.636930 -2.825690 -1.015430
v 19.597980 -2.849750 -1.067190
v 19.570930 -2.828380 -1.224980
v 19.486660 -2.820800 -1.362560
v 19.610729 -2.803140 -1.187570
v 19.649509 -2.747630 -1.103510
v 19.495380 -2.707200 -1.492750
v 19.528021 -2.710540 -1.438870
v 19.512581 -2.776890 -1.444580
v 19.457399 -2.810230 -1.458010
v 19.448959 -2.776870 -1.514180
v 19.444620 -2.710540 -1.530060
v 19.453970 -2.865630 -0.608360
v 19.403530 -2.879890 -0.577740
v 19.395571 -2.937860 -0.607070
v 19.355640 -2.961930 -0.658950
v 19.406349 -2.947510 -0.690000
v 19.441999 -2.932920 -0.738600
v 19.481529 -2.909060 -0.685890
v 19.488951 -2.851280 -0.655870
v 18.993040 0.279040 -1.178850
v 19.042280 0.275120 -1.142410
v 19.056789 0.337090 -1.159860
v 19.074341 0.391030 -1.177950
v 19.029819 0.396570 -1.213230
v 18.999380 0.394800 -1.266160
v 18.978230 0.335470 -1.246790
v 18.961109 0.275120 -1.231140
v 18.827721 0.219250 -1.625490
v 18.837521 0.230300 -1.565980
v 18.854219 0.293260 -1.583410
v 18.872749 0.346310 -1.596830
v 18.864771 0.337990 -1.653080
v 18.879721 0.323870 -1.710430
v 18.858540 0.264860 -1.697160
v 18.841129 0.202890 -1.683030
v 19.442039 1.306090 -1.513010
v 19.479090 1.343350 -1.549110
v 19.441469 1.360160 -1.592430
v 19.405750 1.342880 -1.637850
v 19.365040 1.304790 -1.600460
v 19.334921 1.250300 -1.572640
v 19.374161 1.267570 -1.527830
v 19.415670 1.250300 -1.484350
v 19.203979 1.124050 -1.872250
v 19.178980 1.068510 -1.876100
v 19.159050 1.069130 -1.816040
v 19.176880 1.093710 -1.761430
v 19.202391 1.143070 -1.789720
v 19.236040 1.170500 -1.840120
v 19.851320 1.548490 -1.883540
v 19.887560 1.506680 -1.917110
v 19.853821 1.528340 -1.966250
v 19.807409 1.504170 -2.005260
v 19.770691 1.547740 -1.971100
v 19.723770 1.544950 -1.927240
v 19.769251 1.567930 -1.888680
v 19.803440 1.544950 -1.840150
v 19.465820 1.147190 -2.194390
v 19.440310 1.084440 -2.196200
v 19.397829 1.118250 -2.165880
v 19.356180 1.122750 -2.119240
v 19.386200 1.183400 -2.121490
v 19.424110 1.232420 -2.106730
v 19.462070 1.228480 -2.150000
v 19.501751 1.197110 -2.177750
v 19.024660 0.073790 -2.054160
v 18.990379 0.092890 -2.007160
v 19.008690 0.153690 -2.021590
v 19.027990 0.209500 -2.030310
v 19.061380 0.193450 -2.074210
v 19.111870 0.176570 -2.103890
v 19.091339 0.115270 -2.095890
v 19.074520 0.054640 -2.084120
v 20.066450 1.022140 -2.084210
v 20.066719 0.954290 -2.079880
v 20.034590 0.967060 -2.131870
v 19.985630 0.953790 -2.168270
v 19.990179 1.022060 -2.167550
v 19.977470 1.083080 -2.153640
v 20.022579 1.094950 -2.120580
v 20.051500 1.083080 -2.072700
v 19.681620 0.829550 -2.295430
v 19.626820 0.862430 -2.287180
v 19.656521 0.917250 -2.287530
v 19.708879 0.955490 -2.272640
v 19.740959 0.898250 -2.282480
v 19.743891 0.835880 -2.280090
v 19.898970 -0.132930 -2.007520
v 19.849730 -0.128940 -2.043980
v 19.866180 -0.065950 -2.054810
v 19.876381 -0.007770 -2.062120
v 19.922001 -0.008800 -2.027860
v 19.953630 -0.002200 -1.976020
v 19.944090 -0.066830 -1.967330
v 19.930910 -0.128940 -1.955230
v 19.469000 -0.072350 -2.212080
v 19.410500 -0.055990 -2.203820
v 19.429291 0.007730 -2.217340
v 19.443830 0.062790 -2.224600
v 19.499281 0.049820 -2.232160
v 19.557520 0.041400 -2.216690
v 19.542839 -0.020250 -2.209320
v 19.527380 -0.083410 -2.197020
v 19.867689 0.073790 -1.132520
v 19.901951 0.054640 -1.179530
v 19.914181 0.117150 -1.193030
v 19.922729 0.173810 -1.209770
v 19.890301 0.193730 -1.166750
v 19.840839 0.214830 -1.138020
v 19.831030 0.153530 -1.118270
v 19.817829 0.092900 -1.102570
v 19.423201 0.219250 -0.974470
v 19.481710 0.202890 -0.982730
v 19.494720 0.267590 -0.998290
v 19.507010 0.320930 -1.015580
v 19.452641 0.338340 -1.009030
v 19.395519 0.351230 -1.025500
v 19.380280 0.292380 -1.005620
v 19.364790 0.230300 -0.989530
v 20.046631 1.147130 -1.559560
v 20.033230 1.197110 -1.596730
v 19.999269 1.230580 -1.560180
v 19.949471 1.235170 -1.526520
v 19.963120 1.184170 -1.486220
v 19.961950 1.122710 -1.456910
v 20.011749 1.118410 -1.493910
v 20.046129 1.084440 -1.533900
v 19.622299 1.143450 -1.332480
v 19.592800 1.095180 -1.309150
v 19.645790 1.068300 -1.287310
v 19.706350 1.065670 -1.302710
v 19.704370 1.122790 -1.327750
v 19.673300 1.170550 -1.362140
v 20.064470 -0.072350 -1.561070
v 20.054680 -0.083410 -1.620560
v 20.069521 -0.018950 -1.632080
v 20.078070 0.037380 -1.643330
v 20.087130 0.050090 -1.588080
v 20.073320 0.068830 -1.531780
v 20.064560 0.006930 -1.517660
v 20.051050 -0.055990 -1.503530
v 20.159439 0.899560 -1.824150
v 20.146090 0.955560 -1.794620
v 20.157129 0.917910 -1.743390
v 20.155140 0.863400 -1.714660
v 20.167700 0.832360 -1.766080
v 20.158300 0.838060 -1.826410
v 18.117439 -2.649330 -0.975980
v 18.130970 -2.665220 -1.033330
v 18.134741 -2.721960 -1.000580
v 18.172251 -2.745450 -0.947510
v 18.200821 -2.717090 -0.791060
v 18.285641 -2.707030 -0.653970
v 18.162560 -2.691600 -0.829890
v 18.127041 -2.638580 -0.916960
v 18.283970 -2.586150 -0.530270
v 18.251101 -2.590470 -0.583920
v 18.262529 -2.657210 -0.574560
v 18.315630 -2.693020 -0.559220
v 18.326160 -2.657190 -0.504970
v 18.334499 -2.590470 -0.492750
v 18.431210 -2.745550 -0.664940
v 18.471790 -2.745550 -0.620580
v 18.400539 -2.718550 -0.579220
v 18.347071 -2.707320 -0.587990
v 18.343090 -2.718540 -0.642020
v 18.390619 -2.745550 -0.709310
v 18.713110 -2.649330 -0.324750
v 18.655180 -2.638580 -0.339570
v 18.571751 -2.691600 -0.382620
v 18.407700 -2.707070 -0.520630
v 18.536619 -2.717180 -0.424410
v 18.689610 -2.745550 -0.382360
v 18.739201 -2.722040 -0.339990
v 18.771450 -2.665220 -0.333120
v 19.089130 -3.031690 -1.209070
v 19.041590 -3.004680 -1.141770
v 19.000999 -3.004680 -1.186140
v 18.960409 -3.004680 -1.230510
v 19.031660 -3.031690 -1.271850
v 19.085140 -3.042940 -1.263090
v 18.756680 -2.875130 -0.881170
v 18.714621 -2.856000 -0.842700
v 18.674021 -2.856000 -0.887070
v 18.633450 -2.856000 -0.931440
v 18.675510 -2.875130 -0.969920
v 18.717581 -2.894260 -1.008390
v 18.758160 -2.894260 -0.964020
v 18.798740 -2.894260 -0.919650
v 18.314301 -2.795220 -1.404540
v 18.363750 -2.814160 -1.434230
v 18.368259 -2.870790 -1.401750
v 18.406750 -2.894340 -1.348560
v 18.357059 -2.875210 -1.318420
v 18.322430 -2.855830 -1.270770
v 18.284321 -2.832580 -1.324780
v 18.280340 -2.776230 -1.357930
v 18.758699 -2.940960 -1.562550
v 18.816549 -2.952130 -1.547650
v 18.871519 -3.014000 -1.478560
v 19.024530 -3.043180 -1.330440
v 18.895590 -3.033060 -1.426660
v 18.742611 -3.004700 -1.468730
v 18.704679 -2.981120 -1.521770
v 18.700560 -2.924240 -1.554350
v 19.354361 -2.940960 -0.911330
v 19.341030 -2.924240 -0.854160
v 19.309120 -2.981180 -0.861170
v 19.259930 -3.004800 -0.903580
v 19.231380 -3.033160 -1.060020
v 19.146570 -3.043200 -1.197120
v 19.280680 -3.014030 -1.031290
v 19.344669 -2.952130 -0.970270
v 19.189390 -2.997870 -1.358450
v 19.222130 -2.994100 -1.304640
v 19.181320 -3.046040 -1.287140
v 19.116590 -3.057240 -1.291850
v 19.117701 -3.046040 -1.356750
v 19.138729 -2.994100 -1.395830
v 19.157459 -2.795220 -0.482740
v 19.108021 -2.776230 -0.453050
v 19.075529 -2.832630 -0.459920
v 19.025450 -2.855920 -0.502530
v 19.075130 -2.875050 -0.532630
v 19.109770 -2.894420 -0.580320
v 19.159479 -2.870830 -0.536920
v 19.191429 -2.814160 -0.529350
v 17.634270 0.017860 -1.314270
v 17.679790 0.040660 -1.279960
v 17.659040 0.100870 -1.297220
v 17.645050 0.155820 -1.315350
v 17.602751 0.136900 -1.348680
v 17.575541 0.118910 -1.400310
v 17.589319 0.057480 -1.380820
v 17.606930 -0.002730 -1.365240
v 17.505970 -0.124440 -1.754360
v 17.511040 -0.109240 -1.695180
v 17.491640 -0.047020 -1.712490
v 17.479130 0.007740 -1.726020
v 17.474340 -0.004140 -1.781980
v 17.492041 -0.009000 -1.840080
v 17.505381 -0.070250 -1.826660
v 17.523520 -0.131990 -1.812610
v 17.466070 1.124420 -1.653910
v 17.476629 1.175150 -1.691050
v 17.433990 1.169340 -1.732540
v 17.410681 1.135460 -1.776640
v 17.397499 1.082110 -1.738080
v 17.401449 1.020240 -1.709730
v 17.427740 1.055960 -1.666370
v 17.473940 1.063410 -1.624890
v 17.343309 0.840860 -2.005180
v 17.350889 0.780400 -2.008700
v 17.336109 0.771180 -1.947850
v 17.340750 0.802060 -1.893730
v 17.335501 0.857170 -1.922410
v 17.347710 0.897570 -1.973840
v 17.672421 1.540830 -2.038050
v 17.723709 1.523760 -2.073620
v 17.681601 1.524050 -2.121050
v 17.653061 1.478760 -2.158390
v 17.600460 1.497070 -2.122190
v 17.563810 1.470670 -2.076460
v 17.592140 1.514450 -2.039540
v 17.635309 1.513270 -1.992760
v 17.540701 0.993830 -2.337620
v 17.551661 0.927000 -2.339150
v 17.499090 0.933960 -2.306670
v 17.463249 0.916550 -2.258290
v 17.457020 0.983920 -2.261020
v 17.464319 1.045670 -2.247240
v 17.496901 1.061680 -2.292100
v 17.545910 1.055370 -2.321870
v 17.731689 -0.150260 -2.192670
v 17.694500 -0.151370 -2.144040
v 17.677710 -0.090130 -2.158450
v 17.664619 -0.032560 -2.167260
v 17.699600 -0.029290 -2.212710
v 17.750160 -0.017620 -2.244680
v 17.765051 -0.080520 -2.236590
v 17.782890 -0.140870 -2.224900
v 18.122190 1.202250 -2.254100
v 18.158051 1.144600 -2.250630
v 18.121811 1.138120 -2.301080
v 18.085529 1.100810 -2.335570
v 18.053770 1.161420 -2.334180
v 18.011629 1.206950 -2.318990
v 18.045250 1.241010 -2.287690
v 18.078091 1.246510 -2.241210
v 17.886200 0.834660 -2.451520
v 17.822680 0.834150 -2.440590
v 17.819340 0.896400 -2.441480
v 17.844570 0.956530 -2.428310
v 17.901390 0.924380 -2.440200
v 17.936569 0.872770 -2.438700
v 18.586229 0.130830 -2.185020
v 18.540701 0.108090 -2.219340
v 18.521311 0.170260 -2.230060
v 18.499310 0.225110 -2.237050
v 18.540159 0.248460 -2.204730
v 18.565821 0.271170 -2.154180
v 18.591829 0.211190 -2.145910
v 18.613541 0.151470 -2.134060
v 18.179790 -0.044440 -2.370740
v 18.121780 -0.060980 -2.359850
v 18.103910 0.003020 -2.373340
v 18.087231 0.057480 -2.380500
v 18.140921 0.075310 -2.390520
v 18.195560 0.098730 -2.377600
v 18.215590 0.038580 -2.370400
v 18.235929 -0.023190 -2.358250
v 18.488359 0.300360 -1.306950
v 18.525570 0.301430 -1.355570
v 18.502750 0.360960 -1.368770
v 18.479731 0.413540 -1.385160
v 18.443501 0.414060 -1.340580
v 18.391590 0.406530 -1.309550
v 18.416071 0.349340 -1.290180
v 18.437170 0.290910 -1.274710
v 18.040449 0.193880 -1.128730
v 18.098471 0.210420 -1.139620
v 18.075081 0.272200 -1.154890
v 18.056980 0.323910 -1.172010
v 18.001869 0.310430 -1.162980
v 17.945770 0.291410 -1.176890
v 17.964380 0.233470 -1.157140
v 17.984320 0.172630 -1.141210
v 18.062040 1.304250 -1.727540
v 18.022961 1.339450 -1.763480
v 17.978090 1.350650 -1.725160
v 17.934681 1.328910 -1.689390
v 17.974640 1.293010 -1.650330
v 18.007000 1.240330 -1.621780
v 18.050091 1.262260 -1.660850
v 18.095449 1.250820 -1.702660
v 17.712139 1.081940 -1.483080
v 17.713221 1.025630 -1.459160
v 17.773319 1.030630 -1.439890
v 17.825621 1.059860 -1.457830
v 17.793039 1.107250 -1.482040
v 17.740179 1.131330 -1.514520
v 18.714310 0.273860 -1.745110
v 18.709230 0.258660 -1.804290
v 18.687719 0.321220 -1.815600
v 18.665091 0.373580 -1.826480
v 18.668501 0.389780 -1.771500
v 18.649309 0.399160 -1.714430
v 18.674789 0.341980 -1.700770
v 18.696730 0.281420 -1.686860
v 18.276340 1.149200 -1.999680
v 18.236959 1.190300 -1.968910
v 18.268181 1.164530 -1.918660
v 18.296181 1.117310 -1.890570
v 18.320930 1.096860 -1.942840
v 18.307400 1.096140 -2.002650
v 18.427059 -2.934090 -1.111970
v 18.444469 -2.941180 -1.170040
v 18.478701 -2.987240 -1.138160
v 18.525150 -2.987040 -1.087020
v 18.541220 -2.946230 -0.931550
v 18.613970 -2.891830 -0.798000
v 18.493690 -2.944930 -0.968430
v 18.432070 -2.919220 -1.053270
v 18.554590 -2.788270 -0.672810
v 18.526590 -2.809720 -0.725120
v 18.571590 -2.860550 -0.717060
v 18.636160 -2.863170 -0.704400
v 18.628679 -2.826520 -0.650180
v 18.601460 -2.765140 -0.637490
v 18.757620 -2.848750 -0.815490
v 18.794050 -2.827040 -0.772850
v 18.721001 -2.840780 -0.728230
v 18.669201 -2.859230 -0.734630
v 18.669430 -2.871520 -0.788580
v 18.721189 -2.870450 -0.858130
v 18.961720 -2.615660 -0.486120
v 18.906130 -2.636920 -0.498390
v 18.860979 -2.726180 -0.538590
v 18.723570 -2.826610 -0.669830
v 18.842690 -2.766810 -0.579210
v 18.989550 -2.710580 -0.543910
v 19.021271 -2.664170 -0.503350
v 19.019341 -2.598810 -0.497140
v 19.444530 -2.754920 -1.390040
v 19.392759 -2.756000 -1.320500
v 19.356331 -2.777700 -1.363140
v 19.319910 -2.799390 -1.405780
v 19.392950 -2.785650 -1.450390
v 19.444719 -2.767210 -1.444000
v 19.093410 -2.791520 -1.046660
v 19.049210 -2.796780 -1.006230
v 19.012779 -2.818470 -1.048870
v 18.976360 -2.840170 -1.091520
v 19.020559 -2.834920 -1.131950
v 19.064751 -2.829680 -1.172370
v 19.101179 -2.807960 -1.129740
v 19.137609 -2.786280 -1.087100
v 18.652920 -2.960310 -1.550140
v 18.703671 -2.950940 -1.582110
v 18.738470 -2.996510 -1.550540
v 18.785780 -2.995880 -1.499310
v 18.734730 -3.005210 -1.466910
v 18.697109 -3.006250 -1.417600
v 18.650249 -3.006950 -1.469680
v 18.616020 -2.961340 -1.501930
v 19.100861 -2.854120 -1.728310
v 19.156580 -2.833260 -1.715970
v 19.238630 -2.856540 -1.650030
v 19.390381 -2.799820 -1.508790
v 19.271271 -2.859620 -1.599420
v 19.124390 -2.915830 -1.634710
v 19.077539 -2.916140 -1.685810
v 19.042971 -2.870140 -1.717500
v 19.635540 -2.535710 -1.102480
v 19.617861 -2.527790 -1.044600
v 19.620140 -2.593080 -1.050980
v 19.588810 -2.639390 -1.091600
v 19.572729 -2.680190 -1.247060
v 19.499969 -2.734600 -1.380630
v 19.605949 -2.637840 -1.220180
v 19.630630 -2.550950 -1.161100
v 19.505980 -2.675360 -1.543040
v 19.534140 -2.654440 -1.490620
v 19.527281 -2.719880 -1.472090
v 19.477791 -2.763260 -1.474230
v 19.470160 -2.753890 -1.538960
v 19.459290 -2.699030 -1.578250
v 19.409731 -2.509620 -0.664270
v 19.358950 -2.518910 -0.632320
v 19.360451 -2.584060 -0.638560
v 19.328180 -2.630550 -0.679320
v 19.379230 -2.621210 -0.711720
v 19.416840 -2.620170 -0.761020
v 19.448681 -2.573630 -0.719420
v 19.446590 -2.508510 -0.712490
v 22.828979 -0.180310 -2.744250
v 22.845970 -0.171190 -2.802530
v 22.880541 -0.119080 -2.781490
v 22.908390 -0.068990 -2.765440
v 22.893040 -0.074870 -2.710770
v 22.859659 -0.065880 -2.660420
v 22.828831 -0.121890 -2.676380
v 22.794491 -0.173790 -2.693870
v 22.506540 -0.070440 -2.406100
v 22.552740 -0.091220 -2.440630
v 22.587931 -0.037190 -2.420910
v 22.618059 0.010490 -2.408360
v 22.575890 0.032090 -2.375930
v 22.526911 0.065810 -2.362660
v 22.492371 0.013310 -2.375290
v 22.455860 -0.038790 -2.392380
v 23.357500 0.841310 -2.531930
v 23.359591 0.904890 -2.527610
v 23.347071 0.913900 -2.469850
v 23.307220 0.907020 -2.425120
v 23.305571 0.839960 -2.427640
v 23.284571 0.776160 -2.439330
v 23.323771 0.785620 -2.486440
v 23.335770 0.778750 -2.547430
v 23.004471 0.790890 -2.229160
v 22.961710 0.747330 -2.228630
v 23.002609 0.701690 -2.244520
v 23.055290 0.696010 -2.277620
v 23.072470 0.754380 -2.264050
v 23.058090 0.818430 -2.253270
v 23.270691 1.437220 -2.561900
v 23.214560 1.456510 -2.587690
v 23.201630 1.473810 -2.528050
v 23.161480 1.452870 -2.481050
v 23.219360 1.433880 -2.454550
v 23.249161 1.378220 -2.442550
v 23.288179 1.398160 -2.489040
v 23.299681 1.380780 -2.549190
v 22.793751 1.148560 -2.252900
v 22.746910 1.099670 -2.255710
v 22.795349 1.073920 -2.226420
v 22.832069 1.023960 -2.217200
v 22.874359 1.076840 -2.216490
v 22.918249 1.119110 -2.235050
v 22.884390 1.165150 -2.243010
v 22.839701 1.189000 -2.270590
v 22.103809 0.214490 -2.387020
v 22.151310 0.176850 -2.378230
v 22.186689 0.229080 -2.362120
v 22.221889 0.276110 -2.351610
v 22.178801 0.313100 -2.360210
v 22.143000 0.352680 -2.389690
v 22.103270 0.302300 -2.400920
v 22.066179 0.252580 -2.416730
v 22.725679 1.403360 -2.817660
v 22.677019 1.364780 -2.845360
v 22.655411 1.379900 -2.788780
v 22.625410 1.361760 -2.737130
v 22.677290 1.400850 -2.715610
v 22.733500 1.417750 -2.690440
v 22.760559 1.434560 -2.737920
v 22.780430 1.420120 -2.789550
v 22.471451 1.171810 -2.483670
v 22.505810 1.149930 -2.433730
v 22.544910 1.198440 -2.435940
v 22.579660 1.244060 -2.469670
v 22.527500 1.239290 -2.510410
v 22.481560 1.206400 -2.537100
v 21.912331 0.635170 -3.158840
v 21.895370 0.626100 -3.100530
v 21.934879 0.676330 -3.084050
v 21.973480 0.718060 -3.066420
v 21.991501 0.727620 -3.119720
v 22.027731 0.722610 -3.168630
v 21.985100 0.677090 -3.189900
v 21.946840 0.628700 -3.209200
v 21.857651 0.506800 -2.699570
v 21.879761 0.473710 -2.652940
v 21.917910 0.527320 -2.636570
v 21.953859 0.570090 -2.623440
v 21.934999 0.602690 -2.666860
v 21.934290 0.626740 -2.722740
v 21.893450 0.580270 -2.738270
v 21.854700 0.529770 -2.756330
v 22.638340 0.241560 -3.515620
v 22.590820 0.279160 -3.524430
v 22.628540 0.327930 -3.503510
v 22.659981 0.372990 -3.480230
v 22.705391 0.339190 -3.470450
v 22.743679 0.303050 -3.439710
v 22.710730 0.253030 -3.465300
v 22.675940 0.203430 -3.485930
v 22.884090 -0.051330 -3.203280
v 22.862000 -0.018230 -3.249910
v 22.899990 0.033340 -3.227690
v 22.928301 0.079340 -3.208250
v 22.949770 0.050400 -3.163520
v 22.953140 0.030030 -3.106290
v 22.922541 -0.022250 -3.126880
v 22.887060 -0.074320 -3.146500
v 23.161880 1.167240 -3.030360
v 23.176661 1.206070 -2.982070
v 23.228251 1.182150 -2.962690
v 23.257250 1.134190 -2.940400
v 23.243690 1.093260 -2.990910
v 23.216190 1.043360 -3.028210
v 23.185249 1.093270 -3.048640
v 23.131029 1.119120 -3.066720
v 23.337811 0.769110 -2.825080
v 23.318529 0.711520 -2.832620
v 23.308340 0.718800 -2.894670
v 23.291861 0.764520 -2.934040
v 23.319099 0.807720 -2.898190
v 23.335310 0.832560 -2.838600
v 22.235229 0.525940 -3.496750
v 22.189020 0.546710 -3.462230
v 22.229300 0.597090 -3.443620
v 22.264071 0.638940 -3.423360
v 22.308840 0.620950 -3.454460
v 22.360559 0.590990 -3.466360
v 22.323420 0.544460 -3.490050
v 22.285910 0.494280 -3.510460
v 22.794359 1.252970 -3.070570
v 22.856939 1.258130 -3.054950
v 22.860769 1.216630 -3.104210
v 22.838221 1.170240 -3.137990
v 22.780430 1.190070 -3.132270
v 22.746361 1.220530 -3.091390
v 20.805901 -2.420080 -3.267760
v 20.755699 -2.388190 -3.254040
v 20.733629 -2.434340 -3.295170
v 20.747440 -2.452390 -3.360430
v 20.868179 -2.505580 -3.453600
v 20.958321 -2.522060 -3.586620
v 20.865200 -2.494840 -3.394460
v 20.851610 -2.440860 -3.301990
v 21.130251 -2.526820 -3.605090
v 21.094641 -2.520380 -3.553410
v 21.049299 -2.554050 -3.591900
v 21.028139 -2.547890 -3.653960
v 21.089670 -2.552020 -3.677090
v 21.147539 -2.517690 -3.665070
v 20.911180 -2.443850 -3.706860
v 20.936899 -2.442550 -3.761190
v 20.989491 -2.496380 -3.718140
v 20.996321 -2.519580 -3.668360
v 20.953060 -2.498220 -3.641230
v 20.885450 -2.445150 -3.652530
v 21.183599 -2.400950 -4.065200
v 21.186480 -2.423910 -4.009020
v 21.124590 -2.481650 -3.942230
v 21.035650 -2.518090 -3.750010
v 21.080721 -2.494620 -3.902960
v 21.075100 -2.435590 -4.052830
v 21.116690 -2.414840 -4.104280
v 21.161800 -2.367630 -4.111460
v 20.292770 -1.876570 -4.033230
v 20.360390 -1.929650 -4.021940
v 20.334660 -1.930950 -3.967610
v 20.308920 -1.932240 -3.913270
v 20.256359 -1.878420 -3.956330
v 20.249540 -1.855220 -4.006110
v 20.648640 -2.186080 -3.891560
v 20.691210 -2.223960 -3.872310
v 20.665480 -2.225260 -3.817980
v 20.639730 -2.226570 -3.763650
v 20.597179 -2.188700 -3.782900
v 20.554609 -2.150840 -3.802150
v 20.580360 -2.149540 -3.856480
v 20.606091 -2.148210 -3.910810
v 20.402981 -2.135500 -3.248840
v 20.365709 -2.097680 -3.278270
v 20.343479 -2.143150 -3.319790
v 20.357260 -2.160670 -3.385880
v 20.394970 -2.198780 -3.356410
v 20.443119 -2.236860 -3.347580
v 20.428579 -2.218790 -3.281450
v 20.450109 -2.172760 -3.240100
v 20.157070 -1.842850 -3.561210
v 20.153959 -1.820220 -3.617520
v 20.147720 -1.856590 -3.718800
v 20.210190 -1.856710 -3.924420
v 20.165131 -1.880180 -3.771490
v 20.170750 -1.939220 -3.621640
v 20.157070 -1.921390 -3.556040
v 20.179380 -1.875480 -3.514700
v 20.534740 -1.823720 -4.358660
v 20.585461 -1.854900 -4.372120
v 20.540131 -1.901850 -4.365150
v 20.498390 -1.922410 -4.314020
v 20.377680 -1.869190 -4.220880
v 20.287540 -1.852730 -4.087880
v 20.407101 -1.843420 -4.266610
v 20.488819 -1.803250 -4.324550
v 20.214130 -1.711800 -4.019430
v 20.249411 -1.718690 -4.071280
v 20.224390 -1.782220 -4.068440
v 20.217699 -1.826890 -4.020510
v 20.184031 -1.784270 -3.983250
v 20.196520 -1.721370 -3.959620
v 20.937590 -2.108410 -4.377620
v 20.974911 -2.146170 -4.348170
v 20.930111 -2.193300 -4.340620
v 20.888571 -2.214130 -4.288590
v 20.850861 -2.176020 -4.318060
v 20.802719 -2.137940 -4.326890
v 20.845020 -2.117650 -4.378940
v 20.890499 -2.071090 -4.386340
v 21.769609 0.740300 -3.105010
v 21.784229 0.743060 -3.164570
v 21.787720 0.808610 -3.157920
v 21.786680 0.868080 -3.155330
v 21.772181 0.868040 -3.100110
v 21.735109 0.870790 -3.051670
v 21.736389 0.804910 -3.052660
v 21.732771 0.740460 -3.055910
v 21.410851 0.752940 -2.786380
v 21.463690 0.750030 -2.817350
v 21.466890 0.817210 -2.812470
v 21.469250 0.874940 -2.812830
v 21.419701 0.880030 -2.784300
v 21.359711 0.887700 -2.776850
v 21.355820 0.823750 -2.775250
v 21.350340 0.758140 -2.777960
v 21.722219 1.907600 -3.161960
v 21.693029 1.963290 -3.172640
v 21.673580 1.977880 -3.118020
v 21.638910 1.962820 -3.071020
v 21.670059 1.904860 -3.057800
v 21.683371 1.838140 -3.053310
v 21.716391 1.854510 -3.103170
v 21.734570 1.840730 -3.161410
v 21.416700 1.762060 -2.838960
v 21.400391 1.704640 -2.826230
v 21.459261 1.682380 -2.833050
v 21.510361 1.695660 -2.866440
v 21.496189 1.756370 -2.867670
v 21.451941 1.805890 -2.871400
v 21.360800 2.361730 -3.325380
v 21.304340 2.344900 -3.352180
v 21.280430 2.366730 -3.297630
v 21.252131 2.340180 -3.245170
v 21.309879 2.358300 -3.217820
v 21.361940 2.328490 -3.194670
v 21.389700 2.353770 -3.246370
v 21.412451 2.331050 -3.301320
v 21.061781 1.956280 -2.934920
v 21.044729 1.891610 -2.924010
v 21.097330 1.900030 -2.891920
v 21.152840 1.877790 -2.873130
v 21.164150 1.943140 -2.886800
v 21.183380 1.995950 -2.916790
v 21.132179 2.016560 -2.933570
v 21.083620 2.008740 -2.963730
v 20.920429 0.802160 -2.814510
v 20.979429 0.795450 -2.799520
v 20.983910 0.860380 -2.797730
v 20.991180 0.919580 -2.800170
v 20.936319 0.927910 -2.815040
v 20.888090 0.937270 -2.851120
v 20.878550 0.872890 -2.848400
v 20.871321 0.809310 -2.850380
v 20.919910 2.010460 -3.539440
v 20.898060 1.947980 -3.555020
v 20.867821 1.963070 -3.502520
v 20.846710 1.944850 -3.446670
v 20.871559 2.007930 -3.437370
v 20.910641 2.055200 -3.419590
v 20.929560 2.071790 -3.470930
v 20.957590 2.057580 -3.518700
v 20.785879 1.767070 -3.148810
v 20.822821 1.776590 -3.096880
v 20.833691 1.836040 -3.112210
v 20.844391 1.883800 -3.157270
v 20.804119 1.845190 -3.193200
v 20.781820 1.789090 -3.209250
v 20.605610 0.889570 -3.652710
v 20.591021 0.886870 -3.593140
v 20.600040 0.952190 -3.590720
v 20.612310 1.010170 -3.585180
v 20.627251 1.014940 -3.640060
v 20.664820 1.017250 -3.688160
v 20.651110 0.953280 -3.696170
v 20.642481 0.889480 -3.701800
v 20.586889 0.858600 -3.174090
v 20.618820 0.851940 -3.122170
v 20.625040 0.919450 -3.120600
v 20.634809 0.976000 -3.119550
v 20.605740 0.984520 -3.168370
v 20.597540 0.991830 -3.228200
v 20.585430 0.929240 -3.230500
v 20.577311 0.863700 -3.234430
v 21.454950 0.829230 -3.943100
v 21.395960 0.835880 -3.958090
v 21.403820 0.900120 -3.950930
v 21.407810 0.958730 -3.940330
v 21.463060 0.954450 -3.925170
v 21.511721 0.949520 -3.888790
v 21.508970 0.885480 -3.900410
v 21.504049 0.822020 -3.907230
v 21.788429 0.772070 -3.583570
v 21.756491 0.778720 -3.635490
v 21.763149 0.845740 -3.627740
v 21.764219 0.902730 -3.620920
v 21.793751 0.898860 -3.571790
v 21.802410 0.896250 -3.511620
v 21.802429 0.832570 -3.517980
v 21.798019 0.766970 -3.523230
v 21.429890 1.974910 -3.712390
v 21.420589 2.025810 -3.675210
v 21.475760 2.035070 -3.653340
v 21.522619 2.013720 -3.621950
v 21.534189 1.961130 -3.660840
v 21.536970 1.897200 -3.684130
v 21.487329 1.919680 -3.714080
v 21.428820 1.911070 -3.735000
v 21.760969 1.770730 -3.428960
v 21.772490 1.711030 -3.421970
v 21.764570 1.698170 -3.483440
v 21.730930 1.719840 -3.531500
v 21.731239 1.777660 -3.508050
v 21.729120 1.820020 -3.456740
v 20.964470 0.877730 -3.971270
v 20.911631 0.880630 -3.940310
v 20.921120 0.946950 -3.935910
v 20.929770 1.003770 -3.927650
v 20.979771 1.003270 -3.955860
v 21.040220 1.000440 -3.962970
v 21.032009 0.937730 -3.973350
v 21.024969 0.872520 -3.979700
v 21.070660 1.859630 -3.753490
v 21.121660 1.897910 -3.742560
v 21.148560 1.853600 -3.780950
v 21.153730 1.795830 -3.801880
v 21.093309 1.785800 -3.798120
v 21.045931 1.804210 -3.763830
v 21.123409 -2.251950 -2.994460
v 21.063210 -2.246320 -2.986110
v 21.069201 -2.305330 -3.014250
v 21.094641 -2.328620 -3.074120
v 21.232420 -2.335970 -3.158130
v 21.328600 -2.336180 -3.287880
v 21.220360 -2.314950 -3.103050
v 21.175791 -2.255050 -3.025100
v 21.482269 -2.260850 -3.313100
v 21.444380 -2.261010 -3.262670
v 21.423809 -2.320180 -3.290020
v 21.406851 -2.339310 -3.350710
v 21.464199 -2.318140 -3.375210
v 21.497271 -2.258330 -3.374330
v 21.258320 -2.320270 -3.420580
v 21.284060 -2.318970 -3.474910
v 21.352840 -2.329130 -3.423130
v 21.366400 -2.334130 -3.369720
v 21.316410 -2.330980 -3.346220
v 21.232590 -2.321570 -3.366250
v 21.501110 -2.232830 -3.791890
v 21.510660 -2.238090 -3.732120
v 21.479759 -2.301790 -3.650830
v 21.405910 -2.332250 -3.451310
v 21.444880 -2.325160 -3.607520
v 21.422260 -2.311960 -3.766540
v 21.452230 -2.285900 -3.823370
v 21.469311 -2.225760 -3.843500
v 20.468140 -2.215680 -3.839430
v 20.551970 -2.225090 -3.819400
v 20.526220 -2.226390 -3.765070
v 20.500500 -2.227690 -3.710740
v 20.431730 -2.217530 -3.762500
v 20.418140 -2.212530 -3.815930
v 20.918020 -2.272030 -3.647160
v 20.972059 -2.278950 -3.621730
v 20.946310 -2.280260 -3.567400
v 20.920589 -2.281570 -3.513070
v 20.866541 -2.274630 -3.538500
v 20.812500 -2.267700 -3.563930
v 20.838230 -2.266400 -3.618260
v 20.863970 -2.265100 -3.672590
v 20.632971 -2.203180 -3.022630
v 20.584290 -2.196020 -3.058210
v 20.589840 -2.254600 -3.086880
v 20.615080 -2.277670 -3.147680
v 20.664270 -2.284820 -3.112020
v 20.724039 -2.291580 -3.096930
v 20.697880 -2.268440 -3.036190
v 20.691460 -2.209760 -3.007770
v 20.299480 -2.146310 -3.382150
v 20.289881 -2.141450 -3.441950
v 20.309299 -2.198120 -3.531590
v 20.378660 -2.214410 -3.734350
v 20.339680 -2.221510 -3.578130
v 20.362320 -2.234690 -3.419110
v 20.337061 -2.211440 -3.358860
v 20.331381 -2.152490 -3.330460
v 20.677160 -2.127170 -4.179580
v 20.737459 -2.131910 -4.187870
v 20.720079 -2.192010 -4.167980
v 20.689911 -2.218040 -4.111520
v 20.552139 -2.210690 -4.027500
v 20.455950 -2.210480 -3.897730
v 20.568670 -2.184990 -4.079360
v 20.624750 -2.124490 -4.148970
v 20.318951 -2.111680 -3.860480
v 20.356791 -2.112090 -3.910950
v 20.365459 -2.177260 -3.892210
v 20.377729 -2.207330 -3.834940
v 20.325090 -2.179290 -3.807020
v 20.303909 -2.114770 -3.799290
v 21.167601 -2.176090 -4.151410
v 21.216290 -2.183170 -4.115840
v 21.199409 -2.243010 -4.095370
v 21.169470 -2.269000 -4.037970
v 21.120291 -2.261820 -4.073620
v 21.060499 -2.255060 -4.088710
v 21.091360 -2.229170 -4.146050
v 21.109110 -2.169430 -4.166270
v 21.985109 0.094530 -1.892870
v 22.009109 0.120800 -1.942890
v 22.023300 0.173150 -1.905330
v 22.032631 0.223180 -1.874460
v 22.009939 0.201210 -1.826910
v 21.966860 0.189990 -1.785100
v 21.956360 0.133660 -1.817640
v 21.941700 0.080730 -1.851720
v 21.589310 0.042900 -1.626330
v 21.644911 0.042280 -1.652130
v 21.659410 0.096890 -1.615320
v 21.672190 0.146000 -1.587710
v 21.620520 0.148840 -1.562810
v 21.562510 0.166000 -1.555660
v 21.546921 0.111340 -1.585270
v 21.530190 0.057600 -1.619530
v 22.158911 1.132600 -1.382650
v 22.142300 1.192030 -1.366640
v 22.117531 1.184020 -1.312840
v 22.073799 1.157660 -1.280740
v 22.091499 1.094620 -1.295520
v 22.091681 1.032240 -1.323060
v 22.134480 1.061440 -1.357100
v 22.158730 1.072110 -1.413770
v 21.785509 0.930890 -1.185780
v 21.757311 0.879630 -1.203140
v 21.811520 0.849940 -1.216830
v 21.868750 0.864740 -1.237040
v 21.866159 0.920660 -1.209580
v 21.832720 0.975150 -1.191240
v 21.915501 1.681220 -1.325180
v 21.861839 1.692260 -1.359610
v 21.834040 1.691530 -1.302600
v 21.793560 1.651310 -1.270930
v 21.848680 1.640820 -1.235350
v 21.890221 1.592500 -1.226810
v 21.929790 1.631400 -1.258430
v 21.956369 1.631830 -1.316290
v 21.490940 1.224210 -1.194210
v 21.461000 1.167750 -1.216700
v 21.508591 1.147980 -1.181890
v 21.555540 1.107340 -1.173350
v 21.580460 1.167000 -1.153240
v 21.613359 1.221550 -1.153050
v 21.569990 1.258870 -1.160400
v 21.526110 1.277310 -1.193030
v 21.126341 0.212400 -1.652180
v 21.180071 0.186010 -1.639310
v 21.195890 0.239810 -1.606220
v 21.214020 0.290000 -1.579460
v 21.164560 0.316750 -1.591250
v 21.125059 0.352580 -1.620770
v 21.103729 0.298360 -1.649890
v 21.085550 0.246430 -1.682630
v 21.457310 1.581080 -1.704150
v 21.427259 1.539750 -1.748990
v 21.392410 1.535650 -1.697330
v 21.359880 1.499360 -1.658320
v 21.393970 1.543370 -1.618520
v 21.437691 1.566610 -1.578210
v 21.467079 1.600000 -1.614160
v 21.499180 1.603170 -1.661380
v 21.222219 1.224480 -1.486520
v 21.251720 1.200210 -1.434610
v 21.275379 1.255660 -1.418830
v 21.301460 1.314800 -1.434700
v 21.260969 1.307570 -1.486770
v 21.231701 1.272030 -1.528990
v 20.967220 0.745260 -2.359350
v 20.943270 0.719030 -2.309280
v 20.963470 0.771830 -2.275230
v 20.985001 0.816130 -2.241820
v 21.008940 0.841910 -2.286770
v 21.053329 0.857190 -2.325820
v 21.029720 0.809210 -2.364350
v 21.010679 0.759100 -2.400460
v 20.868780 0.503530 -1.956530
v 20.890471 0.466560 -1.912680
v 20.908449 0.522270 -1.878480
v 20.927999 0.568000 -1.849810
v 20.908911 0.604480 -1.889890
v 20.911619 0.640110 -1.939120
v 20.888910 0.590320 -1.971910
v 20.869801 0.537820 -2.007350
v 21.826410 0.628590 -2.599190
v 21.772659 0.654930 -2.612100
v 21.790800 0.704900 -2.574490
v 21.803610 0.749330 -2.536770
v 21.854130 0.725850 -2.522770
v 21.894800 0.693580 -2.490830
v 21.882389 0.644640 -2.531990
v 21.867189 0.594510 -2.568780
v 22.083790 0.336890 -2.295250
v 22.062090 0.373850 -2.339090
v 22.079451 0.426220 -2.299670
v 22.089750 0.471700 -2.266200
v 22.110050 0.438950 -2.223570
v 22.108601 0.407100 -2.171760
v 22.098110 0.355430 -2.208000
v 22.082781 0.302600 -2.244430
v 21.973120 1.510960 -1.846620
v 21.967470 1.539700 -1.790040
v 22.019310 1.524750 -1.763640
v 22.056040 1.481110 -1.744080
v 22.063860 1.451170 -1.802850
v 22.058640 1.406390 -1.853870
v 22.019159 1.450970 -1.871770
v 21.964069 1.466840 -1.897210
v 22.213480 1.128670 -1.680200
v 22.212790 1.071570 -1.702250
v 22.212360 1.090610 -1.762620
v 22.191120 1.139080 -1.795930
v 22.198219 1.177820 -1.747540
v 22.195789 1.191090 -1.682350
v 21.363270 0.797530 -2.625440
v 21.307659 0.798150 -2.599660
v 21.328159 0.850770 -2.563370
v 21.345570 0.893680 -2.528320
v 21.398430 0.894540 -2.550700
v 21.457729 0.881260 -2.555200
v 21.440029 0.834180 -2.594920
v 21.422409 0.782820 -2.632250
v 21.609840 1.514760 -1.956390
v 21.664591 1.530670 -1.925790
v 21.688721 1.504010 -1.979360
v 21.686541 1.462880 -2.025250
v 21.625481 1.466640 -2.029870
v 21.577431 1.477760 -1.993410
v 20.799660 -2.371080 -3.270890
v 20.740919 -2.356040 -3.263940
v 20.740450 -2.395110 -3.316680
v 20.770309 -2.393560 -3.378980
v 20.915871 -2.393470 -3.449000
v 21.029480 -2.356560 -3.557720
v 20.899361 -2.397900 -3.391300
v 20.854750 -2.371900 -3.296520
v 21.196239 -2.316250 -3.535640
v 21.151541 -2.330680 -3.493530
v 21.125151 -2.364080 -3.547020
v 21.114700 -2.348680 -3.610190
v 21.178030 -2.332660 -3.618500
v 21.220810 -2.289500 -3.587220
v 20.984831 -2.265660 -3.669700
v 21.018520 -2.245620 -3.715270
v 21.075380 -2.294130 -3.671380
v 21.079340 -2.326090 -3.626380
v 21.027700 -2.322500 -3.606850
v 20.951120 -2.285690 -3.624110
v 21.294331 -2.076970 -3.940020
v 21.293320 -2.111150 -3.889770
v 21.239111 -2.195840 -3.850930
v 21.130760 -2.296260 -3.694830
v 21.194290 -2.227620 -3.826080
v 21.199499 -2.138070 -3.960000
v 21.242180 -2.096650 -3.995610
v 21.272779 -2.039820 -3.983390
v 20.301729 -1.799530 -4.025940
v 20.378330 -1.836340 -4.008680
v 20.344629 -1.856350 -3.963090
v 20.310930 -1.876410 -3.917500
v 20.254049 -1.827900 -3.961400
v 20.250090 -1.795950 -4.006400
v 20.698441 -2.040980 -3.861980
v 20.745701 -2.071190 -3.840320
v 20.711981 -2.091230 -3.794730
v 20.678289 -2.111260 -3.749140
v 20.631020 -2.081050 -3.770800
v 20.583771 -2.050830 -3.792460
v 20.617470 -2.030800 -3.838050
v 20.651180 -2.010740 -3.883640
v 20.336611 -2.201920 -3.297010
v 20.296181 -2.168110 -3.327150
v 20.295481 -2.206480 -3.380170
v 20.325300 -2.204250 -3.443190
v 20.366199 -2.238220 -3.412950
v 20.420679 -2.264900 -3.399960
v 20.389980 -2.266800 -3.337010
v 20.389910 -2.228020 -3.284200
v 20.079170 -1.910460 -3.601060
v 20.080050 -1.876600 -3.651520
v 20.102640 -1.888610 -3.756250
v 20.198700 -1.825740 -3.937970
v 20.135160 -1.894410 -3.806690
v 20.129950 -1.983940 -3.672770
v 20.100241 -1.985740 -3.610170
v 20.100929 -1.946870 -3.557210
v 20.573811 -1.616370 -4.270200
v 20.632790 -1.630690 -4.276670
v 20.601950 -1.687290 -4.289110
v 20.559139 -1.728470 -4.253800
v 20.413561 -1.728560 -4.183790
v 20.299971 -1.765480 -4.075060
v 20.442360 -1.686610 -4.215910
v 20.518620 -1.615880 -4.244800
v 20.178970 -1.665890 -4.001840
v 20.223511 -1.651920 -4.044260
v 20.217230 -1.718410 -4.058830
v 20.214769 -1.773350 -4.022600
v 20.164360 -1.749810 -3.987340
v 20.154249 -1.693100 -3.950560
v 21.036819 -1.785620 -4.244160
v 21.077271 -1.819360 -4.213980
v 21.046869 -1.876120 -4.225770
v 21.004160 -1.917750 -4.189600
v 20.963249 -1.883790 -4.219830
v 20.908770 -1.857110 -4.232820
v 20.952360 -1.815820 -4.268930
v 20.983540 -1.759450 -4.256930
v 34.166439 -1.070230 -18.851410
v 34.225609 -1.067240 -18.867491
v 34.223499 -1.002890 -18.853081
v 34.222530 -0.943870 -18.845310
v 34.167290 -0.944040 -18.830910
v 34.107029 -0.938410 -18.838980
v 34.106522 -1.003880 -18.846540
v 34.105629 -1.067240 -18.859280
v 33.713810 -1.024500 -19.004431
v 33.766521 -1.032820 -18.974239
v 33.765850 -0.966750 -18.960739
v 33.769058 -0.909790 -18.951691
v 33.720139 -0.899620 -18.979959
v 33.684608 -0.884870 -19.027210
v 33.679379 -0.947870 -19.037741
v 33.677078 -1.012160 -19.051950
v 34.228291 0.095280 -18.774920
v 34.225040 0.154430 -18.798420
v 34.168350 0.169430 -18.786760
v 34.109970 0.157150 -18.795679
v 34.111889 0.095360 -18.769541
v 34.112450 0.027400 -18.764139
v 34.172562 0.041280 -18.757879
v 34.231819 0.027400 -18.772301
v 33.793018 -0.022590 -18.899490
v 33.772221 -0.077990 -18.914520
v 33.806229 -0.107070 -18.869749
v 33.860699 -0.099020 -18.840219
v 33.856689 -0.037020 -18.845501
v 33.839840 0.017670 -18.879410
v 34.208191 0.595840 -19.110411
v 34.203522 0.587060 -19.174351
v 34.144932 0.609760 -19.165710
v 34.084541 0.585090 -19.167879
v 34.089432 0.595010 -19.102369
v 34.093719 0.558230 -19.049820
v 34.153130 0.581670 -19.047911
v 34.211479 0.558230 -19.057871
v 33.709412 0.217090 -19.228809
v 33.689621 0.154680 -19.246269
v 33.687538 0.155440 -19.184120
v 33.697578 0.125870 -19.129749
v 33.716991 0.189770 -19.118509
v 33.754131 0.240810 -19.109949
v 33.744411 0.268150 -19.159821
v 33.746780 0.267420 -19.217470
v 33.500511 -0.914260 -19.435801
v 33.516022 -0.928700 -19.378361
v 33.518608 -0.864930 -19.365530
v 33.526058 -0.807020 -19.353081
v 33.512520 -0.791470 -19.406700
v 33.520748 -0.775010 -19.464800
v 33.511768 -0.837780 -19.479731
v 33.508060 -0.899870 -19.494841
v 34.169151 0.309230 -19.639490
v 34.170200 0.250500 -19.673719
v 34.110100 0.267370 -19.672380
v 34.050522 0.249980 -19.665661
v 34.056438 0.309150 -19.631800
v 34.061432 0.350600 -19.583481
v 34.115959 0.366500 -19.590111
v 34.170872 0.350600 -19.590960
v 33.755630 0.070870 -19.595079
v 33.728661 0.073960 -19.536640
v 33.749119 0.132110 -19.527330
v 33.795101 0.179710 -19.534109
v 33.805611 0.147650 -19.591240
v 33.807041 0.095290 -19.625311
v 34.080688 -0.759770 -20.105749
v 34.021519 -0.762700 -20.089661
v 34.025799 -0.699120 -20.072550
v 34.028690 -0.643340 -20.052031
v 34.084000 -0.638550 -20.065290
v 34.144360 -0.639230 -20.056000
v 34.142731 -0.700700 -20.079710
v 34.141499 -0.762700 -20.097851
v 33.653118 -0.804720 -19.892361
v 33.623199 -0.817040 -19.840290
v 33.626900 -0.750930 -19.825750
v 33.632469 -0.696090 -19.809759
v 33.661121 -0.682370 -19.857630
v 33.709541 -0.672030 -19.892990
v 33.703739 -0.732540 -19.912350
v 33.701221 -0.796400 -19.929440
v 34.746658 -0.914260 -19.520990
v 34.731152 -0.899870 -19.578449
v 34.730679 -0.837380 -19.560169
v 34.725170 -0.780110 -19.544250
v 34.738781 -0.791690 -19.489660
v 34.730610 -0.803840 -19.430479
v 34.737492 -0.866610 -19.446480
v 34.739109 -0.928700 -19.461960
v 34.594028 -1.024500 -19.064610
v 34.623940 -1.012160 -19.116690
v 34.622452 -0.946790 -19.098829
v 34.618759 -0.890640 -19.087469
v 34.590179 -0.899810 -19.038490
v 34.541851 -0.905550 -19.001989
v 34.545490 -0.968470 -19.012991
v 34.545921 -1.032820 -19.027519
v 34.567822 0.217070 -19.287580
v 34.532379 0.267420 -19.271160
v 34.540508 0.269040 -19.211670
v 34.535351 0.241010 -19.158520
v 34.573330 0.188780 -19.174030
v 34.593071 0.125820 -19.190950
v 34.595650 0.155280 -19.245649
v 34.585098 0.154680 -19.307480
v 34.475979 -0.036020 -18.888680
v 34.473679 -0.096890 -18.882730
v 34.523048 -0.106520 -18.921169
v 34.549221 -0.079210 -18.970980
v 34.530659 -0.022720 -18.952070
v 34.486141 0.017750 -18.923611
v 34.533340 -0.804720 -19.952530
v 34.480640 -0.796400 -19.982719
v 34.483440 -0.731960 -19.964130
v 34.482170 -0.676970 -19.945539
v 34.531170 -0.682640 -19.916161
v 34.566780 -0.692660 -19.867741
v 34.569931 -0.753470 -19.887711
v 34.570061 -0.817040 -19.905010
v 34.424858 0.148450 -19.632389
v 34.441391 0.179770 -19.578220
v 34.486671 0.133810 -19.579201
v 34.505699 0.076610 -19.592140
v 34.472630 0.073970 -19.643749
v 34.420158 0.096900 -19.665689
v 33.664200 -3.962050 -19.728140
v 33.627708 -3.949340 -19.775391
v 33.653400 -4.007620 -19.791281
v 33.717339 -4.031790 -19.801390
v 33.857632 -4.053160 -19.724230
v 34.017761 -4.060730 -19.704439
v 33.804340 -4.032720 -19.705170
v 33.716400 -3.970520 -19.698210
v 34.117008 -4.004080 -19.574570
v 34.054520 -4.001320 -19.582741
v 34.066559 -4.056530 -19.621201
v 34.110641 -4.071300 -19.667850
v 34.160629 -4.056530 -19.627609
v 34.177811 -4.001320 -19.591169
v 34.099701 -4.031700 -19.827890
v 34.159691 -4.031700 -19.831989
v 34.147781 -4.052050 -19.748569
v 34.107658 -4.060530 -19.711411
v 34.062859 -4.052050 -19.742750
v 34.039700 -4.031700 -19.823790
v 34.544701 -3.962050 -19.788330
v 34.497070 -3.970520 -19.751570
v 34.409142 -4.032700 -19.746559
v 34.198139 -4.060710 -19.716841
v 34.353661 -4.053080 -19.758459
v 34.481720 -4.031710 -19.853939
v 34.546700 -4.007580 -19.852501
v 34.574429 -3.949340 -19.840099
v 34.082600 -3.816080 -20.701950
v 34.105759 -3.836440 -20.620911
v 34.045769 -3.836440 -20.616810
v 33.985779 -3.836440 -20.612711
v 33.997688 -3.816090 -20.696131
v 34.037800 -3.807600 -20.733290
v 34.132721 -3.934060 -20.226450
v 34.136711 -3.948470 -20.168209
v 34.076721 -3.948470 -20.164110
v 34.016731 -3.948470 -20.160009
v 34.012741 -3.934060 -20.218250
v 34.008759 -3.919650 -20.276489
v 34.068748 -3.919650 -20.280590
v 34.128738 -3.919650 -20.284691
v 33.450920 -3.852240 -20.159590
v 33.458408 -3.837910 -20.218109
v 33.484360 -3.895700 -20.234579
v 33.549011 -3.919590 -20.245310
v 33.541710 -3.933980 -20.186300
v 33.557510 -3.948600 -20.128130
v 33.492451 -3.924500 -20.118231
v 33.466309 -3.866500 -20.102619
v 33.603512 -3.742300 -20.616020
v 33.651138 -3.734240 -20.652880
v 33.737091 -3.789710 -20.686880
v 33.947319 -3.807420 -20.727850
v 33.791801 -3.815050 -20.686239
v 33.663738 -3.836420 -20.590750
v 33.599560 -3.812330 -20.580311
v 33.573799 -3.754140 -20.564039
v 34.484020 -3.742300 -20.676210
v 34.520531 -3.754140 -20.628750
v 34.492882 -3.812290 -20.641541
v 34.428120 -3.836350 -20.643311
v 34.287842 -3.814960 -20.720470
v 34.127720 -3.807400 -20.740250
v 34.341900 -3.789710 -20.728279
v 34.431820 -3.734240 -20.706240
v 34.031311 -3.693800 -20.828180
v 34.093811 -3.697130 -20.820160
v 34.079720 -3.763480 -20.811640
v 34.034828 -3.796820 -20.776840
v 33.985649 -3.763470 -20.805229
v 33.970520 -3.697130 -20.811729
v 34.697289 -3.852240 -20.244789
v 34.689812 -3.866500 -20.186251
v 34.661900 -3.924450 -20.198299
v 34.596451 -3.948540 -20.199390
v 34.603760 -3.934120 -20.258400
v 34.587952 -3.919530 -20.316570
v 34.653809 -3.895670 -20.314650
v 34.681911 -3.837910 -20.301750
v 33.963860 -0.707550 -20.239700
v 34.023060 -0.711440 -20.255501
v 34.018452 -0.649500 -20.277731
v 34.015240 -0.595560 -20.302731
v 33.959900 -0.590020 -20.289890
v 33.899540 -0.591790 -20.299070
v 33.901508 -0.651120 -20.270451
v 33.903091 -0.711440 -20.247311
v 33.511520 -0.767310 -20.388660
v 33.564171 -0.756270 -20.359261
v 33.560940 -0.693310 -20.383169
v 33.561981 -0.640260 -20.406031
v 33.513020 -0.648580 -20.434839
v 33.477482 -0.662710 -20.482269
v 33.474670 -0.721700 -20.457420
v 33.474880 -0.783660 -20.435011
v 33.982239 0.319500 -20.799110
v 33.977081 0.356760 -20.850580
v 33.919762 0.373570 -20.848141
v 33.861969 0.356300 -20.848499
v 33.865860 0.318190 -20.793369
v 33.868851 0.263730 -20.752470
v 33.928341 0.280980 -20.755251
v 33.988220 0.263730 -20.760630
v 33.552940 0.137470 -20.836700
v 33.534340 0.081920 -20.819559
v 33.568909 0.082540 -20.766541
v 33.622719 0.107120 -20.746469
v 33.616508 0.156480 -20.784050
v 33.598042 0.183910 -20.841770
v 33.947411 0.561870 -21.350080
v 33.943741 0.520100 -21.399349
v 33.884270 0.541750 -21.403570
v 33.824848 0.517570 -21.391569
v 33.828678 0.561140 -21.341570
v 33.833771 0.558350 -21.277550
v 33.892250 0.581320 -21.289101
v 33.951519 0.558350 -21.285601
v 33.464100 0.160600 -21.242241
v 33.446789 0.097850 -21.223410
v 33.444038 0.131660 -21.171270
v 33.454571 0.136160 -21.109650
v 33.471512 0.196810 -21.134520
v 33.506672 0.245830 -21.154989
v 33.496471 0.241890 -21.211639
v 33.499489 0.210520 -21.259979
v 33.298908 -0.912790 -20.809811
v 33.314331 -0.893680 -20.753710
v 33.314449 -0.832890 -20.777000
v 33.319660 -0.777060 -20.797541
v 33.306122 -0.793130 -20.851009
v 33.314362 -0.810010 -20.909000
v 33.307838 -0.871310 -20.887930
v 33.306561 -0.931940 -20.867460
v 33.924492 0.035540 -21.643370
v 33.928040 -0.032310 -21.640890
v 33.867359 -0.019550 -21.648149
v 33.808380 -0.032810 -21.632530
v 33.811779 0.035460 -21.635639
v 33.814739 0.096480 -21.617029
v 33.868710 0.108360 -21.631720
v 33.924171 0.096480 -21.624500
v 33.519508 -0.157050 -21.473980
v 33.491810 -0.124190 -21.425970
v 33.510052 -0.069350 -21.449430
v 33.554329 -0.031110 -21.481100
v 33.566608 -0.088370 -21.512341
v 33.570320 -0.150720 -21.513130
v 33.880131 -1.119460 -21.464609
v 33.820950 -1.115490 -21.448811
v 33.822708 -1.052500 -21.468420
v 33.823349 -0.994320 -21.480949
v 33.878578 -0.995340 -21.495300
v 33.938831 -0.988760 -21.487730
v 33.939690 -1.053390 -21.474859
v 33.940929 -1.115490 -21.457010
v 33.452240 -1.058930 -21.255739
v 33.422249 -1.042570 -21.204830
v 33.423382 -0.978840 -21.227949
v 33.426762 -0.923790 -21.243839
v 33.455399 -0.936760 -21.291920
v 33.503780 -0.945180 -21.327841
v 33.500408 -1.006820 -21.311781
v 33.500408 -1.069970 -21.292030
v 34.545059 -0.912780 -20.894979
v 34.529652 -0.931940 -20.951059
v 34.526711 -0.869420 -20.969040
v 34.518929 -0.812770 -20.986160
v 34.532379 -0.792850 -20.933981
v 34.524040 -0.771750 -20.877399
v 34.533360 -0.833050 -20.857420
v 34.537418 -0.893680 -20.837311
v 34.391750 -0.767310 -20.448820
v 34.421741 -0.783660 -20.499729
v 34.417671 -0.718970 -20.519590
v 34.411812 -0.665640 -20.539989
v 34.383072 -0.648230 -20.493389
v 34.334591 -0.635330 -20.458981
v 34.340641 -0.694190 -20.434660
v 34.343590 -0.756270 -20.412531
v 34.322521 0.160540 -21.301001
v 34.285099 0.210520 -21.313669
v 34.292519 0.244000 -21.264351
v 34.287819 0.248570 -21.204411
v 34.327850 0.197580 -21.189980
v 34.350060 0.136120 -21.170820
v 34.352139 0.131820 -21.232809
v 34.342281 0.097850 -21.284611
v 34.235760 0.156870 -20.827629
v 34.235630 0.108600 -20.790020
v 34.285728 0.081710 -20.817869
v 34.311401 0.079080 -20.874840
v 34.290600 0.136200 -20.888880
v 34.244320 0.183960 -20.886000
v 34.332470 -1.058930 -21.315910
v 34.279819 -1.069970 -21.345310
v 34.280060 -1.005530 -21.364100
v 34.276588 -0.949200 -21.377800
v 34.325451 -0.936480 -21.350460
v 34.360889 -0.917750 -21.304581
v 34.366470 -0.979650 -21.288950
v 34.369122 -1.042580 -21.269560
v 34.185829 -0.087040 -21.554090
v 34.200611 -0.031030 -21.525249
v 34.247559 -0.068690 -21.501970
v 34.268791 -0.123200 -21.482510
v 34.236408 -0.154250 -21.524361
v 34.183361 -0.148540 -21.554600
v 33.577019 -3.635970 -19.428410
v 33.540588 -3.651840 -19.474739
v 33.568562 -3.708600 -19.457260
v 33.633450 -3.732070 -19.453560
v 33.773579 -3.703710 -19.378420
v 33.933659 -3.693660 -19.359350
v 33.719379 -3.678220 -19.372669
v 33.629169 -3.625190 -19.399139
v 34.029400 -3.572730 -19.280979
v 33.966942 -3.577080 -19.288700
v 33.981380 -3.643810 -19.291800
v 34.026470 -3.679630 -19.323771
v 34.075470 -3.643800 -19.298210
v 34.090229 -3.577080 -19.297131
v 34.015789 -3.732190 -19.480049
v 34.075790 -3.732190 -19.484150
v 34.063751 -3.705190 -19.402670
v 34.023579 -3.693930 -19.366310
v 33.978828 -3.705180 -19.396851
v 33.955811 -3.732190 -19.475950
v 34.457520 -3.635970 -19.488600
v 34.409840 -3.625190 -19.452511
v 34.324200 -3.678220 -19.414089
v 34.114059 -3.693690 -19.371759
v 34.269619 -3.703820 -19.412649
v 34.397831 -3.732170 -19.506109
v 34.461861 -3.708650 -19.518499
v 34.487309 -3.651840 -19.539459
v 34.000099 -4.018280 -20.333670
v 34.023129 -3.991250 -20.254580
v 33.963131 -3.991250 -20.250469
v 33.903130 -3.991250 -20.246370
v 33.915180 -4.018280 -20.327860
v 33.955360 -4.029530 -20.364220
v 34.049461 -3.861730 -19.869350
v 34.053341 -3.842600 -19.812481
v 33.993351 -3.842600 -19.808380
v 33.933361 -3.842600 -19.804279
v 33.929482 -3.861730 -19.861160
v 33.925591 -3.880860 -19.918030
v 33.985580 -3.880860 -19.922131
v 34.045570 -3.880860 -19.926229
v 33.364449 -3.781830 -19.849400
v 33.372028 -3.800760 -19.906590
v 33.400261 -3.857400 -19.889870
v 33.465851 -3.880940 -19.886841
v 33.458439 -3.861810 -19.829201
v 33.474159 -3.842450 -19.772421
v 33.408169 -3.819190 -19.776251
v 33.379749 -3.762830 -19.793810
v 33.517750 -3.927550 -20.295460
v 33.565441 -3.938720 -20.331421
v 33.653721 -4.000610 -20.331381
v 33.864891 -4.029780 -20.358761
v 33.709320 -4.019640 -20.317881
v 33.581108 -3.991290 -20.224421
v 33.515991 -3.967720 -20.227791
v 33.487942 -3.910840 -20.244890
v 34.398258 -3.927550 -20.355650
v 34.434669 -3.910840 -20.309601
v 34.409302 -3.967750 -20.289000
v 34.345490 -3.991390 -20.276960
v 34.205330 -4.019750 -20.352100
v 34.045238 -4.029800 -20.371170
v 34.258518 -4.000650 -20.372770
v 34.346119 -3.938720 -20.384769
v 33.945721 -3.984440 -20.505190
v 34.008202 -3.980690 -20.497271
v 33.996449 -4.032660 -20.454451
v 33.952450 -4.043840 -20.406750
v 33.902370 -4.032660 -20.448050
v 33.884899 -3.980690 -20.488859
v 34.610821 -3.781830 -19.934601
v 34.603241 -3.762830 -19.877430
v 34.577599 -3.819230 -19.856319
v 34.513081 -3.842520 -19.843670
v 34.520489 -3.861650 -19.901310
v 34.504780 -3.881020 -19.958090
v 34.569698 -3.857450 -19.969940
v 34.595531 -3.800760 -19.990231
v 33.011372 -0.968720 -19.261290
v 33.066559 -0.945920 -19.275511
v 33.040131 -0.885700 -19.270029
v 33.017239 -0.830760 -19.270380
v 32.964821 -0.849690 -19.258070
v 32.907478 -0.867670 -19.268961
v 32.931309 -0.929100 -19.267590
v 32.954472 -0.989280 -19.271660
v 32.587200 -1.111000 -19.435101
v 32.636650 -1.095800 -19.402201
v 32.611019 -1.033590 -19.397800
v 32.592640 -0.978830 -19.396450
v 32.545879 -0.990700 -19.427561
v 32.511459 -0.995570 -19.477610
v 32.530258 -1.056800 -19.479691
v 32.552559 -1.118560 -19.485130
v 32.640911 0.137810 -19.341299
v 32.618439 0.188540 -19.372709
v 32.559422 0.182730 -19.365219
v 32.510391 0.148850 -19.374460
v 32.532349 0.095500 -19.340130
v 32.556999 0.033620 -19.325550
v 32.607281 0.069350 -19.319099
v 32.668522 0.076800 -19.329390
v 32.289669 -0.145750 -19.464149
v 32.291641 -0.206210 -19.472260
v 32.330029 -0.215450 -19.422791
v 32.375240 -0.184560 -19.392710
v 32.349541 -0.129450 -19.406490
v 32.316921 -0.089050 -19.448059
v 32.469002 0.554210 -19.742050
v 32.473141 0.537160 -19.804331
v 32.409809 0.537440 -19.800920
v 32.362820 0.492160 -19.801880
v 32.358360 0.510480 -19.738190
v 32.371300 0.484090 -19.681021
v 32.417831 0.527860 -19.680189
v 32.481312 0.526670 -19.684799
v 32.152618 0.007250 -19.825661
v 32.158272 -0.059620 -19.835199
v 32.150921 -0.052640 -19.773840
v 32.166420 -0.070060 -19.715639
v 32.160412 -0.002690 -19.712500
v 32.175732 0.059060 -19.709600
v 32.160938 0.075080 -19.763041
v 32.168190 0.068770 -19.819920
v 32.384972 -1.136830 -19.884729
v 32.399860 -1.137930 -19.825340
v 32.378132 -1.076700 -19.821180
v 32.363079 -1.019130 -19.816441
v 32.349319 -1.015860 -19.872110
v 32.355820 -1.004180 -19.931589
v 32.371422 -1.067100 -19.938181
v 32.391689 -1.127450 -19.944860
v 32.580238 0.215650 -20.228439
v 32.605289 0.158000 -20.254339
v 32.543259 0.151520 -20.257429
v 32.493671 0.114230 -20.250540
v 32.474972 0.174820 -20.224831
v 32.460602 0.220360 -20.182421
v 32.506031 0.254410 -20.189199
v 32.562851 0.259930 -20.185940
v 32.278782 -0.151930 -20.166870
v 32.247768 -0.152440 -20.110380
v 32.244968 -0.090190 -20.108320
v 32.271011 -0.030060 -20.119841
v 32.297112 -0.062210 -20.171700
v 32.320202 -0.113820 -20.198280
v 32.923401 -0.855740 -20.548380
v 32.868179 -0.878480 -20.534149
v 32.847729 -0.816310 -20.525681
v 32.828541 -0.761460 -20.512819
v 32.879269 -0.738110 -20.524630
v 32.934792 -0.715400 -20.513189
v 32.957481 -0.775370 -20.528400
v 32.980270 -0.835090 -20.538000
v 32.524899 -1.031010 -20.346201
v 32.497280 -1.047560 -20.294020
v 32.475601 -0.983560 -20.288460
v 32.459599 -0.929100 -20.279869
v 32.485210 -0.911280 -20.328110
v 32.529362 -0.887850 -20.362801
v 32.547470 -0.948000 -20.373970
v 32.569649 -1.009770 -20.382330
v 33.549240 -0.686210 -19.924770
v 33.534389 -0.685160 -19.984159
v 33.509850 -0.625630 -19.974550
v 33.482689 -0.573050 -19.966749
v 33.494991 -0.572530 -19.910641
v 33.486900 -0.580060 -19.850691
v 33.517319 -0.637230 -19.857780
v 33.542561 -0.695650 -19.864639
v 33.409569 -0.792680 -19.463369
v 33.437199 -0.776160 -19.515539
v 33.410690 -0.714370 -19.506760
v 33.386009 -0.662670 -19.503260
v 33.358742 -0.676160 -19.454540
v 33.312901 -0.695190 -19.419340
v 33.339958 -0.753110 -19.421579
v 33.364830 -0.813950 -19.427240
v 32.954632 0.317660 -19.853340
v 32.902161 0.352860 -19.845169
v 32.904190 0.364080 -19.786190
v 32.905128 0.342320 -19.729950
v 32.960579 0.306410 -19.736879
v 33.003078 0.253740 -19.744400
v 32.999359 0.275670 -19.802460
v 32.994911 0.264230 -19.863970
v 32.927830 0.095350 -19.427349
v 32.947231 0.039020 -19.413290
v 32.999741 0.044030 -19.448280
v 33.018291 0.073260 -19.500380
v 32.979061 0.120650 -19.489969
v 32.920719 0.144750 -19.468861
v 33.347290 -0.712700 -20.374470
v 33.297840 -0.727880 -20.407370
v 33.275589 -0.665340 -20.397600
v 33.252972 -0.612970 -20.386690
v 33.298100 -0.596800 -20.355089
v 33.330780 -0.587410 -20.304529
v 33.357361 -0.644600 -20.315929
v 33.381908 -0.705150 -20.324450
v 32.875290 0.162600 -20.190531
v 32.874809 0.203700 -20.140551
v 32.933559 0.177930 -20.133671
v 32.972988 0.130730 -20.138060
v 32.947521 0.110260 -20.189989
v 32.892311 0.109540 -20.216669
v 33.663559 -3.920690 -19.755320
v 33.628990 -3.927780 -19.805120
v 33.675240 -3.973850 -19.812040
v 33.744202 -3.973660 -19.816500
v 33.875790 -3.932850 -19.732220
v 34.025581 -3.878450 -19.705900
v 33.817341 -3.931530 -19.718010
v 33.712608 -3.905840 -19.722670
v 34.086510 -3.774870 -19.581461
v 34.028149 -3.796330 -19.592150
v 34.062489 -3.847150 -19.622320
v 34.112629 -3.849750 -19.664930
v 34.150379 -3.813130 -19.625320
v 34.143330 -3.751740 -19.596109
v 34.101398 -3.835360 -19.829161
v 34.157452 -3.813660 -19.831091
v 34.146839 -3.827410 -19.746161
v 34.109558 -3.845850 -19.709641
v 34.067501 -3.858120 -19.743410
v 34.045361 -3.857050 -19.827230
v 34.486191 -3.602280 -19.783609
v 34.441971 -3.623530 -19.747749
v 34.382401 -3.712790 -19.737490
v 34.194130 -3.813210 -19.711769
v 34.339218 -3.753430 -19.748480
v 34.458340 -3.697210 -19.841360
v 34.509830 -3.650780 -19.840910
v 34.513489 -3.585420 -19.835529
v 34.079971 -3.741540 -20.724430
v 34.102131 -3.742600 -20.640610
v 34.046082 -3.764300 -20.638680
v 33.990028 -3.785970 -20.636749
v 34.000641 -3.772230 -20.721689
v 34.037910 -3.753800 -20.758209
v 34.129780 -3.778130 -20.235840
v 34.133862 -3.783370 -20.176081
v 34.077820 -3.805070 -20.174160
v 34.021770 -3.826760 -20.172230
v 34.017689 -3.821510 -20.231991
v 34.013599 -3.816270 -20.291750
v 34.069649 -3.794580 -20.293680
v 34.125702 -3.772880 -20.295610
v 33.461521 -3.946920 -20.204990
v 33.468140 -3.937550 -20.264589
v 33.514511 -3.983130 -20.272160
v 33.584080 -3.982480 -20.277241
v 33.577610 -3.991820 -20.217119
v 33.592751 -3.992880 -20.156981
v 33.522800 -3.993560 -20.152760
v 33.476250 -3.947950 -20.146090
v 33.601280 -3.840720 -20.666380
v 33.645649 -3.819860 -20.702271
v 33.748329 -3.843140 -20.725370
v 33.953369 -3.786440 -20.756069
v 33.808270 -3.846220 -20.719360
v 33.689152 -3.902440 -20.626471
v 33.619991 -3.902740 -20.621670
v 33.573669 -3.856750 -20.614361
v 34.423901 -3.522310 -20.694660
v 34.458172 -3.514390 -20.644770
v 34.454578 -3.579680 -20.650539
v 34.403290 -3.625990 -20.651340
v 34.271671 -3.666810 -20.735620
v 34.121880 -3.721200 -20.761940
v 34.313400 -3.624440 -20.744850
v 34.375011 -3.537550 -20.727341
v 33.998581 -3.661950 -20.867821
v 34.057129 -3.641040 -20.857189
v 34.067348 -3.706460 -20.840269
v 34.034851 -3.749880 -20.802900
v 33.979450 -3.740470 -20.837271
v 33.941952 -3.685630 -20.853230
v 34.625980 -3.496220 -20.245010
v 34.619339 -3.505520 -20.185390
v 34.615379 -3.570660 -20.190451
v 34.563400 -3.617150 -20.190599
v 34.569859 -3.607830 -20.250719
v 34.554729 -3.606750 -20.310850
v 34.607101 -3.560220 -20.309851
v 34.611240 -3.495110 -20.303900
v -12.813090 0.694800 -51.456131
v -12.848510 0.684020 -51.407139
v -12.857990 0.749230 -51.402981
v -12.863820 0.807820 -51.394489
v -12.830450 0.820320 -51.439209
v -12.779040 0.835330 -51.468410
v -12.771990 0.771070 -51.479591
v -12.761310 0.707410 -51.486610
v -12.017860 0.873000 -51.724232
v -12.077450 0.860660 -51.716789
v -12.087430 0.926530 -51.710602
v -12.097350 0.983170 -51.701050
v -12.041890 0.996950 -51.707050
v -11.984900 1.009310 -51.689678
v -11.972300 0.947080 -51.700890
v -11.959660 0.883220 -51.707890
v -13.011540 2.681210 -51.003651
v -12.995890 2.735220 -50.973209
v -12.959890 2.761720 -51.012562
v -12.909090 2.759360 -51.044868
v -12.925340 2.703430 -51.078960
v -12.927340 2.639000 -51.099838
v -12.977970 2.642270 -51.064121
v -13.014070 2.615740 -51.020790
v -12.313850 2.530250 -51.356159
v -12.286490 2.477230 -51.371498
v -12.340290 2.451080 -51.391850
v -12.401360 2.453840 -51.378521
v -12.396560 2.514060 -51.361542
v -12.363710 2.563590 -51.332359
v -12.627960 3.487190 -50.341591
v -12.583400 3.467730 -50.298630
v -12.544620 3.502400 -50.335312
v -12.495820 3.488730 -50.376671
v -12.541670 3.509440 -50.420139
v -12.577320 3.481970 -50.466419
v -12.624960 3.494540 -50.425579
v -12.662900 3.459020 -50.388439
v -11.836370 2.907080 -50.909599
v -11.808240 2.847650 -50.924591
v -11.846400 2.859470 -50.972328
v -11.887760 2.838980 -51.014420
v -11.911850 2.898800 -50.994839
v -11.947270 2.943290 -50.965660
v -11.909010 2.962330 -50.927059
v -11.873900 2.951330 -50.882771
v -11.239470 0.996290 -51.328999
v -11.287600 0.989670 -51.366268
v -11.299630 1.053220 -51.358238
v -11.314970 1.109990 -51.348331
v -11.270710 1.118040 -51.312439
v -11.240630 1.122130 -51.259659
v -11.222430 1.060680 -51.269810
v -11.208100 0.998380 -51.276451
v -11.945290 2.798070 -49.799160
v -11.922450 2.735370 -49.787609
v -11.877650 2.762620 -49.821110
v -11.835380 2.758200 -49.866909
v -11.863180 2.819970 -49.873989
v -11.899050 2.868060 -49.896461
v -11.937480 2.871980 -49.854450
v -11.978590 2.846730 -49.823978
v -11.455350 2.546730 -50.394009
v -11.472040 2.564620 -50.453602
v -11.495260 2.619190 -50.433128
v -11.527890 2.655200 -50.388168
v -11.498490 2.612550 -50.347080
v -11.476550 2.555230 -50.333790
v -11.283240 0.862490 -49.727909
v -11.247830 0.873300 -49.776878
v -11.263820 0.937110 -49.771030
v -11.280780 0.994110 -49.770550
v -11.315080 0.986280 -49.725460
v -11.367470 0.976230 -49.695862
v -11.349390 0.913190 -49.694580
v -11.335020 0.849920 -49.697430
v -10.935430 0.991640 -50.501461
v -10.945210 0.994410 -50.561920
v -10.959210 1.059770 -50.553959
v -10.975300 1.115110 -50.548569
v -10.967360 1.114620 -50.491661
v -10.982330 1.109550 -50.432968
v -10.963760 1.048130 -50.437321
v -10.949100 0.984330 -50.442139
v -12.857130 0.562440 -49.854931
v -12.809000 0.569030 -49.817661
v -12.822110 0.632840 -49.815800
v -12.829650 0.691990 -49.816681
v -12.874710 0.687970 -49.852268
v -12.905640 0.688190 -49.904709
v -12.898970 0.623660 -49.904339
v -12.888500 0.560320 -49.907478
v -13.161030 0.566400 -50.682529
v -13.151260 0.563630 -50.622059
v -13.163220 0.629850 -50.619801
v -13.169420 0.687290 -50.616409
v -13.178230 0.692310 -50.672989
v -13.164180 0.702060 -50.731319
v -13.158010 0.638170 -50.736729
v -13.147370 0.573710 -50.741840
v -12.963420 2.604790 -49.882549
v -12.948310 2.663180 -49.903740
v -12.992170 2.673480 -49.943161
v -13.021590 2.657040 -49.993111
v -13.039350 2.596360 -49.971512
v -13.042050 2.529340 -49.962639
v -13.009800 2.547470 -49.912579
v -12.962530 2.538060 -49.872791
v -13.257600 2.283990 -50.575642
v -13.257620 2.226090 -50.596989
v -13.271120 2.201160 -50.540531
v -13.260080 2.213760 -50.480160
v -13.259790 2.275490 -50.491581
v -13.244480 2.327440 -50.529720
v -12.078630 0.685040 -49.459759
v -12.019050 0.697380 -49.467201
v -12.034800 0.762120 -49.463242
v -12.047370 0.819200 -49.463951
v -12.103720 0.809950 -49.457600
v -12.161640 0.802330 -49.474590
v -12.149470 0.739010 -49.473148
v -12.136830 0.674820 -49.476089
v -12.360810 2.382460 -49.562721
v -12.408730 2.419040 -49.585590
v -12.441650 2.366440 -49.568550
v -12.446410 2.305060 -49.561951
v -12.388020 2.299540 -49.543880
v -12.334250 2.327290 -49.553890
v -10.960850 -4.481290 -52.140362
v -10.903000 -4.470750 -52.124001
v -10.910970 -4.534620 -52.111111
v -10.953090 -4.571470 -52.070572
v -11.110180 -4.604120 -52.049530
v -11.245430 -4.637210 -51.967072
v -11.081230 -4.571110 -52.089691
v -11.019880 -4.493780 -52.133072
v -11.756640 -4.656060 -51.871609
v -11.703400 -4.643250 -51.902962
v -11.685890 -4.705730 -51.880390
v -11.690380 -4.736270 -51.822521
v -11.754670 -4.724180 -51.817730
v -11.793010 -4.667290 -51.821308
v -11.482490 -4.713480 -51.587669
v -11.526080 -4.725170 -51.547951
v -11.569520 -4.727890 -51.623058
v -11.561990 -4.722180 -51.677490
v -11.507860 -4.711370 -51.679260
v -11.438890 -4.701780 -51.627392
v -12.104240 -4.787910 -51.098450
v -12.090700 -4.780940 -51.157280
v -12.024270 -4.824000 -51.230309
v -11.879950 -4.807380 -51.388771
v -11.974760 -4.835980 -51.261250
v -12.011890 -4.855440 -51.105331
v -12.063570 -4.843710 -51.060589
v -12.094510 -4.790280 -51.038250
v -10.442260 -4.604360 -50.349640
v -10.511220 -4.613940 -50.401501
v -10.467630 -4.602230 -50.441219
v -10.424030 -4.590560 -50.480949
v -10.380600 -4.587820 -50.405842
v -10.388120 -4.593530 -50.351421
v -11.018660 -4.669560 -50.974720
v -11.058410 -4.673910 -51.019630
v -11.014820 -4.662220 -51.059361
v -10.971220 -4.650540 -51.099072
v -10.931470 -4.646180 -51.054180
v -10.891720 -4.641820 -51.009281
v -10.935310 -4.653500 -50.969551
v -10.978910 -4.665210 -50.929821
v -10.182420 -4.358470 -51.745140
v -10.151320 -4.356360 -51.693050
v -10.159150 -4.419910 -51.679451
v -10.201420 -4.456720 -51.637951
v -10.232960 -4.458870 -51.690392
v -10.281770 -4.465580 -51.728001
v -10.238660 -4.428640 -51.769070
v -10.230150 -4.364980 -51.782101
v -9.878470 -4.362650 -50.917622
v -9.891900 -4.370140 -50.858829
v -9.934980 -4.445420 -50.794991
v -10.070160 -4.508340 -50.640121
v -9.975350 -4.479710 -50.767651
v -9.938220 -4.460270 -50.923569
v -9.896140 -4.423390 -50.964531
v -9.888340 -4.359530 -50.977760
v -11.021860 -4.669300 -49.875710
v -11.079860 -4.679080 -49.891998
v -11.048730 -4.732530 -49.914009
v -10.997010 -4.744270 -49.958321
v -10.839930 -4.711610 -49.979359
v -10.704680 -4.678520 -50.061810
v -10.878000 -4.698370 -49.935612
v -10.962730 -4.657330 -49.883030
v -10.227290 -4.488430 -50.143959
v -10.280480 -4.501490 -50.112652
v -10.273730 -4.561870 -50.144749
v -10.259740 -4.579460 -50.206371
v -10.204960 -4.543420 -50.207432
v -10.190870 -4.477480 -50.194302
v -11.800240 -4.792350 -50.270939
v -11.831360 -4.794420 -50.323029
v -11.800490 -4.847500 -50.345699
v -11.748690 -4.859000 -50.390961
v -11.717140 -4.856860 -50.338501
v -11.668340 -4.850160 -50.300900
v -11.720980 -4.838790 -50.256069
v -11.752520 -4.785780 -50.233978
v -10.969760 0.946100 -49.647251
v -11.005170 0.928680 -49.600208
v -10.989310 0.985560 -49.570671
v -10.972420 1.033830 -49.540272
v -10.938130 1.051650 -49.582432
v -10.885750 1.059270 -49.612740
v -10.903720 1.006870 -49.647881
v -10.917980 0.952070 -49.679661
v -10.174230 0.942950 -49.968369
v -10.233840 0.949210 -49.955460
v -10.218110 1.006000 -49.923752
v -10.205710 1.053530 -49.892380
v -10.149360 1.049280 -49.902699
v -10.091400 1.033780 -49.892479
v -10.103480 0.981250 -49.927910
v -10.116000 0.925630 -49.960110
v -10.392960 2.515620 -48.466671
v -10.357250 2.543910 -48.421791
v -10.315110 2.570550 -48.454361
v -10.269910 2.564870 -48.493790
v -10.307010 2.536660 -48.542591
v -10.333690 2.491090 -48.585041
v -10.378310 2.496090 -48.542179
v -10.420440 2.467830 -48.505989
v -9.814080 2.299600 -48.968670
v -9.809130 2.251720 -49.007111
v -9.869400 2.255680 -49.025688
v -9.924510 2.272880 -49.001572
v -9.896920 2.315510 -48.964748
v -9.847000 2.334780 -48.925751
v -9.714960 2.802730 -47.634220
v -9.679740 2.753820 -47.610180
v -9.631880 2.785400 -47.637791
v -9.593040 2.774490 -47.689289
v -9.629000 2.825080 -47.713131
v -9.673730 2.832490 -47.759079
v -9.711900 2.842310 -47.708672
v -9.759310 2.809540 -47.681099
v -9.216920 2.278790 -48.507839
v -9.213670 2.225050 -48.548470
v -9.245980 2.267290 -48.580830
v -9.293240 2.280810 -48.619381
v -9.292480 2.331670 -48.575150
v -9.307660 2.369330 -48.525810
v -9.263930 2.357020 -48.490410
v -9.234230 2.317910 -48.460350
v -9.395320 0.627630 -49.701660
v -9.443480 0.653230 -49.729488
v -9.430480 0.707960 -49.696579
v -9.423040 0.757270 -49.663872
v -9.377960 0.734740 -49.636070
v -9.347000 0.706650 -49.591808
v -9.353570 0.652530 -49.626968
v -9.363930 0.597520 -49.658569
v -9.325930 1.768430 -47.515629
v -9.328010 1.702840 -47.532280
v -9.277260 1.724800 -47.560810
v -9.241140 1.725690 -47.611778
v -9.243860 1.790340 -47.590481
v -9.259660 1.852330 -47.586842
v -9.292520 1.851260 -47.540211
v -9.339190 1.831000 -47.514370
v -8.984360 1.635140 -48.238541
v -8.994840 1.680250 -48.283310
v -8.995210 1.725990 -48.240372
v -9.010570 1.749060 -48.180229
v -8.998150 1.686240 -48.163750
v -8.999010 1.624790 -48.176682
v -9.438800 -0.125950 -48.282661
v -9.403380 -0.108510 -48.329681
v -9.394010 -0.051370 -48.297958
v -9.388280 0.002540 -48.273460
v -9.421650 -0.011150 -48.229092
v -9.473070 -0.014390 -48.196411
v -9.480000 -0.074510 -48.221729
v -9.490580 -0.131900 -48.250221
v -9.091020 0.184440 -49.002880
v -9.100810 0.214760 -49.055260
v -9.088950 0.271720 -49.021389
v -9.082870 0.321900 -48.993210
v -9.074030 0.295580 -48.942890
v -9.088070 0.272270 -48.888538
v -9.094080 0.215670 -48.918480
v -9.104660 0.158540 -48.949032
v -11.012970 0.193780 -48.227581
v -10.964820 0.168160 -48.199772
v -10.952900 0.226000 -48.172192
v -10.937650 0.279150 -48.149860
v -10.981950 0.305220 -48.175732
v -11.012070 0.337120 -48.217949
v -11.030150 0.279930 -48.242611
v -11.044380 0.223870 -48.270679
v -11.317420 0.636350 -48.926659
v -11.307620 0.606040 -48.874290
v -11.293730 0.665370 -48.845680
v -11.277740 0.714870 -48.820309
v -11.285700 0.745190 -48.868469
v -11.270750 0.772650 -48.920601
v -11.289230 0.718510 -48.950199
v -11.303760 0.662260 -48.980530
v -10.343960 1.976460 -47.480801
v -10.308630 2.029730 -47.481300
v -10.346550 2.069170 -47.505619
v -10.381440 2.085390 -47.551991
v -10.420090 2.030880 -47.551479
v -10.447520 1.971200 -47.567600
v -10.409360 1.955420 -47.521030
v -10.367930 1.915470 -47.496639
v -10.757580 2.084780 -48.178669
v -10.780010 2.044300 -48.219479
v -10.800220 2.004520 -48.174759
v -10.783480 1.986870 -48.117020
v -10.760320 2.043940 -48.104729
v -10.727720 2.098600 -48.123112
v -10.234210 -0.122140 -47.961182
v -10.174590 -0.128420 -47.974079
v -10.164710 -0.069770 -47.943779
v -10.154920 -0.016770 -47.921139
v -10.210400 -0.008510 -47.908680
v -10.267400 0.011190 -47.916630
v -10.279900 -0.047260 -47.940830
v -10.292420 -0.104820 -47.969429
v -9.860070 1.456580 -47.378819
v -9.891360 1.512940 -47.377640
v -9.941130 1.472200 -47.375599
v -9.968430 1.418910 -47.391350
v -9.915900 1.387410 -47.387341
v -9.855960 1.397250 -47.395859
v -11.221780 -3.789510 -52.511028
v -11.163760 -3.806470 -52.502571
v -11.194770 -3.863380 -52.512932
v -11.246440 -3.897280 -52.482010
v -11.403590 -3.881440 -52.446751
v -11.538840 -3.898340 -52.359550
v -11.365540 -3.846590 -52.476391
v -11.280910 -3.783510 -52.498428
v -12.016510 -3.783560 -52.187981
v -11.963320 -3.777550 -52.221371
v -11.969940 -3.845700 -52.226959
v -11.983870 -3.893820 -52.184608
v -12.038720 -3.864150 -52.164291
v -12.052920 -3.801580 -52.139729
v -11.775830 -4.039480 -51.999161
v -11.819420 -4.051180 -51.959431
v -11.862900 -4.008380 -52.021198
v -11.855390 -3.983780 -52.070091
v -11.801230 -3.991840 -52.077400
v -11.732230 -4.027800 -52.038891
v -12.365160 -4.096170 -51.469139
v -12.351750 -4.070680 -51.522652
v -12.308580 -4.099500 -51.617020
v -12.173350 -4.068570 -51.781269
v -12.268150 -4.113520 -51.658531
v -12.305250 -4.181440 -51.516819
v -12.347370 -4.172600 -51.462460
v -12.355260 -4.126020 -51.416828
v -10.734810 -4.798320 -51.015720
v -10.803810 -4.762360 -51.054218
v -10.760220 -4.750660 -51.093948
v -10.716620 -4.738970 -51.133671
v -10.673150 -4.781780 -51.071918
v -10.680660 -4.806380 -51.023029
v -11.311620 -4.406770 -51.506828
v -11.351400 -4.378920 -51.542290
v -11.307810 -4.367220 -51.582020
v -11.264210 -4.355530 -51.621738
v -11.224430 -4.383390 -51.586288
v -11.184650 -4.411240 -51.550831
v -11.228250 -4.422940 -51.511101
v -11.271840 -4.434630 -51.471378
v -10.442980 -4.105250 -52.244499
v -10.411840 -4.135090 -52.201771
v -10.442590 -4.192060 -52.211391
v -10.494360 -4.226280 -52.179550
v -10.525930 -4.196200 -52.222530
v -10.574780 -4.170310 -52.250580
v -10.522160 -4.136440 -52.282139
v -10.490730 -4.079850 -52.272091
v -10.138580 -4.548000 -51.545570
v -10.152090 -4.573950 -51.492298
v -10.218420 -4.649730 -51.454121
v -10.362690 -4.721590 -51.311859
v -10.267900 -4.676630 -51.434589
v -10.230800 -4.608720 -51.576302
v -10.179180 -4.574610 -51.607590
v -10.148330 -4.517500 -51.597511
v -11.281960 -4.854670 -50.503658
v -11.339830 -4.837060 -50.511761
v -11.331780 -4.883830 -50.557110
v -11.289600 -4.892880 -50.611099
v -11.132470 -4.908710 -50.646370
v -10.997200 -4.891820 -50.733570
v -11.161450 -4.902690 -50.594761
v -11.222920 -4.861150 -50.516521
v -10.486030 -4.855230 -50.823818
v -10.539270 -4.861500 -50.790569
v -10.556690 -4.901920 -50.843319
v -10.552180 -4.896340 -50.908520
v -10.487910 -4.883460 -50.905991
v -10.449670 -4.837460 -50.872219
v -12.060800 -4.539130 -50.770290
v -12.091940 -4.509240 -50.813019
v -12.084010 -4.555390 -50.858780
v -12.041700 -4.563880 -50.913570
v -12.010120 -4.593960 -50.870590
v -11.961300 -4.619840 -50.842541
v -12.004440 -4.610990 -50.788040
v -12.013050 -4.564480 -50.742699
v -10.761690 1.115810 -52.122559
v -10.795810 1.125250 -52.072399
v -10.780740 1.189330 -52.077431
v -10.764420 1.246520 -52.077271
v -10.731340 1.240000 -52.123451
v -10.679710 1.231160 -52.154720
v -10.697100 1.167940 -52.156738
v -10.710660 1.104460 -52.154751
v -9.972350 0.953140 -52.416660
v -10.031840 0.964630 -52.407291
v -10.016860 1.029760 -52.410412
v -10.004990 1.086800 -52.408909
v -9.948740 1.078360 -52.417042
v -9.890280 1.071090 -52.401859
v -9.901780 1.007680 -52.404202
v -9.913590 0.943300 -52.402191
v -10.199980 3.076960 -51.954159
v -10.164130 3.124900 -51.931709
v -10.123230 3.130980 -51.974571
v -10.078640 3.105960 -52.006451
v -10.115960 3.056000 -52.032230
v -10.142350 2.994680 -52.043789
v -10.186270 3.020920 -52.008659
v -10.227060 3.015340 -51.961868
v -9.625560 2.635990 -52.284889
v -9.620200 2.575120 -52.292740
v -9.680860 2.568160 -52.308949
v -9.735920 2.594870 -52.295872
v -9.708660 2.650760 -52.287579
v -9.658490 2.688080 -52.265820
v -9.513640 3.764310 -51.414188
v -9.476850 3.735590 -51.369110
v -9.430270 3.748520 -51.410488
v -9.392150 3.712670 -51.449730
v -9.429700 3.742920 -51.495499
v -9.475430 3.724710 -51.537251
v -9.512880 3.759090 -51.498390
v -9.558980 3.745090 -51.456429
v -9.019690 2.865640 -51.898140
v -9.015930 2.798630 -51.904720
v -9.049810 2.817340 -51.953480
v -9.098070 2.808190 -51.992069
v -9.097680 2.874680 -51.981022
v -9.112830 2.932450 -51.958271
v -9.068180 2.940940 -51.922909
v -9.037030 2.923660 -51.877659
v -9.181510 0.832120 -52.046249
v -9.230760 0.838870 -52.082001
v -9.218440 0.902830 -52.082970
v -9.211550 0.962060 -52.081100
v -9.165450 0.957880 -52.046909
v -9.133030 0.957440 -51.995369
v -9.138970 0.892860 -51.996819
v -9.148640 0.829340 -51.994659
v -9.098480 2.949240 -50.782959
v -9.099330 2.884600 -50.762760
v -9.049650 2.888920 -50.799969
v -9.014510 2.863350 -50.844872
v -9.018360 2.929550 -50.860470
v -9.035510 2.984110 -50.889339
v -9.067480 3.007280 -50.848148
v -9.113180 3.003070 -50.814232
v -8.767280 2.460690 -51.338520
v -8.779630 2.475570 -51.399971
v -8.780280 2.537020 -51.387299
v -8.795050 2.588000 -51.347729
v -8.780880 2.543250 -51.301159
v -8.780540 2.484120 -51.279999
v -9.181280 0.932600 -50.442120
v -9.147150 0.923210 -50.492290
v -9.138510 0.988600 -50.495430
v -9.133600 1.047400 -50.502918
v -9.165820 1.058630 -50.457031
v -9.216530 1.072450 -50.426071
v -9.222520 1.007910 -50.415989
v -9.232280 0.943990 -50.409939
v -8.854140 0.823510 -51.227692
v -8.865610 0.821810 -51.287891
v -8.854460 0.888190 -51.289169
v -8.849030 0.945760 -51.291580
v -8.838650 0.949780 -51.235199
v -8.851140 0.958220 -51.176319
v -8.856390 0.894260 -51.172050
v -8.866190 0.829500 -51.167870
v -10.761190 1.217750 -50.518551
v -10.711940 1.210980 -50.482792
v -10.700870 1.274800 -50.489899
v -10.686460 1.331940 -50.499111
v -10.731820 1.340140 -50.533562
v -10.763440 1.344910 -50.585369
v -10.780650 1.283080 -50.575932
v -10.794070 1.220500 -50.570129
v -11.088680 1.225660 -51.337059
v -11.077220 1.227360 -51.276859
v -11.064190 1.293010 -51.283909
v -11.048900 1.348640 -51.288651
v -11.058450 1.349180 -51.345322
v -11.045110 1.345440 -51.404499
v -11.062860 1.283620 -51.400860
v -11.076630 1.219680 -51.396881
v -10.120270 3.134280 -50.833710
v -10.086210 3.179760 -50.862980
v -10.125480 3.200230 -50.903290
v -10.161590 3.189420 -50.950279
v -10.198940 3.142860 -50.920261
v -10.225270 3.083300 -50.902012
v -10.185890 3.094610 -50.855148
v -10.143110 3.073770 -50.814640
v -10.549110 2.856950 -51.473282
v -10.571320 2.800870 -51.486240
v -10.589780 2.790180 -51.426769
v -10.571570 2.805560 -51.368832
v -10.549530 2.860840 -51.388859
v -10.518570 2.898100 -51.433998
v -9.970490 1.096030 -50.148071
v -9.911000 1.084550 -50.157440
v -9.901930 1.150470 -50.162601
v -9.892950 1.207570 -50.171299
v -9.948360 1.220570 -50.163460
v -10.005970 1.232610 -50.178951
v -10.017550 1.170000 -50.168640
v -10.029240 1.105870 -50.162540
v -9.622590 2.749710 -50.488361
v -9.655160 2.798030 -50.515961
v -9.703930 2.763880 -50.491520
v -9.730260 2.709950 -50.476292
v -9.676940 2.685760 -50.457890
v -9.617420 2.690290 -50.471958
v -10.955920 -4.420530 -52.077480
v -10.897370 -4.429920 -52.063030
v -10.927240 -4.484170 -52.041222
v -10.977530 -4.497390 -51.995708
v -11.134320 -4.467040 -51.969570
v -11.267510 -4.437170 -51.882679
v -11.097650 -4.452480 -52.014111
v -11.014940 -4.409410 -52.068249
v -11.744490 -4.254420 -51.783249
v -11.692090 -4.266220 -51.816319
v -11.697210 -4.327290 -51.785240
v -11.709230 -4.346260 -51.723610
v -11.764380 -4.310900 -51.720291
v -11.779580 -4.244880 -51.731701
v -11.494470 -4.371160 -51.495251
v -11.537050 -4.360770 -51.454079
v -11.582640 -4.357080 -51.527870
v -11.576600 -4.361640 -51.582588
v -11.522420 -4.371780 -51.586109
v -11.451900 -4.381550 -51.536430
v -12.072450 -4.147960 -50.997688
v -12.060620 -4.154140 -51.056969
v -12.018540 -4.227660 -51.123482
v -11.887130 -4.285900 -51.283340
v -11.978570 -4.260910 -51.152641
v -12.011460 -4.244940 -50.995369
v -12.052760 -4.209400 -50.952511
v -12.060900 -4.145900 -50.937790
v -10.418110 -4.492080 -50.289650
v -10.488640 -4.482310 -50.339321
v -10.446060 -4.492700 -50.380482
v -10.403490 -4.503090 -50.421661
v -10.357900 -4.506780 -50.347881
v -10.363930 -4.502220 -50.293171
v -11.012840 -4.421530 -50.896702
v -11.053900 -4.416770 -50.940369
v -11.011330 -4.427160 -50.981541
v -10.968760 -4.437550 -51.022720
v -10.927690 -4.442320 -50.979050
v -10.886630 -4.447080 -50.935390
v -10.929200 -4.436680 -50.894218
v -10.971780 -4.426290 -50.853039
v -10.165200 -4.541990 -51.707001
v -10.132600 -4.544720 -51.655880
v -10.162190 -4.598610 -51.633411
v -10.212540 -4.611610 -51.586929
v -10.245600 -4.608810 -51.638401
v -10.295530 -4.601950 -51.674480
v -10.244320 -4.589080 -51.720539
v -10.214030 -4.535280 -51.742458
v -9.837760 -4.550160 -50.888531
v -9.849680 -4.544500 -50.829208
v -9.913510 -4.589760 -50.755199
v -10.053410 -4.577950 -50.592411
v -9.961980 -4.602950 -50.723110
v -9.929090 -4.618900 -50.880379
v -9.878860 -4.605700 -50.926319
v -9.849160 -4.551460 -50.948471
v -10.954280 -4.277590 -49.808731
v -11.012680 -4.267420 -49.823231
v -11.004380 -4.330920 -49.837608
v -10.963000 -4.366470 -49.880051
v -10.806220 -4.396820 -49.906181
v -10.673030 -4.426690 -49.993069
v -10.834380 -4.364950 -49.864571
v -10.895350 -4.289230 -49.817940
v -10.164590 -4.437570 -50.103352
v -10.217040 -4.426000 -50.070271
v -10.234480 -4.488250 -50.093559
v -10.231300 -4.517590 -50.152142
v -10.167310 -4.504650 -50.158508
v -10.129550 -4.447380 -50.154881
v -11.745030 -4.156330 -50.179180
v -11.777630 -4.153570 -50.230320
v -11.769480 -4.216720 -50.245392
v -11.727990 -4.252230 -50.288818
v -11.694940 -4.255030 -50.237339
v -11.645000 -4.261890 -50.201271
v -11.687340 -4.226280 -50.158272
v -11.696200 -4.163010 -50.143730
v 22.295700 0.086880 -46.046780
v 22.349310 0.090080 -46.017040
v 22.333019 0.151680 -45.999741
v 22.322510 0.208880 -45.987228
v 22.272579 0.208560 -46.015072
v 22.234209 0.217490 -46.061668
v 22.243910 0.154160 -46.075878
v 22.256901 0.093180 -46.093941
v 21.925350 0.224490 -46.728378
v 21.943380 0.209940 -46.671631
v 21.928801 0.272850 -46.653912
v 21.920429 0.328150 -46.637711
v 21.903749 0.344160 -46.690311
v 21.909290 0.366910 -46.746479
v 21.917641 0.306030 -46.765919
v 21.930479 0.244970 -46.785950
v 22.113510 1.923030 -45.665359
v 22.122570 1.985330 -45.676449
v 22.072750 2.000190 -45.705521
v 22.037279 1.991730 -45.753479
v 22.025499 1.926360 -45.741760
v 22.027229 1.858740 -45.746300
v 22.065599 1.869210 -45.698662
v 22.119160 1.855660 -45.669788
v 21.776699 1.748090 -46.294800
v 21.776390 1.695830 -46.327320
v 21.772209 1.659440 -46.275810
v 21.790970 1.660940 -46.216141
v 21.786690 1.723450 -46.214611
v 21.793949 1.782800 -46.243172
v 22.400730 2.850230 -45.969040
v 22.442101 2.850690 -46.018990
v 22.391840 2.874310 -46.050030
v 22.351749 2.852090 -46.096680
v 22.309610 2.852470 -46.045269
v 22.279390 2.807850 -46.009781
v 22.319201 2.828990 -45.964359
v 22.370090 2.804810 -45.934311
v 21.999020 2.247950 -46.717979
v 22.001110 2.189800 -46.752140
v 21.956970 2.181220 -46.709091
v 21.929060 2.143930 -46.667419
v 21.930710 2.204400 -46.637600
v 21.947701 2.252610 -46.599270
v 21.973129 2.287060 -46.637798
v 22.014160 2.294960 -46.677429
v 22.144520 0.519440 -47.449871
v 22.117390 0.496180 -47.400139
v 22.105570 0.557290 -47.380852
v 22.098110 0.612400 -47.359268
v 22.123911 0.636170 -47.404888
v 22.168530 0.660630 -47.438351
v 22.176970 0.601330 -47.463310
v 22.189421 0.542070 -47.484821
v 22.999250 2.487450 -46.707031
v 23.027889 2.434730 -46.738461
v 22.982300 2.453100 -46.776649
v 22.935841 2.437320 -46.815319
v 22.912291 2.490260 -46.779449
v 22.879709 2.524340 -46.736099
v 22.922350 2.538700 -46.700981
v 22.964001 2.521510 -46.665958
v 22.507111 2.126710 -47.141590
v 22.447330 2.121820 -47.118069
v 22.451410 2.177620 -47.089821
v 22.485630 2.223600 -47.056610
v 22.534679 2.200240 -47.094360
v 22.563280 2.153110 -47.124378
v 23.568159 0.897790 -47.543228
v 23.514540 0.894630 -47.572960
v 23.501051 0.954890 -47.549549
v 23.484859 1.006870 -47.525589
v 23.533720 1.011600 -47.496269
v 23.570930 1.007360 -47.448120
v 23.590611 0.950390 -47.474091
v 23.606951 0.891530 -47.496059
v 22.825729 0.798250 -47.787231
v 22.769279 0.779490 -47.772381
v 22.757010 0.842170 -47.750889
v 22.745859 0.894260 -47.728432
v 22.798450 0.913790 -47.740898
v 22.856911 0.927500 -47.731411
v 22.870720 0.870290 -47.757198
v 22.885349 0.810200 -47.779381
v 23.718990 0.466590 -46.139690
v 23.746120 0.489820 -46.189430
v 23.728540 0.549010 -46.168541
v 23.709249 0.603410 -46.153530
v 23.682510 0.583450 -46.106651
v 23.636890 0.563060 -46.071831
v 23.657560 0.503320 -46.086632
v 23.674101 0.443950 -46.104729
v 23.037960 0.187160 -45.802540
v 23.094391 0.205920 -45.817390
v 23.076269 0.267630 -45.797340
v 23.061390 0.321950 -45.784248
v 23.007750 0.306710 -45.770351
v 22.948219 0.297420 -45.778358
v 22.963289 0.236360 -45.792091
v 22.978340 0.175210 -45.810390
v 23.094589 2.211190 -45.806370
v 23.053869 2.260070 -45.812248
v 23.018700 2.252340 -45.764400
v 22.980680 2.217330 -45.733440
v 23.022860 2.166200 -45.725262
v 23.053419 2.106160 -45.731789
v 23.090639 2.143050 -45.765362
v 23.125460 2.152070 -45.816509
v 22.619301 1.696800 -45.522530
v 22.618210 1.635390 -45.528099
v 22.680910 1.629880 -45.522430
v 22.732080 1.663130 -45.536560
v 22.701160 1.717090 -45.528160
v 22.646610 1.754290 -45.533642
v 23.938320 0.760910 -46.861401
v 23.920290 0.775450 -46.918140
v 23.904699 0.836010 -46.894691
v 23.886850 0.888020 -46.874989
v 23.902470 0.876300 -46.820950
v 23.895830 0.858050 -46.763279
v 23.916451 0.800410 -46.783440
v 23.933201 0.740430 -46.803841
v 23.366020 2.172920 -46.400879
v 23.338270 2.195040 -46.347019
v 23.375299 2.148450 -46.322498
v 23.402140 2.092800 -46.326080
v 23.414000 2.099120 -46.385960
v 23.389219 2.126720 -46.434811
v 23.058809 -4.413370 -48.277710
v 23.063881 -4.392610 -48.334869
v 23.097799 -4.448800 -48.336109
v 23.152809 -4.473490 -48.302368
v 23.201750 -4.511480 -48.152889
v 23.305750 -4.527140 -48.029919
v 23.149839 -4.491500 -48.174091
v 23.076670 -4.428060 -48.221512
v 23.428680 -4.547570 -47.595181
v 23.388840 -4.541250 -47.643688
v 23.428341 -4.590540 -47.670689
v 23.493139 -4.599970 -47.674770
v 23.501230 -4.592980 -47.610039
v 23.483810 -4.544460 -47.564659
v 23.664869 -4.490550 -47.876709
v 23.711081 -4.492100 -47.838261
v 23.646650 -4.524080 -47.789661
v 23.592859 -4.536430 -47.792030
v 23.581289 -4.521890 -47.844051
v 23.618660 -4.488980 -47.915161
v 24.171631 -4.450700 -47.351681
v 24.112600 -4.462810 -47.359482
v 24.050360 -4.521690 -47.424770
v 23.879360 -4.546350 -47.552700
v 24.019470 -4.538780 -47.472839
v 24.176390 -4.507720 -47.450989
v 24.220591 -4.486400 -47.401981
v 24.227711 -4.431650 -47.366409
v 24.587629 -3.924430 -48.896271
v 24.550261 -3.957330 -48.825161
v 24.504040 -3.955780 -48.863609
v 24.457840 -3.954230 -48.902050
v 24.522261 -3.922250 -48.950661
v 24.576059 -3.909900 -48.948292
v 24.130671 -4.224710 -48.331699
v 24.094669 -4.247660 -48.289360
v 24.048460 -4.246100 -48.327808
v 24.002251 -4.244560 -48.366261
v 24.038260 -4.221610 -48.408600
v 24.074270 -4.198670 -48.450939
v 24.120470 -4.200220 -48.412479
v 24.166670 -4.201770 -48.374050
v 23.278111 -4.118850 -48.999310
v 23.322611 -4.096380 -49.033958
v 23.357059 -4.152000 -49.035351
v 23.412970 -4.176370 -49.001530
v 23.368240 -4.199040 -48.966419
v 23.340900 -4.222560 -48.916000
v 23.285231 -4.197860 -48.950668
v 23.251209 -4.141880 -48.949982
v 23.959169 -3.839630 -49.336521
v 24.018320 -3.828010 -49.328892
v 24.107870 -3.880930 -49.300961
v 24.289551 -3.899970 -49.187630
v 24.149441 -3.907540 -49.267479
v 23.992531 -3.938590 -49.289322
v 23.937111 -3.914010 -49.322990
v 23.902910 -3.857960 -49.321560
v 25.071980 -3.876950 -48.410511
v 25.066719 -3.897010 -48.353100
v 25.059900 -3.951620 -48.388870
v 25.016100 -3.972810 -48.437950
v 24.967150 -3.934850 -48.587429
v 24.863171 -3.919190 -48.710388
v 25.008400 -3.911140 -48.551628
v 25.054239 -3.862770 -48.466869
v 24.700710 -3.736980 -49.091110
v 24.740610 -3.743570 -49.042690
v 24.729450 -3.810310 -49.054451
v 24.675770 -3.846350 -49.065559
v 24.656580 -3.807860 -49.115089
v 24.645651 -3.740380 -49.121719
v 24.852739 -4.171700 -47.688980
v 24.808229 -4.194130 -47.654320
v 24.800699 -4.248670 -47.689739
v 24.755930 -4.269950 -47.738789
v 24.800680 -4.247280 -47.773911
v 24.828020 -4.223760 -47.824322
v 24.872520 -4.202830 -47.774410
v 24.879629 -4.148630 -47.738289
v 23.578110 1.021410 -47.823700
v 23.632071 1.017730 -47.794659
v 23.639311 1.082430 -47.805500
v 23.650040 1.139510 -47.818520
v 23.600651 1.145110 -47.846809
v 23.563570 1.146830 -47.895199
v 23.549870 1.084200 -47.881248
v 23.539660 1.020830 -47.871559
v 23.216539 0.986630 -48.522770
v 23.233589 0.991330 -48.464081
v 23.242929 1.056760 -48.474979
v 23.255341 1.112950 -48.483730
v 23.240410 1.110720 -48.539162
v 23.248249 1.105010 -48.599239
v 23.233629 1.042770 -48.591129
v 23.223101 0.978590 -48.583191
v 24.065809 2.790720 -48.249950
v 24.094460 2.835640 -48.285271
v 24.050230 2.853530 -48.320950
v 24.009809 2.839010 -48.363220
v 23.977640 2.792700 -48.326210
v 23.955879 2.733150 -48.302189
v 23.999660 2.748220 -48.260880
v 24.047810 2.730070 -48.225689
v 23.634159 2.501870 -48.770031
v 23.613180 2.444550 -48.777889
v 23.601570 2.436360 -48.716331
v 23.625040 2.455560 -48.661591
v 23.642389 2.510460 -48.686390
v 23.666771 2.546350 -48.736450
v 24.622210 3.349860 -48.891960
v 24.656580 3.315490 -48.934910
v 24.614740 3.340100 -48.976021
v 24.565451 3.316100 -49.011700
v 24.530769 3.352070 -48.967819
v 24.490540 3.339370 -48.918999
v 24.539089 3.362030 -48.884022
v 24.581240 3.336320 -48.843529
v 23.973841 2.673730 -49.347462
v 23.952950 2.609930 -49.354229
v 23.912609 2.635580 -49.314369
v 23.877600 2.630810 -49.262829
v 23.902349 2.693490 -49.260719
v 23.938101 2.744010 -49.244850
v 23.970140 2.748530 -49.292500
v 24.007650 2.724780 -49.329201
v 23.456711 0.864480 -49.286320
v 23.427910 0.874580 -49.233231
v 23.439341 0.938170 -49.241791
v 23.453020 0.996100 -49.245522
v 23.481131 0.988570 -49.295151
v 23.528191 0.980100 -49.332870
v 23.513680 0.916890 -49.330410
v 23.503260 0.853750 -49.324619
v 24.992559 2.534450 -49.374031
v 24.998650 2.467160 -49.378910
v 24.958750 2.482810 -49.424061
v 24.906401 2.469740 -49.455551
v 24.905581 2.537250 -49.446388
v 24.890570 2.595040 -49.423210
v 24.938540 2.606790 -49.394611
v 24.974859 2.592210 -49.353069
v 24.370020 2.222220 -49.649910
v 24.314520 2.248370 -49.630280
v 24.339861 2.305680 -49.627522
v 24.390530 2.346230 -49.614269
v 24.425091 2.294070 -49.635769
v 24.433130 2.232110 -49.641701
v 24.909571 0.653240 -49.438560
v 24.855610 0.656950 -49.467609
v 24.865570 0.722070 -49.472179
v 24.870239 0.781360 -49.472988
v 24.920240 0.780460 -49.445271
v 24.958000 0.783700 -49.397461
v 24.954729 0.718180 -49.396179
v 24.948021 0.653840 -49.390709
v 24.158649 0.726130 -49.665421
v 24.100771 0.735900 -49.647701
v 24.112520 0.801850 -49.654942
v 24.121820 0.858880 -49.656849
v 24.176559 0.852080 -49.672951
v 24.236799 0.847310 -49.666359
v 24.227949 0.783670 -49.665180
v 24.219231 0.718810 -49.659512
v 25.031170 0.811640 -47.976131
v 25.059950 0.801510 -48.029209
v 25.065500 0.866090 -48.035870
v 25.067280 0.924840 -48.046001
v 25.039700 0.936420 -47.996849
v 24.993231 0.949240 -47.959648
v 24.990940 0.885620 -47.947029
v 24.984610 0.822340 -47.937820
v 24.329130 0.949300 -47.596939
v 24.387011 0.939530 -47.614651
v 24.392811 1.006120 -47.623161
v 24.398529 1.062480 -47.634731
v 24.344391 1.073850 -47.619160
v 24.284769 1.083330 -47.626320
v 24.276899 1.020940 -47.612530
v 24.268560 0.956620 -47.602852
v 25.069410 2.636930 -48.435841
v 25.047350 2.689870 -48.464001
v 25.016130 2.715110 -48.419571
v 24.971439 2.711350 -48.379318
v 24.994301 2.656960 -48.348061
v 25.001921 2.593030 -48.327190
v 25.046261 2.597550 -48.370628
v 25.077299 2.572190 -48.418610
v 24.475370 2.483250 -47.994759
v 24.452999 2.429520 -47.974442
v 24.510309 2.405480 -47.963081
v 24.568251 2.410070 -47.986462
v 24.558399 2.469760 -48.003139
v 24.519461 2.517790 -48.026958
v 25.271240 0.688800 -48.739571
v 25.254181 0.684080 -48.798271
v 25.262260 0.750200 -48.803040
v 25.264999 0.808360 -48.807831
v 25.280531 0.815170 -48.752941
v 25.273331 0.825670 -48.693432
v 25.271231 0.761630 -48.686539
v 25.264690 0.696840 -48.679138
v 25.256769 2.267370 -48.942692
v 25.243170 2.317690 -48.904701
v 25.264231 2.275570 -48.860790
v 25.270121 2.217850 -48.839298
v 25.277950 2.194580 -48.895538
v 25.259729 2.206450 -48.952881
v 22.562071 -3.955230 -47.935768
v 22.568701 -3.962870 -47.995972
v 22.581249 -4.022550 -47.971680
v 22.627411 -4.048620 -47.927349
v 22.673849 -4.036420 -47.772831
v 22.777000 -4.035260 -47.648170
v 22.630119 -4.010270 -47.803612
v 22.578880 -3.950820 -47.877548
v 22.924431 -3.917050 -47.237282
v 22.884880 -3.917820 -47.286442
v 22.902710 -3.984130 -47.288052
v 22.959801 -4.016180 -47.283779
v 22.975580 -3.986570 -47.227390
v 22.979860 -3.921000 -47.207420
v 23.139469 -4.065860 -47.501720
v 23.185659 -4.067410 -47.463249
v 23.118891 -4.052210 -47.409931
v 23.064119 -4.045020 -47.410332
v 23.053520 -4.050040 -47.464321
v 23.093269 -4.064310 -47.540169
v 23.674879 -3.992580 -47.009762
v 23.614790 -3.985580 -47.015518
v 23.530640 -4.040470 -47.054291
v 23.350590 -4.054520 -47.170940
v 23.491570 -4.063900 -47.092789
v 23.650990 -4.083000 -47.075970
v 23.704041 -4.060250 -47.037560
v 23.732519 -4.001920 -47.027512
v 24.103479 -4.324470 -48.604092
v 24.063749 -4.310190 -48.528240
v 24.017540 -4.308640 -48.566689
v 23.971331 -4.307090 -48.605141
v 24.038111 -4.322250 -48.658482
v 24.092880 -4.329480 -48.658070
v 23.624701 -4.188800 -47.995750
v 23.587040 -4.178380 -47.950062
v 23.540819 -4.176840 -47.988499
v 23.494610 -4.175280 -48.026951
v 23.532301 -4.185700 -48.072639
v 23.569969 -4.196120 -48.118340
v 23.616171 -4.197670 -48.079891
v 23.662390 -4.199220 -48.041439
v 22.802191 -4.077850 -48.699219
v 22.848351 -4.088450 -48.737202
v 22.861561 -4.147910 -48.713230
v 22.908720 -4.173970 -48.668930
v 22.862289 -4.163260 -48.630470
v 22.833269 -4.153000 -48.576660
v 22.786409 -4.127110 -48.621868
v 22.773640 -4.067790 -48.646591
v 23.504141 -4.215710 -49.078388
v 23.564140 -4.223230 -49.072571
v 23.632540 -4.287450 -49.019642
v 23.806400 -4.319970 -48.897461
v 23.665449 -4.310590 -48.975609
v 23.506020 -4.291460 -48.992432
v 23.459450 -4.265340 -49.036652
v 23.446590 -4.205600 -49.060730
v 24.616949 -4.253050 -48.152359
v 24.610420 -4.244650 -48.092270
v 24.582239 -4.303040 -48.102539
v 24.529610 -4.325870 -48.141048
v 24.483170 -4.338080 -48.295570
v 24.380030 -4.339230 -48.420219
v 24.533060 -4.317670 -48.270309
v 24.600080 -4.257990 -48.210529
v 24.255421 -4.285070 -48.851589
v 24.294910 -4.284620 -48.802399
v 24.260731 -4.341920 -48.786110
v 24.197220 -4.358320 -48.784618
v 24.187851 -4.339470 -48.846748
v 24.199949 -4.281430 -48.881420
v 24.376810 -4.130680 -47.388889
v 24.330660 -4.120040 -47.350910
v 24.301880 -4.177970 -47.360939
v 24.248301 -4.200540 -47.399471
v 24.294720 -4.211250 -47.437939
v 24.323750 -4.221490 -47.491730
v 24.377041 -4.198780 -47.452309
v 24.405371 -4.140690 -47.441540
v 21.373720 0.416580 -47.811470
v 21.421680 0.439210 -47.780548
v 21.394220 0.498920 -47.786949
v 21.373770 0.554070 -47.795849
v 21.328720 0.535370 -47.825680
v 21.296200 0.521310 -47.875359
v 21.317039 0.459780 -47.866001
v 21.341230 0.399780 -47.860790
v 21.083981 0.252440 -48.525452
v 21.096020 0.260860 -48.465931
v 21.070000 0.322220 -48.472260
v 21.051390 0.377230 -48.476879
v 21.039900 0.371760 -48.532902
v 21.049641 0.375490 -48.592838
v 21.069500 0.314290 -48.589321
v 21.093849 0.253550 -48.585949
v 20.871229 2.208810 -48.103748
v 20.872410 2.264590 -48.134941
v 20.825380 2.259610 -48.171162
v 20.798460 2.229490 -48.215889
v 20.795000 2.170570 -48.183262
v 20.807329 2.106750 -48.163979
v 20.836821 2.139150 -48.120041
v 20.887350 2.145980 -48.084160
v 20.653431 1.778390 -48.658310
v 20.665331 1.719280 -48.670670
v 20.659571 1.701640 -48.610271
v 20.669550 1.726000 -48.553509
v 20.655890 1.783620 -48.574032
v 20.658110 1.830630 -48.620670
v 21.056870 3.022030 -48.685631
v 21.104160 3.013820 -48.729259
v 21.055679 3.016210 -48.770390
v 21.026091 2.972930 -48.809479
v 20.977720 2.982260 -48.764851
v 20.949890 2.946910 -48.718609
v 20.979509 2.988730 -48.680321
v 21.028811 2.985610 -48.639858
v 20.855129 2.144490 -49.209320
v 20.870480 2.079830 -49.221008
v 20.822630 2.077760 -49.181252
v 20.795120 2.051650 -49.131592
v 20.783680 2.117730 -49.124481
v 20.787930 2.178080 -49.103981
v 20.813021 2.202140 -49.149891
v 20.857450 2.204120 -49.186481
v 21.353809 0.330600 -49.284840
v 21.323879 0.320270 -49.232430
v 21.300600 0.381010 -49.236439
v 21.282181 0.437730 -49.235909
v 21.310181 0.449620 -49.284740
v 21.354820 0.469660 -49.320980
v 21.375299 0.408120 -49.323158
v 21.399210 0.348470 -49.321819
v 21.797871 2.555810 -49.203320
v 21.838039 2.502000 -49.212250
v 21.795891 2.498070 -49.257881
v 21.758011 2.462190 -49.292229
v 21.722200 2.518580 -49.278839
v 21.679310 2.558280 -49.252640
v 21.714140 2.590980 -49.221432
v 21.752661 2.594240 -49.179459
v 21.428749 1.988060 -49.523628
v 21.367701 1.980110 -49.504639
v 21.359560 2.041840 -49.497211
v 21.381741 2.101640 -49.479340
v 21.438379 2.076760 -49.502720
v 21.477480 2.028590 -49.512249
v 22.704960 0.915140 -49.391129
v 22.656981 0.892530 -49.422050
v 22.631651 0.953510 -49.422039
v 22.604811 1.006500 -49.418880
v 22.647949 1.029550 -49.389259
v 22.678440 1.048280 -49.339851
v 22.709709 0.990660 -49.342892
v 22.737400 0.931970 -49.341820
v 22.025940 0.605210 -49.643162
v 21.971390 0.582200 -49.627232
v 21.947161 0.645020 -49.629761
v 21.925449 0.698570 -49.627640
v 21.975780 0.722360 -49.641918
v 22.029711 0.749020 -49.633202
v 22.055220 0.690130 -49.636452
v 22.081480 0.629930 -49.635281
v 22.724279 1.002450 -47.917839
v 22.754219 1.012760 -47.970242
v 22.725389 1.071150 -47.972549
v 22.696381 1.122880 -47.978828
v 22.666719 1.114740 -47.930191
v 22.620310 1.098760 -47.894169
v 22.651409 1.042420 -47.885738
v 22.678890 0.984540 -47.880852
v 22.052429 0.727200 -47.559460
v 22.106979 0.750210 -47.575401
v 22.077339 0.810580 -47.579391
v 22.052931 0.862440 -47.587090
v 22.000750 0.842890 -47.573051
v 21.944901 0.820610 -47.582001
v 21.970591 0.762330 -47.572552
v 21.996889 0.702490 -47.567348
v 21.808800 2.611980 -48.258160
v 21.762480 2.647790 -48.283760
v 21.722620 2.649750 -48.239101
v 21.686340 2.620320 -48.201031
v 21.734091 2.583470 -48.172401
v 21.773790 2.531380 -48.155361
v 21.809401 2.561500 -48.196590
v 21.849159 2.559610 -48.244789
v 21.380569 2.139840 -47.852280
v 21.389339 2.080930 -47.836361
v 21.450800 2.089300 -47.824230
v 21.497940 2.125000 -47.844910
v 21.458530 2.172010 -47.858131
v 21.400330 2.194550 -47.880390
v 22.994381 1.079980 -48.677200
v 22.982340 1.071560 -48.736721
v 22.954880 1.132430 -48.736931
v 22.927000 1.183750 -48.737881
v 22.936640 1.193460 -48.682079
v 22.924950 1.194160 -48.622372
v 22.956430 1.138000 -48.619671
v 22.984510 1.078860 -48.616699
v 22.161730 2.432590 -48.779541
v 22.123890 2.465530 -48.738998
v 22.163700 2.437260 -48.697048
v 22.198721 2.389510 -48.679070
v 22.217590 2.377990 -48.736320
v 22.195930 2.383000 -48.793468
v 23.092970 -4.341000 -48.282181
v 23.102699 -4.339510 -48.342411
v 23.144409 -4.385680 -48.321491
v 23.197321 -4.387320 -48.277069
v 23.230410 -4.364550 -48.120350
v 23.317739 -4.319540 -47.991791
v 23.179520 -4.362610 -48.151138
v 23.104940 -4.332920 -48.223160
v 23.381611 -4.173520 -47.568539
v 23.348310 -4.190940 -47.619209
v 23.398001 -4.238080 -47.624321
v 23.463409 -4.236120 -47.619801
v 23.461430 -4.206980 -47.561050
v 23.430969 -4.150420 -47.536751
v 23.643070 -4.168820 -47.832981
v 23.683290 -4.149100 -47.792858
v 23.618271 -4.174810 -47.741409
v 23.567730 -4.197030 -47.743591
v 23.561380 -4.202700 -47.798161
v 23.602840 -4.188530 -47.873089
v 24.061609 -3.866150 -47.316010
v 24.006651 -3.890880 -47.323750
v 23.963369 -3.978340 -47.369331
v 23.817051 -4.074770 -47.493858
v 23.942221 -4.015620 -47.410801
v 24.088320 -3.950560 -47.388779
v 24.121750 -3.906580 -47.346870
v 24.115740 -3.842890 -47.331959
v 24.602690 -3.806150 -48.909550
v 24.561220 -3.820320 -48.834621
v 24.521000 -3.840040 -48.874729
v 24.480780 -3.859760 -48.914848
v 24.545790 -3.834040 -48.966290
v 24.596331 -3.811830 -48.964130
v 24.122259 -3.984720 -48.313728
v 24.084591 -3.998830 -48.269039
v 24.044371 -4.018550 -48.309158
v 24.004150 -4.038260 -48.349281
v 24.041809 -4.024160 -48.393970
v 24.079491 -4.010050 -48.438671
v 24.119711 -3.990330 -48.398548
v 24.159920 -3.970620 -48.358429
v 23.362970 -4.263240 -49.041512
v 23.407980 -4.245490 -49.078190
v 23.450130 -4.291100 -49.057549
v 23.503901 -4.292220 -49.013119
v 23.458620 -4.310060 -48.975971
v 23.428400 -4.320440 -48.922840
v 23.374990 -4.319240 -48.968170
v 23.333269 -4.273470 -48.989552
v 24.034889 -3.988220 -49.399891
v 24.090059 -3.963970 -49.392120
v 24.181780 -3.987230 -49.340672
v 24.347031 -3.934100 -49.213860
v 24.221861 -3.993250 -49.296909
v 24.075760 -4.058310 -49.318932
v 24.022449 -4.056840 -49.363251
v 23.980450 -4.010780 -49.383968
v 25.003540 -3.513390 -48.433701
v 24.993490 -3.514160 -48.373508
v 24.999790 -3.577710 -48.388618
v 24.966749 -3.621550 -48.430618
v 24.933670 -3.644320 -48.587360
v 24.846340 -3.689330 -48.715919
v 24.965630 -3.602970 -48.558849
v 24.991779 -3.521940 -48.492699
v 24.712400 -3.675140 -49.147640
v 24.745819 -3.657980 -49.096970
v 24.746380 -3.725740 -49.085770
v 24.700649 -3.772760 -49.087910
v 24.682949 -3.756860 -49.149052
v 24.663160 -3.698510 -49.179420
v 24.733610 -3.591340 -47.674370
v 24.688589 -3.609060 -47.637691
v 24.694151 -3.672570 -47.652550
v 24.660160 -3.716650 -47.694592
v 24.705441 -3.698810 -47.731739
v 24.735630 -3.688420 -47.784859
v 24.769310 -3.644440 -47.741928
v 24.763290 -3.581090 -47.726330
v -18.273520 -0.644680 3.137740
v -18.731171 -0.597560 3.269230
v -18.226820 0.471670 3.197730
v -18.579691 0.304210 3.314920
v -18.436760 0.981290 2.931670
v -18.839230 0.580620 3.125700
v -19.150040 -0.489920 3.034740
v -18.772610 0.687480 2.510350
v -19.023560 0.479050 2.759190
v -19.052780 -0.335440 2.157410
v -19.283449 -0.378140 2.574310
v -18.176270 -0.490180 2.260430
v -18.042170 -0.597640 2.721740
v -18.157431 0.580330 2.584550
v -18.031071 0.304770 2.875280
v -18.594570 -0.378700 2.026670
v -18.473560 0.481260 2.321500
v -19.153589 -3.662060 2.657750
v -18.751051 -3.687860 2.537240
v -18.849230 -3.686190 2.414060
v -18.543671 -3.661970 2.171720
v -19.425381 -3.457830 1.690560
v -19.137310 -3.572000 2.052320
v -19.601089 -3.548040 2.429230
v -19.723850 -3.436000 1.941790
v -19.113951 -3.435990 1.455750
v -19.512760 -3.385960 1.580950
v -18.666140 -3.548080 1.684680
v -19.251570 -0.284890 2.082290
v -19.707279 -0.342850 2.216250
v -19.585140 0.698260 1.664900
v -19.869640 0.488120 1.867930
v -19.932400 0.946750 1.226440
v -20.191441 0.555430 1.600550
v -20.118950 -0.490210 1.990770
v -20.117790 0.409860 0.994000
v -20.302830 0.254460 1.325570
v -20.012550 -0.695200 1.124940
v -20.246679 -0.633480 1.537490
v -19.145189 -0.489860 1.216440
v -19.018351 -0.342360 1.668660
v -19.509661 0.555990 1.059310
v -19.320971 0.487500 1.428290
v -19.557680 -0.633510 0.989990
v -19.753599 0.256490 0.886910
v -19.034130 -3.327250 2.980180
v -18.638149 -3.265110 2.851380
v -18.721600 -3.348170 2.746730
v -18.424191 -3.327280 2.494130
v -19.284220 -3.651210 2.040200
v -19.002911 -3.499690 2.393460
v -19.475281 -3.476320 2.759600
v -19.591021 -3.627130 2.281000
v -18.981091 -3.627210 1.794960
v -19.382000 -3.665690 1.917540
v -18.540319 -3.476260 2.015060
v -19.481630 -0.546530 3.463340
v -19.928329 -0.686910 3.561830
v -19.858910 0.493380 3.631550
v -20.127609 0.195300 3.704010
v -20.233990 0.917260 3.398690
v -20.464270 0.376840 3.521530
v -20.347601 -0.714380 3.305890
v -20.418680 0.571870 2.926240
v -20.582741 0.258160 3.133610
v -20.281321 -0.433530 2.457520
v -20.495190 -0.606570 2.848870
v -19.415359 -0.265650 2.614980
v -19.268789 -0.369360 3.073330
v -19.811541 0.690850 3.038760
v -19.602530 0.449180 3.311420
v -19.835581 -0.289480 2.360170
v -20.057060 0.513830 2.743260
v -19.147909 -3.597610 2.633290
v -18.760651 -3.459120 2.543300
v -18.847460 -3.479360 2.413430
v -18.564039 -3.316200 2.199520
v -19.438629 -3.396210 1.671030
v -19.143070 -3.437780 2.042210
v -19.596300 -3.630460 2.381570
v -19.733080 -3.515340 1.898640
v -19.149210 -3.233950 1.464870
v -19.542271 -3.349250 1.562050
v -18.701281 -3.199270 1.717140
v -16.910879 0.167250 0.195820
v -16.633341 0.024000 0.558310
v -16.453800 1.176500 0.352620
v -16.302650 0.877340 0.584940
v -16.427151 1.640780 0.750530
v -16.281019 1.093480 0.948770
v -16.663950 0.047410 1.048790
v -16.797701 1.378830 1.163690
v -16.579720 1.040400 1.243030
v -17.400490 0.456840 1.353570
v -16.980360 0.229490 1.378970
v -17.647400 0.576730 0.500630
v -17.328831 0.398520 0.170340
v -16.968800 1.463760 0.564600
v -16.859440 1.177130 0.277640
v -17.676140 0.603580 0.991050
v -17.134621 1.341580 0.934070
v -18.183540 -2.721900 0.573150
v -18.426020 -2.580420 0.259420
v -18.501431 -2.577810 0.397700
v -18.800341 -2.389890 0.230290
v -18.862370 -2.364290 1.253090
v -18.681900 -2.471050 0.825390
v -18.197479 -2.703740 1.087910
v -18.540661 -2.510620 1.419760
v -19.157471 -2.178650 1.076880
v -18.903000 -2.298250 1.390240
v -19.142570 -2.195060 0.562090
v -17.383730 0.457690 1.571380
v -17.144159 0.219310 1.910150
v -17.271509 1.350840 2.235980
v -17.083389 1.012310 2.363670
v -17.449499 1.580500 2.774670
v -17.188629 1.039990 2.773220
v -17.265079 0.011890 2.339530
v -17.794769 1.096820 2.927860
v -17.505770 0.805570 2.925170
v -18.129681 0.095960 2.559670
v -17.672970 -0.036870 2.610770
v -18.248320 0.541760 1.791520
v -17.839510 0.594330 1.522390
v -17.876129 1.411040 2.389240
v -17.640610 1.311020 2.056110
v -18.368420 0.337700 2.222810
v -18.061340 1.106620 2.617240
v -17.814960 -2.467110 0.401290
v -18.029480 -2.245960 0.114370
v -18.125320 -2.320150 0.215010
v -18.431789 -2.135140 0.058410
v -18.675541 -2.587660 0.945290
v -18.400410 -2.453910 0.580130
v -17.922899 -2.687070 0.854570
v -18.359449 -2.731860 1.124040
v -18.976280 -2.399960 0.781140
v -18.756710 -2.599620 1.079720
v -18.867960 -2.178280 0.328780
v -16.206820 -0.228850 1.156330
v -16.031940 -0.529220 1.485200
v -15.549570 0.542660 1.630570
v -15.513210 0.165100 1.780280
v -15.473790 0.866170 2.144570
v -15.496890 0.268270 2.190970
v -16.131929 -0.622400 1.957830
v -15.956240 0.621030 2.434010
v -15.841580 0.227090 2.432040
v -16.785900 -0.116610 2.303530
v -16.442329 -0.449480 2.298440
v -16.860760 0.276970 1.502060
v -16.547319 0.107060 1.162640
v -16.006430 0.897550 1.871440
v -15.926300 0.673620 1.525200
v -16.958080 0.186470 1.975780
v -16.252239 0.736820 2.175890
v -18.182409 -2.655120 0.591040
v -18.331680 -2.378270 0.311170
v -18.424801 -2.389870 0.437710
v -18.639669 -2.091220 0.306100
v -18.851990 -2.307580 1.285240
v -18.638399 -2.348710 0.861470
v -18.271460 -2.763860 1.086770
v -18.605120 -2.573720 1.429830
v -19.062420 -2.009870 1.144870
v -18.896290 -2.269620 1.431580
v -18.972031 -1.899750 0.649690
v -15.931050 -0.707270 -14.860360
v -15.560060 -0.405590 -14.878100
v -16.521040 0.169530 -14.492700
v -16.135611 0.249540 -14.599230
v -16.578899 0.550730 -14.017410
v -16.038589 0.503740 -14.274380
v -15.240000 -0.229790 -14.548430
v -16.127951 0.295520 -13.688560
v -15.815730 0.352870 -13.948500
v -15.370420 -0.526070 -13.712830
v -15.162850 -0.277010 -14.064570
v -16.061470 -1.003540 -14.024730
v -16.141359 -0.952850 -14.507820
v -16.613779 -0.037680 -13.908630
v -16.598669 -0.187320 -14.300830
v -15.743810 -0.824660 -13.694370
v -16.280849 -0.082480 -13.651510
v -13.668960 -2.867890 -15.429740
v -14.002780 -3.123080 -15.403720
v -13.913850 -3.129260 -15.273820
v -14.183560 -3.352820 -15.100710
v -13.499260 -2.994940 -14.426710
v -13.706560 -3.062110 -14.850270
v -13.327280 -2.671450 -15.097800
v -13.258620 -2.734860 -14.591390
v -13.773180 -3.219830 -14.262380
v -13.454640 -2.945410 -14.283980
v -14.116070 -3.414710 -14.593950
v -15.219480 -0.427670 -13.589300
v -14.798770 -0.207960 -13.650130
v -15.396640 0.315900 -12.772130
v -15.052810 0.367810 -12.985180
v -15.201010 0.482470 -12.216630
v -14.796390 0.453810 -12.658950
v -14.360270 -0.230940 -13.428270
v -14.768400 0.048770 -12.179690
v -14.542400 0.152590 -12.506010
v -14.322830 -0.807510 -12.743310
v -14.163280 -0.477130 -13.050270
v -15.182030 -1.004230 -12.904310
v -15.380280 -0.754770 -13.279560
v -15.371920 -0.086990 -12.292790
v -15.515300 -0.069990 -12.687230
v -14.744620 -1.024330 -12.679990
v -15.006740 -0.282940 -12.208050
v -13.948180 -2.523800 -15.614030
v -14.319100 -2.710760 -15.545420
v -14.202120 -2.782010 -15.467600
v -14.462720 -3.008800 -15.285000
v -13.539380 -3.062050 -14.843180
v -13.870740 -2.922000 -15.155380
v -13.483320 -2.532540 -15.391880
v -13.292220 -2.800860 -14.996060
v -13.806760 -3.285880 -14.667090
v -13.442930 -3.080800 -14.720050
v -14.272180 -3.275710 -14.887980
v -14.938130 0.059470 -14.897830
v -14.483600 0.195560 -14.960000
v -15.125070 1.116090 -14.580620
v -14.747400 1.036580 -14.712320
v -14.998230 1.519830 -14.138460
v -14.536950 1.254730 -14.416190
v -14.096240 0.256810 -14.662980
v -14.651880 1.133540 -13.810660
v -14.362320 1.051280 -14.089480
v -14.262620 0.085780 -13.799190
v -14.004890 0.214400 -14.181140
v -15.104490 -0.111570 -14.034060
v -15.196990 -0.064880 -14.515310
v -15.242830 0.997030 -13.976760
v -15.315740 0.828490 -14.354560
v -14.718120 -0.046530 -13.736480
v -14.932130 0.845270 -13.733140
v -13.704660 -2.830490 -15.383800
v -14.106740 -2.937290 -15.319270
v -14.016790 -2.968650 -15.193810
v -14.336290 -3.061400 -14.988830
v -13.517240 -2.949000 -14.382860
v -13.767020 -2.958820 -14.788340
v -13.289430 -2.758280 -15.087360
v -13.210220 -2.810990 -14.581270
v -13.841820 -3.041920 -14.186310
v -13.446280 -2.911260 -14.247360
v -14.257570 -3.112220 -14.482460
v -17.310440 -1.446010 -11.287760
v -16.884489 -1.236750 -11.349010
v -17.689989 -0.418940 -11.057370
v -17.299561 -0.439880 -11.173250
v -17.652010 0.031310 -10.644550
v -17.141541 -0.167550 -10.889660
v -16.525110 -1.087190 -11.048120
v -17.256390 -0.263570 -10.279630
v -16.946650 -0.313210 -10.544090
v -16.691650 -1.222820 -10.178120
v -16.446020 -1.078390 -10.562370
v -17.476959 -1.581610 -10.417760
v -17.557970 -1.586400 -10.903300
v -17.807940 -0.513490 -10.449230
v -17.836149 -0.718750 -10.814640
v -17.119261 -1.428470 -10.116640
v -17.484970 -0.590380 -10.187090
v -15.576020 -4.100750 -11.519750
v -15.955560 -4.271840 -11.457100
v -15.866320 -4.277820 -11.327430
v -16.172340 -4.410490 -11.123860
v -15.408710 -4.112660 -10.508370
v -15.637520 -4.195250 -10.917900
v -15.191120 -3.935590 -11.219620
v -15.123110 -3.937240 -10.709180
v -15.719350 -4.247060 -10.313290
v -15.350530 -4.053480 -10.374470
v -16.105110 -4.410420 -10.613280
v -16.519800 -1.142010 -10.070130
v -16.063940 -1.028920 -10.161550
v -16.511650 -0.266160 -9.373840
v -16.170879 -0.320950 -9.591000
v -16.269390 -0.065730 -8.848730
v -15.892840 -0.245010 -9.280330
v -15.634190 -1.112500 -9.937140
v -15.937880 -0.571840 -8.745850
v -15.704370 -0.567840 -9.083180
v -15.700600 -1.576900 -9.173610
v -15.483300 -1.337040 -9.525890
v -16.586210 -1.606360 -9.306590
v -16.737551 -1.378050 -9.715600
v -16.559429 -0.590200 -8.839610
v -16.707121 -0.600910 -9.232720
v -16.156830 -1.686600 -9.080160
v -16.241949 -0.845250 -8.725220
v -15.780900 -3.735660 -11.754370
v -16.180960 -3.826660 -11.659970
v -16.079639 -3.909140 -11.571960
v -16.377171 -4.045490 -11.358500
v -15.473990 -4.229980 -10.910280
v -15.776840 -4.069560 -11.241120
v -15.322390 -3.811120 -11.531710
v -15.181450 -4.053130 -11.099560
v -15.777710 -4.363030 -10.703700
v -15.380270 -4.250700 -10.785390
v -16.236450 -4.285860 -10.925350
v -16.178770 -0.923820 -11.435710
v -15.707660 -0.898890 -11.515850
v -16.127899 0.183130 -11.280570
v -15.779640 0.006110 -11.397540
v -15.905680 0.610700 -10.903210
v -15.519320 0.215110 -11.136520
v -15.307820 -0.879170 -11.229880
v -15.640100 0.211510 -10.520130
v -15.382650 0.029140 -10.782450
v -15.482080 -0.882020 -10.350870
v -15.213900 -0.869040 -10.746770
v -16.353041 -0.926650 -10.556690
v -16.447130 -0.932330 -11.039860
v -16.251030 0.181960 -10.666130
v -16.368799 -0.020590 -11.014790
v -15.953330 -0.902980 -10.270760
v -15.972830 0.004560 -10.401430
v -15.601650 -4.050210 -11.480030
v -16.015240 -4.057760 -11.401750
v -15.930460 -4.088930 -11.272680
v -16.256399 -4.079960 -11.057310
v -15.415270 -4.058030 -10.471950
v -15.672870 -4.073460 -10.872310
v -15.172280 -4.026030 -11.196190
v -15.091700 -4.019640 -10.687610
v -15.746440 -4.049410 -10.264900
v -15.334110 -4.016940 -10.343350
v -16.175900 -4.071620 -10.548750
v -33.369598 9.687190 -33.375290
v -31.032520 8.521940 -35.708549
v -27.102961 13.478640 -29.816589
v -26.477020 12.045430 -32.447029
v -23.106359 12.839370 -27.468750
v -23.757759 10.768250 -31.516150
v -28.631701 5.846280 -35.783661
v -23.649691 8.195810 -27.668011
v -23.658991 7.734190 -30.695700
v -28.478220 2.204580 -30.332390
v -27.572720 3.229550 -33.556160
v -33.216141 6.045500 -27.924021
v -34.274170 8.663060 -30.150980
v -26.994310 10.908660 -25.968000
v -29.115191 12.158210 -27.921169
v -30.814600 3.370440 -27.998751
v -26.296749 7.849400 -26.169680
v -46.782478 -5.325000 -44.486252
v -49.070332 -4.177060 -42.181221
v -48.397419 -5.266090 -41.761299
v -49.973610 -5.186990 -39.014252
v -44.916988 -10.589660 -39.597179
v -46.657211 -7.927870 -40.679241
v -44.360531 -8.011510 -44.578442
v -43.307838 -10.639700 -42.325729
v -46.498981 -10.501700 -36.853748
v -44.194500 -11.634980 -39.149441
v -48.919739 -7.814130 -36.760891
v -28.992640 0.136620 -31.473190
v -26.375429 -0.680280 -33.651871
v -24.170330 6.134670 -28.812510
v -23.105949 4.517600 -31.182610
v -20.204309 7.094870 -26.522860
v -20.149679 4.264060 -30.139339
v -23.297449 -2.514910 -33.353321
v -19.365499 2.531070 -25.918091
v -19.184910 1.576350 -28.822590
v -22.186930 -4.967480 -27.373911
v -21.561630 -4.290340 -30.752340
v -27.882120 -2.315950 -25.493790
v -29.617279 -0.539380 -28.094419
v -23.386320 4.404190 -24.591230
v -25.743771 4.630860 -26.656561
v -24.803671 -4.149720 -25.194969
v -21.823030 1.692050 -24.296770
v -37.238560 -19.792030 -39.446758
v -39.803162 -18.981911 -37.294590
v -38.849522 -19.740040 -36.719299
v -40.429699 -19.653959 -33.974758
v -34.007111 -23.371420 -33.803581
v -36.428299 -21.555731 -35.261452
v -34.136940 -21.633650 -39.163879
v -32.404228 -23.417360 -36.535889
v -35.595348 -23.279341 -31.063900
v -33.019321 -24.069229 -33.209911
v -38.696171 -21.436279 -31.346350
v -28.029921 5.729990 -39.871368
v -25.415800 4.764560 -41.992249
v -22.754650 11.064230 -36.704720
v -21.755461 9.471070 -39.118961
v -18.814610 11.499020 -34.218590
v -18.886351 8.866100 -37.981281
v -22.550699 2.614530 -41.680370
v -18.459440 6.848750 -33.835758
v -18.250280 6.030600 -36.779739
v -21.946039 -0.240820 -35.808121
v -21.112560 0.541490 -39.118210
v -27.425261 2.874620 -33.999119
v -28.862631 4.948710 -36.560848
v -22.327660 9.049430 -32.559010
v -24.560369 9.619310 -34.695549
v -24.559589 0.725380 -33.686920
v -21.055229 6.181290 -32.356449
v -37.863529 -12.825800 -49.236568
v -40.424850 -11.871140 -47.140541
v -39.576649 -12.750450 -46.572659
v -41.256538 -12.645250 -43.888699
v -35.247749 -16.998449 -43.682610
v -37.412201 -14.874450 -45.127640
v -34.974880 -14.984380 -48.939838
v -33.541828 -17.066700 -46.351311
v -36.934849 -16.886190 -41.003441
v -34.360390 -17.822210 -43.091770
v -39.822552 -14.726280 -41.299622
v 29.545450 -2.399890 -30.354080
v 31.893070 -0.493700 -32.120152
v 27.013519 4.661970 -27.187170
v 29.176590 4.864460 -29.342440
v 28.198469 8.216380 -24.384340
v 30.925831 7.034880 -27.885900
v 35.088829 0.960270 -31.344400
v 32.369652 6.264240 -23.554760
v 33.548130 6.171950 -26.380140
v 37.132030 -0.130320 -25.209431
v 37.258999 1.111700 -28.481220
v 31.588650 -3.490470 -24.219110
v 29.417839 -3.640740 -27.081881
v 28.455111 3.892630 -22.856110
v 27.163340 2.302570 -25.238840
v 34.783958 -2.035640 -23.443060
v 31.532740 3.611210 -22.276880
v 42.196831 -19.584311 -38.919338
v 39.886768 -21.448500 -37.171890
v 40.985142 -21.154791 -36.449070
v 39.760769 -22.682619 -33.958401
v 46.382950 -19.539640 -32.789600
v 43.684040 -20.347210 -34.619339
v 45.413101 -18.113239 -38.155621
v 47.585659 -17.971849 -35.265961
v 45.149609 -21.070181 -30.305000
v 47.448738 -19.185810 -32.045231
v 41.932560 -22.539789 -31.068230
v 39.171612 -1.237890 -25.884609
v 41.242249 1.039490 -27.554840
v 34.402031 5.152900 -24.235670
v 36.799252 5.710020 -26.054480
v 34.117538 9.175270 -21.862169
v 37.646568 8.420830 -24.703320
v 43.769348 3.390500 -26.547230
v 38.423061 8.545740 -20.140560
v 40.081589 8.478670 -22.714439
v 44.867130 3.567850 -20.084629
v 45.270580 4.438750 -23.452419
v 40.269379 -1.060520 -19.422001
v 38.767170 -2.107820 -22.516670
v 35.176109 5.278420 -19.673491
v 34.785648 3.148600 -21.950750
v 42.795792 1.291170 -18.414280
v 38.065731 5.917740 -18.611561
v 57.101040 -15.097080 -29.781160
v 55.058861 -17.326040 -28.129999
v 55.896290 -16.665951 -27.306490
v 54.664951 -18.195370 -24.820221
v 59.948738 -13.246430 -23.180759
v 57.922489 -14.956190 -25.243629
v 59.645519 -12.725420 -28.784861
v 61.146751 -11.683250 -25.662300
v 58.710678 -14.781540 -20.701349
v 60.736038 -12.535550 -22.350149
v 56.165009 -17.151991 -21.697479
v 36.394020 1.576810 -35.217548
v 38.586262 3.804080 -36.797779
v 32.244209 8.182400 -32.881920
v 34.611141 8.685820 -34.755219
v 32.387501 12.013310 -30.199100
v 35.733200 11.203010 -33.239658
v 41.337990 5.854720 -35.724640
v 36.685169 10.901650 -28.718590
v 38.236118 10.904860 -31.359550
v 42.684368 5.428490 -29.320930
v 43.035339 6.528520 -32.627010
v 37.740410 1.150560 -28.813841
v 36.042191 0.477810 -31.911249
v 33.193810 7.881910 -28.361271
v 32.541489 5.978440 -30.774920
v 40.491489 3.201970 -27.740511
v 36.164219 8.198190 -27.379959
v 52.935478 -13.338430 -40.930801
v 50.774940 -15.518360 -39.367088
v 51.694809 -14.995940 -38.532810
v 50.431492 -16.613001 -36.119129
v 56.170471 -12.255170 -34.338299
v 53.932671 -13.625550 -36.435558
v 55.705780 -11.267770 -39.868092
v 57.403671 -10.602200 -36.743259
v 54.899700 -13.876820 -31.931610
v 57.044991 -11.678770 -33.490898
v 52.128239 -15.946180 -32.994011
v -14.807070 -1.631270 3.110630
v -14.989370 -1.584150 3.550510
v -14.731040 -0.514910 3.111470
v -14.859240 -0.682380 3.460480
v -15.069970 -0.005320 3.109900
v -15.168970 -0.405970 3.545610
v -15.433750 -1.476500 3.732020
v -15.608800 -0.299100 3.110110
v -15.570480 -0.507540 3.461410
v -16.059410 -1.322010 3.109340
v -15.877050 -1.364710 3.549530
v -15.432700 -1.476760 2.487940
v -14.988330 -1.584230 2.670470
v -15.167460 -0.406240 2.675130
v -14.861310 -0.681820 2.757430
v -15.876200 -1.365280 2.669490
v -15.570170 -0.505330 2.758520
v -15.730850 -4.648640 3.499930
v -15.574310 -4.674460 3.109980
v -15.731830 -4.672810 3.110040
v -15.731000 -4.648580 2.720050
v -16.656731 -4.444430 3.109930
v -16.194290 -4.558620 3.109980
v -16.188440 -4.534640 3.707560
v -16.646191 -4.422600 3.499920
v -16.646351 -4.422590 2.720040
v -16.796909 -4.372560 3.109990
v -16.188280 -4.534680 2.512390
v -16.242020 -1.271460 3.218030
v -16.421169 -1.329420 3.657930
v -16.776320 -0.288340 3.218880
v -16.794769 -0.498440 3.567900
v -17.335649 -0.039850 3.217310
v -17.204411 -0.431150 3.653010
v -16.854019 -1.476790 3.839440
v -17.632980 -0.576700 3.217510
v -17.488899 -0.732110 3.568830
v -17.464979 -1.681790 3.216750
v -17.288151 -1.620070 3.656950
v -16.852989 -1.476440 2.595370
v -16.420259 -1.328940 2.777890
v -17.202999 -0.430570 2.782550
v -16.796820 -0.499070 2.864860
v -17.287121 -1.620090 2.776920
v -17.489820 -0.730080 2.865950
v -15.404220 -4.313850 3.607340
v -15.258260 -4.251690 3.217390
v -15.392100 -4.334750 3.217450
v -15.404380 -4.313870 2.827470
v -16.295280 -4.637800 3.217340
v -15.843700 -4.486280 3.217390
v -15.851630 -4.462910 3.814990
v -16.298090 -4.613720 3.607340
v -16.298229 -4.613810 2.827450
v -16.452141 -4.652290 3.217400
v -15.851460 -4.462850 2.619830
v -15.305120 -1.533120 4.258440
v -15.506390 -1.673490 4.669230
v -15.408600 -0.493220 4.658360
v -15.519360 -0.791270 4.913680
v -15.824430 -0.069330 4.806660
v -15.871840 -0.609760 5.063310
v -15.967810 -1.700940 4.837690
v -16.309071 -0.414700 4.656760
v -16.249050 -0.728420 4.914270
v -16.590099 -1.420110 4.257250
v -16.417259 -1.593140 4.668390
v -15.927410 -1.252200 3.678040
v -15.477610 -1.355930 3.848970
v -15.842800 -0.295760 4.251930
v -15.499270 -0.537400 4.258350
v -16.388531 -1.276060 3.847950
v -16.226910 -0.472760 4.259880
v -15.746450 -4.584210 3.480240
v -15.575550 -4.445730 3.121280
v -15.731230 -4.465950 3.108230
v -15.721960 -4.302800 2.753300
v -16.680260 -4.382800 3.108130
v -16.205770 -4.424380 3.108180
v -16.222710 -4.617050 3.674140
v -16.685671 -4.501920 3.480230
v -16.661209 -4.220560 2.753270
v -16.830070 -4.335860 3.121280
v -16.184790 -4.185870 2.560120
v 18.023279 -0.020140 -0.147080
v 17.860880 0.026980 -0.594710
v 17.966610 1.096230 -0.096390
v 17.825630 0.928760 -0.440470
v 18.217770 1.605850 -0.324000
v 17.996710 1.205170 -0.712320
v 18.066280 0.134630 -1.028590
v 18.615210 1.312050 -0.687810
v 18.349819 1.103610 -0.921190
v 18.948200 0.289100 -0.991390
v 18.516550 0.246420 -1.193120
v 18.905190 0.134360 -0.109890
v 18.454121 0.026900 0.055350
v 18.583139 1.204910 -0.068990
v 18.301701 0.929320 0.076920
v 19.109909 0.245850 -0.543150
v 18.823990 1.105820 -0.402330
v 18.442141 -3.037460 -1.057860
v 18.589840 -3.063280 -0.664460
v 18.706039 -3.061640 -0.770810
v 18.968639 -3.037410 -0.482480
v 19.388519 -2.833280 -1.394980
v 19.047291 -2.947450 -1.082890
v 18.639641 -2.923470 -1.519910
v 19.117550 -2.811450 -1.675620
v 19.644051 -2.811440 -1.100260
v 19.491949 -2.761410 -1.489620
v 19.446211 -2.923510 -0.637890
v 19.009590 0.339670 -1.194860
v 18.844879 0.281710 -1.640360
v 19.403250 1.322810 -1.556080
v 19.181320 1.112710 -1.826100
v 19.817039 1.571300 -1.932460
v 19.426121 1.180000 -2.165380
v 19.041750 0.134340 -2.066450
v 20.036301 1.034440 -2.133270
v 19.692860 0.879010 -2.295280
v 19.912840 -0.070650 -2.019330
v 19.485241 -0.008930 -2.224800
v 19.880680 0.134690 -1.147750
v 19.438190 0.282170 -0.990370
v 20.012609 1.180580 -1.522110
v 19.657330 1.112070 -1.308670
v 20.078470 -0.008950 -1.574740
v 20.167959 0.881050 -1.777230
v 18.128630 -2.702660 -0.916680
v 18.284130 -2.640550 -0.530400
v 18.382860 -2.723600 -0.620790
v 18.655130 -2.702680 -0.341300
v 19.049370 -3.026650 -1.230300
v 18.716089 -2.875130 -0.925550
v 18.318630 -2.851760 -1.371850
v 18.788200 -3.002560 -1.519960
v 19.314680 -3.002660 -0.944590
v 19.165070 -3.041140 -1.336190
v 19.125160 -2.851700 -0.489830
v 17.616030 0.078020 -1.330190
v 17.487320 -0.062370 -1.769140
v 17.422489 1.117930 -1.695120
v 17.331881 0.819860 -1.958280
v 17.629250 1.541830 -2.085210
v 17.490950 1.001390 -2.306580
v 17.714081 -0.089870 -2.204880
v 18.088020 1.196450 -2.301720
v 17.869940 0.882710 -2.451210
v 18.565020 0.191020 -2.196610
v 18.159981 0.017970 -2.383320
v 18.466970 0.358910 -1.321930
v 18.019670 0.255210 -1.144450
v 18.017179 1.315400 -1.688290
v 17.759380 1.073750 -1.461180
v 18.692539 0.335070 -1.758550
v 18.295240 1.138390 -1.953390
v 18.466949 -2.973060 -1.053860
v 18.583130 -2.834570 -0.673640
v 18.706810 -2.854800 -0.769090
v 18.939529 -2.691620 -0.500930
v 19.407141 -2.771650 -1.409540
v 19.056980 -2.813230 -1.089310
v 18.687500 -3.005880 -1.518380
v 19.159969 -2.890770 -1.687770
v 19.632589 -2.609410 -1.134830
v 19.508801 -2.724690 -1.520350
v 19.411430 -2.574720 -0.670730
v 22.863331 -0.128420 -2.726040
v 22.542971 -0.017790 -2.388250
v 23.345140 0.849410 -2.473440
v 23.027451 0.744810 -2.240130
v 23.258810 1.454670 -2.501540
v 22.840370 1.124770 -2.225420
v 22.140471 0.264620 -2.371200
v 22.705441 1.417910 -2.764300
v 22.508209 1.205400 -2.473980
v 21.950821 0.683910 -3.140140
v 21.896271 0.558200 -2.681800
v 22.673660 0.290900 -3.494960
v 22.920389 0.000760 -3.183060
v 23.214020 1.142750 -3.011440
v 23.326820 0.761430 -2.876070
v 22.273380 0.576400 -3.476770
v 22.810089 1.222510 -3.108530
v 20.803080 -2.474350 -3.327200
v 21.088930 -2.555800 -3.625360
v 20.960060 -2.487340 -3.684690
v 21.136749 -2.457330 -4.031930
v 20.285789 -1.887460 -3.989770
v 20.622910 -2.187400 -3.837230
v 20.380989 -2.181130 -3.290280
v 20.135750 -1.880650 -3.629020
v 20.469379 -1.863660 -4.333770
v 20.197559 -1.762810 -4.028500
v 20.892590 -2.155340 -4.370130
v 21.773220 0.804930 -3.101060
v 21.415930 0.819130 -2.783060
v 21.703320 1.921690 -3.106420
v 21.459801 1.731860 -2.840020
v 21.337681 2.384370 -3.270210
v 21.111971 1.965060 -2.904960
v 20.927090 0.865880 -2.812560
v 20.891380 2.024990 -3.490010
v 20.801020 1.815450 -3.148990
v 20.614340 0.953650 -3.647750
v 20.594490 0.924770 -3.170650
v 21.460470 0.892720 -3.936230
v 21.793480 0.838250 -3.577800
v 21.485870 1.983860 -3.690840
v 21.758739 1.747370 -3.476190
v 20.971951 0.943390 -3.965440
v 21.101830 1.832950 -3.784040
v 21.151421 -2.312600 -3.039440
v 21.461670 -2.309960 -3.324050
v 21.320379 -2.328230 -3.391320
v 21.485060 -2.295660 -3.744190
v 20.464180 -2.218430 -3.794330
v 20.892290 -2.273330 -3.592830
v 20.638800 -2.261760 -3.051210
v 20.304029 -2.203910 -3.438200
v 20.637630 -2.187020 -4.142940
v 20.329790 -2.164850 -3.856620
v 21.150450 -2.235870 -4.131040
v 21.999680 0.147290 -1.858080
v 21.605690 0.096930 -1.591270
v 22.134430 1.123570 -1.328250
v 21.822069 0.895420 -1.199080
v 21.888540 1.680730 -1.267210
v 21.536591 1.206300 -1.161210
v 21.143999 0.264590 -1.619450
v 21.424520 1.577520 -1.655350
v 21.245701 1.262540 -1.462590
v 20.986509 0.795900 -2.323690
v 20.887581 0.556920 -1.921260
v 21.842159 0.678580 -2.562310
v 22.099770 0.389810 -2.258050
v 22.025721 1.495680 -1.820600
v 22.214470 1.130820 -1.732850
v 21.381500 0.849420 -2.588340
v 21.640070 1.498640 -1.994390
v 20.822910 -2.408980 -3.338040
v 21.169060 -2.348550 -3.569940
v 21.039070 -2.300380 -3.644780
v 21.259930 -2.148990 -3.929380
v 20.290359 -1.821650 -3.988010
v 20.664730 -2.061010 -3.816390
v 20.336161 -2.240400 -3.349920
v 20.081890 -1.935200 -3.677630
v 20.518881 -1.675260 -4.269000
v 20.179270 -1.715750 -4.023520
v 21.006189 -1.842220 -4.256020
v 34.166710 -1.006720 -18.838329
v 33.715389 -0.959600 -18.990191
v 34.171040 0.109630 -18.762421
v 33.814072 -0.057830 -18.866520
v 34.149479 0.619250 -19.100679
v 33.708031 0.218560 -19.169720
v 33.503990 -0.851940 -19.421181
v 34.112541 0.325450 -19.638220
v 33.764660 0.117010 -19.576050
v 34.082539 -0.697470 -20.087830
v 33.655830 -0.740160 -19.875879
v 34.745281 -0.852210 -19.504971
v 34.593460 -0.959680 -19.049191
v 34.576611 0.218310 -19.227591
v 34.515369 -0.057270 -18.916531
v 34.533901 -0.740730 -19.935049
v 34.465939 0.119220 -19.623671
v 33.715279 -4.024100 -19.733419
v 34.115021 -4.049900 -19.603830
v 34.104210 -4.048230 -19.760990
v 34.493359 -4.024030 -19.786751
v 34.041248 -3.819880 -20.683710
v 34.072731 -3.934060 -20.222349
v 33.476921 -3.910080 -20.175770
v 33.652882 -3.798050 -20.646601
v 34.430962 -3.798040 -20.699949
v 34.031631 -3.747990 -20.823570
v 34.669350 -3.910120 -20.257111
v 33.961670 -0.646920 -20.262621
v 33.510571 -0.704860 -20.411350
v 33.924358 0.336220 -20.795620
v 33.574909 0.126120 -20.790230
v 33.887791 0.584690 -21.353750
v 33.462051 0.193410 -21.193100
v 33.299950 -0.852240 -20.830820
v 33.867321 0.047840 -21.650370
v 33.526630 -0.107580 -21.482679
v 33.879532 -1.057210 -21.482809
v 33.452431 -0.995510 -21.276381
v 34.541248 -0.851890 -20.914631
v 34.388649 -0.704380 -20.470461
v 34.330608 0.193980 -21.251060
v 34.276199 0.125480 -20.840210
v 34.330509 -0.995530 -21.335381
v 34.227840 -0.105560 -21.531521
v 33.630379 -3.689300 -19.400221
v 34.029381 -3.627150 -19.281179
v 34.020210 -3.710220 -19.414721
v 34.408459 -3.689330 -19.453569
v 33.958729 -4.013250 -20.315809
v 33.989471 -3.861730 -19.865250
v 33.392719 -3.838360 -19.832420
v 33.569439 -3.989170 -20.292009
v 34.347519 -3.989230 -20.345329
v 33.947971 -4.027730 -20.472290
v 34.585129 -3.838300 -19.913759
v 32.987541 -0.908560 -19.256929
v 32.564011 -1.048940 -19.429729
v 32.581520 0.131320 -19.332911
v 32.319241 -0.166760 -19.425989
v 32.405220 0.555210 -19.737659
v 32.145920 0.014790 -19.767410
v 32.364471 -1.076420 -19.878571
v 32.521702 0.209850 -20.231400
v 32.268890 -0.103880 -20.153959
v 32.901112 -0.795550 -20.539009
v 32.502720 -0.968590 -20.338539
v 33.524189 -0.627680 -19.917370
v 33.384319 -0.731370 -19.456909
v 32.957378 0.328810 -19.793800
v 32.974411 0.087150 -19.450640
v 33.323212 -0.651500 -20.365820
v 32.923271 0.151790 -20.176470
v 33.733860 -3.959660 -19.750320
v 34.103649 -3.821170 -19.604300
v 34.106041 -3.841400 -19.760509
v 34.460800 -3.678240 -19.775471
v 34.041439 -3.758250 -20.707331
v 34.073730 -3.799820 -20.233919
v 33.507919 -3.992500 -20.212250
v 33.669819 -3.877370 -20.687361
v 34.396770 -3.595990 -20.712500
v 34.018089 -3.711310 -20.855890
v 34.621990 -3.561310 -20.250370
v -12.823550 0.758760 -51.449749
v -12.029950 0.937420 -51.717480
v -12.975820 2.707190 -51.044392
v -12.349920 2.498520 -51.377029
v -12.589730 3.522570 -50.378769
v -11.873070 2.918750 -50.954571
v -11.253290 1.058790 -51.322109
v -11.903450 2.824560 -49.831161
v -11.475760 2.593590 -50.391041
v -11.297900 0.925850 -49.724388
v -10.949870 1.055890 -50.495911
v -12.868160 0.625800 -49.852039
v -13.172100 0.631370 -50.678059
v -13.008300 2.614450 -49.921841
v -13.269760 2.251650 -50.536221
v -12.091940 0.749430 -49.456478
v -12.397100 2.348530 -49.551449
v -10.994820 -4.551510 -52.120892
v -11.734980 -4.705250 -51.862331
v -11.528220 -4.718470 -51.639431
v -12.063950 -4.838210 -51.146481
v -10.421890 -4.597230 -50.389481
v -10.975070 -4.657870 -51.014450
v -10.190460 -4.422030 -51.731770
v -9.895330 -4.430970 -50.878799
v -10.964460 -4.717740 -49.904381
v -10.229030 -4.540190 -50.161098
v -11.769180 -4.845400 -50.293381
v -10.955210 1.001330 -49.615978
v -10.160990 0.998980 -49.936310
v -10.351300 2.542490 -48.500648
v -9.860030 2.293150 -48.992950
v -9.667360 2.835300 -47.661930
v -9.247850 2.319290 -48.538021
v -9.384400 0.682540 -49.669861
v -9.278160 1.790120 -47.542530
v -8.985540 1.680540 -48.214909
v -9.428440 -0.068660 -48.253479
v -9.080050 0.241600 -48.971550
v -10.999270 0.250130 -48.199612
v -11.303090 0.693420 -48.896660
v -10.383050 2.015640 -47.505051
v -10.779840 2.045230 -48.152458
v -10.222210 -0.064330 -47.932072
v -9.906110 1.435170 -47.374569
v -11.279070 -3.845880 -52.513088
v -12.014680 -3.836360 -52.201511
v -11.821590 -4.007400 -52.040039
v -12.348200 -4.132680 -51.538700
v -10.714450 -4.782750 -51.053070
v -11.268030 -4.395080 -51.546558
v -10.473940 -4.162080 -52.254299
v -10.178760 -4.616360 -51.532330
v -11.247880 -4.903190 -50.557961
v -10.507610 -4.891670 -50.858231
v -12.052660 -4.585380 -50.815880
v -10.747860 1.179400 -52.125221
v -9.959830 1.017790 -52.419029
v -10.159590 3.082470 -51.998310
v -9.671780 2.617310 -52.300930
v -9.467320 3.778040 -51.456161
v -9.052100 2.884040 -51.944160
v -9.171300 0.895660 -52.048191
v -9.051740 2.954130 -50.818539
v -8.769080 2.511730 -51.342110
v -9.171720 0.996800 -50.447521
v -8.843940 0.888700 -51.231201
v -10.748280 1.280530 -50.524578
v -11.075140 1.290140 -51.341759
v -10.160710 3.154560 -50.873779
v -10.569950 2.836750 -51.429642
v -9.959320 1.160640 -50.153858
v -9.668020 2.733250 -50.472260
v -11.011910 -4.470200 -52.048141
v -11.741680 -4.306480 -51.767208
v -11.541720 -4.365690 -51.545582
v -12.055930 -4.215310 -51.038311
v -10.398810 -4.498170 -50.330170
v -10.970270 -4.431920 -50.937881
v -10.195020 -4.595850 -51.684761
v -9.876070 -4.601860 -50.840389
v -10.920080 -4.347000 -49.830551
v -10.185930 -4.486820 -50.112999
v -11.736650 -4.219500 -50.194050
v 22.282000 0.147950 -46.028858
v 21.912010 0.286040 -46.708801
v 22.062599 1.936940 -45.694141
v 21.771761 1.707940 -46.261478
v 22.349791 2.874300 -45.999390
v 21.957350 2.240320 -46.676628
v 22.132179 0.579000 -47.428841
v 22.955660 2.505360 -46.742470
v 22.496981 2.169670 -47.115719
v 23.552460 0.956930 -47.521000
v 22.811609 0.859030 -47.765259
v 23.702290 0.525880 -46.121010
v 23.022200 0.248540 -45.783710
v 23.059860 2.202840 -45.757610
v 22.668289 1.678680 -45.517769
v 23.921900 0.821140 -46.840328
v 23.391960 2.141570 -46.370201
v 23.104010 -4.475710 -48.254532
v 23.450920 -4.588480 -47.623562
v 23.623369 -4.516950 -47.827999
v 24.138281 -4.510340 -47.394032
v 24.545540 -3.929370 -48.912319
v 24.084471 -4.223160 -48.370152
v 23.312380 -4.174600 -49.000469
v 24.019911 -3.892050 -49.331619
v 25.054180 -3.926720 -48.471119
v 24.701771 -3.791400 -49.094570
v 24.845381 -4.226100 -47.724621
v 23.587660 1.085030 -47.833599
v 23.226721 1.051230 -48.531342
v 24.020269 2.808290 -48.285042
v 23.618910 2.483340 -48.723450
v 24.579950 3.375360 -48.932701
v 23.935970 2.698620 -49.309368
v 23.467291 0.927640 -49.292702
v 24.954651 2.550130 -49.416359
v 24.377470 2.272580 -49.644859
v 24.916969 0.717700 -49.443878
v 24.168060 0.791320 -49.671551
v 25.037359 0.875110 -47.984779
v 24.336929 1.014290 -47.606281
v 25.038460 2.661840 -48.390301
v 24.515520 2.452970 -47.979839
v 25.278231 0.753950 -48.746441
v 25.273170 2.244490 -48.900200
v 22.585300 -4.014020 -47.886070
v 22.928789 -3.970920 -47.244678
v 23.096050 -4.053860 -47.449150
v 23.619560 -4.048720 -47.025570
v 24.060949 -4.320640 -48.619251
v 23.578510 -4.187250 -48.034199
v 22.815229 -4.137240 -48.675018
v 23.543640 -4.278960 -49.048389
v 24.577921 -4.313680 -48.187889
v 24.237610 -4.332810 -48.832111
v 24.348230 -4.188660 -47.399158
v 21.348820 0.476480 -47.816891
v 21.059111 0.313370 -48.529461
v 20.823250 2.202830 -48.139462
v 20.649981 1.751180 -48.613670
v 21.007580 3.024950 -48.726341
v 20.809799 2.143210 -49.171299
v 21.330030 0.390360 -49.286739
v 21.757380 2.552720 -49.246071
v 21.408920 2.034440 -49.515091
v 22.677790 0.974290 -49.392021
v 22.000090 0.666070 -49.644741
v 22.696569 1.060380 -47.922169
v 22.025320 0.787310 -47.564308
v 21.769320 2.613720 -48.212410
v 21.430571 2.133720 -47.837719
v 22.966499 1.139620 -48.679600
v 22.187571 2.418380 -48.737980
v 23.143299 -4.382790 -48.235409
v 23.413340 -4.216590 -47.579189
v 23.599670 -4.185070 -47.781559
v 24.043579 -3.941440 -47.337608
v 24.564400 -3.823780 -48.926151
v 24.082041 -4.004440 -48.353859
v 23.404961 -4.308920 -49.020641
v 24.101471 -4.023920 -49.372410
v 25.001760 -3.582600 -48.474571
v 24.721970 -3.726510 -49.132000
v 24.739330 -3.654760 -47.689461
vt 0.115949 0.689820
vt 0.115352 0.689655
vt 0.116334 0.658098
vt 0.116843 0.658436
vt 0.115355 0.621250
vt 0.115950 0.621081
vt 0.116842 0.652466
vt 0.116333 0.652804
vt 0.116054 0.692552
vt 0.115935 0.691234
vt 0.119488 0.691465
vt 0.119534 0.692371
vt 0.119524 0.690393
vt 0.116105 0.618300
vt 0.115530 0.618268
vt 0.118033 0.607971
vt 0.118517 0.608260
vt 0.115526 0.692631
vt 0.118501 0.702640
vt 0.118013 0.702935
vt 0.115963 0.619678
vt 0.119517 0.619421
vt 0.119525 0.620508
vt 0.119574 0.618578
vt 0.120109 0.620133
vt 0.120270 0.650641
vt 0.119932 0.651121
vt 0.120639 0.619835
vt 0.120708 0.650258
vt 0.120626 0.618351
vt 0.120063 0.618479
vt 0.121079 0.610342
vt 0.121625 0.610120
vt 0.120562 0.610191
vt 0.120596 0.619112
vt 0.124292 0.618862
vt 0.124289 0.619505
vt 0.124296 0.618346
vt 0.119643 0.704619
vt 0.118972 0.703737
vt 0.120819 0.701432
vt 0.121314 0.701947
vt 0.120584 0.700718
vt 0.119730 0.606281
vt 0.119364 0.605836
vt 0.123669 0.602494
vt 0.123799 0.603045
vt 0.119320 0.705087
vt 0.123775 0.707856
vt 0.123645 0.708405
vt 0.119020 0.607175
vt 0.120806 0.609465
vt 0.121321 0.608949
vt 0.121577 0.609511
vt 0.124311 0.608025
vt 0.124280 0.608644
vt 0.124320 0.607537
vt 0.125840 0.707857
vt 0.124808 0.708129
vt 0.124783 0.703514
vt 0.125311 0.703364
vt 0.124248 0.703399
vt 0.125875 0.603069
vt 0.126001 0.602502
vt 0.130322 0.605851
vt 0.129993 0.606284
vt 0.125979 0.708401
vt 0.129977 0.704626
vt 0.130306 0.705058
vt 0.124829 0.602779
vt 0.124824 0.607411
vt 0.125328 0.607535
vt 0.125368 0.608644
vt 0.125336 0.608025
vt 0.128046 0.609523
vt 0.127991 0.610144
vt 0.128322 0.608955
vt 0.124826 0.608467
vt 0.124825 0.618296
vt 0.125389 0.618301
vt 0.124821 0.619421
vt 0.124812 0.649601
vt 0.124304 0.649715
vt 0.125353 0.619505
vt 0.125321 0.649714
vt 0.125379 0.618874
vt 0.129078 0.619097
vt 0.129003 0.619835
vt 0.129062 0.618401
vt 0.131121 0.702645
vt 0.130651 0.703743
vt 0.128807 0.701443
vt 0.129042 0.700724
vt 0.128310 0.701952
vt 0.131134 0.608267
vt 0.131622 0.607971
vt 0.134116 0.618269
vt 0.133587 0.618347
vt 0.131610 0.702937
vt 0.133531 0.692603
vt 0.134107 0.692636
vt 0.130666 0.607167
vt 0.128838 0.609469
vt 0.129085 0.610194
vt 0.128551 0.610362
vt 0.129589 0.618481
vt 0.130108 0.618527
vt 0.133693 0.621078
vt 0.134290 0.621244
vt 0.133295 0.652799
vt 0.132785 0.652461
vt 0.134282 0.689650
vt 0.133687 0.689820
vt 0.132787 0.658433
vt 0.133297 0.658095
vt 0.133707 0.619664
vt 0.130152 0.619431
vt 0.130117 0.620504
vt 0.133674 0.691223
vt 0.130121 0.691477
vt 0.130112 0.690391
vt 0.130063 0.692324
vt 0.129534 0.620132
vt 0.129356 0.650640
vt 0.128918 0.650257
vt 0.129693 0.651119
vt 0.125350 0.691392
vt 0.124818 0.691475
vt 0.124815 0.661294
vt 0.125322 0.661181
vt 0.124287 0.691391
vt 0.124307 0.661181
vt 0.125342 0.692553
vt 0.125347 0.692035
vt 0.129041 0.691787
vt 0.129011 0.692549
vt 0.128999 0.691062
vt 0.124251 0.692597
vt 0.124813 0.692603
vt 0.124806 0.702432
vt 0.124267 0.702256
vt 0.125353 0.702256
vt 0.124261 0.692024
vt 0.120562 0.691801
vt 0.120637 0.691061
vt 0.120577 0.692497
vt 0.120106 0.690766
vt 0.120273 0.660257
vt 0.120712 0.660638
vt 0.119935 0.659778
vt 0.120052 0.692418
vt 0.121103 0.700550
vt 0.121645 0.700755
vt 0.125320 0.702875
vt 0.128054 0.701395
vt 0.128009 0.700780
vt 0.124260 0.702880
vt 0.121590 0.701378
vt 0.129529 0.690765
vt 0.129358 0.660256
vt 0.129696 0.659777
vt 0.128919 0.660638
vt 0.129575 0.692422
vt 0.128537 0.700571
vt 0.120635 0.651691
vt 0.120745 0.651003
vt 0.124298 0.650155
vt 0.124224 0.650631
vt 0.118709 0.654442
vt 0.119507 0.652917
vt 0.119369 0.655009
vt 0.118823 0.655450
vt 0.120394 0.654885
vt 0.119466 0.652253
vt 0.117280 0.654283
vt 0.117888 0.655450
vt 0.117279 0.656618
vt 0.119470 0.658647
vt 0.118711 0.656462
vt 0.120395 0.656011
vt 0.120386 0.655448
vt 0.124032 0.655448
vt 0.124036 0.655858
vt 0.124036 0.655038
vt 0.119370 0.655888
vt 0.119511 0.657982
vt 0.120639 0.659202
vt 0.120749 0.659892
vt 0.124301 0.660741
vt 0.124228 0.660268
vt 0.129233 0.656010
vt 0.130259 0.655887
vt 0.130121 0.657979
vt 0.128991 0.659204
vt 0.130805 0.655447
vt 0.130919 0.656455
vt 0.129233 0.654884
vt 0.129241 0.655447
vt 0.125595 0.655448
vt 0.125591 0.655038
vt 0.125591 0.655858
vt 0.130259 0.655008
vt 0.130117 0.652915
vt 0.130917 0.654435
vt 0.128988 0.651693
vt 0.124813 0.655843
vt 0.124811 0.660357
vt 0.125402 0.660264
vt 0.124813 0.655052
vt 0.124815 0.650537
vt 0.125398 0.650626
vt 0.125326 0.650154
vt 0.128879 0.651003
vt 0.130158 0.652250
vt 0.132349 0.654279
vt 0.131741 0.655447
vt 0.128882 0.659892
vt 0.125329 0.660740
vt 0.130162 0.658644
vt 0.132349 0.656615
vt 0.156592 0.620223
vt 0.157189 0.620388
vt 0.156194 0.651942
vt 0.155683 0.651605
vt 0.157189 0.688787
vt 0.156594 0.688957
vt 0.155686 0.657573
vt 0.156195 0.657235
vt 0.156488 0.617492
vt 0.156607 0.618809
vt 0.153052 0.618581
vt 0.153008 0.617675
vt 0.153016 0.619650
vt 0.156439 0.691738
vt 0.157016 0.691770
vt 0.154518 0.702068
vt 0.154033 0.701781
vt 0.157016 0.617414
vt 0.154034 0.607407
vt 0.154523 0.607112
vt 0.156582 0.690360
vt 0.153027 0.690620
vt 0.153019 0.689532
vt 0.152971 0.691462
vt 0.152436 0.689906
vt 0.152259 0.659398
vt 0.152596 0.658919
vt 0.151905 0.690204
vt 0.151821 0.659781
vt 0.151918 0.691689
vt 0.152482 0.691561
vt 0.151470 0.699699
vt 0.150924 0.699922
vt 0.151987 0.699850
vt 0.151949 0.690929
vt 0.148254 0.691179
vt 0.148256 0.690536
vt 0.148248 0.691696
vt 0.152893 0.605430
vt 0.153563 0.606310
vt 0.151718 0.608615
vt 0.151223 0.608102
vt 0.151953 0.609329
vt 0.152821 0.703758
vt 0.153188 0.704203
vt 0.148883 0.707546
vt 0.148754 0.706997
vt 0.153216 0.604960
vt 0.148761 0.602195
vt 0.148890 0.601645
vt 0.153530 0.702864
vt 0.151744 0.700575
vt 0.151228 0.701091
vt 0.150973 0.700530
vt 0.148239 0.702017
vt 0.148269 0.701398
vt 0.148231 0.702505
vt 0.146696 0.602194
vt 0.147728 0.601922
vt 0.147754 0.606537
vt 0.147227 0.606688
vt 0.148289 0.606652
vt 0.146680 0.706973
vt 0.146552 0.707540
vt 0.142230 0.704195
vt 0.142557 0.703762
vt 0.146557 0.601652
vt 0.142560 0.605428
vt 0.142232 0.604995
vt 0.147724 0.707262
vt 0.147726 0.702630
vt 0.147221 0.702506
vt 0.147179 0.701398
vt 0.147212 0.702017
vt 0.144500 0.700520
vt 0.144555 0.699900
vt 0.144224 0.701089
vt 0.147721 0.701575
vt 0.147718 0.691746
vt 0.147155 0.691741
vt 0.147723 0.690620
vt 0.147717 0.660439
vt 0.148225 0.660325
vt 0.147191 0.690537
vt 0.147209 0.660326
vt 0.147166 0.691168
vt 0.143465 0.690948
vt 0.143540 0.690208
vt 0.143481 0.691643
vt 0.141416 0.607407
vt 0.141886 0.606310
vt 0.143731 0.608611
vt 0.143496 0.609329
vt 0.144228 0.608102
vt 0.141414 0.701778
vt 0.140928 0.702074
vt 0.138428 0.691779
vt 0.138956 0.691700
vt 0.140927 0.607116
vt 0.139005 0.617450
vt 0.138429 0.617417
vt 0.141883 0.702879
vt 0.143708 0.700575
vt 0.143461 0.699851
vt 0.143995 0.699682
vt 0.142954 0.691564
vt 0.142436 0.691516
vt 0.138850 0.688969
vt 0.138253 0.688803
vt 0.139233 0.657247
vt 0.139743 0.657585
vt 0.138254 0.620400
vt 0.138849 0.620231
vt 0.139740 0.651616
vt 0.139230 0.651953
vt 0.138836 0.690383
vt 0.142391 0.690612
vt 0.142426 0.689539
vt 0.138862 0.618828
vt 0.142415 0.618573
vt 0.142424 0.619658
vt 0.142474 0.617728
vt 0.143009 0.689912
vt 0.143172 0.659404
vt 0.143611 0.659786
vt 0.142835 0.658925
vt 0.147188 0.618654
vt 0.147720 0.618569
vt 0.147708 0.648750
vt 0.147200 0.648863
vt 0.148253 0.618653
vt 0.148217 0.648862
vt 0.147196 0.617496
vt 0.147190 0.618012
vt 0.143494 0.618262
vt 0.143526 0.617502
vt 0.143538 0.618985
vt 0.148289 0.617450
vt 0.147725 0.617445
vt 0.147732 0.607617
vt 0.148271 0.607793
vt 0.147186 0.607794
vt 0.148278 0.618022
vt 0.151978 0.618243
vt 0.151902 0.618982
vt 0.151962 0.617549
vt 0.152433 0.619278
vt 0.152253 0.649784
vt 0.151814 0.649403
vt 0.152590 0.650263
vt 0.152490 0.617628
vt 0.151434 0.609498
vt 0.150892 0.609293
vt 0.147217 0.607176
vt 0.144485 0.608657
vt 0.144529 0.609271
vt 0.148277 0.607170
vt 0.150947 0.608672
vt 0.143007 0.619283
vt 0.143166 0.649791
vt 0.142829 0.650270
vt 0.143605 0.649408
vt 0.142962 0.617630
vt 0.144001 0.609481
vt 0.151892 0.658348
vt 0.151783 0.659035
vt 0.148230 0.659885
vt 0.148303 0.659410
vt 0.153817 0.655598
vt 0.153018 0.657123
vt 0.153157 0.655031
vt 0.153703 0.654591
vt 0.152131 0.655153
vt 0.153061 0.657787
vt 0.155249 0.655757
vt 0.154640 0.654590
vt 0.155248 0.653423
vt 0.153056 0.651394
vt 0.153816 0.653578
vt 0.152131 0.654029
vt 0.152139 0.654592
vt 0.148493 0.654595
vt 0.148489 0.654185
vt 0.148489 0.655004
vt 0.153157 0.654152
vt 0.153015 0.652059
vt 0.151884 0.650838
vt 0.151776 0.650148
vt 0.148222 0.649302
vt 0.148294 0.649774
vt 0.143292 0.654035
vt 0.142267 0.654158
vt 0.142405 0.652066
vt 0.143531 0.650840
vt 0.141720 0.654598
vt 0.141607 0.653591
vt 0.143292 0.655159
vt 0.143284 0.654597
vt 0.146930 0.654595
vt 0.146934 0.655004
vt 0.146934 0.654185
vt 0.142267 0.655037
vt 0.142409 0.657129
vt 0.141609 0.655610
vt 0.143539 0.658350
vt 0.147711 0.654200
vt 0.147711 0.649686
vt 0.147120 0.649779
vt 0.147711 0.654989
vt 0.147712 0.659503
vt 0.147129 0.659414
vt 0.147202 0.659886
vt 0.143649 0.659039
vt 0.142369 0.657793
vt 0.140177 0.655766
vt 0.140786 0.654599
vt 0.143642 0.650153
vt 0.147194 0.649304
vt 0.142364 0.651402
vt 0.140177 0.653431
vt 0.055729 0.761916
vt 0.055132 0.761751
vt 0.056089 0.730195
vt 0.056598 0.730532
vt 0.055222 0.693340
vt 0.055817 0.693170
vt 0.056601 0.724559
vt 0.056092 0.724896
vt 0.055838 0.764647
vt 0.055717 0.763330
vt 0.059271 0.763555
vt 0.059317 0.764460
vt 0.059306 0.762485
vt 0.055981 0.690393
vt 0.055405 0.690359
vt 0.057922 0.680067
vt 0.058407 0.680355
vt 0.055309 0.764727
vt 0.058309 0.774729
vt 0.057820 0.775025
vt 0.055834 0.691770
vt 0.059390 0.691518
vt 0.059395 0.692606
vt 0.059449 0.690675
vt 0.059980 0.692230
vt 0.060025 0.722741
vt 0.059690 0.723221
vt 0.060512 0.691930
vt 0.060461 0.722354
vt 0.060502 0.690446
vt 0.059938 0.690575
vt 0.060969 0.682439
vt 0.061515 0.682216
vt 0.060450 0.682288
vt 0.060470 0.691207
vt 0.064166 0.690959
vt 0.064163 0.691604
vt 0.064172 0.690443
vt 0.059454 0.776704
vt 0.058781 0.775825
vt 0.060623 0.773516
vt 0.061118 0.774029
vt 0.060386 0.772804
vt 0.059621 0.678378
vt 0.059255 0.677933
vt 0.063560 0.674590
vt 0.063689 0.675139
vt 0.059132 0.777174
vt 0.063593 0.779930
vt 0.063465 0.780478
vt 0.058911 0.679272
vt 0.060696 0.681562
vt 0.061213 0.681045
vt 0.061468 0.681607
vt 0.064203 0.680122
vt 0.064174 0.680740
vt 0.064211 0.679632
vt 0.065657 0.779925
vt 0.064626 0.780199
vt 0.064592 0.775585
vt 0.065119 0.775434
vt 0.064056 0.775471
vt 0.065764 0.675161
vt 0.065891 0.674595
vt 0.070213 0.677942
vt 0.069885 0.678374
vt 0.065797 0.780468
vt 0.069789 0.776687
vt 0.070117 0.777119
vt 0.064719 0.674873
vt 0.064716 0.679505
vt 0.065221 0.679628
vt 0.065263 0.680736
vt 0.065230 0.680117
vt 0.067940 0.681615
vt 0.067884 0.682235
vt 0.068217 0.681046
vt 0.064722 0.680561
vt 0.064700 0.690389
vt 0.065264 0.690392
vt 0.064697 0.691515
vt 0.064559 0.721694
vt 0.064054 0.721814
vt 0.065228 0.691593
vt 0.065070 0.721801
vt 0.065254 0.690963
vt 0.068952 0.691188
vt 0.068877 0.691928
vt 0.068939 0.690493
vt 0.070928 0.774708
vt 0.070461 0.775805
vt 0.068612 0.773507
vt 0.068845 0.772789
vt 0.068115 0.774017
vt 0.071026 0.680359
vt 0.071513 0.680064
vt 0.073991 0.690365
vt 0.073463 0.690443
vt 0.071418 0.774998
vt 0.073322 0.764663
vt 0.073897 0.764696
vt 0.070558 0.679257
vt 0.068730 0.681559
vt 0.068976 0.682283
vt 0.068444 0.682452
vt 0.069464 0.690571
vt 0.069982 0.690618
vt 0.073560 0.693174
vt 0.074157 0.693341
vt 0.073056 0.724890
vt 0.072544 0.724552
vt 0.074068 0.761718
vt 0.073473 0.761888
vt 0.072544 0.730509
vt 0.073053 0.730170
vt 0.073578 0.691760
vt 0.070024 0.691522
vt 0.069987 0.692593
vt 0.073463 0.763287
vt 0.069910 0.763546
vt 0.069899 0.762464
vt 0.069853 0.764389
vt 0.069406 0.692221
vt 0.069111 0.722727
vt 0.068670 0.722349
vt 0.069450 0.723205
vt 0.065136 0.763471
vt 0.064603 0.763557
vt 0.064575 0.733379
vt 0.065082 0.733263
vt 0.064070 0.763475
vt 0.064066 0.733268
vt 0.065129 0.764626
vt 0.065133 0.764111
vt 0.068830 0.763859
vt 0.068799 0.764617
vt 0.068786 0.763137
vt 0.064037 0.764676
vt 0.064600 0.764679
vt 0.064612 0.774506
vt 0.064071 0.774332
vt 0.065157 0.774328
vt 0.064046 0.764105
vt 0.060346 0.763890
vt 0.060420 0.763152
vt 0.060362 0.764584
vt 0.059889 0.762857
vt 0.060029 0.732350
vt 0.060467 0.732731
vt 0.059691 0.731872
vt 0.059835 0.764506
vt 0.060905 0.772634
vt 0.061448 0.772838
vt 0.065127 0.774946
vt 0.067858 0.773462
vt 0.067812 0.772848
vt 0.064067 0.774955
vt 0.061394 0.773459
vt 0.069315 0.762839
vt 0.069116 0.732333
vt 0.069454 0.731853
vt 0.068678 0.732716
vt 0.069364 0.764489
vt 0.068341 0.772638
vt 0.060390 0.723790
vt 0.060499 0.723102
vt 0.064051 0.722253
vt 0.063979 0.722727
vt 0.058462 0.726540
vt 0.059262 0.725016
vt 0.059122 0.727108
vt 0.058576 0.727547
vt 0.060148 0.726984
vt 0.059223 0.724351
vt 0.057034 0.726379
vt 0.057641 0.727547
vt 0.057034 0.728714
vt 0.059225 0.730742
vt 0.058465 0.728558
vt 0.060149 0.728108
vt 0.060140 0.727547
vt 0.063787 0.727539
vt 0.063791 0.727948
vt 0.063791 0.727131
vt 0.059123 0.727986
vt 0.059266 0.730078
vt 0.060396 0.731297
vt 0.060505 0.731987
vt 0.064059 0.732829
vt 0.063987 0.732358
vt 0.068988 0.728094
vt 0.070014 0.727970
vt 0.069876 0.730061
vt 0.068749 0.731287
vt 0.070560 0.727531
vt 0.070675 0.728537
vt 0.068988 0.726971
vt 0.068997 0.727532
vt 0.065350 0.727535
vt 0.065346 0.727126
vt 0.065346 0.727944
vt 0.070013 0.727093
vt 0.069872 0.725001
vt 0.070672 0.726520
vt 0.068742 0.723781
vt 0.064569 0.727931
vt 0.064569 0.732444
vt 0.065160 0.732348
vt 0.064568 0.727143
vt 0.064570 0.722630
vt 0.065152 0.722716
vt 0.065078 0.722242
vt 0.068633 0.723093
vt 0.069914 0.724337
vt 0.072106 0.726366
vt 0.071496 0.727530
vt 0.068639 0.731973
vt 0.065087 0.732822
vt 0.069918 0.730724
vt 0.072106 0.728696
vt 0.161750 0.690610
vt 0.161153 0.690441
vt 0.162274 0.658889
vt 0.162781 0.659229
vt 0.161693 0.622021
vt 0.162290 0.621856
vt 0.162820 0.653252
vt 0.162310 0.653585
vt 0.161842 0.693340
vt 0.161729 0.692023
vt 0.165283 0.692270
vt 0.165324 0.693174
vt 0.165324 0.691199
vt 0.162474 0.619078
vt 0.161899 0.619040
vt 0.164500 0.608768
vt 0.164982 0.609059
vt 0.161313 0.693417
vt 0.164255 0.703436
vt 0.163764 0.703729
vt 0.162317 0.620455
vt 0.165875 0.620231
vt 0.165871 0.621320
vt 0.165940 0.619388
vt 0.166460 0.620949
vt 0.166256 0.651458
vt 0.165918 0.651936
vt 0.166994 0.620651
vt 0.166694 0.651074
vt 0.166995 0.619167
vt 0.166429 0.619291
vt 0.167528 0.611164
vt 0.168075 0.610945
vt 0.167010 0.611009
vt 0.166957 0.619928
vt 0.170655 0.619708
vt 0.170649 0.620353
vt 0.170665 0.619192
vt 0.165386 0.705418
vt 0.164720 0.704534
vt 0.166576 0.702238
vt 0.167070 0.702754
vt 0.166343 0.701524
vt 0.166212 0.607091
vt 0.165850 0.606644
vt 0.170181 0.603335
vt 0.170306 0.603885
vt 0.165061 0.705885
vt 0.169503 0.708671
vt 0.169371 0.709219
vt 0.165496 0.607980
vt 0.167262 0.610285
vt 0.167782 0.609771
vt 0.168033 0.610335
vt 0.170777 0.608871
vt 0.170744 0.609489
vt 0.170789 0.608381
vt 0.171566 0.708680
vt 0.170534 0.708948
vt 0.170533 0.704334
vt 0.171060 0.704186
vt 0.169998 0.704216
vt 0.172381 0.603922
vt 0.172512 0.603357
vt 0.176809 0.606737
vt 0.176477 0.607167
vt 0.171704 0.709225
vt 0.175718 0.705470
vt 0.176044 0.705904
vt 0.171338 0.603626
vt 0.171296 0.608258
vt 0.171800 0.608385
vt 0.171833 0.609493
vt 0.171804 0.608874
vt 0.174506 0.610391
vt 0.174444 0.611012
vt 0.174786 0.609826
vt 0.171292 0.609314
vt 0.171193 0.619142
vt 0.171758 0.619148
vt 0.171183 0.620266
vt 0.170797 0.650444
vt 0.170291 0.650561
vt 0.171715 0.620348
vt 0.171308 0.650554
vt 0.171744 0.619720
vt 0.175442 0.619971
vt 0.175360 0.620710
vt 0.175434 0.619278
vt 0.176872 0.703498
vt 0.176396 0.704591
vt 0.174563 0.702281
vt 0.174801 0.701565
vt 0.174065 0.702788
vt 0.177603 0.609160
vt 0.178092 0.608868
vt 0.180488 0.619189
vt 0.179959 0.619262
vt 0.177359 0.703791
vt 0.179326 0.693467
vt 0.179901 0.693503
vt 0.177144 0.608054
vt 0.175297 0.610342
vt 0.175538 0.611068
vt 0.175003 0.611232
vt 0.175959 0.619360
vt 0.176477 0.619410
vt 0.180035 0.621992
vt 0.180630 0.622163
vt 0.179275 0.653700
vt 0.178767 0.653359
vt 0.180089 0.690525
vt 0.179493 0.690692
vt 0.178726 0.659308
vt 0.179238 0.658973
vt 0.180065 0.620580
vt 0.176513 0.620313
vt 0.176466 0.621383
vt 0.179475 0.692092
vt 0.175920 0.692328
vt 0.175916 0.691247
vt 0.175858 0.693172
vt 0.175888 0.621007
vt 0.175344 0.651509
vt 0.174905 0.651128
vt 0.175681 0.651989
vt 0.171150 0.692224
vt 0.170618 0.692305
vt 0.170735 0.662126
vt 0.171243 0.662016
vt 0.170085 0.692218
vt 0.170228 0.662011
vt 0.171136 0.693379
vt 0.171144 0.692864
vt 0.174840 0.692634
vt 0.174806 0.693392
vt 0.174801 0.691911
vt 0.170044 0.693420
vt 0.170608 0.693428
vt 0.170561 0.703255
vt 0.170022 0.703076
vt 0.171107 0.703081
vt 0.170057 0.692848
vt 0.166357 0.692612
vt 0.166436 0.691874
vt 0.166370 0.693305
vt 0.165905 0.691575
vt 0.166199 0.661068
vt 0.166635 0.661452
vt 0.165864 0.660588
vt 0.165843 0.693224
vt 0.166864 0.701358
vt 0.167405 0.701566
vt 0.171073 0.703698
vt 0.173812 0.702231
vt 0.173768 0.701617
vt 0.170013 0.703699
vt 0.167349 0.702186
vt 0.175331 0.691618
vt 0.175285 0.661112
vt 0.175626 0.660635
vt 0.174844 0.661490
vt 0.175370 0.693268
vt 0.174298 0.701411
vt 0.166614 0.652510
vt 0.166727 0.651823
vt 0.170285 0.650999
vt 0.170210 0.651471
vt 0.164667 0.655247
vt 0.165478 0.653728
vt 0.165323 0.655819
vt 0.164775 0.656255
vt 0.166351 0.655703
vt 0.165443 0.653063
vt 0.163241 0.655076
vt 0.163840 0.656249
vt 0.163226 0.657414
vt 0.165404 0.659455
vt 0.164657 0.657266
vt 0.166344 0.656828
vt 0.166339 0.656266
vt 0.169985 0.656282
vt 0.169987 0.656691
vt 0.169992 0.655874
vt 0.165319 0.656698
vt 0.165449 0.658791
vt 0.166571 0.660018
vt 0.166676 0.660708
vt 0.170225 0.661572
vt 0.170155 0.661101
vt 0.175183 0.656870
vt 0.176210 0.656754
vt 0.176059 0.658844
vt 0.174922 0.660062
vt 0.176760 0.656319
vt 0.176869 0.657326
vt 0.175190 0.655748
vt 0.175195 0.656308
vt 0.171548 0.656288
vt 0.171547 0.655880
vt 0.171542 0.656697
vt 0.176215 0.655878
vt 0.176089 0.653786
vt 0.176879 0.655310
vt 0.174967 0.652558
vt 0.170764 0.656679
vt 0.170736 0.661192
vt 0.171327 0.661101
vt 0.170769 0.655891
vt 0.170801 0.651379
vt 0.171384 0.651468
vt 0.171313 0.650995
vt 0.174862 0.651870
vt 0.176137 0.653124
vt 0.178315 0.655165
vt 0.177697 0.656325
vt 0.174810 0.660748
vt 0.171252 0.661575
vt 0.176098 0.659507
vt 0.178300 0.657493
vt 0.699530 0.147292
vt 0.699403 0.147898
vt 0.667848 0.148917
vt 0.668154 0.148388
vt 0.631148 0.152297
vt 0.630939 0.151715
vt 0.662199 0.148770
vt 0.662569 0.149256
vt 0.702247 0.147015
vt 0.700940 0.147216
vt 0.700944 0.143655
vt 0.701845 0.143553
vt 0.699873 0.143686
vt 0.628154 0.151739
vt 0.628159 0.152315
vt 0.617722 0.150477
vt 0.617978 0.149976
vt 0.702359 0.147537
vt 0.712156 0.143929
vt 0.712482 0.144397
vt 0.629539 0.151793
vt 0.629053 0.148263
vt 0.630137 0.148185
vt 0.628209 0.148260
vt 0.629727 0.147628
vt 0.660159 0.145465
vt 0.660657 0.145772
vt 0.629398 0.147120
vt 0.659751 0.145052
vt 0.627916 0.147226
vt 0.628079 0.147781
vt 0.619893 0.147286
vt 0.619637 0.146757
vt 0.619775 0.147812
vt 0.628677 0.147209
vt 0.628191 0.143538
vt 0.628832 0.143500
vt 0.627676 0.143566
vt 0.714058 0.142665
vt 0.713222 0.143390
vt 0.710806 0.141692
vt 0.711286 0.141166
vt 0.710108 0.141973
vt 0.615926 0.148890
vt 0.615506 0.149284
vt 0.611898 0.145200
vt 0.612437 0.145035
vt 0.714547 0.142958
vt 0.717028 0.138338
vt 0.717585 0.138433
vt 0.616863 0.149542
vt 0.619036 0.147614
vt 0.618488 0.147135
vt 0.619033 0.146843
vt 0.617376 0.144209
vt 0.617993 0.144200
vt 0.616888 0.144232
vt 0.716898 0.136278
vt 0.717234 0.137291
vt 0.712630 0.137603
vt 0.712447 0.137088
vt 0.712549 0.138144
vt 0.612328 0.142964
vt 0.611755 0.142872
vt 0.614821 0.138348
vt 0.615274 0.138648
vt 0.717432 0.136104
vt 0.713412 0.132352
vt 0.713822 0.131999
vt 0.612107 0.144024
vt 0.616730 0.143737
vt 0.616823 0.143224
vt 0.617926 0.143114
vt 0.617311 0.143185
vt 0.618632 0.140384
vt 0.619254 0.140400
vt 0.618048 0.140144
vt 0.617783 0.143667
vt 0.627593 0.143041
vt 0.627561 0.142478
vt 0.628716 0.142975
vt 0.658831 0.140997
vt 0.658975 0.141497
vt 0.628766 0.142438
vt 0.658913 0.140483
vt 0.628133 0.142451
vt 0.628118 0.138745
vt 0.628860 0.138773
vt 0.627426 0.138804
vt 0.711364 0.131337
vt 0.712490 0.131735
vt 0.710307 0.133722
vt 0.709576 0.133532
vt 0.710847 0.134184
vt 0.617181 0.137383
vt 0.616853 0.136915
vt 0.626971 0.133767
vt 0.627083 0.134290
vt 0.711624 0.130830
vt 0.701189 0.129564
vt 0.701185 0.128987
vt 0.616111 0.137921
vt 0.618527 0.139598
vt 0.619234 0.139303
vt 0.619436 0.139826
vt 0.627472 0.138272
vt 0.627486 0.137751
vt 0.629800 0.134010
vt 0.629925 0.133403
vt 0.661480 0.132331
vt 0.661175 0.132860
vt 0.698193 0.129001
vt 0.698402 0.129584
vt 0.667135 0.132476
vt 0.666767 0.131990
vt 0.628389 0.134087
vt 0.628385 0.137650
vt 0.629459 0.137616
vt 0.699802 0.129507
vt 0.700280 0.133038
vt 0.699199 0.133115
vt 0.701129 0.133041
vt 0.629123 0.138223
vt 0.659578 0.136399
vt 0.659224 0.136861
vt 0.660035 0.136032
vt 0.700499 0.137803
vt 0.700616 0.138329
vt 0.670495 0.140247
vt 0.670351 0.139748
vt 0.700567 0.138866
vt 0.670416 0.140761
vt 0.701656 0.137738
vt 0.701141 0.137765
vt 0.700659 0.134094
vt 0.701419 0.134077
vt 0.699938 0.134182
vt 0.701770 0.138826
vt 0.701739 0.138263
vt 0.711550 0.137648
vt 0.711408 0.138197
vt 0.711340 0.137114
vt 0.701198 0.138852
vt 0.701213 0.142559
vt 0.700471 0.142530
vt 0.701904 0.142500
vt 0.700210 0.143080
vt 0.669752 0.144848
vt 0.670105 0.144385
vt 0.669295 0.145216
vt 0.701860 0.143031
vt 0.709908 0.141464
vt 0.710077 0.140910
vt 0.711958 0.137108
vt 0.710308 0.134475
vt 0.709698 0.134559
vt 0.712030 0.138164
vt 0.710700 0.140926
vt 0.699608 0.133672
vt 0.669172 0.135781
vt 0.668672 0.135475
vt 0.669581 0.136193
vt 0.701258 0.133522
vt 0.709455 0.134045
vt 0.661184 0.145032
vt 0.660491 0.144966
vt 0.659416 0.141477
vt 0.659895 0.141519
vt 0.664051 0.146779
vt 0.662479 0.146079
vt 0.664575 0.146083
vt 0.665048 0.146601
vt 0.664388 0.145068
vt 0.661818 0.146163
vt 0.663983 0.148217
vt 0.665108 0.147535
vt 0.666311 0.148068
vt 0.668196 0.145751
vt 0.666065 0.146649
vt 0.665510 0.144995
vt 0.664949 0.145039
vt 0.664713 0.141402
vt 0.665121 0.141372
vt 0.664305 0.141424
vt 0.665451 0.146027
vt 0.667531 0.145752
vt 0.668677 0.144548
vt 0.669359 0.144394
vt 0.669977 0.140795
vt 0.669512 0.140895
vt 0.664942 0.136176
vt 0.664754 0.135160
vt 0.666851 0.135165
vt 0.668145 0.136213
vt 0.664281 0.134642
vt 0.665280 0.134465
vt 0.663819 0.136249
vt 0.664380 0.136205
vt 0.664612 0.139842
vt 0.664204 0.139874
vt 0.665022 0.139819
vt 0.663877 0.135215
vt 0.661798 0.135493
vt 0.663264 0.134596
vt 0.660652 0.136698
vt 0.665058 0.140597
vt 0.669562 0.140309
vt 0.669431 0.139728
vt 0.664269 0.140648
vt 0.659765 0.140936
vt 0.659815 0.140350
vt 0.659351 0.140451
vt 0.659970 0.136851
vt 0.661134 0.135495
vt 0.663018 0.133178
vt 0.664221 0.133709
vt 0.668839 0.136279
vt 0.669911 0.139769
vt 0.667513 0.135082
vt 0.665349 0.133028
vt 0.203310 0.650767
vt 0.202714 0.650599
vt 0.203821 0.619048
vt 0.204329 0.619388
vt 0.203069 0.582195
vt 0.203666 0.582028
vt 0.204355 0.613418
vt 0.203846 0.613753
vt 0.203407 0.653498
vt 0.203292 0.652181
vt 0.206846 0.652421
vt 0.206888 0.653326
vt 0.206885 0.651351
vt 0.203838 0.579249
vt 0.203261 0.579214
vt 0.205816 0.568930
vt 0.206300 0.569220
vt 0.202879 0.653576
vt 0.205835 0.663591
vt 0.205345 0.663884
vt 0.203686 0.580627
vt 0.207242 0.580386
vt 0.207246 0.581475
vt 0.207304 0.579544
vt 0.207831 0.581101
vt 0.207790 0.611611
vt 0.207451 0.612091
vt 0.208363 0.580804
vt 0.208227 0.611228
vt 0.208358 0.579319
vt 0.207793 0.579446
vt 0.208854 0.571313
vt 0.209401 0.571092
vt 0.208337 0.571160
vt 0.208323 0.580080
vt 0.212020 0.579847
vt 0.212016 0.580491
vt 0.212027 0.579330
vt 0.206971 0.665570
vt 0.206301 0.664687
vt 0.208153 0.662388
vt 0.208648 0.662901
vt 0.207920 0.661675
vt 0.207521 0.567248
vt 0.207155 0.566802
vt 0.211474 0.563475
vt 0.211601 0.564025
vt 0.206647 0.666037
vt 0.211096 0.668813
vt 0.210965 0.669361
vt 0.206808 0.568139
vt 0.208585 0.570435
vt 0.209102 0.569921
vt 0.209355 0.570484
vt 0.212096 0.569008
vt 0.212064 0.569627
vt 0.212105 0.568519
vt 0.213159 0.668818
vt 0.212128 0.669087
vt 0.212115 0.664472
vt 0.212641 0.664324
vt 0.211578 0.664356
vt 0.213676 0.564055
vt 0.213805 0.563489
vt 0.218115 0.566853
vt 0.217785 0.567283
vt 0.213297 0.669361
vt 0.217305 0.665598
vt 0.217632 0.666032
vt 0.212633 0.563763
vt 0.212611 0.568395
vt 0.213115 0.568520
vt 0.213152 0.569629
vt 0.213122 0.569009
vt 0.215827 0.570517
vt 0.215769 0.571138
vt 0.216106 0.569950
vt 0.212612 0.569452
vt 0.212556 0.579280
vt 0.213120 0.579286
vt 0.212550 0.580404
vt 0.212328 0.610584
vt 0.211821 0.610700
vt 0.213081 0.580486
vt 0.212837 0.610694
vt 0.213108 0.579856
vt 0.216807 0.580095
vt 0.216729 0.580833
vt 0.216795 0.579399
vt 0.218454 0.663625
vt 0.217981 0.664719
vt 0.216143 0.662413
vt 0.216379 0.661696
vt 0.215644 0.662920
vt 0.218919 0.569273
vt 0.219406 0.568979
vt 0.221848 0.579289
vt 0.221320 0.579366
vt 0.218943 0.663917
vt 0.220892 0.653590
vt 0.221468 0.653625
vt 0.218454 0.568170
vt 0.216619 0.570465
vt 0.216862 0.571191
vt 0.216328 0.571357
vt 0.217321 0.579480
vt 0.217839 0.579529
vt 0.221409 0.582096
vt 0.222005 0.582265
vt 0.220809 0.613811
vt 0.220298 0.613471
vt 0.221652 0.650646
vt 0.221056 0.650814
vt 0.220275 0.619430
vt 0.220785 0.619093
vt 0.221431 0.580682
vt 0.217878 0.580432
vt 0.217837 0.581503
vt 0.221040 0.652214
vt 0.217484 0.652456
vt 0.217479 0.651374
vt 0.217423 0.653300
vt 0.217257 0.581130
vt 0.216874 0.611634
vt 0.216435 0.611254
vt 0.217210 0.612113
vt 0.212710 0.652360
vt 0.212178 0.652444
vt 0.212295 0.622266
vt 0.212803 0.622151
vt 0.211645 0.652361
vt 0.211786 0.622153
vt 0.212699 0.653517
vt 0.212706 0.653001
vt 0.216403 0.652765
vt 0.216370 0.653523
vt 0.216362 0.652043
vt 0.211606 0.653561
vt 0.212171 0.653566
vt 0.212139 0.663395
vt 0.211599 0.663218
vt 0.212686 0.663218
vt 0.211618 0.652991
vt 0.207919 0.652761
vt 0.207996 0.652022
vt 0.207932 0.653454
vt 0.207466 0.651725
vt 0.207753 0.621219
vt 0.208190 0.621601
vt 0.207418 0.620741
vt 0.207406 0.653374
vt 0.208440 0.661506
vt 0.208982 0.661712
vt 0.212653 0.663836
vt 0.215390 0.662364
vt 0.215346 0.661750
vt 0.211592 0.663840
vt 0.208925 0.662333
vt 0.216894 0.651746
vt 0.216840 0.621240
vt 0.217179 0.620763
vt 0.216400 0.621621
vt 0.216935 0.653397
vt 0.215875 0.661543
vt 0.208150 0.612662
vt 0.208262 0.611976
vt 0.211816 0.611140
vt 0.211743 0.611614
vt 0.206211 0.615404
vt 0.207018 0.613883
vt 0.206869 0.615975
vt 0.206321 0.616411
vt 0.207897 0.615855
vt 0.206980 0.613219
vt 0.204783 0.615238
vt 0.205385 0.616407
vt 0.204772 0.617573
vt 0.206956 0.619608
vt 0.206205 0.617422
vt 0.207891 0.616979
vt 0.207885 0.616418
vt 0.211531 0.616425
vt 0.211534 0.616834
vt 0.211537 0.616018
vt 0.206866 0.616853
vt 0.206999 0.618944
vt 0.208124 0.620169
vt 0.208231 0.620858
vt 0.211782 0.621715
vt 0.211711 0.621244
vt 0.216730 0.617000
vt 0.217756 0.616880
vt 0.217610 0.618970
vt 0.216477 0.620192
vt 0.218305 0.616444
vt 0.218415 0.617450
vt 0.216734 0.615877
vt 0.216741 0.616438
vt 0.213095 0.616428
vt 0.213091 0.616019
vt 0.213089 0.616836
vt 0.217759 0.616003
vt 0.217626 0.613910
vt 0.218420 0.615432
vt 0.216501 0.612686
vt 0.212312 0.616820
vt 0.212293 0.621332
vt 0.212884 0.621239
vt 0.212314 0.616032
vt 0.212334 0.611519
vt 0.212916 0.611607
vt 0.212843 0.611134
vt 0.216395 0.611997
vt 0.217671 0.613247
vt 0.219854 0.615284
vt 0.219241 0.616446
vt 0.216366 0.620878
vt 0.212810 0.621712
vt 0.217649 0.619633
vt 0.219845 0.617614
vt 0.064985 0.585362
vt 0.065584 0.585523
vt 0.064891 0.617089
vt 0.064379 0.616756
vt 0.066031 0.653938
vt 0.065435 0.654111
vt 0.064425 0.622731
vt 0.064930 0.622389
vt 0.064855 0.582630
vt 0.064987 0.583947
vt 0.061431 0.583753
vt 0.061376 0.582846
vt 0.061404 0.584824
vt 0.065295 0.656887
vt 0.065871 0.656915
vt 0.063443 0.667229
vt 0.062957 0.666944
vt 0.065382 0.582545
vt 0.062296 0.572568
vt 0.062781 0.572268
vt 0.065430 0.655510
vt 0.061876 0.655791
vt 0.061861 0.654703
vt 0.061823 0.656634
vt 0.061279 0.655084
vt 0.061015 0.624578
vt 0.061347 0.624094
vt 0.060749 0.655389
vt 0.060582 0.624967
vt 0.060772 0.656868
vt 0.061335 0.656736
vt 0.060379 0.664880
vt 0.059835 0.665107
vt 0.060897 0.665027
vt 0.060797 0.656109
vt 0.057103 0.656383
vt 0.057100 0.655741
vt 0.057102 0.656900
vt 0.061134 0.570600
vt 0.061813 0.571476
vt 0.059992 0.573799
vt 0.059491 0.573290
vt 0.060235 0.574511
vt 0.061758 0.668930
vt 0.062127 0.669372
vt 0.057847 0.672746
vt 0.057714 0.672197
vt 0.061452 0.570129
vt 0.056968 0.567408
vt 0.057092 0.566858
vt 0.062461 0.668031
vt 0.060659 0.665754
vt 0.060148 0.666274
vt 0.059888 0.665714
vt 0.057165 0.667220
vt 0.057190 0.666602
vt 0.057160 0.667709
vt 0.054904 0.567429
vt 0.055933 0.567146
vt 0.056005 0.571761
vt 0.055480 0.571916
vt 0.056541 0.571870
vt 0.055640 0.672191
vt 0.055517 0.672759
vt 0.051170 0.669446
vt 0.051494 0.669012
vt 0.054760 0.566887
vt 0.050802 0.570705
vt 0.050470 0.570276
vt 0.056686 0.672470
vt 0.056657 0.667839
vt 0.056151 0.667720
vt 0.056101 0.666613
vt 0.056139 0.667231
vt 0.053415 0.665756
vt 0.053466 0.665136
vt 0.053143 0.666327
vt 0.056645 0.666784
vt 0.056574 0.656956
vt 0.056009 0.656958
vt 0.056567 0.655834
vt 0.056487 0.625656
vt 0.056993 0.625532
vt 0.056034 0.655760
vt 0.055975 0.625553
vt 0.056015 0.656387
vt 0.052313 0.656195
vt 0.052383 0.655455
vt 0.052334 0.656889
vt 0.049680 0.572695
vt 0.050137 0.571593
vt 0.052006 0.573875
vt 0.051779 0.574596
vt 0.052498 0.573361
vt 0.050338 0.667037
vt 0.049853 0.667338
vt 0.047283 0.657059
vt 0.047811 0.656977
vt 0.049188 0.572408
vt 0.047373 0.582759
vt 0.046796 0.582732
vt 0.050814 0.668134
vt 0.052624 0.665818
vt 0.052370 0.665097
vt 0.052903 0.664923
vt 0.051807 0.656815
vt 0.051288 0.656772
vt 0.047691 0.654247
vt 0.047094 0.654085
vt 0.047965 0.622530
vt 0.048479 0.622864
vt 0.046650 0.585713
vt 0.047244 0.585539
vt 0.048435 0.616910
vt 0.047928 0.617253
vt 0.047683 0.655661
vt 0.051239 0.655871
vt 0.051269 0.654801
vt 0.047242 0.584138
vt 0.050794 0.583849
vt 0.050813 0.584933
vt 0.050844 0.583004
vt 0.051851 0.655168
vt 0.051927 0.624663
vt 0.052371 0.625036
vt 0.051583 0.624187
vt 0.055566 0.583885
vt 0.056098 0.583795
vt 0.056382 0.613974
vt 0.055876 0.614094
vt 0.056630 0.583873
vt 0.056892 0.614081
vt 0.055563 0.582725
vt 0.055562 0.583242
vt 0.051870 0.583528
vt 0.051894 0.582768
vt 0.051920 0.584251
vt 0.056655 0.582669
vt 0.056091 0.582669
vt 0.055993 0.572841
vt 0.056535 0.573012
vt 0.055450 0.573024
vt 0.056650 0.583241
vt 0.060352 0.583425
vt 0.060285 0.584166
vt 0.060330 0.582730
vt 0.060818 0.584456
vt 0.060935 0.614966
vt 0.060493 0.614589
vt 0.061277 0.615442
vt 0.060857 0.582804
vt 0.059718 0.574685
vt 0.059172 0.574485
vt 0.055475 0.572405
vt 0.052760 0.573915
vt 0.052810 0.574528
vt 0.056535 0.572388
vt 0.059220 0.573862
vt 0.051393 0.584554
vt 0.051850 0.615058
vt 0.051517 0.615540
vt 0.052286 0.614671
vt 0.051331 0.582901
vt 0.052285 0.574743
vt 0.060642 0.623533
vt 0.060539 0.624221
vt 0.056993 0.625094
vt 0.057062 0.624621
vt 0.062548 0.620767
vt 0.061760 0.622298
vt 0.061884 0.620206
vt 0.062427 0.619761
vt 0.060858 0.620337
vt 0.061805 0.622962
vt 0.063977 0.620916
vt 0.063361 0.619753
vt 0.063960 0.618580
vt 0.061753 0.616569
vt 0.062530 0.618748
vt 0.060850 0.619213
vt 0.060863 0.619774
vt 0.057217 0.619808
vt 0.057210 0.619400
vt 0.057216 0.620216
vt 0.061877 0.619327
vt 0.061718 0.617235
vt 0.060579 0.616026
vt 0.060463 0.615336
vt 0.056902 0.614521
vt 0.056981 0.614991
vt 0.052012 0.619298
vt 0.050986 0.619430
vt 0.051108 0.617338
vt 0.052227 0.616103
vt 0.050442 0.619872
vt 0.050321 0.618867
vt 0.052020 0.620421
vt 0.052008 0.619860
vt 0.055654 0.619825
vt 0.055661 0.620234
vt 0.055655 0.619417
vt 0.050993 0.620307
vt 0.051150 0.622397
vt 0.050338 0.620883
vt 0.052289 0.623608
vt 0.056432 0.619422
vt 0.056398 0.614910
vt 0.055807 0.615009
vt 0.056439 0.620210
vt 0.056471 0.624723
vt 0.055888 0.624641
vt 0.055965 0.625113
vt 0.052403 0.624294
vt 0.051112 0.623061
vt 0.048904 0.621049
vt 0.049506 0.619880
vt 0.052329 0.615416
vt 0.055875 0.614534
vt 0.051061 0.616675
vt 0.048887 0.618721
vt 0.179939 0.598535
vt 0.179766 0.599131
vt 0.148225 0.597740
vt 0.148570 0.597234
vt 0.111368 0.598241
vt 0.111205 0.597644
vt 0.142600 0.597156
vt 0.142931 0.597670
vt 0.182670 0.598467
vt 0.181353 0.598568
vt 0.181629 0.595018
vt 0.182536 0.594985
vt 0.180560 0.594967
vt 0.108427 0.597450
vt 0.108386 0.598026
vt 0.098123 0.595380
vt 0.098418 0.594900
vt 0.182743 0.598997
vt 0.192789 0.596152
vt 0.193076 0.596644
vt 0.109804 0.597613
vt 0.109593 0.594055
vt 0.110680 0.594062
vt 0.108751 0.593986
vt 0.110315 0.593474
vt 0.140823 0.593703
vt 0.141298 0.594046
vt 0.110024 0.592941
vt 0.140448 0.593259
vt 0.108539 0.592932
vt 0.108658 0.593498
vt 0.100536 0.592367
vt 0.100322 0.591817
vt 0.100378 0.592882
vt 0.109300 0.592974
vt 0.109102 0.589277
vt 0.109744 0.589288
vt 0.108585 0.589263
vt 0.194780 0.595040
vt 0.193891 0.595697
vt 0.191613 0.593819
vt 0.192133 0.593330
vt 0.190896 0.594045
vt 0.096456 0.593658
vt 0.096007 0.594018
vt 0.092724 0.589666
vt 0.093276 0.589545
vt 0.195245 0.595369
vt 0.198076 0.590955
vt 0.198622 0.591092
vt 0.097340 0.594381
vt 0.099656 0.592627
vt 0.099146 0.592105
vt 0.099712 0.591857
vt 0.098264 0.589102
vt 0.098884 0.589141
vt 0.097775 0.589087
vt 0.198103 0.588892
vt 0.198361 0.589927
vt 0.193747 0.589884
vt 0.193604 0.589357
vt 0.193625 0.590417
vt 0.093330 0.587470
vt 0.092763 0.587335
vt 0.096171 0.583061
vt 0.096599 0.583394
vt 0.198649 0.588761
vt 0.194930 0.584710
vt 0.195367 0.584389
vt 0.093025 0.588510
vt 0.097657 0.588580
vt 0.097788 0.588077
vt 0.098899 0.588052
vt 0.098279 0.588076
vt 0.099814 0.585385
vt 0.100433 0.585449
vt 0.099249 0.585101
vt 0.098715 0.588592
vt 0.108543 0.588734
vt 0.108556 0.588170
vt 0.109669 0.588755
vt 0.139847 0.589146
vt 0.139954 0.589655
vt 0.109760 0.588223
vt 0.139967 0.588640
vt 0.109129 0.588189
vt 0.109400 0.584491
vt 0.110139 0.584576
vt 0.108705 0.584496
vt 0.192967 0.583538
vt 0.194058 0.584024
vt 0.191731 0.585836
vt 0.191016 0.585590
vt 0.192233 0.586340
vt 0.098600 0.582281
vt 0.098309 0.581790
vt 0.108641 0.579439
vt 0.108713 0.579969
vt 0.193265 0.583054
vt 0.182958 0.580988
vt 0.183000 0.580414
vt 0.097491 0.582735
vt 0.099770 0.584591
vt 0.100498 0.584355
vt 0.100659 0.584891
vt 0.108791 0.583969
vt 0.108846 0.583452
vt 0.111443 0.579902
vt 0.111617 0.579307
vt 0.143157 0.580710
vt 0.142813 0.581214
vt 0.180016 0.580198
vt 0.180178 0.580795
vt 0.148783 0.581292
vt 0.148452 0.580778
vt 0.110031 0.579868
vt 0.109751 0.583420
vt 0.110823 0.583470
vt 0.181581 0.580826
vt 0.181787 0.584382
vt 0.180703 0.584377
vt 0.182631 0.584452
vt 0.110441 0.584049
vt 0.140946 0.584618
vt 0.140559 0.585051
vt 0.141429 0.584287
vt 0.181640 0.589150
vt 0.181715 0.589682
vt 0.151538 0.589302
vt 0.151431 0.588793
vt 0.181624 0.590215
vt 0.151416 0.589809
vt 0.182798 0.589176
vt 0.182282 0.589162
vt 0.182083 0.585464
vt 0.182843 0.585507
vt 0.181358 0.585496
vt 0.182827 0.590268
vt 0.182840 0.589704
vt 0.192668 0.589846
vt 0.192483 0.590383
vt 0.192498 0.589298
vt 0.182255 0.590250
vt 0.181983 0.593947
vt 0.181245 0.593861
vt 0.182677 0.593942
vt 0.180941 0.594388
vt 0.150437 0.593831
vt 0.150824 0.593398
vt 0.149954 0.594161
vt 0.182590 0.594468
vt 0.190734 0.593523
vt 0.190948 0.592983
vt 0.193116 0.589339
vt 0.191674 0.586588
vt 0.191059 0.586625
vt 0.193107 0.590398
vt 0.191568 0.593046
vt 0.181068 0.584964
vt 0.150560 0.584744
vt 0.150086 0.584401
vt 0.150935 0.585189
vt 0.182723 0.584941
vt 0.190857 0.586093
vt 0.141881 0.593350
vt 0.141193 0.593232
vt 0.140395 0.589669
vt 0.140869 0.589747
vt 0.144603 0.595314
vt 0.143090 0.594495
vt 0.145180 0.594661
vt 0.145611 0.595216
vt 0.145071 0.593634
vt 0.142423 0.594527
vt 0.144423 0.596743
vt 0.145599 0.596151
vt 0.146758 0.596776
vt 0.148816 0.594611
vt 0.146621 0.595341
vt 0.146195 0.593650
vt 0.145633 0.593650
vt 0.145682 0.590004
vt 0.146091 0.590006
vt 0.145272 0.589995
vt 0.146058 0.594673
vt 0.148152 0.594561
vt 0.149388 0.593448
vt 0.150080 0.593349
vt 0.150977 0.589807
vt 0.150504 0.589873
vt 0.146313 0.584812
vt 0.146204 0.583786
vt 0.148295 0.583951
vt 0.149504 0.585096
vt 0.145773 0.583233
vt 0.146782 0.583133
vt 0.145189 0.584797
vt 0.145751 0.584796
vt 0.145704 0.588442
vt 0.145294 0.588440
vt 0.146112 0.588452
vt 0.145325 0.583774
vt 0.143231 0.583886
vt 0.144762 0.583107
vt 0.141996 0.584999
vt 0.146088 0.589228
vt 0.150601 0.589292
vt 0.150516 0.588700
vt 0.145297 0.589217
vt 0.140784 0.589156
vt 0.140880 0.588574
vt 0.140408 0.588641
vt 0.141303 0.585099
vt 0.142566 0.583836
vt 0.144625 0.581674
vt 0.145785 0.582298
vt 0.150190 0.585215
vt 0.150990 0.588780
vt 0.148961 0.583919
vt 0.146960 0.581705
vt 0.087895 0.590517
vt 0.088492 0.590681
vt 0.087563 0.622241
vt 0.087052 0.621904
vt 0.088490 0.659095
vt 0.087893 0.659265
vt 0.087058 0.627879
vt 0.087566 0.627541
vt 0.087783 0.587781
vt 0.087906 0.589100
vt 0.084352 0.588881
vt 0.084304 0.587974
vt 0.084318 0.589952
vt 0.087736 0.662041
vt 0.088313 0.662074
vt 0.085809 0.672369
vt 0.085324 0.672082
vt 0.088311 0.587701
vt 0.085294 0.577702
vt 0.085781 0.577406
vt 0.087881 0.660664
vt 0.084325 0.660920
vt 0.084317 0.659834
vt 0.084267 0.661762
vt 0.083731 0.660210
vt 0.083634 0.629702
vt 0.083970 0.629222
vt 0.083200 0.660510
vt 0.083198 0.630087
vt 0.083214 0.661989
vt 0.083778 0.661861
vt 0.082761 0.669998
vt 0.082216 0.670220
vt 0.083279 0.670149
vt 0.083244 0.661231
vt 0.079548 0.661481
vt 0.079549 0.660838
vt 0.079543 0.661996
vt 0.084145 0.575727
vt 0.084819 0.576607
vt 0.082982 0.578918
vt 0.082484 0.578405
vt 0.083220 0.579631
vt 0.084112 0.674057
vt 0.084478 0.674502
vt 0.080175 0.677845
vt 0.080046 0.677296
vt 0.084466 0.575258
vt 0.080001 0.572505
vt 0.080129 0.571956
vt 0.084822 0.673164
vt 0.083034 0.670874
vt 0.082520 0.671390
vt 0.082263 0.670828
vt 0.079530 0.672315
vt 0.079560 0.671698
vt 0.079523 0.672804
vt 0.077937 0.572513
vt 0.078968 0.572237
vt 0.079008 0.576851
vt 0.078483 0.577004
vt 0.079544 0.576964
vt 0.077972 0.677276
vt 0.077845 0.677843
vt 0.073520 0.674502
vt 0.073848 0.674069
vt 0.077796 0.571969
vt 0.073813 0.575760
vt 0.073484 0.575327
vt 0.079016 0.677564
vt 0.079018 0.672931
vt 0.078513 0.672808
vt 0.078471 0.671701
vt 0.078504 0.672320
vt 0.075790 0.670828
vt 0.075844 0.670207
vt 0.075514 0.671395
vt 0.079012 0.671876
vt 0.079014 0.662049
vt 0.078449 0.662046
vt 0.079016 0.660927
vt 0.079097 0.630749
vt 0.079604 0.630630
vt 0.078484 0.660848
vt 0.078587 0.630641
vt 0.078459 0.661476
vt 0.074759 0.661258
vt 0.074833 0.660519
vt 0.074773 0.661951
vt 0.072676 0.577740
vt 0.073142 0.576642
vt 0.074994 0.578938
vt 0.074763 0.579657
vt 0.075489 0.578427
vt 0.072705 0.672087
vt 0.072218 0.672384
vt 0.069722 0.662087
vt 0.070250 0.662009
vt 0.072186 0.577451
vt 0.070300 0.587789
vt 0.069723 0.587758
vt 0.073173 0.673187
vt 0.074999 0.670883
vt 0.074751 0.670160
vt 0.075285 0.669991
vt 0.074247 0.661873
vt 0.073728 0.661827
vt 0.070147 0.659278
vt 0.069550 0.659113
vt 0.070601 0.627564
vt 0.071113 0.627900
vt 0.069555 0.590737
vt 0.070150 0.590566
vt 0.071107 0.621946
vt 0.070597 0.622285
vt 0.070131 0.660692
vt 0.073686 0.660924
vt 0.073722 0.659855
vt 0.070160 0.589166
vt 0.073712 0.588903
vt 0.073725 0.589987
vt 0.073769 0.588058
vt 0.074304 0.660226
vt 0.074547 0.629722
vt 0.074987 0.630099
vt 0.074208 0.629244
vt 0.078487 0.588972
vt 0.079020 0.588885
vt 0.079072 0.619066
vt 0.078565 0.619182
vt 0.079552 0.588966
vt 0.079582 0.619176
vt 0.078492 0.587812
vt 0.078487 0.588328
vt 0.074792 0.588588
vt 0.074821 0.587829
vt 0.074837 0.589311
vt 0.079585 0.587763
vt 0.079020 0.587760
vt 0.078990 0.577931
vt 0.079530 0.578106
vt 0.078445 0.578111
vt 0.079576 0.588336
vt 0.083277 0.588546
vt 0.083204 0.589286
vt 0.083260 0.587850
vt 0.083735 0.589581
vt 0.083620 0.620090
vt 0.083181 0.619711
vt 0.083958 0.620568
vt 0.083787 0.587928
vt 0.082701 0.579801
vt 0.082157 0.579597
vt 0.078474 0.577492
vt 0.075748 0.578982
vt 0.075795 0.579596
vt 0.079534 0.577482
vt 0.082210 0.578975
vt 0.074308 0.589611
vt 0.074532 0.620117
vt 0.074196 0.620598
vt 0.074970 0.619733
vt 0.074256 0.587959
vt 0.075267 0.579807
vt 0.083269 0.628654
vt 0.083159 0.629342
vt 0.079608 0.630192
vt 0.079681 0.629718
vt 0.085193 0.625902
vt 0.084395 0.627426
vt 0.084532 0.625334
vt 0.085078 0.624895
vt 0.083506 0.625460
vt 0.084436 0.628092
vt 0.086622 0.626060
vt 0.086012 0.624893
vt 0.086620 0.623725
vt 0.084427 0.621699
vt 0.085189 0.623882
vt 0.083504 0.624335
vt 0.083514 0.624897
vt 0.079867 0.624905
vt 0.079862 0.624497
vt 0.079864 0.625314
vt 0.084530 0.624456
vt 0.084386 0.622364
vt 0.083254 0.621146
vt 0.083145 0.620457
vt 0.079588 0.619616
vt 0.079663 0.620087
vt 0.074666 0.624359
vt 0.073639 0.624483
vt 0.073776 0.622392
vt 0.074902 0.621165
vt 0.073093 0.624922
vt 0.072978 0.623915
vt 0.074668 0.625482
vt 0.074658 0.624921
vt 0.078305 0.624910
vt 0.078309 0.625319
vt 0.078308 0.624502
vt 0.073641 0.625361
vt 0.073786 0.627450
vt 0.072982 0.625932
vt 0.074916 0.628670
vt 0.079086 0.624514
vt 0.079080 0.620000
vt 0.078489 0.620097
vt 0.079087 0.625302
vt 0.079090 0.629815
vt 0.078508 0.629729
vt 0.078581 0.630201
vt 0.075025 0.629358
vt 0.073743 0.628113
vt 0.071549 0.626089
vt 0.072156 0.624923
vt 0.075009 0.620479
vt 0.078561 0.619622
vt 0.073732 0.621728
vt 0.071546 0.623759
vt 0.033158 0.756013
vt 0.032559 0.755850
vt 0.033375 0.724292
vt 0.033887 0.724626
vt 0.032231 0.687447
vt 0.032826 0.687274
vt 0.033858 0.718657
vt 0.033350 0.718996
vt 0.033275 0.758741
vt 0.033151 0.757425
vt 0.036706 0.757639
vt 0.036755 0.758544
vt 0.036737 0.756570
vt 0.032971 0.684492
vt 0.032396 0.684461
vt 0.034857 0.674154
vt 0.035341 0.674441
vt 0.032747 0.758824
vt 0.035775 0.768815
vt 0.035288 0.769110
vt 0.032833 0.685872
vt 0.036386 0.685599
vt 0.036398 0.686687
vt 0.036441 0.684754
vt 0.036981 0.686309
vt 0.037279 0.716817
vt 0.036943 0.717297
vt 0.037508 0.686011
vt 0.037715 0.716434
vt 0.037491 0.684527
vt 0.036929 0.684655
vt 0.037912 0.676513
vt 0.038456 0.676288
vt 0.037395 0.676365
vt 0.037464 0.685286
vt 0.041156 0.685024
vt 0.041156 0.685666
vt 0.041161 0.684507
vt 0.036924 0.770785
vt 0.036250 0.769907
vt 0.038087 0.767596
vt 0.038585 0.768106
vt 0.037849 0.766882
vt 0.036547 0.672458
vt 0.036179 0.672014
vt 0.040473 0.668657
vt 0.040604 0.669206
vt 0.036601 0.771255
vt 0.041067 0.774004
vt 0.040940 0.774553
vt 0.035840 0.673353
vt 0.037635 0.675637
vt 0.038150 0.675118
vt 0.038406 0.675681
vt 0.041134 0.674185
vt 0.041105 0.674805
vt 0.041142 0.673696
vt 0.043130 0.773996
vt 0.042100 0.774273
vt 0.042060 0.769659
vt 0.042585 0.769506
vt 0.041524 0.769545
vt 0.042680 0.669223
vt 0.042804 0.668654
vt 0.047138 0.671987
vt 0.046812 0.672421
vt 0.043272 0.774540
vt 0.047258 0.770751
vt 0.047584 0.771182
vt 0.041633 0.668935
vt 0.041646 0.673567
vt 0.042151 0.673692
vt 0.042194 0.674802
vt 0.042161 0.674183
vt 0.044878 0.675669
vt 0.044825 0.676290
vt 0.045153 0.675099
vt 0.041652 0.674627
vt 0.041689 0.684455
vt 0.042253 0.684458
vt 0.041689 0.685579
vt 0.041817 0.715762
vt 0.041310 0.715876
vt 0.042221 0.685661
vt 0.042326 0.715872
vt 0.042244 0.685030
vt 0.045945 0.685237
vt 0.045872 0.685976
vt 0.045927 0.684543
vt 0.048392 0.768768
vt 0.047926 0.769867
vt 0.046074 0.767574
vt 0.046305 0.766854
vt 0.045579 0.768084
vt 0.047961 0.674400
vt 0.048447 0.674100
vt 0.050980 0.684389
vt 0.050454 0.684469
vt 0.048883 0.769055
vt 0.050756 0.758714
vt 0.051331 0.758744
vt 0.047489 0.673301
vt 0.045670 0.675611
vt 0.045921 0.676334
vt 0.045386 0.676504
vt 0.046455 0.684619
vt 0.046974 0.684663
vt 0.050568 0.687199
vt 0.051166 0.687362
vt 0.050315 0.718921
vt 0.049803 0.718584
vt 0.051494 0.755758
vt 0.050899 0.755931
vt 0.049832 0.724551
vt 0.050339 0.724210
vt 0.050576 0.685786
vt 0.047022 0.685568
vt 0.046990 0.686640
vt 0.050893 0.757333
vt 0.047340 0.757605
vt 0.047326 0.756521
vt 0.047286 0.758450
vt 0.046404 0.686269
vt 0.046366 0.716779
vt 0.045925 0.716398
vt 0.046705 0.717257
vt 0.042570 0.757543
vt 0.042039 0.757627
vt 0.041871 0.727448
vt 0.042378 0.727335
vt 0.041505 0.757545
vt 0.041363 0.727336
vt 0.042565 0.758700
vt 0.042568 0.758184
vt 0.046262 0.757919
vt 0.046234 0.758679
vt 0.046218 0.757195
vt 0.041475 0.758748
vt 0.042038 0.758753
vt 0.042081 0.768580
vt 0.041540 0.768405
vt 0.042625 0.768400
vt 0.041483 0.758177
vt 0.037780 0.757971
vt 0.037854 0.757233
vt 0.037800 0.758666
vt 0.037321 0.756939
vt 0.037325 0.726431
vt 0.037765 0.726809
vt 0.036986 0.725953
vt 0.037272 0.758589
vt 0.038368 0.766713
vt 0.038911 0.766916
vt 0.042596 0.769018
vt 0.045321 0.767528
vt 0.045274 0.766915
vt 0.041537 0.769027
vt 0.038859 0.767538
vt 0.046744 0.756898
vt 0.046412 0.726391
vt 0.046747 0.725911
vt 0.045975 0.726774
vt 0.046797 0.758550
vt 0.045801 0.766705
vt 0.037649 0.717868
vt 0.037756 0.717179
vt 0.041306 0.716318
vt 0.041235 0.716793
vt 0.035733 0.720625
vt 0.036526 0.719097
vt 0.036397 0.721190
vt 0.035852 0.721631
vt 0.037421 0.721063
vt 0.036483 0.718433
vt 0.034302 0.720472
vt 0.034916 0.721637
vt 0.034314 0.722807
vt 0.036513 0.724825
vt 0.035745 0.722644
vt 0.037428 0.722187
vt 0.037416 0.721627
vt 0.041062 0.721610
vt 0.041070 0.722018
vt 0.041064 0.721200
vt 0.036401 0.722069
vt 0.036552 0.724160
vt 0.037688 0.725376
vt 0.037800 0.726064
vt 0.041358 0.726898
vt 0.041283 0.726428
vt 0.046266 0.722147
vt 0.047292 0.722020
vt 0.047163 0.724112
vt 0.046041 0.725343
vt 0.047836 0.721579
vt 0.047955 0.722584
vt 0.046261 0.721022
vt 0.046271 0.721586
vt 0.042626 0.721602
vt 0.042619 0.721193
vt 0.042625 0.722011
vt 0.047287 0.721143
vt 0.047137 0.719050
vt 0.047945 0.720566
vt 0.046001 0.717834
vt 0.041848 0.722000
vt 0.041867 0.726513
vt 0.042456 0.726418
vt 0.041843 0.721211
vt 0.041826 0.716698
vt 0.042408 0.716783
vt 0.042333 0.716313
vt 0.045891 0.717145
vt 0.047175 0.718385
vt 0.049375 0.720404
vt 0.048772 0.721574
vt 0.045934 0.726030
vt 0.042386 0.726893
vt 0.047208 0.724777
vt 0.049385 0.722737
vt 0.110812 0.620327
vt 0.111406 0.620499
vt 0.110015 0.652039
vt 0.109509 0.651697
vt 0.110541 0.688888
vt 0.109944 0.689050
vt 0.109435 0.657659
vt 0.109949 0.657328
vt 0.110741 0.617597
vt 0.110844 0.618915
vt 0.107292 0.618641
vt 0.107259 0.617735
vt 0.107243 0.619710
vt 0.109754 0.691824
vt 0.110329 0.691864
vt 0.107701 0.702129
vt 0.107221 0.701836
vt 0.111269 0.617524
vt 0.108413 0.607481
vt 0.108904 0.607192
vt 0.109914 0.690450
vt 0.106357 0.690665
vt 0.106361 0.689579
vt 0.106289 0.691505
vt 0.105774 0.689947
vt 0.105987 0.659441
vt 0.106330 0.658965
vt 0.105241 0.690238
vt 0.105544 0.659818
vt 0.105235 0.691719
vt 0.105800 0.691598
vt 0.104684 0.699722
vt 0.104137 0.699938
vt 0.105199 0.699879
vt 0.105275 0.690961
vt 0.101577 0.691165
vt 0.101587 0.690525
vt 0.101565 0.691681
vt 0.107296 0.605490
vt 0.107954 0.606379
vt 0.106081 0.608660
vt 0.105591 0.608141
vt 0.106308 0.609376
vt 0.105985 0.703797
vt 0.106345 0.704246
vt 0.102001 0.707536
vt 0.101878 0.706985
vt 0.107623 0.605026
vt 0.103201 0.602206
vt 0.103337 0.601659
vt 0.106704 0.702912
vt 0.104948 0.700601
vt 0.104427 0.701111
vt 0.104178 0.700546
vt 0.101425 0.701999
vt 0.101463 0.701382
vt 0.101411 0.702487
vt 0.101137 0.602184
vt 0.102172 0.601922
vt 0.102140 0.606537
vt 0.101612 0.606681
vt 0.102673 0.606658
vt 0.099805 0.706938
vt 0.099670 0.707503
vt 0.095387 0.704108
vt 0.095720 0.703679
vt 0.101004 0.601638
vt 0.096963 0.605368
vt 0.096640 0.604931
vt 0.100846 0.707239
vt 0.100906 0.702607
vt 0.100401 0.702477
vt 0.100374 0.701370
vt 0.100399 0.701987
vt 0.097704 0.700461
vt 0.097767 0.699841
vt 0.097422 0.701026
vt 0.100915 0.701552
vt 0.101036 0.691725
vt 0.100472 0.691714
vt 0.101053 0.690604
vt 0.101433 0.660428
vt 0.101942 0.660318
vt 0.100521 0.690516
vt 0.100925 0.660310
vt 0.100489 0.691144
vt 0.096791 0.690880
vt 0.096874 0.690143
vt 0.096798 0.691573
vt 0.095797 0.607332
vt 0.096279 0.606240
vt 0.098094 0.608564
vt 0.097851 0.609279
vt 0.098598 0.608060
vt 0.094603 0.701683
vt 0.094113 0.701973
vt 0.091741 0.691648
vt 0.092270 0.691575
vt 0.095310 0.607035
vt 0.093258 0.617343
vt 0.092682 0.617302
vt 0.095058 0.702789
vt 0.096912 0.700507
vt 0.096673 0.699781
vt 0.097209 0.699618
vt 0.096271 0.691488
vt 0.095752 0.691436
vt 0.092200 0.688846
vt 0.091605 0.688674
vt 0.092988 0.657136
vt 0.093493 0.657479
vt 0.092469 0.620283
vt 0.093066 0.620121
vt 0.093567 0.651515
vt 0.093052 0.651846
vt 0.092167 0.690258
vt 0.095720 0.690533
vt 0.095768 0.689463
vt 0.093096 0.618719
vt 0.096653 0.618510
vt 0.096648 0.619594
vt 0.096722 0.617665
vt 0.096346 0.689842
vt 0.096901 0.659340
vt 0.097334 0.659726
vt 0.096569 0.658858
vt 0.101423 0.618647
vt 0.101958 0.618568
vt 0.101570 0.648746
vt 0.101061 0.648855
vt 0.102489 0.618655
vt 0.102077 0.648862
vt 0.101445 0.617489
vt 0.101433 0.618005
vt 0.097735 0.618210
vt 0.097777 0.617451
vt 0.097769 0.618934
vt 0.102539 0.617455
vt 0.101975 0.617443
vt 0.102105 0.607616
vt 0.102642 0.607798
vt 0.101556 0.607788
vt 0.102521 0.618027
vt 0.106220 0.618292
vt 0.106136 0.619030
vt 0.106213 0.617597
vt 0.106664 0.619331
vt 0.106103 0.649833
vt 0.105668 0.649448
vt 0.106435 0.650316
vt 0.106740 0.617683
vt 0.105786 0.609540
vt 0.105246 0.609329
vt 0.101596 0.607170
vt 0.098847 0.608620
vt 0.098884 0.609234
vt 0.102656 0.607175
vt 0.105309 0.608708
vt 0.097236 0.619226
vt 0.097017 0.649734
vt 0.096674 0.650211
vt 0.097459 0.649356
vt 0.097212 0.617572
vt 0.098354 0.609437
vt 0.105633 0.658388
vt 0.105515 0.659074
vt 0.101952 0.659878
vt 0.102032 0.659405
vt 0.107594 0.655663
vt 0.106777 0.657177
vt 0.106941 0.655087
vt 0.107492 0.654655
vt 0.105913 0.655198
vt 0.106808 0.657842
vt 0.109021 0.655839
vt 0.108427 0.654666
vt 0.109051 0.653507
vt 0.106886 0.651453
vt 0.107616 0.653645
vt 0.105927 0.654075
vt 0.105928 0.654636
vt 0.102282 0.654595
vt 0.102282 0.654186
vt 0.102273 0.655003
vt 0.106951 0.654210
vt 0.106835 0.652116
vt 0.105722 0.650883
vt 0.105621 0.650192
vt 0.102079 0.649302
vt 0.102145 0.649774
vt 0.097089 0.653979
vt 0.096061 0.654089
vt 0.096226 0.652000
vt 0.097370 0.650789
vt 0.095508 0.654522
vt 0.095408 0.653514
vt 0.097075 0.655102
vt 0.097073 0.654541
vt 0.100718 0.654580
vt 0.100718 0.654988
vt 0.100728 0.654172
vt 0.096050 0.654967
vt 0.096167 0.657059
vt 0.095385 0.655531
vt 0.097282 0.658293
vt 0.101505 0.654193
vt 0.101564 0.649680
vt 0.100971 0.649769
vt 0.101497 0.654981
vt 0.101440 0.659494
vt 0.100859 0.659400
vt 0.100924 0.659872
vt 0.097382 0.658983
vt 0.096117 0.657723
vt 0.093951 0.655669
vt 0.094573 0.654511
vt 0.097488 0.650103
vt 0.101051 0.649296
vt 0.096194 0.651336
vt 0.093980 0.653337
vt 0.026839 0.682125
vt 0.027436 0.682289
vt 0.026489 0.713848
vt 0.025978 0.713510
vt 0.027419 0.750694
vt 0.026824 0.750865
vt 0.025982 0.719481
vt 0.026491 0.719143
vt 0.026728 0.679392
vt 0.026850 0.680709
vt 0.023296 0.680486
vt 0.023248 0.679581
vt 0.023262 0.681557
vt 0.026667 0.753639
vt 0.027243 0.753672
vt 0.024749 0.763969
vt 0.024265 0.763682
vt 0.027256 0.679311
vt 0.024251 0.669310
vt 0.024738 0.669014
vt 0.026810 0.752264
vt 0.023255 0.752522
vt 0.023246 0.751435
vt 0.023197 0.753364
vt 0.022661 0.751812
vt 0.022558 0.721305
vt 0.022894 0.720824
vt 0.022130 0.752112
vt 0.022122 0.721689
vt 0.022144 0.753591
vt 0.022709 0.753463
vt 0.021700 0.761600
vt 0.021155 0.761821
vt 0.022218 0.761751
vt 0.022174 0.752833
vt 0.018478 0.753083
vt 0.018479 0.752441
vt 0.018474 0.753599
vt 0.023104 0.667334
vt 0.023777 0.668214
vt 0.021937 0.670523
vt 0.021440 0.670011
vt 0.022174 0.671237
vt 0.023054 0.765658
vt 0.023420 0.766103
vt 0.019118 0.769448
vt 0.018988 0.768899
vt 0.023426 0.666865
vt 0.018964 0.664109
vt 0.019092 0.663560
vt 0.023762 0.764765
vt 0.021974 0.762476
vt 0.021460 0.762992
vt 0.021204 0.762430
vt 0.018471 0.763918
vt 0.018501 0.763301
vt 0.018464 0.764407
vt 0.016901 0.664114
vt 0.017931 0.663839
vt 0.017966 0.668453
vt 0.017442 0.668605
vt 0.018503 0.668567
vt 0.016915 0.768879
vt 0.016789 0.769446
vt 0.012464 0.766106
vt 0.012790 0.765673
vt 0.016760 0.663571
vt 0.012773 0.667357
vt 0.012444 0.666926
vt 0.017960 0.769166
vt 0.017961 0.764534
vt 0.017455 0.764411
vt 0.017413 0.763303
vt 0.017446 0.763921
vt 0.014732 0.762430
vt 0.014786 0.761810
vt 0.014456 0.762998
vt 0.017955 0.763479
vt 0.017946 0.753651
vt 0.017381 0.753648
vt 0.017946 0.752529
vt 0.018020 0.722351
vt 0.018527 0.722234
vt 0.017413 0.752449
vt 0.017510 0.722242
vt 0.017389 0.753077
vt 0.013689 0.752862
vt 0.013763 0.752122
vt 0.013705 0.753555
vt 0.011636 0.669339
vt 0.012103 0.668241
vt 0.013953 0.670538
vt 0.013720 0.671257
vt 0.014448 0.670028
vt 0.011647 0.763692
vt 0.011161 0.763988
vt 0.008653 0.753694
vt 0.009182 0.753615
vt 0.011147 0.669048
vt 0.009246 0.679385
vt 0.008670 0.679352
vt 0.012117 0.764791
vt 0.013940 0.762486
vt 0.013691 0.761764
vt 0.014225 0.761594
vt 0.013179 0.753478
vt 0.012661 0.753432
vt 0.009078 0.750885
vt 0.008482 0.750719
vt 0.009526 0.719168
vt 0.010036 0.719505
vt 0.008500 0.682334
vt 0.009094 0.682164
vt 0.010033 0.713546
vt 0.009523 0.713884
vt 0.009062 0.752299
vt 0.012616 0.752530
vt 0.012653 0.751459
vt 0.009105 0.680762
vt 0.012659 0.680503
vt 0.012670 0.681586
vt 0.012716 0.679658
vt 0.013233 0.751830
vt 0.013470 0.721324
vt 0.013910 0.721702
vt 0.013132 0.720847
vt 0.017430 0.680575
vt 0.017962 0.680489
vt 0.017999 0.710668
vt 0.017492 0.710785
vt 0.018494 0.680569
vt 0.018507 0.710779
vt 0.017435 0.679415
vt 0.017431 0.679932
vt 0.013738 0.680189
vt 0.013767 0.679429
vt 0.013781 0.680912
vt 0.018527 0.679366
vt 0.017963 0.679363
vt 0.017947 0.669533
vt 0.018486 0.669708
vt 0.017401 0.669713
vt 0.018519 0.679938
vt 0.022219 0.680151
vt 0.022146 0.680892
vt 0.022203 0.679456
vt 0.022678 0.681186
vt 0.022545 0.711695
vt 0.022105 0.711315
vt 0.022883 0.712173
vt 0.022729 0.679534
vt 0.021656 0.671406
vt 0.021113 0.671202
vt 0.017433 0.669094
vt 0.014704 0.670583
vt 0.014751 0.671196
vt 0.018492 0.669084
vt 0.021166 0.670581
vt 0.013252 0.681211
vt 0.013460 0.711719
vt 0.013123 0.712198
vt 0.013897 0.711335
vt 0.013203 0.679558
vt 0.014224 0.671407
vt 0.022192 0.720258
vt 0.022083 0.720944
vt 0.018532 0.721795
vt 0.018604 0.721322
vt 0.024117 0.717506
vt 0.023319 0.719030
vt 0.023457 0.716939
vt 0.024003 0.716500
vt 0.022431 0.717064
vt 0.023359 0.719693
vt 0.025547 0.717664
vt 0.024938 0.716497
vt 0.025544 0.715329
vt 0.023351 0.713303
vt 0.024114 0.715486
vt 0.022430 0.715940
vt 0.022439 0.716501
vt 0.018793 0.716509
vt 0.018788 0.716101
vt 0.018789 0.716917
vt 0.023456 0.716061
vt 0.023311 0.713968
vt 0.022181 0.712750
vt 0.022070 0.712061
vt 0.018515 0.711218
vt 0.018590 0.711690
vt 0.013591 0.715961
vt 0.012564 0.716084
vt 0.012701 0.713992
vt 0.013829 0.712767
vt 0.012018 0.716524
vt 0.011903 0.715517
vt 0.013592 0.717084
vt 0.013583 0.716522
vt 0.017229 0.716513
vt 0.017234 0.716922
vt 0.017232 0.716105
vt 0.012565 0.716962
vt 0.012709 0.719053
vt 0.011907 0.717534
vt 0.013839 0.720272
vt 0.018011 0.716117
vt 0.018008 0.711604
vt 0.017417 0.711700
vt 0.018012 0.716904
vt 0.018013 0.721417
vt 0.017430 0.721331
vt 0.017503 0.721803
vt 0.013948 0.720961
vt 0.012666 0.719715
vt 0.010473 0.717691
vt 0.011082 0.716524
vt 0.013936 0.712079
vt 0.017488 0.711225
vt 0.012659 0.713329
vt 0.010471 0.715360
vt 0.596870 0.431521
vt 0.596518 0.432022
vt 0.369787 0.408773
vt 0.370228 0.408370
vt 0.125043 0.433475
vt 0.124546 0.433048
vt 0.351947 0.408339
vt 0.352594 0.408636
vt 0.604981 0.431004
vt 0.600866 0.431531
vt 0.603384 0.398193
vt 0.602082 0.398135
vt 0.604026 0.398493
vt 0.116617 0.432425
vt 0.116584 0.432951
vt 0.037794 0.413419
vt 0.037975 0.413060
vt 0.605051 0.431485
vt 0.683933 0.412633
vt 0.684107 0.412995
vt 0.120687 0.433007
vt 0.118831 0.399647
vt 0.118115 0.399952
vt 0.120143 0.399616
vt 0.116477 0.400439
vt 0.340531 0.379682
vt 0.341237 0.378131
vt 0.115935 0.401134
vt 0.339748 0.380804
vt 0.119063 0.400813
vt 0.119718 0.400354
vt 0.055582 0.393283
vt 0.055227 0.394297
vt 0.056441 0.392384
vt 0.117789 0.401149
vt 0.115728 0.366526
vt 0.112622 0.366961
vt 0.118742 0.366469
vt 0.690080 0.408174
vt 0.687323 0.410738
vt 0.665153 0.392228
vt 0.665117 0.393269
vt 0.665837 0.391626
vt 0.031942 0.408490
vt 0.031549 0.408784
vt 0.002227 0.372190
vt 0.002645 0.372121
vt 0.690488 0.408426
vt 0.719930 0.372180
vt 0.720346 0.372255
vt 0.034664 0.411118
vt 0.057121 0.393016
vt 0.057144 0.394062
vt 0.056444 0.394385
vt 0.042922 0.367806
vt 0.040992 0.368269
vt 0.045099 0.367421
vt 0.720073 0.368057
vt 0.720481 0.370138
vt 0.677288 0.368487
vt 0.677416 0.370141
vt 0.677585 0.366865
vt 0.002589 0.367999
vt 0.002148 0.367955
vt 0.029778 0.330040
vt 0.030169 0.330273
vt 0.720493 0.368006
vt 0.693008 0.329923
vt 0.693403 0.329697
vt 0.002134 0.370078
vt 0.045361 0.369056
vt 0.045209 0.370702
vt 0.041131 0.370061
vt 0.043030 0.370412
vt 0.055358 0.343227
vt 0.054126 0.343368
vt 0.056071 0.343514
vt 0.040742 0.369176
vt 0.118833 0.367059
vt 0.118910 0.367612
vt 0.112539 0.367409
vt 0.334976 0.348615
vt 0.334644 0.347380
vt 0.113541 0.367696
vt 0.335661 0.350032
vt 0.116101 0.367808
vt 0.116030 0.332971
vt 0.113762 0.333250
vt 0.117460 0.333163
vt 0.687228 0.325037
vt 0.690452 0.327183
vt 0.666828 0.343816
vt 0.667388 0.344455
vt 0.666926 0.342813
vt 0.035997 0.325488
vt 0.035789 0.325132
vt 0.113207 0.300709
vt 0.113319 0.301201
vt 0.687434 0.324686
vt 0.610205 0.299967
vt 0.610279 0.299430
vt 0.032766 0.327568
vt 0.056168 0.344513
vt 0.055609 0.345130
vt 0.054630 0.344344
vt 0.118238 0.333378
vt 0.118835 0.333877
vt 0.121141 0.299733
vt 0.121883 0.299201
vt 0.350783 0.290076
vt 0.350137 0.290251
vt 0.601654 0.297928
vt 0.602550 0.298424
vt 0.372677 0.290236
vt 0.371827 0.290161
vt 0.117317 0.300287
vt 0.117818 0.333869
vt 0.117777 0.333622
vt 0.606132 0.298997
vt 0.605286 0.332534
vt 0.605373 0.332286
vt 0.604238 0.332532
vt 0.115293 0.333752
vt 0.339934 0.317953
vt 0.338119 0.316643
vt 0.341580 0.320052
vt 0.609296 0.366251
vt 0.610170 0.365933
vt 0.387590 0.348915
vt 0.387025 0.350314
vt 0.609964 0.365476
vt 0.387810 0.347609
vt 0.603772 0.366157
vt 0.606643 0.366361
vt 0.607015 0.331564
vt 0.605645 0.331765
vt 0.609201 0.331830
vt 0.603970 0.364985
vt 0.603866 0.365579
vt 0.681923 0.368659
vt 0.681673 0.367732
vt 0.681526 0.369542
vt 0.606940 0.365048
vt 0.604541 0.399664
vt 0.606519 0.399645
vt 0.603187 0.399333
vt 0.605836 0.398947
vt 0.381687 0.379891
vt 0.382602 0.380978
vt 0.380829 0.378317
vt 0.602528 0.398871
vt 0.666716 0.392521
vt 0.667074 0.393530
vt 0.679615 0.369881
vt 0.667637 0.342537
vt 0.668866 0.342672
vt 0.679753 0.367261
vt 0.665834 0.393596
vt 0.607777 0.332368
vt 0.383028 0.318150
vt 0.381417 0.320221
vt 0.384802 0.316842
vt 0.604845 0.331998
vt 0.668361 0.343655
vt 0.334580 0.380810
vt 0.337636 0.381147
vt 0.330166 0.347547
vt 0.325621 0.347867
vt 0.334730 0.382687
vt 0.334512 0.381168
vt 0.362897 0.383363
vt 0.361175 0.383988
vt 0.363415 0.382735
vt 0.337464 0.379885
vt 0.357687 0.406312
vt 0.360982 0.402877
vt 0.364375 0.406400
vt 0.384737 0.380305
vt 0.387446 0.383400
vt 0.358763 0.382559
vt 0.361095 0.382676
vt 0.361262 0.349318
vt 0.357193 0.349524
vt 0.365316 0.349652
vt 0.359502 0.382944
vt 0.387212 0.382252
vt 0.387017 0.381130
vt 0.384701 0.381056
vt 0.392376 0.347840
vt 0.396922 0.348295
vt 0.359057 0.314783
vt 0.359172 0.314049
vt 0.388494 0.316681
vt 0.389265 0.317405
vt 0.361075 0.313676
vt 0.387893 0.315284
vt 0.363298 0.314881
vt 0.361107 0.314767
vt 0.361261 0.348081
vt 0.365347 0.347826
vt 0.357193 0.347737
vt 0.362647 0.314530
vt 0.334413 0.316064
vt 0.334665 0.314840
vt 0.334673 0.316797
vt 0.356905 0.348625
vt 0.396935 0.349312
vt 0.396785 0.350387
vt 0.365624 0.348720
vt 0.325600 0.348848
vt 0.325733 0.349837
vt 0.330511 0.350119
vt 0.336948 0.316719
vt 0.337312 0.318121
vt 0.357382 0.291921
vt 0.361432 0.295329
vt 0.386266 0.316766
vt 0.392050 0.350507
vt 0.385501 0.318415
vt 0.365562 0.291973
vt 0.597342 0.292736
vt 0.596569 0.293033
vt 0.369736 0.254208
vt 0.370360 0.253993
vt 0.127356 0.294344
vt 0.126595 0.294056
vt 0.353435 0.253837
vt 0.354056 0.254086
vt 0.604854 0.292441
vt 0.601017 0.292848
vt 0.603418 0.259497
vt 0.602188 0.259486
vt 0.604225 0.259861
vt 0.119066 0.293739
vt 0.119036 0.294266
vt 0.039713 0.277201
vt 0.039899 0.276834
vt 0.604930 0.292924
vt 0.684087 0.275559
vt 0.684274 0.275927
vt 0.122918 0.294162
vt 0.120653 0.260800
vt 0.119808 0.261196
vt 0.121904 0.260797
vt 0.118674 0.261810
vt 0.340811 0.224983
vt 0.341091 0.223767
vt 0.118546 0.262428
vt 0.340451 0.225932
vt 0.121115 0.261992
vt 0.121646 0.261509
vt 0.057214 0.256650
vt 0.056967 0.257657
vt 0.057938 0.255696
vt 0.120040 0.262372
vt 0.116867 0.227823
vt 0.113768 0.228421
vt 0.119760 0.227650
vt 0.690135 0.271344
vt 0.687414 0.273773
vt 0.665416 0.254975
vt 0.665364 0.256025
vt 0.666126 0.254338
vt 0.033879 0.272558
vt 0.033491 0.272867
vt 0.003120 0.237184
vt 0.003543 0.237100
vt 0.690545 0.271604
vt 0.720611 0.235934
vt 0.721035 0.236019
vt 0.036609 0.275031
vt 0.058651 0.256349
vt 0.058706 0.257405
vt 0.058082 0.257730
vt 0.043829 0.231542
vt 0.041998 0.232061
vt 0.045911 0.231103
vt 0.720824 0.231905
vt 0.721187 0.233947
vt 0.677966 0.231434
vt 0.678050 0.233063
vt 0.678298 0.229835
vt 0.003384 0.233067
vt 0.002929 0.233034
vt 0.029294 0.194271
vt 0.029698 0.194489
vt 0.721253 0.231859
vt 0.694618 0.193219
vt 0.695023 0.193002
vt 0.002991 0.235118
vt 0.046235 0.232707
vt 0.046156 0.234337
vt 0.042272 0.233828
vt 0.044061 0.234116
vt 0.055480 0.206515
vt 0.054343 0.206690
vt 0.056130 0.206767
vt 0.041823 0.232969
vt 0.119937 0.228173
vt 0.120084 0.228642
vt 0.114037 0.228823
vt 0.334715 0.193707
vt 0.334000 0.192614
vt 0.115349 0.228951
vt 0.335792 0.195106
vt 0.117524 0.228955
vt 0.116061 0.194048
vt 0.113937 0.194487
vt 0.117366 0.194158
vt 0.689080 0.188333
vt 0.692182 0.190506
vt 0.668010 0.206420
vt 0.668469 0.207072
vt 0.668184 0.205456
vt 0.035253 0.189644
vt 0.035011 0.189292
vt 0.111278 0.161574
vt 0.111423 0.162065
vt 0.689315 0.187983
vt 0.613003 0.160629
vt 0.613108 0.160093
vt 0.032158 0.191788
vt 0.056320 0.207732
vt 0.055853 0.208383
vt 0.054889 0.207634
vt 0.118132 0.194187
vt 0.118770 0.194470
vt 0.118645 0.160240
vt 0.119819 0.159682
vt 0.351290 0.135969
vt 0.349755 0.135708
vt 0.604547 0.158259
vt 0.605699 0.158809
vt 0.374511 0.135760
vt 0.372999 0.135992
vt 0.115184 0.161011
vt 0.118134 0.194563
vt 0.118506 0.194285
vt 0.609172 0.159562
vt 0.606148 0.193087
vt 0.605857 0.192865
vt 0.605522 0.192932
vt 0.115841 0.194773
vt 0.339108 0.163045
vt 0.336844 0.161766
vt 0.341161 0.165273
vt 0.608997 0.227627
vt 0.610238 0.227483
vt 0.389329 0.193947
vt 0.388316 0.195319
vt 0.610438 0.227070
vt 0.389988 0.192803
vt 0.604185 0.227308
vt 0.606771 0.227643
vt 0.608191 0.192873
vt 0.607233 0.192814
vt 0.610333 0.193135
vt 0.604485 0.226324
vt 0.604315 0.226844
vt 0.682415 0.231712
vt 0.682211 0.230782
vt 0.681998 0.232592
vt 0.607364 0.226489
vt 0.604127 0.261044
vt 0.605694 0.261086
vt 0.603001 0.260671
vt 0.605483 0.260458
vt 0.383123 0.225239
vt 0.383576 0.226121
vt 0.382743 0.224050
vt 0.602461 0.260194
vt 0.666875 0.255287
vt 0.667142 0.256293
vt 0.680171 0.232866
vt 0.668863 0.205213
vt 0.670044 0.205398
vt 0.680382 0.230269
vt 0.666004 0.256352
vt 0.608478 0.193385
vt 0.385092 0.163174
vt 0.383067 0.165417
vt 0.387355 0.161898
vt 0.606297 0.192508
vt 0.669469 0.206334
vt 0.335463 0.226132
vt 0.338310 0.226369
vt 0.330012 0.192875
vt 0.325792 0.193261
vt 0.335364 0.228062
vt 0.335170 0.226505
vt 0.363477 0.228093
vt 0.361934 0.228892
vt 0.364082 0.227446
vt 0.337831 0.225437
vt 0.358713 0.251559
vt 0.361760 0.248099
vt 0.364927 0.251672
vt 0.386043 0.225940
vt 0.388387 0.228849
vt 0.359569 0.227271
vt 0.361825 0.227371
vt 0.362038 0.193966
vt 0.358260 0.194177
vt 0.365799 0.194290
vt 0.360299 0.227702
vt 0.388169 0.227651
vt 0.387961 0.226388
vt 0.385758 0.226289
vt 0.394047 0.193110
vt 0.398278 0.193611
vt 0.360715 0.159516
vt 0.360869 0.158928
vt 0.390039 0.161789
vt 0.390844 0.162531
vt 0.362186 0.158665
vt 0.389188 0.160336
vt 0.363845 0.159552
vt 0.362483 0.159379
vt 0.362063 0.192686
vt 0.365913 0.192417
vt 0.358232 0.192350
vt 0.363516 0.159438
vt 0.334660 0.161124
vt 0.335378 0.159786
vt 0.334470 0.161957
vt 0.357948 0.193227
vt 0.398205 0.194594
vt 0.397985 0.195639
vt 0.366145 0.193309
vt 0.325865 0.194202
vt 0.326091 0.195151
vt 0.330669 0.195370
vt 0.336247 0.161916
vt 0.337158 0.163304
vt 0.357820 0.137385
vt 0.362288 0.140680
vt 0.388246 0.161891
vt 0.393386 0.195676
vt 0.387087 0.163588
vt 0.366616 0.137439
vt 0.595515 0.572935
vt 0.594761 0.573219
vt 0.368447 0.531362
vt 0.369044 0.531132
vt 0.126568 0.575198
vt 0.125938 0.574933
vt 0.352579 0.531042
vt 0.353456 0.531202
vt 0.603023 0.572695
vt 0.599202 0.573081
vt 0.601718 0.539736
vt 0.600460 0.539730
vt 0.602585 0.540145
vt 0.118525 0.574670
vt 0.118496 0.575196
vt 0.039062 0.558699
vt 0.039248 0.558331
vt 0.603096 0.573177
vt 0.682316 0.556116
vt 0.682502 0.556485
vt 0.122355 0.575055
vt 0.119942 0.541700
vt 0.119070 0.542124
vt 0.121193 0.541701
vt 0.118038 0.542761
vt 0.339547 0.502272
vt 0.339744 0.501098
vt 0.117991 0.543358
vt 0.339274 0.503199
vt 0.120467 0.542902
vt 0.120971 0.542411
vt 0.056490 0.538065
vt 0.056268 0.539069
vt 0.057187 0.537095
vt 0.119423 0.543292
vt 0.115995 0.508772
vt 0.112874 0.509407
vt 0.118881 0.508574
vt 0.688364 0.551922
vt 0.685642 0.554341
vt 0.663686 0.535489
vt 0.663626 0.536544
vt 0.664409 0.534847
vt 0.033223 0.554104
vt 0.032837 0.554415
vt 0.002279 0.518899
vt 0.002704 0.518814
vt 0.688775 0.552184
vt 0.718912 0.516576
vt 0.719337 0.516662
vt 0.035960 0.556554
vt 0.057912 0.537754
vt 0.057978 0.538814
vt 0.057366 0.539141
vt 0.042970 0.513035
vt 0.041146 0.513570
vt 0.045044 0.512585
vt 0.719128 0.512550
vt 0.719490 0.514594
vt 0.676270 0.511977
vt 0.676344 0.513603
vt 0.676609 0.510381
vt 0.002527 0.514787
vt 0.002073 0.514755
vt 0.028209 0.475838
vt 0.028614 0.476055
vt 0.719560 0.512505
vt 0.693010 0.473806
vt 0.693416 0.473590
vt 0.002143 0.516838
vt 0.045382 0.514182
vt 0.045315 0.515807
vt 0.041457 0.515327
vt 0.043231 0.515601
vt 0.054473 0.487918
vt 0.053340 0.488099
vt 0.055124 0.488165
vt 0.040992 0.514475
vt 0.119080 0.509087
vt 0.119244 0.509542
vt 0.113221 0.509801
vt 0.333303 0.471000
vt 0.332503 0.469932
vt 0.114603 0.509888
vt 0.334471 0.472401
vt 0.116716 0.509876
vt 0.114967 0.474966
vt 0.112837 0.475433
vt 0.116269 0.475063
vt 0.687482 0.468909
vt 0.690579 0.471090
vt 0.666351 0.486923
vt 0.666795 0.487569
vt 0.666538 0.485968
vt 0.034137 0.471176
vt 0.033893 0.470824
vt 0.109926 0.442466
vt 0.110077 0.442957
vt 0.687717 0.468559
vt 0.611529 0.440856
vt 0.611635 0.440319
vt 0.031055 0.473340
vt 0.055328 0.489122
vt 0.054881 0.489765
vt 0.053904 0.489036
vt 0.117041 0.475060
vt 0.117700 0.475306
vt 0.117296 0.441044
vt 0.118488 0.440464
vt 0.349660 0.413366
vt 0.348092 0.413092
vt 0.603048 0.438402
vt 0.604225 0.438971
vt 0.373256 0.413062
vt 0.371707 0.413325
vt 0.113839 0.441863
vt 0.117107 0.475404
vt 0.117532 0.475111
vt 0.607696 0.439761
vt 0.604474 0.473288
vt 0.604115 0.473053
vt 0.603895 0.473131
vt 0.114821 0.475670
vt 0.337579 0.440365
vt 0.335219 0.439092
vt 0.339732 0.442629
vt 0.607167 0.507928
vt 0.608497 0.507814
vt 0.388097 0.470976
vt 0.386979 0.472365
vt 0.608794 0.507405
vt 0.388855 0.469853
vt 0.602457 0.507574
vt 0.605012 0.507926
vt 0.606598 0.473145
vt 0.605628 0.473070
vt 0.608748 0.473443
vt 0.602800 0.506606
vt 0.602609 0.507122
vt 0.680699 0.512269
vt 0.680514 0.511340
vt 0.680271 0.513145
vt 0.605681 0.506790
vt 0.602314 0.541323
vt 0.603820 0.541382
vt 0.601215 0.540940
vt 0.603712 0.540775
vt 0.381901 0.502302
vt 0.382251 0.503148
vt 0.381614 0.501180
vt 0.600699 0.540446
vt 0.665138 0.535805
vt 0.665385 0.536811
vt 0.678458 0.513411
vt 0.667215 0.485727
vt 0.668393 0.485912
vt 0.678688 0.510820
vt 0.664259 0.536869
vt 0.606794 0.473645
vt 0.383819 0.440302
vt 0.381691 0.442620
vt 0.386193 0.439000
vt 0.604681 0.472746
vt 0.667805 0.486843
vt 0.334250 0.503447
vt 0.337099 0.503662
vt 0.328589 0.470214
vt 0.324412 0.470618
vt 0.334136 0.505387
vt 0.333943 0.503830
vt 0.362254 0.505252
vt 0.360720 0.506061
vt 0.362862 0.504607
vt 0.336562 0.502772
vt 0.357678 0.528718
vt 0.360641 0.525254
vt 0.363743 0.528803
vt 0.384848 0.503042
vt 0.387181 0.505915
vt 0.358352 0.504438
vt 0.360607 0.504535
vt 0.360714 0.471134
vt 0.356958 0.471349
vt 0.364450 0.471447
vt 0.359083 0.504872
vt 0.386951 0.504716
vt 0.386733 0.503452
vt 0.384500 0.503341
vt 0.392825 0.470162
vt 0.397007 0.470659
vt 0.359326 0.436713
vt 0.359474 0.436134
vt 0.388665 0.438915
vt 0.389476 0.439643
vt 0.360769 0.435881
vt 0.387801 0.437490
vt 0.362400 0.436750
vt 0.361057 0.436570
vt 0.360738 0.469871
vt 0.364572 0.469594
vt 0.356925 0.469543
vt 0.362079 0.436632
vt 0.333206 0.438463
vt 0.333945 0.437131
vt 0.332996 0.439290
vt 0.356644 0.470411
vt 0.396928 0.471646
vt 0.396702 0.472709
vt 0.364799 0.470471
vt 0.324502 0.471559
vt 0.324747 0.472510
vt 0.329319 0.472708
vt 0.334716 0.439247
vt 0.335704 0.440670
vt 0.356288 0.414699
vt 0.360823 0.417956
vt 0.386959 0.439001
vt 0.392098 0.472746
vt 0.385733 0.440782
vt 0.365215 0.414716
vt 0.722294 0.598463
vt 0.721798 0.598001
vt 0.729577 0.369691
vt 0.729865 0.370276
vt 0.722120 0.123378
vt 0.722642 0.123013
vt 0.730144 0.350739
vt 0.729753 0.351200
vt 0.723301 0.606271
vt 0.722564 0.602287
vt 0.756034 0.603203
vt 0.756049 0.601891
vt 0.755770 0.603758
vt 0.723649 0.115085
vt 0.723115 0.115041
vt 0.744731 0.036803
vt 0.745086 0.036985
vt 0.722815 0.606362
vt 0.745303 0.684266
vt 0.744949 0.684454
vt 0.722912 0.119142
vt 0.756378 0.117951
vt 0.756107 0.117407
vt 0.756414 0.119302
vt 0.755867 0.115260
vt 0.758373 0.340097
vt 0.760243 0.341365
vt 0.755223 0.114220
vt 0.757103 0.338754
vt 0.755383 0.118023
vt 0.755753 0.118761
vt 0.764498 0.054932
vt 0.763488 0.054509
vt 0.765353 0.055872
vt 0.755109 0.116511
vt 0.789829 0.115454
vt 0.789565 0.112442
vt 0.789765 0.118524
vt 0.749965 0.690114
vt 0.747318 0.687505
vt 0.764865 0.664574
vt 0.763828 0.664574
vt 0.765487 0.665247
vt 0.749792 0.031106
vt 0.749508 0.030710
vt 0.786727 0.002186
vt 0.786787 0.002600
vt 0.749733 0.690532
vt 0.787121 0.718493
vt 0.787063 0.718909
vt 0.747100 0.033753
vt 0.764730 0.056555
vt 0.763687 0.056574
vt 0.763375 0.055815
vt 0.790230 0.042854
vt 0.789817 0.040839
vt 0.790568 0.045101
vt 0.791229 0.718498
vt 0.789177 0.718971
vt 0.789039 0.675785
vt 0.787382 0.676006
vt 0.790692 0.675998
vt 0.790911 0.002618
vt 0.790962 0.002186
vt 0.828273 0.030620
vt 0.828031 0.031003
vt 0.791294 0.718907
vt 0.828258 0.689959
vt 0.828502 0.690342
vt 0.788842 0.002130
vt 0.788910 0.045320
vt 0.787248 0.045113
vt 0.787990 0.040872
vt 0.787586 0.042872
vt 0.814469 0.055773
vt 0.814353 0.054466
vt 0.814159 0.056534
vt 0.788901 0.040534
vt 0.789162 0.118532
vt 0.788555 0.118529
vt 0.789154 0.111909
vt 0.789158 0.334960
vt 0.790553 0.335133
vt 0.788737 0.112457
vt 0.787724 0.335121
vt 0.788480 0.115467
vt 0.823197 0.116472
vt 0.823073 0.114232
vt 0.822930 0.117958
vt 0.832898 0.684084
vt 0.830900 0.687337
vt 0.813208 0.664529
vt 0.812585 0.665218
vt 0.814249 0.664504
vt 0.832683 0.036871
vt 0.833039 0.036679
vt 0.855119 0.114788
vt 0.854634 0.114877
vt 0.833252 0.684266
vt 0.854296 0.605975
vt 0.854830 0.606017
vt 0.830688 0.033633
vt 0.813122 0.056538
vt 0.812508 0.055871
vt 0.813347 0.054916
vt 0.822552 0.118690
vt 0.821886 0.119220
vt 0.855633 0.122728
vt 0.856132 0.123170
vt 0.848079 0.351372
vt 0.847773 0.350814
vt 0.855817 0.597678
vt 0.855295 0.598043
vt 0.847510 0.370327
vt 0.847901 0.369865
vt 0.855369 0.118875
vt 0.821903 0.117903
vt 0.822170 0.117346
vt 0.855031 0.601915
vt 0.821567 0.603128
vt 0.821839 0.603675
vt 0.821530 0.601774
vt 0.822428 0.115247
vt 0.819781 0.340126
vt 0.821079 0.338892
vt 0.817868 0.341271
vt 0.788392 0.608656
vt 0.788803 0.609183
vt 0.788484 0.386129
vt 0.787091 0.385965
vt 0.789218 0.608627
vt 0.789919 0.385961
vt 0.788185 0.602572
vt 0.788125 0.605642
vt 0.822842 0.604564
vt 0.822565 0.603058
vt 0.822731 0.606849
vt 0.789396 0.602568
vt 0.788790 0.602565
vt 0.789054 0.680568
vt 0.789981 0.680228
vt 0.788133 0.680262
vt 0.789473 0.605625
vt 0.754752 0.604638
vt 0.754878 0.606880
vt 0.755017 0.603151
vt 0.755519 0.605860
vt 0.757859 0.380973
vt 0.756562 0.382214
vt 0.759771 0.379823
vt 0.755390 0.602418
vt 0.764636 0.666196
vt 0.763628 0.666640
vt 0.787715 0.678255
vt 0.814556 0.665266
vt 0.814455 0.666575
vt 0.790374 0.678232
vt 0.763523 0.665334
vt 0.822084 0.605816
vt 0.819274 0.380982
vt 0.817410 0.379722
vt 0.820542 0.382318
vt 0.822194 0.602316
vt 0.813445 0.666155
vt 0.757488 0.333115
vt 0.756896 0.336643
vt 0.790577 0.330177
vt 0.790374 0.325369
vt 0.755390 0.334354
vt 0.756778 0.333845
vt 0.754074 0.363050
vt 0.753654 0.360913
vt 0.754823 0.363194
vt 0.758412 0.337114
vt 0.731841 0.356925
vt 0.735172 0.360486
vt 0.731695 0.364006
vt 0.757814 0.384129
vt 0.754644 0.387079
vt 0.754898 0.358400
vt 0.754811 0.360881
vt 0.788171 0.360571
vt 0.787898 0.356341
vt 0.787860 0.364820
vt 0.754536 0.359149
vt 0.755842 0.387146
vt 0.756573 0.386743
vt 0.756512 0.384018
vt 0.789838 0.390969
vt 0.789497 0.395832
vt 0.822823 0.357890
vt 0.823571 0.358037
vt 0.820870 0.387235
vt 0.820163 0.387957
vt 0.823991 0.360171
vt 0.822261 0.386728
vt 0.822747 0.362685
vt 0.822834 0.360203
vt 0.789475 0.360511
vt 0.789747 0.364742
vt 0.789785 0.356262
vt 0.823110 0.361937
vt 0.821800 0.333943
vt 0.822997 0.334007
vt 0.821072 0.334345
vt 0.788856 0.356005
vt 0.788389 0.395853
vt 0.787275 0.395716
vt 0.788790 0.365077
vt 0.789258 0.325232
vt 0.788150 0.325253
vt 0.787807 0.330115
vt 0.821130 0.337078
vt 0.819827 0.336964
vt 0.845952 0.357076
vt 0.842476 0.360593
vt 0.820751 0.384431
vt 0.787070 0.390913
vt 0.819241 0.383968
vt 0.845808 0.364149
vt 0.122176 0.010040
vt 0.122548 0.009527
vt 0.350555 0.013346
vt 0.350081 0.013714
vt 0.597173 0.001697
vt 0.597548 0.002211
vt 0.369955 0.013586
vt 0.369484 0.013204
vt 0.114124 0.011276
vt 0.118210 0.010436
vt 0.117356 0.044052
vt 0.118804 0.044006
vt 0.116876 0.043380
vt 0.605681 0.003100
vt 0.605715 0.002568
vt 0.684293 0.022987
vt 0.684119 0.023344
vt 0.114029 0.010785
vt 0.036362 0.034168
vt 0.036173 0.033817
vt 0.601522 0.002417
vt 0.603277 0.035845
vt 0.603755 0.035567
vt 0.601972 0.035906
vt 0.605905 0.035288
vt 0.381085 0.041616
vt 0.379843 0.043512
vt 0.606940 0.034615
vt 0.382407 0.040321
vt 0.603261 0.034827
vt 0.602516 0.035219
vt 0.666502 0.043044
vt 0.666921 0.042028
vt 0.665565 0.043907
vt 0.604714 0.034531
vt 0.606310 0.069217
vt 0.609275 0.068909
vt 0.603276 0.069197
vt 0.030476 0.038963
vt 0.033092 0.036250
vt 0.056224 0.053524
vt 0.056200 0.052491
vt 0.055574 0.054147
vt 0.690166 0.028007
vt 0.690556 0.027718
vt 0.719640 0.064523
vt 0.719227 0.064588
vt 0.030056 0.038736
vt 0.002576 0.076500
vt 0.002159 0.076447
vt 0.687436 0.025330
vt 0.664905 0.043299
vt 0.664893 0.042263
vt 0.665634 0.041940
vt 0.679008 0.068601
vt 0.680987 0.068159
vt 0.676779 0.068974
vt 0.002630 0.080641
vt 0.002122 0.078579
vt 0.045307 0.077852
vt 0.045067 0.076199
vt 0.045116 0.079505
vt 0.719268 0.068746
vt 0.719701 0.068791
vt 0.691758 0.106491
vt 0.691371 0.106256
vt 0.002221 0.080712
vt 0.031712 0.117266
vt 0.031332 0.117514
vt 0.719732 0.066654
vt 0.676541 0.067321
vt 0.676724 0.065660
vt 0.680935 0.066350
vt 0.678956 0.065971
vt 0.666404 0.093025
vt 0.667682 0.092894
vt 0.665653 0.092723
vt 0.681285 0.067248
vt 0.603262 0.068574
vt 0.603258 0.067941
vt 0.609791 0.068484
vt 0.386720 0.072308
vt 0.386584 0.073706
vt 0.609219 0.068085
vt 0.386513 0.070874
vt 0.606272 0.067844
vt 0.605662 0.102537
vt 0.607897 0.102496
vt 0.604250 0.102265
vt 0.037750 0.121867
vt 0.034412 0.119895
vt 0.056952 0.101868
vt 0.056284 0.101261
vt 0.056972 0.102900
vt 0.685472 0.111040
vt 0.685666 0.111393
vt 0.607801 0.134386
vt 0.607707 0.133896
vt 0.037575 0.122223
vt 0.116194 0.142080
vt 0.116161 0.142613
vt 0.688738 0.108977
vt 0.665625 0.091690
vt 0.666270 0.091074
vt 0.667227 0.091899
vt 0.603520 0.101844
vt 0.603046 0.101166
vt 0.599647 0.135128
vt 0.599279 0.135642
vt 0.371295 0.131659
vt 0.371764 0.131286
vt 0.124701 0.143478
vt 0.124325 0.142964
vt 0.351909 0.131417
vt 0.352380 0.131800
vt 0.603617 0.134734
vt 0.604494 0.101121
vt 0.604976 0.101792
vt 0.120353 0.142761
vt 0.118583 0.109335
vt 0.118103 0.109613
vt 0.119891 0.109274
vt 0.606792 0.102043
vt 0.381996 0.103096
vt 0.383295 0.104318
vt 0.380783 0.101237
vt 0.112574 0.076277
vt 0.112063 0.076702
vt 0.335133 0.072689
vt 0.335263 0.071293
vt 0.112639 0.077100
vt 0.335343 0.074124
vt 0.118577 0.075985
vt 0.115541 0.075968
vt 0.117148 0.110651
vt 0.118598 0.110354
vt 0.114927 0.110570
vt 0.118595 0.077242
vt 0.118589 0.076610
vt 0.040563 0.077931
vt 0.040917 0.078844
vt 0.040862 0.077015
vt 0.115582 0.077339
vt 0.116186 0.042643
vt 0.113948 0.042686
vt 0.117598 0.042914
vt 0.115058 0.043134
vt 0.339853 0.041902
vt 0.338550 0.040679
vt 0.341069 0.043763
vt 0.118331 0.043331
vt 0.054620 0.053311
vt 0.054170 0.052312
vt 0.042835 0.076568
vt 0.056226 0.103220
vt 0.054937 0.103140
vt 0.042891 0.079214
vt 0.055449 0.052196
vt 0.115956 0.109895
vt 0.340771 0.103382
vt 0.342008 0.101490
vt 0.339455 0.104676
vt 0.119346 0.109962
vt 0.055351 0.102127
vt 0.387924 0.040617
vt 0.384453 0.040085
vt 0.391484 0.073648
vt 0.396242 0.073369
vt 0.386667 0.038545
vt 0.387193 0.039923
vt 0.357937 0.037799
vt 0.360071 0.037322
vt 0.357801 0.038547
vt 0.384010 0.041608
vt 0.363704 0.015395
vt 0.360160 0.018784
vt 0.356496 0.015380
vt 0.336807 0.041815
vt 0.333912 0.038633
vt 0.362488 0.038562
vt 0.360078 0.038510
vt 0.360898 0.071857
vt 0.365086 0.071535
vt 0.356699 0.071603
vt 0.361700 0.038237
vt 0.334116 0.039749
vt 0.334336 0.040789
vt 0.336622 0.040742
vt 0.330376 0.074130
vt 0.325573 0.073855
vt 0.364053 0.106455
vt 0.363915 0.107202
vt 0.334662 0.105077
vt 0.333932 0.104383
vt 0.361782 0.107679
vt 0.335186 0.106456
vt 0.359365 0.106441
vt 0.361774 0.106492
vt 0.360956 0.073146
vt 0.356767 0.073468
vt 0.365154 0.073399
vt 0.360151 0.106765
vt 0.387734 0.105250
vt 0.387939 0.106368
vt 0.387515 0.104211
vt 0.365413 0.072467
vt 0.325512 0.072753
vt 0.325611 0.071630
vt 0.356440 0.072536
vt 0.396341 0.072247
vt 0.396279 0.071146
vt 0.391479 0.070869
vt 0.385227 0.104257
vt 0.385045 0.103185
vt 0.365356 0.129621
vt 0.361693 0.126217
vt 0.337405 0.104913
vt 0.330366 0.071351
vt 0.337845 0.103394
vt 0.358154 0.129607
vt 0.864138 0.826559
vt 0.863620 0.826193
vt 0.865587 0.598177
vt 0.865961 0.598645
vt 0.851569 0.351718
vt 0.852080 0.351339
vt 0.865659 0.578808
vt 0.865281 0.579282
vt 0.865436 0.834587
vt 0.864566 0.830515
vt 0.898189 0.831097
vt 0.898130 0.829648
vt 0.897523 0.831587
vt 0.852892 0.343202
vt 0.852359 0.343174
vt 0.872081 0.264418
vt 0.872439 0.264590
vt 0.864946 0.834688
vt 0.888930 0.912168
vt 0.888581 0.912361
vt 0.852247 0.347366
vt 0.885657 0.345309
vt 0.885374 0.344827
vt 0.885729 0.346617
vt 0.885073 0.342685
vt 0.893603 0.567431
vt 0.895504 0.568648
vt 0.884389 0.341666
vt 0.892299 0.566128
vt 0.884636 0.345340
vt 0.885037 0.346080
vt 0.892297 0.282029
vt 0.891278 0.281618
vt 0.893167 0.282958
vt 0.884326 0.343889
vt 0.918995 0.341981
vt 0.918659 0.339014
vt 0.919004 0.345019
vt 0.893770 0.918010
vt 0.891038 0.915419
vt 0.908127 0.892149
vt 0.907093 0.892179
vt 0.908757 0.892797
vt 0.877048 0.258506
vt 0.876755 0.258117
vt 0.913295 0.228704
vt 0.913365 0.229116
vt 0.893547 0.918432
vt 0.931533 0.945602
vt 0.931484 0.946019
vt 0.874396 0.261255
vt 0.892567 0.283624
vt 0.891532 0.283646
vt 0.891201 0.282908
vt 0.917742 0.269298
vt 0.917283 0.267322
vt 0.918135 0.271522
vt 0.935673 0.945511
vt 0.933615 0.946037
vt 0.932539 0.902860
vt 0.930892 0.903113
vt 0.934195 0.903039
vt 0.917522 0.229038
vt 0.917563 0.228604
vt 0.955514 0.256204
vt 0.955281 0.256592
vt 0.935749 0.945920
vt 0.972063 0.916136
vt 0.972315 0.916513
vt 0.915426 0.228592
vt 0.916485 0.271776
vt 0.914822 0.271608
vt 0.915473 0.267389
vt 0.915112 0.269372
vt 0.942278 0.281680
vt 0.942136 0.280404
vt 0.941983 0.282432
vt 0.916368 0.267033
vt 0.918380 0.345038
vt 0.917749 0.345049
vt 0.918229 0.338510
vt 0.924247 0.561531
vt 0.925645 0.561646
vt 0.917837 0.339091
vt 0.922815 0.561756
vt 0.917625 0.342037
vt 0.952323 0.342334
vt 0.952262 0.340094
vt 0.952066 0.343751
vt 0.976615 0.910061
vt 0.974670 0.913415
vt 0.956465 0.891019
vt 0.955865 0.891689
vt 0.957497 0.890992
vt 0.960117 0.262445
vt 0.960468 0.262248
vt 0.984162 0.339901
vt 0.983671 0.340001
vt 0.976973 0.910233
vt 0.996228 0.831463
vt 0.996761 0.831492
vt 0.958025 0.259200
vt 0.940952 0.282470
vt 0.940327 0.281829
vt 0.941144 0.280866
vt 0.951654 0.344484
vt 0.950983 0.344962
vt 0.984979 0.348036
vt 0.985497 0.348405
vt 0.983718 0.576436
vt 0.983346 0.575965
vt 0.997559 0.822937
vt 0.997048 0.823317
vt 0.983648 0.595834
vt 0.984026 0.595361
vt 0.984547 0.344076
vt 0.950925 0.343515
vt 0.951591 0.343032
vt 0.996877 0.827295
vt 0.963467 0.829331
vt 0.963748 0.829810
vt 0.963396 0.828024
vt 0.951823 0.341209
vt 0.955074 0.565984
vt 0.956285 0.564668
vt 0.953223 0.567219
vt 0.930459 0.835611
vt 0.930886 0.836120
vt 0.925064 0.613093
vt 0.923666 0.612974
vt 0.931276 0.835542
vt 0.926497 0.612872
vt 0.930117 0.829607
vt 0.930125 0.832646
vt 0.964795 0.830758
vt 0.964486 0.829312
vt 0.964731 0.832981
vt 0.931370 0.829585
vt 0.930740 0.829593
vt 0.932656 0.907606
vt 0.933567 0.907248
vt 0.931738 0.907310
vt 0.931492 0.832596
vt 0.896792 0.832276
vt 0.896853 0.834517
vt 0.897050 0.830855
vt 0.897290 0.833405
vt 0.894238 0.608631
vt 0.893028 0.609943
vt 0.896087 0.607402
vt 0.897461 0.830124
vt 0.907928 0.893755
vt 0.906932 0.894208
vt 0.931278 0.905341
vt 0.957822 0.891736
vt 0.957755 0.893029
vt 0.933921 0.905268
vt 0.906803 0.892933
vt 0.964048 0.831956
vt 0.955709 0.607202
vt 0.953805 0.605981
vt 0.957015 0.608509
vt 0.964088 0.828565
vt 0.956738 0.892617
vt 0.892542 0.560598
vt 0.892042 0.564077
vt 0.925544 0.556751
vt 0.925223 0.551996
vt 0.890480 0.561866
vt 0.891857 0.561330
vt 0.889980 0.590599
vt 0.889483 0.588468
vt 0.890727 0.590731
vt 0.893564 0.564501
vt 0.867524 0.585031
vt 0.870944 0.588539
vt 0.867571 0.592227
vt 0.894176 0.611684
vt 0.891020 0.614610
vt 0.890702 0.586039
vt 0.890670 0.588452
vt 0.924011 0.587346
vt 0.923653 0.583159
vt 0.923792 0.591550
vt 0.890385 0.586829
vt 0.892134 0.614394
vt 0.893171 0.614165
vt 0.893106 0.611876
vt 0.926544 0.617841
vt 0.926310 0.622646
vt 0.958582 0.583897
vt 0.959330 0.584027
vt 0.957453 0.613299
vt 0.956766 0.614036
vt 0.959826 0.586159
vt 0.958828 0.612764
vt 0.958607 0.588588
vt 0.958638 0.586176
vt 0.925299 0.587279
vt 0.925657 0.591466
vt 0.925517 0.583075
vt 0.958925 0.587796
vt 0.957176 0.560228
vt 0.958290 0.560014
vt 0.956139 0.560456
vt 0.924581 0.582824
vt 0.925208 0.622718
vt 0.924086 0.622629
vt 0.924728 0.591802
vt 0.924101 0.551908
vt 0.923000 0.551979
vt 0.922766 0.556785
vt 0.956206 0.562741
vt 0.955133 0.562938
vt 0.981737 0.582394
vt 0.978365 0.586088
vt 0.957269 0.610558
vt 0.923765 0.617872
vt 0.955743 0.610129
vt 0.981785 0.589603
vt 0.226221 0.646563
vt 0.225623 0.646397
vt 0.226601 0.614841
vt 0.227111 0.615179
vt 0.225615 0.577995
vt 0.226210 0.577825
vt 0.227108 0.609209
vt 0.226599 0.609547
vt 0.226325 0.649295
vt 0.226207 0.647977
vt 0.229760 0.648207
vt 0.229805 0.649113
vt 0.229797 0.647135
vt 0.226365 0.575046
vt 0.225790 0.575013
vt 0.228288 0.564716
vt 0.228772 0.565003
vt 0.225797 0.649374
vt 0.228778 0.659381
vt 0.228289 0.659677
vt 0.226222 0.576424
vt 0.229776 0.576164
vt 0.229784 0.577252
vt 0.229834 0.575322
vt 0.230368 0.576877
vt 0.230535 0.607385
vt 0.230198 0.607864
vt 0.230898 0.576578
vt 0.230974 0.607002
vt 0.230886 0.575095
vt 0.230323 0.575223
vt 0.231336 0.567085
vt 0.231882 0.566862
vt 0.230820 0.566934
vt 0.230856 0.575855
vt 0.234551 0.575605
vt 0.234549 0.576248
vt 0.234557 0.575088
vt 0.229918 0.661361
vt 0.229248 0.660478
vt 0.231093 0.658173
vt 0.231589 0.658688
vt 0.230857 0.657460
vt 0.229985 0.563024
vt 0.229619 0.562580
vt 0.233925 0.559237
vt 0.234054 0.559787
vt 0.229595 0.661828
vt 0.234051 0.664595
vt 0.233922 0.665144
vt 0.229276 0.563918
vt 0.231063 0.566207
vt 0.231576 0.565690
vt 0.231833 0.566253
vt 0.234567 0.564768
vt 0.234536 0.565386
vt 0.234575 0.564280
vt 0.236116 0.664596
vt 0.235084 0.664868
vt 0.235058 0.660253
vt 0.235584 0.660103
vt 0.234523 0.660138
vt 0.236129 0.559811
vt 0.236257 0.559245
vt 0.240578 0.562592
vt 0.240250 0.563024
vt 0.236255 0.665140
vt 0.240251 0.661363
vt 0.240580 0.661795
vt 0.235084 0.559522
vt 0.235080 0.564154
vt 0.235585 0.564278
vt 0.235625 0.565387
vt 0.235593 0.564767
vt 0.238305 0.566265
vt 0.238250 0.566886
vt 0.238579 0.565697
vt 0.235084 0.565210
vt 0.235085 0.575038
vt 0.235650 0.575044
vt 0.235081 0.576164
vt 0.235079 0.606344
vt 0.234571 0.606458
vt 0.235613 0.576247
vt 0.235588 0.606457
vt 0.235638 0.575616
vt 0.239338 0.575837
vt 0.239263 0.576576
vt 0.239323 0.575142
vt 0.241396 0.659384
vt 0.240925 0.660482
vt 0.239082 0.658181
vt 0.239315 0.657461
vt 0.238583 0.658690
vt 0.241390 0.565008
vt 0.241877 0.564712
vt 0.244377 0.575009
vt 0.243848 0.575087
vt 0.241884 0.659675
vt 0.243805 0.649341
vt 0.244381 0.649375
vt 0.240922 0.563908
vt 0.239096 0.566211
vt 0.239344 0.566935
vt 0.238810 0.567104
vt 0.239850 0.575222
vt 0.240369 0.575269
vt 0.243954 0.577818
vt 0.244551 0.577983
vt 0.243562 0.609539
vt 0.243053 0.609201
vt 0.244556 0.646389
vt 0.243961 0.646559
vt 0.243055 0.615172
vt 0.243564 0.614834
vt 0.243967 0.576403
vt 0.240412 0.576172
vt 0.240377 0.577245
vt 0.243949 0.647963
vt 0.240394 0.648216
vt 0.240386 0.647131
vt 0.240336 0.649061
vt 0.239794 0.576872
vt 0.239623 0.607379
vt 0.239185 0.606999
vt 0.239960 0.607858
vt 0.235624 0.648133
vt 0.235092 0.648216
vt 0.235083 0.618035
vt 0.235591 0.617922
vt 0.234560 0.648133
vt 0.234575 0.617921
vt 0.235614 0.649293
vt 0.235620 0.648776
vt 0.239315 0.648527
vt 0.239284 0.649287
vt 0.239273 0.647803
vt 0.234523 0.649337
vt 0.235085 0.649343
vt 0.235081 0.659172
vt 0.234541 0.658995
vt 0.235628 0.658995
vt 0.234534 0.648764
vt 0.230834 0.648543
vt 0.230910 0.647803
vt 0.230849 0.649238
vt 0.230379 0.647508
vt 0.230540 0.616999
vt 0.230979 0.617380
vt 0.230203 0.616520
vt 0.230323 0.649159
vt 0.231377 0.657290
vt 0.231918 0.657496
vt 0.235595 0.659614
vt 0.238327 0.658133
vt 0.238282 0.657518
vt 0.234535 0.659620
vt 0.231864 0.658118
vt 0.239804 0.647505
vt 0.239627 0.616997
vt 0.239964 0.616517
vt 0.239188 0.617379
vt 0.239848 0.649159
vt 0.238810 0.657310
vt 0.230902 0.608434
vt 0.231011 0.607746
vt 0.234565 0.606898
vt 0.234491 0.607373
vt 0.228976 0.611185
vt 0.229773 0.609660
vt 0.229636 0.611752
vt 0.229090 0.612192
vt 0.230662 0.611629
vt 0.229733 0.608996
vt 0.227546 0.611026
vt 0.228155 0.612193
vt 0.227545 0.613361
vt 0.229737 0.615388
vt 0.228977 0.613205
vt 0.230662 0.612753
vt 0.230654 0.612191
vt 0.234300 0.612190
vt 0.234304 0.612600
vt 0.234304 0.611779
vt 0.229636 0.612631
vt 0.229779 0.614724
vt 0.230907 0.615944
vt 0.231017 0.616634
vt 0.234570 0.617482
vt 0.234497 0.617010
vt 0.239500 0.612750
vt 0.240526 0.612627
vt 0.240388 0.614720
vt 0.239260 0.615945
vt 0.241073 0.612187
vt 0.241186 0.613194
vt 0.239500 0.611624
vt 0.239508 0.612187
vt 0.235862 0.612190
vt 0.235858 0.611779
vt 0.235858 0.612600
vt 0.240526 0.611748
vt 0.240384 0.609654
vt 0.241185 0.611174
vt 0.239255 0.608434
vt 0.235081 0.612585
vt 0.235080 0.617099
vt 0.235671 0.617005
vt 0.235081 0.611795
vt 0.235081 0.607280
vt 0.235665 0.607369
vt 0.235592 0.606896
vt 0.239146 0.607744
vt 0.240426 0.608990
vt 0.242617 0.611018
vt 0.242008 0.612187
vt 0.239151 0.616633
vt 0.235598 0.617481
vt 0.240429 0.615384
vt 0.242617 0.613354
vt 0.020048 0.790708
vt 0.020645 0.790873
vt 0.019647 0.822429
vt 0.019138 0.822091
vt 0.020634 0.859274
vt 0.020039 0.859444
vt 0.019138 0.828060
vt 0.019647 0.827722
vt 0.019942 0.787978
vt 0.020062 0.789294
vt 0.016507 0.789065
vt 0.016463 0.788159
vt 0.016471 0.790135
vt 0.019883 0.862223
vt 0.020459 0.862256
vt 0.017958 0.872553
vt 0.017473 0.872266
vt 0.020471 0.787899
vt 0.017492 0.777892
vt 0.017980 0.777597
vt 0.020027 0.860846
vt 0.016472 0.861105
vt 0.016464 0.860017
vt 0.016415 0.861947
vt 0.015881 0.860392
vt 0.015710 0.829884
vt 0.016046 0.829403
vt 0.015350 0.860689
vt 0.015271 0.830266
vt 0.015361 0.862174
vt 0.015926 0.862046
vt 0.014910 0.870184
vt 0.014365 0.870405
vt 0.015428 0.870335
vt 0.015392 0.861413
vt 0.011696 0.861662
vt 0.011700 0.861019
vt 0.011691 0.862179
vt 0.016351 0.775914
vt 0.017021 0.776795
vt 0.015176 0.779101
vt 0.014681 0.778586
vt 0.015411 0.779814
vt 0.016261 0.874243
vt 0.016627 0.874688
vt 0.012322 0.878031
vt 0.012192 0.877482
vt 0.016675 0.775446
vt 0.012220 0.772678
vt 0.012349 0.772129
vt 0.016971 0.873349
vt 0.015184 0.871060
vt 0.014669 0.871577
vt 0.014413 0.871014
vt 0.011679 0.872499
vt 0.011709 0.871881
vt 0.011672 0.872989
vt 0.010155 0.772678
vt 0.011187 0.772406
vt 0.011211 0.777020
vt 0.010686 0.777170
vt 0.011746 0.777136
vt 0.010118 0.877457
vt 0.009990 0.878023
vt 0.005669 0.874677
vt 0.005996 0.874243
vt 0.010016 0.772134
vt 0.006019 0.775911
vt 0.005691 0.775478
vt 0.011162 0.877746
vt 0.011167 0.873114
vt 0.010662 0.872990
vt 0.010620 0.871880
vt 0.010653 0.872499
vt 0.007942 0.871002
vt 0.007996 0.870382
vt 0.007666 0.871571
vt 0.011161 0.872057
vt 0.011161 0.862228
vt 0.010599 0.862223
vt 0.011167 0.861103
vt 0.011166 0.830922
vt 0.011674 0.830808
vt 0.010635 0.861019
vt 0.010658 0.830809
vt 0.010609 0.861650
vt 0.006909 0.861429
vt 0.006985 0.860689
vt 0.006924 0.862125
vt 0.004875 0.777889
vt 0.005345 0.776792
vt 0.007190 0.779092
vt 0.006955 0.779810
vt 0.007687 0.778583
vt 0.004854 0.872259
vt 0.004368 0.872556
vt 0.001871 0.862258
vt 0.002399 0.862179
vt 0.004386 0.777598
vt 0.002462 0.787931
vt 0.001887 0.787898
vt 0.005323 0.873361
vt 0.007150 0.871057
vt 0.006903 0.870332
vt 0.007436 0.870164
vt 0.006398 0.862046
vt 0.005880 0.861998
vt 0.002294 0.859448
vt 0.001697 0.859282
vt 0.002684 0.827726
vt 0.003194 0.828064
vt 0.001711 0.790881
vt 0.002306 0.790711
vt 0.003195 0.822096
vt 0.002685 0.822434
vt 0.002281 0.860862
vt 0.005835 0.861094
vt 0.005870 0.860021
vt 0.002318 0.789309
vt 0.005872 0.789056
vt 0.005881 0.790139
vt 0.005930 0.788211
vt 0.006454 0.860394
vt 0.006623 0.829885
vt 0.007061 0.830267
vt 0.006285 0.829407
vt 0.010644 0.789137
vt 0.011175 0.789052
vt 0.011164 0.819233
vt 0.010657 0.819347
vt 0.011707 0.789136
vt 0.011673 0.819345
vt 0.010653 0.787978
vt 0.010646 0.788494
vt 0.006951 0.788743
vt 0.006982 0.787983
vt 0.006994 0.789467
vt 0.011745 0.787933
vt 0.011181 0.787928
vt 0.011189 0.778100
vt 0.011729 0.778276
vt 0.010644 0.778277
vt 0.011734 0.788506
vt 0.015433 0.788728
vt 0.015356 0.789467
vt 0.015418 0.788033
vt 0.015887 0.789761
vt 0.015709 0.820269
vt 0.015270 0.819889
vt 0.016046 0.820748
vt 0.015945 0.788112
vt 0.014892 0.779982
vt 0.014350 0.779777
vt 0.010675 0.777659
vt 0.007943 0.779139
vt 0.007988 0.779753
vt 0.011734 0.777653
vt 0.014404 0.779155
vt 0.006464 0.789765
vt 0.006623 0.820272
vt 0.006286 0.820751
vt 0.007060 0.819889
vt 0.006419 0.788112
vt 0.007459 0.779963
vt 0.015343 0.828833
vt 0.015233 0.829521
vt 0.011680 0.830367
vt 0.011753 0.829892
vt 0.017270 0.826083
vt 0.016471 0.827607
vt 0.016610 0.825515
vt 0.017158 0.825076
vt 0.015584 0.825639
vt 0.016512 0.828271
vt 0.018701 0.826243
vt 0.018093 0.825076
vt 0.018701 0.823908
vt 0.016510 0.821880
vt 0.017269 0.824064
vt 0.015585 0.824514
vt 0.015593 0.825077
vt 0.011947 0.825078
vt 0.011943 0.824668
vt 0.011943 0.825486
vt 0.016611 0.824637
vt 0.016469 0.822544
vt 0.015341 0.821324
vt 0.015232 0.820633
vt 0.011679 0.819785
vt 0.011750 0.820257
vt 0.006746 0.824515
vt 0.005721 0.824639
vt 0.005860 0.822547
vt 0.006989 0.821321
vt 0.005175 0.825078
vt 0.005061 0.824071
vt 0.006746 0.825639
vt 0.006738 0.825078
vt 0.010385 0.825078
vt 0.010388 0.825486
vt 0.010389 0.824668
vt 0.005721 0.825518
vt 0.005861 0.827610
vt 0.005062 0.826091
vt 0.006989 0.828830
vt 0.011165 0.824682
vt 0.011168 0.820169
vt 0.010577 0.820262
vt 0.011165 0.825472
vt 0.011161 0.829986
vt 0.010579 0.829898
vt 0.010652 0.830370
vt 0.007098 0.829521
vt 0.005819 0.828276
vt 0.003630 0.826246
vt 0.004239 0.825079
vt 0.007098 0.820634
vt 0.010651 0.819787
vt 0.005819 0.821883
vt 0.003632 0.823911
vt 0.095595 0.722023
vt 0.096193 0.722188
vt 0.095161 0.753743
vt 0.094652 0.753404
vt 0.096115 0.790587
vt 0.095521 0.790758
vt 0.094645 0.759374
vt 0.095155 0.759035
vt 0.095495 0.719292
vt 0.095611 0.720610
vt 0.092057 0.720372
vt 0.092015 0.719467
vt 0.092019 0.721444
vt 0.095364 0.793538
vt 0.095939 0.793570
vt 0.093426 0.803865
vt 0.092943 0.803577
vt 0.096023 0.719215
vt 0.093064 0.709200
vt 0.093554 0.708908
vt 0.095508 0.792160
vt 0.091954 0.792414
vt 0.091946 0.791327
vt 0.091895 0.793255
vt 0.091362 0.791700
vt 0.091215 0.761190
vt 0.091552 0.760713
vt 0.090833 0.791996
vt 0.090776 0.761573
vt 0.090843 0.793481
vt 0.091406 0.793354
vt 0.090383 0.801491
vt 0.089836 0.801712
vt 0.090900 0.801643
vt 0.090874 0.792721
vt 0.087179 0.792965
vt 0.087184 0.792322
vt 0.087172 0.793481
vt 0.091927 0.707221
vt 0.092597 0.708104
vt 0.090744 0.710404
vt 0.090250 0.709890
vt 0.090979 0.711119
vt 0.091725 0.805554
vt 0.092092 0.805999
vt 0.087778 0.809332
vt 0.087650 0.808783
vt 0.092252 0.706753
vt 0.087802 0.703977
vt 0.087933 0.703428
vt 0.092437 0.804660
vt 0.090654 0.802369
vt 0.090139 0.802885
vt 0.089884 0.802322
vt 0.087147 0.803801
vt 0.087180 0.803182
vt 0.087138 0.804289
vt 0.085738 0.703975
vt 0.086770 0.703704
vt 0.086784 0.708320
vt 0.086257 0.708468
vt 0.087319 0.708435
vt 0.085575 0.808755
vt 0.085448 0.809322
vt 0.081132 0.805968
vt 0.081460 0.805537
vt 0.085600 0.703429
vt 0.081594 0.707197
vt 0.081267 0.706764
vt 0.086619 0.809045
vt 0.086633 0.804415
vt 0.086128 0.804290
vt 0.086092 0.803180
vt 0.086121 0.803801
vt 0.083411 0.802299
vt 0.083468 0.801677
vt 0.083136 0.802865
vt 0.086632 0.803359
vt 0.086645 0.793530
vt 0.086082 0.793524
vt 0.086652 0.792405
vt 0.086671 0.762224
vt 0.087179 0.762113
vt 0.086120 0.792320
vt 0.086162 0.762110
vt 0.086093 0.792952
vt 0.082394 0.792726
vt 0.082469 0.791987
vt 0.082408 0.793420
vt 0.080447 0.709174
vt 0.080918 0.708078
vt 0.082757 0.710385
vt 0.082522 0.711102
vt 0.083257 0.709875
vt 0.080323 0.803552
vt 0.079836 0.803846
vt 0.077354 0.793546
vt 0.077883 0.793468
vt 0.079957 0.708883
vt 0.078015 0.719213
vt 0.077439 0.719178
vt 0.080788 0.804651
vt 0.082620 0.802352
vt 0.082373 0.801627
vt 0.082909 0.801459
vt 0.081882 0.793340
vt 0.081363 0.793292
vt 0.077781 0.790738
vt 0.077184 0.790572
vt 0.078191 0.759016
vt 0.078700 0.759355
vt 0.077260 0.722166
vt 0.077855 0.721995
vt 0.078709 0.753383
vt 0.078199 0.753721
vt 0.077765 0.792152
vt 0.081320 0.792388
vt 0.081357 0.791315
vt 0.077869 0.720592
vt 0.081422 0.720345
vt 0.081430 0.721430
vt 0.081482 0.719499
vt 0.081938 0.791690
vt 0.082128 0.761181
vt 0.082567 0.761564
vt 0.081792 0.760702
vt 0.086193 0.720437
vt 0.086724 0.720353
vt 0.086683 0.750535
vt 0.086175 0.750647
vt 0.087258 0.720437
vt 0.087190 0.750647
vt 0.086202 0.719279
vt 0.086197 0.719793
vt 0.082502 0.720035
vt 0.082535 0.719276
vt 0.082543 0.720760
vt 0.087294 0.719235
vt 0.086732 0.719228
vt 0.086759 0.709399
vt 0.087298 0.709578
vt 0.086212 0.709575
vt 0.087284 0.719806
vt 0.090983 0.720035
vt 0.090906 0.720772
vt 0.090969 0.719340
vt 0.091437 0.721069
vt 0.091224 0.751578
vt 0.090786 0.751195
vt 0.091562 0.752058
vt 0.091495 0.719420
vt 0.090460 0.711286
vt 0.089919 0.711080
vt 0.086246 0.708957
vt 0.083510 0.710432
vt 0.083554 0.711047
vt 0.087305 0.708953
vt 0.089973 0.710460
vt 0.082012 0.721056
vt 0.082138 0.751566
vt 0.081801 0.752044
vt 0.082577 0.751184
vt 0.081970 0.719401
vt 0.083026 0.711255
vt 0.090850 0.760140
vt 0.090739 0.760827
vt 0.087187 0.761671
vt 0.087260 0.761196
vt 0.092781 0.757394
vt 0.091981 0.758917
vt 0.092121 0.756824
vt 0.092668 0.756388
vt 0.091096 0.756947
vt 0.092021 0.759582
vt 0.094211 0.757556
vt 0.093603 0.756388
vt 0.094213 0.755221
vt 0.092026 0.753189
vt 0.092781 0.755375
vt 0.091097 0.755823
vt 0.091104 0.756386
vt 0.087458 0.756380
vt 0.087455 0.755971
vt 0.087454 0.756789
vt 0.092122 0.755947
vt 0.091983 0.753854
vt 0.090856 0.752631
vt 0.090748 0.751941
vt 0.087196 0.751088
vt 0.087268 0.751560
vt 0.082258 0.755811
vt 0.081232 0.755934
vt 0.081373 0.753841
vt 0.082504 0.752618
vt 0.080686 0.756374
vt 0.080572 0.755365
vt 0.082258 0.756936
vt 0.082250 0.756374
vt 0.085896 0.756379
vt 0.085899 0.756788
vt 0.085900 0.755969
vt 0.081231 0.756813
vt 0.081370 0.758905
vt 0.080572 0.757386
vt 0.082498 0.760128
vt 0.086678 0.755984
vt 0.086685 0.751471
vt 0.086095 0.751564
vt 0.086677 0.756774
vt 0.086670 0.761289
vt 0.086086 0.761198
vt 0.086157 0.761672
vt 0.082605 0.760818
vt 0.081327 0.759570
vt 0.079140 0.757537
vt 0.079750 0.756371
vt 0.082613 0.751930
vt 0.086168 0.751088
vt 0.081334 0.753176
vt 0.079142 0.755203
vt 0.312458 0.266926
vt 0.312631 0.266331
vt 0.344170 0.267758
vt 0.343826 0.268262
vt 0.381027 0.267278
vt 0.381190 0.267876
vt 0.349795 0.268344
vt 0.349463 0.267829
vt 0.309725 0.266993
vt 0.311043 0.266893
vt 0.310766 0.270443
vt 0.309859 0.270474
vt 0.311836 0.270494
vt 0.383968 0.268071
vt 0.384008 0.267495
vt 0.394270 0.270140
vt 0.393976 0.270620
vt 0.309653 0.266463
vt 0.299606 0.269309
vt 0.299318 0.268817
vt 0.382592 0.267908
vt 0.382801 0.271466
vt 0.381712 0.271459
vt 0.383643 0.271535
vt 0.382080 0.272046
vt 0.351571 0.271797
vt 0.351097 0.271452
vt 0.382371 0.272581
vt 0.351949 0.272241
vt 0.383856 0.272590
vt 0.383736 0.272024
vt 0.391858 0.273153
vt 0.392073 0.273701
vt 0.392016 0.272639
vt 0.383094 0.272548
vt 0.383293 0.276246
vt 0.382651 0.276235
vt 0.383810 0.276259
vt 0.297612 0.270423
vt 0.298503 0.269765
vt 0.300784 0.271641
vt 0.300262 0.272130
vt 0.301500 0.271416
vt 0.395938 0.271859
vt 0.396387 0.271499
vt 0.399669 0.275850
vt 0.399118 0.275972
vt 0.297149 0.270094
vt 0.294321 0.274511
vt 0.293773 0.274373
vt 0.395053 0.271138
vt 0.392738 0.272891
vt 0.393248 0.273413
vt 0.392682 0.273662
vt 0.394130 0.276414
vt 0.393513 0.276376
vt 0.394619 0.276430
vt 0.294293 0.276574
vt 0.294034 0.275539
vt 0.298650 0.275579
vt 0.298791 0.276107
vt 0.298772 0.275044
vt 0.399066 0.278046
vt 0.399629 0.278181
vt 0.396224 0.282456
vt 0.395797 0.282123
vt 0.293747 0.276706
vt 0.297469 0.280754
vt 0.297032 0.281076
vt 0.399369 0.277005
vt 0.394737 0.276937
vt 0.394607 0.277440
vt 0.393497 0.277465
vt 0.394117 0.277442
vt 0.392583 0.280133
vt 0.391962 0.280069
vt 0.393147 0.280416
vt 0.393682 0.276925
vt 0.383853 0.276788
vt 0.383841 0.277351
vt 0.382728 0.276769
vt 0.352551 0.276355
vt 0.352444 0.275844
vt 0.382637 0.277300
vt 0.352431 0.276861
vt 0.383268 0.277334
vt 0.382996 0.281031
vt 0.382257 0.280946
vt 0.383692 0.281024
vt 0.299432 0.281924
vt 0.298341 0.281439
vt 0.300668 0.279627
vt 0.301383 0.279870
vt 0.300165 0.279123
vt 0.393798 0.283236
vt 0.394086 0.283727
vt 0.383755 0.286081
vt 0.383684 0.285550
vt 0.299134 0.282408
vt 0.309440 0.284470
vt 0.309400 0.285047
vt 0.394904 0.282782
vt 0.392627 0.280925
vt 0.391899 0.281161
vt 0.391737 0.280627
vt 0.383605 0.281550
vt 0.383552 0.282069
vt 0.380952 0.285619
vt 0.380779 0.286214
vt 0.349239 0.284791
vt 0.349583 0.284287
vt 0.312380 0.285263
vt 0.312218 0.284664
vt 0.343614 0.284205
vt 0.343944 0.284720
vt 0.382366 0.285652
vt 0.382646 0.282100
vt 0.381574 0.282050
vt 0.310816 0.284633
vt 0.310613 0.281076
vt 0.311697 0.281083
vt 0.309768 0.281006
vt 0.381955 0.281473
vt 0.351451 0.280881
vt 0.351839 0.280449
vt 0.350968 0.281213
vt 0.310760 0.276306
vt 0.310683 0.275773
vt 0.340861 0.276195
vt 0.340968 0.276706
vt 0.310773 0.275243
vt 0.340979 0.275688
vt 0.309602 0.276282
vt 0.310119 0.276294
vt 0.310316 0.279993
vt 0.309556 0.279952
vt 0.311039 0.279961
vt 0.309570 0.275192
vt 0.309559 0.275754
vt 0.299730 0.275616
vt 0.299914 0.275080
vt 0.299900 0.276164
vt 0.310143 0.275209
vt 0.310414 0.271513
vt 0.311153 0.271598
vt 0.309719 0.271519
vt 0.311455 0.271071
vt 0.341959 0.271667
vt 0.341572 0.272099
vt 0.342441 0.271335
vt 0.309805 0.270993
vt 0.301662 0.271938
vt 0.301449 0.272476
vt 0.299281 0.276124
vt 0.300726 0.278875
vt 0.301341 0.278838
vt 0.299291 0.275064
vt 0.300828 0.272413
vt 0.311329 0.280495
vt 0.341837 0.280753
vt 0.342312 0.281097
vt 0.341461 0.280309
vt 0.309676 0.280517
vt 0.301542 0.279369
vt 0.350517 0.272149
vt 0.351204 0.272268
vt 0.352004 0.275832
vt 0.351529 0.275753
vt 0.347794 0.270184
vt 0.349307 0.271004
vt 0.347218 0.270836
vt 0.346786 0.270284
vt 0.347326 0.271863
vt 0.349972 0.270972
vt 0.347973 0.268756
vt 0.346797 0.269348
vt 0.345638 0.268724
vt 0.343579 0.270886
vt 0.345774 0.270158
vt 0.346201 0.271848
vt 0.346764 0.271847
vt 0.346716 0.275494
vt 0.346306 0.275492
vt 0.347125 0.275503
vt 0.346339 0.270825
vt 0.344245 0.270936
vt 0.343008 0.272047
vt 0.342316 0.272148
vt 0.341419 0.275689
vt 0.341893 0.275621
vt 0.346084 0.280685
vt 0.346192 0.281713
vt 0.344103 0.281545
vt 0.342893 0.280399
vt 0.346625 0.282266
vt 0.345617 0.282365
vt 0.347208 0.280701
vt 0.346645 0.280701
vt 0.346695 0.277056
vt 0.347105 0.277057
vt 0.346286 0.277046
vt 0.347070 0.281724
vt 0.349165 0.281612
vt 0.347635 0.282391
vt 0.350401 0.280501
vt 0.346311 0.276269
vt 0.341797 0.276203
vt 0.341883 0.276795
vt 0.347100 0.276279
vt 0.351615 0.276345
vt 0.351518 0.276927
vt 0.351991 0.276859
vt 0.351093 0.280401
vt 0.349830 0.281663
vt 0.347771 0.283826
vt 0.346613 0.283201
vt 0.342206 0.280281
vt 0.341408 0.276718
vt 0.343438 0.281578
vt 0.345437 0.283793
vt 0.042104 0.580365
vt 0.042701 0.580531
vt 0.041710 0.612087
vt 0.041200 0.611749
vt 0.042681 0.648932
vt 0.042086 0.649102
vt 0.041199 0.617718
vt 0.041709 0.617380
vt 0.041999 0.577633
vt 0.042118 0.578951
vt 0.038564 0.578720
vt 0.038520 0.577814
vt 0.038528 0.579791
vt 0.041931 0.651881
vt 0.042506 0.651913
vt 0.040006 0.662210
vt 0.039522 0.661922
vt 0.042527 0.577554
vt 0.039551 0.567546
vt 0.040039 0.567251
vt 0.042074 0.650503
vt 0.038520 0.650761
vt 0.038512 0.649674
vt 0.038463 0.651604
vt 0.037928 0.650048
vt 0.037770 0.619541
vt 0.038108 0.619061
vt 0.037398 0.650346
vt 0.037332 0.619923
vt 0.037411 0.651830
vt 0.037974 0.651703
vt 0.036958 0.659840
vt 0.036413 0.660062
vt 0.037476 0.659992
vt 0.037441 0.651069
vt 0.033746 0.651318
vt 0.033749 0.650675
vt 0.033740 0.651835
vt 0.038410 0.565567
vt 0.039080 0.566449
vt 0.037234 0.568753
vt 0.036738 0.568239
vt 0.037469 0.569467
vt 0.038308 0.663901
vt 0.038674 0.664345
vt 0.034367 0.667686
vt 0.034238 0.667136
vt 0.038732 0.565099
vt 0.034277 0.562330
vt 0.034407 0.561781
vt 0.039018 0.663007
vt 0.037232 0.660717
vt 0.036718 0.661233
vt 0.036461 0.660671
vt 0.033727 0.662155
vt 0.033757 0.661537
vt 0.033719 0.662644
vt 0.032213 0.562329
vt 0.033245 0.562057
vt 0.033269 0.566672
vt 0.032742 0.566821
vt 0.033803 0.566788
vt 0.032163 0.667112
vt 0.032035 0.667678
vt 0.027715 0.664329
vt 0.028043 0.663897
vt 0.032074 0.561785
vt 0.028076 0.565559
vt 0.027747 0.565127
vt 0.033208 0.667401
vt 0.033214 0.662769
vt 0.032709 0.662644
vt 0.032669 0.661535
vt 0.032701 0.662155
vt 0.029990 0.660656
vt 0.030045 0.660036
vt 0.029714 0.661225
vt 0.033211 0.661713
vt 0.033212 0.651884
vt 0.032648 0.651878
vt 0.033217 0.650759
vt 0.033227 0.620579
vt 0.033735 0.620465
vt 0.032684 0.650675
vt 0.032718 0.620466
vt 0.032659 0.651306
vt 0.028959 0.651084
vt 0.029035 0.650345
vt 0.028975 0.651779
vt 0.026931 0.567538
vt 0.027401 0.566441
vt 0.029245 0.568743
vt 0.029010 0.569461
vt 0.029743 0.568233
vt 0.026903 0.661913
vt 0.026416 0.662209
vt 0.023922 0.651911
vt 0.024451 0.651833
vt 0.026442 0.567247
vt 0.024521 0.577581
vt 0.023944 0.577548
vt 0.027371 0.663014
vt 0.029198 0.660710
vt 0.028951 0.659986
vt 0.029485 0.659818
vt 0.028448 0.651700
vt 0.027930 0.651652
vt 0.024346 0.649102
vt 0.023749 0.648936
vt 0.024745 0.617380
vt 0.025255 0.617719
vt 0.023768 0.580533
vt 0.024363 0.580363
vt 0.025255 0.611749
vt 0.024746 0.612087
vt 0.024331 0.650516
vt 0.027887 0.650748
vt 0.027922 0.649675
vt 0.024376 0.578960
vt 0.027930 0.578706
vt 0.027938 0.579792
vt 0.027989 0.577860
vt 0.028504 0.650049
vt 0.028684 0.619541
vt 0.029122 0.619922
vt 0.028347 0.619062
vt 0.032701 0.578791
vt 0.033233 0.578708
vt 0.033227 0.608889
vt 0.032719 0.609003
vt 0.033765 0.578791
vt 0.033735 0.609002
vt 0.032710 0.577632
vt 0.032704 0.578148
vt 0.029009 0.578396
vt 0.029041 0.577635
vt 0.029051 0.579121
vt 0.033802 0.577587
vt 0.033239 0.577582
vt 0.033245 0.567752
vt 0.033785 0.567929
vt 0.032699 0.567929
vt 0.033790 0.578160
vt 0.037490 0.578383
vt 0.037415 0.579122
vt 0.037475 0.577687
vt 0.037945 0.579418
vt 0.037771 0.609927
vt 0.037332 0.609545
vt 0.038109 0.610405
vt 0.038001 0.577767
vt 0.036950 0.569635
vt 0.036407 0.569430
vt 0.032731 0.567310
vt 0.029999 0.568789
vt 0.030044 0.569404
vt 0.033791 0.567305
vt 0.036461 0.568809
vt 0.028521 0.579418
vt 0.028684 0.609927
vt 0.028346 0.610405
vt 0.029122 0.609544
vt 0.028477 0.577762
vt 0.029515 0.569613
vt 0.037405 0.618490
vt 0.037295 0.619179
vt 0.033741 0.620025
vt 0.033815 0.619549
vt 0.039333 0.615741
vt 0.038534 0.617265
vt 0.038672 0.615174
vt 0.039218 0.614734
vt 0.037646 0.615296
vt 0.038575 0.617929
vt 0.040763 0.615901
vt 0.040154 0.614733
vt 0.040764 0.613566
vt 0.038574 0.611537
vt 0.039331 0.613722
vt 0.037647 0.614172
vt 0.037655 0.614733
vt 0.034008 0.614733
vt 0.034004 0.614324
vt 0.034004 0.615143
vt 0.038672 0.614295
vt 0.038532 0.612202
vt 0.037403 0.610981
vt 0.037294 0.610291
vt 0.033740 0.609442
vt 0.033814 0.609914
vt 0.028807 0.614172
vt 0.027781 0.614294
vt 0.027921 0.612202
vt 0.029050 0.610977
vt 0.027235 0.614733
vt 0.027122 0.613726
vt 0.028808 0.615296
vt 0.028799 0.614733
vt 0.032445 0.614733
vt 0.032449 0.615143
vt 0.032449 0.614324
vt 0.027782 0.615173
vt 0.027924 0.617265
vt 0.027124 0.615745
vt 0.029052 0.618486
vt 0.033227 0.614339
vt 0.033231 0.609825
vt 0.032640 0.609919
vt 0.033227 0.615128
vt 0.033225 0.619642
vt 0.032642 0.619554
vt 0.032713 0.620026
vt 0.029160 0.619177
vt 0.027881 0.617931
vt 0.025691 0.615901
vt 0.026300 0.614733
vt 0.029160 0.610290
vt 0.032713 0.609444
vt 0.027880 0.611538
vt 0.025692 0.613566
vt 0.002293 0.626196
vt 0.001697 0.626030
vt 0.002727 0.594478
vt 0.003237 0.594816
vt 0.001780 0.557635
vt 0.002376 0.557466
vt 0.003241 0.588851
vt 0.002732 0.589189
vt 0.002396 0.628926
vt 0.002278 0.627610
vt 0.005832 0.627842
vt 0.005876 0.628746
vt 0.005869 0.626773
vt 0.002535 0.554685
vt 0.001959 0.554653
vt 0.004471 0.544359
vt 0.004956 0.544646
vt 0.001867 0.629005
vt 0.004845 0.639012
vt 0.004358 0.639307
vt 0.002390 0.556064
vt 0.005944 0.555809
vt 0.005951 0.556896
vt 0.006003 0.554966
vt 0.006535 0.556521
vt 0.006671 0.587030
vt 0.006334 0.587510
vt 0.007064 0.556224
vt 0.007108 0.586647
vt 0.007054 0.554739
vt 0.006490 0.554866
vt 0.007518 0.546730
vt 0.008064 0.546507
vt 0.007001 0.546579
vt 0.007023 0.555499
vt 0.010717 0.555251
vt 0.010715 0.555894
vt 0.010723 0.554734
vt 0.005987 0.640988
vt 0.005317 0.640108
vt 0.007163 0.637804
vt 0.007658 0.638317
vt 0.006928 0.637091
vt 0.006170 0.542669
vt 0.005804 0.542224
vt 0.010109 0.538882
vt 0.010239 0.539431
vt 0.005664 0.641457
vt 0.010121 0.644222
vt 0.009992 0.644771
vt 0.005459 0.543564
vt 0.007246 0.545853
vt 0.007761 0.545337
vt 0.008017 0.545899
vt 0.010750 0.544413
vt 0.010720 0.545032
vt 0.010760 0.543924
vt 0.012183 0.644222
vt 0.011153 0.644494
vt 0.011130 0.639878
vt 0.011655 0.639728
vt 0.010594 0.639765
vt 0.012314 0.539455
vt 0.012441 0.538888
vt 0.016762 0.542236
vt 0.016435 0.542669
vt 0.012323 0.644765
vt 0.016321 0.640990
vt 0.016648 0.641423
vt 0.011269 0.539166
vt 0.011264 0.543798
vt 0.011769 0.543922
vt 0.011809 0.545030
vt 0.011777 0.544411
vt 0.014489 0.545909
vt 0.014432 0.546530
vt 0.014764 0.545341
vt 0.011267 0.544854
vt 0.011252 0.554683
vt 0.011816 0.554687
vt 0.011247 0.555808
vt 0.011211 0.585989
vt 0.010703 0.586105
vt 0.011779 0.555890
vt 0.011719 0.586100
vt 0.011805 0.555259
vt 0.015506 0.555482
vt 0.015430 0.556221
vt 0.015491 0.554788
vt 0.017465 0.639013
vt 0.016995 0.640109
vt 0.015151 0.637807
vt 0.015386 0.637090
vt 0.014654 0.638316
vt 0.017575 0.544654
vt 0.018061 0.544358
vt 0.020547 0.554658
vt 0.020019 0.554737
vt 0.017954 0.639305
vt 0.019881 0.628973
vt 0.020457 0.629006
vt 0.017107 0.543552
vt 0.015280 0.545854
vt 0.015526 0.546579
vt 0.014992 0.546747
vt 0.016019 0.554866
vt 0.016538 0.554913
vt 0.020120 0.557466
vt 0.020717 0.557633
vt 0.019695 0.589186
vt 0.019184 0.588848
vt 0.020635 0.626026
vt 0.020039 0.626195
vt 0.019182 0.594812
vt 0.019691 0.594474
vt 0.020136 0.556053
vt 0.016581 0.555817
vt 0.016544 0.556889
vt 0.020026 0.627595
vt 0.016471 0.627846
vt 0.016463 0.626764
vt 0.016413 0.628691
vt 0.015962 0.556516
vt 0.015755 0.587025
vt 0.015316 0.586644
vt 0.016093 0.587503
vt 0.011696 0.627763
vt 0.011164 0.627850
vt 0.011212 0.597671
vt 0.011720 0.597555
vt 0.010632 0.627768
vt 0.010703 0.597560
vt 0.011689 0.628921
vt 0.011695 0.628405
vt 0.015390 0.628159
vt 0.015359 0.628917
vt 0.015347 0.627436
vt 0.010597 0.628969
vt 0.011161 0.628972
vt 0.011152 0.638800
vt 0.010612 0.638625
vt 0.011697 0.638621
vt 0.010607 0.628398
vt 0.006907 0.628177
vt 0.006982 0.627439
vt 0.006923 0.628870
vt 0.006451 0.627145
vt 0.006666 0.596640
vt 0.007105 0.597019
vt 0.006329 0.596161
vt 0.006395 0.628792
vt 0.007447 0.636923
vt 0.007989 0.637127
vt 0.011666 0.639239
vt 0.014398 0.637760
vt 0.014353 0.637146
vt 0.010606 0.639247
vt 0.007934 0.637748
vt 0.015879 0.627139
vt 0.015753 0.596632
vt 0.016090 0.596153
vt 0.015315 0.597014
vt 0.015925 0.628790
vt 0.014881 0.636937
vt 0.007036 0.588080
vt 0.007146 0.587392
vt 0.010698 0.586545
vt 0.010626 0.587019
vt 0.005106 0.590828
vt 0.005907 0.589305
vt 0.005765 0.591396
vt 0.005219 0.591835
vt 0.006792 0.591274
vt 0.005868 0.588642
vt 0.003677 0.590667
vt 0.004284 0.591835
vt 0.003674 0.593001
vt 0.005864 0.595030
vt 0.005106 0.592846
vt 0.006792 0.592397
vt 0.006784 0.591835
vt 0.010429 0.591831
vt 0.010433 0.592240
vt 0.010434 0.591423
vt 0.005765 0.592274
vt 0.005907 0.594366
vt 0.007035 0.595587
vt 0.007143 0.596276
vt 0.010697 0.597121
vt 0.010625 0.596650
vt 0.015629 0.592390
vt 0.016655 0.592268
vt 0.016517 0.594359
vt 0.015388 0.595584
vt 0.017202 0.591829
vt 0.017316 0.592836
vt 0.015629 0.591268
vt 0.015637 0.591828
vt 0.011991 0.591829
vt 0.011987 0.591421
vt 0.011987 0.592238
vt 0.016655 0.591390
vt 0.016515 0.589298
vt 0.017315 0.590818
vt 0.015387 0.588078
vt 0.011210 0.592224
vt 0.011208 0.596737
vt 0.011799 0.596642
vt 0.011210 0.591436
vt 0.011217 0.586923
vt 0.011799 0.587010
vt 0.011725 0.586539
vt 0.015278 0.587389
vt 0.016558 0.588634
vt 0.018747 0.590663
vt 0.018138 0.591829
vt 0.015278 0.596270
vt 0.011725 0.597116
vt 0.016557 0.595023
vt 0.018746 0.592996
vt 0.976887 0.191992
vt 0.976304 0.191764
vt 0.978747 0.160101
vt 0.979016 0.160424
vt 0.979178 0.123165
vt 0.979775 0.123014
vt 0.979876 0.154493
vt 0.979354 0.154805
vt 0.976879 0.194941
vt 0.976812 0.193518
vt 0.980342 0.193979
vt 0.980357 0.194958
vt 0.980421 0.192804
vt 0.980033 0.120111
vt 0.979460 0.120059
vt 0.982323 0.109806
vt 0.982795 0.110113
vt 0.976350 0.194990
vt 0.978879 0.205204
vt 0.978375 0.205469
vt 0.979835 0.121540
vt 0.983391 0.121405
vt 0.983353 0.122555
vt 0.983488 0.120514
vt 0.983933 0.122214
vt 0.983360 0.152783
vt 0.983003 0.153240
vt 0.984466 0.121965
vt 0.983824 0.152440
vt 0.984537 0.120357
vt 0.983977 0.120444
vt 0.985269 0.112305
vt 0.985827 0.112123
vt 0.984762 0.112126
vt 0.984467 0.121168
vt 0.988160 0.121100
vt 0.988114 0.121796
vt 0.988199 0.120529
vt 0.979948 0.207320
vt 0.979307 0.206371
vt 0.981274 0.204167
vt 0.981754 0.204731
vt 0.981062 0.203399
vt 0.984121 0.108135
vt 0.983777 0.107671
vt 0.988268 0.104548
vt 0.988368 0.105107
vt 0.979600 0.207772
vt 0.983927 0.210785
vt 0.983770 0.211329
vt 0.983355 0.109016
vt 0.985039 0.111387
vt 0.985581 0.110885
vt 0.985810 0.111478
vt 0.988621 0.110140
vt 0.988551 0.110787
vt 0.988658 0.109632
vt 0.986031 0.210893
vt 0.984967 0.211118
vt 0.985156 0.206495
vt 0.985697 0.206374
vt 0.984619 0.206346
vt 0.990466 0.105263
vt 0.990627 0.104700
vt 0.994756 0.108317
vt 0.994404 0.108733
vt 0.986145 0.211445
vt 0.990319 0.207824
vt 0.990630 0.208272
vt 0.989424 0.104903
vt 0.989178 0.109545
vt 0.989678 0.109710
vt 0.989656 0.110897
vt 0.989661 0.110229
vt 0.992285 0.111901
vt 0.992210 0.112555
vt 0.992590 0.111323
vt 0.989112 0.110664
vt 0.988726 0.120535
vt 0.989273 0.120599
vt 0.988636 0.121787
vt 0.988013 0.152037
vt 0.987473 0.152067
vt 0.989166 0.121956
vt 0.988518 0.152235
vt 0.989231 0.121235
vt 0.992903 0.121713
vt 0.992799 0.122521
vt 0.992918 0.120922
vt 0.991564 0.205822
vt 0.991042 0.206943
vt 0.989281 0.204574
vt 0.989546 0.203835
vt 0.988758 0.205080
vt 0.995452 0.110846
vt 0.995955 0.110574
vt 0.997961 0.121028
vt 0.997428 0.121083
vt 0.992043 0.206128
vt 0.994281 0.195801
vt 0.994854 0.195851
vt 0.995035 0.109681
vt 0.993087 0.111891
vt 0.993305 0.112672
vt 0.992762 0.112812
vt 0.993430 0.121041
vt 0.993942 0.121114
vt 0.997428 0.123966
vt 0.998018 0.124141
vt 0.995620 0.155712
vt 0.995355 0.155330
vt 0.995130 0.192713
vt 0.994532 0.192871
vt 0.994446 0.161363
vt 0.994968 0.161041
vt 0.997497 0.122469
vt 0.993952 0.122114
vt 0.993882 0.123306
vt 0.994474 0.194359
vt 0.990918 0.194524
vt 0.990951 0.193365
vt 0.990824 0.195425
vt 0.993315 0.122937
vt 0.992514 0.153538
vt 0.992105 0.153020
vt 0.992627 0.154088
vt 0.986182 0.194219
vt 0.985656 0.194256
vt 0.986269 0.164010
vt 0.986826 0.163949
vt 0.985127 0.194116
vt 0.985729 0.163842
vt 0.986113 0.195482
vt 0.986146 0.194916
vt 0.989840 0.194795
vt 0.989775 0.195609
vt 0.989832 0.194005
vt 0.985035 0.195449
vt 0.985587 0.195496
vt 0.985236 0.205361
vt 0.984694 0.205146
vt 0.985795 0.205220
vt 0.985072 0.194823
vt 0.981393 0.194404
vt 0.981494 0.193614
vt 0.981382 0.195167
vt 0.980980 0.193257
vt 0.981613 0.162664
vt 0.982093 0.163128
vt 0.981387 0.162176
vt 0.980866 0.195047
vt 0.981595 0.203268
vt 0.982132 0.203512
vt 0.985732 0.205868
vt 0.988526 0.204496
vt 0.988509 0.203849
vt 0.984657 0.205806
vt 0.982057 0.204159
vt 0.990366 0.193730
vt 0.990973 0.163162
vt 0.991332 0.162671
vt 0.990491 0.163537
vt 0.990336 0.195506
vt 0.989048 0.203665
vt 0.983601 0.153935
vt 0.983794 0.153225
vt 0.987401 0.152552
vt 0.987260 0.153113
vt 0.981585 0.156672
vt 0.982410 0.155116
vt 0.981979 0.157211
vt 0.981479 0.157680
vt 0.982945 0.157127
vt 0.982472 0.154424
vt 0.980306 0.156425
vt 0.981109 0.157905
vt 0.980202 0.158608
vt 0.980370 0.160630
vt 0.981228 0.158812
vt 0.982686 0.158334
vt 0.982818 0.157741
vt 0.986385 0.157999
vt 0.986281 0.158486
vt 0.986483 0.157535
vt 0.981803 0.158132
vt 0.981345 0.160231
vt 0.982244 0.161574
vt 0.982166 0.162326
vt 0.985767 0.163409
vt 0.985767 0.162921
vt 0.991290 0.158876
vt 0.992266 0.158769
vt 0.991882 0.160839
vt 0.990687 0.162054
vt 0.992766 0.158290
vt 0.992710 0.159233
vt 0.991519 0.157729
vt 0.991403 0.158290
vt 0.987829 0.158049
vt 0.987928 0.157568
vt 0.987739 0.158508
vt 0.992412 0.157903
vt 0.992834 0.155885
vt 0.992996 0.157203
vt 0.991959 0.154531
vt 0.987036 0.158484
vt 0.986366 0.163013
vt 0.987012 0.162925
vt 0.987181 0.157564
vt 0.987884 0.153039
vt 0.988464 0.153142
vt 0.988470 0.152659
vt 0.992036 0.153817
vt 0.993769 0.155856
vt 0.994198 0.157076
vt 0.993183 0.157836
vt 0.990507 0.162755
vt 0.986883 0.163475
vt 0.991853 0.161474
vt 0.994005 0.159385
vt 0.326297 0.842489
vt 0.325699 0.842323
vt 0.326713 0.810768
vt 0.327223 0.811106
vt 0.325728 0.773924
vt 0.326323 0.773755
vt 0.327225 0.805138
vt 0.326715 0.805476
vt 0.326400 0.845219
vt 0.326282 0.843902
vt 0.329836 0.844132
vt 0.329881 0.845038
vt 0.329872 0.843063
vt 0.326478 0.770975
vt 0.325902 0.770942
vt 0.328402 0.760645
vt 0.328887 0.760932
vt 0.325872 0.845298
vt 0.328850 0.855306
vt 0.328362 0.855601
vt 0.326335 0.772352
vt 0.329890 0.772094
vt 0.329899 0.773181
vt 0.329947 0.771251
vt 0.330483 0.772807
vt 0.330653 0.803316
vt 0.330315 0.803795
vt 0.331012 0.772509
vt 0.331090 0.802933
vt 0.331000 0.771025
vt 0.330435 0.771152
vt 0.331450 0.763015
vt 0.331995 0.762792
vt 0.330932 0.762864
vt 0.330970 0.771786
vt 0.334665 0.771535
vt 0.334662 0.772178
vt 0.334671 0.771018
vt 0.329992 0.857284
vt 0.329321 0.856402
vt 0.331166 0.854097
vt 0.331662 0.854611
vt 0.330932 0.853384
vt 0.330099 0.758954
vt 0.329733 0.758509
vt 0.334036 0.755166
vt 0.334166 0.755716
vt 0.329668 0.857752
vt 0.334123 0.860519
vt 0.333994 0.861068
vt 0.329389 0.759848
vt 0.331176 0.762138
vt 0.331691 0.761621
vt 0.331947 0.762184
vt 0.334681 0.760698
vt 0.334650 0.761316
vt 0.334688 0.760208
vt 0.336188 0.860519
vt 0.335157 0.860791
vt 0.335132 0.856176
vt 0.335658 0.856026
vt 0.334596 0.856061
vt 0.336241 0.755740
vt 0.336367 0.755174
vt 0.340691 0.758520
vt 0.340363 0.758952
vt 0.336328 0.861062
vt 0.340325 0.857286
vt 0.340652 0.857719
vt 0.335195 0.755451
vt 0.335193 0.760083
vt 0.335698 0.760207
vt 0.335739 0.761317
vt 0.335707 0.760697
vt 0.338418 0.762193
vt 0.338363 0.762815
vt 0.338694 0.761625
vt 0.335198 0.761140
vt 0.335200 0.770969
vt 0.335763 0.770974
vt 0.335194 0.772094
vt 0.335195 0.802275
vt 0.334687 0.802389
vt 0.335726 0.772178
vt 0.335703 0.802387
vt 0.335752 0.771546
vt 0.339452 0.771766
vt 0.339377 0.772507
vt 0.339437 0.771071
vt 0.341469 0.855307
vt 0.340999 0.856404
vt 0.339154 0.854103
vt 0.339390 0.853385
vt 0.338656 0.854613
vt 0.341505 0.760936
vt 0.341992 0.760640
vt 0.344490 0.770938
vt 0.343962 0.771016
vt 0.341958 0.855599
vt 0.343882 0.845266
vt 0.344458 0.845299
vt 0.341035 0.759836
vt 0.339210 0.762139
vt 0.339457 0.762863
vt 0.338924 0.763031
vt 0.339963 0.771150
vt 0.340482 0.771197
vt 0.344067 0.773747
vt 0.344665 0.773913
vt 0.343676 0.805470
vt 0.343167 0.805132
vt 0.344634 0.842316
vt 0.344039 0.842485
vt 0.343166 0.811101
vt 0.343675 0.810764
vt 0.344080 0.772333
vt 0.340526 0.772102
vt 0.340491 0.773175
vt 0.344026 0.843888
vt 0.340473 0.844141
vt 0.340463 0.843057
vt 0.340414 0.844986
vt 0.339909 0.772802
vt 0.339738 0.803311
vt 0.339299 0.802930
vt 0.340075 0.803789
vt 0.335700 0.844058
vt 0.335167 0.844144
vt 0.335198 0.813964
vt 0.335705 0.813849
vt 0.334635 0.844061
vt 0.334689 0.813852
vt 0.335691 0.845217
vt 0.335697 0.844700
vt 0.339393 0.844453
vt 0.339361 0.845212
vt 0.339350 0.843729
vt 0.334599 0.845263
vt 0.335162 0.845268
vt 0.335153 0.855096
vt 0.334613 0.854921
vt 0.335700 0.854919
vt 0.334609 0.844691
vt 0.330910 0.844469
vt 0.330986 0.843731
vt 0.330925 0.845164
vt 0.330454 0.843435
vt 0.330653 0.812929
vt 0.331092 0.813309
vt 0.330316 0.812450
vt 0.330399 0.845085
vt 0.331450 0.853216
vt 0.331993 0.853421
vt 0.335668 0.855537
vt 0.338400 0.854057
vt 0.338356 0.853443
vt 0.334608 0.855544
vt 0.331938 0.854042
vt 0.339880 0.843431
vt 0.339739 0.812923
vt 0.340076 0.812444
vt 0.339300 0.813306
vt 0.339926 0.845084
vt 0.338884 0.853233
vt 0.331019 0.804366
vt 0.331128 0.803678
vt 0.334681 0.802829
vt 0.334609 0.803304
vt 0.329092 0.807114
vt 0.329891 0.805591
vt 0.329752 0.807682
vt 0.329205 0.808121
vt 0.330778 0.807559
vt 0.329850 0.804927
vt 0.327662 0.806956
vt 0.328269 0.808123
vt 0.327660 0.809290
vt 0.329850 0.811319
vt 0.329092 0.809134
vt 0.330777 0.808684
vt 0.330769 0.808121
vt 0.334415 0.808119
vt 0.334419 0.808528
vt 0.334419 0.807710
vt 0.329751 0.808561
vt 0.329893 0.810653
vt 0.331022 0.811874
vt 0.331130 0.812564
vt 0.334683 0.813412
vt 0.334612 0.812939
vt 0.339614 0.808680
vt 0.340639 0.808557
vt 0.340501 0.810649
vt 0.339373 0.811874
vt 0.341187 0.808118
vt 0.341300 0.809124
vt 0.339615 0.807555
vt 0.339623 0.808117
vt 0.335977 0.808118
vt 0.335973 0.807709
vt 0.335973 0.808528
vt 0.340640 0.807679
vt 0.340499 0.805586
vt 0.341299 0.807105
vt 0.339371 0.804365
vt 0.335196 0.808514
vt 0.335194 0.813028
vt 0.335784 0.812934
vt 0.335196 0.807724
vt 0.335199 0.803211
vt 0.335782 0.803298
vt 0.335709 0.802827
vt 0.339262 0.803675
vt 0.340541 0.804920
vt 0.342731 0.806949
vt 0.342121 0.808116
vt 0.339263 0.812562
vt 0.335710 0.813408
vt 0.340542 0.811313
vt 0.342730 0.809283
vt 0.953959 0.214939
vt 0.953366 0.214753
vt 0.955057 0.183160
vt 0.955540 0.183516
vt 0.954904 0.146088
vt 0.955502 0.145932
vt 0.955824 0.177367
vt 0.955287 0.177695
vt 0.954004 0.217757
vt 0.953914 0.216399
vt 0.957461 0.216730
vt 0.957487 0.217674
vt 0.957518 0.215611
vt 0.955725 0.143084
vt 0.955151 0.143037
vt 0.957923 0.132780
vt 0.958397 0.133081
vt 0.953473 0.217822
vt 0.956192 0.227936
vt 0.955694 0.228216
vt 0.955546 0.144490
vt 0.959103 0.144318
vt 0.959081 0.145437
vt 0.959185 0.143452
vt 0.959664 0.145083
vt 0.959400 0.175604
vt 0.959014 0.176100
vt 0.960199 0.144818
vt 0.959920 0.175260
vt 0.960239 0.143270
vt 0.959675 0.143371
vt 0.960894 0.135242
vt 0.961448 0.135045
vt 0.960385 0.135071
vt 0.960183 0.144055
vt 0.963880 0.143923
vt 0.963850 0.144587
vt 0.963908 0.143382
vt 0.957287 0.229981
vt 0.956636 0.229066
vt 0.958549 0.226814
vt 0.959035 0.227354
vt 0.958328 0.226075
vt 0.959688 0.131112
vt 0.959338 0.130653
vt 0.963777 0.127468
vt 0.963884 0.128024
vt 0.956949 0.230440
vt 0.961326 0.233348
vt 0.961179 0.233896
vt 0.958941 0.131994
vt 0.960651 0.134341
vt 0.961186 0.133837
vt 0.961421 0.134418
vt 0.964208 0.133031
vt 0.964150 0.133662
vt 0.964237 0.132535
vt 0.963405 0.233412
vt 0.962359 0.233655
vt 0.962462 0.229034
vt 0.962997 0.228902
vt 0.961928 0.228899
vt 0.965978 0.128139
vt 0.966129 0.127577
vt 0.970317 0.131116
vt 0.969972 0.131535
vt 0.963529 0.233962
vt 0.967634 0.230286
vt 0.967951 0.230727
vt 0.964935 0.127801
vt 0.964751 0.132435
vt 0.965254 0.132587
vt 0.965246 0.133733
vt 0.965241 0.133091
vt 0.967897 0.134704
vt 0.967823 0.135336
vt 0.968194 0.134139
vt 0.964705 0.133520
vt 0.964440 0.143368
vt 0.964997 0.143411
vt 0.964378 0.144553
vt 0.964211 0.174774
vt 0.963620 0.174833
vt 0.964914 0.144690
vt 0.964785 0.174940
vt 0.964965 0.144014
vt 0.968656 0.144374
vt 0.968561 0.145128
vt 0.968661 0.143647
vt 0.968837 0.228302
vt 0.968337 0.229408
vt 0.966546 0.227063
vt 0.966798 0.226337
vt 0.966033 0.227566
vt 0.971051 0.133607
vt 0.971550 0.133334
vt 0.973712 0.143750
vt 0.973181 0.143807
vt 0.969320 0.228604
vt 0.971434 0.218281
vt 0.972009 0.218324
vt 0.970618 0.132464
vt 0.968696 0.134688
vt 0.968926 0.135446
vt 0.968380 0.135586
vt 0.969184 0.143759
vt 0.969700 0.143840
vt 0.973212 0.146666
vt 0.973804 0.146884
vt 0.971959 0.178527
vt 0.971675 0.178212
vt 0.972234 0.215270
vt 0.971639 0.215431
vt 0.971031 0.183993
vt 0.971527 0.183674
vt 0.973265 0.145189
vt 0.969723 0.144786
vt 0.969659 0.145920
vt 0.971606 0.216873
vt 0.968051 0.217064
vt 0.968066 0.215947
vt 0.967974 0.217936
vt 0.969084 0.145477
vt 0.968988 0.176033
vt 0.968470 0.175578
vt 0.969251 0.176511
vt 0.963308 0.216827
vt 0.962782 0.216882
vt 0.963211 0.186663
vt 0.963686 0.186585
vt 0.962254 0.216767
vt 0.962753 0.186526
vt 0.963264 0.218045
vt 0.963286 0.217500
vt 0.966977 0.217336
vt 0.966926 0.218127
vt 0.966957 0.216572
vt 0.962184 0.218042
vt 0.962739 0.218072
vt 0.962520 0.227924
vt 0.961979 0.227725
vt 0.963072 0.227770
vt 0.962210 0.217439
vt 0.958522 0.217102
vt 0.958612 0.216329
vt 0.958522 0.217836
vt 0.958089 0.216007
vt 0.958844 0.185456
vt 0.959229 0.185865
vt 0.958544 0.184964
vt 0.958002 0.217740
vt 0.958853 0.225923
vt 0.959393 0.226146
vt 0.963022 0.228403
vt 0.965793 0.226994
vt 0.965764 0.226361
vt 0.961955 0.228369
vt 0.959326 0.226782
vt 0.967487 0.216299
vt 0.967648 0.185744
vt 0.967984 0.185305
vt 0.967248 0.186112
vt 0.967486 0.218019
vt 0.966299 0.226170
vt 0.959750 0.176708
vt 0.959915 0.176015
vt 0.963570 0.175285
vt 0.963453 0.175801
vt 0.957622 0.179432
vt 0.958521 0.177908
vt 0.958233 0.180008
vt 0.957661 0.180454
vt 0.959267 0.179905
vt 0.958488 0.177269
vt 0.956186 0.179232
vt 0.956731 0.180446
vt 0.956053 0.181642
vt 0.958119 0.183784
vt 0.957485 0.181506
vt 0.959165 0.181094
vt 0.959204 0.180503
vt 0.962828 0.180646
vt 0.962793 0.181096
vt 0.962876 0.180209
vt 0.958166 0.180927
vt 0.958179 0.183065
vt 0.959224 0.184327
vt 0.959296 0.185064
vt 0.962770 0.186061
vt 0.962724 0.185551
vt 0.967844 0.181435
vt 0.968806 0.181343
vt 0.968498 0.183440
vt 0.967384 0.184632
vt 0.969288 0.180887
vt 0.969242 0.181888
vt 0.968025 0.180277
vt 0.967926 0.180848
vt 0.964333 0.180682
vt 0.964406 0.180220
vt 0.964271 0.181133
vt 0.968933 0.180453
vt 0.969320 0.178374
vt 0.969501 0.179786
vt 0.968356 0.177055
vt 0.963545 0.181101
vt 0.963258 0.185651
vt 0.963813 0.185573
vt 0.963624 0.180230
vt 0.964128 0.175713
vt 0.964763 0.175804
vt 0.964751 0.175347
vt 0.968409 0.176338
vt 0.970302 0.177989
vt 0.970537 0.179995
vt 0.969663 0.180676
vt 0.967238 0.185336
vt 0.963719 0.186105
vt 0.968461 0.184157
vt 0.970530 0.182107
vt 0.162316 0.937830
vt 0.162489 0.937235
vt 0.194037 0.938559
vt 0.193693 0.939064
vt 0.230916 0.938188
vt 0.231077 0.938786
vt 0.199677 0.939143
vt 0.199346 0.938630
vt 0.159581 0.937906
vt 0.160901 0.937801
vt 0.160632 0.941352
vt 0.159724 0.941387
vt 0.161704 0.941399
vt 0.233857 0.938987
vt 0.233898 0.938412
vt 0.244155 0.941080
vt 0.243859 0.941560
vt 0.159508 0.937376
vt 0.149468 0.940254
vt 0.149179 0.939761
vt 0.232481 0.938821
vt 0.232682 0.942380
vt 0.231591 0.942369
vt 0.233525 0.942450
vt 0.231958 0.942959
vt 0.201450 0.942594
vt 0.200974 0.942251
vt 0.232250 0.943494
vt 0.201828 0.943036
vt 0.233736 0.943505
vt 0.233617 0.942940
vt 0.241737 0.944089
vt 0.241952 0.944637
vt 0.241896 0.943574
vt 0.232975 0.943462
vt 0.233167 0.947160
vt 0.232523 0.947148
vt 0.233685 0.947173
vt 0.147476 0.941373
vt 0.148365 0.940713
vt 0.150650 0.942584
vt 0.150129 0.943075
vt 0.151366 0.942355
vt 0.245818 0.942804
vt 0.246269 0.942445
vt 0.249545 0.946800
vt 0.248994 0.946921
vt 0.147012 0.941044
vt 0.144191 0.945467
vt 0.143643 0.945330
vt 0.244936 0.942080
vt 0.242618 0.943829
vt 0.243128 0.944352
vt 0.242561 0.944599
vt 0.244005 0.947356
vt 0.243386 0.947315
vt 0.244494 0.947371
vt 0.144166 0.947530
vt 0.143906 0.946497
vt 0.148521 0.946526
vt 0.148664 0.947053
vt 0.148643 0.945991
vt 0.248940 0.948994
vt 0.249504 0.949129
vt 0.246091 0.953399
vt 0.245663 0.953065
vt 0.143620 0.947663
vt 0.147348 0.951703
vt 0.146913 0.952027
vt 0.249244 0.947954
vt 0.244612 0.947878
vt 0.244482 0.948381
vt 0.243372 0.948404
vt 0.243992 0.948382
vt 0.242452 0.951069
vt 0.241833 0.951004
vt 0.243017 0.951354
vt 0.243556 0.947866
vt 0.233728 0.947702
vt 0.233716 0.948266
vt 0.232602 0.947681
vt 0.202426 0.947145
vt 0.202316 0.946637
vt 0.232515 0.948213
vt 0.202309 0.947652
vt 0.233144 0.948246
vt 0.232866 0.951942
vt 0.232127 0.951855
vt 0.233560 0.951938
vt 0.149314 0.952869
vt 0.148221 0.952387
vt 0.150544 0.950570
vt 0.151259 0.950812
vt 0.150041 0.950067
vt 0.243662 0.954174
vt 0.243950 0.954665
vt 0.233614 0.956992
vt 0.233543 0.956463
vt 0.149017 0.953355
vt 0.159329 0.955385
vt 0.159289 0.955960
vt 0.244771 0.953724
vt 0.242495 0.951861
vt 0.241768 0.952097
vt 0.241607 0.951561
vt 0.233473 0.952463
vt 0.233419 0.952981
vt 0.230814 0.956522
vt 0.230639 0.957116
vt 0.199108 0.955593
vt 0.199453 0.955086
vt 0.162269 0.956167
vt 0.162106 0.955570
vt 0.193497 0.955006
vt 0.193827 0.955522
vt 0.232226 0.956560
vt 0.232515 0.953010
vt 0.231445 0.952957
vt 0.160705 0.955543
vt 0.160491 0.951986
vt 0.161574 0.951990
vt 0.159647 0.951920
vt 0.231826 0.952381
vt 0.201326 0.951679
vt 0.201711 0.951244
vt 0.200843 0.952012
vt 0.160630 0.947217
vt 0.160555 0.946686
vt 0.190736 0.946994
vt 0.190840 0.947504
vt 0.160647 0.946153
vt 0.190857 0.946488
vt 0.159472 0.947195
vt 0.159989 0.947206
vt 0.160193 0.950904
vt 0.159435 0.950865
vt 0.160918 0.950869
vt 0.159445 0.946102
vt 0.159431 0.946666
vt 0.149602 0.946561
vt 0.149787 0.946024
vt 0.149772 0.947109
vt 0.160016 0.946120
vt 0.160281 0.942423
vt 0.161020 0.942507
vt 0.159585 0.942430
vt 0.161322 0.941979
vt 0.191829 0.942468
vt 0.191442 0.942900
vt 0.192313 0.942137
vt 0.159671 0.941905
vt 0.151528 0.942877
vt 0.151316 0.943418
vt 0.149153 0.947069
vt 0.150601 0.949817
vt 0.151216 0.949779
vt 0.149162 0.946009
vt 0.150696 0.943358
vt 0.161207 0.951402
vt 0.191715 0.951554
vt 0.192189 0.951896
vt 0.191340 0.951109
vt 0.159555 0.951430
vt 0.151417 0.950310
vt 0.200392 0.942942
vt 0.201079 0.943062
vt 0.201876 0.946625
vt 0.201403 0.946546
vt 0.197669 0.940978
vt 0.199182 0.941798
vt 0.197091 0.941629
vt 0.196659 0.941077
vt 0.197201 0.942657
vt 0.199849 0.941767
vt 0.197849 0.939552
vt 0.196670 0.940144
vt 0.195509 0.939521
vt 0.193452 0.941686
vt 0.195647 0.940953
vt 0.196075 0.942643
vt 0.196639 0.942640
vt 0.196592 0.946286
vt 0.196182 0.946285
vt 0.197001 0.946296
vt 0.196211 0.941617
vt 0.194116 0.941734
vt 0.192882 0.942847
vt 0.192189 0.942948
vt 0.191297 0.946490
vt 0.191769 0.946424
vt 0.195960 0.951480
vt 0.196070 0.952508
vt 0.193980 0.952344
vt 0.192770 0.951199
vt 0.196502 0.953061
vt 0.195493 0.953163
vt 0.197084 0.951494
vt 0.196522 0.951496
vt 0.196571 0.947850
vt 0.196981 0.947850
vt 0.196162 0.947840
vt 0.196948 0.952519
vt 0.199041 0.952408
vt 0.197511 0.953187
vt 0.200277 0.951295
vt 0.196186 0.947062
vt 0.191672 0.947005
vt 0.191757 0.947597
vt 0.196977 0.947073
vt 0.201490 0.947140
vt 0.201395 0.947721
vt 0.201869 0.947653
vt 0.200967 0.951195
vt 0.199705 0.952459
vt 0.197646 0.954623
vt 0.196489 0.953998
vt 0.192084 0.951080
vt 0.191282 0.947517
vt 0.193316 0.952376
vt 0.195315 0.954592
vt 0.252776 0.934033
vt 0.252600 0.934629
vt 0.221035 0.933382
vt 0.221380 0.932897
vt 0.184195 0.934085
vt 0.184035 0.933489
vt 0.215407 0.932672
vt 0.215737 0.933213
vt 0.255525 0.933953
vt 0.254198 0.934059
vt 0.254471 0.930508
vt 0.255388 0.930472
vt 0.253387 0.930463
vt 0.181260 0.933305
vt 0.181217 0.933880
vt 0.170961 0.931206
vt 0.171259 0.930730
vt 0.255597 0.934482
vt 0.265645 0.931613
vt 0.265932 0.932105
vt 0.182633 0.933466
vt 0.182429 0.929913
vt 0.183503 0.929916
vt 0.181596 0.929844
vt 0.183149 0.929338
vt 0.213629 0.929083
vt 0.214118 0.929481
vt 0.182887 0.928812
vt 0.213287 0.928545
vt 0.181407 0.928792
vt 0.181512 0.929355
vt 0.173398 0.928216
vt 0.173197 0.927667
vt 0.173231 0.928726
vt 0.182158 0.928839
vt 0.181997 0.925142
vt 0.182619 0.925171
vt 0.181490 0.925118
vt 0.267645 0.930499
vt 0.266750 0.931156
vt 0.264472 0.929279
vt 0.264995 0.928790
vt 0.263750 0.929506
vt 0.169312 0.929465
vt 0.168858 0.929820
vt 0.165645 0.925414
vt 0.166198 0.925303
vt 0.268107 0.930829
vt 0.270944 0.926416
vt 0.271492 0.926554
vt 0.170186 0.930201
vt 0.172517 0.928471
vt 0.172018 0.927947
vt 0.172587 0.927704
vt 0.171184 0.924931
vt 0.171795 0.924983
vt 0.170699 0.924907
vt 0.270977 0.924350
vt 0.271234 0.925387
vt 0.266618 0.925346
vt 0.266478 0.924818
vt 0.266493 0.925878
vt 0.166296 0.923227
vt 0.165732 0.923080
vt 0.169217 0.918867
vt 0.169641 0.919206
vt 0.271523 0.924219
vt 0.267800 0.920170
vt 0.268238 0.919848
vt 0.165967 0.924264
vt 0.170598 0.924396
vt 0.170748 0.923897
vt 0.171870 0.923895
vt 0.171242 0.923905
vt 0.172833 0.921239
vt 0.173453 0.921306
vt 0.172268 0.920950
vt 0.171654 0.924436
vt 0.181481 0.924585
vt 0.181529 0.924030
vt 0.182596 0.924649
vt 0.212768 0.924188
vt 0.212823 0.924820
vt 0.182751 0.924111
vt 0.212952 0.923562
vt 0.182105 0.924061
vt 0.182450 0.920365
vt 0.183176 0.920459
vt 0.181740 0.920367
vt 0.265831 0.919001
vt 0.266926 0.919483
vt 0.264603 0.921300
vt 0.263888 0.921060
vt 0.265106 0.921801
vt 0.171664 0.918119
vt 0.171379 0.917625
vt 0.181726 0.915318
vt 0.181795 0.915848
vt 0.266127 0.918516
vt 0.255806 0.916509
vt 0.255845 0.915934
vt 0.170547 0.918561
vt 0.172805 0.920445
vt 0.173546 0.920211
vt 0.173697 0.920751
vt 0.181849 0.919845
vt 0.181915 0.919330
vt 0.184547 0.915778
vt 0.184717 0.915182
vt 0.216260 0.916496
vt 0.215933 0.916883
vt 0.252858 0.915748
vt 0.253022 0.916343
vt 0.221644 0.917306
vt 0.221320 0.916795
vt 0.183124 0.915749
vt 0.182849 0.919301
vt 0.183964 0.919351
vt 0.254428 0.916357
vt 0.254652 0.919909
vt 0.253569 0.919912
vt 0.255496 0.919973
vt 0.183558 0.919932
vt 0.214188 0.919107
vt 0.213553 0.919759
vt 0.214658 0.919474
vt 0.254512 0.924657
vt 0.254576 0.925183
vt 0.224385 0.925168
vt 0.224298 0.924682
vt 0.254468 0.925711
vt 0.224254 0.925643
vt 0.255669 0.924684
vt 0.255152 0.924670
vt 0.254940 0.920979
vt 0.255705 0.921017
vt 0.254208 0.921013
vt 0.255684 0.925767
vt 0.255705 0.925210
vt 0.265535 0.925304
vt 0.265345 0.925842
vt 0.265371 0.924758
vt 0.255107 0.925748
vt 0.254827 0.929441
vt 0.254085 0.929358
vt 0.255533 0.929434
vt 0.253771 0.929885
vt 0.223241 0.929561
vt 0.223645 0.929176
vt 0.222773 0.929879
vt 0.255442 0.929956
vt 0.263591 0.928985
vt 0.263807 0.928446
vt 0.265989 0.924800
vt 0.264546 0.922051
vt 0.263927 0.922089
vt 0.265973 0.925859
vt 0.264429 0.928506
vt 0.253925 0.920488
vt 0.223410 0.920712
vt 0.222958 0.920388
vt 0.223776 0.921118
vt 0.255587 0.920459
vt 0.263729 0.921560
vt 0.214642 0.928726
vt 0.213993 0.928549
vt 0.213236 0.924880
vt 0.213720 0.925006
vt 0.217369 0.930876
vt 0.215850 0.929964
vt 0.217919 0.930287
vt 0.218366 0.930851
vt 0.217806 0.929265
vt 0.215250 0.929994
vt 0.217207 0.932298
vt 0.218375 0.931755
vt 0.219548 0.932411
vt 0.221638 0.930316
vt 0.219402 0.931004
vt 0.218962 0.929361
vt 0.218388 0.929335
vt 0.218481 0.925731
vt 0.218894 0.925757
vt 0.218080 0.925685
vt 0.218816 0.930351
vt 0.220932 0.930276
vt 0.222169 0.929210
vt 0.222875 0.929119
vt 0.223807 0.925635
vt 0.223308 0.925687
vt 0.219138 0.920794
vt 0.219004 0.919895
vt 0.221112 0.919969
vt 0.222335 0.921041
vt 0.218526 0.919601
vt 0.219566 0.919291
vt 0.218026 0.920695
vt 0.218577 0.920766
vt 0.218478 0.924299
vt 0.218024 0.924228
vt 0.218917 0.924335
vt 0.218103 0.919956
vt 0.216083 0.919424
vt 0.217307 0.919838
vt 0.214840 0.920141
vt 0.218890 0.925036
vt 0.223408 0.925141
vt 0.223341 0.924596
vt 0.218070 0.924981
vt 0.213607 0.924317
vt 0.213663 0.923698
vt 0.213287 0.923650
vt 0.214192 0.919923
vt 0.215434 0.919577
vt 0.217631 0.917667
vt 0.218593 0.918544
vt 0.223028 0.921152
vt 0.223836 0.924667
vt 0.221819 0.919944
vt 0.219825 0.917787
vt 0.349199 0.819598
vt 0.348601 0.819433
vt 0.349489 0.787873
vt 0.349998 0.788210
vt 0.348666 0.751001
vt 0.349262 0.750833
vt 0.349999 0.782227
vt 0.349490 0.782564
vt 0.349310 0.822329
vt 0.349188 0.821012
vt 0.352743 0.821233
vt 0.352790 0.822139
vt 0.352776 0.820162
vt 0.349431 0.748050
vt 0.348855 0.748016
vt 0.351404 0.737730
vt 0.351888 0.738020
vt 0.348782 0.822409
vt 0.351793 0.832408
vt 0.351305 0.832704
vt 0.349281 0.749430
vt 0.352837 0.749186
vt 0.352841 0.750275
vt 0.352898 0.748341
vt 0.353425 0.749900
vt 0.353423 0.780412
vt 0.353087 0.780892
vt 0.353958 0.749600
vt 0.353859 0.780026
vt 0.353951 0.748114
vt 0.353386 0.748243
vt 0.354444 0.740111
vt 0.354990 0.739887
vt 0.353926 0.739958
vt 0.353917 0.748877
vt 0.357612 0.748637
vt 0.357609 0.749281
vt 0.357619 0.748119
vt 0.352940 0.834382
vt 0.352266 0.833502
vt 0.354107 0.831195
vt 0.354604 0.831707
vt 0.353869 0.830482
vt 0.353106 0.736044
vt 0.352741 0.735599
vt 0.357053 0.732265
vt 0.357181 0.732814
vt 0.352618 0.834851
vt 0.357078 0.837608
vt 0.356950 0.838157
vt 0.352395 0.736937
vt 0.354173 0.739232
vt 0.354690 0.738716
vt 0.354945 0.739279
vt 0.357681 0.737797
vt 0.357650 0.738416
vt 0.357690 0.737308
vt 0.359142 0.837603
vt 0.358112 0.837878
vt 0.358079 0.833263
vt 0.358604 0.833113
vt 0.357543 0.833149
vt 0.359256 0.732839
vt 0.359384 0.732274
vt 0.363699 0.735629
vt 0.363371 0.736061
vt 0.359282 0.838146
vt 0.363272 0.834365
vt 0.363601 0.834796
vt 0.358212 0.732550
vt 0.358195 0.737182
vt 0.358700 0.737305
vt 0.358739 0.738414
vt 0.358707 0.737794
vt 0.361416 0.739297
vt 0.361358 0.739918
vt 0.361693 0.738729
vt 0.358199 0.738239
vt 0.358147 0.748067
vt 0.358712 0.748070
vt 0.358143 0.749192
vt 0.357957 0.779372
vt 0.357453 0.779490
vt 0.358674 0.749271
vt 0.358468 0.779480
vt 0.358700 0.748642
vt 0.362401 0.748873
vt 0.362324 0.749611
vt 0.362388 0.748180
vt 0.364412 0.832386
vt 0.363944 0.833483
vt 0.362095 0.831185
vt 0.362328 0.830468
vt 0.361600 0.831694
vt 0.364507 0.738048
vt 0.364993 0.737754
vt 0.367444 0.748061
vt 0.366915 0.748139
vt 0.364901 0.832676
vt 0.366796 0.822339
vt 0.367371 0.822370
vt 0.364041 0.736945
vt 0.362207 0.739243
vt 0.362452 0.739967
vt 0.361917 0.740135
vt 0.362915 0.748258
vt 0.363434 0.748305
vt 0.367008 0.750865
vt 0.367604 0.751033
vt 0.366453 0.782578
vt 0.365942 0.782239
vt 0.367538 0.819391
vt 0.366944 0.819562
vt 0.365942 0.788186
vt 0.366453 0.787847
vt 0.367029 0.749454
vt 0.363475 0.749208
vt 0.363435 0.750279
vt 0.366936 0.820961
vt 0.363382 0.821224
vt 0.363370 0.820143
vt 0.363326 0.822067
vt 0.362853 0.749905
vt 0.362510 0.780409
vt 0.362068 0.780031
vt 0.362848 0.780889
vt 0.358612 0.821151
vt 0.358080 0.821234
vt 0.357968 0.791055
vt 0.358476 0.790943
vt 0.357547 0.821151
vt 0.357461 0.790943
vt 0.358605 0.822306
vt 0.358611 0.821791
vt 0.362305 0.821536
vt 0.362275 0.822294
vt 0.362260 0.820813
vt 0.357512 0.822352
vt 0.358076 0.822356
vt 0.358100 0.832185
vt 0.357560 0.832008
vt 0.358645 0.832008
vt 0.357523 0.821781
vt 0.353821 0.821568
vt 0.353894 0.820831
vt 0.353837 0.822262
vt 0.353361 0.820535
vt 0.353427 0.790026
vt 0.353865 0.790408
vt 0.353090 0.789548
vt 0.353310 0.822185
vt 0.354388 0.830312
vt 0.354932 0.830516
vt 0.358613 0.832625
vt 0.361343 0.831138
vt 0.361296 0.830525
vt 0.357554 0.832631
vt 0.354879 0.831137
vt 0.362789 0.820516
vt 0.362514 0.790012
vt 0.362851 0.789533
vt 0.362074 0.790393
vt 0.362839 0.822166
vt 0.361824 0.830317
vt 0.353785 0.781464
vt 0.353896 0.780775
vt 0.357448 0.779930
vt 0.357374 0.780404
vt 0.351857 0.784212
vt 0.352657 0.782689
vt 0.352516 0.784781
vt 0.351970 0.785221
vt 0.353542 0.784659
vt 0.352619 0.782022
vt 0.350430 0.784050
vt 0.351037 0.785221
vt 0.350430 0.786390
vt 0.352622 0.788419
vt 0.351859 0.786234
vt 0.353542 0.785783
vt 0.353534 0.785222
vt 0.357179 0.785216
vt 0.357184 0.785625
vt 0.357183 0.784808
vt 0.352517 0.785661
vt 0.352662 0.787754
vt 0.353791 0.788973
vt 0.353901 0.789663
vt 0.357455 0.790504
vt 0.357383 0.790034
vt 0.362380 0.785772
vt 0.363406 0.785649
vt 0.363271 0.787739
vt 0.362144 0.788965
vt 0.363954 0.785211
vt 0.364069 0.786216
vt 0.362380 0.784650
vt 0.362388 0.785210
vt 0.358742 0.785213
vt 0.358737 0.784804
vt 0.358738 0.785622
vt 0.363405 0.784773
vt 0.363267 0.782682
vt 0.364067 0.784202
vt 0.362137 0.781461
vt 0.357961 0.785608
vt 0.357964 0.790121
vt 0.358555 0.790027
vt 0.357960 0.784820
vt 0.357966 0.780307
vt 0.358548 0.780393
vt 0.358476 0.779921
vt 0.362029 0.780773
vt 0.363310 0.782020
vt 0.365502 0.784048
vt 0.364892 0.785211
vt 0.362035 0.789651
vt 0.358482 0.790502
vt 0.363314 0.788402
vt 0.365503 0.786374
vt 0.440784 0.796126
vt 0.440214 0.795828
vt 0.442070 0.738773
vt 0.442520 0.739277
vt 0.440204 0.673245
vt 0.440770 0.672939
vt 0.442512 0.729792
vt 0.442065 0.730297
vt 0.441019 0.800051
vt 0.440819 0.798132
vt 0.448109 0.798591
vt 0.448195 0.799619
vt 0.448118 0.797255
vt 0.441050 0.668965
vt 0.440497 0.668949
vt 0.445186 0.649574
vt 0.445624 0.649830
vt 0.440512 0.800115
vt 0.445652 0.819224
vt 0.445213 0.819489
vt 0.440830 0.670944
vt 0.448117 0.670453
vt 0.448101 0.671809
vt 0.448217 0.669486
vt 0.448682 0.671154
vt 0.449100 0.726288
vt 0.448942 0.727024
vt 0.449156 0.670615
vt 0.449394 0.725684
vt 0.449158 0.669067
vt 0.448633 0.669298
vt 0.450492 0.653997
vt 0.450956 0.653688
vt 0.450024 0.653946
vt 0.449104 0.669908
vt 0.456651 0.669379
vt 0.456652 0.669925
vt 0.456662 0.668980
vt 0.447319 0.821935
vt 0.446371 0.820722
vt 0.450265 0.815895
vt 0.450709 0.816479
vt 0.450085 0.815116
vt 0.447356 0.647114
vt 0.447006 0.646690
vt 0.455586 0.639897
vt 0.455678 0.640387
vt 0.447015 0.822384
vt 0.455712 0.828650
vt 0.455622 0.829141
vt 0.446371 0.648343
vt 0.450210 0.653155
vt 0.450669 0.652565
vt 0.450914 0.653093
vt 0.456642 0.650095
vt 0.456606 0.650611
vt 0.456678 0.649671
vt 0.458583 0.828649
vt 0.457146 0.829004
vt 0.457135 0.819542
vt 0.457595 0.819361
vt 0.456663 0.819400
vt 0.458563 0.640406
vt 0.458647 0.639896
vt 0.467267 0.646667
vt 0.466960 0.647085
vt 0.458682 0.829136
vt 0.466985 0.821943
vt 0.467293 0.822358
vt 0.457113 0.640037
vt 0.457122 0.649516
vt 0.457567 0.649666
vt 0.457648 0.650607
vt 0.457608 0.650090
vt 0.463324 0.653087
vt 0.463275 0.653693
vt 0.463584 0.652548
vt 0.457128 0.650398
vt 0.457153 0.668876
vt 0.457678 0.668929
vt 0.457156 0.669722
vt 0.457217 0.724193
vt 0.456656 0.724430
vt 0.457661 0.669908
vt 0.457796 0.724389
vt 0.457682 0.669376
vt 0.465233 0.669865
vt 0.465156 0.670583
vt 0.465191 0.669091
vt 0.468655 0.819229
vt 0.467935 0.820730
vt 0.464051 0.815896
vt 0.464228 0.815114
vt 0.463609 0.816481
vt 0.468630 0.649801
vt 0.469070 0.649535
vt 0.473814 0.668898
vt 0.473307 0.668961
vt 0.469094 0.819490
vt 0.473274 0.800105
vt 0.473827 0.800123
vt 0.467910 0.648299
vt 0.464049 0.653136
vt 0.464241 0.653926
vt 0.463757 0.653994
vt 0.465683 0.669271
vt 0.466130 0.669405
vt 0.473552 0.672891
vt 0.474123 0.673190
vt 0.472434 0.730256
vt 0.471985 0.729750
vt 0.474132 0.795822
vt 0.473564 0.796126
vt 0.471993 0.739263
vt 0.472439 0.738758
vt 0.473511 0.670884
vt 0.466219 0.670436
vt 0.466214 0.671777
vt 0.473500 0.798125
vt 0.466210 0.798596
vt 0.466229 0.797239
vt 0.466109 0.799565
vt 0.465632 0.671122
vt 0.465383 0.726260
vt 0.465080 0.725654
vt 0.465547 0.726996
vt 0.457672 0.799108
vt 0.457166 0.799312
vt 0.457298 0.744839
vt 0.457856 0.744601
vt 0.456665 0.799131
vt 0.456718 0.744648
vt 0.457664 0.800055
vt 0.457673 0.799655
vt 0.465222 0.799143
vt 0.465165 0.799984
vt 0.465172 0.798434
vt 0.456650 0.800111
vt 0.457175 0.800161
vt 0.457146 0.818641
vt 0.456632 0.818436
vt 0.457666 0.818423
vt 0.456643 0.799664
vt 0.449093 0.799161
vt 0.449171 0.798441
vt 0.449135 0.799934
vt 0.448698 0.797907
vt 0.449123 0.742772
vt 0.449430 0.743374
vt 0.448957 0.742039
vt 0.448644 0.799755
vt 0.450553 0.815046
vt 0.451017 0.815335
vt 0.457628 0.818938
vt 0.463363 0.815953
vt 0.463325 0.815355
vt 0.456638 0.818958
vt 0.450971 0.815940
vt 0.465647 0.797894
vt 0.465405 0.742756
vt 0.465562 0.742021
vt 0.465115 0.743362
vt 0.465691 0.799752
vt 0.463774 0.815059
vt 0.449338 0.727340
vt 0.449445 0.726603
vt 0.456751 0.724836
vt 0.456709 0.725212
vt 0.447208 0.730124
vt 0.448082 0.728561
vt 0.448054 0.734116
vt 0.447438 0.734532
vt 0.449098 0.734004
vt 0.448202 0.728030
vt 0.443152 0.732703
vt 0.444102 0.734535
vt 0.443154 0.736366
vt 0.448216 0.741034
vt 0.447219 0.738944
vt 0.449098 0.735052
vt 0.449109 0.734530
vt 0.456440 0.734523
vt 0.456420 0.734778
vt 0.456415 0.734270
vt 0.448055 0.734946
vt 0.448095 0.740500
vt 0.449349 0.741712
vt 0.449469 0.742453
vt 0.456771 0.744241
vt 0.456696 0.743856
vt 0.465426 0.735034
vt 0.466469 0.734922
vt 0.466435 0.740479
vt 0.465177 0.741699
vt 0.467083 0.734508
vt 0.467308 0.738918
vt 0.465424 0.733982
vt 0.465416 0.734509
vt 0.458085 0.734510
vt 0.458103 0.734254
vt 0.458109 0.734765
vt 0.466468 0.734091
vt 0.466422 0.728534
vt 0.467297 0.730092
vt 0.465167 0.727322
vt 0.457265 0.734762
vt 0.457245 0.743934
vt 0.457805 0.743819
vt 0.457259 0.734271
vt 0.457269 0.725100
vt 0.457819 0.725178
vt 0.457742 0.724795
vt 0.465045 0.726581
vt 0.466297 0.727999
vt 0.471356 0.732670
vt 0.470411 0.734506
vt 0.465066 0.742438
vt 0.457760 0.744197
vt 0.466310 0.741017
vt 0.471358 0.736341
vt 0.510876 0.635580
vt 0.511446 0.635879
vt 0.509648 0.692938
vt 0.509199 0.692433
vt 0.511444 0.758480
vt 0.510877 0.758785
vt 0.509206 0.701929
vt 0.509653 0.701423
vt 0.510638 0.631655
vt 0.510839 0.633575
vt 0.503549 0.633119
vt 0.503462 0.632091
vt 0.503541 0.634458
vt 0.510591 0.762760
vt 0.511145 0.762776
vt 0.506434 0.782146
vt 0.505997 0.781890
vt 0.511146 0.631591
vt 0.505989 0.612484
vt 0.506427 0.612220
vt 0.510815 0.760782
vt 0.503526 0.761264
vt 0.503543 0.759908
vt 0.503425 0.762232
vt 0.502962 0.760563
vt 0.502616 0.705427
vt 0.502775 0.704692
vt 0.502487 0.761101
vt 0.502322 0.706031
vt 0.502483 0.762649
vt 0.503008 0.762419
vt 0.501134 0.777717
vt 0.500668 0.778026
vt 0.501602 0.777769
vt 0.502537 0.761809
vt 0.494990 0.762330
vt 0.494990 0.761784
vt 0.494979 0.762729
vt 0.504319 0.609775
vt 0.505268 0.610987
vt 0.501378 0.615817
vt 0.500933 0.615234
vt 0.501558 0.616597
vt 0.504262 0.784603
vt 0.504612 0.785028
vt 0.496024 0.791813
vt 0.495933 0.791322
vt 0.504623 0.609325
vt 0.495921 0.603064
vt 0.496012 0.602573
vt 0.505247 0.783377
vt 0.501415 0.778560
vt 0.500955 0.779150
vt 0.500710 0.778621
vt 0.494977 0.781613
vt 0.495013 0.781097
vt 0.494943 0.782037
vt 0.493049 0.603066
vt 0.494485 0.602711
vt 0.494505 0.612173
vt 0.494045 0.612353
vt 0.494977 0.612316
vt 0.493049 0.791303
vt 0.492963 0.791811
vt 0.484350 0.785033
vt 0.484659 0.784617
vt 0.492950 0.602579
vt 0.484651 0.609778
vt 0.484343 0.609363
vt 0.494497 0.791671
vt 0.494500 0.782194
vt 0.494054 0.782044
vt 0.493973 0.781102
vt 0.494013 0.781620
vt 0.488301 0.778618
vt 0.488349 0.778012
vt 0.488039 0.779156
vt 0.494492 0.781311
vt 0.494489 0.762832
vt 0.493962 0.762781
vt 0.494485 0.761985
vt 0.494500 0.707524
vt 0.495062 0.707287
vt 0.493982 0.761800
vt 0.493920 0.707330
vt 0.493959 0.762333
vt 0.486408 0.761840
vt 0.486486 0.761120
vt 0.486450 0.762613
vt 0.482985 0.612492
vt 0.483703 0.610992
vt 0.487592 0.615821
vt 0.487415 0.616604
vt 0.488033 0.615237
vt 0.482990 0.781900
vt 0.482551 0.782167
vt 0.477827 0.762800
vt 0.478334 0.762737
vt 0.482546 0.612230
vt 0.478381 0.631619
vt 0.477827 0.631601
vt 0.483709 0.783403
vt 0.487576 0.778569
vt 0.487385 0.777780
vt 0.487868 0.777710
vt 0.485959 0.762433
vt 0.485511 0.762299
vt 0.478093 0.758811
vt 0.477523 0.758512
vt 0.479281 0.701452
vt 0.479731 0.701956
vt 0.477525 0.635901
vt 0.478092 0.635596
vt 0.479724 0.692455
vt 0.479276 0.692960
vt 0.478133 0.760816
vt 0.485423 0.761272
vt 0.485430 0.759932
vt 0.478156 0.633599
vt 0.485446 0.633123
vt 0.485428 0.634478
vt 0.485546 0.632153
vt 0.486010 0.760584
vt 0.486334 0.705448
vt 0.486638 0.706051
vt 0.486169 0.704714
vt 0.493983 0.632601
vt 0.494489 0.632397
vt 0.494428 0.686865
vt 0.493866 0.687100
vt 0.494992 0.632582
vt 0.495008 0.687064
vt 0.493993 0.631657
vt 0.493982 0.632056
vt 0.486434 0.632574
vt 0.486490 0.631735
vt 0.486484 0.633282
vt 0.495009 0.631603
vt 0.494482 0.631551
vt 0.494493 0.613073
vt 0.495007 0.613280
vt 0.493973 0.613289
vt 0.495013 0.632049
vt 0.502565 0.632549
vt 0.502486 0.633267
vt 0.502522 0.631776
vt 0.502961 0.633804
vt 0.502596 0.688939
vt 0.502292 0.688335
vt 0.502762 0.689674
vt 0.503015 0.631956
vt 0.501090 0.616666
vt 0.500625 0.616376
vt 0.494011 0.612776
vt 0.488279 0.615764
vt 0.488318 0.616360
vt 0.495001 0.612757
vt 0.500672 0.615772
vt 0.486010 0.633822
vt 0.486313 0.688958
vt 0.486155 0.689694
vt 0.486605 0.688353
vt 0.485964 0.631967
vt 0.487868 0.616657
vt 0.502384 0.704373
vt 0.502273 0.705110
vt 0.494967 0.706898
vt 0.495018 0.706531
vt 0.504513 0.701591
vt 0.503640 0.703152
vt 0.503672 0.697597
vt 0.504288 0.697182
vt 0.502627 0.697709
vt 0.503519 0.703686
vt 0.508569 0.699014
vt 0.507619 0.697180
vt 0.508566 0.695347
vt 0.503506 0.690678
vt 0.504505 0.692769
vt 0.502626 0.696658
vt 0.502618 0.697183
vt 0.495287 0.697185
vt 0.495306 0.696929
vt 0.495309 0.697447
vt 0.503671 0.696767
vt 0.503628 0.691212
vt 0.502373 0.689997
vt 0.502253 0.689258
vt 0.494948 0.687472
vt 0.495021 0.687852
vt 0.486300 0.696675
vt 0.485256 0.696787
vt 0.485287 0.691233
vt 0.486544 0.690011
vt 0.484640 0.697203
vt 0.484414 0.692794
vt 0.486302 0.697727
vt 0.486310 0.697202
vt 0.493640 0.697196
vt 0.493623 0.697459
vt 0.493618 0.696941
vt 0.485257 0.697618
vt 0.485301 0.703174
vt 0.484424 0.701618
vt 0.486556 0.704389
vt 0.494461 0.696944
vt 0.494470 0.687769
vt 0.493912 0.687879
vt 0.494467 0.697443
vt 0.494455 0.706636
vt 0.493901 0.706563
vt 0.493982 0.706929
vt 0.486676 0.705127
vt 0.485424 0.703709
vt 0.480363 0.699041
vt 0.481309 0.697207
vt 0.486654 0.689275
vt 0.493960 0.687502
vt 0.485410 0.690698
vt 0.480360 0.695372
vt 0.514579 0.722346
vt 0.514008 0.722048
vt 0.515729 0.664984
vt 0.516178 0.665489
vt 0.513995 0.599429
vt 0.514562 0.599124
vt 0.516170 0.655983
vt 0.515723 0.656490
vt 0.514822 0.726274
vt 0.514619 0.724353
vt 0.521910 0.724802
vt 0.521999 0.725831
vt 0.521915 0.723462
vt 0.514851 0.595150
vt 0.514297 0.595133
vt 0.519024 0.575767
vt 0.519462 0.576024
vt 0.514315 0.726339
vt 0.519495 0.745441
vt 0.519057 0.745707
vt 0.514627 0.597128
vt 0.521916 0.596650
vt 0.521898 0.598006
vt 0.522017 0.595683
vt 0.522481 0.597349
vt 0.522757 0.652485
vt 0.522599 0.653222
vt 0.522956 0.596806
vt 0.523050 0.651878
vt 0.522960 0.595263
vt 0.522434 0.595495
vt 0.524323 0.580199
vt 0.524788 0.579889
vt 0.523854 0.580148
vt 0.522905 0.596101
vt 0.530454 0.595584
vt 0.530455 0.596125
vt 0.530463 0.595186
vt 0.521168 0.748150
vt 0.520217 0.746938
vt 0.524100 0.742104
vt 0.524546 0.742687
vt 0.523920 0.741324
vt 0.521198 0.573311
vt 0.520848 0.572885
vt 0.529440 0.566105
vt 0.529531 0.566595
vt 0.520864 0.748600
vt 0.529576 0.754850
vt 0.529485 0.755341
vt 0.520212 0.574538
vt 0.524041 0.579357
vt 0.524501 0.578766
vt 0.524746 0.579295
vt 0.530480 0.576305
vt 0.530446 0.576820
vt 0.530514 0.575880
vt 0.532446 0.754846
vt 0.531012 0.755203
vt 0.530978 0.745740
vt 0.531438 0.745560
vt 0.530505 0.745598
vt 0.532414 0.566614
vt 0.532501 0.566106
vt 0.541109 0.572888
vt 0.540800 0.573303
vt 0.532546 0.755333
vt 0.540836 0.748125
vt 0.541145 0.748539
vt 0.530966 0.566246
vt 0.530958 0.575723
vt 0.531404 0.575872
vt 0.531485 0.576812
vt 0.531445 0.576296
vt 0.537156 0.579300
vt 0.537107 0.579904
vt 0.537417 0.578762
vt 0.530967 0.576605
vt 0.530954 0.595081
vt 0.531482 0.595132
vt 0.530961 0.595923
vt 0.530880 0.650379
vt 0.530312 0.650603
vt 0.531464 0.596109
vt 0.531456 0.650583
vt 0.531486 0.595577
vt 0.539037 0.596076
vt 0.538958 0.596795
vt 0.538995 0.595304
vt 0.542500 0.745411
vt 0.541782 0.746910
vt 0.537889 0.742086
vt 0.538065 0.741303
vt 0.537446 0.742669
vt 0.542467 0.576019
vt 0.542906 0.575752
vt 0.547618 0.595120
vt 0.547111 0.595184
vt 0.542938 0.745672
vt 0.547080 0.726278
vt 0.547634 0.726295
vt 0.541749 0.574518
vt 0.537880 0.579349
vt 0.538070 0.580137
vt 0.537587 0.580206
vt 0.539487 0.595484
vt 0.539934 0.595618
vt 0.547347 0.599108
vt 0.547917 0.599407
vt 0.546093 0.656463
vt 0.545643 0.655958
vt 0.547930 0.721997
vt 0.547363 0.722303
vt 0.545651 0.665448
vt 0.546098 0.664942
vt 0.547310 0.597104
vt 0.540021 0.596644
vt 0.540012 0.597983
vt 0.547302 0.724300
vt 0.540013 0.724783
vt 0.540030 0.723430
vt 0.539914 0.725752
vt 0.539433 0.597330
vt 0.539039 0.652464
vt 0.538735 0.651861
vt 0.539205 0.653198
vt 0.531477 0.725311
vt 0.530971 0.725513
vt 0.530946 0.671053
vt 0.531509 0.670817
vt 0.530467 0.725328
vt 0.530367 0.670858
vt 0.531467 0.726255
vt 0.531478 0.725856
vt 0.539025 0.725331
vt 0.538971 0.726169
vt 0.538974 0.724622
vt 0.530451 0.726309
vt 0.530978 0.726360
vt 0.530991 0.744840
vt 0.530475 0.744633
vt 0.531509 0.744623
vt 0.530446 0.725862
vt 0.522894 0.725371
vt 0.522972 0.724651
vt 0.522938 0.726145
vt 0.522496 0.724115
vt 0.522782 0.668977
vt 0.523085 0.669582
vt 0.522617 0.668243
vt 0.522446 0.725966
vt 0.524388 0.741254
vt 0.524853 0.741543
vt 0.531472 0.745138
vt 0.537201 0.742142
vt 0.537162 0.741546
vt 0.530482 0.745156
vt 0.524807 0.742148
vt 0.539449 0.724084
vt 0.539063 0.668949
vt 0.539221 0.668214
vt 0.538769 0.669553
vt 0.539497 0.725938
vt 0.537612 0.741249
vt 0.522981 0.653537
vt 0.523096 0.652802
vt 0.530395 0.651015
vt 0.530337 0.651389
vt 0.520856 0.656322
vt 0.521727 0.654760
vt 0.521698 0.660315
vt 0.521083 0.660732
vt 0.522742 0.660202
vt 0.521852 0.654225
vt 0.516805 0.658902
vt 0.517754 0.660736
vt 0.516809 0.662571
vt 0.521870 0.667239
vt 0.520868 0.665147
vt 0.522745 0.661256
vt 0.522753 0.660730
vt 0.530081 0.660722
vt 0.530063 0.660986
vt 0.530059 0.660458
vt 0.521699 0.661147
vt 0.521745 0.666703
vt 0.523001 0.667917
vt 0.523123 0.668656
vt 0.530428 0.670440
vt 0.530350 0.670074
vt 0.539067 0.661232
vt 0.540111 0.661119
vt 0.540083 0.666674
vt 0.538829 0.667896
vt 0.540727 0.660704
vt 0.540956 0.665112
vt 0.539065 0.660180
vt 0.539058 0.660705
vt 0.531728 0.660713
vt 0.531746 0.660450
vt 0.531749 0.660975
vt 0.540111 0.660289
vt 0.540067 0.654735
vt 0.540945 0.656292
vt 0.538811 0.653520
vt 0.530907 0.660971
vt 0.530905 0.670158
vt 0.531469 0.670061
vt 0.530903 0.660463
vt 0.530900 0.651289
vt 0.531455 0.651376
vt 0.531390 0.650996
vt 0.538692 0.652781
vt 0.539946 0.654203
vt 0.545008 0.658870
vt 0.544062 0.660701
vt 0.538719 0.668632
vt 0.531416 0.670431
vt 0.539963 0.667207
vt 0.545012 0.662534
vt 0.235862 0.880532
vt 0.236102 0.879940
vt 0.288433 0.878349
vt 0.287988 0.878834
vt 0.348513 0.873676
vt 0.348822 0.874235
vt 0.296830 0.878342
vt 0.296333 0.877911
vt 0.232181 0.880969
vt 0.233975 0.880676
vt 0.233958 0.887288
vt 0.232957 0.887426
vt 0.235246 0.887223
vt 0.352582 0.874306
vt 0.352573 0.873749
vt 0.370455 0.877152
vt 0.370215 0.877611
vt 0.232083 0.880462
vt 0.214980 0.886242
vt 0.214684 0.885810
vt 0.350708 0.874193
vt 0.351477 0.880761
vt 0.350172 0.880813
vt 0.352425 0.880805
vt 0.350803 0.881364
vt 0.300317 0.884160
vt 0.299614 0.884016
vt 0.351321 0.881826
vt 0.300892 0.884441
vt 0.352855 0.881751
vt 0.352618 0.881227
vt 0.366657 0.882234
vt 0.366973 0.882699
vt 0.366703 0.881752
vt 0.352029 0.881742
vt 0.352850 0.888542
vt 0.352276 0.888572
vt 0.353256 0.888535
vt 0.212506 0.887959
vt 0.213601 0.886998
vt 0.218160 0.890248
vt 0.217618 0.890735
vt 0.218917 0.890012
vt 0.372869 0.879115
vt 0.373279 0.878740
vt 0.379814 0.886207
vt 0.379317 0.886333
vt 0.212035 0.887677
vt 0.206887 0.895898
vt 0.206379 0.895828
vt 0.371659 0.878241
vt 0.367492 0.881910
vt 0.368089 0.882351
vt 0.367567 0.882626
vt 0.370545 0.887657
vt 0.370005 0.887649
vt 0.370972 0.887666
vt 0.207037 0.898606
vt 0.206624 0.897271
vt 0.215174 0.896757
vt 0.215372 0.897216
vt 0.215290 0.896273
vt 0.379442 0.889052
vt 0.379966 0.889119
vt 0.374242 0.897244
vt 0.373808 0.896953
vt 0.206547 0.898741
vt 0.213517 0.905859
vt 0.213118 0.906196
vt 0.379720 0.887669
vt 0.371151 0.888103
vt 0.371031 0.888562
vt 0.370071 0.888694
vt 0.370607 0.888623
vt 0.368155 0.893916
vt 0.367545 0.893897
vt 0.368713 0.894151
vt 0.370238 0.888163
vt 0.353373 0.889017
vt 0.353371 0.889545
vt 0.352486 0.889073
vt 0.302568 0.891490
vt 0.302320 0.890950
vt 0.352363 0.889589
vt 0.302441 0.892077
vt 0.352920 0.889577
vt 0.352829 0.896428
vt 0.352103 0.896390
vt 0.353579 0.896352
vt 0.216175 0.907279
vt 0.214716 0.906690
vt 0.218869 0.902937
vt 0.219646 0.903081
vt 0.218278 0.902518
vt 0.371319 0.898655
vt 0.371616 0.899089
vt 0.354178 0.904298
vt 0.354086 0.903791
vt 0.215934 0.907743
vt 0.233831 0.910444
vt 0.233842 0.911001
vt 0.372707 0.897910
vt 0.368168 0.894654
vt 0.367406 0.894895
vt 0.367289 0.894407
vt 0.353449 0.896861
vt 0.353358 0.897328
vt 0.350409 0.904191
vt 0.350168 0.904781
vt 0.297839 0.905782
vt 0.298284 0.905292
vt 0.237894 0.911037
vt 0.237585 0.910482
vt 0.289513 0.905783
vt 0.290009 0.906219
vt 0.352295 0.904067
vt 0.352363 0.897457
vt 0.351081 0.897511
vt 0.235703 0.910542
vt 0.234886 0.903982
vt 0.236180 0.903917
vt 0.233942 0.903947
vt 0.351645 0.896900
vt 0.301134 0.899105
vt 0.301666 0.898741
vt 0.300457 0.899338
vt 0.234032 0.896195
vt 0.233856 0.895698
vt 0.283731 0.892529
vt 0.283917 0.893102
vt 0.234013 0.895175
vt 0.283925 0.891966
vt 0.233070 0.896215
vt 0.233467 0.896213
vt 0.234335 0.903008
vt 0.233514 0.903003
vt 0.235041 0.902922
vt 0.232986 0.895203
vt 0.232967 0.895725
vt 0.216108 0.896732
vt 0.216286 0.896201
vt 0.216333 0.897242
vt 0.233445 0.895178
vt 0.233489 0.888325
vt 0.234216 0.888361
vt 0.232733 0.888405
vt 0.234678 0.887844
vt 0.285163 0.885001
vt 0.284623 0.885344
vt 0.285847 0.884781
vt 0.232866 0.887895
vt 0.219032 0.890484
vt 0.218787 0.890981
vt 0.215795 0.897230
vt 0.218796 0.902241
vt 0.219394 0.902167
vt 0.215741 0.896234
vt 0.218177 0.890968
vt 0.235552 0.903376
vt 0.285996 0.899947
vt 0.286693 0.900104
vt 0.285427 0.899642
vt 0.233750 0.903525
vt 0.219694 0.902615
vt 0.299279 0.884470
vt 0.300008 0.884539
vt 0.301862 0.891071
vt 0.301497 0.891049
vt 0.296402 0.882531
vt 0.297999 0.883294
vt 0.293097 0.883533
vt 0.292651 0.882960
vt 0.293263 0.884559
vt 0.298548 0.883383
vt 0.294151 0.879078
vt 0.292490 0.880050
vt 0.290731 0.879268
vt 0.286837 0.884035
vt 0.288872 0.882955
vt 0.292220 0.884619
vt 0.292742 0.884598
vt 0.293115 0.891231
vt 0.292844 0.891227
vt 0.293364 0.891196
vt 0.292270 0.883579
vt 0.287372 0.883891
vt 0.286233 0.885200
vt 0.285513 0.885344
vt 0.284391 0.892043
vt 0.284748 0.891989
vt 0.293047 0.899517
vt 0.293210 0.900549
vt 0.288310 0.900809
vt 0.287034 0.899638
vt 0.293654 0.901126
vt 0.289907 0.901568
vt 0.294077 0.899458
vt 0.293562 0.899476
vt 0.293192 0.892837
vt 0.293461 0.892843
vt 0.292930 0.892872
vt 0.294031 0.900503
vt 0.298927 0.900214
vt 0.297429 0.901148
vt 0.300064 0.898909
vt 0.292907 0.892037
vt 0.284667 0.892553
vt 0.284767 0.893106
vt 0.293400 0.892017
vt 0.301637 0.891607
vt 0.301600 0.892162
vt 0.301967 0.892063
vt 0.300781 0.898751
vt 0.299461 0.900072
vt 0.295566 0.904843
vt 0.293817 0.904055
vt 0.286304 0.899557
vt 0.284387 0.893043
vt 0.287766 0.900724
vt 0.292167 0.905034
vt 0.437002 0.704133
vt 0.437577 0.704405
vt 0.435861 0.756724
vt 0.435399 0.756252
vt 0.437420 0.816921
vt 0.436845 0.817198
vt 0.435390 0.765072
vt 0.435852 0.764600
vt 0.436793 0.700435
vt 0.436976 0.702240
vt 0.430378 0.701824
vt 0.430303 0.700820
vt 0.430364 0.703108
vt 0.436580 0.820945
vt 0.437138 0.820965
vt 0.432816 0.838645
vt 0.432371 0.838381
vt 0.437304 0.700368
vt 0.432572 0.682948
vt 0.433019 0.682678
vt 0.436790 0.819081
vt 0.430193 0.819508
vt 0.430207 0.818204
vt 0.430099 0.820450
vt 0.429625 0.818804
vt 0.429382 0.768240
vt 0.429567 0.767549
vt 0.429138 0.819294
vt 0.429063 0.768798
vt 0.429134 0.820827
vt 0.429669 0.820619
vt 0.427940 0.834587
vt 0.427460 0.834875
vt 0.428417 0.834660
vt 0.429185 0.820004
vt 0.422351 0.820470
vt 0.422354 0.819899
vt 0.422335 0.820872
vt 0.431003 0.680377
vt 0.431899 0.681527
vt 0.428386 0.685885
vt 0.427932 0.685317
vt 0.428575 0.686652
vt 0.430729 0.840952
vt 0.431083 0.841383
vt 0.423284 0.847515
vt 0.423185 0.847012
vt 0.431312 0.679924
vt 0.423403 0.674309
vt 0.423502 0.673806
vt 0.431665 0.839791
vt 0.428219 0.835437
vt 0.427747 0.836012
vt 0.427501 0.835475
vt 0.422322 0.838184
vt 0.422359 0.837644
vt 0.422286 0.838611
vt 0.420691 0.674307
vt 0.422048 0.673969
vt 0.422058 0.682535
vt 0.421592 0.682710
vt 0.422537 0.682674
vt 0.420460 0.846990
vt 0.420365 0.847510
vt 0.412555 0.841364
vt 0.412868 0.840946
vt 0.420585 0.673809
vt 0.413075 0.680358
vt 0.412763 0.679939
vt 0.421829 0.847344
vt 0.421840 0.838762
vt 0.421390 0.838615
vt 0.421312 0.837647
vt 0.421353 0.838188
vt 0.416199 0.835459
vt 0.416248 0.834850
vt 0.415935 0.836003
vt 0.421834 0.837846
vt 0.421847 0.820959
vt 0.421321 0.820923
vt 0.421844 0.820078
vt 0.421926 0.770112
vt 0.422483 0.769898
vt 0.421336 0.819916
vt 0.421345 0.769947
vt 0.421315 0.820470
vt 0.414478 0.820018
vt 0.414555 0.819297
vt 0.414515 0.820776
vt 0.411502 0.682927
vt 0.412177 0.681506
vt 0.415677 0.685873
vt 0.415487 0.686643
vt 0.416131 0.685307
vt 0.411300 0.838366
vt 0.410851 0.838639
vt 0.406552 0.820953
vt 0.407063 0.820887
vt 0.411054 0.682659
vt 0.407277 0.700361
vt 0.406720 0.700338
vt 0.411970 0.839793
vt 0.415461 0.835432
vt 0.415260 0.834655
vt 0.415752 0.834567
vt 0.414015 0.820616
vt 0.413553 0.820499
vt 0.406851 0.817187
vt 0.406276 0.816914
vt 0.407942 0.764591
vt 0.408402 0.765063
vt 0.406433 0.704385
vt 0.407007 0.704108
vt 0.408409 0.756237
vt 0.407949 0.756708
vt 0.406878 0.819080
vt 0.413477 0.819494
vt 0.413490 0.818206
vt 0.407065 0.702224
vt 0.413663 0.701807
vt 0.413648 0.703106
vt 0.413757 0.700862
vt 0.414070 0.818806
vt 0.414415 0.768244
vt 0.414743 0.768801
vt 0.414225 0.767552
vt 0.421502 0.701415
vt 0.422012 0.701238
vt 0.421881 0.751199
vt 0.421319 0.751409
vt 0.422520 0.701400
vt 0.422458 0.751373
vt 0.421522 0.700444
vt 0.421506 0.700846
vt 0.414671 0.701307
vt 0.414724 0.700485
vt 0.414718 0.702016
vt 0.422534 0.700392
vt 0.422009 0.700355
vt 0.422040 0.683468
vt 0.422558 0.683668
vt 0.421516 0.683673
vt 0.422540 0.700844
vt 0.429376 0.701299
vt 0.429299 0.702021
vt 0.429341 0.700543
vt 0.429785 0.702509
vt 0.429387 0.753069
vt 0.429058 0.752513
vt 0.429578 0.753759
vt 0.429841 0.700703
vt 0.428097 0.686740
vt 0.427618 0.686469
vt 0.421556 0.683134
vt 0.416377 0.685839
vt 0.416415 0.686441
vt 0.422554 0.683124
vt 0.427667 0.685861
vt 0.414231 0.702506
vt 0.414418 0.753068
vt 0.414232 0.753760
vt 0.414737 0.752510
vt 0.414189 0.700693
vt 0.415951 0.686717
vt 0.429117 0.767190
vt 0.429010 0.767914
vt 0.422387 0.769430
vt 0.422429 0.769068
vt 0.431216 0.764422
vt 0.430363 0.765975
vt 0.430387 0.761070
vt 0.430993 0.760657
vt 0.429351 0.761177
vt 0.430251 0.766514
vt 0.434801 0.762368
vt 0.433920 0.760659
vt 0.434805 0.758952
vt 0.430263 0.754793
vt 0.431225 0.756885
vt 0.429355 0.760134
vt 0.429343 0.760655
vt 0.422702 0.760642
vt 0.422719 0.760376
vt 0.422723 0.760909
vt 0.430391 0.760242
vt 0.430375 0.755336
vt 0.429137 0.754124
vt 0.429018 0.753399
vt 0.422405 0.751837
vt 0.422480 0.752207
vt 0.414443 0.760130
vt 0.413408 0.760238
vt 0.413430 0.755333
vt 0.414675 0.754117
vt 0.412806 0.760653
vt 0.412580 0.756885
vt 0.414446 0.761172
vt 0.414454 0.760651
vt 0.421095 0.760656
vt 0.421079 0.760926
vt 0.421073 0.760390
vt 0.413410 0.761066
vt 0.413423 0.765974
vt 0.412575 0.764425
vt 0.414661 0.767183
vt 0.421894 0.760394
vt 0.421924 0.752132
vt 0.421358 0.752237
vt 0.421903 0.760907
vt 0.421863 0.769176
vt 0.421309 0.769109
vt 0.421391 0.769480
vt 0.414781 0.767911
vt 0.413537 0.766518
vt 0.408996 0.762360
vt 0.409879 0.760651
vt 0.414786 0.753394
vt 0.421407 0.751871
vt 0.413545 0.754792
vt 0.408999 0.758942
vt 0.372075 0.851808
vt 0.371501 0.851527
vt 0.373538 0.799201
vt 0.373985 0.799678
vt 0.372223 0.738957
vt 0.372795 0.738686
vt 0.374093 0.790823
vt 0.373627 0.791290
vt 0.372254 0.855526
vt 0.372088 0.853710
vt 0.378686 0.854190
vt 0.378754 0.855211
vt 0.378709 0.852886
vt 0.373093 0.734923
vt 0.372536 0.734896
vt 0.377058 0.717258
vt 0.377499 0.717527
vt 0.371741 0.855587
vt 0.376276 0.873068
vt 0.375823 0.873334
vt 0.372864 0.736792
vt 0.379462 0.736437
vt 0.379432 0.737739
vt 0.379567 0.735493
vt 0.380007 0.737170
vt 0.380219 0.787777
vt 0.379922 0.788370
vt 0.380491 0.736709
vt 0.380609 0.787209
vt 0.380540 0.735153
vt 0.380001 0.735339
vt 0.381872 0.721386
vt 0.382357 0.721117
vt 0.381400 0.721301
vt 0.380468 0.735981
vt 0.387308 0.735607
vt 0.387259 0.736171
vt 0.387352 0.735208
vt 0.377806 0.875671
vt 0.376929 0.874504
vt 0.380503 0.870191
vt 0.380952 0.870773
vt 0.380322 0.869413
vt 0.379187 0.714974
vt 0.378839 0.714538
vt 0.386753 0.708550
vt 0.386842 0.709054
vt 0.377492 0.876120
vt 0.385309 0.881867
vt 0.385200 0.882371
vt 0.378228 0.716123
vt 0.381609 0.720527
vt 0.382090 0.719965
vt 0.382326 0.720508
vt 0.387550 0.717891
vt 0.387491 0.718435
vt 0.387605 0.717469
vt 0.388021 0.881932
vt 0.386661 0.882238
vt 0.386769 0.873667
vt 0.387247 0.873518
vt 0.386300 0.873506
vt 0.389566 0.709141
vt 0.389671 0.708618
vt 0.397374 0.714900
vt 0.397056 0.715314
vt 0.388119 0.882433
vt 0.395742 0.876020
vt 0.396050 0.876444
vt 0.388203 0.708754
vt 0.388061 0.717341
vt 0.388500 0.717511
vt 0.388544 0.718505
vt 0.388521 0.717946
vt 0.393637 0.720761
vt 0.393580 0.721379
vt 0.393911 0.720214
vt 0.388019 0.718273
vt 0.387854 0.735178
vt 0.388362 0.735260
vt 0.387757 0.736110
vt 0.387936 0.786124
vt 0.387337 0.786092
vt 0.388280 0.736364
vt 0.388372 0.786494
vt 0.388338 0.735756
vt 0.395172 0.736274
vt 0.395082 0.737022
vt 0.395152 0.735491
vt 0.397362 0.873472
vt 0.396665 0.874886
vt 0.393225 0.870471
vt 0.393425 0.869706
vt 0.392761 0.871025
vt 0.398585 0.717926
vt 0.399038 0.717659
vt 0.403127 0.735400
vt 0.402613 0.735462
vt 0.397805 0.873746
vt 0.401779 0.856083
vt 0.402336 0.856111
vt 0.397933 0.716484
vt 0.394379 0.720798
vt 0.394574 0.721589
vt 0.394077 0.721672
vt 0.395650 0.735658
vt 0.396112 0.735780
vt 0.402797 0.739187
vt 0.403372 0.739467
vt 0.401440 0.791802
vt 0.400993 0.791324
vt 0.402654 0.852057
vt 0.402081 0.852328
vt 0.400880 0.800192
vt 0.401347 0.799724
vt 0.402782 0.737280
vt 0.396182 0.736805
vt 0.396163 0.738116
vt 0.402009 0.854218
vt 0.395411 0.854566
vt 0.395442 0.853270
vt 0.395306 0.855508
vt 0.395579 0.737509
vt 0.395087 0.788088
vt 0.394829 0.787531
vt 0.395229 0.788782
vt 0.387611 0.854840
vt 0.387111 0.854901
vt 0.387035 0.804893
vt 0.387634 0.804932
vt 0.386589 0.854646
vt 0.386605 0.804515
vt 0.387516 0.855790
vt 0.387561 0.855398
vt 0.394402 0.855028
vt 0.394330 0.855850
vt 0.394380 0.854308
vt 0.386504 0.855739
vt 0.387012 0.855821
vt 0.386835 0.872723
vt 0.386314 0.872489
vt 0.387361 0.872558
vt 0.386529 0.855248
vt 0.379695 0.854723
vt 0.379787 0.853978
vt 0.379714 0.855502
vt 0.379291 0.853493
vt 0.379890 0.802922
vt 0.380149 0.803478
vt 0.379750 0.802227
vt 0.379217 0.855334
vt 0.380804 0.869330
vt 0.381283 0.869611
vt 0.387301 0.873097
vt 0.392526 0.870486
vt 0.392496 0.869879
vt 0.386299 0.873048
vt 0.381227 0.870226
vt 0.394863 0.853841
vt 0.394754 0.803240
vt 0.395048 0.802642
vt 0.394364 0.803811
vt 0.394871 0.855662
vt 0.392967 0.869619
vt 0.380409 0.788815
vt 0.380602 0.788096
vt 0.387192 0.786557
vt 0.386974 0.786926
vt 0.378276 0.791508
vt 0.379160 0.789981
vt 0.379035 0.794894
vt 0.378433 0.795293
vt 0.380069 0.794816
vt 0.379297 0.789401
vt 0.374670 0.793528
vt 0.375527 0.795249
vt 0.374616 0.796960
vt 0.379086 0.801179
vt 0.378167 0.799064
vt 0.380040 0.795866
vt 0.380060 0.795339
vt 0.386697 0.795440
vt 0.386651 0.795699
vt 0.386705 0.795172
vt 0.379017 0.795727
vt 0.378990 0.800633
vt 0.380215 0.801880
vt 0.380263 0.802604
vt 0.386887 0.804102
vt 0.386970 0.803801
vt 0.394917 0.796210
vt 0.395951 0.796129
vt 0.395822 0.801041
vt 0.394574 0.802208
vt 0.396553 0.795727
vt 0.396706 0.799511
vt 0.394948 0.795158
vt 0.394926 0.795687
vt 0.388291 0.795592
vt 0.388337 0.795331
vt 0.388281 0.795861
vt 0.395971 0.795295
vt 0.395996 0.790385
vt 0.396818 0.791953
vt 0.394772 0.789141
vt 0.387453 0.795770
vt 0.387508 0.804036
vt 0.388015 0.804106
vt 0.387535 0.795261
vt 0.387483 0.786992
vt 0.388023 0.787220
vt 0.388098 0.786914
vt 0.394722 0.788413
vt 0.395898 0.789832
vt 0.400365 0.794050
vt 0.399455 0.795767
vt 0.394377 0.802925
vt 0.387788 0.804474
vt 0.395682 0.801615
vt 0.400309 0.797486
vt 0.115377 0.619677
vt 0.115370 0.691228
vt 0.120043 0.619273
vt 0.118562 0.704124
vt 0.118591 0.606792
vt 0.121142 0.609783
vt 0.124808 0.708694
vt 0.124830 0.602205
vt 0.124825 0.607883
vt 0.124827 0.618846
vt 0.131061 0.704112
vt 0.131074 0.606797
vt 0.128489 0.609796
vt 0.134260 0.691226
vt 0.134271 0.619670
vt 0.129610 0.619270
vt 0.124812 0.692051
vt 0.120031 0.691626
vt 0.124793 0.703021
vt 0.121161 0.701110
vt 0.129596 0.691626
vt 0.128476 0.701130
vt 0.120101 0.651515
vt 0.116763 0.655451
vt 0.119573 0.655448
vt 0.120104 0.659384
vt 0.130055 0.655448
vt 0.124813 0.655448
vt 0.124813 0.650079
vt 0.129525 0.651512
vt 0.129527 0.659382
vt 0.132866 0.655447
vt 0.124813 0.660815
vt 0.157168 0.690361
vt 0.157171 0.618816
vt 0.152503 0.690767
vt 0.153975 0.605924
vt 0.153960 0.703248
vt 0.151407 0.700257
vt 0.147728 0.601357
vt 0.147722 0.707836
vt 0.147724 0.702158
vt 0.147718 0.691196
vt 0.141477 0.605942
vt 0.141477 0.703248
vt 0.144058 0.700248
vt 0.138276 0.618826
vt 0.138272 0.690376
vt 0.142933 0.690773
vt 0.147726 0.617995
vt 0.152510 0.618419
vt 0.147743 0.607029
vt 0.151376 0.608938
vt 0.142941 0.618424
vt 0.144062 0.608924
vt 0.152428 0.658525
vt 0.155765 0.654588
vt 0.152952 0.654592
vt 0.152421 0.650657
vt 0.142471 0.654596
vt 0.147711 0.654595
vt 0.147714 0.659961
vt 0.143004 0.658531
vt 0.142997 0.650664
vt 0.139661 0.654601
vt 0.147710 0.649227
vt 0.055248 0.691767
vt 0.055153 0.763324
vt 0.059915 0.691370
vt 0.058371 0.776213
vt 0.058482 0.678888
vt 0.061032 0.681880
vt 0.064628 0.780764
vt 0.064720 0.674300
vt 0.064719 0.679977
vt 0.064702 0.690939
vt 0.070871 0.776172
vt 0.070966 0.678888
vt 0.068382 0.681886
vt 0.074050 0.763289
vt 0.074142 0.691768
vt 0.069483 0.691362
vt 0.064598 0.764130
vt 0.059814 0.763716
vt 0.064601 0.775094
vt 0.060965 0.773193
vt 0.069384 0.763696
vt 0.068281 0.773196
vt 0.059857 0.723614
vt 0.056518 0.727546
vt 0.059327 0.727547
vt 0.059860 0.731478
vt 0.069809 0.727532
vt 0.064569 0.727537
vt 0.064565 0.722172
vt 0.069280 0.723599
vt 0.069283 0.731462
vt 0.072622 0.727530
vt 0.064572 0.732901
vt 0.161731 0.620447
vt 0.161164 0.692014
vt 0.166400 0.620087
vt 0.164307 0.704919
vt 0.165069 0.607592
vt 0.167596 0.610605
vt 0.170532 0.709513
vt 0.171343 0.603053
vt 0.171294 0.608730
vt 0.171191 0.619691
vt 0.176804 0.704962
vt 0.177554 0.607689
vt 0.174947 0.610666
vt 0.180061 0.692097
vt 0.180629 0.620591
vt 0.175972 0.620148
vt 0.170608 0.692879
vt 0.165826 0.692434
vt 0.170546 0.703842
vt 0.166920 0.701917
vt 0.175395 0.692475
vt 0.174235 0.701967
vt 0.166082 0.652330
vt 0.162718 0.656241
vt 0.165525 0.656260
vt 0.166035 0.660195
vt 0.176008 0.656315
vt 0.170767 0.656285
vt 0.170800 0.650921
vt 0.175508 0.652381
vt 0.175458 0.660241
vt 0.178824 0.656333
vt 0.170737 0.661650
vt 0.629574 0.152378
vt 0.700969 0.147780
vt 0.628873 0.147751
vt 0.713633 0.143776
vt 0.616509 0.149994
vt 0.619332 0.147259
vt 0.717799 0.137255
vt 0.611535 0.144060
vt 0.617200 0.143704
vt 0.628142 0.143004
vt 0.712830 0.131305
vt 0.615718 0.137536
vt 0.618875 0.139924
vt 0.699769 0.128923
vt 0.628359 0.133523
vt 0.628259 0.138202
vt 0.701190 0.138299
vt 0.701071 0.143102
vt 0.712138 0.137624
vt 0.710462 0.141372
vt 0.700462 0.133551
vt 0.710016 0.134071
vt 0.661041 0.145577
vt 0.665181 0.148658
vt 0.664999 0.145851
vt 0.668893 0.145072
vt 0.664328 0.135392
vt 0.664664 0.140622
vt 0.659308 0.140967
vt 0.660438 0.136176
vt 0.668290 0.135668
vt 0.664150 0.132588
vt 0.670020 0.140279
vt 0.203100 0.580621
vt 0.202728 0.652173
vt 0.207768 0.580240
vt 0.205889 0.665074
vt 0.206379 0.567753
vt 0.208920 0.570755
vt 0.212126 0.669652
vt 0.212635 0.563189
vt 0.212612 0.568867
vt 0.212556 0.579830
vt 0.218390 0.665090
vt 0.218863 0.567802
vt 0.216269 0.570791
vt 0.221625 0.652219
vt 0.221997 0.580692
vt 0.217337 0.580269
vt 0.212171 0.653017
vt 0.207388 0.652584
vt 0.212125 0.663981
vt 0.208496 0.662066
vt 0.216958 0.652604
vt 0.215813 0.662100
vt 0.207617 0.612484
vt 0.204261 0.616403
vt 0.207072 0.616415
vt 0.207588 0.620346
vt 0.217554 0.616441
vt 0.212313 0.616426
vt 0.212332 0.611061
vt 0.217039 0.612507
vt 0.217012 0.620369
vt 0.220366 0.616450
vt 0.212294 0.621790
vt 0.066017 0.655509
vt 0.065551 0.583948
vt 0.061351 0.655943
vt 0.062220 0.571085
vt 0.062892 0.668411
vt 0.060320 0.665439
vt 0.055928 0.566581
vt 0.056690 0.673044
vt 0.056651 0.667367
vt 0.056568 0.656407
vt 0.049725 0.571229
vt 0.050410 0.668506
vt 0.052970 0.665488
vt 0.046657 0.584141
vt 0.047120 0.655657
vt 0.051781 0.656027
vt 0.056098 0.583219
vt 0.060885 0.583595
vt 0.056000 0.572253
vt 0.059654 0.574126
vt 0.051317 0.583696
vt 0.052340 0.574184
vt 0.061176 0.623703
vt 0.064484 0.619743
vt 0.061676 0.619768
vt 0.061112 0.615839
vt 0.051194 0.619866
vt 0.056436 0.619816
vt 0.056478 0.625180
vt 0.051752 0.623793
vt 0.051689 0.615931
vt 0.048379 0.619889
vt 0.056390 0.614452
vt 0.109793 0.598199
vt 0.181339 0.599132
vt 0.109453 0.593530
vt 0.194272 0.596114
vt 0.096950 0.594805
vt 0.099979 0.592296
vt 0.198926 0.589935
vt 0.092451 0.588502
vt 0.098130 0.588585
vt 0.109093 0.588741
vt 0.194432 0.583620
vt 0.097127 0.582322
vt 0.100091 0.584945
vt 0.181592 0.580240
vt 0.110044 0.579304
vt 0.109582 0.583960
vt 0.182290 0.589697
vt 0.181799 0.594478
vt 0.193255 0.589867
vt 0.191294 0.593472
vt 0.181928 0.584909
vt 0.191414 0.586161
vt 0.141695 0.593883
vt 0.145584 0.597276
vt 0.145621 0.594464
vt 0.149562 0.593988
vt 0.145763 0.583983
vt 0.145692 0.589223
vt 0.140325 0.589151
vt 0.141822 0.584461
vt 0.149690 0.584564
vt 0.145800 0.581172
vt 0.151059 0.589296
vt 0.088467 0.660668
vt 0.088470 0.589105
vt 0.083799 0.661068
vt 0.085228 0.576218
vt 0.085251 0.673548
vt 0.082698 0.670556
vt 0.078966 0.571671
vt 0.079016 0.678137
vt 0.079015 0.672460
vt 0.079012 0.661500
vt 0.072732 0.576275
vt 0.072766 0.673557
vt 0.075347 0.670556
vt 0.069574 0.589165
vt 0.069567 0.660685
vt 0.074227 0.661085
vt 0.079024 0.588310
vt 0.083809 0.588720
vt 0.079000 0.577344
vt 0.082640 0.579241
vt 0.074238 0.588753
vt 0.075326 0.579249
vt 0.083801 0.628830
vt 0.087136 0.624892
vt 0.084327 0.624896
vt 0.083791 0.620963
vt 0.073844 0.624921
vt 0.079086 0.624908
vt 0.079094 0.630272
vt 0.074378 0.628850
vt 0.074366 0.620990
vt 0.071030 0.624924
vt 0.079076 0.619543
vt 0.032246 0.685871
vt 0.032586 0.757424
vt 0.036910 0.685447
vt 0.035840 0.770295
vt 0.035412 0.672970
vt 0.037974 0.675953
vt 0.042103 0.774838
vt 0.041632 0.668363
vt 0.041648 0.674042
vt 0.041691 0.685005
vt 0.048337 0.770233
vt 0.047895 0.672928
vt 0.045323 0.675938
vt 0.051479 0.757333
vt 0.051142 0.685790
vt 0.046479 0.685410
vt 0.042034 0.758202
vt 0.037248 0.757797
vt 0.042069 0.769168
vt 0.038427 0.767270
vt 0.046815 0.757757
vt 0.045742 0.767262
vt 0.037115 0.717692
vt 0.033792 0.721642
vt 0.036603 0.721629
vt 0.037150 0.725558
vt 0.047084 0.721582
vt 0.041844 0.721605
vt 0.041820 0.716239
vt 0.046538 0.717651
vt 0.046577 0.725517
vt 0.049897 0.721568
vt 0.041870 0.726971
vt 0.110500 0.690460
vt 0.111408 0.618927
vt 0.105830 0.690806
vt 0.108370 0.605997
vt 0.107129 0.703301
vt 0.104616 0.700280
vt 0.102178 0.601357
vt 0.100837 0.707813
vt 0.100910 0.702136
vt 0.101042 0.691177
vt 0.095874 0.605868
vt 0.094646 0.703154
vt 0.097265 0.700184
vt 0.092511 0.618709
vt 0.091603 0.690245
vt 0.096260 0.690699
vt 0.101969 0.617993
vt 0.106750 0.618473
vt 0.102123 0.607029
vt 0.105734 0.608980
vt 0.097179 0.618366
vt 0.098422 0.608880
vt 0.106166 0.658571
vt 0.109552 0.654679
vt 0.106741 0.654647
vt 0.106260 0.650707
vt 0.096259 0.654530
vt 0.101501 0.654587
vt 0.101436 0.659951
vt 0.096742 0.658466
vt 0.096838 0.650606
vt 0.093449 0.654497
vt 0.101567 0.649223
vt 0.027397 0.752266
vt 0.027414 0.680715
vt 0.022728 0.752670
vt 0.024187 0.667826
vt 0.024191 0.765149
vt 0.021638 0.762158
vt 0.017929 0.663274
vt 0.017960 0.769740
vt 0.017958 0.764062
vt 0.017942 0.753102
vt 0.011693 0.667873
vt 0.011709 0.765162
vt 0.014288 0.762159
vt 0.008519 0.680761
vt 0.008499 0.752292
vt 0.013157 0.752689
vt 0.017966 0.679913
vt 0.022752 0.680325
vt 0.017958 0.668946
vt 0.021596 0.670847
vt 0.013184 0.680353
vt 0.014283 0.670850
vt 0.022725 0.720432
vt 0.026061 0.716496
vt 0.023252 0.716501
vt 0.022716 0.712569
vt 0.012769 0.716523
vt 0.018012 0.716511
vt 0.018016 0.721875
vt 0.013301 0.720453
vt 0.013293 0.712591
vt 0.009956 0.716525
vt 0.018003 0.711146
vt 0.120692 0.433412
vt 0.600871 0.431924
vt 0.118189 0.400423
vt 0.687496 0.410921
vt 0.034476 0.411316
vt 0.056357 0.393539
vt 0.720910 0.370152
vt 0.001697 0.370088
vt 0.043182 0.369108
vt 0.115885 0.367184
vt 0.690634 0.327011
vt 0.032570 0.327405
vt 0.055356 0.344051
vt 0.606143 0.298540
vt 0.117300 0.299841
vt 0.116752 0.333457
vt 0.606820 0.365730
vt 0.604094 0.398960
vt 0.679487 0.368575
vt 0.665928 0.392763
vt 0.606314 0.332092
vt 0.667636 0.343358
vt 0.337814 0.380147
vt 0.361075 0.407206
vt 0.361084 0.382732
vt 0.384496 0.380553
vt 0.361085 0.314754
vt 0.361263 0.348689
vt 0.330414 0.348790
vt 0.337365 0.317673
vt 0.385550 0.317974
vt 0.361475 0.291244
vt 0.392137 0.349149
vt 0.122953 0.294558
vt 0.600984 0.293224
vt 0.120274 0.261624
vt 0.687598 0.273973
vt 0.036415 0.275249
vt 0.057951 0.256884
vt 0.721626 0.233969
vt 0.002544 0.235139
vt 0.044148 0.232825
vt 0.117168 0.228420
vt 0.692381 0.190325
vt 0.031941 0.191616
vt 0.055529 0.207323
vt 0.609184 0.159077
vt 0.115174 0.160539
vt 0.116915 0.194400
vt 0.607093 0.227103
vt 0.603861 0.260322
vt 0.680082 0.231571
vt 0.666128 0.255513
vt 0.607201 0.192944
vt 0.668811 0.206016
vt 0.338298 0.225512
vt 0.361854 0.252538
vt 0.361808 0.227472
vt 0.385704 0.225958
vt 0.362518 0.159645
vt 0.362048 0.193305
vt 0.330418 0.194048
vt 0.336861 0.162951
vt 0.387309 0.163141
vt 0.362188 0.136780
vt 0.393640 0.194340
vt 0.122390 0.575448
vt 0.599169 0.573453
vt 0.119623 0.542532
vt 0.685826 0.554541
vt 0.035765 0.556774
vt 0.057226 0.538292
vt 0.719928 0.514615
vt 0.001697 0.516860
vt 0.043304 0.514313
vt 0.116328 0.509358
vt 0.690781 0.470910
vt 0.030836 0.473168
vt 0.054534 0.488721
vt 0.607709 0.439269
vt 0.113824 0.441387
vt 0.115856 0.475289
vt 0.605373 0.507399
vt 0.602084 0.540582
vt 0.678377 0.512119
vt 0.664390 0.536028
vt 0.605566 0.473199
vt 0.667155 0.486524
vt 0.337053 0.502823
vt 0.360752 0.529691
vt 0.360589 0.504638
vt 0.384481 0.503033
vt 0.361089 0.436844
vt 0.360724 0.470479
vt 0.329030 0.471381
vt 0.335372 0.440295
vt 0.385981 0.440287
vt 0.360724 0.414096
vt 0.392386 0.471393
vt 0.722476 0.119117
vt 0.722155 0.602305
vt 0.755744 0.117086
vt 0.747145 0.687686
vt 0.746912 0.033566
vt 0.764222 0.055747
vt 0.789175 0.719396
vt 0.788840 0.001697
vt 0.788907 0.043069
vt 0.789162 0.115432
vt 0.831068 0.687506
vt 0.830846 0.033447
vt 0.813626 0.055721
vt 0.855467 0.601940
vt 0.855777 0.118855
vt 0.822563 0.117044
vt 0.788791 0.605663
vt 0.755381 0.604065
vt 0.789038 0.678047
vt 0.764362 0.665388
vt 0.822205 0.603990
vt 0.813717 0.665335
vt 0.758016 0.337179
vt 0.731008 0.360471
vt 0.754771 0.360907
vt 0.757397 0.383872
vt 0.822875 0.360177
vt 0.788823 0.360541
vt 0.789197 0.330220
vt 0.820246 0.337222
vt 0.819633 0.383900
vt 0.846642 0.360605
vt 0.788448 0.390866
vt 0.601539 0.001984
vt 0.118175 0.010017
vt 0.604141 0.035189
vt 0.032911 0.036079
vt 0.687620 0.025139
vt 0.665704 0.042782
vt 0.001697 0.078583
vt 0.720165 0.066645
vt 0.678776 0.067288
vt 0.606319 0.068538
vt 0.034248 0.120065
vt 0.688924 0.109132
vt 0.666443 0.092184
vt 0.120336 0.143193
vt 0.603653 0.135153
vt 0.605007 0.101764
vt 0.115534 0.076647
vt 0.116842 0.043412
vt 0.043060 0.077881
vt 0.055408 0.053030
vt 0.117720 0.109991
vt 0.056155 0.102385
vt 0.383938 0.041218
vt 0.360068 0.014627
vt 0.360054 0.038468
vt 0.336963 0.041397
vt 0.361798 0.106534
vt 0.360926 0.072502
vt 0.391406 0.072268
vt 0.384887 0.103602
vt 0.337917 0.103782
vt 0.361788 0.130375
vt 0.330447 0.072731
vt 0.851815 0.347353
vt 0.864147 0.830556
vt 0.884991 0.344454
vt 0.890869 0.915601
vt 0.874203 0.261074
vt 0.892041 0.282830
vt 0.933624 0.946463
vt 0.915412 0.228159
vt 0.916431 0.269541
vt 0.918315 0.341980
vt 0.974842 0.913579
vt 0.958179 0.259011
vt 0.941437 0.281648
vt 0.997310 0.827309
vt 0.984967 0.344038
vt 0.951560 0.342995
vt 0.930802 0.832649
vt 0.897554 0.831616
vt 0.932587 0.905108
vt 0.907639 0.892968
vt 0.964131 0.830191
vt 0.956991 0.891813
vt 0.893177 0.564579
vt 0.866787 0.588669
vt 0.890630 0.588476
vt 0.893757 0.611530
vt 0.958679 0.586152
vt 0.924654 0.587313
vt 0.924164 0.556844
vt 0.955554 0.563090
vt 0.956133 0.610054
vt 0.982521 0.585960
vt 0.925145 0.617781
vt 0.225636 0.576421
vt 0.225643 0.647971
vt 0.230302 0.576017
vt 0.228836 0.660866
vt 0.228847 0.563535
vt 0.231399 0.566526
vt 0.235084 0.665433
vt 0.235085 0.558948
vt 0.235081 0.564626
vt 0.235086 0.575589
vt 0.241334 0.660850
vt 0.241330 0.563537
vt 0.238748 0.566538
vt 0.244535 0.647965
vt 0.244531 0.576410
vt 0.239870 0.576011
vt 0.235085 0.648793
vt 0.230303 0.648368
vt 0.235068 0.659761
vt 0.231434 0.657850
vt 0.239870 0.648365
vt 0.238749 0.657867
vt 0.230367 0.608258
vt 0.227029 0.612194
vt 0.229841 0.612191
vt 0.230371 0.616126
vt 0.240322 0.612188
vt 0.235081 0.612190
vt 0.235080 0.606821
vt 0.239792 0.608252
vt 0.239795 0.616122
vt 0.243134 0.612186
vt 0.235082 0.617557
vt 0.020613 0.860848
vt 0.020626 0.789301
vt 0.015947 0.861252
vt 0.017433 0.776409
vt 0.017400 0.873733
vt 0.014848 0.870742
vt 0.011187 0.771841
vt 0.011160 0.878320
vt 0.011164 0.872642
vt 0.011160 0.861679
vt 0.004936 0.776424
vt 0.004916 0.873730
vt 0.007499 0.870730
vt 0.001732 0.789306
vt 0.001716 0.860856
vt 0.006378 0.861255
vt 0.011181 0.788477
vt 0.015965 0.788902
vt 0.011201 0.777512
vt 0.014833 0.779423
vt 0.006397 0.788906
vt 0.007520 0.779405
vt 0.015878 0.829009
vt 0.019218 0.825075
vt 0.016407 0.825077
vt 0.015877 0.821142
vt 0.005926 0.825078
vt 0.011165 0.825078
vt 0.011164 0.830444
vt 0.006454 0.829013
vt 0.006454 0.821145
vt 0.003114 0.825080
vt 0.011166 0.819710
vt 0.096094 0.792162
vt 0.096176 0.720617
vt 0.091428 0.792561
vt 0.093008 0.707716
vt 0.092865 0.805046
vt 0.090319 0.802050
vt 0.086771 0.703138
vt 0.086619 0.809620
vt 0.086633 0.803942
vt 0.086644 0.792981
vt 0.080509 0.707708
vt 0.080382 0.805021
vt 0.082969 0.802026
vt 0.077283 0.720589
vt 0.077200 0.792144
vt 0.081861 0.792551
vt 0.086731 0.719779
vt 0.091515 0.720210
vt 0.086772 0.708810
vt 0.090401 0.710727
vt 0.081947 0.720197
vt 0.083088 0.710696
vt 0.091385 0.760320
vt 0.094728 0.756389
vt 0.091918 0.756386
vt 0.091392 0.752452
vt 0.081436 0.756372
vt 0.086678 0.756380
vt 0.086671 0.761747
vt 0.081961 0.760307
vt 0.081968 0.752438
vt 0.078625 0.756370
vt 0.086685 0.751013
vt 0.382602 0.267322
vt 0.311057 0.266328
vt 0.382941 0.271991
vt 0.298121 0.269347
vt 0.395443 0.270714
vt 0.392416 0.273223
vt 0.293469 0.275531
vt 0.399942 0.277015
vt 0.394265 0.276932
vt 0.383303 0.276782
vt 0.297966 0.281844
vt 0.395268 0.283196
vt 0.392304 0.280572
vt 0.310807 0.285219
vt 0.382352 0.286216
vt 0.382815 0.281560
vt 0.310109 0.275761
vt 0.310597 0.270984
vt 0.299142 0.275595
vt 0.301101 0.271988
vt 0.310470 0.280550
vt 0.300986 0.279301
vt 0.350701 0.271616
vt 0.346812 0.268223
vt 0.346776 0.271034
vt 0.342833 0.271510
vt 0.346634 0.281515
vt 0.346706 0.276274
vt 0.352073 0.276350
vt 0.350575 0.281039
vt 0.342709 0.280933
vt 0.346596 0.284326
vt 0.341338 0.276199
vt 0.042660 0.650505
vt 0.042683 0.578957
vt 0.037995 0.650909
vt 0.039491 0.566062
vt 0.039447 0.663391
vt 0.036896 0.660399
vt 0.033245 0.561492
vt 0.033206 0.667975
vt 0.033212 0.662298
vt 0.033211 0.651334
vt 0.026992 0.566073
vt 0.026963 0.663383
vt 0.029547 0.660384
vt 0.023791 0.578957
vt 0.023767 0.650509
vt 0.028428 0.650909
vt 0.033239 0.578132
vt 0.038022 0.578558
vt 0.033258 0.567164
vt 0.036891 0.569076
vt 0.028455 0.578557
vt 0.029576 0.569055
vt 0.037940 0.618668
vt 0.041280 0.614733
vt 0.038468 0.614734
vt 0.037940 0.610800
vt 0.027986 0.614733
vt 0.033227 0.614733
vt 0.033226 0.620101
vt 0.028515 0.618668
vt 0.028514 0.610800
vt 0.025175 0.614733
vt 0.033229 0.609367
vt 0.001804 0.556061
vt 0.001714 0.627602
vt 0.006468 0.555661
vt 0.004906 0.640495
vt 0.005030 0.543179
vt 0.007582 0.546171
vt 0.011153 0.645059
vt 0.011270 0.538592
vt 0.011266 0.544270
vt 0.011252 0.555234
vt 0.017404 0.640479
vt 0.017515 0.543184
vt 0.014931 0.546181
vt 0.020612 0.627598
vt 0.020700 0.556060
vt 0.016037 0.555656
vt 0.011160 0.628423
vt 0.006375 0.628003
vt 0.011140 0.639387
vt 0.007505 0.637482
vt 0.015945 0.627996
vt 0.014821 0.637494
vt 0.006503 0.587903
vt 0.003159 0.591834
vt 0.005970 0.591835
vt 0.006498 0.595766
vt 0.016451 0.591829
vt 0.011210 0.591830
vt 0.011213 0.586466
vt 0.015924 0.587898
vt 0.015922 0.595760
vt 0.019263 0.591830
vt 0.011210 0.597194
vt 0.979251 0.121520
vt 0.976250 0.193480
vt 0.983916 0.121288
vt 0.978876 0.206735
vt 0.982943 0.108613
vt 0.985360 0.111727
vt 0.984938 0.211686
vt 0.989460 0.104326
vt 0.989151 0.110044
vt 0.988689 0.121147
vt 0.991439 0.207326
vt 0.995464 0.109334
vt 0.992721 0.112207
vt 0.995058 0.194376
vt 0.998060 0.122498
vt 0.993420 0.121928
vt 0.985616 0.194891
vt 0.980874 0.194188
vt 0.985191 0.205982
vt 0.981633 0.203859
vt 0.990393 0.194657
vt 0.988963 0.204244
vt 0.983118 0.153698
vt 0.979653 0.157498
vt 0.982071 0.157680
vt 0.981324 0.161719
vt 0.992156 0.158330
vt 0.987107 0.158025
vt 0.987937 0.152515
vt 0.992853 0.154481
vt 0.991196 0.162246
vt 0.994688 0.158284
vt 0.986324 0.163533
vt 0.325749 0.772351
vt 0.325718 0.843896
vt 0.330415 0.771947
vt 0.328910 0.856790
vt 0.328960 0.759465
vt 0.331512 0.762456
vt 0.335157 0.861356
vt 0.335197 0.754877
vt 0.335196 0.760555
vt 0.335201 0.771519
vt 0.341408 0.856773
vt 0.341444 0.759466
vt 0.338861 0.762465
vt 0.344612 0.843890
vt 0.344645 0.772340
vt 0.339983 0.771941
vt 0.335161 0.844718
vt 0.330378 0.844295
vt 0.335141 0.855685
vt 0.331509 0.853776
vt 0.339947 0.844290
vt 0.338824 0.853792
vt 0.330484 0.804189
vt 0.327144 0.808123
vt 0.329956 0.808120
vt 0.330485 0.812055
vt 0.340436 0.808118
vt 0.335196 0.808119
vt 0.335197 0.802753
vt 0.339906 0.804184
vt 0.339908 0.812051
vt 0.343246 0.808116
vt 0.335195 0.813487
vt 0.954961 0.144475
vt 0.953350 0.216378
vt 0.959629 0.144190
vt 0.956211 0.229441
vt 0.958524 0.131596
vt 0.960977 0.134675
vt 0.962341 0.234223
vt 0.964960 0.127226
vt 0.964733 0.132919
vt 0.964415 0.143947
vt 0.968737 0.229787
vt 0.971040 0.132111
vt 0.968334 0.135001
vt 0.972190 0.216885
vt 0.973829 0.145217
vt 0.969184 0.144585
vt 0.962756 0.217491
vt 0.957997 0.216910
vt 0.962487 0.228529
vt 0.958901 0.226498
vt 0.967528 0.217196
vt 0.966223 0.226738
vt 0.959178 0.176504
vt 0.955601 0.180426
vt 0.958401 0.180471
vt 0.958703 0.184538
vt 0.968684 0.180891
vt 0.963585 0.180663
vt 0.964161 0.175223
vt 0.969290 0.176927
vt 0.967840 0.184854
vt 0.971134 0.181059
vt 0.963242 0.186154
vt 0.232492 0.938235
vt 0.160914 0.937236
vt 0.232821 0.942906
vt 0.147983 0.940297
vt 0.245327 0.941657
vt 0.242296 0.944161
vt 0.143341 0.946489
vt 0.249818 0.947964
vt 0.244139 0.947872
vt 0.233178 0.947695
vt 0.147849 0.952792
vt 0.245133 0.954136
vt 0.242174 0.951507
vt 0.160696 0.956129
vt 0.232210 0.957124
vt 0.232684 0.952470
vt 0.159981 0.946672
vt 0.160463 0.941893
vt 0.149013 0.946541
vt 0.150968 0.942930
vt 0.160349 0.951459
vt 0.150861 0.950242
vt 0.200577 0.942412
vt 0.196686 0.939021
vt 0.196650 0.941827
vt 0.192706 0.942310
vt 0.196512 0.952309
vt 0.196582 0.947068
vt 0.201948 0.947142
vt 0.200452 0.951835
vt 0.192585 0.951732
vt 0.196474 0.955124
vt 0.191214 0.947000
vt 0.182624 0.934051
vt 0.254186 0.934623
vt 0.182297 0.929390
vt 0.267132 0.931574
vt 0.169792 0.930620
vt 0.172843 0.928144
vt 0.271799 0.925396
vt 0.165394 0.924243
vt 0.171069 0.924411
vt 0.182027 0.924608
vt 0.267299 0.919079
vt 0.170189 0.918142
vt 0.173122 0.920802
vt 0.254433 0.915773
vt 0.183137 0.915184
vt 0.182665 0.919838
vt 0.255153 0.925201
vt 0.254642 0.929968
vt 0.266126 0.925328
vt 0.264154 0.928932
vt 0.254790 0.920430
vt 0.264286 0.921627
vt 0.214488 0.929294
vt 0.218376 0.932870
vt 0.218369 0.930125
vt 0.222359 0.929708
vt 0.218568 0.920069
vt 0.218478 0.925005
vt 0.213160 0.924267
vt 0.214882 0.919022
vt 0.222534 0.920546
vt 0.218759 0.917181
vt 0.223903 0.925149
vt 0.348695 0.749425
vt 0.348623 0.821006
vt 0.353361 0.749038
vt 0.351855 0.833890
vt 0.351967 0.736552
vt 0.354509 0.739551
vt 0.358113 0.838443
vt 0.358214 0.731976
vt 0.358195 0.737654
vt 0.358148 0.748617
vt 0.364354 0.833851
vt 0.364450 0.736577
vt 0.361858 0.739569
vt 0.367522 0.820963
vt 0.367593 0.749463
vt 0.362932 0.749046
vt 0.358076 0.821807
vt 0.353287 0.821394
vt 0.358088 0.832771
vt 0.354449 0.830870
vt 0.362858 0.821373
vt 0.361764 0.830873
vt 0.353253 0.781286
vt 0.349915 0.785219
vt 0.352720 0.785221
vt 0.353258 0.789153
vt 0.363201 0.785211
vt 0.357960 0.785214
vt 0.357963 0.779850
vt 0.362676 0.781281
vt 0.362680 0.789141
vt 0.366020 0.785212
vt 0.357968 0.790579
vt 0.440261 0.670948
vt 0.440273 0.798124
vt 0.448593 0.670201
vt 0.445985 0.821090
vt 0.445962 0.647980
vt 0.450529 0.653405
vt 0.457148 0.829509
vt 0.457111 0.639525
vt 0.457126 0.649959
vt 0.457159 0.669320
vt 0.468315 0.821087
vt 0.468289 0.647938
vt 0.463718 0.653396
vt 0.474069 0.798122
vt 0.474057 0.670889
vt 0.465726 0.670169
vt 0.457166 0.799716
vt 0.448601 0.798858
vt 0.457137 0.819084
vt 0.450588 0.815638
vt 0.465734 0.798848
vt 0.463737 0.815648
vt 0.448834 0.727208
vt 0.442580 0.734535
vt 0.448261 0.734530
vt 0.448853 0.741852
vt 0.466262 0.734509
vt 0.457263 0.734517
vt 0.457240 0.724640
vt 0.465660 0.727180
vt 0.465679 0.741835
vt 0.471929 0.734506
vt 0.457272 0.744393
vt 0.511383 0.760778
vt 0.511385 0.633582
vt 0.503050 0.761516
vt 0.505653 0.610620
vt 0.505655 0.783740
vt 0.501096 0.778309
vt 0.494485 0.602205
vt 0.494499 0.792184
vt 0.494495 0.781749
vt 0.494482 0.762388
vt 0.483323 0.610634
vt 0.483331 0.783762
vt 0.487906 0.778308
vt 0.477588 0.633601
vt 0.477585 0.760810
vt 0.485916 0.761537
vt 0.494490 0.631996
vt 0.503056 0.632854
vt 0.494501 0.612629
vt 0.501055 0.616074
vt 0.485921 0.632870
vt 0.487905 0.616069
vt 0.502886 0.704507
vt 0.509140 0.697180
vt 0.503466 0.697183
vt 0.502869 0.689858
vt 0.485462 0.697202
vt 0.494464 0.697191
vt 0.494485 0.707087
vt 0.486060 0.704528
vt 0.486042 0.689878
vt 0.479789 0.697207
vt 0.494450 0.687309
vt 0.514058 0.597131
vt 0.514073 0.724347
vt 0.522391 0.596397
vt 0.519833 0.747306
vt 0.519804 0.574174
vt 0.524361 0.579608
vt 0.531012 0.755708
vt 0.530965 0.565733
vt 0.530962 0.576167
vt 0.530962 0.595525
vt 0.542163 0.747268
vt 0.542128 0.574158
vt 0.537550 0.579609
vt 0.547871 0.724296
vt 0.547858 0.597111
vt 0.539528 0.596380
vt 0.530969 0.725915
vt 0.522403 0.725067
vt 0.530982 0.745284
vt 0.524424 0.741845
vt 0.539538 0.725036
vt 0.537575 0.741838
vt 0.522484 0.653405
vt 0.516235 0.660737
vt 0.521904 0.660730
vt 0.522506 0.668056
vt 0.539905 0.660705
vt 0.530904 0.660718
vt 0.530895 0.650834
vt 0.539310 0.653383
vt 0.539331 0.668028
vt 0.545583 0.660702
vt 0.530930 0.670611
vt 0.350676 0.873621
vt 0.233947 0.880126
vt 0.351735 0.881234
vt 0.213209 0.886631
vt 0.372005 0.877812
vt 0.367244 0.882246
vt 0.206107 0.897301
vt 0.380247 0.887639
vt 0.370706 0.888133
vt 0.352943 0.889047
vt 0.214378 0.907094
vt 0.373090 0.898273
vt 0.367877 0.894335
vt 0.235737 0.911113
vt 0.352317 0.904617
vt 0.352580 0.896942
vt 0.233399 0.895706
vt 0.233740 0.887807
vt 0.215636 0.896743
vt 0.218449 0.890558
vt 0.234627 0.903513
vt 0.219112 0.902608
vt 0.299392 0.883961
vt 0.292410 0.878615
vt 0.292696 0.883760
vt 0.286061 0.884702
vt 0.293607 0.900322
vt 0.293145 0.892026
vt 0.302079 0.891552
vt 0.300237 0.899400
vt 0.286919 0.900142
vt 0.293897 0.905503
vt 0.284223 0.892541
vt 0.437362 0.819080
vt 0.437527 0.702247
vt 0.429706 0.819739
vt 0.432290 0.681156
vt 0.432077 0.840159
vt 0.427896 0.835173
vt 0.422049 0.673452
vt 0.421830 0.847869
vt 0.421837 0.838316
vt 0.421841 0.820528
vt 0.411793 0.681145
vt 0.411587 0.840156
vt 0.415794 0.835158
vt 0.406493 0.702224
vt 0.406328 0.819074
vt 0.413978 0.819740
vt 0.422015 0.700787
vt 0.429876 0.701578
vt 0.422051 0.682996
vt 0.428059 0.686156
vt 0.414149 0.701574
vt 0.415993 0.686134
vt 0.429625 0.767329
vt 0.435364 0.760661
vt 0.430184 0.760656
vt 0.429636 0.753981
vt 0.413614 0.760652
vt 0.421898 0.760650
vt 0.421897 0.769621
vt 0.414164 0.767330
vt 0.414171 0.753979
vt 0.408437 0.760650
vt 0.421902 0.751687
vt 0.372293 0.736787
vt 0.371536 0.853699
vt 0.379946 0.736222
vt 0.376533 0.874869
vt 0.377822 0.715749
vt 0.381926 0.720799
vt 0.386648 0.882757
vt 0.388214 0.708227
vt 0.388042 0.717790
vt 0.387822 0.735633
vt 0.397043 0.875254
vt 0.398324 0.716126
vt 0.394040 0.721070
vt 0.402580 0.854224
vt 0.403334 0.737291
vt 0.395675 0.736555
vt 0.387046 0.855372
vt 0.379192 0.854442
vt 0.386798 0.873204
vt 0.380836 0.869923
vt 0.394925 0.854783
vt 0.392915 0.870202
vt 0.379996 0.788669
vt 0.374080 0.795243
vt 0.379229 0.795315
vt 0.379679 0.802002
vt 0.395759 0.795708
vt 0.387494 0.795517
vt 0.387707 0.786588
vt 0.395305 0.789012
vt 0.394983 0.802349
vt 0.400900 0.795768
vt 0.387272 0.804437
s 1
f 2/1 1/2 137/3 142/4
f 1/5 8/6 138/7 137/8
f 4/9 3/10 99/11 98/12
f 3/10 2/1 100/13 99/11
f 6/14 5/15 23/16 22/17
f 5/18 4/9 24/19 23/20
f 8/6 7/21 11/22 10/23
f 7/21 6/14 12/24 11/22
f 10/23 9/25 129/26 136/27
f 9/25 16/28 130/29 129/26
f 14/30 13/31 27/32 26/33
f 13/31 12/24 28/34 27/32
f 16/28 15/35 49/36 48/37
f 15/35 14/30 50/38 49/36
f 18/39 17/40 109/41 114/42
f 17/40 24/19 110/43 109/41
f 20/44 19/45 37/46 36/47
f 19/48 18/39 38/49 37/50
f 22/17 21/51 29/52 28/34
f 21/51 20/44 30/53 29/52
f 26/33 25/54 43/55 42/56
f 25/54 30/53 44/57 43/55
f 32/58 31/59 103/60 102/61
f 31/59 38/49 104/62 103/60
f 34/63 33/64 61/65 60/66
f 33/67 32/58 62/68 61/69
f 36/47 35/70 45/71 44/57
f 35/70 34/63 46/72 45/71
f 40/73 39/74 65/75 64/76
f 39/74 46/72 66/77 65/75
f 42/56 41/78 51/79 50/38
f 41/78 40/73 52/80 51/79
f 48/37 47/81 171/82 178/83
f 47/81 54/84 172/85 171/82
f 54/84 53/86 79/87 78/88
f 53/86 52/80 80/89 79/87
f 56/90 55/91 123/92 128/93
f 55/91 62/68 124/94 123/92
f 58/95 57/96 73/97 72/98
f 57/99 56/90 74/100 73/101
f 60/66 59/102 67/103 66/77
f 59/102 58/95 68/104 67/103
f 64/76 63/105 81/106 80/89
f 63/105 68/104 82/107 81/106
f 70/108 69/109 195/110 200/111
f 69/112 76/113 196/114 195/115
f 72/98 71/116 83/117 82/107
f 71/116 70/108 84/118 83/117
f 76/113 75/119 117/120 116/121
f 75/119 74/100 118/122 117/120
f 78/88 77/123 179/124 186/125
f 77/123 84/118 180/126 179/124
f 86/127 85/128 201/129 208/130
f 85/128 92/131 202/132 201/129
f 88/133 87/134 121/135 120/136
f 87/134 86/127 122/137 121/135
f 90/138 89/139 107/140 106/141
f 89/139 88/133 108/142 107/140
f 92/131 91/143 95/144 94/145
f 91/143 90/138 96/146 95/144
f 94/145 93/147 149/148 156/149
f 93/147 100/13 150/150 149/148
f 98/12 97/151 111/152 110/43
f 97/151 96/146 112/153 111/152
f 102/61 101/154 125/155 124/94
f 101/154 108/142 126/156 125/155
f 106/141 105/157 113/158 112/153
f 105/157 104/62 114/42 113/158
f 116/121 115/159 187/160 194/161
f 115/159 122/137 188/162 187/160
f 120/136 119/163 127/164 126/156
f 119/163 118/122 128/93 127/164
f 132/165 131/166 177/167 176/168
f 131/166 130/29 178/83 177/167
f 134/169 133/170 147/171 146/172
f 133/170 132/165 148/173 147/171
f 136/27 135/174 139/175 138/7
f 135/174 134/169 140/176 139/175
f 142/4 141/177 151/178 150/150
f 141/177 140/176 152/179 151/178
f 144/180 143/181 165/182 164/183
f 143/181 148/173 166/184 165/182
f 146/172 145/185 153/186 152/179
f 145/185 144/180 154/187 153/186
f 156/149 155/188 203/189 202/132
f 155/188 154/187 204/190 203/189
f 158/191 157/192 191/193 190/194
f 157/192 162/195 192/196 191/193
f 160/197 159/198 169/199 168/200
f 159/198 158/191 170/201 169/199
f 162/195 161/202 183/203 182/204
f 161/202 160/197 184/205 183/203
f 164/183 163/206 205/207 204/190
f 163/206 170/201 206/208 205/207
f 168/200 167/209 175/210 174/211
f 167/209 166/184 176/168 175/210
f 174/211 173/212 185/213 184/205
f 173/212 172/85 186/125 185/213
f 182/204 181/214 199/215 198/216
f 181/214 180/126 200/111 199/215
f 190/194 189/217 207/218 206/208
f 189/217 188/162 208/130 207/218
f 194/161 193/219 197/220 196/114
f 193/219 192/196 198/216 197/220
s 21
f 210/221 209/222 345/223 350/224
f 209/225 216/226 346/227 345/228
f 212/229 211/230 307/231 306/232
f 211/230 210/221 308/233 307/231
f 214/234 213/235 231/236 230/237
f 213/238 212/229 232/239 231/240
f 216/226 215/241 219/242 218/243
f 215/241 214/234 220/244 219/242
f 218/243 217/245 337/246 344/247
f 217/245 224/248 338/249 337/246
f 222/250 221/251 235/252 234/253
f 221/251 220/244 236/254 235/252
f 224/248 223/255 257/256 256/257
f 223/255 222/250 258/258 257/256
f 226/259 225/260 317/261 322/262
f 225/260 232/239 318/263 317/261
f 228/264 227/265 245/266 244/267
f 227/268 226/259 246/269 245/270
f 230/237 229/271 237/272 236/254
f 229/271 228/264 238/273 237/272
f 234/253 233/274 251/275 250/276
f 233/274 238/273 252/277 251/275
f 240/278 239/279 311/280 310/281
f 239/279 246/269 312/282 311/280
f 242/283 241/284 269/285 268/286
f 241/287 240/278 270/288 269/289
f 244/267 243/290 253/291 252/277
f 243/290 242/283 254/292 253/291
f 248/293 247/294 273/295 272/296
f 247/294 254/292 274/297 273/295
f 250/276 249/298 259/299 258/258
f 249/298 248/293 260/300 259/299
f 256/257 255/301 379/302 386/303
f 255/301 262/304 380/305 379/302
f 262/304 261/306 287/307 286/308
f 261/306 260/300 288/309 287/307
f 264/310 263/311 331/312 336/313
f 263/311 270/288 332/314 331/312
f 266/315 265/316 281/317 280/318
f 265/319 264/310 282/320 281/321
f 268/286 267/322 275/323 274/297
f 267/322 266/315 276/324 275/323
f 272/296 271/325 289/326 288/309
f 271/325 276/324 290/327 289/326
f 278/328 277/329 403/330 408/331
f 277/332 284/333 404/334 403/335
f 280/318 279/336 291/337 290/327
f 279/336 278/328 292/338 291/337
f 284/333 283/339 325/340 324/341
f 283/339 282/320 326/342 325/340
f 286/308 285/343 387/344 394/345
f 285/343 292/338 388/346 387/344
f 294/347 293/348 409/349 416/350
f 293/348 300/351 410/352 409/349
f 296/353 295/354 329/355 328/356
f 295/354 294/347 330/357 329/355
f 298/358 297/359 315/360 314/361
f 297/359 296/353 316/362 315/360
f 300/351 299/363 303/364 302/365
f 299/363 298/358 304/366 303/364
f 302/365 301/367 357/368 364/369
f 301/367 308/233 358/370 357/368
f 306/232 305/371 319/372 318/263
f 305/371 304/366 320/373 319/372
f 310/281 309/374 333/375 332/314
f 309/374 316/362 334/376 333/375
f 314/361 313/377 321/378 320/373
f 313/377 312/282 322/262 321/378
f 324/341 323/379 395/380 402/381
f 323/379 330/357 396/382 395/380
f 328/356 327/383 335/384 334/376
f 327/383 326/342 336/313 335/384
f 340/385 339/386 385/387 384/388
f 339/386 338/249 386/303 385/387
f 342/389 341/390 355/391 354/392
f 341/390 340/385 356/393 355/391
f 344/247 343/394 347/395 346/227
f 343/394 342/389 348/396 347/395
f 350/224 349/397 359/398 358/370
f 349/397 348/396 360/399 359/398
f 352/400 351/401 373/402 372/403
f 351/401 356/393 374/404 373/402
f 354/392 353/405 361/406 360/399
f 353/405 352/400 362/407 361/406
f 364/369 363/408 411/409 410/352
f 363/408 362/407 412/410 411/409
f 366/411 365/412 399/413 398/414
f 365/412 370/415 400/416 399/413
f 368/417 367/418 377/419 376/420
f 367/418 366/411 378/421 377/419
f 370/415 369/422 391/423 390/424
f 369/422 368/417 392/425 391/423
f 372/403 371/426 413/427 412/410
f 371/426 378/421 414/428 413/427
f 376/420 375/429 383/430 382/431
f 375/429 374/404 384/388 383/430
f 382/431 381/432 393/433 392/425
f 381/432 380/305 394/345 393/433
f 390/424 389/434 407/435 406/436
f 389/434 388/346 408/331 407/435
f 398/414 397/437 415/438 414/428
f 397/437 396/382 416/350 415/438
f 402/381 401/439 405/440 404/334
f 401/439 400/416 406/436 405/440
s 41
f 418/441 417/442 553/443 558/444
f 417/445 424/446 554/447 553/448
f 420/449 419/450 515/451 514/452
f 419/450 418/441 516/453 515/451
f 422/454 421/455 439/456 438/457
f 421/458 420/449 440/459 439/460
f 424/446 423/461 427/462 426/463
f 423/461 422/454 428/464 427/462
f 426/463 425/465 545/466 552/467
f 425/465 432/468 546/469 545/466
f 430/470 429/471 443/472 442/473
f 429/471 428/464 444/474 443/472
f 432/468 431/475 465/476 464/477
f 431/475 430/470 466/478 465/476
f 434/479 433/480 525/481 530/482
f 433/480 440/459 526/483 525/481
f 436/484 435/485 453/486 452/487
f 435/488 434/479 454/489 453/490
f 438/457 437/491 445/492 444/474
f 437/491 436/484 446/493 445/492
f 442/473 441/494 459/495 458/496
f 441/494 446/493 460/497 459/495
f 448/498 447/499 519/500 518/501
f 447/499 454/489 520/502 519/500
f 450/503 449/504 477/505 476/506
f 449/507 448/498 478/508 477/509
f 452/487 451/510 461/511 460/497
f 451/510 450/503 462/512 461/511
f 456/513 455/514 481/515 480/516
f 455/514 462/512 482/517 481/515
f 458/496 457/518 467/519 466/478
f 457/518 456/513 468/520 467/519
f 464/477 463/521 587/522 594/523
f 463/521 470/524 588/525 587/522
f 470/524 469/526 495/527 494/528
f 469/526 468/520 496/529 495/527
f 472/530 471/531 539/532 544/533
f 471/531 478/508 540/534 539/532
f 474/535 473/536 489/537 488/538
f 473/539 472/530 490/540 489/541
f 476/506 475/542 483/543 482/517
f 475/542 474/535 484/544 483/543
f 480/516 479/545 497/546 496/529
f 479/545 484/544 498/547 497/546
f 486/548 485/549 611/550 616/551
f 485/552 492/553 612/554 611/555
f 488/538 487/556 499/557 498/547
f 487/556 486/548 500/558 499/557
f 492/553 491/559 533/560 532/561
f 491/559 490/540 534/562 533/560
f 494/528 493/563 595/564 602/565
f 493/563 500/558 596/566 595/564
f 502/567 501/568 617/569 624/570
f 501/568 508/571 618/572 617/569
f 504/573 503/574 537/575 536/576
f 503/574 502/567 538/577 537/575
f 506/578 505/579 523/580 522/581
f 505/579 504/573 524/582 523/580
f 508/571 507/583 511/584 510/585
f 507/583 506/578 512/586 511/584
f 510/585 509/587 565/588 572/589
f 509/587 516/453 566/590 565/588
f 514/452 513/591 527/592 526/483
f 513/591 512/586 528/593 527/592
f 518/501 517/594 541/595 540/534
f 517/594 524/582 542/596 541/595
f 522/581 521/597 529/598 528/593
f 521/597 520/502 530/482 529/598
f 532/561 531/599 603/600 610/601
f 531/599 538/577 604/602 603/600
f 536/576 535/603 543/604 542/596
f 535/603 534/562 544/533 543/604
f 548/605 547/606 593/607 592/608
f 547/606 546/469 594/523 593/607
f 550/609 549/610 563/611 562/612
f 549/610 548/605 564/613 563/611
f 552/467 551/614 555/615 554/447
f 551/614 550/609 556/616 555/615
f 558/444 557/617 567/618 566/590
f 557/617 556/616 568/619 567/618
f 560/620 559/621 581/622 580/623
f 559/621 564/613 582/624 581/622
f 562/612 561/625 569/626 568/619
f 561/625 560/620 570/627 569/626
f 572/589 571/628 619/629 618/572
f 571/628 570/627 620/630 619/629
f 574/631 573/632 607/633 606/634
f 573/632 578/635 608/636 607/633
f 576/637 575/638 585/639 584/640
f 575/638 574/631 586/641 585/639
f 578/635 577/642 599/643 598/644
f 577/642 576/637 600/645 599/643
f 580/623 579/646 621/647 620/630
f 579/646 586/641 622/648 621/647
f 584/640 583/649 591/650 590/651
f 583/649 582/624 592/608 591/650
f 590/651 589/652 601/653 600/645
f 589/652 588/525 602/565 601/653
f 598/644 597/654 615/655 614/656
f 597/654 596/566 616/551 615/655
f 606/634 605/657 623/658 622/648
f 605/657 604/602 624/570 623/658
f 610/601 609/659 613/660 612/554
f 609/659 608/636 614/656 613/660
s 61
f 626/661 625/662 761/663 766/664
f 625/665 632/666 762/667 761/668
f 628/669 627/670 723/671 722/672
f 627/670 626/661 724/673 723/671
f 630/674 629/675 647/676 646/677
f 629/678 628/669 648/679 647/680
f 632/666 631/681 635/682 634/683
f 631/681 630/674 636/684 635/682
f 634/683 633/685 753/686 760/687
f 633/685 640/688 754/689 753/686
f 638/690 637/691 651/692 650/693
f 637/691 636/684 652/694 651/692
f 640/688 639/695 673/696 672/697
f 639/695 638/690 674/698 673/696
f 642/699 641/700 733/701 738/702
f 641/700 648/679 734/703 733/701
f 644/704 643/705 661/706 660/707
f 643/708 642/699 662/709 661/710
f 646/677 645/711 653/712 652/694
f 645/711 644/704 654/713 653/712
f 650/693 649/714 667/715 666/716
f 649/714 654/713 668/717 667/715
f 656/718 655/719 727/720 726/721
f 655/719 662/709 728/722 727/720
f 658/723 657/724 685/725 684/726
f 657/727 656/718 686/728 685/729
f 660/707 659/730 669/731 668/717
f 659/730 658/723 670/732 669/731
f 664/733 663/734 689/735 688/736
f 663/734 670/732 690/737 689/735
f 666/716 665/738 675/739 674/698
f 665/738 664/733 676/740 675/739
f 672/697 671/741 795/742 802/743
f 671/741 678/744 796/745 795/742
f 678/744 677/746 703/747 702/748
f 677/746 676/740 704/749 703/747
f 680/750 679/751 747/752 752/753
f 679/751 686/728 748/754 747/752
f 682/755 681/756 697/757 696/758
f 681/759 680/750 698/760 697/761
f 684/726 683/762 691/763 690/737
f 683/762 682/755 692/764 691/763
f 688/736 687/765 705/766 704/749
f 687/765 692/764 706/767 705/766
f 694/768 693/769 819/770 824/771
f 693/772 700/773 820/774 819/775
f 696/758 695/776 707/777 706/767
f 695/776 694/768 708/778 707/777
f 700/773 699/779 741/780 740/781
f 699/779 698/760 742/782 741/780
f 702/748 701/783 803/784 810/785
f 701/783 708/778 804/786 803/784
f 710/787 709/788 825/789 832/790
f 709/788 716/791 826/792 825/789
f 712/793 711/794 745/795 744/796
f 711/794 710/787 746/797 745/795
f 714/798 713/799 731/800 730/801
f 713/799 712/793 732/802 731/800
f 716/791 715/803 719/804 718/805
f 715/803 714/798 720/806 719/804
f 718/805 717/807 773/808 780/809
f 717/807 724/673 774/810 773/808
f 722/672 721/811 735/812 734/703
f 721/811 720/806 736/813 735/812
f 726/721 725/814 749/815 748/754
f 725/814 732/802 750/816 749/815
f 730/801 729/817 737/818 736/813
f 729/817 728/722 738/702 737/818
f 740/781 739/819 811/820 818/821
f 739/819 746/797 812/822 811/820
f 744/796 743/823 751/824 750/816
f 743/823 742/782 752/753 751/824
f 756/825 755/826 801/827 800/828
f 755/826 754/689 802/743 801/827
f 758/829 757/830 771/831 770/832
f 757/830 756/825 772/833 771/831
f 760/687 759/834 763/835 762/667
f 759/834 758/829 764/836 763/835
f 766/664 765/837 775/838 774/810
f 765/837 764/836 776/839 775/838
f 768/840 767/841 789/842 788/843
f 767/841 772/833 790/844 789/842
f 770/832 769/845 777/846 776/839
f 769/845 768/840 778/847 777/846
f 780/809 779/848 827/849 826/792
f 779/848 778/847 828/850 827/849
f 782/851 781/852 815/853 814/854
f 781/852 786/855 816/856 815/853
f 784/857 783/858 793/859 792/860
f 783/858 782/851 794/861 793/859
f 786/855 785/862 807/863 806/864
f 785/862 784/857 808/865 807/863
f 788/843 787/866 829/867 828/850
f 787/866 794/861 830/868 829/867
f 792/860 791/869 799/870 798/871
f 791/869 790/844 800/828 799/870
f 798/871 797/872 809/873 808/865
f 797/872 796/745 810/785 809/873
f 806/864 805/874 823/875 822/876
f 805/874 804/786 824/771 823/875
f 814/854 813/877 831/878 830/868
f 813/877 812/822 832/790 831/878
f 818/821 817/879 821/880 820/774
f 817/879 816/856 822/876 821/880
s 81
f 834/881 833/882 969/883 974/884
f 833/885 840/886 970/887 969/888
f 836/889 835/890 931/891 930/892
f 835/890 834/881 932/893 931/891
f 838/894 837/895 855/896 854/897
f 837/898 836/889 856/899 855/900
f 840/886 839/901 843/902 842/903
f 839/901 838/894 844/904 843/902
f 842/903 841/905 961/906 968/907
f 841/905 848/908 962/909 961/906
f 846/910 845/911 859/912 858/913
f 845/911 844/904 860/914 859/912
f 848/908 847/915 881/916 880/917
f 847/915 846/910 882/918 881/916
f 850/919 849/920 941/921 946/922
f 849/920 856/899 942/923 941/921
f 852/924 851/925 869/926 868/927
f 851/928 850/919 870/929 869/930
f 854/897 853/931 861/932 860/914
f 853/931 852/924 862/933 861/932
f 858/913 857/934 875/935 874/936
f 857/934 862/933 876/937 875/935
f 864/938 863/939 935/940 934/941
f 863/939 870/929 936/942 935/940
f 866/943 865/944 893/945 892/946
f 865/947 864/938 894/948 893/949
f 868/927 867/950 877/951 876/937
f 867/950 866/943 878/952 877/951
f 872/953 871/954 897/955 896/956
f 871/954 878/952 898/957 897/955
f 874/936 873/958 883/959 882/918
f 873/958 872/953 884/960 883/959
f 880/917 879/961 1003/962 1010/963
f 879/961 886/964 1004/965 1003/962
f 886/964 885/966 911/967 910/968
f 885/966 884/960 912/969 911/967
f 888/970 887/971 955/972 960/973
f 887/971 894/948 956/974 955/972
f 890/975 889/976 905/977 904/978
f 889/979 888/970 906/980 905/981
f 892/946 891/982 899/983 898/957
f 891/982 890/975 900/984 899/983
f 896/956 895/985 913/986 912/969
f 895/985 900/984 914/987 913/986
f 902/988 901/989 1027/990 1032/991
f 901/992 908/993 1028/994 1027/995
f 904/978 903/996 915/997 914/987
f 903/996 902/988 916/998 915/997
f 908/993 907/999 949/1000 948/1001
f 907/999 906/980 950/1002 949/1000
f 910/968 909/1003 1011/1004 1018/1005
f 909/1003 916/998 1012/1006 1011/1004
f 918/1007 917/1008 1033/1009 1040/1010
f 917/1008 924/1011 1034/1012 1033/1009
f 920/1013 919/1014 953/1015 952/1016
f 919/1014 918/1007 954/1017 953/1015
f 922/1018 921/1019 939/1020 938/1021
f 921/1019 920/1013 940/1022 939/1020
f 924/1011 923/1023 927/1024 926/1025
f 923/1023 922/1018 928/1026 927/1024
f 926/1025 925/1027 981/1028 988/1029
f 925/1027 932/893 982/1030 981/1028
f 930/892 929/1031 943/1032 942/923
f 929/1031 928/1026 944/1033 943/1032
f 934/941 933/1034 957/1035 956/974
f 933/1034 940/1022 958/1036 957/1035
f 938/1021 937/1037 945/1038 944/1033
f 937/1037 936/942 946/922 945/1038
f 948/1001 947/1039 1019/1040 1026/1041
f 947/1039 954/1017 1020/1042 1019/1040
f 952/1016 951/1043 959/1044 958/1036
f 951/1043 950/1002 960/973 959/1044
f 964/1045 963/1046 1009/1047 1008/1048
f 963/1046 962/909 1010/963 1009/1047
f 966/1049 965/1050 979/1051 978/1052
f 965/1050 964/1045 980/1053 979/1051
f 968/907 967/1054 971/1055 970/887
f 967/1054 966/1049 972/1056 971/1055
f 974/884 973/1057 983/1058 982/1030
f 973/1057 972/1056 984/1059 983/1058
f 976/1060 975/1061 997/1062 996/1063
f 975/1061 980/1053 998/1064 997/1062
f 978/1052 977/1065 985/1066 984/1059
f 977/1065 976/1060 986/1067 985/1066
f 988/1029 987/1068 1035/1069 1034/1012
f 987/1068 986/1067 1036/1070 1035/1069
f 990/1071 989/1072 1023/1073 1022/1074
f 989/1072 994/1075 1024/1076 1023/1073
f 992/1077 991/1078 1001/1079 1000/1080
f 991/1078 990/1071 1002/1081 1001/1079
f 994/1075 993/1082 1015/1083 1014/1084
f 993/1082 992/1077 1016/1085 1015/1083
f 996/1063 995/1086 1037/1087 1036/1070
f 995/1086 1002/1081 1038/1088 1037/1087
f 1000/1080 999/1089 1007/1090 1006/1091
f 999/1089 998/1064 1008/1048 1007/1090
f 1006/1091 1005/1092 1017/1093 1016/1085
f 1005/1092 1004/965 1018/1005 1017/1093
f 1014/1084 1013/1094 1031/1095 1030/1096
f 1013/1094 1012/1006 1032/991 1031/1095
f 1022/1074 1021/1097 1039/1098 1038/1088
f 1021/1097 1020/1042 1040/1010 1039/1098
f 1026/1041 1025/1099 1029/1100 1028/994
f 1025/1099 1024/1076 1030/1096 1029/1100
s 101
f 1042/1101 1041/1102 1177/1103 1182/1104
f 1041/1105 1048/1106 1178/1107 1177/1108
f 1044/1109 1043/1110 1139/1111 1138/1112
f 1043/1110 1042/1101 1140/1113 1139/1111
f 1046/1114 1045/1115 1063/1116 1062/1117
f 1045/1118 1044/1109 1064/1119 1063/1120
f 1048/1106 1047/1121 1051/1122 1050/1123
f 1047/1121 1046/1114 1052/1124 1051/1122
f 1050/1123 1049/1125 1169/1126 1176/1127
f 1049/1125 1056/1128 1170/1129 1169/1126
f 1054/1130 1053/1131 1067/1132 1066/1133
f 1053/1131 1052/1124 1068/1134 1067/1132
f 1056/1128 1055/1135 1089/1136 1088/1137
f 1055/1135 1054/1130 1090/1138 1089/1136
f 1058/1139 1057/1140 1149/1141 1154/1142
f 1057/1140 1064/1119 1150/1143 1149/1141
f 1060/1144 1059/1145 1077/1146 1076/1147
f 1059/1148 1058/1139 1078/1149 1077/1150
f 1062/1117 1061/1151 1069/1152 1068/1134
f 1061/1151 1060/1144 1070/1153 1069/1152
f 1066/1133 1065/1154 1083/1155 1082/1156
f 1065/1154 1070/1153 1084/1157 1083/1155
f 1072/1158 1071/1159 1143/1160 1142/1161
f 1071/1159 1078/1149 1144/1162 1143/1160
f 1074/1163 1073/1164 1101/1165 1100/1166
f 1073/1167 1072/1158 1102/1168 1101/1169
f 1076/1147 1075/1170 1085/1171 1084/1157
f 1075/1170 1074/1163 1086/1172 1085/1171
f 1080/1173 1079/1174 1105/1175 1104/1176
f 1079/1174 1086/1172 1106/1177 1105/1175
f 1082/1156 1081/1178 1091/1179 1090/1138
f 1081/1178 1080/1173 1092/1180 1091/1179
f 1088/1137 1087/1181 1211/1182 1218/1183
f 1087/1181 1094/1184 1212/1185 1211/1182
f 1094/1184 1093/1186 1119/1187 1118/1188
f 1093/1186 1092/1180 1120/1189 1119/1187
f 1096/1190 1095/1191 1163/1192 1168/1193
f 1095/1191 1102/1168 1164/1194 1163/1192
f 1098/1195 1097/1196 1113/1197 1112/1198
f 1097/1199 1096/1190 1114/1200 1113/1201
f 1100/1166 1099/1202 1107/1203 1106/1177
f 1099/1202 1098/1195 1108/1204 1107/1203
f 1104/1176 1103/1205 1121/1206 1120/1189
f 1103/1205 1108/1204 1122/1207 1121/1206
f 1110/1208 1109/1209 1235/1210 1240/1211
f 1109/1212 1116/1213 1236/1214 1235/1215
f 1112/1198 1111/1216 1123/1217 1122/1207
f 1111/1216 1110/1208 1124/1218 1123/1217
f 1116/1213 1115/1219 1157/1220 1156/1221
f 1115/1219 1114/1200 1158/1222 1157/1220
f 1118/1188 1117/1223 1219/1224 1226/1225
f 1117/1223 1124/1218 1220/1226 1219/1224
f 1126/1227 1125/1228 1241/1229 1248/1230
f 1125/1228 1132/1231 1242/1232 1241/1229
f 1128/1233 1127/1234 1161/1235 1160/1236
f 1127/1234 1126/1227 1162/1237 1161/1235
f 1130/1238 1129/1239 1147/1240 1146/1241
f 1129/1239 1128/1233 1148/1242 1147/1240
f 1132/1231 1131/1243 1135/1244 1134/1245
f 1131/1243 1130/1238 1136/1246 1135/1244
f 1134/1245 1133/1247 1189/1248 1196/1249
f 1133/1247 1140/1113 1190/1250 1189/1248
f 1138/1112 1137/1251 1151/1252 1150/1143
f 1137/1251 1136/1246 1152/1253 1151/1252
f 1142/1161 1141/1254 1165/1255 1164/1194
f 1141/1254 1148/1242 1166/1256 1165/1255
f 1146/1241 1145/1257 1153/1258 1152/1253
f 1145/1257 1144/1162 1154/1142 1153/1258
f 1156/1221 1155/1259 1227/1260 1234/1261
f 1155/1259 1162/1237 1228/1262 1227/1260
f 1160/1236 1159/1263 1167/1264 1166/1256
f 1159/1263 1158/1222 1168/1193 1167/1264
f 1172/1265 1171/1266 1217/1267 1216/1268
f 1171/1266 1170/1129 1218/1183 1217/1267
f 1174/1269 1173/1270 1187/1271 1186/1272
f 1173/1270 1172/1265 1188/1273 1187/1271
f 1176/1127 1175/1274 1179/1275 1178/1107
f 1175/1274 1174/1269 1180/1276 1179/1275
f 1182/1104 1181/1277 1191/1278 1190/1250
f 1181/1277 1180/1276 1192/1279 1191/1278
f 1184/1280 1183/1281 1205/1282 1204/1283
f 1183/1281 1188/1273 1206/1284 1205/1282
f 1186/1272 1185/1285 1193/1286 1192/1279
f 1185/1285 1184/1280 1194/1287 1193/1286
f 1196/1249 1195/1288 1243/1289 1242/1232
f 1195/1288 1194/1287 1244/1290 1243/1289
f 1198/1291 1197/1292 1231/1293 1230/1294
f 1197/1292 1202/1295 1232/1296 1231/1293
f 1200/1297 1199/1298 1209/1299 1208/1300
f 1199/1298 1198/1291 1210/1301 1209/1299
f 1202/1295 1201/1302 1223/1303 1222/1304
f 1201/1302 1200/1297 1224/1305 1223/1303
f 1204/1283 1203/1306 1245/1307 1244/1290
f 1203/1306 1210/1301 1246/1308 1245/1307
f 1208/1300 1207/1309 1215/1310 1214/1311
f 1207/1309 1206/1284 1216/1268 1215/1310
f 1214/1311 1213/1312 1225/1313 1224/1305
f 1213/1312 1212/1185 1226/1225 1225/1313
f 1222/1304 1221/1314 1239/1315 1238/1316
f 1221/1314 1220/1226 1240/1211 1239/1315
f 1230/1294 1229/1317 1247/1318 1246/1308
f 1229/1317 1228/1262 1248/1230 1247/1318
f 1234/1261 1233/1319 1237/1320 1236/1214
f 1233/1319 1232/1296 1238/1316 1237/1320
s 121
f 1250/1321 1249/1322 1385/1323 1390/1324
f 1249/1325 1256/1326 1386/1327 1385/1328
f 1252/1329 1251/1330 1347/1331 1346/1332
f 1251/1330 1250/1321 1348/1333 1347/1331
f 1254/1334 1253/1335 1271/1336 1270/1337
f 1253/1338 1252/1329 1272/1339 1271/1340
f 1256/1326 1255/1341 1259/1342 1258/1343
f 1255/1341 1254/1334 1260/1344 1259/1342
f 1258/1343 1257/1345 1377/1346 1384/1347
f 1257/1345 1264/1348 1378/1349 1377/1346
f 1262/1350 1261/1351 1275/1352 1274/1353
f 1261/1351 1260/1344 1276/1354 1275/1352
f 1264/1348 1263/1355 1297/1356 1296/1357
f 1263/1355 1262/1350 1298/1358 1297/1356
f 1266/1359 1265/1360 1357/1361 1362/1362
f 1265/1360 1272/1339 1358/1363 1357/1361
f 1268/1364 1267/1365 1285/1366 1284/1367
f 1267/1368 1266/1359 1286/1369 1285/1370
f 1270/1337 1269/1371 1277/1372 1276/1354
f 1269/1371 1268/1364 1278/1373 1277/1372
f 1274/1353 1273/1374 1291/1375 1290/1376
f 1273/1374 1278/1373 1292/1377 1291/1375
f 1280/1378 1279/1379 1351/1380 1350/1381
f 1279/1379 1286/1369 1352/1382 1351/1380
f 1282/1383 1281/1384 1309/1385 1308/1386
f 1281/1387 1280/1378 1310/1388 1309/1389
f 1284/1367 1283/1390 1293/1391 1292/1377
f 1283/1390 1282/1383 1294/1392 1293/1391
f 1288/1393 1287/1394 1313/1395 1312/1396
f 1287/1394 1294/1392 1314/1397 1313/1395
f 1290/1376 1289/1398 1299/1399 1298/1358
f 1289/1398 1288/1393 1300/1400 1299/1399
f 1296/1357 1295/1401 1419/1402 1426/1403
f 1295/1401 1302/1404 1420/1405 1419/1402
f 1302/1404 1301/1406 1327/1407 1326/1408
f 1301/1406 1300/1400 1328/1409 1327/1407
f 1304/1410 1303/1411 1371/1412 1376/1413
f 1303/1411 1310/1388 1372/1414 1371/1412
f 1306/1415 1305/1416 1321/1417 1320/1418
f 1305/1419 1304/1410 1322/1420 1321/1421
f 1308/1386 1307/1422 1315/1423 1314/1397
f 1307/1422 1306/1415 1316/1424 1315/1423
f 1312/1396 1311/1425 1329/1426 1328/1409
f 1311/1425 1316/1424 1330/1427 1329/1426
f 1318/1428 1317/1429 1443/1430 1448/1431
f 1317/1432 1324/1433 1444/1434 1443/1435
f 1320/1418 1319/1436 1331/1437 1330/1427
f 1319/1436 1318/1428 1332/1438 1331/1437
f 1324/1433 1323/1439 1365/1440 1364/1441
f 1323/1439 1322/1420 1366/1442 1365/1440
f 1326/1408 1325/1443 1427/1444 1434/1445
f 1325/1443 1332/1438 1428/1446 1427/1444
f 1334/1447 1333/1448 1449/1449 1456/1450
f 1333/1448 1340/1451 1450/1452 1449/1449
f 1336/1453 1335/1454 1369/1455 1368/1456
f 1335/1454 1334/1447 1370/1457 1369/1455
f 1338/1458 1337/1459 1355/1460 1354/1461
f 1337/1459 1336/1453 1356/1462 1355/1460
f 1340/1451 1339/1463 1343/1464 1342/1465
f 1339/1463 1338/1458 1344/1466 1343/1464
f 1342/1465 1341/1467 1397/1468 1404/1469
f 1341/1467 1348/1333 1398/1470 1397/1468
f 1346/1332 1345/1471 1359/1472 1358/1363
f 1345/1471 1344/1466 1360/1473 1359/1472
f 1350/1381 1349/1474 1373/1475 1372/1414
f 1349/1474 1356/1462 1374/1476 1373/1475
f 1354/1461 1353/1477 1361/1478 1360/1473
f 1353/1477 1352/1382 1362/1362 1361/1478
f 1364/1441 1363/1479 1435/1480 1442/1481
f 1363/1479 1370/1457 1436/1482 1435/1480
f 1368/1456 1367/1483 1375/1484 1374/1476
f 1367/1483 1366/1442 1376/1413 1375/1484
f 1380/1485 1379/1486 1425/1487 1424/1488
f 1379/1486 1378/1349 1426/1403 1425/1487
f 1382/1489 1381/1490 1395/1491 1394/1492
f 1381/1490 1380/1485 1396/1493 1395/1491
f 1384/1347 1383/1494 1387/1495 1386/1327
f 1383/1494 1382/1489 1388/1496 1387/1495
f 1390/1324 1389/1497 1399/1498 1398/1470
f 1389/1497 1388/1496 1400/1499 1399/1498
f 1392/1500 1391/1501 1413/1502 1412/1503
f 1391/1501 1396/1493 1414/1504 1413/1502
f 1394/1492 1393/1505 1401/1506 1400/1499
f 1393/1505 1392/1500 1402/1507 1401/1506
f 1404/1469 1403/1508 1451/1509 1450/1452
f 1403/1508 1402/1507 1452/1510 1451/1509
f 1406/1511 1405/1512 1439/1513 1438/1514
f 1405/1512 1410/1515 1440/1516 1439/1513
f 1408/1517 1407/1518 1417/1519 1416/1520
f 1407/1518 1406/1511 1418/1521 1417/1519
f 1410/1515 1409/1522 1431/1523 1430/1524
f 1409/1522 1408/1517 1432/1525 1431/1523
f 1412/1503 1411/1526 1453/1527 1452/1510
f 1411/1526 1418/1521 1454/1528 1453/1527
f 1416/1520 1415/1529 1423/1530 1422/1531
f 1415/1529 1414/1504 1424/1488 1423/1530
f 1422/1531 1421/1532 1433/1533 1432/1525
f 1421/1532 1420/1405 1434/1445 1433/1533
f 1430/1524 1429/1534 1447/1535 1446/1536
f 1429/1534 1428/1446 1448/1431 1447/1535
f 1438/1514 1437/1537 1455/1538 1454/1528
f 1437/1537 1436/1482 1456/1450 1455/1538
f 1442/1481 1441/1539 1445/1540 1444/1434
f 1441/1539 1440/1516 1446/1536 1445/1540
s 141
f 1458/1541 1457/1542 1593/1543 1598/1544
f 1457/1545 1464/1546 1594/1547 1593/1548
f 1460/1549 1459/1550 1555/1551 1554/1552
f 1459/1550 1458/1541 1556/1553 1555/1551
f 1462/1554 1461/1555 1479/1556 1478/1557
f 1461/1558 1460/1549 1480/1559 1479/1560
f 1464/1546 1463/1561 1467/1562 1466/1563
f 1463/1561 1462/1554 1468/1564 1467/1562
f 1466/1563 1465/1565 1585/1566 1592/1567
f 1465/1565 1472/1568 1586/1569 1585/1566
f 1470/1570 1469/1571 1483/1572 1482/1573
f 1469/1571 1468/1564 1484/1574 1483/1572
f 1472/1568 1471/1575 1505/1576 1504/1577
f 1471/1575 1470/1570 1506/1578 1505/1576
f 1474/1579 1473/1580 1565/1581 1570/1582
f 1473/1580 1480/1559 1566/1583 1565/1581
f 1476/1584 1475/1585 1493/1586 1492/1587
f 1475/1588 1474/1579 1494/1589 1493/1590
f 1478/1557 1477/1591 1485/1592 1484/1574
f 1477/1591 1476/1584 1486/1593 1485/1592
f 1482/1573 1481/1594 1499/1595 1498/1596
f 1481/1594 1486/1593 1500/1597 1499/1595
f 1488/1598 1487/1599 1559/1600 1558/1601
f 1487/1599 1494/1589 1560/1602 1559/1600
f 1490/1603 1489/1604 1517/1605 1516/1606
f 1489/1607 1488/1598 1518/1608 1517/1609
f 1492/1587 1491/1610 1501/1611 1500/1597
f 1491/1610 1490/1603 1502/1612 1501/1611
f 1496/1613 1495/1614 1521/1615 1520/1616
f 1495/1614 1502/1612 1522/1617 1521/1615
f 1498/1596 1497/1618 1507/1619 1506/1578
f 1497/1618 1496/1613 1508/1620 1507/1619
f 1504/1577 1503/1621 1627/1622 1634/1623
f 1503/1621 1510/1624 1628/1625 1627/1622
f 1510/1624 1509/1626 1535/1627 1534/1628
f 1509/1626 1508/1620 1536/1629 1535/1627
f 1512/1630 1511/1631 1579/1632 1584/1633
f 1511/1631 1518/1608 1580/1634 1579/1632
f 1514/1635 1513/1636 1529/1637 1528/1638
f 1513/1639 1512/1630 1530/1640 1529/1641
f 1516/1606 1515/1642 1523/1643 1522/1617
f 1515/1642 1514/1635 1524/1644 1523/1643
f 1520/1616 1519/1645 1537/1646 1536/1629
f 1519/1645 1524/1644 1538/1647 1537/1646
f 1526/1648 1525/1649 1651/1650 1656/1651
f 1525/1652 1532/1653 1652/1654 1651/1655
f 1528/1638 1527/1656 1539/1657 1538/1647
f 1527/1656 1526/1648 1540/1658 1539/1657
f 1532/1653 1531/1659 1573/1660 1572/1661
f 1531/1659 1530/1640 1574/1662 1573/1660
f 1534/1628 1533/1663 1635/1664 1642/1665
f 1533/1663 1540/1658 1636/1666 1635/1664
f 1542/1667 1541/1668 1657/1669 1664/1670
f 1541/1668 1548/1671 1658/1672 1657/1669
f 1544/1673 1543/1674 1577/1675 1576/1676
f 1543/1674 1542/1667 1578/1677 1577/1675
f 1546/1678 1545/1679 1563/1680 1562/1681
f 1545/1679 1544/1673 1564/1682 1563/1680
f 1548/1671 1547/1683 1551/1684 1550/1685
f 1547/1683 1546/1678 1552/1686 1551/1684
f 1550/1685 1549/1687 1605/1688 1612/1689
f 1549/1687 1556/1553 1606/1690 1605/1688
f 1554/1552 1553/1691 1567/1692 1566/1583
f 1553/1691 1552/1686 1568/1693 1567/1692
f 1558/1601 1557/1694 1581/1695 1580/1634
f 1557/1694 1564/1682 1582/1696 1581/1695
f 1562/1681 1561/1697 1569/1698 1568/1693
f 1561/1697 1560/1602 1570/1582 1569/1698
f 1572/1661 1571/1699 1643/1700 1650/1701
f 1571/1699 1578/1677 1644/1702 1643/1700
f 1576/1676 1575/1703 1583/1704 1582/1696
f 1575/1703 1574/1662 1584/1633 1583/1704
f 1588/1705 1587/1706 1633/1707 1632/1708
f 1587/1706 1586/1569 1634/1623 1633/1707
f 1590/1709 1589/1710 1603/1711 1602/1712
f 1589/1710 1588/1705 1604/1713 1603/1711
f 1592/1567 1591/1714 1595/1715 1594/1547
f 1591/1714 1590/1709 1596/1716 1595/1715
f 1598/1544 1597/1717 1607/1718 1606/1690
f 1597/1717 1596/1716 1608/1719 1607/1718
f 1600/1720 1599/1721 1621/1722 1620/1723
f 1599/1721 1604/1713 1622/1724 1621/1722
f 1602/1712 1601/1725 1609/1726 1608/1719
f 1601/1725 1600/1720 1610/1727 1609/1726
f 1612/1689 1611/1728 1659/1729 1658/1672
f 1611/1728 1610/1727 1660/1730 1659/1729
f 1614/1731 1613/1732 1647/1733 1646/1734
f 1613/1732 1618/1735 1648/1736 1647/1733
f 1616/1737 1615/1738 1625/1739 1624/1740
f 1615/1738 1614/1731 1626/1741 1625/1739
f 1618/1735 1617/1742 1639/1743 1638/1744
f 1617/1742 1616/1737 1640/1745 1639/1743
f 1620/1723 1619/1746 1661/1747 1660/1730
f 1619/1746 1626/1741 1662/1748 1661/1747
f 1624/1740 1623/1749 1631/1750 1630/1751
f 1623/1749 1622/1724 1632/1708 1631/1750
f 1630/1751 1629/1752 1641/1753 1640/1745
f 1629/1752 1628/1625 1642/1665 1641/1753
f 1638/1744 1637/1754 1655/1755 1654/1756
f 1637/1754 1636/1666 1656/1651 1655/1755
f 1646/1734 1645/1757 1663/1758 1662/1748
f 1645/1757 1644/1702 1664/1670 1663/1758
f 1650/1701 1649/1759 1653/1760 1652/1654
f 1649/1759 1648/1736 1654/1756 1653/1760
s 161
f 1666/1761 1665/1762 1801/1763 1806/1764
f 1665/1765 1672/1766 1802/1767 1801/1768
f 1668/1769 1667/1770 1763/1771 1762/1772
f 1667/1770 1666/1761 1764/1773 1763/1771
f 1670/1774 1669/1775 1687/1776 1686/1777
f 1669/1778 1668/1769 1688/1779 1687/1780
f 1672/1766 1671/1781 1675/1782 1674/1783
f 1671/1781 1670/1774 1676/1784 1675/1782
f 1674/1783 1673/1785 1793/1786 1800/1787
f 1673/1785 1680/1788 1794/1789 1793/1786
f 1678/1790 1677/1791 1691/1792 1690/1793
f 1677/1791 1676/1784 1692/1794 1691/1792
f 1680/1788 1679/1795 1713/1796 1712/1797
f 1679/1795 1678/1790 1714/1798 1713/1796
f 1682/1799 1681/1800 1773/1801 1778/1802
f 1681/1800 1688/1779 1774/1803 1773/1801
f 1684/1804 1683/1805 1701/1806 1700/1807
f 1683/1808 1682/1799 1702/1809 1701/1810
f 1686/1777 1685/1811 1693/1812 1692/1794
f 1685/1811 1684/1804 1694/1813 1693/1812
f 1690/1793 1689/1814 1707/1815 1706/1816
f 1689/1814 1694/1813 1708/1817 1707/1815
f 1696/1818 1695/1819 1767/1820 1766/1821
f 1695/1819 1702/1809 1768/1822 1767/1820
f 1698/1823 1697/1824 1725/1825 1724/1826
f 1697/1827 1696/1818 1726/1828 1725/1829
f 1700/1807 1699/1830 1709/1831 1708/1817
f 1699/1830 1698/1823 1710/1832 1709/1831
f 1704/1833 1703/1834 1729/1835 1728/1836
f 1703/1834 1710/1832 1730/1837 1729/1835
f 1706/1816 1705/1838 1715/1839 1714/1798
f 1705/1838 1704/1833 1716/1840 1715/1839
f 1712/1797 1711/1841 1835/1842 1842/1843
f 1711/1841 1718/1844 1836/1845 1835/1842
f 1718/1844 1717/1846 1743/1847 1742/1848
f 1717/1846 1716/1840 1744/1849 1743/1847
f 1720/1850 1719/1851 1787/1852 1792/1853
f 1719/1851 1726/1828 1788/1854 1787/1852
f 1722/1855 1721/1856 1737/1857 1736/1858
f 1721/1859 1720/1850 1738/1860 1737/1861
f 1724/1826 1723/1862 1731/1863 1730/1837
f 1723/1862 1722/1855 1732/1864 1731/1863
f 1728/1836 1727/1865 1745/1866 1744/1849
f 1727/1865 1732/1864 1746/1867 1745/1866
f 1734/1868 1733/1869 1859/1870 1864/1871
f 1733/1872 1740/1873 1860/1874 1859/1875
f 1736/1858 1735/1876 1747/1877 1746/1867
f 1735/1876 1734/1868 1748/1878 1747/1877
f 1740/1873 1739/1879 1781/1880 1780/1881
f 1739/1879 1738/1860 1782/1882 1781/1880
f 1742/1848 1741/1883 1843/1884 1850/1885
f 1741/1883 1748/1878 1844/1886 1843/1884
f 1750/1887 1749/1888 1865/1889 1872/1890
f 1749/1888 1756/1891 1866/1892 1865/1889
f 1752/1893 1751/1894 1785/1895 1784/1896
f 1751/1894 1750/1887 1786/1897 1785/1895
f 1754/1898 1753/1899 1771/1900 1770/1901
f 1753/1899 1752/1893 1772/1902 1771/1900
f 1756/1891 1755/1903 1759/1904 1758/1905
f 1755/1903 1754/1898 1760/1906 1759/1904
f 1758/1905 1757/1907 1813/1908 1820/1909
f 1757/1907 1764/1773 1814/1910 1813/1908
f 1762/1772 1761/1911 1775/1912 1774/1803
f 1761/1911 1760/1906 1776/1913 1775/1912
f 1766/1821 1765/1914 1789/1915 1788/1854
f 1765/1914 1772/1902 1790/1916 1789/1915
f 1770/1901 1769/1917 1777/1918 1776/1913
f 1769/1917 1768/1822 1778/1802 1777/1918
f 1780/1881 1779/1919 1851/1920 1858/1921
f 1779/1919 1786/1897 1852/1922 1851/1920
f 1784/1896 1783/1923 1791/1924 1790/1916
f 1783/1923 1782/1882 1792/1853 1791/1924
f 1796/1925 1795/1926 1841/1927 1840/1928
f 1795/1926 1794/1789 1842/1843 1841/1927
f 1798/1929 1797/1930 1811/1931 1810/1932
f 1797/1930 1796/1925 1812/1933 1811/1931
f 1800/1787 1799/1934 1803/1935 1802/1767
f 1799/1934 1798/1929 1804/1936 1803/1935
f 1806/1764 1805/1937 1815/1938 1814/1910
f 1805/1937 1804/1936 1816/1939 1815/1938
f 1808/1940 1807/1941 1829/1942 1828/1943
f 1807/1941 1812/1933 1830/1944 1829/1942
f 1810/1932 1809/1945 1817/1946 1816/1939
f 1809/1945 1808/1940 1818/1947 1817/1946
f 1820/1909 1819/1948 1867/1949 1866/1892
f 1819/1948 1818/1947 1868/1950 1867/1949
f 1822/1951 1821/1952 1855/1953 1854/1954
f 1821/1952 1826/1955 1856/1956 1855/1953
f 1824/1957 1823/1958 1833/1959 1832/1960
f 1823/1958 1822/1951 1834/1961 1833/1959
f 1826/1955 1825/1962 1847/1963 1846/1964
f 1825/1962 1824/1957 1848/1965 1847/1963
f 1828/1943 1827/1966 1869/1967 1868/1950
f 1827/1966 1834/1961 1870/1968 1869/1967
f 1832/1960 1831/1969 1839/1970 1838/1971
f 1831/1969 1830/1944 1840/1928 1839/1970
f 1838/1971 1837/1972 1849/1973 1848/1965
f 1837/1972 1836/1845 1850/1885 1849/1973
f 1846/1964 1845/1974 1863/1975 1862/1976
f 1845/1974 1844/1886 1864/1871 1863/1975
f 1854/1954 1853/1977 1871/1978 1870/1968
f 1853/1977 1852/1922 1872/1890 1871/1978
f 1858/1921 1857/1979 1861/1980 1860/1874
f 1857/1979 1856/1956 1862/1976 1861/1980
s 181
f 1874/1981 1873/1982 2009/1983 2014/1984
f 1873/1985 1880/1986 2010/1987 2009/1988
f 1876/1989 1875/1990 1971/1991 1970/1992
f 1875/1990 1874/1981 1972/1993 1971/1991
f 1878/1994 1877/1995 1895/1996 1894/1997
f 1877/1998 1876/1989 1896/1999 1895/2000
f 1880/1986 1879/2001 1883/2002 1882/2003
f 1879/2001 1878/1994 1884/2004 1883/2002
f 1882/2003 1881/2005 2001/2006 2008/2007
f 1881/2005 1888/2008 2002/2009 2001/2006
f 1886/2010 1885/2011 1899/2012 1898/2013
f 1885/2011 1884/2004 1900/2014 1899/2012
f 1888/2008 1887/2015 1921/2016 1920/2017
f 1887/2015 1886/2010 1922/2018 1921/2016
f 1890/2019 1889/2020 1981/2021 1986/2022
f 1889/2020 1896/1999 1982/2023 1981/2021
f 1892/2024 1891/2025 1909/2026 1908/2027
f 1891/2028 1890/2019 1910/2029 1909/2030
f 1894/1997 1893/2031 1901/2032 1900/2014
f 1893/2031 1892/2024 1902/2033 1901/2032
f 1898/2013 1897/2034 1915/2035 1914/2036
f 1897/2034 1902/2033 1916/2037 1915/2035
f 1904/2038 1903/2039 1975/2040 1974/2041
f 1903/2039 1910/2029 1976/2042 1975/2040
f 1906/2043 1905/2044 1933/2045 1932/2046
f 1905/2047 1904/2038 1934/2048 1933/2049
f 1908/2027 1907/2050 1917/2051 1916/2037
f 1907/2050 1906/2043 1918/2052 1917/2051
f 1912/2053 1911/2054 1937/2055 1936/2056
f 1911/2054 1918/2052 1938/2057 1937/2055
f 1914/2036 1913/2058 1923/2059 1922/2018
f 1913/2058 1912/2053 1924/2060 1923/2059
f 1920/2017 1919/2061 2043/2062 2050/2063
f 1919/2061 1926/2064 2044/2065 2043/2062
f 1926/2064 1925/2066 1951/2067 1950/2068
f 1925/2066 1924/2060 1952/2069 1951/2067
f 1928/2070 1927/2071 1995/2072 2000/2073
f 1927/2071 1934/2048 1996/2074 1995/2072
f 1930/2075 1929/2076 1945/2077 1944/2078
f 1929/2079 1928/2070 1946/2080 1945/2081
f 1932/2046 1931/2082 1939/2083 1938/2057
f 1931/2082 1930/2075 1940/2084 1939/2083
f 1936/2056 1935/2085 1953/2086 1952/2069
f 1935/2085 1940/2084 1954/2087 1953/2086
f 1942/2088 1941/2089 2067/2090 2072/2091
f 1941/2092 1948/2093 2068/2094 2067/2095
f 1944/2078 1943/2096 1955/2097 1954/2087
f 1943/2096 1942/2088 1956/2098 1955/2097
f 1948/2093 1947/2099 1989/2100 1988/2101
f 1947/2099 1946/2080 1990/2102 1989/2100
f 1950/2068 1949/2103 2051/2104 2058/2105
f 1949/2103 1956/2098 2052/2106 2051/2104
f 1958/2107 1957/2108 2073/2109 2080/2110
f 1957/2108 1964/2111 2074/2112 2073/2109
f 1960/2113 1959/2114 1993/2115 1992/2116
f 1959/2114 1958/2107 1994/2117 1993/2115
f 1962/2118 1961/2119 1979/2120 1978/2121
f 1961/2119 1960/2113 1980/2122 1979/2120
f 1964/2111 1963/2123 1967/2124 1966/2125
f 1963/2123 1962/2118 1968/2126 1967/2124
f 1966/2125 1965/2127 2021/2128 2028/2129
f 1965/2127 1972/1993 2022/2130 2021/2128
f 1970/1992 1969/2131 1983/2132 1982/2023
f 1969/2131 1968/2126 1984/2133 1983/2132
f 1974/2041 1973/2134 1997/2135 1996/2074
f 1973/2134 1980/2122 1998/2136 1997/2135
f 1978/2121 1977/2137 1985/2138 1984/2133
f 1977/2137 1976/2042 1986/2022 1985/2138
f 1988/2101 1987/2139 2059/2140 2066/2141
f 1987/2139 1994/2117 2060/2142 2059/2140
f 1992/2116 1991/2143 1999/2144 1998/2136
f 1991/2143 1990/2102 2000/2073 1999/2144
f 2004/2145 2003/2146 2049/2147 2048/2148
f 2003/2146 2002/2009 2050/2063 2049/2147
f 2006/2149 2005/2150 2019/2151 2018/2152
f 2005/2150 2004/2145 2020/2153 2019/2151
f 2008/2007 2007/2154 2011/2155 2010/1987
f 2007/2154 2006/2149 2012/2156 2011/2155
f 2014/1984 2013/2157 2023/2158 2022/2130
f 2013/2157 2012/2156 2024/2159 2023/2158
f 2016/2160 2015/2161 2037/2162 2036/2163
f 2015/2161 2020/2153 2038/2164 2037/2162
f 2018/2152 2017/2165 2025/2166 2024/2159
f 2017/2165 2016/2160 2026/2167 2025/2166
f 2028/2129 2027/2168 2075/2169 2074/2112
f 2027/2168 2026/2167 2076/2170 2075/2169
f 2030/2171 2029/2172 2063/2173 2062/2174
f 2029/2172 2034/2175 2064/2176 2063/2173
f 2032/2177 2031/2178 2041/2179 2040/2180
f 2031/2178 2030/2171 2042/2181 2041/2179
f 2034/2175 2033/2182 2055/2183 2054/2184
f 2033/2182 2032/2177 2056/2185 2055/2183
f 2036/2163 2035/2186 2077/2187 2076/2170
f 2035/2186 2042/2181 2078/2188 2077/2187
f 2040/2180 2039/2189 2047/2190 2046/2191
f 2039/2189 2038/2164 2048/2148 2047/2190
f 2046/2191 2045/2192 2057/2193 2056/2185
f 2045/2192 2044/2065 2058/2105 2057/2193
f 2054/2184 2053/2194 2071/2195 2070/2196
f 2053/2194 2052/2106 2072/2091 2071/2195
f 2062/2174 2061/2197 2079/2198 2078/2188
f 2061/2197 2060/2142 2080/2110 2079/2198
f 2066/2141 2065/2199 2069/2200 2068/2094
f 2065/2199 2064/2176 2070/2196 2069/2200
s 201
f 2082/2201 2081/2202 2217/2203 2222/2204
f 2081/2205 2088/2206 2218/2207 2217/2208
f 2084/2209 2083/2210 2179/2211 2178/2212
f 2083/2210 2082/2201 2180/2213 2179/2211
f 2086/2214 2085/2215 2103/2216 2102/2217
f 2085/2218 2084/2209 2104/2219 2103/2220
f 2088/2206 2087/2221 2091/2222 2090/2223
f 2087/2221 2086/2214 2092/2224 2091/2222
f 2090/2223 2089/2225 2209/2226 2216/2227
f 2089/2225 2096/2228 2210/2229 2209/2226
f 2094/2230 2093/2231 2107/2232 2106/2233
f 2093/2231 2092/2224 2108/2234 2107/2232
f 2096/2228 2095/2235 2129/2236 2128/2237
f 2095/2235 2094/2230 2130/2238 2129/2236
f 2098/2239 2097/2240 2189/2241 2194/2242
f 2097/2240 2104/2219 2190/2243 2189/2241
f 2100/2244 2099/2245 2117/2246 2116/2247
f 2099/2248 2098/2239 2118/2249 2117/2250
f 2102/2217 2101/2251 2109/2252 2108/2234
f 2101/2251 2100/2244 2110/2253 2109/2252
f 2106/2233 2105/2254 2123/2255 2122/2256
f 2105/2254 2110/2253 2124/2257 2123/2255
f 2112/2258 2111/2259 2183/2260 2182/2261
f 2111/2259 2118/2249 2184/2262 2183/2260
f 2114/2263 2113/2264 2141/2265 2140/2266
f 2113/2267 2112/2258 2142/2268 2141/2269
f 2116/2247 2115/2270 2125/2271 2124/2257
f 2115/2270 2114/2263 2126/2272 2125/2271
f 2120/2273 2119/2274 2145/2275 2144/2276
f 2119/2274 2126/2272 2146/2277 2145/2275
f 2122/2256 2121/2278 2131/2279 2130/2238
f 2121/2278 2120/2273 2132/2280 2131/2279
f 2128/2237 2127/2281 2251/2282 2258/2283
f 2127/2281 2134/2284 2252/2285 2251/2282
f 2134/2284 2133/2286 2159/2287 2158/2288
f 2133/2286 2132/2280 2160/2289 2159/2287
f 2136/2290 2135/2291 2203/2292 2208/2293
f 2135/2291 2142/2268 2204/2294 2203/2292
f 2138/2295 2137/2296 2153/2297 2152/2298
f 2137/2299 2136/2290 2154/2300 2153/2301
f 2140/2266 2139/2302 2147/2303 2146/2277
f 2139/2302 2138/2295 2148/2304 2147/2303
f 2144/2276 2143/2305 2161/2306 2160/2289
f 2143/2305 2148/2304 2162/2307 2161/2306
f 2150/2308 2149/2309 2275/2310 2280/2311
f 2149/2312 2156/2313 2276/2314 2275/2315
f 2152/2298 2151/2316 2163/2317 2162/2307
f 2151/2316 2150/2308 2164/2318 2163/2317
f 2156/2313 2155/2319 2197/2320 2196/2321
f 2155/2319 2154/2300 2198/2322 2197/2320
f 2158/2288 2157/2323 2259/2324 2266/2325
f 2157/2323 2164/2318 2260/2326 2259/2324
f 2166/2327 2165/2328 2281/2329 2288/2330
f 2165/2328 2172/2331 2282/2332 2281/2329
f 2168/2333 2167/2334 2201/2335 2200/2336
f 2167/2334 2166/2327 2202/2337 2201/2335
f 2170/2338 2169/2339 2187/2340 2186/2341
f 2169/2339 2168/2333 2188/2342 2187/2340
f 2172/2331 2171/2343 2175/2344 2174/2345
f 2171/2343 2170/2338 2176/2346 2175/2344
f 2174/2345 2173/2347 2229/2348 2236/2349
f 2173/2347 2180/2213 2230/2350 2229/2348
f 2178/2212 2177/2351 2191/2352 2190/2243
f 2177/2351 2176/2346 2192/2353 2191/2352
f 2182/2261 2181/2354 2205/2355 2204/2294
f 2181/2354 2188/2342 2206/2356 2205/2355
f 2186/2341 2185/2357 2193/2358 2192/2353
f 2185/2357 2184/2262 2194/2242 2193/2358
f 2196/2321 2195/2359 2267/2360 2274/2361
f 2195/2359 2202/2337 2268/2362 2267/2360
f 2200/2336 2199/2363 2207/2364 2206/2356
f 2199/2363 2198/2322 2208/2293 2207/2364
f 2212/2365 2211/2366 2257/2367 2256/2368
f 2211/2366 2210/2229 2258/2283 2257/2367
f 2214/2369 2213/2370 2227/2371 2226/2372
f 2213/2370 2212/2365 2228/2373 2227/2371
f 2216/2227 2215/2374 2219/2375 2218/2207
f 2215/2374 2214/2369 2220/2376 2219/2375
f 2222/2204 2221/2377 2231/2378 2230/2350
f 2221/2377 2220/2376 2232/2379 2231/2378
f 2224/2380 2223/2381 2245/2382 2244/2383
f 2223/2381 2228/2373 2246/2384 2245/2382
f 2226/2372 2225/2385 2233/2386 2232/2379
f 2225/2385 2224/2380 2234/2387 2233/2386
f 2236/2349 2235/2388 2283/2389 2282/2332
f 2235/2388 2234/2387 2284/2390 2283/2389
f 2238/2391 2237/2392 2271/2393 2270/2394
f 2237/2392 2242/2395 2272/2396 2271/2393
f 2240/2397 2239/2398 2249/2399 2248/2400
f 2239/2398 2238/2391 2250/2401 2249/2399
f 2242/2395 2241/2402 2263/2403 2262/2404
f 2241/2402 2240/2397 2264/2405 2263/2403
f 2244/2383 2243/2406 2285/2407 2284/2390
f 2243/2406 2250/2401 2286/2408 2285/2407
f 2248/2400 2247/2409 2255/2410 2254/2411
f 2247/2409 2246/2384 2256/2368 2255/2410
f 2254/2411 2253/2412 2265/2413 2264/2405
f 2253/2412 2252/2285 2266/2325 2265/2413
f 2262/2404 2261/2414 2279/2415 2278/2416
f 2261/2414 2260/2326 2280/2311 2279/2415
f 2270/2394 2269/2417 2287/2418 2286/2408
f 2269/2417 2268/2362 2288/2330 2287/2418
f 2274/2361 2273/2419 2277/2420 2276/2314
f 2273/2419 2272/2396 2278/2416 2277/2420
s 221
f 2290/2421 2289/2422 2425/2423 2430/2424
f 2289/2425 2296/2426 2426/2427 2425/2428
f 2292/2429 2291/2430 2387/2431 2386/2432
f 2291/2430 2290/2421 2388/2433 2387/2431
f 2294/2434 2293/2435 2311/2436 2310/2437
f 2293/2438 2292/2429 2312/2439 2311/2440
f 2296/2426 2295/2441 2299/2442 2298/2443
f 2295/2441 2294/2434 2300/2444 2299/2442
f 2298/2443 2297/2445 2417/2446 2424/2447
f 2297/2445 2304/2448 2418/2449 2417/2446
f 2302/2450 2301/2451 2315/2452 2314/2453
f 2301/2451 2300/2444 2316/2454 2315/2452
f 2304/2448 2303/2455 2337/2456 2336/2457
f 2303/2455 2302/2450 2338/2458 2337/2456
f 2306/2459 2305/2460 2397/2461 2402/2462
f 2305/2460 2312/2439 2398/2463 2397/2461
f 2308/2464 2307/2465 2325/2466 2324/2467
f 2307/2468 2306/2459 2326/2469 2325/2470
f 2310/2437 2309/2471 2317/2472 2316/2454
f 2309/2471 2308/2464 2318/2473 2317/2472
f 2314/2453 2313/2474 2331/2475 2330/2476
f 2313/2474 2318/2473 2332/2477 2331/2475
f 2320/2478 2319/2479 2391/2480 2390/2481
f 2319/2479 2326/2469 2392/2482 2391/2480
f 2322/2483 2321/2484 2349/2485 2348/2486
f 2321/2487 2320/2478 2350/2488 2349/2489
f 2324/2467 2323/2490 2333/2491 2332/2477
f 2323/2490 2322/2483 2334/2492 2333/2491
f 2328/2493 2327/2494 2353/2495 2352/2496
f 2327/2494 2334/2492 2354/2497 2353/2495
f 2330/2476 2329/2498 2339/2499 2338/2458
f 2329/2498 2328/2493 2340/2500 2339/2499
f 2336/2457 2335/2501 2459/2502 2466/2503
f 2335/2501 2342/2504 2460/2505 2459/2502
f 2342/2504 2341/2506 2367/2507 2366/2508
f 2341/2506 2340/2500 2368/2509 2367/2507
f 2344/2510 2343/2511 2411/2512 2416/2513
f 2343/2511 2350/2488 2412/2514 2411/2512
f 2346/2515 2345/2516 2361/2517 2360/2518
f 2345/2519 2344/2510 2362/2520 2361/2521
f 2348/2486 2347/2522 2355/2523 2354/2497
f 2347/2522 2346/2515 2356/2524 2355/2523
f 2352/2496 2351/2525 2369/2526 2368/2509
f 2351/2525 2356/2524 2370/2527 2369/2526
f 2358/2528 2357/2529 2483/2530 2488/2531
f 2357/2532 2364/2533 2484/2534 2483/2535
f 2360/2518 2359/2536 2371/2537 2370/2527
f 2359/2536 2358/2528 2372/2538 2371/2537
f 2364/2533 2363/2539 2405/2540 2404/2541
f 2363/2539 2362/2520 2406/2542 2405/2540
f 2366/2508 2365/2543 2467/2544 2474/2545
f 2365/2543 2372/2538 2468/2546 2467/2544
f 2374/2547 2373/2548 2489/2549 2496/2550
f 2373/2548 2380/2551 2490/2552 2489/2549
f 2376/2553 2375/2554 2409/2555 2408/2556
f 2375/2554 2374/2547 2410/2557 2409/2555
f 2378/2558 2377/2559 2395/2560 2394/2561
f 2377/2559 2376/2553 2396/2562 2395/2560
f 2380/2551 2379/2563 2383/2564 2382/2565
f 2379/2563 2378/2558 2384/2566 2383/2564
f 2382/2565 2381/2567 2437/2568 2444/2569
f 2381/2567 2388/2433 2438/2570 2437/2568
f 2386/2432 2385/2571 2399/2572 2398/2463
f 2385/2571 2384/2566 2400/2573 2399/2572
f 2390/2481 2389/2574 2413/2575 2412/2514
f 2389/2574 2396/2562 2414/2576 2413/2575
f 2394/2561 2393/2577 2401/2578 2400/2573
f 2393/2577 2392/2482 2402/2462 2401/2578
f 2404/2541 2403/2579 2475/2580 2482/2581
f 2403/2579 2410/2557 2476/2582 2475/2580
f 2408/2556 2407/2583 2415/2584 2414/2576
f 2407/2583 2406/2542 2416/2513 2415/2584
f 2420/2585 2419/2586 2465/2587 2464/2588
f 2419/2586 2418/2449 2466/2503 2465/2587
f 2422/2589 2421/2590 2435/2591 2434/2592
f 2421/2590 2420/2585 2436/2593 2435/2591
f 2424/2447 2423/2594 2427/2595 2426/2427
f 2423/2594 2422/2589 2428/2596 2427/2595
f 2430/2424 2429/2597 2439/2598 2438/2570
f 2429/2597 2428/2596 2440/2599 2439/2598
f 2432/2600 2431/2601 2453/2602 2452/2603
f 2431/2601 2436/2593 2454/2604 2453/2602
f 2434/2592 2433/2605 2441/2606 2440/2599
f 2433/2605 2432/2600 2442/2607 2441/2606
f 2444/2569 2443/2608 2491/2609 2490/2552
f 2443/2608 2442/2607 2492/2610 2491/2609
f 2446/2611 2445/2612 2479/2613 2478/2614
f 2445/2612 2450/2615 2480/2616 2479/2613
f 2448/2617 2447/2618 2457/2619 2456/2620
f 2447/2618 2446/2611 2458/2621 2457/2619
f 2450/2615 2449/2622 2471/2623 2470/2624
f 2449/2622 2448/2617 2472/2625 2471/2623
f 2452/2603 2451/2626 2493/2627 2492/2610
f 2451/2626 2458/2621 2494/2628 2493/2627
f 2456/2620 2455/2629 2463/2630 2462/2631
f 2455/2629 2454/2604 2464/2588 2463/2630
f 2462/2631 2461/2632 2473/2633 2472/2625
f 2461/2632 2460/2505 2474/2545 2473/2633
f 2470/2624 2469/2634 2487/2635 2486/2636
f 2469/2634 2468/2546 2488/2531 2487/2635
f 2478/2614 2477/2637 2495/2638 2494/2628
f 2477/2637 2476/2582 2496/2550 2495/2638
f 2482/2581 2481/2639 2485/2640 2484/2534
f 2481/2639 2480/2616 2486/2636 2485/2640
s 241
f 2498/2641 2497/2642 2633/2643 2638/2644
f 2497/2645 2504/2646 2634/2647 2633/2648
f 2500/2649 2499/2650 2595/2651 2594/2652
f 2499/2650 2498/2641 2596/2653 2595/2651
f 2502/2654 2501/2655 2519/2656 2518/2657
f 2501/2658 2500/2649 2520/2659 2519/2660
f 2504/2646 2503/2661 2507/2662 2506/2663
f 2503/2661 2502/2654 2508/2664 2507/2662
f 2506/2663 2505/2665 2625/2666 2632/2667
f 2505/2665 2512/2668 2626/2669 2625/2666
f 2510/2670 2509/2671 2523/2672 2522/2673
f 2509/2671 2508/2664 2524/2674 2523/2672
f 2512/2668 2511/2675 2545/2676 2544/2677
f 2511/2675 2510/2670 2546/2678 2545/2676
f 2514/2679 2513/2680 2605/2681 2610/2682
f 2513/2680 2520/2659 2606/2683 2605/2681
f 2516/2684 2515/2685 2533/2686 2532/2687
f 2515/2688 2514/2679 2534/2689 2533/2690
f 2518/2657 2517/2691 2525/2692 2524/2674
f 2517/2691 2516/2684 2526/2693 2525/2692
f 2522/2673 2521/2694 2539/2695 2538/2696
f 2521/2694 2526/2693 2540/2697 2539/2695
f 2528/2698 2527/2699 2599/2700 2598/2701
f 2527/2699 2534/2689 2600/2702 2599/2700
f 2530/2703 2529/2704 2557/2705 2556/2706
f 2529/2707 2528/2698 2558/2708 2557/2709
f 2532/2687 2531/2710 2541/2711 2540/2697
f 2531/2710 2530/2703 2542/2712 2541/2711
f 2536/2713 2535/2714 2561/2715 2560/2716
f 2535/2714 2542/2712 2562/2717 2561/2715
f 2538/2696 2537/2718 2547/2719 2546/2678
f 2537/2718 2536/2713 2548/2720 2547/2719
f 2544/2677 2543/2721 2667/2722 2674/2723
f 2543/2721 2550/2724 2668/2725 2667/2722
f 2550/2724 2549/2726 2575/2727 2574/2728
f 2549/2726 2548/2720 2576/2729 2575/2727
f 2552/2730 2551/2731 2619/2732 2624/2733
f 2551/2731 2558/2708 2620/2734 2619/2732
f 2554/2735 2553/2736 2569/2737 2568/2738
f 2553/2739 2552/2730 2570/2740 2569/2741
f 2556/2706 2555/2742 2563/2743 2562/2717
f 2555/2742 2554/2735 2564/2744 2563/2743
f 2560/2716 2559/2745 2577/2746 2576/2729
f 2559/2745 2564/2744 2578/2747 2577/2746
f 2566/2748 2565/2749 2691/2750 2696/2751
f 2565/2752 2572/2753 2692/2754 2691/2755
f 2568/2738 2567/2756 2579/2757 2578/2747
f 2567/2756 2566/2748 2580/2758 2579/2757
f 2572/2753 2571/2759 2613/2760 2612/2761
f 2571/2759 2570/2740 2614/2762 2613/2760
f 2574/2728 2573/2763 2675/2764 2682/2765
f 2573/2763 2580/2758 2676/2766 2675/2764
f 2582/2767 2581/2768 2697/2769 2704/2770
f 2581/2768 2588/2771 2698/2772 2697/2769
f 2584/2773 2583/2774 2617/2775 2616/2776
f 2583/2774 2582/2767 2618/2777 2617/2775
f 2586/2778 2585/2779 2603/2780 2602/2781
f 2585/2779 2584/2773 2604/2782 2603/2780
f 2588/2771 2587/2783 2591/2784 2590/2785
f 2587/2783 2586/2778 2592/2786 2591/2784
f 2590/2785 2589/2787 2645/2788 2652/2789
f 2589/2787 2596/2653 2646/2790 2645/2788
f 2594/2652 2593/2791 2607/2792 2606/2683
f 2593/2791 2592/2786 2608/2793 2607/2792
f 2598/2701 2597/2794 2621/2795 2620/2734
f 2597/2794 2604/2782 2622/2796 2621/2795
f 2602/2781 2601/2797 2609/2798 2608/2793
f 2601/2797 2600/2702 2610/2682 2609/2798
f 2612/2761 2611/2799 2683/2800 2690/2801
f 2611/2799 2618/2777 2684/2802 2683/2800
f 2616/2776 2615/2803 2623/2804 2622/2796
f 2615/2803 2614/2762 2624/2733 2623/2804
f 2628/2805 2627/2806 2673/2807 2672/2808
f 2627/2806 2626/2669 2674/2723 2673/2807
f 2630/2809 2629/2810 2643/2811 2642/2812
f 2629/2810 2628/2805 2644/2813 2643/2811
f 2632/2667 2631/2814 2635/2815 2634/2647
f 2631/2814 2630/2809 2636/2816 2635/2815
f 2638/2644 2637/2817 2647/2818 2646/2790
f 2637/2817 2636/2816 2648/2819 2647/2818
f 2640/2820 2639/2821 2661/2822 2660/2823
f 2639/2821 2644/2813 2662/2824 2661/2822
f 2642/2812 2641/2825 2649/2826 2648/2819
f 2641/2825 2640/2820 2650/2827 2649/2826
f 2652/2789 2651/2828 2699/2829 2698/2772
f 2651/2828 2650/2827 2700/2830 2699/2829
f 2654/2831 2653/2832 2687/2833 2686/2834
f 2653/2832 2658/2835 2688/2836 2687/2833
f 2656/2837 2655/2838 2665/2839 2664/2840
f 2655/2838 2654/2831 2666/2841 2665/2839
f 2658/2835 2657/2842 2679/2843 2678/2844
f 2657/2842 2656/2837 2680/2845 2679/2843
f 2660/2823 2659/2846 2701/2847 2700/2830
f 2659/2846 2666/2841 2702/2848 2701/2847
f 2664/2840 2663/2849 2671/2850 2670/2851
f 2663/2849 2662/2824 2672/2808 2671/2850
f 2670/2851 2669/2852 2681/2853 2680/2845
f 2669/2852 2668/2725 2682/2765 2681/2853
f 2678/2844 2677/2854 2695/2855 2694/2856
f 2677/2854 2676/2766 2696/2751 2695/2855
f 2686/2834 2685/2857 2703/2858 2702/2848
f 2685/2857 2684/2802 2704/2770 2703/2858
f 2690/2801 2689/2859 2693/2860 2692/2754
f 2689/2859 2688/2836 2694/2856 2693/2860
s 261
f 2706/2861 2705/2862 2841/2863 2846/2864
f 2705/2865 2712/2866 2842/2867 2841/2868
f 2708/2869 2707/2870 2803/2871 2802/2872
f 2707/2870 2706/2861 2804/2873 2803/2871
f 2710/2874 2709/2875 2727/2876 2726/2877
f 2709/2878 2708/2869 2728/2879 2727/2880
f 2712/2866 2711/2881 2715/2882 2714/2883
f 2711/2881 2710/2874 2716/2884 2715/2882
f 2714/2883 2713/2885 2833/2886 2840/2887
f 2713/2885 2720/2888 2834/2889 2833/2886
f 2718/2890 2717/2891 2731/2892 2730/2893
f 2717/2891 2716/2884 2732/2894 2731/2892
f 2720/2888 2719/2895 2753/2896 2752/2897
f 2719/2895 2718/2890 2754/2898 2753/2896
f 2722/2899 2721/2900 2813/2901 2818/2902
f 2721/2900 2728/2879 2814/2903 2813/2901
f 2724/2904 2723/2905 2741/2906 2740/2907
f 2723/2908 2722/2899 2742/2909 2741/2910
f 2726/2877 2725/2911 2733/2912 2732/2894
f 2725/2911 2724/2904 2734/2913 2733/2912
f 2730/2893 2729/2914 2747/2915 2746/2916
f 2729/2914 2734/2913 2748/2917 2747/2915
f 2736/2918 2735/2919 2807/2920 2806/2921
f 2735/2919 2742/2909 2808/2922 2807/2920
f 2738/2923 2737/2924 2765/2925 2764/2926
f 2737/2927 2736/2918 2766/2928 2765/2929
f 2740/2907 2739/2930 2749/2931 2748/2917
f 2739/2930 2738/2923 2750/2932 2749/2931
f 2744/2933 2743/2934 2769/2935 2768/2936
f 2743/2934 2750/2932 2770/2937 2769/2935
f 2746/2916 2745/2938 2755/2939 2754/2898
f 2745/2938 2744/2933 2756/2940 2755/2939
f 2752/2897 2751/2941 2875/2942 2882/2943
f 2751/2941 2758/2944 2876/2945 2875/2942
f 2758/2944 2757/2946 2783/2947 2782/2948
f 2757/2946 2756/2940 2784/2949 2783/2947
f 2760/2950 2759/2951 2827/2952 2832/2953
f 2759/2951 2766/2928 2828/2954 2827/2952
f 2762/2955 2761/2956 2777/2957 2776/2958
f 2761/2959 2760/2950 2778/2960 2777/2961
f 2764/2926 2763/2962 2771/2963 2770/2937
f 2763/2962 2762/2955 2772/2964 2771/2963
f 2768/2936 2767/2965 2785/2966 2784/2949
f 2767/2965 2772/2964 2786/2967 2785/2966
f 2774/2968 2773/2969 2899/2970 2904/2971
f 2773/2972 2780/2973 2900/2974 2899/2975
f 2776/2958 2775/2976 2787/2977 2786/2967
f 2775/2976 2774/2968 2788/2978 2787/2977
f 2780/2973 2779/2979 2821/2980 2820/2981
f 2779/2979 2778/2960 2822/2982 2821/2980
f 2782/2948 2781/2983 2883/2984 2890/2985
f 2781/2983 2788/2978 2884/2986 2883/2984
f 2790/2987 2789/2988 2905/2989 2912/2990
f 2789/2988 2796/2991 2906/2992 2905/2989
f 2792/2993 2791/2994 2825/2995 2824/2996
f 2791/2994 2790/2987 2826/2997 2825/2995
f 2794/2998 2793/2999 2811/3000 2810/3001
f 2793/2999 2792/2993 2812/3002 2811/3000
f 2796/2991 2795/3003 2799/3004 2798/3005
f 2795/3003 2794/2998 2800/3006 2799/3004
f 2798/3005 2797/3007 2853/3008 2860/3009
f 2797/3007 2804/2873 2854/3010 2853/3008
f 2802/2872 2801/3011 2815/3012 2814/2903
f 2801/3011 2800/3006 2816/3013 2815/3012
f 2806/2921 2805/3014 2829/3015 2828/2954
f 2805/3014 2812/3002 2830/3016 2829/3015
f 2810/3001 2809/3017 2817/3018 2816/3013
f 2809/3017 2808/2922 2818/2902 2817/3018
f 2820/2981 2819/3019 2891/3020 2898/3021
f 2819/3019 2826/2997 2892/3022 2891/3020
f 2824/2996 2823/3023 2831/3024 2830/3016
f 2823/3023 2822/2982 2832/2953 2831/3024
f 2836/3025 2835/3026 2881/3027 2880/3028
f 2835/3026 2834/2889 2882/2943 2881/3027
f 2838/3029 2837/3030 2851/3031 2850/3032
f 2837/3030 2836/3025 2852/3033 2851/3031
f 2840/2887 2839/3034 2843/3035 2842/2867
f 2839/3034 2838/3029 2844/3036 2843/3035
f 2846/2864 2845/3037 2855/3038 2854/3010
f 2845/3037 2844/3036 2856/3039 2855/3038
f 2848/3040 2847/3041 2869/3042 2868/3043
f 2847/3041 2852/3033 2870/3044 2869/3042
f 2850/3032 2849/3045 2857/3046 2856/3039
f 2849/3045 2848/3040 2858/3047 2857/3046
f 2860/3009 2859/3048 2907/3049 2906/2992
f 2859/3048 2858/3047 2908/3050 2907/3049
f 2862/3051 2861/3052 2895/3053 2894/3054
f 2861/3052 2866/3055 2896/3056 2895/3053
f 2864/3057 2863/3058 2873/3059 2872/3060
f 2863/3058 2862/3051 2874/3061 2873/3059
f 2866/3055 2865/3062 2887/3063 2886/3064
f 2865/3062 2864/3057 2888/3065 2887/3063
f 2868/3043 2867/3066 2909/3067 2908/3050
f 2867/3066 2874/3061 2910/3068 2909/3067
f 2872/3060 2871/3069 2879/3070 2878/3071
f 2871/3069 2870/3044 2880/3028 2879/3070
f 2878/3071 2877/3072 2889/3073 2888/3065
f 2877/3072 2876/2945 2890/2985 2889/3073
f 2886/3064 2885/3074 2903/3075 2902/3076
f 2885/3074 2884/2986 2904/2971 2903/3075
f 2894/3054 2893/3077 2911/3078 2910/3068
f 2893/3077 2892/3022 2912/2990 2911/3078
f 2898/3021 2897/3079 2901/3080 2900/2974
f 2897/3079 2896/3056 2902/3076 2901/3080
s 281
f 2914/3081 2913/3082 3049/3083 3054/3084
f 2913/3085 2920/3086 3050/3087 3049/3088
f 2916/3089 2915/3090 3011/3091 3010/3092
f 2915/3090 2914/3081 3012/3093 3011/3091
f 2918/3094 2917/3095 2935/3096 2934/3097
f 2917/3098 2916/3089 2936/3099 2935/3100
f 2920/3086 2919/3101 2923/3102 2922/3103
f 2919/3101 2918/3094 2924/3104 2923/3102
f 2922/3103 2921/3105 3041/3106 3048/3107
f 2921/3105 2928/3108 3042/3109 3041/3106
f 2926/3110 2925/3111 2939/3112 2938/3113
f 2925/3111 2924/3104 2940/3114 2939/3112
f 2928/3108 2927/3115 2961/3116 2960/3117
f 2927/3115 2926/3110 2962/3118 2961/3116
f 2930/3119 2929/3120 3021/3121 3026/3122
f 2929/3120 2936/3099 3022/3123 3021/3121
f 2932/3124 2931/3125 2949/3126 2948/3127
f 2931/3128 2930/3119 2950/3129 2949/3130
f 2934/3097 2933/3131 2941/3132 2940/3114
f 2933/3131 2932/3124 2942/3133 2941/3132
f 2938/3113 2937/3134 2955/3135 2954/3136
f 2937/3134 2942/3133 2956/3137 2955/3135
f 2944/3138 2943/3139 3015/3140 3014/3141
f 2943/3139 2950/3129 3016/3142 3015/3140
f 2946/3143 2945/3144 2973/3145 2972/3146
f 2945/3147 2944/3138 2974/3148 2973/3149
f 2948/3127 2947/3150 2957/3151 2956/3137
f 2947/3150 2946/3143 2958/3152 2957/3151
f 2952/3153 2951/3154 2977/3155 2976/3156
f 2951/3154 2958/3152 2978/3157 2977/3155
f 2954/3136 2953/3158 2963/3159 2962/3118
f 2953/3158 2952/3153 2964/3160 2963/3159
f 2960/3117 2959/3161 3083/3162 3090/3163
f 2959/3161 2966/3164 3084/3165 3083/3162
f 2966/3164 2965/3166 2991/3167 2990/3168
f 2965/3166 2964/3160 2992/3169 2991/3167
f 2968/3170 2967/3171 3035/3172 3040/3173
f 2967/3171 2974/3148 3036/3174 3035/3172
f 2970/3175 2969/3176 2985/3177 2984/3178
f 2969/3179 2968/3170 2986/3180 2985/3181
f 2972/3146 2971/3182 2979/3183 2978/3157
f 2971/3182 2970/3175 2980/3184 2979/3183
f 2976/3156 2975/3185 2993/3186 2992/3169
f 2975/3185 2980/3184 2994/3187 2993/3186
f 2982/3188 2981/3189 3107/3190 3112/3191
f 2981/3192 2988/3193 3108/3194 3107/3195
f 2984/3178 2983/3196 2995/3197 2994/3187
f 2983/3196 2982/3188 2996/3198 2995/3197
f 2988/3193 2987/3199 3029/3200 3028/3201
f 2987/3199 2986/3180 3030/3202 3029/3200
f 2990/3168 2989/3203 3091/3204 3098/3205
f 2989/3203 2996/3198 3092/3206 3091/3204
f 2998/3207 2997/3208 3113/3209 3120/3210
f 2997/3208 3004/3211 3114/3212 3113/3209
f 3000/3213 2999/3214 3033/3215 3032/3216
f 2999/3214 2998/3207 3034/3217 3033/3215
f 3002/3218 3001/3219 3019/3220 3018/3221
f 3001/3219 3000/3213 3020/3222 3019/3220
f 3004/3211 3003/3223 3007/3224 3006/3225
f 3003/3223 3002/3218 3008/3226 3007/3224
f 3006/3225 3005/3227 3061/3228 3068/3229
f 3005/3227 3012/3093 3062/3230 3061/3228
f 3010/3092 3009/3231 3023/3232 3022/3123
f 3009/3231 3008/3226 3024/3233 3023/3232
f 3014/3141 3013/3234 3037/3235 3036/3174
f 3013/3234 3020/3222 3038/3236 3037/3235
f 3018/3221 3017/3237 3025/3238 3024/3233
f 3017/3237 3016/3142 3026/3122 3025/3238
f 3028/3201 3027/3239 3099/3240 3106/3241
f 3027/3239 3034/3217 3100/3242 3099/3240
f 3032/3216 3031/3243 3039/3244 3038/3236
f 3031/3243 3030/3202 3040/3173 3039/3244
f 3044/3245 3043/3246 3089/3247 3088/3248
f 3043/3246 3042/3109 3090/3163 3089/3247
f 3046/3249 3045/3250 3059/3251 3058/3252
f 3045/3250 3044/3245 3060/3253 3059/3251
f 3048/3107 3047/3254 3051/3255 3050/3087
f 3047/3254 3046/3249 3052/3256 3051/3255
f 3054/3084 3053/3257 3063/3258 3062/3230
f 3053/3257 3052/3256 3064/3259 3063/3258
f 3056/3260 3055/3261 3077/3262 3076/3263
f 3055/3261 3060/3253 3078/3264 3077/3262
f 3058/3252 3057/3265 3065/3266 3064/3259
f 3057/3265 3056/3260 3066/3267 3065/3266
f 3068/3229 3067/3268 3115/3269 3114/3212
f 3067/3268 3066/3267 3116/3270 3115/3269
f 3070/3271 3069/3272 3103/3273 3102/3274
f 3069/3272 3074/3275 3104/3276 3103/3273
f 3072/3277 3071/3278 3081/3279 3080/3280
f 3071/3278 3070/3271 3082/3281 3081/3279
f 3074/3275 3073/3282 3095/3283 3094/3284
f 3073/3282 3072/3277 3096/3285 3095/3283
f 3076/3263 3075/3286 3117/3287 3116/3270
f 3075/3286 3082/3281 3118/3288 3117/3287
f 3080/3280 3079/3289 3087/3290 3086/3291
f 3079/3289 3078/3264 3088/3248 3087/3290
f 3086/3291 3085/3292 3097/3293 3096/3285
f 3085/3292 3084/3165 3098/3205 3097/3293
f 3094/3284 3093/3294 3111/3295 3110/3296
f 3093/3294 3092/3206 3112/3191 3111/3295
f 3102/3274 3101/3297 3119/3298 3118/3288
f 3101/3297 3100/3242 3120/3210 3119/3298
f 3106/3241 3105/3299 3109/3300 3108/3194
f 3105/3299 3104/3276 3110/3296 3109/3300
s 301
f 3122/3301 3121/3302 3257/3303 3262/3304
f 3121/3305 3128/3306 3258/3307 3257/3308
f 3124/3309 3123/3310 3219/3311 3218/3312
f 3123/3310 3122/3301 3220/3313 3219/3311
f 3126/3314 3125/3315 3143/3316 3142/3317
f 3125/3318 3124/3309 3144/3319 3143/3320
f 3128/3306 3127/3321 3131/3322 3130/3323
f 3127/3321 3126/3314 3132/3324 3131/3322
f 3130/3323 3129/3325 3249/3326 3256/3327
f 3129/3325 3136/3328 3250/3329 3249/3326
f 3134/3330 3133/3331 3147/3332 3146/3333
f 3133/3331 3132/3324 3148/3334 3147/3332
f 3136/3328 3135/3335 3169/3336 3168/3337
f 3135/3335 3134/3330 3170/3338 3169/3336
f 3138/3339 3137/3340 3229/3341 3234/3342
f 3137/3340 3144/3319 3230/3343 3229/3341
f 3140/3344 3139/3345 3157/3346 3156/3347
f 3139/3348 3138/3339 3158/3349 3157/3350
f 3142/3317 3141/3351 3149/3352 3148/3334
f 3141/3351 3140/3344 3150/3353 3149/3352
f 3146/3333 3145/3354 3163/3355 3162/3356
f 3145/3354 3150/3353 3164/3357 3163/3355
f 3152/3358 3151/3359 3223/3360 3222/3361
f 3151/3359 3158/3349 3224/3362 3223/3360
f 3154/3363 3153/3364 3181/3365 3180/3366
f 3153/3367 3152/3358 3182/3368 3181/3369
f 3156/3347 3155/3370 3165/3371 3164/3357
f 3155/3370 3154/3363 3166/3372 3165/3371
f 3160/3373 3159/3374 3185/3375 3184/3376
f 3159/3374 3166/3372 3186/3377 3185/3375
f 3162/3356 3161/3378 3171/3379 3170/3338
f 3161/3378 3160/3373 3172/3380 3171/3379
f 3168/3337 3167/3381 3291/3382 3298/3383
f 3167/3381 3174/3384 3292/3385 3291/3382
f 3174/3384 3173/3386 3199/3387 3198/3388
f 3173/3386 3172/3380 3200/3389 3199/3387
f 3176/3390 3175/3391 3243/3392 3248/3393
f 3175/3391 3182/3368 3244/3394 3243/3392
f 3178/3395 3177/3396 3193/3397 3192/3398
f 3177/3399 3176/3390 3194/3400 3193/3401
f 3180/3366 3179/3402 3187/3403 3186/3377
f 3179/3402 3178/3395 3188/3404 3187/3403
f 3184/3376 3183/3405 3201/3406 3200/3389
f 3183/3405 3188/3404 3202/3407 3201/3406
f 3190/3408 3189/3409 3315/3410 3320/3411
f 3189/3412 3196/3413 3316/3414 3315/3415
f 3192/3398 3191/3416 3203/3417 3202/3407
f 3191/3416 3190/3408 3204/3418 3203/3417
f 3196/3413 3195/3419 3237/3420 3236/3421
f 3195/3419 3194/3400 3238/3422 3237/3420
f 3198/3388 3197/3423 3299/3424 3306/3425
f 3197/3423 3204/3418 3300/3426 3299/3424
f 3206/3427 3205/3428 3321/3429 3328/3430
f 3205/3428 3212/3431 3322/3432 3321/3429
f 3208/3433 3207/3434 3241/3435 3240/3436
f 3207/3434 3206/3427 3242/3437 3241/3435
f 3210/3438 3209/3439 3227/3440 3226/3441
f 3209/3439 3208/3433 3228/3442 3227/3440
f 3212/3431 3211/3443 3215/3444 3214/3445
f 3211/3443 3210/3438 3216/3446 3215/3444
f 3214/3445 3213/3447 3269/3448 3276/3449
f 3213/3447 3220/3313 3270/3450 3269/3448
f 3218/3312 3217/3451 3231/3452 3230/3343
f 3217/3451 3216/3446 3232/3453 3231/3452
f 3222/3361 3221/3454 3245/3455 3244/3394
f 3221/3454 3228/3442 3246/3456 3245/3455
f 3226/3441 3225/3457 3233/3458 3232/3453
f 3225/3457 3224/3362 3234/3342 3233/3458
f 3236/3421 3235/3459 3307/3460 3314/3461
f 3235/3459 3242/3437 3308/3462 3307/3460
f 3240/3436 3239/3463 3247/3464 3246/3456
f 3239/3463 3238/3422 3248/3393 3247/3464
f 3252/3465 3251/3466 3297/3467 3296/3468
f 3251/3466 3250/3329 3298/3383 3297/3467
f 3254/3469 3253/3470 3267/3471 3266/3472
f 3253/3470 3252/3465 3268/3473 3267/3471
f 3256/3327 3255/3474 3259/3475 3258/3307
f 3255/3474 3254/3469 3260/3476 3259/3475
f 3262/3304 3261/3477 3271/3478 3270/3450
f 3261/3477 3260/3476 3272/3479 3271/3478
f 3264/3480 3263/3481 3285/3482 3284/3483
f 3263/3481 3268/3473 3286/3484 3285/3482
f 3266/3472 3265/3485 3273/3486 3272/3479
f 3265/3485 3264/3480 3274/3487 3273/3486
f 3276/3449 3275/3488 3323/3489 3322/3432
f 3275/3488 3274/3487 3324/3490 3323/3489
f 3278/3491 3277/3492 3311/3493 3310/3494
f 3277/3492 3282/3495 3312/3496 3311/3493
f 3280/3497 3279/3498 3289/3499 3288/3500
f 3279/3498 3278/3491 3290/3501 3289/3499
f 3282/3495 3281/3502 3303/3503 3302/3504
f 3281/3502 3280/3497 3304/3505 3303/3503
f 3284/3483 3283/3506 3325/3507 3324/3490
f 3283/3506 3290/3501 3326/3508 3325/3507
f 3288/3500 3287/3509 3295/3510 3294/3511
f 3287/3509 3286/3484 3296/3468 3295/3510
f 3294/3511 3293/3512 3305/3513 3304/3505
f 3293/3512 3292/3385 3306/3425 3305/3513
f 3302/3504 3301/3514 3319/3515 3318/3516
f 3301/3514 3300/3426 3320/3411 3319/3515
f 3310/3494 3309/3517 3327/3518 3326/3508
f 3309/3517 3308/3462 3328/3430 3327/3518
f 3314/3461 3313/3519 3317/3520 3316/3414
f 3313/3519 3312/3496 3318/3516 3317/3520
s 321
f 3330/3521 3329/3522 3465/3523 3470/3524
f 3329/3525 3336/3526 3466/3527 3465/3528
f 3332/3529 3331/3530 3427/3531 3426/3532
f 3331/3530 3330/3521 3428/3533 3427/3531
f 3334/3534 3333/3535 3351/3536 3350/3537
f 3333/3538 3332/3529 3352/3539 3351/3540
f 3336/3526 3335/3541 3339/3542 3338/3543
f 3335/3541 3334/3534 3340/3544 3339/3542
f 3338/3543 3337/3545 3457/3546 3464/3547
f 3337/3545 3344/3548 3458/3549 3457/3546
f 3342/3550 3341/3551 3355/3552 3354/3553
f 3341/3551 3340/3544 3356/3554 3355/3552
f 3344/3548 3343/3555 3377/3556 3376/3557
f 3343/3555 3342/3550 3378/3558 3377/3556
f 3346/3559 3345/3560 3437/3561 3442/3562
f 3345/3560 3352/3539 3438/3563 3437/3561
f 3348/3564 3347/3565 3365/3566 3364/3567
f 3347/3568 3346/3559 3366/3569 3365/3570
f 3350/3537 3349/3571 3357/3572 3356/3554
f 3349/3571 3348/3564 3358/3573 3357/3572
f 3354/3553 3353/3574 3371/3575 3370/3576
f 3353/3574 3358/3573 3372/3577 3371/3575
f 3360/3578 3359/3579 3431/3580 3430/3581
f 3359/3579 3366/3569 3432/3582 3431/3580
f 3362/3583 3361/3584 3389/3585 3388/3586
f 3361/3587 3360/3578 3390/3588 3389/3589
f 3364/3567 3363/3590 3373/3591 3372/3577
f 3363/3590 3362/3583 3374/3592 3373/3591
f 3368/3593 3367/3594 3393/3595 3392/3596
f 3367/3594 3374/3592 3394/3597 3393/3595
f 3370/3576 3369/3598 3379/3599 3378/3558
f 3369/3598 3368/3593 3380/3600 3379/3599
f 3376/3557 3375/3601 3499/3602 3506/3603
f 3375/3601 3382/3604 3500/3605 3499/3602
f 3382/3604 3381/3606 3407/3607 3406/3608
f 3381/3606 3380/3600 3408/3609 3407/3607
f 3384/3610 3383/3611 3451/3612 3456/3613
f 3383/3611 3390/3588 3452/3614 3451/3612
f 3386/3615 3385/3616 3401/3617 3400/3618
f 3385/3619 3384/3610 3402/3620 3401/3621
f 3388/3586 3387/3622 3395/3623 3394/3597
f 3387/3622 3386/3615 3396/3624 3395/3623
f 3392/3596 3391/3625 3409/3626 3408/3609
f 3391/3625 3396/3624 3410/3627 3409/3626
f 3398/3628 3397/3629 3523/3630 3528/3631
f 3397/3632 3404/3633 3524/3634 3523/3635
f 3400/3618 3399/3636 3411/3637 3410/3627
f 3399/3636 3398/3628 3412/3638 3411/3637
f 3404/3633 3403/3639 3445/3640 3444/3641
f 3403/3639 3402/3620 3446/3642 3445/3640
f 3406/3608 3405/3643 3507/3644 3514/3645
f 3405/3643 3412/3638 3508/3646 3507/3644
f 3414/3647 3413/3648 3529/3649 3536/3650
f 3413/3648 3420/3651 3530/3652 3529/3649
f 3416/3653 3415/3654 3449/3655 3448/3656
f 3415/3654 3414/3647 3450/3657 3449/3655
f 3418/3658 3417/3659 3435/3660 3434/3661
f 3417/3659 3416/3653 3436/3662 3435/3660
f 3420/3651 3419/3663 3423/3664 3422/3665
f 3419/3663 3418/3658 3424/3666 3423/3664
f 3422/3665 3421/3667 3477/3668 3484/3669
f 3421/3667 3428/3533 3478/3670 3477/3668
f 3426/3532 3425/3671 3439/3672 3438/3563
f 3425/3671 3424/3666 3440/3673 3439/3672
f 3430/3581 3429/3674 3453/3675 3452/3614
f 3429/3674 3436/3662 3454/3676 3453/3675
f 3434/3661 3433/3677 3441/3678 3440/3673
f 3433/3677 3432/3582 3442/3562 3441/3678
f 3444/3641 3443/3679 3515/3680 3522/3681
f 3443/3679 3450/3657 3516/3682 3515/3680
f 3448/3656 3447/3683 3455/3684 3454/3676
f 3447/3683 3446/3642 3456/3613 3455/3684
f 3460/3685 3459/3686 3505/3687 3504/3688
f 3459/3686 3458/3549 3506/3603 3505/3687
f 3462/3689 3461/3690 3475/3691 3474/3692
f 3461/3690 3460/3685 3476/3693 3475/3691
f 3464/3547 3463/3694 3467/3695 3466/3527
f 3463/3694 3462/3689 3468/3696 3467/3695
f 3470/3524 3469/3697 3479/3698 3478/3670
f 3469/3697 3468/3696 3480/3699 3479/3698
f 3472/3700 3471/3701 3493/3702 3492/3703
f 3471/3701 3476/3693 3494/3704 3493/3702
f 3474/3692 3473/3705 3481/3706 3480/3699
f 3473/3705 3472/3700 3482/3707 3481/3706
f 3484/3669 3483/3708 3531/3709 3530/3652
f 3483/3708 3482/3707 3532/3710 3531/3709
f 3486/3711 3485/3712 3519/3713 3518/3714
f 3485/3712 3490/3715 3520/3716 3519/3713
f 3488/3717 3487/3718 3497/3719 3496/3720
f 3487/3718 3486/3711 3498/3721 3497/3719
f 3490/3715 3489/3722 3511/3723 3510/3724
f 3489/3722 3488/3717 3512/3725 3511/3723
f 3492/3703 3491/3726 3533/3727 3532/3710
f 3491/3726 3498/3721 3534/3728 3533/3727
f 3496/3720 3495/3729 3503/3730 3502/3731
f 3495/3729 3494/3704 3504/3688 3503/3730
f 3502/3731 3501/3732 3513/3733 3512/3725
f 3501/3732 3500/3605 3514/3645 3513/3733
f 3510/3724 3509/3734 3527/3735 3526/3736
f 3509/3734 3508/3646 3528/3631 3527/3735
f 3518/3714 3517/3737 3535/3738 3534/3728
f 3517/3737 3516/3682 3536/3650 3535/3738
f 3522/3681 3521/3739 3525/3740 3524/3634
f 3521/3739 3520/3716 3526/3736 3525/3740
s 341
f 3538/3741 3537/3742 3673/3743 3678/3744
f 3537/3745 3544/3746 3674/3747 3673/3748
f 3540/3749 3539/3750 3635/3751 3634/3752
f 3539/3750 3538/3741 3636/3753 3635/3751
f 3542/3754 3541/3755 3559/3756 3558/3757
f 3541/3758 3540/3749 3560/3759 3559/3760
f 3544/3746 3543/3761 3547/3762 3546/3763
f 3543/3761 3542/3754 3548/3764 3547/3762
f 3546/3763 3545/3765 3665/3766 3672/3767
f 3545/3765 3552/3768 3666/3769 3665/3766
f 3550/3770 3549/3771 3563/3772 3562/3773
f 3549/3771 3548/3764 3564/3774 3563/3772
f 3552/3768 3551/3775 3585/3776 3584/3777
f 3551/3775 3550/3770 3586/3778 3585/3776
f 3554/3779 3553/3780 3645/3781 3650/3782
f 3553/3780 3560/3759 3646/3783 3645/3781
f 3556/3784 3555/3785 3573/3786 3572/3787
f 3555/3788 3554/3779 3574/3789 3573/3790
f 3558/3757 3557/3791 3565/3792 3564/3774
f 3557/3791 3556/3784 3566/3793 3565/3792
f 3562/3773 3561/3794 3579/3795 3578/3796
f 3561/3794 3566/3793 3580/3797 3579/3795
f 3568/3798 3567/3799 3639/3800 3638/3801
f 3567/3799 3574/3789 3640/3802 3639/3800
f 3570/3803 3569/3804 3597/3805 3596/3806
f 3569/3807 3568/3798 3598/3808 3597/3809
f 3572/3787 3571/3810 3581/3811 3580/3797
f 3571/3810 3570/3803 3582/3812 3581/3811
f 3576/3813 3575/3814 3601/3815 3600/3816
f 3575/3814 3582/3812 3602/3817 3601/3815
f 3578/3796 3577/3818 3587/3819 3586/3778
f 3577/3818 3576/3813 3588/3820 3587/3819
f 3584/3777 3583/3821 3707/3822 3714/3823
f 3583/3821 3590/3824 3708/3825 3707/3822
f 3590/3824 3589/3826 3615/3827 3614/3828
f 3589/3826 3588/3820 3616/3829 3615/3827
f 3592/3830 3591/3831 3659/3832 3664/3833
f 3591/3831 3598/3808 3660/3834 3659/3832
f 3594/3835 3593/3836 3609/3837 3608/3838
f 3593/3839 3592/3830 3610/3840 3609/3841
f 3596/3806 3595/3842 3603/3843 3602/3817
f 3595/3842 3594/3835 3604/3844 3603/3843
f 3600/3816 3599/3845 3617/3846 3616/3829
f 3599/3845 3604/3844 3618/3847 3617/3846
f 3606/3848 3605/3849 3731/3850 3736/3851
f 3605/3852 3612/3853 3732/3854 3731/3855
f 3608/3838 3607/3856 3619/3857 3618/3847
f 3607/3856 3606/3848 3620/3858 3619/3857
f 3612/3853 3611/3859 3653/3860 3652/3861
f 3611/3859 3610/3840 3654/3862 3653/3860
f 3614/3828 3613/3863 3715/3864 3722/3865
f 3613/3863 3620/3858 3716/3866 3715/3864
f 3622/3867 3621/3868 3737/3869 3744/3870
f 3621/3868 3628/3871 3738/3872 3737/3869
f 3624/3873 3623/3874 3657/3875 3656/3876
f 3623/3874 3622/3867 3658/3877 3657/3875
f 3626/3878 3625/3879 3643/3880 3642/3881
f 3625/3879 3624/3873 3644/3882 3643/3880
f 3628/3871 3627/3883 3631/3884 3630/3885
f 3627/3883 3626/3878 3632/3886 3631/3884
f 3630/3885 3629/3887 3685/3888 3692/3889
f 3629/3887 3636/3753 3686/3890 3685/3888
f 3634/3752 3633/3891 3647/3892 3646/3783
f 3633/3891 3632/3886 3648/3893 3647/3892
f 3638/3801 3637/3894 3661/3895 3660/3834
f 3637/3894 3644/3882 3662/3896 3661/3895
f 3642/3881 3641/3897 3649/3898 3648/3893
f 3641/3897 3640/3802 3650/3782 3649/3898
f 3652/3861 3651/3899 3723/3900 3730/3901
f 3651/3899 3658/3877 3724/3902 3723/3900
f 3656/3876 3655/3903 3663/3904 3662/3896
f 3655/3903 3654/3862 3664/3833 3663/3904
f 3668/3905 3667/3906 3713/3907 3712/3908
f 3667/3906 3666/3769 3714/3823 3713/3907
f 3670/3909 3669/3910 3683/3911 3682/3912
f 3669/3910 3668/3905 3684/3913 3683/3911
f 3672/3767 3671/3914 3675/3915 3674/3747
f 3671/3914 3670/3909 3676/3916 3675/3915
f 3678/3744 3677/3917 3687/3918 3686/3890
f 3677/3917 3676/3916 3688/3919 3687/3918
f 3680/3920 3679/3921 3701/3922 3700/3923
f 3679/3921 3684/3913 3702/3924 3701/3922
f 3682/3912 3681/3925 3689/3926 3688/3919
f 3681/3925 3680/3920 3690/3927 3689/3926
f 3692/3889 3691/3928 3739/3929 3738/3872
f 3691/3928 3690/3927 3740/3930 3739/3929
f 3694/3931 3693/3932 3727/3933 3726/3934
f 3693/3932 3698/3935 3728/3936 3727/3933
f 3696/3937 3695/3938 3705/3939 3704/3940
f 3695/3938 3694/3931 3706/3941 3705/3939
f 3698/3935 3697/3942 3719/3943 3718/3944
f 3697/3942 3696/3937 3720/3945 3719/3943
f 3700/3923 3699/3946 3741/3947 3740/3930
f 3699/3946 3706/3941 3742/3948 3741/3947
f 3704/3940 3703/3949 3711/3950 3710/3951
f 3703/3949 3702/3924 3712/3908 3711/3950
f 3710/3951 3709/3952 3721/3953 3720/3945
f 3709/3952 3708/3825 3722/3865 3721/3953
f 3718/3944 3717/3954 3735/3955 3734/3956
f 3717/3954 3716/3866 3736/3851 3735/3955
f 3726/3934 3725/3957 3743/3958 3742/3948
f 3725/3957 3724/3902 3744/3870 3743/3958
f 3730/3901 3729/3959 3733/3960 3732/3854
f 3729/3959 3728/3936 3734/3956 3733/3960
s 361
f 3746/3961 3745/3962 3881/3963 3886/3964
f 3745/3965 3752/3966 3882/3967 3881/3968
f 3748/3969 3747/3970 3843/3971 3842/3972
f 3747/3970 3746/3961 3844/3973 3843/3971
f 3750/3974 3749/3975 3767/3976 3766/3977
f 3749/3978 3748/3969 3768/3979 3767/3980
f 3752/3966 3751/3981 3755/3982 3754/3983
f 3751/3981 3750/3974 3756/3984 3755/3982
f 3754/3983 3753/3985 3873/3986 3880/3987
f 3753/3985 3760/3988 3874/3989 3873/3986
f 3758/3990 3757/3991 3771/3992 3770/3993
f 3757/3991 3756/3984 3772/3994 3771/3992
f 3760/3988 3759/3995 3793/3996 3792/3997
f 3759/3995 3758/3990 3794/3998 3793/3996
f 3762/3999 3761/4000 3853/4001 3858/4002
f 3761/4000 3768/3979 3854/4003 3853/4001
f 3764/4004 3763/4005 3781/4006 3780/4007
f 3763/4008 3762/3999 3782/4009 3781/4010
f 3766/3977 3765/4011 3773/4012 3772/3994
f 3765/4011 3764/4004 3774/4013 3773/4012
f 3770/3993 3769/4014 3787/4015 3786/4016
f 3769/4014 3774/4013 3788/4017 3787/4015
f 3776/4018 3775/4019 3847/4020 3846/4021
f 3775/4019 3782/4009 3848/4022 3847/4020
f 3778/4023 3777/4024 3805/4025 3804/4026
f 3777/4027 3776/4018 3806/4028 3805/4029
f 3780/4007 3779/4030 3789/4031 3788/4017
f 3779/4030 3778/4023 3790/4032 3789/4031
f 3784/4033 3783/4034 3809/4035 3808/4036
f 3783/4034 3790/4032 3810/4037 3809/4035
f 3786/4016 3785/4038 3795/4039 3794/3998
f 3785/4038 3784/4033 3796/4040 3795/4039
f 3792/3997 3791/4041 3915/4042 3922/4043
f 3791/4041 3798/4044 3916/4045 3915/4042
f 3798/4044 3797/4046 3823/4047 3822/4048
f 3797/4046 3796/4040 3824/4049 3823/4047
f 3800/4050 3799/4051 3867/4052 3872/4053
f 3799/4051 3806/4028 3868/4054 3867/4052
f 3802/4055 3801/4056 3817/4057 3816/4058
f 3801/4059 3800/4050 3818/4060 3817/4061
f 3804/4026 3803/4062 3811/4063 3810/4037
f 3803/4062 3802/4055 3812/4064 3811/4063
f 3808/4036 3807/4065 3825/4066 3824/4049
f 3807/4065 3812/4064 3826/4067 3825/4066
f 3814/4068 3813/4069 3939/4070 3944/4071
f 3813/4072 3820/4073 3940/4074 3939/4075
f 3816/4058 3815/4076 3827/4077 3826/4067
f 3815/4076 3814/4068 3828/4078 3827/4077
f 3820/4073 3819/4079 3861/4080 3860/4081
f 3819/4079 3818/4060 3862/4082 3861/4080
f 3822/4048 3821/4083 3923/4084 3930/4085
f 3821/4083 3828/4078 3924/4086 3923/4084
f 3830/4087 3829/4088 3945/4089 3952/4090
f 3829/4088 3836/4091 3946/4092 3945/4089
f 3832/4093 3831/4094 3865/4095 3864/4096
f 3831/4094 3830/4087 3866/4097 3865/4095
f 3834/4098 3833/4099 3851/4100 3850/4101
f 3833/4099 3832/4093 3852/4102 3851/4100
f 3836/4091 3835/4103 3839/4104 3838/4105
f 3835/4103 3834/4098 3840/4106 3839/4104
f 3838/4105 3837/4107 3893/4108 3900/4109
f 3837/4107 3844/3973 3894/4110 3893/4108
f 3842/3972 3841/4111 3855/4112 3854/4003
f 3841/4111 3840/4106 3856/4113 3855/4112
f 3846/4021 3845/4114 3869/4115 3868/4054
f 3845/4114 3852/4102 3870/4116 3869/4115
f 3850/4101 3849/4117 3857/4118 3856/4113
f 3849/4117 3848/4022 3858/4002 3857/4118
f 3860/4081 3859/4119 3931/4120 3938/4121
f 3859/4119 3866/4097 3932/4122 3931/4120
f 3864/4096 3863/4123 3871/4124 3870/4116
f 3863/4123 3862/4082 3872/4053 3871/4124
f 3876/4125 3875/4126 3921/4127 3920/4128
f 3875/4126 3874/3989 3922/4043 3921/4127
f 3878/4129 3877/4130 3891/4131 3890/4132
f 3877/4130 3876/4125 3892/4133 3891/4131
f 3880/3987 3879/4134 3883/4135 3882/3967
f 3879/4134 3878/4129 3884/4136 3883/4135
f 3886/3964 3885/4137 3895/4138 3894/4110
f 3885/4137 3884/4136 3896/4139 3895/4138
f 3888/4140 3887/4141 3909/4142 3908/4143
f 3887/4141 3892/4133 3910/4144 3909/4142
f 3890/4132 3889/4145 3897/4146 3896/4139
f 3889/4145 3888/4140 3898/4147 3897/4146
f 3900/4109 3899/4148 3947/4149 3946/4092
f 3899/4148 3898/4147 3948/4150 3947/4149
f 3902/4151 3901/4152 3935/4153 3934/4154
f 3901/4152 3906/4155 3936/4156 3935/4153
f 3904/4157 3903/4158 3913/4159 3912/4160
f 3903/4158 3902/4151 3914/4161 3913/4159
f 3906/4155 3905/4162 3927/4163 3926/4164
f 3905/4162 3904/4157 3928/4165 3927/4163
f 3908/4143 3907/4166 3949/4167 3948/4150
f 3907/4166 3914/4161 3950/4168 3949/4167
f 3912/4160 3911/4169 3919/4170 3918/4171
f 3911/4169 3910/4144 3920/4128 3919/4170
f 3918/4171 3917/4172 3929/4173 3928/4165
f 3917/4172 3916/4045 3930/4085 3929/4173
f 3926/4164 3925/4174 3943/4175 3942/4176
f 3925/4174 3924/4086 3944/4071 3943/4175
f 3934/4154 3933/4177 3951/4178 3950/4168
f 3933/4177 3932/4122 3952/4090 3951/4178
f 3938/4121 3937/4179 3941/4180 3940/4074
f 3937/4179 3936/4156 3942/4176 3941/4180
s 381
f 3954/4181 3953/4182 4089/4183 4094/4184
f 3953/4185 3960/4186 4090/4187 4089/4188
f 3956/4189 3955/4190 4051/4191 4050/4192
f 3955/4190 3954/4181 4052/4193 4051/4191
f 3958/4194 3957/4195 3975/4196 3974/4197
f 3957/4198 3956/4189 3976/4199 3975/4200
f 3960/4186 3959/4201 3963/4202 3962/4203
f 3959/4201 3958/4194 3964/4204 3963/4202
f 3962/4203 3961/4205 4081/4206 4088/4207
f 3961/4205 3968/4208 4082/4209 4081/4206
f 3966/4210 3965/4211 3979/4212 3978/4213
f 3965/4211 3964/4204 3980/4214 3979/4212
f 3968/4208 3967/4215 4001/4216 4000/4217
f 3967/4215 3966/4210 4002/4218 4001/4216
f 3970/4219 3969/4220 4061/4221 4066/4222
f 3969/4220 3976/4199 4062/4223 4061/4221
f 3972/4224 3971/4225 3989/4226 3988/4227
f 3971/4228 3970/4219 3990/4229 3989/4230
f 3974/4197 3973/4231 3981/4232 3980/4214
f 3973/4231 3972/4224 3982/4233 3981/4232
f 3978/4213 3977/4234 3995/4235 3994/4236
f 3977/4234 3982/4233 3996/4237 3995/4235
f 3984/4238 3983/4239 4055/4240 4054/4241
f 3983/4239 3990/4229 4056/4242 4055/4240
f 3986/4243 3985/4244 4013/4245 4012/4246
f 3985/4247 3984/4238 4014/4248 4013/4249
f 3988/4227 3987/4250 3997/4251 3996/4237
f 3987/4250 3986/4243 3998/4252 3997/4251
f 3992/4253 3991/4254 4017/4255 4016/4256
f 3991/4254 3998/4252 4018/4257 4017/4255
f 3994/4236 3993/4258 4003/4259 4002/4218
f 3993/4258 3992/4253 4004/4260 4003/4259
f 4000/4217 3999/4261 4123/4262 4130/4263
f 3999/4261 4006/4264 4124/4265 4123/4262
f 4006/4264 4005/4266 4031/4267 4030/4268
f 4005/4266 4004/4260 4032/4269 4031/4267
f 4008/4270 4007/4271 4075/4272 4080/4273
f 4007/4271 4014/4248 4076/4274 4075/4272
f 4010/4275 4009/4276 4025/4277 4024/4278
f 4009/4279 4008/4270 4026/4280 4025/4281
f 4012/4246 4011/4282 4019/4283 4018/4257
f 4011/4282 4010/4275 4020/4284 4019/4283
f 4016/4256 4015/4285 4033/4286 4032/4269
f 4015/4285 4020/4284 4034/4287 4033/4286
f 4022/4288 4021/4289 4147/4290 4152/4291
f 4021/4292 4028/4293 4148/4294 4147/4295
f 4024/4278 4023/4296 4035/4297 4034/4287
f 4023/4296 4022/4288 4036/4298 4035/4297
f 4028/4293 4027/4299 4069/4300 4068/4301
f 4027/4299 4026/4280 4070/4302 4069/4300
f 4030/4268 4029/4303 4131/4304 4138/4305
f 4029/4303 4036/4298 4132/4306 4131/4304
f 4038/4307 4037/4308 4153/4309 4160/4310
f 4037/4308 4044/4311 4154/4312 4153/4309
f 4040/4313 4039/4314 4073/4315 4072/4316
f 4039/4314 4038/4307 4074/4317 4073/4315
f 4042/4318 4041/4319 4059/4320 4058/4321
f 4041/4319 4040/4313 4060/4322 4059/4320
f 4044/4311 4043/4323 4047/4324 4046/4325
f 4043/4323 4042/4318 4048/4326 4047/4324
f 4046/4325 4045/4327 4101/4328 4108/4329
f 4045/4327 4052/4193 4102/4330 4101/4328
f 4050/4192 4049/4331 4063/4332 4062/4223
f 4049/4331 4048/4326 4064/4333 4063/4332
f 4054/4241 4053/4334 4077/4335 4076/4274
f 4053/4334 4060/4322 4078/4336 4077/4335
f 4058/4321 4057/4337 4065/4338 4064/4333
f 4057/4337 4056/4242 4066/4222 4065/4338
f 4068/4301 4067/4339 4139/4340 4146/4341
f 4067/4339 4074/4317 4140/4342 4139/4340
f 4072/4316 4071/4343 4079/4344 4078/4336
f 4071/4343 4070/4302 4080/4273 4079/4344
f 4084/4345 4083/4346 4129/4347 4128/4348
f 4083/4346 4082/4209 4130/4263 4129/4347
f 4086/4349 4085/4350 4099/4351 4098/4352
f 4085/4350 4084/4345 4100/4353 4099/4351
f 4088/4207 4087/4354 4091/4355 4090/4187
f 4087/4354 4086/4349 4092/4356 4091/4355
f 4094/4184 4093/4357 4103/4358 4102/4330
f 4093/4357 4092/4356 4104/4359 4103/4358
f 4096/4360 4095/4361 4117/4362 4116/4363
f 4095/4361 4100/4353 4118/4364 4117/4362
f 4098/4352 4097/4365 4105/4366 4104/4359
f 4097/4365 4096/4360 4106/4367 4105/4366
f 4108/4329 4107/4368 4155/4369 4154/4312
f 4107/4368 4106/4367 4156/4370 4155/4369
f 4110/4371 4109/4372 4143/4373 4142/4374
f 4109/4372 4114/4375 4144/4376 4143/4373
f 4112/4377 4111/4378 4121/4379 4120/4380
f 4111/4378 4110/4371 4122/4381 4121/4379
f 4114/4375 4113/4382 4135/4383 4134/4384
f 4113/4382 4112/4377 4136/4385 4135/4383
f 4116/4363 4115/4386 4157/4387 4156/4370
f 4115/4386 4122/4381 4158/4388 4157/4387
f 4120/4380 4119/4389 4127/4390 4126/4391
f 4119/4389 4118/4364 4128/4348 4127/4390
f 4126/4391 4125/4392 4137/4393 4136/4385
f 4125/4392 4124/4265 4138/4305 4137/4393
f 4134/4384 4133/4394 4151/4395 4150/4396
f 4133/4394 4132/4306 4152/4291 4151/4395
f 4142/4374 4141/4397 4159/4398 4158/4388
f 4141/4397 4140/4342 4160/4310 4159/4398
f 4146/4341 4145/4399 4149/4400 4148/4294
f 4145/4399 4144/4376 4150/4396 4149/4400
s 401
f 4162/4401 4161/4402 4297/4403 4302/4404
f 4161/4405 4168/4406 4298/4407 4297/4408
f 4164/4409 4163/4410 4259/4411 4258/4412
f 4163/4410 4162/4401 4260/4413 4259/4411
f 4166/4414 4165/4415 4183/4416 4182/4417
f 4165/4418 4164/4409 4184/4419 4183/4420
f 4168/4406 4167/4421 4171/4422 4170/4423
f 4167/4421 4166/4414 4172/4424 4171/4422
f 4170/4423 4169/4425 4289/4426 4296/4427
f 4169/4425 4176/4428 4290/4429 4289/4426
f 4174/4430 4173/4431 4187/4432 4186/4433
f 4173/4431 4172/4424 4188/4434 4187/4432
f 4176/4428 4175/4435 4209/4436 4208/4437
f 4175/4435 4174/4430 4210/4438 4209/4436
f 4178/4439 4177/4440 4269/4441 4274/4442
f 4177/4440 4184/4419 4270/4443 4269/4441
f 4180/4444 4179/4445 4197/4446 4196/4447
f 4179/4448 4178/4439 4198/4449 4197/4450
f 4182/4417 4181/4451 4189/4452 4188/4434
f 4181/4451 4180/4444 4190/4453 4189/4452
f 4186/4433 4185/4454 4203/4455 4202/4456
f 4185/4454 4190/4453 4204/4457 4203/4455
f 4192/4458 4191/4459 4263/4460 4262/4461
f 4191/4459 4198/4449 4264/4462 4263/4460
f 4194/4463 4193/4464 4221/4465 4220/4466
f 4193/4467 4192/4458 4222/4468 4221/4469
f 4196/4447 4195/4470 4205/4471 4204/4457
f 4195/4470 4194/4463 4206/4472 4205/4471
f 4200/4473 4199/4474 4225/4475 4224/4476
f 4199/4474 4206/4472 4226/4477 4225/4475
f 4202/4456 4201/4478 4211/4479 4210/4438
f 4201/4478 4200/4473 4212/4480 4211/4479
f 4208/4437 4207/4481 4331/4482 4338/4483
f 4207/4481 4214/4484 4332/4485 4331/4482
f 4214/4484 4213/4486 4239/4487 4238/4488
f 4213/4486 4212/4480 4240/4489 4239/4487
f 4216/4490 4215/4491 4283/4492 4288/4493
f 4215/4491 4222/4468 4284/4494 4283/4492
f 4218/4495 4217/4496 4233/4497 4232/4498
f 4217/4499 4216/4490 4234/4500 4233/4501
f 4220/4466 4219/4502 4227/4503 4226/4477
f 4219/4502 4218/4495 4228/4504 4227/4503
f 4224/4476 4223/4505 4241/4506 4240/4489
f 4223/4505 4228/4504 4242/4507 4241/4506
f 4230/4508 4229/4509 4355/4510 4360/4511
f 4229/4512 4236/4513 4356/4514 4355/4515
f 4232/4498 4231/4516 4243/4517 4242/4507
f 4231/4516 4230/4508 4244/4518 4243/4517
f 4236/4513 4235/4519 4277/4520 4276/4521
f 4235/4519 4234/4500 4278/4522 4277/4520
f 4238/4488 4237/4523 4339/4524 4346/4525
f 4237/4523 4244/4518 4340/4526 4339/4524
f 4246/4527 4245/4528 4361/4529 4368/4530
f 4245/4528 4252/4531 4362/4532 4361/4529
f 4248/4533 4247/4534 4281/4535 4280/4536
f 4247/4534 4246/4527 4282/4537 4281/4535
f 4250/4538 4249/4539 4267/4540 4266/4541
f 4249/4539 4248/4533 4268/4542 4267/4540
f 4252/4531 4251/4543 4255/4544 4254/4545
f 4251/4543 4250/4538 4256/4546 4255/4544
f 4254/4545 4253/4547 4309/4548 4316/4549
f 4253/4547 4260/4413 4310/4550 4309/4548
f 4258/4412 4257/4551 4271/4552 4270/4443
f 4257/4551 4256/4546 4272/4553 4271/4552
f 4262/4461 4261/4554 4285/4555 4284/4494
f 4261/4554 4268/4542 4286/4556 4285/4555
f 4266/4541 4265/4557 4273/4558 4272/4553
f 4265/4557 4264/4462 4274/4442 4273/4558
f 4276/4521 4275/4559 4347/4560 4354/4561
f 4275/4559 4282/4537 4348/4562 4347/4560
f 4280/4536 4279/4563 4287/4564 4286/4556
f 4279/4563 4278/4522 4288/4493 4287/4564
f 4292/4565 4291/4566 4337/4567 4336/4568
f 4291/4566 4290/4429 4338/4483 4337/4567
f 4294/4569 4293/4570 4307/4571 4306/4572
f 4293/4570 4292/4565 4308/4573 4307/4571
f 4296/4427 4295/4574 4299/4575 4298/4407
f 4295/4574 4294/4569 4300/4576 4299/4575
f 4302/4404 4301/4577 4311/4578 4310/4550
f 4301/4577 4300/4576 4312/4579 4311/4578
f 4304/4580 4303/4581 4325/4582 4324/4583
f 4303/4581 4308/4573 4326/4584 4325/4582
f 4306/4572 4305/4585 4313/4586 4312/4579
f 4305/4585 4304/4580 4314/4587 4313/4586
f 4316/4549 4315/4588 4363/4589 4362/4532
f 4315/4588 4314/4587 4364/4590 4363/4589
f 4318/4591 4317/4592 4351/4593 4350/4594
f 4317/4592 4322/4595 4352/4596 4351/4593
f 4320/4597 4319/4598 4329/4599 4328/4600
f 4319/4598 4318/4591 4330/4601 4329/4599
f 4322/4595 4321/4602 4343/4603 4342/4604
f 4321/4602 4320/4597 4344/4605 4343/4603
f 4324/4583 4323/4606 4365/4607 4364/4590
f 4323/4606 4330/4601 4366/4608 4365/4607
f 4328/4600 4327/4609 4335/4610 4334/4611
f 4327/4609 4326/4584 4336/4568 4335/4610
f 4334/4611 4333/4612 4345/4613 4344/4605
f 4333/4612 4332/4485 4346/4525 4345/4613
f 4342/4604 4341/4614 4359/4615 4358/4616
f 4341/4614 4340/4526 4360/4511 4359/4615
f 4350/4594 4349/4617 4367/4618 4366/4608
f 4349/4617 4348/4562 4368/4530 4367/4618
f 4354/4561 4353/4619 4357/4620 4356/4514
f 4353/4619 4352/4596 4358/4616 4357/4620
s 421
f 4370/4621 4369/4622 4505/4623 4510/4624
f 4369/4625 4376/4626 4506/4627 4505/4628
f 4372/4629 4371/4630 4467/4631 4466/4632
f 4371/4630 4370/4621 4468/4633 4467/4631
f 4374/4634 4373/4635 4391/4636 4390/4637
f 4373/4638 4372/4629 4392/4639 4391/4640
f 4376/4626 4375/4641 4379/4642 4378/4643
f 4375/4641 4374/4634 4380/4644 4379/4642
f 4378/4643 4377/4645 4497/4646 4504/4647
f 4377/4645 4384/4648 4498/4649 4497/4646
f 4382/4650 4381/4651 4395/4652 4394/4653
f 4381/4651 4380/4644 4396/4654 4395/4652
f 4384/4648 4383/4655 4417/4656 4416/4657
f 4383/4655 4382/4650 4418/4658 4417/4656
f 4386/4659 4385/4660 4477/4661 4482/4662
f 4385/4660 4392/4639 4478/4663 4477/4661
f 4388/4664 4387/4665 4405/4666 4404/4667
f 4387/4668 4386/4659 4406/4669 4405/4670
f 4390/4637 4389/4671 4397/4672 4396/4654
f 4389/4671 4388/4664 4398/4673 4397/4672
f 4394/4653 4393/4674 4411/4675 4410/4676
f 4393/4674 4398/4673 4412/4677 4411/4675
f 4400/4678 4399/4679 4471/4680 4470/4681
f 4399/4679 4406/4669 4472/4682 4471/4680
f 4402/4683 4401/4684 4429/4685 4428/4686
f 4401/4687 4400/4678 4430/4688 4429/4689
f 4404/4667 4403/4690 4413/4691 4412/4677
f 4403/4690 4402/4683 4414/4692 4413/4691
f 4408/4693 4407/4694 4433/4695 4432/4696
f 4407/4694 4414/4692 4434/4697 4433/4695
f 4410/4676 4409/4698 4419/4699 4418/4658
f 4409/4698 4408/4693 4420/4700 4419/4699
f 4416/4657 4415/4701 4539/4702 4546/4703
f 4415/4701 4422/4704 4540/4705 4539/4702
f 4422/4704 4421/4706 4447/4707 4446/4708
f 4421/4706 4420/4700 4448/4709 4447/4707
f 4424/4710 4423/4711 4491/4712 4496/4713
f 4423/4711 4430/4688 4492/4714 4491/4712
f 4426/4715 4425/4716 4441/4717 4440/4718
f 4425/4719 4424/4710 4442/4720 4441/4721
f 4428/4686 4427/4722 4435/4723 4434/4697
f 4427/4722 4426/4715 4436/4724 4435/4723
f 4432/4696 4431/4725 4449/4726 4448/4709
f 4431/4725 4436/4724 4450/4727 4449/4726
f 4438/4728 4437/4729 4563/4730 4568/4731
f 4437/4732 4444/4733 4564/4734 4563/4735
f 4440/4718 4439/4736 4451/4737 4450/4727
f 4439/4736 4438/4728 4452/4738 4451/4737
f 4444/4733 4443/4739 4485/4740 4484/4741
f 4443/4739 4442/4720 4486/4742 4485/4740
f 4446/4708 4445/4743 4547/4744 4554/4745
f 4445/4743 4452/4738 4548/4746 4547/4744
f 4454/4747 4453/4748 4569/4749 4576/4750
f 4453/4748 4460/4751 4570/4752 4569/4749
f 4456/4753 4455/4754 4489/4755 4488/4756
f 4455/4754 4454/4747 4490/4757 4489/4755
f 4458/4758 4457/4759 4475/4760 4474/4761
f 4457/4759 4456/4753 4476/4762 4475/4760
f 4460/4751 4459/4763 4463/4764 4462/4765
f 4459/4763 4458/4758 4464/4766 4463/4764
f 4462/4765 4461/4767 4517/4768 4524/4769
f 4461/4767 4468/4633 4518/4770 4517/4768
f 4466/4632 4465/4771 4479/4772 4478/4663
f 4465/4771 4464/4766 4480/4773 4479/4772
f 4470/4681 4469/4774 4493/4775 4492/4714
f 4469/4774 4476/4762 4494/4776 4493/4775
f 4474/4761 4473/4777 4481/4778 4480/4773
f 4473/4777 4472/4682 4482/4662 4481/4778
f 4484/4741 4483/4779 4555/4780 4562/4781
f 4483/4779 4490/4757 4556/4782 4555/4780
f 4488/4756 4487/4783 4495/4784 4494/4776
f 4487/4783 4486/4742 4496/4713 4495/4784
f 4500/4785 4499/4786 4545/4787 4544/4788
f 4499/4786 4498/4649 4546/4703 4545/4787
f 4502/4789 4501/4790 4515/4791 4514/4792
f 4501/4790 4500/4785 4516/4793 4515/4791
f 4504/4647 4503/4794 4507/4795 4506/4627
f 4503/4794 4502/4789 4508/4796 4507/4795
f 4510/4624 4509/4797 4519/4798 4518/4770
f 4509/4797 4508/4796 4520/4799 4519/4798
f 4512/4800 4511/4801 4533/4802 4532/4803
f 4511/4801 4516/4793 4534/4804 4533/4802
f 4514/4792 4513/4805 4521/4806 4520/4799
f 4513/4805 4512/4800 4522/4807 4521/4806
f 4524/4769 4523/4808 4571/4809 4570/4752
f 4523/4808 4522/4807 4572/4810 4571/4809
f 4526/4811 4525/4812 4559/4813 4558/4814
f 4525/4812 4530/4815 4560/4816 4559/4813
f 4528/4817 4527/4818 4537/4819 4536/4820
f 4527/4818 4526/4811 4538/4821 4537/4819
f 4530/4815 4529/4822 4551/4823 4550/4824
f 4529/4822 4528/4817 4552/4825 4551/4823
f 4532/4803 4531/4826 4573/4827 4572/4810
f 4531/4826 4538/4821 4574/4828 4573/4827
f 4536/4820 4535/4829 4543/4830 4542/4831
f 4535/4829 4534/4804 4544/4788 4543/4830
f 4542/4831 4541/4832 4553/4833 4552/4825
f 4541/4832 4540/4705 4554/4745 4553/4833
f 4550/4824 4549/4834 4567/4835 4566/4836
f 4549/4834 4548/4746 4568/4731 4567/4835
f 4558/4814 4557/4837 4575/4838 4574/4828
f 4557/4837 4556/4782 4576/4750 4575/4838
f 4562/4781 4561/4839 4565/4840 4564/4734
f 4561/4839 4560/4816 4566/4836 4565/4840
s 441
f 4578/4841 4577/4842 4713/4843 4718/4844
f 4577/4845 4584/4846 4714/4847 4713/4848
f 4580/4849 4579/4850 4675/4851 4674/4852
f 4579/4850 4578/4841 4676/4853 4675/4851
f 4582/4854 4581/4855 4599/4856 4598/4857
f 4581/4858 4580/4849 4600/4859 4599/4860
f 4584/4846 4583/4861 4587/4862 4586/4863
f 4583/4861 4582/4854 4588/4864 4587/4862
f 4586/4863 4585/4865 4705/4866 4712/4867
f 4585/4865 4592/4868 4706/4869 4705/4866
f 4590/4870 4589/4871 4603/4872 4602/4873
f 4589/4871 4588/4864 4604/4874 4603/4872
f 4592/4868 4591/4875 4625/4876 4624/4877
f 4591/4875 4590/4870 4626/4878 4625/4876
f 4594/4879 4593/4880 4685/4881 4690/4882
f 4593/4880 4600/4859 4686/4883 4685/4881
f 4596/4884 4595/4885 4613/4886 4612/4887
f 4595/4888 4594/4879 4614/4889 4613/4890
f 4598/4857 4597/4891 4605/4892 4604/4874
f 4597/4891 4596/4884 4606/4893 4605/4892
f 4602/4873 4601/4894 4619/4895 4618/4896
f 4601/4894 4606/4893 4620/4897 4619/4895
f 4608/4898 4607/4899 4679/4900 4678/4901
f 4607/4899 4614/4889 4680/4902 4679/4900
f 4610/4903 4609/4904 4637/4905 4636/4906
f 4609/4907 4608/4898 4638/4908 4637/4909
f 4612/4887 4611/4910 4621/4911 4620/4897
f 4611/4910 4610/4903 4622/4912 4621/4911
f 4616/4913 4615/4914 4641/4915 4640/4916
f 4615/4914 4622/4912 4642/4917 4641/4915
f 4618/4896 4617/4918 4627/4919 4626/4878
f 4617/4918 4616/4913 4628/4920 4627/4919
f 4624/4877 4623/4921 4747/4922 4754/4923
f 4623/4921 4630/4924 4748/4925 4747/4922
f 4630/4924 4629/4926 4655/4927 4654/4928
f 4629/4926 4628/4920 4656/4929 4655/4927
f 4632/4930 4631/4931 4699/4932 4704/4933
f 4631/4931 4638/4908 4700/4934 4699/4932
f 4634/4935 4633/4936 4649/4937 4648/4938
f 4633/4939 4632/4930 4650/4940 4649/4941
f 4636/4906 4635/4942 4643/4943 4642/4917
f 4635/4942 4634/4935 4644/4944 4643/4943
f 4640/4916 4639/4945 4657/4946 4656/4929
f 4639/4945 4644/4944 4658/4947 4657/4946
f 4646/4948 4645/4949 4771/4950 4776/4951
f 4645/4952 4652/4953 4772/4954 4771/4955
f 4648/4938 4647/4956 4659/4957 4658/4947
f 4647/4956 4646/4948 4660/4958 4659/4957
f 4652/4953 4651/4959 4693/4960 4692/4961
f 4651/4959 4650/4940 4694/4962 4693/4960
f 4654/4928 4653/4963 4755/4964 4762/4965
f 4653/4963 4660/4958 4756/4966 4755/4964
f 4662/4967 4661/4968 4777/4969 4784/4970
f 4661/4968 4668/4971 4778/4972 4777/4969
f 4664/4973 4663/4974 4697/4975 4696/4976
f 4663/4974 4662/4967 4698/4977 4697/4975
f 4666/4978 4665/4979 4683/4980 4682/4981
f 4665/4979 4664/4973 4684/4982 4683/4980
f 4668/4971 4667/4983 4671/4984 4670/4985
f 4667/4983 4666/4978 4672/4986 4671/4984
f 4670/4985 4669/4987 4725/4988 4732/4989
f 4669/4987 4676/4853 4726/4990 4725/4988
f 4674/4852 4673/4991 4687/4992 4686/4883
f 4673/4991 4672/4986 4688/4993 4687/4992
f 4678/4901 4677/4994 4701/4995 4700/4934
f 4677/4994 4684/4982 4702/4996 4701/4995
f 4682/4981 4681/4997 4689/4998 4688/4993
f 4681/4997 4680/4902 4690/4882 4689/4998
f 4692/4961 4691/4999 4763/5000 4770/5001
f 4691/4999 4698/4977 4764/5002 4763/5000
f 4696/4976 4695/5003 4703/5004 4702/4996
f 4695/5003 4694/4962 4704/4933 4703/5004
f 4708/5005 4707/5006 4753/5007 4752/5008
f 4707/5006 4706/4869 4754/4923 4753/5007
f 4710/5009 4709/5010 4723/5011 4722/5012
f 4709/5010 4708/5005 4724/5013 4723/5011
f 4712/4867 4711/5014 4715/5015 4714/4847
f 4711/5014 4710/5009 4716/5016 4715/5015
f 4718/4844 4717/5017 4727/5018 4726/4990
f 4717/5017 4716/5016 4728/5019 4727/5018
f 4720/5020 4719/5021 4741/5022 4740/5023
f 4719/5021 4724/5013 4742/5024 4741/5022
f 4722/5012 4721/5025 4729/5026 4728/5019
f 4721/5025 4720/5020 4730/5027 4729/5026
f 4732/4989 4731/5028 4779/5029 4778/4972
f 4731/5028 4730/5027 4780/5030 4779/5029
f 4734/5031 4733/5032 4767/5033 4766/5034
f 4733/5032 4738/5035 4768/5036 4767/5033
f 4736/5037 4735/5038 4745/5039 4744/5040
f 4735/5038 4734/5031 4746/5041 4745/5039
f 4738/5035 4737/5042 4759/5043 4758/5044
f 4737/5042 4736/5037 4760/5045 4759/5043
f 4740/5023 4739/5046 4781/5047 4780/5030
f 4739/5046 4746/5041 4782/5048 4781/5047
f 4744/5040 4743/5049 4751/5050 4750/5051
f 4743/5049 4742/5024 4752/5008 4751/5050
f 4750/5051 4749/5052 4761/5053 4760/5045
f 4749/5052 4748/4925 4762/4965 4761/5053
f 4758/5044 4757/5054 4775/5055 4774/5056
f 4757/5054 4756/4966 4776/4951 4775/5055
f 4766/5034 4765/5057 4783/5058 4782/5048
f 4765/5057 4764/5002 4784/4970 4783/5058
f 4770/5001 4769/5059 4773/5060 4772/4954
f 4769/5059 4768/5036 4774/5056 4773/5060
s 461
f 4786/5061 4785/5062 4921/5063 4926/5064
f 4785/5065 4792/5066 4922/5067 4921/5068
f 4788/5069 4787/5070 4883/5071 4882/5072
f 4787/5070 4786/5061 4884/5073 4883/5071
f 4790/5074 4789/5075 4807/5076 4806/5077
f 4789/5078 4788/5069 4808/5079 4807/5080
f 4792/5066 4791/5081 4795/5082 4794/5083
f 4791/5081 4790/5074 4796/5084 4795/5082
f 4794/5083 4793/5085 4913/5086 4920/5087
f 4793/5085 4800/5088 4914/5089 4913/5086
f 4798/5090 4797/5091 4811/5092 4810/5093
f 4797/5091 4796/5084 4812/5094 4811/5092
f 4800/5088 4799/5095 4833/5096 4832/5097
f 4799/5095 4798/5090 4834/5098 4833/5096
f 4802/5099 4801/5100 4893/5101 4898/5102
f 4801/5100 4808/5079 4894/5103 4893/5101
f 4804/5104 4803/5105 4821/5106 4820/5107
f 4803/5108 4802/5099 4822/5109 4821/5110
f 4806/5077 4805/5111 4813/5112 4812/5094
f 4805/5111 4804/5104 4814/5113 4813/5112
f 4810/5093 4809/5114 4827/5115 4826/5116
f 4809/5114 4814/5113 4828/5117 4827/5115
f 4816/5118 4815/5119 4887/5120 4886/5121
f 4815/5119 4822/5109 4888/5122 4887/5120
f 4818/5123 4817/5124 4845/5125 4844/5126
f 4817/5127 4816/5118 4846/5128 4845/5129
f 4820/5107 4819/5130 4829/5131 4828/5117
f 4819/5130 4818/5123 4830/5132 4829/5131
f 4824/5133 4823/5134 4849/5135 4848/5136
f 4823/5134 4830/5132 4850/5137 4849/5135
f 4826/5116 4825/5138 4835/5139 4834/5098
f 4825/5138 4824/5133 4836/5140 4835/5139
f 4832/5097 4831/5141 4955/5142 4962/5143
f 4831/5141 4838/5144 4956/5145 4955/5142
f 4838/5144 4837/5146 4863/5147 4862/5148
f 4837/5146 4836/5140 4864/5149 4863/5147
f 4840/5150 4839/5151 4907/5152 4912/5153
f 4839/5151 4846/5128 4908/5154 4907/5152
f 4842/5155 4841/5156 4857/5157 4856/5158
f 4841/5159 4840/5150 4858/5160 4857/5161
f 4844/5126 4843/5162 4851/5163 4850/5137
f 4843/5162 4842/5155 4852/5164 4851/5163
f 4848/5136 4847/5165 4865/5166 4864/5149
f 4847/5165 4852/5164 4866/5167 4865/5166
f 4854/5168 4853/5169 4979/5170 4984/5171
f 4853/5172 4860/5173 4980/5174 4979/5175
f 4856/5158 4855/5176 4867/5177 4866/5167
f 4855/5176 4854/5168 4868/5178 4867/5177
f 4860/5173 4859/5179 4901/5180 4900/5181
f 4859/5179 4858/5160 4902/5182 4901/5180
f 4862/5148 4861/5183 4963/5184 4970/5185
f 4861/5183 4868/5178 4964/5186 4963/5184
f 4870/5187 4869/5188 4985/5189 4992/5190
f 4869/5188 4876/5191 4986/5192 4985/5189
f 4872/5193 4871/5194 4905/5195 4904/5196
f 4871/5194 4870/5187 4906/5197 4905/5195
f 4874/5198 4873/5199 4891/5200 4890/5201
f 4873/5199 4872/5193 4892/5202 4891/5200
f 4876/5191 4875/5203 4879/5204 4878/5205
f 4875/5203 4874/5198 4880/5206 4879/5204
f 4878/5205 4877/5207 4933/5208 4940/5209
f 4877/5207 4884/5073 4934/5210 4933/5208
f 4882/5072 4881/5211 4895/5212 4894/5103
f 4881/5211 4880/5206 4896/5213 4895/5212
f 4886/5121 4885/5214 4909/5215 4908/5154
f 4885/5214 4892/5202 4910/5216 4909/5215
f 4890/5201 4889/5217 4897/5218 4896/5213
f 4889/5217 4888/5122 4898/5102 4897/5218
f 4900/5181 4899/5219 4971/5220 4978/5221
f 4899/5219 4906/5197 4972/5222 4971/5220
f 4904/5196 4903/5223 4911/5224 4910/5216
f 4903/5223 4902/5182 4912/5153 4911/5224
f 4916/5225 4915/5226 4961/5227 4960/5228
f 4915/5226 4914/5089 4962/5143 4961/5227
f 4918/5229 4917/5230 4931/5231 4930/5232
f 4917/5230 4916/5225 4932/5233 4931/5231
f 4920/5087 4919/5234 4923/5235 4922/5067
f 4919/5234 4918/5229 4924/5236 4923/5235
f 4926/5064 4925/5237 4935/5238 4934/5210
f 4925/5237 4924/5236 4936/5239 4935/5238
f 4928/5240 4927/5241 4949/5242 4948/5243
f 4927/5241 4932/5233 4950/5244 4949/5242
f 4930/5232 4929/5245 4937/5246 4936/5239
f 4929/5245 4928/5240 4938/5247 4937/5246
f 4940/5209 4939/5248 4987/5249 4986/5192
f 4939/5248 4938/5247 4988/5250 4987/5249
f 4942/5251 4941/5252 4975/5253 4974/5254
f 4941/5252 4946/5255 4976/5256 4975/5253
f 4944/5257 4943/5258 4953/5259 4952/5260
f 4943/5258 4942/5251 4954/5261 4953/5259
f 4946/5255 4945/5262 4967/5263 4966/5264
f 4945/5262 4944/5257 4968/5265 4967/5263
f 4948/5243 4947/5266 4989/5267 4988/5250
f 4947/5266 4954/5261 4990/5268 4989/5267
f 4952/5260 4951/5269 4959/5270 4958/5271
f 4951/5269 4950/5244 4960/5228 4959/5270
f 4958/5271 4957/5272 4969/5273 4968/5265
f 4957/5272 4956/5145 4970/5185 4969/5273
f 4966/5264 4965/5274 4983/5275 4982/5276
f 4965/5274 4964/5186 4984/5171 4983/5275
f 4974/5254 4973/5277 4991/5278 4990/5268
f 4973/5277 4972/5222 4992/5190 4991/5278
f 4978/5221 4977/5279 4981/5280 4980/5174
f 4977/5279 4976/5256 4982/5276 4981/5280
s 481
f 4994/5281 4993/5282 5129/5283 5134/5284
f 4993/5285 5000/5286 5130/5287 5129/5288
f 4996/5289 4995/5290 5091/5291 5090/5292
f 4995/5290 4994/5281 5092/5293 5091/5291
f 4998/5294 4997/5295 5015/5296 5014/5297
f 4997/5298 4996/5289 5016/5299 5015/5300
f 5000/5286 4999/5301 5003/5302 5002/5303
f 4999/5301 4998/5294 5004/5304 5003/5302
f 5002/5303 5001/5305 5121/5306 5128/5307
f 5001/5305 5008/5308 5122/5309 5121/5306
f 5006/5310 5005/5311 5019/5312 5018/5313
f 5005/5311 5004/5304 5020/5314 5019/5312
f 5008/5308 5007/5315 5041/5316 5040/5317
f 5007/5315 5006/5310 5042/5318 5041/5316
f 5010/5319 5009/5320 5101/5321 5106/5322
f 5009/5320 5016/5299 5102/5323 5101/5321
f 5012/5324 5011/5325 5029/5326 5028/5327
f 5011/5328 5010/5319 5030/5329 5029/5330
f 5014/5297 5013/5331 5021/5332 5020/5314
f 5013/5331 5012/5324 5022/5333 5021/5332
f 5018/5313 5017/5334 5035/5335 5034/5336
f 5017/5334 5022/5333 5036/5337 5035/5335
f 5024/5338 5023/5339 5095/5340 5094/5341
f 5023/5339 5030/5329 5096/5342 5095/5340
f 5026/5343 5025/5344 5053/5345 5052/5346
f 5025/5347 5024/5338 5054/5348 5053/5349
f 5028/5327 5027/5350 5037/5351 5036/5337
f 5027/5350 5026/5343 5038/5352 5037/5351
f 5032/5353 5031/5354 5057/5355 5056/5356
f 5031/5354 5038/5352 5058/5357 5057/5355
f 5034/5336 5033/5358 5043/5359 5042/5318
f 5033/5358 5032/5353 5044/5360 5043/5359
f 5040/5317 5039/5361 5163/5362 5170/5363
f 5039/5361 5046/5364 5164/5365 5163/5362
f 5046/5364 5045/5366 5071/5367 5070/5368
f 5045/5366 5044/5360 5072/5369 5071/5367
f 5048/5370 5047/5371 5115/5372 5120/5373
f 5047/5371 5054/5348 5116/5374 5115/5372
f 5050/5375 5049/5376 5065/5377 5064/5378
f 5049/5379 5048/5370 5066/5380 5065/5381
f 5052/5346 5051/5382 5059/5383 5058/5357
f 5051/5382 5050/5375 5060/5384 5059/5383
f 5056/5356 5055/5385 5073/5386 5072/5369
f 5055/5385 5060/5384 5074/5387 5073/5386
f 5062/5388 5061/5389 5187/5390 5192/5391
f 5061/5392 5068/5393 5188/5394 5187/5395
f 5064/5378 5063/5396 5075/5397 5074/5387
f 5063/5396 5062/5388 5076/5398 5075/5397
f 5068/5393 5067/5399 5109/5400 5108/5401
f 5067/5399 5066/5380 5110/5402 5109/5400
f 5070/5368 5069/5403 5171/5404 5178/5405
f 5069/5403 5076/5398 5172/5406 5171/5404
f 5078/5407 5077/5408 5193/5409 5200/5410
f 5077/5408 5084/5411 5194/5412 5193/5409
f 5080/5413 5079/5414 5113/5415 5112/5416
f 5079/5414 5078/5407 5114/5417 5113/5415
f 5082/5418 5081/5419 5099/5420 5098/5421
f 5081/5419 5080/5413 5100/5422 5099/5420
f 5084/5411 5083/5423 5087/5424 5086/5425
f 5083/5423 5082/5418 5088/5426 5087/5424
f 5086/5425 5085/5427 5141/5428 5148/5429
f 5085/5427 5092/5293 5142/5430 5141/5428
f 5090/5292 5089/5431 5103/5432 5102/5323
f 5089/5431 5088/5426 5104/5433 5103/5432
f 5094/5341 5093/5434 5117/5435 5116/5374
f 5093/5434 5100/5422 5118/5436 5117/5435
f 5098/5421 5097/5437 5105/5438 5104/5433
f 5097/5437 5096/5342 5106/5322 5105/5438
f 5108/5401 5107/5439 5179/5440 5186/5441
f 5107/5439 5114/5417 5180/5442 5179/5440
f 5112/5416 5111/5443 5119/5444 5118/5436
f 5111/5443 5110/5402 5120/5373 5119/5444
f 5124/5445 5123/5446 5169/5447 5168/5448
f 5123/5446 5122/5309 5170/5363 5169/5447
f 5126/5449 5125/5450 5139/5451 5138/5452
f 5125/5450 5124/5445 5140/5453 5139/5451
f 5128/5307 5127/5454 5131/5455 5130/5287
f 5127/5454 5126/5449 5132/5456 5131/5455
f 5134/5284 5133/5457 5143/5458 5142/5430
f 5133/5457 5132/5456 5144/5459 5143/5458
f 5136/5460 5135/5461 5157/5462 5156/5463
f 5135/5461 5140/5453 5158/5464 5157/5462
f 5138/5452 5137/5465 5145/5466 5144/5459
f 5137/5465 5136/5460 5146/5467 5145/5466
f 5148/5429 5147/5468 5195/5469 5194/5412
f 5147/5468 5146/5467 5196/5470 5195/5469
f 5150/5471 5149/5472 5183/5473 5182/5474
f 5149/5472 5154/5475 5184/5476 5183/5473
f 5152/5477 5151/5478 5161/5479 5160/5480
f 5151/5478 5150/5471 5162/5481 5161/5479
f 5154/5475 5153/5482 5175/5483 5174/5484
f 5153/5482 5152/5477 5176/5485 5175/5483
f 5156/5463 5155/5486 5197/5487 5196/5470
f 5155/5486 5162/5481 5198/5488 5197/5487
f 5160/5480 5159/5489 5167/5490 5166/5491
f 5159/5489 5158/5464 5168/5448 5167/5490
f 5166/5491 5165/5492 5177/5493 5176/5485
f 5165/5492 5164/5365 5178/5405 5177/5493
f 5174/5484 5173/5494 5191/5495 5190/5496
f 5173/5494 5172/5406 5192/5391 5191/5495
f 5182/5474 5181/5497 5199/5498 5198/5488
f 5181/5497 5180/5442 5200/5410 5199/5498
f 5186/5441 5185/5499 5189/5500 5188/5394
f 5185/5499 5184/5476 5190/5496 5189/5500
s 501
f 5202/5501 5201/5502 5337/5503 5342/5504
f 5201/5505 5208/5506 5338/5507 5337/5508
f 5204/5509 5203/5510 5299/5511 5298/5512
f 5203/5510 5202/5501 5300/5513 5299/5511
f 5206/5514 5205/5515 5223/5516 5222/5517
f 5205/5518 5204/5509 5224/5519 5223/5520
f 5208/5506 5207/5521 5211/5522 5210/5523
f 5207/5521 5206/5514 5212/5524 5211/5522
f 5210/5523 5209/5525 5329/5526 5336/5527
f 5209/5525 5216/5528 5330/5529 5329/5526
f 5214/5530 5213/5531 5227/5532 5226/5533
f 5213/5531 5212/5524 5228/5534 5227/5532
f 5216/5528 5215/5535 5249/5536 5248/5537
f 5215/5535 5214/5530 5250/5538 5249/5536
f 5218/5539 5217/5540 5309/5541 5314/5542
f 5217/5540 5224/5519 5310/5543 5309/5541
f 5220/5544 5219/5545 5237/5546 5236/5547
f 5219/5548 5218/5539 5238/5549 5237/5550
f 5222/5517 5221/5551 5229/5552 5228/5534
f 5221/5551 5220/5544 5230/5553 5229/5552
f 5226/5533 5225/5554 5243/5555 5242/5556
f 5225/5554 5230/5553 5244/5557 5243/5555
f 5232/5558 5231/5559 5303/5560 5302/5561
f 5231/5559 5238/5549 5304/5562 5303/5560
f 5234/5563 5233/5564 5261/5565 5260/5566
f 5233/5567 5232/5558 5262/5568 5261/5569
f 5236/5547 5235/5570 5245/5571 5244/5557
f 5235/5570 5234/5563 5246/5572 5245/5571
f 5240/5573 5239/5574 5265/5575 5264/5576
f 5239/5574 5246/5572 5266/5577 5265/5575
f 5242/5556 5241/5578 5251/5579 5250/5538
f 5241/5578 5240/5573 5252/5580 5251/5579
f 5248/5537 5247/5581 5371/5582 5378/5583
f 5247/5581 5254/5584 5372/5585 5371/5582
f 5254/5584 5253/5586 5279/5587 5278/5588
f 5253/5586 5252/5580 5280/5589 5279/5587
f 5256/5590 5255/5591 5323/5592 5328/5593
f 5255/5591 5262/5568 5324/5594 5323/5592
f 5258/5595 5257/5596 5273/5597 5272/5598
f 5257/5599 5256/5590 5274/5600 5273/5601
f 5260/5566 5259/5602 5267/5603 5266/5577
f 5259/5602 5258/5595 5268/5604 5267/5603
f 5264/5576 5263/5605 5281/5606 5280/5589
f 5263/5605 5268/5604 5282/5607 5281/5606
f 5270/5608 5269/5609 5395/5610 5400/5611
f 5269/5612 5276/5613 5396/5614 5395/5615
f 5272/5598 5271/5616 5283/5617 5282/5607
f 5271/5616 5270/5608 5284/5618 5283/5617
f 5276/5613 5275/5619 5317/5620 5316/5621
f 5275/5619 5274/5600 5318/5622 5317/5620
f 5278/5588 5277/5623 5379/5624 5386/5625
f 5277/5623 5284/5618 5380/5626 5379/5624
f 5286/5627 5285/5628 5401/5629 5408/5630
f 5285/5628 5292/5631 5402/5632 5401/5629
f 5288/5633 5287/5634 5321/5635 5320/5636
f 5287/5634 5286/5627 5322/5637 5321/5635
f 5290/5638 5289/5639 5307/5640 5306/5641
f 5289/5639 5288/5633 5308/5642 5307/5640
f 5292/5631 5291/5643 5295/5644 5294/5645
f 5291/5643 5290/5638 5296/5646 5295/5644
f 5294/5645 5293/5647 5349/5648 5356/5649
f 5293/5647 5300/5513 5350/5650 5349/5648
f 5298/5512 5297/5651 5311/5652 5310/5543
f 5297/5651 5296/5646 5312/5653 5311/5652
f 5302/5561 5301/5654 5325/5655 5324/5594
f 5301/5654 5308/5642 5326/5656 5325/5655
f 5306/5641 5305/5657 5313/5658 5312/5653
f 5305/5657 5304/5562 5314/5542 5313/5658
f 5316/5621 5315/5659 5387/5660 5394/5661
f 5315/5659 5322/5637 5388/5662 5387/5660
f 5320/5636 5319/5663 5327/5664 5326/5656
f 5319/5663 5318/5622 5328/5593 5327/5664
f 5332/5665 5331/5666 5377/5667 5376/5668
f 5331/5666 5330/5529 5378/5583 5377/5667
f 5334/5669 5333/5670 5347/5671 5346/5672
f 5333/5670 5332/5665 5348/5673 5347/5671
f 5336/5527 5335/5674 5339/5675 5338/5507
f 5335/5674 5334/5669 5340/5676 5339/5675
f 5342/5504 5341/5677 5351/5678 5350/5650
f 5341/5677 5340/5676 5352/5679 5351/5678
f 5344/5680 5343/5681 5365/5682 5364/5683
f 5343/5681 5348/5673 5366/5684 5365/5682
f 5346/5672 5345/5685 5353/5686 5352/5679
f 5345/5685 5344/5680 5354/5687 5353/5686
f 5356/5649 5355/5688 5403/5689 5402/5632
f 5355/5688 5354/5687 5404/5690 5403/5689
f 5358/5691 5357/5692 5391/5693 5390/5694
f 5357/5692 5362/5695 5392/5696 5391/5693
f 5360/5697 5359/5698 5369/5699 5368/5700
f 5359/5698 5358/5691 5370/5701 5369/5699
f 5362/5695 5361/5702 5383/5703 5382/5704
f 5361/5702 5360/5697 5384/5705 5383/5703
f 5364/5683 5363/5706 5405/5707 5404/5690
f 5363/5706 5370/5701 5406/5708 5405/5707
f 5368/5700 5367/5709 5375/5710 5374/5711
f 5367/5709 5366/5684 5376/5668 5375/5710
f 5374/5711 5373/5712 5385/5713 5384/5705
f 5373/5712 5372/5585 5386/5625 5385/5713
f 5382/5704 5381/5714 5399/5715 5398/5716
f 5381/5714 5380/5626 5400/5611 5399/5715
f 5390/5694 5389/5717 5407/5718 5406/5708
f 5389/5717 5388/5662 5408/5630 5407/5718
f 5394/5661 5393/5719 5397/5720 5396/5614
f 5393/5719 5392/5696 5398/5716 5397/5720
s 521
f 5410/5721 5409/5722 5545/5723 5550/5724
f 5409/5725 5416/5726 5546/5727 5545/5728
f 5412/5729 5411/5730 5507/5731 5506/5732
f 5411/5730 5410/5721 5508/5733 5507/5731
f 5414/5734 5413/5735 5431/5736 5430/5737
f 5413/5738 5412/5729 5432/5739 5431/5740
f 5416/5726 5415/5741 5419/5742 5418/5743
f 5415/5741 5414/5734 5420/5744 5419/5742
f 5418/5743 5417/5745 5537/5746 5544/5747
f 5417/5745 5424/5748 5538/5749 5537/5746
f 5422/5750 5421/5751 5435/5752 5434/5753
f 5421/5751 5420/5744 5436/5754 5435/5752
f 5424/5748 5423/5755 5457/5756 5456/5757
f 5423/5755 5422/5750 5458/5758 5457/5756
f 5426/5759 5425/5760 5517/5761 5522/5762
f 5425/5760 5432/5739 5518/5763 5517/5761
f 5428/5764 5427/5765 5445/5766 5444/5767
f 5427/5768 5426/5759 5446/5769 5445/5770
f 5430/5737 5429/5771 5437/5772 5436/5754
f 5429/5771 5428/5764 5438/5773 5437/5772
f 5434/5753 5433/5774 5451/5775 5450/5776
f 5433/5774 5438/5773 5452/5777 5451/5775
f 5440/5778 5439/5779 5511/5780 5510/5781
f 5439/5779 5446/5769 5512/5782 5511/5780
f 5442/5783 5441/5784 5469/5785 5468/5786
f 5441/5787 5440/5778 5470/5788 5469/5789
f 5444/5767 5443/5790 5453/5791 5452/5777
f 5443/5790 5442/5783 5454/5792 5453/5791
f 5448/5793 5447/5794 5473/5795 5472/5796
f 5447/5794 5454/5792 5474/5797 5473/5795
f 5450/5776 5449/5798 5459/5799 5458/5758
f 5449/5798 5448/5793 5460/5800 5459/5799
f 5456/5757 5455/5801 5579/5802 5586/5803
f 5455/5801 5462/5804 5580/5805 5579/5802
f 5462/5804 5461/5806 5487/5807 5486/5808
f 5461/5806 5460/5800 5488/5809 5487/5807
f 5464/5810 5463/5811 5531/5812 5536/5813
f 5463/5811 5470/5788 5532/5814 5531/5812
f 5466/5815 5465/5816 5481/5817 5480/5818
f 5465/5819 5464/5810 5482/5820 5481/5821
f 5468/5786 5467/5822 5475/5823 5474/5797
f 5467/5822 5466/5815 5476/5824 5475/5823
f 5472/5796 5471/5825 5489/5826 5488/5809
f 5471/5825 5476/5824 5490/5827 5489/5826
f 5478/5828 5477/5829 5603/5830 5608/5831
f 5477/5832 5484/5833 5604/5834 5603/5835
f 5480/5818 5479/5836 5491/5837 5490/5827
f 5479/5836 5478/5828 5492/5838 5491/5837
f 5484/5833 5483/5839 5525/5840 5524/5841
f 5483/5839 5482/5820 5526/5842 5525/5840
f 5486/5808 5485/5843 5587/5844 5594/5845
f 5485/5843 5492/5838 5588/5846 5587/5844
f 5494/5847 5493/5848 5609/5849 5616/5850
f 5493/5848 5500/5851 5610/5852 5609/5849
f 5496/5853 5495/5854 5529/5855 5528/5856
f 5495/5854 5494/5847 5530/5857 5529/5855
f 5498/5858 5497/5859 5515/5860 5514/5861
f 5497/5859 5496/5853 5516/5862 5515/5860
f 5500/5851 5499/5863 5503/5864 5502/5865
f 5499/5863 5498/5858 5504/5866 5503/5864
f 5502/5865 5501/5867 5557/5868 5564/5869
f 5501/5867 5508/5733 5558/5870 5557/5868
f 5506/5732 5505/5871 5519/5872 5518/5763
f 5505/5871 5504/5866 5520/5873 5519/5872
f 5510/5781 5509/5874 5533/5875 5532/5814
f 5509/5874 5516/5862 5534/5876 5533/5875
f 5514/5861 5513/5877 5521/5878 5520/5873
f 5513/5877 5512/5782 5522/5762 5521/5878
f 5524/5841 5523/5879 5595/5880 5602/5881
f 5523/5879 5530/5857 5596/5882 5595/5880
f 5528/5856 5527/5883 5535/5884 5534/5876
f 5527/5883 5526/5842 5536/5813 5535/5884
f 5540/5885 5539/5886 5585/5887 5584/5888
f 5539/5886 5538/5749 5586/5803 5585/5887
f 5542/5889 5541/5890 5555/5891 5554/5892
f 5541/5890 5540/5885 5556/5893 5555/5891
f 5544/5747 5543/5894 5547/5895 5546/5727
f 5543/5894 5542/5889 5548/5896 5547/5895
f 5550/5724 5549/5897 5559/5898 5558/5870
f 5549/5897 5548/5896 5560/5899 5559/5898
f 5552/5900 5551/5901 5573/5902 5572/5903
f 5551/5901 5556/5893 5574/5904 5573/5902
f 5554/5892 5553/5905 5561/5906 5560/5899
f 5553/5905 5552/5900 5562/5907 5561/5906
f 5564/5869 5563/5908 5611/5909 5610/5852
f 5563/5908 5562/5907 5612/5910 5611/5909
f 5566/5911 5565/5912 5599/5913 5598/5914
f 5565/5912 5570/5915 5600/5916 5599/5913
f 5568/5917 5567/5918 5577/5919 5576/5920
f 5567/5918 5566/5911 5578/5921 5577/5919
f 5570/5915 5569/5922 5591/5923 5590/5924
f 5569/5922 5568/5917 5592/5925 5591/5923
f 5572/5903 5571/5926 5613/5927 5612/5910
f 5571/5926 5578/5921 5614/5928 5613/5927
f 5576/5920 5575/5929 5583/5930 5582/5931
f 5575/5929 5574/5904 5584/5888 5583/5930
f 5582/5931 5581/5932 5593/5933 5592/5925
f 5581/5932 5580/5805 5594/5845 5593/5933
f 5590/5924 5589/5934 5607/5935 5606/5936
f 5589/5934 5588/5846 5608/5831 5607/5935
f 5598/5914 5597/5937 5615/5938 5614/5928
f 5597/5937 5596/5882 5616/5850 5615/5938
f 5602/5881 5601/5939 5605/5940 5604/5834
f 5601/5939 5600/5916 5606/5936 5605/5940
s 541
f 5618/5941 5617/5942 5753/5943 5758/5944
f 5617/5945 5624/5946 5754/5947 5753/5948
f 5620/5949 5619/5950 5715/5951 5714/5952
f 5619/5950 5618/5941 5716/5953 5715/5951
f 5622/5954 5621/5955 5639/5956 5638/5957
f 5621/5958 5620/5949 5640/5959 5639/5960
f 5624/5946 5623/5961 5627/5962 5626/5963
f 5623/5961 5622/5954 5628/5964 5627/5962
f 5626/5963 5625/5965 5745/5966 5752/5967
f 5625/5965 5632/5968 5746/5969 5745/5966
f 5630/5970 5629/5971 5643/5972 5642/5973
f 5629/5971 5628/5964 5644/5974 5643/5972
f 5632/5968 5631/5975 5665/5976 5664/5977
f 5631/5975 5630/5970 5666/5978 5665/5976
f 5634/5979 5633/5980 5725/5981 5730/5982
f 5633/5980 5640/5959 5726/5983 5725/5981
f 5636/5984 5635/5985 5653/5986 5652/5987
f 5635/5988 5634/5979 5654/5989 5653/5990
f 5638/5957 5637/5991 5645/5992 5644/5974
f 5637/5991 5636/5984 5646/5993 5645/5992
f 5642/5973 5641/5994 5659/5995 5658/5996
f 5641/5994 5646/5993 5660/5997 5659/5995
f 5648/5998 5647/5999 5719/6000 5718/6001
f 5647/5999 5654/5989 5720/6002 5719/6000
f 5650/6003 5649/6004 5677/6005 5676/6006
f 5649/6007 5648/5998 5678/6008 5677/6009
f 5652/5987 5651/6010 5661/6011 5660/5997
f 5651/6010 5650/6003 5662/6012 5661/6011
f 5656/6013 5655/6014 5681/6015 5680/6016
f 5655/6014 5662/6012 5682/6017 5681/6015
f 5658/5996 5657/6018 5667/6019 5666/5978
f 5657/6018 5656/6013 5668/6020 5667/6019
f 5664/5977 5663/6021 5787/6022 5794/6023
f 5663/6021 5670/6024 5788/6025 5787/6022
f 5670/6024 5669/6026 5695/6027 5694/6028
f 5669/6026 5668/6020 5696/6029 5695/6027
f 5672/6030 5671/6031 5739/6032 5744/6033
f 5671/6031 5678/6008 5740/6034 5739/6032
f 5674/6035 5673/6036 5689/6037 5688/6038
f 5673/6039 5672/6030 5690/6040 5689/6041
f 5676/6006 5675/6042 5683/6043 5682/6017
f 5675/6042 5674/6035 5684/6044 5683/6043
f 5680/6016 5679/6045 5697/6046 5696/6029
f 5679/6045 5684/6044 5698/6047 5697/6046
f 5686/6048 5685/6049 5811/6050 5816/6051
f 5685/6052 5692/6053 5812/6054 5811/6055
f 5688/6038 5687/6056 5699/6057 5698/6047
f 5687/6056 5686/6048 5700/6058 5699/6057
f 5692/6053 5691/6059 5733/6060 5732/6061
f 5691/6059 5690/6040 5734/6062 5733/6060
f 5694/6028 5693/6063 5795/6064 5802/6065
f 5693/6063 5700/6058 5796/6066 5795/6064
f 5702/6067 5701/6068 5817/6069 5824/6070
f 5701/6068 5708/6071 5818/6072 5817/6069
f 5704/6073 5703/6074 5737/6075 5736/6076
f 5703/6074 5702/6067 5738/6077 5737/6075
f 5706/6078 5705/6079 5723/6080 5722/6081
f 5705/6079 5704/6073 5724/6082 5723/6080
f 5708/6071 5707/6083 5711/6084 5710/6085
f 5707/6083 5706/6078 5712/6086 5711/6084
f 5710/6085 5709/6087 5765/6088 5772/6089
f 5709/6087 5716/5953 5766/6090 5765/6088
f 5714/5952 5713/6091 5727/6092 5726/5983
f 5713/6091 5712/6086 5728/6093 5727/6092
f 5718/6001 5717/6094 5741/6095 5740/6034
f 5717/6094 5724/6082 5742/6096 5741/6095
f 5722/6081 5721/6097 5729/6098 5728/6093
f 5721/6097 5720/6002 5730/5982 5729/6098
f 5732/6061 5731/6099 5803/6100 5810/6101
f 5731/6099 5738/6077 5804/6102 5803/6100
f 5736/6076 5735/6103 5743/6104 5742/6096
f 5735/6103 5734/6062 5744/6033 5743/6104
f 5748/6105 5747/6106 5793/6107 5792/6108
f 5747/6106 5746/5969 5794/6023 5793/6107
f 5750/6109 5749/6110 5763/6111 5762/6112
f 5749/6110 5748/6105 5764/6113 5763/6111
f 5752/5967 5751/6114 5755/6115 5754/5947
f 5751/6114 5750/6109 5756/6116 5755/6115
f 5758/5944 5757/6117 5767/6118 5766/6090
f 5757/6117 5756/6116 5768/6119 5767/6118
f 5760/6120 5759/6121 5781/6122 5780/6123
f 5759/6121 5764/6113 5782/6124 5781/6122
f 5762/6112 5761/6125 5769/6126 5768/6119
f 5761/6125 5760/6120 5770/6127 5769/6126
f 5772/6089 5771/6128 5819/6129 5818/6072
f 5771/6128 5770/6127 5820/6130 5819/6129
f 5774/6131 5773/6132 5807/6133 5806/6134
f 5773/6132 5778/6135 5808/6136 5807/6133
f 5776/6137 5775/6138 5785/6139 5784/6140
f 5775/6138 5774/6131 5786/6141 5785/6139
f 5778/6135 5777/6142 5799/6143 5798/6144
f 5777/6142 5776/6137 5800/6145 5799/6143
f 5780/6123 5779/6146 5821/6147 5820/6130
f 5779/6146 5786/6141 5822/6148 5821/6147
f 5784/6140 5783/6149 5791/6150 5790/6151
f 5783/6149 5782/6124 5792/6108 5791/6150
f 5790/6151 5789/6152 5801/6153 5800/6145
f 5789/6152 5788/6025 5802/6065 5801/6153
f 5798/6144 5797/6154 5815/6155 5814/6156
f 5797/6154 5796/6066 5816/6051 5815/6155
f 5806/6134 5805/6157 5823/6158 5822/6148
f 5805/6157 5804/6102 5824/6070 5823/6158
f 5810/6101 5809/6159 5813/6160 5812/6054
f 5809/6159 5808/6136 5814/6156 5813/6160
s 561
f 5826/6161 5825/6162 5961/6163 5966/6164
f 5825/6165 5832/6166 5962/6167 5961/6168
f 5828/6169 5827/6170 5923/6171 5922/6172
f 5827/6170 5826/6161 5924/6173 5923/6171
f 5830/6174 5829/6175 5847/6176 5846/6177
f 5829/6178 5828/6169 5848/6179 5847/6180
f 5832/6166 5831/6181 5835/6182 5834/6183
f 5831/6181 5830/6174 5836/6184 5835/6182
f 5834/6183 5833/6185 5953/6186 5960/6187
f 5833/6185 5840/6188 5954/6189 5953/6186
f 5838/6190 5837/6191 5851/6192 5850/6193
f 5837/6191 5836/6184 5852/6194 5851/6192
f 5840/6188 5839/6195 5873/6196 5872/6197
f 5839/6195 5838/6190 5874/6198 5873/6196
f 5842/6199 5841/6200 5933/6201 5938/6202
f 5841/6200 5848/6179 5934/6203 5933/6201
f 5844/6204 5843/6205 5861/6206 5860/6207
f 5843/6208 5842/6199 5862/6209 5861/6210
f 5846/6177 5845/6211 5853/6212 5852/6194
f 5845/6211 5844/6204 5854/6213 5853/6212
f 5850/6193 5849/6214 5867/6215 5866/6216
f 5849/6214 5854/6213 5868/6217 5867/6215
f 5856/6218 5855/6219 5927/6220 5926/6221
f 5855/6219 5862/6209 5928/6222 5927/6220
f 5858/6223 5857/6224 5885/6225 5884/6226
f 5857/6227 5856/6218 5886/6228 5885/6229
f 5860/6207 5859/6230 5869/6231 5868/6217
f 5859/6230 5858/6223 5870/6232 5869/6231
f 5864/6233 5863/6234 5889/6235 5888/6236
f 5863/6234 5870/6232 5890/6237 5889/6235
f 5866/6216 5865/6238 5875/6239 5874/6198
f 5865/6238 5864/6233 5876/6240 5875/6239
f 5872/6197 5871/6241 5995/6242 6002/6243
f 5871/6241 5878/6244 5996/6245 5995/6242
f 5878/6244 5877/6246 5903/6247 5902/6248
f 5877/6246 5876/6240 5904/6249 5903/6247
f 5880/6250 5879/6251 5947/6252 5952/6253
f 5879/6251 5886/6228 5948/6254 5947/6252
f 5882/6255 5881/6256 5897/6257 5896/6258
f 5881/6259 5880/6250 5898/6260 5897/6261
f 5884/6226 5883/6262 5891/6263 5890/6237
f 5883/6262 5882/6255 5892/6264 5891/6263
f 5888/6236 5887/6265 5905/6266 5904/6249
f 5887/6265 5892/6264 5906/6267 5905/6266
f 5894/6268 5893/6269 6019/6270 6024/6271
f 5893/6272 5900/6273 6020/6274 6019/6275
f 5896/6258 5895/6276 5907/6277 5906/6267
f 5895/6276 5894/6268 5908/6278 5907/6277
f 5900/6273 5899/6279 5941/6280 5940/6281
f 5899/6279 5898/6260 5942/6282 5941/6280
f 5902/6248 5901/6283 6003/6284 6010/6285
f 5901/6283 5908/6278 6004/6286 6003/6284
f 5910/6287 5909/6288 6025/6289 6032/6290
f 5909/6288 5916/6291 6026/6292 6025/6289
f 5912/6293 5911/6294 5945/6295 5944/6296
f 5911/6294 5910/6287 5946/6297 5945/6295
f 5914/6298 5913/6299 5931/6300 5930/6301
f 5913/6299 5912/6293 5932/6302 5931/6300
f 5916/6291 5915/6303 5919/6304 5918/6305
f 5915/6303 5914/6298 5920/6306 5919/6304
f 5918/6305 5917/6307 5973/6308 5980/6309
f 5917/6307 5924/6173 5974/6310 5973/6308
f 5922/6172 5921/6311 5935/6312 5934/6203
f 5921/6311 5920/6306 5936/6313 5935/6312
f 5926/6221 5925/6314 5949/6315 5948/6254
f 5925/6314 5932/6302 5950/6316 5949/6315
f 5930/6301 5929/6317 5937/6318 5936/6313
f 5929/6317 5928/6222 5938/6202 5937/6318
f 5940/6281 5939/6319 6011/6320 6018/6321
f 5939/6319 5946/6297 6012/6322 6011/6320
f 5944/6296 5943/6323 5951/6324 5950/6316
f 5943/6323 5942/6282 5952/6253 5951/6324
f 5956/6325 5955/6326 6001/6327 6000/6328
f 5955/6326 5954/6189 6002/6243 6001/6327
f 5958/6329 5957/6330 5971/6331 5970/6332
f 5957/6330 5956/6325 5972/6333 5971/6331
f 5960/6187 5959/6334 5963/6335 5962/6167
f 5959/6334 5958/6329 5964/6336 5963/6335
f 5966/6164 5965/6337 5975/6338 5974/6310
f 5965/6337 5964/6336 5976/6339 5975/6338
f 5968/6340 5967/6341 5989/6342 5988/6343
f 5967/6341 5972/6333 5990/6344 5989/6342
f 5970/6332 5969/6345 5977/6346 5976/6339
f 5969/6345 5968/6340 5978/6347 5977/6346
f 5980/6309 5979/6348 6027/6349 6026/6292
f 5979/6348 5978/6347 6028/6350 6027/6349
f 5982/6351 5981/6352 6015/6353 6014/6354
f 5981/6352 5986/6355 6016/6356 6015/6353
f 5984/6357 5983/6358 5993/6359 5992/6360
f 5983/6358 5982/6351 5994/6361 5993/6359
f 5986/6355 5985/6362 6007/6363 6006/6364
f 5985/6362 5984/6357 6008/6365 6007/6363
f 5988/6343 5987/6366 6029/6367 6028/6350
f 5987/6366 5994/6361 6030/6368 6029/6367
f 5992/6360 5991/6369 5999/6370 5998/6371
f 5991/6369 5990/6344 6000/6328 5999/6370
f 5998/6371 5997/6372 6009/6373 6008/6365
f 5997/6372 5996/6245 6010/6285 6009/6373
f 6006/6364 6005/6374 6023/6375 6022/6376
f 6005/6374 6004/6286 6024/6271 6023/6375
f 6014/6354 6013/6377 6031/6378 6030/6368
f 6013/6377 6012/6322 6032/6290 6031/6378
f 6018/6321 6017/6379 6021/6380 6020/6274
f 6017/6379 6016/6356 6022/6376 6021/6380
s 581
f 6034/6381 6033/6382 6169/6383 6174/6384
f 6033/6385 6040/6386 6170/6387 6169/6388
f 6036/6389 6035/6390 6131/6391 6130/6392
f 6035/6390 6034/6381 6132/6393 6131/6391
f 6038/6394 6037/6395 6055/6396 6054/6397
f 6037/6398 6036/6389 6056/6399 6055/6400
f 6040/6386 6039/6401 6043/6402 6042/6403
f 6039/6401 6038/6394 6044/6404 6043/6402
f 6042/6403 6041/6405 6161/6406 6168/6407
f 6041/6405 6048/6408 6162/6409 6161/6406
f 6046/6410 6045/6411 6059/6412 6058/6413
f 6045/6411 6044/6404 6060/6414 6059/6412
f 6048/6408 6047/6415 6081/6416 6080/6417
f 6047/6415 6046/6410 6082/6418 6081/6416
f 6050/6419 6049/6420 6141/6421 6146/6422
f 6049/6420 6056/6399 6142/6423 6141/6421
f 6052/6424 6051/6425 6069/6426 6068/6427
f 6051/6428 6050/6419 6070/6429 6069/6430
f 6054/6397 6053/6431 6061/6432 6060/6414
f 6053/6431 6052/6424 6062/6433 6061/6432
f 6058/6413 6057/6434 6075/6435 6074/6436
f 6057/6434 6062/6433 6076/6437 6075/6435
f 6064/6438 6063/6439 6135/6440 6134/6441
f 6063/6439 6070/6429 6136/6442 6135/6440
f 6066/6443 6065/6444 6093/6445 6092/6446
f 6065/6447 6064/6438 6094/6448 6093/6449
f 6068/6427 6067/6450 6077/6451 6076/6437
f 6067/6450 6066/6443 6078/6452 6077/6451
f 6072/6453 6071/6454 6097/6455 6096/6456
f 6071/6454 6078/6452 6098/6457 6097/6455
f 6074/6436 6073/6458 6083/6459 6082/6418
f 6073/6458 6072/6453 6084/6460 6083/6459
f 6080/6417 6079/6461 6203/6462 6210/6463
f 6079/6461 6086/6464 6204/6465 6203/6462
f 6086/6464 6085/6466 6111/6467 6110/6468
f 6085/6466 6084/6460 6112/6469 6111/6467
f 6088/6470 6087/6471 6155/6472 6160/6473
f 6087/6471 6094/6448 6156/6474 6155/6472
f 6090/6475 6089/6476 6105/6477 6104/6478
f 6089/6479 6088/6470 6106/6480 6105/6481
f 6092/6446 6091/6482 6099/6483 6098/6457
f 6091/6482 6090/6475 6100/6484 6099/6483
f 6096/6456 6095/6485 6113/6486 6112/6469
f 6095/6485 6100/6484 6114/6487 6113/6486
f 6102/6488 6101/6489 6227/6490 6232/6491
f 6101/6492 6108/6493 6228/6494 6227/6495
f 6104/6478 6103/6496 6115/6497 6114/6487
f 6103/6496 6102/6488 6116/6498 6115/6497
f 6108/6493 6107/6499 6149/6500 6148/6501
f 6107/6499 6106/6480 6150/6502 6149/6500
f 6110/6468 6109/6503 6211/6504 6218/6505
f 6109/6503 6116/6498 6212/6506 6211/6504
f 6118/6507 6117/6508 6233/6509 6240/6510
f 6117/6508 6124/6511 6234/6512 6233/6509
f 6120/6513 6119/6514 6153/6515 6152/6516
f 6119/6514 6118/6507 6154/6517 6153/6515
f 6122/6518 6121/6519 6139/6520 6138/6521
f 6121/6519 6120/6513 6140/6522 6139/6520
f 6124/6511 6123/6523 6127/6524 6126/6525
f 6123/6523 6122/6518 6128/6526 6127/6524
f 6126/6525 6125/6527 6181/6528 6188/6529
f 6125/6527 6132/6393 6182/6530 6181/6528
f 6130/6392 6129/6531 6143/6532 6142/6423
f 6129/6531 6128/6526 6144/6533 6143/6532
f 6134/6441 6133/6534 6157/6535 6156/6474
f 6133/6534 6140/6522 6158/6536 6157/6535
f 6138/6521 6137/6537 6145/6538 6144/6533
f 6137/6537 6136/6442 6146/6422 6145/6538
f 6148/6501 6147/6539 6219/6540 6226/6541
f 6147/6539 6154/6517 6220/6542 6219/6540
f 6152/6516 6151/6543 6159/6544 6158/6536
f 6151/6543 6150/6502 6160/6473 6159/6544
f 6164/6545 6163/6546 6209/6547 6208/6548
f 6163/6546 6162/6409 6210/6463 6209/6547
f 6166/6549 6165/6550 6179/6551 6178/6552
f 6165/6550 6164/6545 6180/6553 6179/6551
f 6168/6407 6167/6554 6171/6555 6170/6387
f 6167/6554 6166/6549 6172/6556 6171/6555
f 6174/6384 6173/6557 6183/6558 6182/6530
f 6173/6557 6172/6556 6184/6559 6183/6558
f 6176/6560 6175/6561 6197/6562 6196/6563
f 6175/6561 6180/6553 6198/6564 6197/6562
f 6178/6552 6177/6565 6185/6566 6184/6559
f 6177/6565 6176/6560 6186/6567 6185/6566
f 6188/6529 6187/6568 6235/6569 6234/6512
f 6187/6568 6186/6567 6236/6570 6235/6569
f 6190/6571 6189/6572 6223/6573 6222/6574
f 6189/6572 6194/6575 6224/6576 6223/6573
f 6192/6577 6191/6578 6201/6579 6200/6580
f 6191/6578 6190/6571 6202/6581 6201/6579
f 6194/6575 6193/6582 6215/6583 6214/6584
f 6193/6582 6192/6577 6216/6585 6215/6583
f 6196/6563 6195/6586 6237/6587 6236/6570
f 6195/6586 6202/6581 6238/6588 6237/6587
f 6200/6580 6199/6589 6207/6590 6206/6591
f 6199/6589 6198/6564 6208/6548 6207/6590
f 6206/6591 6205/6592 6217/6593 6216/6585
f 6205/6592 6204/6465 6218/6505 6217/6593
f 6214/6584 6213/6594 6231/6595 6230/6596
f 6213/6594 6212/6506 6232/6491 6231/6595
f 6222/6574 6221/6597 6239/6598 6238/6588
f 6221/6597 6220/6542 6240/6510 6239/6598
f 6226/6541 6225/6599 6229/6600 6228/6494
f 6225/6599 6224/6576 6230/6596 6229/6600
s 601
f 6242/6601 6241/6602 6377/6603 6382/6604
f 6241/6605 6248/6606 6378/6607 6377/6608
f 6244/6609 6243/6610 6339/6611 6338/6612
f 6243/6610 6242/6601 6340/6613 6339/6611
f 6246/6614 6245/6615 6263/6616 6262/6617
f 6245/6618 6244/6609 6264/6619 6263/6620
f 6248/6606 6247/6621 6251/6622 6250/6623
f 6247/6621 6246/6614 6252/6624 6251/6622
f 6250/6623 6249/6625 6369/6626 6376/6627
f 6249/6625 6256/6628 6370/6629 6369/6626
f 6254/6630 6253/6631 6267/6632 6266/6633
f 6253/6631 6252/6624 6268/6634 6267/6632
f 6256/6628 6255/6635 6289/6636 6288/6637
f 6255/6635 6254/6630 6290/6638 6289/6636
f 6258/6639 6257/6640 6349/6641 6354/6642
f 6257/6640 6264/6619 6350/6643 6349/6641
f 6260/6644 6259/6645 6277/6646 6276/6647
f 6259/6648 6258/6639 6278/6649 6277/6650
f 6262/6617 6261/6651 6269/6652 6268/6634
f 6261/6651 6260/6644 6270/6653 6269/6652
f 6266/6633 6265/6654 6283/6655 6282/6656
f 6265/6654 6270/6653 6284/6657 6283/6655
f 6272/6658 6271/6659 6343/6660 6342/6661
f 6271/6659 6278/6649 6344/6662 6343/6660
f 6274/6663 6273/6664 6301/6665 6300/6666
f 6273/6667 6272/6658 6302/6668 6301/6669
f 6276/6647 6275/6670 6285/6671 6284/6657
f 6275/6670 6274/6663 6286/6672 6285/6671
f 6280/6673 6279/6674 6305/6675 6304/6676
f 6279/6674 6286/6672 6306/6677 6305/6675
f 6282/6656 6281/6678 6291/6679 6290/6638
f 6281/6678 6280/6673 6292/6680 6291/6679
f 6288/6637 6287/6681 6411/6682 6418/6683
f 6287/6681 6294/6684 6412/6685 6411/6682
f 6294/6684 6293/6686 6319/6687 6318/6688
f 6293/6686 6292/6680 6320/6689 6319/6687
f 6296/6690 6295/6691 6363/6692 6368/6693
f 6295/6691 6302/6668 6364/6694 6363/6692
f 6298/6695 6297/6696 6313/6697 6312/6698
f 6297/6699 6296/6690 6314/6700 6313/6701
f 6300/6666 6299/6702 6307/6703 6306/6677
f 6299/6702 6298/6695 6308/6704 6307/6703
f 6304/6676 6303/6705 6321/6706 6320/6689
f 6303/6705 6308/6704 6322/6707 6321/6706
f 6310/6708 6309/6709 6435/6710 6440/6711
f 6309/6712 6316/6713 6436/6714 6435/6715
f 6312/6698 6311/6716 6323/6717 6322/6707
f 6311/6716 6310/6708 6324/6718 6323/6717
f 6316/6713 6315/6719 6357/6720 6356/6721
f 6315/6719 6314/6700 6358/6722 6357/6720
f 6318/6688 6317/6723 6419/6724 6426/6725
f 6317/6723 6324/6718 6420/6726 6419/6724
f 6326/6727 6325/6728 6441/6729 6448/6730
f 6325/6728 6332/6731 6442/6732 6441/6729
f 6328/6733 6327/6734 6361/6735 6360/6736
f 6327/6734 6326/6727 6362/6737 6361/6735
f 6330/6738 6329/6739 6347/6740 6346/6741
f 6329/6739 6328/6733 6348/6742 6347/6740
f 6332/6731 6331/6743 6335/6744 6334/6745
f 6331/6743 6330/6738 6336/6746 6335/6744
f 6334/6745 6333/6747 6389/6748 6396/6749
f 6333/6747 6340/6613 6390/6750 6389/6748
f 6338/6612 6337/6751 6351/6752 6350/6643
f 6337/6751 6336/6746 6352/6753 6351/6752
f 6342/6661 6341/6754 6365/6755 6364/6694
f 6341/6754 6348/6742 6366/6756 6365/6755
f 6346/6741 6345/6757 6353/6758 6352/6753
f 6345/6757 6344/6662 6354/6642 6353/6758
f 6356/6721 6355/6759 6427/6760 6434/6761
f 6355/6759 6362/6737 6428/6762 6427/6760
f 6360/6736 6359/6763 6367/6764 6366/6756
f 6359/6763 6358/6722 6368/6693 6367/6764
f 6372/6765 6371/6766 6417/6767 6416/6768
f 6371/6766 6370/6629 6418/6683 6417/6767
f 6374/6769 6373/6770 6387/6771 6386/6772
f 6373/6770 6372/6765 6388/6773 6387/6771
f 6376/6627 6375/6774 6379/6775 6378/6607
f 6375/6774 6374/6769 6380/6776 6379/6775
f 6382/6604 6381/6777 6391/6778 6390/6750
f 6381/6777 6380/6776 6392/6779 6391/6778
f 6384/6780 6383/6781 6405/6782 6404/6783
f 6383/6781 6388/6773 6406/6784 6405/6782
f 6386/6772 6385/6785 6393/6786 6392/6779
f 6385/6785 6384/6780 6394/6787 6393/6786
f 6396/6749 6395/6788 6443/6789 6442/6732
f 6395/6788 6394/6787 6444/6790 6443/6789
f 6398/6791 6397/6792 6431/6793 6430/6794
f 6397/6792 6402/6795 6432/6796 6431/6793
f 6400/6797 6399/6798 6409/6799 6408/6800
f 6399/6798 6398/6791 6410/6801 6409/6799
f 6402/6795 6401/6802 6423/6803 6422/6804
f 6401/6802 6400/6797 6424/6805 6423/6803
f 6404/6783 6403/6806 6445/6807 6444/6790
f 6403/6806 6410/6801 6446/6808 6445/6807
f 6408/6800 6407/6809 6415/6810 6414/6811
f 6407/6809 6406/6784 6416/6768 6415/6810
f 6414/6811 6413/6812 6425/6813 6424/6805
f 6413/6812 6412/6685 6426/6725 6425/6813
f 6422/6804 6421/6814 6439/6815 6438/6816
f 6421/6814 6420/6726 6440/6711 6439/6815
f 6430/6794 6429/6817 6447/6818 6446/6808
f 6429/6817 6428/6762 6448/6730 6447/6818
f 6434/6761 6433/6819 6437/6820 6436/6714
f 6433/6819 6432/6796 6438/6816 6437/6820
s 621
f 6450/6821 6449/6822 6585/6823 6590/6824
f 6449/6825 6456/6826 6586/6827 6585/6828
f 6452/6829 6451/6830 6547/6831 6546/6832
f 6451/6830 6450/6821 6548/6833 6547/6831
f 6454/6834 6453/6835 6471/6836 6470/6837
f 6453/6838 6452/6829 6472/6839 6471/6840
f 6456/6826 6455/6841 6459/6842 6458/6843
f 6455/6841 6454/6834 6460/6844 6459/6842
f 6458/6843 6457/6845 6577/6846 6584/6847
f 6457/6845 6464/6848 6578/6849 6577/6846
f 6462/6850 6461/6851 6475/6852 6474/6853
f 6461/6851 6460/6844 6476/6854 6475/6852
f 6464/6848 6463/6855 6497/6856 6496/6857
f 6463/6855 6462/6850 6498/6858 6497/6856
f 6466/6859 6465/6860 6557/6861 6562/6862
f 6465/6860 6472/6839 6558/6863 6557/6861
f 6468/6864 6467/6865 6485/6866 6484/6867
f 6467/6868 6466/6859 6486/6869 6485/6870
f 6470/6837 6469/6871 6477/6872 6476/6854
f 6469/6871 6468/6864 6478/6873 6477/6872
f 6474/6853 6473/6874 6491/6875 6490/6876
f 6473/6874 6478/6873 6492/6877 6491/6875
f 6480/6878 6479/6879 6551/6880 6550/6881
f 6479/6879 6486/6869 6552/6882 6551/6880
f 6482/6883 6481/6884 6509/6885 6508/6886
f 6481/6887 6480/6878 6510/6888 6509/6889
f 6484/6867 6483/6890 6493/6891 6492/6877
f 6483/6890 6482/6883 6494/6892 6493/6891
f 6488/6893 6487/6894 6513/6895 6512/6896
f 6487/6894 6494/6892 6514/6897 6513/6895
f 6490/6876 6489/6898 6499/6899 6498/6858
f 6489/6898 6488/6893 6500/6900 6499/6899
f 6496/6857 6495/6901 6619/6902 6626/6903
f 6495/6901 6502/6904 6620/6905 6619/6902
f 6502/6904 6501/6906 6527/6907 6526/6908
f 6501/6906 6500/6900 6528/6909 6527/6907
f 6504/6910 6503/6911 6571/6912 6576/6913
f 6503/6911 6510/6888 6572/6914 6571/6912
f 6506/6915 6505/6916 6521/6917 6520/6918
f 6505/6919 6504/6910 6522/6920 6521/6921
f 6508/6886 6507/6922 6515/6923 6514/6897
f 6507/6922 6506/6915 6516/6924 6515/6923
f 6512/6896 6511/6925 6529/6926 6528/6909
f 6511/6925 6516/6924 6530/6927 6529/6926
f 6518/6928 6517/6929 6643/6930 6648/6931
f 6517/6932 6524/6933 6644/6934 6643/6935
f 6520/6918 6519/6936 6531/6937 6530/6927
f 6519/6936 6518/6928 6532/6938 6531/6937
f 6524/6933 6523/6939 6565/6940 6564/6941
f 6523/6939 6522/6920 6566/6942 6565/6940
f 6526/6908 6525/6943 6627/6944 6634/6945
f 6525/6943 6532/6938 6628/6946 6627/6944
f 6534/6947 6533/6948 6649/6949 6656/6950
f 6533/6948 6540/6951 6650/6952 6649/6949
f 6536/6953 6535/6954 6569/6955 6568/6956
f 6535/6954 6534/6947 6570/6957 6569/6955
f 6538/6958 6537/6959 6555/6960 6554/6961
f 6537/6959 6536/6953 6556/6962 6555/6960
f 6540/6951 6539/6963 6543/6964 6542/6965
f 6539/6963 6538/6958 6544/6966 6543/6964
f 6542/6965 6541/6967 6597/6968 6604/6969
f 6541/6967 6548/6833 6598/6970 6597/6968
f 6546/6832 6545/6971 6559/6972 6558/6863
f 6545/6971 6544/6966 6560/6973 6559/6972
f 6550/6881 6549/6974 6573/6975 6572/6914
f 6549/6974 6556/6962 6574/6976 6573/6975
f 6554/6961 6553/6977 6561/6978 6560/6973
f 6553/6977 6552/6882 6562/6862 6561/6978
f 6564/6941 6563/6979 6635/6980 6642/6981
f 6563/6979 6570/6957 6636/6982 6635/6980
f 6568/6956 6567/6983 6575/6984 6574/6976
f 6567/6983 6566/6942 6576/6913 6575/6984
f 6580/6985 6579/6986 6625/6987 6624/6988
f 6579/6986 6578/6849 6626/6903 6625/6987
f 6582/6989 6581/6990 6595/6991 6594/6992
f 6581/6990 6580/6985 6596/6993 6595/6991
f 6584/6847 6583/6994 6587/6995 6586/6827
f 6583/6994 6582/6989 6588/6996 6587/6995
f 6590/6824 6589/6997 6599/6998 6598/6970
f 6589/6997 6588/6996 6600/6999 6599/6998
f 6592/7000 6591/7001 6613/7002 6612/7003
f 6591/7001 6596/6993 6614/7004 6613/7002
f 6594/6992 6593/7005 6601/7006 6600/6999
f 6593/7005 6592/7000 6602/7007 6601/7006
f 6604/6969 6603/7008 6651/7009 6650/6952
f 6603/7008 6602/7007 6652/7010 6651/7009
f 6606/7011 6605/7012 6639/7013 6638/7014
f 6605/7012 6610/7015 6640/7016 6639/7013
f 6608/7017 6607/7018 6617/7019 6616/7020
f 6607/7018 6606/7011 6618/7021 6617/7019
f 6610/7015 6609/7022 6631/7023 6630/7024
f 6609/7022 6608/7017 6632/7025 6631/7023
f 6612/7003 6611/7026 6653/7027 6652/7010
f 6611/7026 6618/7021 6654/7028 6653/7027
f 6616/7020 6615/7029 6623/7030 6622/7031
f 6615/7029 6614/7004 6624/6988 6623/7030
f 6622/7031 6621/7032 6633/7033 6632/7025
f 6621/7032 6620/6905 6634/6945 6633/7033
f 6630/7024 6629/7034 6647/7035 6646/7036
f 6629/7034 6628/6946 6648/6931 6647/7035
f 6638/7014 6637/7037 6655/7038 6654/7028
f 6637/7037 6636/6982 6656/6950 6655/7038
f 6642/6981 6641/7039 6645/7040 6644/6934
f 6641/7039 6640/7016 6646/7036 6645/7040
s 641
f 6658/7041 6657/7042 6793/7043 6798/7044
f 6657/7045 6664/7046 6794/7047 6793/7048
f 6660/7049 6659/7050 6755/7051 6754/7052
f 6659/7050 6658/7041 6756/7053 6755/7051
f 6662/7054 6661/7055 6679/7056 6678/7057
f 6661/7058 6660/7049 6680/7059 6679/7060
f 6664/7046 6663/7061 6667/7062 6666/7063
f 6663/7061 6662/7054 6668/7064 6667/7062
f 6666/7063 6665/7065 6785/7066 6792/7067
f 6665/7065 6672/7068 6786/7069 6785/7066
f 6670/7070 6669/7071 6683/7072 6682/7073
f 6669/7071 6668/7064 6684/7074 6683/7072
f 6672/7068 6671/7075 6705/7076 6704/7077
f 6671/7075 6670/7070 6706/7078 6705/7076
f 6674/7079 6673/7080 6765/7081 6770/7082
f 6673/7080 6680/7059 6766/7083 6765/7081
f 6676/7084 6675/7085 6693/7086 6692/7087
f 6675/7088 6674/7079 6694/7089 6693/7090
f 6678/7057 6677/7091 6685/7092 6684/7074
f 6677/7091 6676/7084 6686/7093 6685/7092
f 6682/7073 6681/7094 6699/7095 6698/7096
f 6681/7094 6686/7093 6700/7097 6699/7095
f 6688/7098 6687/7099 6759/7100 6758/7101
f 6687/7099 6694/7089 6760/7102 6759/7100
f 6690/7103 6689/7104 6717/7105 6716/7106
f 6689/7107 6688/7098 6718/7108 6717/7109
f 6692/7087 6691/7110 6701/7111 6700/7097
f 6691/7110 6690/7103 6702/7112 6701/7111
f 6696/7113 6695/7114 6721/7115 6720/7116
f 6695/7114 6702/7112 6722/7117 6721/7115
f 6698/7096 6697/7118 6707/7119 6706/7078
f 6697/7118 6696/7113 6708/7120 6707/7119
f 6704/7077 6703/7121 6827/7122 6834/7123
f 6703/7121 6710/7124 6828/7125 6827/7122
f 6710/7124 6709/7126 6735/7127 6734/7128
f 6709/7126 6708/7120 6736/7129 6735/7127
f 6712/7130 6711/7131 6779/7132 6784/7133
f 6711/7131 6718/7108 6780/7134 6779/7132
f 6714/7135 6713/7136 6729/7137 6728/7138
f 6713/7139 6712/7130 6730/7140 6729/7141
f 6716/7106 6715/7142 6723/7143 6722/7117
f 6715/7142 6714/7135 6724/7144 6723/7143
f 6720/7116 6719/7145 6737/7146 6736/7129
f 6719/7145 6724/7144 6738/7147 6737/7146
f 6726/7148 6725/7149 6851/7150 6856/7151
f 6725/7152 6732/7153 6852/7154 6851/7155
f 6728/7138 6727/7156 6739/7157 6738/7147
f 6727/7156 6726/7148 6740/7158 6739/7157
f 6732/7153 6731/7159 6773/7160 6772/7161
f 6731/7159 6730/7140 6774/7162 6773/7160
f 6734/7128 6733/7163 6835/7164 6842/7165
f 6733/7163 6740/7158 6836/7166 6835/7164
f 6742/7167 6741/7168 6857/7169 6864/7170
f 6741/7168 6748/7171 6858/7172 6857/7169
f 6744/7173 6743/7174 6777/7175 6776/7176
f 6743/7174 6742/7167 6778/7177 6777/7175
f 6746/7178 6745/7179 6763/7180 6762/7181
f 6745/7179 6744/7173 6764/7182 6763/7180
f 6748/7171 6747/7183 6751/7184 6750/7185
f 6747/7183 6746/7178 6752/7186 6751/7184
f 6750/7185 6749/7187 6805/7188 6812/7189
f 6749/7187 6756/7053 6806/7190 6805/7188
f 6754/7052 6753/7191 6767/7192 6766/7083
f 6753/7191 6752/7186 6768/7193 6767/7192
f 6758/7101 6757/7194 6781/7195 6780/7134
f 6757/7194 6764/7182 6782/7196 6781/7195
f 6762/7181 6761/7197 6769/7198 6768/7193
f 6761/7197 6760/7102 6770/7082 6769/7198
f 6772/7161 6771/7199 6843/7200 6850/7201
f 6771/7199 6778/7177 6844/7202 6843/7200
f 6776/7176 6775/7203 6783/7204 6782/7196
f 6775/7203 6774/7162 6784/7133 6783/7204
f 6788/7205 6787/7206 6833/7207 6832/7208
f 6787/7206 6786/7069 6834/7123 6833/7207
f 6790/7209 6789/7210 6803/7211 6802/7212
f 6789/7210 6788/7205 6804/7213 6803/7211
f 6792/7067 6791/7214 6795/7215 6794/7047
f 6791/7214 6790/7209 6796/7216 6795/7215
f 6798/7044 6797/7217 6807/7218 6806/7190
f 6797/7217 6796/7216 6808/7219 6807/7218
f 6800/7220 6799/7221 6821/7222 6820/7223
f 6799/7221 6804/7213 6822/7224 6821/7222
f 6802/7212 6801/7225 6809/7226 6808/7219
f 6801/7225 6800/7220 6810/7227 6809/7226
f 6812/7189 6811/7228 6859/7229 6858/7172
f 6811/7228 6810/7227 6860/7230 6859/7229
f 6814/7231 6813/7232 6847/7233 6846/7234
f 6813/7232 6818/7235 6848/7236 6847/7233
f 6816/7237 6815/7238 6825/7239 6824/7240
f 6815/7238 6814/7231 6826/7241 6825/7239
f 6818/7235 6817/7242 6839/7243 6838/7244
f 6817/7242 6816/7237 6840/7245 6839/7243
f 6820/7223 6819/7246 6861/7247 6860/7230
f 6819/7246 6826/7241 6862/7248 6861/7247
f 6824/7240 6823/7249 6831/7250 6830/7251
f 6823/7249 6822/7224 6832/7208 6831/7250
f 6830/7251 6829/7252 6841/7253 6840/7245
f 6829/7252 6828/7125 6842/7165 6841/7253
f 6838/7244 6837/7254 6855/7255 6854/7256
f 6837/7254 6836/7166 6856/7151 6855/7255
f 6846/7234 6845/7257 6863/7258 6862/7248
f 6845/7257 6844/7202 6864/7170 6863/7258
f 6850/7201 6849/7259 6853/7260 6852/7154
f 6849/7259 6848/7236 6854/7256 6853/7260
s 661
f 6866/7261 6865/7262 7001/7263 7006/7264
f 6865/7265 6872/7266 7002/7267 7001/7268
f 6868/7269 6867/7270 6963/7271 6962/7272
f 6867/7270 6866/7261 6964/7273 6963/7271
f 6870/7274 6869/7275 6887/7276 6886/7277
f 6869/7278 6868/7269 6888/7279 6887/7280
f 6872/7266 6871/7281 6875/7282 6874/7283
f 6871/7281 6870/7274 6876/7284 6875/7282
f 6874/7283 6873/7285 6993/7286 7000/7287
f 6873/7285 6880/7288 6994/7289 6993/7286
f 6878/7290 6877/7291 6891/7292 6890/7293
f 6877/7291 6876/7284 6892/7294 6891/7292
f 6880/7288 6879/7295 6913/7296 6912/7297
f 6879/7295 6878/7290 6914/7298 6913/7296
f 6882/7299 6881/7300 6973/7301 6978/7302
f 6881/7300 6888/7279 6974/7303 6973/7301
f 6884/7304 6883/7305 6901/7306 6900/7307
f 6883/7308 6882/7299 6902/7309 6901/7310
f 6886/7277 6885/7311 6893/7312 6892/7294
f 6885/7311 6884/7304 6894/7313 6893/7312
f 6890/7293 6889/7314 6907/7315 6906/7316
f 6889/7314 6894/7313 6908/7317 6907/7315
f 6896/7318 6895/7319 6967/7320 6966/7321
f 6895/7319 6902/7309 6968/7322 6967/7320
f 6898/7323 6897/7324 6925/7325 6924/7326
f 6897/7327 6896/7318 6926/7328 6925/7329
f 6900/7307 6899/7330 6909/7331 6908/7317
f 6899/7330 6898/7323 6910/7332 6909/7331
f 6904/7333 6903/7334 6929/7335 6928/7336
f 6903/7334 6910/7332 6930/7337 6929/7335
f 6906/7316 6905/7338 6915/7339 6914/7298
f 6905/7338 6904/7333 6916/7340 6915/7339
f 6912/7297 6911/7341 7035/7342 7042/7343
f 6911/7341 6918/7344 7036/7345 7035/7342
f 6918/7344 6917/7346 6943/7347 6942/7348
f 6917/7346 6916/7340 6944/7349 6943/7347
f 6920/7350 6919/7351 6987/7352 6992/7353
f 6919/7351 6926/7328 6988/7354 6987/7352
f 6922/7355 6921/7356 6937/7357 6936/7358
f 6921/7359 6920/7350 6938/7360 6937/7361
f 6924/7326 6923/7362 6931/7363 6930/7337
f 6923/7362 6922/7355 6932/7364 6931/7363
f 6928/7336 6927/7365 6945/7366 6944/7349
f 6927/7365 6932/7364 6946/7367 6945/7366
f 6934/7368 6933/7369 7059/7370 7064/7371
f 6933/7372 6940/7373 7060/7374 7059/7375
f 6936/7358 6935/7376 6947/7377 6946/7367
f 6935/7376 6934/7368 6948/7378 6947/7377
f 6940/7373 6939/7379 6981/7380 6980/7381
f 6939/7379 6938/7360 6982/7382 6981/7380
f 6942/7348 6941/7383 7043/7384 7050/7385
f 6941/7383 6948/7378 7044/7386 7043/7384
f 6950/7387 6949/7388 7065/7389 7072/7390
f 6949/7388 6956/7391 7066/7392 7065/7389
f 6952/7393 6951/7394 6985/7395 6984/7396
f 6951/7394 6950/7387 6986/7397 6985/7395
f 6954/7398 6953/7399 6971/7400 6970/7401
f 6953/7399 6952/7393 6972/7402 6971/7400
f 6956/7391 6955/7403 6959/7404 6958/7405
f 6955/7403 6954/7398 6960/7406 6959/7404
f 6958/7405 6957/7407 7013/7408 7020/7409
f 6957/7407 6964/7273 7014/7410 7013/7408
f 6962/7272 6961/7411 6975/7412 6974/7303
f 6961/7411 6960/7406 6976/7413 6975/7412
f 6966/7321 6965/7414 6989/7415 6988/7354
f 6965/7414 6972/7402 6990/7416 6989/7415
f 6970/7401 6969/7417 6977/7418 6976/7413
f 6969/7417 6968/7322 6978/7302 6977/7418
f 6980/7381 6979/7419 7051/7420 7058/7421
f 6979/7419 6986/7397 7052/7422 7051/7420
f 6984/7396 6983/7423 6991/7424 6990/7416
f 6983/7423 6982/7382 6992/7353 6991/7424
f 6996/7425 6995/7426 7041/7427 7040/7428
f 6995/7426 6994/7289 7042/7343 7041/7427
f 6998/7429 6997/7430 7011/7431 7010/7432
f 6997/7430 6996/7425 7012/7433 7011/7431
f 7000/7287 6999/7434 7003/7435 7002/7267
f 6999/7434 6998/7429 7004/7436 7003/7435
f 7006/7264 7005/7437 7015/7438 7014/7410
f 7005/7437 7004/7436 7016/7439 7015/7438
f 7008/7440 7007/7441 7029/7442 7028/7443
f 7007/7441 7012/7433 7030/7444 7029/7442
f 7010/7432 7009/7445 7017/7446 7016/7439
f 7009/7445 7008/7440 7018/7447 7017/7446
f 7020/7409 7019/7448 7067/7449 7066/7392
f 7019/7448 7018/7447 7068/7450 7067/7449
f 7022/7451 7021/7452 7055/7453 7054/7454
f 7021/7452 7026/7455 7056/7456 7055/7453
f 7024/7457 7023/7458 7033/7459 7032/7460
f 7023/7458 7022/7451 7034/7461 7033/7459
f 7026/7455 7025/7462 7047/7463 7046/7464
f 7025/7462 7024/7457 7048/7465 7047/7463
f 7028/7443 7027/7466 7069/7467 7068/7450
f 7027/7466 7034/7461 7070/7468 7069/7467
f 7032/7460 7031/7469 7039/7470 7038/7471
f 7031/7469 7030/7444 7040/7428 7039/7470
f 7038/7471 7037/7472 7049/7473 7048/7465
f 7037/7472 7036/7345 7050/7385 7049/7473
f 7046/7464 7045/7474 7063/7475 7062/7476
f 7045/7474 7044/7386 7064/7371 7063/7475
f 7054/7454 7053/7477 7071/7478 7070/7468
f 7053/7477 7052/7422 7072/7390 7071/7478
f 7058/7421 7057/7479 7061/7480 7060/7374
f 7057/7479 7056/7456 7062/7476 7061/7480
s 681
f 7074/7481 7073/7482 7209/7483 7214/7484
f 7073/7485 7080/7486 7210/7487 7209/7488
f 7076/7489 7075/7490 7171/7491 7170/7492
f 7075/7490 7074/7481 7172/7493 7171/7491
f 7078/7494 7077/7495 7095/7496 7094/7497
f 7077/7498 7076/7489 7096/7499 7095/7500
f 7080/7486 7079/7501 7083/7502 7082/7503
f 7079/7501 7078/7494 7084/7504 7083/7502
f 7082/7503 7081/7505 7201/7506 7208/7507
f 7081/7505 7088/7508 7202/7509 7201/7506
f 7086/7510 7085/7511 7099/7512 7098/7513
f 7085/7511 7084/7504 7100/7514 7099/7512
f 7088/7508 7087/7515 7121/7516 7120/7517
f 7087/7515 7086/7510 7122/7518 7121/7516
f 7090/7519 7089/7520 7181/7521 7186/7522
f 7089/7520 7096/7499 7182/7523 7181/7521
f 7092/7524 7091/7525 7109/7526 7108/7527
f 7091/7528 7090/7519 7110/7529 7109/7530
f 7094/7497 7093/7531 7101/7532 7100/7514
f 7093/7531 7092/7524 7102/7533 7101/7532
f 7098/7513 7097/7534 7115/7535 7114/7536
f 7097/7534 7102/7533 7116/7537 7115/7535
f 7104/7538 7103/7539 7175/7540 7174/7541
f 7103/7539 7110/7529 7176/7542 7175/7540
f 7106/7543 7105/7544 7133/7545 7132/7546
f 7105/7547 7104/7538 7134/7548 7133/7549
f 7108/7527 7107/7550 7117/7551 7116/7537
f 7107/7550 7106/7543 7118/7552 7117/7551
f 7112/7553 7111/7554 7137/7555 7136/7556
f 7111/7554 7118/7552 7138/7557 7137/7555
f 7114/7536 7113/7558 7123/7559 7122/7518
f 7113/7558 7112/7553 7124/7560 7123/7559
f 7120/7517 7119/7561 7243/7562 7250/7563
f 7119/7561 7126/7564 7244/7565 7243/7562
f 7126/7564 7125/7566 7151/7567 7150/7568
f 7125/7566 7124/7560 7152/7569 7151/7567
f 7128/7570 7127/7571 7195/7572 7200/7573
f 7127/7571 7134/7548 7196/7574 7195/7572
f 7130/7575 7129/7576 7145/7577 7144/7578
f 7129/7579 7128/7570 7146/7580 7145/7581
f 7132/7546 7131/7582 7139/7583 7138/7557
f 7131/7582 7130/7575 7140/7584 7139/7583
f 7136/7556 7135/7585 7153/7586 7152/7569
f 7135/7585 7140/7584 7154/7587 7153/7586
f 7142/7588 7141/7589 7267/7590 7272/7591
f 7141/7592 7148/7593 7268/7594 7267/7595
f 7144/7578 7143/7596 7155/7597 7154/7587
f 7143/7596 7142/7588 7156/7598 7155/7597
f 7148/7593 7147/7599 7189/7600 7188/7601
f 7147/7599 7146/7580 7190/7602 7189/7600
f 7150/7568 7149/7603 7251/7604 7258/7605
f 7149/7603 7156/7598 7252/7606 7251/7604
f 7158/7607 7157/7608 7273/7609 7280/7610
f 7157/7608 7164/7611 7274/7612 7273/7609
f 7160/7613 7159/7614 7193/7615 7192/7616
f 7159/7614 7158/7607 7194/7617 7193/7615
f 7162/7618 7161/7619 7179/7620 7178/7621
f 7161/7619 7160/7613 7180/7622 7179/7620
f 7164/7611 7163/7623 7167/7624 7166/7625
f 7163/7623 7162/7618 7168/7626 7167/7624
f 7166/7625 7165/7627 7221/7628 7228/7629
f 7165/7627 7172/7493 7222/7630 7221/7628
f 7170/7492 7169/7631 7183/7632 7182/7523
f 7169/7631 7168/7626 7184/7633 7183/7632
f 7174/7541 7173/7634 7197/7635 7196/7574
f 7173/7634 7180/7622 7198/7636 7197/7635
f 7178/7621 7177/7637 7185/7638 7184/7633
f 7177/7637 7176/7542 7186/7522 7185/7638
f 7188/7601 7187/7639 7259/7640 7266/7641
f 7187/7639 7194/7617 7260/7642 7259/7640
f 7192/7616 7191/7643 7199/7644 7198/7636
f 7191/7643 7190/7602 7200/7573 7199/7644
f 7204/7645 7203/7646 7249/7647 7248/7648
f 7203/7646 7202/7509 7250/7563 7249/7647
f 7206/7649 7205/7650 7219/7651 7218/7652
f 7205/7650 7204/7645 7220/7653 7219/7651
f 7208/7507 7207/7654 7211/7655 7210/7487
f 7207/7654 7206/7649 7212/7656 7211/7655
f 7214/7484 7213/7657 7223/7658 7222/7630
f 7213/7657 7212/7656 7224/7659 7223/7658
f 7216/7660 7215/7661 7237/7662 7236/7663
f 7215/7661 7220/7653 7238/7664 7237/7662
f 7218/7652 7217/7665 7225/7666 7224/7659
f 7217/7665 7216/7660 7226/7667 7225/7666
f 7228/7629 7227/7668 7275/7669 7274/7612
f 7227/7668 7226/7667 7276/7670 7275/7669
f 7230/7671 7229/7672 7263/7673 7262/7674
f 7229/7672 7234/7675 7264/7676 7263/7673
f 7232/7677 7231/7678 7241/7679 7240/7680
f 7231/7678 7230/7671 7242/7681 7241/7679
f 7234/7675 7233/7682 7255/7683 7254/7684
f 7233/7682 7232/7677 7256/7685 7255/7683
f 7236/7663 7235/7686 7277/7687 7276/7670
f 7235/7686 7242/7681 7278/7688 7277/7687
f 7240/7680 7239/7689 7247/7690 7246/7691
f 7239/7689 7238/7664 7248/7648 7247/7690
f 7246/7691 7245/7692 7257/7693 7256/7685
f 7245/7692 7244/7565 7258/7605 7257/7693
f 7254/7684 7253/7694 7271/7695 7270/7696
f 7253/7694 7252/7606 7272/7591 7271/7695
f 7262/7674 7261/7697 7279/7698 7278/7688
f 7261/7697 7260/7642 7280/7610 7279/7698
f 7266/7641 7265/7699 7269/7700 7268/7594
f 7265/7699 7264/7676 7270/7696 7269/7700
s 701
f 7282/7701 7281/7702 7417/7703 7422/7704
f 7281/7705 7288/7706 7418/7707 7417/7708
f 7284/7709 7283/7710 7379/7711 7378/7712
f 7283/7710 7282/7701 7380/7713 7379/7711
f 7286/7714 7285/7715 7303/7716 7302/7717
f 7285/7718 7284/7709 7304/7719 7303/7720
f 7288/7706 7287/7721 7291/7722 7290/7723
f 7287/7721 7286/7714 7292/7724 7291/7722
f 7290/7723 7289/7725 7409/7726 7416/7727
f 7289/7725 7296/7728 7410/7729 7409/7726
f 7294/7730 7293/7731 7307/7732 7306/7733
f 7293/7731 7292/7724 7308/7734 7307/7732
f 7296/7728 7295/7735 7329/7736 7328/7737
f 7295/7735 7294/7730 7330/7738 7329/7736
f 7298/7739 7297/7740 7389/7741 7394/7742
f 7297/7740 7304/7719 7390/7743 7389/7741
f 7300/7744 7299/7745 7317/7746 7316/7747
f 7299/7748 7298/7739 7318/7749 7317/7750
f 7302/7717 7301/7751 7309/7752 7308/7734
f 7301/7751 7300/7744 7310/7753 7309/7752
f 7306/7733 7305/7754 7323/7755 7322/7756
f 7305/7754 7310/7753 7324/7757 7323/7755
f 7312/7758 7311/7759 7383/7760 7382/7761
f 7311/7759 7318/7749 7384/7762 7383/7760
f 7314/7763 7313/7764 7341/7765 7340/7766
f 7313/7767 7312/7758 7342/7768 7341/7769
f 7316/7747 7315/7770 7325/7771 7324/7757
f 7315/7770 7314/7763 7326/7772 7325/7771
f 7320/7773 7319/7774 7345/7775 7344/7776
f 7319/7774 7326/7772 7346/7777 7345/7775
f 7322/7756 7321/7778 7331/7779 7330/7738
f 7321/7778 7320/7773 7332/7780 7331/7779
f 7328/7737 7327/7781 7451/7782 7458/7783
f 7327/7781 7334/7784 7452/7785 7451/7782
f 7334/7784 7333/7786 7359/7787 7358/7788
f 7333/7786 7332/7780 7360/7789 7359/7787
f 7336/7790 7335/7791 7403/7792 7408/7793
f 7335/7791 7342/7768 7404/7794 7403/7792
f 7338/7795 7337/7796 7353/7797 7352/7798
f 7337/7799 7336/7790 7354/7800 7353/7801
f 7340/7766 7339/7802 7347/7803 7346/7777
f 7339/7802 7338/7795 7348/7804 7347/7803
f 7344/7776 7343/7805 7361/7806 7360/7789
f 7343/7805 7348/7804 7362/7807 7361/7806
f 7350/7808 7349/7809 7475/7810 7480/7811
f 7349/7812 7356/7813 7476/7814 7475/7815
f 7352/7798 7351/7816 7363/7817 7362/7807
f 7351/7816 7350/7808 7364/7818 7363/7817
f 7356/7813 7355/7819 7397/7820 7396/7821
f 7355/7819 7354/7800 7398/7822 7397/7820
f 7358/7788 7357/7823 7459/7824 7466/7825
f 7357/7823 7364/7818 7460/7826 7459/7824
f 7366/7827 7365/7828 7481/7829 7488/7830
f 7365/7828 7372/7831 7482/7832 7481/7829
f 7368/7833 7367/7834 7401/7835 7400/7836
f 7367/7834 7366/7827 7402/7837 7401/7835
f 7370/7838 7369/7839 7387/7840 7386/7841
f 7369/7839 7368/7833 7388/7842 7387/7840
f 7372/7831 7371/7843 7375/7844 7374/7845
f 7371/7843 7370/7838 7376/7846 7375/7844
f 7374/7845 7373/7847 7429/7848 7436/7849
f 7373/7847 7380/7713 7430/7850 7429/7848
f 7378/7712 7377/7851 7391/7852 7390/7743
f 7377/7851 7376/7846 7392/7853 7391/7852
f 7382/7761 7381/7854 7405/7855 7404/7794
f 7381/7854 7388/7842 7406/7856 7405/7855
f 7386/7841 7385/7857 7393/7858 7392/7853
f 7385/7857 7384/7762 7394/7742 7393/7858
f 7396/7821 7395/7859 7467/7860 7474/7861
f 7395/7859 7402/7837 7468/7862 7467/7860
f 7400/7836 7399/7863 7407/7864 7406/7856
f 7399/7863 7398/7822 7408/7793 7407/7864
f 7412/7865 7411/7866 7457/7867 7456/7868
f 7411/7866 7410/7729 7458/7783 7457/7867
f 7414/7869 7413/7870 7427/7871 7426/7872
f 7413/7870 7412/7865 7428/7873 7427/7871
f 7416/7727 7415/7874 7419/7875 7418/7707
f 7415/7874 7414/7869 7420/7876 7419/7875
f 7422/7704 7421/7877 7431/7878 7430/7850
f 7421/7877 7420/7876 7432/7879 7431/7878
f 7424/7880 7423/7881 7445/7882 7444/7883
f 7423/7881 7428/7873 7446/7884 7445/7882
f 7426/7872 7425/7885 7433/7886 7432/7879
f 7425/7885 7424/7880 7434/7887 7433/7886
f 7436/7849 7435/7888 7483/7889 7482/7832
f 7435/7888 7434/7887 7484/7890 7483/7889
f 7438/7891 7437/7892 7471/7893 7470/7894
f 7437/7892 7442/7895 7472/7896 7471/7893
f 7440/7897 7439/7898 7449/7899 7448/7900
f 7439/7898 7438/7891 7450/7901 7449/7899
f 7442/7895 7441/7902 7463/7903 7462/7904
f 7441/7902 7440/7897 7464/7905 7463/7903
f 7444/7883 7443/7906 7485/7907 7484/7890
f 7443/7906 7450/7901 7486/7908 7485/7907
f 7448/7900 7447/7909 7455/7910 7454/7911
f 7447/7909 7446/7884 7456/7868 7455/7910
f 7454/7911 7453/7912 7465/7913 7464/7905
f 7453/7912 7452/7785 7466/7825 7465/7913
f 7462/7904 7461/7914 7479/7915 7478/7916
f 7461/7914 7460/7826 7480/7811 7479/7915
f 7470/7894 7469/7917 7487/7918 7486/7908
f 7469/7917 7468/7862 7488/7830 7487/7918
f 7474/7861 7473/7919 7477/7920 7476/7814
f 7473/7919 7472/7896 7478/7916 7477/7920
s 1
f 12/24 6/14 22/17 28/34
f 20/44 36/47 44/57 30/53
f 42/56 50/38 14/30 26/33
f 46/72 34/63 60/66 66/77
f 58/95 72/98 82/107 68/104
f 80/89 52/80 40/73 64/76
f 96/146 90/138 106/141 112/153
f 104/62 38/49 18/39 114/42
f 24/19 4/9 98/12 110/43
f 108/142 88/133 120/136 126/156
f 118/122 74/100 56/90 128/93
f 62/68 32/58 102/61 124/94
f 140/176 134/169 146/172 152/179
f 160/197 168/200 174/211 184/205
f 192/196 162/195 182/204 198/216
f 166/184 148/173 132/165 176/168
f 206/208 170/201 158/191 190/194
f 154/187 144/180 164/183 204/190
f 8/6 10/23 136/27 138/7
f 100/13 2/1 142/4 150/150
f 54/84 78/88 186/125 172/85
f 84/118 70/108 200/111 180/126
f 76/113 116/121 194/161 196/114
f 16/28 48/37 178/83 130/29
f 122/137 86/127 208/130 188/162
f 92/131 94/145 156/149 202/132
s 21
f 220/244 214/234 230/237 236/254
f 228/264 244/267 252/277 238/273
f 250/276 258/258 222/250 234/253
f 254/292 242/283 268/286 274/297
f 266/315 280/318 290/327 276/324
f 288/309 260/300 248/293 272/296
f 304/366 298/358 314/361 320/373
f 312/282 246/269 226/259 322/262
f 232/239 212/229 306/232 318/263
f 316/362 296/353 328/356 334/376
f 326/342 282/320 264/310 336/313
f 270/288 240/278 310/281 332/314
f 348/396 342/389 354/392 360/399
f 368/417 376/420 382/431 392/425
f 400/416 370/415 390/424 406/436
f 374/404 356/393 340/385 384/388
f 414/428 378/421 366/411 398/414
f 362/407 352/400 372/403 412/410
f 216/226 218/243 344/247 346/227
f 308/233 210/221 350/224 358/370
f 262/304 286/308 394/345 380/305
f 292/338 278/328 408/331 388/346
f 284/333 324/341 402/381 404/334
f 224/248 256/257 386/303 338/249
f 330/357 294/347 416/350 396/382
f 300/351 302/365 364/369 410/352
s 41
f 428/464 422/454 438/457 444/474
f 436/484 452/487 460/497 446/493
f 458/496 466/478 430/470 442/473
f 462/512 450/503 476/506 482/517
f 474/535 488/538 498/547 484/544
f 496/529 468/520 456/513 480/516
f 512/586 506/578 522/581 528/593
f 520/502 454/489 434/479 530/482
f 440/459 420/449 514/452 526/483
f 524/582 504/573 536/576 542/596
f 534/562 490/540 472/530 544/533
f 478/508 448/498 518/501 540/534
f 556/616 550/609 562/612 568/619
f 576/637 584/640 590/651 600/645
f 608/636 578/635 598/644 614/656
f 582/624 564/613 548/605 592/608
f 622/648 586/641 574/631 606/634
f 570/627 560/620 580/623 620/630
f 424/446 426/463 552/467 554/447
f 516/453 418/441 558/444 566/590
f 470/524 494/528 602/565 588/525
f 500/558 486/548 616/551 596/566
f 492/553 532/561 610/601 612/554
f 432/468 464/477 594/523 546/469
f 538/577 502/567 624/570 604/602
f 508/571 510/585 572/589 618/572
s 61
f 636/684 630/674 646/677 652/694
f 644/704 660/707 668/717 654/713
f 666/716 674/698 638/690 650/693
f 670/732 658/723 684/726 690/737
f 682/755 696/758 706/767 692/764
f 704/749 676/740 664/733 688/736
f 720/806 714/798 730/801 736/813
f 728/722 662/709 642/699 738/702
f 648/679 628/669 722/672 734/703
f 732/802 712/793 744/796 750/816
f 742/782 698/760 680/750 752/753
f 686/728 656/718 726/721 748/754
f 764/836 758/829 770/832 776/839
f 784/857 792/860 798/871 808/865
f 816/856 786/855 806/864 822/876
f 790/844 772/833 756/825 800/828
f 830/868 794/861 782/851 814/854
f 778/847 768/840 788/843 828/850
f 632/666 634/683 760/687 762/667
f 724/673 626/661 766/664 774/810
f 678/744 702/748 810/785 796/745
f 708/778 694/768 824/771 804/786
f 700/773 740/781 818/821 820/774
f 640/688 672/697 802/743 754/689
f 746/797 710/787 832/790 812/822
f 716/791 718/805 780/809 826/792
s 81
f 844/904 838/894 854/897 860/914
f 852/924 868/927 876/937 862/933
f 874/936 882/918 846/910 858/913
f 878/952 866/943 892/946 898/957
f 890/975 904/978 914/987 900/984
f 912/969 884/960 872/953 896/956
f 928/1026 922/1018 938/1021 944/1033
f 936/942 870/929 850/919 946/922
f 856/899 836/889 930/892 942/923
f 940/1022 920/1013 952/1016 958/1036
f 950/1002 906/980 888/970 960/973
f 894/948 864/938 934/941 956/974
f 972/1056 966/1049 978/1052 984/1059
f 992/1077 1000/1080 1006/1091 1016/1085
f 1024/1076 994/1075 1014/1084 1030/1096
f 998/1064 980/1053 964/1045 1008/1048
f 1038/1088 1002/1081 990/1071 1022/1074
f 986/1067 976/1060 996/1063 1036/1070
f 840/886 842/903 968/907 970/887
f 932/893 834/881 974/884 982/1030
f 886/964 910/968 1018/1005 1004/965
f 916/998 902/988 1032/991 1012/1006
f 908/993 948/1001 1026/1041 1028/994
f 848/908 880/917 1010/963 962/909
f 954/1017 918/1007 1040/1010 1020/1042
f 924/1011 926/1025 988/1029 1034/1012
s 101
f 1052/1124 1046/1114 1062/1117 1068/1134
f 1060/1144 1076/1147 1084/1157 1070/1153
f 1082/1156 1090/1138 1054/1130 1066/1133
f 1086/1172 1074/1163 1100/1166 1106/1177
f 1098/1195 1112/1198 1122/1207 1108/1204
f 1120/1189 1092/1180 1080/1173 1104/1176
f 1136/1246 1130/1238 1146/1241 1152/1253
f 1144/1162 1078/1149 1058/1139 1154/1142
f 1064/1119 1044/1109 1138/1112 1150/1143
f 1148/1242 1128/1233 1160/1236 1166/1256
f 1158/1222 1114/1200 1096/1190 1168/1193
f 1102/1168 1072/1158 1142/1161 1164/1194
f 1180/1276 1174/1269 1186/1272 1192/1279
f 1200/1297 1208/1300 1214/1311 1224/1305
f 1232/1296 1202/1295 1222/1304 1238/1316
f 1206/1284 1188/1273 1172/1265 1216/1268
f 1246/1308 1210/1301 1198/1291 1230/1294
f 1194/1287 1184/1280 1204/1283 1244/1290
f 1048/1106 1050/1123 1176/1127 1178/1107
f 1140/1113 1042/1101 1182/1104 1190/1250
f 1094/1184 1118/1188 1226/1225 1212/1185
f 1124/1218 1110/1208 1240/1211 1220/1226
f 1116/1213 1156/1221 1234/1261 1236/1214
f 1056/1128 1088/1137 1218/1183 1170/1129
f 1162/1237 1126/1227 1248/1230 1228/1262
f 1132/1231 1134/1245 1196/1249 1242/1232
s 121
f 1260/1344 1254/1334 1270/1337 1276/1354
f 1268/1364 1284/1367 1292/1377 1278/1373
f 1290/1376 1298/1358 1262/1350 1274/1353
f 1294/1392 1282/1383 1308/1386 1314/1397
f 1306/1415 1320/1418 1330/1427 1316/1424
f 1328/1409 1300/1400 1288/1393 1312/1396
f 1344/1466 1338/1458 1354/1461 1360/1473
f 1352/1382 1286/1369 1266/1359 1362/1362
f 1272/1339 1252/1329 1346/1332 1358/1363
f 1356/1462 1336/1453 1368/1456 1374/1476
f 1366/1442 1322/1420 1304/1410 1376/1413
f 1310/1388 1280/1378 1350/1381 1372/1414
f 1388/1496 1382/1489 1394/1492 1400/1499
f 1408/1517 1416/1520 1422/1531 1432/1525
f 1440/1516 1410/1515 1430/1524 1446/1536
f 1414/1504 1396/1493 1380/1485 1424/1488
f 1454/1528 1418/1521 1406/1511 1438/1514
f 1402/1507 1392/1500 1412/1503 1452/1510
f 1256/1326 1258/1343 1384/1347 1386/1327
f 1348/1333 1250/1321 1390/1324 1398/1470
f 1302/1404 1326/1408 1434/1445 1420/1405
f 1332/1438 1318/1428 1448/1431 1428/1446
f 1324/1433 1364/1441 1442/1481 1444/1434
f 1264/1348 1296/1357 1426/1403 1378/1349
f 1370/1457 1334/1447 1456/1450 1436/1482
f 1340/1451 1342/1465 1404/1469 1450/1452
s 141
f 1468/1564 1462/1554 1478/1557 1484/1574
f 1476/1584 1492/1587 1500/1597 1486/1593
f 1498/1596 1506/1578 1470/1570 1482/1573
f 1502/1612 1490/1603 1516/1606 1522/1617
f 1514/1635 1528/1638 1538/1647 1524/1644
f 1536/1629 1508/1620 1496/1613 1520/1616
f 1552/1686 1546/1678 1562/1681 1568/1693
f 1560/1602 1494/1589 1474/1579 1570/1582
f 1480/1559 1460/1549 1554/1552 1566/1583
f 1564/1682 1544/1673 1576/1676 1582/1696
f 1574/1662 1530/1640 1512/1630 1584/1633
f 1518/1608 1488/1598 1558/1601 1580/1634
f 1596/1716 1590/1709 1602/1712 1608/1719
f 1616/1737 1624/1740 1630/1751 1640/1745
f 1648/1736 1618/1735 1638/1744 1654/1756
f 1622/1724 1604/1713 1588/1705 1632/1708
f 1662/1748 1626/1741 1614/1731 1646/1734
f 1610/1727 1600/1720 1620/1723 1660/1730
f 1464/1546 1466/1563 1592/1567 1594/1547
f 1556/1553 1458/1541 1598/1544 1606/1690
f 1510/1624 1534/1628 1642/1665 1628/1625
f 1540/1658 1526/1648 1656/1651 1636/1666
f 1532/1653 1572/1661 1650/1701 1652/1654
f 1472/1568 1504/1577 1634/1623 1586/1569
f 1578/1677 1542/1667 1664/1670 1644/1702
f 1548/1671 1550/1685 1612/1689 1658/1672
s 161
f 1676/1784 1670/1774 1686/1777 1692/1794
f 1684/1804 1700/1807 1708/1817 1694/1813
f 1706/1816 1714/1798 1678/1790 1690/1793
f 1710/1832 1698/1823 1724/1826 1730/1837
f 1722/1855 1736/1858 1746/1867 1732/1864
f 1744/1849 1716/1840 1704/1833 1728/1836
f 1760/1906 1754/1898 1770/1901 1776/1913
f 1768/1822 1702/1809 1682/1799 1778/1802
f 1688/1779 1668/1769 1762/1772 1774/1803
f 1772/1902 1752/1893 1784/1896 1790/1916
f 1782/1882 1738/1860 1720/1850 1792/1853
f 1726/1828 1696/1818 1766/1821 1788/1854
f 1804/1936 1798/1929 1810/1932 1816/1939
f 1824/1957 1832/1960 1838/1971 1848/1965
f 1856/1956 1826/1955 1846/1964 1862/1976
f 1830/1944 1812/1933 1796/1925 1840/1928
f 1870/1968 1834/1961 1822/1951 1854/1954
f 1818/1947 1808/1940 1828/1943 1868/1950
f 1672/1766 1674/1783 1800/1787 1802/1767
f 1764/1773 1666/1761 1806/1764 1814/1910
f 1718/1844 1742/1848 1850/1885 1836/1845
f 1748/1878 1734/1868 1864/1871 1844/1886
f 1740/1873 1780/1881 1858/1921 1860/1874
f 1680/1788 1712/1797 1842/1843 1794/1789
f 1786/1897 1750/1887 1872/1890 1852/1922
f 1756/1891 1758/1905 1820/1909 1866/1892
s 181
f 1884/2004 1878/1994 1894/1997 1900/2014
f 1892/2024 1908/2027 1916/2037 1902/2033
f 1914/2036 1922/2018 1886/2010 1898/2013
f 1918/2052 1906/2043 1932/2046 1938/2057
f 1930/2075 1944/2078 1954/2087 1940/2084
f 1952/2069 1924/2060 1912/2053 1936/2056
f 1968/2126 1962/2118 1978/2121 1984/2133
f 1976/2042 1910/2029 1890/2019 1986/2022
f 1896/1999 1876/1989 1970/1992 1982/2023
f 1980/2122 1960/2113 1992/2116 1998/2136
f 1990/2102 1946/2080 1928/2070 2000/2073
f 1934/2048 1904/2038 1974/2041 1996/2074
f 2012/2156 2006/2149 2018/2152 2024/2159
f 2032/2177 2040/2180 2046/2191 2056/2185
f 2064/2176 2034/2175 2054/2184 2070/2196
f 2038/2164 2020/2153 2004/2145 2048/2148
f 2078/2188 2042/2181 2030/2171 2062/2174
f 2026/2167 2016/2160 2036/2163 2076/2170
f 1880/1986 1882/2003 2008/2007 2010/1987
f 1972/1993 1874/1981 2014/1984 2022/2130
f 1926/2064 1950/2068 2058/2105 2044/2065
f 1956/2098 1942/2088 2072/2091 2052/2106
f 1948/2093 1988/2101 2066/2141 2068/2094
f 1888/2008 1920/2017 2050/2063 2002/2009
f 1994/2117 1958/2107 2080/2110 2060/2142
f 1964/2111 1966/2125 2028/2129 2074/2112
s 201
f 2092/2224 2086/2214 2102/2217 2108/2234
f 2100/2244 2116/2247 2124/2257 2110/2253
f 2122/2256 2130/2238 2094/2230 2106/2233
f 2126/2272 2114/2263 2140/2266 2146/2277
f 2138/2295 2152/2298 2162/2307 2148/2304
f 2160/2289 2132/2280 2120/2273 2144/2276
f 2176/2346 2170/2338 2186/2341 2192/2353
f 2184/2262 2118/2249 2098/2239 2194/2242
f 2104/2219 2084/2209 2178/2212 2190/2243
f 2188/2342 2168/2333 2200/2336 2206/2356
f 2198/2322 2154/2300 2136/2290 2208/2293
f 2142/2268 2112/2258 2182/2261 2204/2294
f 2220/2376 2214/2369 2226/2372 2232/2379
f 2240/2397 2248/2400 2254/2411 2264/2405
f 2272/2396 2242/2395 2262/2404 2278/2416
f 2246/2384 2228/2373 2212/2365 2256/2368
f 2286/2408 2250/2401 2238/2391 2270/2394
f 2234/2387 2224/2380 2244/2383 2284/2390
f 2088/2206 2090/2223 2216/2227 2218/2207
f 2180/2213 2082/2201 2222/2204 2230/2350
f 2134/2284 2158/2288 2266/2325 2252/2285
f 2164/2318 2150/2308 2280/2311 2260/2326
f 2156/2313 2196/2321 2274/2361 2276/2314
f 2096/2228 2128/2237 2258/2283 2210/2229
f 2202/2337 2166/2327 2288/2330 2268/2362
f 2172/2331 2174/2345 2236/2349 2282/2332
s 221
f 2300/2444 2294/2434 2310/2437 2316/2454
f 2308/2464 2324/2467 2332/2477 2318/2473
f 2330/2476 2338/2458 2302/2450 2314/2453
f 2334/2492 2322/2483 2348/2486 2354/2497
f 2346/2515 2360/2518 2370/2527 2356/2524
f 2368/2509 2340/2500 2328/2493 2352/2496
f 2384/2566 2378/2558 2394/2561 2400/2573
f 2392/2482 2326/2469 2306/2459 2402/2462
f 2312/2439 2292/2429 2386/2432 2398/2463
f 2396/2562 2376/2553 2408/2556 2414/2576
f 2406/2542 2362/2520 2344/2510 2416/2513
f 2350/2488 2320/2478 2390/2481 2412/2514
f 2428/2596 2422/2589 2434/2592 2440/2599
f 2448/2617 2456/2620 2462/2631 2472/2625
f 2480/2616 2450/2615 2470/2624 2486/2636
f 2454/2604 2436/2593 2420/2585 2464/2588
f 2494/2628 2458/2621 2446/2611 2478/2614
f 2442/2607 2432/2600 2452/2603 2492/2610
f 2296/2426 2298/2443 2424/2447 2426/2427
f 2388/2433 2290/2421 2430/2424 2438/2570
f 2342/2504 2366/2508 2474/2545 2460/2505
f 2372/2538 2358/2528 2488/2531 2468/2546
f 2364/2533 2404/2541 2482/2581 2484/2534
f 2304/2448 2336/2457 2466/2503 2418/2449
f 2410/2557 2374/2547 2496/2550 2476/2582
f 2380/2551 2382/2565 2444/2569 2490/2552
s 241
f 2508/2664 2502/2654 2518/2657 2524/2674
f 2516/2684 2532/2687 2540/2697 2526/2693
f 2538/2696 2546/2678 2510/2670 2522/2673
f 2542/2712 2530/2703 2556/2706 2562/2717
f 2554/2735 2568/2738 2578/2747 2564/2744
f 2576/2729 2548/2720 2536/2713 2560/2716
f 2592/2786 2586/2778 2602/2781 2608/2793
f 2600/2702 2534/2689 2514/2679 2610/2682
f 2520/2659 2500/2649 2594/2652 2606/2683
f 2604/2782 2584/2773 2616/2776 2622/2796
f 2614/2762 2570/2740 2552/2730 2624/2733
f 2558/2708 2528/2698 2598/2701 2620/2734
f 2636/2816 2630/2809 2642/2812 2648/2819
f 2656/2837 2664/2840 2670/2851 2680/2845
f 2688/2836 2658/2835 2678/2844 2694/2856
f 2662/2824 2644/2813 2628/2805 2672/2808
f 2702/2848 2666/2841 2654/2831 2686/2834
f 2650/2827 2640/2820 2660/2823 2700/2830
f 2504/2646 2506/2663 2632/2667 2634/2647
f 2596/2653 2498/2641 2638/2644 2646/2790
f 2550/2724 2574/2728 2682/2765 2668/2725
f 2580/2758 2566/2748 2696/2751 2676/2766
f 2572/2753 2612/2761 2690/2801 2692/2754
f 2512/2668 2544/2677 2674/2723 2626/2669
f 2618/2777 2582/2767 2704/2770 2684/2802
f 2588/2771 2590/2785 2652/2789 2698/2772
s 261
f 2716/2884 2710/2874 2726/2877 2732/2894
f 2724/2904 2740/2907 2748/2917 2734/2913
f 2746/2916 2754/2898 2718/2890 2730/2893
f 2750/2932 2738/2923 2764/2926 2770/2937
f 2762/2955 2776/2958 2786/2967 2772/2964
f 2784/2949 2756/2940 2744/2933 2768/2936
f 2800/3006 2794/2998 2810/3001 2816/3013
f 2808/2922 2742/2909 2722/2899 2818/2902
f 2728/2879 2708/2869 2802/2872 2814/2903
f 2812/3002 2792/2993 2824/2996 2830/3016
f 2822/2982 2778/2960 2760/2950 2832/2953
f 2766/2928 2736/2918 2806/2921 2828/2954
f 2844/3036 2838/3029 2850/3032 2856/3039
f 2864/3057 2872/3060 2878/3071 2888/3065
f 2896/3056 2866/3055 2886/3064 2902/3076
f 2870/3044 2852/3033 2836/3025 2880/3028
f 2910/3068 2874/3061 2862/3051 2894/3054
f 2858/3047 2848/3040 2868/3043 2908/3050
f 2712/2866 2714/2883 2840/2887 2842/2867
f 2804/2873 2706/2861 2846/2864 2854/3010
f 2758/2944 2782/2948 2890/2985 2876/2945
f 2788/2978 2774/2968 2904/2971 2884/2986
f 2780/2973 2820/2981 2898/3021 2900/2974
f 2720/2888 2752/2897 2882/2943 2834/2889
f 2826/2997 2790/2987 2912/2990 2892/3022
f 2796/2991 2798/3005 2860/3009 2906/2992
s 281
f 2924/3104 2918/3094 2934/3097 2940/3114
f 2932/3124 2948/3127 2956/3137 2942/3133
f 2954/3136 2962/3118 2926/3110 2938/3113
f 2958/3152 2946/3143 2972/3146 2978/3157
f 2970/3175 2984/3178 2994/3187 2980/3184
f 2992/3169 2964/3160 2952/3153 2976/3156
f 3008/3226 3002/3218 3018/3221 3024/3233
f 3016/3142 2950/3129 2930/3119 3026/3122
f 2936/3099 2916/3089 3010/3092 3022/3123
f 3020/3222 3000/3213 3032/3216 3038/3236
f 3030/3202 2986/3180 2968/3170 3040/3173
f 2974/3148 2944/3138 3014/3141 3036/3174
f 3052/3256 3046/3249 3058/3252 3064/3259
f 3072/3277 3080/3280 3086/3291 3096/3285
f 3104/3276 3074/3275 3094/3284 3110/3296
f 3078/3264 3060/3253 3044/3245 3088/3248
f 3118/3288 3082/3281 3070/3271 3102/3274
f 3066/3267 3056/3260 3076/3263 3116/3270
f 2920/3086 2922/3103 3048/3107 3050/3087
f 3012/3093 2914/3081 3054/3084 3062/3230
f 2966/3164 2990/3168 3098/3205 3084/3165
f 2996/3198 2982/3188 3112/3191 3092/3206
f 2988/3193 3028/3201 3106/3241 3108/3194
f 2928/3108 2960/3117 3090/3163 3042/3109
f 3034/3217 2998/3207 3120/3210 3100/3242
f 3004/3211 3006/3225 3068/3229 3114/3212
s 301
f 3132/3324 3126/3314 3142/3317 3148/3334
f 3140/3344 3156/3347 3164/3357 3150/3353
f 3162/3356 3170/3338 3134/3330 3146/3333
f 3166/3372 3154/3363 3180/3366 3186/3377
f 3178/3395 3192/3398 3202/3407 3188/3404
f 3200/3389 3172/3380 3160/3373 3184/3376
f 3216/3446 3210/3438 3226/3441 3232/3453
f 3224/3362 3158/3349 3138/3339 3234/3342
f 3144/3319 3124/3309 3218/3312 3230/3343
f 3228/3442 3208/3433 3240/3436 3246/3456
f 3238/3422 3194/3400 3176/3390 3248/3393
f 3182/3368 3152/3358 3222/3361 3244/3394
f 3260/3476 3254/3469 3266/3472 3272/3479
f 3280/3497 3288/3500 3294/3511 3304/3505
f 3312/3496 3282/3495 3302/3504 3318/3516
f 3286/3484 3268/3473 3252/3465 3296/3468
f 3326/3508 3290/3501 3278/3491 3310/3494
f 3274/3487 3264/3480 3284/3483 3324/3490
f 3128/3306 3130/3323 3256/3327 3258/3307
f 3220/3313 3122/3301 3262/3304 3270/3450
f 3174/3384 3198/3388 3306/3425 3292/3385
f 3204/3418 3190/3408 3320/3411 3300/3426
f 3196/3413 3236/3421 3314/3461 3316/3414
f 3136/3328 3168/3337 3298/3383 3250/3329
f 3242/3437 3206/3427 3328/3430 3308/3462
f 3212/3431 3214/3445 3276/3449 3322/3432
s 321
f 3340/3544 3334/3534 3350/3537 3356/3554
f 3348/3564 3364/3567 3372/3577 3358/3573
f 3370/3576 3378/3558 3342/3550 3354/3553
f 3374/3592 3362/3583 3388/3586 3394/3597
f 3386/3615 3400/3618 3410/3627 3396/3624
f 3408/3609 3380/3600 3368/3593 3392/3596
f 3424/3666 3418/3658 3434/3661 3440/3673
f 3432/3582 3366/3569 3346/3559 3442/3562
f 3352/3539 3332/3529 3426/3532 3438/3563
f 3436/3662 3416/3653 3448/3656 3454/3676
f 3446/3642 3402/3620 3384/3610 3456/3613
f 3390/3588 3360/3578 3430/3581 3452/3614
f 3468/3696 3462/3689 3474/3692 3480/3699
f 3488/3717 3496/3720 3502/3731 3512/3725
f 3520/3716 3490/3715 3510/3724 3526/3736
f 3494/3704 3476/3693 3460/3685 3504/3688
f 3534/3728 3498/3721 3486/3711 3518/3714
f 3482/3707 3472/3700 3492/3703 3532/3710
f 3336/3526 3338/3543 3464/3547 3466/3527
f 3428/3533 3330/3521 3470/3524 3478/3670
f 3382/3604 3406/3608 3514/3645 3500/3605
f 3412/3638 3398/3628 3528/3631 3508/3646
f 3404/3633 3444/3641 3522/3681 3524/3634
f 3344/3548 3376/3557 3506/3603 3458/3549
f 3450/3657 3414/3647 3536/3650 3516/3682
f 3420/3651 3422/3665 3484/3669 3530/3652
s 341
f 3548/3764 3542/3754 3558/3757 3564/3774
f 3556/3784 3572/3787 3580/3797 3566/3793
f 3578/3796 3586/3778 3550/3770 3562/3773
f 3582/3812 3570/3803 3596/3806 3602/3817
f 3594/3835 3608/3838 3618/3847 3604/3844
f 3616/3829 3588/3820 3576/3813 3600/3816
f 3632/3886 3626/3878 3642/3881 3648/3893
f 3640/3802 3574/3789 3554/3779 3650/3782
f 3560/3759 3540/3749 3634/3752 3646/3783
f 3644/3882 3624/3873 3656/3876 3662/3896
f 3654/3862 3610/3840 3592/3830 3664/3833
f 3598/3808 3568/3798 3638/3801 3660/3834
f 3676/3916 3670/3909 3682/3912 3688/3919
f 3696/3937 3704/3940 3710/3951 3720/3945
f 3728/3936 3698/3935 3718/3944 3734/3956
f 3702/3924 3684/3913 3668/3905 3712/3908
f 3742/3948 3706/3941 3694/3931 3726/3934
f 3690/3927 3680/3920 3700/3923 3740/3930
f 3544/3746 3546/3763 3672/3767 3674/3747
f 3636/3753 3538/3741 3678/3744 3686/3890
f 3590/3824 3614/3828 3722/3865 3708/3825
f 3620/3858 3606/3848 3736/3851 3716/3866
f 3612/3853 3652/3861 3730/3901 3732/3854
f 3552/3768 3584/3777 3714/3823 3666/3769
f 3658/3877 3622/3867 3744/3870 3724/3902
f 3628/3871 3630/3885 3692/3889 3738/3872
s 361
f 3756/3984 3750/3974 3766/3977 3772/3994
f 3764/4004 3780/4007 3788/4017 3774/4013
f 3786/4016 3794/3998 3758/3990 3770/3993
f 3790/4032 3778/4023 3804/4026 3810/4037
f 3802/4055 3816/4058 3826/4067 3812/4064
f 3824/4049 3796/4040 3784/4033 3808/4036
f 3840/4106 3834/4098 3850/4101 3856/4113
f 3848/4022 3782/4009 3762/3999 3858/4002
f 3768/3979 3748/3969 3842/3972 3854/4003
f 3852/4102 3832/4093 3864/4096 3870/4116
f 3862/4082 3818/4060 3800/4050 3872/4053
f 3806/4028 3776/4018 3846/4021 3868/4054
f 3884/4136 3878/4129 3890/4132 3896/4139
f 3904/4157 3912/4160 3918/4171 3928/4165
f 3936/4156 3906/4155 3926/4164 3942/4176
f 3910/4144 3892/4133 3876/4125 3920/4128
f 3950/4168 3914/4161 3902/4151 3934/4154
f 3898/4147 3888/4140 3908/4143 3948/4150
f 3752/3966 3754/3983 3880/3987 3882/3967
f 3844/3973 3746/3961 3886/3964 3894/4110
f 3798/4044 3822/4048 3930/4085 3916/4045
f 3828/4078 3814/4068 3944/4071 3924/4086
f 3820/4073 3860/4081 3938/4121 3940/4074
f 3760/3988 3792/3997 3922/4043 3874/3989
f 3866/4097 3830/4087 3952/4090 3932/4122
f 3836/4091 3838/4105 3900/4109 3946/4092
s 381
f 3964/4204 3958/4194 3974/4197 3980/4214
f 3972/4224 3988/4227 3996/4237 3982/4233
f 3994/4236 4002/4218 3966/4210 3978/4213
f 3998/4252 3986/4243 4012/4246 4018/4257
f 4010/4275 4024/4278 4034/4287 4020/4284
f 4032/4269 4004/4260 3992/4253 4016/4256
f 4048/4326 4042/4318 4058/4321 4064/4333
f 4056/4242 3990/4229 3970/4219 4066/4222
f 3976/4199 3956/4189 4050/4192 4062/4223
f 4060/4322 4040/4313 4072/4316 4078/4336
f 4070/4302 4026/4280 4008/4270 4080/4273
f 4014/4248 3984/4238 4054/4241 4076/4274
f 4092/4356 4086/4349 4098/4352 4104/4359
f 4112/4377 4120/4380 4126/4391 4136/4385
f 4144/4376 4114/4375 4134/4384 4150/4396
f 4118/4364 4100/4353 4084/4345 4128/4348
f 4158/4388 4122/4381 4110/4371 4142/4374
f 4106/4367 4096/4360 4116/4363 4156/4370
f 3960/4186 3962/4203 4088/4207 4090/4187
f 4052/4193 3954/4181 4094/4184 4102/4330
f 4006/4264 4030/4268 4138/4305 4124/4265
f 4036/4298 4022/4288 4152/4291 4132/4306
f 4028/4293 4068/4301 4146/4341 4148/4294
f 3968/4208 4000/4217 4130/4263 4082/4209
f 4074/4317 4038/4307 4160/4310 4140/4342
f 4044/4311 4046/4325 4108/4329 4154/4312
s 401
f 4172/4424 4166/4414 4182/4417 4188/4434
f 4180/4444 4196/4447 4204/4457 4190/4453
f 4202/4456 4210/4438 4174/4430 4186/4433
f 4206/4472 4194/4463 4220/4466 4226/4477
f 4218/4495 4232/4498 4242/4507 4228/4504
f 4240/4489 4212/4480 4200/4473 4224/4476
f 4256/4546 4250/4538 4266/4541 4272/4553
f 4264/4462 4198/4449 4178/4439 4274/4442
f 4184/4419 4164/4409 4258/4412 4270/4443
f 4268/4542 4248/4533 4280/4536 4286/4556
f 4278/4522 4234/4500 4216/4490 4288/4493
f 4222/4468 4192/4458 4262/4461 4284/4494
f 4300/4576 4294/4569 4306/4572 4312/4579
f 4320/4597 4328/4600 4334/4611 4344/4605
f 4352/4596 4322/4595 4342/4604 4358/4616
f 4326/4584 4308/4573 4292/4565 4336/4568
f 4366/4608 4330/4601 4318/4591 4350/4594
f 4314/4587 4304/4580 4324/4583 4364/4590
f 4168/4406 4170/4423 4296/4427 4298/4407
f 4260/4413 4162/4401 4302/4404 4310/4550
f 4214/4484 4238/4488 4346/4525 4332/4485
f 4244/4518 4230/4508 4360/4511 4340/4526
f 4236/4513 4276/4521 4354/4561 4356/4514
f 4176/4428 4208/4437 4338/4483 4290/4429
f 4282/4537 4246/4527 4368/4530 4348/4562
f 4252/4531 4254/4545 4316/4549 4362/4532
s 421
f 4380/4644 4374/4634 4390/4637 4396/4654
f 4388/4664 4404/4667 4412/4677 4398/4673
f 4410/4676 4418/4658 4382/4650 4394/4653
f 4414/4692 4402/4683 4428/4686 4434/4697
f 4426/4715 4440/4718 4450/4727 4436/4724
f 4448/4709 4420/4700 4408/4693 4432/4696
f 4464/4766 4458/4758 4474/4761 4480/4773
f 4472/4682 4406/4669 4386/4659 4482/4662
f 4392/4639 4372/4629 4466/4632 4478/4663
f 4476/4762 4456/4753 4488/4756 4494/4776
f 4486/4742 4442/4720 4424/4710 4496/4713
f 4430/4688 4400/4678 4470/4681 4492/4714
f 4508/4796 4502/4789 4514/4792 4520/4799
f 4528/4817 4536/4820 4542/4831 4552/4825
f 4560/4816 4530/4815 4550/4824 4566/4836
f 4534/4804 4516/4793 4500/4785 4544/4788
f 4574/4828 4538/4821 4526/4811 4558/4814
f 4522/4807 4512/4800 4532/4803 4572/4810
f 4376/4626 4378/4643 4504/4647 4506/4627
f 4468/4633 4370/4621 4510/4624 4518/4770
f 4422/4704 4446/4708 4554/4745 4540/4705
f 4452/4738 4438/4728 4568/4731 4548/4746
f 4444/4733 4484/4741 4562/4781 4564/4734
f 4384/4648 4416/4657 4546/4703 4498/4649
f 4490/4757 4454/4747 4576/4750 4556/4782
f 4460/4751 4462/4765 4524/4769 4570/4752
s 441
f 4588/4864 4582/4854 4598/4857 4604/4874
f 4596/4884 4612/4887 4620/4897 4606/4893
f 4618/4896 4626/4878 4590/4870 4602/4873
f 4622/4912 4610/4903 4636/4906 4642/4917
f 4634/4935 4648/4938 4658/4947 4644/4944
f 4656/4929 4628/4920 4616/4913 4640/4916
f 4672/4986 4666/4978 4682/4981 4688/4993
f 4680/4902 4614/4889 4594/4879 4690/4882
f 4600/4859 4580/4849 4674/4852 4686/4883
f 4684/4982 4664/4973 4696/4976 4702/4996
f 4694/4962 4650/4940 4632/4930 4704/4933
f 4638/4908 4608/4898 4678/4901 4700/4934
f 4716/5016 4710/5009 4722/5012 4728/5019
f 4736/5037 4744/5040 4750/5051 4760/5045
f 4768/5036 4738/5035 4758/5044 4774/5056
f 4742/5024 4724/5013 4708/5005 4752/5008
f 4782/5048 4746/5041 4734/5031 4766/5034
f 4730/5027 4720/5020 4740/5023 4780/5030
f 4584/4846 4586/4863 4712/4867 4714/4847
f 4676/4853 4578/4841 4718/4844 4726/4990
f 4630/4924 4654/4928 4762/4965 4748/4925
f 4660/4958 4646/4948 4776/4951 4756/4966
f 4652/4953 4692/4961 4770/5001 4772/4954
f 4592/4868 4624/4877 4754/4923 4706/4869
f 4698/4977 4662/4967 4784/4970 4764/5002
f 4668/4971 4670/4985 4732/4989 4778/4972
s 461
f 4796/5084 4790/5074 4806/5077 4812/5094
f 4804/5104 4820/5107 4828/5117 4814/5113
f 4826/5116 4834/5098 4798/5090 4810/5093
f 4830/5132 4818/5123 4844/5126 4850/5137
f 4842/5155 4856/5158 4866/5167 4852/5164
f 4864/5149 4836/5140 4824/5133 4848/5136
f 4880/5206 4874/5198 4890/5201 4896/5213
f 4888/5122 4822/5109 4802/5099 4898/5102
f 4808/5079 4788/5069 4882/5072 4894/5103
f 4892/5202 4872/5193 4904/5196 4910/5216
f 4902/5182 4858/5160 4840/5150 4912/5153
f 4846/5128 4816/5118 4886/5121 4908/5154
f 4924/5236 4918/5229 4930/5232 4936/5239
f 4944/5257 4952/5260 4958/5271 4968/5265
f 4976/5256 4946/5255 4966/5264 4982/5276
f 4950/5244 4932/5233 4916/5225 4960/5228
f 4990/5268 4954/5261 4942/5251 4974/5254
f 4938/5247 4928/5240 4948/5243 4988/5250
f 4792/5066 4794/5083 4920/5087 4922/5067
f 4884/5073 4786/5061 4926/5064 4934/5210
f 4838/5144 4862/5148 4970/5185 4956/5145
f 4868/5178 4854/5168 4984/5171 4964/5186
f 4860/5173 4900/5181 4978/5221 4980/5174
f 4800/5088 4832/5097 4962/5143 4914/5089
f 4906/5197 4870/5187 4992/5190 4972/5222
f 4876/5191 4878/5205 4940/5209 4986/5192
s 481
f 5004/5304 4998/5294 5014/5297 5020/5314
f 5012/5324 5028/5327 5036/5337 5022/5333
f 5034/5336 5042/5318 5006/5310 5018/5313
f 5038/5352 5026/5343 5052/5346 5058/5357
f 5050/5375 5064/5378 5074/5387 5060/5384
f 5072/5369 5044/5360 5032/5353 5056/5356
f 5088/5426 5082/5418 5098/5421 5104/5433
f 5096/5342 5030/5329 5010/5319 5106/5322
f 5016/5299 4996/5289 5090/5292 5102/5323
f 5100/5422 5080/5413 5112/5416 5118/5436
f 5110/5402 5066/5380 5048/5370 5120/5373
f 5054/5348 5024/5338 5094/5341 5116/5374
f 5132/5456 5126/5449 5138/5452 5144/5459
f 5152/5477 5160/5480 5166/5491 5176/5485
f 5184/5476 5154/5475 5174/5484 5190/5496
f 5158/5464 5140/5453 5124/5445 5168/5448
f 5198/5488 5162/5481 5150/5471 5182/5474
f 5146/5467 5136/5460 5156/5463 5196/5470
f 5000/5286 5002/5303 5128/5307 5130/5287
f 5092/5293 4994/5281 5134/5284 5142/5430
f 5046/5364 5070/5368 5178/5405 5164/5365
f 5076/5398 5062/5388 5192/5391 5172/5406
f 5068/5393 5108/5401 5186/5441 5188/5394
f 5008/5308 5040/5317 5170/5363 5122/5309
f 5114/5417 5078/5407 5200/5410 5180/5442
f 5084/5411 5086/5425 5148/5429 5194/5412
s 501
f 5212/5524 5206/5514 5222/5517 5228/5534
f 5220/5544 5236/5547 5244/5557 5230/5553
f 5242/5556 5250/5538 5214/5530 5226/5533
f 5246/5572 5234/5563 5260/5566 5266/5577
f 5258/5595 5272/5598 5282/5607 5268/5604
f 5280/5589 5252/5580 5240/5573 5264/5576
f 5296/5646 5290/5638 5306/5641 5312/5653
f 5304/5562 5238/5549 5218/5539 5314/5542
f 5224/5519 5204/5509 5298/5512 5310/5543
f 5308/5642 5288/5633 5320/5636 5326/5656
f 5318/5622 5274/5600 5256/5590 5328/5593
f 5262/5568 5232/5558 5302/5561 5324/5594
f 5340/5676 5334/5669 5346/5672 5352/5679
f 5360/5697 5368/5700 5374/5711 5384/5705
f 5392/5696 5362/5695 5382/5704 5398/5716
f 5366/5684 5348/5673 5332/5665 5376/5668
f 5406/5708 5370/5701 5358/5691 5390/5694
f 5354/5687 5344/5680 5364/5683 5404/5690
f 5208/5506 5210/5523 5336/5527 5338/5507
f 5300/5513 5202/5501 5342/5504 5350/5650
f 5254/5584 5278/5588 5386/5625 5372/5585
f 5284/5618 5270/5608 5400/5611 5380/5626
f 5276/5613 5316/5621 5394/5661 5396/5614
f 5216/5528 5248/5537 5378/5583 5330/5529
f 5322/5637 5286/5627 5408/5630 5388/5662
f 5292/5631 5294/5645 5356/5649 5402/5632
s 521
f 5420/5744 5414/5734 5430/5737 5436/5754
f 5428/5764 5444/5767 5452/5777 5438/5773
f 5450/5776 5458/5758 5422/5750 5434/5753
f 5454/5792 5442/5783 5468/5786 5474/5797
f 5466/5815 5480/5818 5490/5827 5476/5824
f 5488/5809 5460/5800 5448/5793 5472/5796
f 5504/5866 5498/5858 5514/5861 5520/5873
f 5512/5782 5446/5769 5426/5759 5522/5762
f 5432/5739 5412/5729 5506/5732 5518/5763
f 5516/5862 5496/5853 5528/5856 5534/5876
f 5526/5842 5482/5820 5464/5810 5536/5813
f 5470/5788 5440/5778 5510/5781 5532/5814
f 5548/5896 5542/5889 5554/5892 5560/5899
f 5568/5917 5576/5920 5582/5931 5592/5925
f 5600/5916 5570/5915 5590/5924 5606/5936
f 5574/5904 5556/5893 5540/5885 5584/5888
f 5614/5928 5578/5921 5566/5911 5598/5914
f 5562/5907 5552/5900 5572/5903 5612/5910
f 5416/5726 5418/5743 5544/5747 5546/5727
f 5508/5733 5410/5721 5550/5724 5558/5870
f 5462/5804 5486/5808 5594/5845 5580/5805
f 5492/5838 5478/5828 5608/5831 5588/5846
f 5484/5833 5524/5841 5602/5881 5604/5834
f 5424/5748 5456/5757 5586/5803 5538/5749
f 5530/5857 5494/5847 5616/5850 5596/5882
f 5500/5851 5502/5865 5564/5869 5610/5852
s 541
f 5628/5964 5622/5954 5638/5957 5644/5974
f 5636/5984 5652/5987 5660/5997 5646/5993
f 5658/5996 5666/5978 5630/5970 5642/5973
f 5662/6012 5650/6003 5676/6006 5682/6017
f 5674/6035 5688/6038 5698/6047 5684/6044
f 5696/6029 5668/6020 5656/6013 5680/6016
f 5712/6086 5706/6078 5722/6081 5728/6093
f 5720/6002 5654/5989 5634/5979 5730/5982
f 5640/5959 5620/5949 5714/5952 5726/5983
f 5724/6082 5704/6073 5736/6076 5742/6096
f 5734/6062 5690/6040 5672/6030 5744/6033
f 5678/6008 5648/5998 5718/6001 5740/6034
f 5756/6116 5750/6109 5762/6112 5768/6119
f 5776/6137 5784/6140 5790/6151 5800/6145
f 5808/6136 5778/6135 5798/6144 5814/6156
f 5782/6124 5764/6113 5748/6105 5792/6108
f 5822/6148 5786/6141 5774/6131 5806/6134
f 5770/6127 5760/6120 5780/6123 5820/6130
f 5624/5946 5626/5963 5752/5967 5754/5947
f 5716/5953 5618/5941 5758/5944 5766/6090
f 5670/6024 5694/6028 5802/6065 5788/6025
f 5700/6058 5686/6048 5816/6051 5796/6066
f 5692/6053 5732/6061 5810/6101 5812/6054
f 5632/5968 5664/5977 5794/6023 5746/5969
f 5738/6077 5702/6067 5824/6070 5804/6102
f 5708/6071 5710/6085 5772/6089 5818/6072
s 561
f 5836/6184 5830/6174 5846/6177 5852/6194
f 5844/6204 5860/6207 5868/6217 5854/6213
f 5866/6216 5874/6198 5838/6190 5850/6193
f 5870/6232 5858/6223 5884/6226 5890/6237
f 5882/6255 5896/6258 5906/6267 5892/6264
f 5904/6249 5876/6240 5864/6233 5888/6236
f 5920/6306 5914/6298 5930/6301 5936/6313
f 5928/6222 5862/6209 5842/6199 5938/6202
f 5848/6179 5828/6169 5922/6172 5934/6203
f 5932/6302 5912/6293 5944/6296 5950/6316
f 5942/6282 5898/6260 5880/6250 5952/6253
f 5886/6228 5856/6218 5926/6221 5948/6254
f 5964/6336 5958/6329 5970/6332 5976/6339
f 5984/6357 5992/6360 5998/6371 6008/6365
f 6016/6356 5986/6355 6006/6364 6022/6376
f 5990/6344 5972/6333 5956/6325 6000/6328
f 6030/6368 5994/6361 5982/6351 6014/6354
f 5978/6347 5968/6340 5988/6343 6028/6350
f 5832/6166 5834/6183 5960/6187 5962/6167
f 5924/6173 5826/6161 5966/6164 5974/6310
f 5878/6244 5902/6248 6010/6285 5996/6245
f 5908/6278 5894/6268 6024/6271 6004/6286
f 5900/6273 5940/6281 6018/6321 6020/6274
f 5840/6188 5872/6197 6002/6243 5954/6189
f 5946/6297 5910/6287 6032/6290 6012/6322
f 5916/6291 5918/6305 5980/6309 6026/6292
s 581
f 6044/6404 6038/6394 6054/6397 6060/6414
f 6052/6424 6068/6427 6076/6437 6062/6433
f 6074/6436 6082/6418 6046/6410 6058/6413
f 6078/6452 6066/6443 6092/6446 6098/6457
f 6090/6475 6104/6478 6114/6487 6100/6484
f 6112/6469 6084/6460 6072/6453 6096/6456
f 6128/6526 6122/6518 6138/6521 6144/6533
f 6136/6442 6070/6429 6050/6419 6146/6422
f 6056/6399 6036/6389 6130/6392 6142/6423
f 6140/6522 6120/6513 6152/6516 6158/6536
f 6150/6502 6106/6480 6088/6470 6160/6473
f 6094/6448 6064/6438 6134/6441 6156/6474
f 6172/6556 6166/6549 6178/6552 6184/6559
f 6192/6577 6200/6580 6206/6591 6216/6585
f 6224/6576 6194/6575 6214/6584 6230/6596
f 6198/6564 6180/6553 6164/6545 6208/6548
f 6238/6588 6202/6581 6190/6571 6222/6574
f 6186/6567 6176/6560 6196/6563 6236/6570
f 6040/6386 6042/6403 6168/6407 6170/6387
f 6132/6393 6034/6381 6174/6384 6182/6530
f 6086/6464 6110/6468 6218/6505 6204/6465
f 6116/6498 6102/6488 6232/6491 6212/6506
f 6108/6493 6148/6501 6226/6541 6228/6494
f 6048/6408 6080/6417 6210/6463 6162/6409
f 6154/6517 6118/6507 6240/6510 6220/6542
f 6124/6511 6126/6525 6188/6529 6234/6512
s 601
f 6252/6624 6246/6614 6262/6617 6268/6634
f 6260/6644 6276/6647 6284/6657 6270/6653
f 6282/6656 6290/6638 6254/6630 6266/6633
f 6286/6672 6274/6663 6300/6666 6306/6677
f 6298/6695 6312/6698 6322/6707 6308/6704
f 6320/6689 6292/6680 6280/6673 6304/6676
f 6336/6746 6330/6738 6346/6741 6352/6753
f 6344/6662 6278/6649 6258/6639 6354/6642
f 6264/6619 6244/6609 6338/6612 6350/6643
f 6348/6742 6328/6733 6360/6736 6366/6756
f 6358/6722 6314/6700 6296/6690 6368/6693
f 6302/6668 6272/6658 6342/6661 6364/6694
f 6380/6776 6374/6769 6386/6772 6392/6779
f 6400/6797 6408/6800 6414/6811 6424/6805
f 6432/6796 6402/6795 6422/6804 6438/6816
f 6406/6784 6388/6773 6372/6765 6416/6768
f 6446/6808 6410/6801 6398/6791 6430/6794
f 6394/6787 6384/6780 6404/6783 6444/6790
f 6248/6606 6250/6623 6376/6627 6378/6607
f 6340/6613 6242/6601 6382/6604 6390/6750
f 6294/6684 6318/6688 6426/6725 6412/6685
f 6324/6718 6310/6708 6440/6711 6420/6726
f 6316/6713 6356/6721 6434/6761 6436/6714
f 6256/6628 6288/6637 6418/6683 6370/6629
f 6362/6737 6326/6727 6448/6730 6428/6762
f 6332/6731 6334/6745 6396/6749 6442/6732
s 621
f 6460/6844 6454/6834 6470/6837 6476/6854
f 6468/6864 6484/6867 6492/6877 6478/6873
f 6490/6876 6498/6858 6462/6850 6474/6853
f 6494/6892 6482/6883 6508/6886 6514/6897
f 6506/6915 6520/6918 6530/6927 6516/6924
f 6528/6909 6500/6900 6488/6893 6512/6896
f 6544/6966 6538/6958 6554/6961 6560/6973
f 6552/6882 6486/6869 6466/6859 6562/6862
f 6472/6839 6452/6829 6546/6832 6558/6863
f 6556/6962 6536/6953 6568/6956 6574/6976
f 6566/6942 6522/6920 6504/6910 6576/6913
f 6510/6888 6480/6878 6550/6881 6572/6914
f 6588/6996 6582/6989 6594/6992 6600/6999
f 6608/7017 6616/7020 6622/7031 6632/7025
f 6640/7016 6610/7015 6630/7024 6646/7036
f 6614/7004 6596/6993 6580/6985 6624/6988
f 6654/7028 6618/7021 6606/7011 6638/7014
f 6602/7007 6592/7000 6612/7003 6652/7010
f 6456/6826 6458/6843 6584/6847 6586/6827
f 6548/6833 6450/6821 6590/6824 6598/6970
f 6502/6904 6526/6908 6634/6945 6620/6905
f 6532/6938 6518/6928 6648/6931 6628/6946
f 6524/6933 6564/6941 6642/6981 6644/6934
f 6464/6848 6496/6857 6626/6903 6578/6849
f 6570/6957 6534/6947 6656/6950 6636/6982
f 6540/6951 6542/6965 6604/6969 6650/6952
s 641
f 6668/7064 6662/7054 6678/7057 6684/7074
f 6676/7084 6692/7087 6700/7097 6686/7093
f 6698/7096 6706/7078 6670/7070 6682/7073
f 6702/7112 6690/7103 6716/7106 6722/7117
f 6714/7135 6728/7138 6738/7147 6724/7144
f 6736/7129 6708/7120 6696/7113 6720/7116
f 6752/7186 6746/7178 6762/7181 6768/7193
f 6760/7102 6694/7089 6674/7079 6770/7082
f 6680/7059 6660/7049 6754/7052 6766/7083
f 6764/7182 6744/7173 6776/7176 6782/7196
f 6774/7162 6730/7140 6712/7130 6784/7133
f 6718/7108 6688/7098 6758/7101 6780/7134
f 6796/7216 6790/7209 6802/7212 6808/7219
f 6816/7237 6824/7240 6830/7251 6840/7245
f 6848/7236 6818/7235 6838/7244 6854/7256
f 6822/7224 6804/7213 6788/7205 6832/7208
f 6862/7248 6826/7241 6814/7231 6846/7234
f 6810/7227 6800/7220 6820/7223 6860/7230
f 6664/7046 6666/7063 6792/7067 6794/7047
f 6756/7053 6658/7041 6798/7044 6806/7190
f 6710/7124 6734/7128 6842/7165 6828/7125
f 6740/7158 6726/7148 6856/7151 6836/7166
f 6732/7153 6772/7161 6850/7201 6852/7154
f 6672/7068 6704/7077 6834/7123 6786/7069
f 6778/7177 6742/7167 6864/7170 6844/7202
f 6748/7171 6750/7185 6812/7189 6858/7172
s 661
f 6876/7284 6870/7274 6886/7277 6892/7294
f 6884/7304 6900/7307 6908/7317 6894/7313
f 6906/7316 6914/7298 6878/7290 6890/7293
f 6910/7332 6898/7323 6924/7326 6930/7337
f 6922/7355 6936/7358 6946/7367 6932/7364
f 6944/7349 6916/7340 6904/7333 6928/7336
f 6960/7406 6954/7398 6970/7401 6976/7413
f 6968/7322 6902/7309 6882/7299 6978/7302
f 6888/7279 6868/7269 6962/7272 6974/7303
f 6972/7402 6952/7393 6984/7396 6990/7416
f 6982/7382 6938/7360 6920/7350 6992/7353
f 6926/7328 6896/7318 6966/7321 6988/7354
f 7004/7436 6998/7429 7010/7432 7016/7439
f 7024/7457 7032/7460 7038/7471 7048/7465
f 7056/7456 7026/7455 7046/7464 7062/7476
f 7030/7444 7012/7433 6996/7425 7040/7428
f 7070/7468 7034/7461 7022/7451 7054/7454
f 7018/7447 7008/7440 7028/7443 7068/7450
f 6872/7266 6874/7283 7000/7287 7002/7267
f 6964/7273 6866/7261 7006/7264 7014/7410
f 6918/7344 6942/7348 7050/7385 7036/7345
f 6948/7378 6934/7368 7064/7371 7044/7386
f 6940/7373 6980/7381 7058/7421 7060/7374
f 6880/7288 6912/7297 7042/7343 6994/7289
f 6986/7397 6950/7387 7072/7390 7052/7422
f 6956/7391 6958/7405 7020/7409 7066/7392
s 681
f 7084/7504 7078/7494 7094/7497 7100/7514
f 7092/7524 7108/7527 7116/7537 7102/7533
f 7114/7536 7122/7518 7086/7510 7098/7513
f 7118/7552 7106/7543 7132/7546 7138/7557
f 7130/7575 7144/7578 7154/7587 7140/7584
f 7152/7569 7124/7560 7112/7553 7136/7556
f 7168/7626 7162/7618 7178/7621 7184/7633
f 7176/7542 7110/7529 7090/7519 7186/7522
f 7096/7499 7076/7489 7170/7492 7182/7523
f 7180/7622 7160/7613 7192/7616 7198/7636
f 7190/7602 7146/7580 7128/7570 7200/7573
f 7134/7548 7104/7538 7174/7541 7196/7574
f 7212/7656 7206/7649 7218/7652 7224/7659
f 7232/7677 7240/7680 7246/7691 7256/7685
f 7264/7676 7234/7675 7254/7684 7270/7696
f 7238/7664 7220/7653 7204/7645 7248/7648
f 7278/7688 7242/7681 7230/7671 7262/7674
f 7226/7667 7216/7660 7236/7663 7276/7670
f 7080/7486 7082/7503 7208/7507 7210/7487
f 7172/7493 7074/7481 7214/7484 7222/7630
f 7126/7564 7150/7568 7258/7605 7244/7565
f 7156/7598 7142/7588 7272/7591 7252/7606
f 7148/7593 7188/7601 7266/7641 7268/7594
f 7088/7508 7120/7517 7250/7563 7202/7509
f 7194/7617 7158/7607 7280/7610 7260/7642
f 7164/7611 7166/7625 7228/7629 7274/7612
s 701
f 7292/7724 7286/7714 7302/7717 7308/7734
f 7300/7744 7316/7747 7324/7757 7310/7753
f 7322/7756 7330/7738 7294/7730 7306/7733
f 7326/7772 7314/7763 7340/7766 7346/7777
f 7338/7795 7352/7798 7362/7807 7348/7804
f 7360/7789 7332/7780 7320/7773 7344/7776
f 7376/7846 7370/7838 7386/7841 7392/7853
f 7384/7762 7318/7749 7298/7739 7394/7742
f 7304/7719 7284/7709 7378/7712 7390/7743
f 7388/7842 7368/7833 7400/7836 7406/7856
f 7398/7822 7354/7800 7336/7790 7408/7793
f 7342/7768 7312/7758 7382/7761 7404/7794
f 7420/7876 7414/7869 7426/7872 7432/7879
f 7440/7897 7448/7900 7454/7911 7464/7905
f 7472/7896 7442/7895 7462/7904 7478/7916
f 7446/7884 7428/7873 7412/7865 7456/7868
f 7486/7908 7450/7901 7438/7891 7470/7894
f 7434/7887 7424/7880 7444/7883 7484/7890
f 7288/7706 7290/7723 7416/7727 7418/7707
f 7380/7713 7282/7701 7422/7704 7430/7850
f 7334/7784 7358/7788 7466/7825 7452/7785
f 7364/7818 7350/7808 7480/7811 7460/7826
f 7356/7813 7396/7821 7474/7861 7476/7814
f 7296/7728 7328/7737 7458/7783 7410/7729
f 7402/7837 7366/7827 7488/7830 7468/7862
f 7372/7831 7374/7845 7436/7849 7482/7832
s 1
f 7/21 8/6 1/5 7489/7921
f 1/2 2/1 3/10 7489/7922
f 3/10 4/9 5/18 7489/7922
f 5/15 6/14 7/21 7489/7921
f 15/35 16/28 9/25 7490/7923
f 9/25 10/23 11/22 7490/7923
f 11/22 12/24 13/31 7490/7923
f 13/31 14/30 15/35 7490/7923
f 23/20 24/19 17/40 7491/7924
f 17/40 18/39 19/48 7491/7924
f 19/45 20/44 21/51 7491/7925
f 21/51 22/17 23/16 7491/7925
f 29/52 30/53 25/54 7492/7926
f 25/54 26/33 27/32 7492/7926
f 27/32 28/34 29/52 7492/7926
f 37/50 38/49 31/59 7493/7927
f 31/59 32/58 33/67 7493/7927
f 33/64 34/63 35/70 7493/7928
f 35/70 36/47 37/46 7493/7928
f 45/71 46/72 39/74 7494/7929
f 39/74 40/73 41/78 7494/7929
f 41/78 42/56 43/55 7494/7929
f 43/55 44/57 45/71 7494/7929
f 53/86 54/84 47/81 7495/7930
f 47/81 48/37 49/36 7495/7930
f 49/36 50/38 51/79 7495/7930
f 51/79 52/80 53/86 7495/7930
f 61/69 62/68 55/91 7496/7931
f 55/91 56/90 57/99 7496/7931
f 57/96 58/95 59/102 7496/7932
f 59/102 60/66 61/65 7496/7932
f 67/103 68/104 63/105 7497/7933
f 63/105 64/76 65/75 7497/7933
f 65/75 66/77 67/103 7497/7933
f 75/119 76/113 69/112 7498/7934
f 69/109 70/108 71/116 7498/7935
f 71/116 72/98 73/97 7498/7935
f 73/101 74/100 75/119 7498/7934
f 83/117 84/118 77/123 7499/7936
f 77/123 78/88 79/87 7499/7936
f 79/87 80/89 81/106 7499/7936
f 81/106 82/107 83/117 7499/7936
f 91/143 92/131 85/128 7500/7937
f 85/128 86/127 87/134 7500/7937
f 87/134 88/133 89/139 7500/7937
f 89/139 90/138 91/143 7500/7937
f 99/11 100/13 93/147 7501/7938
f 93/147 94/145 95/144 7501/7938
f 95/144 96/146 97/151 7501/7938
f 97/151 98/12 99/11 7501/7938
f 107/140 108/142 101/154 7502/7939
f 101/154 102/61 103/60 7502/7939
f 103/60 104/62 105/157 7502/7939
f 105/157 106/141 107/140 7502/7939
f 113/158 114/42 109/41 7503/7940
f 109/41 110/43 111/152 7503/7940
f 111/152 112/153 113/158 7503/7940
f 121/135 122/137 115/159 7504/7941
f 115/159 116/121 117/120 7504/7941
f 117/120 118/122 119/163 7504/7941
f 119/163 120/136 121/135 7504/7941
f 127/164 128/93 123/92 7505/7942
f 123/92 124/94 125/155 7505/7942
f 125/155 126/156 127/164 7505/7942
f 135/174 136/27 129/26 7506/7943
f 129/26 130/29 131/166 7506/7943
f 131/166 132/165 133/170 7506/7943
f 133/170 134/169 135/174 7506/7943
f 141/177 142/4 137/3 7507/7944
f 137/8 138/7 139/175 7507/7944
f 139/175 140/176 141/177 7507/7944
f 147/171 148/173 143/181 7508/7945
f 143/181 144/180 145/185 7508/7945
f 145/185 146/172 147/171 7508/7945
f 155/188 156/149 149/148 7509/7946
f 149/148 150/150 151/178 7509/7946
f 151/178 152/179 153/186 7509/7946
f 153/186 154/187 155/188 7509/7946
f 161/202 162/195 157/192 7510/7947
f 157/192 158/191 159/198 7510/7947
f 159/198 160/197 161/202 7510/7947
f 169/199 170/201 163/206 7511/7948
f 163/206 164/183 165/182 7511/7948
f 165/182 166/184 167/209 7511/7948
f 167/209 168/200 169/199 7511/7948
f 177/167 178/83 171/82 7512/7949
f 171/82 172/85 173/212 7512/7949
f 173/212 174/211 175/210 7512/7949
f 175/210 176/168 177/167 7512/7949
f 185/213 186/125 179/124 7513/7950
f 179/124 180/126 181/214 7513/7950
f 181/214 182/204 183/203 7513/7950
f 183/203 184/205 185/213 7513/7950
f 193/219 194/161 187/160 7514/7951
f 187/160 188/162 189/217 7514/7951
f 189/217 190/194 191/193 7514/7951
f 191/193 192/196 193/219 7514/7951
f 199/215 200/111 195/110 7515/7952
f 195/115 196/114 197/220 7515/7952
f 197/220 198/216 199/215 7515/7952
f 207/218 208/130 201/129 7516/7953
f 201/129 202/132 203/189 7516/7953
f 203/189 204/190 205/207 7516/7953
f 205/207 206/208 207/218 7516/7953
s 21
f 215/241 216/226 209/225 7517/7954
f 209/222 210/221 211/230 7517/7955
f 211/230 212/229 213/238 7517/7955
f 213/235 214/234 215/241 7517/7954
f 223/255 224/248 217/245 7518/7956
f 217/245 218/243 219/242 7518/7956
f 219/242 220/244 221/251 7518/7956
f 221/251 222/250 223/255 7518/7956
f 231/240 232/239 225/260 7519/7957
f 225/260 226/259 227/268 7519/7957
f 227/265 228/264 229/271 7519/7958
f 229/271 230/237 231/236 7519/7958
f 237/272 238/273 233/274 7520/7959
f 233/274 234/253 235/252 7520/7959
f 235/252 236/254 237/272 7520/7959
f 245/270 246/269 239/279 7521/7960
f 239/279 240/278 241/287 7521/7960
f 241/284 242/283 243/290 7521/7961
f 243/290 244/267 245/266 7521/7961
f 253/291 254/292 247/294 7522/7962
f 247/294 248/293 249/298 7522/7962
f 249/298 250/276 251/275 7522/7962
f 251/275 252/277 253/291 7522/7962
f 261/306 262/304 255/301 7523/7963
f 255/301 256/257 257/256 7523/7963
f 257/256 258/258 259/299 7523/7963
f 259/299 260/300 261/306 7523/7963
f 269/289 270/288 263/311 7524/7964
f 263/311 264/310 265/319 7524/7964
f 265/316 266/315 267/322 7524/7965
f 267/322 268/286 269/285 7524/7965
f 275/323 276/324 271/325 7525/7966
f 271/325 272/296 273/295 7525/7966
f 273/295 274/297 275/323 7525/7966
f 283/339 284/333 277/332 7526/7967
f 277/329 278/328 279/336 7526/7968
f 279/336 280/318 281/317 7526/7968
f 281/321 282/320 283/339 7526/7967
f 291/337 292/338 285/343 7527/7969
f 285/343 286/308 287/307 7527/7969
f 287/307 288/309 289/326 7527/7969
f 289/326 290/327 291/337 7527/7969
f 299/363 300/351 293/348 7528/7970
f 293/348 294/347 295/354 7528/7970
f 295/354 296/353 297/359 7528/7970
f 297/359 298/358 299/363 7528/7970
f 307/231 308/233 301/367 7529/7971
f 301/367 302/365 303/364 7529/7971
f 303/364 304/366 305/371 7529/7971
f 305/371 306/232 307/231 7529/7971
f 315/360 316/362 309/374 7530/7972
f 309/374 310/281 311/280 7530/7972
f 311/280 312/282 313/377 7530/7972
f 313/377 314/361 315/360 7530/7972
f 321/378 322/262 317/261 7531/7973
f 317/261 318/263 319/372 7531/7973
f 319/372 320/373 321/378 7531/7973
f 329/355 330/357 323/379 7532/7974
f 323/379 324/341 325/340 7532/7974
f 325/340 326/342 327/383 7532/7974
f 327/383 328/356 329/355 7532/7974
f 335/384 336/313 331/312 7533/7975
f 331/312 332/314 333/375 7533/7975
f 333/375 334/376 335/384 7533/7975
f 343/394 344/247 337/246 7534/7976
f 337/246 338/249 339/386 7534/7976
f 339/386 340/385 341/390 7534/7976
f 341/390 342/389 343/394 7534/7976
f 349/397 350/224 345/223 7535/7977
f 345/228 346/227 347/395 7535/7977
f 347/395 348/396 349/397 7535/7977
f 355/391 356/393 351/401 7536/7978
f 351/401 352/400 353/405 7536/7978
f 353/405 354/392 355/391 7536/7978
f 363/408 364/369 357/368 7537/7979
f 357/368 358/370 359/398 7537/7979
f 359/398 360/399 361/406 7537/7979
f 361/406 362/407 363/408 7537/7979
f 369/422 370/415 365/412 7538/7980
f 365/412 366/411 367/418 7538/7980
f 367/418 368/417 369/422 7538/7980
f 377/419 378/421 371/426 7539/7981
f 371/426 372/403 373/402 7539/7981
f 373/402 374/404 375/429 7539/7981
f 375/429 376/420 377/419 7539/7981
f 385/387 386/303 379/302 7540/7982
f 379/302 380/305 381/432 7540/7982
f 381/432 382/431 383/430 7540/7982
f 383/430 384/388 385/387 7540/7982
f 393/433 394/345 387/344 7541/7983
f 387/344 388/346 389/434 7541/7983
f 389/434 390/424 391/423 7541/7983
f 391/423 392/425 393/433 7541/7983
f 401/439 402/381 395/380 7542/7984
f 395/380 396/382 397/437 7542/7984
f 397/437 398/414 399/413 7542/7984
f 399/413 400/416 401/439 7542/7984
f 407/435 408/331 403/330 7543/7985
f 403/335 404/334 405/440 7543/7985
f 405/440 406/436 407/435 7543/7985
f 415/438 416/350 409/349 7544/7986
f 409/349 410/352 411/409 7544/7986
f 411/409 412/410 413/427 7544/7986
f 413/427 414/428 415/438 7544/7986
s 41
f 423/461 424/446 417/445 7545/7987
f 417/442 418/441 419/450 7545/7988
f 419/450 420/449 421/458 7545/7988
f 421/455 422/454 423/461 7545/7987
f 431/475 432/468 425/465 7546/7989
f 425/465 426/463 427/462 7546/7989
f 427/462 428/464 429/471 7546/7989
f 429/471 430/470 431/475 7546/7989
f 439/460 440/459 433/480 7547/7990
f 433/480 434/479 435/488 7547/7990
f 435/485 436/484 437/491 7547/7991
f 437/491 438/457 439/456 7547/7991
f 445/492 446/493 441/494 7548/7992
f 441/494 442/473 443/472 7548/7992
f 443/472 444/474 445/492 7548/7992
f 453/490 454/489 447/499 7549/7993
f 447/499 448/498 449/507 7549/7993
f 449/504 450/503 451/510 7549/7994
f 451/510 452/487 453/486 7549/7994
f 461/511 462/512 455/514 7550/7995
f 455/514 456/513 457/518 7550/7995
f 457/518 458/496 459/495 7550/7995
f 459/495 460/497 461/511 7550/7995
f 469/526 470/524 463/521 7551/7996
f 463/521 464/477 465/476 7551/7996
f 465/476 466/478 467/519 7551/7996
f 467/519 468/520 469/526 7551/7996
f 477/509 478/508 471/531 7552/7997
f 471/531 472/530 473/539 7552/7997
f 473/536 474/535 475/542 7552/7998
f 475/542 476/506 477/505 7552/7998
f 483/543 484/544 479/545 7553/7999
f 479/545 480/516 481/515 7553/7999
f 481/515 482/517 483/543 7553/7999
f 491/559 492/553 485/552 7554/8000
f 485/549 486/548 487/556 7554/8001
f 487/556 488/538 489/537 7554/8001
f 489/541 490/540 491/559 7554/8000
f 499/557 500/558 493/563 7555/8002
f 493/563 494/528 495/527 7555/8002
f 495/527 496/529 497/546 7555/8002
f 497/546 498/547 499/557 7555/8002
f 507/583 508/571 501/568 7556/8003
f 501/568 502/567 503/574 7556/8003
f 503/574 504/573 505/579 7556/8003
f 505/579 506/578 507/583 7556/8003
f 515/451 516/453 509/587 7557/8004
f 509/587 510/585 511/584 7557/8004
f 511/584 512/586 513/591 7557/8004
f 513/591 514/452 515/451 7557/8004
f 523/580 524/582 517/594 7558/8005
f 517/594 518/501 519/500 7558/8005
f 519/500 520/502 521/597 7558/8005
f 521/597 522/581 523/580 7558/8005
f 529/598 530/482 525/481 7559/8006
f 525/481 526/483 527/592 7559/8006
f 527/592 528/593 529/598 7559/8006
f 537/575 538/577 531/599 7560/8007
f 531/599 532/561 533/560 7560/8007
f 533/560 534/562 535/603 7560/8007
f 535/603 536/576 537/575 7560/8007
f 543/604 544/533 539/532 7561/8008
f 539/532 540/534 541/595 7561/8008
f 541/595 542/596 543/604 7561/8008
f 551/614 552/467 545/466 7562/8009
f 545/466 546/469 547/606 7562/8009
f 547/606 548/605 549/610 7562/8009
f 549/610 550/609 551/614 7562/8009
f 557/617 558/444 553/443 7563/8010
f 553/448 554/447 555/615 7563/8010
f 555/615 556/616 557/617 7563/8010
f 563/611 564/613 559/621 7564/8011
f 559/621 560/620 561/625 7564/8011
f 561/625 562/612 563/611 7564/8011
f 571/628 572/589 565/588 7565/8012
f 565/588 566/590 567/618 7565/8012
f 567/618 568/619 569/626 7565/8012
f 569/626 570/627 571/628 7565/8012
f 577/642 578/635 573/632 7566/8013
f 573/632 574/631 575/638 7566/8013
f 575/638 576/637 577/642 7566/8013
f 585/639 586/641 579/646 7567/8014
f 579/646 580/623 581/622 7567/8014
f 581/622 582/624 583/649 7567/8014
f 583/649 584/640 585/639 7567/8014
f 593/607 594/523 587/522 7568/8015
f 587/522 588/525 589/652 7568/8015
f 589/652 590/651 591/650 7568/8015
f 591/650 592/608 593/607 7568/8015
f 601/653 602/565 595/564 7569/8016
f 595/564 596/566 597/654 7569/8016
f 597/654 598/644 599/643 7569/8016
f 599/643 600/645 601/653 7569/8016
f 609/659 610/601 603/600 7570/8017
f 603/600 604/602 605/657 7570/8017
f 605/657 606/634 607/633 7570/8017
f 607/633 608/636 609/659 7570/8017
f 615/655 616/551 611/550 7571/8018
f 611/555 612/554 613/660 7571/8018
f 613/660 614/656 615/655 7571/8018
f 623/658 624/570 617/569 7572/8019
f 617/569 618/572 619/629 7572/8019
f 619/629 620/630 621/647 7572/8019
f 621/647 622/648 623/658 7572/8019
s 61
f 631/681 632/666 625/665 7573/8020
f 625/662 626/661 627/670 7573/8021
f 627/670 628/669 629/678 7573/8021
f 629/675 630/674 631/681 7573/8020
f 639/695 640/688 633/685 7574/8022
f 633/685 634/683 635/682 7574/8022
f 635/682 636/684 637/691 7574/8022
f 637/691 638/690 639/695 7574/8022
f 647/680 648/679 641/700 7575/8023
f 641/700 642/699 643/708 7575/8023
f 643/705 644/704 645/711 7575/8024
f 645/711 646/677 647/676 7575/8024
f 653/712 654/713 649/714 7576/8025
f 649/714 650/693 651/692 7576/8025
f 651/692 652/694 653/712 7576/8025
f 661/710 662/709 655/719 7577/8026
f 655/719 656/718 657/727 7577/8026
f 657/724 658/723 659/730 7577/8027
f 659/730 660/707 661/706 7577/8027
f 669/731 670/732 663/734 7578/8028
f 663/734 664/733 665/738 7578/8028
f 665/738 666/716 667/715 7578/8028
f 667/715 668/717 669/731 7578/8028
f 677/746 678/744 671/741 7579/8029
f 671/741 672/697 673/696 7579/8029
f 673/696 674/698 675/739 7579/8029
f 675/739 676/740 677/746 7579/8029
f 685/729 686/728 679/751 7580/8030
f 679/751 680/750 681/759 7580/8030
f 681/756 682/755 683/762 7580/8031
f 683/762 684/726 685/725 7580/8031
f 691/763 692/764 687/765 7581/8032
f 687/765 688/736 689/735 7581/8032
f 689/735 690/737 691/763 7581/8032
f 699/779 700/773 693/772 7582/8033
f 693/769 694/768 695/776 7582/8034
f 695/776 696/758 697/757 7582/8034
f 697/761 698/760 699/779 7582/8033
f 707/777 708/778 701/783 7583/8035
f 701/783 702/748 703/747 7583/8035
f 703/747 704/749 705/766 7583/8035
f 705/766 706/767 707/777 7583/8035
f 715/803 716/791 709/788 7584/8036
f 709/788 710/787 711/794 7584/8036
f 711/794 712/793 713/799 7584/8036
f 713/799 714/798 715/803 7584/8036
f 723/671 724/673 717/807 7585/8037
f 717/807 718/805 719/804 7585/8037
f 719/804 720/806 721/811 7585/8037
f 721/811 722/672 723/671 7585/8037
f 731/800 732/802 725/814 7586/8038
f 725/814 726/721 727/720 7586/8038
f 727/720 728/722 729/817 7586/8038
f 729/817 730/801 731/800 7586/8038
f 737/818 738/702 733/701 7587/8039
f 733/701 734/703 735/812 7587/8039
f 735/812 736/813 737/818 7587/8039
f 745/795 746/797 739/819 7588/8040
f 739/819 740/781 741/780 7588/8040
f 741/780 742/782 743/823 7588/8040
f 743/823 744/796 745/795 7588/8040
f 751/824 752/753 747/752 7589/8041
f 747/752 748/754 749/815 7589/8041
f 749/815 750/816 751/824 7589/8041
f 759/834 760/687 753/686 7590/8042
f 753/686 754/689 755/826 7590/8042
f 755/826 756/825 757/830 7590/8042
f 757/830 758/829 759/834 7590/8042
f 765/837 766/664 761/663 7591/8043
f 761/668 762/667 763/835 7591/8043
f 763/835 764/836 765/837 7591/8043
f 771/831 772/833 767/841 7592/8044
f 767/841 768/840 769/845 7592/8044
f 769/845 770/832 771/831 7592/8044
f 779/848 780/809 773/808 7593/8045
f 773/808 774/810 775/838 7593/8045
f 775/838 776/839 777/846 7593/8045
f 777/846 778/847 779/848 7593/8045
f 785/862 786/855 781/852 7594/8046
f 781/852 782/851 783/858 7594/8046
f 783/858 784/857 785/862 7594/8046
f 793/859 794/861 787/866 7595/8047
f 787/866 788/843 789/842 7595/8047
f 789/842 790/844 791/869 7595/8047
f 791/869 792/860 793/859 7595/8047
f 801/827 802/743 795/742 7596/8048
f 795/742 796/745 797/872 7596/8048
f 797/872 798/871 799/870 7596/8048
f 799/870 800/828 801/827 7596/8048
f 809/873 810/785 803/784 7597/8049
f 803/784 804/786 805/874 7597/8049
f 805/874 806/864 807/863 7597/8049
f 807/863 808/865 809/873 7597/8049
f 817/879 818/821 811/820 7598/8050
f 811/820 812/822 813/877 7598/8050
f 813/877 814/854 815/853 7598/8050
f 815/853 816/856 817/879 7598/8050
f 823/875 824/771 819/770 7599/8051
f 819/775 820/774 821/880 7599/8051
f 821/880 822/876 823/875 7599/8051
f 831/878 832/790 825/789 7600/8052
f 825/789 826/792 827/849 7600/8052
f 827/849 828/850 829/867 7600/8052
f 829/867 830/868 831/878 7600/8052
s 81
f 839/901 840/886 833/885 7601/8053
f 833/882 834/881 835/890 7601/8054
f 835/890 836/889 837/898 7601/8054
f 837/895 838/894 839/901 7601/8053
f 847/915 848/908 841/905 7602/8055
f 841/905 842/903 843/902 7602/8055
f 843/902 844/904 845/911 7602/8055
f 845/911 846/910 847/915 7602/8055
f 855/900 856/899 849/920 7603/8056
f 849/920 850/919 851/928 7603/8056
f 851/925 852/924 853/931 7603/8057
f 853/931 854/897 855/896 7603/8057
f 861/932 862/933 857/934 7604/8058
f 857/934 858/913 859/912 7604/8058
f 859/912 860/914 861/932 7604/8058
f 869/930 870/929 863/939 7605/8059
f 863/939 864/938 865/947 7605/8059
f 865/944 866/943 867/950 7605/8060
f 867/950 868/927 869/926 7605/8060
f 877/951 878/952 871/954 7606/8061
f 871/954 872/953 873/958 7606/8061
f 873/958 874/936 875/935 7606/8061
f 875/935 876/937 877/951 7606/8061
f 885/966 886/964 879/961 7607/8062
f 879/961 880/917 881/916 7607/8062
f 881/916 882/918 883/959 7607/8062
f 883/959 884/960 885/966 7607/8062
f 893/949 894/948 887/971 7608/8063
f 887/971 888/970 889/979 7608/8063
f 889/976 890/975 891/982 7608/8064
f 891/982 892/946 893/945 7608/8064
f 899/983 900/984 895/985 7609/8065
f 895/985 896/956 897/955 7609/8065
f 897/955 898/957 899/983 7609/8065
f 907/999 908/993 901/992 7610/8066
f 901/989 902/988 903/996 7610/8067
f 903/996 904/978 905/977 7610/8067
f 905/981 906/980 907/999 7610/8066
f 915/997 916/998 909/1003 7611/8068
f 909/1003 910/968 911/967 7611/8068
f 911/967 912/969 913/986 7611/8068
f 913/986 914/987 915/997 7611/8068
f 923/1023 924/1011 917/1008 7612/8069
f 917/1008 918/1007 919/1014 7612/8069
f 919/1014 920/1013 921/1019 7612/8069
f 921/1019 922/1018 923/1023 7612/8069
f 931/891 932/893 925/1027 7613/8070
f 925/1027 926/1025 927/1024 7613/8070
f 927/1024 928/1026 929/1031 7613/8070
f 929/1031 930/892 931/891 7613/8070
f 939/1020 940/1022 933/1034 7614/8071
f 933/1034 934/941 935/940 7614/8071
f 935/940 936/942 937/1037 7614/8071
f 937/1037 938/1021 939/1020 7614/8071
f 945/1038 946/922 941/921 7615/8072
f 941/921 942/923 943/1032 7615/8072
f 943/1032 944/1033 945/1038 7615/8072
f 953/1015 954/1017 947/1039 7616/8073
f 947/1039 948/1001 949/1000 7616/8073
f 949/1000 950/1002 951/1043 7616/8073
f 951/1043 952/1016 953/1015 7616/8073
f 959/1044 960/973 955/972 7617/8074
f 955/972 956/974 957/1035 7617/8074
f 957/1035 958/1036 959/1044 7617/8074
f 967/1054 968/907 961/906 7618/8075
f 961/906 962/909 963/1046 7618/8075
f 963/1046 964/1045 965/1050 7618/8075
f 965/1050 966/1049 967/1054 7618/8075
f 973/1057 974/884 969/883 7619/8076
f 969/888 970/887 971/1055 7619/8076
f 971/1055 972/1056 973/1057 7619/8076
f 979/1051 980/1053 975/1061 7620/8077
f 975/1061 976/1060 977/1065 7620/8077
f 977/1065 978/1052 979/1051 7620/8077
f 987/1068 988/1029 981/1028 7621/8078
f 981/1028 982/1030 983/1058 7621/8078
f 983/1058 984/1059 985/1066 7621/8078
f 985/1066 986/1067 987/1068 7621/8078
f 993/1082 994/1075 989/1072 7622/8079
f 989/1072 990/1071 991/1078 7622/8079
f 991/1078 992/1077 993/1082 7622/8079
f 1001/1079 1002/1081 995/1086 7623/8080
f 995/1086 996/1063 997/1062 7623/8080
f 997/1062 998/1064 999/1089 7623/8080
f 999/1089 1000/1080 1001/1079 7623/8080
f 1009/1047 1010/963 1003/962 7624/8081
f 1003/962 1004/965 1005/1092 7624/8081
f 1005/1092 1006/1091 1007/1090 7624/8081
f 1007/1090 1008/1048 1009/1047 7624/8081
f 1017/1093 1018/1005 1011/1004 7625/8082
f 1011/1004 1012/1006 1013/1094 7625/8082
f 1013/1094 1014/1084 1015/1083 7625/8082
f 1015/1083 1016/1085 1017/1093 7625/8082
f 1025/1099 1026/1041 1019/1040 7626/8083
f 1019/1040 1020/1042 1021/1097 7626/8083
f 1021/1097 1022/1074 1023/1073 7626/8083
f 1023/1073 1024/1076 1025/1099 7626/8083
f 1031/1095 1032/991 1027/990 7627/8084
f 1027/995 1028/994 1029/1100 7627/8084
f 1029/1100 1030/1096 1031/1095 7627/8084
f 1039/1098 1040/1010 1033/1009 7628/8085
f 1033/1009 1034/1012 1035/1069 7628/8085
f 1035/1069 1036/1070 1037/1087 7628/8085
f 1037/1087 1038/1088 1039/1098 7628/8085
s 101
f 1047/1121 1048/1106 1041/1105 7629/8086
f 1041/1102 1042/1101 1043/1110 7629/8087
f 1043/1110 1044/1109 1045/1118 7629/8087
f 1045/1115 1046/1114 1047/1121 7629/8086
f 1055/1135 1056/1128 1049/1125 7630/8088
f 1049/1125 1050/1123 1051/1122 7630/8088
f 1051/1122 1052/1124 1053/1131 7630/8088
f 1053/1131 1054/1130 1055/1135 7630/8088
f 1063/1120 1064/1119 1057/1140 7631/8089
f 1057/1140 1058/1139 1059/1148 7631/8089
f 1059/1145 1060/1144 1061/1151 7631/8090
f 1061/1151 1062/1117 1063/1116 7631/8090
f 1069/1152 1070/1153 1065/1154 7632/8091
f 1065/1154 1066/1133 1067/1132 7632/8091
f 1067/1132 1068/1134 1069/1152 7632/8091
f 1077/1150 1078/1149 1071/1159 7633/8092
f 1071/1159 1072/1158 1073/1167 7633/8092
f 1073/1164 1074/1163 1075/1170 7633/8093
f 1075/1170 1076/1147 1077/1146 7633/8093
f 1085/1171 1086/1172 1079/1174 7634/8094
f 1079/1174 1080/1173 1081/1178 7634/8094
f 1081/1178 1082/1156 1083/1155 7634/8094
f 1083/1155 1084/1157 1085/1171 7634/8094
f 1093/1186 1094/1184 1087/1181 7635/8095
f 1087/1181 1088/1137 1089/1136 7635/8095
f 1089/1136 1090/1138 1091/1179 7635/8095
f 1091/1179 1092/1180 1093/1186 7635/8095
f 1101/1169 1102/1168 1095/1191 7636/8096
f 1095/1191 1096/1190 1097/1199 7636/8096
f 1097/1196 1098/1195 1099/1202 7636/8097
f 1099/1202 1100/1166 1101/1165 7636/8097
f 1107/1203 1108/1204 1103/1205 7637/8098
f 1103/1205 1104/1176 1105/1175 7637/8098
f 1105/1175 1106/1177 1107/1203 7637/8098
f 1115/1219 1116/1213 1109/1212 7638/8099
f 1109/1209 1110/1208 1111/1216 7638/8100
f 1111/1216 1112/1198 1113/1197 7638/8100
f 1113/1201 1114/1200 1115/1219 7638/8099
f 1123/1217 1124/1218 1117/1223 7639/8101
f 1117/1223 1118/1188 1119/1187 7639/8101
f 1119/1187 1120/1189 1121/1206 7639/8101
f 1121/1206 1122/1207 1123/1217 7639/8101
f 1131/1243 1132/1231 1125/1228 7640/8102
f 1125/1228 1126/1227 1127/1234 7640/8102
f 1127/1234 1128/1233 1129/1239 7640/8102
f 1129/1239 1130/1238 1131/1243 7640/8102
f 1139/1111 1140/1113 1133/1247 7641/8103
f 1133/1247 1134/1245 1135/1244 7641/8103
f 1135/1244 1136/1246 1137/1251 7641/8103
f 1137/1251 1138/1112 1139/1111 7641/8103
f 1147/1240 1148/1242 1141/1254 7642/8104
f 1141/1254 1142/1161 1143/1160 7642/8104
f 1143/1160 1144/1162 1145/1257 7642/8104
f 1145/1257 1146/1241 1147/1240 7642/8104
f 1153/1258 1154/1142 1149/1141 7643/8105
f 1149/1141 1150/1143 1151/1252 7643/8105
f 1151/1252 1152/1253 1153/1258 7643/8105
f 1161/1235 1162/1237 1155/1259 7644/8106
f 1155/1259 1156/1221 1157/1220 7644/8106
f 1157/1220 1158/1222 1159/1263 7644/8106
f 1159/1263 1160/1236 1161/1235 7644/8106
f 1167/1264 1168/1193 1163/1192 7645/8107
f 1163/1192 1164/1194 1165/1255 7645/8107
f 1165/1255 1166/1256 1167/1264 7645/8107
f 1175/1274 1176/1127 1169/1126 7646/8108
f 1169/1126 1170/1129 1171/1266 7646/8108
f 1171/1266 1172/1265 1173/1270 7646/8108
f 1173/1270 1174/1269 1175/1274 7646/8108
f 1181/1277 1182/1104 1177/1103 7647/8109
f 1177/1108 1178/1107 1179/1275 7647/8109
f 1179/1275 1180/1276 1181/1277 7647/8109
f 1187/1271 1188/1273 1183/1281 7648/8110
f 1183/1281 1184/1280 1185/1285 7648/8110
f 1185/1285 1186/1272 1187/1271 7648/8110
f 1195/1288 1196/1249 1189/1248 7649/8111
f 1189/1248 1190/1250 1191/1278 7649/8111
f 1191/1278 1192/1279 1193/1286 7649/8111
f 1193/1286 1194/1287 1195/1288 7649/8111
f 1201/1302 1202/1295 1197/1292 7650/8112
f 1197/1292 1198/1291 1199/1298 7650/8112
f 1199/1298 1200/1297 1201/1302 7650/8112
f 1209/1299 1210/1301 1203/1306 7651/8113
f 1203/1306 1204/1283 1205/1282 7651/8113
f 1205/1282 1206/1284 1207/1309 7651/8113
f 1207/1309 1208/1300 1209/1299 7651/8113
f 1217/1267 1218/1183 1211/1182 7652/8114
f 1211/1182 1212/1185 1213/1312 7652/8114
f 1213/1312 1214/1311 1215/1310 7652/8114
f 1215/1310 1216/1268 1217/1267 7652/8114
f 1225/1313 1226/1225 1219/1224 7653/8115
f 1219/1224 1220/1226 1221/1314 7653/8115
f 1221/1314 1222/1304 1223/1303 7653/8115
f 1223/1303 1224/1305 1225/1313 7653/8115
f 1233/1319 1234/1261 1227/1260 7654/8116
f 1227/1260 1228/1262 1229/1317 7654/8116
f 1229/1317 1230/1294 1231/1293 7654/8116
f 1231/1293 1232/1296 1233/1319 7654/8116
f 1239/1315 1240/1211 1235/1210 7655/8117
f 1235/1215 1236/1214 1237/1320 7655/8117
f 1237/1320 1238/1316 1239/1315 7655/8117
f 1247/1318 1248/1230 1241/1229 7656/8118
f 1241/1229 1242/1232 1243/1289 7656/8118
f 1243/1289 1244/1290 1245/1307 7656/8118
f 1245/1307 1246/1308 1247/1318 7656/8118
s 121
f 1255/1341 1256/1326 1249/1325 7657/8119
f 1249/1322 1250/1321 1251/1330 7657/8120
f 1251/1330 1252/1329 1253/1338 7657/8120
f 1253/1335 1254/1334 1255/1341 7657/8119
f 1263/1355 1264/1348 1257/1345 7658/8121
f 1257/1345 1258/1343 1259/1342 7658/8121
f 1259/1342 1260/1344 1261/1351 7658/8121
f 1261/1351 1262/1350 1263/1355 7658/8121
f 1271/1340 1272/1339 1265/1360 7659/8122
f 1265/1360 1266/1359 1267/1368 7659/8122
f 1267/1365 1268/1364 1269/1371 7659/8123
f 1269/1371 1270/1337 1271/1336 7659/8123
f 1277/1372 1278/1373 1273/1374 7660/8124
f 1273/1374 1274/1353 1275/1352 7660/8124
f 1275/1352 1276/1354 1277/1372 7660/8124
f 1285/1370 1286/1369 1279/1379 7661/8125
f 1279/1379 1280/1378 1281/1387 7661/8125
f 1281/1384 1282/1383 1283/1390 7661/8126
f 1283/1390 1284/1367 1285/1366 7661/8126
f 1293/1391 1294/1392 1287/1394 7662/8127
f 1287/1394 1288/1393 1289/1398 7662/8127
f 1289/1398 1290/1376 1291/1375 7662/8127
f 1291/1375 1292/1377 1293/1391 7662/8127
f 1301/1406 1302/1404 1295/1401 7663/8128
f 1295/1401 1296/1357 1297/1356 7663/8128
f 1297/1356 1298/1358 1299/1399 7663/8128
f 1299/1399 1300/1400 1301/1406 7663/8128
f 1309/1389 1310/1388 1303/1411 7664/8129
f 1303/1411 1304/1410 1305/1419 7664/8129
f 1305/1416 1306/1415 1307/1422 7664/8130
f 1307/1422 1308/1386 1309/1385 7664/8130
f 1315/1423 1316/1424 1311/1425 7665/8131
f 1311/1425 1312/1396 1313/1395 7665/8131
f 1313/1395 1314/1397 1315/1423 7665/8131
f 1323/1439 1324/1433 1317/1432 7666/8132
f 1317/1429 1318/1428 1319/1436 7666/8133
f 1319/1436 1320/1418 1321/1417 7666/8133
f 1321/1421 1322/1420 1323/1439 7666/8132
f 1331/1437 1332/1438 1325/1443 7667/8134
f 1325/1443 1326/1408 1327/1407 7667/8134
f 1327/1407 1328/1409 1329/1426 7667/8134
f 1329/1426 1330/1427 1331/1437 7667/8134
f 1339/1463 1340/1451 1333/1448 7668/8135
f 1333/1448 1334/1447 1335/1454 7668/8135
f 1335/1454 1336/1453 1337/1459 7668/8135
f 1337/1459 1338/1458 1339/1463 7668/8135
f 1347/1331 1348/1333 1341/1467 7669/8136
f 1341/1467 1342/1465 1343/1464 7669/8136
f 1343/1464 1344/1466 1345/1471 7669/8136
f 1345/1471 1346/1332 1347/1331 7669/8136
f 1355/1460 1356/1462 1349/1474 7670/8137
f 1349/1474 1350/1381 1351/1380 7670/8137
f 1351/1380 1352/1382 1353/1477 7670/8137
f 1353/1477 1354/1461 1355/1460 7670/8137
f 1361/1478 1362/1362 1357/1361 7671/8138
f 1357/1361 1358/1363 1359/1472 7671/8138
f 1359/1472 1360/1473 1361/1478 7671/8138
f 1369/1455 1370/1457 1363/1479 7672/8139
f 1363/1479 1364/1441 1365/1440 7672/8139
f 1365/1440 1366/1442 1367/1483 7672/8139
f 1367/1483 1368/1456 1369/1455 7672/8139
f 1375/1484 1376/1413 1371/1412 7673/8140
f 1371/1412 1372/1414 1373/1475 7673/8140
f 1373/1475 1374/1476 1375/1484 7673/8140
f 1383/1494 1384/1347 1377/1346 7674/8141
f 1377/1346 1378/1349 1379/1486 7674/8141
f 1379/1486 1380/1485 1381/1490 7674/8141
f 1381/1490 1382/1489 1383/1494 7674/8141
f 1389/1497 1390/1324 1385/1323 7675/8142
f 1385/1328 1386/1327 1387/1495 7675/8142
f 1387/1495 1388/1496 1389/1497 7675/8142
f 1395/1491 1396/1493 1391/1501 7676/8143
f 1391/1501 1392/1500 1393/1505 7676/8143
f 1393/1505 1394/1492 1395/1491 7676/8143
f 1403/1508 1404/1469 1397/1468 7677/8144
f 1397/1468 1398/1470 1399/1498 7677/8144
f 1399/1498 1400/1499 1401/1506 7677/8144
f 1401/1506 1402/1507 1403/1508 7677/8144
f 1409/1522 1410/1515 1405/1512 7678/8145
f 1405/1512 1406/1511 1407/1518 7678/8145
f 1407/1518 1408/1517 1409/1522 7678/8145
f 1417/1519 1418/1521 1411/1526 7679/8146
f 1411/1526 1412/1503 1413/1502 7679/8146
f 1413/1502 1414/1504 1415/1529 7679/8146
f 1415/1529 1416/1520 1417/1519 7679/8146
f 1425/1487 1426/1403 1419/1402 7680/8147
f 1419/1402 1420/1405 1421/1532 7680/8147
f 1421/1532 1422/1531 1423/1530 7680/8147
f 1423/1530 1424/1488 1425/1487 7680/8147
f 1433/1533 1434/1445 1427/1444 7681/8148
f 1427/1444 1428/1446 1429/1534 7681/8148
f 1429/1534 1430/1524 1431/1523 7681/8148
f 1431/1523 1432/1525 1433/1533 7681/8148
f 1441/1539 1442/1481 1435/1480 7682/8149
f 1435/1480 1436/1482 1437/1537 7682/8149
f 1437/1537 1438/1514 1439/1513 7682/8149
f 1439/1513 1440/1516 1441/1539 7682/8149
f 1447/1535 1448/1431 1443/1430 7683/8150
f 1443/1435 1444/1434 1445/1540 7683/8150
f 1445/1540 1446/1536 1447/1535 7683/8150
f 1455/1538 1456/1450 1449/1449 7684/8151
f 1449/1449 1450/1452 1451/1509 7684/8151
f 1451/1509 1452/1510 1453/1527 7684/8151
f 1453/1527 1454/1528 1455/1538 7684/8151
s 141
f 1463/1561 1464/1546 1457/1545 7685/8152
f 1457/1542 1458/1541 1459/1550 7685/8153
f 1459/1550 1460/1549 1461/1558 7685/8153
f 1461/1555 1462/1554 1463/1561 7685/8152
f 1471/1575 1472/1568 1465/1565 7686/8154
f 1465/1565 1466/1563 1467/1562 7686/8154
f 1467/1562 1468/1564 1469/1571 7686/8154
f 1469/1571 1470/1570 1471/1575 7686/8154
f 1479/1560 1480/1559 1473/1580 7687/8155
f 1473/1580 1474/1579 1475/1588 7687/8155
f 1475/1585 1476/1584 1477/1591 7687/8156
f 1477/1591 1478/1557 1479/1556 7687/8156
f 1485/1592 1486/1593 1481/1594 7688/8157
f 1481/1594 1482/1573 1483/1572 7688/8157
f 1483/1572 1484/1574 1485/1592 7688/8157
f 1493/1590 1494/1589 1487/1599 7689/8158
f 1487/1599 1488/1598 1489/1607 7689/8158
f 1489/1604 1490/1603 1491/1610 7689/8159
f 1491/1610 1492/1587 1493/1586 7689/8159
f 1501/1611 1502/1612 1495/1614 7690/8160
f 1495/1614 1496/1613 1497/1618 7690/8160
f 1497/1618 1498/1596 1499/1595 7690/8160
f 1499/1595 1500/1597 1501/1611 7690/8160
f 1509/1626 1510/1624 1503/1621 7691/8161
f 1503/1621 1504/1577 1505/1576 7691/8161
f 1505/1576 1506/1578 1507/1619 7691/8161
f 1507/1619 1508/1620 1509/1626 7691/8161
f 1517/1609 1518/1608 1511/1631 7692/8162
f 1511/1631 1512/1630 1513/1639 7692/8162
f 1513/1636 1514/1635 1515/1642 7692/8163
f 1515/1642 1516/1606 1517/1605 7692/8163
f 1523/1643 1524/1644 1519/1645 7693/8164
f 1519/1645 1520/1616 1521/1615 7693/8164
f 1521/1615 1522/1617 1523/1643 7693/8164
f 1531/1659 1532/1653 1525/1652 7694/8165
f 1525/1649 1526/1648 1527/1656 7694/8166
f 1527/1656 1528/1638 1529/1637 7694/8166
f 1529/1641 1530/1640 1531/1659 7694/8165
f 1539/1657 1540/1658 1533/1663 7695/8167
f 1533/1663 1534/1628 1535/1627 7695/8167
f 1535/1627 1536/1629 1537/1646 7695/8167
f 1537/1646 1538/1647 1539/1657 7695/8167
f 1547/1683 1548/1671 1541/1668 7696/8168
f 1541/1668 1542/1667 1543/1674 7696/8168
f 1543/1674 1544/1673 1545/1679 7696/8168
f 1545/1679 1546/1678 1547/1683 7696/8168
f 1555/1551 1556/1553 1549/1687 7697/8169
f 1549/1687 1550/1685 1551/1684 7697/8169
f 1551/1684 1552/1686 1553/1691 7697/8169
f 1553/1691 1554/1552 1555/1551 7697/8169
f 1563/1680 1564/1682 1557/1694 7698/8170
f 1557/1694 1558/1601 1559/1600 7698/8170
f 1559/1600 1560/1602 1561/1697 7698/8170
f 1561/1697 1562/1681 1563/1680 7698/8170
f 1569/1698 1570/1582 1565/1581 7699/8171
f 1565/1581 1566/1583 1567/1692 7699/8171
f 1567/1692 1568/1693 1569/1698 7699/8171
f 1577/1675 1578/1677 1571/1699 7700/8172
f 1571/1699 1572/1661 1573/1660 7700/8172
f 1573/1660 1574/1662 1575/1703 7700/8172
f 1575/1703 1576/1676 1577/1675 7700/8172
f 1583/1704 1584/1633 1579/1632 7701/8173
f 1579/1632 1580/1634 1581/1695 7701/8173
f 1581/1695 1582/1696 1583/1704 7701/8173
f 1591/1714 1592/1567 1585/1566 7702/8174
f 1585/1566 1586/1569 1587/1706 7702/8174
f 1587/1706 1588/1705 1589/1710 7702/8174
f 1589/1710 1590/1709 1591/1714 7702/8174
f 1597/1717 1598/1544 1593/1543 7703/8175
f 1593/1548 1594/1547 1595/1715 7703/8175
f 1595/1715 1596/1716 1597/1717 7703/8175
f 1603/1711 1604/1713 1599/1721 7704/8176
f 1599/1721 1600/1720 1601/1725 7704/8176
f 1601/1725 1602/1712 1603/1711 7704/8176
f 1611/1728 1612/1689 1605/1688 7705/8177
f 1605/1688 1606/1690 1607/1718 7705/8177
f 1607/1718 1608/1719 1609/1726 7705/8177
f 1609/1726 1610/1727 1611/1728 7705/8177
f 1617/1742 1618/1735 1613/1732 7706/8178
f 1613/1732 1614/1731 1615/1738 7706/8178
f 1615/1738 1616/1737 1617/1742 7706/8178
f 1625/1739 1626/1741 1619/1746 7707/8179
f 1619/1746 1620/1723 1621/1722 7707/8179
f 1621/1722 1622/1724 1623/1749 7707/8179
f 1623/1749 1624/1740 1625/1739 7707/8179
f 1633/1707 1634/1623 1627/1622 7708/8180
f 1627/1622 1628/1625 1629/1752 7708/8180
f 1629/1752 1630/1751 1631/1750 7708/8180
f 1631/1750 1632/1708 1633/1707 7708/8180
f 1641/1753 1642/1665 1635/1664 7709/8181
f 1635/1664 1636/1666 1637/1754 7709/8181
f 1637/1754 1638/1744 1639/1743 7709/8181
f 1639/1743 1640/1745 1641/1753 7709/8181
f 1649/1759 1650/1701 1643/1700 7710/8182
f 1643/1700 1644/1702 1645/1757 7710/8182
f 1645/1757 1646/1734 1647/1733 7710/8182
f 1647/1733 1648/1736 1649/1759 7710/8182
f 1655/1755 1656/1651 1651/1650 7711/8183
f 1651/1655 1652/1654 1653/1760 7711/8183
f 1653/1760 1654/1756 1655/1755 7711/8183
f 1663/1758 1664/1670 1657/1669 7712/8184
f 1657/1669 1658/1672 1659/1729 7712/8184
f 1659/1729 1660/1730 1661/1747 7712/8184
f 1661/1747 1662/1748 1663/1758 7712/8184
s 161
f 1671/1781 1672/1766 1665/1765 7713/8185
f 1665/1762 1666/1761 1667/1770 7713/8186
f 1667/1770 1668/1769 1669/1778 7713/8186
f 1669/1775 1670/1774 1671/1781 7713/8185
f 1679/1795 1680/1788 1673/1785 7714/8187
f 1673/1785 1674/1783 1675/1782 7714/8187
f 1675/1782 1676/1784 1677/1791 7714/8187
f 1677/1791 1678/1790 1679/1795 7714/8187
f 1687/1780 1688/1779 1681/1800 7715/8188
f 1681/1800 1682/1799 1683/1808 7715/8188
f 1683/1805 1684/1804 1685/1811 7715/8189
f 1685/1811 1686/1777 1687/1776 7715/8189
f 1693/1812 1694/1813 1689/1814 7716/8190
f 1689/1814 1690/1793 1691/1792 7716/8190
f 1691/1792 1692/1794 1693/1812 7716/8190
f 1701/1810 1702/1809 1695/1819 7717/8191
f 1695/1819 1696/1818 1697/1827 7717/8191
f 1697/1824 1698/1823 1699/1830 7717/8192
f 1699/1830 1700/1807 1701/1806 7717/8192
f 1709/1831 1710/1832 1703/1834 7718/8193
f 1703/1834 1704/1833 1705/1838 7718/8193
f 1705/1838 1706/1816 1707/1815 7718/8193
f 1707/1815 1708/1817 1709/1831 7718/8193
f 1717/1846 1718/1844 1711/1841 7719/8194
f 1711/1841 1712/1797 1713/1796 7719/8194
f 1713/1796 1714/1798 1715/1839 7719/8194
f 1715/1839 1716/1840 1717/1846 7719/8194
f 1725/1829 1726/1828 1719/1851 7720/8195
f 1719/1851 1720/1850 1721/1859 7720/8195
f 1721/1856 1722/1855 1723/1862 7720/8196
f 1723/1862 1724/1826 1725/1825 7720/8196
f 1731/1863 1732/1864 1727/1865 7721/8197
f 1727/1865 1728/1836 1729/1835 7721/8197
f 1729/1835 1730/1837 1731/1863 7721/8197
f 1739/1879 1740/1873 1733/1872 7722/8198
f 1733/1869 1734/1868 1735/1876 7722/8199
f 1735/1876 1736/1858 1737/1857 7722/8199
f 1737/1861 1738/1860 1739/1879 7722/8198
f 1747/1877 1748/1878 1741/1883 7723/8200
f 1741/1883 1742/1848 1743/1847 7723/8200
f 1743/1847 1744/1849 1745/1866 7723/8200
f 1745/1866 1746/1867 1747/1877 7723/8200
f 1755/1903 1756/1891 1749/1888 7724/8201
f 1749/1888 1750/1887 1751/1894 7724/8201
f 1751/1894 1752/1893 1753/1899 7724/8201
f 1753/1899 1754/1898 1755/1903 7724/8201
f 1763/1771 1764/1773 1757/1907 7725/8202
f 1757/1907 1758/1905 1759/1904 7725/8202
f 1759/1904 1760/1906 1761/1911 7725/8202
f 1761/1911 1762/1772 1763/1771 7725/8202
f 1771/1900 1772/1902 1765/1914 7726/8203
f 1765/1914 1766/1821 1767/1820 7726/8203
f 1767/1820 1768/1822 1769/1917 7726/8203
f 1769/1917 1770/1901 1771/1900 7726/8203
f 1777/1918 1778/1802 1773/1801 7727/8204
f 1773/1801 1774/1803 1775/1912 7727/8204
f 1775/1912 1776/1913 1777/1918 7727/8204
f 1785/1895 1786/1897 1779/1919 7728/8205
f 1779/1919 1780/1881 1781/1880 7728/8205
f 1781/1880 1782/1882 1783/1923 7728/8205
f 1783/1923 1784/1896 1785/1895 7728/8205
f 1791/1924 1792/1853 1787/1852 7729/8206
f 1787/1852 1788/1854 1789/1915 7729/8206
f 1789/1915 1790/1916 1791/1924 7729/8206
f 1799/1934 1800/1787 1793/1786 7730/8207
f 1793/1786 1794/1789 1795/1926 7730/8207
f 1795/1926 1796/1925 1797/1930 7730/8207
f 1797/1930 1798/1929 1799/1934 7730/8207
f 1805/1937 1806/1764 1801/1763 7731/8208
f 1801/1768 1802/1767 1803/1935 7731/8208
f 1803/1935 1804/1936 1805/1937 7731/8208
f 1811/1931 1812/1933 1807/1941 7732/8209
f 1807/1941 1808/1940 1809/1945 7732/8209
f 1809/1945 1810/1932 1811/1931 7732/8209
f 1819/1948 1820/1909 1813/1908 7733/8210
f 1813/1908 1814/1910 1815/1938 7733/8210
f 1815/1938 1816/1939 1817/1946 7733/8210
f 1817/1946 1818/1947 1819/1948 7733/8210
f 1825/1962 1826/1955 1821/1952 7734/8211
f 1821/1952 1822/1951 1823/1958 7734/8211
f 1823/1958 1824/1957 1825/1962 7734/8211
f 1833/1959 1834/1961 1827/1966 7735/8212
f 1827/1966 1828/1943 1829/1942 7735/8212
f 1829/1942 1830/1944 1831/1969 7735/8212
f 1831/1969 1832/1960 1833/1959 7735/8212
f 1841/1927 1842/1843 1835/1842 7736/8213
f 1835/1842 1836/1845 1837/1972 7736/8213
f 1837/1972 1838/1971 1839/1970 7736/8213
f 1839/1970 1840/1928 1841/1927 7736/8213
f 1849/1973 1850/1885 1843/1884 7737/8214
f 1843/1884 1844/1886 1845/1974 7737/8214
f 1845/1974 1846/1964 1847/1963 7737/8214
f 1847/1963 1848/1965 1849/1973 7737/8214
f 1857/1979 1858/1921 1851/1920 7738/8215
f 1851/1920 1852/1922 1853/1977 7738/8215
f 1853/1977 1854/1954 1855/1953 7738/8215
f 1855/1953 1856/1956 1857/1979 7738/8215
f 1863/1975 1864/1871 1859/1870 7739/8216
f 1859/1875 1860/1874 1861/1980 7739/8216
f 1861/1980 1862/1976 1863/1975 7739/8216
f 1871/1978 1872/1890 1865/1889 7740/8217
f 1865/1889 1866/1892 1867/1949 7740/8217
f 1867/1949 1868/1950 1869/1967 7740/8217
f 1869/1967 1870/1968 1871/1978 7740/8217
s 181
f 1879/2001 1880/1986 1873/1985 7741/8218
f 1873/1982 1874/1981 1875/1990 7741/8219
f 1875/1990 1876/1989 1877/1998 7741/8219
f 1877/1995 1878/1994 1879/2001 7741/8218
f 1887/2015 1888/2008 1881/2005 7742/8220
f 1881/2005 1882/2003 1883/2002 7742/8220
f 1883/2002 1884/2004 1885/2011 7742/8220
f 1885/2011 1886/2010 1887/2015 7742/8220
f 1895/2000 1896/1999 1889/2020 7743/8221
f 1889/2020 1890/2019 1891/2028 7743/8221
f 1891/2025 1892/2024 1893/2031 7743/8222
f 1893/2031 1894/1997 1895/1996 7743/8222
f 1901/2032 1902/2033 1897/2034 7744/8223
f 1897/2034 1898/2013 1899/2012 7744/8223
f 1899/2012 1900/2014 1901/2032 7744/8223
f 1909/2030 1910/2029 1903/2039 7745/8224
f 1903/2039 1904/2038 1905/2047 7745/8224
f 1905/2044 1906/2043 1907/2050 7745/8225
f 1907/2050 1908/2027 1909/2026 7745/8225
f 1917/2051 1918/2052 1911/2054 7746/8226
f 1911/2054 1912/2053 1913/2058 7746/8226
f 1913/2058 1914/2036 1915/2035 7746/8226
f 1915/2035 1916/2037 1917/2051 7746/8226
f 1925/2066 1926/2064 1919/2061 7747/8227
f 1919/2061 1920/2017 1921/2016 7747/8227
f 1921/2016 1922/2018 1923/2059 7747/8227
f 1923/2059 1924/2060 1925/2066 7747/8227
f 1933/2049 1934/2048 1927/2071 7748/8228
f 1927/2071 1928/2070 1929/2079 7748/8228
f 1929/2076 1930/2075 1931/2082 7748/8229
f 1931/2082 1932/2046 1933/2045 7748/8229
f 1939/2083 1940/2084 1935/2085 7749/8230
f 1935/2085 1936/2056 1937/2055 7749/8230
f 1937/2055 1938/2057 1939/2083 7749/8230
f 1947/2099 1948/2093 1941/2092 7750/8231
f 1941/2089 1942/2088 1943/2096 7750/8232
f 1943/2096 1944/2078 1945/2077 7750/8232
f 1945/2081 1946/2080 1947/2099 7750/8231
f 1955/2097 1956/2098 1949/2103 7751/8233
f 1949/2103 1950/2068 1951/2067 7751/8233
f 1951/2067 1952/2069 1953/2086 7751/8233
f 1953/2086 1954/2087 1955/2097 7751/8233
f 1963/2123 1964/2111 1957/2108 7752/8234
f 1957/2108 1958/2107 1959/2114 7752/8234
f 1959/2114 1960/2113 1961/2119 7752/8234
f 1961/2119 1962/2118 1963/2123 7752/8234
f 1971/1991 1972/1993 1965/2127 7753/8235
f 1965/2127 1966/2125 1967/2124 7753/8235
f 1967/2124 1968/2126 1969/2131 7753/8235
f 1969/2131 1970/1992 1971/1991 7753/8235
f 1979/2120 1980/2122 1973/2134 7754/8236
f 1973/2134 1974/2041 1975/2040 7754/8236
f 1975/2040 1976/2042 1977/2137 7754/8236
f 1977/2137 1978/2121 1979/2120 7754/8236
f 1985/2138 1986/2022 1981/2021 7755/8237
f 1981/2021 1982/2023 1983/2132 7755/8237
f 1983/2132 1984/2133 1985/2138 7755/8237
f 1993/2115 1994/2117 1987/2139 7756/8238
f 1987/2139 1988/2101 1989/2100 7756/8238
f 1989/2100 1990/2102 1991/2143 7756/8238
f 1991/2143 1992/2116 1993/2115 7756/8238
f 1999/2144 2000/2073 1995/2072 7757/8239
f 1995/2072 1996/2074 1997/2135 7757/8239
f 1997/2135 1998/2136 1999/2144 7757/8239
f 2007/2154 2008/2007 2001/2006 7758/8240
f 2001/2006 2002/2009 2003/2146 7758/8240
f 2003/2146 2004/2145 2005/2150 7758/8240
f 2005/2150 2006/2149 2007/2154 7758/8240
f 2013/2157 2014/1984 2009/1983 7759/8241
f 2009/1988 2010/1987 2011/2155 7759/8241
f 2011/2155 2012/2156 2013/2157 7759/8241
f 2019/2151 2020/2153 2015/2161 7760/8242
f 2015/2161 2016/2160 2017/2165 7760/8242
f 2017/2165 2018/2152 2019/2151 7760/8242
f 2027/2168 2028/2129 2021/2128 7761/8243
f 2021/2128 2022/2130 2023/2158 7761/8243
f 2023/2158 2024/2159 2025/2166 7761/8243
f 2025/2166 2026/2167 2027/2168 7761/8243
f 2033/2182 2034/2175 2029/2172 7762/8244
f 2029/2172 2030/2171 2031/2178 7762/8244
f 2031/2178 2032/2177 2033/2182 7762/8244
f 2041/2179 2042/2181 2035/2186 7763/8245
f 2035/2186 2036/2163 2037/2162 7763/8245
f 2037/2162 2038/2164 2039/2189 7763/8245
f 2039/2189 2040/2180 2041/2179 7763/8245
f 2049/2147 2050/2063 2043/2062 7764/8246
f 2043/2062 2044/2065 2045/2192 7764/8246
f 2045/2192 2046/2191 2047/2190 7764/8246
f 2047/2190 2048/2148 2049/2147 7764/8246
f 2057/2193 2058/2105 2051/2104 7765/8247
f 2051/2104 2052/2106 2053/2194 7765/8247
f 2053/2194 2054/2184 2055/2183 7765/8247
f 2055/2183 2056/2185 2057/2193 7765/8247
f 2065/2199 2066/2141 2059/2140 7766/8248
f 2059/2140 2060/2142 2061/2197 7766/8248
f 2061/2197 2062/2174 2063/2173 7766/8248
f 2063/2173 2064/2176 2065/2199 7766/8248
f 2071/2195 2072/2091 2067/2090 7767/8249
f 2067/2095 2068/2094 2069/2200 7767/8249
f 2069/2200 2070/2196 2071/2195 7767/8249
f 2079/2198 2080/2110 2073/2109 7768/8250
f 2073/2109 2074/2112 2075/2169 7768/8250
f 2075/2169 2076/2170 2077/2187 7768/8250
f 2077/2187 2078/2188 2079/2198 7768/8250
s 201
f 2087/2221 2088/2206 2081/2205 7769/8251
f 2081/2202 2082/2201 2083/2210 7769/8252
f 2083/2210 2084/2209 2085/2218 7769/8252
f 2085/2215 2086/2214 2087/2221 7769/8251
f 2095/2235 2096/2228 2089/2225 7770/8253
f 2089/2225 2090/2223 2091/2222 7770/8253
f 2091/2222 2092/2224 2093/2231 7770/8253
f 2093/2231 2094/2230 2095/2235 7770/8253
f 2103/2220 2104/2219 2097/2240 7771/8254
f 2097/2240 2098/2239 2099/2248 7771/8254
f 2099/2245 2100/2244 2101/2251 7771/8255
f 2101/2251 2102/2217 2103/2216 7771/8255
f 2109/2252 2110/2253 2105/2254 7772/8256
f 2105/2254 2106/2233 2107/2232 7772/8256
f 2107/2232 2108/2234 2109/2252 7772/8256
f 2117/2250 2118/2249 2111/2259 7773/8257
f 2111/2259 2112/2258 2113/2267 7773/8257
f 2113/2264 2114/2263 2115/2270 7773/8258
f 2115/2270 2116/2247 2117/2246 7773/8258
f 2125/2271 2126/2272 2119/2274 7774/8259
f 2119/2274 2120/2273 2121/2278 7774/8259
f 2121/2278 2122/2256 2123/2255 7774/8259
f 2123/2255 2124/2257 2125/2271 7774/8259
f 2133/2286 2134/2284 2127/2281 7775/8260
f 2127/2281 2128/2237 2129/2236 7775/8260
f 2129/2236 2130/2238 2131/2279 7775/8260
f 2131/2279 2132/2280 2133/2286 7775/8260
f 2141/2269 2142/2268 2135/2291 7776/8261
f 2135/2291 2136/2290 2137/2299 7776/8261
f 2137/2296 2138/2295 2139/2302 7776/8262
f 2139/2302 2140/2266 2141/2265 7776/8262
f 2147/2303 2148/2304 2143/2305 7777/8263
f 2143/2305 2144/2276 2145/2275 7777/8263
f 2145/2275 2146/2277 2147/2303 7777/8263
f 2155/2319 2156/2313 2149/2312 7778/8264
f 2149/2309 2150/2308 2151/2316 7778/8265
f 2151/2316 2152/2298 2153/2297 7778/8265
f 2153/2301 2154/2300 2155/2319 7778/8264
f 2163/2317 2164/2318 2157/2323 7779/8266
f 2157/2323 2158/2288 2159/2287 7779/8266
f 2159/2287 2160/2289 2161/2306 7779/8266
f 2161/2306 2162/2307 2163/2317 7779/8266
f 2171/2343 2172/2331 2165/2328 7780/8267
f 2165/2328 2166/2327 2167/2334 7780/8267
f 2167/2334 2168/2333 2169/2339 7780/8267
f 2169/2339 2170/2338 2171/2343 7780/8267
f 2179/2211 2180/2213 2173/2347 7781/8268
f 2173/2347 2174/2345 2175/2344 7781/8268
f 2175/2344 2176/2346 2177/2351 7781/8268
f 2177/2351 2178/2212 2179/2211 7781/8268
f 2187/2340 2188/2342 2181/2354 7782/8269
f 2181/2354 2182/2261 2183/2260 7782/8269
f 2183/2260 2184/2262 2185/2357 7782/8269
f 2185/2357 2186/2341 2187/2340 7782/8269
f 2193/2358 2194/2242 2189/2241 7783/8270
f 2189/2241 2190/2243 2191/2352 7783/8270
f 2191/2352 2192/2353 2193/2358 7783/8270
f 2201/2335 2202/2337 2195/2359 7784/8271
f 2195/2359 2196/2321 2197/2320 7784/8271
f 2197/2320 2198/2322 2199/2363 7784/8271
f 2199/2363 2200/2336 2201/2335 7784/8271
f 2207/2364 2208/2293 2203/2292 7785/8272
f 2203/2292 2204/2294 2205/2355 7785/8272
f 2205/2355 2206/2356 2207/2364 7785/8272
f 2215/2374 2216/2227 2209/2226 7786/8273
f 2209/2226 2210/2229 2211/2366 7786/8273
f 2211/2366 2212/2365 2213/2370 7786/8273
f 2213/2370 2214/2369 2215/2374 7786/8273
f 2221/2377 2222/2204 2217/2203 7787/8274
f 2217/2208 2218/2207 2219/2375 7787/8274
f 2219/2375 2220/2376 2221/2377 7787/8274
f 2227/2371 2228/2373 2223/2381 7788/8275
f 2223/2381 2224/2380 2225/2385 7788/8275
f 2225/2385 2226/2372 2227/2371 7788/8275
f 2235/2388 2236/2349 2229/2348 7789/8276
f 2229/2348 2230/2350 2231/2378 7789/8276
f 2231/2378 2232/2379 2233/2386 7789/8276
f 2233/2386 2234/2387 2235/2388 7789/8276
f 2241/2402 2242/2395 2237/2392 7790/8277
f 2237/2392 2238/2391 2239/2398 7790/8277
f 2239/2398 2240/2397 2241/2402 7790/8277
f 2249/2399 2250/2401 2243/2406 7791/8278
f 2243/2406 2244/2383 2245/2382 7791/8278
f 2245/2382 2246/2384 2247/2409 7791/8278
f 2247/2409 2248/2400 2249/2399 7791/8278
f 2257/2367 2258/2283 2251/2282 7792/8279
f 2251/2282 2252/2285 2253/2412 7792/8279
f 2253/2412 2254/2411 2255/2410 7792/8279
f 2255/2410 2256/2368 2257/2367 7792/8279
f 2265/2413 2266/2325 2259/2324 7793/8280
f 2259/2324 2260/2326 2261/2414 7793/8280
f 2261/2414 2262/2404 2263/2403 7793/8280
f 2263/2403 2264/2405 2265/2413 7793/8280
f 2273/2419 2274/2361 2267/2360 7794/8281
f 2267/2360 2268/2362 2269/2417 7794/8281
f 2269/2417 2270/2394 2271/2393 7794/8281
f 2271/2393 2272/2396 2273/2419 7794/8281
f 2279/2415 2280/2311 2275/2310 7795/8282
f 2275/2315 2276/2314 2277/2420 7795/8282
f 2277/2420 2278/2416 2279/2415 7795/8282
f 2287/2418 2288/2330 2281/2329 7796/8283
f 2281/2329 2282/2332 2283/2389 7796/8283
f 2283/2389 2284/2390 2285/2407 7796/8283
f 2285/2407 2286/2408 2287/2418 7796/8283
s 221
f 2295/2441 2296/2426 2289/2425 7797/8284
f 2289/2422 2290/2421 2291/2430 7797/8285
f 2291/2430 2292/2429 2293/2438 7797/8285
f 2293/2435 2294/2434 2295/2441 7797/8284
f 2303/2455 2304/2448 2297/2445 7798/8286
f 2297/2445 2298/2443 2299/2442 7798/8286
f 2299/2442 2300/2444 2301/2451 7798/8286
f 2301/2451 2302/2450 2303/2455 7798/8286
f 2311/2440 2312/2439 2305/2460 7799/8287
f 2305/2460 2306/2459 2307/2468 7799/8287
f 2307/2465 2308/2464 2309/2471 7799/8288
f 2309/2471 2310/2437 2311/2436 7799/8288
f 2317/2472 2318/2473 2313/2474 7800/8289
f 2313/2474 2314/2453 2315/2452 7800/8289
f 2315/2452 2316/2454 2317/2472 7800/8289
f 2325/2470 2326/2469 2319/2479 7801/8290
f 2319/2479 2320/2478 2321/2487 7801/8290
f 2321/2484 2322/2483 2323/2490 7801/8291
f 2323/2490 2324/2467 2325/2466 7801/8291
f 2333/2491 2334/2492 2327/2494 7802/8292
f 2327/2494 2328/2493 2329/2498 7802/8292
f 2329/2498 2330/2476 2331/2475 7802/8292
f 2331/2475 2332/2477 2333/2491 7802/8292
f 2341/2506 2342/2504 2335/2501 7803/8293
f 2335/2501 2336/2457 2337/2456 7803/8293
f 2337/2456 2338/2458 2339/2499 7803/8293
f 2339/2499 2340/2500 2341/2506 7803/8293
f 2349/2489 2350/2488 2343/2511 7804/8294
f 2343/2511 2344/2510 2345/2519 7804/8294
f 2345/2516 2346/2515 2347/2522 7804/8295
f 2347/2522 2348/2486 2349/2485 7804/8295
f 2355/2523 2356/2524 2351/2525 7805/8296
f 2351/2525 2352/2496 2353/2495 7805/8296
f 2353/2495 2354/2497 2355/2523 7805/8296
f 2363/2539 2364/2533 2357/2532 7806/8297
f 2357/2529 2358/2528 2359/2536 7806/8298
f 2359/2536 2360/2518 2361/2517 7806/8298
f 2361/2521 2362/2520 2363/2539 7806/8297
f 2371/2537 2372/2538 2365/2543 7807/8299
f 2365/2543 2366/2508 2367/2507 7807/8299
f 2367/2507 2368/2509 2369/2526 7807/8299
f 2369/2526 2370/2527 2371/2537 7807/8299
f 2379/2563 2380/2551 2373/2548 7808/8300
f 2373/2548 2374/2547 2375/2554 7808/8300
f 2375/2554 2376/2553 2377/2559 7808/8300
f 2377/2559 2378/2558 2379/2563 7808/8300
f 2387/2431 2388/2433 2381/2567 7809/8301
f 2381/2567 2382/2565 2383/2564 7809/8301
f 2383/2564 2384/2566 2385/2571 7809/8301
f 2385/2571 2386/2432 2387/2431 7809/8301
f 2395/2560 2396/2562 2389/2574 7810/8302
f 2389/2574 2390/2481 2391/2480 7810/8302
f 2391/2480 2392/2482 2393/2577 7810/8302
f 2393/2577 2394/2561 2395/2560 7810/8302
f 2401/2578 2402/2462 2397/2461 7811/8303
f 2397/2461 2398/2463 2399/2572 7811/8303
f 2399/2572 2400/2573 2401/2578 7811/8303
f 2409/2555 2410/2557 2403/2579 7812/8304
f 2403/2579 2404/2541 2405/2540 7812/8304
f 2405/2540 2406/2542 2407/2583 7812/8304
f 2407/2583 2408/2556 2409/2555 7812/8304
f 2415/2584 2416/2513 2411/2512 7813/8305
f 2411/2512 2412/2514 2413/2575 7813/8305
f 2413/2575 2414/2576 2415/2584 7813/8305
f 2423/2594 2424/2447 2417/2446 7814/8306
f 2417/2446 2418/2449 2419/2586 7814/8306
f 2419/2586 2420/2585 2421/2590 7814/8306
f 2421/2590 2422/2589 2423/2594 7814/8306
f 2429/2597 2430/2424 2425/2423 7815/8307
f 2425/2428 2426/2427 2427/2595 7815/8307
f 2427/2595 2428/2596 2429/2597 7815/8307
f 2435/2591 2436/2593 2431/2601 7816/8308
f 2431/2601 2432/2600 2433/2605 7816/8308
f 2433/2605 2434/2592 2435/2591 7816/8308
f 2443/2608 2444/2569 2437/2568 7817/8309
f 2437/2568 2438/2570 2439/2598 7817/8309
f 2439/2598 2440/2599 2441/2606 7817/8309
f 2441/2606 2442/2607 2443/2608 7817/8309
f 2449/2622 2450/2615 2445/2612 7818/8310
f 2445/2612 2446/2611 2447/2618 7818/8310
f 2447/2618 2448/2617 2449/2622 7818/8310
f 2457/2619 2458/2621 2451/2626 7819/8311
f 2451/2626 2452/2603 2453/2602 7819/8311
f 2453/2602 2454/2604 2455/2629 7819/8311
f 2455/2629 2456/2620 2457/2619 7819/8311
f 2465/2587 2466/2503 2459/2502 7820/8312
f 2459/2502 2460/2505 2461/2632 7820/8312
f 2461/2632 2462/2631 2463/2630 7820/8312
f 2463/2630 2464/2588 2465/2587 7820/8312
f 2473/2633 2474/2545 2467/2544 7821/8313
f 2467/2544 2468/2546 2469/2634 7821/8313
f 2469/2634 2470/2624 2471/2623 7821/8313
f 2471/2623 2472/2625 2473/2633 7821/8313
f 2481/2639 2482/2581 2475/2580 7822/8314
f 2475/2580 2476/2582 2477/2637 7822/8314
f 2477/2637 2478/2614 2479/2613 7822/8314
f 2479/2613 2480/2616 2481/2639 7822/8314
f 2487/2635 2488/2531 2483/2530 7823/8315
f 2483/2535 2484/2534 2485/2640 7823/8315
f 2485/2640 2486/2636 2487/2635 7823/8315
f 2495/2638 2496/2550 2489/2549 7824/8316
f 2489/2549 2490/2552 2491/2609 7824/8316
f 2491/2609 2492/2610 2493/2627 7824/8316
f 2493/2627 2494/2628 2495/2638 7824/8316
s 241
f 2503/2661 2504/2646 2497/2645 7825/8317
f 2497/2642 2498/2641 2499/2650 7825/8318
f 2499/2650 2500/2649 2501/2658 7825/8318
f 2501/2655 2502/2654 2503/2661 7825/8317
f 2511/2675 2512/2668 2505/2665 7826/8319
f 2505/2665 2506/2663 2507/2662 7826/8319
f 2507/2662 2508/2664 2509/2671 7826/8319
f 2509/2671 2510/2670 2511/2675 7826/8319
f 2519/2660 2520/2659 2513/2680 7827/8320
f 2513/2680 2514/2679 2515/2688 7827/8320
f 2515/2685 2516/2684 2517/2691 7827/8321
f 2517/2691 2518/2657 2519/2656 7827/8321
f 2525/2692 2526/2693 2521/2694 7828/8322
f 2521/2694 2522/2673 2523/2672 7828/8322
f 2523/2672 2524/2674 2525/2692 7828/8322
f 2533/2690 2534/2689 2527/2699 7829/8323
f 2527/2699 2528/2698 2529/2707 7829/8323
f 2529/2704 2530/2703 2531/2710 7829/8324
f 2531/2710 2532/2687 2533/2686 7829/8324
f 2541/2711 2542/2712 2535/2714 7830/8325
f 2535/2714 2536/2713 2537/2718 7830/8325
f 2537/2718 2538/2696 2539/2695 7830/8325
f 2539/2695 2540/2697 2541/2711 7830/8325
f 2549/2726 2550/2724 2543/2721 7831/8326
f 2543/2721 2544/2677 2545/2676 7831/8326
f 2545/2676 2546/2678 2547/2719 7831/8326
f 2547/2719 2548/2720 2549/2726 7831/8326
f 2557/2709 2558/2708 2551/2731 7832/8327
f 2551/2731 2552/2730 2553/2739 7832/8327
f 2553/2736 2554/2735 2555/2742 7832/8328
f 2555/2742 2556/2706 2557/2705 7832/8328
f 2563/2743 2564/2744 2559/2745 7833/8329
f 2559/2745 2560/2716 2561/2715 7833/8329
f 2561/2715 2562/2717 2563/2743 7833/8329
f 2571/2759 2572/2753 2565/2752 7834/8330
f 2565/2749 2566/2748 2567/2756 7834/8331
f 2567/2756 2568/2738 2569/2737 7834/8331
f 2569/2741 2570/2740 2571/2759 7834/8330
f 2579/2757 2580/2758 2573/2763 7835/8332
f 2573/2763 2574/2728 2575/2727 7835/8332
f 2575/2727 2576/2729 2577/2746 7835/8332
f 2577/2746 2578/2747 2579/2757 7835/8332
f 2587/2783 2588/2771 2581/2768 7836/8333
f 2581/2768 2582/2767 2583/2774 7836/8333
f 2583/2774 2584/2773 2585/2779 7836/8333
f 2585/2779 2586/2778 2587/2783 7836/8333
f 2595/2651 2596/2653 2589/2787 7837/8334
f 2589/2787 2590/2785 2591/2784 7837/8334
f 2591/2784 2592/2786 2593/2791 7837/8334
f 2593/2791 2594/2652 2595/2651 7837/8334
f 2603/2780 2604/2782 2597/2794 7838/8335
f 2597/2794 2598/2701 2599/2700 7838/8335
f 2599/2700 2600/2702 2601/2797 7838/8335
f 2601/2797 2602/2781 2603/2780 7838/8335
f 2609/2798 2610/2682 2605/2681 7839/8336
f 2605/2681 2606/2683 2607/2792 7839/8336
f 2607/2792 2608/2793 2609/2798 7839/8336
f 2617/2775 2618/2777 2611/2799 7840/8337
f 2611/2799 2612/2761 2613/2760 7840/8337
f 2613/2760 2614/2762 2615/2803 7840/8337
f 2615/2803 2616/2776 2617/2775 7840/8337
f 2623/2804 2624/2733 2619/2732 7841/8338
f 2619/2732 2620/2734 2621/2795 7841/8338
f 2621/2795 2622/2796 2623/2804 7841/8338
f 2631/2814 2632/2667 2625/2666 7842/8339
f 2625/2666 2626/2669 2627/2806 7842/8339
f 2627/2806 2628/2805 2629/2810 7842/8339
f 2629/2810 2630/2809 2631/2814 7842/8339
f 2637/2817 2638/2644 2633/2643 7843/8340
f 2633/2648 2634/2647 2635/2815 7843/8340
f 2635/2815 2636/2816 2637/2817 7843/8340
f 2643/2811 2644/2813 2639/2821 7844/8341
f 2639/2821 2640/2820 2641/2825 7844/8341
f 2641/2825 2642/2812 2643/2811 7844/8341
f 2651/2828 2652/2789 2645/2788 7845/8342
f 2645/2788 2646/2790 2647/2818 7845/8342
f 2647/2818 2648/2819 2649/2826 7845/8342
f 2649/2826 2650/2827 2651/2828 7845/8342
f 2657/2842 2658/2835 2653/2832 7846/8343
f 2653/2832 2654/2831 2655/2838 7846/8343
f 2655/2838 2656/2837 2657/2842 7846/8343
f 2665/2839 2666/2841 2659/2846 7847/8344
f 2659/2846 2660/2823 2661/2822 7847/8344
f 2661/2822 2662/2824 2663/2849 7847/8344
f 2663/2849 2664/2840 2665/2839 7847/8344
f 2673/2807 2674/2723 2667/2722 7848/8345
f 2667/2722 2668/2725 2669/2852 7848/8345
f 2669/2852 2670/2851 2671/2850 7848/8345
f 2671/2850 2672/2808 2673/2807 7848/8345
f 2681/2853 2682/2765 2675/2764 7849/8346
f 2675/2764 2676/2766 2677/2854 7849/8346
f 2677/2854 2678/2844 2679/2843 7849/8346
f 2679/2843 2680/2845 2681/2853 7849/8346
f 2689/2859 2690/2801 2683/2800 7850/8347
f 2683/2800 2684/2802 2685/2857 7850/8347
f 2685/2857 2686/2834 2687/2833 7850/8347
f 2687/2833 2688/2836 2689/2859 7850/8347
f 2695/2855 2696/2751 2691/2750 7851/8348
f 2691/2755 2692/2754 2693/2860 7851/8348
f 2693/2860 2694/2856 2695/2855 7851/8348
f 2703/2858 2704/2770 2697/2769 7852/8349
f 2697/2769 2698/2772 2699/2829 7852/8349
f 2699/2829 2700/2830 2701/2847 7852/8349
f 2701/2847 2702/2848 2703/2858 7852/8349
s 261
f 2711/2881 2712/2866 2705/2865 7853/8350
f 2705/2862 2706/2861 2707/2870 7853/8351
f 2707/2870 2708/2869 2709/2878 7853/8351
f 2709/2875 2710/2874 2711/2881 7853/8350
f 2719/2895 2720/2888 2713/2885 7854/8352
f 2713/2885 2714/2883 2715/2882 7854/8352
f 2715/2882 2716/2884 2717/2891 7854/8352
f 2717/2891 2718/2890 2719/2895 7854/8352
f 2727/2880 2728/2879 2721/2900 7855/8353
f 2721/2900 2722/2899 2723/2908 7855/8353
f 2723/2905 2724/2904 2725/2911 7855/8354
f 2725/2911 2726/2877 2727/2876 7855/8354
f 2733/2912 2734/2913 2729/2914 7856/8355
f 2729/2914 2730/2893 2731/2892 7856/8355
f 2731/2892 2732/2894 2733/2912 7856/8355
f 2741/2910 2742/2909 2735/2919 7857/8356
f 2735/2919 2736/2918 2737/2927 7857/8356
f 2737/2924 2738/2923 2739/2930 7857/8357
f 2739/2930 2740/2907 2741/2906 7857/8357
f 2749/2931 2750/2932 2743/2934 7858/8358
f 2743/2934 2744/2933 2745/2938 7858/8358
f 2745/2938 2746/2916 2747/2915 7858/8358
f 2747/2915 2748/2917 2749/2931 7858/8358
f 2757/2946 2758/2944 2751/2941 7859/8359
f 2751/2941 2752/2897 2753/2896 7859/8359
f 2753/2896 2754/2898 2755/2939 7859/8359
f 2755/2939 2756/2940 2757/2946 7859/8359
f 2765/2929 2766/2928 2759/2951 7860/8360
f 2759/2951 2760/2950 2761/2959 7860/8360
f 2761/2956 2762/2955 2763/2962 7860/8361
f 2763/2962 2764/2926 2765/2925 7860/8361
f 2771/2963 2772/2964 2767/2965 7861/8362
f 2767/2965 2768/2936 2769/2935 7861/8362
f 2769/2935 2770/2937 2771/2963 7861/8362
f 2779/2979 2780/2973 2773/2972 7862/8363
f 2773/2969 2774/2968 2775/2976 7862/8364
f 2775/2976 2776/2958 2777/2957 7862/8364
f 2777/2961 2778/2960 2779/2979 7862/8363
f 2787/2977 2788/2978 2781/2983 7863/8365
f 2781/2983 2782/2948 2783/2947 7863/8365
f 2783/2947 2784/2949 2785/2966 7863/8365
f 2785/2966 2786/2967 2787/2977 7863/8365
f 2795/3003 2796/2991 2789/2988 7864/8366
f 2789/2988 2790/2987 2791/2994 7864/8366
f 2791/2994 2792/2993 2793/2999 7864/8366
f 2793/2999 2794/2998 2795/3003 7864/8366
f 2803/2871 2804/2873 2797/3007 7865/8367
f 2797/3007 2798/3005 2799/3004 7865/8367
f 2799/3004 2800/3006 2801/3011 7865/8367
f 2801/3011 2802/2872 2803/2871 7865/8367
f 2811/3000 2812/3002 2805/3014 7866/8368
f 2805/3014 2806/2921 2807/2920 7866/8368
f 2807/2920 2808/2922 2809/3017 7866/8368
f 2809/3017 2810/3001 2811/3000 7866/8368
f 2817/3018 2818/2902 2813/2901 7867/8369
f 2813/2901 2814/2903 2815/3012 7867/8369
f 2815/3012 2816/3013 2817/3018 7867/8369
f 2825/2995 2826/2997 2819/3019 7868/8370
f 2819/3019 2820/2981 2821/2980 7868/8370
f 2821/2980 2822/2982 2823/3023 7868/8370
f 2823/3023 2824/2996 2825/2995 7868/8370
f 2831/3024 2832/2953 2827/2952 7869/8371
f 2827/2952 2828/2954 2829/3015 7869/8371
f 2829/3015 2830/3016 2831/3024 7869/8371
f 2839/3034 2840/2887 2833/2886 7870/8372
f 2833/2886 2834/2889 2835/3026 7870/8372
f 2835/3026 2836/3025 2837/3030 7870/8372
f 2837/3030 2838/3029 2839/3034 7870/8372
f 2845/3037 2846/2864 2841/2863 7871/8373
f 2841/2868 2842/2867 2843/3035 7871/8373
f 2843/3035 2844/3036 2845/3037 7871/8373
f 2851/3031 2852/3033 2847/3041 7872/8374
f 2847/3041 2848/3040 2849/3045 7872/8374
f 2849/3045 2850/3032 2851/3031 7872/8374
f 2859/3048 2860/3009 2853/3008 7873/8375
f 2853/3008 2854/3010 2855/3038 7873/8375
f 2855/3038 2856/3039 2857/3046 7873/8375
f 2857/3046 2858/3047 2859/3048 7873/8375
f 2865/3062 2866/3055 2861/3052 7874/8376
f 2861/3052 2862/3051 2863/3058 7874/8376
f 2863/3058 2864/3057 2865/3062 7874/8376
f 2873/3059 2874/3061 2867/3066 7875/8377
f 2867/3066 2868/3043 2869/3042 7875/8377
f 2869/3042 2870/3044 2871/3069 7875/8377
f 2871/3069 2872/3060 2873/3059 7875/8377
f 2881/3027 2882/2943 2875/2942 7876/8378
f 2875/2942 2876/2945 2877/3072 7876/8378
f 2877/3072 2878/3071 2879/3070 7876/8378
f 2879/3070 2880/3028 2881/3027 7876/8378
f 2889/3073 2890/2985 2883/2984 7877/8379
f 2883/2984 2884/2986 2885/3074 7877/8379
f 2885/3074 2886/3064 2887/3063 7877/8379
f 2887/3063 2888/3065 2889/3073 7877/8379
f 2897/3079 2898/3021 2891/3020 7878/8380
f 2891/3020 2892/3022 2893/3077 7878/8380
f 2893/3077 2894/3054 2895/3053 7878/8380
f 2895/3053 2896/3056 2897/3079 7878/8380
f 2903/3075 2904/2971 2899/2970 7879/8381
f 2899/2975 2900/2974 2901/3080 7879/8381
f 2901/3080 2902/3076 2903/3075 7879/8381
f 2911/3078 2912/2990 2905/2989 7880/8382
f 2905/2989 2906/2992 2907/3049 7880/8382
f 2907/3049 2908/3050 2909/3067 7880/8382
f 2909/3067 2910/3068 2911/3078 7880/8382
s 281
f 2919/3101 2920/3086 2913/3085 7881/8383
f 2913/3082 2914/3081 2915/3090 7881/8384
f 2915/3090 2916/3089 2917/3098 7881/8384
f 2917/3095 2918/3094 2919/3101 7881/8383
f 2927/3115 2928/3108 2921/3105 7882/8385
f 2921/3105 2922/3103 2923/3102 7882/8385
f 2923/3102 2924/3104 2925/3111 7882/8385
f 2925/3111 2926/3110 2927/3115 7882/8385
f 2935/3100 2936/3099 2929/3120 7883/8386
f 2929/3120 2930/3119 2931/3128 7883/8386
f 2931/3125 2932/3124 2933/3131 7883/8387
f 2933/3131 2934/3097 2935/3096 7883/8387
f 2941/3132 2942/3133 2937/3134 7884/8388
f 2937/3134 2938/3113 2939/3112 7884/8388
f 2939/3112 2940/3114 2941/3132 7884/8388
f 2949/3130 2950/3129 2943/3139 7885/8389
f 2943/3139 2944/3138 2945/3147 7885/8389
f 2945/3144 2946/3143 2947/3150 7885/8390
f 2947/3150 2948/3127 2949/3126 7885/8390
f 2957/3151 2958/3152 2951/3154 7886/8391
f 2951/3154 2952/3153 2953/3158 7886/8391
f 2953/3158 2954/3136 2955/3135 7886/8391
f 2955/3135 2956/3137 2957/3151 7886/8391
f 2965/3166 2966/3164 2959/3161 7887/8392
f 2959/3161 2960/3117 2961/3116 7887/8392
f 2961/3116 2962/3118 2963/3159 7887/8392
f 2963/3159 2964/3160 2965/3166 7887/8392
f 2973/3149 2974/3148 2967/3171 7888/8393
f 2967/3171 2968/3170 2969/3179 7888/8393
f 2969/3176 2970/3175 2971/3182 7888/8394
f 2971/3182 2972/3146 2973/3145 7888/8394
f 2979/3183 2980/3184 2975/3185 7889/8395
f 2975/3185 2976/3156 2977/3155 7889/8395
f 2977/3155 2978/3157 2979/3183 7889/8395
f 2987/3199 2988/3193 2981/3192 7890/8396
f 2981/3189 2982/3188 2983/3196 7890/8397
f 2983/3196 2984/3178 2985/3177 7890/8397
f 2985/3181 2986/3180 2987/3199 7890/8396
f 2995/3197 2996/3198 2989/3203 7891/8398
f 2989/3203 2990/3168 2991/3167 7891/8398
f 2991/3167 2992/3169 2993/3186 7891/8398
f 2993/3186 2994/3187 2995/3197 7891/8398
f 3003/3223 3004/3211 2997/3208 7892/8399
f 2997/3208 2998/3207 2999/3214 7892/8399
f 2999/3214 3000/3213 3001/3219 7892/8399
f 3001/3219 3002/3218 3003/3223 7892/8399
f 3011/3091 3012/3093 3005/3227 7893/8400
f 3005/3227 3006/3225 3007/3224 7893/8400
f 3007/3224 3008/3226 3009/3231 7893/8400
f 3009/3231 3010/3092 3011/3091 7893/8400
f 3019/3220 3020/3222 3013/3234 7894/8401
f 3013/3234 3014/3141 3015/3140 7894/8401
f 3015/3140 3016/3142 3017/3237 7894/8401
f 3017/3237 3018/3221 3019/3220 7894/8401
f 3025/3238 3026/3122 3021/3121 7895/8402
f 3021/3121 3022/3123 3023/3232 7895/8402
f 3023/3232 3024/3233 3025/3238 7895/8402
f 3033/3215 3034/3217 3027/3239 7896/8403
f 3027/3239 3028/3201 3029/3200 7896/8403
f 3029/3200 3030/3202 3031/3243 7896/8403
f 3031/3243 3032/3216 3033/3215 7896/8403
f 3039/3244 3040/3173 3035/3172 7897/8404
f 3035/3172 3036/3174 3037/3235 7897/8404
f 3037/3235 3038/3236 3039/3244 7897/8404
f 3047/3254 3048/3107 3041/3106 7898/8405
f 3041/3106 3042/3109 3043/3246 7898/8405
f 3043/3246 3044/3245 3045/3250 7898/8405
f 3045/3250 3046/3249 3047/3254 7898/8405
f 3053/3257 3054/3084 3049/3083 7899/8406
f 3049/3088 3050/3087 3051/3255 7899/8406
f 3051/3255 3052/3256 3053/3257 7899/8406
f 3059/3251 3060/3253 3055/3261 7900/8407
f 3055/3261 3056/3260 3057/3265 7900/8407
f 3057/3265 3058/3252 3059/3251 7900/8407
f 3067/3268 3068/3229 3061/3228 7901/8408
f 3061/3228 3062/3230 3063/3258 7901/8408
f 3063/3258 3064/3259 3065/3266 7901/8408
f 3065/3266 3066/3267 3067/3268 7901/8408
f 3073/3282 3074/3275 3069/3272 7902/8409
f 3069/3272 3070/3271 3071/3278 7902/8409
f 3071/3278 3072/3277 3073/3282 7902/8409
f 3081/3279 3082/3281 3075/3286 7903/8410
f 3075/3286 3076/3263 3077/3262 7903/8410
f 3077/3262 3078/3264 3079/3289 7903/8410
f 3079/3289 3080/3280 3081/3279 7903/8410
f 3089/3247 3090/3163 3083/3162 7904/8411
f 3083/3162 3084/3165 3085/3292 7904/8411
f 3085/3292 3086/3291 3087/3290 7904/8411
f 3087/3290 3088/3248 3089/3247 7904/8411
f 3097/3293 3098/3205 3091/3204 7905/8412
f 3091/3204 3092/3206 3093/3294 7905/8412
f 3093/3294 3094/3284 3095/3283 7905/8412
f 3095/3283 3096/3285 3097/3293 7905/8412
f 3105/3299 3106/3241 3099/3240 7906/8413
f 3099/3240 3100/3242 3101/3297 7906/8413
f 3101/3297 3102/3274 3103/3273 7906/8413
f 3103/3273 3104/3276 3105/3299 7906/8413
f 3111/3295 3112/3191 3107/3190 7907/8414
f 3107/3195 3108/3194 3109/3300 7907/8414
f 3109/3300 3110/3296 3111/3295 7907/8414
f 3119/3298 3120/3210 3113/3209 7908/8415
f 3113/3209 3114/3212 3115/3269 7908/8415
f 3115/3269 3116/3270 3117/3287 7908/8415
f 3117/3287 3118/3288 3119/3298 7908/8415
s 301
f 3127/3321 3128/3306 3121/3305 7909/8416
f 3121/3302 3122/3301 3123/3310 7909/8417
f 3123/3310 3124/3309 3125/3318 7909/8417
f 3125/3315 3126/3314 3127/3321 7909/8416
f 3135/3335 3136/3328 3129/3325 7910/8418
f 3129/3325 3130/3323 3131/3322 7910/8418
f 3131/3322 3132/3324 3133/3331 7910/8418
f 3133/3331 3134/3330 3135/3335 7910/8418
f 3143/3320 3144/3319 3137/3340 7911/8419
f 3137/3340 3138/3339 3139/3348 7911/8419
f 3139/3345 3140/3344 3141/3351 7911/8420
f 3141/3351 3142/3317 3143/3316 7911/8420
f 3149/3352 3150/3353 3145/3354 7912/8421
f 3145/3354 3146/3333 3147/3332 7912/8421
f 3147/3332 3148/3334 3149/3352 7912/8421
f 3157/3350 3158/3349 3151/3359 7913/8422
f 3151/3359 3152/3358 3153/3367 7913/8422
f 3153/3364 3154/3363 3155/3370 7913/8423
f 3155/3370 3156/3347 3157/3346 7913/8423
f 3165/3371 3166/3372 3159/3374 7914/8424
f 3159/3374 3160/3373 3161/3378 7914/8424
f 3161/3378 3162/3356 3163/3355 7914/8424
f 3163/3355 3164/3357 3165/3371 7914/8424
f 3173/3386 3174/3384 3167/3381 7915/8425
f 3167/3381 3168/3337 3169/3336 7915/8425
f 3169/3336 3170/3338 3171/3379 7915/8425
f 3171/3379 3172/3380 3173/3386 7915/8425
f 3181/3369 3182/3368 3175/3391 7916/8426
f 3175/3391 3176/3390 3177/3399 7916/8426
f 3177/3396 3178/3395 3179/3402 7916/8427
f 3179/3402 3180/3366 3181/3365 7916/8427
f 3187/3403 3188/3404 3183/3405 7917/8428
f 3183/3405 3184/3376 3185/3375 7917/8428
f 3185/3375 3186/3377 3187/3403 7917/8428
f 3195/3419 3196/3413 3189/3412 7918/8429
f 3189/3409 3190/3408 3191/3416 7918/8430
f 3191/3416 3192/3398 3193/3397 7918/8430
f 3193/3401 3194/3400 3195/3419 7918/8429
f 3203/3417 3204/3418 3197/3423 7919/8431
f 3197/3423 3198/3388 3199/3387 7919/8431
f 3199/3387 3200/3389 3201/3406 7919/8431
f 3201/3406 3202/3407 3203/3417 7919/8431
f 3211/3443 3212/3431 3205/3428 7920/8432
f 3205/3428 3206/3427 3207/3434 7920/8432
f 3207/3434 3208/3433 3209/3439 7920/8432
f 3209/3439 3210/3438 3211/3443 7920/8432
f 3219/3311 3220/3313 3213/3447 7921/8433
f 3213/3447 3214/3445 3215/3444 7921/8433
f 3215/3444 3216/3446 3217/3451 7921/8433
f 3217/3451 3218/3312 3219/3311 7921/8433
f 3227/3440 3228/3442 3221/3454 7922/8434
f 3221/3454 3222/3361 3223/3360 7922/8434
f 3223/3360 3224/3362 3225/3457 7922/8434
f 3225/3457 3226/3441 3227/3440 7922/8434
f 3233/3458 3234/3342 3229/3341 7923/8435
f 3229/3341 3230/3343 3231/3452 7923/8435
f 3231/3452 3232/3453 3233/3458 7923/8435
f 3241/3435 3242/3437 3235/3459 7924/8436
f 3235/3459 3236/3421 3237/3420 7924/8436
f 3237/3420 3238/3422 3239/3463 7924/8436
f 3239/3463 3240/3436 3241/3435 7924/8436
f 3247/3464 3248/3393 3243/3392 7925/8437
f 3243/3392 3244/3394 3245/3455 7925/8437
f 3245/3455 3246/3456 3247/3464 7925/8437
f 3255/3474 3256/3327 3249/3326 7926/8438
f 3249/3326 3250/3329 3251/3466 7926/8438
f 3251/3466 3252/3465 3253/3470 7926/8438
f 3253/3470 3254/3469 3255/3474 7926/8438
f 3261/3477 3262/3304 3257/3303 7927/8439
f 3257/3308 3258/3307 3259/3475 7927/8439
f 3259/3475 3260/3476 3261/3477 7927/8439
f 3267/3471 3268/3473 3263/3481 7928/8440
f 3263/3481 3264/3480 3265/3485 7928/8440
f 3265/3485 3266/3472 3267/3471 7928/8440
f 3275/3488 3276/3449 3269/3448 7929/8441
f 3269/3448 3270/3450 3271/3478 7929/8441
f 3271/3478 3272/3479 3273/3486 7929/8441
f 3273/3486 3274/3487 3275/3488 7929/8441
f 3281/3502 3282/3495 3277/3492 7930/8442
f 3277/3492 3278/3491 3279/3498 7930/8442
f 3279/3498 3280/3497 3281/3502 7930/8442
f 3289/3499 3290/3501 3283/3506 7931/8443
f 3283/3506 3284/3483 3285/3482 7931/8443
f 3285/3482 3286/3484 3287/3509 7931/8443
f 3287/3509 3288/3500 3289/3499 7931/8443
f 3297/3467 3298/3383 3291/3382 7932/8444
f 3291/3382 3292/3385 3293/3512 7932/8444
f 3293/3512 3294/3511 3295/3510 7932/8444
f 3295/3510 3296/3468 3297/3467 7932/8444
f 3305/3513 3306/3425 3299/3424 7933/8445
f 3299/3424 3300/3426 3301/3514 7933/8445
f 3301/3514 3302/3504 3303/3503 7933/8445
f 3303/3503 3304/3505 3305/3513 7933/8445
f 3313/3519 3314/3461 3307/3460 7934/8446
f 3307/3460 3308/3462 3309/3517 7934/8446
f 3309/3517 3310/3494 3311/3493 7934/8446
f 3311/3493 3312/3496 3313/3519 7934/8446
f 3319/3515 3320/3411 3315/3410 7935/8447
f 3315/3415 3316/3414 3317/3520 7935/8447
f 3317/3520 3318/3516 3319/3515 7935/8447
f 3327/3518 3328/3430 3321/3429 7936/8448
f 3321/3429 3322/3432 3323/3489 7936/8448
f 3323/3489 3324/3490 3325/3507 7936/8448
f 3325/3507 3326/3508 3327/3518 7936/8448
s 321
f 3335/3541 3336/3526 3329/3525 7937/8449
f 3329/3522 3330/3521 3331/3530 7937/8450
f 3331/3530 3332/3529 3333/3538 7937/8450
f 3333/3535 3334/3534 3335/3541 7937/8449
f 3343/3555 3344/3548 3337/3545 7938/8451
f 3337/3545 3338/3543 3339/3542 7938/8451
f 3339/3542 3340/3544 3341/3551 7938/8451
f 3341/3551 3342/3550 3343/3555 7938/8451
f 3351/3540 3352/3539 3345/3560 7939/8452
f 3345/3560 3346/3559 3347/3568 7939/8452
f 3347/3565 3348/3564 3349/3571 7939/8453
f 3349/3571 3350/3537 3351/3536 7939/8453
f 3357/3572 3358/3573 3353/3574 7940/8454
f 3353/3574 3354/3553 3355/3552 7940/8454
f 3355/3552 3356/3554 3357/3572 7940/8454
f 3365/3570 3366/3569 3359/3579 7941/8455
f 3359/3579 3360/3578 3361/3587 7941/8455
f 3361/3584 3362/3583 3363/3590 7941/8456
f 3363/3590 3364/3567 3365/3566 7941/8456
f 3373/3591 3374/3592 3367/3594 7942/8457
f 3367/3594 3368/3593 3369/3598 7942/8457
f 3369/3598 3370/3576 3371/3575 7942/8457
f 3371/3575 3372/3577 3373/3591 7942/8457
f 3381/3606 3382/3604 3375/3601 7943/8458
f 3375/3601 3376/3557 3377/3556 7943/8458
f 3377/3556 3378/3558 3379/3599 7943/8458
f 3379/3599 3380/3600 3381/3606 7943/8458
f 3389/3589 3390/3588 3383/3611 7944/8459
f 3383/3611 3384/3610 3385/3619 7944/8459
f 3385/3616 3386/3615 3387/3622 7944/8460
f 3387/3622 3388/3586 3389/3585 7944/8460
f 3395/3623 3396/3624 3391/3625 7945/8461
f 3391/3625 3392/3596 3393/3595 7945/8461
f 3393/3595 3394/3597 3395/3623 7945/8461
f 3403/3639 3404/3633 3397/3632 7946/8462
f 3397/3629 3398/3628 3399/3636 7946/8463
f 3399/3636 3400/3618 3401/3617 7946/8463
f 3401/3621 3402/3620 3403/3639 7946/8462
f 3411/3637 3412/3638 3405/3643 7947/8464
f 3405/3643 3406/3608 3407/3607 7947/8464
f 3407/3607 3408/3609 3409/3626 7947/8464
f 3409/3626 3410/3627 3411/3637 7947/8464
f 3419/3663 3420/3651 3413/3648 7948/8465
f 3413/3648 3414/3647 3415/3654 7948/8465
f 3415/3654 3416/3653 3417/3659 7948/8465
f 3417/3659 3418/3658 3419/3663 7948/8465
f 3427/3531 3428/3533 3421/3667 7949/8466
f 3421/3667 3422/3665 3423/3664 7949/8466
f 3423/3664 3424/3666 3425/3671 7949/8466
f 3425/3671 3426/3532 3427/3531 7949/8466
f 3435/3660 3436/3662 3429/3674 7950/8467
f 3429/3674 3430/3581 3431/3580 7950/8467
f 3431/3580 3432/3582 3433/3677 7950/8467
f 3433/3677 3434/3661 3435/3660 7950/8467
f 3441/3678 3442/3562 3437/3561 7951/8468
f 3437/3561 3438/3563 3439/3672 7951/8468
f 3439/3672 3440/3673 3441/3678 7951/8468
f 3449/3655 3450/3657 3443/3679 7952/8469
f 3443/3679 3444/3641 3445/3640 7952/8469
f 3445/3640 3446/3642 3447/3683 7952/8469
f 3447/3683 3448/3656 3449/3655 7952/8469
f 3455/3684 3456/3613 3451/3612 7953/8470
f 3451/3612 3452/3614 3453/3675 7953/8470
f 3453/3675 3454/3676 3455/3684 7953/8470
f 3463/3694 3464/3547 3457/3546 7954/8471
f 3457/3546 3458/3549 3459/3686 7954/8471
f 3459/3686 3460/3685 3461/3690 7954/8471
f 3461/3690 3462/3689 3463/3694 7954/8471
f 3469/3697 3470/3524 3465/3523 7955/8472
f 3465/3528 3466/3527 3467/3695 7955/8472
f 3467/3695 3468/3696 3469/3697 7955/8472
f 3475/3691 3476/3693 3471/3701 7956/8473
f 3471/3701 3472/3700 3473/3705 7956/8473
f 3473/3705 3474/3692 3475/3691 7956/8473
f 3483/3708 3484/3669 3477/3668 7957/8474
f 3477/3668 3478/3670 3479/3698 7957/8474
f 3479/3698 3480/3699 3481/3706 7957/8474
f 3481/3706 3482/3707 3483/3708 7957/8474
f 3489/3722 3490/3715 3485/3712 7958/8475
f 3485/3712 3486/3711 3487/3718 7958/8475
f 3487/3718 3488/3717 3489/3722 7958/8475
f 3497/3719 3498/3721 3491/3726 7959/8476
f 3491/3726 3492/3703 3493/3702 7959/8476
f 3493/3702 3494/3704 3495/3729 7959/8476
f 3495/3729 3496/3720 3497/3719 7959/8476
f 3505/3687 3506/3603 3499/3602 7960/8477
f 3499/3602 3500/3605 3501/3732 7960/8477
f 3501/3732 3502/3731 3503/3730 7960/8477
f 3503/3730 3504/3688 3505/3687 7960/8477
f 3513/3733 3514/3645 3507/3644 7961/8478
f 3507/3644 3508/3646 3509/3734 7961/8478
f 3509/3734 3510/3724 3511/3723 7961/8478
f 3511/3723 3512/3725 3513/3733 7961/8478
f 3521/3739 3522/3681 3515/3680 7962/8479
f 3515/3680 3516/3682 3517/3737 7962/8479
f 3517/3737 3518/3714 3519/3713 7962/8479
f 3519/3713 3520/3716 3521/3739 7962/8479
f 3527/3735 3528/3631 3523/3630 7963/8480
f 3523/3635 3524/3634 3525/3740 7963/8480
f 3525/3740 3526/3736 3527/3735 7963/8480
f 3535/3738 3536/3650 3529/3649 7964/8481
f 3529/3649 3530/3652 3531/3709 7964/8481
f 3531/3709 3532/3710 3533/3727 7964/8481
f 3533/3727 3534/3728 3535/3738 7964/8481
s 341
f 3543/3761 3544/3746 3537/3745 7965/8482
f 3537/3742 3538/3741 3539/3750 7965/8483
f 3539/3750 3540/3749 3541/3758 7965/8483
f 3541/3755 3542/3754 3543/3761 7965/8482
f 3551/3775 3552/3768 3545/3765 7966/8484
f 3545/3765 3546/3763 3547/3762 7966/8484
f 3547/3762 3548/3764 3549/3771 7966/8484
f 3549/3771 3550/3770 3551/3775 7966/8484
f 3559/3760 3560/3759 3553/3780 7967/8485
f 3553/3780 3554/3779 3555/3788 7967/8485
f 3555/3785 3556/3784 3557/3791 7967/8486
f 3557/3791 3558/3757 3559/3756 7967/8486
f 3565/3792 3566/3793 3561/3794 7968/8487
f 3561/3794 3562/3773 3563/3772 7968/8487
f 3563/3772 3564/3774 3565/3792 7968/8487
f 3573/3790 3574/3789 3567/3799 7969/8488
f 3567/3799 3568/3798 3569/3807 7969/8488
f 3569/3804 3570/3803 3571/3810 7969/8489
f 3571/3810 3572/3787 3573/3786 7969/8489
f 3581/3811 3582/3812 3575/3814 7970/8490
f 3575/3814 3576/3813 3577/3818 7970/8490
f 3577/3818 3578/3796 3579/3795 7970/8490
f 3579/3795 3580/3797 3581/3811 7970/8490
f 3589/3826 3590/3824 3583/3821 7971/8491
f 3583/3821 3584/3777 3585/3776 7971/8491
f 3585/3776 3586/3778 3587/3819 7971/8491
f 3587/3819 3588/3820 3589/3826 7971/8491
f 3597/3809 3598/3808 3591/3831 7972/8492
f 3591/3831 3592/3830 3593/3839 7972/8492
f 3593/3836 3594/3835 3595/3842 7972/8493
f 3595/3842 3596/3806 3597/3805 7972/8493
f 3603/3843 3604/3844 3599/3845 7973/8494
f 3599/3845 3600/3816 3601/3815 7973/8494
f 3601/3815 3602/3817 3603/3843 7973/8494
f 3611/3859 3612/3853 3605/3852 7974/8495
f 3605/3849 3606/3848 3607/3856 7974/8496
f 3607/3856 3608/3838 3609/3837 7974/8496
f 3609/3841 3610/3840 3611/3859 7974/8495
f 3619/3857 3620/3858 3613/3863 7975/8497
f 3613/3863 3614/3828 3615/3827 7975/8497
f 3615/3827 3616/3829 3617/3846 7975/8497
f 3617/3846 3618/3847 3619/3857 7975/8497
f 3627/3883 3628/3871 3621/3868 7976/8498
f 3621/3868 3622/3867 3623/3874 7976/8498
f 3623/3874 3624/3873 3625/3879 7976/8498
f 3625/3879 3626/3878 3627/3883 7976/8498
f 3635/3751 3636/3753 3629/3887 7977/8499
f 3629/3887 3630/3885 3631/3884 7977/8499
f 3631/3884 3632/3886 3633/3891 7977/8499
f 3633/3891 3634/3752 3635/3751 7977/8499
f 3643/3880 3644/3882 3637/3894 7978/8500
f 3637/3894 3638/3801 3639/3800 7978/8500
f 3639/3800 3640/3802 3641/3897 7978/8500
f 3641/3897 3642/3881 3643/3880 7978/8500
f 3649/3898 3650/3782 3645/3781 7979/8501
f 3645/3781 3646/3783 3647/3892 7979/8501
f 3647/3892 3648/3893 3649/3898 7979/8501
f 3657/3875 3658/3877 3651/3899 7980/8502
f 3651/3899 3652/3861 3653/3860 7980/8502
f 3653/3860 3654/3862 3655/3903 7980/8502
f 3655/3903 3656/3876 3657/3875 7980/8502
f 3663/3904 3664/3833 3659/3832 7981/8503
f 3659/3832 3660/3834 3661/3895 7981/8503
f 3661/3895 3662/3896 3663/3904 7981/8503
f 3671/3914 3672/3767 3665/3766 7982/8504
f 3665/3766 3666/3769 3667/3906 7982/8504
f 3667/3906 3668/3905 3669/3910 7982/8504
f 3669/3910 3670/3909 3671/3914 7982/8504
f 3677/3917 3678/3744 3673/3743 7983/8505
f 3673/3748 3674/3747 3675/3915 7983/8505
f 3675/3915 3676/3916 3677/3917 7983/8505
f 3683/3911 3684/3913 3679/3921 7984/8506
f 3679/3921 3680/3920 3681/3925 7984/8506
f 3681/3925 3682/3912 3683/3911 7984/8506
f 3691/3928 3692/3889 3685/3888 7985/8507
f 3685/3888 3686/3890 3687/3918 7985/8507
f 3687/3918 3688/3919 3689/3926 7985/8507
f 3689/3926 3690/3927 3691/3928 7985/8507
f 3697/3942 3698/3935 3693/3932 7986/8508
f 3693/3932 3694/3931 3695/3938 7986/8508
f 3695/3938 3696/3937 3697/3942 7986/8508
f 3705/3939 3706/3941 3699/3946 7987/8509
f 3699/3946 3700/3923 3701/3922 7987/8509
f 3701/3922 3702/3924 3703/3949 7987/8509
f 3703/3949 3704/3940 3705/3939 7987/8509
f 3713/3907 3714/3823 3707/3822 7988/8510
f 3707/3822 3708/3825 3709/3952 7988/8510
f 3709/3952 3710/3951 3711/3950 7988/8510
f 3711/3950 3712/3908 3713/3907 7988/8510
f 3721/3953 3722/3865 3715/3864 7989/8511
f 3715/3864 3716/3866 3717/3954 7989/8511
f 3717/3954 3718/3944 3719/3943 7989/8511
f 3719/3943 3720/3945 3721/3953 7989/8511
f 3729/3959 3730/3901 3723/3900 7990/8512
f 3723/3900 3724/3902 3725/3957 7990/8512
f 3725/3957 3726/3934 3727/3933 7990/8512
f 3727/3933 3728/3936 3729/3959 7990/8512
f 3735/3955 3736/3851 3731/3850 7991/8513
f 3731/3855 3732/3854 3733/3960 7991/8513
f 3733/3960 3734/3956 3735/3955 7991/8513
f 3743/3958 3744/3870 3737/3869 7992/8514
f 3737/3869 3738/3872 3739/3929 7992/8514
f 3739/3929 3740/3930 3741/3947 7992/8514
f 3741/3947 3742/3948 3743/3958 7992/8514
s 361
f 3751/3981 3752/3966 3745/3965 7993/8515
f 3745/3962 3746/3961 3747/3970 7993/8516
f 3747/3970 3748/3969 3749/3978 7993/8516
f 3749/3975 3750/3974 3751/3981 7993/8515
f 3759/3995 3760/3988 3753/3985 7994/8517
f 3753/3985 3754/3983 3755/3982 7994/8517
f 3755/3982 3756/3984 3757/3991 7994/8517
f 3757/3991 3758/3990 3759/3995 7994/8517
f 3767/3980 3768/3979 3761/4000 7995/8518
f 3761/4000 3762/3999 3763/4008 7995/8518
f 3763/4005 3764/4004 3765/4011 7995/8519
f 3765/4011 3766/3977 3767/3976 7995/8519
f 3773/4012 3774/4013 3769/4014 7996/8520
f 3769/4014 3770/3993 3771/3992 7996/8520
f 3771/3992 3772/3994 3773/4012 7996/8520
f 3781/4010 3782/4009 3775/4019 7997/8521
f 3775/4019 3776/4018 3777/4027 7997/8521
f 3777/4024 3778/4023 3779/4030 7997/8522
f 3779/4030 3780/4007 3781/4006 7997/8522
f 3789/4031 3790/4032 3783/4034 7998/8523
f 3783/4034 3784/4033 3785/4038 7998/8523
f 3785/4038 3786/4016 3787/4015 7998/8523
f 3787/4015 3788/4017 3789/4031 7998/8523
f 3797/4046 3798/4044 3791/4041 7999/8524
f 3791/4041 3792/3997 3793/3996 7999/8524
f 3793/3996 3794/3998 3795/4039 7999/8524
f 3795/4039 3796/4040 3797/4046 7999/8524
f 3805/4029 3806/4028 3799/4051 8000/8525
f 3799/4051 3800/4050 3801/4059 8000/8525
f 3801/4056 3802/4055 3803/4062 8000/8526
f 3803/4062 3804/4026 3805/4025 8000/8526
f 3811/4063 3812/4064 3807/4065 8001/8527
f 3807/4065 3808/4036 3809/4035 8001/8527
f 3809/4035 3810/4037 3811/4063 8001/8527
f 3819/4079 3820/4073 3813/4072 8002/8528
f 3813/4069 3814/4068 3815/4076 8002/8529
f 3815/4076 3816/4058 3817/4057 8002/8529
f 3817/4061 3818/4060 3819/4079 8002/8528
f 3827/4077 3828/4078 3821/4083 8003/8530
f 3821/4083 3822/4048 3823/4047 8003/8530
f 3823/4047 3824/4049 3825/4066 8003/8530
f 3825/4066 3826/4067 3827/4077 8003/8530
f 3835/4103 3836/4091 3829/4088 8004/8531
f 3829/4088 3830/4087 3831/4094 8004/8531
f 3831/4094 3832/4093 3833/4099 8004/8531
f 3833/4099 3834/4098 3835/4103 8004/8531
f 3843/3971 3844/3973 3837/4107 8005/8532
f 3837/4107 3838/4105 3839/4104 8005/8532
f 3839/4104 3840/4106 3841/4111 8005/8532
f 3841/4111 3842/3972 3843/3971 8005/8532
f 3851/4100 3852/4102 3845/4114 8006/8533
f 3845/4114 3846/4021 3847/4020 8006/8533
f 3847/4020 3848/4022 3849/4117 8006/8533
f 3849/4117 3850/4101 3851/4100 8006/8533
f 3857/4118 3858/4002 3853/4001 8007/8534
f 3853/4001 3854/4003 3855/4112 8007/8534
f 3855/4112 3856/4113 3857/4118 8007/8534
f 3865/4095 3866/4097 3859/4119 8008/8535
f 3859/4119 3860/4081 3861/4080 8008/8535
f 3861/4080 3862/4082 3863/4123 8008/8535
f 3863/4123 3864/4096 3865/4095 8008/8535
f 3871/4124 3872/4053 3867/4052 8009/8536
f 3867/4052 3868/4054 3869/4115 8009/8536
f 3869/4115 3870/4116 3871/4124 8009/8536
f 3879/4134 3880/3987 3873/3986 8010/8537
f 3873/3986 3874/3989 3875/4126 8010/8537
f 3875/4126 3876/4125 3877/4130 8010/8537
f 3877/4130 3878/4129 3879/4134 8010/8537
f 3885/4137 3886/3964 3881/3963 8011/8538
f 3881/3968 3882/3967 3883/4135 8011/8538
f 3883/4135 3884/4136 3885/4137 8011/8538
f 3891/4131 3892/4133 3887/4141 8012/8539
f 3887/4141 3888/4140 3889/4145 8012/8539
f 3889/4145 3890/4132 3891/4131 8012/8539
f 3899/4148 3900/4109 3893/4108 8013/8540
f 3893/4108 3894/4110 3895/4138 8013/8540
f 3895/4138 3896/4139 3897/4146 8013/8540
f 3897/4146 3898/4147 3899/4148 8013/8540
f 3905/4162 3906/4155 3901/4152 8014/8541
f 3901/4152 3902/4151 3903/4158 8014/8541
f 3903/4158 3904/4157 3905/4162 8014/8541
f 3913/4159 3914/4161 3907/4166 8015/8542
f 3907/4166 3908/4143 3909/4142 8015/8542
f 3909/4142 3910/4144 3911/4169 8015/8542
f 3911/4169 3912/4160 3913/4159 8015/8542
f 3921/4127 3922/4043 3915/4042 8016/8543
f 3915/4042 3916/4045 3917/4172 8016/8543
f 3917/4172 3918/4171 3919/4170 8016/8543
f 3919/4170 3920/4128 3921/4127 8016/8543
f 3929/4173 3930/4085 3923/4084 8017/8544
f 3923/4084 3924/4086 3925/4174 8017/8544
f 3925/4174 3926/4164 3927/4163 8017/8544
f 3927/4163 3928/4165 3929/4173 8017/8544
f 3937/4179 3938/4121 3931/4120 8018/8545
f 3931/4120 3932/4122 3933/4177 8018/8545
f 3933/4177 3934/4154 3935/4153 8018/8545
f 3935/4153 3936/4156 3937/4179 8018/8545
f 3943/4175 3944/4071 3939/4070 8019/8546
f 3939/4075 3940/4074 3941/4180 8019/8546
f 3941/4180 3942/4176 3943/4175 8019/8546
f 3951/4178 3952/4090 3945/4089 8020/8547
f 3945/4089 3946/4092 3947/4149 8020/8547
f 3947/4149 3948/4150 3949/4167 8020/8547
f 3949/4167 3950/4168 3951/4178 8020/8547
s 381
f 3959/4201 3960/4186 3953/4185 8021/8548
f 3953/4182 3954/4181 3955/4190 8021/8549
f 3955/4190 3956/4189 3957/4198 8021/8549
f 3957/4195 3958/4194 3959/4201 8021/8548
f 3967/4215 3968/4208 3961/4205 8022/8550
f 3961/4205 3962/4203 3963/4202 8022/8550
f 3963/4202 3964/4204 3965/4211 8022/8550
f 3965/4211 3966/4210 3967/4215 8022/8550
f 3975/4200 3976/4199 3969/4220 8023/8551
f 3969/4220 3970/4219 3971/4228 8023/8551
f 3971/4225 3972/4224 3973/4231 8023/8552
f 3973/4231 3974/4197 3975/4196 8023/8552
f 3981/4232 3982/4233 3977/4234 8024/8553
f 3977/4234 3978/4213 3979/4212 8024/8553
f 3979/4212 3980/4214 3981/4232 8024/8553
f 3989/4230 3990/4229 3983/4239 8025/8554
f 3983/4239 3984/4238 3985/4247 8025/8554
f 3985/4244 3986/4243 3987/4250 8025/8555
f 3987/4250 3988/4227 3989/4226 8025/8555
f 3997/4251 3998/4252 3991/4254 8026/8556
f 3991/4254 3992/4253 3993/4258 8026/8556
f 3993/4258 3994/4236 3995/4235 8026/8556
f 3995/4235 3996/4237 3997/4251 8026/8556
f 4005/4266 4006/4264 3999/4261 8027/8557
f 3999/4261 4000/4217 4001/4216 8027/8557
f 4001/4216 4002/4218 4003/4259 8027/8557
f 4003/4259 4004/4260 4005/4266 8027/8557
f 4013/4249 4014/4248 4007/4271 8028/8558
f 4007/4271 4008/4270 4009/4279 8028/8558
f 4009/4276 4010/4275 4011/4282 8028/8559
f 4011/4282 4012/4246 4013/4245 8028/8559
f 4019/4283 4020/4284 4015/4285 8029/8560
f 4015/4285 4016/4256 4017/4255 8029/8560
f 4017/4255 4018/4257 4019/4283 8029/8560
f 4027/4299 4028/4293 4021/4292 8030/8561
f 4021/4289 4022/4288 4023/4296 8030/8562
f 4023/4296 4024/4278 4025/4277 8030/8562
f 4025/4281 4026/4280 4027/4299 8030/8561
f 4035/4297 4036/4298 4029/4303 8031/8563
f 4029/4303 4030/4268 4031/4267 8031/8563
f 4031/4267 4032/4269 4033/4286 8031/8563
f 4033/4286 4034/4287 4035/4297 8031/8563
f 4043/4323 4044/4311 4037/4308 8032/8564
f 4037/4308 4038/4307 4039/4314 8032/8564
f 4039/4314 4040/4313 4041/4319 8032/8564
f 4041/4319 4042/4318 4043/4323 8032/8564
f 4051/4191 4052/4193 4045/4327 8033/8565
f 4045/4327 4046/4325 4047/4324 8033/8565
f 4047/4324 4048/4326 4049/4331 8033/8565
f 4049/4331 4050/4192 4051/4191 8033/8565
f 4059/4320 4060/4322 4053/4334 8034/8566
f 4053/4334 4054/4241 4055/4240 8034/8566
f 4055/4240 4056/4242 4057/4337 8034/8566
f 4057/4337 4058/4321 4059/4320 8034/8566
f 4065/4338 4066/4222 4061/4221 8035/8567
f 4061/4221 4062/4223 4063/4332 8035/8567
f 4063/4332 4064/4333 4065/4338 8035/8567
f 4073/4315 4074/4317 4067/4339 8036/8568
f 4067/4339 4068/4301 4069/4300 8036/8568
f 4069/4300 4070/4302 4071/4343 8036/8568
f 4071/4343 4072/4316 4073/4315 8036/8568
f 4079/4344 4080/4273 4075/4272 8037/8569
f 4075/4272 4076/4274 4077/4335 8037/8569
f 4077/4335 4078/4336 4079/4344 8037/8569
f 4087/4354 4088/4207 4081/4206 8038/8570
f 4081/4206 4082/4209 4083/4346 8038/8570
f 4083/4346 4084/4345 4085/4350 8038/8570
f 4085/4350 4086/4349 4087/4354 8038/8570
f 4093/4357 4094/4184 4089/4183 8039/8571
f 4089/4188 4090/4187 4091/4355 8039/8571
f 4091/4355 4092/4356 4093/4357 8039/8571
f 4099/4351 4100/4353 4095/4361 8040/8572
f 4095/4361 4096/4360 4097/4365 8040/8572
f 4097/4365 4098/4352 4099/4351 8040/8572
f 4107/4368 4108/4329 4101/4328 8041/8573
f 4101/4328 4102/4330 4103/4358 8041/8573
f 4103/4358 4104/4359 4105/4366 8041/8573
f 4105/4366 4106/4367 4107/4368 8041/8573
f 4113/4382 4114/4375 4109/4372 8042/8574
f 4109/4372 4110/4371 4111/4378 8042/8574
f 4111/4378 4112/4377 4113/4382 8042/8574
f 4121/4379 4122/4381 4115/4386 8043/8575
f 4115/4386 4116/4363 4117/4362 8043/8575
f 4117/4362 4118/4364 4119/4389 8043/8575
f 4119/4389 4120/4380 4121/4379 8043/8575
f 4129/4347 4130/4263 4123/4262 8044/8576
f 4123/4262 4124/4265 4125/4392 8044/8576
f 4125/4392 4126/4391 4127/4390 8044/8576
f 4127/4390 4128/4348 4129/4347 8044/8576
f 4137/4393 4138/4305 4131/4304 8045/8577
f 4131/4304 4132/4306 4133/4394 8045/8577
f 4133/4394 4134/4384 4135/4383 8045/8577
f 4135/4383 4136/4385 4137/4393 8045/8577
f 4145/4399 4146/4341 4139/4340 8046/8578
f 4139/4340 4140/4342 4141/4397 8046/8578
f 4141/4397 4142/4374 4143/4373 8046/8578
f 4143/4373 4144/4376 4145/4399 8046/8578
f 4151/4395 4152/4291 4147/4290 8047/8579
f 4147/4295 4148/4294 4149/4400 8047/8579
f 4149/4400 4150/4396 4151/4395 8047/8579
f 4159/4398 4160/4310 4153/4309 8048/8580
f 4153/4309 4154/4312 4155/4369 8048/8580
f 4155/4369 4156/4370 4157/4387 8048/8580
f 4157/4387 4158/4388 4159/4398 8048/8580
s 401
f 4167/4421 4168/4406 4161/4405 8049/8581
f 4161/4402 4162/4401 4163/4410 8049/8582
f 4163/4410 4164/4409 4165/4418 8049/8582
f 4165/4415 4166/4414 4167/4421 8049/8581
f 4175/4435 4176/4428 4169/4425 8050/8583
f 4169/4425 4170/4423 4171/4422 8050/8583
f 4171/4422 4172/4424 4173/4431 8050/8583
f 4173/4431 4174/4430 4175/4435 8050/8583
f 4183/4420 4184/4419 4177/4440 8051/8584
f 4177/4440 4178/4439 4179/4448 8051/8584
f 4179/4445 4180/4444 4181/4451 8051/8585
f 4181/4451 4182/4417 4183/4416 8051/8585
f 4189/4452 4190/4453 4185/4454 8052/8586
f 4185/4454 4186/4433 4187/4432 8052/8586
f 4187/4432 4188/4434 4189/4452 8052/8586
f 4197/4450 4198/4449 4191/4459 8053/8587
f 4191/4459 4192/4458 4193/4467 8053/8587
f 4193/4464 4194/4463 4195/4470 8053/8588
f 4195/4470 4196/4447 4197/4446 8053/8588
f 4205/4471 4206/4472 4199/4474 8054/8589
f 4199/4474 4200/4473 4201/4478 8054/8589
f 4201/4478 4202/4456 4203/4455 8054/8589
f 4203/4455 4204/4457 4205/4471 8054/8589
f 4213/4486 4214/4484 4207/4481 8055/8590
f 4207/4481 4208/4437 4209/4436 8055/8590
f 4209/4436 4210/4438 4211/4479 8055/8590
f 4211/4479 4212/4480 4213/4486 8055/8590
f 4221/4469 4222/4468 4215/4491 8056/8591
f 4215/4491 4216/4490 4217/4499 8056/8591
f 4217/4496 4218/4495 4219/4502 8056/8592
f 4219/4502 4220/4466 4221/4465 8056/8592
f 4227/4503 4228/4504 4223/4505 8057/8593
f 4223/4505 4224/4476 4225/4475 8057/8593
f 4225/4475 4226/4477 4227/4503 8057/8593
f 4235/4519 4236/4513 4229/4512 8058/8594
f 4229/4509 4230/4508 4231/4516 8058/8595
f 4231/4516 4232/4498 4233/4497 8058/8595
f 4233/4501 4234/4500 4235/4519 8058/8594
f 4243/4517 4244/4518 4237/4523 8059/8596
f 4237/4523 4238/4488 4239/4487 8059/8596
f 4239/4487 4240/4489 4241/4506 8059/8596
f 4241/4506 4242/4507 4243/4517 8059/8596
f 4251/4543 4252/4531 4245/4528 8060/8597
f 4245/4528 4246/4527 4247/4534 8060/8597
f 4247/4534 4248/4533 4249/4539 8060/8597
f 4249/4539 4250/4538 4251/4543 8060/8597
f 4259/4411 4260/4413 4253/4547 8061/8598
f 4253/4547 4254/4545 4255/4544 8061/8598
f 4255/4544 4256/4546 4257/4551 8061/8598
f 4257/4551 4258/4412 4259/4411 8061/8598
f 4267/4540 4268/4542 4261/4554 8062/8599
f 4261/4554 4262/4461 4263/4460 8062/8599
f 4263/4460 4264/4462 4265/4557 8062/8599
f 4265/4557 4266/4541 4267/4540 8062/8599
f 4273/4558 4274/4442 4269/4441 8063/8600
f 4269/4441 4270/4443 4271/4552 8063/8600
f 4271/4552 4272/4553 4273/4558 8063/8600
f 4281/4535 4282/4537 4275/4559 8064/8601
f 4275/4559 4276/4521 4277/4520 8064/8601
f 4277/4520 4278/4522 4279/4563 8064/8601
f 4279/4563 4280/4536 4281/4535 8064/8601
f 4287/4564 4288/4493 4283/4492 8065/8602
f 4283/4492 4284/4494 4285/4555 8065/8602
f 4285/4555 4286/4556 4287/4564 8065/8602
f 4295/4574 4296/4427 4289/4426 8066/8603
f 4289/4426 4290/4429 4291/4566 8066/8603
f 4291/4566 4292/4565 4293/4570 8066/8603
f 4293/4570 4294/4569 4295/4574 8066/8603
f 4301/4577 4302/4404 4297/4403 8067/8604
f 4297/4408 4298/4407 4299/4575 8067/8604
f 4299/4575 4300/4576 4301/4577 8067/8604
f 4307/4571 4308/4573 4303/4581 8068/8605
f 4303/4581 4304/4580 4305/4585 8068/8605
f 4305/4585 4306/4572 4307/4571 8068/8605
f 4315/4588 4316/4549 4309/4548 8069/8606
f 4309/4548 4310/4550 4311/4578 8069/8606
f 4311/4578 4312/4579 4313/4586 8069/8606
f 4313/4586 4314/4587 4315/4588 8069/8606
f 4321/4602 4322/4595 4317/4592 8070/8607
f 4317/4592 4318/4591 4319/4598 8070/8607
f 4319/4598 4320/4597 4321/4602 8070/8607
f 4329/4599 4330/4601 4323/4606 8071/8608
f 4323/4606 4324/4583 4325/4582 8071/8608
f 4325/4582 4326/4584 4327/4609 8071/8608
f 4327/4609 4328/4600 4329/4599 8071/8608
f 4337/4567 4338/4483 4331/4482 8072/8609
f 4331/4482 4332/4485 4333/4612 8072/8609
f 4333/4612 4334/4611 4335/4610 8072/8609
f 4335/4610 4336/4568 4337/4567 8072/8609
f 4345/4613 4346/4525 4339/4524 8073/8610
f 4339/4524 4340/4526 4341/4614 8073/8610
f 4341/4614 4342/4604 4343/4603 8073/8610
f 4343/4603 4344/4605 4345/4613 8073/8610
f 4353/4619 4354/4561 4347/4560 8074/8611
f 4347/4560 4348/4562 4349/4617 8074/8611
f 4349/4617 4350/4594 4351/4593 8074/8611
f 4351/4593 4352/4596 4353/4619 8074/8611
f 4359/4615 4360/4511 4355/4510 8075/8612
f 4355/4515 4356/4514 4357/4620 8075/8612
f 4357/4620 4358/4616 4359/4615 8075/8612
f 4367/4618 4368/4530 4361/4529 8076/8613
f 4361/4529 4362/4532 4363/4589 8076/8613
f 4363/4589 4364/4590 4365/4607 8076/8613
f 4365/4607 4366/4608 4367/4618 8076/8613
s 421
f 4375/4641 4376/4626 4369/4625 8077/8614
f 4369/4622 4370/4621 4371/4630 8077/8615
f 4371/4630 4372/4629 4373/4638 8077/8615
f 4373/4635 4374/4634 4375/4641 8077/8614
f 4383/4655 4384/4648 4377/4645 8078/8616
f 4377/4645 4378/4643 4379/4642 8078/8616
f 4379/4642 4380/4644 4381/4651 8078/8616
f 4381/4651 4382/4650 4383/4655 8078/8616
f 4391/4640 4392/4639 4385/4660 8079/8617
f 4385/4660 4386/4659 4387/4668 8079/8617
f 4387/4665 4388/4664 4389/4671 8079/8618
f 4389/4671 4390/4637 4391/4636 8079/8618
f 4397/4672 4398/4673 4393/4674 8080/8619
f 4393/4674 4394/4653 4395/4652 8080/8619
f 4395/4652 4396/4654 4397/4672 8080/8619
f 4405/4670 4406/4669 4399/4679 8081/8620
f 4399/4679 4400/4678 4401/4687 8081/8620
f 4401/4684 4402/4683 4403/4690 8081/8621
f 4403/4690 4404/4667 4405/4666 8081/8621
f 4413/4691 4414/4692 4407/4694 8082/8622
f 4407/4694 4408/4693 4409/4698 8082/8622
f 4409/4698 4410/4676 4411/4675 8082/8622
f 4411/4675 4412/4677 4413/4691 8082/8622
f 4421/4706 4422/4704 4415/4701 8083/8623
f 4415/4701 4416/4657 4417/4656 8083/8623
f 4417/4656 4418/4658 4419/4699 8083/8623
f 4419/4699 4420/4700 4421/4706 8083/8623
f 4429/4689 4430/4688 4423/4711 8084/8624
f 4423/4711 4424/4710 4425/4719 8084/8624
f 4425/4716 4426/4715 4427/4722 8084/8625
f 4427/4722 4428/4686 4429/4685 8084/8625
f 4435/4723 4436/4724 4431/4725 8085/8626
f 4431/4725 4432/4696 4433/4695 8085/8626
f 4433/4695 4434/4697 4435/4723 8085/8626
f 4443/4739 4444/4733 4437/4732 8086/8627
f 4437/4729 4438/4728 4439/4736 8086/8628
f 4439/4736 4440/4718 4441/4717 8086/8628
f 4441/4721 4442/4720 4443/4739 8086/8627
f 4451/4737 4452/4738 4445/4743 8087/8629
f 4445/4743 4446/4708 4447/4707 8087/8629
f 4447/4707 4448/4709 4449/4726 8087/8629
f 4449/4726 4450/4727 4451/4737 8087/8629
f 4459/4763 4460/4751 4453/4748 8088/8630
f 4453/4748 4454/4747 4455/4754 8088/8630
f 4455/4754 4456/4753 4457/4759 8088/8630
f 4457/4759 4458/4758 4459/4763 8088/8630
f 4467/4631 4468/4633 4461/4767 8089/8631
f 4461/4767 4462/4765 4463/4764 8089/8631
f 4463/4764 4464/4766 4465/4771 8089/8631
f 4465/4771 4466/4632 4467/4631 8089/8631
f 4475/4760 4476/4762 4469/4774 8090/8632
f 4469/4774 4470/4681 4471/4680 8090/8632
f 4471/4680 4472/4682 4473/4777 8090/8632
f 4473/4777 4474/4761 4475/4760 8090/8632
f 4481/4778 4482/4662 4477/4661 8091/8633
f 4477/4661 4478/4663 4479/4772 8091/8633
f 4479/4772 4480/4773 4481/4778 8091/8633
f 4489/4755 4490/4757 4483/4779 8092/8634
f 4483/4779 4484/4741 4485/4740 8092/8634
f 4485/4740 4486/4742 4487/4783 8092/8634
f 4487/4783 4488/4756 4489/4755 8092/8634
f 4495/4784 4496/4713 4491/4712 8093/8635
f 4491/4712 4492/4714 4493/4775 8093/8635
f 4493/4775 4494/4776 4495/4784 8093/8635
f 4503/4794 4504/4647 4497/4646 8094/8636
f 4497/4646 4498/4649 4499/4786 8094/8636
f 4499/4786 4500/4785 4501/4790 8094/8636
f 4501/4790 4502/4789 4503/4794 8094/8636
f 4509/4797 4510/4624 4505/4623 8095/8637
f 4505/4628 4506/4627 4507/4795 8095/8637
f 4507/4795 4508/4796 4509/4797 8095/8637
f 4515/4791 4516/4793 4511/4801 8096/8638
f 4511/4801 4512/4800 4513/4805 8096/8638
f 4513/4805 4514/4792 4515/4791 8096/8638
f 4523/4808 4524/4769 4517/4768 8097/8639
f 4517/4768 4518/4770 4519/4798 8097/8639
f 4519/4798 4520/4799 4521/4806 8097/8639
f 4521/4806 4522/4807 4523/4808 8097/8639
f 4529/4822 4530/4815 4525/4812 8098/8640
f 4525/4812 4526/4811 4527/4818 8098/8640
f 4527/4818 4528/4817 4529/4822 8098/8640
f 4537/4819 4538/4821 4531/4826 8099/8641
f 4531/4826 4532/4803 4533/4802 8099/8641
f 4533/4802 4534/4804 4535/4829 8099/8641
f 4535/4829 4536/4820 4537/4819 8099/8641
f 4545/4787 4546/4703 4539/4702 8100/8642
f 4539/4702 4540/4705 4541/4832 8100/8642
f 4541/4832 4542/4831 4543/4830 8100/8642
f 4543/4830 4544/4788 4545/4787 8100/8642
f 4553/4833 4554/4745 4547/4744 8101/8643
f 4547/4744 4548/4746 4549/4834 8101/8643
f 4549/4834 4550/4824 4551/4823 8101/8643
f 4551/4823 4552/4825 4553/4833 8101/8643
f 4561/4839 4562/4781 4555/4780 8102/8644
f 4555/4780 4556/4782 4557/4837 8102/8644
f 4557/4837 4558/4814 4559/4813 8102/8644
f 4559/4813 4560/4816 4561/4839 8102/8644
f 4567/4835 4568/4731 4563/4730 8103/8645
f 4563/4735 4564/4734 4565/4840 8103/8645
f 4565/4840 4566/4836 4567/4835 8103/8645
f 4575/4838 4576/4750 4569/4749 8104/8646
f 4569/4749 4570/4752 4571/4809 8104/8646
f 4571/4809 4572/4810 4573/4827 8104/8646
f 4573/4827 4574/4828 4575/4838 8104/8646
s 441
f 4583/4861 4584/4846 4577/4845 8105/8647
f 4577/4842 4578/4841 4579/4850 8105/8648
f 4579/4850 4580/4849 4581/4858 8105/8648
f 4581/4855 4582/4854 4583/4861 8105/8647
f 4591/4875 4592/4868 4585/4865 8106/8649
f 4585/4865 4586/4863 4587/4862 8106/8649
f 4587/4862 4588/4864 4589/4871 8106/8649
f 4589/4871 4590/4870 4591/4875 8106/8649
f 4599/4860 4600/4859 4593/4880 8107/8650
f 4593/4880 4594/4879 4595/4888 8107/8650
f 4595/4885 4596/4884 4597/4891 8107/8651
f 4597/4891 4598/4857 4599/4856 8107/8651
f 4605/4892 4606/4893 4601/4894 8108/8652
f 4601/4894 4602/4873 4603/4872 8108/8652
f 4603/4872 4604/4874 4605/4892 8108/8652
f 4613/4890 4614/4889 4607/4899 8109/8653
f 4607/4899 4608/4898 4609/4907 8109/8653
f 4609/4904 4610/4903 4611/4910 8109/8654
f 4611/4910 4612/4887 4613/4886 8109/8654
f 4621/4911 4622/4912 4615/4914 8110/8655
f 4615/4914 4616/4913 4617/4918 8110/8655
f 4617/4918 4618/4896 4619/4895 8110/8655
f 4619/4895 4620/4897 4621/4911 8110/8655
f 4629/4926 4630/4924 4623/4921 8111/8656
f 4623/4921 4624/4877 4625/4876 8111/8656
f 4625/4876 4626/4878 4627/4919 8111/8656
f 4627/4919 4628/4920 4629/4926 8111/8656
f 4637/4909 4638/4908 4631/4931 8112/8657
f 4631/4931 4632/4930 4633/4939 8112/8657
f 4633/4936 4634/4935 4635/4942 8112/8658
f 4635/4942 4636/4906 4637/4905 8112/8658
f 4643/4943 4644/4944 4639/4945 8113/8659
f 4639/4945 4640/4916 4641/4915 8113/8659
f 4641/4915 4642/4917 4643/4943 8113/8659
f 4651/4959 4652/4953 4645/4952 8114/8660
f 4645/4949 4646/4948 4647/4956 8114/8661
f 4647/4956 4648/4938 4649/4937 8114/8661
f 4649/4941 4650/4940 4651/4959 8114/8660
f 4659/4957 4660/4958 4653/4963 8115/8662
f 4653/4963 4654/4928 4655/4927 8115/8662
f 4655/4927 4656/4929 4657/4946 8115/8662
f 4657/4946 4658/4947 4659/4957 8115/8662
f 4667/4983 4668/4971 4661/4968 8116/8663
f 4661/4968 4662/4967 4663/4974 8116/8663
f 4663/4974 4664/4973 4665/4979 8116/8663
f 4665/4979 4666/4978 4667/4983 8116/8663
f 4675/4851 4676/4853 4669/4987 8117/8664
f 4669/4987 4670/4985 4671/4984 8117/8664
f 4671/4984 4672/4986 4673/4991 8117/8664
f 4673/4991 4674/4852 4675/4851 8117/8664
f 4683/4980 4684/4982 4677/4994 8118/8665
f 4677/4994 4678/4901 4679/4900 8118/8665
f 4679/4900 4680/4902 4681/4997 8118/8665
f 4681/4997 4682/4981 4683/4980 8118/8665
f 4689/4998 4690/4882 4685/4881 8119/8666
f 4685/4881 4686/4883 4687/4992 8119/8666
f 4687/4992 4688/4993 4689/4998 8119/8666
f 4697/4975 4698/4977 4691/4999 8120/8667
f 4691/4999 4692/4961 4693/4960 8120/8667
f 4693/4960 4694/4962 4695/5003 8120/8667
f 4695/5003 4696/4976 4697/4975 8120/8667
f 4703/5004 4704/4933 4699/4932 8121/8668
f 4699/4932 4700/4934 4701/4995 8121/8668
f 4701/4995 4702/4996 4703/5004 8121/8668
f 4711/5014 4712/4867 4705/4866 8122/8669
f 4705/4866 4706/4869 4707/5006 8122/8669
f 4707/5006 4708/5005 4709/5010 8122/8669
f 4709/5010 4710/5009 4711/5014 8122/8669
f 4717/5017 4718/4844 4713/4843 8123/8670
f 4713/4848 4714/4847 4715/5015 8123/8670
f 4715/5015 4716/5016 4717/5017 8123/8670
f 4723/5011 4724/5013 4719/5021 8124/8671
f 4719/5021 4720/5020 4721/5025 8124/8671
f 4721/5025 4722/5012 4723/5011 8124/8671
f 4731/5028 4732/4989 4725/4988 8125/8672
f 4725/4988 4726/4990 4727/5018 8125/8672
f 4727/5018 4728/5019 4729/5026 8125/8672
f 4729/5026 4730/5027 4731/5028 8125/8672
f 4737/5042 4738/5035 4733/5032 8126/8673
f 4733/5032 4734/5031 4735/5038 8126/8673
f 4735/5038 4736/5037 4737/5042 8126/8673
f 4745/5039 4746/5041 4739/5046 8127/8674
f 4739/5046 4740/5023 4741/5022 8127/8674
f 4741/5022 4742/5024 4743/5049 8127/8674
f 4743/5049 4744/5040 4745/5039 8127/8674
f 4753/5007 4754/4923 4747/4922 8128/8675
f 4747/4922 4748/4925 4749/5052 8128/8675
f 4749/5052 4750/5051 4751/5050 8128/8675
f 4751/5050 4752/5008 4753/5007 8128/8675
f 4761/5053 4762/4965 4755/4964 8129/8676
f 4755/4964 4756/4966 4757/5054 8129/8676
f 4757/5054 4758/5044 4759/5043 8129/8676
f 4759/5043 4760/5045 4761/5053 8129/8676
f 4769/5059 4770/5001 4763/5000 8130/8677
f 4763/5000 4764/5002 4765/5057 8130/8677
f 4765/5057 4766/5034 4767/5033 8130/8677
f 4767/5033 4768/5036 4769/5059 8130/8677
f 4775/5055 4776/4951 4771/4950 8131/8678
f 4771/4955 4772/4954 4773/5060 8131/8678
f 4773/5060 4774/5056 4775/5055 8131/8678
f 4783/5058 4784/4970 4777/4969 8132/8679
f 4777/4969 4778/4972 4779/5029 8132/8679
f 4779/5029 4780/5030 4781/5047 8132/8679
f 4781/5047 4782/5048 4783/5058 8132/8679
s 461
f 4791/5081 4792/5066 4785/5065 8133/8680
f 4785/5062 4786/5061 4787/5070 8133/8681
f 4787/5070 4788/5069 4789/5078 8133/8681
f 4789/5075 4790/5074 4791/5081 8133/8680
f 4799/5095 4800/5088 4793/5085 8134/8682
f 4793/5085 4794/5083 4795/5082 8134/8682
f 4795/5082 4796/5084 4797/5091 8134/8682
f 4797/5091 4798/5090 4799/5095 8134/8682
f 4807/5080 4808/5079 4801/5100 8135/8683
f 4801/5100 4802/5099 4803/5108 8135/8683
f 4803/5105 4804/5104 4805/5111 8135/8684
f 4805/5111 4806/5077 4807/5076 8135/8684
f 4813/5112 4814/5113 4809/5114 8136/8685
f 4809/5114 4810/5093 4811/5092 8136/8685
f 4811/5092 4812/5094 4813/5112 8136/8685
f 4821/5110 4822/5109 4815/5119 8137/8686
f 4815/5119 4816/5118 4817/5127 8137/8686
f 4817/5124 4818/5123 4819/5130 8137/8687
f 4819/5130 4820/5107 4821/5106 8137/8687
f 4829/5131 4830/5132 4823/5134 8138/8688
f 4823/5134 4824/5133 4825/5138 8138/8688
f 4825/5138 4826/5116 4827/5115 8138/8688
f 4827/5115 4828/5117 4829/5131 8138/8688
f 4837/5146 4838/5144 4831/5141 8139/8689
f 4831/5141 4832/5097 4833/5096 8139/8689
f 4833/5096 4834/5098 4835/5139 8139/8689
f 4835/5139 4836/5140 4837/5146 8139/8689
f 4845/5129 4846/5128 4839/5151 8140/8690
f 4839/5151 4840/5150 4841/5159 8140/8690
f 4841/5156 4842/5155 4843/5162 8140/8691
f 4843/5162 4844/5126 4845/5125 8140/8691
f 4851/5163 4852/5164 4847/5165 8141/8692
f 4847/5165 4848/5136 4849/5135 8141/8692
f 4849/5135 4850/5137 4851/5163 8141/8692
f 4859/5179 4860/5173 4853/5172 8142/8693
f 4853/5169 4854/5168 4855/5176 8142/8694
f 4855/5176 4856/5158 4857/5157 8142/8694
f 4857/5161 4858/5160 4859/5179 8142/8693
f 4867/5177 4868/5178 4861/5183 8143/8695
f 4861/5183 4862/5148 4863/5147 8143/8695
f 4863/5147 4864/5149 4865/5166 8143/8695
f 4865/5166 4866/5167 4867/5177 8143/8695
f 4875/5203 4876/5191 4869/5188 8144/8696
f 4869/5188 4870/5187 4871/5194 8144/8696
f 4871/5194 4872/5193 4873/5199 8144/8696
f 4873/5199 4874/5198 4875/5203 8144/8696
f 4883/5071 4884/5073 4877/5207 8145/8697
f 4877/5207 4878/5205 4879/5204 8145/8697
f 4879/5204 4880/5206 4881/5211 8145/8697
f 4881/5211 4882/5072 4883/5071 8145/8697
f 4891/5200 4892/5202 4885/5214 8146/8698
f 4885/5214 4886/5121 4887/5120 8146/8698
f 4887/5120 4888/5122 4889/5217 8146/8698
f 4889/5217 4890/5201 4891/5200 8146/8698
f 4897/5218 4898/5102 4893/5101 8147/8699
f 4893/5101 4894/5103 4895/5212 8147/8699
f 4895/5212 4896/5213 4897/5218 8147/8699
f 4905/5195 4906/5197 4899/5219 8148/8700
f 4899/5219 4900/5181 4901/5180 8148/8700
f 4901/5180 4902/5182 4903/5223 8148/8700
f 4903/5223 4904/5196 4905/5195 8148/8700
f 4911/5224 4912/5153 4907/5152 8149/8701
f 4907/5152 4908/5154 4909/5215 8149/8701
f 4909/5215 4910/5216 4911/5224 8149/8701
f 4919/5234 4920/5087 4913/5086 8150/8702
f 4913/5086 4914/5089 4915/5226 8150/8702
f 4915/5226 4916/5225 4917/5230 8150/8702
f 4917/5230 4918/5229 4919/5234 8150/8702
f 4925/5237 4926/5064 4921/5063 8151/8703
f 4921/5068 4922/5067 4923/5235 8151/8703
f 4923/5235 4924/5236 4925/5237 8151/8703
f 4931/5231 4932/5233 4927/5241 8152/8704
f 4927/5241 4928/5240 4929/5245 8152/8704
f 4929/5245 4930/5232 4931/5231 8152/8704
f 4939/5248 4940/5209 4933/5208 8153/8705
f 4933/5208 4934/5210 4935/5238 8153/8705
f 4935/5238 4936/5239 4937/5246 8153/8705
f 4937/5246 4938/5247 4939/5248 8153/8705
f 4945/5262 4946/5255 4941/5252 8154/8706
f 4941/5252 4942/5251 4943/5258 8154/8706
f 4943/5258 4944/5257 4945/5262 8154/8706
f 4953/5259 4954/5261 4947/5266 8155/8707
f 4947/5266 4948/5243 4949/5242 8155/8707
f 4949/5242 4950/5244 4951/5269 8155/8707
f 4951/5269 4952/5260 4953/5259 8155/8707
f 4961/5227 4962/5143 4955/5142 8156/8708
f 4955/5142 4956/5145 4957/5272 8156/8708
f 4957/5272 4958/5271 4959/5270 8156/8708
f 4959/5270 4960/5228 4961/5227 8156/8708
f 4969/5273 4970/5185 4963/5184 8157/8709
f 4963/5184 4964/5186 4965/5274 8157/8709
f 4965/5274 4966/5264 4967/5263 8157/8709
f 4967/5263 4968/5265 4969/5273 8157/8709
f 4977/5279 4978/5221 4971/5220 8158/8710
f 4971/5220 4972/5222 4973/5277 8158/8710
f 4973/5277 4974/5254 4975/5253 8158/8710
f 4975/5253 4976/5256 4977/5279 8158/8710
f 4983/5275 4984/5171 4979/5170 8159/8711
f 4979/5175 4980/5174 4981/5280 8159/8711
f 4981/5280 4982/5276 4983/5275 8159/8711
f 4991/5278 4992/5190 4985/5189 8160/8712
f 4985/5189 4986/5192 4987/5249 8160/8712
f 4987/5249 4988/5250 4989/5267 8160/8712
f 4989/5267 4990/5268 4991/5278 8160/8712
s 481
f 4999/5301 5000/5286 4993/5285 8161/8713
f 4993/5282 4994/5281 4995/5290 8161/8714
f 4995/5290 4996/5289 4997/5298 8161/8714
f 4997/5295 4998/5294 4999/5301 8161/8713
f 5007/5315 5008/5308 5001/5305 8162/8715
f 5001/5305 5002/5303 5003/5302 8162/8715
f 5003/5302 5004/5304 5005/5311 8162/8715
f 5005/5311 5006/5310 5007/5315 8162/8715
f 5015/5300 5016/5299 5009/5320 8163/8716
f 5009/5320 5010/5319 5011/5328 8163/8716
f 5011/5325 5012/5324 5013/5331 8163/8717
f 5013/5331 5014/5297 5015/5296 8163/8717
f 5021/5332 5022/5333 5017/5334 8164/8718
f 5017/5334 5018/5313 5019/5312 8164/8718
f 5019/5312 5020/5314 5021/5332 8164/8718
f 5029/5330 5030/5329 5023/5339 8165/8719
f 5023/5339 5024/5338 5025/5347 8165/8719
f 5025/5344 5026/5343 5027/5350 8165/8720
f 5027/5350 5028/5327 5029/5326 8165/8720
f 5037/5351 5038/5352 5031/5354 8166/8721
f 5031/5354 5032/5353 5033/5358 8166/8721
f 5033/5358 5034/5336 5035/5335 8166/8721
f 5035/5335 5036/5337 5037/5351 8166/8721
f 5045/5366 5046/5364 5039/5361 8167/8722
f 5039/5361 5040/5317 5041/5316 8167/8722
f 5041/5316 5042/5318 5043/5359 8167/8722
f 5043/5359 5044/5360 5045/5366 8167/8722
f 5053/5349 5054/5348 5047/5371 8168/8723
f 5047/5371 5048/5370 5049/5379 8168/8723
f 5049/5376 5050/5375 5051/5382 8168/8724
f 5051/5382 5052/5346 5053/5345 8168/8724
f 5059/5383 5060/5384 5055/5385 8169/8725
f 5055/5385 5056/5356 5057/5355 8169/8725
f 5057/5355 5058/5357 5059/5383 8169/8725
f 5067/5399 5068/5393 5061/5392 8170/8726
f 5061/5389 5062/5388 5063/5396 8170/8727
f 5063/5396 5064/5378 5065/5377 8170/8727
f 5065/5381 5066/5380 5067/5399 8170/8726
f 5075/5397 5076/5398 5069/5403 8171/8728
f 5069/5403 5070/5368 5071/5367 8171/8728
f 5071/5367 5072/5369 5073/5386 8171/8728
f 5073/5386 5074/5387 5075/5397 8171/8728
f 5083/5423 5084/5411 5077/5408 8172/8729
f 5077/5408 5078/5407 5079/5414 8172/8729
f 5079/5414 5080/5413 5081/5419 8172/8729
f 5081/5419 5082/5418 5083/5423 8172/8729
f 5091/5291 5092/5293 5085/5427 8173/8730
f 5085/5427 5086/5425 5087/5424 8173/8730
f 5087/5424 5088/5426 5089/5431 8173/8730
f 5089/5431 5090/5292 5091/5291 8173/8730
f 5099/5420 5100/5422 5093/5434 8174/8731
f 5093/5434 5094/5341 5095/5340 8174/8731
f 5095/5340 5096/5342 5097/5437 8174/8731
f 5097/5437 5098/5421 5099/5420 8174/8731
f 5105/5438 5106/5322 5101/5321 8175/8732
f 5101/5321 5102/5323 5103/5432 8175/8732
f 5103/5432 5104/5433 5105/5438 8175/8732
f 5113/5415 5114/5417 5107/5439 8176/8733
f 5107/5439 5108/5401 5109/5400 8176/8733
f 5109/5400 5110/5402 5111/5443 8176/8733
f 5111/5443 5112/5416 5113/5415 8176/8733
f 5119/5444 5120/5373 5115/5372 8177/8734
f 5115/5372 5116/5374 5117/5435 8177/8734
f 5117/5435 5118/5436 5119/5444 8177/8734
f 5127/5454 5128/5307 5121/5306 8178/8735
f 5121/5306 5122/5309 5123/5446 8178/8735
f 5123/5446 5124/5445 5125/5450 8178/8735
f 5125/5450 5126/5449 5127/5454 8178/8735
f 5133/5457 5134/5284 5129/5283 8179/8736
f 5129/5288 5130/5287 5131/5455 8179/8736
f 5131/5455 5132/5456 5133/5457 8179/8736
f 5139/5451 5140/5453 5135/5461 8180/8737
f 5135/5461 5136/5460 5137/5465 8180/8737
f 5137/5465 5138/5452 5139/5451 8180/8737
f 5147/5468 5148/5429 5141/5428 8181/8738
f 5141/5428 5142/5430 5143/5458 8181/8738
f 5143/5458 5144/5459 5145/5466 8181/8738
f 5145/5466 5146/5467 5147/5468 8181/8738
f 5153/5482 5154/5475 5149/5472 8182/8739
f 5149/5472 5150/5471 5151/5478 8182/8739
f 5151/5478 5152/5477 5153/5482 8182/8739
f 5161/5479 5162/5481 5155/5486 8183/8740
f 5155/5486 5156/5463 5157/5462 8183/8740
f 5157/5462 5158/5464 5159/5489 8183/8740
f 5159/5489 5160/5480 5161/5479 8183/8740
f 5169/5447 5170/5363 5163/5362 8184/8741
f 5163/5362 5164/5365 5165/5492 8184/8741
f 5165/5492 5166/5491 5167/5490 8184/8741
f 5167/5490 5168/5448 5169/5447 8184/8741
f 5177/5493 5178/5405 5171/5404 8185/8742
f 5171/5404 5172/5406 5173/5494 8185/8742
f 5173/5494 5174/5484 5175/5483 8185/8742
f 5175/5483 5176/5485 5177/5493 8185/8742
f 5185/5499 5186/5441 5179/5440 8186/8743
f 5179/5440 5180/5442 5181/5497 8186/8743
f 5181/5497 5182/5474 5183/5473 8186/8743
f 5183/5473 5184/5476 5185/5499 8186/8743
f 5191/5495 5192/5391 5187/5390 8187/8744
f 5187/5395 5188/5394 5189/5500 8187/8744
f 5189/5500 5190/5496 5191/5495 8187/8744
f 5199/5498 5200/5410 5193/5409 8188/8745
f 5193/5409 5194/5412 5195/5469 8188/8745
f 5195/5469 5196/5470 5197/5487 8188/8745
f 5197/5487 5198/5488 5199/5498 8188/8745
s 501
f 5207/5521 5208/5506 5201/5505 8189/8746
f 5201/5502 5202/5501 5203/5510 8189/8747
f 5203/5510 5204/5509 5205/5518 8189/8747
f 5205/5515 5206/5514 5207/5521 8189/8746
f 5215/5535 5216/5528 5209/5525 8190/8748
f 5209/5525 5210/5523 5211/5522 8190/8748
f 5211/5522 5212/5524 5213/5531 8190/8748
f 5213/5531 5214/5530 5215/5535 8190/8748
f 5223/5520 5224/5519 5217/5540 8191/8749
f 5217/5540 5218/5539 5219/5548 8191/8749
f 5219/5545 5220/5544 5221/5551 8191/8750
f 5221/5551 5222/5517 5223/5516 8191/8750
f 5229/5552 5230/5553 5225/5554 8192/8751
f 5225/5554 5226/5533 5227/5532 8192/8751
f 5227/5532 5228/5534 5229/5552 8192/8751
f 5237/5550 5238/5549 5231/5559 8193/8752
f 5231/5559 5232/5558 5233/5567 8193/8752
f 5233/5564 5234/5563 5235/5570 8193/8753
f 5235/5570 5236/5547 5237/5546 8193/8753
f 5245/5571 5246/5572 5239/5574 8194/8754
f 5239/5574 5240/5573 5241/5578 8194/8754
f 5241/5578 5242/5556 5243/5555 8194/8754
f 5243/5555 5244/5557 5245/5571 8194/8754
f 5253/5586 5254/5584 5247/5581 8195/8755
f 5247/5581 5248/5537 5249/5536 8195/8755
f 5249/5536 5250/5538 5251/5579 8195/8755
f 5251/5579 5252/5580 5253/5586 8195/8755
f 5261/5569 5262/5568 5255/5591 8196/8756
f 5255/5591 5256/5590 5257/5599 8196/8756
f 5257/5596 5258/5595 5259/5602 8196/8757
f 5259/5602 5260/5566 5261/5565 8196/8757
f 5267/5603 5268/5604 5263/5605 8197/8758
f 5263/5605 5264/5576 5265/5575 8197/8758
f 5265/5575 5266/5577 5267/5603 8197/8758
f 5275/5619 5276/5613 5269/5612 8198/8759
f 5269/5609 5270/5608 5271/5616 8198/8760
f 5271/5616 5272/5598 5273/5597 8198/8760
f 5273/5601 5274/5600 5275/5619 8198/8759
f 5283/5617 5284/5618 5277/5623 8199/8761
f 5277/5623 5278/5588 5279/5587 8199/8761
f 5279/5587 5280/5589 5281/5606 8199/8761
f 5281/5606 5282/5607 5283/5617 8199/8761
f 5291/5643 5292/5631 5285/5628 8200/8762
f 5285/5628 5286/5627 5287/5634 8200/8762
f 5287/5634 5288/5633 5289/5639 8200/8762
f 5289/5639 5290/5638 5291/5643 8200/8762
f 5299/5511 5300/5513 5293/5647 8201/8763
f 5293/5647 5294/5645 5295/5644 8201/8763
f 5295/5644 5296/5646 5297/5651 8201/8763
f 5297/5651 5298/5512 5299/5511 8201/8763
f 5307/5640 5308/5642 5301/5654 8202/8764
f 5301/5654 5302/5561 5303/5560 8202/8764
f 5303/5560 5304/5562 5305/5657 8202/8764
f 5305/5657 5306/5641 5307/5640 8202/8764
f 5313/5658 5314/5542 5309/5541 8203/8765
f 5309/5541 5310/5543 5311/5652 8203/8765
f 5311/5652 5312/5653 5313/5658 8203/8765
f 5321/5635 5322/5637 5315/5659 8204/8766
f 5315/5659 5316/5621 5317/5620 8204/8766
f 5317/5620 5318/5622 5319/5663 8204/8766
f 5319/5663 5320/5636 5321/5635 8204/8766
f 5327/5664 5328/5593 5323/5592 8205/8767
f 5323/5592 5324/5594 5325/5655 8205/8767
f 5325/5655 5326/5656 5327/5664 8205/8767
f 5335/5674 5336/5527 5329/5526 8206/8768
f 5329/5526 5330/5529 5331/5666 8206/8768
f 5331/5666 5332/5665 5333/5670 8206/8768
f 5333/5670 5334/5669 5335/5674 8206/8768
f 5341/5677 5342/5504 5337/5503 8207/8769
f 5337/5508 5338/5507 5339/5675 8207/8769
f 5339/5675 5340/5676 5341/5677 8207/8769
f 5347/5671 5348/5673 5343/5681 8208/8770
f 5343/5681 5344/5680 5345/5685 8208/8770
f 5345/5685 5346/5672 5347/5671 8208/8770
f 5355/5688 5356/5649 5349/5648 8209/8771
f 5349/5648 5350/5650 5351/5678 8209/8771
f 5351/5678 5352/5679 5353/5686 8209/8771
f 5353/5686 5354/5687 5355/5688 8209/8771
f 5361/5702 5362/5695 5357/5692 8210/8772
f 5357/5692 5358/5691 5359/5698 8210/8772
f 5359/5698 5360/5697 5361/5702 8210/8772
f 5369/5699 5370/5701 5363/5706 8211/8773
f 5363/5706 5364/5683 5365/5682 8211/8773
f 5365/5682 5366/5684 5367/5709 8211/8773
f 5367/5709 5368/5700 5369/5699 8211/8773
f 5377/5667 5378/5583 5371/5582 8212/8774
f 5371/5582 5372/5585 5373/5712 8212/8774
f 5373/5712 5374/5711 5375/5710 8212/8774
f 5375/5710 5376/5668 5377/5667 8212/8774
f 5385/5713 5386/5625 5379/5624 8213/8775
f 5379/5624 5380/5626 5381/5714 8213/8775
f 5381/5714 5382/5704 5383/5703 8213/8775
f 5383/5703 5384/5705 5385/5713 8213/8775
f 5393/5719 5394/5661 5387/5660 8214/8776
f 5387/5660 5388/5662 5389/5717 8214/8776
f 5389/5717 5390/5694 5391/5693 8214/8776
f 5391/5693 5392/5696 5393/5719 8214/8776
f 5399/5715 5400/5611 5395/5610 8215/8777
f 5395/5615 5396/5614 5397/5720 8215/8777
f 5397/5720 5398/5716 5399/5715 8215/8777
f 5407/5718 5408/5630 5401/5629 8216/8778
f 5401/5629 5402/5632 5403/5689 8216/8778
f 5403/5689 5404/5690 5405/5707 8216/8778
f 5405/5707 5406/5708 5407/5718 8216/8778
s 521
f 5415/5741 5416/5726 5409/5725 8217/8779
f 5409/5722 5410/5721 5411/5730 8217/8780
f 5411/5730 5412/5729 5413/5738 8217/8780
f 5413/5735 5414/5734 5415/5741 8217/8779
f 5423/5755 5424/5748 5417/5745 8218/8781
f 5417/5745 5418/5743 5419/5742 8218/8781
f 5419/5742 5420/5744 5421/5751 8218/8781
f 5421/5751 5422/5750 5423/5755 8218/8781
f 5431/5740 5432/5739 5425/5760 8219/8782
f 5425/5760 5426/5759 5427/5768 8219/8782
f 5427/5765 5428/5764 5429/5771 8219/8783
f 5429/5771 5430/5737 5431/5736 8219/8783
f 5437/5772 5438/5773 5433/5774 8220/8784
f 5433/5774 5434/5753 5435/5752 8220/8784
f 5435/5752 5436/5754 5437/5772 8220/8784
f 5445/5770 5446/5769 5439/5779 8221/8785
f 5439/5779 5440/5778 5441/5787 8221/8785
f 5441/5784 5442/5783 5443/5790 8221/8786
f 5443/5790 5444/5767 5445/5766 8221/8786
f 5453/5791 5454/5792 5447/5794 8222/8787
f 5447/5794 5448/5793 5449/5798 8222/8787
f 5449/5798 5450/5776 5451/5775 8222/8787
f 5451/5775 5452/5777 5453/5791 8222/8787
f 5461/5806 5462/5804 5455/5801 8223/8788
f 5455/5801 5456/5757 5457/5756 8223/8788
f 5457/5756 5458/5758 5459/5799 8223/8788
f 5459/5799 5460/5800 5461/5806 8223/8788
f 5469/5789 5470/5788 5463/5811 8224/8789
f 5463/5811 5464/5810 5465/5819 8224/8789
f 5465/5816 5466/5815 5467/5822 8224/8790
f 5467/5822 5468/5786 5469/5785 8224/8790
f 5475/5823 5476/5824 5471/5825 8225/8791
f 5471/5825 5472/5796 5473/5795 8225/8791
f 5473/5795 5474/5797 5475/5823 8225/8791
f 5483/5839 5484/5833 5477/5832 8226/8792
f 5477/5829 5478/5828 5479/5836 8226/8793
f 5479/5836 5480/5818 5481/5817 8226/8793
f 5481/5821 5482/5820 5483/5839 8226/8792
f 5491/5837 5492/5838 5485/5843 8227/8794
f 5485/5843 5486/5808 5487/5807 8227/8794
f 5487/5807 5488/5809 5489/5826 8227/8794
f 5489/5826 5490/5827 5491/5837 8227/8794
f 5499/5863 5500/5851 5493/5848 8228/8795
f 5493/5848 5494/5847 5495/5854 8228/8795
f 5495/5854 5496/5853 5497/5859 8228/8795
f 5497/5859 5498/5858 5499/5863 8228/8795
f 5507/5731 5508/5733 5501/5867 8229/8796
f 5501/5867 5502/5865 5503/5864 8229/8796
f 5503/5864 5504/5866 5505/5871 8229/8796
f 5505/5871 5506/5732 5507/5731 8229/8796
f 5515/5860 5516/5862 5509/5874 8230/8797
f 5509/5874 5510/5781 5511/5780 8230/8797
f 5511/5780 5512/5782 5513/5877 8230/8797
f 5513/5877 5514/5861 5515/5860 8230/8797
f 5521/5878 5522/5762 5517/5761 8231/8798
f 5517/5761 5518/5763 5519/5872 8231/8798
f 5519/5872 5520/5873 5521/5878 8231/8798
f 5529/5855 5530/5857 5523/5879 8232/8799
f 5523/5879 5524/5841 5525/5840 8232/8799
f 5525/5840 5526/5842 5527/5883 8232/8799
f 5527/5883 5528/5856 5529/5855 8232/8799
f 5535/5884 5536/5813 5531/5812 8233/8800
f 5531/5812 5532/5814 5533/5875 8233/8800
f 5533/5875 5534/5876 5535/5884 8233/8800
f 5543/5894 5544/5747 5537/5746 8234/8801
f 5537/5746 5538/5749 5539/5886 8234/8801
f 5539/5886 5540/5885 5541/5890 8234/8801
f 5541/5890 5542/5889 5543/5894 8234/8801
f 5549/5897 5550/5724 5545/5723 8235/8802
f 5545/5728 5546/5727 5547/5895 8235/8802
f 5547/5895 5548/5896 5549/5897 8235/8802
f 5555/5891 5556/5893 5551/5901 8236/8803
f 5551/5901 5552/5900 5553/5905 8236/8803
f 5553/5905 5554/5892 5555/5891 8236/8803
f 5563/5908 5564/5869 5557/5868 8237/8804
f 5557/5868 5558/5870 5559/5898 8237/8804
f 5559/5898 5560/5899 5561/5906 8237/8804
f 5561/5906 5562/5907 5563/5908 8237/8804
f 5569/5922 5570/5915 5565/5912 8238/8805
f 5565/5912 5566/5911 5567/5918 8238/8805
f 5567/5918 5568/5917 5569/5922 8238/8805
f 5577/5919 5578/5921 5571/5926 8239/8806
f 5571/5926 5572/5903 5573/5902 8239/8806
f 5573/5902 5574/5904 5575/5929 8239/8806
f 5575/5929 5576/5920 5577/5919 8239/8806
f 5585/5887 5586/5803 5579/5802 8240/8807
f 5579/5802 5580/5805 5581/5932 8240/8807
f 5581/5932 5582/5931 5583/5930 8240/8807
f 5583/5930 5584/5888 5585/5887 8240/8807
f 5593/5933 5594/5845 5587/5844 8241/8808
f 5587/5844 5588/5846 5589/5934 8241/8808
f 5589/5934 5590/5924 5591/5923 8241/8808
f 5591/5923 5592/5925 5593/5933 8241/8808
f 5601/5939 5602/5881 5595/5880 8242/8809
f 5595/5880 5596/5882 5597/5937 8242/8809
f 5597/5937 5598/5914 5599/5913 8242/8809
f 5599/5913 5600/5916 5601/5939 8242/8809
f 5607/5935 5608/5831 5603/5830 8243/8810
f 5603/5835 5604/5834 5605/5940 8243/8810
f 5605/5940 5606/5936 5607/5935 8243/8810
f 5615/5938 5616/5850 5609/5849 8244/8811
f 5609/5849 5610/5852 5611/5909 8244/8811
f 5611/5909 5612/5910 5613/5927 8244/8811
f 5613/5927 5614/5928 5615/5938 8244/8811
s 541
f 5623/5961 5624/5946 5617/5945 8245/8812
f 5617/5942 5618/5941 5619/5950 8245/8813
f 5619/5950 5620/5949 5621/5958 8245/8813
f 5621/5955 5622/5954 5623/5961 8245/8812
f 5631/5975 5632/5968 5625/5965 8246/8814
f 5625/5965 5626/5963 5627/5962 8246/8814
f 5627/5962 5628/5964 5629/5971 8246/8814
f 5629/5971 5630/5970 5631/5975 8246/8814
f 5639/5960 5640/5959 5633/5980 8247/8815
f 5633/5980 5634/5979 5635/5988 8247/8815
f 5635/5985 5636/5984 5637/5991 8247/8816
f 5637/5991 5638/5957 5639/5956 8247/8816
f 5645/5992 5646/5993 5641/5994 8248/8817
f 5641/5994 5642/5973 5643/5972 8248/8817
f 5643/5972 5644/5974 5645/5992 8248/8817
f 5653/5990 5654/5989 5647/5999 8249/8818
f 5647/5999 5648/5998 5649/6007 8249/8818
f 5649/6004 5650/6003 5651/6010 8249/8819
f 5651/6010 5652/5987 5653/5986 8249/8819
f 5661/6011 5662/6012 5655/6014 8250/8820
f 5655/6014 5656/6013 5657/6018 8250/8820
f 5657/6018 5658/5996 5659/5995 8250/8820
f 5659/5995 5660/5997 5661/6011 8250/8820
f 5669/6026 5670/6024 5663/6021 8251/8821
f 5663/6021 5664/5977 5665/5976 8251/8821
f 5665/5976 5666/5978 5667/6019 8251/8821
f 5667/6019 5668/6020 5669/6026 8251/8821
f 5677/6009 5678/6008 5671/6031 8252/8822
f 5671/6031 5672/6030 5673/6039 8252/8822
f 5673/6036 5674/6035 5675/6042 8252/8823
f 5675/6042 5676/6006 5677/6005 8252/8823
f 5683/6043 5684/6044 5679/6045 8253/8824
f 5679/6045 5680/6016 5681/6015 8253/8824
f 5681/6015 5682/6017 5683/6043 8253/8824
f 5691/6059 5692/6053 5685/6052 8254/8825
f 5685/6049 5686/6048 5687/6056 8254/8826
f 5687/6056 5688/6038 5689/6037 8254/8826
f 5689/6041 5690/6040 5691/6059 8254/8825
f 5699/6057 5700/6058 5693/6063 8255/8827
f 5693/6063 5694/6028 5695/6027 8255/8827
f 5695/6027 5696/6029 5697/6046 8255/8827
f 5697/6046 5698/6047 5699/6057 8255/8827
f 5707/6083 5708/6071 5701/6068 8256/8828
f 5701/6068 5702/6067 5703/6074 8256/8828
f 5703/6074 5704/6073 5705/6079 8256/8828
f 5705/6079 5706/6078 5707/6083 8256/8828
f 5715/5951 5716/5953 5709/6087 8257/8829
f 5709/6087 5710/6085 5711/6084 8257/8829
f 5711/6084 5712/6086 5713/6091 8257/8829
f 5713/6091 5714/5952 5715/5951 8257/8829
f 5723/6080 5724/6082 5717/6094 8258/8830
f 5717/6094 5718/6001 5719/6000 8258/8830
f 5719/6000 5720/6002 5721/6097 8258/8830
f 5721/6097 5722/6081 5723/6080 8258/8830
f 5729/6098 5730/5982 5725/5981 8259/8831
f 5725/5981 5726/5983 5727/6092 8259/8831
f 5727/6092 5728/6093 5729/6098 8259/8831
f 5737/6075 5738/6077 5731/6099 8260/8832
f 5731/6099 5732/6061 5733/6060 8260/8832
f 5733/6060 5734/6062 5735/6103 8260/8832
f 5735/6103 5736/6076 5737/6075 8260/8832
f 5743/6104 5744/6033 5739/6032 8261/8833
f 5739/6032 5740/6034 5741/6095 8261/8833
f 5741/6095 5742/6096 5743/6104 8261/8833
f 5751/6114 5752/5967 5745/5966 8262/8834
f 5745/5966 5746/5969 5747/6106 8262/8834
f 5747/6106 5748/6105 5749/6110 8262/8834
f 5749/6110 5750/6109 5751/6114 8262/8834
f 5757/6117 5758/5944 5753/5943 8263/8835
f 5753/5948 5754/5947 5755/6115 8263/8835
f 5755/6115 5756/6116 5757/6117 8263/8835
f 5763/6111 5764/6113 5759/6121 8264/8836
f 5759/6121 5760/6120 5761/6125 8264/8836
f 5761/6125 5762/6112 5763/6111 8264/8836
f 5771/6128 5772/6089 5765/6088 8265/8837
f 5765/6088 5766/6090 5767/6118 8265/8837
f 5767/6118 5768/6119 5769/6126 8265/8837
f 5769/6126 5770/6127 5771/6128 8265/8837
f 5777/6142 5778/6135 5773/6132 8266/8838
f 5773/6132 5774/6131 5775/6138 8266/8838
f 5775/6138 5776/6137 5777/6142 8266/8838
f 5785/6139 5786/6141 5779/6146 8267/8839
f 5779/6146 5780/6123 5781/6122 8267/8839
f 5781/6122 5782/6124 5783/6149 8267/8839
f 5783/6149 5784/6140 5785/6139 8267/8839
f 5793/6107 5794/6023 5787/6022 8268/8840
f 5787/6022 5788/6025 5789/6152 8268/8840
f 5789/6152 5790/6151 5791/6150 8268/8840
f 5791/6150 5792/6108 5793/6107 8268/8840
f 5801/6153 5802/6065 5795/6064 8269/8841
f 5795/6064 5796/6066 5797/6154 8269/8841
f 5797/6154 5798/6144 5799/6143 8269/8841
f 5799/6143 5800/6145 5801/6153 8269/8841
f 5809/6159 5810/6101 5803/6100 8270/8842
f 5803/6100 5804/6102 5805/6157 8270/8842
f 5805/6157 5806/6134 5807/6133 8270/8842
f 5807/6133 5808/6136 5809/6159 8270/8842
f 5815/6155 5816/6051 5811/6050 8271/8843
f 5811/6055 5812/6054 5813/6160 8271/8843
f 5813/6160 5814/6156 5815/6155 8271/8843
f 5823/6158 5824/6070 5817/6069 8272/8844
f 5817/6069 5818/6072 5819/6129 8272/8844
f 5819/6129 5820/6130 5821/6147 8272/8844
f 5821/6147 5822/6148 5823/6158 8272/8844
s 561
f 5831/6181 5832/6166 5825/6165 8273/8845
f 5825/6162 5826/6161 5827/6170 8273/8846
f 5827/6170 5828/6169 5829/6178 8273/8846
f 5829/6175 5830/6174 5831/6181 8273/8845
f 5839/6195 5840/6188 5833/6185 8274/8847
f 5833/6185 5834/6183 5835/6182 8274/8847
f 5835/6182 5836/6184 5837/6191 8274/8847
f 5837/6191 5838/6190 5839/6195 8274/8847
f 5847/6180 5848/6179 5841/6200 8275/8848
f 5841/6200 5842/6199 5843/6208 8275/8848
f 5843/6205 5844/6204 5845/6211 8275/8849
f 5845/6211 5846/6177 5847/6176 8275/8849
f 5853/6212 5854/6213 5849/6214 8276/8850
f 5849/6214 5850/6193 5851/6192 8276/8850
f 5851/6192 5852/6194 5853/6212 8276/8850
f 5861/6210 5862/6209 5855/6219 8277/8851
f 5855/6219 5856/6218 5857/6227 8277/8851
f 5857/6224 5858/6223 5859/6230 8277/8852
f 5859/6230 5860/6207 5861/6206 8277/8852
f 5869/6231 5870/6232 5863/6234 8278/8853
f 5863/6234 5864/6233 5865/6238 8278/8853
f 5865/6238 5866/6216 5867/6215 8278/8853
f 5867/6215 5868/6217 5869/6231 8278/8853
f 5877/6246 5878/6244 5871/6241 8279/8854
f 5871/6241 5872/6197 5873/6196 8279/8854
f 5873/6196 5874/6198 5875/6239 8279/8854
f 5875/6239 5876/6240 5877/6246 8279/8854
f 5885/6229 5886/6228 5879/6251 8280/8855
f 5879/6251 5880/6250 5881/6259 8280/8855
f 5881/6256 5882/6255 5883/6262 8280/8856
f 5883/6262 5884/6226 5885/6225 8280/8856
f 5891/6263 5892/6264 5887/6265 8281/8857
f 5887/6265 5888/6236 5889/6235 8281/8857
f 5889/6235 5890/6237 5891/6263 8281/8857
f 5899/6279 5900/6273 5893/6272 8282/8858
f 5893/6269 5894/6268 5895/6276 8282/8859
f 5895/6276 5896/6258 5897/6257 8282/8859
f 5897/6261 5898/6260 5899/6279 8282/8858
f 5907/6277 5908/6278 5901/6283 8283/8860
f 5901/6283 5902/6248 5903/6247 8283/8860
f 5903/6247 5904/6249 5905/6266 8283/8860
f 5905/6266 5906/6267 5907/6277 8283/8860
f 5915/6303 5916/6291 5909/6288 8284/8861
f 5909/6288 5910/6287 5911/6294 8284/8861
f 5911/6294 5912/6293 5913/6299 8284/8861
f 5913/6299 5914/6298 5915/6303 8284/8861
f 5923/6171 5924/6173 5917/6307 8285/8862
f 5917/6307 5918/6305 5919/6304 8285/8862
f 5919/6304 5920/6306 5921/6311 8285/8862
f 5921/6311 5922/6172 5923/6171 8285/8862
f 5931/6300 5932/6302 5925/6314 8286/8863
f 5925/6314 5926/6221 5927/6220 8286/8863
f 5927/6220 5928/6222 5929/6317 8286/8863
f 5929/6317 5930/6301 5931/6300 8286/8863
f 5937/6318 5938/6202 5933/6201 8287/8864
f 5933/6201 5934/6203 5935/6312 8287/8864
f 5935/6312 5936/6313 5937/6318 8287/8864
f 5945/6295 5946/6297 5939/6319 8288/8865
f 5939/6319 5940/6281 5941/6280 8288/8865
f 5941/6280 5942/6282 5943/6323 8288/8865
f 5943/6323 5944/6296 5945/6295 8288/8865
f 5951/6324 5952/6253 5947/6252 8289/8866
f 5947/6252 5948/6254 5949/6315 8289/8866
f 5949/6315 5950/6316 5951/6324 8289/8866
f 5959/6334 5960/6187 5953/6186 8290/8867
f 5953/6186 5954/6189 5955/6326 8290/8867
f 5955/6326 5956/6325 5957/6330 8290/8867
f 5957/6330 5958/6329 5959/6334 8290/8867
f 5965/6337 5966/6164 5961/6163 8291/8868
f 5961/6168 5962/6167 5963/6335 8291/8868
f 5963/6335 5964/6336 5965/6337 8291/8868
f 5971/6331 5972/6333 5967/6341 8292/8869
f 5967/6341 5968/6340 5969/6345 8292/8869
f 5969/6345 5970/6332 5971/6331 8292/8869
f 5979/6348 5980/6309 5973/6308 8293/8870
f 5973/6308 5974/6310 5975/6338 8293/8870
f 5975/6338 5976/6339 5977/6346 8293/8870
f 5977/6346 5978/6347 5979/6348 8293/8870
f 5985/6362 5986/6355 5981/6352 8294/8871
f 5981/6352 5982/6351 5983/6358 8294/8871
f 5983/6358 5984/6357 5985/6362 8294/8871
f 5993/6359 5994/6361 5987/6366 8295/8872
f 5987/6366 5988/6343 5989/6342 8295/8872
f 5989/6342 5990/6344 5991/6369 8295/8872
f 5991/6369 5992/6360 5993/6359 8295/8872
f 6001/6327 6002/6243 5995/6242 8296/8873
f 5995/6242 5996/6245 5997/6372 8296/8873
f 5997/6372 5998/6371 5999/6370 8296/8873
f 5999/6370 6000/6328 6001/6327 8296/8873
f 6009/6373 6010/6285 6003/6284 8297/8874
f 6003/6284 6004/6286 6005/6374 8297/8874
f 6005/6374 6006/6364 6007/6363 8297/8874
f 6007/6363 6008/6365 6009/6373 8297/8874
f 6017/6379 6018/6321 6011/6320 8298/8875
f 6011/6320 6012/6322 6013/6377 8298/8875
f 6013/6377 6014/6354 6015/6353 8298/8875
f 6015/6353 6016/6356 6017/6379 8298/8875
f 6023/6375 6024/6271 6019/6270 8299/8876
f 6019/6275 6020/6274 6021/6380 8299/8876
f 6021/6380 6022/6376 6023/6375 8299/8876
f 6031/6378 6032/6290 6025/6289 8300/8877
f 6025/6289 6026/6292 6027/6349 8300/8877
f 6027/6349 6028/6350 6029/6367 8300/8877
f 6029/6367 6030/6368 6031/6378 8300/8877
s 581
f 6039/6401 6040/6386 6033/6385 8301/8878
f 6033/6382 6034/6381 6035/6390 8301/8879
f 6035/6390 6036/6389 6037/6398 8301/8879
f 6037/6395 6038/6394 6039/6401 8301/8878
f 6047/6415 6048/6408 6041/6405 8302/8880
f 6041/6405 6042/6403 6043/6402 8302/8880
f 6043/6402 6044/6404 6045/6411 8302/8880
f 6045/6411 6046/6410 6047/6415 8302/8880
f 6055/6400 6056/6399 6049/6420 8303/8881
f 6049/6420 6050/6419 6051/6428 8303/8881
f 6051/6425 6052/6424 6053/6431 8303/8882
f 6053/6431 6054/6397 6055/6396 8303/8882
f 6061/6432 6062/6433 6057/6434 8304/8883
f 6057/6434 6058/6413 6059/6412 8304/8883
f 6059/6412 6060/6414 6061/6432 8304/8883
f 6069/6430 6070/6429 6063/6439 8305/8884
f 6063/6439 6064/6438 6065/6447 8305/8884
f 6065/6444 6066/6443 6067/6450 8305/8885
f 6067/6450 6068/6427 6069/6426 8305/8885
f 6077/6451 6078/6452 6071/6454 8306/8886
f 6071/6454 6072/6453 6073/6458 8306/8886
f 6073/6458 6074/6436 6075/6435 8306/8886
f 6075/6435 6076/6437 6077/6451 8306/8886
f 6085/6466 6086/6464 6079/6461 8307/8887
f 6079/6461 6080/6417 6081/6416 8307/8887
f 6081/6416 6082/6418 6083/6459 8307/8887
f 6083/6459 6084/6460 6085/6466 8307/8887
f 6093/6449 6094/6448 6087/6471 8308/8888
f 6087/6471 6088/6470 6089/6479 8308/8888
f 6089/6476 6090/6475 6091/6482 8308/8889
f 6091/6482 6092/6446 6093/6445 8308/8889
f 6099/6483 6100/6484 6095/6485 8309/8890
f 6095/6485 6096/6456 6097/6455 8309/8890
f 6097/6455 6098/6457 6099/6483 8309/8890
f 6107/6499 6108/6493 6101/6492 8310/8891
f 6101/6489 6102/6488 6103/6496 8310/8892
f 6103/6496 6104/6478 6105/6477 8310/8892
f 6105/6481 6106/6480 6107/6499 8310/8891
f 6115/6497 6116/6498 6109/6503 8311/8893
f 6109/6503 6110/6468 6111/6467 8311/8893
f 6111/6467 6112/6469 6113/6486 8311/8893
f 6113/6486 6114/6487 6115/6497 8311/8893
f 6123/6523 6124/6511 6117/6508 8312/8894
f 6117/6508 6118/6507 6119/6514 8312/8894
f 6119/6514 6120/6513 6121/6519 8312/8894
f 6121/6519 6122/6518 6123/6523 8312/8894
f 6131/6391 6132/6393 6125/6527 8313/8895
f 6125/6527 6126/6525 6127/6524 8313/8895
f 6127/6524 6128/6526 6129/6531 8313/8895
f 6129/6531 6130/6392 6131/6391 8313/8895
f 6139/6520 6140/6522 6133/6534 8314/8896
f 6133/6534 6134/6441 6135/6440 8314/8896
f 6135/6440 6136/6442 6137/6537 8314/8896
f 6137/6537 6138/6521 6139/6520 8314/8896
f 6145/6538 6146/6422 6141/6421 8315/8897
f 6141/6421 6142/6423 6143/6532 8315/8897
f 6143/6532 6144/6533 6145/6538 8315/8897
f 6153/6515 6154/6517 6147/6539 8316/8898
f 6147/6539 6148/6501 6149/6500 8316/8898
f 6149/6500 6150/6502 6151/6543 8316/8898
f 6151/6543 6152/6516 6153/6515 8316/8898
f 6159/6544 6160/6473 6155/6472 8317/8899
f 6155/6472 6156/6474 6157/6535 8317/8899
f 6157/6535 6158/6536 6159/6544 8317/8899
f 6167/6554 6168/6407 6161/6406 8318/8900
f 6161/6406 6162/6409 6163/6546 8318/8900
f 6163/6546 6164/6545 6165/6550 8318/8900
f 6165/6550 6166/6549 6167/6554 8318/8900
f 6173/6557 6174/6384 6169/6383 8319/8901
f 6169/6388 6170/6387 6171/6555 8319/8901
f 6171/6555 6172/6556 6173/6557 8319/8901
f 6179/6551 6180/6553 6175/6561 8320/8902
f 6175/6561 6176/6560 6177/6565 8320/8902
f 6177/6565 6178/6552 6179/6551 8320/8902
f 6187/6568 6188/6529 6181/6528 8321/8903
f 6181/6528 6182/6530 6183/6558 8321/8903
f 6183/6558 6184/6559 6185/6566 8321/8903
f 6185/6566 6186/6567 6187/6568 8321/8903
f 6193/6582 6194/6575 6189/6572 8322/8904
f 6189/6572 6190/6571 6191/6578 8322/8904
f 6191/6578 6192/6577 6193/6582 8322/8904
f 6201/6579 6202/6581 6195/6586 8323/8905
f 6195/6586 6196/6563 6197/6562 8323/8905
f 6197/6562 6198/6564 6199/6589 8323/8905
f 6199/6589 6200/6580 6201/6579 8323/8905
f 6209/6547 6210/6463 6203/6462 8324/8906
f 6203/6462 6204/6465 6205/6592 8324/8906
f 6205/6592 6206/6591 6207/6590 8324/8906
f 6207/6590 6208/6548 6209/6547 8324/8906
f 6217/6593 6218/6505 6211/6504 8325/8907
f 6211/6504 6212/6506 6213/6594 8325/8907
f 6213/6594 6214/6584 6215/6583 8325/8907
f 6215/6583 6216/6585 6217/6593 8325/8907
f 6225/6599 6226/6541 6219/6540 8326/8908
f 6219/6540 6220/6542 6221/6597 8326/8908
f 6221/6597 6222/6574 6223/6573 8326/8908
f 6223/6573 6224/6576 6225/6599 8326/8908
f 6231/6595 6232/6491 6227/6490 8327/8909
f 6227/6495 6228/6494 6229/6600 8327/8909
f 6229/6600 6230/6596 6231/6595 8327/8909
f 6239/6598 6240/6510 6233/6509 8328/8910
f 6233/6509 6234/6512 6235/6569 8328/8910
f 6235/6569 6236/6570 6237/6587 8328/8910
f 6237/6587 6238/6588 6239/6598 8328/8910
s 601
f 6247/6621 6248/6606 6241/6605 8329/8911
f 6241/6602 6242/6601 6243/6610 8329/8912
f 6243/6610 6244/6609 6245/6618 8329/8912
f 6245/6615 6246/6614 6247/6621 8329/8911
f 6255/6635 6256/6628 6249/6625 8330/8913
f 6249/6625 6250/6623 6251/6622 8330/8913
f 6251/6622 6252/6624 6253/6631 8330/8913
f 6253/6631 6254/6630 6255/6635 8330/8913
f 6263/6620 6264/6619 6257/6640 8331/8914
f 6257/6640 6258/6639 6259/6648 8331/8914
f 6259/6645 6260/6644 6261/6651 8331/8915
f 6261/6651 6262/6617 6263/6616 8331/8915
f 6269/6652 6270/6653 6265/6654 8332/8916
f 6265/6654 6266/6633 6267/6632 8332/8916
f 6267/6632 6268/6634 6269/6652 8332/8916
f 6277/6650 6278/6649 6271/6659 8333/8917
f 6271/6659 6272/6658 6273/6667 8333/8917
f 6273/6664 6274/6663 6275/6670 8333/8918
f 6275/6670 6276/6647 6277/6646 8333/8918
f 6285/6671 6286/6672 6279/6674 8334/8919
f 6279/6674 6280/6673 6281/6678 8334/8919
f 6281/6678 6282/6656 6283/6655 8334/8919
f 6283/6655 6284/6657 6285/6671 8334/8919
f 6293/6686 6294/6684 6287/6681 8335/8920
f 6287/6681 6288/6637 6289/6636 8335/8920
f 6289/6636 6290/6638 6291/6679 8335/8920
f 6291/6679 6292/6680 6293/6686 8335/8920
f 6301/6669 6302/6668 6295/6691 8336/8921
f 6295/6691 6296/6690 6297/6699 8336/8921
f 6297/6696 6298/6695 6299/6702 8336/8922
f 6299/6702 6300/6666 6301/6665 8336/8922
f 6307/6703 6308/6704 6303/6705 8337/8923
f 6303/6705 6304/6676 6305/6675 8337/8923
f 6305/6675 6306/6677 6307/6703 8337/8923
f 6315/6719 6316/6713 6309/6712 8338/8924
f 6309/6709 6310/6708 6311/6716 8338/8925
f 6311/6716 6312/6698 6313/6697 8338/8925
f 6313/6701 6314/6700 6315/6719 8338/8924
f 6323/6717 6324/6718 6317/6723 8339/8926
f 6317/6723 6318/6688 6319/6687 8339/8926
f 6319/6687 6320/6689 6321/6706 8339/8926
f 6321/6706 6322/6707 6323/6717 8339/8926
f 6331/6743 6332/6731 6325/6728 8340/8927
f 6325/6728 6326/6727 6327/6734 8340/8927
f 6327/6734 6328/6733 6329/6739 8340/8927
f 6329/6739 6330/6738 6331/6743 8340/8927
f 6339/6611 6340/6613 6333/6747 8341/8928
f 6333/6747 6334/6745 6335/6744 8341/8928
f 6335/6744 6336/6746 6337/6751 8341/8928
f 6337/6751 6338/6612 6339/6611 8341/8928
f 6347/6740 6348/6742 6341/6754 8342/8929
f 6341/6754 6342/6661 6343/6660 8342/8929
f 6343/6660 6344/6662 6345/6757 8342/8929
f 6345/6757 6346/6741 6347/6740 8342/8929
f 6353/6758 6354/6642 6349/6641 8343/8930
f 6349/6641 6350/6643 6351/6752 8343/8930
f 6351/6752 6352/6753 6353/6758 8343/8930
f 6361/6735 6362/6737 6355/6759 8344/8931
f 6355/6759 6356/6721 6357/6720 8344/8931
f 6357/6720 6358/6722 6359/6763 8344/8931
f 6359/6763 6360/6736 6361/6735 8344/8931
f 6367/6764 6368/6693 6363/6692 8345/8932
f 6363/6692 6364/6694 6365/6755 8345/8932
f 6365/6755 6366/6756 6367/6764 8345/8932
f 6375/6774 6376/6627 6369/6626 8346/8933
f 6369/6626 6370/6629 6371/6766 8346/8933
f 6371/6766 6372/6765 6373/6770 8346/8933
f 6373/6770 6374/6769 6375/6774 8346/8933
f 6381/6777 6382/6604 6377/6603 8347/8934
f 6377/6608 6378/6607 6379/6775 8347/8934
f 6379/6775 6380/6776 6381/6777 8347/8934
f 6387/6771 6388/6773 6383/6781 8348/8935
f 6383/6781 6384/6780 6385/6785 8348/8935
f 6385/6785 6386/6772 6387/6771 8348/8935
f 6395/6788 6396/6749 6389/6748 8349/8936
f 6389/6748 6390/6750 6391/6778 8349/8936
f 6391/6778 6392/6779 6393/6786 8349/8936
f 6393/6786 6394/6787 6395/6788 8349/8936
f 6401/6802 6402/6795 6397/6792 8350/8937
f 6397/6792 6398/6791 6399/6798 8350/8937
f 6399/6798 6400/6797 6401/6802 8350/8937
f 6409/6799 6410/6801 6403/6806 8351/8938
f 6403/6806 6404/6783 6405/6782 8351/8938
f 6405/6782 6406/6784 6407/6809 8351/8938
f 6407/6809 6408/6800 6409/6799 8351/8938
f 6417/6767 6418/6683 6411/6682 8352/8939
f 6411/6682 6412/6685 6413/6812 8352/8939
f 6413/6812 6414/6811 6415/6810 8352/8939
f 6415/6810 6416/6768 6417/6767 8352/8939
f 6425/6813 6426/6725 6419/6724 8353/8940
f 6419/6724 6420/6726 6421/6814 8353/8940
f 6421/6814 6422/6804 6423/6803 8353/8940
f 6423/6803 6424/6805 6425/6813 8353/8940
f 6433/6819 6434/6761 6427/6760 8354/8941
f 6427/6760 6428/6762 6429/6817 8354/8941
f 6429/6817 6430/6794 6431/6793 8354/8941
f 6431/6793 6432/6796 6433/6819 8354/8941
f 6439/6815 6440/6711 6435/6710 8355/8942
f 6435/6715 6436/6714 6437/6820 8355/8942
f 6437/6820 6438/6816 6439/6815 8355/8942
f 6447/6818 6448/6730 6441/6729 8356/8943
f 6441/6729 6442/6732 6443/6789 8356/8943
f 6443/6789 6444/6790 6445/6807 8356/8943
f 6445/6807 6446/6808 6447/6818 8356/8943
s 621
f 6455/6841 6456/6826 6449/6825 8357/8944
f 6449/6822 6450/6821 6451/6830 8357/8945
f 6451/6830 6452/6829 6453/6838 8357/8945
f 6453/6835 6454/6834 6455/6841 8357/8944
f 6463/6855 6464/6848 6457/6845 8358/8946
f 6457/6845 6458/6843 6459/6842 8358/8946
f 6459/6842 6460/6844 6461/6851 8358/8946
f 6461/6851 6462/6850 6463/6855 8358/8946
f 6471/6840 6472/6839 6465/6860 8359/8947
f 6465/6860 6466/6859 6467/6868 8359/8947
f 6467/6865 6468/6864 6469/6871 8359/8948
f 6469/6871 6470/6837 6471/6836 8359/8948
f 6477/6872 6478/6873 6473/6874 8360/8949
f 6473/6874 6474/6853 6475/6852 8360/8949
f 6475/6852 6476/6854 6477/6872 8360/8949
f 6485/6870 6486/6869 6479/6879 8361/8950
f 6479/6879 6480/6878 6481/6887 8361/8950
f 6481/6884 6482/6883 6483/6890 8361/8951
f 6483/6890 6484/6867 6485/6866 8361/8951
f 6493/6891 6494/6892 6487/6894 8362/8952
f 6487/6894 6488/6893 6489/6898 8362/8952
f 6489/6898 6490/6876 6491/6875 8362/8952
f 6491/6875 6492/6877 6493/6891 8362/8952
f 6501/6906 6502/6904 6495/6901 8363/8953
f 6495/6901 6496/6857 6497/6856 8363/8953
f 6497/6856 6498/6858 6499/6899 8363/8953
f 6499/6899 6500/6900 6501/6906 8363/8953
f 6509/6889 6510/6888 6503/6911 8364/8954
f 6503/6911 6504/6910 6505/6919 8364/8954
f 6505/6916 6506/6915 6507/6922 8364/8955
f 6507/6922 6508/6886 6509/6885 8364/8955
f 6515/6923 6516/6924 6511/6925 8365/8956
f 6511/6925 6512/6896 6513/6895 8365/8956
f 6513/6895 6514/6897 6515/6923 8365/8956
f 6523/6939 6524/6933 6517/6932 8366/8957
f 6517/6929 6518/6928 6519/6936 8366/8958
f 6519/6936 6520/6918 6521/6917 8366/8958
f 6521/6921 6522/6920 6523/6939 8366/8957
f 6531/6937 6532/6938 6525/6943 8367/8959
f 6525/6943 6526/6908 6527/6907 8367/8959
f 6527/6907 6528/6909 6529/6926 8367/8959
f 6529/6926 6530/6927 6531/6937 8367/8959
f 6539/6963 6540/6951 6533/6948 8368/8960
f 6533/6948 6534/6947 6535/6954 8368/8960
f 6535/6954 6536/6953 6537/6959 8368/8960
f 6537/6959 6538/6958 6539/6963 8368/8960
f 6547/6831 6548/6833 6541/6967 8369/8961
f 6541/6967 6542/6965 6543/6964 8369/8961
f 6543/6964 6544/6966 6545/6971 8369/8961
f 6545/6971 6546/6832 6547/6831 8369/8961
f 6555/6960 6556/6962 6549/6974 8370/8962
f 6549/6974 6550/6881 6551/6880 8370/8962
f 6551/6880 6552/6882 6553/6977 8370/8962
f 6553/6977 6554/6961 6555/6960 8370/8962
f 6561/6978 6562/6862 6557/6861 8371/8963
f 6557/6861 6558/6863 6559/6972 8371/8963
f 6559/6972 6560/6973 6561/6978 8371/8963
f 6569/6955 6570/6957 6563/6979 8372/8964
f 6563/6979 6564/6941 6565/6940 8372/8964
f 6565/6940 6566/6942 6567/6983 8372/8964
f 6567/6983 6568/6956 6569/6955 8372/8964
f 6575/6984 6576/6913 6571/6912 8373/8965
f 6571/6912 6572/6914 6573/6975 8373/8965
f 6573/6975 6574/6976 6575/6984 8373/8965
f 6583/6994 6584/6847 6577/6846 8374/8966
f 6577/6846 6578/6849 6579/6986 8374/8966
f 6579/6986 6580/6985 6581/6990 8374/8966
f 6581/6990 6582/6989 6583/6994 8374/8966
f 6589/6997 6590/6824 6585/6823 8375/8967
f 6585/6828 6586/6827 6587/6995 8375/8967
f 6587/6995 6588/6996 6589/6997 8375/8967
f 6595/6991 6596/6993 6591/7001 8376/8968
f 6591/7001 6592/7000 6593/7005 8376/8968
f 6593/7005 6594/6992 6595/6991 8376/8968
f 6603/7008 6604/6969 6597/6968 8377/8969
f 6597/6968 6598/6970 6599/6998 8377/8969
f 6599/6998 6600/6999 6601/7006 8377/8969
f 6601/7006 6602/7007 6603/7008 8377/8969
f 6609/7022 6610/7015 6605/7012 8378/8970
f 6605/7012 6606/7011 6607/7018 8378/8970
f 6607/7018 6608/7017 6609/7022 8378/8970
f 6617/7019 6618/7021 6611/7026 8379/8971
f 6611/7026 6612/7003 6613/7002 8379/8971
f 6613/7002 6614/7004 6615/7029 8379/8971
f 6615/7029 6616/7020 6617/7019 8379/8971
f 6625/6987 6626/6903 6619/6902 8380/8972
f 6619/6902 6620/6905 6621/7032 8380/8972
f 6621/7032 6622/7031 6623/7030 8380/8972
f 6623/7030 6624/6988 6625/6987 8380/8972
f 6633/7033 6634/6945 6627/6944 8381/8973
f 6627/6944 6628/6946 6629/7034 8381/8973
f 6629/7034 6630/7024 6631/7023 8381/8973
f 6631/7023 6632/7025 6633/7033 8381/8973
f 6641/7039 6642/6981 6635/6980 8382/8974
f 6635/6980 6636/6982 6637/7037 8382/8974
f 6637/7037 6638/7014 6639/7013 8382/8974
f 6639/7013 6640/7016 6641/7039 8382/8974
f 6647/7035 6648/6931 6643/6930 8383/8975
f 6643/6935 6644/6934 6645/7040 8383/8975
f 6645/7040 6646/7036 6647/7035 8383/8975
f 6655/7038 6656/6950 6649/6949 8384/8976
f 6649/6949 6650/6952 6651/7009 8384/8976
f 6651/7009 6652/7010 6653/7027 8384/8976
f 6653/7027 6654/7028 6655/7038 8384/8976
s 641
f 6663/7061 6664/7046 6657/7045 8385/8977
f 6657/7042 6658/7041 6659/7050 8385/8978
f 6659/7050 6660/7049 6661/7058 8385/8978
f 6661/7055 6662/7054 6663/7061 8385/8977
f 6671/7075 6672/7068 6665/7065 8386/8979
f 6665/7065 6666/7063 6667/7062 8386/8979
f 6667/7062 6668/7064 6669/7071 8386/8979
f 6669/7071 6670/7070 6671/7075 8386/8979
f 6679/7060 6680/7059 6673/7080 8387/8980
f 6673/7080 6674/7079 6675/7088 8387/8980
f 6675/7085 6676/7084 6677/7091 8387/8981
f 6677/7091 6678/7057 6679/7056 8387/8981
f 6685/7092 6686/7093 6681/7094 8388/8982
f 6681/7094 6682/7073 6683/7072 8388/8982
f 6683/7072 6684/7074 6685/7092 8388/8982
f 6693/7090 6694/7089 6687/7099 8389/8983
f 6687/7099 6688/7098 6689/7107 8389/8983
f 6689/7104 6690/7103 6691/7110 8389/8984
f 6691/7110 6692/7087 6693/7086 8389/8984
f 6701/7111 6702/7112 6695/7114 8390/8985
f 6695/7114 6696/7113 6697/7118 8390/8985
f 6697/7118 6698/7096 6699/7095 8390/8985
f 6699/7095 6700/7097 6701/7111 8390/8985
f 6709/7126 6710/7124 6703/7121 8391/8986
f 6703/7121 6704/7077 6705/7076 8391/8986
f 6705/7076 6706/7078 6707/7119 8391/8986
f 6707/7119 6708/7120 6709/7126 8391/8986
f 6717/7109 6718/7108 6711/7131 8392/8987
f 6711/7131 6712/7130 6713/7139 8392/8987
f 6713/7136 6714/7135 6715/7142 8392/8988
f 6715/7142 6716/7106 6717/7105 8392/8988
f 6723/7143 6724/7144 6719/7145 8393/8989
f 6719/7145 6720/7116 6721/7115 8393/8989
f 6721/7115 6722/7117 6723/7143 8393/8989
f 6731/7159 6732/7153 6725/7152 8394/8990
f 6725/7149 6726/7148 6727/7156 8394/8991
f 6727/7156 6728/7138 6729/7137 8394/8991
f 6729/7141 6730/7140 6731/7159 8394/8990
f 6739/7157 6740/7158 6733/7163 8395/8992
f 6733/7163 6734/7128 6735/7127 8395/8992
f 6735/7127 6736/7129 6737/7146 8395/8992
f 6737/7146 6738/7147 6739/7157 8395/8992
f 6747/7183 6748/7171 6741/7168 8396/8993
f 6741/7168 6742/7167 6743/7174 8396/8993
f 6743/7174 6744/7173 6745/7179 8396/8993
f 6745/7179 6746/7178 6747/7183 8396/8993
f 6755/7051 6756/7053 6749/7187 8397/8994
f 6749/7187 6750/7185 6751/7184 8397/8994
f 6751/7184 6752/7186 6753/7191 8397/8994
f 6753/7191 6754/7052 6755/7051 8397/8994
f 6763/7180 6764/7182 6757/7194 8398/8995
f 6757/7194 6758/7101 6759/7100 8398/8995
f 6759/7100 6760/7102 6761/7197 8398/8995
f 6761/7197 6762/7181 6763/7180 8398/8995
f 6769/7198 6770/7082 6765/7081 8399/8996
f 6765/7081 6766/7083 6767/7192 8399/8996
f 6767/7192 6768/7193 6769/7198 8399/8996
f 6777/7175 6778/7177 6771/7199 8400/8997
f 6771/7199 6772/7161 6773/7160 8400/8997
f 6773/7160 6774/7162 6775/7203 8400/8997
f 6775/7203 6776/7176 6777/7175 8400/8997
f 6783/7204 6784/7133 6779/7132 8401/8998
f 6779/7132 6780/7134 6781/7195 8401/8998
f 6781/7195 6782/7196 6783/7204 8401/8998
f 6791/7214 6792/7067 6785/7066 8402/8999
f 6785/7066 6786/7069 6787/7206 8402/8999
f 6787/7206 6788/7205 6789/7210 8402/8999
f 6789/7210 6790/7209 6791/7214 8402/8999
f 6797/7217 6798/7044 6793/7043 8403/9000
f 6793/7048 6794/7047 6795/7215 8403/9000
f 6795/7215 6796/7216 6797/7217 8403/9000
f 6803/7211 6804/7213 6799/7221 8404/9001
f 6799/7221 6800/7220 6801/7225 8404/9001
f 6801/7225 6802/7212 6803/7211 8404/9001
f 6811/7228 6812/7189 6805/7188 8405/9002
f 6805/7188 6806/7190 6807/7218 8405/9002
f 6807/7218 6808/7219 6809/7226 8405/9002
f 6809/7226 6810/7227 6811/7228 8405/9002
f 6817/7242 6818/7235 6813/7232 8406/9003
f 6813/7232 6814/7231 6815/7238 8406/9003
f 6815/7238 6816/7237 6817/7242 8406/9003
f 6825/7239 6826/7241 6819/7246 8407/9004
f 6819/7246 6820/7223 6821/7222 8407/9004
f 6821/7222 6822/7224 6823/7249 8407/9004
f 6823/7249 6824/7240 6825/7239 8407/9004
f 6833/7207 6834/7123 6827/7122 8408/9005
f 6827/7122 6828/7125 6829/7252 8408/9005
f 6829/7252 6830/7251 6831/7250 8408/9005
f 6831/7250 6832/7208 6833/7207 8408/9005
f 6841/7253 6842/7165 6835/7164 8409/9006
f 6835/7164 6836/7166 6837/7254 8409/9006
f 6837/7254 6838/7244 6839/7243 8409/9006
f 6839/7243 6840/7245 6841/7253 8409/9006
f 6849/7259 6850/7201 6843/7200 8410/9007
f 6843/7200 6844/7202 6845/7257 8410/9007
f 6845/7257 6846/7234 6847/7233 8410/9007
f 6847/7233 6848/7236 6849/7259 8410/9007
f 6855/7255 6856/7151 6851/7150 8411/9008
f 6851/7155 6852/7154 6853/7260 8411/9008
f 6853/7260 6854/7256 6855/7255 8411/9008
f 6863/7258 6864/7170 6857/7169 8412/9009
f 6857/7169 6858/7172 6859/7229 8412/9009
f 6859/7229 6860/7230 6861/7247 8412/9009
f 6861/7247 6862/7248 6863/7258 8412/9009
s 661
f 6871/7281 6872/7266 6865/7265 8413/9010
f 6865/7262 6866/7261 6867/7270 8413/9011
f 6867/7270 6868/7269 6869/7278 8413/9011
f 6869/7275 6870/7274 6871/7281 8413/9010
f 6879/7295 6880/7288 6873/7285 8414/9012
f 6873/7285 6874/7283 6875/7282 8414/9012
f 6875/7282 6876/7284 6877/7291 8414/9012
f 6877/7291 6878/7290 6879/7295 8414/9012
f 6887/7280 6888/7279 6881/7300 8415/9013
f 6881/7300 6882/7299 6883/7308 8415/9013
f 6883/7305 6884/7304 6885/7311 8415/9014
f 6885/7311 6886/7277 6887/7276 8415/9014
f 6893/7312 6894/7313 6889/7314 8416/9015
f 6889/7314 6890/7293 6891/7292 8416/9015
f 6891/7292 6892/7294 6893/7312 8416/9015
f 6901/7310 6902/7309 6895/7319 8417/9016
f 6895/7319 6896/7318 6897/7327 8417/9016
f 6897/7324 6898/7323 6899/7330 8417/9017
f 6899/7330 6900/7307 6901/7306 8417/9017
f 6909/7331 6910/7332 6903/7334 8418/9018
f 6903/7334 6904/7333 6905/7338 8418/9018
f 6905/7338 6906/7316 6907/7315 8418/9018
f 6907/7315 6908/7317 6909/7331 8418/9018
f 6917/7346 6918/7344 6911/7341 8419/9019
f 6911/7341 6912/7297 6913/7296 8419/9019
f 6913/7296 6914/7298 6915/7339 8419/9019
f 6915/7339 6916/7340 6917/7346 8419/9019
f 6925/7329 6926/7328 6919/7351 8420/9020
f 6919/7351 6920/7350 6921/7359 8420/9020
f 6921/7356 6922/7355 6923/7362 8420/9021
f 6923/7362 6924/7326 6925/7325 8420/9021
f 6931/7363 6932/7364 6927/7365 8421/9022
f 6927/7365 6928/7336 6929/7335 8421/9022
f 6929/7335 6930/7337 6931/7363 8421/9022
f 6939/7379 6940/7373 6933/7372 8422/9023
f 6933/7369 6934/7368 6935/7376 8422/9024
f 6935/7376 6936/7358 6937/7357 8422/9024
f 6937/7361 6938/7360 6939/7379 8422/9023
f 6947/7377 6948/7378 6941/7383 8423/9025
f 6941/7383 6942/7348 6943/7347 8423/9025
f 6943/7347 6944/7349 6945/7366 8423/9025
f 6945/7366 6946/7367 6947/7377 8423/9025
f 6955/7403 6956/7391 6949/7388 8424/9026
f 6949/7388 6950/7387 6951/7394 8424/9026
f 6951/7394 6952/7393 6953/7399 8424/9026
f 6953/7399 6954/7398 6955/7403 8424/9026
f 6963/7271 6964/7273 6957/7407 8425/9027
f 6957/7407 6958/7405 6959/7404 8425/9027
f 6959/7404 6960/7406 6961/7411 8425/9027
f 6961/7411 6962/7272 6963/7271 8425/9027
f 6971/7400 6972/7402 6965/7414 8426/9028
f 6965/7414 6966/7321 6967/7320 8426/9028
f 6967/7320 6968/7322 6969/7417 8426/9028
f 6969/7417 6970/7401 6971/7400 8426/9028
f 6977/7418 6978/7302 6973/7301 8427/9029
f 6973/7301 6974/7303 6975/7412 8427/9029
f 6975/7412 6976/7413 6977/7418 8427/9029
f 6985/7395 6986/7397 6979/7419 8428/9030
f 6979/7419 6980/7381 6981/7380 8428/9030
f 6981/7380 6982/7382 6983/7423 8428/9030
f 6983/7423 6984/7396 6985/7395 8428/9030
f 6991/7424 6992/7353 6987/7352 8429/9031
f 6987/7352 6988/7354 6989/7415 8429/9031
f 6989/7415 6990/7416 6991/7424 8429/9031
f 6999/7434 7000/7287 6993/7286 8430/9032
f 6993/7286 6994/7289 6995/7426 8430/9032
f 6995/7426 6996/7425 6997/7430 8430/9032
f 6997/7430 6998/7429 6999/7434 8430/9032
f 7005/7437 7006/7264 7001/7263 8431/9033
f 7001/7268 7002/7267 7003/7435 8431/9033
f 7003/7435 7004/7436 7005/7437 8431/9033
f 7011/7431 7012/7433 7007/7441 8432/9034
f 7007/7441 7008/7440 7009/7445 8432/9034
f 7009/7445 7010/7432 7011/7431 8432/9034
f 7019/7448 7020/7409 7013/7408 8433/9035
f 7013/7408 7014/7410 7015/7438 8433/9035
f 7015/7438 7016/7439 7017/7446 8433/9035
f 7017/7446 7018/7447 7019/7448 8433/9035
f 7025/7462 7026/7455 7021/7452 8434/9036
f 7021/7452 7022/7451 7023/7458 8434/9036
f 7023/7458 7024/7457 7025/7462 8434/9036
f 7033/7459 7034/7461 7027/7466 8435/9037
f 7027/7466 7028/7443 7029/7442 8435/9037
f 7029/7442 7030/7444 7031/7469 8435/9037
f 7031/7469 7032/7460 7033/7459 8435/9037
f 7041/7427 7042/7343 7035/7342 8436/9038
f 7035/7342 7036/7345 7037/7472 8436/9038
f 7037/7472 7038/7471 7039/7470 8436/9038
f 7039/7470 7040/7428 7041/7427 8436/9038
f 7049/7473 7050/7385 7043/7384 8437/9039
f 7043/7384 7044/7386 7045/7474 8437/9039
f 7045/7474 7046/7464 7047/7463 8437/9039
f 7047/7463 7048/7465 7049/7473 8437/9039
f 7057/7479 7058/7421 7051/7420 8438/9040
f 7051/7420 7052/7422 7053/7477 8438/9040
f 7053/7477 7054/7454 7055/7453 8438/9040
f 7055/7453 7056/7456 7057/7479 8438/9040
f 7063/7475 7064/7371 7059/7370 8439/9041
f 7059/7375 7060/7374 7061/7480 8439/9041
f 7061/7480 7062/7476 7063/7475 8439/9041
f 7071/7478 7072/7390 7065/7389 8440/9042
f 7065/7389 7066/7392 7067/7449 8440/9042
f 7067/7449 7068/7450 7069/7467 8440/9042
f 7069/7467 7070/7468 7071/7478 8440/9042
s 681
f 7079/7501 7080/7486 7073/7485 8441/9043
f 7073/7482 7074/7481 7075/7490 8441/9044
f 7075/7490 7076/7489 7077/7498 8441/9044
f 7077/7495 7078/7494 7079/7501 8441/9043
f 7087/7515 7088/7508 7081/7505 8442/9045
f 7081/7505 7082/7503 7083/7502 8442/9045
f 7083/7502 7084/7504 7085/7511 8442/9045
f 7085/7511 7086/7510 7087/7515 8442/9045
f 7095/7500 7096/7499 7089/7520 8443/9046
f 7089/7520 7090/7519 7091/7528 8443/9046
f 7091/7525 7092/7524 7093/7531 8443/9047
f 7093/7531 7094/7497 7095/7496 8443/9047
f 7101/7532 7102/7533 7097/7534 8444/9048
f 7097/7534 7098/7513 7099/7512 8444/9048
f 7099/7512 7100/7514 7101/7532 8444/9048
f 7109/7530 7110/7529 7103/7539 8445/9049
f 7103/7539 7104/7538 7105/7547 8445/9049
f 7105/7544 7106/7543 7107/7550 8445/9050
f 7107/7550 7108/7527 7109/7526 8445/9050
f 7117/7551 7118/7552 7111/7554 8446/9051
f 7111/7554 7112/7553 7113/7558 8446/9051
f 7113/7558 7114/7536 7115/7535 8446/9051
f 7115/7535 7116/7537 7117/7551 8446/9051
f 7125/7566 7126/7564 7119/7561 8447/9052
f 7119/7561 7120/7517 7121/7516 8447/9052
f 7121/7516 7122/7518 7123/7559 8447/9052
f 7123/7559 7124/7560 7125/7566 8447/9052
f 7133/7549 7134/7548 7127/7571 8448/9053
f 7127/7571 7128/7570 7129/7579 8448/9053
f 7129/7576 7130/7575 7131/7582 8448/9054
f 7131/7582 7132/7546 7133/7545 8448/9054
f 7139/7583 7140/7584 7135/7585 8449/9055
f 7135/7585 7136/7556 7137/7555 8449/9055
f 7137/7555 7138/7557 7139/7583 8449/9055
f 7147/7599 7148/7593 7141/7592 8450/9056
f 7141/7589 7142/7588 7143/7596 8450/9057
f 7143/7596 7144/7578 7145/7577 8450/9057
f 7145/7581 7146/7580 7147/7599 8450/9056
f 7155/7597 7156/7598 7149/7603 8451/9058
f 7149/7603 7150/7568 7151/7567 8451/9058
f 7151/7567 7152/7569 7153/7586 8451/9058
f 7153/7586 7154/7587 7155/7597 8451/9058
f 7163/7623 7164/7611 7157/7608 8452/9059
f 7157/7608 7158/7607 7159/7614 8452/9059
f 7159/7614 7160/7613 7161/7619 8452/9059
f 7161/7619 7162/7618 7163/7623 8452/9059
f 7171/7491 7172/7493 7165/7627 8453/9060
f 7165/7627 7166/7625 7167/7624 8453/9060
f 7167/7624 7168/7626 7169/7631 8453/9060
f 7169/7631 7170/7492 7171/7491 8453/9060
f 7179/7620 7180/7622 7173/7634 8454/9061
f 7173/7634 7174/7541 7175/7540 8454/9061
f 7175/7540 7176/7542 7177/7637 8454/9061
f 7177/7637 7178/7621 7179/7620 8454/9061
f 7185/7638 7186/7522 7181/7521 8455/9062
f 7181/7521 7182/7523 7183/7632 8455/9062
f 7183/7632 7184/7633 7185/7638 8455/9062
f 7193/7615 7194/7617 7187/7639 8456/9063
f 7187/7639 7188/7601 7189/7600 8456/9063
f 7189/7600 7190/7602 7191/7643 8456/9063
f 7191/7643 7192/7616 7193/7615 8456/9063
f 7199/7644 7200/7573 7195/7572 8457/9064
f 7195/7572 7196/7574 7197/7635 8457/9064
f 7197/7635 7198/7636 7199/7644 8457/9064
f 7207/7654 7208/7507 7201/7506 8458/9065
f 7201/7506 7202/7509 7203/7646 8458/9065
f 7203/7646 7204/7645 7205/7650 8458/9065
f 7205/7650 7206/7649 7207/7654 8458/9065
f 7213/7657 7214/7484 7209/7483 8459/9066
f 7209/7488 7210/7487 7211/7655 8459/9066
f 7211/7655 7212/7656 7213/7657 8459/9066
f 7219/7651 7220/7653 7215/7661 8460/9067
f 7215/7661 7216/7660 7217/7665 8460/9067
f 7217/7665 7218/7652 7219/7651 8460/9067
f 7227/7668 7228/7629 7221/7628 8461/9068
f 7221/7628 7222/7630 7223/7658 8461/9068
f 7223/7658 7224/7659 7225/7666 8461/9068
f 7225/7666 7226/7667 7227/7668 8461/9068
f 7233/7682 7234/7675 7229/7672 8462/9069
f 7229/7672 7230/7671 7231/7678 8462/9069
f 7231/7678 7232/7677 7233/7682 8462/9069
f 7241/7679 7242/7681 7235/7686 8463/9070
f 7235/7686 7236/7663 7237/7662 8463/9070
f 7237/7662 7238/7664 7239/7689 8463/9070
f 7239/7689 7240/7680 7241/7679 8463/9070
f 7249/7647 7250/7563 7243/7562 8464/9071
f 7243/7562 7244/7565 7245/7692 8464/9071
f 7245/7692 7246/7691 7247/7690 8464/9071
f 7247/7690 7248/7648 7249/7647 8464/9071
f 7257/7693 7258/7605 7251/7604 8465/9072
f 7251/7604 7252/7606 7253/7694 8465/9072
f 7253/7694 7254/7684 7255/7683 8465/9072
f 7255/7683 7256/7685 7257/7693 8465/9072
f 7265/7699 7266/7641 7259/7640 8466/9073
f 7259/7640 7260/7642 7261/7697 8466/9073
f 7261/7697 7262/7674 7263/7673 8466/9073
f 7263/7673 7264/7676 7265/7699 8466/9073
f 7271/7695 7272/7591 7267/7590 8467/9074
f 7267/7595 7268/7594 7269/7700 8467/9074
f 7269/7700 7270/7696 7271/7695 8467/9074
f 7279/7698 7280/7610 7273/7609 8468/9075
f 7273/7609 7274/7612 7275/7669 8468/9075
f 7275/7669 7276/7670 7277/7687 8468/9075
f 7277/7687 7278/7688 7279/7698 8468/9075
s 701
f 7287/7721 7288/7706 7281/7705 8469/9076
f 7281/7702 7282/7701 7283/7710 8469/9077
f 7283/7710 7284/7709 7285/7718 8469/9077
f 7285/7715 7286/7714 7287/7721 8469/9076
f 7295/7735 7296/7728 7289/7725 8470/9078
f 7289/7725 7290/7723 7291/7722 8470/9078
f 7291/7722 7292/7724 7293/7731 8470/9078
f 7293/7731 7294/7730 7295/7735 8470/9078
f 7303/7720 7304/7719 7297/7740 8471/9079
f 7297/7740 7298/7739 7299/7748 8471/9079
f 7299/7745 7300/7744 7301/7751 8471/9080
f 7301/7751 7302/7717 7303/7716 8471/9080
f 7309/7752 7310/7753 7305/7754 8472/9081
f 7305/7754 7306/7733 7307/7732 8472/9081
f 7307/7732 7308/7734 7309/7752 8472/9081
f 7317/7750 7318/7749 7311/7759 8473/9082
f 7311/7759 7312/7758 7313/7767 8473/9082
f 7313/7764 7314/7763 7315/7770 8473/9083
f 7315/7770 7316/7747 7317/7746 8473/9083
f 7325/7771 7326/7772 7319/7774 8474/9084
f 7319/7774 7320/7773 7321/7778 8474/9084
f 7321/7778 7322/7756 7323/7755 8474/9084
f 7323/7755 7324/7757 7325/7771 8474/9084
f 7333/7786 7334/7784 7327/7781 8475/9085
f 7327/7781 7328/7737 7329/7736 8475/9085
f 7329/7736 7330/7738 7331/7779 8475/9085
f 7331/7779 7332/7780 7333/7786 8475/9085
f 7341/7769 7342/7768 7335/7791 8476/9086
f 7335/7791 7336/7790 7337/7799 8476/9086
f 7337/7796 7338/7795 7339/7802 8476/9087
f 7339/7802 7340/7766 7341/7765 8476/9087
f 7347/7803 7348/7804 7343/7805 8477/9088
f 7343/7805 7344/7776 7345/7775 8477/9088
f 7345/7775 7346/7777 7347/7803 8477/9088
f 7355/7819 7356/7813 7349/7812 8478/9089
f 7349/7809 7350/7808 7351/7816 8478/9090
f 7351/7816 7352/7798 7353/7797 8478/9090
f 7353/7801 7354/7800 7355/7819 8478/9089
f 7363/7817 7364/7818 7357/7823 8479/9091
f 7357/7823 7358/7788 7359/7787 8479/9091
f 7359/7787 7360/7789 7361/7806 8479/9091
f 7361/7806 7362/7807 7363/7817 8479/9091
f 7371/7843 7372/7831 7365/7828 8480/9092
f 7365/7828 7366/7827 7367/7834 8480/9092
f 7367/7834 7368/7833 7369/7839 8480/9092
f 7369/7839 7370/7838 7371/7843 8480/9092
f 7379/7711 7380/7713 7373/7847 8481/9093
f 7373/7847 7374/7845 7375/7844 8481/9093
f 7375/7844 7376/7846 7377/7851 8481/9093
f 7377/7851 7378/7712 7379/7711 8481/9093
f 7387/7840 7388/7842 7381/7854 8482/9094
f 7381/7854 7382/7761 7383/7760 8482/9094
f 7383/7760 7384/7762 7385/7857 8482/9094
f 7385/7857 7386/7841 7387/7840 8482/9094
f 7393/7858 7394/7742 7389/7741 8483/9095
f 7389/7741 7390/7743 7391/7852 8483/9095
f 7391/7852 7392/7853 7393/7858 8483/9095
f 7401/7835 7402/7837 7395/7859 8484/9096
f 7395/7859 7396/7821 7397/7820 8484/9096
f 7397/7820 7398/7822 7399/7863 8484/9096
f 7399/7863 7400/7836 7401/7835 8484/9096
f 7407/7864 7408/7793 7403/7792 8485/9097
f 7403/7792 7404/7794 7405/7855 8485/9097
f 7405/7855 7406/7856 7407/7864 8485/9097
f 7415/7874 7416/7727 7409/7726 8486/9098
f 7409/7726 7410/7729 7411/7866 8486/9098
f 7411/7866 7412/7865 7413/7870 8486/9098
f 7413/7870 7414/7869 7415/7874 8486/9098
f 7421/7877 7422/7704 7417/7703 8487/9099
f 7417/7708 7418/7707 7419/7875 8487/9099
f 7419/7875 7420/7876 7421/7877 8487/9099
f 7427/7871 7428/7873 7423/7881 8488/9100
f 7423/7881 7424/7880 7425/7885 8488/9100
f 7425/7885 7426/7872 7427/7871 8488/9100
f 7435/7888 7436/7849 7429/7848 8489/9101
f 7429/7848 7430/7850 7431/7878 8489/9101
f 7431/7878 7432/7879 7433/7886 8489/9101
f 7433/7886 7434/7887 7435/7888 8489/9101
f 7441/7902 7442/7895 7437/7892 8490/9102
f 7437/7892 7438/7891 7439/7898 8490/9102
f 7439/7898 7440/7897 7441/7902 8490/9102
f 7449/7899 7450/7901 7443/7906 8491/9103
f 7443/7906 7444/7883 7445/7882 8491/9103
f 7445/7882 7446/7884 7447/7909 8491/9103
f 7447/7909 7448/7900 7449/7899 8491/9103
f 7457/7867 7458/7783 7451/7782 8492/9104
f 7451/7782 7452/7785 7453/7912 8492/9104
f 7453/7912 7454/7911 7455/7910 8492/9104
f 7455/7910 7456/7868 7457/7867 8492/9104
f 7465/7913 7466/7825 7459/7824 8493/9105
f 7459/7824 7460/7826 7461/7914 8493/9105
f 7461/7914 7462/7904 7463/7903 8493/9105
f 7463/7903 7464/7905 7465/7913 8493/9105
f 7473/7919 7474/7861 7467/7860 8494/9106
f 7467/7860 7468/7862 7469/7917 8494/9106
f 7469/7917 7470/7894 7471/7893 8494/9106
f 7471/7893 7472/7896 7473/7919 8494/9106
f 7479/7915 7480/7811 7475/7810 8495/9107
f 7475/7815 7476/7814 7477/7920 8495/9107
f 7477/7920 7478/7916 7479/7915 8495/9107
f 7487/7918 7488/7830 7481/7829 8496/9108
f 7481/7829 7482/7832 7483/7889 8496/9108
f 7483/7889 7484/7890 7485/7907 8496/9108
f 7485/7907 7486/7908 7487/7918 8496/9108
